instance,family,method,success,executed_makespan,weighted_soc,weighted_work_scaled,loaded_moves,free_moves,lift_drop,shelf_switches,robot_utilization,first_solution_ms,first_solution_makespan,first_solution_soc,first_solution_work_scaled,best_makespan,best_soc,best_work_scaled,improvement_attempts,improvement_candidates,improvement_improvements,improvement_generator_failures,reference_checkpoint_hits,reference_action_hints,reference_suffix_attempts,reference_suffix_accepted,improvement_exit_reason,reversals,assignment_restarts,assignment_second_solved,assignment_improvements,assignment_second_solution_ms,assignment_first_soc,assignment_second_soc,assignment_first_makespan,assignment_second_makespan,upper_epoch_builds,pair_cache_hits,pair_cache_misses,pair_rollout_steps,pair_rollout_truncations,pair_rollout_stalls,tau_guide_changes_on_upper_move,joint_task_nodes,joint_task_edges,joint_shared_effects,joint_effect_conflicts,joint_candidate_backtracks,joint_paused_roots,vacancy_potential_builds,vacancy_potential_time_ms,vacancy_potential_unreachable_cells,clearance_first_choice_fallbacks,guidance_version,epoch_first_transfer_comparisons,epoch_first_transfer_flips,epoch_chain_overlap_samples,epoch_chain_overlap_intersection,epoch_chain_overlap_union,epoch_chain_overlap_pct,upper_epoch_cache_evictions,ready_task_count,rho_repairs,rho_match_calls_execute,rho_match_calls_prepare,rho_candidates_input,rho_candidates_after_claims,rho_candidates_after_key_dedupe,rho_candidates_after_shelf_preselect,rho_candidates_after_priority,rho_invalid_filtered,rho_duplicate_key_filtered,rho_same_shelf_filtered,rho_upstream_claim_filtered,rho_mode_ineligible_filtered,rho_no_reachable_robot_filtered,rho_priority_filtered,rho_matrix_rows_total,rho_matrix_cols_total,rho_matrix_max_rows,rho_objective_version,rho_candidate_time_ms,rho_matrix_time_ms,rho_bottleneck_time_ms,rho_secondary_full_time_ms,rho_canonical_time_ms,rho_column_identity_same,rho_column_value_same,rho_mode_or_conflict_same,rho_changed_rows_0,rho_changed_rows_1,rho_changed_rows_2,rho_changed_rows_gt2,rho_assignment_changes,custody_continuations,zero_empty_no_ready,rewire_guidance_rebuilds,tau_time_ms,guidance_time_ms,timed_transport_expansions,timed_transport_frames,timed_transport_time_ms,owner_handoffs,causal_waiting,traffic_waiting,brd_tau_ms,brd_upper_ms,brd_upper_nodes,brd_upper_constraints,brd_upper_steps,brd_upper_transfers,brd_vacancy_potential_builds,brd_vacancy_potential_time_ms,brd_vacancy_potential_unreachable_cells,brd_selected_clearance_pushes,brd_selected_clearance_loaded_steps,brd_clearance_first_choice_fallbacks,brd_guidance_version,brd_task_compile_ms,brd_waves,brd_tasks,brd_max_wave_width,brd_target_tasks,brd_anon_tasks,brd_match_calls,brd_match_ms,brd_match_max_cardinality_ms,brd_match_max_cardinality_cutoffs,brd_match_max_rows,brd_match_rows_without_finite_real_edge,brd_match_maximum_real_cardinality,brd_match_real_assignments,brd_match_hall_deficient_calls,brd_dispatch_epochs,brd_completion_events,brd_tasks_completed_per_event,brd_locked_carriers_max,brd_provisional_reassignments,brd_segments,brd_segment_ms,brd_segment_nodes,brd_segment_failures,brd_cleanup_ms,brd_replay_ms,brd_raw_ticks,brd_raw_work_scaled,brd_goal_prefix_removed,brd_incidental_goal_prefix_ms,brd_raw_plan_valid,brd_exit_reason,deliverable_ms,solver_runtime_ms,plan_sha256,runtime_sec,status,raw
brap_h10w10_a12_e3_B_seed0_pool,g10x10,carrier,1,161,351.0,351000000,43,186,84,12,0.1335,132,171,379,379000000,161,351,351000000,1,0,0,9552,443,528,0,0,SEARCH_CUTOFF,26,1,0,0,-1,351,-1,161,-1,226,4061,226,4296,0,0,0,3154,2658,234,47754,21585,8,1501,16.4909,6004,30736,TASKBR_VACANCY_V1,8515,4352,8515,26812,37037,72.3925,0,80977,35447,41644,41644,130709,128485,68284,68284,68284,0,0,0,9,0,0,0,68284,68406,3,BOTTLENECK_TARGET_FRONTIER_CONTINUITY_V2,116.075,19.7402,50.5312,15.3071,26.7287,17340,449,19733,0,5105,36537,0,35447,3757,0,11382,0,2932.67,188572,56164,674,8811,0,0,,,,,,,,,,,,,,,,,,,,,,,,,,,,,,,,,,,,,,,,,,,,,,9022.55,9022.6,693d15dc813399c3b2cffec11699b29ce1a78cdd6e4eddbe84e77c73c0f58e47,9.055,ok,
brap_h10w10_a12_e3_B_seed1_pool,g10x10,carrier,1,691,1562.0,1562000000,237,698,432,152,0.1715,708,739,1690,1690000000,691,1562,1562000000,1,0,0,5005,1,3,0,0,SEARCH_CUTOFF,81,1,0,0,-1,1562,-1,691,-1,549,3786,549,53467,0,0,10,25855,24229,14844,468428,199591,322,13992,131.666,55968,233554,TASKBR_VACANCY_V1,32072,25938,32072,186940,683494,27.3506,76,73563,23761,25250,25250,106445,105002,61431,61431,61431,0,0,0,271,0,0,0,61431,61437,3,BOTTLENECK_TARGET_FRONTIER_CONTINUITY_V2,129.495,33.5795,77.0526,17.115,35.4797,9179,543,11427,0,2494,22754,0,23761,2641,0,5920,0,5025.3,110412,33236,1927.4,5057,0,5,,,,,,,,,,,,,,,,,,,,,,,,,,,,,,,,,,,,,,,,,,,,,,8844.45,8844.53,3811759de4f1aff41b353216556164ed9e3928ea8fb82d85edd30d9714bac8eb,8.872,ok,
brap_h10w10_a12_e3_R1_seed0,g10x10,carrier,1,541,1208.0,1208000000,189,550,332,102,0.1747,356,577,1290,1290000000,541,1208,1208000000,1,0,0,7897,83,249,0,0,SEARCH_CUTOFF,65,0,0,0,-1,-1,-1,-1,-1,405,3480,405,16092,0,0,0,12081,11023,5477,244233,98558,50,7715,70.6372,30860,133753,TASKBR_VACANCY_V1,11618,7194,11618,39114,94214,41.5161,0,73817,31501,38296,38296,116035,113515,63879,63879,63879,0,0,0,137,0,0,0,63879,64871,3,BOTTLENECK_TARGET_FRONTIER_CONTINUITY_V2,115.359,22.6146,53.8192,16.0271,22.5423,16352,463,18131,0,4622,33672,0,31501,3636,0,9298,0,3496.41,176417,53223,851.758,7661,150,0,,,,,,,,,,,,,,,,,,,,,,,,,,,,,,,,,,,,,,,,,,,,,,8969.46,8969.53,c29d9ca19208072641928f82b9ef95d6d6bc1e6dba2b6c72c4e244ab3caed264,8.996,ok,
brap_h10w10_a12_e3_R1_seed1,g10x10,carrier,1,875,1944.0,1944000000,297,924,496,177,0.1697,781,1095,2482,2482000000,875,1944,1944000000,1,1,1,7,47,141,0,0,STRICT_IMPROVEMENT,137,0,0,0,-1,-1,-1,-1,-1,649,161,649,43577,0,0,0,27462,25608,11439,584774,245334,210,18771,183.139,75084,307353,TASKBR_VACANCY_V1,4599,3757,4599,16220,87751,18.4841,137,5848,1984,2298,2298,9534,9246,5027,5027,5027,0,0,0,85,0,0,0,5027,5037,3,BOTTLENECK_TARGET_FRONTIER_CONTINUITY_V2,12.8276,2.79498,6.79194,1.41254,3.69462,729,114,1037,0,49,2247,0,1984,907,0,0,0,1302.51,14513,3878,160.96,199,2,11,,,,,,,,,,,,,,,,,,,,,,,,,,,,,,,,,,,,,,,,,,,,,,1494.13,1494.22,992ef272427f0a913d51d214f71377407cd5162d647ac370859f8aa0f853215f,1.508,ok,
brap_h10w10_a12_e8_B_seed0_pool,g10x10,carrier,1,400,856.0,856000000,95,510,186,48,0.1187,1236,1588,3146,3146000000,400,856,856000000,1,1,1,0,1,3,0,0,STRICT_IMPROVEMENT,143,1,1,1,1416,1118,856,558,400,256,473,256,175282,0,0,5,3345,2155,390,33481,11205,0,24765,139.871,99060,64691,TASKBR_VACANCY_V1,4628,1386,4628,9201,14220,64.7046,0,14832,3216,3101,3101,19710,19160,13804,13804,13804,0,0,0,3,0,0,0,13804,13812,7,BOTTLENECK_TARGET_FRONTIER_CONTINUITY_V2,28.6001,3.90954,20.4474,4.90686,14.4569,1388,50,1487,0,178,2921,0,3216,749,0,0,0,1271.38,21087,5437,90.9362,132,0,33,,,,,,,,,,,,,,,,,,,,,,,,,,,,,,,,,,,,,,,,,,,,,,1440.23,1440.39,4b4a21ed27c6ceeddbdf700e3cdd43ea5f91fdee77e4532e3ae69202e5bb1d38,1.452,ok,
brap_h10w10_a12_e8_B_seed1_pool,g10x10,carrier,1,407,810.0,810000000,90,478,174,41,0.1106,1007,1290,2648,2648000000,407,810,810000000,1,0,0,5677,2,6,0,0,SEARCH_CUTOFF,69,1,0,0,-1,810,-1,407,-1,280,3965,280,47964,0,0,5,3459,2146,158,22067,10304,0,11706,66.2121,46824,30938,TASKBR_VACANCY_V1,17556,3953,17556,37985,47090,80.6647,0,164282,35859,39709,39709,207636,205472,143510,143510,143510,0,0,0,8,0,0,0,143510,143515,7,BOTTLENECK_TARGET_FRONTIER_CONTINUITY_V2,236.701,32.9126,164.676,40.629,90.7696,17769,396,20181,0,4713,34994,0,35859,770,0,8759,0,3875.63,179334,53251,788.612,8402,0,0,,,,,,,,,,,,,,,,,,,,,,,,,,,,,,,,,,,,,,,,,,,,,,8986.23,8986.31,ab1df7a9dea25114d1047265d80d98359a745b74e72f4e11b0ab093e563bad93,9.019,ok,
brap_h10w10_a12_e8_R1_seed0,g10x10,carrier,1,1099,2360.0,2360000000,297,1294,568,209,0.1351,786,1869,4058,4058000000,1099,2360,2360000000,1,1,1,15,28,84,0,0,STRICT_IMPROVEMENT,206,0,0,0,-1,-1,-1,-1,-1,636,264,636,75924,0,0,0,10637,7847,2718,163397,53202,0,40815,255.487,163260,106734,TASKBR_VACANCY_V1,5617,2387,5617,10508,28575,36.7734,124,16751,3503,3682,3682,22533,22184,15722,15722,15722,0,0,0,38,0,0,0,15722,15758,8,BOTTLENECK_TARGET_FRONTIER_CONTINUITY_V2,32.8136,4.88366,24.5313,5.55307,16.4162,1516,82,1909,0,69,3611,0,3503,962,0,0,0,1213.26,24173,6414,124.765,235,18,12,,,,,,,,,,,,,,,,,,,,,,,,,,,,,,,,,,,,,,,,,,,,,,1493.66,1493.77,fb1ce9643833da0c39af559542e8cfe97a5ad2c9d3e9fca2709c89f3e699333d,1.51,ok,
brap_h10w10_a12_e8_R1_seed1,g10x10,carrier,1,1080,2258.0,2258000000,243,1358,474,158,0.1125,822,1764,3674,3674000000,1080,2258,2258000000,1,0,0,4891,93,279,0,0,SEARCH_CUTOFF,163,0,0,0,-1,-1,-1,-1,-1,512,4100,512,39098,0,0,0,15220,11632,3518,229820,82828,10,20767,116.587,83068,156741,TASKBR_VACANCY_V1,41604,10668,41604,106450,168625,63.1282,28,234136,30560,31357,31357,271215,269087,200573,200573,200573,0,0,0,12,0,0,0,200573,200576,8,BOTTLENECK_TARGET_FRONTIER_CONTINUITY_V2,360.909,63.4464,368.832,94.8985,265.83,13237,592,15782,0,2454,28901,0,30560,927,0,6326,0,4948.48,138325,41282,1223.75,5147,1,0,,,,,,,,,,,,,,,,,,,,,,,,,,,,,,,,,,,,,,,,,,,,,,8888.04,8888.11,504e8029d71bc0d6c6722c9bd91a1e49d3e43ca9d987cff607dd336736b2515b,8.914,ok,
brap_h10w10_a1_e1_B_seed0_pool,g10x10,carrier,1,49,101.0,101000000,15,45,29,5,0.1531,22,49,102,102000000,49,101,101000000,1,1,1,3,49,145,0,0,STRICT_IMPROVEMENT,0,1,1,1,32,102,101,49,49,33,1,33,6415,0,0,0,92,61,0,89,45,0,653,8.40442,2612,2895,TASKBR_VACANCY_V1,29,29,29,61,110,55.4545,0,66,62,105,105,147,147,125,125,125,0,0,0,0,0,0,0,125,163,1,BOTTLENECK_TARGET_FRONTIER_CONTINUITY_V2,0.305156,0.051048,0.120009,0.041127,0.038664,27,7,23,0,9,94,0,62,32,0,0,0,26.2143,322,159,1.23636,4,4,0,,,,,,,,,,,,,,,,,,,,,,,,,,,,,,,,,,,,,,,,,,,,,,35.1501,35.1733,475bd6ca948f18705ff96531af6189d4540b05cf65a80473c6aed2f7f84526e1,0.043,ok,
brap_h10w10_a1_e1_B_seed1_pool,g10x10,carrier,1,0,0.0,0,0,0,0,0,0.0,0,0,0,0,0,0,0,1,0,0,0,0,0,0,0,SEARCH_EXHAUSTED,0,1,0,0,-1,0,-1,0,-1,2,0,2,0,0,0,0,0,0,0,0,0,0,2,0.033508,8,0,TASKBR_VACANCY_V1,0,0,0,0,0,0,0,0,0,2,2,0,0,0,0,0,0,0,0,0,0,0,0,0,0,0,BOTTLENECK_TARGET_FRONTIER_CONTINUITY_V2,0.001827,0,0,0,0,0,0,0,0,0,0,0,0,0,0,0,0,0.174256,0,0,0.00184,0,0,0,,,,,,,,,,,,,,,,,,,,,,,,,,,,,,,,,,,,,,,,,,,,,,0.42461,0.439961,e3b0c44298fc1c149afbf4c8996fb92427ae41e4649b934ca495991b7852b855,0.009,ok,
brap_h10w10_a1_e1_R1_seed0,g10x10,carrier,1,40,80.0,80000000,11,39,21,3,0.1375,5,40,81,81000000,40,80,80000000,1,1,1,4,42,121,0,0,STRICT_IMPROVEMENT,0,0,0,0,-1,-1,-1,-1,-1,25,1,25,182,0,0,0,86,63,0,2000,1321,0,139,1.42074,556,1217,TASKBR_VACANCY_V1,21,21,21,49,108,45.3704,0,56,43,87,87,127,127,111,111,111,0,0,0,0,0,0,0,111,147,1,BOTTLENECK_TARGET_FRONTIER_CONTINUITY_V2,0.245813,0.044135,0.096215,0.032942,0.026248,32,6,28,0,9,76,0,43,24,0,0,0,8.04906,278,137,1.11327,0,10,0,,,,,,,,,,,,,,,,,,,,,,,,,,,,,,,,,,,,,,,,,,,,,,14.637,14.6567,8be569b292efa6624174856d52c2bcf8cf48c5e5c047680f4e23b29c1abe4de5,0.022,ok,
brap_h10w10_a1_e1_R1_seed1,g10x10,carrier,1,163,332.0,332000000,52,138,103,21,0.1595,30,163,333,333000000,163,332,332000000,1,1,1,4,163,487,0,0,STRICT_IMPROVEMENT,12,0,0,0,-1,-1,-1,-1,-1,107,1,107,4210,0,0,0,338,233,0,53,183,0,1905,21.9071,7620,1581,TASKBR_VACANCY_V1,103,103,103,233,416,56.0096,0,220,241,334,334,488,488,412,412,412,0,0,0,0,0,0,0,412,530,1,BOTTLENECK_TARGET_FRONTIER_CONTINUITY_V2,1.00084,0.173876,0.387793,0.137036,0.110096,81,7,77,0,13,319,0,241,106,0,0,0,52.1182,1046,521,4.29322,32,30,0,,,,,,,,,,,,,,,,,,,,,,,,,,,,,,,,,,,,,,,,,,,,,,77.791,77.8213,f4231244c7fdd3f5e8f986d44ffd8e0599065af2aa841be9927620952c798c7f,0.086,ok,
brap_h20w20_a40_e100_B_seed0_pool,g20x20,carrier,0,,,,,,,,,,,,,,,,,,,,,,,,,,,,,,,,,,,,,,,,,,,,,,,237857,1303.53,3805712,44609,TASKBR_VACANCY_V1,1496,80,1496,2738,2991,91.5413,0,,,,,,,,,,,,,,,,,,,,,,,,,,,,,,,,,,,,,,,,,,,,,,,,,,,,,,,,,,,,,,,,,,,,,,,,,,,,,,,,,,,,,,,,,,,,,8.595,timeout,ements=0 assignment_second_solution_ms=-1 assignment_first_soc=-1 assignment_second_soc=-1 assignment_first_makespan=-1 assignment_second_makespan=-1
brap_h20w20_a40_e100_B_seed1_pool,g20x20,carrier,0,,,,,,,,,,,,,,,,,,,,,,,,,,,,,,,,,,,,,,,,,,,,,,,352283,1923.01,5636528,82071,TASKBR_VACANCY_V1,2853,173,2853,5554,6164,90.1038,0,,,,,,,,,,,,,,,,,,,,,,,,,,,,,,,,,,,,,,,,,,,,,,,,,,,,,,,,,,,,,,,,,,,,,,,,,,,,,,,,,,,,,,,,,,,,,8.597,timeout,ements=0 assignment_second_solution_ms=-1 assignment_first_soc=-1 assignment_second_soc=-1 assignment_first_makespan=-1 assignment_second_makespan=-1
brap_h20w20_a40_e100_R1_seed0,g20x20,carrier,1,947,4934.0,4934000000,513,3235,914,279,0.1083,5273,949,4944,4944000000,947,4934,4934000000,1,0,0,0,21,126,0,0,SEARCH_CUTOFF,563,0,0,0,-1,-1,-1,-1,-1,531,218,531,33482,0,0,0,24258,11659,1196,11002,2616,0,23025,193.184,368400,12726,TASKBR_VACANCY_V1,17841,1792,17841,30867,36852,83.7594,154,37988,3575,1620,1620,43165,42984,37948,37948,37948,0,0,0,23,0,0,0,37948,38114,37,BOTTLENECK_TARGET_FRONTIER_CONTINUITY_V2,190.63,24.8236,602.561,142.276,5323.42,223,3,422,0,5,3,1610,3575,918,0,0,0,8149.75,110262,12557,383.415,244,15,0,,,,,,,,,,,,,,,,,,,,,,,,,,,,,,,,,,,,,,,,,,,,,,8581.51,8581.66,ac47730cffadee4d6370ed83af2f10388ad1c753446d4c3256cb5b752fb8926d,8.614,ok,
brap_h20w20_a40_e100_R1_seed1,g20x20,carrier,1,876,4413.0,4413000000,359,3168,680,190,0.082,2576,941,4800,4800000000,876,4413,4413000000,1,1,1,0,78,468,0,0,STRICT_IMPROVEMENT,714,0,0,0,-1,-1,-1,-1,-1,595,152,595,33531,0,0,0,14254,5241,527,12702,9949,0,24808,206.226,396928,20458,TASKBR_VACANCY_V1,11312,1145,11312,16320,19256,84.7528,83,35317,4578,2098,2098,40719,40640,35731,35731,35731,0,0,0,10,0,0,0,35731,36544,32,BOTTLENECK_TARGET_FRONTIER_CONTINUITY_V2,181.439,19.5056,382.535,87.4801,1997.46,576,7,782,0,8,19,2069,4578,929,0,0,0,4493.8,137960,15906,327.456,508,48,0,,,,,,,,,,,,,,,,,,,,,,,,,,,,,,,,,,,,,,,,,,,,,,5087.46,5087.6,049115152a1189e894eedb78ebc3199f5f0e645cc17690bdb847688f1cbea17b,5.119,ok,
brap_h20w20_a40_e10_B_seed0_pool,g20x20,carrier,0,,,,,,,,,,,,,,,,,,,,,,,,,,,,,,,,,,,,,,,,,,,,,,,286558,4141.43,4584928,376317,TASKBR_VACANCY_V1,9176,5935,9176,89247,348148,25.6348,0,,,,,,,,,,,,,,,,,,,,,,,,,,,,,,,,,,,,,,,,,,,,,,,,,,,,,,,,,,,,,,,,,,,,,,,,,,,,,,,,,,,,,,,,,,,,,8.562,timeout,ements=0 assignment_second_solution_ms=-1 assignment_first_soc=-1 assignment_second_soc=-1 assignment_first_makespan=-1 assignment_second_makespan=-1
brap_h20w20_a40_e10_B_seed1_pool,g20x20,carrier,0,,,,,,,,,,,,,,,,,,,,,,,,,,,,,,,,,,,,,,,,,,,,,,,314446,5297.52,5031136,607275,TASKBR_VACANCY_V1,3685,2351,3685,26455,105748,25.017,0,,,,,,,,,,,,,,,,,,,,,,,,,,,,,,,,,,,,,,,,,,,,,,,,,,,,,,,,,,,,,,,,,,,,,,,,,,,,,,,,,,,,,,,,,,,,,8.543,timeout,ements=0 assignment_second_solution_ms=-1 assignment_first_soc=-1 assignment_second_soc=-1 assignment_first_makespan=-1 assignment_second_makespan=-1
brap_h20w20_a40_e10_R1_seed0,g20x20,carrier,0,,,,,,,,,,,,,,,,,,,,,,,,,,,,,,,,,,,,,,,,,,,,,,,118835,1820.33,1901360,643130,TASKBR_VACANCY_V1,33954,21192,33954,221053,901795,24.5126,628,,,,,,,,,,,,,,,,,,,,,,,,,,,,,,,,,,,,,,,,,,,,,,,,,,,,,,,,,,,,,,,,,,,,,,,,,,,,,,,,,,,,,,,,,,,,,8.57,timeout,ements=0 assignment_second_solution_ms=-1 assignment_first_soc=-1 assignment_second_soc=-1 assignment_first_makespan=-1 assignment_second_makespan=-1
brap_h20w20_a40_e10_R1_seed1,g20x20,carrier,0,,,,,,,,,,,,,,,,,,,,,,,,,,,,,,,,,,,,,,,,,,,,,,,105750,1640.77,1692000,575642,TASKBR_VACANCY_V1,32763,20779,32763,239604,888969,26.953,660,,,,,,,,,,,,,,,,,,,,,,,,,,,,,,,,,,,,,,,,,,,,,,,,,,,,,,,,,,,,,,,,,,,,,,,,,,,,,,,,,,,,,,,,,,,,,8.575,timeout,ements=0 assignment_second_solution_ms=-1 assignment_first_soc=-1 assignment_second_soc=-1 assignment_first_makespan=-1 assignment_second_makespan=-1
brap_h40w40_a160_e400_R1_seed0,g40x40,carrier,0,,,,,,,,,,,,,,,,,,,,,,,,,,,,,,,,,,,,,,,,,,,,,,,1802,31.9497,115328,304,TASKBR_VACANCY_V1,0,0,0,0,0,0,0,,,,,,,,,,,,,,,,,,,,,,,,,,,,,,,,,,,,,,,,,,,,,,,,,,,,,,,,,,,,,,,,,,,,,,,,,,,,,,,,,,,,,,,,,,,,,9.368,timeout,ements=0 assignment_second_solution_ms=-1 assignment_first_soc=-1 assignment_second_soc=-1 assignment_first_makespan=-1 assignment_second_makespan=-1
brap_h40w40_a160_e400_R1_seed1,g40x40,carrier,0,,,,,,,,,,,,,,,,,,,,,,,,,,,,,,,,,,,,,,,,,,,,,,,,,,,,,,,,,,,,,,,,,,,,,,,,,,,,,,,,,,,,,,,,,,,,,,,,,,,,,,,,,,,,,,,,,,,,,,,,,,,,,,,,,,,,,,,,,,,,,,,,,,,,,,,10.011,timeout,
brap_h40w40_a160_e40_R1_seed0,g40x40,carrier,0,,,,,,,,,,,,,,,,,,,,,,,,,,,,,,,,,,,,,,,,,,,,,,,12618,411.959,807552,32943,TASKBR_VACANCY_V1,275,49,275,2887,3930,73.4606,0,,,,,,,,,,,,,,,,,,,,,,,,,,,,,,,,,,,,,,,,,,,,,,,,,,,,,,,,,,,,,,,,,,,,,,,,,,,,,,,,,,,,,,,,,,,,,8.535,timeout,ements=0 assignment_second_solution_ms=-1 assignment_first_soc=-1 assignment_second_soc=-1 assignment_first_makespan=-1 assignment_second_makespan=-1
brap_h40w40_a160_e40_R1_seed1,g40x40,carrier,0,,,,,,,,,,,,,,,,,,,,,,,,,,,,,,,,,,,,,,,,,,,,,,,4220,131.008,270080,4348,TASKBR_VACANCY_V1,0,0,0,0,0,0,0,,,,,,,,,,,,,,,,,,,,,,,,,,,,,,,,,,,,,,,,,,,,,,,,,,,,,,,,,,,,,,,,,,,,,,,,,,,,,,,,,,,,,,,,,,,,,8.536,timeout,ements=0 assignment_second_solution_ms=-1 assignment_first_soc=-1 assignment_second_soc=-1 assignment_first_makespan=-1 assignment_second_makespan=-1
brap_h40w40_a80_e400_B_seed0_pool,g40x40,carrier,0,,,,,,,,,,,,,,,,,,,,,,,,,,,,,,,,,,,,,,,,,,,,,,,,,,,,,,,,,,,,,,,,,,,,,,,,,,,,,,,,,,,,,,,,,,,,,,,,,,,,,,,,,,,,,,,,,,,,,,,,,,,,,,,,,,,,,,,,,,,,,,,,,,,,,,,10.006,timeout,
brap_h40w40_a80_e400_B_seed1_pool,g40x40,carrier,0,,,,,,,,,,,,,,,,,,,,,,,,,,,,,,,,,,,,,,,,,,,,,,,,,,,,,,,,,,,,,,,,,,,,,,,,,,,,,,,,,,,,,,,,,,,,,,,,,,,,,,,,,,,,,,,,,,,,,,,,,,,,,,,,,,,,,,,,,,,,,,,,,,,,,,,10.014,timeout,
brap_h40w40_a80_e40_B_seed0_pool,g40x40,carrier,0,,,,,,,,,,,,,,,,,,,,,,,,,,,,,,,,,,,,,,,,,,,,,,,,,,,,,,,,,,,,,,,,,,,,,,,,,,,,,,,,,,,,,,,,,,,,,,,,,,,,,,,,,,,,,,,,,,,,,,,,,,,,,,,,,,,,,,,,,,,,,,,,,,,,,,,10.013,timeout,
brap_h40w40_a80_e40_B_seed1_pool,g40x40,carrier,0,,,,,,,,,,,,,,,,,,,,,,,,,,,,,,,,,,,,,,,,,,,,,,,,,,,,,,,,,,,,,,,,,,,,,,,,,,,,,,,,,,,,,,,,,,,,,,,,,,,,,,,,,,,,,,,,,,,,,,,,,,,,,,,,,,,,,,,,,,,,,,,,,,,,,,,10.011,timeout,
brap_h4w10_a5_e10_B_seed0_pool,g4x10,carrier,1,18,36.0,36000000,5,19,10,0,0.1389,4,18,38,38000000,18,36,36000000,1,1,1,8,89,75,0,0,STRICT_IMPROVEMENT,1,1,1,1,12,38,36,18,18,12,13,12,438,0,0,0,32,11,0,61,51,0,154,0.501406,616,99,TASKBR_VACANCY_V1,41,17,41,50,67,74.6269,0,340,92,180,180,415,415,332,332,332,0,0,0,0,0,0,0,332,332,3,BOTTLENECK_TARGET_FRONTIER_CONTINUITY_V2,0.358906,0.076161,0.248315,0.063686,0.100937,111,4,122,0,39,139,0,92,24,0,5,0,8.98571,1164,310,1.45964,24,0,0,,,,,,,,,,,,,,,,,,,,,,,,,,,,,,,,,,,,,,,,,,,,,,12.7189,12.7332,323dbf889e470387f09f157364edd426eaa62947e8d40aee60c63f49b0720c75,0.02,ok,
brap_h4w10_a5_e10_B_seed1_pool,g4x10,carrier,1,34,65.0,65000000,10,31,19,3,0.1471,6,34,66,66000000,34,65,65000000,1,1,1,2,34,100,0,0,STRICT_IMPROVEMENT,3,1,1,1,9,66,65,34,34,23,5,23,419,0,0,0,56,29,4,51,28,0,155,0.496605,620,53,TASKBR_VACANCY_V1,28,19,28,43,80,53.75,0,67,50,80,80,122,122,93,93,93,0,0,0,0,0,0,0,93,119,2,BOTTLENECK_TARGET_FRONTIER_CONTINUITY_V2,0.159551,0.034988,0.087711,0.028561,0.030044,25,7,21,0,11,67,0,50,26,0,0,0,7.55622,284,116,0.611629,6,4,0,,,,,,,,,,,,,,,,,,,,,,,,,,,,,,,,,,,,,,,,,,,,,,10.2679,10.2794,8b07c607629b128be6f7cf30e96f8bc3d280a1daa0eb6dad8a1d9f44e1a6428d,0.017,ok,
brap_h4w10_a5_e10_R1_seed0,g4x10,carrier,1,231,488.0,488000000,66,264,124,39,0.1429,71,497,1002,1002000000,231,488,488000000,1,0,0,7255,22,65,0,0,SEARCH_CUTOFF,48,0,0,0,-1,-1,-1,-1,-1,4732,21671,4732,162650,0,0,0,41391,28447,3430,289468,116519,0,79432,281.946,317728,234405,TASKBR_VACANCY_V1,75600,30359,75600,183865,312512,58.8345,4416,220496,67022,88581,88581,325245,312189,182905,182905,182905,0,0,0,52,0,0,0,182905,183089,4,BOTTLENECK_TARGET_FRONTIER_CONTINUITY_V2,197.986,48.446,155.59,40.6353,80.6498,40731,4673,49807,0,11298,77281,0,67022,7231,0,16140,0,5176.76,393785,119685,1139.29,18698,0,33,,,,,,,,,,,,,,,,,,,,,,,,,,,,,,,,,,,,,,,,,,,,,,9556.29,9556.34,08f7fc935332a5b7c0321c7a25728c14a2dbbc5288faea409cfd9f43ef22f317,9.608,ok,
brap_h4w10_a5_e10_R1_seed1,g4x10,carrier,1,62,130.0,130000000,21,59,40,8,0.1694,6,67,142,142000000,62,130,130000000,1,1,1,4952,319,264,0,0,STRICT_IMPROVEMENT,5,0,0,0,-1,-1,-1,-1,-1,1760,14353,1760,7677,0,0,0,6576,2845,24,6210,5931,0,8495,31.4418,33980,8966,TASKBR_VACANCY_V1,33357,9067,33357,55210,72481,76.1717,1486,123902,45756,61578,61578,193379,187401,106362,106362,106362,0,0,0,0,0,0,0,106362,106366,3,BOTTLENECK_TARGET_FRONTIER_CONTINUITY_V2,108.148,24.7202,78.5897,22.0367,30.2175,31827,2507,35715,0,8355,53221,0,45756,2587,0,11157,0,1944.76,289176,85488,502.974,13252,0,0,,,,,,,,,,,,,,,,,,,,,,,,,,,,,,,,,,,,,,,,,,,,,,4627.24,4627.27,7bad220734a2da76caeb292d2456b797095206cf4a5dc20d5142c8e80cc873db,4.652,ok,
brap_h4w10_a5_e1_B_seed0_pool,g4x10,carrier,1,24,49.0,49000000,7,24,13,0,0.1458,4,24,50,50000000,24,49,49000000,1,1,1,3,25,71,0,0,STRICT_IMPROVEMENT,0,1,1,1,8,50,49,24,24,17,1,17,324,0,0,0,66,51,6,2849,1685,0,82,0.527457,328,1709,TASKBR_VACANCY_V1,15,15,15,41,80,51.25,0,32,25,54,54,74,74,64,64,64,0,0,0,0,0,0,0,64,84,1,BOTTLENECK_TARGET_FRONTIER_CONTINUITY_V2,0.110278,0.026722,0.056977,0.019397,0.021625,21,7,17,0,5,47,0,25,16,0,0,0,6.5946,166,81,0.523024,0,2,0,,,,,,,,,,,,,,,,,,,,,,,,,,,,,,,,,,,,,,,,,,,,,,8.63306,8.64474,e9848782f9f8d7c393bf622034c7f6c87bbd8f93e34fd1d81e14aed019465081,0.015,ok,
brap_h4w10_a5_e1_B_seed1_pool,g4x10,carrier,1,25,49.0,49000000,6,27,11,0,0.12,4,25,50,50000000,25,49,49000000,1,1,1,3,27,75,0,0,STRICT_IMPROVEMENT,3,1,1,1,7,50,49,25,25,15,1,15,223,0,0,0,44,31,0,1657,1006,0,71,0.395572,284,1024,TASKBR_VACANCY_V1,11,11,11,31,42,73.8095,0,36,25,56,56,80,80,72,72,72,0,0,0,0,0,0,0,72,98,1,BOTTLENECK_TARGET_FRONTIER_CONTINUITY_V2,0.112293,0.025639,0.058691,0.020969,0.015291,25,7,21,0,9,45,0,25,14,0,0,0,5.76451,178,87,0.452029,4,6,0,,,,,,,,,,,,,,,,,,,,,,,,,,,,,,,,,,,,,,,,,,,,,,7.93035,7.9429,1b6567c763f0dd7c94ec877a6f4981060dccc28737c336828a4cd485dac88bab,0.015,ok,
brap_h4w10_a5_e1_R1_seed0,g4x10,carrier,1,511,965.0,965000000,139,475,262,101,0.136,2647,14934,25025,25025000000,511,965,965000000,1,0,0,18231,1341,656,0,0,SEARCH_CUTOFF,58,0,0,0,-1,-1,-1,-1,-1,315,7560,315,13639,0,0,0,3149,2835,1308,478113,264072,28,3917,21.5906,15668,251962,TASKBR_VACANCY_V1,10535,10535,10535,16709,74447,22.4442,0,104342,77300,116641,116641,177973,173598,139533,139533,139533,0,0,0,14,0,0,0,139533,196018,1,BOTTLENECK_TARGET_FRONTIER_CONTINUITY_V2,175.704,41.7653,97.1741,37.2277,30.9847,53512,1716,54132,0,26989,89650,0,77300,6935,0,22286,0,3571.37,317348,156485,922.68,19079,6619,194,,,,,,,,,,,,,,,,,,,,,,,,,,,,,,,,,,,,,,,,,,,,,,9218.88,9218.94,d3eadadc25cf2bf3b147b2a3d349b8c16e40bd7dfaa0ec1a4caac75444d05800,9.245,ok,
brap_h4w10_a5_e1_R1_seed1,g4x10,carrier,1,389,769.0,769000000,109,397,178,61,0.1401,1830,7403,14083,14083000000,389,769,769000000,1,0,0,13859,717,271,0,0,SEARCH_CUTOFF,82,0,0,0,-1,-1,-1,-1,-1,310,4653,310,15703,0,0,0,5931,5622,3024,1343337,681797,16,3198,17.5425,12792,638516,TASKBR_VACANCY_V1,14491,14491,14491,107986,261431,41.3057,0,69510,61637,75741,75741,135690,133233,98573,98573,98573,0,0,0,27,0,0,0,98573,131092,1,BOTTLENECK_TARGET_FRONTIER_CONTINUITY_V2,134.517,63.0018,84.0564,30.2793,26.5163,31023,467,31980,0,8293,67446,0,61637,4251,0,18478,0,4456.69,214996,107288,1636.32,14840,6764,21,,,,,,,,,,,,,,,,,,,,,,,,,,,,,,,,,,,,,,,,,,,,,,9144.62,9144.7,eaddb256e2ce2b19adfb39cab89002c353edaaf938d5ee3e1654e5326139dcc3,9.168,ok,
brap_h6w10_a6_e15_B_seed0_pool,g6x10,carrier,1,88,181.0,181000000,24,103,44,6,0.1364,47,171,345,345000000,88,181,181000000,1,0,0,8637,369,142,0,0,SEARCH_CUTOFF,18,1,0,0,-1,181,-1,88,-1,3454,19718,3454,53460,0,0,1,15584,3225,711,166023,21740,0,42165,160.335,168660,89664,TASKBR_VACANCY_V1,87033,16413,87033,83834,120689,69.4628,3174,290879,69407,84050,84050,324111,317143,250476,250476,250476,0,0,0,14,0,0,0,250476,250476,5,BOTTLENECK_TARGET_FRONTIER_CONTINUITY_V2,303.128,49.3748,248.946,60.2127,136.543,37625,3679,46431,0,9459,74589,0,69407,7048,0,15028,0,4619.42,381785,114785,857.828,12154,0,14,,,,,,,,,,,,,,,,,,,,,,,,,,,,,,,,,,,,,,,,,,,,,,9415.8,9415.83,66e9802aff1b545844224582918789351376c7b07d87c0d05848103dad34ddfc,9.47,ok,
brap_h6w10_a6_e15_B_seed1_pool,g6x10,carrier,1,35,70.0,70000000,10,36,18,0,0.1429,11,35,70,70000000,35,70,70000000,1,0,0,6910,5,14,0,0,SEARCH_CUTOFF,2,1,0,0,-1,70,-1,35,-1,2853,21154,2853,10121,0,0,1,13959,6294,114,13672,13416,0,10613,58.7439,42452,17362,TASKBR_VACANCY_V1,63559,9733,63559,107060,123439,86.7311,2588,250926,71775,96756,96756,350448,344611,216519,216519,216519,0,0,0,0,0,0,0,216519,216625,4,BOTTLENECK_TARGET_FRONTIER_CONTINUITY_V2,246.314,45.5369,178.434,45.4153,86.5795,49868,4459,54402,0,14382,82372,0,71775,1696,0,17927,0,4077.54,417622,126761,953.294,17385,12,0,,,,,,,,,,,,,,,,,,,,,,,,,,,,,,,,,,,,,,,,,,,,,,9057.05,9057.07,233c12e708347c31fe79f247e6869208a2b04d2f45da11d011d807d57624e5e4,9.092,ok,
brap_h6w10_a6_e15_R1_seed0,g6x10,carrier,1,158,315.0,315000000,34,195,66,12,0.1076,47,307,605,605000000,158,315,315000000,1,0,0,7272,69,110,0,0,SEARCH_CUTOFF,49,0,0,0,-1,-1,-1,-1,-1,2458,19416,2458,30483,0,0,0,15297,5679,243,53606,7859,0,28310,113.848,113240,28453,TASKBR_VACANCY_V1,86096,13077,86096,122245,152014,80.4169,2169,331637,74183,85221,85221,411500,405228,285686,285686,285686,0,0,0,0,0,0,0,285686,285697,5,BOTTLENECK_TARGET_FRONTIER_CONTINUITY_V2,328.644,57.4024,283.98,69.0491,172.446,41016,3294,47192,0,10856,74363,0,74183,3221,0,16291,0,4490.91,369712,112588,982.562,16946,3,0,,,,,,,,,,,,,,,,,,,,,,,,,,,,,,,,,,,,,,,,,,,,,,9405.49,9405.53,c25005f3aefb4372ebe8accc850917f27b8133b4ddb35dabd7c6de6c510dc696,9.46,ok,
brap_h6w10_a6_e15_R1_seed1,g6x10,carrier,1,251,537.0,537000000,65,309,122,34,0.1295,57,384,803,803000000,251,537,537000000,1,0,0,6865,71,211,0,0,SEARCH_CUTOFF,54,0,0,0,-1,-1,-1,-1,-1,2104,16059,2104,30304,0,0,0,17456,9655,439,71273,23682,0,22307,99.1674,89228,55937,TASKBR_VACANCY_V1,66798,19225,66798,115432,172847,66.7828,1784,305099,67772,84432,84432,387628,381944,266175,266175,266175,0,0,0,21,0,0,0,266175,266175,5,BOTTLENECK_TARGET_FRONTIER_CONTINUITY_V2,315.446,56.2699,243.873,62.1804,136.87,39837,2187,46125,0,10062,74368,0,67772,5415,0,15147,0,4551.12,394158,117284,1134.13,16740,0,50,,,,,,,,,,,,,,,,,,,,,,,,,,,,,,,,,,,,,,,,,,,,,,9427.05,9427.11,aa43737ecdc4f339cd2ebf60b1808c4b01ec844f0b8c1470c7c6edfa20d2c1a6,9.482,ok,
brap_h6w10_a6_e1_B_seed0_pool,g6x10,carrier,1,147,321.0,321000000,44,153,88,9,0.1497,5993,12077,22580,22580000000,147,321,321000000,1,1,1,0,15,45,0,0,STRICT_IMPROVEMENT,6,1,1,1,6556,794,321,396,147,274,3447,274,12774,0,0,0,7411,7139,4623,2468807,1300430,15,3461,29.0274,13844,1226188,TASKBR_VACANCY_V1,13867,13867,13867,76507,382794,19.9865,0,27156,24064,35960,35960,62851,60146,57041,57041,57041,0,0,0,5,0,0,0,57041,78327,1,BOTTLENECK_TARGET_FRONTIER_CONTINUITY_V2,97.4715,49.3052,57.7255,19.2509,20.4563,16412,138,18946,0,4283,31675,0,24064,3770,0,0,0,5243.83,137552,68609,1242.49,6833,3924,29,,,,,,,,,,,,,,,,,,,,,,,,,,,,,,,,,,,,,,,,,,,,,,6562.39,6562.58,0b30bf05dae9f7f76f3e9428b22c9c87be05c0551c5d357d9c30985511d45402,6.579,ok,
brap_h6w10_a6_e1_B_seed1_pool,g6x10,carrier,1,120,249.0,249000000,38,107,78,19,0.1583,397,976,1811,1811000000,120,249,249000000,1,0,0,12031,7,20,0,0,SEARCH_CUTOFF,4,1,0,0,-1,249,-1,120,-1,114,3320,114,4683,0,0,0,2212,2099,1076,503971,262920,0,927,8.4217,3708,257334,TASKBR_VACANCY_V1,13483,13483,13483,51361,313893,16.3626,0,51956,48153,53985,53985,97837,96744,66206,66206,66206,0,0,0,61,0,0,0,66206,86647,1,BOTTLENECK_TARGET_FRONTIER_CONTINUITY_V2,107.844,51.5199,55.2681,19.9483,18.0162,20317,467,21589,0,5137,48846,0,48153,1728,0,15090,0,4067.79,140123,69309,1613.95,11587,4293,40,,,,,,,,,,,,,,,,,,,,,,,,,,,,,,,,,,,,,,,,,,,,,,9127.35,9127.39,fab258053faccc7dc4b9bd47e45985411f8567b3c46746e961451c5a3bfdd7ed,9.155,ok,
brap_h6w10_a6_e1_R1_seed0,g6x10,carrier,1,628,1339.0,1339000000,180,646,366,137,0.1433,3934,5778,11073,11073000000,628,1339,1339000000,1,0,0,5398,69,112,0,0,SEARCH_CUTOFF,51,0,0,0,-1,-1,-1,-1,-1,327,3211,327,27967,0,0,0,11657,11331,8752,8001414,4320708,173,7537,58.4832,30148,3900326,TASKBR_VACANCY_V1,14935,14935,14935,92641,464627,19.9388,5,32990,30190,37485,37485,67147,64372,51233,51233,51233,0,0,0,2,0,0,0,51233,68481,1,BOTTLENECK_TARGET_FRONTIER_CONTINUITY_V2,83.0989,40.0547,45.0184,16.1042,14.8466,15132,215,17448,0,3634,33849,0,30190,3175,0,6488,0,6114.63,117145,58509,1182.01,7470,3087,1,,,,,,,,,,,,,,,,,,,,,,,,,,,,,,,,,,,,,,,,,,,,,,8711.09,8711.15,c95f6be47cfd40a675988814750278bfca5377d799d4485fee22e34c9e4381af,8.73,ok,
brap_h6w10_a6_e1_R1_seed1,g6x10,carrier,1,938,2026.0,2026000000,260,1026,530,227,0.1386,1325,2667,5312,5312000000,938,2026,2026000000,1,0,0,10705,48,142,0,0,SEARCH_CUTOFF,79,0,0,0,-1,-1,-1,-1,-1,499,2556,499,47860,0,0,0,12011,11513,7028,1945460,1011548,11,12859,102.391,51436,987984,TASKBR_VACANCY_V1,7912,7912,7912,46243,216833,21.3266,52,46754,44535,49131,49131,88811,87131,61254,61254,61254,0,0,0,1,0,0,0,61254,80453,1,BOTTLENECK_TARGET_FRONTIER_CONTINUITY_V2,99.3739,45.8523,51.7978,18.9768,15.9799,18928,158,20462,0,4155,44974,0,44535,2267,0,13975,0,4653.67,130680,65314,1486.04,10856,3099,0,,,,,,,,,,,,,,,,,,,,,,,,,,,,,,,,,,,,,,,,,,,,,,8955.1,8955.21,cb1e59066bdb8ac9783d47a217ee6435e1f4442219f8776fd71938468ecf4ff7,8.988,ok,
brap_h80w80_a128_e1600_B_seed0_pool,g80x80,carrier,0,,,,,,,,,,,,,,,,,,,,,,,,,,,,,,,,,,,,,,,,,,,,,,,,,,,,,,,,,,,,,,,,,,,,,,,,,,,,,,,,,,,,,,,,,,,,,,,,,,,,,,,,,,,,,,,,,,,,,,,,,,,,,,,,,,,,,,,,,,,,,,,,,,,,,,,10.009,timeout,
brap_h80w80_a128_e1600_B_seed1_pool,g80x80,carrier,0,,,,,,,,,,,,,,,,,,,,,,,,,,,,,,,,,,,,,,,,,,,,,,,,,,,,,,,,,,,,,,,,,,,,,,,,,,,,,,,,,,,,,,,,,,,,,,,,,,,,,,,,,,,,,,,,,,,,,,,,,,,,,,,,,,,,,,,,,,,,,,,,,,,,,,,10.009,timeout,
brap_h80w80_a128_e1600_R1_seed0,g80x80,carrier,0,,,,,,,,,,,,,,,,,,,,,,,,,,,,,,,,,,,,,,,,,,,,,,,3476,202.359,889856,364,TASKBR_VACANCY_V1,0,0,0,0,0,0,0,,,,,,,,,,,,,,,,,,,,,,,,,,,,,,,,,,,,,,,,,,,,,,,,,,,,,,,,,,,,,,,,,,,,,,,,,,,,,,,,,,,,,,,,,,,,,8.903,timeout,ements=0 assignment_second_solution_ms=-1 assignment_first_soc=-1 assignment_second_soc=-1 assignment_first_makespan=-1 assignment_second_makespan=-1
brap_h80w80_a128_e1600_R1_seed1,g80x80,carrier,0,,,,,,,,,,,,,,,,,,,,,,,,,,,,,,,,,,,,,,,,,,,,,,,3169,205.081,811264,336,TASKBR_VACANCY_V1,0,0,0,0,0,0,0,,,,,,,,,,,,,,,,,,,,,,,,,,,,,,,,,,,,,,,,,,,,,,,,,,,,,,,,,,,,,,,,,,,,,,,,,,,,,,,,,,,,,,,,,,,,,8.926,timeout,ements=0 assignment_second_solution_ms=-1 assignment_first_soc=-1 assignment_second_soc=-1 assignment_first_makespan=-1 assignment_second_makespan=-1
brap_h80w80_a128_e160_B_seed0_pool,g80x80,carrier,0,,,,,,,,,,,,,,,,,,,,,,,,,,,,,,,,,,,,,,,,,,,,,,,,,,,,,,,,,,,,,,,,,,,,,,,,,,,,,,,,,,,,,,,,,,,,,,,,,,,,,,,,,,,,,,,,,,,,,,,,,,,,,,,,,,,,,,,,,,,,,,,,,,,,,,,10.017,timeout,
brap_h80w80_a128_e160_B_seed1_pool,g80x80,carrier,0,,,,,,,,,,,,,,,,,,,,,,,,,,,,,,,,,,,,,,,,,,,,,,,,,,,,,,,,,,,,,,,,,,,,,,,,,,,,,,,,,,,,,,,,,,,,,,,,,,,,,,,,,,,,,,,,,,,,,,,,,,,,,,,,,,,,,,,,,,,,,,,,,,,,,,,10.011,timeout,
brap_h80w80_a128_e160_R1_seed0,g80x80,carrier,0,,,,,,,,,,,,,,,,,,,,,,,,,,,,,,,,,,,,,,,,,,,,,,,8407,584.156,2152192,7457,TASKBR_VACANCY_V1,478,34,478,3664,4211,87.0102,0,,,,,,,,,,,,,,,,,,,,,,,,,,,,,,,,,,,,,,,,,,,,,,,,,,,,,,,,,,,,,,,,,,,,,,,,,,,,,,,,,,,,,,,,,,,,,8.746,timeout,ements=0 assignment_second_solution_ms=-1 assignment_first_soc=-1 assignment_second_soc=-1 assignment_first_makespan=-1 assignment_second_makespan=-1
brap_h80w80_a128_e160_R1_seed1,g80x80,carrier,0,,,,,,,,,,,,,,,,,,,,,,,,,,,,,,,,,,,,,,,,,,,,,,,14256,1051.4,3649536,27978,TASKBR_VACANCY_V1,1262,83,1262,9361,10676,87.6827,0,,,,,,,,,,,,,,,,,,,,,,,,,,,,,,,,,,,,,,,,,,,,,,,,,,,,,,,,,,,,,,,,,,,,,,,,,,,,,,,,,,,,,,,,,,,,,8.563,timeout,ements=0 assignment_second_solution_ms=-1 assignment_first_soc=-1 assignment_second_soc=-1 assignment_first_makespan=-1 assignment_second_makespan=-1
brap_h80w80_a160_e1600_B_seed0_pool,g80x80,carrier,0,,,,,,,,,,,,,,,,,,,,,,,,,,,,,,,,,,,,,,,,,,,,,,,,,,,,,,,,,,,,,,,,,,,,,,,,,,,,,,,,,,,,,,,,,,,,,,,,,,,,,,,,,,,,,,,,,,,,,,,,,,,,,,,,,,,,,,,,,,,,,,,,,,,,,,,10.017,timeout,
brap_h80w80_a160_e1600_B_seed1_pool,g80x80,carrier,0,,,,,,,,,,,,,,,,,,,,,,,,,,,,,,,,,,,,,,,,,,,,,,,,,,,,,,,,,,,,,,,,,,,,,,,,,,,,,,,,,,,,,,,,,,,,,,,,,,,,,,,,,,,,,,,,,,,,,,,,,,,,,,,,,,,,,,,,,,,,,,,,,,,,,,,10.01,timeout,
brap_h80w80_a160_e160_B_seed0_pool,g80x80,carrier,0,,,,,,,,,,,,,,,,,,,,,,,,,,,,,,,,,,,,,,,,,,,,,,,,,,,,,,,,,,,,,,,,,,,,,,,,,,,,,,,,,,,,,,,,,,,,,,,,,,,,,,,,,,,,,,,,,,,,,,,,,,,,,,,,,,,,,,,,,,,,,,,,,,,,,,,10.018,timeout,
brap_h80w80_a160_e160_B_seed1_pool,g80x80,carrier,0,,,,,,,,,,,,,,,,,,,,,,,,,,,,,,,,,,,,,,,,,,,,,,,,,,,,,,,,,,,,,,,,,,,,,,,,,,,,,,,,,,,,,,,,,,,,,,,,,,,,,,,,,,,,,,,,,,,,,,,,,,,,,,,,,,,,,,,,,,,,,,,,,,,,,,,10.018,timeout,
brap_h80w80_a800_e1600_R1_seed0,g80x80,carrier,0,,,,,,,,,,,,,,,,,,,,,,,,,,,,,,,,,,,,,,,,,,,,,,,10415,605.823,2666240,1417,TASKBR_VACANCY_V1,0,0,0,0,0,0,0,,,,,,,,,,,,,,,,,,,,,,,,,,,,,,,,,,,,,,,,,,,,,,,,,,,,,,,,,,,,,,,,,,,,,,,,,,,,,,,,,,,,,,,,,,,,,8.633,timeout,ements=0 assignment_second_solution_ms=-1 assignment_first_soc=-1 assignment_second_soc=-1 assignment_first_makespan=-1 assignment_second_makespan=-1
brap_h80w80_a800_e1600_R1_seed1,g80x80,carrier,0,,,,,,,,,,,,,,,,,,,,,,,,,,,,,,,,,,,,,,,,,,,,,,,8455,492.177,2164480,1046,TASKBR_VACANCY_V1,0,0,0,0,0,0,0,,,,,,,,,,,,,,,,,,,,,,,,,,,,,,,,,,,,,,,,,,,,,,,,,,,,,,,,,,,,,,,,,,,,,,,,,,,,,,,,,,,,,,,,,,,,,8.609,timeout,ements=0 assignment_second_solution_ms=-1 assignment_first_soc=-1 assignment_second_soc=-1 assignment_first_makespan=-1 assignment_second_makespan=-1
brap_h80w80_a800_e160_R1_seed0,g80x80,carrier,0,,,,,,,,,,,,,,,,,,,,,,,,,,,,,,,,,,,,,,,,,,,,,,,17768,1233.7,4548608,14771,TASKBR_VACANCY_V1,0,0,0,0,0,0,0,,,,,,,,,,,,,,,,,,,,,,,,,,,,,,,,,,,,,,,,,,,,,,,,,,,,,,,,,,,,,,,,,,,,,,,,,,,,,,,,,,,,,,,,,,,,,8.638,timeout,ements=0 assignment_second_solution_ms=-1 assignment_first_soc=-1 assignment_second_soc=-1 assignment_first_makespan=-1 assignment_second_makespan=-1
brap_h80w80_a800_e160_R1_seed1,g80x80,carrier,0,,,,,,,,,,,,,,,,,,,,,,,,,,,,,,,,,,,,,,,,,,,,,,,17689,1215.5,4528384,16466,TASKBR_VACANCY_V1,0,0,0,0,0,0,0,,,,,,,,,,,,,,,,,,,,,,,,,,,,,,,,,,,,,,,,,,,,,,,,,,,,,,,,,,,,,,,,,,,,,,,,,,,,,,,,,,,,,,,,,,,,,8.56,timeout,ements=0 assignment_second_solution_ms=-1 assignment_first_soc=-1 assignment_second_soc=-1 assignment_first_makespan=-1 assignment_second_makespan=-1
brap_h8w10_a10_e20_B_seed0_pool,g8x10,carrier,1,60,117.0,117000000,16,72,24,2,0.1333,39,87,173,173000000,60,117,117000000,1,0,0,5305,484,231,0,0,SEARCH_CUTOFF,7,1,0,0,-1,117,-1,60,-1,2227,17239,2227,14032,0,0,0,9282,647,188,47448,10685,0,12725,79.5427,50900,25365,TASKBR_VACANCY_V1,73916,8518,73916,69756,84571,82.4822,1954,282745,53155,76501,76501,288003,281260,244934,244934,244934,0,0,0,0,0,0,0,244934,244938,5,BOTTLENECK_TARGET_FRONTIER_CONTINUITY_V2,340.555,52.3077,228.026,59.2782,100.951,38617,2855,43740,0,11649,64850,0,53155,4789,0,13047,0,4450.99,350049,104917,832.113,9139,2,0,,,,,,,,,,,,,,,,,,,,,,,,,,,,,,,,,,,,,,,,,,,,,,9439.79,9439.84,8d497cf6834bcfb703e5285fbc1aea796ef68cb4d7249664b5ded3188931b494,9.471,ok,
brap_h8w10_a10_e20_B_seed1_pool,g8x10,carrier,1,177,358.0,358000000,46,219,72,12,0.1299,134,219,454,454000000,177,358,358000000,1,0,0,4810,36,107,0,0,SEARCH_CUTOFF,44,1,0,0,-1,358,-1,177,-1,5038,20839,5038,53556,0,0,30,25048,9696,125,136137,35716,0,39621,200.947,158484,74053,TASKBR_VACANCY_V1,77182,15485,77182,110262,142685,77.2765,4739,205645,49029,70254,70254,273813,261747,168731,168731,168731,0,0,0,0,0,0,0,168731,168735,6,BOTTLENECK_TARGET_FRONTIER_CONTINUITY_V2,236.92,38.4826,152.111,36.8107,85.2938,36679,5041,41367,0,8835,61417,0,49029,3279,0,11976,0,4810.82,295566,90235,816.853,12819,0,0,,,,,,,,,,,,,,,,,,,,,,,,,,,,,,,,,,,,,,,,,,,,,,9400.58,9400.68,65aa62cd09700f4bc069ddf0d384ddda1a439d6731994a332b2bc3fba5a8b4a5,9.432,ok,
brap_h8w10_a10_e20_R1_seed0,g8x10,carrier,1,354,726.0,726000000,73,468,140,36,0.1031,152,622,1266,1266000000,354,726,726000000,1,0,0,7665,29,87,0,0,SEARCH_CUTOFF,103,0,0,0,-1,-1,-1,-1,-1,1764,13660,1764,52807,0,0,0,14918,5234,699,159732,88563,0,30880,134.54,123520,143528,TASKBR_VACANCY_V1,89961,17364,89961,107259,151168,70.9535,1436,331103,52764,58527,58527,372256,364427,277944,277944,277944,0,0,0,36,0,0,0,277944,277949,8,BOTTLENECK_TARGET_FRONTIER_CONTINUITY_V2,379.364,71.3766,360.588,94.8998,273.279,24019,2420,30369,0,6381,52144,0,52764,2174,0,12130,0,4983.21,242812,74261,909.078,11003,2,10,,,,,,,,,,,,,,,,,,,,,,,,,,,,,,,,,,,,,,,,,,,,,,9214.22,9214.29,6e5060d02faba1cfe7aacce4ac30c0a6b9a95462b88b5757a9fc11aed8e5d43a,9.242,ok,
brap_h8w10_a10_e20_R1_seed1,g8x10,carrier,1,366,709.0,709000000,80,442,148,40,0.1093,395,1294,2537,2537000000,366,709,709000000,1,0,0,5853,15,45,0,0,SEARCH_CUTOFF,68,0,0,0,-1,-1,-1,-1,-1,2648,15389,2648,65140,0,0,0,19748,6658,3903,165491,19274,0,45021,196.983,180084,105044,TASKBR_VACANCY_V1,105219,22594,105219,114421,189326,60.436,2314,294774,52883,61547,61547,342799,338439,254734,254734,254734,0,0,0,40,0,0,0,254734,254749,8,BOTTLENECK_TARGET_FRONTIER_CONTINUITY_V2,355.03,60.4456,308.95,78.9417,223.825,29021,2943,35374,0,7300,54245,0,52883,6201,0,10634,0,5089.71,285029,85377,896.598,10473,9,2,,,,,,,,,,,,,,,,,,,,,,,,,,,,,,,,,,,,,,,,,,,,,,9235.02,9235.09,5e12c4e6b679cb75900b2c5a7f3c761db7179531551d67a3eaf09d0723340e61,9.263,ok,
brap_h8w10_a10_e2_B_seed0_pool,g8x10,carrier,1,245,566.0,566000000,94,212,180,46,0.1918,247,249,574,574000000,245,566,566000000,1,0,0,8708,30,89,0,0,SEARCH_CUTOFF,14,1,0,0,-1,566,-1,245,-1,279,4136,279,20009,0,0,0,9483,8941,5093,1149384,565106,2,5269,45.5838,21076,571978,TASKBR_VACANCY_V1,26319,22667,26319,83222,521651,15.9536,0,83290,40492,42639,42639,137624,135577,69260,69260,69260,0,0,0,199,0,0,0,69260,69281,2,BOTTLENECK_TARGET_FRONTIER_CONTINUITY_V2,113.719,34.3649,57.2394,16.595,27.7963,16457,477,18735,0,5240,37397,0,40492,2751,0,11235,0,4600.47,185494,55209,1770.21,11372,1,124,,,,,,,,,,,,,,,,,,,,,,,,,,,,,,,,,,,,,,,,,,,,,,9065.84,9065.91,00ba492600070ab5a2bee9e785841904dd40273497812682465921f5ca061354,9.092,ok,
brap_h8w10_a10_e2_B_seed1_pool,g8x10,carrier,1,359,831.0,831000000,147,297,264,87,0.2047,1481,800,1875,1875000000,359,831,831000000,1,1,1,4,15,45,0,0,STRICT_IMPROVEMENT,28,1,1,1,2205,1411,831,609,359,481,175,481,18397,0,0,0,17263,16315,8912,3444185,1729989,13,7777,66.2892,31108,1692288,TASKBR_VACANCY_V1,3265,3021,3265,11266,73310,15.3676,36,2656,1514,1664,1664,5249,4963,2193,2193,2193,0,0,0,163,0,0,0,2193,2212,2,BOTTLENECK_TARGET_FRONTIER_CONTINUITY_V2,5.73927,1.55531,2.48749,0.633056,1.26013,483,114,576,0,14,1648,0,1514,761,0,0,0,2123.87,9590,2677,87.0614,156,1,0,,,,,,,,,,,,,,,,,,,,,,,,,,,,,,,,,,,,,,,,,,,,,,2227.19,2227.27,8ef0f2f0c82bebc2f32c9a235b22d6e1a45bd6a16e76a39e95ecf1b39fe6430a,2.239,ok,
brap_h8w10_a10_e2_R1_seed0,g8x10,carrier,1,889,2014.0,2014000000,379,739,620,253,0.2132,1727,1315,2976,2976000000,889,2014,2014000000,1,0,0,4197,9,27,0,0,SEARCH_CUTOFF,106,0,0,0,-1,-1,-1,-1,-1,758,3457,758,85975,0,0,0,30379,28877,19912,7453021,3696930,235,26970,225.547,107880,3488198,TASKBR_VACANCY_V1,24573,21451,24573,122998,667449,18.4281,246,51720,24857,26904,26904,85080,82887,42820,42820,42820,0,0,0,265,0,0,0,42820,42835,2,BOTTLENECK_TARGET_FRONTIER_CONTINUITY_V2,74.4053,23.7892,37.2246,10.5307,17.1973,10259,520,12378,0,2489,24413,0,24857,3146,0,5747,0,6397.08,120779,35973,1314.57,6489,7,5,,,,,,,,,,,,,,,,,,,,,,,,,,,,,,,,,,,,,,,,,,,,,,8798.54,8798.61,925bd66e6f1789dc2065fb87c1b2a9a90df1babd0c43a86cca8c81f62caf14c3,8.821,ok,
brap_h8w10_a10_e2_R1_seed1,g8x10,carrier,1,795,1697.0,1697000000,306,647,532,209,0.1925,1247,1202,2617,2617000000,795,1697,1697000000,1,0,0,8489,48,144,0,0,SEARCH_CUTOFF,65,0,0,0,-1,-1,-1,-1,-1,728,3629,728,65613,0,0,0,23066,21655,12543,3150506,1565606,27,23408,194.088,93632,1584471,TASKBR_VACANCY_V1,18531,12960,18531,69905,225719,30.9699,216,85673,39178,44142,44142,143239,141086,72663,72663,72663,0,0,0,156,0,0,0,72663,72740,2,BOTTLENECK_TARGET_FRONTIER_CONTINUITY_V2,105.432,24.3844,53.0942,15.7679,27.0932,17606,445,19822,0,5455,38685,0,39178,3789,0,10669,0,4833.09,199049,59486,956.748,9651,8,0,,,,,,,,,,,,,,,,,,,,,,,,,,,,,,,,,,,,,,,,,,,,,,9026.19,9026.26,b0d35c41d8b1bb72af530c53fcf75b7ece31394e94521f4a5a7f2baecf257c57,9.054,ok,
dense_channel_bedge_h40w40_b3_a1_s8of9_r16_t24_seed0,dense_channel_block_edge_40x40,carrier,1,35,466.0,466000000,39,334,78,0,0.0696,1234,35,466,466000000,35,466,466000000,1,0,0,0,9246,112972,0,0,SEARCH_CUTOFF,13,1,0,0,-1,466,-1,35,-1,41,16,41,7636,0,0,0,934,264,0,1339,161,0,2516,75.0179,1761200,1539,TASKBR_VACANCY_V1,914,45,914,1262,1307,96.557,0,16621,5121,7765,7765,17057,17057,16663,16663,16663,0,0,0,0,0,0,0,16663,118166,24,BOTTLENECK_TARGET_FRONTIER_CONTINUITY_V2,31.7654,13.1927,57.7774,8.53905,69.9748,3141,2,3140,0,23,217,7523,5121,105,0,0,0,5140.23,77424,16000,547.787,2492,0,0,,,,,,,,,,,,,,,,,,,,,,,,,,,,,,,,,,,,,,,,,,,,,,8597.01,8597.25,cf15ffc4d0311c7d7f24ddc57a81505a543db49175f6a98c46b23807255269e8,8.629,ok,
dense_channel_bedge_h40w40_b3_a1_s8of9_r32_t48_seed0,dense_channel_block_edge_40x40,carrier,1,27,646.0,646000000,71,411,141,0,0.0822,2132,27,647,647000000,27,646,646000000,1,1,1,3,29,921,0,0,STRICT_IMPROVEMENT,15,1,1,1,2747,647,646,27,27,45,21,45,8783,0,1,0,1217,231,0,156,0,1,3161,90.0242,2212700,879,TASKBR_VACANCY_V1,1318,71,1318,1592,1663,95.7306,0,1724,478,87,87,2171,2171,1763,1763,1763,0,0,0,0,0,0,0,1763,2736,48,BOTTLENECK_TARGET_FRONTIER_CONTINUITY_V2,1.68872,1.56744,44.9439,5.43509,191.905,19,11,14,0,4,7,74,478,228,0,0,0,2158.81,23250,547,53.5715,106,3,0,,,,,,,,,,,,,,,,,,,,,,,,,,,,,,,,,,,,,,,,,,,,,,2801.34,2801.69,516ffa47dd2e47716c90a8b6f062dc31ed86a2cd16e43624a134d6c467f771f0,2.826,ok,
dense_channel_bedge_h40w40_b3_a1_s8of9_r8_t12_seed0,dense_channel_block_edge_40x40,carrier,1,39,249.0,249000000,18,189,36,0,0.0577,632,39,249,249000000,39,249,249000000,1,0,0,1955,14727,47282,0,0,SEARCH_CUTOFF,2,1,0,0,-1,249,-1,39,-1,31,10,31,2359,0,0,0,294,82,0,0,0,0,851,30.8961,595700,210,TASKBR_VACANCY_V1,266,17,266,365,382,95.5497,0,11163,107,10677,10677,11362,11362,11217,11217,11217,0,0,0,0,0,0,0,11217,79351,12,BOTTLENECK_TARGET_FRONTIER_CONTINUITY_V2,31.3259,8.99052,26.299,5.91282,18.747,5673,2,5672,0,24,194,10457,107,47,0,0,0,4463.06,28308,11222,432.891,25,0,0,,,,,,,,,,,,,,,,,,,,,,,,,,,,,,,,,,,,,,,,,,,,,,8623.93,8624.18,b10b6b66f655dac73ddc4f79a6e1571dd826417cd1afa3dc96e92b675a406f7a,8.656,ok,
dense_channel_bedge_h40w40_b4_a1_s15of16_r16_t24_seed0,dense_channel_block_edge_40x40,carrier,1,48,751.0,751000000,116,419,124,0,0.151,2485,48,751,751000000,48,751,751000000,1,0,0,5350,5,84,0,0,SEARCH_CUTOFF,15,1,0,0,-1,751,-1,48,-1,98,4090,98,24935,0,0,2,2703,1186,4,13807,3546,0,5886,192.931,3390336,10839,TASKBR_VACANCY_V1,34415,4876,34415,42051,47183,89.1232,0,26837,17463,4208,4208,36530,36524,35739,35739,35739,0,0,0,6,0,0,0,35739,76137,24,BOTTLENECK_TARGET_FRONTIER_CONTINUITY_V2,36.6079,18.4183,127.768,19.6951,183.039,9,3,7,0,1,2,4203,17463,9497,0,0,0,6617.19,934868,33610,1442.36,11347,1456,0,,,,,,,,,,,,,,,,,,,,,,,,,,,,,,,,,,,,,,,,,,,,,,8588.84,8589.1,8843e21417c58576873ae6fde3622142b6f9a76c60179b22dcb56fbe98f263a0,8.623,ok,
dense_channel_bedge_h40w40_b4_a1_s15of16_r32_t48_seed0,dense_channel_block_edge_40x40,carrier,1,62,1764.0,1764000000,310,938,256,2,0.1562,7277,62,1764,1764000000,62,1764,1764000000,1,0,0,0,5,163,0,0,SEARCH_CUTOFF,42,1,0,0,-1,1764,-1,62,-1,73,57,73,52951,1,0,40,4824,2635,150,24322,6962,2,15393,398.73,8866368,19174,TASKBR_VACANCY_V1,3310,473,3310,6784,9016,75.244,0,3315,995,139,139,4954,4889,3610,3610,3610,0,0,0,54,0,0,0,3610,5332,48,BOTTLENECK_TARGET_FRONTIER_CONTINUITY_V2,3.29222,3.42613,87.0978,12.1612,1033.8,9,3,6,0,1,0,136,995,769,0,0,0,7985.8,378692,1070,142.352,265,4,0,,,,,,,,,,,,,,,,,,,,,,,,,,,,,,,,,,,,,,,,,,,,,,8581.98,8582.39,e5ee970a25467a29dfacae1a90e98ecc3c5b4308e5211098697350d1275d199a,8.615,ok,
dense_channel_bedge_h40w40_b4_a1_s15of16_r8_t12_seed0,dense_channel_block_edge_40x40,carrier,1,57,461.0,461000000,50,309,64,0,0.1096,1201,57,461,461000000,57,461,461000000,1,0,0,12412,15,134,0,0,SEARCH_CUTOFF,9,1,0,0,-1,461,-1,57,-1,67,6277,67,9586,0,0,3,1185,605,0,3091,1526,0,2229,90.9209,1283904,4353,TASKBR_VACANCY_V1,32745,397,32745,39719,40156,98.9117,0,35118,11719,6906,6906,42937,42937,40371,40371,40371,0,0,0,0,0,0,0,40371,46771,12,BOTTLENECK_TARGET_FRONTIER_CONTINUITY_V2,41.1926,14.9549,78.2188,13.7599,51.3713,151,2,2706,0,2,0,6902,11719,7464,0,0,0,6064.32,557044,55170,1338.39,6946,1269,0,,,,,,,,,,,,,,,,,,,,,,,,,,,,,,,,,,,,,,,,,,,,,,8605.99,8606.23,f7795935056b1fad088fc832a791a4b9a1ee2bf725a408f54ad0f504d2427832,8.64,ok,
dense_channel_bedge_h40w40_b9_a1_s76of81_r16_t24_seed0,dense_channel_block_edge_40x40,carrier,1,115,1725.0,1725000000,229,972,350,55,0.1245,7953,115,1725,1725000000,115,1725,1725000000,1,0,0,0,9,152,0,0,SEARCH_CUTOFF,80,1,0,0,-1,1725,-1,115,-1,119,84,119,183778,1,9,8,4982,2850,73,2240,2503,0,69914,1515.38,21253856,44593,TASKBR_VACANCY_V1,3466,426,3466,7560,8769,86.2128,0,3642,1336,245,245,5699,5657,3887,3887,3887,0,0,0,0,0,0,0,3887,4836,24,BOTTLENECK_TARGET_FRONTIER_CONTINUITY_V2,3.3979,2.30214,34.5959,4.43402,67.1533,13,2,14,0,2,2,239,1336,513,0,0,0,8166.35,92778,1892,80.1346,312,13,0,,,,,,,,,,,,,,,,,,,,,,,,,,,,,,,,,,,,,,,,,,,,,,8552.78,8553.05,8c39b2f74851c15e3da685637452baf3940b3cf8d1660aada0a14be805ae376e,8.593,ok,
dense_channel_bedge_h40w40_b9_a1_s76of81_r32_t48_seed0,dense_channel_block_edge_40x40,carrier,0,,,,,,,,,,,,,,,,,,,,,,,,,,,,,,,,,,,,,,,,,,,,,,,83706,1690.08,25446624,41642,TASKBR_VACANCY_V1,1590,378,1590,4264,6238,68.3552,0,,,,,,,,,,,,,,,,,,,,,,,,,,,,,,,,,,,,,,,,,,,,,,,,,,,,,,,,,,,,,,,,,,,,,,,,,,,,,,,,,,,,,,,,,,,,,9.069,timeout,ements=0 assignment_second_solution_ms=-1 assignment_first_soc=-1 assignment_second_soc=-1 assignment_first_makespan=-1 assignment_second_makespan=-1
dense_channel_bedge_h40w40_b9_a1_s76of81_r8_t12_seed0,dense_channel_block_edge_40x40,carrier,1,99,820.0,820000000,96,517,138,18,0.1212,2261,137,980,980000000,99,820,820000000,1,1,1,0,11,98,0,0,STRICT_IMPROVEMENT,52,1,1,1,2750,980,820,137,99,139,50,139,69518,0,0,2,2216,1188,0,500,1817,0,21883,547.374,6652432,16327,TASKBR_VACANCY_V1,1327,216,1327,2657,3293,80.6863,0,1953,860,312,312,3099,3070,2309,2309,2309,0,0,0,0,0,0,0,2309,3003,12,BOTTLENECK_TARGET_FRONTIER_CONTINUITY_V2,2.29872,1.04653,6.96631,1.02749,6.21641,34,4,40,0,7,0,303,860,275,0,0,0,2398.71,43894,2329,49.6421,247,0,0,,,,,,,,,,,,,,,,,,,,,,,,,,,,,,,,,,,,,,,,,,,,,,2843.99,2844.28,aebd301139353d3615ad71d1e595b1b2621d2890b7d4dbb64c73ace604782df3,2.874,ok,
g1_dhigh_abaseline_pcross_heavy_gshared_pool_seed0,warehouse_random_factorial,carrier,1,15,35.0,35000000,7,20,8,0,0.1556,2,15,35,35000000,15,35,35000000,1,0,0,41417,1222,427,0,0,SEARCH_CUTOFF,0,1,0,0,-1,35,-1,15,-1,3857,27625,3857,16188,2,4103,0,10737,934,653,116741,57577,4782,8912,51.228,249536,71903,TASKBR_VACANCY_V1,78547,10935,78547,72988,91044,80.1678,3595,103463,26741,44425,44425,105404,104709,95953,95953,95953,0,0,0,0,0,0,0,95953,99401,4,BOTTLENECK_TARGET_FRONTIER_CONTINUITY_V2,51.9038,24.4304,96.4424,22.6024,47.2528,24998,3670,26589,0,1537,12494,30392,26741,42935,0,2644,0,5186.47,5504246,202983,1349.47,5174,0,14,,,,,,,,,,,,,,,,,,,,,,,,,,,,,,,,,,,,,,,,,,,,,,8813.07,8813.09,6d7ab8f558223561cb25b52a39b6797de12f8aea4c64b7110f9ac8b2ce024677,8.84,ok,
g1_dhigh_abaseline_pcross_heavy_gsingleton_seed0,warehouse_random_factorial,carrier,1,18,50.0,50000000,26,16,8,0,0.4815,6,18,50,50000000,18,50,50000000,1,0,0,54084,1606,492,0,0,SEARCH_CUTOFF,0,0,0,0,-1,-1,-1,-1,-1,8024,18592,8024,33562,0,13391,0,17346,3027,717,55411,34590,15777,21966,106.69,615048,29674,TASKBR_VACANCY_V1,49017,7056,49017,50868,70186,72.476,7754,49054,12367,28995,28995,57728,54816,37782,37782,37782,0,0,0,1575,0,0,0,37782,37995,4,BOTTLENECK_TARGET_FRONTIER_CONTINUITY_V2,27.6277,11.0621,33.6633,9.53037,15.07,19062,7249,20932,0,2245,10657,16091,12367,44815,0,2569,0,6331.78,15334279,158384,2334.57,1454,0,94,,,,,,,,,,,,,,,,,,,,,,,,,,,,,,,,,,,,,,,,,,,,,,8700.85,8700.87,a140b2f9525e5b67262a39012ec681e36613175aac453e8f8875d1aa5640cd44,8.721,ok,
g1_dhigh_abaseline_plocal_gshared_pool_seed0,warehouse_random_factorial,carrier,1,17,50.0,50000000,21,19,10,1,0.4118,4,18,44,44000000,17,50,50000000,1,1,1,63887,1540,509,0,0,STRICT_IMPROVEMENT,1,1,1,1,8014,44,50,18,17,4432,29697,4432,15988,0,6322,0,7687,396,206,8831,25094,7179,12472,56.9821,349216,16700,TASKBR_VACANCY_V1,54766,6221,54766,51627,64110,80.5288,4162,67153,22078,43602,43602,69978,68991,59972,59972,59972,0,0,0,157,0,0,0,59972,67169,4,BOTTLENECK_TARGET_FRONTIER_CONTINUITY_V2,41.6585,16.334,50.7659,15.204,23.352,27336,4651,27605,0,2013,14547,27040,22078,44988,0,4032,0,4464.8,11805009,177829,2029.99,6152,119,9,,,,,,,,,,,,,,,,,,,,,,,,,,,,,,,,,,,,,,,,,,,,,,8354.11,8354.13,af25f91a2373ba2b55e48f3e87d1f5a31a5894078c7b16df56ef82f413b18b67,8.381,ok,
g1_dhigh_abaseline_plocal_gsingleton_seed0,warehouse_random_factorial,carrier,1,18,44.0,44000000,12,17,13,1,0.2222,4,18,45,45000000,18,44,44000000,1,1,1,1256,622,250,0,0,STRICT_IMPROVEMENT,2,0,0,0,-1,-1,-1,-1,-1,176,3004,176,594,0,100,0,229,20,0,210,136,118,426,2.24404,11928,153,TASKBR_VACANCY_V1,3864,616,3864,3307,4527,73.0506,0,5087,1970,4453,4453,5116,5008,4778,4778,4778,0,0,0,10,0,0,0,4778,7149,4,BOTTLENECK_TARGET_FRONTIER_CONTINUITY_V2,3.51642,1.43991,4.25721,1.31917,1.96782,2700,283,2653,0,249,1585,2617,1970,3514,0,145,0,223.295,499946,10576,99.9258,556,0,0,,,,,,,,,,,,,,,,,,,,,,,,,,,,,,,,,,,,,,,,,,,,,,430.411,430.432,c28bc3e3cf6802b6967a4859b0d47c74de2500bd038e2fd76f0898b54fb32598,0.44,ok,
g1_dhigh_abaseline_pmixed_gshared_pool_seed0,warehouse_random_factorial,carrier,1,14,38.0,38000000,10,20,8,0,0.2381,3,14,38,38000000,14,38,38000000,1,0,0,67341,1314,449,0,0,SEARCH_CUTOFF,0,1,0,0,-1,38,-1,14,-1,4410,29279,4410,13105,0,4196,0,11588,500,5,39651,36889,5352,9868,57.4688,276304,18401,TASKBR_VACANCY_V1,79203,4141,79203,77994,84845,91.9253,4144,108758,23223,45223,45223,110369,107946,94958,94958,94958,0,0,0,0,0,0,0,94958,95053,4,BOTTLENECK_TARGET_FRONTIER_CONTINUITY_V2,50.0403,22.9358,87.6388,21.2591,38.219,28004,4562,30190,0,2375,16331,26515,23223,42499,0,4122,0,4772.3,6802476,206044,1470.02,3467,0,0,,,,,,,,,,,,,,,,,,,,,,,,,,,,,,,,,,,,,,,,,,,,,,9183.96,9183.98,8f4b174e4f439ec25a373ca68d4ae878cee7d3c493fd22384bd32549464bb057,9.21,ok,
g1_dhigh_abaseline_pmixed_gsingleton_seed0,warehouse_random_factorial,carrier,1,24,59.0,59000000,28,23,8,0,0.3889,9,27,63,63000000,24,59,59000000,1,1,1,1,26,94,1,1,REFERENCE_SUFFIX_ACCEPTED,4,0,0,0,-1,-1,-1,-1,-1,40,4,40,164,0,48,0,54,4,0,966,210,53,115,0.55296,3220,580,TASKBR_VACANCY_V1,41,3,41,38,50,76,0,87,29,59,59,87,83,83,83,83,0,0,0,0,0,0,0,83,91,4,BOTTLENECK_TARGET_FRONTIER_CONTINUITY_V2,0.082783,0.027098,0.11013,0.0237,0.048449,42,22,39,0,6,20,31,29,68,0,0,0,17.5005,18002,201,3.02196,5,0,2,,,,,,,,,,,,,,,,,,,,,,,,,,,,,,,,,,,,,,,,,,,,,,20.0566,20.0718,f30447428154b678e72e1e30d88214b52822478ebc631ce9c0f298abb45c4f90,0.028,ok,
g1_dhigh_aequal_pcross_heavy_gshared_pool_seed0,warehouse_random_factorial,carrier,1,10,33.0,33000000,7,18,8,0,0.175,2,10,33,33000000,10,33,33000000,1,0,0,20873,3775,1700,0,0,SEARCH_CUTOFF,0,1,0,0,-1,33,-1,10,-1,499,40117,499,2180,0,484,0,1441,98,30,15498,10562,496,1095,6.59857,30660,7506,TASKBR_VACANCY_V1,111307,14771,111307,101679,126825,80.1727,237,138544,48872,55707,55707,139499,137342,135624,135624,135624,0,0,0,125,0,0,0,135624,148265,4,BOTTLENECK_TARGET_FRONTIER_CONTINUITY_V2,67.6494,29.7256,121.514,27.9314,58.2956,25781,364,26044,0,125,1949,53631,48872,54574,0,459,0,3702.88,9133236,373329,1974.49,13535,0,0,,,,,,,,,,,,,,,,,,,,,,,,,,,,,,,,,,,,,,,,,,,,,,8875.92,8875.94,061a72fff58347f3d17b0d0b1116ac902c39915ad56fd056ce422b0fca0b2aac,8.904,ok,
g1_dhigh_aequal_pcross_heavy_gsingleton_seed0,warehouse_random_factorial,carrier,1,16,49.0,49000000,26,15,8,0,0.4062,5,16,49,49000000,16,49,49000000,1,0,0,138515,1341,653,0,0,SEARCH_CUTOFF,0,0,0,0,-1,-1,-1,-1,-1,5506,19938,5506,34155,0,10869,0,10084,2387,836,16338,16394,12689,16910,78.6849,473480,16541,TASKBR_VACANCY_V1,29796,8593,29796,32066,56728,56.5259,5238,26254,22222,26777,26777,33659,32023,26831,26831,26831,0,0,0,154,0,0,0,26831,31873,4,BOTTLENECK_TARGET_FRONTIER_CONTINUITY_V2,22.9098,8.38585,23.1813,7.25043,10.3833,12299,8557,12367,0,344,3326,23105,22222,53299,0,824,0,5091.86,19983870,188259,2740.54,5544,0,252,,,,,,,,,,,,,,,,,,,,,,,,,,,,,,,,,,,,,,,,,,,,,,8832.8,8832.82,d6271f5ce124b0557e0fcfdca318982525ecfabc7c53484578eded65308f7277,8.852,ok,
g1_dhigh_aequal_plocal_gshared_pool_seed0,warehouse_random_factorial,carrier,1,17,40.0,40000000,17,15,8,0,0.25,3,17,40,40000000,17,40,40000000,1,0,0,133904,1281,641,0,0,SEARCH_CUTOFF,0,1,0,0,-1,40,-1,17,-1,430,40185,430,679,0,638,0,393,0,0,733,448,782,861,4.3763,24108,645,TASKBR_VACANCY_V1,3532,1366,3532,2166,4898,44.2221,161,7446,2860,50025,50025,7446,2889,2889,2889,2889,0,0,0,0,0,0,0,2889,6408,4,BOTTLENECK_TARGET_FRONTIER_CONTINUITY_V2,25.0634,0.99577,3.36623,0.889638,1.55519,47219,47213,24948,0,750,6553,42720,2860,53133,0,1249,0,1984.15,4941495,80937,835.079,0,0,0,,,,,,,,,,,,,,,,,,,,,,,,,,,,,,,,,,,,,,,,,,,,,,8873.42,8873.44,ae8667867a98d3363ab6bc6606ef8df74416cb5efa1064bff2dfac848e6d6c36,8.904,ok,
g1_dhigh_aequal_plocal_gsingleton_seed0,warehouse_random_factorial,carrier,1,17,44.0,44000000,14,16,12,0,0.2059,3,18,44,44000000,17,44,44000000,1,1,1,3,14,62,1,1,REFERENCE_SUFFIX_ACCEPTED,2,0,0,0,-1,-1,-1,-1,-1,26,3,26,166,0,15,0,38,8,0,74,25,15,73,0.353276,2044,70,TASKBR_VACANCY_V1,26,11,26,26,43,60.4651,0,52,25,43,43,71,67,55,55,55,0,0,0,0,0,0,0,55,78,4,BOTTLENECK_TARGET_FRONTIER_CONTINUITY_V2,0.064906,0.02252,0.068924,0.016741,0.061365,24,20,20,0,9,11,21,25,41,0,0,0,5.69729,2038,144,0.789927,3,2,0,,,,,,,,,,,,,,,,,,,,,,,,,,,,,,,,,,,,,,,,,,,,,,7.70793,7.72207,6b034ef72c2a1af8889fde00a743f9b43b02d101cd1906e082d8196b648c5714,0.015,ok,
g1_dhigh_aequal_pmixed_gshared_pool_seed0,warehouse_random_factorial,carrier,1,13,42.0,42000000,10,24,8,0,0.1923,3,13,42,42000000,13,42,42000000,1,0,0,92321,2802,1046,0,0,SEARCH_CUTOFF,0,1,0,0,-1,42,-1,13,-1,410,42487,410,975,0,351,0,934,62,3,1433,2061,432,939,5.37077,26292,1023,TASKBR_VACANCY_V1,81273,4975,81273,79714,86446,92.2125,145,103077,50092,53343,53343,104121,96697,94633,94633,94633,0,0,0,45,0,0,0,94633,119160,4,BOTTLENECK_TARGET_FRONTIER_CONTINUITY_V2,53.1925,22.812,81.0666,20.6922,39.0051,28421,230,24688,0,315,3731,49295,50092,48157,0,842,0,3084.71,7334171,287147,1579.93,24582,0,0,,,,,,,,,,,,,,,,,,,,,,,,,,,,,,,,,,,,,,,,,,,,,,8867.15,8867.17,2645d0e448499cf9c352195a9820093da168ac6f52c13ddf9ca0dd5ac87fc33e,8.896,ok,
g1_dhigh_aequal_pmixed_gsingleton_seed0,warehouse_random_factorial,carrier,1,21,56.0,56000000,28,20,8,0,0.3333,9,21,56,56000000,21,56,56000000,1,0,0,178749,595,468,0,0,SEARCH_CUTOFF,0,0,0,0,-1,-1,-1,-1,-1,288,38269,288,279,0,405,0,275,10,6,1018,312,380,606,3.12342,16968,606,TASKBR_VACANCY_V1,34,14,34,28,56,50,14,2372,11,47340,47340,2386,61,53,53,53,0,0,0,0,0,0,0,53,53,4,BOTTLENECK_TARGET_FRONTIER_CONTINUITY_V2,23.0298,0.019528,0.069144,0.017843,0.049,47323,47313,21683,0,255,3467,43616,11,46970,0,1345,0,1473.2,1739246,63984,449.519,0,4,0,,,,,,,,,,,,,,,,,,,,,,,,,,,,,,,,,,,,,,,,,,,,,,8854.06,8854.08,7e273fe6e900da2bb8a8d56c45e20d6a998aa37b952a2d5327b370a2a41a7f22,8.883,ok,
g1_dhigh_ascarce_pcross_heavy_gshared_pool_seed0,warehouse_random_factorial,carrier,1,18,33.0,33000000,7,18,8,0,0.1944,2,18,33,33000000,18,33,33000000,1,0,0,5865,368,144,0,0,SEARCH_CUTOFF,0,1,0,0,-1,33,-1,18,-1,6294,17085,6294,60930,242,3162,0,22808,1910,619,284818,131185,3344,15495,91.8505,433860,209457,TASKBR_VACANCY_V1,73085,6335,73085,71738,83082,86.346,6031,152704,22515,49163,49163,157168,154491,125066,125066,125066,0,0,0,51,0,0,0,125066,125075,4,BOTTLENECK_TARGET_FRONTIER_CONTINUITY_V2,55.393,25.7018,123.335,28.0817,60.2749,32474,6347,34854,0,7895,41266,0,22515,22362,0,8651,0,6587.25,1549388,80461,561.819,4781,0,4,,,,,,,,,,,,,,,,,,,,,,,,,,,,,,,,,,,,,,,,,,,,,,8757.13,8757.15,875e714e90821df7b0b176d553ffcdf56feb753911aaa68fdd3fd8e08980d45d,8.779,ok,
g1_dhigh_ascarce_pcross_heavy_gsingleton_seed0,warehouse_random_factorial,carrier,1,30,58.0,58000000,26,24,8,0,0.4333,9,31,58,58000000,30,58,58000000,1,1,1,1,30,84,1,1,REFERENCE_SUFFIX_ACCEPTED,2,0,0,0,-1,-1,-1,-1,-1,40,2,40,164,0,43,0,72,4,4,496,101,40,105,0.519729,2940,241,TASKBR_VACANCY_V1,58,11,58,53,71,74.6479,0,124,17,69,69,128,124,84,84,84,0,0,0,0,0,0,0,84,84,4,BOTTLENECK_TARGET_FRONTIER_CONTINUITY_V2,0.063878,0.021343,0.092845,0.020304,0.03592,54,32,52,0,5,62,0,17,64,0,0,0,18.6487,10101,119,1.74835,0,0,0,,,,,,,,,,,,,,,,,,,,,,,,,,,,,,,,,,,,,,,,,,,,,,21.3342,21.349,a496a7e5d387acfae08d11acc4645a81cc2eff4cdc2c8498bcdc5fc060bd7389,0.029,ok,
g1_dhigh_ascarce_plocal_gshared_pool_seed0,warehouse_random_factorial,carrier,1,26,48.0,48000000,17,23,8,0,0.3269,5,26,50,50000000,26,48,48000000,1,1,1,284,294,157,0,0,STRICT_IMPROVEMENT,0,1,1,1,164,50,48,26,26,130,768,130,501,0,86,0,314,18,4,432,783,72,396,1.86447,11088,502,TASKBR_VACANCY_V1,1846,176,1846,1670,2138,78.1104,0,4645,1042,2146,2146,4737,4690,4118,4118,4118,0,0,0,18,0,0,0,4118,4118,4,BOTTLENECK_TARGET_FRONTIER_CONTINUITY_V2,1.79559,0.774747,3.20413,0.800516,1.4005,1504,162,1577,0,403,1741,0,1042,833,0,271,0,102.005,36840,3654,19.3008,290,0,0,,,,,,,,,,,,,,,,,,,,,,,,,,,,,,,,,,,,,,,,,,,,,,172.022,172.043,461a502634bf260583a9e5a3af461f66cc1501087e8ed11a848fb15a245e3646,0.18,ok,
g1_dhigh_ascarce_plocal_gsingleton_seed0,warehouse_random_factorial,carrier,1,24,45.0,45000000,12,19,12,0,0.25,5,24,47,47000000,24,45,45000000,1,1,1,604,317,146,0,0,STRICT_IMPROVEMENT,0,0,0,0,-1,-1,-1,-1,-1,383,1293,383,1512,0,269,0,843,37,2,3213,2147,323,919,5.20675,25732,2044,TASKBR_VACANCY_V1,3261,184,3261,3104,3459,89.7369,114,5394,879,2603,2603,5417,5367,4188,4188,4188,0,0,0,3,0,0,0,4188,4193,4,BOTTLENECK_TARGET_FRONTIER_CONTINUITY_V2,2.385,0.967372,3.70641,0.904453,1.53351,1891,557,1896,0,632,1969,0,879,1863,0,407,0,235.932,196144,4657,44.8677,16,0,0,,,,,,,,,,,,,,,,,,,,,,,,,,,,,,,,,,,,,,,,,,,,,,342.492,342.511,e7ad4d9417493f1b605500ce7e01704eb4d363a5efd44ec41eb55f336b960499,0.35,ok,
g1_dhigh_ascarce_pmixed_gshared_pool_seed0,warehouse_random_factorial,carrier,1,20,36.0,36000000,10,18,8,0,0.25,4,20,38,38000000,20,36,36000000,1,1,1,16,169,105,1,1,REFERENCE_SUFFIX_ACCEPTED,0,1,1,1,39,38,36,20,20,26,128,26,92,0,18,0,68,0,0,297,107,12,55,0.35904,1540,127,TASKBR_VACANCY_V1,298,6,298,292,304,96.0526,0,1185,197,566,566,1185,1174,1117,1117,1117,0,0,0,0,0,0,0,1117,1117,4,BOTTLENECK_TARGET_FRONTIER_CONTINUITY_V2,0.475471,0.226666,0.850109,0.20906,0.29271,424,16,423,0,110,454,0,197,143,0,42,0,26.9363,5900,985,4.38026,44,0,0,,,,,,,,,,,,,,,,,,,,,,,,,,,,,,,,,,,,,,,,,,,,,,40.7696,40.7864,181a60b6b8f02ce91cbec094956d4e571c1a0f684e213861be184c534ffbdefa,0.048,ok,
g1_dhigh_ascarce_pmixed_gsingleton_seed0,warehouse_random_factorial,carrier,1,40,82.0,82000000,27,43,9,0,0.3375,18,44,77,77000000,40,82,82000000,1,1,1,346,174,160,0,0,STRICT_IMPROVEMENT,12,0,0,0,-1,-1,-1,-1,-1,192,426,192,432,0,107,0,215,22,2,2190,617,131,395,2.27381,11060,1389,TASKBR_VACANCY_V1,327,93,327,276,441,62.585,0,1125,498,1631,1631,1164,1082,1033,1033,1033,0,0,0,36,0,0,0,1033,1570,4,BOTTLENECK_TARGET_FRONTIER_CONTINUITY_V2,0.944249,0.293116,0.928797,0.308337,0.29372,1242,626,1100,0,478,1151,0,498,598,0,208,0,90.8719,71595,1830,18.3089,125,0,2,,,,,,,,,,,,,,,,,,,,,,,,,,,,,,,,,,,,,,,,,,,,,,148.524,148.546,720a12e7ebf0df02b46d3c445fbb052108f6cdd7361350e35c7b778eec94c224,0.156,ok,
g1_dhigh_asurplus_pcross_heavy_gshared_pool_seed0,warehouse_random_factorial,carrier,1,10,30.0,30000000,7,15,8,0,0.1167,2,10,30,30000000,10,30,30000000,1,0,0,33477,778,1922,0,0,SEARCH_CUTOFF,0,1,0,0,-1,30,-1,10,-1,102,23893,102,391,0,75,0,258,3,3,2645,1329,84,233,1.4361,6524,1382,TASKBR_VACANCY_V1,47874,10170,47874,39234,58044,67.5935,0,50711,10008,31137,31137,50711,50711,50711,50711,50711,0,0,0,0,0,0,0,50711,136255,4,BOTTLENECK_TARGET_FRONTIER_CONTINUITY_V2,41.6647,16.7911,66.3201,14.4025,36.0297,17193,65,17188,0,45,494,30596,10008,36018,0,13,0,2074.95,3928054,177832,1017.6,60,0,0,,,,,,,,,,,,,,,,,,,,,,,,,,,,,,,,,,,,,,,,,,,,,,8795.1,8795.12,97e59c4fd24ccfb3dda1f8de6f0aae736853d7a9af7f245dc7194ec6be812ed9,8.815,ok,
g1_dhigh_asurplus_pcross_heavy_gsingleton_seed0,warehouse_random_factorial,carrier,1,15,43.0,43000000,26,9,8,0,0.2889,4,15,43,43000000,15,43,43000000,1,0,0,133191,8,54,0,0,SEARCH_CUTOFF,0,0,0,0,-1,-1,-1,-1,-1,125,24582,125,254,0,232,0,70,2,2,144,109,289,294,1.38551,8232,82,TASKBR_VACANCY_V1,7337,2274,7337,5066,9611,52.7104,0,7706,5138,25470,25470,7706,5156,5156,5156,5156,0,0,0,0,0,0,0,5156,19367,4,BOTTLENECK_TARGET_FRONTIER_CONTINUITY_V2,20.3448,2.13511,7.80469,1.85472,2.22455,20329,20325,15671,0,42,491,24935,5138,53537,0,42,0,3313.24,17188092,143727,2561.73,0,0,0,,,,,,,,,,,,,,,,,,,,,,,,,,,,,,,,,,,,,,,,,,,,,,8786.66,8786.68,8c8819db8fd39c7ec4ab072f0ff85a27cd79732d97ea63f5dfd82bc693fe1d7f,8.805,ok,
g1_dhigh_asurplus_plocal_gshared_pool_seed0,warehouse_random_factorial,carrier,1,15,37.0,37000000,17,12,8,0,0.1889,4,15,37,37000000,15,37,37000000,1,0,0,27708,10,68,0,0,SEARCH_CUTOFF,0,1,0,0,-1,37,-1,15,-1,25,26832,25,122,0,29,0,30,0,0,122,12,19,54,0.266396,1512,84,TASKBR_VACANCY_V1,33,21,33,12,54,22.2222,0,36,11,35601,35601,36,33,33,33,33,0,0,0,0,0,0,0,33,55,4,BOTTLENECK_TARGET_FRONTIER_CONTINUITY_V2,22.4479,0.013176,0.052682,0.00997,0.046731,35591,35587,18368,0,48,466,35085,11,33384,0,10,0,1378.4,2638052,45632,503.529,0,0,0,,,,,,,,,,,,,,,,,,,,,,,,,,,,,,,,,,,,,,,,,,,,,,8801.68,8801.7,89510f40fd31b8f73b634da9ff412d582c354f6e76c7fd88aa77da0ffdbd8199,8.821,ok,
g1_dhigh_asurplus_plocal_gsingleton_seed0,warehouse_random_factorial,carrier,1,15,41.0,41000000,12,15,12,0,0.1333,3,17,43,43000000,15,41,41000000,1,1,1,3,19,104,1,1,REFERENCE_SUFFIX_ACCEPTED,0,0,0,0,-1,-1,-1,-1,-1,26,7,26,167,0,13,0,38,8,0,74,25,13,73,0.363486,2044,70,TASKBR_VACANCY_V1,30,12,30,30,48,62.5,0,48,25,44,44,60,56,56,56,56,0,0,0,0,0,0,0,56,119,4,BOTTLENECK_TARGET_FRONTIER_CONTINUITY_V2,0.074237,0.02767,0.086963,0.020838,0.061614,22,20,16,0,13,13,16,25,39,0,0,0,5.98116,2909,131,0.844689,3,5,0,,,,,,,,,,,,,,,,,,,,,,,,,,,,,,,,,,,,,,,,,,,,,,8.12437,8.13881,6e9303283c92d578b9c728b129d56796a9b5ea1bf4750c56486cf39d1d93846b,0.015,ok,
g1_dhigh_asurplus_pmixed_gshared_pool_seed0,warehouse_random_factorial,carrier,1,13,38.0,38000000,10,20,8,0,0.1282,3,13,38,38000000,13,38,38000000,1,0,0,19325,52,230,0,0,SEARCH_CUTOFF,0,1,0,0,-1,38,-1,13,-1,41,27382,41,145,0,43,0,68,1,1,379,130,38,86,0.538108,2408,115,TASKBR_VACANCY_V1,38040,1696,38040,37184,39736,93.5776,0,45194,5816,33312,33312,45614,45614,45614,45614,45614,0,0,0,0,0,0,0,45614,150401,4,BOTTLENECK_TARGET_FRONTIER_CONTINUITY_V2,42.422,16.7012,64.4658,14.2304,48.3221,21446,27,21441,0,45,463,32802,5816,34565,0,6,0,1914.59,3702174,147763,886.508,336,0,0,,,,,,,,,,,,,,,,,,,,,,,,,,,,,,,,,,,,,,,,,,,,,,8808.68,8808.7,847c093477d8c34112b29aec974eee4e476f7df16be2f1eba06ebc67f7c7e762,8.826,ok,
g1_dhigh_asurplus_pmixed_gsingleton_seed0,warehouse_random_factorial,carrier,1,17,61.0,61000000,24,24,11,0,0.2353,6,17,62,62000000,17,61,61000000,1,1,1,370,16175,6938,0,0,STRICT_IMPROVEMENT,0,0,0,0,-1,-1,-1,-1,-1,30,19,30,121,0,32,0,54,17,6,662,195,26,91,0.44367,2548,370,TASKBR_VACANCY_V1,48,28,48,38,95,40,0,11578,4828,11588,11588,11606,11597,11597,11597,11597,0,0,0,3,0,0,0,11597,61034,4,BOTTLENECK_TARGET_FRONTIER_CONTINUITY_V2,12.9364,5.0833,18.7628,4.46609,18.5171,5234,17,3926,0,33,214,11339,4828,85,0,2,0,383.374,40921,11773,46.1267,2400,0,0,,,,,,,,,,,,,,,,,,,,,,,,,,,,,,,,,,,,,,,,,,,,,,2390.69,2390.71,aa014399c4632cc7086d2ddd7766c56db00221fdd903cab7799baf9e31962f2d,2.402,ok,
g1_dlow_abaseline_pcross_heavy_gshared_pool_seed0,warehouse_random_factorial,carrier,1,15,35.0,35000000,7,20,8,0,0.1556,2,15,35,35000000,15,35,35000000,1,0,0,21002,1042,418,0,0,SEARCH_CUTOFF,0,1,0,0,-1,35,-1,15,-1,7618,37875,7618,49140,0,6572,0,21564,980,952,133524,57476,7213,20182,96.0834,565096,32324,TASKBR_VACANCY_V1,118897,27393,118897,99402,148469,66.9514,7356,133280,27255,59804,59804,135219,134789,128784,128784,128784,0,0,0,0,0,0,0,128784,132544,4,BOTTLENECK_TARGET_FRONTIER_CONTINUITY_V2,66.4259,31.8993,124.752,30.7603,64.7258,36533,6091,39148,0,1865,16861,41076,27255,66150,0,2440,0,5915.27,11049717,321995,2254.35,3456,0,16,,,,,,,,,,,,,,,,,,,,,,,,,,,,,,,,,,,,,,,,,,,,,,8892.84,8892.86,6d7ab8f558223561cb25b52a39b6797de12f8aea4c64b7110f9ac8b2ce024677,8.92,ok,
g1_dlow_abaseline_pcross_heavy_gsingleton_seed0,warehouse_random_factorial,carrier,1,17,48.0,48000000,24,16,8,0,0.4706,4,17,48,48000000,17,48,48000000,1,0,0,21058,754,319,0,0,SEARCH_CUTOFF,0,0,0,0,-1,-1,-1,-1,-1,10137,24389,10137,67255,0,12276,0,25671,531,355,110540,82699,13578,29304,133.574,820512,26388,TASKBR_VACANCY_V1,75068,18389,75068,57392,95089,60.3561,9868,68115,17470,38091,38091,68320,65146,59021,59021,59021,0,0,0,0,0,0,0,59021,59041,4,BOTTLENECK_TARGET_FRONTIER_CONTINUITY_V2,38.3255,16.9292,53.5167,15.1785,23.1281,23677,7211,25489,0,1088,10819,26182,17470,56216,0,1923,0,6475.21,13234988,215750,2248.83,1349,0,68,,,,,,,,,,,,,,,,,,,,,,,,,,,,,,,,,,,,,,,,,,,,,,9045.05,9045.08,a7844394521310d894883f274348f72ac83cb7d7766e68189fa74ec3151a1a98,9.067,ok,
g1_dlow_abaseline_plocal_gshared_pool_seed0,warehouse_random_factorial,carrier,1,18,51.0,51000000,11,28,12,2,0.2037,2,19,43,43000000,18,51,51000000,1,1,1,1078,966,485,0,0,STRICT_IMPROVEMENT,6,1,1,1,2558,43,51,19,18,256,12305,256,1093,0,128,0,685,1,1,1375,1049,127,797,3.67551,22316,212,TASKBR_VACANCY_V1,26824,3442,26824,23614,30266,78.0215,0,63049,15321,30345,30345,63133,60671,60599,60599,60599,0,0,0,0,0,0,0,60599,74096,4,BOTTLENECK_TARGET_FRONTIER_CONTINUITY_V2,29.5383,13.3481,50.8677,13.4851,26.6259,23738,144,21649,0,799,8151,21393,15321,10994,0,1548,0,1045.24,898789,102903,431.881,7380,0,0,,,,,,,,,,,,,,,,,,,,,,,,,,,,,,,,,,,,,,,,,,,,,,2751.97,2751.99,5f0c73b56d222203efe6ac8f3afe545a27c304da8e243f7019d88a81f3128a9e,2.769,ok,
g1_dlow_abaseline_plocal_gsingleton_seed0,warehouse_random_factorial,carrier,1,13,33.0,33000000,10,15,8,0,0.2564,2,14,33,33000000,13,33,33000000,1,1,1,537,545,240,0,0,STRICT_IMPROVEMENT,0,0,0,0,-1,-1,-1,-1,-1,247,2857,247,1185,0,172,0,521,4,4,1425,564,179,677,3.27496,18956,366,TASKBR_VACANCY_V1,4630,1029,4630,3617,5659,63.9159,0,4982,1188,3982,3982,4982,4961,4923,4923,4923,0,0,0,0,0,0,0,4923,6854,4,BOTTLENECK_TARGET_FRONTIER_CONTINUITY_V2,3.18654,1.37238,4.27976,1.31155,1.99643,2873,163,2786,0,217,1400,2363,1188,4107,0,97,0,240.964,757735,14649,129.817,151,0,0,,,,,,,,,,,,,,,,,,,,,,,,,,,,,,,,,,,,,,,,,,,,,,356.664,356.684,2a61f9bb8c33aba98bb7bb75c4a4b566a9373914f3033503619ae1b85370751a,0.365,ok,
g1_dlow_abaseline_pmixed_gshared_pool_seed0,warehouse_random_factorial,carrier,1,20,47.0,47000000,10,29,8,0,0.1667,3,20,47,47000000,20,47,47000000,1,0,0,6597,890,439,0,0,SEARCH_CUTOFF,3,1,0,0,-1,47,-1,20,-1,2078,42879,2078,9941,0,1263,0,5874,19,8,43233,11299,1114,6782,30.5375,189896,17953,TASKBR_VACANCY_V1,106622,13490,106622,93308,120348,77.5318,1811,203228,50259,81639,81639,203474,192866,191665,191665,191665,0,0,0,82,0,0,0,191665,206420,4,BOTTLENECK_TARGET_FRONTIER_CONTINUITY_V2,90.8913,40.793,172.277,44.147,84.9378,62188,1193,60878,0,1545,16552,63540,50259,43889,0,5199,0,3821.78,4635109,359969,1573.92,21676,0,0,,,,,,,,,,,,,,,,,,,,,,,,,,,,,,,,,,,,,,,,,,,,,,9048.72,9048.75,d81f28b8575535e1ff85999d1d544172fdc3e83de08326ac555908803e662287,9.086,ok,
g1_dlow_abaseline_pmixed_gsingleton_seed0,warehouse_random_factorial,carrier,1,21,46.0,46000000,22,16,8,0,0.3492,3,21,47,47000000,21,46,46000000,1,1,1,8345,615,380,0,0,STRICT_IMPROVEMENT,0,0,0,0,-1,-1,-1,-1,-1,715,12677,715,4804,0,512,0,1909,0,0,8854,4479,607,2777,11.5756,77756,2202,TASKBR_VACANCY_V1,26140,8725,26140,17415,34865,49.9498,448,32027,11756,19884,19884,32027,30065,29235,29235,29235,0,0,0,0,0,0,0,29235,37323,4,BOTTLENECK_TARGET_FRONTIER_CONTINUITY_V2,17.9366,7.81005,24.3114,7.52642,10.0166,11533,561,13132,0,412,5633,13837,11756,15368,0,1225,0,986.51,1725643,76526,418.632,2820,0,0,,,,,,,,,,,,,,,,,,,,,,,,,,,,,,,,,,,,,,,,,,,,,,2040.65,2040.68,0fb452ec4af7074f5106b3352ace724c72e8422ae611a9659eba95278284ccf1,2.055,ok,
g1_dlow_aequal_pcross_heavy_gshared_pool_seed0,warehouse_random_factorial,carrier,1,10,33.0,33000000,7,18,8,0,0.175,1,10,33,33000000,10,33,33000000,1,0,0,15921,4204,1793,0,0,SEARCH_CUTOFF,0,1,0,0,-1,33,-1,10,-1,357,44044,357,1785,0,313,0,981,45,45,2600,1868,340,883,4.43504,24724,599,TASKBR_VACANCY_V1,124453,18390,124453,107771,142945,75.3933,95,152029,32030,61178,61178,152029,152029,152029,152029,152029,0,0,0,0,0,0,0,152029,165999,4,BOTTLENECK_TARGET_FRONTIER_CONTINUITY_V2,72.1594,31.3887,130.742,32.2285,66.757,38421,356,37588,0,177,3151,57848,32030,59262,0,579,0,3690.7,10925096,446075,2235.61,6877,0,0,,,,,,,,,,,,,,,,,,,,,,,,,,,,,,,,,,,,,,,,,,,,,,8904.19,8904.21,061a72fff58347f3d17b0d0b1116ac902c39915ad56fd056ce422b0fca0b2aac,8.933,ok,
g1_dlow_aequal_pcross_heavy_gsingleton_seed0,warehouse_random_factorial,carrier,1,16,47.0,47000000,24,15,8,0,0.375,4,16,47,47000000,16,47,47000000,1,0,0,69582,10,48,0,0,SEARCH_CUTOFF,0,0,0,0,-1,-1,-1,-1,-1,3286,57694,3286,13794,0,4057,0,5419,165,62,10882,8912,5192,8639,38.0985,241892,2453,TASKBR_VACANCY_V1,40715,20650,40715,20065,61365,32.6978,3018,24701,17392,64170,64170,24701,17520,17449,17449,17449,0,0,0,0,0,0,0,17449,39783,4,BOTTLENECK_TARGET_FRONTIER_CONTINUITY_V2,34.9679,5.47456,18.767,5.50058,11.5177,47848,47842,42290,0,886,7042,56240,17392,112616,0,671,0,3636.52,11406235,225651,1862.19,0,0,0,,,,,,,,,,,,,,,,,,,,,,,,,,,,,,,,,,,,,,,,,,,,,,8905.7,8905.73,179e02916a2eb9c2115553a0bd46a5991ab5ab6b8302edffe6c12735b51a5fb9,8.936,ok,
g1_dlow_aequal_plocal_gshared_pool_seed0,warehouse_random_factorial,carrier,1,9,30.0,30000000,7,15,8,0,0.1944,2,9,32,32000000,9,30,30000000,1,1,1,0,8,33,0,0,STRICT_IMPROVEMENT,0,1,1,1,4,32,30,9,9,11,3,11,43,0,4,0,25,0,0,3,25,1,29,0.161908,812,0,TASKBR_VACANCY_V1,25,14,25,11,39,28.2051,0,47,11,24,24,47,40,40,40,40,0,0,0,0,0,0,0,40,40,4,BOTTLENECK_TARGET_FRONTIER_CONTINUITY_V2,0.039639,0.012423,0.051513,0.01113,0.030789,13,7,8,0,2,2,18,11,25,0,0,0,3.51111,2600,122,0.690116,0,0,0,,,,,,,,,,,,,,,,,,,,,,,,,,,,,,,,,,,,,,,,,,,,,,4.62269,4.63623,78bac1c434d1aa20dfc302bd2329ca858facffeffce84e02c1f645df00e7ed6c,0.012,ok,
g1_dlow_aequal_plocal_gsingleton_seed0,warehouse_random_factorial,carrier,1,12,37.0,37000000,12,15,10,1,0.25,2,13,34,34000000,12,37,37000000,1,1,1,2694,1136,486,0,0,STRICT_IMPROVEMENT,1,0,0,0,-1,-1,-1,-1,-1,906,11939,906,4456,0,741,0,2347,17,17,4226,2654,741,2434,11.7691,68152,1082,TASKBR_VACANCY_V1,21294,5453,21294,16025,27037,59.2706,640,17459,3482,14206,14206,17499,17481,17481,17481,17481,0,0,0,0,0,0,0,17481,28818,4,BOTTLENECK_TARGET_FRONTIER_CONTINUITY_V2,12.0003,4.44641,15.0743,4.36996,8.03134,8800,354,8718,0,143,1194,12867,3482,22854,0,54,0,1056.85,3520073,77456,547.437,0,0,0,,,,,,,,,,,,,,,,,,,,,,,,,,,,,,,,,,,,,,,,,,,,,,1779.2,1779.22,5b37ab6332a5824762382ef83533f8d61ed132733124ce53a84f47a9179e18f8,1.791,ok,
g1_dlow_aequal_pmixed_gshared_pool_seed0,warehouse_random_factorial,carrier,1,12,42.0,42000000,10,24,8,0,0.2083,3,12,42,42000000,12,42,42000000,1,0,0,23230,2260,1007,0,0,SEARCH_CUTOFF,0,1,0,0,-1,42,-1,12,-1,143,38388,143,872,0,106,0,438,7,2,2876,1138,104,477,2.13096,13356,1178,TASKBR_VACANCY_V1,127078,20741,127078,106337,148911,71.4098,0,146214,24990,51843,51843,146614,146612,146190,146190,146190,0,0,0,0,0,0,0,146190,146475,4,BOTTLENECK_TARGET_FRONTIER_CONTINUITY_V2,66.3494,26.0905,121.381,30.2345,73.1286,35635,175,36360,0,409,5096,46336,24990,46371,0,620,0,3601.66,13420152,405512,2431.11,7242,0,0,,,,,,,,,,,,,,,,,,,,,,,,,,,,,,,,,,,,,,,,,,,,,,8841.07,8841.09,0d2ce9e33914051f240783763f2776915646ebbbb3e3bc067625d1264682463c,8.868,ok,
g1_dlow_aequal_pmixed_gsingleton_seed0,warehouse_random_factorial,carrier,1,13,44.0,44000000,20,16,8,0,0.3846,4,13,46,46000000,13,44,44000000,1,1,1,235,47,133,0,0,STRICT_IMPROVEMENT,0,0,0,0,-1,-1,-1,-1,-1,363,37,363,912,0,595,0,504,0,0,576,293,762,732,3.36727,20496,164,TASKBR_VACANCY_V1,20,2,20,18,22,81.8182,97,82,10,408,408,82,40,40,40,40,0,0,0,0,0,0,0,40,40,4,BOTTLENECK_TARGET_FRONTIER_CONTINUITY_V2,0.224055,0.012259,0.054879,0.011427,0.041786,399,393,358,0,3,37,366,10,1303,0,0,0,74.9245,133071,2765,24.4434,0,0,0,,,,,,,,,,,,,,,,,,,,,,,,,,,,,,,,,,,,,,,,,,,,,,82.6122,82.6287,cc9e7f555284f1ff53dd940505188dc51d1466ddca15614383fcba99faee5afc,0.09,ok,
g1_dlow_ascarce_pcross_heavy_gshared_pool_seed0,warehouse_random_factorial,carrier,1,18,31.0,31000000,7,16,8,0,0.1944,2,18,33,33000000,18,31,31000000,1,1,1,3718,356,151,0,0,STRICT_IMPROVEMENT,0,1,1,1,7258,33,31,18,18,8194,23832,8194,51310,6,4464,0,27589,1166,779,82651,48002,4203,19985,102.051,559580,18180,TASKBR_VACANCY_V1,100908,13562,100908,91288,116392,78.4315,7931,239986,25008,75191,75191,243323,239229,217827,217827,217827,0,0,0,8,0,0,0,217827,217836,4,BOTTLENECK_TARGET_FRONTIER_CONTINUITY_V2,90.6142,42.2567,211.951,50.0631,109.983,57015,7364,59844,0,12914,62275,0,25008,29692,0,13281,0,5231.47,3780873,135430,978.462,5417,0,4,,,,,,,,,,,,,,,,,,,,,,,,,,,,,,,,,,,,,,,,,,,,,,7697.73,7697.75,f07ae7ddedb185795745ef0381717a402b6d0c98eddb77964246c07c3967f87a,7.725,ok,
g1_dlow_ascarce_pcross_heavy_gsingleton_seed0,warehouse_random_factorial,carrier,1,27,54.0,54000000,24,22,8,0,0.4444,4,27,54,54000000,27,54,54000000,1,0,0,3826,454,204,0,0,SEARCH_CUTOFF,0,0,0,0,-1,-1,-1,-1,-1,7371,25800,7371,72437,0,4839,0,23582,793,500,130006,44145,4568,26876,116.73,752528,26739,TASKBR_VACANCY_V1,103951,16827,103951,89353,121686,73.4292,7099,280948,27455,86371,86371,282931,279814,264077,264077,264077,0,0,0,384,0,0,0,264077,264077,4,BOTTLENECK_TARGET_FRONTIER_CONTINUITY_V2,106.03,47.3668,249.403,60.8675,112.864,65998,6822,70048,0,16887,69482,0,27455,32810,0,16444,0,6087.17,9148180,160327,1656.25,4433,0,2,,,,,,,,,,,,,,,,,,,,,,,,,,,,,,,,,,,,,,,,,,,,,,9445.52,9445.54,635888e8af10b6dbf5e06f50acdfd182967867fab77729c9116fb0a10dcdf58c,9.476,ok,
g1_dlow_ascarce_plocal_gshared_pool_seed0,warehouse_random_factorial,carrier,1,28,51.0,51000000,9,34,8,0,0.1607,3,28,53,53000000,28,51,51000000,1,1,1,40,247,152,0,0,STRICT_IMPROVEMENT,5,1,1,1,332,53,51,28,28,312,1659,312,1507,0,123,0,896,0,0,491,864,112,1150,4.68141,32200,76,TASKBR_VACANCY_V1,4819,459,4819,4360,5278,82.607,46,14340,2068,5467,5467,14340,14044,13414,13414,13414,0,0,0,0,0,0,0,13414,13414,4,BOTTLENECK_TARGET_FRONTIER_CONTINUITY_V2,5.22926,2.30672,10.9682,2.90005,5.27197,4602,398,4700,0,1038,4427,0,2068,1547,0,835,0,214.274,47510,9842,40.8326,452,0,0,,,,,,,,,,,,,,,,,,,,,,,,,,,,,,,,,,,,,,,,,,,,,,350.976,350.997,e5dc44b6de763f8eb9e2fe9e864aea57907759a1fe972e24236bad7040b9f1dc,0.36,ok,
g1_dlow_ascarce_plocal_gsingleton_seed0,warehouse_random_factorial,carrier,1,24,40.0,40000000,12,20,8,0,0.25,3,24,41,41000000,24,40,40000000,1,1,1,18,132,107,0,0,STRICT_IMPROVEMENT,0,0,0,0,-1,-1,-1,-1,-1,41,148,41,112,0,14,0,82,0,0,9,20,14,91,0.479691,2548,2,TASKBR_VACANCY_V1,279,69,279,210,348,60.3448,0,628,128,523,523,628,608,593,593,593,0,0,0,0,0,0,0,593,810,4,BOTTLENECK_TARGET_FRONTIER_CONTINUITY_V2,0.345629,0.137437,0.43191,0.144351,0.135002,423,31,421,0,128,393,0,128,159,0,44,0,14.6295,4842,729,3.30239,51,0,0,,,,,,,,,,,,,,,,,,,,,,,,,,,,,,,,,,,,,,,,,,,,,,23.6976,23.7136,cfd56707801ffac303ba0d7091445edfd0b8dc30d635a3e8990a45535b3a14b9,0.031,ok,
g1_dlow_ascarce_pmixed_gshared_pool_seed0,warehouse_random_factorial,carrier,1,20,36.0,36000000,10,18,8,0,0.25,2,20,38,38000000,20,36,36000000,1,1,1,845,273,134,1,1,REFERENCE_SUFFIX_ACCEPTED,1,1,1,1,1281,38,36,20,20,1485,5942,1485,7482,0,642,0,4261,93,1,38832,9522,617,4385,19.6432,122780,14693,TASKBR_VACANCY_V1,17862,1746,17862,16338,19844,82.3322,1219,41419,6615,16826,16826,41751,41093,37705,37705,37705,0,0,0,47,0,0,0,37705,37705,4,BOTTLENECK_TARGET_FRONTIER_CONTINUITY_V2,15.708,7.03425,30.8329,8.20187,14.6747,13366,1733,13771,0,3009,13815,0,6615,7531,0,2555,0,893.9,632264,31260,189.817,1306,0,0,,,,,,,,,,,,,,,,,,,,,,,,,,,,,,,,,,,,,,,,,,,,,,1421.32,1421.34,5f9b809d8ff2aa8a2e245b7e3708c4249c5b73aa13ea49edcc8c3e9419a62152,1.433,ok,
g1_dlow_ascarce_pmixed_gsingleton_seed0,warehouse_random_factorial,carrier,1,36,70.0,70000000,22,38,10,1,0.3056,6,37,65,65000000,36,70,70000000,1,1,1,679,306,183,0,0,STRICT_IMPROVEMENT,13,0,0,0,-1,-1,-1,-1,-1,1061,3817,1061,6412,0,727,0,2329,72,54,9852,2882,741,3388,14.6382,94864,2407,TASKBR_VACANCY_V1,10100,2084,10100,8121,12249,66.2993,787,22218,4186,10529,10529,22287,22199,20537,20537,20537,0,0,0,0,0,0,0,20537,20868,4,BOTTLENECK_TARGET_FRONTIER_CONTINUITY_V2,9.33194,4.05169,16.5494,4.48951,8.40723,7763,1244,8036,0,2022,8505,0,4186,4920,0,1605,0,530.202,653349,19036,147.539,825,0,3,,,,,,,,,,,,,,,,,,,,,,,,,,,,,,,,,,,,,,,,,,,,,,843.804,843.83,760dc4ba05fd23acad63554de7ae645fa00b96c5b40788a2db2f3b0cb5528f59,0.854,ok,
g1_dlow_asurplus_pcross_heavy_gshared_pool_seed0,warehouse_random_factorial,carrier,1,10,30.0,30000000,7,15,8,0,0.1167,2,10,30,30000000,10,30,30000000,1,0,0,3672,142,631,0,0,SEARCH_CUTOFF,0,1,0,0,-1,30,-1,10,-1,218,32261,218,1093,0,91,0,674,15,15,1441,838,92,569,2.85359,15932,148,TASKBR_VACANCY_V1,59560,17652,59560,42358,77212,54.8593,0,43890,8406,35470,35470,43890,43890,43890,43890,43890,0,0,0,0,0,0,0,43890,140397,4,BOTTLENECK_TARGET_FRONTIER_CONTINUITY_V2,42.704,16.2531,57.9277,13.7115,19.869,21554,120,21549,0,43,494,34931,8406,57664,0,5,0,1849.43,4235064,205158,972.064,0,0,0,,,,,,,,,,,,,,,,,,,,,,,,,,,,,,,,,,,,,,,,,,,,,,8774.34,8774.36,97e59c4fd24ccfb3dda1f8de6f0aae736853d7a9af7f245dc7194ec6be812ed9,8.792,ok,
g1_dlow_asurplus_pcross_heavy_gsingleton_seed0,warehouse_random_factorial,carrier,1,15,41.0,41000000,24,9,8,0,0.2667,3,15,41,41000000,15,41,41000000,1,0,0,32662,8,54,0,0,SEARCH_CUTOFF,0,0,0,0,-1,-1,-1,-1,-1,274,27154,274,1034,0,314,0,395,0,0,1338,743,365,614,2.95213,17192,317,TASKBR_VACANCY_V1,7189,147,7189,7042,7336,95.9924,5,8372,4030,28983,28983,8372,4048,4048,4048,4048,0,0,0,0,0,0,0,4048,17266,4,BOTTLENECK_TARGET_FRONTIER_CONTINUITY_V2,22.063,1.65477,6.34642,1.56429,2.58371,24950,24946,18591,0,52,612,28317,4030,51355,0,9,0,1326.78,3455810,106481,698.828,0,0,0,,,,,,,,,,,,,,,,,,,,,,,,,,,,,,,,,,,,,,,,,,,,,,8744.09,8744.12,afa4f7a73cdec10c61e2299284d23edde0fc2ced55a7e1d0e54c0cd7f6988f2f,8.763,ok,
g1_dlow_asurplus_plocal_gshared_pool_seed0,warehouse_random_factorial,carrier,1,7,27.0,27000000,7,12,8,0,0.1667,2,9,29,29000000,7,27,27000000,1,1,1,0,8,47,0,0,STRICT_IMPROVEMENT,0,1,1,1,4,29,27,9,7,11,4,11,47,0,4,0,26,0,0,3,2,1,26,0.159375,728,0,TASKBR_VACANCY_V1,27,14,27,13,41,31.7073,0,40,12,23,23,40,33,33,33,33,0,0,0,0,0,0,0,33,55,4,BOTTLENECK_TARGET_FRONTIER_CONTINUITY_V2,0.042298,0.012787,0.053735,0.009677,0.04473,12,8,5,0,2,0,19,12,27,0,0,0,3.45958,2608,116,0.703266,0,0,0,,,,,,,,,,,,,,,,,,,,,,,,,,,,,,,,,,,,,,,,,,,,,,4.63935,4.65333,76b0b060c5adf4397fa6caf680af7918d3d31d652b0fa00edf1f8745b0a965fb,0.011,ok,
g1_dlow_asurplus_plocal_gsingleton_seed0,warehouse_random_factorial,carrier,1,13,33.0,33000000,12,13,8,0,0.1538,2,13,33,33000000,13,33,33000000,1,0,0,6235,52,250,0,0,SEARCH_CUTOFF,0,0,0,0,-1,-1,-1,-1,-1,49,22062,49,194,0,24,0,89,0,0,352,153,28,118,0.631537,3304,88,TASKBR_VACANCY_V1,24515,2408,24515,22107,26923,82.1119,0,30003,635,29361,29361,30003,29999,29999,29999,29999,0,0,0,0,0,0,0,29999,136576,4,BOTTLENECK_TARGET_FRONTIER_CONTINUITY_V2,36.2082,12.7217,46.6884,10.4481,32.1694,19138,18,19136,0,67,611,28681,635,22132,0,1,0,963.328,1114563,58854,311.411,0,0,0,,,,,,,,,,,,,,,,,,,,,,,,,,,,,,,,,,,,,,,,,,,,,,8722.72,8722.74,297a59c2ee8a30ebb9807787dd8a900cf4c9c04ebe00ef9747ec5c8b5cc940cf,8.74,ok,
g1_dlow_asurplus_pmixed_gshared_pool_seed0,warehouse_random_factorial,carrier,1,12,40.0,40000000,10,22,8,0,0.1389,2,12,40,40000000,12,40,40000000,1,0,0,7636,15281,7673,0,0,SEARCH_CUTOFF,2,1,0,0,-1,40,-1,12,-1,22,24525,22,129,0,13,0,55,0,0,476,118,8,53,0.276256,1484,161,TASKBR_VACANCY_V1,53796,4710,53796,49086,58506,83.8991,0,60163,7050,31427,31427,60163,60162,60162,60162,60162,0,0,0,0,0,0,0,60162,149185,4,BOTTLENECK_TARGET_FRONTIER_CONTINUITY_V2,43.1944,17.6128,75.1943,15.7389,59.1727,20666,13,20664,0,49,535,30841,7050,24549,0,4,0,1832.31,5251932,188565,1093.21,0,0,0,,,,,,,,,,,,,,,,,,,,,,,,,,,,,,,,,,,,,,,,,,,,,,8745.41,8745.43,29bc413ee864295581e8b50cb3a15c54bf7def6bcbba9189cb2d759e255c5d3d,8.762,ok,
g1_dlow_asurplus_pmixed_gsingleton_seed0,warehouse_random_factorial,carrier,1,12,39.0,39000000,20,11,8,0,0.2778,2,12,41,41000000,12,39,39000000,1,1,1,271,45,189,1,1,REFERENCE_SUFFIX_ACCEPTED,0,0,0,0,-1,-1,-1,-1,-1,219,16,219,506,0,388,0,282,0,0,448,232,523,456,2.1104,12768,137,TASKBR_VACANCY_V1,55,28,55,27,83,32.5301,0,61,29,242,242,61,30,30,30,30,0,0,0,0,0,0,0,30,54,4,BOTTLENECK_TARGET_FRONTIER_CONTINUITY_V2,0.232548,0.013405,0.05737,0.009855,0.041288,215,207,194,0,4,26,210,29,723,0,0,0,49.5307,78024,1746,15.799,0,0,0,,,,,,,,,,,,,,,,,,,,,,,,,,,,,,,,,,,,,,,,,,,,,,55.27,55.2876,ec460120b4ad88fc0c3611c2041cfaf7ccff44a13824ba9506637aa5a1a91a0b,0.063,ok,
g1_dmedium_abaseline_pcross_heavy_gshared_pool_seed0,warehouse_random_factorial,carrier,1,15,35.0,35000000,7,20,8,0,0.1556,2,15,35,35000000,15,35,35000000,1,0,0,36516,1141,447,0,0,SEARCH_CUTOFF,0,1,0,0,-1,35,-1,15,-1,5882,31500,5882,28017,0,5498,0,16943,1484,1014,77832,48412,6424,15209,79.8703,425852,21557,TASKBR_VACANCY_V1,93783,17644,93783,84933,114496,74.1799,5620,111997,26686,49351,49351,114281,113711,104354,104354,104354,0,0,0,0,0,0,0,104354,108093,4,BOTTLENECK_TARGET_FRONTIER_CONTINUITY_V2,55.1328,26.2658,100.019,23.6544,49.5215,28668,4917,31741,0,1647,13948,33754,26686,51530,0,2622,0,5551.67,6684978,238118,1526.37,4587,0,28,,,,,,,,,,,,,,,,,,,,,,,,,,,,,,,,,,,,,,,,,,,,,,9214.31,9214.33,6d7ab8f558223561cb25b52a39b6797de12f8aea4c64b7110f9ac8b2ce024677,9.24,ok,
g1_dmedium_abaseline_pcross_heavy_gsingleton_seed0,warehouse_random_factorial,carrier,1,18,50.0,50000000,26,16,8,0,0.4815,5,18,50,50000000,18,50,50000000,1,0,0,43839,1393,452,0,0,SEARCH_CUTOFF,0,0,0,0,-1,-1,-1,-1,-1,9749,19670,9749,49663,0,14135,0,20951,681,537,82203,53408,16684,27682,130.801,775096,20313,TASKBR_VACANCY_V1,61037,10490,61037,51594,72751,70.9186,9479,58972,14352,31925,31925,59670,57739,47603,47603,47603,0,0,0,11,0,0,0,47603,47767,4,BOTTLENECK_TARGET_FRONTIER_CONTINUITY_V2,31.8205,13.4049,43.6617,11.4528,18.8035,20414,7666,22482,0,1704,10216,20003,14352,49378,0,2438,0,6270.51,11838549,176149,2017.26,1594,0,80,,,,,,,,,,,,,,,,,,,,,,,,,,,,,,,,,,,,,,,,,,,,,,8874.66,8874.68,a140b2f9525e5b67262a39012ec681e36613175aac453e8f8875d1aa5640cd44,8.895,ok,
g1_dmedium_abaseline_plocal_gshared_pool_seed0,warehouse_random_factorial,carrier,1,17,46.0,46000000,10,25,10,0,0.1961,4,17,48,48000000,17,46,46000000,1,1,1,268,894,412,0,0,STRICT_IMPROVEMENT,4,1,1,1,327,48,46,17,17,41,1307,41,165,0,24,0,112,2,0,43,266,25,122,0.655163,3416,20,TASKBR_VACANCY_V1,3299,199,3299,3102,3498,88.6792,0,11341,2480,4304,4304,11353,11285,11229,11229,11229,0,0,0,0,0,0,0,11229,11499,4,BOTTLENECK_TARGET_FRONTIER_CONTINUITY_V2,5.2138,2.34401,9.96737,2.2191,4.4609,2781,22,2860,0,220,1485,2597,2480,1177,0,109,0,191.131,114812,19710,73.5566,843,0,0,,,,,,,,,,,,,,,,,,,,,,,,,,,,,,,,,,,,,,,,,,,,,,343.521,343.54,38a0cf014eb3e2a5707b38c142227f64d19f1a84517c129c9f47f0c7377159e5,0.352,ok,
g1_dmedium_abaseline_plocal_gsingleton_seed0,warehouse_random_factorial,carrier,1,14,33.0,33000000,12,13,8,0,0.2857,3,14,33,33000000,14,33,33000000,1,0,0,35088,959,378,0,0,SEARCH_CUTOFF,0,0,0,0,-1,-1,-1,-1,-1,5537,32337,5537,30923,0,6667,0,13548,734,317,14905,17636,6811,16770,83.6842,469560,10167,TASKBR_VACANCY_V1,80156,16812,80156,66851,106745,62.6268,5270,96397,33084,49540,49540,100166,97939,89118,89118,89118,0,0,0,83,0,0,0,89118,93582,4,BOTTLENECK_TARGET_FRONTIER_CONTINUITY_V2,52.3761,23.8339,81.143,20.7985,39.1689,25873,4564,29572,0,1787,14155,33596,33084,51757,0,2506,0,5859.32,14933872,238698,2438.69,5962,18,90,,,,,,,,,,,,,,,,,,,,,,,,,,,,,,,,,,,,,,,,,,,,,,8816.89,8816.91,e9c72b4e384dcfd38e7a90e66b9d9192d7ef6e10c0522f890d8324a25e5799c2,8.841,ok,
g1_dmedium_abaseline_pmixed_gshared_pool_seed0,warehouse_random_factorial,carrier,1,14,38.0,38000000,10,20,8,0,0.2381,3,14,38,38000000,14,38,38000000,1,0,0,49616,1242,460,0,0,SEARCH_CUTOFF,0,1,0,0,-1,38,-1,14,-1,4799,34484,4799,19990,0,4086,0,12492,343,1,38557,34296,4957,11422,62.1697,319816,17649,TASKBR_VACANCY_V1,93088,6959,93088,86786,100990,85.9352,4533,123834,26372,52294,52294,124596,122523,112081,112081,112081,0,0,0,1,0,0,0,112081,112216,4,BOTTLENECK_TARGET_FRONTIER_CONTINUITY_V2,55.6189,26.6018,100.347,23.8954,45.2708,33207,4568,34946,0,2283,17367,32642,26372,48818,0,4009,0,4754.19,8443893,245454,1706.74,4313,0,0,,,,,,,,,,,,,,,,,,,,,,,,,,,,,,,,,,,,,,,,,,,,,,9243.46,9243.48,8f4b174e4f439ec25a373ca68d4ae878cee7d3c493fd22384bd32549464bb057,9.271,ok,
g1_dmedium_abaseline_pmixed_gsingleton_seed0,warehouse_random_factorial,carrier,1,21,46.0,46000000,22,16,8,0,0.3492,5,21,47,47000000,21,46,46000000,1,1,1,527,741,381,0,0,STRICT_IMPROVEMENT,0,0,0,0,-1,-1,-1,-1,-1,60,1534,60,208,0,45,0,109,0,0,64,137,45,169,0.91462,4732,82,TASKBR_VACANCY_V1,1724,2,1724,1722,1726,99.7683,0,4980,1777,4626,4626,4980,4912,4797,4797,4797,0,0,0,0,0,0,0,4797,9899,4,BOTTLENECK_TARGET_FRONTIER_CONTINUITY_V2,3.79284,1.42068,4.643,1.51963,1.22905,2699,62,2670,0,139,1303,3182,1777,1504,0,194,0,139.488,39782,6958,37.987,716,0,0,,,,,,,,,,,,,,,,,,,,,,,,,,,,,,,,,,,,,,,,,,,,,,379.595,379.614,bb68dc14d2a584a76f57c9952f3d11fb9c45bd9981a9c7063085a326388446e9,0.389,ok,
g1_dmedium_aequal_pcross_heavy_gshared_pool_seed0,warehouse_random_factorial,carrier,1,10,33.0,33000000,7,18,8,0,0.175,3,10,33,33000000,10,33,33000000,1,0,0,19815,3759,1745,0,0,SEARCH_CUTOFF,0,1,0,0,-1,33,-1,10,-1,1171,44328,1171,5487,0,1013,0,3635,242,46,13470,16707,1037,2868,16.4698,80304,3176,TASKBR_VACANCY_V1,125230,19611,125230,112187,145762,76.9659,909,139481,46467,58553,58553,140575,138611,136268,136268,136268,0,0,0,125,0,0,0,136268,149074,4,BOTTLENECK_TARGET_FRONTIER_CONTINUITY_V2,68.7926,30.6168,119.207,27.4785,56.2709,27960,667,28367,0,160,2511,55880,46467,63866,0,441,0,4009.71,9708306,399694,2077.99,10474,0,0,,,,,,,,,,,,,,,,,,,,,,,,,,,,,,,,,,,,,,,,,,,,,,8874.13,8874.15,061a72fff58347f3d17b0d0b1116ac902c39915ad56fd056ce422b0fca0b2aac,8.904,ok,
g1_dmedium_aequal_pcross_heavy_gsingleton_seed0,warehouse_random_factorial,carrier,1,16,49.0,49000000,26,15,8,0,0.4062,4,16,49,49000000,16,49,49000000,1,0,0,116768,1102,335,0,0,SEARCH_CUTOFF,0,0,0,0,-1,-1,-1,-1,-1,4928,44674,4928,15559,0,8962,0,6035,178,155,7135,9844,11510,11812,56.3771,330736,2395,TASKBR_VACANCY_V1,25478,7683,25478,18156,33669,53.925,4660,25960,11634,51672,51672,26114,16408,16388,16388,16388,0,0,0,0,0,0,0,16388,29841,4,BOTTLENECK_TARGET_FRONTIER_CONTINUITY_V2,28.686,5.24322,15.8398,4.8863,8.92284,40518,35914,33976,0,727,6035,44908,11634,96713,0,788,0,4310.62,14596684,233009,2287.75,0,0,10,,,,,,,,,,,,,,,,,,,,,,,,,,,,,,,,,,,,,,,,,,,,,,9244.31,9244.33,d6271f5ce124b0557e0fcfdca318982525ecfabc7c53484578eded65308f7277,9.272,ok,
g1_dmedium_aequal_plocal_gshared_pool_seed0,warehouse_random_factorial,carrier,1,13,37.0,37000000,10,16,10,0,0.1923,2,13,37,37000000,13,37,37000000,1,0,0,48787,3697,1172,0,0,SEARCH_CUTOFF,0,1,0,0,-1,37,-1,13,-1,5625,36193,5625,27211,0,5076,0,14145,374,237,28454,44079,5708,20777,91.5186,581756,13848,TASKBR_VACANCY_V1,64205,22193,64205,43108,87004,49.5471,5362,61506,41217,46365,46365,62775,62771,58466,58466,58466,0,0,0,0,0,0,0,58466,86025,4,BOTTLENECK_TARGET_FRONTIER_CONTINUITY_V2,43.1967,16.1346,51.0671,15.075,26.3388,15214,3548,22557,0,282,3176,42905,41217,76931,0,451,0,5375.4,9853156,248801,1686.99,7728,0,0,,,,,,,,,,,,,,,,,,,,,,,,,,,,,,,,,,,,,,,,,,,,,,8780.6,8780.62,77325aa4baeaad5608db09f7c99d710f8dc283e36d922d02d74378cf9efaf76e,8.805,ok,
g1_dmedium_aequal_plocal_gsingleton_seed0,warehouse_random_factorial,carrier,1,13,34.0,34000000,12,14,8,0,0.2308,3,13,34,34000000,13,34,34000000,1,0,0,93590,1137,448,0,0,SEARCH_CUTOFF,0,0,0,0,-1,-1,-1,-1,-1,3245,45177,3245,8016,0,4931,0,5381,8,8,2751,3190,5580,7502,38.7872,210056,2283,TASKBR_VACANCY_V1,71736,7678,71736,64058,79454,80.6228,2979,70020,19246,56004,56004,70020,65065,65065,65065,65065,0,0,0,0,0,0,0,65065,99358,4,BOTTLENECK_TARGET_FRONTIER_CONTINUITY_V2,47.1925,17.0836,56.5431,15.4559,28.5578,34471,6159,33076,0,616,5963,49423,19246,75030,0,775,0,4406.13,12288946,282329,2125.7,468,0,0,,,,,,,,,,,,,,,,,,,,,,,,,,,,,,,,,,,,,,,,,,,,,,8858.25,8858.27,f1c6bc0ca908e4641effc7b7dbb07c39a974dd8443ebf3d050f2c571915cdd25,8.887,ok,
g1_dmedium_aequal_pmixed_gshared_pool_seed0,warehouse_random_factorial,carrier,1,13,42.0,42000000,10,24,8,0,0.1923,3,13,42,42000000,13,42,42000000,1,0,0,48944,2651,839,0,0,SEARCH_CUTOFF,0,1,0,0,-1,42,-1,13,-1,358,46018,358,1302,0,249,0,853,28,0,1753,1651,296,817,4.52793,22876,933,TASKBR_VACANCY_V1,90894,7182,90894,84716,98076,86.3779,93,112551,46840,58209,58209,113531,106755,105325,105325,105325,0,0,0,0,0,0,0,105325,136428,4,BOTTLENECK_TARGET_FRONTIER_CONTINUITY_V2,57.4391,24.9492,89.4839,23.1571,44.5441,34509,245,29723,0,332,4458,53417,46840,51467,0,667,0,3267.57,9286958,322159,1828.16,23191,0,0,,,,,,,,,,,,,,,,,,,,,,,,,,,,,,,,,,,,,,,,,,,,,,8886.77,8886.79,2645d0e448499cf9c352195a9820093da168ac6f52c13ddf9ca0dd5ac87fc33e,8.917,ok,
g1_dmedium_aequal_pmixed_gsingleton_seed0,warehouse_random_factorial,carrier,1,13,46.0,46000000,22,16,8,0,0.4231,6,13,46,46000000,13,46,46000000,1,0,0,58519,2277,835,0,0,SEARCH_CUTOFF,0,0,0,0,-1,-1,-1,-1,-1,9433,14971,9433,56818,0,14827,0,17751,689,629,24341,45215,17927,24740,122.108,692720,40040,TASKBR_VACANCY_V1,28945,9552,28945,20207,39796,50.7765,9167,16150,12751,25171,25171,16702,15658,15528,15528,15528,0,0,0,0,0,0,0,15528,19305,4,BOTTLENECK_TARGET_FRONTIER_CONTINUITY_V2,19.6767,5.96018,16.1794,5.05636,6.53607,14503,12513,12824,0,342,3032,21795,12751,56966,0,376,0,6462.55,15918086,173651,2423.87,4,0,0,,,,,,,,,,,,,,,,,,,,,,,,,,,,,,,,,,,,,,,,,,,,,,8671.93,8671.95,c0ea8d3bb854ae7e85bb248160ab62898236197e7dd510daf579ec5f63dde6d7,8.691,ok,
g1_dmedium_ascarce_pcross_heavy_gshared_pool_seed0,warehouse_random_factorial,carrier,1,18,33.0,33000000,7,18,8,0,0.1944,2,18,33,33000000,18,33,33000000,1,0,0,6103,361,145,0,0,SEARCH_CUTOFF,0,1,0,0,-1,33,-1,18,-1,8796,22147,8796,49711,23,4144,0,32423,2615,715,96535,55091,4073,23023,125.302,644644,22000,TASKBR_VACANCY_V1,98300,10552,98300,94882,115298,82.2928,8533,197597,26243,62327,62327,204700,201033,164866,164866,164866,0,0,0,34,0,0,0,164866,164875,4,BOTTLENECK_TARGET_FRONTIER_CONTINUITY_V2,71.1079,32.8925,159.19,36.5949,80.0343,42486,8413,46328,0,10327,51998,0,26243,28417,0,10457,0,6464.26,2317225,104195,722.919,5361,0,2,,,,,,,,,,,,,,,,,,,,,,,,,,,,,,,,,,,,,,,,,,,,,,8824.81,8824.84,875e714e90821df7b0b176d553ffcdf56feb753911aaa68fdd3fd8e08980d45d,8.852,ok,
g1_dmedium_ascarce_pcross_heavy_gsingleton_seed0,warehouse_random_factorial,carrier,1,30,58.0,58000000,26,24,8,0,0.4333,6,31,58,58000000,30,58,58000000,1,1,1,0,30,84,1,1,REFERENCE_SUFFIX_ACCEPTED,2,0,0,0,-1,-1,-1,-1,-1,41,2,41,165,0,44,0,73,4,4,198,92,41,107,0.516513,2996,34,TASKBR_VACANCY_V1,58,11,58,53,71,74.6479,0,124,17,70,70,128,124,84,84,84,0,0,0,0,0,0,0,84,84,4,BOTTLENECK_TARGET_FRONTIER_CONTINUITY_V2,0.069358,0.023408,0.104359,0.022223,0.039694,55,33,53,0,5,63,0,17,66,0,0,0,13.3625,10131,121,1.86865,0,0,0,,,,,,,,,,,,,,,,,,,,,,,,,,,,,,,,,,,,,,,,,,,,,,15.9475,15.9638,a496a7e5d387acfae08d11acc4645a81cc2eff4cdc2c8498bcdc5fc060bd7389,0.023,ok,
g1_dmedium_ascarce_plocal_gshared_pool_seed0,warehouse_random_factorial,carrier,1,33,60.0,60000000,19,33,8,0,0.2879,6,33,62,62000000,33,60,60000000,1,1,1,102,272,165,0,0,STRICT_IMPROVEMENT,7,1,1,1,385,62,60,33,33,412,1840,412,1352,0,98,0,1066,2,0,217,1386,79,1168,5.68818,32704,193,TASKBR_VACANCY_V1,4966,125,4966,4841,5093,95.052,136,11763,2092,5257,5257,11771,11670,10450,10450,10450,0,0,0,0,0,0,0,10450,10459,4,BOTTLENECK_TARGET_FRONTIER_CONTINUITY_V2,4.50844,1.92645,7.87162,1.97431,2.8749,3976,534,3976,0,828,4427,0,2092,1767,0,734,0,238.999,41217,8812,39.3071,522,0,0,,,,,,,,,,,,,,,,,,,,,,,,,,,,,,,,,,,,,,,,,,,,,,417.183,417.204,ff4ec52e5eee822f0a2a5a4b1ff4b9bbc3b4b73cb92635a8d8eb7c9bd0276033,0.426,ok,
g1_dmedium_ascarce_plocal_gsingleton_seed0,warehouse_random_factorial,carrier,1,24,40.0,40000000,12,20,8,0,0.25,4,24,41,41000000,24,40,40000000,1,1,1,10,136,109,0,0,STRICT_IMPROVEMENT,0,0,0,0,-1,-1,-1,-1,-1,32,76,32,93,0,14,0,67,0,0,49,20,14,70,0.411999,1960,49,TASKBR_VACANCY_V1,146,17,146,129,163,79.1411,0,409,97,345,345,409,405,386,386,386,0,0,0,0,0,0,0,386,531,4,BOTTLENECK_TARGET_FRONTIER_CONTINUITY_V2,0.237024,0.093868,0.297549,0.099497,0.092144,257,10,255,0,75,268,0,97,106,0,25,0,14.1058,4114,453,2.30259,32,0,0,,,,,,,,,,,,,,,,,,,,,,,,,,,,,,,,,,,,,,,,,,,,,,20.9941,21.0087,2077b71766f128a4fee65f492f3fb6ab3478b6b906507b8b499ae094b2e404d5,0.029,ok,
g1_dmedium_ascarce_pmixed_gshared_pool_seed0,warehouse_random_factorial,carrier,1,20,36.0,36000000,10,18,8,0,0.25,3,20,38,38000000,20,36,36000000,1,1,1,13,170,107,1,1,REFERENCE_SUFFIX_ACCEPTED,0,1,1,1,42,38,36,20,20,30,172,30,115,0,18,0,79,0,0,209,112,12,64,0.405303,1792,71,TASKBR_VACANCY_V1,401,28,401,373,429,86.9464,0,1500,214,704,704,1500,1476,1432,1432,1432,0,0,0,0,0,0,0,1432,1432,4,BOTTLENECK_TARGET_FRONTIER_CONTINUITY_V2,0.606885,0.291988,1.11038,0.271389,0.393185,562,22,561,0,139,563,0,214,178,0,62,0,28.153,9439,1265,5.65194,66,0,0,,,,,,,,,,,,,,,,,,,,,,,,,,,,,,,,,,,,,,,,,,,,,,44.5893,44.6056,181a60b6b8f02ce91cbec094956d4e571c1a0f684e213861be184c534ffbdefa,0.052,ok,
g1_dmedium_ascarce_pmixed_gsingleton_seed0,warehouse_random_factorial,carrier,1,37,65.0,65000000,22,35,8,0,0.2973,13,37,65,65000000,37,65,65000000,1,0,0,8262,411,213,0,0,SEARCH_CUTOFF,13,0,0,0,-1,-1,-1,-1,-1,10265,24162,10265,79720,0,4571,0,28921,3169,902,90130,61733,4247,35929,164.776,1006012,35022,TASKBR_VACANCY_V1,83462,17059,83462,73182,106956,68.4225,9991,159012,27925,67551,67551,167628,164154,132836,132836,132836,0,0,0,1571,0,0,0,132836,133266,4,BOTTLENECK_TARGET_FRONTIER_CONTINUITY_V2,63.9513,26.8745,113.025,27.3337,60.3622,43647,10070,49803,0,12228,55321,0,27925,32323,0,10743,0,6404.85,6403954,111923,1192.9,5675,12,24,,,,,,,,,,,,,,,,,,,,,,,,,,,,,,,,,,,,,,,,,,,,,,9289.29,9289.31,0cac0633dd1d6af7ba30c925367565078d280727ef8ec6e5161f6e84ce90f9db,9.316,ok,
g1_dmedium_asurplus_pcross_heavy_gshared_pool_seed0,warehouse_random_factorial,carrier,1,10,30.0,30000000,7,15,8,0,0.1167,2,10,30,30000000,10,30,30000000,1,0,0,19815,239,884,0,0,SEARCH_CUTOFF,0,1,0,0,-1,30,-1,10,-1,182,28272,182,770,0,126,0,507,12,12,1554,970,136,455,2.55785,12740,156,TASKBR_VACANCY_V1,52643,11890,52643,42103,64533,65.2426,0,50219,10106,34687,34687,50219,50219,50219,50219,50219,0,0,0,0,0,0,0,50219,144398,4,BOTTLENECK_TARGET_FRONTIER_CONTINUITY_V2,44.7883,17.1701,66.3449,14.6652,30.2682,20135,119,20130,0,44,561,34080,10106,47022,0,10,0,2166.44,4643014,201728,1112.25,0,0,0,,,,,,,,,,,,,,,,,,,,,,,,,,,,,,,,,,,,,,,,,,,,,,8816.11,8816.13,97e59c4fd24ccfb3dda1f8de6f0aae736853d7a9af7f245dc7194ec6be812ed9,8.835,ok,
g1_dmedium_asurplus_pcross_heavy_gsingleton_seed0,warehouse_random_factorial,carrier,1,15,43.0,43000000,26,9,8,0,0.2889,4,15,43,43000000,15,43,43000000,1,0,0,137983,8,54,0,0,SEARCH_CUTOFF,0,0,0,0,-1,-1,-1,-1,-1,136,24968,136,381,0,244,0,84,2,2,20,116,308,330,1.49723,9240,2,TASKBR_VACANCY_V1,7386,2256,7386,5133,9642,53.2358,0,7674,5187,25840,25840,7674,5205,5205,5205,5205,0,0,0,0,0,0,0,5205,19668,4,BOTTLENECK_TARGET_FRONTIER_CONTINUITY_V2,21.2574,2.11674,7.9372,1.85389,2.23405,20650,20646,16504,0,43,499,25296,5187,54533,0,45,0,3292.17,17690799,146271,2598.8,0,0,0,,,,,,,,,,,,,,,,,,,,,,,,,,,,,,,,,,,,,,,,,,,,,,8781.55,8781.57,8c8819db8fd39c7ec4ab072f0ff85a27cd79732d97ea63f5dfd82bc693fe1d7f,8.8,ok,
g1_dmedium_asurplus_plocal_gshared_pool_seed0,warehouse_random_factorial,carrier,1,19,47.0,47000000,20,16,10,0,0.1754,3,19,47,47000000,19,47,47000000,1,0,0,20087,32,159,0,0,SEARCH_CUTOFF,0,1,0,0,-1,47,-1,19,-1,31,19487,31,120,0,26,0,40,4,0,86,12,14,76,0.383631,2128,64,TASKBR_VACANCY_V1,39,27,39,15,72,20.8333,0,43,17,29532,29532,54,50,50,50,50,0,0,0,0,0,0,0,50,86,4,BOTTLENECK_TARGET_FRONTIER_CONTINUITY_V2,20.8829,0.020076,0.072284,0.015658,0.049983,29519,29515,14921,0,46,384,29100,17,21246,0,4,0,986.772,1183851,32286,285.987,0,6,0,,,,,,,,,,,,,,,,,,,,,,,,,,,,,,,,,,,,,,,,,,,,,,8724.18,8724.2,53b60a5dd2f85794c35b1acadd9d0279607b5f593062497f91fe39316bfef74f,8.741,ok,
g1_dmedium_asurplus_plocal_gsingleton_seed0,warehouse_random_factorial,carrier,1,13,33.0,33000000,12,13,8,0,0.1538,2,13,33,33000000,13,33,33000000,1,0,0,4735,52,184,0,0,SEARCH_CUTOFF,0,0,0,0,-1,-1,-1,-1,-1,34,19660,34,106,0,20,0,53,0,0,11,35,22,79,0.426869,2212,11,TASKBR_VACANCY_V1,19693,3,19693,19690,19696,99.9695,0,25711,9,25695,25695,25711,25707,25707,25707,25707,0,0,0,0,0,0,0,25707,119013,4,BOTTLENECK_TARGET_FRONTIER_CONTINUITY_V2,31.873,11.344,44.2395,10.1276,30.1767,17124,15,17122,0,48,475,25170,9,19705,0,0,0,1049.64,1100659,51474,310.702,0,0,0,,,,,,,,,,,,,,,,,,,,,,,,,,,,,,,,,,,,,,,,,,,,,,8727.95,8727.97,4659b531963bce5a7eb668945cad3b5421a04075e9566a7b07e87e94bc22c3d0,8.743,ok,
g1_dmedium_asurplus_pmixed_gshared_pool_seed0,warehouse_random_factorial,carrier,1,13,38.0,38000000,10,20,8,0,0.1282,3,13,38,38000000,13,38,38000000,1,0,0,5265,15,89,0,0,SEARCH_CUTOFF,0,1,0,0,-1,38,-1,13,-1,47,21697,47,197,0,36,0,89,0,0,410,142,34,98,0.567513,2744,108,TASKBR_VACANCY_V1,26956,2700,26956,24256,29656,81.7912,0,31431,3375,28046,28046,31431,31431,31431,31431,31431,0,0,0,0,0,0,0,31431,124087,4,BOTTLENECK_TARGET_FRONTIER_CONTINUITY_V2,37.7322,13.9741,47.8758,10.9886,33.6691,18076,31,18071,0,47,522,27475,3375,29075,0,2,0,1420.67,2784896,100539,635.098,0,0,0,,,,,,,,,,,,,,,,,,,,,,,,,,,,,,,,,,,,,,,,,,,,,,8729.86,8729.89,847c093477d8c34112b29aec974eee4e476f7df16be2f1eba06ebc67f7c7e762,8.746,ok,
g1_dmedium_asurplus_pmixed_gsingleton_seed0,warehouse_random_factorial,carrier,1,12,41.0,41000000,22,11,8,0,0.3056,3,12,41,41000000,12,41,41000000,1,0,0,114384,44,189,0,0,SEARCH_CUTOFF,0,0,0,0,-1,-1,-1,-1,-1,1078,27446,1078,3506,0,1623,0,1606,0,0,2810,4167,2275,2304,11.9774,64512,4199,TASKBR_VACANCY_V1,47,20,47,27,67,40.2985,813,52,29,28770,28770,52,30,30,30,30,0,0,0,0,0,0,0,30,54,4,BOTTLENECK_TARGET_FRONTIER_CONTINUITY_V2,19.2962,0.012147,0.053977,0.008672,0.038997,28743,28735,22670,0,32,406,28330,29,74247,0,22,0,2907.97,11746082,170145,1902.58,0,0,0,,,,,,,,,,,,,,,,,,,,,,,,,,,,,,,,,,,,,,,,,,,,,,8757.6,8757.62,543c0df38602155282be97e18280da7e40bc6fab6d21f13450203124daaf3a73,8.776,ok,
g2_dhigh_abaseline_pcross_heavy_gshared_pool_seed0,warehouse_random_factorial,carrier,1,20,69.0,69000000,24,33,12,0,0.3,14,20,69,69000000,20,69,69000000,1,0,0,8274,2249,918,0,0,SEARCH_CUTOFF,2,1,0,0,-1,69,-1,20,-1,49,19772,49,342,0,43,0,154,0,0,713,515,26,126,1.75398,7938,309,TASKBR_VACANCY_V1,47910,4116,47910,43794,52026,84.1771,0,116603,38853,45394,45394,116603,115782,115581,115581,115581,0,0,0,0,0,0,0,115581,140016,6,BOTTLENECK_TARGET_FRONTIER_CONTINUITY_V2,58.7303,25.2493,102.821,23.2464,50.9491,23829,70,22867,0,320,3783,41289,38853,20084,0,350,0,2740.69,2282616,252755,1040.73,16522,0,0,,,,,,,,,,,,,,,,,,,,,,,,,,,,,,,,,,,,,,,,,,,,,,9133.66,9133.7,23b8b00e671fd874800e0df375b3e975b9eee2652b34ce791926cdbda5c4cb27,9.164,ok,
g2_dhigh_abaseline_pcross_heavy_gsingleton_seed0,warehouse_random_factorial,carrier,1,36,140.0,140000000,60,57,16,0,0.4167,50,36,140,140000000,36,140,140000000,1,0,0,123102,1803,862,0,0,SEARCH_CUTOFF,5,0,0,0,-1,-1,-1,-1,-1,5260,17812,5260,8367,0,11792,0,4749,236,196,1135,2751,14936,11821,137.996,744723,637,TASKBR_VACANCY_V1,9531,898,9531,8669,10483,82.6958,4976,11682,4169,23787,23787,11749,8659,8236,8236,8236,0,0,0,4,0,0,0,8236,10687,6,BOTTLENECK_TARGET_FRONTIER_CONTINUITY_V2,15.0913,2.91385,7.74516,2.61224,2.66346,19595,15835,16471,0,423,3119,20243,4169,52338,0,692,0,3830.4,8670271,135035,1497.72,60,0,37,,,,,,,,,,,,,,,,,,,,,,,,,,,,,,,,,,,,,,,,,,,,,,8850.07,8850.11,538775ddaf7de7118a9d4fce6adc72413ea6fd90fc0003e66b197390468a1fd0,8.873,ok,
g2_dhigh_abaseline_plocal_gshared_pool_seed0,warehouse_random_factorial,carrier,1,27,80.0,80000000,20,48,12,0,0.1852,14,27,80,80000000,27,80,80000000,1,0,0,42046,5764,2134,0,0,SEARCH_CUTOFF,2,1,0,0,-1,80,-1,27,-1,81,25704,81,324,0,70,2,161,4,0,478,221,58,256,2.95044,16128,364,TASKBR_VACANCY_V1,27027,20,27027,27008,27052,99.8374,0,55361,9546,47499,47499,55369,54233,54215,54215,54215,0,0,0,0,0,0,0,54215,140253,6,BOTTLENECK_TARGET_FRONTIER_CONTINUITY_V2,44.9599,14.9536,57.1982,14.5334,19.5051,27308,72,27309,0,237,3414,43846,9546,27854,0,516,0,2082.59,530080,92670,491.506,1929,0,0,,,,,,,,,,,,,,,,,,,,,,,,,,,,,,,,,,,,,,,,,,,,,,9057.28,9057.32,b565eb86b7cbfc20f74d5a50fe285ffcc889df7d4ed05361630c79e400236c33,9.089,ok,
g2_dhigh_abaseline_plocal_gsingleton_seed0,warehouse_random_factorial,carrier,1,24,88.0,88000000,30,39,14,0,0.3125,56,24,88,88000000,24,88,88000000,1,0,0,23558,3011,1163,0,0,SEARCH_CUTOFF,5,0,0,0,-1,-1,-1,-1,-1,111,28493,111,843,2,66,0,320,8,6,338,1613,67,344,4.00768,21672,1197,TASKBR_VACANCY_V1,61469,3665,61469,57814,65138,88.7562,0,87526,17076,41699,41699,87538,87532,87478,87478,87478,0,0,0,0,0,0,0,87478,117543,6,BOTTLENECK_TARGET_FRONTIER_CONTINUITY_V2,47.2537,18.1365,79.039,16.5384,37.1137,28693,139,27021,0,383,4567,36747,17076,29382,0,392,0,3164.61,7711477,241694,1613.62,6161,0,0,,,,,,,,,,,,,,,,,,,,,,,,,,,,,,,,,,,,,,,,,,,,,,8989.37,8989.41,14adff458f66900990c94fa10f420030817a396014040afb424316411ea0ed54,9.018,ok,
g2_dhigh_abaseline_pmixed_gshared_pool_seed0,warehouse_random_factorial,carrier,1,30,110.0,110000000,41,57,12,0,0.3417,22,30,112,112000000,30,110,110000000,1,1,1,0,6,29,0,0,STRICT_IMPROVEMENT,9,1,1,1,78,112,110,30,30,45,0,45,1332,0,79,9,157,11,10,952,35,29,228,2.01731,14364,343,TASKBR_VACANCY_V1,134,52,134,95,193,49.2228,0,185,45,62,62,193,191,186,186,186,0,0,0,0,0,0,0,186,188,6,BOTTLENECK_TARGET_FRONTIER_CONTINUITY_V2,0.148494,0.056626,0.35198,0.068338,0.221512,40,14,40,0,2,2,56,45,82,0,0,0,73.5037,71438,412,10.524,11,0,0,,,,,,,,,,,,,,,,,,,,,,,,,,,,,,,,,,,,,,,,,,,,,,79.8343,79.8615,b83ce28b18bb5e9965f7d3c7deae8537c567a6d8bb8c18c1cf4b894fc4adcd75,0.089,ok,
g2_dhigh_abaseline_pmixed_gsingleton_seed0,warehouse_random_factorial,carrier,1,35,117.0,117000000,43,57,15,0,0.3071,50,35,118,118000000,35,117,117000000,1,1,1,44899,1584,573,0,0,STRICT_IMPROVEMENT,5,0,0,0,-1,-1,-1,-1,-1,1188,21496,1188,8461,0,1157,0,1889,272,22,3368,1990,1261,3555,38.2016,223965,1501,TASKBR_VACANCY_V1,17244,7277,17244,11784,27059,43.5493,906,12389,9417,25906,25906,13330,10353,10147,10147,10147,0,0,0,80,0,0,0,10147,22645,6,BOTTLENECK_TARGET_FRONTIER_CONTINUITY_V2,18.1678,3.4399,11.4155,3.20907,5.46629,17083,16780,11738,0,234,2205,23465,9417,36755,0,315,0,2203.63,4837035,76833,895.322,8,0,0,,,,,,,,,,,,,,,,,,,,,,,,,,,,,,,,,,,,,,,,,,,,,,6230.58,6230.62,b1ab2ad50f54ac4dd7caf2672940bb7ee6094dd89e0e00844c08e06a8805167e,6.252,ok,
g2_dhigh_aequal_pcross_heavy_gshared_pool_seed0,warehouse_random_factorial,carrier,1,15,65.0,65000000,24,29,12,0,0.2667,10,15,65,65000000,15,65,65000000,1,0,0,18065,22,115,0,0,SEARCH_CUTOFF,0,1,0,0,-1,65,-1,15,-1,35,21696,35,270,0,52,0,65,0,0,296,514,40,85,0.988137,5355,312,TASKBR_VACANCY_V1,63,24,63,39,87,44.8276,0,76,13,25483,25483,76,74,74,74,74,0,0,0,0,0,0,0,74,74,6,BOTTLENECK_TARGET_FRONTIER_CONTINUITY_V2,18.7831,0.023715,0.133588,0.02013,0.094574,25472,25464,9466,0,34,364,25083,13,31011,0,2,0,1377.42,970781,39498,314.951,0,0,0,,,,,,,,,,,,,,,,,,,,,,,,,,,,,,,,,,,,,,,,,,,,,,8662.81,8662.85,a9d1ef211cd09d31af5ec1eb39ee977d4b2aa50c55bcfdf145f731c8a3ed591a,8.68,ok,
g2_dhigh_aequal_pcross_heavy_gsingleton_seed0,warehouse_random_factorial,carrier,1,33,128.0,128000000,60,45,16,0,0.303,39,33,128,128000000,33,128,128000000,1,0,0,3919,66,249,0,0,SEARCH_CUTOFF,2,0,0,0,-1,-1,-1,-1,-1,61,16798,61,692,0,115,0,157,44,18,328,321,83,231,2.0996,14553,360,TASKBR_VACANCY_V1,10445,54,10445,10434,10555,98.8536,0,6554,6476,19457,19457,6608,6604,6568,6568,6568,0,0,0,0,0,0,0,6568,28148,6,BOTTLENECK_TARGET_FRONTIER_CONTINUITY_V2,20.0133,3.82194,13.7821,3.05886,11.633,12991,12979,6278,0,31,285,19139,6476,22114,0,0,0,1942.99,5468792,39190,939.707,6,6,2,,,,,,,,,,,,,,,,,,,,,,,,,,,,,,,,,,,,,,,,,,,,,,8632.02,8632.05,60dedf4037859a84429513695e61ca0cb3a32f8277e02654f677b847a08f681a,8.647,ok,
g2_dhigh_aequal_plocal_gshared_pool_seed0,warehouse_random_factorial,carrier,1,12,61.0,61000000,20,29,12,0,0.2778,10,12,61,61000000,12,61,61000000,1,0,0,32801,191,525,0,0,SEARCH_CUTOFF,0,1,0,0,-1,61,-1,12,-1,1216,22192,1216,4179,0,2920,0,2947,0,0,5689,5482,3578,2449,35.4248,154287,2908,TASKBR_VACANCY_V1,49134,1174,49134,47960,50308,95.3328,950,43683,13052,23816,23816,43683,42985,42258,42258,42258,0,0,0,0,0,0,0,42258,49438,6,BOTTLENECK_TARGET_FRONTIER_CONTINUITY_V2,33.2259,13.6272,44.738,10.83,18.4994,9950,329,9943,0,21,320,23473,13052,63028,0,5,0,4666.44,7379262,190018,1793.24,3310,0,0,,,,,,,,,,,,,,,,,,,,,,,,,,,,,,,,,,,,,,,,,,,,,,8695.5,8695.54,a47f01a3e1a13286ed25ee3af822f020adde2caa1946fc7eb50f9beb9a409c55,8.714,ok,
g2_dhigh_aequal_plocal_gsingleton_seed0,warehouse_random_factorial,carrier,1,15,79.0,79000000,30,30,14,0,0.3333,29,15,79,79000000,15,79,79000000,1,0,0,30083,55,208,0,0,SEARCH_CUTOFF,2,0,0,0,-1,-1,-1,-1,-1,2455,16715,2455,10223,2,5851,0,3858,43,41,13958,7368,6584,5704,71.681,359352,14590,TASKBR_VACANCY_V1,30325,6568,30325,23776,36939,64.3656,2186,13693,13334,19503,19503,13700,13368,13362,13362,13362,0,0,0,0,0,0,0,13362,29043,6,BOTTLENECK_TARGET_FRONTIER_CONTINUITY_V2,22.1119,6.29262,19.8327,4.52548,13.9852,8945,8941,7845,0,23,279,19199,13334,53769,0,3,0,4946.51,10764847,145003,1966.97,6,0,8,,,,,,,,,,,,,,,,,,,,,,,,,,,,,,,,,,,,,,,,,,,,,,8675.23,8675.26,79d3d4f68e1bf5141feb9cb818b2f440d3dd360a27bd0f56f81b6d532e218451,8.691,ok,
g2_dhigh_aequal_pmixed_gshared_pool_seed0,warehouse_random_factorial,carrier,1,21,87.0,87000000,40,35,12,0,0.3175,14,21,87,87000000,21,87,87000000,1,0,0,8186,273,655,0,0,SEARCH_CUTOFF,0,1,0,0,-1,87,-1,21,-1,81,17913,81,937,0,185,6,127,0,0,592,66,156,248,2.672,15624,411,TASKBR_VACANCY_V1,17489,5444,17489,12045,22933,52.5226,0,9212,9139,22320,22320,9212,9206,9206,9206,9206,0,0,0,0,0,0,0,9206,35817,6,BOTTLENECK_TARGET_FRONTIER_CONTINUITY_V2,23.4815,4.94773,17.6701,4.02247,14.1198,14262,14251,6693,0,31,334,21953,9139,24101,0,1,0,2245.54,6070600,40814,1024.6,0,0,0,,,,,,,,,,,,,,,,,,,,,,,,,,,,,,,,,,,,,,,,,,,,,,8664.11,8664.15,2ce86d27857d8d229df77ced4ac02c0116c157182e3bb95eadcd533e7e3cd409,8.68,ok,
g2_dhigh_aequal_pmixed_gsingleton_seed0,warehouse_random_factorial,carrier,1,24,102.0,102000000,43,41,16,0,0.2986,21,24,102,102000000,24,102,102000000,1,0,0,17724,28,158,0,0,SEARCH_CUTOFF,2,0,0,0,-1,-1,-1,-1,-1,42,19571,42,457,0,76,0,99,28,12,1520,336,58,142,1.4097,8946,462,TASKBR_VACANCY_V1,17468,4387,17468,13116,21879,59.9479,0,12798,12742,29397,29397,12833,12825,12812,12812,12812,0,0,0,0,0,0,0,12812,53060,6,BOTTLENECK_TARGET_FRONTIER_CONTINUITY_V2,28.3651,6.07756,21.9881,4.96758,10.3935,17896,17884,7811,0,41,473,28881,12742,23675,0,2,0,1852.88,2189728,49291,509.635,13,3,0,,,,,,,,,,,,,,,,,,,,,,,,,,,,,,,,,,,,,,,,,,,,,,8721.28,8721.32,fc3d959b5963047bf860860e6eb8c2550ee2f5d546b7515e0f6a028c2413f750,8.74,ok,
g2_dhigh_ascarce_pcross_heavy_gshared_pool_seed0,warehouse_random_factorial,carrier,1,25,68.0,68000000,24,32,12,0,0.32,13,25,68,68000000,25,68,68000000,1,0,0,2730,1035,434,0,0,SEARCH_CUTOFF,1,1,0,0,-1,68,-1,25,-1,233,16606,233,1194,0,89,0,708,37,17,3708,2200,78,707,8.6607,44541,1144,TASKBR_VACANCY_V1,46678,3214,46678,45546,50695,89.8432,0,121468,37945,43375,43375,122470,121806,118373,118373,118373,0,0,0,0,0,0,0,118373,119742,6,BOTTLENECK_TARGET_FRONTIER_CONTINUITY_V2,59.7197,25.4204,114.307,25.2237,49.9177,23480,235,24363,0,1245,12741,29387,37945,14536,0,2224,0,3002.92,1495327,172444,993.495,14598,0,0,,,,,,,,,,,,,,,,,,,,,,,,,,,,,,,,,,,,,,,,,,,,,,8868.87,8868.9,3a6cf8177787d0044206b07cb2b3a67f17913360f1e91ecaf7c14954e7e4e44f,8.9,ok,
g2_dhigh_ascarce_pcross_heavy_gsingleton_seed0,warehouse_random_factorial,carrier,1,63,147.0,147000000,67,58,16,0,0.3545,63,63,148,148000000,63,147,147000000,1,1,1,10,89,292,0,0,STRICT_IMPROVEMENT,4,0,0,0,-1,-1,-1,-1,-1,97,9,97,826,0,122,0,281,74,42,738,632,64,359,3.41664,22617,184,TASKBR_VACANCY_V1,234,111,234,173,435,39.7701,0,248,59,142,142,325,319,234,234,234,0,0,0,0,0,0,0,234,262,6,BOTTLENECK_TARGET_FRONTIER_CONTINUITY_V2,0.228399,0.081276,0.355022,0.075498,0.176016,94,54,112,0,48,12,80,59,144,0,0,0,121.049,96566,488,12.9748,9,0,0,,,,,,,,,,,,,,,,,,,,,,,,,,,,,,,,,,,,,,,,,,,,,,131.655,131.686,42eb6285662965bdd4569f0f720ae3d66f5fcd4102a2e84f31f079131ccbf166,0.14,ok,
g2_dhigh_ascarce_plocal_gshared_pool_seed0,warehouse_random_factorial,carrier,1,26,68.0,68000000,20,36,12,0,0.2564,17,26,68,68000000,26,68,68000000,1,0,0,5293,1392,627,0,0,SEARCH_CUTOFF,2,1,0,0,-1,68,-1,26,-1,373,19080,373,1093,0,172,0,1026,14,0,438,359,166,780,12.2845,49140,161,TASKBR_VACANCY_V1,51072,1685,51072,50053,52763,94.8638,100,140127,34139,51365,51365,140577,139419,137806,137806,137806,0,0,0,370,0,0,0,137806,140434,6,BOTTLENECK_TARGET_FRONTIER_CONTINUITY_V2,65.8828,29.4585,131.771,29.5915,60.3841,32786,189,33340,0,1380,13264,36719,34139,17962,0,1979,0,3406.07,1503517,214945,1121.66,14171,0,0,,,,,,,,,,,,,,,,,,,,,,,,,,,,,,,,,,,,,,,,,,,,,,9172.86,9172.89,c04b335927a8d23edda02bf5a3efd4d1dc1e3391b3d78e7dd23482b7f91990c8,9.205,ok,
g2_dhigh_ascarce_plocal_gsingleton_seed0,warehouse_random_factorial,carrier,1,29,85.0,85000000,30,36,14,0,0.3448,53,29,87,87000000,29,85,85000000,1,1,1,2545,1029,491,0,0,STRICT_IMPROVEMENT,1,0,0,0,-1,-1,-1,-1,-1,116,5137,116,840,2,112,0,348,12,6,809,1267,118,357,4.22084,22491,1308,TASKBR_VACANCY_V1,12017,452,12017,11581,12478,92.8113,0,23148,4658,9393,9393,23171,23060,22814,22814,22814,0,0,0,0,0,0,0,22814,23270,6,BOTTLENECK_TARGET_FRONTIER_CONTINUITY_V2,11.069,4.54793,19.5587,4.55564,8.91239,6437,118,6436,0,367,3127,5897,4658,5541,0,263,0,892.854,1566738,45446,366.288,1157,0,0,,,,,,,,,,,,,,,,,,,,,,,,,,,,,,,,,,,,,,,,,,,,,,1572.46,1572.5,3e6ed245743aad017edd8692c09d5546ac8c976520956a92a60e85e6588971b9,1.585,ok,
g2_dhigh_ascarce_pmixed_gshared_pool_seed0,warehouse_random_factorial,carrier,1,51,146.0,146000000,39,95,12,0,0.2549,32,51,146,146000000,51,146,146000000,1,0,0,19969,492,405,0,0,SEARCH_CUTOFF,28,1,0,0,-1,146,-1,51,-1,2685,17375,2685,25835,0,3974,14,5225,575,508,7419,2182,3203,7160,85.9212,451080,5626,TASKBR_VACANCY_V1,40454,7291,40454,35885,48823,73.5002,2398,65236,23908,32523,32523,67530,65901,62055,62055,62055,0,0,0,76,0,0,0,62055,62832,6,BOTTLENECK_TARGET_FRONTIER_CONTINUITY_V2,38.3421,16.225,59.6665,14.4006,28.3076,17251,3004,18065,0,1282,9193,22046,23908,25505,0,1797,0,4890.01,14159865,148462,2359.44,7911,0,2,,,,,,,,,,,,,,,,,,,,,,,,,,,,,,,,,,,,,,,,,,,,,,8965.11,8965.16,3b3b27fe3840e5958a45a87b4a4b8646796517042e911fe93c82d49a60cd33ce,8.99,ok,
g2_dhigh_ascarce_pmixed_gsingleton_seed0,warehouse_random_factorial,carrier,1,41,115.0,115000000,43,60,12,0,0.3496,87,41,117,117000000,41,115,115000000,1,1,1,10588,1253,588,1,1,REFERENCE_SUFFIX_ACCEPTED,11,0,0,0,-1,-1,-1,-1,-1,259,12484,259,1493,2,342,0,673,44,18,3390,1293,306,618,8.17103,38934,1914,TASKBR_VACANCY_V1,26343,56,26343,26328,26439,99.5802,0,66895,18493,29107,29107,66940,66679,65860,65860,65860,0,0,0,0,0,0,0,65860,70410,6,BOTTLENECK_TARGET_FRONTIER_CONTINUITY_V2,35.711,15.3941,58.3345,14.3743,29.7993,18136,292,18168,0,620,7777,20708,18493,14428,0,1458,0,2417.79,3525091,118600,955.217,7881,0,0,,,,,,,,,,,,,,,,,,,,,,,,,,,,,,,,,,,,,,,,,,,,,,6017.7,6017.74,e92b2cddfb9c3be17fb3bca79e2f5a539bf9a07e5e39e9acd7d58ed922a2e1bb,6.04,ok,
g2_dhigh_asurplus_pcross_heavy_gshared_pool_seed0,warehouse_random_factorial,carrier,1,13,56.0,56000000,24,20,12,0,0.2051,10,13,56,56000000,13,56,56000000,1,0,0,299366,16,126,0,0,SEARCH_CUTOFF,0,1,0,0,-1,56,-1,13,-1,72,17347,72,346,0,134,0,105,0,0,108,596,138,162,2.01989,10206,269,TASKBR_VACANCY_V1,67,27,67,40,94,42.5532,0,62,22,17743,17743,62,60,60,60,60,0,0,0,0,0,0,0,60,116,6,BOTTLENECK_TARGET_FRONTIER_CONTINUITY_V2,16.7311,0.029695,0.142408,0.023943,0.141107,17728,17724,8790,0,17,152,17572,22,43896,0,0,0,1769.09,5630445,106743,937.942,3,0,0,,,,,,,,,,,,,,,,,,,,,,,,,,,,,,,,,,,,,,,,,,,,,,8650.61,8650.64,84fc1da638a2f30d23418bf567bbc472f9e9da15beb0beb44418dd55795aa670,8.682,ok,
g2_dhigh_asurplus_pcross_heavy_gsingleton_seed0,warehouse_random_factorial,carrier,1,31,153.0,153000000,64,60,20,1,0.2294,36,31,153,153000000,31,153,153000000,1,0,0,104738,28,237,0,0,SEARCH_CUTOFF,4,0,0,0,-1,-1,-1,-1,-1,61,16664,61,825,0,124,0,153,48,16,322,636,94,257,2.26254,16191,336,TASKBR_VACANCY_V1,9617,62,9617,9606,9745,98.5736,0,9217,5258,17595,17595,9284,5351,5351,5351,5351,0,0,0,0,0,0,0,5351,34906,6,BOTTLENECK_TARGET_FRONTIER_CONTINUITY_V2,19.4735,3.34045,10.3101,2.38261,6.66386,12377,12367,6177,0,28,203,17362,5258,30680,0,0,0,1992.17,9682659,76914,1238.12,8,2,0,,,,,,,,,,,,,,,,,,,,,,,,,,,,,,,,,,,,,,,,,,,,,,8631.08,8631.12,71db23ec11d86bedbc89541784a83cef750915f1b02c7c013003b7aa6f2ece97,8.655,ok,
g2_dhigh_asurplus_plocal_gshared_pool_seed0,warehouse_random_factorial,carrier,1,11,58.0,58000000,20,26,12,0,0.202,9,11,58,58000000,11,58,58000000,1,0,0,82397,101979,151889,0,0,SEARCH_CUTOFF,0,1,0,0,-1,58,-1,11,-1,1632,14145,1632,3713,0,3686,0,3444,0,0,3156,3477,4933,3273,46.306,206199,1016,TASKBR_VACANCY_V1,15818,17,15818,15801,15835,99.7853,1367,13299,2660,15902,15902,13299,13297,13297,13297,13297,0,0,0,0,0,0,0,13297,62941,6,BOTTLENECK_TARGET_FRONTIER_CONTINUITY_V2,25.9576,9.25306,26.7694,5.20286,25.2275,4844,5,4839,0,1,25,15874,2660,46106,0,0,0,3315.88,3509950,124298,903.186,0,0,0,,,,,,,,,,,,,,,,,,,,,,,,,,,,,,,,,,,,,,,,,,,,,,8633.36,8633.4,7529b12a8ca1a6d11a373cf7a9d0ce7094104d1203bc68f71d6908520f479afa,8.653,ok,
g2_dhigh_asurplus_plocal_gsingleton_seed0,warehouse_random_factorial,carrier,1,15,71.0,71000000,30,22,14,0,0.2222,23,15,71,71000000,15,71,71000000,1,0,0,29470,55,307,0,0,SEARCH_CUTOFF,0,0,0,0,-1,-1,-1,-1,-1,134,18019,134,823,2,215,0,181,19,17,546,776,218,332,3.74014,20916,810,TASKBR_VACANCY_V1,10119,3944,10119,6193,14083,43.975,0,10304,3357,18709,18709,10310,3404,3404,3404,3404,0,0,0,0,0,0,0,3404,22720,6,BOTTLENECK_TARGET_FRONTIER_CONTINUITY_V2,19.8158,2.2411,6.59156,1.5542,2.19337,15358,15354,8492,0,28,256,18423,3357,38710,0,0,0,1481.34,3469044,91063,651.984,0,0,13,,,,,,,,,,,,,,,,,,,,,,,,,,,,,,,,,,,,,,,,,,,,,,8637.99,8638.03,122bc130c6b90b93b996626b5374cd719764b0d5d77e00beaf79d9029ca0360b,8.655,ok,
g2_dhigh_asurplus_pmixed_gshared_pool_seed0,warehouse_random_factorial,carrier,1,16,79.0,79000000,41,26,12,0,0.2847,13,16,79,79000000,16,79,79000000,1,0,0,185930,18,152,0,0,SEARCH_CUTOFF,1,1,0,0,-1,79,-1,16,-1,4518,11073,4518,8765,0,14265,8,5413,887,411,12818,9875,17040,10635,128.826,670005,5627,TASKBR_VACANCY_V1,123,81,123,55,250,22,4249,4776,759,15621,15621,4777,807,807,807,807,0,0,0,0,0,0,0,807,1755,6,BOTTLENECK_TARGET_FRONTIER_CONTINUITY_V2,18.1815,0.615391,1.69397,0.336767,1.2752,15114,15108,8783,0,13,120,15486,759,64836,0,0,0,3546.8,4530076,123142,1077.41,4,0,0,,,,,,,,,,,,,,,,,,,,,,,,,,,,,,,,,,,,,,,,,,,,,,8665.89,8665.93,83fb33f53b6f2b8e04d89920b94f8b8cbeed1ed6e2412e76487be6409e05e7ab,8.697,ok,
g2_dhigh_asurplus_pmixed_gsingleton_seed0,warehouse_random_factorial,carrier,1,20,99.0,99000000,45,36,16,0,0.25,19,20,99,99000000,20,99,99000000,1,0,0,121257,17,167,0,0,SEARCH_CUTOFF,3,0,0,0,-1,-1,-1,-1,-1,187,17205,187,772,0,442,0,199,28,16,744,233,506,523,5.61465,32949,292,TASKBR_VACANCY_V1,8533,1095,8533,7459,9637,77.3996,0,7310,2785,17725,17725,7327,2867,2867,2867,2867,0,0,0,0,0,0,0,2867,16310,6,BOTTLENECK_TARGET_FRONTIER_CONTINUITY_V2,18.9025,1.71671,5.41865,1.18856,4.24975,14942,14934,8011,0,26,272,17425,2785,41075,0,0,0,2108.81,8006835,115250,1248.14,0,6,16,,,,,,,,,,,,,,,,,,,,,,,,,,,,,,,,,,,,,,,,,,,,,,8646.07,8646.1,89e2dcf45e1764de8df79de0cbadaa7f7a52b8213845a72117c8bb80197ceb6d,8.671,ok,
g2_dlow_abaseline_pcross_heavy_gshared_pool_seed0,warehouse_random_factorial,carrier,1,18,58.0,58000000,19,27,12,0,0.2639,7,18,58,58000000,18,58,58000000,1,0,0,9984,3687,1364,0,0,SEARCH_CUTOFF,2,1,0,0,-1,58,-1,18,-1,219,31962,219,1151,0,159,0,737,18,18,5386,1965,152,471,6.69693,29673,155,TASKBR_VACANCY_V1,68446,3320,68446,65280,71856,90.8484,0,141204,31649,65616,65616,141234,134014,134005,134005,134005,0,0,0,0,0,0,0,134005,202894,6,BOTTLENECK_TARGET_FRONTIER_CONTINUITY_V2,77.4832,31.4284,125.648,29.1628,52.5817,45171,31,40567,0,222,3439,61953,31649,30165,0,522,0,3024.54,5122793,260230,1371.7,15127,0,0,,,,,,,,,,,,,,,,,,,,,,,,,,,,,,,,,,,,,,,,,,,,,,8913.22,8913.26,a0622e65b6c66e992aa2e801170c440eb9ed533a031a95f46394650bdd2230c0,8.944,ok,
g2_dlow_abaseline_pcross_heavy_gsingleton_seed0,warehouse_random_factorial,carrier,1,29,99.0,99000000,47,40,12,0,0.4052,33,31,101,101000000,29,99,99000000,1,1,1,0,29,138,1,1,REFERENCE_SUFFIX_ACCEPTED,12,0,0,0,-1,-1,-1,-1,-1,52,4,52,462,0,80,0,137,10,10,788,1060,68,141,1.45227,8883,238,TASKBR_VACANCY_V1,129,23,129,121,156,77.5641,0,164,56,65,65,172,166,162,162,162,0,0,0,0,0,0,0,162,177,6,BOTTLENECK_TARGET_FRONTIER_CONTINUITY_V2,0.146024,0.054665,0.250611,0.052478,0.151409,35,9,34,0,4,9,50,56,103,0,0,0,63.0661,96873,383,12.8102,5,0,0,,,,,,,,,,,,,,,,,,,,,,,,,,,,,,,,,,,,,,,,,,,,,,68.0351,68.0657,273fef356feae8d7f4b9d5deafcce8fd4102bb2e491232399a302d82b164f46a,0.076,ok,
g2_dlow_abaseline_plocal_gshared_pool_seed0,warehouse_random_factorial,carrier,1,24,78.0,78000000,15,51,12,0,0.1562,8,24,78,78000000,24,78,78000000,1,0,0,570,2573,1354,0,0,SEARCH_CUTOFF,7,1,0,0,-1,78,-1,24,-1,24,3,24,122,0,12,0,105,0,0,0,3,6,63,0.731892,3969,0,TASKBR_VACANCY_V1,97,12,97,85,109,77.9817,0,104678,15416,52401,52401,104678,104671,104671,104671,104671,0,0,0,0,0,0,0,104671,205884,6,BOTTLENECK_TARGET_FRONTIER_CONTINUITY_V2,61.2604,26.865,104.614,24.6708,58.9452,48717,3,41880,0,245,3567,48587,15416,31,0,764,0,1602.85,426136,104964,516.719,7928,0,0,,,,,,,,,,,,,,,,,,,,,,,,,,,,,,,,,,,,,,,,,,,,,,9462.91,9462.95,63875042720a04f07baa07d3c0abf602f458088e57e1f8f8643bb3b037204ac9,9.495,ok,
g2_dlow_abaseline_plocal_gsingleton_seed0,warehouse_random_factorial,carrier,1,24,75.0,75000000,25,38,12,0,0.2604,20,24,75,75000000,24,75,75000000,1,0,0,11792,3699,1762,0,0,SEARCH_CUTOFF,6,0,0,0,-1,-1,-1,-1,-1,104,30550,104,515,0,84,0,261,6,6,136,598,78,364,3.46511,22932,50,TASKBR_VACANCY_V1,69671,13314,69671,56363,82989,67.9162,0,147508,15014,62575,62575,147508,144882,144882,144882,144882,0,0,0,0,0,0,0,144882,203581,6,BOTTLENECK_TARGET_FRONTIER_CONTINUITY_V2,80.3909,29.9367,132.19,28.191,67.3514,49160,70,49159,0,407,5192,56974,15014,34793,0,532,0,2921.91,3444354,359538,1425.96,4280,0,10,,,,,,,,,,,,,,,,,,,,,,,,,,,,,,,,,,,,,,,,,,,,,,9438.98,9439.02,e2ff4e09c6a12b0f84c68cab6db0c92b113d737c77bffd8ac8d0053fe071cba4,9.47,ok,
g2_dlow_abaseline_pmixed_gshared_pool_seed0,warehouse_random_factorial,carrier,1,29,106.0,106000000,31,63,12,0,0.2672,15,30,106,106000000,29,106,106000000,1,1,1,2,35,155,0,0,STRICT_IMPROVEMENT,15,1,1,1,47,106,106,30,29,54,5,54,588,0,60,0,177,0,0,0,61,38,168,1.66272,10584,4,TASKBR_VACANCY_V1,175,33,175,142,208,68.2692,0,226,60,79,79,226,221,221,221,221,0,0,0,0,0,0,0,221,241,6,BOTTLENECK_TARGET_FRONTIER_CONTINUITY_V2,0.182683,0.06859,0.364083,0.075773,0.234768,48,8,43,0,1,5,71,60,91,0,0,0,42.3555,48400,499,7.91493,6,0,0,,,,,,,,,,,,,,,,,,,,,,,,,,,,,,,,,,,,,,,,,,,,,,47.6774,47.706,2755a3c11f84e8e4fc6acda86c086f8176c10443df382b4ee4f21615f764cf01,0.056,ok,
g2_dlow_abaseline_pmixed_gsingleton_seed0,warehouse_random_factorial,carrier,1,25,86.0,86000000,39,35,12,0,0.39,23,25,88,88000000,25,86,86000000,1,1,1,118,1322,510,0,0,STRICT_IMPROVEMENT,0,0,0,0,-1,-1,-1,-1,-1,41,896,41,291,0,67,0,106,4,4,32,163,63,91,1.15532,5733,12,TASKBR_VACANCY_V1,1168,192,1168,982,1360,72.2059,0,1681,168,1433,1433,1683,1679,1665,1665,1665,0,0,0,0,0,0,0,1665,3971,6,BOTTLENECK_TARGET_FRONTIER_CONTINUITY_V2,1.30755,0.401367,1.66807,0.426677,1.23668,881,13,881,0,35,216,1180,168,983,0,0,0,91.4303,181494,3072,31.694,0,0,0,,,,,,,,,,,,,,,,,,,,,,,,,,,,,,,,,,,,,,,,,,,,,,122.761,122.796,ae064d626f311721331b4ae22badc4060fc9f3862d379e7df49605805d8de76d,0.131,ok,
g2_dlow_aequal_pcross_heavy_gshared_pool_seed0,warehouse_random_factorial,carrier,1,12,58.0,58000000,17,29,12,0,0.2361,7,14,60,60000000,12,58,58000000,1,1,1,72,270,927,0,0,STRICT_IMPROVEMENT,0,1,1,1,48,60,58,14,12,120,53,120,357,0,239,0,177,0,0,244,51,248,250,3.07264,15750,0,TASKBR_VACANCY_V1,60,21,60,39,81,48.1481,0,79,13,181,181,79,74,74,74,74,0,0,0,0,0,0,0,74,78,6,BOTTLENECK_TARGET_FRONTIER_CONTINUITY_V2,0.198608,0.024294,0.116119,0.020087,0.096909,170,162,111,0,2,5,172,13,652,0,0,0,42.6454,52217,1102,11.9522,0,0,0,,,,,,,,,,,,,,,,,,,,,,,,,,,,,,,,,,,,,,,,,,,,,,49.8752,49.9059,33d36ab4368ddd05b2a6670244bc0f1e00c64d99b180a45f9717c0ec8c9acac6,0.058,ok,
g2_dlow_aequal_pcross_heavy_gsingleton_seed0,warehouse_random_factorial,carrier,1,20,83.0,83000000,47,24,12,0,0.3917,13,20,85,85000000,20,83,83000000,1,1,1,117,233,634,1,1,REFERENCE_SUFFIX_ACCEPTED,0,0,0,0,-1,-1,-1,-1,-1,100,5,100,630,0,409,0,147,32,32,28,118,400,268,2.75254,16884,40,TASKBR_VACANCY_V1,21,6,21,18,27,66.6667,0,68,16,114,114,68,62,62,62,62,0,0,0,0,0,0,0,62,62,6,BOTTLENECK_TARGET_FRONTIER_CONTINUITY_V2,0.117366,0.018754,0.091413,0.019512,0.114081,104,98,93,0,1,6,105,16,493,0,0,0,74.2273,334173,827,43.2124,0,0,0,,,,,,,,,,,,,,,,,,,,,,,,,,,,,,,,,,,,,,,,,,,,,,80.6263,80.6563,6e06b1a745131ed8e7468efaf301e2be7afffdadaa21e7cdce334fc3c3005da7,0.089,ok,
g2_dlow_aequal_plocal_gshared_pool_seed0,warehouse_random_factorial,carrier,1,13,56.0,56000000,15,29,12,0,0.1923,6,13,56,56000000,13,56,56000000,1,0,0,1574,52,249,0,0,SEARCH_CUTOFF,0,1,0,0,-1,56,-1,13,-1,136,19400,136,923,0,122,0,391,0,0,68,436,121,352,4.09053,22176,17,TASKBR_VACANCY_V1,43417,10313,43417,33104,53730,61.6118,0,27663,8266,20382,20382,27663,27655,27655,27655,27655,0,0,0,0,0,0,0,27655,62556,6,BOTTLENECK_TARGET_FRONTIER_CONTINUITY_V2,32.3968,14.5422,39.5861,9.24414,12.9473,9136,36,9129,0,6,120,20254,8266,39937,0,0,0,1808.17,4036159,140572,1005.61,510,0,0,,,,,,,,,,,,,,,,,,,,,,,,,,,,,,,,,,,,,,,,,,,,,,8634.42,8634.46,85a2001a15a21c166bed33c227dc86cbe1e381d44ab3a7bdcb046e0c9194d742,8.649,ok,
g2_dlow_aequal_plocal_gsingleton_seed0,warehouse_random_factorial,carrier,1,15,59.0,59000000,23,24,12,0,0.2556,9,15,61,61000000,15,59,59000000,1,1,1,120,273,940,0,0,STRICT_IMPROVEMENT,0,0,0,0,-1,-1,-1,-1,-1,260,50,260,862,0,432,0,462,61,61,128,172,415,629,7.3705,39627,75,TASKBR_VACANCY_V1,267,144,267,162,507,31.9527,0,95,32,319,319,95,82,82,82,82,0,0,0,0,0,0,0,82,127,6,BOTTLENECK_TARGET_FRONTIER_CONTINUITY_V2,0.374681,0.033955,0.144818,0.029103,0.14269,291,287,247,0,14,72,231,32,847,0,0,0,105.088,113155,2033,24.2519,0,0,7,,,,,,,,,,,,,,,,,,,,,,,,,,,,,,,,,,,,,,,,,,,,,,116.346,116.376,8482f4c0b7798e48a0733a30e1c3dec4a3c026dc4dfe7a31850cc71aca0da43b,0.125,ok,
g2_dlow_aequal_pmixed_gshared_pool_seed0,warehouse_random_factorial,carrier,1,19,78.0,78000000,31,35,12,0,0.2719,10,19,78,78000000,19,78,78000000,1,0,0,4982,32628,9604,0,0,SEARCH_CUTOFF,0,1,0,0,-1,78,-1,19,-1,172,20023,172,1317,0,324,0,345,30,30,0,1,343,366,4.47698,23058,32,TASKBR_VACANCY_V1,20247,4155,20247,20217,24402,82.8498,0,16429,13,20500,20500,20554,20550,20550,20550,20550,0,0,0,0,0,0,0,20550,54061,6,BOTTLENECK_TARGET_FRONTIER_CONTINUITY_V2,28.8032,11.4921,30.3604,7.86977,14.5983,10963,56,10959,0,48,395,20055,13,47365,0,0,0,2898.84,14293954,163938,2164.75,0,0,0,,,,,,,,,,,,,,,,,,,,,,,,,,,,,,,,,,,,,,,,,,,,,,8648.81,8648.84,c577546029daf6d1154250db72876315e306380074c3bc583609d283565a1e59,8.663,ok,
g2_dlow_aequal_pmixed_gsingleton_seed0,warehouse_random_factorial,carrier,1,20,80.0,80000000,37,31,12,0,0.3083,14,20,82,82000000,20,80,80000000,1,1,1,6,25,151,0,0,STRICT_IMPROVEMENT,1,0,0,0,-1,-1,-1,-1,-1,80,15,80,385,0,103,0,108,10,10,688,182,93,185,2.04406,11655,184,TASKBR_VACANCY_V1,61,26,61,46,93,49.4624,0,88,19,109,109,95,86,86,86,86,0,0,0,0,0,0,0,86,116,6,BOTTLENECK_TARGET_FRONTIER_CONTINUITY_V2,0.1553,0.031461,0.156791,0.028852,0.105573,89,79,69,0,20,50,37,19,181,0,0,0,32.5669,82472,376,11.3462,0,4,0,,,,,,,,,,,,,,,,,,,,,,,,,,,,,,,,,,,,,,,,,,,,,,38.0168,38.0423,8a8ecd9fa622707f2dc646114998aed24795b9416e8c3673862b1e8554afef16,0.046,ok,
g2_dlow_ascarce_pcross_heavy_gshared_pool_seed0,warehouse_random_factorial,carrier,1,27,76.0,76000000,21,41,14,1,0.2593,8,28,74,74000000,27,76,76000000,1,1,1,162,714,388,0,0,STRICT_IMPROVEMENT,3,1,1,1,475,74,76,28,27,163,2468,163,561,0,91,0,412,4,4,1020,1357,80,460,5.29805,28980,117,TASKBR_VACANCY_V1,5735,694,5735,5122,6429,79.6702,0,10519,1939,5242,5242,10519,10236,10220,10220,10220,0,0,0,0,0,0,0,10220,12062,6,BOTTLENECK_TARGET_FRONTIER_CONTINUITY_V2,5.89094,2.33023,8.66186,2.08926,3.702,3773,108,3763,0,138,1430,3672,1939,2933,0,149,0,263.362,125347,19014,81.8299,576,0,0,,,,,,,,,,,,,,,,,,,,,,,,,,,,,,,,,,,,,,,,,,,,,,499.423,499.46,f2912ac9e20715d3a093b32738436021e3de605b1413d5e5a412d3767a4332bb,0.51,ok,
g2_dlow_ascarce_pcross_heavy_gsingleton_seed0,warehouse_random_factorial,carrier,1,45,130.0,130000000,49,69,12,0,0.363,58,46,130,130000000,45,130,130000000,1,1,1,11,80,227,1,1,REFERENCE_SUFFIX_ACCEPTED,26,0,0,0,-1,-1,-1,-1,-1,92,3,92,589,0,129,0,230,16,16,2355,1360,114,239,2.43301,15057,686,TASKBR_VACANCY_V1,199,37,199,184,246,74.7967,0,299,76,123,123,315,304,292,292,292,0,0,0,0,0,0,0,292,294,6,BOTTLENECK_TARGET_FRONTIER_CONTINUITY_V2,0.214154,0.08204,0.440997,0.09016,0.259983,91,39,90,0,4,11,106,76,173,0,0,0,116.106,89600,605,12.597,21,2,0,,,,,,,,,,,,,,,,,,,,,,,,,,,,,,,,,,,,,,,,,,,,,,122.522,122.552,d5023e86582a87ff67c9b8a57908363b54529b52bb2b5b104642bf0ad6e8bb43,0.131,ok,
g2_dlow_ascarce_plocal_gshared_pool_seed0,warehouse_random_factorial,carrier,1,29,78.0,78000000,15,51,12,0,0.1724,9,29,78,78000000,29,78,78000000,1,0,0,4316,1043,483,0,0,SEARCH_CUTOFF,5,1,0,0,-1,78,-1,29,-1,881,33563,881,3071,0,699,0,2625,3,3,602,730,710,2193,29.7732,138159,192,TASKBR_VACANCY_V1,90643,8469,90643,82214,99117,82.9464,611,198720,22706,72056,72056,198720,192980,192980,192980,192980,0,0,0,0,0,0,0,192980,199732,6,BOTTLENECK_TARGET_FRONTIER_CONTINUITY_V2,95.7496,40.4816,172.235,37.4778,71.12,56471,817,56195,0,2643,21931,47480,22706,33936,0,3576,0,3732.71,1892284,364809,1339.62,4644,0,0,,,,,,,,,,,,,,,,,,,,,,,,,,,,,,,,,,,,,,,,,,,,,,8986.28,8986.31,c1a9bc8d4182ab684f10eb0da8832d23f9f9238c13779953b894206e9f297073,9.021,ok,
g2_dlow_ascarce_plocal_gsingleton_seed0,warehouse_random_factorial,carrier,1,33,86.0,86000000,25,49,12,0,0.2525,26,33,86,86000000,33,86,86000000,1,0,0,28937,1157,525,0,0,SEARCH_CUTOFF,14,0,0,0,-1,-1,-1,-1,-1,3244,43508,3244,16687,0,3072,0,7362,6,6,136,7661,3628,10496,104.291,661248,50,TASKBR_VACANCY_V1,82325,10751,82325,71582,93080,76.9037,2968,95883,22578,58183,58183,95889,93359,90803,90803,90803,0,0,0,0,0,0,0,90803,100712,6,BOTTLENECK_TARGET_FRONTIER_CONTINUITY_V2,61.2993,23.3511,73.1139,20.5998,29.6837,43502,3143,42464,0,1967,16448,39766,22578,60238,0,3019,0,4621.4,4891348,276080,1492.48,7012,0,0,,,,,,,,,,,,,,,,,,,,,,,,,,,,,,,,,,,,,,,,,,,,,,9397.04,9397.08,bc3c6cefb6703746d156d80aea57579fa251979f2297a587e2f1a497a385c36e,9.427,ok,
g2_dlow_ascarce_pmixed_gshared_pool_seed0,warehouse_random_factorial,carrier,1,37,98.0,98000000,31,55,12,0,0.2793,15,37,99,99000000,37,98,98000000,1,1,1,1155,555,392,0,0,STRICT_IMPROVEMENT,3,1,1,1,339,99,98,37,37,177,2612,177,1019,0,147,0,425,2,1,204,474,142,525,5.57029,33075,58,TASKBR_VACANCY_V1,3541,473,3541,3082,4028,76.5144,0,3950,958,3515,3515,3963,3959,3873,3873,3873,0,0,0,0,0,0,0,3873,5985,6,BOTTLENECK_TARGET_FRONTIER_CONTINUITY_V2,3.19053,1.11804,3.47578,1.11116,1.61779,2754,120,2773,0,232,1194,2087,958,3528,0,116,0,222.228,177617,11991,65.2102,274,0,0,,,,,,,,,,,,,,,,,,,,,,,,,,,,,,,,,,,,,,,,,,,,,,359.139,359.172,800ff0d4dbb7f54c2e9fed5160d8266a0e013d6bc18a0442caf7346df061f8b9,0.368,ok,
g2_dlow_ascarce_pmixed_gsingleton_seed0,warehouse_random_factorial,carrier,1,39,99.0,99000000,41,46,12,0,0.3504,46,39,99,99000000,39,99,99000000,1,0,0,20235,1352,645,0,0,SEARCH_CUTOFF,11,0,0,0,-1,-1,-1,-1,-1,4633,33652,4633,16645,0,4464,0,10276,9,9,1232,12115,4499,10483,129.623,660429,323,TASKBR_VACANCY_V1,55462,8386,55462,47084,63858,73.7323,4350,83671,23940,55606,55606,83677,74767,70522,70522,70522,0,0,0,0,0,0,0,70522,98906,6,BOTTLENECK_TARGET_FRONTIER_CONTINUITY_V2,53.6579,20.1593,62.3007,18.6118,23.6422,39258,4618,38753,0,1772,15975,37857,23940,43115,0,3335,0,4416.23,4557324,146857,1161.07,10059,0,2,,,,,,,,,,,,,,,,,,,,,,,,,,,,,,,,,,,,,,,,,,,,,,8883.09,8883.13,c21df4d8abeda156e516faf3e35e92f20679e6b37ad3e7ce2d489dd689643451,8.914,ok,
g2_dlow_asurplus_pcross_heavy_gshared_pool_seed0,warehouse_random_factorial,carrier,1,11,51.0,51000000,19,20,12,0,0.1919,7,12,51,51000000,11,51,51000000,1,1,1,1,17,142,0,0,STRICT_IMPROVEMENT,2,1,1,1,17,51,51,12,11,30,9,30,257,0,40,0,66,0,0,43,174,31,73,0.855281,4599,0,TASKBR_VACANCY_V1,69,27,69,42,96,43.75,0,67,23,45,45,67,61,61,61,61,0,0,0,0,0,0,0,61,124,6,BOTTLENECK_TARGET_FRONTIER_CONTINUITY_V2,0.094196,0.027695,0.125084,0.021601,0.140326,26,24,16,0,1,4,38,23,93,0,0,0,13.4695,16408,241,3.04023,3,0,0,,,,,,,,,,,,,,,,,,,,,,,,,,,,,,,,,,,,,,,,,,,,,,17.659,17.6834,1ec08c3243b762657f9889a004dbebabbf3f6c35c2227fd3124dfd0158b2e77e,0.025,ok,
g2_dlow_asurplus_pcross_heavy_gsingleton_seed0,warehouse_random_factorial,carrier,1,20,83.0,83000000,47,24,12,0,0.2611,13,20,85,85000000,20,83,83000000,1,1,1,117,233,979,1,1,REFERENCE_SUFFIX_ACCEPTED,0,0,0,0,-1,-1,-1,-1,-1,100,5,100,630,0,409,0,147,32,32,28,118,400,268,2.66832,16884,40,TASKBR_VACANCY_V1,21,6,21,18,27,66.6667,0,68,16,114,114,68,62,62,62,62,0,0,0,0,0,0,0,62,101,6,BOTTLENECK_TARGET_FRONTIER_CONTINUITY_V2,0.173736,0.024494,0.153873,0.022649,0.135688,104,98,93,0,1,6,105,16,493,0,0,0,72.8676,334173,827,42.3716,0,0,0,,,,,,,,,,,,,,,,,,,,,,,,,,,,,,,,,,,,,,,,,,,,,,79.4466,79.4723,d28226ee03355f6718600485efbc8028012be4a6e251462a508288376eafb662,0.087,ok,
g2_dlow_asurplus_plocal_gshared_pool_seed0,warehouse_random_factorial,carrier,1,12,51.0,51000000,15,24,12,0,0.1389,6,12,51,51000000,12,51,51000000,1,0,0,12042,268,1426,0,0,SEARCH_CUTOFF,0,1,0,0,-1,51,-1,12,-1,315,19253,315,1085,0,397,0,690,0,0,27,1437,477,696,8.64594,43848,2,TASKBR_VACANCY_V1,19704,67,19704,19637,19771,99.3222,49,19785,6520,19716,19716,19785,19778,19778,19778,19778,0,0,0,0,0,0,0,19778,115796,6,BOTTLENECK_TARGET_FRONTIER_CONTINUITY_V2,29.6678,12.6684,35.8374,8.01096,37.9825,11032,75,11027,0,28,254,19432,6520,45940,0,0,0,1471.25,2000238,139656,614.64,3241,0,0,,,,,,,,,,,,,,,,,,,,,,,,,,,,,,,,,,,,,,,,,,,,,,8653.47,8653.51,fad7edac9d6c6a9bfb2ea50340a6cbd2a0cca7ed1a92239efee2d464abc3abbd,8.67,ok,
g2_dlow_asurplus_plocal_gsingleton_seed0,warehouse_random_factorial,carrier,1,15,53.0,53000000,23,18,12,0,0.1704,10,15,55,55000000,15,53,53000000,1,1,1,100,56,378,0,0,STRICT_IMPROVEMENT,0,0,0,0,-1,-1,-1,-1,-1,258,107,258,589,0,304,0,369,33,33,96,29,310,593,6.75145,37359,60,TASKBR_VACANCY_V1,173,100,173,93,307,30.2932,0,108,43,380,380,113,77,77,77,77,0,0,0,0,0,0,0,77,286,6,BOTTLENECK_TARGET_FRONTIER_CONTINUITY_V2,0.484749,0.044866,0.193631,0.03157,0.136949,343,337,252,0,29,131,218,43,787,0,0,0,78.7531,75550,1490,16.3392,0,0,11,,,,,,,,,,,,,,,,,,,,,,,,,,,,,,,,,,,,,,,,,,,,,,91.7065,91.7393,80bf1db595f3d09e969c6af0f293da2cbe21839544df942c8ec0a331dbbec992,0.1,ok,
g2_dlow_asurplus_pmixed_gshared_pool_seed0,warehouse_random_factorial,carrier,1,14,67.0,67000000,29,26,12,0,0.2302,9,14,69,69000000,14,67,67000000,1,1,1,11,47,311,1,1,REFERENCE_SUFFIX_ACCEPTED,0,1,1,1,25,69,67,14,14,34,12,34,486,0,91,0,85,0,0,0,27,68,88,0.967369,5544,0,TASKBR_VACANCY_V1,76,36,76,40,112,35.7143,0,76,16,53,53,76,72,72,72,72,0,0,0,0,0,0,0,72,129,6,BOTTLENECK_TARGET_FRONTIER_CONTINUITY_V2,0.110308,0.031134,0.173328,0.026842,0.163555,38,32,22,0,1,2,48,16,172,0,0,0,21.4119,39833,370,6.82157,0,0,0,,,,,,,,,,,,,,,,,,,,,,,,,,,,,,,,,,,,,,,,,,,,,,25.8809,25.9096,1f7b5cf14dc8db73a8ac3f38a0c7a416dd7932083d9461d0e8daa0459c1ba110,0.033,ok,
g2_dlow_asurplus_pmixed_gsingleton_seed0,warehouse_random_factorial,carrier,1,20,84.0,84000000,41,31,12,0,0.2278,14,20,86,86000000,20,84,84000000,1,1,1,8,24,212,1,1,REFERENCE_SUFFIX_ACCEPTED,3,0,0,0,-1,-1,-1,-1,-1,53,6,53,295,0,93,0,62,4,4,160,284,87,121,1.35009,7623,44,TASKBR_VACANCY_V1,50,18,50,35,68,51.4706,0,78,19,68,68,78,73,73,73,73,0,0,0,0,0,0,0,73,144,6,BOTTLENECK_TARGET_FRONTIER_CONTINUITY_V2,0.127719,0.031515,0.158061,0.028492,0.115573,53,47,43,0,6,25,35,19,134,0,0,0,26.7109,99647,308,13.2677,0,0,0,,,,,,,,,,,,,,,,,,,,,,,,,,,,,,,,,,,,,,,,,,,,,,31.7791,31.8055,e147d77d14a83934bfdce8545c286e688fd182f222c904414ecca6add22c392e,0.039,ok,
g2_dmedium_abaseline_pcross_heavy_gshared_pool_seed0,warehouse_random_factorial,carrier,1,18,58.0,58000000,19,27,12,0,0.2639,9,18,58,58000000,18,58,58000000,1,0,0,13142,3102,1385,0,0,SEARCH_CUTOFF,2,1,0,0,-1,58,-1,18,-1,57,17491,57,326,0,46,0,171,2,2,1210,209,38,126,1.89419,7938,53,TASKBR_VACANCY_V1,35357,79,35357,35338,35436,99.7234,0,115659,32504,56346,56346,115659,113994,113989,113989,113989,0,0,0,0,0,0,0,113989,178059,6,BOTTLENECK_TARGET_FRONTIER_CONTINUITY_V2,64.039,28.7439,111.672,26.0056,47.4373,31374,24,26942,0,227,3257,52860,32504,13914,0,425,0,2549.93,1751928,175111,847.916,16188,0,0,,,,,,,,,,,,,,,,,,,,,,,,,,,,,,,,,,,,,,,,,,,,,,8908.86,8908.89,8ceb9c7bde5e114addc966da266424bd6ea8031038cda9d33ee5a9167639245e,8.94,ok,
g2_dmedium_abaseline_pcross_heavy_gsingleton_seed0,warehouse_random_factorial,carrier,1,29,99.0,99000000,47,40,12,0,0.4052,37,31,101,101000000,29,99,99000000,1,1,1,0,29,138,1,1,REFERENCE_SUFFIX_ACCEPTED,12,0,0,0,-1,-1,-1,-1,-1,52,4,52,466,0,80,0,137,10,10,788,1022,68,145,1.59687,9135,240,TASKBR_VACANCY_V1,129,23,129,121,156,77.5641,0,164,56,65,65,172,166,162,162,162,0,0,0,0,0,0,0,162,177,6,BOTTLENECK_TARGET_FRONTIER_CONTINUITY_V2,0.143063,0.052484,0.256691,0.052133,0.150415,35,9,34,0,4,9,50,56,103,0,0,0,68.9488,96873,383,12.9643,5,0,0,,,,,,,,,,,,,,,,,,,,,,,,,,,,,,,,,,,,,,,,,,,,,,74.8315,74.8739,8cd9778e357a2a539ae93029bf3f86039efae89a80b56c4e7a0487edb932c204,0.083,ok,
g2_dmedium_abaseline_plocal_gshared_pool_seed0,warehouse_random_factorial,carrier,1,24,78.0,78000000,15,51,12,0,0.1562,10,24,78,78000000,24,78,78000000,1,0,0,1648,3022,1449,0,0,SEARCH_CUTOFF,7,1,0,0,-1,78,-1,24,-1,28,4928,28,133,0,12,0,114,1,0,142,18,6,74,1.00457,4662,10,TASKBR_VACANCY_V1,9955,1580,9955,9943,11535,86.1985,0,94315,25101,47232,47232,94315,92740,92740,92740,92740,0,0,0,0,0,0,0,92740,169799,6,BOTTLENECK_TARGET_FRONTIER_CONTINUITY_V2,52.7523,24.8616,94.389,22.0535,49.4537,32916,3,28400,0,171,2616,44443,25101,1599,0,458,0,1838.97,418762,99249,505.964,12197,0,0,,,,,,,,,,,,,,,,,,,,,,,,,,,,,,,,,,,,,,,,,,,,,,8883.32,8883.36,223cde261c43e4edfa0d88688437f32d967b2f0c2bb278760d1f82d697aab6bb,8.917,ok,
g2_dmedium_abaseline_plocal_gsingleton_seed0,warehouse_random_factorial,carrier,1,24,77.0,77000000,31,34,12,0,0.3229,28,24,77,77000000,24,77,77000000,1,0,0,32586,5623,1976,0,0,SEARCH_CUTOFF,5,0,0,0,-1,-1,-1,-1,-1,267,41911,267,925,0,259,0,584,18,6,1530,763,271,724,8.60805,45612,600,TASKBR_VACANCY_V1,79189,6770,79189,72433,85975,84.2489,0,94177,26282,50265,50265,94183,88278,87748,87748,87748,0,0,0,0,0,0,0,87748,123035,6,BOTTLENECK_TARGET_FRONTIER_CONTINUITY_V2,53.0236,20.7248,79.1012,18.2324,29.165,29395,135,29396,0,172,2664,47427,26282,51788,0,483,0,2985.07,3368119,265333,1221.09,9458,0,6,,,,,,,,,,,,,,,,,,,,,,,,,,,,,,,,,,,,,,,,,,,,,,9192.56,9192.6,78c2953d334b0ed7dc39fd75d0d3d924365b1194fb5c5fa19494af169ba1169a,9.221,ok,
g2_dmedium_abaseline_pmixed_gshared_pool_seed0,warehouse_random_factorial,carrier,1,36,114.0,114000000,45,57,12,0,0.3125,20,38,111,111000000,36,114,114000000,1,1,1,0,9,44,0,0,STRICT_IMPROVEMENT,6,1,1,1,67,111,114,38,36,57,2,57,1352,0,88,7,158,14,13,213,4,30,213,1.98374,13419,121,TASKBR_VACANCY_V1,144,67,144,95,218,43.578,0,182,37,79,79,195,191,184,184,184,0,0,0,0,0,0,0,184,204,6,BOTTLENECK_TARGET_FRONTIER_CONTINUITY_V2,0.161885,0.063816,0.329779,0.06573,0.199009,48,21,49,0,16,5,56,37,93,0,0,0,61.7037,84363,415,11.5289,6,0,0,,,,,,,,,,,,,,,,,,,,,,,,,,,,,,,,,,,,,,,,,,,,,,68.4303,68.4675,cef43e61771dfbb74f2e3934a984ce01cb4c43532a851ccb8e4d2865f2a3a417,0.076,ok,
g2_dmedium_abaseline_pmixed_gsingleton_seed0,warehouse_random_factorial,carrier,1,35,108.0,108000000,45,51,12,0,0.3214,37,35,108,108000000,35,108,108000000,1,0,0,90485,110,313,0,0,SEARCH_CUTOFF,5,0,0,0,-1,-1,-1,-1,-1,648,36068,648,1329,0,976,0,916,26,20,354,190,1075,1392,16.8361,87696,142,TASKBR_VACANCY_V1,1712,968,1712,769,2705,28.4288,369,11395,961,44904,44904,11426,1125,1094,1094,1094,0,0,0,0,0,0,0,1094,2415,6,BOTTLENECK_TARGET_FRONTIER_CONTINUITY_V2,24.4209,0.390334,1.3639,0.35754,0.513359,43958,43934,29862,0,556,5586,38760,961,43273,0,721,0,2239.75,2665693,61678,643.207,4,0,0,,,,,,,,,,,,,,,,,,,,,,,,,,,,,,,,,,,,,,,,,,,,,,9148.84,9148.88,6815bb8d2dd4409df74269659a2075c3889d473bd139cefa42a085cf3be7c54c,9.179,ok,
g2_dmedium_aequal_pcross_heavy_gshared_pool_seed0,warehouse_random_factorial,carrier,1,12,58.0,58000000,17,29,12,0,0.2361,8,14,60,60000000,12,58,58000000,1,1,1,163,270,637,0,0,STRICT_IMPROVEMENT,0,1,1,1,37,60,58,14,12,60,38,60,272,0,111,0,92,0,0,374,54,108,130,1.60545,8190,10,TASKBR_VACANCY_V1,60,21,60,39,81,48.1481,0,79,13,106,106,79,74,74,74,74,0,0,0,0,0,0,0,74,78,6,BOTTLENECK_TARGET_FRONTIER_CONTINUITY_V2,0.132094,0.024364,0.12034,0.020229,0.096697,95,87,51,0,2,5,97,13,322,0,0,0,32.2135,30005,562,6.36777,0,0,0,,,,,,,,,,,,,,,,,,,,,,,,,,,,,,,,,,,,,,,,,,,,,,38.5374,38.563,183a6d32ad169a0fdf11768a4fe6869622f48596d4f55a0606a07442ef6f8271,0.046,ok,
g2_dmedium_aequal_pcross_heavy_gsingleton_seed0,warehouse_random_factorial,carrier,1,20,83.0,83000000,47,24,12,0,0.3917,14,20,85,85000000,20,83,83000000,1,1,1,157,233,504,1,1,REFERENCE_SUFFIX_ACCEPTED,0,0,0,0,-1,-1,-1,-1,-1,70,5,70,360,0,285,0,83,20,20,28,106,284,168,1.92435,10584,28,TASKBR_VACANCY_V1,21,6,21,18,27,66.6667,0,68,16,84,84,68,62,62,62,62,0,0,0,0,0,0,0,62,62,6,BOTTLENECK_TARGET_FRONTIER_CONTINUITY_V2,0.095375,0.019968,0.087799,0.017805,0.109029,74,68,63,0,1,6,75,16,329,0,0,0,53.0739,234965,587,30.4801,0,0,0,,,,,,,,,,,,,,,,,,,,,,,,,,,,,,,,,,,,,,,,,,,,,,59.67,59.6992,ab0a7348c93431c92d25e2296c89bee4a0b9fef906b47a95395bced1658f8158,0.068,ok,
g2_dmedium_aequal_plocal_gshared_pool_seed0,warehouse_random_factorial,carrier,1,13,56.0,56000000,15,29,12,0,0.1923,8,13,56,56000000,13,56,56000000,1,0,0,4970,52,208,0,0,SEARCH_CUTOFF,0,1,0,0,-1,56,-1,13,-1,88,19124,88,360,0,113,0,202,0,0,230,273,122,194,2.77283,12222,2,TASKBR_VACANCY_V1,28626,20,28626,28606,28646,99.8604,0,24704,13753,19720,19720,24704,24696,24636,24636,24636,0,0,0,0,0,0,0,24636,56748,6,BOTTLENECK_TARGET_FRONTIER_CONTINUITY_V2,31.4084,13.3145,37.9496,8.67599,13.1785,7506,27,7499,0,5,86,19627,13753,38944,0,0,0,1916.07,3575982,130859,942.347,4381,0,0,,,,,,,,,,,,,,,,,,,,,,,,,,,,,,,,,,,,,,,,,,,,,,8621.21,8621.25,32bf6afed26d4510e8274aaac4d1dcdbc5e54b6d9b9e9f62803e714475435532,8.636,ok,
g2_dmedium_aequal_plocal_gsingleton_seed0,warehouse_random_factorial,carrier,1,20,76.0,76000000,32,29,14,0,0.2667,19,20,76,76000000,20,76,76000000,1,0,0,6706,24,151,0,0,SEARCH_CUTOFF,2,0,0,0,-1,-1,-1,-1,-1,36,17286,36,236,0,47,0,89,18,12,444,214,35,130,1.27764,8190,140,TASKBR_VACANCY_V1,84,37,84,71,137,51.8248,0,89,28,24723,24723,108,103,92,92,92,0,0,0,0,0,0,0,92,108,6,BOTTLENECK_TARGET_FRONTIER_CONTINUITY_V2,19.5546,0.040658,0.182473,0.03429,0.164118,24700,24694,11523,0,52,408,24261,28,17360,0,0,0,1194.58,1057087,24940,263.421,0,4,8,,,,,,,,,,,,,,,,,,,,,,,,,,,,,,,,,,,,,,,,,,,,,,8636.5,8636.53,13d77ae4bc10d279b70a3b9233802eac9468be9fa4ae7e5a964adf3f67d11739,8.652,ok,
g2_dmedium_aequal_pmixed_gshared_pool_seed0,warehouse_random_factorial,carrier,1,21,90.0,90000000,39,39,12,0,0.3095,14,21,90,90000000,21,90,90000000,1,0,0,1299,26,159,0,0,SEARCH_CUTOFF,0,1,0,0,-1,90,-1,21,-1,37,12960,37,812,0,72,4,105,8,4,362,16,32,155,1.38253,9765,167,TASKBR_VACANCY_V1,7643,7603,7643,43,15258,0.281819,0,1166,1116,20563,20563,1174,1172,1172,1172,1172,0,0,0,0,0,0,0,1172,6051,6,BOTTLENECK_TARGET_FRONTIER_CONTINUITY_V2,16.767,0.491479,1.8152,0.389888,1.16918,19458,19450,9516,0,36,319,20206,1116,13043,0,0,0,1013.85,725501,20765,203.241,4,0,0,,,,,,,,,,,,,,,,,,,,,,,,,,,,,,,,,,,,,,,,,,,,,,8619.1,8619.13,0cb50c531e978ea44d9d9f6f2cc9029e88b8efdcfd0fc3ec29c6cf69affb5c7c,8.633,ok,
g2_dmedium_aequal_pmixed_gsingleton_seed0,warehouse_random_factorial,carrier,1,19,90.0,90000000,44,31,14,0,0.386,20,19,90,90000000,19,90,90000000,1,0,0,55287,275,863,0,0,SEARCH_CUTOFF,1,0,0,0,-1,-1,-1,-1,-1,204,26347,204,510,0,555,0,142,10,6,1004,256,632,455,5.1483,28665,236,TASKBR_VACANCY_V1,69,18,69,65,94,69.1489,0,6264,34,27210,27210,6278,102,91,91,91,0,0,0,0,0,0,0,91,107,6,BOTTLENECK_TARGET_FRONTIER_CONTINUITY_V2,19.8232,0.029821,0.131756,0.031134,0.097786,27187,27183,17384,0,51,553,26604,34,57631,0,6,0,3056.37,11136329,163516,1990.72,9,2,0,,,,,,,,,,,,,,,,,,,,,,,,,,,,,,,,,,,,,,,,,,,,,,8708.1,8708.14,5bf0ddec22957c8add67c0d7fb6002fe44deabae768c8fa3928b23ea1ea32523,8.726,ok,
g2_dmedium_ascarce_pcross_heavy_gshared_pool_seed0,warehouse_random_factorial,carrier,1,27,76.0,76000000,21,41,14,1,0.2593,10,28,74,74000000,27,76,76000000,1,1,1,196,757,386,0,0,STRICT_IMPROVEMENT,3,1,1,1,572,74,76,28,27,75,1444,75,280,0,66,0,194,0,0,1188,648,55,206,2.57077,12978,132,TASKBR_VACANCY_V1,3131,206,3131,2925,3337,87.6536,0,9211,2797,4689,4689,9211,9129,9008,9008,9008,0,0,0,0,0,0,0,9008,10802,6,BOTTLENECK_TARGET_FRONTIER_CONTINUITY_V2,5.06245,2.03392,7.47368,1.86745,3.23469,2718,15,2716,0,136,1291,3260,2797,1630,0,128,0,267.391,76475,13236,72.0722,1169,0,0,,,,,,,,,,,,,,,,,,,,,,,,,,,,,,,,,,,,,,,,,,,,,,597.191,597.227,b75d01c07ca596f3af916f8f554d5ee99d578c138f8b56412983e6a5b1aed06f,0.607,ok,
g2_dmedium_ascarce_pcross_heavy_gsingleton_seed0,warehouse_random_factorial,carrier,1,45,130.0,130000000,49,69,12,0,0.363,65,46,130,130000000,45,130,130000000,1,1,1,18,80,227,1,1,REFERENCE_SUFFIX_ACCEPTED,27,0,0,0,-1,-1,-1,-1,-1,90,3,90,583,0,130,0,225,16,16,2352,1274,115,239,2.78008,15057,687,TASKBR_VACANCY_V1,198,36,198,184,244,75.4098,0,298,76,121,121,314,304,292,292,292,0,0,0,0,0,0,0,292,294,6,BOTTLENECK_TARGET_FRONTIER_CONTINUITY_V2,0.224001,0.081362,0.45199,0.090264,0.259605,89,37,88,0,4,11,104,76,167,0,0,0,130.676,89454,601,12.7729,21,2,0,,,,,,,,,,,,,,,,,,,,,,,,,,,,,,,,,,,,,,,,,,,,,,138.711,138.742,6075f8e4e43f402b353f08a41f2498705c5d7b11854d0b353efcaa7fdf657e30,0.146,ok,
g2_dmedium_ascarce_plocal_gshared_pool_seed0,warehouse_random_factorial,carrier,1,29,78.0,78000000,15,51,12,0,0.1724,11,29,78,78000000,29,78,78000000,1,0,0,7113,1044,483,0,0,SEARCH_CUTOFF,5,1,0,0,-1,78,-1,29,-1,1275,26379,1275,3914,0,589,0,3755,0,0,3742,5122,579,2914,44.9724,183582,10,TASKBR_VACANCY_V1,63718,4526,63718,59192,68244,86.7358,1005,128417,27232,53621,53621,128422,125569,122661,122661,122661,0,0,0,5,0,0,0,122661,129353,6,BOTTLENECK_TARGET_FRONTIER_CONTINUITY_V2,63.8548,27.9996,104.11,25.2536,44.7196,35680,1139,35391,0,1697,13423,38499,27232,27184,0,2301,0,3624.36,1106443,214423,1007.64,8801,0,0,,,,,,,,,,,,,,,,,,,,,,,,,,,,,,,,,,,,,,,,,,,,,,8887.07,8887.11,a85a9c0c685ed16a4cd53e32c6a6c48e7eb33057f8b3327cbc37c23df6b4bad4,8.919,ok,
g2_dmedium_ascarce_plocal_gsingleton_seed0,warehouse_random_factorial,carrier,1,33,90.0,90000000,29,49,12,0,0.2929,36,33,92,92000000,33,90,90000000,1,1,1,6733,1080,509,0,0,STRICT_IMPROVEMENT,0,0,0,0,-1,-1,-1,-1,-1,391,11994,391,1943,0,221,0,1119,26,6,746,1023,244,1040,13.0395,65520,430,TASKBR_VACANCY_V1,28059,1855,28059,26224,29938,87.5944,112,63088,9972,25808,25808,63108,62869,62768,62768,62768,0,0,0,2,0,0,0,62768,64021,6,BOTTLENECK_TARGET_FRONTIER_CONTINUITY_V2,31.9069,13.0472,53.1076,12.3779,25.084,19865,302,19866,0,818,7426,17562,9972,13174,0,1069,0,2180.64,5005126,131788,1072.87,3139,0,0,,,,,,,,,,,,,,,,,,,,,,,,,,,,,,,,,,,,,,,,,,,,,,4530.06,4530.09,8abbdfcad632628569771f743b099eb5fe34f69fc6e273817c4b69a042b2fbe3,4.549,ok,
g2_dmedium_ascarce_pmixed_gshared_pool_seed0,warehouse_random_factorial,carrier,1,43,112.0,112000000,39,61,12,0,0.3023,19,43,112,112000000,43,112,112000000,1,0,0,20716,737,472,0,0,SEARCH_CUTOFF,9,1,0,0,-1,112,-1,43,-1,4876,30329,4876,26255,0,2961,7,7915,208,92,923,6337,2352,12017,151.202,757071,6832,TASKBR_VACANCY_V1,43684,17915,43684,26077,62478,41.7379,4598,45870,14295,52387,52387,47104,41723,41445,41445,41445,0,0,0,988,0,0,0,41445,66089,6,BOTTLENECK_TARGET_FRONTIER_CONTINUITY_V2,43.5333,13.2427,40.2487,11.9068,18.2203,35709,18526,30396,0,1697,14973,35715,14295,39203,0,2481,0,3901.52,3670943,108111,1107.68,698,0,0,,,,,,,,,,,,,,,,,,,,,,,,,,,,,,,,,,,,,,,,,,,,,,8875.63,8875.66,d90cf9d7044ddff4762bfdc54885637b19c3e11946d62a9feccbd2baf6e0c46e,8.907,ok,
g2_dmedium_ascarce_pmixed_gsingleton_seed0,warehouse_random_factorial,carrier,1,41,109.0,109000000,43,54,12,0,0.3496,54,41,109,109000000,41,109,109000000,1,0,0,22406,727,462,0,0,SEARCH_CUTOFF,10,0,0,0,-1,-1,-1,-1,-1,3692,31211,3692,11301,0,3577,0,3833,77,44,3522,985,3655,7784,103.021,490392,1030,TASKBR_VACANCY_V1,33612,8041,33612,25602,41844,61.1844,3407,46832,15771,54189,54189,46860,44718,44440,44440,44440,0,0,0,0,0,0,0,44440,71259,6,BOTTLENECK_TARGET_FRONTIER_CONTINUITY_V2,44.456,13.6339,42.4188,12.7092,16.5071,39308,19908,34523,0,1585,14123,38479,15771,39362,0,2394,0,3579.71,3392901,110781,1072.89,2787,0,0,,,,,,,,,,,,,,,,,,,,,,,,,,,,,,,,,,,,,,,,,,,,,,8886.78,8886.82,46620cebe3b40310479291051329969e409d1ece01ead1f3641778b15c27d5fb,8.919,ok,
g2_dmedium_asurplus_pcross_heavy_gshared_pool_seed0,warehouse_random_factorial,carrier,1,12,51.0,51000000,19,20,12,0,0.1759,8,12,51,51000000,12,51,51000000,1,0,0,33913,16,126,0,0,SEARCH_CUTOFF,0,1,0,0,-1,51,-1,12,-1,81,18667,81,375,0,97,0,124,4,4,112,212,100,187,2.25913,11781,14,TASKBR_VACANCY_V1,69,27,69,42,96,43.75,0,67,23,18944,18944,67,61,61,61,61,0,0,0,0,0,0,0,61,124,6,BOTTLENECK_TARGET_FRONTIER_CONTINUITY_V2,17.2625,0.028137,0.132053,0.023666,0.138077,18925,18923,14501,0,18,170,18754,23,44234,0,0,0,1273.24,2825664,83711,558.197,3,0,0,,,,,,,,,,,,,,,,,,,,,,,,,,,,,,,,,,,,,,,,,,,,,,8630.51,8630.54,0927d2b4af01c1e062b3fd33da9abd7c4c22f879bd52eca013a25a6cb9cb13c4,8.649,ok,
g2_dmedium_asurplus_pcross_heavy_gsingleton_seed0,warehouse_random_factorial,carrier,1,20,83.0,83000000,47,24,12,0,0.2611,14,20,85,85000000,20,83,83000000,1,1,1,157,233,729,1,1,REFERENCE_SUFFIX_ACCEPTED,0,0,0,0,-1,-1,-1,-1,-1,70,5,70,360,0,285,0,83,20,20,28,106,284,168,1.93264,10584,28,TASKBR_VACANCY_V1,21,6,21,18,27,66.6667,0,68,16,84,84,68,62,62,62,62,0,0,0,0,0,0,0,62,101,6,BOTTLENECK_TARGET_FRONTIER_CONTINUITY_V2,0.134504,0.025089,0.153912,0.0228,0.138889,74,68,63,0,1,6,75,16,329,0,0,0,53.362,234965,587,30.5844,0,0,0,,,,,,,,,,,,,,,,,,,,,,,,,,,,,,,,,,,,,,,,,,,,,,60.0574,60.0855,bdb049024e3ab57dbe22a61e0bbda7a436bfc825efb88783deeb641fb7f2a710,0.068,ok,
g2_dmedium_asurplus_plocal_gshared_pool_seed0,warehouse_random_factorial,carrier,1,12,51.0,51000000,15,24,12,0,0.1389,8,12,51,51000000,12,51,51000000,1,0,0,26511,270,953,0,0,SEARCH_CUTOFF,0,1,0,0,-1,51,-1,12,-1,198,18552,198,649,0,287,0,379,0,0,145,746,341,436,5.73579,27468,26,TASKBR_VACANCY_V1,18835,34,18835,18801,18869,99.6396,0,19173,6339,19113,19113,19173,19166,19166,19166,19166,0,0,0,0,0,0,0,19166,111945,6,BOTTLENECK_TARGET_FRONTIER_CONTINUITY_V2,28.4895,12.5241,35.9999,7.59905,36.9646,10796,64,10791,0,29,266,18816,6339,41064,0,0,0,1830.52,4450706,125108,887.565,3155,0,0,,,,,,,,,,,,,,,,,,,,,,,,,,,,,,,,,,,,,,,,,,,,,,8646.91,8646.94,d233baca3f668dc8cf1aa08aae0f8e5b017c4bcfa1a5d16f2ff7e61e5abdb12c,8.664,ok,
g2_dmedium_asurplus_plocal_gsingleton_seed0,warehouse_random_factorial,carrier,1,20,73.0,73000000,32,26,14,0,0.1778,18,20,73,73000000,20,73,73000000,1,0,0,20291,24,220,0,0,SEARCH_CUTOFF,1,0,0,0,-1,-1,-1,-1,-1,36,14908,36,204,0,47,0,77,18,12,504,116,35,118,1.10742,7434,180,TASKBR_VACANCY_V1,62,33,62,51,109,46.789,0,67,27,20350,20350,85,79,79,79,79,0,0,0,0,0,0,0,79,194,6,BOTTLENECK_TARGET_FRONTIER_CONTINUITY_V2,19.3369,0.037526,0.191421,0.028437,0.152138,20330,20326,9217,0,32,248,20068,27,14984,0,0,0,914.697,964232,20560,203.243,0,6,13,,,,,,,,,,,,,,,,,,,,,,,,,,,,,,,,,,,,,,,,,,,,,,8628.3,8628.34,d090216a122426f9c24954cbcdc35f9e1c112228990869e101ff4a20db0703ba,8.647,ok,
g2_dmedium_asurplus_pmixed_gshared_pool_seed0,warehouse_random_factorial,carrier,1,16,77.0,77000000,39,26,12,0,0.2708,13,16,77,77000000,16,77,77000000,1,0,0,243169,49,305,0,0,SEARCH_CUTOFF,0,1,0,0,-1,77,-1,16,-1,165,17340,165,696,0,397,4,146,20,20,187,17,470,417,4.56289,26271,77,TASKBR_VACANCY_V1,78,44,78,38,123,30.8943,0,73,24,17797,17797,74,72,72,72,72,0,0,0,0,0,0,0,72,133,6,BOTTLENECK_TARGET_FRONTIER_CONTINUITY_V2,16.4288,0.034491,0.179328,0.027022,0.166801,17782,17776,11963,0,29,215,17551,24,42562,0,0,0,1662.48,4389617,115470,848.386,4,0,61,,,,,,,,,,,,,,,,,,,,,,,,,,,,,,,,,,,,,,,,,,,,,,8646.55,8646.58,53ec6d5866d1173f4b855c2492ba350ee7c50a41474b4cce31a47e30e794422c,8.679,ok,
g2_dmedium_asurplus_pmixed_gsingleton_seed0,warehouse_random_factorial,carrier,1,20,90.0,90000000,44,31,14,0,0.2444,13,20,90,90000000,20,90,90000000,1,0,0,20633,22,194,0,0,SEARCH_CUTOFF,3,0,0,0,-1,-1,-1,-1,-1,136,18561,136,441,0,229,0,136,8,4,228,52,269,364,3.91257,22932,58,TASKBR_VACANCY_V1,12039,6640,12039,5407,18679,28.9469,0,2401,2347,18960,18960,2409,2406,2406,2406,2406,0,0,0,0,0,0,0,2406,15301,6,BOTTLENECK_TARGET_FRONTIER_CONTINUITY_V2,19.3547,1.8928,5.05553,1.13841,3.70691,16618,16614,9548,0,28,290,18640,2347,42094,0,0,0,1569.01,4860762,100487,827.999,0,0,0,,,,,,,,,,,,,,,,,,,,,,,,,,,,,,,,,,,,,,,,,,,,,,8649.25,8649.29,0d70512628899ec73a5d7efa00b442ddc63a7736530e8fd79f9075ee95958ea0,8.668,ok,
g3_dhigh_abaseline_pcross_heavy_gshared_pool_seed0,warehouse_random_factorial,carrier,1,29,132.0,132000000,33,83,16,0,0.1897,25,29,132,132000000,29,132,132000000,1,0,0,1296,31322,15733,0,0,SEARCH_CUTOFF,0,1,0,0,-1,132,-1,29,-1,29,6639,29,439,0,48,0,119,0,0,332,26,25,84,1.6718,8820,50,TASKBR_VACANCY_V1,6749,31,6749,6718,6780,99.0855,0,19845,31,19658,19658,19845,19841,19841,19841,19841,0,0,0,0,0,0,0,19841,92179,8,BOTTLENECK_TARGET_FRONTIER_CONTINUITY_V2,30.1972,9.75389,31.5254,7.0917,8.09394,6632,3,6631,0,32,322,19302,31,6710,0,0,0,1270.4,137097,26606,146.832,4,0,0,,,,,,,,,,,,,,,,,,,,,,,,,,,,,,,,,,,,,,,,,,,,,,8638.15,8638.21,b9ce77f07bdbcfdd018c9c858a2591680785d9e98b31239a49036d53bdf9ced9,8.656,ok,
g3_dhigh_abaseline_pcross_heavy_gsingleton_seed0,warehouse_random_factorial,carrier,1,43,182.0,182000000,72,94,16,0,0.2791,67,43,182,182000000,43,182,182000000,1,0,0,27541,33,226,0,0,SEARCH_CUTOFF,6,0,0,0,-1,-1,-1,-1,-1,79,12619,79,735,0,178,0,201,60,26,1002,328,107,257,4.4242,26985,514,TASKBR_VACANCY_V1,21636,11223,21636,19319,47326,40.8211,0,18558,32958,18540,18540,25933,25924,25859,25859,25859,0,0,0,0,0,0,0,25859,77586,8,BOTTLENECK_TARGET_FRONTIER_CONTINUITY_V2,26.1354,8.77488,30.5099,8.32447,15.8482,2499,75,1461,0,17,171,18350,32958,18917,0,3,0,4523.23,29033950,105332,3340.46,10910,0,0,,,,,,,,,,,,,,,,,,,,,,,,,,,,,,,,,,,,,,,,,,,,,,8645.05,8645.1,1e6eea8965794652789b21657d673581fd85a1c1528ea3502cd81c872e54afac,8.662,ok,
g3_dhigh_abaseline_plocal_gshared_pool_seed0,warehouse_random_factorial,carrier,1,19,92.0,92000000,19,57,16,0,0.1667,24,19,92,92000000,19,92,92000000,1,0,0,1555,25033,18767,0,0,SEARCH_CUTOFF,6,1,0,0,-1,92,-1,19,-1,29,18258,29,326,0,18,0,132,0,0,84,105,10,114,1.79448,11970,24,TASKBR_VACANCY_V1,18386,20,18386,18366,18406,99.7827,0,19735,6518,19593,19593,19735,19727,19725,19725,19725,0,0,0,0,0,0,0,19725,82370,8,BOTTLENECK_TARGET_FRONTIER_CONTINUITY_V2,30.3326,9.25648,30.0069,7.20426,22.4809,8217,5,8216,0,25,228,19338,6518,18303,0,0,0,1419.13,212529,31594,177.868,3242,0,0,,,,,,,,,,,,,,,,,,,,,,,,,,,,,,,,,,,,,,,,,,,,,,8634.6,8634.65,0093396a6000192ac3bb76787587af1d86c7c116748594f4341544c7a7e8fc38,8.651,ok,
g3_dhigh_abaseline_plocal_gsingleton_seed0,warehouse_random_factorial,carrier,1,23,114.0,114000000,48,50,16,0,0.3478,78,23,114,114000000,23,114,114000000,1,0,0,8696,46687,12618,0,0,SEARCH_CUTOFF,2,0,0,0,-1,-1,-1,-1,-1,36,7261,36,294,0,74,0,138,12,0,459,2232,74,147,2.35197,15435,1677,TASKBR_VACANCY_V1,14626,4,14626,14630,14642,99.918,0,40618,7433,20269,20269,40626,40620,40612,40612,40612,0,0,0,0,0,0,0,40612,93864,8,BOTTLENECK_TARGET_FRONTIER_CONTINUITY_V2,38.1965,13.9702,52.6689,11.263,19.2379,6773,5,6774,0,25,297,19945,7433,7722,0,1,0,1715.16,453075,70501,328.577,4032,0,0,,,,,,,,,,,,,,,,,,,,,,,,,,,,,,,,,,,,,,,,,,,,,,8636.6,8636.66,81c6b4c1404c82488b5fdef3d4241a01d271bd62ca31d79385e7b4b23921172a,8.653,ok,
g3_dhigh_abaseline_pmixed_gshared_pool_seed0,warehouse_random_factorial,carrier,1,22,102.0,102000000,27,59,16,0,0.2045,26,22,102,102000000,22,102,102000000,1,0,0,9140,213,716,0,0,SEARCH_CUTOFF,2,1,0,0,-1,102,-1,22,-1,31,7957,31,287,0,34,0,144,0,0,592,44,18,107,1.93571,11235,310,TASKBR_VACANCY_V1,8847,23,8847,8824,8870,99.4814,0,28035,6871,20987,20987,28035,28030,28030,28030,28030,0,0,0,0,0,0,0,28030,96840,8,BOTTLENECK_TARGET_FRONTIER_CONTINUITY_V2,34.8577,12.185,42.2696,8.68209,19.7506,7014,4,7012,0,7,103,20875,6871,8732,0,1,0,1575.02,286766,48083,232.507,4,0,0,,,,,,,,,,,,,,,,,,,,,,,,,,,,,,,,,,,,,,,,,,,,,,8648.8,8648.85,7aa19d13f9082de0e0931925345498b1afa6a836a592baebb1c80d7fde6e7cd5,8.669,ok,
g3_dhigh_abaseline_pmixed_gsingleton_seed0,warehouse_random_factorial,carrier,1,21,102.0,102000000,36,50,16,0,0.2857,78,21,102,102000000,21,102,102000000,1,0,0,0,23990,17225,0,0,SEARCH_CUTOFF,2,0,0,0,-1,-1,-1,-1,-1,29,8,29,294,0,48,0,117,0,0,722,1500,48,118,1.8484,12390,792,TASKBR_VACANCY_V1,127,7,127,120,134,89.5522,0,47871,9580,19123,19123,47871,47862,47862,47862,47862,0,0,0,0,0,0,0,47862,96060,8,BOTTLENECK_TARGET_FRONTIER_CONTINUITY_V2,42.534,16.2609,64.823,12.3677,33.503,6466,5,6461,0,25,242,18854,9580,84,0,0,0,1807.68,743792,114772,462.399,8,0,0,,,,,,,,,,,,,,,,,,,,,,,,,,,,,,,,,,,,,,,,,,,,,,8636.01,8636.07,7aaf14b45ed212a05000088bb9fd34c847603689da12a3c8f4358e368d128e16,8.652,ok,
g3_dhigh_aequal_pcross_heavy_gshared_pool_seed0,warehouse_random_factorial,carrier,1,21,125.0,125000000,33,76,16,0,0.1964,25,21,125,125000000,21,125,125000000,1,0,0,100222,62,356,0,0,SEARCH_CUTOFF,0,1,0,0,-1,125,-1,21,-1,109,17791,109,775,0,182,0,238,0,0,443,34,182,248,5.59665,26040,57,TASKBR_VACANCY_V1,11519,32,11519,11487,11551,99.4459,0,5952,5813,18200,18200,5952,5942,5942,5942,5942,0,0,0,0,0,0,0,5942,28269,8,BOTTLENECK_TARGET_FRONTIER_CONTINUITY_V2,20.8521,3.92032,11.4597,2.28389,10.1455,12393,12379,4814,0,20,192,17986,5813,42257,0,0,0,1826.97,2213193,113618,660.152,10,0,0,,,,,,,,,,,,,,,,,,,,,,,,,,,,,,,,,,,,,,,,,,,,,,8651.21,8651.27,d24f3463d33308b0a23d79c8c8839ef6622ce3ad1757c20232e9d5cf30a75358,8.679,ok,
g3_dhigh_aequal_pcross_heavy_gsingleton_seed0,warehouse_random_factorial,carrier,1,32,196.0,196000000,69,106,18,0,0.2695,51,32,196,196000000,32,196,196000000,1,0,0,84553,175,705,0,0,SEARCH_CUTOFF,4,0,0,0,-1,-1,-1,-1,-1,1367,11704,1367,9892,0,3130,0,2190,37,27,7380,7831,3978,3690,71.7702,387450,3236,TASKBR_VACANCY_V1,8579,57,8579,8554,8664,98.7304,1091,4316,4071,13119,13119,4367,4312,4275,4275,4275,0,0,0,0,0,0,0,4275,15916,8,BOTTLENECK_TARGET_FRONTIER_CONTINUITY_V2,15.7587,2.48067,7.88877,1.54988,6.69306,9064,9040,5789,0,21,187,12909,4071,44675,0,0,0,5174.59,24661361,103529,3124.49,8,7,22,,,,,,,,,,,,,,,,,,,,,,,,,,,,,,,,,,,,,,,,,,,,,,8621.61,8621.66,b4c1647f71b461724d55b93e3268a4f01535e33e1a32b3b3dff276f2406fb188,8.645,ok,
g3_dhigh_aequal_plocal_gshared_pool_seed0,warehouse_random_factorial,carrier,1,13,80.0,80000000,19,45,16,0,0.1827,18,13,80,80000000,13,80,80000000,1,0,0,188032,11,96,0,0,SEARCH_CUTOFF,0,1,0,0,-1,80,-1,13,-1,2091,9995,2091,9571,0,4467,0,4651,0,0,6111,3621,4996,4246,102.721,445830,2550,TASKBR_VACANCY_V1,7317,2449,7317,4868,9766,49.8464,1825,5543,2432,12124,12124,5543,2519,2519,2519,2519,0,0,0,0,0,0,0,2519,9070,8,BOTTLENECK_TARGET_FRONTIER_CONTINUITY_V2,14.7046,1.72194,4.88879,1.09879,4.25271,9699,9693,3223,0,16,144,11962,2432,44343,0,0,0,5321.57,3699958,90762,821.942,0,0,0,,,,,,,,,,,,,,,,,,,,,,,,,,,,,,,,,,,,,,,,,,,,,,8630.66,8630.71,5baf80cb890a867ab75e34c1b325480e56e5f6bf5d1bd880381ef0206aef1c89,8.66,ok,
g3_dhigh_aequal_plocal_gsingleton_seed0,warehouse_random_factorial,carrier,1,19,121.0,121000000,44,55,20,0,0.2895,42,19,121,121000000,19,121,121000000,1,0,0,33298,55141,95113,0,0,SEARCH_CUTOFF,1,0,0,0,-1,-1,-1,-1,-1,59,15276,59,422,0,111,0,190,24,2,749,562,111,243,3.98407,25515,1111,TASKBR_VACANCY_V1,36991,16,36991,37008,37032,99.9352,0,40648,4544,18045,18045,40677,40669,40650,40650,40650,0,0,0,0,0,0,0,40650,104908,8,BOTTLENECK_TARGET_FRONTIER_CONTINUITY_V2,41.8097,17.4587,62.3351,12.0378,48.3368,4510,6,4509,0,23,222,17798,4544,25309,0,0,0,2077.2,957346,123592,579.73,11,0,3,,,,,,,,,,,,,,,,,,,,,,,,,,,,,,,,,,,,,,,,,,,,,,8645.48,8645.53,8adf4bf973a6cfa0d0cbdc78b4062be3cfcb622edcd4288dea9471f0162c882e,8.667,ok,
g3_dhigh_aequal_pmixed_gshared_pool_seed0,warehouse_random_factorial,carrier,1,15,88.0,88000000,27,45,16,0,0.225,20,15,88,88000000,15,88,88000000,1,0,0,14686,20090,33175,0,0,SEARCH_CUTOFF,0,1,0,0,-1,88,-1,15,-1,2042,2258,2042,17372,0,4048,0,6864,448,448,7910,4887,4111,5411,114.231,568155,4857,TASKBR_VACANCY_V1,9917,2028,9917,7889,12325,64.0081,1774,6191,1797,4323,4323,6191,6184,6184,6184,6184,0,0,0,0,0,0,0,6184,14053,8,BOTTLENECK_TARGET_FRONTIER_CONTINUITY_V2,9.98524,3.80021,10.7988,2.41571,5.11415,840,6,836,0,2,0,4319,1797,14243,0,0,0,8068.58,2744209,34545,574.269,0,0,0,,,,,,,,,,,,,,,,,,,,,,,,,,,,,,,,,,,,,,,,,,,,,,8546.44,8546.49,f64deaf9952b2a3a1c0be378d1cc398e76483d75efa32f9cd976abdc2e516aae,8.56,ok,
g3_dhigh_aequal_pmixed_gsingleton_seed0,warehouse_random_factorial,carrier,1,16,88.0,88000000,36,36,16,0,0.2812,34,16,88,88000000,16,88,88000000,1,0,0,175323,272,836,0,0,SEARCH_CUTOFF,0,0,0,0,-1,-1,-1,-1,-1,164,17201,164,341,0,343,0,150,0,0,836,498,411,376,7.44991,39480,482,TASKBR_VACANCY_V1,113,31,113,82,144,56.9444,0,120,35,18379,18379,120,111,111,111,111,0,0,0,0,0,0,0,111,180,8,BOTTLENECK_TARGET_FRONTIER_CONTINUITY_V2,17.6133,0.044169,0.235691,0.04219,0.188608,18346,18340,5101,0,29,271,18077,35,36962,0,0,0,1628.43,2054213,68151,503.095,0,0,0,,,,,,,,,,,,,,,,,,,,,,,,,,,,,,,,,,,,,,,,,,,,,,8655.8,8655.86,c6b32cb70555e1463b89a8d25ea1817b49f7818257196492c337c2b670b7f9c6,8.687,ok,
g3_dhigh_ascarce_pcross_heavy_gshared_pool_seed0,warehouse_random_factorial,carrier,1,36,135.0,135000000,33,86,16,0,0.2292,44,36,135,135000000,36,135,135000000,1,0,0,286,3031,1601,0,0,SEARCH_CUTOFF,2,1,0,0,-1,135,-1,36,-1,55,8144,55,476,0,46,0,278,1,0,404,104,23,141,3.28893,14805,63,TASKBR_VACANCY_V1,24686,1536,24686,24661,26222,94.047,0,111689,31901,38134,38134,112225,111160,111016,111016,111016,0,0,0,270,0,0,0,111016,128725,8,BOTTLENECK_TARGET_FRONTIER_CONTINUITY_V2,62.2958,27.7816,106.782,22.0132,56.4742,19967,19,19964,0,155,2520,35457,31901,5979,0,173,0,3398.08,1402804,219245,1024.58,14377,0,0,,,,,,,,,,,,,,,,,,,,,,,,,,,,,,,,,,,,,,,,,,,,,,8900.09,8900.15,0fe291d8a0a4f35d3b8049b8ca88ebb675b02146ebb222431aec483905286b22,8.928,ok,
g3_dhigh_ascarce_pcross_heavy_gsingleton_seed0,warehouse_random_factorial,carrier,1,53,188.0,188000000,68,104,16,0,0.3208,178,53,188,188000000,53,188,188000000,1,0,0,35081,1647,732,0,0,SEARCH_CUTOFF,8,0,0,0,-1,-1,-1,-1,-1,184,20035,184,1057,0,333,0,493,74,30,3246,1046,257,485,9.6856,50925,1998,TASKBR_VACANCY_V1,14907,2209,14907,12777,17185,74.3497,0,25496,10918,34585,34585,25558,24253,24179,24179,24179,0,0,0,0,0,0,0,24179,59971,8,BOTTLENECK_TARGET_FRONTIER_CONTINUITY_V2,32.633,7.79456,28.2378,7.08531,11.1392,20320,13896,14011,0,345,3387,30851,10918,24891,0,272,0,2814.7,1685842,61156,585.767,432,0,0,,,,,,,,,,,,,,,,,,,,,,,,,,,,,,,,,,,,,,,,,,,,,,8891.77,8891.82,48ffe6cde3c84b1713a715c801d1d795df0a44b513737edc6b0196062c113f8d,8.919,ok,
g3_dhigh_ascarce_plocal_gshared_pool_seed0,warehouse_random_factorial,carrier,1,31,108.0,108000000,19,73,16,0,0.1532,30,31,108,108000000,31,108,108000000,1,0,0,11463,5733,1929,0,0,SEARCH_CUTOFF,11,1,0,0,-1,108,-1,31,-1,105,24305,105,503,0,107,0,296,0,0,81,140,99,332,6.16423,34860,120,TASKBR_VACANCY_V1,46755,1164,46755,45591,47919,95.1418,0,85753,22687,40120,40120,85753,84926,84785,84785,84785,0,0,0,0,0,0,0,84785,113480,8,BOTTLENECK_TARGET_FRONTIER_CONTINUITY_V2,54.3123,21.2379,84.634,18.0638,42.4961,21673,33,21672,0,178,2435,37505,22687,28344,0,196,0,3350.38,2192961,211092,1086.02,9359,0,0,,,,,,,,,,,,,,,,,,,,,,,,,,,,,,,,,,,,,,,,,,,,,,8944.63,8944.69,600507b828a17e2c526c87796b8e8be7b54b69604dc8af7b24979fc1fd625b83,8.972,ok,
g3_dhigh_ascarce_plocal_gsingleton_seed0,warehouse_random_factorial,carrier,1,39,132.0,132000000,48,68,16,0,0.3077,127,39,132,132000000,39,132,132000000,1,0,0,30717,3086,1309,0,0,SEARCH_CUTOFF,10,0,0,0,-1,-1,-1,-1,-1,80,23862,80,414,0,97,0,251,46,2,398,4107,103,283,4.5984,29715,2595,TASKBR_VACANCY_V1,23378,358,23378,23067,23784,96.9854,0,30385,9296,30846,30846,30403,29825,29783,29783,29783,0,0,0,0,0,0,0,29783,78054,8,BOTTLENECK_TARGET_FRONTIER_CONTINUITY_V2,31.7443,8.20447,31.8393,8.76253,9.90547,21401,1411,21220,0,281,2897,27666,9296,24897,0,423,0,2386.1,2127200,63439,640.544,4300,0,2,,,,,,,,,,,,,,,,,,,,,,,,,,,,,,,,,,,,,,,,,,,,,,8910.84,8910.9,c24bec7ee521be7e335ffd5ff827eef9052d6b537a24eff5e79053243535cb4d,8.94,ok,
g3_dhigh_ascarce_pmixed_gshared_pool_seed0,warehouse_random_factorial,carrier,1,41,141.0,141000000,27,98,16,0,0.1646,32,41,141,141000000,41,141,141000000,1,0,0,9054,3622,1561,0,0,SEARCH_CUTOFF,14,1,0,0,-1,141,-1,41,-1,63,13582,63,442,0,42,0,229,0,0,969,67,26,220,4.1127,23100,549,TASKBR_VACANCY_V1,24045,1328,24045,22717,25373,89.5322,0,67237,10810,35859,35859,67237,66242,66242,66242,66242,0,0,0,0,0,0,0,66242,116977,8,BOTTLENECK_TARGET_FRONTIER_CONTINUITY_V2,44.7829,18.3074,64.636,14.6165,23.6567,24764,30,24763,0,315,3327,32215,10810,14348,0,285,0,2517.95,883638,111634,660.996,4539,0,0,,,,,,,,,,,,,,,,,,,,,,,,,,,,,,,,,,,,,,,,,,,,,,8930.28,8930.34,70c6ffb38ca7b8f88d8e330b8cc5fe7df766065fae355d38cb39ae4249fc02f4,8.96,ok,
g3_dhigh_ascarce_pmixed_gsingleton_seed0,warehouse_random_factorial,carrier,1,31,108.0,108000000,36,56,16,0,0.2903,120,31,108,108000000,31,108,108000000,1,0,0,19400,5420,1910,0,0,SEARCH_CUTOFF,3,0,0,0,-1,-1,-1,-1,-1,450,26511,450,1759,0,671,0,939,0,0,1524,1652,748,1524,26.6434,160020,1578,TASKBR_VACANCY_V1,50057,5811,50057,44246,55868,79.1974,175,53237,19787,32592,32592,53237,53072,52036,52036,52036,0,0,0,0,0,0,0,52036,73997,8,BOTTLENECK_TARGET_FRONTIER_CONTINUITY_V2,40.0947,14.7174,52.5598,12.4815,21.7763,13984,163,13983,0,244,2275,30071,19787,43782,0,216,0,3758.62,2497389,173297,1017.61,2857,0,0,,,,,,,,,,,,,,,,,,,,,,,,,,,,,,,,,,,,,,,,,,,,,,8827.2,8827.25,68b1e0f47856cd3b41b9b3e51f826efcb2f5408daeee70f5ebfa2cd1c1a9e6e5,8.853,ok,
g3_dhigh_asurplus_pcross_heavy_gshared_pool_seed0,warehouse_random_factorial,carrier,1,19,108.0,108000000,33,59,16,0,0.1447,22,19,108,108000000,19,108,108000000,1,0,0,98686,121986,246851,0,0,SEARCH_CUTOFF,0,1,0,0,-1,108,-1,19,-1,46,16292,46,553,0,75,0,131,0,0,168,146,57,124,2.45988,13020,13,TASKBR_VACANCY_V1,23575,30,23575,23545,23605,99.7458,0,22921,4568,18271,18271,22921,22917,22917,22917,22917,0,0,0,0,0,0,0,22917,176651,8,BOTTLENECK_TARGET_FRONTIER_CONTINUITY_V2,36.1652,15.2544,51.8546,9.55444,42.9969,7942,10,7941,0,23,187,18059,4568,25771,0,0,0,1752.73,694054,84064,385.019,2,0,0,,,,,,,,,,,,,,,,,,,,,,,,,,,,,,,,,,,,,,,,,,,,,,8655.14,8655.21,6b9ff2e5910c13497fdb36cd81400b10ac2c485e6ab44b9cbd32aef567d77825,8.681,ok,
g3_dhigh_asurplus_pcross_heavy_gsingleton_seed0,warehouse_random_factorial,carrier,1,37,202.0,202000000,72,114,16,0,0.1622,98,37,202,202000000,37,202,202000000,1,0,0,56181,31,401,0,0,SEARCH_CUTOFF,5,0,0,0,-1,-1,-1,-1,-1,63,14953,63,577,0,167,0,211,63,30,3860,633,91,213,3.44155,22365,2298,TASKBR_VACANCY_V1,15129,8733,15129,12771,38878,32.8489,0,9399,14440,17906,17906,11630,11622,11622,11622,11622,0,0,0,0,0,0,0,11622,113465,8,BOTTLENECK_TARGET_FRONTIER_CONTINUITY_V2,28.7602,7.90895,27.2424,5.52017,16.9919,5595,17,5593,0,20,207,17677,14440,20868,0,0,0,1948.36,3847528,72881,677.732,2530,24,2,,,,,,,,,,,,,,,,,,,,,,,,,,,,,,,,,,,,,,,,,,,,,,8651.42,8651.48,283fb558f458c9e196cb450fa3331ee4260282a60981ca72c8628be50767d75f,8.675,ok,
g3_dhigh_asurplus_plocal_gshared_pool_seed0,warehouse_random_factorial,carrier,1,12,72.0,72000000,19,37,16,0,0.1319,18,12,72,72000000,12,72,72000000,1,0,0,41982,62795,186860,0,0,SEARCH_CUTOFF,0,1,0,0,-1,72,-1,12,-1,50,16438,50,473,0,76,0,169,0,0,592,150,76,183,3.08948,19215,152,TASKBR_VACANCY_V1,40421,20,40421,40401,40441,99.9011,0,35585,14560,17356,17356,35585,35580,35580,35580,35580,0,0,0,0,0,0,0,35580,157531,8,BOTTLENECK_TARGET_FRONTIER_CONTINUITY_V2,45.2174,18.9821,74.7345,13.0933,80.5007,4506,14,4504,0,3,81,17270,14560,29896,0,0,0,2618.6,4823872,138826,1159.99,5070,0,0,,,,,,,,,,,,,,,,,,,,,,,,,,,,,,,,,,,,,,,,,,,,,,8652.15,8652.21,2916786ca2e4e360f7796b1f28409225f3835dae9df831f78a561e7bd5510028,8.673,ok,
g3_dhigh_asurplus_plocal_gsingleton_seed0,warehouse_random_factorial,carrier,1,16,111.0,111000000,44,46,19,0,0.2292,37,16,112,112000000,16,111,111000000,1,1,1,9279,22,240,0,0,STRICT_IMPROVEMENT,1,0,0,0,-1,-1,-1,-1,-1,195,658,195,418,0,272,0,280,21,2,100,452,272,432,9.71521,45360,352,TASKBR_VACANCY_V1,65,22,65,73,108,67.5926,0,114,44,885,885,142,127,127,127,127,0,0,0,0,0,0,0,127,350,8,BOTTLENECK_TARGET_FRONTIER_CONTINUITY_V2,1.15125,0.06619,0.384034,0.050772,0.284731,854,848,179,0,11,64,808,44,2220,0,0,0,222.808,95493,3409,31.6198,6,5,3,,,,,,,,,,,,,,,,,,,,,,,,,,,,,,,,,,,,,,,,,,,,,,302.52,302.562,b36c3ab888e7678949332b0e42e8a5db0a5455ac4adbbaa86bdec57e9e6cde61,0.312,ok,
g3_dhigh_asurplus_pmixed_gshared_pool_seed0,warehouse_random_factorial,carrier,1,13,82.0,82000000,27,39,16,0,0.1731,16,13,82,82000000,13,82,82000000,1,0,0,59580,1565,7112,0,0,SEARCH_CUTOFF,0,1,0,0,-1,82,-1,13,-1,2266,2292,2266,12572,0,4515,0,6947,295,295,9975,5637,5810,4997,120.757,524685,6251,TASKBR_VACANCY_V1,5368,425,5368,4993,5868,85.0886,2000,4826,219,4572,4572,4851,4845,4845,4845,4845,0,0,0,0,0,0,0,4845,30630,8,BOTTLENECK_TARGET_FRONTIER_CONTINUITY_V2,10.566,4.06666,11.9435,2.35439,7.56816,2224,120,2220,0,2,27,4541,219,17260,0,0,0,7995.78,1735337,36543,442.89,0,0,0,,,,,,,,,,,,,,,,,,,,,,,,,,,,,,,,,,,,,,,,,,,,,,8549.5,8549.55,0f1abe0446e22d775b72108e8a4eb0cd8db80f88d45167c58c5b0d0bc1e7fdfe,8.565,ok,
g3_dhigh_asurplus_pmixed_gsingleton_seed0,warehouse_random_factorial,carrier,1,14,75.0,75000000,36,23,16,0,0.2143,21,14,75,75000000,14,75,75000000,1,0,0,47048,18,191,0,0,SEARCH_CUTOFF,0,0,0,0,-1,-1,-1,-1,-1,79,18308,79,156,0,150,0,48,0,0,152,38,186,168,3.2113,17640,110,TASKBR_VACANCY_V1,25,7,25,18,32,56.25,0,70,22,18513,18513,70,60,60,60,60,0,0,0,0,0,0,0,60,92,8,BOTTLENECK_TARGET_FRONTIER_CONTINUITY_V2,21.3141,0.025288,0.194745,0.025237,0.308255,18506,18502,13455,0,19,191,18301,22,42408,0,0,0,1719.31,2571897,73655,588.198,0,0,0,,,,,,,,,,,,,,,,,,,,,,,,,,,,,,,,,,,,,,,,,,,,,,8672.02,8672.07,669c2783b2162de7ced08ae413f3a33b8add38cf46f1f221ab1b696f5cd3c22c,8.694,ok,
g3_dlow_abaseline_pcross_heavy_gshared_pool_seed0,warehouse_random_factorial,carrier,1,29,132.0,132000000,33,83,16,0,0.1897,19,29,132,132000000,29,132,132000000,1,0,0,0,25318,17288,0,0,SEARCH_CUTOFF,0,1,0,0,-1,132,-1,29,-1,30,9718,30,473,0,48,0,121,0,0,50,19,25,88,1.49139,9240,0,TASKBR_VACANCY_V1,9829,31,9829,9798,9860,99.3712,0,21321,31,21134,21134,21321,21317,21317,21317,21317,0,0,0,0,0,0,0,21317,98795,8,BOTTLENECK_TARGET_FRONTIER_CONTINUITY_V2,31.1531,9.96214,32.3023,7.49079,8.22966,7470,4,7469,0,33,326,20773,31,9790,0,0,0,796.273,158529,31162,141.018,4,0,0,,,,,,,,,,,,,,,,,,,,,,,,,,,,,,,,,,,,,,,,,,,,,,8628.53,8628.57,b9ce77f07bdbcfdd018c9c858a2591680785d9e98b31239a49036d53bdf9ced9,8.643,ok,
g3_dlow_abaseline_pcross_heavy_gsingleton_seed0,warehouse_random_factorial,carrier,1,45,177.0,177000000,64,97,16,0,0.237,47,45,179,179000000,45,177,177000000,1,1,1,0,31,208,1,1,REFERENCE_SUFFIX_ACCEPTED,3,0,0,0,-1,-1,-1,-1,-1,65,5,65,586,0,144,0,153,40,22,0,138,88,171,2.79678,17955,44,TASKBR_VACANCY_V1,145,76,145,119,257,46.3035,0,267,35,95,95,303,295,277,277,277,0,0,0,0,0,0,0,277,296,8,BOTTLENECK_TARGET_FRONTIER_CONTINUITY_V2,0.248044,0.089754,0.63095,0.121437,0.69078,69,37,63,0,13,21,59,35,146,0,0,0,84.7218,232905,511,30.5411,3,0,11,,,,,,,,,,,,,,,,,,,,,,,,,,,,,,,,,,,,,,,,,,,,,,97.1867,97.2328,bc9e71fe00d4074f36dc7d3c49b05d74033f39f81d2bd851952c79eef6873126,0.105,ok,
g3_dlow_abaseline_plocal_gshared_pool_seed0,warehouse_random_factorial,carrier,1,19,94.0,94000000,19,59,16,0,0.1667,16,19,94,94000000,19,94,94000000,1,0,0,0,25406,17218,0,0,SEARCH_CUTOFF,6,1,0,0,-1,94,-1,19,-1,24,4,24,306,0,14,0,127,0,0,0,81,7,90,1.36557,9450,0,TASKBR_VACANCY_V1,126,20,126,106,146,72.6027,0,36023,6521,21199,21199,36023,36013,36013,36013,36013,0,0,0,0,0,0,0,36013,107277,8,BOTTLENECK_TARGET_FRONTIER_CONTINUITY_V2,36.2318,14.9575,52.1716,10.1165,36.2057,7507,2,7506,0,24,251,20922,6521,44,0,0,0,915.033,177456,42586,193.755,7,0,0,,,,,,,,,,,,,,,,,,,,,,,,,,,,,,,,,,,,,,,,,,,,,,8632.31,8632.36,7cdfa2ee56ae226e332941c5cfca38acf380f88b9a43dd49a6f26c61d9627f20,8.647,ok,
g3_dlow_abaseline_plocal_gsingleton_seed0,warehouse_random_factorial,carrier,1,23,104.0,104000000,42,46,16,0,0.3043,22,23,104,104000000,23,104,104000000,1,0,0,0,25051,17233,0,0,SEARCH_CUTOFF,2,0,0,0,-1,-1,-1,-1,-1,32,14379,32,276,0,62,0,90,0,0,0,60,62,109,1.65547,11445,0,TASKBR_VACANCY_V1,22011,7565,22011,14446,29576,48.8437,0,28569,3259,20905,20905,28569,24242,24238,24238,24238,0,0,0,0,0,0,0,24238,94482,8,BOTTLENECK_TARGET_FRONTIER_CONTINUITY_V2,31.4967,10.6228,37.8232,7.76618,31.1174,8849,6,8846,0,7,121,20775,3259,14467,0,0,0,1004.25,675826,41985,273.086,0,0,0,,,,,,,,,,,,,,,,,,,,,,,,,,,,,,,,,,,,,,,,,,,,,,8635.5,8635.56,d62ccb63bf7f42a728c55ebf83f6a8b5e44090f271fb5bc49ff02874fb88577b,8.65,ok,
g3_dlow_abaseline_pmixed_gshared_pool_seed0,warehouse_random_factorial,carrier,1,22,102.0,102000000,27,59,16,0,0.2045,17,22,102,102000000,22,102,102000000,1,0,0,1296,63,354,0,0,SEARCH_CUTOFF,2,1,0,0,-1,102,-1,22,-1,33,13494,33,307,0,32,0,150,0,0,0,53,16,113,1.82302,11865,0,TASKBR_VACANCY_V1,26045,12417,26045,13628,38462,35.4324,0,22366,1116,21111,21111,22366,22361,22361,22361,22361,0,0,0,0,0,0,0,22361,93098,8,BOTTLENECK_TARGET_FRONTIER_CONTINUITY_V2,30.0935,10.8328,33.5494,7.26772,15.1703,9845,6,9843,0,6,117,20986,1116,13551,0,0,0,936.897,439630,42511,223.968,4,0,0,,,,,,,,,,,,,,,,,,,,,,,,,,,,,,,,,,,,,,,,,,,,,,8636.08,8636.14,0b2e0b37807e563fc72ee4da3771159baae2ec51884f7c1468044d9cefc8167a,8.651,ok,
g3_dlow_abaseline_pmixed_gsingleton_seed0,warehouse_random_factorial,carrier,1,21,102.0,102000000,36,50,16,0,0.2857,35,21,102,102000000,21,102,102000000,1,0,0,0,25583,15065,0,0,SEARCH_CUTOFF,2,0,0,0,-1,-1,-1,-1,-1,29,8,29,294,0,48,0,117,0,0,0,606,48,118,1.67014,12390,0,TASKBR_VACANCY_V1,127,7,127,120,134,89.5522,0,51795,8740,20151,20151,51795,51786,51786,51786,51786,0,0,0,0,0,0,0,51786,105646,8,BOTTLENECK_TARGET_FRONTIER_CONTINUITY_V2,43.4483,17.9857,66.8042,12.4083,33.645,8741,5,8736,0,29,306,19814,8740,84,0,0,0,1246.1,780800,120940,469.29,8,0,0,,,,,,,,,,,,,,,,,,,,,,,,,,,,,,,,,,,,,,,,,,,,,,8626.9,8626.95,a47b9d8991de886341d4a04b969dffb3894e65d1c98171ba9c25d64f88cfa266,8.642,ok,
g3_dlow_aequal_pcross_heavy_gshared_pool_seed0,warehouse_random_factorial,carrier,1,21,123.0,123000000,31,76,16,0,0.1845,19,21,125,125000000,21,123,123000000,1,1,1,12,63,398,0,0,STRICT_IMPROVEMENT,0,1,1,1,55,125,123,21,21,57,5,57,625,0,101,0,161,0,0,78,9,88,150,2.6006,15750,0,TASKBR_VACANCY_V1,158,34,158,124,192,64.5833,0,193,59,76,76,193,182,182,182,182,0,0,0,0,0,0,0,182,237,8,BOTTLENECK_TARGET_FRONTIER_CONTINUITY_V2,0.202608,0.071825,0.410515,0.076597,0.420291,23,9,18,0,1,4,69,59,144,0,0,0,45.2809,63724,545,11.1574,10,0,0,,,,,,,,,,,,,,,,,,,,,,,,,,,,,,,,,,,,,,,,,,,,,,56.3773,56.4179,c50248f144861f0e7c01f49291e8ba1c28637ee3a6e22a39269f9efc7a6c26c4,0.064,ok,
g3_dlow_aequal_pcross_heavy_gsingleton_seed0,warehouse_random_factorial,carrier,1,31,181.0,181000000,66,99,16,0,0.2661,35,31,181,181000000,31,181,181000000,1,0,0,18881,67,443,0,0,SEARCH_CUTOFF,2,0,0,0,-1,-1,-1,-1,-1,1618,16410,1618,10070,0,2335,0,3356,18,12,0,747,2556,3779,74.9741,396795,25,TASKBR_VACANCY_V1,19959,6755,19959,13229,26730,49.4912,1343,9602,6682,18104,18104,9617,6892,6892,6892,6892,0,0,0,0,0,0,0,6892,29592,8,BOTTLENECK_TARGET_FRONTIER_CONTINUITY_V2,22.3892,4.0368,12.2336,2.67438,7.7189,12042,12018,8198,0,40,294,17768,6682,53396,0,0,0,3083.72,7280803,134209,1303.53,0,15,6,,,,,,,,,,,,,,,,,,,,,,,,,,,,,,,,,,,,,,,,,,,,,,8653.2,8653.26,8226112b6af66b82315ef09c56a61c810a7fc126ed59fd37ab4df3f3d726ca0b,8.673,ok,
g3_dlow_aequal_plocal_gshared_pool_seed0,warehouse_random_factorial,carrier,1,13,78.0,78000000,17,45,16,0,0.1635,13,13,80,80000000,13,78,78000000,1,1,1,474,12,96,0,0,STRICT_IMPROVEMENT,0,1,1,1,1900,80,78,13,13,1029,684,1029,4806,0,1158,0,3783,0,0,0,2022,1151,2105,50.8351,221025,0,TASKBR_VACANCY_V1,594,270,594,324,864,37.5,763,1920,147,1721,1721,1920,234,234,234,234,0,0,0,0,0,0,0,234,528,8,BOTTLENECK_TARGET_FRONTIER_CONTINUITY_V2,1.99189,0.138375,0.52624,0.095967,0.414803,1581,1575,855,0,1,14,1704,147,7377,0,0,0,1830.07,339834,13132,104.474,0,0,0,,,,,,,,,,,,,,,,,,,,,,,,,,,,,,,,,,,,,,,,,,,,,,1911.66,1911.7,8900dc229471d9e9da6b76caa9a6fdd2a635d54bcef62fd6db6167993fea3bce,1.921,ok,
g3_dlow_aequal_plocal_gsingleton_seed0,warehouse_random_factorial,carrier,1,17,97.0,97000000,40,41,16,0,0.2941,19,17,97,97000000,17,97,97000000,1,0,0,22057,43540,87144,0,0,SEARCH_CUTOFF,0,0,0,0,-1,-1,-1,-1,-1,839,16913,839,3602,0,1323,0,1930,2,2,5105,2490,1841,2671,43.2604,280455,1558,TASKBR_VACANCY_V1,28366,3581,28366,24788,31947,77.591,570,21438,3559,17820,17820,21438,21428,21428,21428,21428,0,0,0,0,0,0,0,21428,71301,8,BOTTLENECK_TARGET_FRONTIER_CONTINUITY_V2,32.1658,11.5174,36.3198,7.3341,29.9217,11517,179,11514,0,26,239,17553,3559,53862,0,0,0,2627.35,2364123,139881,823.269,0,0,2,,,,,,,,,,,,,,,,,,,,,,,,,,,,,,,,,,,,,,,,,,,,,,8647.6,8647.65,458d245e7e85aaf458a8ee64866b19bccad2cb791cf698b3e536a678eb20d611,8.666,ok,
g3_dlow_aequal_pmixed_gshared_pool_seed0,warehouse_random_factorial,carrier,1,15,88.0,88000000,27,45,16,0,0.225,14,15,88,88000000,15,88,88000000,1,0,0,2144,10146,35126,0,0,SEARCH_CUTOFF,0,1,0,0,-1,88,-1,15,-1,3762,2820,3762,38361,0,5095,0,15626,666,666,0,4674,4828,9959,186.368,1045695,666,TASKBR_VACANCY_V1,15927,4804,15927,11123,21211,52.4398,3494,8929,2265,6593,6593,8929,8922,8922,8922,8922,0,0,0,0,0,0,0,8922,18540,8,BOTTLENECK_TARGET_FRONTIER_CONTINUITY_V2,14.3513,5.8759,14.8044,3.26311,7.24398,2887,6,2883,0,2,0,6589,2265,28297,0,0,0,7750.59,4066467,52705,834.953,0,0,0,,,,,,,,,,,,,,,,,,,,,,,,,,,,,,,,,,,,,,,,,,,,,,8573.42,8573.47,40f324839300df26180efa1af325656b0afeaef884b578831c175d1cd58e43df,8.587,ok,
g3_dlow_aequal_pmixed_gsingleton_seed0,warehouse_random_factorial,carrier,1,14,86.0,86000000,34,36,16,0,0.3036,19,16,88,88000000,14,86,86000000,1,1,1,113,274,1136,0,0,STRICT_IMPROVEMENT,0,0,0,0,-1,-1,-1,-1,-1,125,26,125,385,0,257,0,170,0,0,62,52,302,314,5.54056,32970,0,TASKBR_VACANCY_V1,145,47,145,98,192,51.0417,0,128,43,159,159,128,119,119,119,119,0,0,0,0,0,0,0,119,220,8,BOTTLENECK_TARGET_FRONTIER_CONTINUITY_V2,0.260418,0.069529,0.252768,0.043282,0.191538,118,112,112,0,3,15,139,43,474,0,0,0,67.6299,81587,1105,15.6909,0,0,0,,,,,,,,,,,,,,,,,,,,,,,,,,,,,,,,,,,,,,,,,,,,,,80.6843,80.7289,0e2669eb69cb7130eb8949ec93778062bc82c1f37f67fe4255f8bb2d09b716a9,0.089,ok,
g3_dlow_ascarce_pcross_heavy_gshared_pool_seed0,warehouse_random_factorial,carrier,1,36,135.0,135000000,33,86,16,0,0.2292,25,36,135,135000000,36,135,135000000,1,0,0,103,3652,1765,0,0,SEARCH_CUTOFF,2,1,0,0,-1,135,-1,36,-1,84,16523,84,660,0,56,0,390,5,5,145,70,33,211,4.26893,22155,25,TASKBR_VACANCY_V1,55699,6642,55699,50525,62341,81.0462,0,176024,11421,56701,56701,176024,170626,170626,170626,170626,0,0,0,0,0,0,0,170626,202653,8,BOTTLENECK_TARGET_FRONTIER_CONTINUITY_V2,86.3539,36.735,150.583,31.1193,78.8254,45808,21,45965,0,338,4354,52007,11421,10258,0,444,0,3491.53,2451694,355546,1498.04,3099,0,0,,,,,,,,,,,,,,,,,,,,,,,,,,,,,,,,,,,,,,,,,,,,,,9360.81,9360.86,0fe291d8a0a4f35d3b8049b8ca88ebb675b02146ebb222431aec483905286b22,9.392,ok,
g3_dlow_ascarce_pcross_heavy_gsingleton_seed0,warehouse_random_factorial,carrier,1,47,155.0,155000000,64,75,16,0,0.3404,56,47,155,155000000,47,155,155000000,1,0,0,16375,1377,689,0,0,SEARCH_CUTOFF,1,0,0,0,-1,-1,-1,-1,-1,708,36154,708,5996,0,621,0,1563,30,22,0,816,623,2466,37.7562,258930,34,TASKBR_VACANCY_V1,50884,5212,50884,45705,56119,81.443,417,53553,11685,41931,41931,53576,52640,52488,52488,52488,0,0,0,0,0,0,0,52488,97070,8,BOTTLENECK_TARGET_FRONTIER_CONTINUITY_V2,43.6937,13.9472,48.4372,13.8728,16.784,25698,647,25698,0,443,3616,37870,11685,54683,0,239,0,5334,26915834,204711,3615.94,576,0,6,,,,,,,,,,,,,,,,,,,,,,,,,,,,,,,,,,,,,,,,,,,,,,9085.57,9085.63,98dbdc30e0c3298d5bafe2cfffdeaa962f7963d9bbbe69d1c53f5db8da4dfc40,9.11,ok,
g3_dlow_ascarce_plocal_gshared_pool_seed0,warehouse_random_factorial,carrier,1,39,140.0,140000000,19,105,16,0,0.1218,20,39,140,140000000,39,140,140000000,1,0,0,3633,3613,2021,0,0,SEARCH_CUTOFF,22,1,0,0,-1,140,-1,39,-1,139,37865,139,694,0,85,0,401,0,0,0,25,78,391,7.14657,41055,0,TASKBR_VACANCY_V1,80871,16336,80871,64535,97207,66.3893,0,115491,25336,57166,57166,115491,113940,113940,113940,113940,0,0,0,0,0,0,0,113940,169784,8,BOTTLENECK_TARGET_FRONTIER_CONTINUITY_V2,71.1196,26.8311,103.236,23.5641,41.5397,39375,147,37786,0,680,5651,50833,25336,47964,0,298,0,3695.87,5386518,315299,1690.51,4992,0,0,,,,,,,,,,,,,,,,,,,,,,,,,,,,,,,,,,,,,,,,,,,,,,8858.83,8858.88,5b45bb44b5d9c4a3da3c31fd70385c0d7e35998b55d38af9209b597c02908d71,8.888,ok,
g3_dlow_ascarce_plocal_gsingleton_seed0,warehouse_random_factorial,carrier,1,35,126.0,126000000,40,70,16,0,0.2857,52,35,126,126000000,35,126,126000000,1,0,0,2880,3310,1460,0,0,SEARCH_CUTOFF,3,0,0,0,-1,-1,-1,-1,-1,75,29512,75,431,0,80,0,279,8,8,0,810,66,273,4.3484,28665,8,TASKBR_VACANCY_V1,65658,6425,65658,59243,72089,82.1804,0,126754,11782,58025,58025,126762,124335,124327,124327,124327,0,0,0,0,0,0,0,124327,189170,8,BOTTLENECK_TARGET_FRONTIER_CONTINUITY_V2,73.2959,28.4553,116.548,24.3568,62.9552,42008,107,42011,0,407,5928,51688,11782,29137,0,385,0,3300.44,1426795,271208,1133.32,2055,0,0,,,,,,,,,,,,,,,,,,,,,,,,,,,,,,,,,,,,,,,,,,,,,,8878.12,8878.18,5b509eb53efe55411bb3a19cc6dd10081aebbb84c6d18b1d9c076495702e39a0,8.91,ok,
g3_dlow_ascarce_pmixed_gshared_pool_seed0,warehouse_random_factorial,carrier,1,41,141.0,141000000,27,98,16,0,0.1646,21,41,141,141000000,41,141,141000000,1,0,0,395,3474,1813,0,0,SEARCH_CUTOFF,14,1,0,0,-1,141,-1,41,-1,120,32058,120,720,0,80,0,357,0,0,0,158,64,426,6.82765,44730,0,TASKBR_VACANCY_V1,65693,10945,65693,54748,76638,71.4371,0,108953,8716,56926,56926,108953,107308,107308,107308,107308,0,0,0,0,0,0,0,107308,183373,8,BOTTLENECK_TARGET_FRONTIER_CONTINUITY_V2,67.8277,24.5738,95.8703,21.7336,34.5888,45072,100,45071,0,423,4904,51597,8716,37280,0,422,0,3001.77,2258590,248700,1151.03,23,0,0,,,,,,,,,,,,,,,,,,,,,,,,,,,,,,,,,,,,,,,,,,,,,,8866.06,8866.11,6c743b551e5a8326900c81a04b33a57006799027a813e450e497b833af2b212a,8.898,ok,
g3_dlow_ascarce_pmixed_gsingleton_seed0,warehouse_random_factorial,carrier,1,31,108.0,108000000,36,56,16,0,0.2903,46,31,108,108000000,31,108,108000000,1,0,0,5214,4144,1922,0,0,SEARCH_CUTOFF,3,0,0,0,-1,-1,-1,-1,-1,1786,44037,1786,8611,0,1641,0,4739,0,0,0,546,1858,6506,97.9423,683130,0,TASKBR_VACANCY_V1,84878,18342,84878,66536,103220,64.4604,1511,73975,19475,51189,51189,73975,73917,73230,73230,73230,0,0,0,0,0,0,0,73230,108601,8,BOTTLENECK_TARGET_FRONTIER_CONTINUITY_V2,54.3522,18.8478,66.0317,17.4856,25.8155,27511,469,27510,0,279,2999,47909,19475,81223,0,190,0,4821.16,4675706,288195,1573.74,1057,0,0,,,,,,,,,,,,,,,,,,,,,,,,,,,,,,,,,,,,,,,,,,,,,,8801.89,8801.94,92737425ef06d8ae575643721ecf29a56a06087a69955491b2b055afc102c135,8.829,ok,
g3_dlow_asurplus_pcross_heavy_gshared_pool_seed0,warehouse_random_factorial,carrier,1,19,108.0,108000000,33,59,16,0,0.1447,17,19,108,108000000,19,108,108000000,1,0,0,25020,49665,190157,0,0,SEARCH_CUTOFF,0,1,0,0,-1,108,-1,19,-1,86,17864,86,693,0,107,0,227,0,0,21,89,99,221,4.0643,23205,0,TASKBR_VACANCY_V1,28294,3854,28294,24440,32148,76.0234,0,23016,3811,19123,19123,23016,23012,23012,23012,23012,0,0,0,0,0,0,0,23012,185482,8,BOTTLENECK_TARGET_FRONTIER_CONTINUITY_V2,36.1903,15.193,52.3224,9.84231,43.6641,7631,15,7630,0,23,187,18911,3811,33328,0,0,0,1461.84,857790,103078,436.646,2,0,0,,,,,,,,,,,,,,,,,,,,,,,,,,,,,,,,,,,,,,,,,,,,,,8645.85,8645.9,6b9ff2e5910c13497fdb36cd81400b10ac2c485e6ab44b9cbd32aef567d77825,8.665,ok,
g3_dlow_asurplus_pcross_heavy_gsingleton_seed0,warehouse_random_factorial,carrier,1,40,177.0,177000000,72,89,16,0,0.15,46,41,169,169000000,40,177,177000000,1,1,1,22,36,437,0,0,STRICT_IMPROVEMENT,3,0,0,0,-1,-1,-1,-1,-1,169,30,169,817,0,242,0,312,44,28,0,30,126,393,7.03224,41265,48,TASKBR_VACANCY_V1,281,183,281,161,514,31.323,0,234,37,220,220,278,269,269,269,269,0,0,0,0,0,0,0,269,888,8,BOTTLENECK_TARGET_FRONTIER_CONTINUITY_V2,0.472175,0.141085,0.853454,0.151955,1.49391,161,143,148,0,44,112,62,37,349,0,0,0,110.669,259510,709,35.9532,0,47,6,,,,,,,,,,,,,,,,,,,,,,,,,,,,,,,,,,,,,,,,,,,,,,126.927,126.972,22fa4e3f38604b0ab0ff71b91747ec5ca11ffab9989cb138d355b97d383310f8,0.135,ok,
g3_dlow_asurplus_plocal_gshared_pool_seed0,warehouse_random_factorial,carrier,1,12,72.0,72000000,19,37,16,0,0.1319,13,12,72,72000000,12,72,72000000,1,0,0,4548,26118,162161,0,0,SEARCH_CUTOFF,0,1,0,0,-1,72,-1,12,-1,114,17130,114,1152,0,89,0,451,0,0,0,0,101,419,6.49556,43995,0,TASKBR_VACANCY_V1,45762,6021,45762,39741,51783,76.7453,0,35943,5955,17968,17968,35943,35935,35935,35935,35935,0,0,0,0,0,0,0,35935,164350,8,BOTTLENECK_TARGET_FRONTIER_CONTINUITY_V2,42.9201,18.9566,72.3461,12.249,77.0569,7506,102,7504,0,5,133,17828,5955,33580,0,0,0,2366.84,5998696,143722,1248.49,0,0,0,,,,,,,,,,,,,,,,,,,,,,,,,,,,,,,,,,,,,,,,,,,,,,8650.64,8650.69,b019a4cd01cc1fd0f1ae4001e3e44fe0d57bc41c6363f96322d13921fcd8da46,8.668,ok,
g3_dlow_asurplus_plocal_gsingleton_seed0,warehouse_random_factorial,carrier,1,15,87.0,87000000,38,33,16,0,0.2111,19,15,89,89000000,15,87,87000000,1,1,1,115,230,1759,1,1,REFERENCE_SUFFIX_ACCEPTED,0,0,0,0,-1,-1,-1,-1,-1,211,33,211,639,0,600,0,252,22,22,0,132,664,500,9.22902,52500,42,TASKBR_VACANCY_V1,71,31,71,43,102,42.1569,0,113,28,253,253,113,93,93,93,93,0,0,0,0,0,0,0,93,213,8,BOTTLENECK_TARGET_FRONTIER_CONTINUITY_V2,0.429275,0.045808,0.283012,0.039664,0.260312,233,227,199,0,0,8,243,28,943,0,0,0,113.52,198383,1932,35.4227,0,0,3,,,,,,,,,,,,,,,,,,,,,,,,,,,,,,,,,,,,,,,,,,,,,,130.076,130.118,8f40db2960524aa53157783ae4a663d8b62f4988e713c583466b98d0105403bf,0.138,ok,
g3_dlow_asurplus_pmixed_gshared_pool_seed0,warehouse_random_factorial,carrier,1,13,82.0,82000000,27,39,16,0,0.1731,12,13,82,82000000,13,82,82000000,1,0,0,2891,1566,9595,0,0,SEARCH_CUTOFF,0,1,0,0,-1,82,-1,13,-1,4161,1505,4161,26021,0,8893,0,15016,100,100,475,14504,10316,9920,201.873,1041600,225,TASKBR_VACANCY_V1,6951,800,6951,6201,7826,79.2359,3895,5977,269,5673,5673,6002,5996,5996,5996,5996,0,0,0,0,0,0,0,5996,36416,8,BOTTLENECK_TARGET_FRONTIER_CONTINUITY_V2,14.014,5.3379,15.1198,3.28961,9.33434,3690,5,3686,0,1,1,5669,269,26748,0,0,0,8014.24,1786301,45351,515.678,0,0,0,,,,,,,,,,,,,,,,,,,,,,,,,,,,,,,,,,,,,,,,,,,,,,8577.06,8577.13,a86caa53ad959147dd748b56363503eab389a5643ae1a6fe374eb47b77b77a9c,8.591,ok,
g3_dlow_asurplus_pmixed_gsingleton_seed0,warehouse_random_factorial,carrier,1,14,73.0,73000000,34,23,16,0,0.2024,14,14,75,75000000,14,73,73000000,1,1,1,10,19,202,1,1,REFERENCE_SUFFIX_ACCEPTED,0,0,0,0,-1,-1,-1,-1,-1,45,3,45,147,0,89,0,46,0,0,0,10,98,102,1.81005,10710,0,TASKBR_VACANCY_V1,25,7,25,18,32,56.25,0,70,22,55,55,70,60,60,60,60,0,0,0,0,0,0,0,60,92,8,BOTTLENECK_TARGET_FRONTIER_CONTINUITY_V2,0.11872,0.025736,0.18863,0.024408,0.303653,48,44,36,0,2,9,42,22,140,0,0,0,23.6427,48131,291,7.38778,0,0,0,,,,,,,,,,,,,,,,,,,,,,,,,,,,,,,,,,,,,,,,,,,,,,33.7418,33.7782,86a260ca50d9d9f4f5b69021b7653b9e919d258827e9e53dcdbff7008e4ffa38,0.041,ok,
g3_dmedium_abaseline_pcross_heavy_gshared_pool_seed0,warehouse_random_factorial,carrier,1,29,132.0,132000000,33,83,16,0,0.1897,23,29,132,132000000,29,132,132000000,1,0,0,1296,32210,15733,0,0,SEARCH_CUTOFF,0,1,0,0,-1,132,-1,29,-1,29,7379,29,479,0,48,0,119,0,0,170,71,25,84,1.71476,8820,110,TASKBR_VACANCY_V1,7489,31,7489,7458,7520,99.1755,0,20585,31,20398,20398,20585,20581,20581,20581,20581,0,0,0,0,0,0,0,20581,95466,8,BOTTLENECK_TARGET_FRONTIER_CONTINUITY_V2,29.8545,9.73062,32.8826,7.14767,8.07338,7032,3,7031,0,32,322,20042,31,7450,0,0,0,1050.78,143017,28086,148.969,4,0,0,,,,,,,,,,,,,,,,,,,,,,,,,,,,,,,,,,,,,,,,,,,,,,8626.98,8627.03,b9ce77f07bdbcfdd018c9c858a2591680785d9e98b31239a49036d53bdf9ced9,8.641,ok,
g3_dmedium_abaseline_pcross_heavy_gsingleton_seed0,warehouse_random_factorial,carrier,1,45,177.0,177000000,64,97,16,0,0.237,66,45,179,179000000,45,177,177000000,1,1,1,1,31,208,1,1,REFERENCE_SUFFIX_ACCEPTED,3,0,0,0,-1,-1,-1,-1,-1,65,5,65,594,0,144,0,155,41,23,808,336,86,180,3.15649,18900,295,TASKBR_VACANCY_V1,146,77,146,119,259,45.9459,0,267,35,95,95,303,295,277,277,277,0,0,0,0,0,0,0,277,296,8,BOTTLENECK_TARGET_FRONTIER_CONTINUITY_V2,0.25993,0.096693,0.634011,0.121339,0.676582,69,37,63,0,13,21,59,35,146,0,0,0,121.344,231849,511,31.0314,3,0,11,,,,,,,,,,,,,,,,,,,,,,,,,,,,,,,,,,,,,,,,,,,,,,136.35,136.393,7a75b7489fa51dc391306e25fc15eebf5bc7fd3fcbebe7cf2d3a1ac91fde1500,0.145,ok,
g3_dmedium_abaseline_plocal_gshared_pool_seed0,warehouse_random_factorial,carrier,1,19,92.0,92000000,19,57,16,0,0.1667,20,19,92,92000000,19,92,92000000,1,0,0,1296,25663,15663,0,0,SEARCH_CUTOFF,6,1,0,0,-1,92,-1,19,-1,29,19213,29,310,0,18,0,132,0,0,0,85,10,98,1.69737,10290,0,TASKBR_VACANCY_V1,19341,20,19341,19321,19361,99.7934,0,20474,40,20332,20332,20474,20466,20466,20466,20466,0,0,0,0,0,0,0,20466,88698,8,BOTTLENECK_TARGET_FRONTIER_CONTINUITY_V2,29.3896,10.5938,31.0786,6.8874,24.9505,10129,5,10128,0,25,228,20077,40,19258,0,0,0,1124.6,234552,34370,186.832,4,0,0,,,,,,,,,,,,,,,,,,,,,,,,,,,,,,,,,,,,,,,,,,,,,,8645.61,8645.66,0093396a6000192ac3bb76787587af1d86c7c116748594f4341544c7a7e8fc38,8.661,ok,
g3_dmedium_abaseline_plocal_gsingleton_seed0,warehouse_random_factorial,carrier,1,23,104.0,104000000,42,46,16,0,0.3043,37,23,104,104000000,23,104,104000000,1,0,0,1295,29867,15683,0,0,SEARCH_CUTOFF,2,0,0,0,-1,-1,-1,-1,-1,31,12960,31,273,0,62,0,88,0,0,0,64,62,106,1.8163,11130,0,TASKBR_VACANCY_V1,17351,4325,17351,13026,21676,60.0941,0,28297,3293,20599,20599,28297,23970,23966,23966,23966,0,0,0,0,0,0,0,23966,92922,8,BOTTLENECK_TARGET_FRONTIER_CONTINUITY_V2,31.4637,11.1764,36.945,7.73663,30.9527,8524,5,8521,0,6,102,20489,3293,13047,0,0,0,1236.2,438778,41373,263.317,0,0,0,,,,,,,,,,,,,,,,,,,,,,,,,,,,,,,,,,,,,,,,,,,,,,8646.22,8646.27,d62ccb63bf7f42a728c55ebf83f6a8b5e44090f271fb5bc49ff02874fb88577b,8.66,ok,
g3_dmedium_abaseline_pmixed_gshared_pool_seed0,warehouse_random_factorial,carrier,1,22,102.0,102000000,27,59,16,0,0.2045,18,22,102,102000000,22,102,102000000,1,0,0,2599,63,325,0,0,SEARCH_CUTOFF,2,1,0,0,-1,102,-1,22,-1,31,12922,31,291,0,32,0,145,0,0,173,34,16,107,1.92273,11235,0,TASKBR_VACANCY_V1,19497,6449,19497,13048,25946,50.2891,0,21787,1115,20537,20537,21787,21782,21782,21782,21782,0,0,0,0,0,0,0,21782,90369,8,BOTTLENECK_TARGET_FRONTIER_CONTINUITY_V2,30.3094,10.8313,33.9985,7.43871,15.5733,9415,5,9413,0,5,102,20428,1115,12977,0,0,0,1153.47,327374,41339,221.931,4,0,0,,,,,,,,,,,,,,,,,,,,,,,,,,,,,,,,,,,,,,,,,,,,,,8633.39,8633.44,7aa19d13f9082de0e0931925345498b1afa6a836a592baebb1c80d7fde6e7cd5,8.649,ok,
g3_dmedium_abaseline_pmixed_gsingleton_seed0,warehouse_random_factorial,carrier,1,21,102.0,102000000,36,50,16,0,0.2857,43,21,102,102000000,21,102,102000000,1,0,0,0,24910,17225,0,0,SEARCH_CUTOFF,2,0,0,0,-1,-1,-1,-1,-1,29,8,29,294,0,48,0,117,0,0,104,634,48,118,1.72177,12390,26,TASKBR_VACANCY_V1,127,7,127,120,134,89.5522,0,49857,9760,19845,19845,49857,49848,49848,49848,49848,0,0,0,0,0,0,0,49848,99821,8,BOTTLENECK_TARGET_FRONTIER_CONTINUITY_V2,42.5409,17.4614,64.2315,12.6379,33.3615,6765,5,6760,0,25,242,19576,9760,84,0,0,0,1487.48,769784,119104,478.92,8,0,0,,,,,,,,,,,,,,,,,,,,,,,,,,,,,,,,,,,,,,,,,,,,,,8628.36,8628.41,7aaf14b45ed212a05000088bb9fd34c847603689da12a3c8f4358e368d128e16,8.644,ok,
g3_dmedium_aequal_pcross_heavy_gshared_pool_seed0,warehouse_random_factorial,carrier,1,21,123.0,123000000,31,76,16,0,0.1845,22,21,125,125000000,21,123,123000000,1,1,1,20,63,356,0,0,STRICT_IMPROVEMENT,0,1,1,1,69,125,123,21,21,51,5,51,618,0,91,0,148,0,0,158,93,77,131,2.65161,13755,83,TASKBR_VACANCY_V1,151,33,151,118,184,64.1304,0,192,53,70,70,192,182,182,182,182,0,0,0,0,0,0,0,182,237,8,BOTTLENECK_TARGET_FRONTIER_CONTINUITY_V2,0.207718,0.069422,0.417123,0.076501,0.42453,23,9,18,0,1,4,63,53,127,0,0,0,58.8102,61890,497,10.9798,10,0,0,,,,,,,,,,,,,,,,,,,,,,,,,,,,,,,,,,,,,,,,,,,,,,71.1282,71.1699,c50248f144861f0e7c01f49291e8ba1c28637ee3a6e22a39269f9efc7a6c26c4,0.079,ok,
g3_dmedium_aequal_pcross_heavy_gsingleton_seed0,warehouse_random_factorial,carrier,1,31,181.0,181000000,66,99,16,0,0.2661,41,31,181,181000000,31,181,181000000,1,0,0,87737,68,383,0,0,SEARCH_CUTOFF,2,0,0,0,-1,-1,-1,-1,-1,365,14361,365,2668,0,776,0,517,18,12,160,982,913,896,17.9962,94080,112,TASKBR_VACANCY_V1,16945,5745,16945,11225,22706,49.4363,90,5955,5731,14894,14894,5970,5941,5941,5941,5941,0,0,0,0,0,0,0,5941,24795,8,BOTTLENECK_TARGET_FRONTIER_CONTINUITY_V2,18.8141,3.48219,11.2709,2.16001,8.64663,9715,9691,6624,0,23,248,14621,5731,39957,0,0,0,4368.5,25421949,113223,3194.46,0,15,6,,,,,,,,,,,,,,,,,,,,,,,,,,,,,,,,,,,,,,,,,,,,,,8616.87,8616.92,3c40448ed29a1490e6a33c93752c27c95bf9e20c86e2f969593cb19524bbf8e5,8.641,ok,
g3_dmedium_aequal_plocal_gshared_pool_seed0,warehouse_random_factorial,carrier,1,13,80.0,80000000,19,45,16,0,0.1827,16,13,80,80000000,13,80,80000000,1,0,0,35262,11,96,0,0,SEARCH_CUTOFF,0,1,0,0,-1,80,-1,13,-1,3275,4604,3275,16393,0,6323,0,8819,0,0,0,15741,7140,6604,160.289,693420,0,TASKBR_VACANCY_V1,4815,1597,4815,3218,6412,50.1871,3009,4193,1597,7893,7893,4193,1684,1684,1684,1684,0,0,0,0,0,0,0,1684,5914,8,BOTTLENECK_TARGET_FRONTIER_CONTINUITY_V2,10.1203,1.2846,3.59002,0.783759,3.20651,6303,6297,2951,0,16,148,7727,1597,30392,0,0,0,7270.6,2456856,60052,578.514,0,0,0,,,,,,,,,,,,,,,,,,,,,,,,,,,,,,,,,,,,,,,,,,,,,,8577.1,8577.15,5baf80cb890a867ab75e34c1b325480e56e5f6bf5d1bd880381ef0206aef1c89,8.594,ok,
g3_dmedium_aequal_plocal_gsingleton_seed0,warehouse_random_factorial,carrier,1,17,97.0,97000000,40,41,16,0,0.2941,28,17,97,97000000,17,97,97000000,1,0,0,26906,47655,86119,0,0,SEARCH_CUTOFF,0,0,0,0,-1,-1,-1,-1,-1,639,16522,639,2409,0,1058,0,1380,2,2,3318,1125,1484,2022,37.3968,212310,1031,TASKBR_VACANCY_V1,27448,3464,27448,23987,30912,77.5977,370,20727,3439,17229,17229,20727,20717,20717,20717,20717,0,0,0,0,0,0,0,20717,68432,8,BOTTLENECK_TARGET_FRONTIER_CONTINUITY_V2,30.3938,11.2586,34.9449,7.03769,27.4166,10802,141,10799,0,25,219,16983,3439,52599,0,0,0,2883.17,2153091,135093,791.767,0,0,2,,,,,,,,,,,,,,,,,,,,,,,,,,,,,,,,,,,,,,,,,,,,,,8635.73,8635.78,458d245e7e85aaf458a8ee64866b19bccad2cb791cf698b3e536a678eb20d611,8.655,ok,
g3_dmedium_aequal_pmixed_gshared_pool_seed0,warehouse_random_factorial,carrier,1,15,88.0,88000000,27,45,16,0,0.225,15,15,88,88000000,15,88,88000000,1,0,0,9444,16421,34206,0,0,SEARCH_CUTOFF,0,1,0,0,-1,88,-1,15,-1,3269,2376,3269,30039,0,5657,0,12150,576,576,18955,7670,5880,8452,176.464,887460,716,TASKBR_VACANCY_V1,13282,3356,13282,9926,17058,58.1897,3001,7862,2131,5660,5660,7862,7855,7855,7855,7855,0,0,0,0,0,0,0,7855,18425,8,BOTTLENECK_TARGET_FRONTIER_CONTINUITY_V2,13.2814,5.37202,13.8619,3.1017,6.22788,932,6,928,0,2,0,5656,2131,21044,0,0,0,7869.4,3466109,45241,748.171,0,0,0,,,,,,,,,,,,,,,,,,,,,,,,,,,,,,,,,,,,,,,,,,,,,,8568.2,8568.25,f64deaf9952b2a3a1c0be378d1cc398e76483d75efa32f9cd976abdc2e516aae,8.582,ok,
g3_dmedium_aequal_pmixed_gsingleton_seed0,warehouse_random_factorial,carrier,1,16,88.0,88000000,36,36,16,0,0.2812,24,16,88,88000000,16,88,88000000,1,0,0,147069,272,836,0,0,SEARCH_CUTOFF,0,0,0,0,-1,-1,-1,-1,-1,206,17839,206,393,0,426,0,197,0,0,444,196,511,460,8.68367,48300,124,TASKBR_VACANCY_V1,113,31,113,82,144,56.9444,0,120,35,19059,19059,120,111,111,111,111,0,0,0,0,0,0,0,111,180,8,BOTTLENECK_TARGET_FRONTIER_CONTINUITY_V2,17.6032,0.043641,0.232833,0.041465,0.18339,19026,19020,6398,0,30,289,18738,35,40415,0,0,0,1475.58,2329485,76819,548.249,0,0,0,,,,,,,,,,,,,,,,,,,,,,,,,,,,,,,,,,,,,,,,,,,,,,8644.35,8644.4,c6b32cb70555e1463b89a8d25ea1817b49f7818257196492c337c2b670b7f9c6,8.672,ok,
g3_dmedium_ascarce_pcross_heavy_gshared_pool_seed0,warehouse_random_factorial,carrier,1,36,135.0,135000000,33,86,16,0,0.2292,29,36,135,135000000,36,135,135000000,1,0,0,231,3397,1639,0,0,SEARCH_CUTOFF,2,1,0,0,-1,135,-1,36,-1,63,11313,63,550,0,47,0,304,1,0,80,92,24,157,3.79877,16485,49,TASKBR_VACANCY_V1,34558,2160,34558,34192,36718,93.1205,0,139800,37879,47260,47260,140336,138610,138460,138460,138460,0,0,0,270,0,0,0,138460,159926,8,BOTTLENECK_TARGET_FRONTIER_CONTINUITY_V2,69.9626,30.3624,125.339,26.6893,65.3683,25810,23,25807,0,199,3064,43995,37879,7070,0,225,0,3392.11,1751722,271586,1196.16,17124,0,0,,,,,,,,,,,,,,,,,,,,,,,,,,,,,,,,,,,,,,,,,,,,,,9106.17,9106.22,0fe291d8a0a4f35d3b8049b8ca88ebb675b02146ebb222431aec483905286b22,9.136,ok,
g3_dmedium_ascarce_pcross_heavy_gsingleton_seed0,warehouse_random_factorial,carrier,1,47,155.0,155000000,64,75,16,0,0.3404,98,47,155,155000000,47,155,155000000,1,0,0,20438,1630,752,0,0,SEARCH_CUTOFF,1,0,0,0,-1,-1,-1,-1,-1,440,30047,440,3391,0,492,0,927,30,22,1120,1474,465,1482,25.2528,155610,974,TASKBR_VACANCY_V1,38773,2541,38773,36265,41337,87.7301,149,42711,14772,35314,35314,42734,42494,42026,42026,42026,0,0,0,0,0,0,0,42026,78618,8,BOTTLENECK_TARGET_FRONTIER_CONTINUITY_V2,36.3198,11.4881,39.1457,11.5926,13.4603,19266,511,19266,0,452,3326,31534,14772,43270,0,182,0,4954.09,22549819,153862,3024.19,3765,0,6,,,,,,,,,,,,,,,,,,,,,,,,,,,,,,,,,,,,,,,,,,,,,,8871.66,8871.73,0e550fdc53417ca91734ae4fd49e4629ddc60963e6184f333cf5030a45f75dfd,8.902,ok,
g3_dmedium_ascarce_plocal_gshared_pool_seed0,warehouse_random_factorial,carrier,1,31,108.0,108000000,19,73,16,0,0.1532,24,31,108,108000000,31,108,108000000,1,0,0,9848,5482,1909,0,0,SEARCH_CUTOFF,11,1,0,0,-1,108,-1,31,-1,123,26038,123,548,0,112,0,340,0,0,0,23,109,362,6.78583,38010,0,TASKBR_VACANCY_V1,50363,1532,50363,48831,51895,94.0958,0,115182,19835,50594,50594,115182,114017,113899,113899,113899,0,0,0,0,0,0,0,113899,152146,8,BOTTLENECK_TARGET_FRONTIER_CONTINUITY_V2,65.0706,24.711,105.592,22.9567,55.6485,31007,45,31006,0,367,3541,46684,19835,30379,0,251,0,3490.66,2777184,276354,1349.18,7512,0,0,,,,,,,,,,,,,,,,,,,,,,,,,,,,,,,,,,,,,,,,,,,,,,9103.79,9103.84,600507b828a17e2c526c87796b8e8be7b54b69604dc8af7b24979fc1fd625b83,9.134,ok,
g3_dmedium_ascarce_plocal_gsingleton_seed0,warehouse_random_factorial,carrier,1,35,126.0,126000000,40,70,16,0,0.2857,101,35,126,126000000,35,126,126000000,1,0,0,5888,3998,1600,0,0,SEARCH_CUTOFF,3,0,0,0,-1,-1,-1,-1,-1,57,17072,57,346,0,72,0,223,8,8,0,838,58,204,3.68744,21420,8,TASKBR_VACANCY_V1,38661,4344,38661,34327,43011,79.8098,0,101212,23821,47676,47676,101220,100061,99985,99985,99985,0,0,0,0,0,0,0,99985,151201,8,BOTTLENECK_TARGET_FRONTIER_CONTINUITY_V2,58.9359,23.4445,94.5531,20.2184,49.7485,27126,34,27129,0,343,4683,42648,23821,16875,0,253,0,3096.61,969867,185555,885.367,9878,0,0,,,,,,,,,,,,,,,,,,,,,,,,,,,,,,,,,,,,,,,,,,,,,,8843.48,8843.54,5b509eb53efe55411bb3a19cc6dd10081aebbb84c6d18b1d9c076495702e39a0,8.873,ok,
g3_dmedium_ascarce_pmixed_gshared_pool_seed0,warehouse_random_factorial,carrier,1,41,141.0,141000000,27,98,16,0,0.1646,23,41,141,141000000,41,141,141000000,1,0,0,6848,3642,1703,0,0,SEARCH_CUTOFF,14,1,0,0,-1,141,-1,41,-1,94,22082,94,586,0,61,0,299,0,0,192,129,45,331,5.90384,34755,43,TASKBR_VACANCY_V1,42178,4083,42178,38095,46261,82.348,0,87603,16228,45928,45928,87603,86262,86262,86262,86262,0,0,0,0,0,0,0,86262,146687,8,BOTTLENECK_TARGET_FRONTIER_CONTINUITY_V2,54.5827,20.2138,78.2988,18.0164,29.1736,32811,50,32810,0,341,3809,41776,16228,24633,0,334,0,2786.93,1403686,175944,907.109,5893,0,0,,,,,,,,,,,,,,,,,,,,,,,,,,,,,,,,,,,,,,,,,,,,,,8831.04,8831.1,70c6ffb38ca7b8f88d8e330b8cc5fe7df766065fae355d38cb39ae4249fc02f4,8.877,ok,
g3_dmedium_ascarce_pmixed_gsingleton_seed0,warehouse_random_factorial,carrier,1,31,108.0,108000000,36,56,16,0,0.2903,59,31,108,108000000,31,108,108000000,1,0,0,13046,5189,1972,0,0,SEARCH_CUTOFF,3,0,0,0,-1,-1,-1,-1,-1,845,37471,845,3753,0,1017,0,2037,0,0,168,570,1115,2846,47.1664,298830,42,TASKBR_VACANCY_V1,69939,10257,69939,59682,80196,74.4202,570,67129,23820,43801,43801,67129,66979,65439,65439,65439,0,0,0,0,0,0,0,65439,93432,8,BOTTLENECK_TARGET_FRONTIER_CONTINUITY_V2,47.4365,16.8592,59.3776,15.3653,24.0717,20539,330,20538,0,257,2787,40755,23820,65927,0,198,0,4342.18,3655856,240680,1370.38,3349,0,0,,,,,,,,,,,,,,,,,,,,,,,,,,,,,,,,,,,,,,,,,,,,,,8984.37,8984.42,68b1e0f47856cd3b41b9b3e51f826efcb2f5408daeee70f5ebfa2cd1c1a9e6e5,9.011,ok,
g3_dmedium_asurplus_pcross_heavy_gshared_pool_seed0,warehouse_random_factorial,carrier,1,19,108.0,108000000,33,59,16,0,0.1447,20,19,108,108000000,19,108,108000000,1,0,0,29536,53619,187870,0,0,SEARCH_CUTOFF,0,1,0,0,-1,108,-1,19,-1,70,17518,70,666,0,95,0,187,0,0,78,136,83,184,3.79279,19320,57,TASKBR_VACANCY_V1,27681,3758,27681,23923,31439,76.0934,0,22595,3752,18761,18761,22595,22591,22591,22591,22591,0,0,0,0,0,0,0,22591,182165,8,BOTTLENECK_TARGET_FRONTIER_CONTINUITY_V2,35.8366,15.2558,51.5438,9.50699,43.3934,7328,13,7327,0,22,173,18564,3752,32517,0,0,0,1681.85,832896,100196,443.055,2,0,0,,,,,,,,,,,,,,,,,,,,,,,,,,,,,,,,,,,,,,,,,,,,,,8668.6,8668.65,6b9ff2e5910c13497fdb36cd81400b10ac2c485e6ab44b9cbd32aef567d77825,8.688,ok,
g3_dmedium_asurplus_pcross_heavy_gsingleton_seed0,warehouse_random_factorial,carrier,1,41,169.0,169000000,64,89,16,0,0.1301,75,41,169,169000000,41,169,169000000,1,0,0,35596,35,415,0,0,SEARCH_CUTOFF,0,0,0,0,-1,-1,-1,-1,-1,106,16778,106,817,0,187,0,237,45,29,2717,710,91,272,4.99184,28560,1258,TASKBR_VACANCY_V1,16997,6827,16997,10231,23880,42.8434,0,5989,5794,18341,18341,6033,6024,6024,6024,6024,0,0,0,0,0,0,0,6024,62275,8,BOTTLENECK_TARGET_FRONTIER_CONTINUITY_V2,25.2738,4.39037,15.3691,3.16052,18.3084,12527,12509,8852,0,47,268,18024,5794,22948,0,0,0,2104.9,7998631,36967,1064.64,0,45,6,,,,,,,,,,,,,,,,,,,,,,,,,,,,,,,,,,,,,,,,,,,,,,8648.5,8648.56,b135900538f4408b2e8de8c70c7649809b856d2c5052c398808b64817e8e453e,8.672,ok,
g3_dmedium_asurplus_plocal_gshared_pool_seed0,warehouse_random_factorial,carrier,1,12,72.0,72000000,19,37,16,0,0.1319,15,12,72,72000000,12,72,72000000,1,0,0,16021,36922,167581,0,0,SEARCH_CUTOFF,0,1,0,0,-1,72,-1,12,-1,78,16485,78,751,0,106,0,268,0,0,0,7,113,281,4.82879,29505,0,TASKBR_VACANCY_V1,42572,3440,42572,39132,46012,85.0474,0,35431,14504,17431,17431,35431,35426,35426,35426,35426,0,0,0,0,0,0,0,35426,156049,8,BOTTLENECK_TARGET_FRONTIER_CONTINUITY_V2,44.2688,19.2775,74.3148,12.5989,80.0433,6187,34,6185,0,4,106,17319,14504,32275,0,0,0,2645.62,5998600,139426,1325.18,5280,0,0,,,,,,,,,,,,,,,,,,,,,,,,,,,,,,,,,,,,,,,,,,,,,,8651.97,8652.02,2916786ca2e4e360f7796b1f28409225f3835dae9df831f78a561e7bd5510028,8.671,ok,
g3_dmedium_asurplus_plocal_gsingleton_seed0,warehouse_random_factorial,carrier,1,15,89.0,89000000,40,33,16,0,0.2222,27,15,89,89000000,15,89,89000000,1,0,0,53748,230,1078,0,0,SEARCH_CUTOFF,0,0,0,0,-1,-1,-1,-1,-1,350,16996,350,1040,0,802,0,296,11,11,6,76,1086,743,16.2228,78015,26,TASKBR_VACANCY_V1,39,15,39,27,54,50,83,3555,21,17390,17390,3555,86,86,86,86,0,0,0,0,0,0,0,86,150,8,BOTTLENECK_TARGET_FRONTIER_CONTINUITY_V2,20.7726,0.039767,0.261872,0.037491,0.235158,17377,17371,12069,0,18,185,17185,21,54270,0,0,0,2536.27,8547209,134482,1445.15,0,0,3,,,,,,,,,,,,,,,,,,,,,,,,,,,,,,,,,,,,,,,,,,,,,,8653.2,8653.26,02a9f8ba5be7f034a678e6ee4a8fa1da198b6db91175b856717d4d995009df04,8.674,ok,
g3_dmedium_asurplus_pmixed_gshared_pool_seed0,warehouse_random_factorial,carrier,1,13,82.0,82000000,27,39,16,0,0.1731,13,13,82,82000000,13,82,82000000,1,0,0,12375,1565,8112,0,0,SEARCH_CUTOFF,0,1,0,0,-1,82,-1,13,-1,3549,1745,3549,22856,0,6043,0,11970,266,266,18559,7567,7399,8527,191.197,895335,359,TASKBR_VACANCY_V1,6329,600,6329,5779,7004,82.51,3283,5583,244,5304,5304,5608,5602,5602,5602,5602,0,0,0,0,0,0,0,5602,34927,8,BOTTLENECK_TARGET_FRONTIER_CONTINUITY_V2,13.3791,5.08207,14.6103,2.98879,8.6805,2841,5,2837,0,1,17,5284,244,21252,0,0,0,7993.69,1833915,42399,492.101,0,0,0,,,,,,,,,,,,,,,,,,,,,,,,,,,,,,,,,,,,,,,,,,,,,,8539.72,8539.78,0f1abe0446e22d775b72108e8a4eb0cd8db80f88d45167c58c5b0d0bc1e7fdfe,8.554,ok,
g3_dmedium_asurplus_pmixed_gsingleton_seed0,warehouse_random_factorial,carrier,1,14,75.0,75000000,36,23,16,0,0.2143,16,14,75,75000000,14,75,75000000,1,0,0,52112,18,191,0,0,SEARCH_CUTOFF,0,0,0,0,-1,-1,-1,-1,-1,79,18645,79,156,0,150,0,48,0,0,40,20,186,168,3.05083,17640,10,TASKBR_VACANCY_V1,25,7,25,18,32,56.25,0,70,22,18850,18850,70,60,60,60,60,0,0,0,0,0,0,0,60,92,8,BOTTLENECK_TARGET_FRONTIER_CONTINUITY_V2,21.4854,0.025903,0.195432,0.024722,0.312516,18843,18839,13675,0,19,191,18638,22,43419,0,0,0,1505.09,2597379,74329,586.542,0,0,0,,,,,,,,,,,,,,,,,,,,,,,,,,,,,,,,,,,,,,,,,,,,,,8653.48,8653.53,669c2783b2162de7ced08ae413f3a33b8add38cf46f1f221ab1b696f5cd3c22c,8.676,ok,
g4_dhigh_abaseline_pcross_heavy_gshared_pool_seed0,warehouse_random_factorial,carrier,1,34,222.0,222000000,68,127,26,0,0.25,100,34,222,222000000,34,222,222000000,1,0,0,0,21692,74610,0,0,SEARCH_CUTOFF,5,1,0,0,-1,222,-1,34,-1,51,9,51,2329,0,191,13,417,29,7,2706,1370,43,348,7.07601,50112,1627,TASKBR_VACANCY_V1,418,94,418,357,535,66.729,0,32876,6810,18119,18119,32914,32903,32868,32868,32868,0,0,0,0,0,0,0,32868,128305,12,BOTTLENECK_TARGET_FRONTIER_CONTINUITY_V2,45.3951,16.3904,58.5666,10.6515,24.317,6519,3,6523,0,24,234,17859,6810,157,0,0,0,2328.34,375831,36587,271.788,2004,0,0,,,,,,,,,,,,,,,,,,,,,,,,,,,,,,,,,,,,,,,,,,,,,,8655.67,8655.75,28c2bc307ac8eadf0b7813cba3d0f620d4f00bc94c6827d33604577e65a42104,8.676,ok,
g4_dhigh_abaseline_pcross_heavy_gsingleton_seed0,warehouse_random_factorial,carrier,1,118,340.0,340000000,151,157,28,1,0.16,350,118,340,340000000,118,340,340000000,1,0,0,51327,126,1091,0,0,SEARCH_CUTOFF,12,0,0,0,-1,-1,-1,-1,-1,139,11919,139,1965,0,285,0,467,80,48,428,840,231,419,13.8715,60336,250,TASKBR_VACANCY_V1,438,138,438,399,646,61.7647,0,579,126,17425,17425,670,656,576,576,576,0,0,0,0,0,0,0,576,1684,12,BOTTLENECK_TARGET_FRONTIER_CONTINUITY_V2,20.6837,0.270074,1.63674,0.296491,2.7546,17344,17174,8645,0,284,267,16872,126,12207,0,0,0,2500.16,1436565,18004,304.753,15,2,0,,,,,,,,,,,,,,,,,,,,,,,,,,,,,,,,,,,,,,,,,,,,,,8649.54,8649.64,c2761d1cd4008e4b7b675151de50a1584623ca948b0ebb070b46b55c2ab1e651,8.675,ok,
g4_dhigh_abaseline_plocal_gshared_pool_seed0,warehouse_random_factorial,carrier,1,25,169.0,169000000,55,90,24,0,0.275,67,25,169,169000000,25,169,169000000,1,0,0,29436,49702,91971,0,0,SEARCH_CUTOFF,4,1,0,0,-1,169,-1,25,-1,83,16031,83,1553,0,152,0,356,2,2,569,192,105,288,9.0641,41472,69,TASKBR_VACANCY_V1,23212,2223,23212,20993,25435,82.5359,0,24194,2757,16842,16842,24196,19822,19820,19820,19820,0,0,0,0,0,0,0,19820,87710,12,BOTTLENECK_TARGET_FRONTIER_CONTINUITY_V2,33.0408,12.0677,39.6051,7.61494,31.5588,5766,26,5765,0,6,120,16714,2757,30097,0,0,0,2682.11,1718926,99312,618.162,5,0,0,,,,,,,,,,,,,,,,,,,,,,,,,,,,,,,,,,,,,,,,,,,,,,8655.51,8655.59,5416113f84c5b0322f89f9919c28a10814f44a154cee0e731ee4ccd057ec20fd,8.676,ok,
g4_dhigh_abaseline_plocal_gsingleton_seed0,warehouse_random_factorial,carrier,1,31,190.0,190000000,82,78,26,0,0.3306,196,31,190,190000000,31,190,190000000,1,0,0,67860,34,274,0,0,SEARCH_CUTOFF,1,0,0,0,-1,-1,-1,-1,-1,244,14959,244,2108,0,402,0,653,84,6,222,1084,439,1072,27.9589,154368,292,TASKBR_VACANCY_V1,21823,6626,21823,15273,29559,51.6695,0,11439,8283,15785,15785,11915,8606,8562,8562,8562,0,0,0,216,0,0,0,8562,36713,12,BOTTLENECK_TARGET_FRONTIER_CONTINUITY_V2,24.9189,4.78859,17.9465,3.43663,12.9518,8708,8700,4060,0,26,234,15523,8283,34004,0,0,0,3337.02,4491284,96701,892.241,8,0,0,,,,,,,,,,,,,,,,,,,,,,,,,,,,,,,,,,,,,,,,,,,,,,8650.62,8650.7,ded4fea074c10c2dfc2109524b27db1ad033cee0587c9a306fc907212154ceb3,8.674,ok,
g4_dhigh_abaseline_pmixed_gshared_pool_seed0,warehouse_random_factorial,carrier,1,27,174.0,174000000,60,90,24,0,0.2778,78,27,174,174000000,27,174,174000000,1,0,0,90468,25,223,0,0,SEARCH_CUTOFF,10,1,0,0,-1,174,-1,27,-1,70,16023,70,1877,0,106,0,313,0,0,975,730,71,318,8.10727,45792,922,TASKBR_VACANCY_V1,8715,2008,8715,6707,10723,62.5478,0,4027,3746,16968,16968,4027,4005,4005,4005,4005,0,0,0,0,0,0,0,4005,21198,12,BOTTLENECK_TARGET_FRONTIER_CONTINUITY_V2,23.27,2.69007,9.02836,1.91241,7.02656,13263,13245,5439,0,21,242,16703,3746,27480,0,0,0,2502.68,1363234,44103,383.57,6,0,0,,,,,,,,,,,,,,,,,,,,,,,,,,,,,,,,,,,,,,,,,,,,,,8648.86,8648.93,5611d3bc3944a3e2b63d5e26bac0cc33126dcdfd9a15c3b19f6695cfb3f554e0,8.674,ok,
g4_dhigh_abaseline_pmixed_gsingleton_seed0,warehouse_random_factorial,carrier,1,35,223.0,223000000,108,91,24,0,0.3857,233,35,223,223000000,35,223,223000000,1,0,0,17242,34,295,0,0,SEARCH_CUTOFF,1,0,0,0,-1,-1,-1,-1,-1,132,15691,132,1426,0,256,0,500,42,40,1038,307,196,463,14.2401,66672,351,TASKBR_VACANCY_V1,31817,16225,31817,15642,48076,32.536,0,7386,7110,16667,16667,7428,7408,7346,7346,7346,0,0,0,0,0,0,0,7346,36393,12,BOTTLENECK_TARGET_FRONTIER_CONTINUITY_V2,24.3957,4.44478,14.8255,2.95388,11.1808,10452,10430,7314,0,27,275,16363,7110,32158,0,0,0,2852.93,1708854,76308,523.876,14,0,2,,,,,,,,,,,,,,,,,,,,,,,,,,,,,,,,,,,,,,,,,,,,,,8664.02,8664.09,70024a2ab89a3b6f8e393604480bc44d74043466fbd3b81c5b0374b9e64e9134,8.685,ok,
g4_dhigh_aequal_pcross_heavy_gshared_pool_seed0,warehouse_random_factorial,carrier,1,31,201.0,201000000,81,93,26,0,0.2177,89,35,211,211000000,31,201,201000000,1,1,1,0,6,77,0,0,STRICT_IMPROVEMENT,2,1,1,1,233,211,201,35,31,60,9,60,2216,0,181,15,270,24,12,395,315,56,368,8.07349,52992,618,TASKBR_VACANCY_V1,270,110,270,183,401,45.6359,0,247,60,77,77,279,265,250,250,250,0,0,0,0,0,0,0,250,423,12,BOTTLENECK_TARGET_FRONTIER_CONTINUITY_V2,0.33395,0.133165,0.747641,0.115251,0.97393,40,31,30,0,14,8,53,60,188,0,0,0,202.126,150361,416,23.5317,6,1,4,,,,,,,,,,,,,,,,,,,,,,,,,,,,,,,,,,,,,,,,,,,,,,239.904,239.971,4f11cd3af140f75a34d8746c29cf52245bcba58a294c6da14be9ee3e291030da,0.25,ok,
g4_dhigh_aequal_pcross_heavy_gsingleton_seed0,warehouse_random_factorial,carrier,1,36,262.0,262000000,109,123,26,0,0.2523,152,36,262,262000000,36,262,262000000,1,0,0,84920,30,388,0,0,SEARCH_CUTOFF,4,0,0,0,-1,-1,-1,-1,-1,68,13648,68,1366,0,223,0,256,54,36,308,632,151,235,7.18673,33840,114,TASKBR_VACANCY_V1,5129,96,5129,5099,5275,96.6635,0,3949,3722,16174,16174,4012,4000,3983,3983,3983,0,0,0,0,0,0,0,3983,38380,12,BOTTLENECK_TARGET_FRONTIER_CONTINUITY_V2,29.7911,3.67894,11.3766,2.22675,11.1582,12462,12446,5887,0,28,266,15878,3722,20193,0,0,0,2755.68,3671963,32687,684.78,11,22,4,,,,,,,,,,,,,,,,,,,,,,,,,,,,,,,,,,,,,,,,,,,,,,8650.87,8650.95,c550a3dfda0f5f6a8aa33f215623abdaabf20f287e566a5e72520e9b1cb4dede,8.678,ok,
g4_dhigh_aequal_plocal_gshared_pool_seed0,warehouse_random_factorial,carrier,1,20,175.0,175000000,55,96,24,0,0.2292,54,20,175,175000000,20,175,175000000,1,0,0,38914,1572,3958,0,0,SEARCH_CUTOFF,0,1,0,0,-1,175,-1,20,-1,1071,8804,1071,6177,0,1687,0,3407,4,4,1050,3676,2107,2751,113.066,396144,558,TASKBR_VACANCY_V1,15644,1938,15644,13717,17582,78.0173,799,13916,5110,9884,9884,13922,11949,11949,11949,11949,0,0,0,0,0,0,0,11949,62664,12,BOTTLENECK_TARGET_FRONTIER_CONTINUITY_V2,24.1613,9.14387,29.5835,5.86029,20.4338,4653,367,4646,0,2,23,9857,5110,42907,0,0,0,6353.22,2326773,77820,776.751,1611,0,0,,,,,,,,,,,,,,,,,,,,,,,,,,,,,,,,,,,,,,,,,,,,,,8601.82,8601.9,ebfbd743ff201d60571dbb198c270ab67281988f6148be0905862c36f9110bdc,8.621,ok,
g4_dhigh_aequal_plocal_gsingleton_seed0,warehouse_random_factorial,carrier,1,22,200.0,200000000,78,86,30,0,0.2955,123,22,200,200000000,22,200,200000000,1,0,0,14250,33556,154705,0,0,SEARCH_CUTOFF,8,0,0,0,-1,-1,-1,-1,-1,44,13188,44,742,0,117,0,217,32,0,202,1201,117,249,5.56165,35856,345,TASKBR_VACANCY_V1,24402,3271,24402,21158,27726,76.311,0,23030,24084,16119,16119,23075,23059,23023,23023,23023,0,0,0,0,0,0,0,23023,159907,12,BOTTLENECK_TARGET_FRONTIER_CONTINUITY_V2,38.1239,15.0947,56.0946,9.67021,59.7251,5907,8,2908,0,21,132,15964,24084,18786,0,0,0,2861.71,420515,68507,325.511,8652,0,0,,,,,,,,,,,,,,,,,,,,,,,,,,,,,,,,,,,,,,,,,,,,,,8652.55,8652.63,972cd2cd056d7456dccdf63ca1d7bc72de6409697731a1748ed4c0614d5f560a,8.673,ok,
g4_dhigh_aequal_pmixed_gshared_pool_seed0,warehouse_random_factorial,carrier,1,24,196.0,196000000,60,112,24,0,0.2083,68,24,196,196000000,24,196,196000000,1,0,0,130291,62,498,0,0,SEARCH_CUTOFF,4,1,0,0,-1,196,-1,24,-1,349,13912,349,3884,0,473,0,961,2,2,3311,291,500,1074,37.3583,154656,1684,TASKBR_VACANCY_V1,19970,8718,19970,11255,28690,39.2297,73,5939,5600,14365,14365,5939,5838,5838,5838,5838,0,0,0,0,0,0,0,5838,41818,12,BOTTLENECK_TARGET_FRONTIER_CONTINUITY_V2,24.4164,5.09455,15.93,2.9273,8.17439,9315,9303,3909,0,19,166,14178,5600,43740,0,0,0,3930.71,5341896,104796,1213.05,0,0,0,,,,,,,,,,,,,,,,,,,,,,,,,,,,,,,,,,,,,,,,,,,,,,8654.54,8654.63,185a1a7d13dad14be29815ac94fddaccc154e006c0b0ac068e3d97a977b12570,8.684,ok,
g4_dhigh_aequal_pmixed_gsingleton_seed0,warehouse_random_factorial,carrier,1,31,236.0,236000000,110,102,24,0,0.2957,156,31,236,236000000,31,236,236000000,1,0,0,45317,282,1342,0,0,SEARCH_CUTOFF,6,0,0,0,-1,-1,-1,-1,-1,127,15440,127,1443,0,334,0,447,56,52,2462,477,283,377,13.5362,54288,430,TASKBR_VACANCY_V1,15790,119,15790,15745,15949,98.7209,0,16463,58,16285,16285,16517,16483,16483,16483,16483,0,0,0,0,0,0,0,16483,143792,12,BOTTLENECK_TARGET_FRONTIER_CONTINUITY_V2,34.7031,13.8155,39.3983,8.83601,19.7743,7614,16,7607,0,25,205,16053,58,32210,0,0,0,2949.36,1615977,103147,683.117,19,0,11,,,,,,,,,,,,,,,,,,,,,,,,,,,,,,,,,,,,,,,,,,,,,,8661.59,8661.66,66c30b0a948e3b02508aaede7d44bbdb31e47414841cffd3a0b1a7cf823df56c,8.686,ok,
g4_dhigh_ascarce_pcross_heavy_gshared_pool_seed0,warehouse_random_factorial,carrier,1,44,236.0,236000000,68,141,26,0,0.2576,113,44,236,236000000,44,236,236000000,1,0,0,6781,11,76,0,0,SEARCH_CUTOFF,15,1,0,0,-1,236,-1,44,-1,112,14957,112,2566,0,259,12,728,31,7,2747,2255,123,580,14.1453,83520,2410,TASKBR_VACANCY_V1,53911,3382,53911,50561,57316,88.2145,0,53420,17428,16585,16585,53459,53447,53408,53408,53408,0,0,0,0,0,0,0,53408,62805,12,BOTTLENECK_TARGET_FRONTIER_CONTINUITY_V2,48.1078,15.5988,78.2675,15.3476,54.899,11738,10,11744,0,4,54,16525,17428,26157,0,1,0,4085.33,2191287,132633,1040.14,12163,0,0,,,,,,,,,,,,,,,,,,,,,,,,,,,,,,,,,,,,,,,,,,,,,,8655.92,8655.99,7da55ebbbef1fb9b2ddb047aafbce197450ad065378e28649441a2a7c0f13a75,8.673,ok,
g4_dhigh_ascarce_pcross_heavy_gsingleton_seed0,warehouse_random_factorial,carrier,1,49,277.0,277000000,111,136,26,0,0.3776,380,49,277,277000000,49,277,277000000,1,0,0,7133,54,355,0,0,SEARCH_CUTOFF,12,0,0,0,-1,-1,-1,-1,-1,313,13956,313,3568,0,742,0,895,80,50,473,952,703,1092,33.0018,157248,321,TASKBR_VACANCY_V1,24273,5910,24273,18469,30244,61.0667,13,10002,9512,14567,14567,10096,10085,9995,9995,9995,0,0,0,0,0,0,0,9995,22559,12,BOTTLENECK_TARGET_FRONTIER_CONTINUITY_V2,21.4944,6.08171,17.0657,3.82595,9.52384,6979,6947,4883,0,4,102,14459,9512,35707,0,1,0,4027.3,7279103,109272,1555,25,0,0,,,,,,,,,,,,,,,,,,,,,,,,,,,,,,,,,,,,,,,,,,,,,,8609.8,8609.88,28f77af131cbc966d9dff58d7085cdd3f281fbe160b2dc3e5c47f8ddb3cb664e,8.626,ok,
g4_dhigh_ascarce_plocal_gshared_pool_seed0,warehouse_random_factorial,carrier,1,44,230.0,230000000,55,151,24,0,0.2083,94,44,230,230000000,44,230,230000000,1,0,0,2172,21919,12049,0,0,SEARCH_CUTOFF,18,1,0,0,-1,230,-1,44,-1,59,15507,59,1834,0,110,0,405,4,4,3336,189,35,269,7.45438,38736,1060,TASKBR_VACANCY_V1,31422,61,31422,31369,31483,99.6379,0,30566,9440,16493,16493,30570,30563,30559,30559,30559,0,0,0,0,0,0,0,30559,71234,12,BOTTLENECK_TARGET_FRONTIER_CONTINUITY_V2,39.8222,14.3596,48.6211,10.0698,36.5292,7679,6,5883,0,22,188,16281,9440,15616,0,0,0,3099.04,1606306,77483,686.663,3270,0,0,,,,,,,,,,,,,,,,,,,,,,,,,,,,,,,,,,,,,,,,,,,,,,8618.22,8618.32,e63e7ce7e64d76d3c6b52dd8806e03cb0731a0a7e114ebc6d37d0166886c4c4e,8.635,ok,
g4_dhigh_ascarce_plocal_gsingleton_seed0,warehouse_random_factorial,carrier,1,54,262.0,262000000,85,144,28,0,0.2623,320,56,264,264000000,54,262,262000000,1,1,1,0,56,381,1,1,REFERENCE_SUFFIX_ACCEPTED,16,0,0,0,-1,-1,-1,-1,-1,96,8,96,1564,0,128,0,727,178,6,918,1106,122,556,12.159,80064,350,TASKBR_VACANCY_V1,566,32,566,717,791,90.6448,0,652,149,121,121,725,711,646,646,646,0,0,0,0,0,0,0,646,695,12,BOTTLENECK_TARGET_FRONTIER_CONTINUITY_V2,0.647619,0.279299,2.11602,0.395241,1.89278,63,23,68,0,19,8,92,149,184,0,0,0,635.012,195599,739,30.4807,32,0,0,,,,,,,,,,,,,,,,,,,,,,,,,,,,,,,,,,,,,,,,,,,,,,682.195,682.26,1d934accb54f4a3ab503769e4af3a2e280839351021ab1c7423bdb9be34710cf,0.692,ok,
g4_dhigh_ascarce_pmixed_gshared_pool_seed0,warehouse_random_factorial,carrier,1,39,213.0,213000000,60,129,24,0,0.2564,103,39,213,213000000,39,213,213000000,1,0,0,17107,46741,10737,0,0,SEARCH_CUTOFF,20,1,0,0,-1,213,-1,39,-1,150,16000,150,2286,0,210,0,663,0,0,300,114,183,618,17.4362,88992,320,TASKBR_VACANCY_V1,28422,4257,28422,24165,32679,73.9466,0,29103,4301,16882,16882,29103,21531,21531,21531,21531,0,0,0,0,0,0,0,21531,52347,12,BOTTLENECK_TARGET_FRONTIER_CONTINUITY_V2,28.0099,9.33357,30.1006,6.84074,12.2826,6795,47,6792,0,5,92,16783,4301,32166,0,2,0,3054.95,1340010,120604,733.644,6,0,0,,,,,,,,,,,,,,,,,,,,,,,,,,,,,,,,,,,,,,,,,,,,,,8635.09,8635.17,6bf3b6f56a62ab98b720c05ebb86616a38d3a90de0dd22f42b940f045596bdd6,8.654,ok,
g4_dhigh_ascarce_pmixed_gsingleton_seed0,warehouse_random_factorial,carrier,1,46,239.0,239000000,108,107,24,0,0.3913,330,46,239,239000000,46,239,239000000,1,0,0,9857,44,300,0,0,SEARCH_CUTOFF,9,0,0,0,-1,-1,-1,-1,-1,110,15299,110,1720,0,225,0,592,54,52,1759,110,159,397,12.0226,57168,361,TASKBR_VACANCY_V1,12765,128,12765,12710,12936,98.2529,0,8444,8018,18533,18533,8503,8482,8423,8423,8423,0,0,0,0,0,0,0,8423,30732,12,BOTTLENECK_TARGET_FRONTIER_CONTINUITY_V2,25.0562,4.29189,14.8669,3.11073,5.20771,11393,11363,6859,0,27,297,18207,8018,24436,0,1,0,3235.99,2345311,51744,553.408,24,0,0,,,,,,,,,,,,,,,,,,,,,,,,,,,,,,,,,,,,,,,,,,,,,,8630.51,8630.59,ee8eda530c0e1d2ae3e73869ea0cf44ec368be96e9703a63654f411855680f11,8.648,ok,
g4_dhigh_asurplus_pcross_heavy_gshared_pool_seed0,warehouse_random_factorial,carrier,1,22,166.0,166000000,70,69,26,0,0.1768,66,22,166,166000000,22,166,166000000,1,0,0,100589,19,358,0,0,SEARCH_CUTOFF,1,1,0,0,-1,166,-1,22,-1,167,13960,167,2147,0,333,0,381,12,4,995,375,342,575,17.9032,82800,512,TASKBR_VACANCY_V1,20207,5103,20207,15119,25322,59.707,0,9611,7057,14227,14227,9626,7229,7229,7229,7229,0,0,0,0,0,0,0,7229,92775,12,BOTTLENECK_TARGET_FRONTIER_CONTINUITY_V2,30.7907,6.70333,26.3532,4.16875,38.4353,7965,7957,5550,0,18,143,14064,7057,34975,0,0,0,3728.18,9409042,104231,1555.05,0,9,0,,,,,,,,,,,,,,,,,,,,,,,,,,,,,,,,,,,,,,,,,,,,,,8637.97,8638.05,eb330fa8536f74a6a78fba6d83097c0984f113923da22c10ca548d5ace90deee,8.665,ok,
g4_dhigh_asurplus_pcross_heavy_gsingleton_seed0,warehouse_random_factorial,carrier,1,30,209.0,209000000,111,74,24,0,0.2056,106,30,209,209000000,30,209,209000000,1,0,0,135613,281,3047,0,0,SEARCH_CUTOFF,0,0,0,0,-1,-1,-1,-1,-1,2993,8999,2993,13539,0,7170,0,4312,549,531,9505,3219,8652,7665,295.012,1103760,2636,TASKBR_VACANCY_V1,7471,2713,7471,4982,10314,48.3033,2711,2648,2648,12049,12049,2858,2845,2845,2845,2845,0,0,0,0,0,0,0,2845,37231,12,BOTTLENECK_TARGET_FRONTIER_CONTINUITY_V2,25.5908,2.80981,11.7924,1.83912,17.043,9479,9471,5624,0,47,325,11675,2648,38777,0,0,0,5882.71,7996896,89730,1630.63,0,50,0,,,,,,,,,,,,,,,,,,,,,,,,,,,,,,,,,,,,,,,,,,,,,,8659.32,8659.41,971db8bce8f04d2458ff8c61af91541608f8c66a3f90dc4651ec9bc838c39741,8.687,ok,
g4_dhigh_asurplus_plocal_gshared_pool_seed0,warehouse_random_factorial,carrier,1,20,143.0,143000000,55,64,24,0,0.1528,52,20,143,143000000,20,143,143000000,1,0,0,95360,1351,5979,0,0,SEARCH_CUTOFF,0,1,0,0,-1,143,-1,20,-1,984,12481,984,7455,0,2926,0,2079,0,0,448,6116,3311,2738,104.774,394272,4931,TASKBR_VACANCY_V1,22199,680,22199,21519,22879,94.0557,711,20060,8000,13512,13512,20060,18000,18000,18000,18000,0,0,0,0,0,0,0,18000,181665,12,BOTTLENECK_TARGET_FRONTIER_CONTINUITY_V2,40.4589,14.9147,64.8028,10.156,78.3329,6082,131,6074,0,14,131,13365,8000,44568,0,0,0,5394.55,6675995,108037,1631.25,2084,0,0,,,,,,,,,,,,,,,,,,,,,,,,,,,,,,,,,,,,,,,,,,,,,,8655.08,8655.17,695bfdec7a56b85929da1d8e8ba45c288e2d657d019c105a3bc96f24f5c4f750,8.682,ok,
g4_dhigh_asurplus_plocal_gsingleton_seed0,warehouse_random_factorial,carrier,1,25,184.0,184000000,87,64,28,0,0.1933,66,25,184,184000000,25,184,184000000,1,0,0,7784,27246,260221,0,0,SEARCH_CUTOFF,0,0,0,0,-1,-1,-1,-1,-1,44,12954,44,510,0,131,0,114,20,0,34,136,131,189,4.8285,27216,28,TASKBR_VACANCY_V1,90,15,90,93,135,68.8889,0,6622,66,16245,16245,6656,175,175,175,175,0,0,0,3,0,0,0,175,474,12,BOTTLENECK_TARGET_FRONTIER_CONTINUITY_V2,29.2847,0.103832,0.708101,0.074583,0.770008,16214,16210,9320,0,13,27,16203,66,13183,0,0,0,2336.55,202868,16512,141.548,3,0,0,,,,,,,,,,,,,,,,,,,,,,,,,,,,,,,,,,,,,,,,,,,,,,8625.35,8625.45,378d3041c5f029ce42c99ab7f9567eae37365f81e283a228bd52fe8cb8382191,8.647,ok,
g4_dhigh_asurplus_pmixed_gshared_pool_seed0,warehouse_random_factorial,carrier,1,21,139.0,139000000,60,55,24,0,0.1587,51,21,139,139000000,21,139,139000000,1,0,0,78845,17,284,0,0,SEARCH_CUTOFF,0,1,0,0,-1,139,-1,21,-1,171,14136,171,2318,0,330,4,367,13,13,299,29,293,570,18.2687,82080,330,TASKBR_VACANCY_V1,6942,1837,6942,6869,8779,78.2435,0,2664,3361,14601,14601,3494,3479,3479,3479,3479,0,0,0,0,0,0,0,3479,50470,12,BOTTLENECK_TARGET_FRONTIER_CONTINUITY_V2,26.9087,2.93798,11.8947,2.20316,4.46251,11249,11243,5412,0,22,222,14355,3361,35581,0,0,0,3685.93,12154550,87941,1786.08,0,2,0,,,,,,,,,,,,,,,,,,,,,,,,,,,,,,,,,,,,,,,,,,,,,,8655.69,8655.78,7e9a70e94a9df07910dc94a415f6e5344ddeaf7ae8f0f16b326aa363f9d9e371,8.679,ok,
g4_dhigh_asurplus_pmixed_gsingleton_seed0,warehouse_random_factorial,carrier,1,57,268.0,268000000,151,80,32,1,0.1472,124,58,268,268000000,57,268,268000000,1,1,1,3,59,1038,1,1,REFERENCE_SUFFIX_ACCEPTED,32,0,0,0,-1,-1,-1,-1,-1,84,13,84,1260,0,270,0,233,52,40,1016,273,206,308,9.05518,44352,233,TASKBR_VACANCY_V1,228,105,228,192,387,49.6124,0,199,85,124,124,253,244,244,244,244,0,0,0,0,0,0,0,244,1233,12,BOTTLENECK_TARGET_FRONTIER_CONTINUITY_V2,0.431062,0.165916,0.923528,0.150822,1.10792,69,57,50,0,33,8,81,85,324,0,0,0,208.381,337253,638,48.3605,27,12,2,,,,,,,,,,,,,,,,,,,,,,,,,,,,,,,,,,,,,,,,,,,,,,257.604,257.683,56709d5536a72732bbf95ee4902cdec5ef6009df7ad694174eef367e936b0cb6,0.268,ok,
g4_dlow_abaseline_pcross_heavy_gshared_pool_seed0,warehouse_random_factorial,carrier,1,33,199.0,199000000,63,112,24,0,0.2386,68,33,199,199000000,33,199,199000000,1,0,0,10477,32075,81921,0,0,SEARCH_CUTOFF,5,1,0,0,-1,199,-1,33,-1,65,15268,65,2057,0,127,11,417,8,7,1404,51,39,354,7.53643,50976,56,TASKBR_VACANCY_V1,46208,81,46208,46135,46294,99.6565,0,46881,5892,17500,17500,46889,46877,46869,46869,46869,0,0,0,0,0,0,0,46869,104253,12,BOTTLENECK_TARGET_FRONTIER_CONTINUITY_V2,45.3902,19.9135,67.6588,12.7592,35.6126,5757,18,5759,0,27,209,17262,5892,22042,0,0,0,2548.5,6128243,135621,1334.41,15,0,0,,,,,,,,,,,,,,,,,,,,,,,,,,,,,,,,,,,,,,,,,,,,,,8650.99,8651.07,eeea38027e84c60957f9515d05f6077e4df5c5fec583b637d7bd44993488141b,8.671,ok,
g4_dlow_abaseline_pcross_heavy_gsingleton_seed0,warehouse_random_factorial,carrier,1,40,256.0,256000000,110,119,26,0,0.3438,170,40,256,256000000,40,256,256000000,1,0,0,44835,31,277,0,0,SEARCH_CUTOFF,7,0,0,0,-1,-1,-1,-1,-1,2214,10684,2214,14971,0,4258,0,5232,286,264,956,1143,4795,5075,190.792,730800,476,TASKBR_VACANCY_V1,18832,9568,18832,9353,29931,31.2485,1923,8479,4605,12948,12948,8551,4999,4941,4941,4941,0,0,0,0,0,0,0,4941,17409,12,BOTTLENECK_TARGET_FRONTIER_CONTINUITY_V2,19.4114,3.38978,10.3087,2.20365,4.46197,8782,8764,5539,0,25,202,12719,4605,44431,0,0,0,5349.94,7622054,101765,1432.56,13,0,0,,,,,,,,,,,,,,,,,,,,,,,,,,,,,,,,,,,,,,,,,,,,,,8635.17,8635.27,c2a0ae5649cc3c9b806a1893a7369c6b623fec6269433d4fb0fbbbaa53691cd0,8.658,ok,
g4_dlow_abaseline_plocal_gshared_pool_seed0,warehouse_random_factorial,carrier,1,28,172.0,172000000,51,97,24,0,0.2277,51,28,172,172000000,28,172,172000000,1,0,0,11018,67,446,0,0,SEARCH_CUTOFF,4,1,0,0,-1,172,-1,28,-1,206,17834,206,1868,0,194,0,526,0,0,238,209,215,572,18.3582,82368,53,TASKBR_VACANCY_V1,11989,6261,11989,5728,18250,31.3863,0,3139,2832,18403,18403,3139,3107,3107,3107,3107,0,0,0,0,0,0,0,3107,16107,12,BOTTLENECK_TARGET_FRONTIER_CONTINUITY_V2,21.6585,1.93047,6.59321,1.26645,4.43455,15603,15583,10089,0,28,293,18080,2832,40535,0,0,0,2105.54,3904433,83312,738.17,14,0,0,,,,,,,,,,,,,,,,,,,,,,,,,,,,,,,,,,,,,,,,,,,,,,8651.05,8651.12,09ebb6a6858c90d22c49540a9e4aac57036929444dd4c9476c35c149bbacc8c5,8.673,ok,
g4_dlow_abaseline_plocal_gsingleton_seed0,warehouse_random_factorial,carrier,1,28,185.0,185000000,72,89,24,0,0.3214,118,28,185,185000000,28,185,185000000,1,0,0,9967,31697,80176,0,0,SEARCH_CUTOFF,8,0,0,0,-1,-1,-1,-1,-1,144,17573,144,1478,0,185,0,531,6,6,100,830,217,584,14.6584,84096,38,TASKBR_VACANCY_V1,32037,7206,32037,24839,39247,63.2889,0,25661,3649,18023,18023,25667,21904,21898,21898,21898,0,0,0,0,0,0,0,21898,90820,12,BOTTLENECK_TARGET_FRONTIER_CONTINUITY_V2,33.659,11.9807,39.6279,8.2064,15.9999,12026,51,12025,0,27,260,17734,3649,39534,0,0,0,2170.7,1762877,136945,736.528,9,0,0,,,,,,,,,,,,,,,,,,,,,,,,,,,,,,,,,,,,,,,,,,,,,,8658.57,8658.65,e841a85a65418c9a8eac7ad22b7e9329047b4e2caf3c8f300e7cb47cc0608948,8.68,ok,
g4_dlow_abaseline_pmixed_gshared_pool_seed0,warehouse_random_factorial,carrier,1,27,175.0,175000000,57,94,24,0,0.2639,53,27,175,175000000,27,175,175000000,1,0,0,11795,25,223,0,0,SEARCH_CUTOFF,11,1,0,0,-1,175,-1,27,-1,137,18035,137,1898,0,144,0,442,0,0,419,272,129,469,12.7203,67536,113,TASKBR_VACANCY_V1,11856,5718,11856,6138,17574,34.9266,0,3571,3282,18684,18684,3571,3541,3541,3541,3541,0,0,0,0,0,0,0,3541,18187,12,BOTTLENECK_TARGET_FRONTIER_CONTINUITY_V2,22.8391,2.29717,7.76689,1.46805,5.96474,15447,15429,8697,0,24,307,18351,3282,39282,0,0,0,1852.11,2355121,78561,564.724,6,0,0,,,,,,,,,,,,,,,,,,,,,,,,,,,,,,,,,,,,,,,,,,,,,,8659.63,8659.71,4310ec1f57fe39782eaa9a1bc7960ec18e3c13ef5e7536a43849b10b8ba54f6f,8.681,ok,
g4_dlow_abaseline_pmixed_gsingleton_seed0,warehouse_random_factorial,carrier,1,40,227.0,227000000,112,91,24,0,0.35,155,40,227,227000000,40,227,227000000,1,0,0,9240,32,286,0,0,SEARCH_CUTOFF,5,0,0,0,-1,-1,-1,-1,-1,181,16665,181,2475,0,332,0,569,68,42,1082,110,265,850,18.6973,122400,230,TASKBR_VACANCY_V1,26849,14078,26849,19112,57696,33.1253,0,10739,20909,17550,17550,14269,14251,14200,14200,14200,0,0,0,0,0,0,0,14200,68298,12,BOTTLENECK_TARGET_FRONTIER_CONTINUITY_V2,28.5696,7.99823,26.5534,5.57649,14.8498,2336,60,2335,0,12,125,17411,20909,34351,0,0,0,2642.34,5406388,105228,967.321,3497,0,3,,,,,,,,,,,,,,,,,,,,,,,,,,,,,,,,,,,,,,,,,,,,,,8653.41,8653.49,57e4f86345f5112bbac49e476ba868370aac06e9972da6d271471c19ef6e0606,8.673,ok,
g4_dlow_aequal_pcross_heavy_gshared_pool_seed0,warehouse_random_factorial,carrier,1,25,179.0,179000000,67,88,24,0,0.2233,56,29,181,181000000,25,179,179000000,1,1,1,0,6,77,0,0,STRICT_IMPROVEMENT,0,1,1,1,122,181,179,29,25,48,7,48,1651,0,128,14,222,9,8,442,26,44,242,5.33387,34848,69,TASKBR_VACANCY_V1,221,90,221,140,319,43.8871,0,221,50,63,63,229,217,217,217,217,0,0,0,0,0,0,0,217,383,12,BOTTLENECK_TARGET_FRONTIER_CONTINUITY_V2,0.264135,0.098677,0.751115,0.107184,0.854892,29,18,24,0,10,7,44,50,155,0,0,0,97.684,89002,346,15.4732,3,2,0,,,,,,,,,,,,,,,,,,,,,,,,,,,,,,,,,,,,,,,,,,,,,,124.18,124.247,6ddb3f9d06250eea9c3dc7c20ade65c1af744cf9c81f120e93703a1783fbc7b7,0.133,ok,
g4_dlow_aequal_pcross_heavy_gsingleton_seed0,warehouse_random_factorial,carrier,1,36,248.0,248000000,106,115,26,0,0.2454,90,36,248,248000000,36,248,248000000,1,0,0,29590,30,388,0,0,SEARCH_CUTOFF,3,0,0,0,-1,-1,-1,-1,-1,76,15822,76,1331,0,229,0,257,54,36,18,506,159,243,6.57416,34992,56,TASKBR_VACANCY_V1,11165,4998,11165,6242,16211,38.5047,0,8452,3634,18356,18356,8519,3913,3896,3896,3896,0,0,0,0,0,0,0,3896,37684,12,BOTTLENECK_TARGET_FRONTIER_CONTINUITY_V2,25.5483,3.3887,10.5748,2.20119,11.8006,14731,14713,6939,0,31,292,18031,3634,23422,0,0,0,1772.61,2257626,37054,554.001,12,30,4,,,,,,,,,,,,,,,,,,,,,,,,,,,,,,,,,,,,,,,,,,,,,,8636.97,8637.05,a5b7c7b3d038280166f51c4a8cedb42b8989bc34de26e6fe1214cf10ec3e1dcd,8.66,ok,
g4_dlow_aequal_plocal_gshared_pool_seed0,warehouse_random_factorial,carrier,1,21,171.0,171000000,51,96,24,0,0.2024,44,21,171,171000000,21,171,171000000,1,0,0,18861,60,696,0,0,SEARCH_CUTOFF,0,1,0,0,-1,171,-1,21,-1,1143,15913,1143,5079,0,1173,0,2497,0,0,1540,200,1566,2421,98.974,348624,40,TASKBR_VACANCY_V1,660,263,660,397,923,43.0119,870,368,175,17148,17148,368,355,355,355,355,0,0,0,0,0,0,0,355,1212,12,BOTTLENECK_TARGET_FRONTIER_CONTINUITY_V2,23.3742,0.199402,1.13886,0.194491,1.12801,16985,16975,9750,0,21,272,16853,175,50322,0,0,0,3210.23,5208310,103552,1185.52,6,0,0,,,,,,,,,,,,,,,,,,,,,,,,,,,,,,,,,,,,,,,,,,,,,,8656.37,8656.45,b9aeb5aca5837e3cf9651f4594e727941bbd6fa926f6a47046e5a6c14d0932c0,8.679,ok,
g4_dlow_aequal_plocal_gsingleton_seed0,warehouse_random_factorial,carrier,1,17,157.0,157000000,72,61,24,0,0.3529,47,17,157,157000000,17,157,157000000,1,0,0,41555,58497,156478,0,0,SEARCH_CUTOFF,0,0,0,0,-1,-1,-1,-1,-1,1881,11512,1881,10569,0,4890,0,4369,0,0,40631,4806,6979,6138,172.502,883872,9407,TASKBR_VACANCY_V1,13468,7,13468,13461,13475,99.8961,1611,16216,32,13404,13404,16216,13529,13529,13529,13529,0,0,0,0,0,0,0,13529,92635,12,BOTTLENECK_TARGET_FRONTIER_CONTINUITY_V2,30.2256,12.7878,33.6114,6.44246,18.2517,12243,1028,12238,0,21,188,13193,32,52152,0,0,0,5035.96,6087276,107196,1584.58,0,0,0,,,,,,,,,,,,,,,,,,,,,,,,,,,,,,,,,,,,,,,,,,,,,,8646.02,8646.1,d5f33ffaec94686021f52f9dfe7f45e2bbef13ad8fb68636cc461a05a3d66611,8.67,ok,
g4_dlow_aequal_pmixed_gshared_pool_seed0,warehouse_random_factorial,carrier,1,22,189.0,189000000,55,110,24,0,0.2083,44,22,191,191000000,22,189,189000000,1,1,1,0,26,315,0,0,STRICT_IMPROVEMENT,4,1,1,1,111,191,189,22,22,41,6,41,1280,0,97,0,232,0,0,0,5,57,209,4.5044,30096,2,TASKBR_VACANCY_V1,237,72,237,165,309,53.3981,0,279,29,57,57,279,256,256,256,256,0,0,0,0,0,0,0,256,313,12,BOTTLENECK_TARGET_FRONTIER_CONTINUITY_V2,0.270245,0.100019,0.933983,0.126928,0.728836,36,20,25,0,0,2,53,29,164,0,0,0,87.9409,53272,406,11.5762,0,0,0,,,,,,,,,,,,,,,,,,,,,,,,,,,,,,,,,,,,,,,,,,,,,,112.99,113.048,899627f874954cf79772d57ba9a734beeac026658618dac832f393bee8b93c3f,0.122,ok,
g4_dlow_aequal_pmixed_gsingleton_seed0,warehouse_random_factorial,carrier,1,33,232.0,232000000,110,98,24,0,0.2778,113,33,232,232000000,33,232,232000000,1,0,0,15045,33,405,0,0,SEARCH_CUTOFF,6,0,0,0,-1,-1,-1,-1,-1,2430,11852,2430,38563,0,2536,0,6658,583,38,1274,270,2974,16414,288.737,2363616,188,TASKBR_VACANCY_V1,34189,18229,34189,22127,66451,33.2982,2143,11297,19406,14438,14438,14450,14401,14401,14401,14401,0,0,0,0,0,0,0,14401,102279,12,BOTTLENECK_TARGET_FRONTIER_CONTINUITY_V2,31.8489,10.5683,35.1968,6.74644,29.6248,2260,224,2226,0,11,119,14306,19406,38584,0,0,0,4645.96,5860851,108348,1327.55,3285,0,12,,,,,,,,,,,,,,,,,,,,,,,,,,,,,,,,,,,,,,,,,,,,,,8649.1,8649.18,e7563b3dff79cf7a3549383ea0edb983eee19e674ee2927c7132e72a4aff08af,8.671,ok,
g4_dlow_ascarce_pcross_heavy_gshared_pool_seed0,warehouse_random_factorial,carrier,1,38,209.0,209000000,63,122,24,0,0.2763,75,38,209,209000000,38,209,209000000,1,0,0,1986,27302,12254,0,0,SEARCH_CUTOFF,2,1,0,0,-1,209,-1,38,-1,76,16683,76,2038,0,140,11,500,8,7,2317,181,56,411,8.65506,59184,51,TASKBR_VACANCY_V1,46902,7426,46902,39484,54333,72.6704,0,48794,3669,18273,18273,48802,40541,40533,40533,40533,0,0,0,0,0,0,0,40533,71015,12,BOTTLENECK_TARGET_FRONTIER_CONTINUITY_V2,41.972,15.1405,58.6934,11.7041,38.4773,10268,7,10268,0,4,112,18155,3669,25376,0,0,0,2728.86,1931637,146150,1147.41,8,0,0,,,,,,,,,,,,,,,,,,,,,,,,,,,,,,,,,,,,,,,,,,,,,,8623.19,8623.27,f14de6d9b0a675221bce03ae16264f53bda47f47edcf81ef62279be9d31365d6,8.639,ok,
g4_dlow_ascarce_pcross_heavy_gsingleton_seed0,warehouse_random_factorial,carrier,1,55,284.0,284000000,106,151,26,0,0.3212,219,55,284,284000000,55,284,284000000,1,0,0,10877,50,347,0,0,SEARCH_CUTOFF,16,0,0,0,-1,-1,-1,-1,-1,156,18411,156,2740,0,281,0,756,124,58,242,852,167,534,14.7928,76896,144,TASKBR_VACANCY_V1,24900,9811,24900,15240,34808,43.783,0,10233,9756,20451,20451,10356,10336,10226,10226,10226,0,0,0,0,0,0,0,10226,33180,12,BOTTLENECK_TARGET_FRONTIER_CONTINUITY_V2,26.4311,5.19985,18.1573,4.136,13.7411,12000,11972,5569,0,30,309,20110,9756,34030,0,1,0,2861.82,4191624,77202,919.605,22,2,0,,,,,,,,,,,,,,,,,,,,,,,,,,,,,,,,,,,,,,,,,,,,,,8639.39,8639.46,2c66d4f58af4a808af3600015b6623cf123e012e6b555213d01ba00516edc4f8,8.656,ok,
g4_dlow_ascarce_plocal_gshared_pool_seed0,warehouse_random_factorial,carrier,1,41,204.0,204000000,51,129,24,0,0.2073,70,41,204,204000000,41,204,204000000,1,0,0,1116,24204,13830,0,0,SEARCH_CUTOFF,14,1,0,0,-1,204,-1,41,-1,63,18165,63,1383,0,73,0,448,0,0,614,192,36,269,7.10209,38736,47,TASKBR_VACANCY_V1,18633,47,18633,18586,18680,99.4968,0,25026,92,19149,19149,25026,19616,19616,19616,19616,0,0,0,0,0,0,0,19616,82866,12,BOTTLENECK_TARGET_FRONTIER_CONTINUITY_V2,34.9663,12.0801,45.4859,9.8984,34.4982,9021,7,9018,0,24,216,18907,92,18269,0,0,0,1860.6,287508,38735,270.005,19,0,0,,,,,,,,,,,,,,,,,,,,,,,,,,,,,,,,,,,,,,,,,,,,,,8627.65,8627.72,8ef59d2cdd00417a3d0c31f7d86d927267cb7bf1351311efa93ce65f74471ac9,8.644,ok,
g4_dlow_ascarce_plocal_gsingleton_seed0,warehouse_random_factorial,carrier,1,39,212.0,212000000,72,116,24,0,0.3077,140,39,212,212000000,39,212,212000000,1,0,0,1123,26453,13968,0,0,SEARCH_CUTOFF,15,0,0,0,-1,-1,-1,-1,-1,91,16699,91,1309,0,122,0,548,6,6,158,802,120,388,9.38305,55872,44,TASKBR_VACANCY_V1,47360,9197,47360,38171,56561,67.4864,0,47688,8688,18356,18356,47694,39734,39728,39728,39728,0,0,0,0,0,0,0,39728,70699,12,BOTTLENECK_TARGET_FRONTIER_CONTINUITY_V2,39.3539,15.0487,52.8771,10.6689,22.7998,11240,19,11237,0,5,116,18233,8688,26193,0,0,0,2598.56,1382025,146814,827.164,3001,0,0,,,,,,,,,,,,,,,,,,,,,,,,,,,,,,,,,,,,,,,,,,,,,,8622.86,8622.94,0cab92437f959afb98a2f8c78663fa54503dacaac35b2f28937be9c3fb8a35b4,8.639,ok,
g4_dlow_ascarce_pmixed_gshared_pool_seed0,warehouse_random_factorial,carrier,1,39,209.0,209000000,57,128,24,0,0.2436,66,39,209,209000000,39,209,209000000,1,0,0,3370,38,263,0,0,SEARCH_CUTOFF,39,1,0,0,-1,209,-1,39,-1,77,18565,77,2230,0,88,0,434,0,0,32,16,53,352,8.04368,50688,20,TASKBR_VACANCY_V1,12959,6972,12959,5987,19931,30.0386,0,3580,3162,19241,19241,3580,3561,3561,3561,3561,0,0,0,0,0,0,0,3561,13718,12,BOTTLENECK_TARGET_FRONTIER_CONTINUITY_V2,22.0976,1.99246,7.62802,1.63804,6.75527,16178,16142,8014,0,28,280,18931,3162,28638,0,0,0,1820.65,951547,35885,324.5,22,0,0,,,,,,,,,,,,,,,,,,,,,,,,,,,,,,,,,,,,,,,,,,,,,,8627.05,8627.13,f770fa7f941418c154162c2cd07a33d78d6ba9b34d933977286d20483022ea7b,8.644,ok,
g4_dlow_ascarce_pmixed_gsingleton_seed0,warehouse_random_factorial,carrier,1,44,239.0,239000000,108,107,24,0,0.4091,236,46,239,239000000,44,239,239000000,1,1,1,9,44,299,0,0,STRICT_IMPROVEMENT,10,0,0,0,-1,-1,-1,-1,-1,91,9,91,1473,0,204,0,572,52,50,1554,66,134,290,8.5541,41760,192,TASKBR_VACANCY_V1,573,125,573,519,739,70.23,0,523,96,106,106,580,562,505,505,505,0,0,0,0,0,0,0,505,534,12,BOTTLENECK_TARGET_FRONTIER_CONTINUITY_V2,0.467552,0.192424,1.27853,0.265591,1.09719,48,16,59,0,2,3,99,96,254,0,0,0,447.342,359256,742,47.7521,24,0,0,,,,,,,,,,,,,,,,,,,,,,,,,,,,,,,,,,,,,,,,,,,,,,477.012,477.079,e2fec472183d557ac6972dadfe687e273d6abeb7a72c754a0c3971c994335986,0.486,ok,
g4_dlow_asurplus_pcross_heavy_gshared_pool_seed0,warehouse_random_factorial,carrier,1,19,154.0,154000000,65,65,24,0,0.1901,47,19,154,154000000,19,154,154000000,1,0,0,18348,39481,289764,0,0,SEARCH_CUTOFF,1,1,0,0,-1,154,-1,19,-1,94,16386,94,1855,0,157,0,341,13,13,475,298,120,376,9.41229,54144,34,TASKBR_VACANCY_V1,24708,88,24708,24623,24801,99.2823,0,20715,3873,16724,16724,20715,20701,20701,20701,20701,0,0,0,0,0,0,0,20701,250559,12,BOTTLENECK_TARGET_FRONTIER_CONTINUITY_V2,45.8661,17.2732,71.627,12.204,83.1026,9894,43,9891,0,19,164,16539,3873,36878,0,0,0,2677.21,3923043,124876,1118.8,0,0,0,,,,,,,,,,,,,,,,,,,,,,,,,,,,,,,,,,,,,,,,,,,,,,8627.71,8627.79,015c118200768015fe4044e81f29c5fb89658e1e08cb903b1fb755b7a14bf933,8.65,ok,
g4_dlow_asurplus_pcross_heavy_gsingleton_seed0,warehouse_random_factorial,carrier,1,30,209.0,209000000,111,74,24,0,0.2056,77,30,209,209000000,30,209,209000000,1,0,0,28493,281,3047,0,0,SEARCH_CUTOFF,0,0,0,0,-1,-1,-1,-1,-1,5514,6057,5514,40296,0,12280,0,9995,1669,1651,27476,2805,14599,19447,507.473,2800368,4700,TASKBR_VACANCY_V1,8532,6562,8532,3951,16421,24.0607,5232,1210,2117,11603,11603,2327,2314,2314,2314,2314,0,0,0,0,0,0,0,2314,30153,12,BOTTLENECK_TARGET_FRONTIER_CONTINUITY_V2,23.6687,1.95607,8.37828,1.44941,3.69742,9482,9474,7069,0,51,417,11133,2117,40899,0,0,0,7279.74,9095405,87822,1707.09,0,50,0,,,,,,,,,,,,,,,,,,,,,,,,,,,,,,,,,,,,,,,,,,,,,,8641.78,8641.87,971db8bce8f04d2458ff8c61af91541608f8c66a3f90dc4651ec9bc838c39741,8.666,ok,
g4_dlow_asurplus_plocal_gshared_pool_seed0,warehouse_random_factorial,carrier,1,21,139.0,139000000,51,64,24,0,0.1349,44,21,139,139000000,21,139,139000000,1,0,0,7878,19,358,0,0,SEARCH_CUTOFF,0,1,0,0,-1,139,-1,21,-1,50,13169,50,1065,0,77,0,165,0,0,298,36,47,146,4.64098,21024,36,TASKBR_VACANCY_V1,191,71,191,120,262,45.8015,0,196,35,18265,18265,196,181,181,181,181,0,0,0,0,0,0,0,181,442,12,BOTTLENECK_TARGET_FRONTIER_CONTINUITY_V2,28.3317,0.105512,0.750084,0.102684,1.22725,18234,18230,8955,0,33,272,17958,35,13328,0,0,0,1520.2,897335,18536,258.642,0,0,0,,,,,,,,,,,,,,,,,,,,,,,,,,,,,,,,,,,,,,,,,,,,,,8619.61,8619.69,f6021ba248f3c65acce9d02699f89c26d85ec244cb6ac22fe9ddcb7e5b17c32d,8.642,ok,
g4_dlow_asurplus_plocal_gsingleton_seed0,warehouse_random_factorial,carrier,1,16,135.0,135000000,70,41,24,0,0.2431,37,16,137,137000000,16,135,135000000,1,1,1,5,22,370,1,1,REFERENCE_SUFFIX_ACCEPTED,0,0,0,0,-1,-1,-1,-1,-1,53,8,53,447,0,152,0,93,0,0,10,44,158,142,4.51077,20448,2,TASKBR_VACANCY_V1,59,8,59,51,67,76.1194,0,130,34,68,68,130,113,113,113,113,0,0,0,0,0,0,0,113,218,12,BOTTLENECK_TARGET_FRONTIER_CONTINUITY_V2,0.207725,0.06245,0.548948,0.052933,0.616648,52,48,37,0,1,0,65,34,319,0,0,0,59.937,125921,364,19.4832,0,0,0,,,,,,,,,,,,,,,,,,,,,,,,,,,,,,,,,,,,,,,,,,,,,,85.2527,85.3189,0e9dcd80ec8bdd610bc069b89dd7171c4c42cced97fb80ba462039807b84a9d8,0.094,ok,
g4_dlow_asurplus_pmixed_gshared_pool_seed0,warehouse_random_factorial,carrier,1,19,148.0,148000000,69,55,24,0,0.2018,39,20,136,136000000,19,148,148000000,1,1,1,4007,19,332,0,0,STRICT_IMPROVEMENT,8,1,1,1,5655,136,148,20,19,2615,2225,2615,37834,0,3535,0,8646,0,0,33141,3060,4112,14633,287.863,2107152,10135,TASKBR_VACANCY_V1,7876,1788,7876,6088,9664,62.9967,2342,1062,877,4877,4877,1062,986,986,986,986,0,0,0,0,0,0,0,986,11720,12,BOTTLENECK_TARGET_FRONTIER_CONTINUITY_V2,10.3231,1.00595,4.28577,0.667205,5.9176,4020,4014,2312,0,53,325,4497,877,16173,0,0,0,5206.48,514011,36828,273.55,0,0,0,,,,,,,,,,,,,,,,,,,,,,,,,,,,,,,,,,,,,,,,,,,,,,5698.47,5698.55,49afb99f5e8f801e6ed3411280bd299257e0c69a47d14f6c730a5f109eed42f4,5.745,ok,
g4_dlow_asurplus_pmixed_gsingleton_seed0,warehouse_random_factorial,carrier,1,53,252.0,252000000,153,70,28,1,0.1604,92,55,253,253000000,53,252,252000000,1,1,1,14,68,1020,0,0,STRICT_IMPROVEMENT,37,0,0,0,-1,-1,-1,-1,-1,91,15,91,1112,0,275,0,224,54,48,802,270,195,268,7.81552,38592,234,TASKBR_VACANCY_V1,174,82,174,137,286,47.9021,0,182,62,128,128,217,207,207,207,207,0,0,0,0,0,0,0,207,761,12,BOTTLENECK_TARGET_FRONTIER_CONTINUITY_V2,0.390428,0.129178,0.870896,0.135089,1.02543,88,78,69,0,39,19,68,62,342,0,0,0,151.182,346184,604,48.9408,15,19,5,,,,,,,,,,,,,,,,,,,,,,,,,,,,,,,,,,,,,,,,,,,,,,184.002,184.068,5dffbe8854f6e12f8eed6d1e5f47e1ca4a1ab50e3c6c3288807dce09dcab8e38,0.193,ok,
g4_dmedium_abaseline_pcross_heavy_gshared_pool_seed0,warehouse_random_factorial,carrier,1,34,216.0,216000000,67,125,24,0,0.2463,84,34,216,216000000,34,216,216000000,1,0,0,0,23388,79698,0,0,SEARCH_CUTOFF,3,1,0,0,-1,216,-1,34,-1,54,6,54,1673,0,111,6,390,4,3,1649,486,48,319,6.91029,45936,585,TASKBR_VACANCY_V1,405,73,405,336,478,70.2929,0,19878,2236,19530,19530,19882,19872,19870,19870,19870,0,0,0,0,0,0,0,19870,143121,12,BOTTLENECK_TARGET_FRONTIER_CONTINUITY_V2,34.5903,11.8164,38.4397,9.1289,26.8138,9366,3,9367,0,28,233,19267,2236,146,0,0,0,1779.63,175133,19950,164.804,1096,0,0,,,,,,,,,,,,,,,,,,,,,,,,,,,,,,,,,,,,,,,,,,,,,,8661.02,8661.1,52eb9f0654138ea869a7122d5b3dfbbeec2d82a17074db15dc092cb102d1059c,8.68,ok,
g4_dmedium_abaseline_pcross_heavy_gsingleton_seed0,warehouse_random_factorial,carrier,1,40,256.0,256000000,110,119,26,0,0.3438,253,40,256,256000000,40,256,256000000,1,0,0,66018,31,277,0,0,SEARCH_CUTOFF,7,0,0,0,-1,-1,-1,-1,-1,1812,11728,1812,9692,0,3922,0,3122,164,142,1166,1418,4728,3761,163.738,541584,494,TASKBR_VACANCY_V1,9053,4928,9053,4212,15000,28.08,1521,5340,1585,13595,13595,5412,1979,1921,1921,1921,0,0,0,0,0,0,0,1921,6641,12,BOTTLENECK_TARGET_FRONTIER_CONTINUITY_V2,16.5534,1.00617,3.90354,0.845868,2.51858,12049,12031,7426,0,28,242,13323,1585,43360,0,0,0,4762.34,7208033,104191,1348.76,13,0,0,,,,,,,,,,,,,,,,,,,,,,,,,,,,,,,,,,,,,,,,,,,,,,8642.78,8642.86,c2a0ae5649cc3c9b806a1893a7369c6b623fec6269433d4fb0fbbbaa53691cd0,8.667,ok,
g4_dmedium_abaseline_plocal_gshared_pool_seed0,warehouse_random_factorial,carrier,1,24,164.0,164000000,53,87,24,0,0.276,59,24,164,164000000,24,164,164000000,1,0,0,31188,49567,88971,0,0,SEARCH_CUTOFF,4,1,0,0,-1,164,-1,24,-1,213,14601,213,2782,0,348,0,951,0,0,8185,226,356,705,23.9921,101520,36,TASKBR_VACANCY_V1,56931,8479,56931,48452,65410,74.0743,0,42379,16941,15110,15110,42379,37677,37677,37677,37677,0,0,0,0,0,0,0,37677,65255,12,BOTTLENECK_TARGET_FRONTIER_CONTINUITY_V2,40.8962,15.4407,56.5362,10.6978,35.6009,5023,38,5018,0,2,25,15081,16941,37347,0,0,0,3878.6,3647000,120824,1180.73,2316,0,0,,,,,,,,,,,,,,,,,,,,,,,,,,,,,,,,,,,,,,,,,,,,,,8641.95,8642.02,d1dd83af4ff974755ef7c1603548883be5bdd769954b001ac1f690c8011ffb47,8.665,ok,
g4_dmedium_abaseline_plocal_gsingleton_seed0,warehouse_random_factorial,carrier,1,34,216.0,216000000,79,110,26,0,0.2904,135,34,216,216000000,34,216,216000000,1,0,0,50857,31,269,0,0,SEARCH_CUTOFF,12,0,0,0,-1,-1,-1,-1,-1,106,16134,106,1254,0,172,0,464,82,6,32,816,168,471,11.3629,67824,20,TASKBR_VACANCY_V1,17460,3610,17460,13946,21166,65.8887,0,8157,7831,17494,17494,8195,8181,8156,8156,8156,0,0,0,0,0,0,0,8156,41069,12,BOTTLENECK_TARGET_FRONTIER_CONTINUITY_V2,24.807,4.76151,16.1831,3.05329,10.2961,10642,10628,6192,0,26,234,17232,7831,28380,0,0,0,2313.98,2931593,63601,594.62,17,0,0,,,,,,,,,,,,,,,,,,,,,,,,,,,,,,,,,,,,,,,,,,,,,,8658.07,8658.15,2f7795aff8a3a3ce7d579143c995366664939b25f444ef443826208f9536a6ec,8.683,ok,
g4_dmedium_abaseline_pmixed_gshared_pool_seed0,warehouse_random_factorial,carrier,1,27,175.0,175000000,57,94,24,0,0.2639,61,27,175,175000000,27,175,175000000,1,0,0,82949,25,223,0,0,SEARCH_CUTOFF,11,1,0,0,-1,175,-1,27,-1,87,16883,87,1739,0,110,0,351,0,0,3,161,82,343,9.321,49392,46,TASKBR_VACANCY_V1,10025,2658,10025,7367,12683,58.0856,0,3818,3534,17842,17842,3818,3793,3793,3793,3793,0,0,0,0,0,0,0,3793,20227,12,BOTTLENECK_TARGET_FRONTIER_CONTINUITY_V2,22.5354,2.50643,8.1552,1.57887,6.38207,14353,14335,6322,0,22,263,17555,3534,31603,0,0,0,2111,1785789,60173,460.803,6,0,0,,,,,,,,,,,,,,,,,,,,,,,,,,,,,,,,,,,,,,,,,,,,,,8673.05,8673.13,4310ec1f57fe39782eaa9a1bc7960ec18e3c13ef5e7536a43849b10b8ba54f6f,8.697,ok,
g4_dmedium_abaseline_pmixed_gsingleton_seed0,warehouse_random_factorial,carrier,1,35,223.0,223000000,108,91,24,0,0.3857,169,35,223,223000000,35,223,223000000,1,0,0,7819,34,302,0,0,SEARCH_CUTOFF,1,0,0,0,-1,-1,-1,-1,-1,171,16570,171,1539,0,283,0,589,42,40,976,84,215,548,17.3393,78912,190,TASKBR_VACANCY_V1,37264,20712,37264,16602,58010,28.6192,0,6968,6690,17585,17585,7010,6988,6926,6926,6926,0,0,0,0,0,0,0,6926,34558,12,BOTTLENECK_TARGET_FRONTIER_CONTINUITY_V2,23.7854,4.26915,13.792,2.71705,10.3107,11700,11678,8329,0,29,315,17239,6690,33952,0,0,0,2498.88,2357584,84722,616.829,14,0,2,,,,,,,,,,,,,,,,,,,,,,,,,,,,,,,,,,,,,,,,,,,,,,8656.15,8656.24,70024a2ab89a3b6f8e393604480bc44d74043466fbd3b81c5b0374b9e64e9134,8.675,ok,
g4_dmedium_aequal_pcross_heavy_gshared_pool_seed0,warehouse_random_factorial,carrier,1,23,175.0,175000000,67,84,24,0,0.2428,55,23,175,175000000,23,175,175000000,1,0,0,40289,65,564,0,0,SEARCH_CUTOFF,0,1,0,0,-1,175,-1,23,-1,120,16585,120,1376,0,185,0,307,2,2,434,58,165,365,12.9221,52560,149,TASKBR_VACANCY_V1,231,87,231,147,319,46.0815,0,217,42,17431,17431,217,207,207,207,207,0,0,0,0,0,0,0,207,339,12,BOTTLENECK_TARGET_FRONTIER_CONTINUITY_V2,22.8935,0.092738,0.624033,0.101884,0.832894,17400,17386,6654,0,25,238,17166,42,35535,0,0,0,2146.86,1876523,62971,558.264,6,0,0,,,,,,,,,,,,,,,,,,,,,,,,,,,,,,,,,,,,,,,,,,,,,,8646.51,8646.58,496b45d0ffa203511d28a5568e5f1b373fe883f2d5428f0eddea7a416b8f8f21,8.67,ok,
g4_dmedium_aequal_pcross_heavy_gsingleton_seed0,warehouse_random_factorial,carrier,1,36,248.0,248000000,106,115,26,0,0.2454,133,36,248,248000000,36,248,248000000,1,0,0,29518,30,388,0,0,SEARCH_CUTOFF,3,0,0,0,-1,-1,-1,-1,-1,76,15117,76,1333,0,229,0,257,54,36,82,548,159,245,7.25434,35280,56,TASKBR_VACANCY_V1,10460,4998,10460,5537,15506,35.7088,0,6841,2728,17450,17450,6908,3007,2990,2990,2990,0,0,0,0,0,0,0,2990,28403,12,BOTTLENECK_TARGET_FRONTIER_CONTINUITY_V2,25.3395,2.50196,8.12639,1.69635,8.99753,14731,14713,6939,0,31,292,17125,2728,22717,0,0,0,2137.57,2181753,35242,512.95,12,30,4,,,,,,,,,,,,,,,,,,,,,,,,,,,,,,,,,,,,,,,,,,,,,,8647.92,8647.99,a5b7c7b3d038280166f51c4a8cedb42b8989bc34de26e6fe1214cf10ec3e1dcd,8.67,ok,
g4_dmedium_aequal_plocal_gshared_pool_seed0,warehouse_random_factorial,carrier,1,20,173.0,173000000,53,96,24,0,0.2208,51,20,173,173000000,20,173,173000000,1,0,0,3753,1574,4684,0,0,SEARCH_CUTOFF,0,1,0,0,-1,173,-1,20,-1,2880,283,2880,14589,0,4695,0,8648,2,2,226,819,6380,6583,284.544,947952,53,TASKBR_VACANCY_V1,3530,127,3530,3407,3657,93.1638,2608,4073,97,3172,3172,4075,3436,3436,3436,3436,0,0,0,0,0,0,0,3436,19717,12,BOTTLENECK_TARGET_FRONTIER_CONTINUITY_V2,9.33358,2.89689,10.4632,2.0714,3.80228,2533,7,2526,0,1,3,3166,97,15024,0,0,0,8201,888088,25124,316.204,3,0,0,,,,,,,,,,,,,,,,,,,,,,,,,,,,,,,,,,,,,,,,,,,,,,8549.44,8549.51,c85a962da16f9b89df3c8382027d040bda4ee9dbaa30aa8abd91ee5effbb741a,8.564,ok,
g4_dmedium_aequal_plocal_gsingleton_seed0,warehouse_random_factorial,carrier,1,19,170.0,170000000,79,64,26,0,0.3465,62,19,170,170000000,19,170,170000000,1,0,0,62300,50,468,0,0,SEARCH_CUTOFF,1,0,0,0,-1,-1,-1,-1,-1,3677,3873,3677,17184,0,9573,0,7805,46,0,6719,13862,12668,13228,377.699,1904832,204,TASKBR_VACANCY_V1,11157,2848,11157,8327,14111,59.0107,3405,6669,4064,7560,7560,6728,4629,4612,4612,4612,0,0,0,0,0,0,0,4612,24409,12,BOTTLENECK_TARGET_FRONTIER_CONTINUITY_V2,15.407,3.16391,10.9155,2.05573,8.90158,4062,3618,3461,0,6,73,7479,4064,32429,0,0,0,7297.17,3620409,60432,935.815,2,0,0,,,,,,,,,,,,,,,,,,,,,,,,,,,,,,,,,,,,,,,,,,,,,,8597.9,8597.98,0001c4b328aeb2e93fa46ab2aeacd9207f57746d9db36c650a139439d27bfc93,8.62,ok,
g4_dmedium_aequal_pmixed_gshared_pool_seed0,warehouse_random_factorial,carrier,1,22,189.0,189000000,55,110,24,0,0.2083,51,22,191,191000000,22,189,189000000,1,1,1,1,26,304,0,0,STRICT_IMPROVEMENT,4,1,1,1,158,191,189,22,22,40,6,40,1375,0,93,0,230,0,0,1,7,53,217,4.87017,31248,3,TASKBR_VACANCY_V1,236,71,236,165,307,53.7459,0,278,29,56,56,278,256,256,256,256,0,0,0,0,0,0,0,256,313,12,BOTTLENECK_TARGET_FRONTIER_CONTINUITY_V2,0.274631,0.11679,0.949743,0.124042,0.739563,35,19,24,0,0,2,52,29,158,0,0,0,132.932,52976,398,11.5803,0,0,0,,,,,,,,,,,,,,,,,,,,,,,,,,,,,,,,,,,,,,,,,,,,,,161.389,161.462,899627f874954cf79772d57ba9a734beeac026658618dac832f393bee8b93c3f,0.171,ok,
g4_dmedium_aequal_pmixed_gsingleton_seed0,warehouse_random_factorial,carrier,1,31,236.0,236000000,110,102,24,0,0.2957,126,31,236,236000000,31,236,236000000,1,0,0,17134,282,1526,0,0,SEARCH_CUTOFF,6,0,0,0,-1,-1,-1,-1,-1,184,16195,184,1625,0,410,0,600,60,56,2741,433,362,531,18.7462,76464,612,TASKBR_VACANCY_V1,26250,3728,26250,22600,30018,75.2882,0,20141,3059,16947,16947,20199,20146,20146,20146,20146,0,0,0,0,0,0,0,20146,152058,12,BOTTLENECK_TARGET_FRONTIER_CONTINUITY_V2,36.9426,15.5045,48.0956,9.83521,30.2167,8108,39,8101,0,24,240,16681,3059,34281,0,0,0,2964.74,1564729,115873,728.147,19,0,11,,,,,,,,,,,,,,,,,,,,,,,,,,,,,,,,,,,,,,,,,,,,,,8665.36,8665.44,66c30b0a948e3b02508aaede7d44bbdb31e47414841cffd3a0b1a7cf823df56c,8.688,ok,
g4_dmedium_ascarce_pcross_heavy_gshared_pool_seed0,warehouse_random_factorial,carrier,1,47,256.0,256000000,67,165,24,0,0.2376,96,47,256,256000000,47,256,256000000,1,0,0,4193,44659,12524,0,0,SEARCH_CUTOFF,18,1,0,0,-1,256,-1,47,-1,122,15940,122,1843,0,168,6,669,6,3,2391,554,117,519,13.8271,74736,715,TASKBR_VACANCY_V1,41069,11762,41069,29311,53371,54.9193,0,31797,7101,16659,16659,31801,23693,23689,23689,23689,0,0,0,0,0,0,0,23689,50846,12,BOTTLENECK_TARGET_FRONTIER_CONTINUITY_V2,32.6718,12.8024,38.7413,8.70709,16.1887,7302,26,7303,0,2,19,16636,7101,32510,0,0,0,3207.27,1763793,126503,892.019,555,0,0,,,,,,,,,,,,,,,,,,,,,,,,,,,,,,,,,,,,,,,,,,,,,,8639.76,8639.83,ae27f2bdd24b5373e86fe7e55b43b485340b5ee34286a11afbe580e7a73e3506,8.655,ok,
g4_dmedium_ascarce_pcross_heavy_gsingleton_seed0,warehouse_random_factorial,carrier,1,55,284.0,284000000,106,151,26,0,0.3212,339,55,284,284000000,55,284,284000000,1,0,0,12609,50,347,0,0,SEARCH_CUTOFF,16,0,0,0,-1,-1,-1,-1,-1,132,16099,132,2588,0,267,0,704,124,58,378,880,153,474,13.8981,68256,222,TASKBR_VACANCY_V1,21701,8263,21701,13589,30061,45.2048,0,9408,8932,18115,18115,9531,9512,9402,9402,9402,0,0,0,0,0,0,0,9402,30379,12,BOTTLENECK_TARGET_FRONTIER_CONTINUITY_V2,23.5204,4.92623,16.9733,3.69244,12.519,10416,10388,4569,0,28,276,17809,8932,28673,0,1,0,3298.17,3615912,65058,761.462,22,2,0,,,,,,,,,,,,,,,,,,,,,,,,,,,,,,,,,,,,,,,,,,,,,,8635.32,8635.4,2c66d4f58af4a808af3600015b6623cf123e012e6b555213d01ba00516edc4f8,8.652,ok,
g4_dmedium_ascarce_plocal_gshared_pool_seed0,warehouse_random_factorial,carrier,1,40,194.0,194000000,53,117,24,0,0.2208,79,40,194,194000000,40,194,194000000,1,0,0,2161,32183,11929,0,0,SEARCH_CUTOFF,12,1,0,0,-1,194,-1,40,-1,71,15838,71,1639,0,91,0,443,2,2,562,204,40,303,8.18292,43632,57,TASKBR_VACANCY_V1,16254,46,16254,16212,16300,99.4601,0,18172,93,17731,17731,18174,18165,18163,18163,18163,0,0,0,0,0,0,0,18163,68885,12,BOTTLENECK_TARGET_FRONTIER_CONTINUITY_V2,31.8603,10.1282,34.9678,7.89749,17.6367,9805,12,9808,0,30,261,17438,93,23703,0,0,0,2426.08,1098346,65060,519.338,9,0,0,,,,,,,,,,,,,,,,,,,,,,,,,,,,,,,,,,,,,,,,,,,,,,8614.2,8614.27,3d680e5642d66861e3aeb04650ce7e34d483383dee7fd171fa65898d0d162602,8.63,ok,
g4_dmedium_ascarce_plocal_gsingleton_seed0,warehouse_random_factorial,carrier,1,41,226.0,226000000,79,120,26,0,0.3211,152,41,226,226000000,41,226,226000000,1,0,0,22239,43,276,0,0,SEARCH_CUTOFF,11,0,0,0,-1,-1,-1,-1,-1,1127,14622,1127,5338,0,1719,0,3346,201,6,34,817,1722,3783,118.855,544752,6,TASKBR_VACANCY_V1,15418,3787,15418,11749,20639,56.9262,835,9083,9280,16401,16401,9791,9747,9705,9705,9705,0,0,0,0,0,0,0,9705,24103,12,BOTTLENECK_TARGET_FRONTIER_CONTINUITY_V2,23.7653,5.69889,17.5753,4.22199,11.6704,8857,8827,3787,0,27,281,16091,9280,38718,0,3,0,4418.07,4267271,93931,1119.17,44,0,0,,,,,,,,,,,,,,,,,,,,,,,,,,,,,,,,,,,,,,,,,,,,,,8642.23,8642.31,d5447532ac6bd90e7e0664a788bc9836ce838d29a8e2a76cdabbf67c1b963192,8.66,ok,
g4_dmedium_ascarce_pmixed_gshared_pool_seed0,warehouse_random_factorial,carrier,1,39,209.0,209000000,57,128,24,0,0.2436,79,39,209,209000000,39,209,209000000,1,0,0,4406,38,263,0,0,SEARCH_CUTOFF,39,1,0,0,-1,209,-1,39,-1,73,16134,73,2217,0,86,0,429,0,0,0,19,50,340,8.41063,48960,12,TASKBR_VACANCY_V1,8855,2868,8855,5987,11723,51.0705,0,3580,3162,17736,17736,3580,3561,3561,3561,3561,0,0,0,0,0,0,0,3561,13718,12,BOTTLENECK_TARGET_FRONTIER_CONTINUITY_V2,21.4762,2.12735,7.62887,1.6208,6.532,14673,14637,7250,0,27,297,17410,3162,23395,0,0,0,2360.88,842896,31795,319.027,22,0,0,,,,,,,,,,,,,,,,,,,,,,,,,,,,,,,,,,,,,,,,,,,,,,8623.81,8623.9,f770fa7f941418c154162c2cd07a33d78d6ba9b34d933977286d20483022ea7b,8.64,ok,
g4_dmedium_ascarce_pmixed_gsingleton_seed0,warehouse_random_factorial,carrier,1,44,239.0,239000000,108,107,24,0,0.4091,241,46,239,239000000,44,239,239000000,1,1,1,14,44,299,0,0,STRICT_IMPROVEMENT,10,0,0,0,-1,-1,-1,-1,-1,90,9,90,1463,0,209,0,572,54,52,1560,66,131,308,9.24663,44352,224,TASKBR_VACANCY_V1,576,130,576,519,749,69.2924,0,520,98,105,105,579,562,503,503,503,0,0,0,0,0,0,0,503,532,12,BOTTLENECK_TARGET_FRONTIER_CONTINUITY_V2,0.459665,0.185747,1.27464,0.261829,1.04374,45,15,58,0,2,3,98,98,251,0,0,0,453.834,355811,736,47.7819,24,0,0,,,,,,,,,,,,,,,,,,,,,,,,,,,,,,,,,,,,,,,,,,,,,,488.147,488.217,85dcdb16b3fb5c87c51b5d735cbc5bcf1201de6f49717c173b1652aca6468795,0.497,ok,
g4_dmedium_asurplus_pcross_heavy_gshared_pool_seed0,warehouse_random_factorial,carrier,1,23,156.0,156000000,67,65,24,0,0.1618,58,23,156,156000000,23,156,156000000,1,0,0,28051,65,937,0,0,SEARCH_CUTOFF,0,1,0,0,-1,156,-1,23,-1,55,13865,55,1683,0,120,0,209,2,2,471,142,67,230,6.01292,33120,134,TASKBR_VACANCY_V1,227,87,227,143,315,45.3968,0,193,34,16805,16805,193,181,181,181,181,0,0,0,0,0,0,0,181,532,12,BOTTLENECK_TARGET_FRONTIER_CONTINUITY_V2,26.8566,0.108063,0.782623,0.106706,1.31724,16774,16764,10457,0,26,192,16585,34,14063,0,0,0,1984.93,601889,17135,232.545,0,0,0,,,,,,,,,,,,,,,,,,,,,,,,,,,,,,,,,,,,,,,,,,,,,,8626.62,8626.7,15079458ce3a8bf072e39882b0273529f25444f6ef7de3f6b88ce35d254e77fc,8.648,ok,
g4_dmedium_asurplus_pcross_heavy_gsingleton_seed0,warehouse_random_factorial,carrier,1,30,209.0,209000000,111,74,24,0,0.2056,100,30,209,209000000,30,209,209000000,1,0,0,64776,281,3047,0,0,SEARCH_CUTOFF,0,0,0,0,-1,-1,-1,-1,-1,3349,10077,3349,25493,0,8127,0,5243,1246,688,6400,1352,10251,13840,346.054,1992960,2600,TASKBR_VACANCY_V1,12232,6308,12232,11319,31225,36.2498,3067,5924,11678,13458,13458,8786,8773,8773,8773,8773,0,0,0,0,0,0,0,8773,114608,12,BOTTLENECK_TARGET_FRONTIER_CONTINUITY_V2,31.663,7.75751,28.4099,5.3269,12.0717,4016,2306,3750,0,39,254,13163,11678,47257,0,0,0,5585.85,9175801,105310,1785.26,2400,50,0,,,,,,,,,,,,,,,,,,,,,,,,,,,,,,,,,,,,,,,,,,,,,,8665.11,8665.21,971db8bce8f04d2458ff8c61af91541608f8c66a3f90dc4651ec9bc838c39741,8.691,ok,
g4_dmedium_asurplus_plocal_gshared_pool_seed0,warehouse_random_factorial,carrier,1,20,141.0,141000000,53,64,24,0,0.1472,46,20,141,141000000,20,141,141000000,1,0,0,13823,1351,8275,0,0,SEARCH_CUTOFF,0,1,0,0,-1,141,-1,20,-1,1268,7790,1268,14775,0,2055,0,4522,0,0,299,468,2563,4011,138.927,577584,36,TASKBR_VACANCY_V1,17996,520,17996,17476,18516,94.3832,995,16143,1482,9087,9087,16143,16133,16133,16133,16133,0,0,0,0,0,0,0,16133,126994,12,BOTTLENECK_TARGET_FRONTIER_CONTINUITY_V2,29.1074,10.8389,51.7686,7.63708,51.7063,6009,121,6003,0,9,105,8971,1482,26971,0,0,0,7156.89,7333925,72637,1485,0,0,0,,,,,,,,,,,,,,,,,,,,,,,,,,,,,,,,,,,,,,,,,,,,,,8589.23,8589.31,e563c30ed0d72c44e78c9b5f2f5f9a37f144fb27a476c7d336d154a0e89d9cb0,8.607,ok,
g4_dmedium_asurplus_plocal_gsingleton_seed0,warehouse_random_factorial,carrier,1,19,156.0,156000000,79,50,26,0,0.231,48,19,156,156000000,19,156,156000000,1,0,0,25371,230,2380,0,0,SEARCH_CUTOFF,0,0,0,0,-1,-1,-1,-1,-1,4805,1964,4805,15949,0,14267,0,8723,20,0,58,79,17178,13244,476.283,1907136,24,TASKBR_VACANCY_V1,10385,3417,10385,6980,13838,50.4408,4533,3474,3188,6779,6779,3497,3283,3283,3283,3283,0,0,0,0,0,0,0,3283,36240,12,BOTTLENECK_TARGET_FRONTIER_CONTINUITY_V2,16.9708,3.1288,13.1086,2.09612,14.5506,4049,4045,3721,0,17,127,6633,3188,28724,0,0,0,7883.58,2873039,53911,767.253,3,0,0,,,,,,,,,,,,,,,,,,,,,,,,,,,,,,,,,,,,,,,,,,,,,,8593.33,8593.41,1533176dc70388143eb4167ecc46abbee853edabf426e564cddd58446a3322e0,8.612,ok,
g4_dmedium_asurplus_pmixed_gshared_pool_seed0,warehouse_random_factorial,carrier,1,19,152.0,152000000,73,55,24,0,0.2135,42,20,136,136000000,19,152,152000000,1,1,1,14487,20,299,0,0,STRICT_IMPROVEMENT,12,1,1,1,1759,136,152,20,19,825,1831,825,5551,0,967,0,2175,0,0,1838,2974,930,2405,85.2025,346320,3121,TASKBR_VACANCY_V1,1854,419,1854,1435,2273,63.1324,552,1222,373,2710,2710,1222,484,484,484,484,0,0,0,0,0,0,0,484,4918,12,BOTTLENECK_TARGET_FRONTIER_CONTINUITY_V2,5.22169,0.402931,2.0635,0.304631,1.34881,2371,2365,762,0,31,212,2465,373,7410,0,0,0,1535.28,257949,14818,117.541,0,0,0,,,,,,,,,,,,,,,,,,,,,,,,,,,,,,,,,,,,,,,,,,,,,,1804.58,1804.67,75b585e64b25747964190bad1d8504112cb00e94211ddc6cc5f2b8055b99d1ba,1.818,ok,
g4_dmedium_asurplus_pmixed_gsingleton_seed0,warehouse_random_factorial,carrier,1,52,253.0,253000000,151,73,28,1,0.1613,103,52,253,253000000,52,253,253000000,1,0,0,22605,65,963,0,0,SEARCH_CUTOFF,32,0,0,0,-1,-1,-1,-1,-1,80,4017,80,1009,0,278,0,246,61,54,1048,234,180,251,7.86057,36144,224,TASKBR_VACANCY_V1,4214,4099,4214,177,12356,1.4325,0,13687,19220,17612,17612,18232,18223,18223,18223,18223,0,0,0,0,0,0,0,18223,304467,12,BOTTLENECK_TARGET_FRONTIER_CONTINUITY_V2,41.9595,15.1276,65.2329,11.8322,70.8789,5693,61,3923,0,43,228,17339,19220,4324,0,0,0,1962.73,395310,31573,269.192,6024,12,2,,,,,,,,,,,,,,,,,,,,,,,,,,,,,,,,,,,,,,,,,,,,,,8655.49,8655.59,a37a1dd2ce8f81802ad1a9eb029a7bc2ca77906ae6aa77ce9ff9103f8fa72c55,8.679,ok,
g5_dhigh_abaseline_pcross_heavy_gshared_pool_seed0,warehouse_random_factorial,carrier,1,33,304.0,304000000,102,170,32,0,0.2576,175,33,304,304000000,33,304,304000000,1,0,0,74147,1588,3579,0,0,SEARCH_CUTOFF,11,1,0,0,-1,304,-1,33,-1,283,12937,283,2782,0,709,0,725,16,14,2009,118,749,944,46.4681,166144,1822,TASKBR_VACANCY_V1,15254,174,15254,15104,15452,97.7479,0,16199,7511,13368,13368,16220,7968,7947,7947,7947,0,0,0,0,0,0,0,7947,55948,16,BOTTLENECK_TARGET_FRONTIER_CONTINUITY_V2,28.3734,6.50118,22.5246,4.31879,20.2636,6974,6956,4271,0,22,196,13148,7511,33072,0,0,0,4061.75,2014825,91173,848.676,26,0,0,,,,,,,,,,,,,,,,,,,,,,,,,,,,,,,,,,,,,,,,,,,,,,8656.81,8656.92,ebc6c17b3e52d17358e75df81570a5487ee0b44b33e4c448c86d59c0d6eca2db,8.684,ok,
g5_dhigh_abaseline_pcross_heavy_gsingleton_seed0,warehouse_random_factorial,carrier,1,56,525.0,525000000,227,237,51,5,0.3378,670,56,526,526000000,56,525,525000000,1,1,1,28,64,771,0,0,STRICT_IMPROVEMENT,3,0,0,0,-1,-1,-1,-1,-1,119,24,119,4767,0,443,0,919,294,76,846,5086,325,1020,25.2353,179520,4386,TASKBR_VACANCY_V1,729,221,729,825,1277,64.6045,0,647,208,152,152,853,831,760,760,760,0,0,0,3,0,0,0,760,1135,15,BOTTLENECK_TARGET_FRONTIER_CONTINUITY_V2,0.882177,0.384418,2.73005,0.464521,5.40647,41,31,33,0,8,11,131,208,572,0,0,0,1278.67,774742,986,107.062,46,9,16,,,,,,,,,,,,,,,,,,,,,,,,,,,,,,,,,,,,,,,,,,,,,,1363.22,1363.32,04395b895c11b027040b748e736b6e234d8c181e96460780f5d4a78733f9f205,1.375,ok,
g5_dhigh_abaseline_plocal_gshared_pool_seed0,warehouse_random_factorial,carrier,1,32,310.0,310000000,89,189,32,0,0.2318,177,33,302,302000000,32,310,310000000,1,1,1,0,6,77,0,0,STRICT_IMPROVEMENT,0,1,1,1,505,302,310,33,32,57,13,57,4546,0,149,4,472,4,4,776,283,67,640,14.3415,112640,276,TASKBR_VACANCY_V1,567,119,567,454,688,65.9884,0,586,102,80,80,589,576,573,573,573,0,0,0,0,0,0,0,573,665,16,BOTTLENECK_TARGET_FRONTIER_CONTINUITY_V2,0.589202,0.272368,2.24587,0.36788,4.02177,27,11,22,0,3,2,73,102,222,0,0,0,452.811,207812,569,34.504,32,0,1,,,,,,,,,,,,,,,,,,,,,,,,,,,,,,,,,,,,,,,,,,,,,,515.737,515.84,1f8d0e988b31afee09cf13e995a4017bf6718411ba807ce80db5783be98c1cad,0.527,ok,
g5_dhigh_abaseline_plocal_gsingleton_seed0,warehouse_random_factorial,carrier,1,35,294.0,294000000,115,141,36,0,0.2738,277,35,294,294000000,35,294,294000000,1,0,0,39320,37,469,0,0,SEARCH_CUTOFF,4,0,0,0,-1,-1,-1,-1,-1,90,11866,90,2100,0,217,0,447,46,26,2385,1360,193,499,16.77,87824,635,TASKBR_VACANCY_V1,12357,101,12357,12334,12506,98.6247,0,12774,135,12321,12321,12840,12822,12765,12765,12765,0,0,0,0,0,0,0,12765,109537,16,BOTTLENECK_TARGET_FRONTIER_CONTINUITY_V2,32.8974,11.7447,39.1393,7.4172,25.7571,6638,40,6634,0,20,196,12103,135,26308,0,0,0,4349.63,2531106,87541,1051.13,28,0,0,,,,,,,,,,,,,,,,,,,,,,,,,,,,,,,,,,,,,,,,,,,,,,8629.69,8629.81,78245a870940c6e60a48d835282b4985355ae9180a907229f154eee93f670359,8.653,ok,
g5_dhigh_abaseline_pmixed_gshared_pool_seed0,warehouse_random_factorial,carrier,1,31,282.0,282000000,100,150,32,0,0.2688,173,31,282,282000000,31,282,282000000,1,0,0,11222,27410,129712,0,0,SEARCH_CUTOFF,2,1,0,0,-1,282,-1,31,-1,62,10870,62,3580,0,200,10,486,10,8,48,2169,82,464,13.3714,81664,2169,TASKBR_VACANCY_V1,18886,3522,18886,15374,22419,68.5758,0,20661,7417,13530,13530,20670,17273,17264,17264,17264,0,0,0,0,0,0,0,17264,130038,16,BOTTLENECK_TARGET_FRONTIER_CONTINUITY_V2,35.9881,13.7594,49.9085,8.78433,30.1,5124,12,5120,0,4,90,13434,7417,15285,0,0,0,3839.06,1016939,81266,680.759,2030,0,2,,,,,,,,,,,,,,,,,,,,,,,,,,,,,,,,,,,,,,,,,,,,,,8648,8648.11,ba1707cf061d68ea928c179950e65eda582b5c41365d73723fd800e30a8d2c54,8.67,ok,
g5_dhigh_abaseline_pmixed_gsingleton_seed0,warehouse_random_factorial,carrier,1,58,406.0,406000000,195,175,34,0,0.2802,328,58,406,406000000,58,406,406000000,1,0,0,16851,72,869,0,0,SEARCH_CUTOFF,5,0,0,0,-1,-1,-1,-1,-1,105,7575,105,4014,2,412,0,554,166,76,11866,3604,260,603,19.0866,106128,4126,TASKBR_VACANCY_V1,517,244,517,443,934,47.4304,0,403,132,14014,14014,561,543,491,491,491,0,0,0,0,0,0,0,491,742,16,BOTTLENECK_TARGET_FRONTIER_CONTINUITY_V2,21.65,0.239487,1.60446,0.275722,3.67736,13943,13929,6927,0,38,295,13679,132,7987,0,0,0,3562.86,1356016,14627,347.393,39,0,2,,,,,,,,,,,,,,,,,,,,,,,,,,,,,,,,,,,,,,,,,,,,,,8631.41,8631.52,1d0cd724d72aec9a2ca352bca0a10b5c32561628c9e726d44329a0a8e07c13c2,8.654,ok,
g5_dhigh_aequal_pcross_heavy_gshared_pool_seed0,warehouse_random_factorial,carrier,1,27,298.0,298000000,102,164,32,0,0.2361,156,27,298,298000000,27,298,298000000,1,0,0,51425,57858,121320,0,0,SEARCH_CUTOFF,5,1,0,0,-1,298,-1,27,-1,4944,61,4944,11758,0,18901,6,5419,6,2,9878,6710,24301,11177,758.604,1967152,9008,TASKBR_VACANCY_V1,416,116,416,303,538,56.3197,4664,1931,62,5012,5012,1937,403,403,403,403,0,0,0,0,0,0,0,403,526,16,BOTTLENECK_TARGET_FRONTIER_CONTINUITY_V2,11.1081,0.188741,1.88783,0.281314,2.07551,4976,4965,2095,0,2,0,5008,62,30393,0,0,0,7426.5,3093385,40058,911.804,6,0,3,,,,,,,,,,,,,,,,,,,,,,,,,,,,,,,,,,,,,,,,,,,,,,8604.04,8604.14,5bab48fadd4c00fed1abd67f42a95a282109f9f9a8918440087b90fd892c0ef4,8.626,ok,
g5_dhigh_aequal_pcross_heavy_gsingleton_seed0,warehouse_random_factorial,carrier,1,60,570.0,570000000,305,203,52,5,0.3177,524,61,572,572000000,60,570,570000000,1,1,1,6,74,1130,0,0,STRICT_IMPROVEMENT,77,0,0,0,-1,-1,-1,-1,-1,120,22,120,5307,0,610,0,722,226,102,3971,2850,426,807,23.1776,142032,3212,TASKBR_VACANCY_V1,577,203,577,607,982,61.8126,0,470,175,148,148,663,645,630,630,630,0,0,0,0,0,0,0,630,1197,15,BOTTLENECK_TARGET_FRONTIER_CONTINUITY_V2,0.811776,0.337672,2.2575,0.349867,3.57177,67,53,52,0,3,18,125,175,730,0,0,0,978.448,799247,1016,109.688,44,59,4,,,,,,,,,,,,,,,,,,,,,,,,,,,,,,,,,,,,,,,,,,,,,,1065.21,1065.33,9c0fee1b4fbcc3b393957f92c70077f8745edb9e1e15d6cece52de2efdba2e99,1.077,ok,
g5_dhigh_aequal_plocal_gshared_pool_seed0,warehouse_random_factorial,carrier,1,32,291.0,291000000,81,178,32,0,0.1582,189,32,291,291000000,32,291,291000000,1,0,0,12749,67,674,0,0,SEARCH_CUTOFF,2,1,0,0,-1,291,-1,32,-1,65,12288,65,5767,0,162,13,374,9,6,428,163,71,754,16.1527,132704,256,TASKBR_VACANCY_V1,10155,5306,10155,4861,15469,31.4241,0,1318,949,13873,13873,1330,1320,1320,1320,1320,0,0,0,0,0,0,0,1320,13256,16,BOTTLENECK_TARGET_FRONTIER_CONTINUITY_V2,24.0941,0.82633,4.82938,0.788047,5.78793,12960,12951,6375,0,34,274,13563,949,18746,0,0,0,3388.86,1518739,23961,441.592,18,0,0,,,,,,,,,,,,,,,,,,,,,,,,,,,,,,,,,,,,,,,,,,,,,,8623.81,8623.91,903dc200a45e4c7bfef15219a5772a7edc50fc19f9bf24067b4a93e29deda86b,8.647,ok,
g5_dhigh_aequal_plocal_gsingleton_seed0,warehouse_random_factorial,carrier,1,35,293.0,293000000,115,140,36,0,0.2054,215,35,293,293000000,35,293,293000000,1,0,0,36032,37,573,0,0,SEARCH_CUTOFF,5,0,0,0,-1,-1,-1,-1,-1,65,12658,65,1428,0,193,0,279,54,34,2554,1056,151,371,12.2954,65296,760,TASKBR_VACANCY_V1,5176,114,5176,5152,5350,96.2991,0,2866,2606,14245,14245,2944,2924,2909,2909,2909,0,0,0,0,0,0,0,2909,36619,16,BOTTLENECK_TARGET_FRONTIER_CONTINUITY_V2,26.624,2.89193,10.2988,1.82134,6.59987,11701,11693,5654,0,31,267,13945,2606,18156,0,0,0,3403.85,2187418,24928,479.968,36,21,0,,,,,,,,,,,,,,,,,,,,,,,,,,,,,,,,,,,,,,,,,,,,,,8634.41,8634.53,4f9c6d4b679ebe1183769efe12433a8cdcc9de6f723ebf57efed8084024bfaec,8.659,ok,
g5_dhigh_aequal_pmixed_gshared_pool_seed0,warehouse_random_factorial,carrier,1,27,281.0,281000000,103,146,32,0,0.2384,132,27,281,281000000,27,281,281000000,1,0,0,21114,25395,70871,0,0,SEARCH_CUTOFF,7,1,0,0,-1,281,-1,27,-1,2755,686,2755,25629,0,11414,6,9283,2732,2729,242,1189,8485,7507,444.753,1321232,3686,TASKBR_VACANCY_V1,3126,1521,3126,1621,4657,34.8078,2476,1065,757,3450,3450,1077,1063,1060,1060,1060,0,0,0,0,0,0,0,1060,6516,16,BOTTLENECK_TARGET_FRONTIER_CONTINUITY_V2,8.78024,1.02872,4.75477,0.734876,5.33582,2736,2730,2732,0,3,2,3443,757,22723,0,0,0,7894.47,7143481,27551,1216.07,31,3,0,,,,,,,,,,,,,,,,,,,,,,,,,,,,,,,,,,,,,,,,,,,,,,8566.42,8566.54,5a6365ca2859477d0be91be97b6dff6e25f670045529750b4fcca716764818d0,8.584,ok,
g5_dhigh_aequal_pmixed_gsingleton_seed0,warehouse_random_factorial,carrier,1,53,379.0,379000000,193,150,34,0,0.2276,260,53,379,379000000,53,379,379000000,1,0,0,10377,73,1066,0,0,SEARCH_CUTOFF,7,0,0,0,-1,-1,-1,-1,-1,95,12903,95,2892,0,390,0,418,124,82,5966,1810,258,489,16.5452,86064,1952,TASKBR_VACANCY_V1,477,276,477,387,887,43.6302,0,335,145,14084,14084,494,474,466,466,466,0,0,0,0,0,0,0,466,1026,16,BOTTLENECK_TARGET_FRONTIER_CONTINUITY_V2,24.0184,0.24239,1.66083,0.260651,2.50006,14011,14005,6921,0,37,199,13846,145,13343,0,0,0,3373.11,1391111,14683,357.945,82,35,19,,,,,,,,,,,,,,,,,,,,,,,,,,,,,,,,,,,,,,,,,,,,,,8624.93,8625.08,f3121c30ebf45c5d13fcc3b4c8bbf26112e126ef57ae11d07717ace0c644da69,8.649,ok,
g5_dhigh_ascarce_pcross_heavy_gshared_pool_seed0,warehouse_random_factorial,carrier,1,53,360.0,360000000,106,222,32,0,0.25,260,53,360,360000000,53,360,360000000,1,0,0,12479,94,619,0,0,SEARCH_CUTOFF,11,1,0,0,-1,360,-1,53,-1,105,13845,105,4576,0,242,36,947,15,15,4095,17,83,677,22.3012,119152,3985,TASKBR_VACANCY_V1,14774,134,14774,14658,14916,98.2703,0,16109,3589,15257,15257,16124,16107,16092,16092,16092,0,0,0,0,0,0,0,16092,95580,16,BOTTLENECK_TARGET_FRONTIER_CONTINUITY_V2,32.7595,10.7957,35.6707,8.15772,29.686,6694,10,6704,0,26,210,15019,3589,14085,0,0,0,3383.1,1009033,31125,391.38,1758,0,0,,,,,,,,,,,,,,,,,,,,,,,,,,,,,,,,,,,,,,,,,,,,,,8659.73,8659.83,d8a40f3ceab23e3b332ebcb34fd8fbcbee69154c71896a12fb1a83676b770eff,8.683,ok,
g5_dhigh_ascarce_pcross_heavy_gsingleton_seed0,warehouse_random_factorial,carrier,1,74,484.0,484000000,229,223,32,0,0.3868,962,74,484,484000000,74,484,484000000,1,0,0,4684,78,663,0,0,SEARCH_CUTOFF,20,0,0,0,-1,-1,-1,-1,-1,141,9086,141,5042,0,511,0,1288,368,110,2908,7588,345,823,27.1651,144848,9294,TASKBR_VACANCY_V1,1065,305,1065,1141,1765,64.6459,0,910,145,14202,14202,1105,1089,919,919,919,0,0,0,0,0,0,0,919,982,15,BOTTLENECK_TARGET_FRONTIER_CONTINUITY_V2,19.3998,0.442763,3.42854,0.681699,6.9682,14111,14071,6218,0,34,286,13880,145,9574,0,0,0,4116.05,1377359,15103,307.439,23,0,4,,,,,,,,,,,,,,,,,,,,,,,,,,,,,,,,,,,,,,,,,,,,,,8625.81,8625.92,257217a0b755dc0e56736802a02aa36a8ae059f84fd0929cbfe78438c34ceac1,8.648,ok,
g5_dhigh_ascarce_plocal_gshared_pool_seed0,warehouse_random_factorial,carrier,1,44,293.0,293000000,81,180,32,0,0.2301,246,44,293,293000000,44,293,293000000,1,0,0,19527,50,416,0,0,SEARCH_CUTOFF,4,1,0,0,-1,293,-1,44,-1,78,10743,78,5820,0,128,0,668,6,6,1036,323,59,774,19.068,136224,306,TASKBR_VACANCY_V1,707,93,707,625,806,77.5434,0,1676,1017,15744,15744,1685,1674,1674,1674,1674,0,0,0,0,0,0,0,1674,7574,16,BOTTLENECK_TARGET_FRONTIER_CONTINUITY_V2,22.4179,0.86187,5.04776,1.04729,7.98235,14788,14758,7337,0,30,260,15452,1017,10915,0,0,0,3043.8,477519,16325,196.204,41,0,0,,,,,,,,,,,,,,,,,,,,,,,,,,,,,,,,,,,,,,,,,,,,,,8652.73,8652.84,15d96441a39af2d8453a057e688921058cc6b20d33e67b9e7cfa634769c24bc1,8.676,ok,
g5_dhigh_ascarce_plocal_gsingleton_seed0,warehouse_random_factorial,carrier,1,49,341.0,341000000,113,190,36,0,0.2883,427,49,341,341000000,49,341,341000000,1,0,0,1296,19836,64961,0,0,SEARCH_CUTOFF,23,0,0,0,-1,-1,-1,-1,-1,78,14337,78,2501,0,200,0,807,136,42,4500,1628,136,485,15.234,85360,1072,TASKBR_VACANCY_V1,15051,103,15051,15106,15276,98.8871,0,16289,164,15517,15517,16380,16364,16273,16273,16273,0,0,0,0,0,0,0,16273,99173,16,BOTTLENECK_TARGET_FRONTIER_CONTINUITY_V2,31.9094,10.6064,35.7265,7.85012,43.1429,7827,6,7850,0,26,227,15262,164,14576,0,0,0,3312.03,383638,25093,274.266,34,0,0,,,,,,,,,,,,,,,,,,,,,,,,,,,,,,,,,,,,,,,,,,,,,,8650.61,8650.73,2e230281c89b5fa828012f9610fad5d96c941a89720de8b61158dbd89fdb1b04,8.672,ok,
g5_dhigh_ascarce_pmixed_gshared_pool_seed0,warehouse_random_factorial,carrier,1,43,308.0,308000000,101,175,32,0,0.2936,231,43,308,308000000,43,308,308000000,1,0,0,77645,49,414,0,0,SEARCH_CUTOFF,25,1,0,0,-1,308,-1,43,-1,941,9273,941,8829,0,1183,19,2866,143,140,3615,4077,1226,2614,158.188,460064,4849,TASKBR_VACANCY_V1,14417,5539,14417,9615,20324,47.3086,645,5101,4755,10316,10316,5476,5380,5365,5365,5365,0,0,0,0,0,0,0,5365,18557,16,BOTTLENECK_TARGET_FRONTIER_CONTINUITY_V2,18.3186,3.36744,12.959,2.57132,12.7468,6166,6139,3163,0,17,173,10124,4755,30914,0,0,0,5896.81,1970351,70996,666.824,38,0,0,,,,,,,,,,,,,,,,,,,,,,,,,,,,,,,,,,,,,,,,,,,,,,8617,8617.11,7df0cf83d8ac9459a1db393a6fcf3e76d96821ac22184a5f29608d843cc13478,8.642,ok,
g5_dhigh_ascarce_pmixed_gsingleton_seed0,warehouse_random_factorial,carrier,1,72,437.0,437000000,191,210,34,0,0.3316,605,72,437,437000000,72,437,437000000,1,0,0,4020,75,632,0,0,SEARCH_CUTOFF,9,0,0,0,-1,-1,-1,-1,-1,128,7998,128,5036,6,433,0,1070,256,122,5700,7984,199,797,24.7264,140272,9544,TASKBR_VACANCY_V1,1041,396,1041,944,1685,56.0237,0,797,145,14612,14612,1046,1026,826,826,826,0,0,0,0,0,0,0,826,932,16,BOTTLENECK_TARGET_FRONTIER_CONTINUITY_V2,19.7542,0.378224,2.90774,0.586055,4.38772,14514,14488,7243,0,42,280,14288,145,8398,0,0,0,3892.34,4298594,15450,612.302,27,20,0,,,,,,,,,,,,,,,,,,,,,,,,,,,,,,,,,,,,,,,,,,,,,,8632.45,8632.58,d40402fd35fcc73be4487c84e159be16d74584893870cfdd953397f4447ec4c4,8.654,ok,
g5_dhigh_asurplus_pcross_heavy_gshared_pool_seed0,warehouse_random_factorial,carrier,1,22,238.0,238000000,102,104,32,0,0.1932,118,22,238,238000000,22,238,238000000,1,0,0,48659,64891,348247,0,0,SEARCH_CUTOFF,1,1,0,0,-1,238,-1,22,-1,178,12861,178,2117,0,426,0,436,16,14,582,36,380,634,29.7882,111584,660,TASKBR_VACANCY_V1,8156,170,8156,8007,8345,95.9497,0,10143,3383,13110,13110,10163,3617,3617,3617,3617,0,0,0,0,0,0,0,3617,65383,16,BOTTLENECK_TARGET_FRONTIER_CONTINUITY_V2,32.0569,3.75429,18.144,2.86214,18.7893,10002,9996,8459,0,1,19,13088,3383,38027,0,0,0,3793.55,872023,82330,585.619,0,0,0,,,,,,,,,,,,,,,,,,,,,,,,,,,,,,,,,,,,,,,,,,,,,,8649.31,8649.42,1e578caad6abf0031c8d6c4773f5adb845b8441d1798f0aaebd80d15724c2c29,8.675,ok,
g5_dhigh_asurplus_pcross_heavy_gsingleton_seed0,warehouse_random_factorial,carrier,1,50,458.0,458000000,262,131,54,5,0.2183,378,50,458,458000000,50,458,458000000,1,0,0,36487,50442,300634,0,0,SEARCH_CUTOFF,36,0,0,0,-1,-1,-1,-1,-1,92,9396,92,2845,0,506,0,448,157,68,414,1872,399,597,17.6753,105072,1760,TASKBR_VACANCY_V1,374,188,374,370,753,49.1368,0,3538,4456,11654,11654,4794,4775,4775,4775,4775,0,0,0,3,0,0,0,4775,96676,15,BOTTLENECK_TARGET_FRONTIER_CONTINUITY_V2,29.9736,4.84431,22.9667,3.87777,34.038,8350,8344,4178,0,21,168,11463,4456,15076,0,0,0,4421.41,4067059,31482,943.787,3,90,9,,,,,,,,,,,,,,,,,,,,,,,,,,,,,,,,,,,,,,,,,,,,,,8620.48,8620.63,6b470a7205d5b30d97cc2d91d81d531b14f7f6150b8c8eb50baf9af793b508f4,8.645,ok,
g5_dhigh_asurplus_plocal_gshared_pool_seed0,warehouse_random_factorial,carrier,1,22,235.0,235000000,82,121,32,0,0.1553,139,22,235,235000000,22,235,235000000,1,0,0,143184,3,74,0,0,SEARCH_CUTOFF,0,1,0,0,-1,235,-1,22,-1,887,6823,887,6398,0,2715,6,2533,0,0,1188,6162,3577,2192,145.789,385792,362,TASKBR_VACANCY_V1,15690,106,15690,15584,15796,98.6579,612,15690,48,7717,7717,15690,15676,15676,15676,15676,0,0,0,0,0,0,0,15676,139616,16,BOTTLENECK_TARGET_FRONTIER_CONTINUITY_V2,32.2011,12.7964,67.9124,7.99092,77.4323,6899,61,6893,0,0,5,7710,48,34990,0,0,0,6881.8,9268156,61714,1907.17,0,0,0,,,,,,,,,,,,,,,,,,,,,,,,,,,,,,,,,,,,,,,,,,,,,,8617.58,8617.69,711c82d862dafa03ab86035f52a71717f71652656046814163c9fe7a0cf6fc82,8.646,ok,
g5_dhigh_asurplus_plocal_gsingleton_seed0,warehouse_random_factorial,carrier,1,27,262.0,262000000,115,109,36,0,0.1775,191,27,262,262000000,27,262,262000000,1,0,0,11848,65,943,0,0,SEARCH_CUTOFF,1,0,0,0,-1,-1,-1,-1,-1,60,7610,60,1128,0,208,0,258,46,20,3218,1244,182,262,10.1541,46112,1152,TASKBR_VACANCY_V1,233,80,233,216,364,59.3407,0,272,66,13077,13077,311,293,293,293,293,0,0,0,0,0,0,0,293,716,16,BOTTLENECK_TARGET_FRONTIER_CONTINUITY_V2,27.8081,0.198798,1.82781,0.202737,3.51864,13050,13044,6310,0,33,249,12793,66,7938,0,0,0,3449.45,1357473,13449,384.666,3,12,13,,,,,,,,,,,,,,,,,,,,,,,,,,,,,,,,,,,,,,,,,,,,,,8613.25,8613.38,2539c60b91bbc6eadb364532011c376fb925e7daec1c84f936bea9044da084cd,8.636,ok,
g5_dhigh_asurplus_pmixed_gshared_pool_seed0,warehouse_random_factorial,carrier,1,25,274.0,274000000,102,134,36,0,0.17,125,26,260,260000000,25,274,274000000,1,1,1,0,4,99,0,0,STRICT_IMPROVEMENT,4,1,1,1,328,260,274,26,25,45,11,45,2317,0,224,10,335,29,7,289,788,73,334,9.5829,58784,1041,TASKBR_VACANCY_V1,357,140,357,245,522,46.9349,0,335,92,64,64,362,345,345,345,345,0,0,0,0,0,0,0,345,1103,16,BOTTLENECK_TARGET_FRONTIER_CONTINUITY_V2,0.463732,0.241105,2.18965,0.23833,3.06854,20,15,11,0,6,3,53,92,251,0,0,0,278.894,191118,400,32.5744,28,6,0,,,,,,,,,,,,,,,,,,,,,,,,,,,,,,,,,,,,,,,,,,,,,,337.489,337.587,c31a4ca34c964bc039e78990d21c60418d832028d38be44f8a1672b4e0d88779,0.348,ok,
g5_dhigh_asurplus_pmixed_gsingleton_seed0,warehouse_random_factorial,carrier,1,41,335.0,335000000,193,106,34,0,0.1961,223,41,335,335000000,41,335,335000000,1,0,0,33482,49801,339982,0,0,SEARCH_CUTOFF,0,0,0,0,-1,-1,-1,-1,-1,85,12546,85,2425,0,381,0,296,72,46,3062,1320,320,387,14.4214,68112,1268,TASKBR_VACANCY_V1,299,142,299,252,522,48.2759,0,242,76,13296,13296,331,314,314,314,314,0,0,0,0,0,0,0,314,1218,16,BOTTLENECK_TARGET_FRONTIER_CONTINUITY_V2,28.2302,0.227162,1.62219,0.222714,8.0146,13250,13242,10237,0,1,37,13256,76,22245,0,0,0,3383.29,1038003,26974,394.383,6,29,6,,,,,,,,,,,,,,,,,,,,,,,,,,,,,,,,,,,,,,,,,,,,,,8621.47,8621.58,ce70a91e9859ed1422127e3c35a8ab7ceda083374baf527915629326f21b2520,8.647,ok,
g5_dlow_abaseline_pcross_heavy_gshared_pool_seed0,warehouse_random_factorial,carrier,1,32,295.0,295000000,94,169,32,0,0.2448,130,32,297,297000000,32,295,295000000,1,1,1,1147,1585,5293,0,0,STRICT_IMPROVEMENT,6,1,1,1,656,297,295,32,32,383,12,383,4393,0,1065,6,1079,120,120,504,19,1126,1448,57.0665,254848,220,TASKBR_VACANCY_V1,601,164,601,470,786,59.7964,98,615,99,403,403,642,557,530,530,530,0,0,0,0,0,0,0,530,643,16,BOTTLENECK_TARGET_FRONTIER_CONTINUITY_V2,1.15161,0.257036,2.44834,0.375566,2.70348,356,336,349,0,1,13,387,99,1588,0,0,0,593.973,341444,3174,79.9073,17,0,3,,,,,,,,,,,,,,,,,,,,,,,,,,,,,,,,,,,,,,,,,,,,,,665.706,665.798,2043597409ee2f80a6e743334e3163fa343dbc3a9887f6c4032fb69ceda6421e,0.675,ok,
g5_dlow_abaseline_pcross_heavy_gsingleton_seed0,warehouse_random_factorial,carrier,1,57,452.0,452000000,223,197,32,0,0.326,314,57,452,452000000,57,452,452000000,1,0,0,149019,90,852,0,0,SEARCH_CUTOFF,8,0,0,0,-1,-1,-1,-1,-1,968,14502,968,8558,0,1774,0,2307,328,231,3320,2442,1817,3162,142.396,556512,1106,TASKBR_VACANCY_V1,12086,5756,12086,6508,18041,36.0734,658,3488,3028,15944,15944,3616,3560,3505,3505,3505,0,0,0,0,0,0,0,3505,27088,15,BOTTLENECK_TARGET_FRONTIER_CONTINUITY_V2,26.1136,2.78801,10.5264,1.92355,10.9235,12947,12937,6060,0,49,395,15498,3028,34412,0,0,0,3850.73,5083658,79677,1132.77,17,8,14,,,,,,,,,,,,,,,,,,,,,,,,,,,,,,,,,,,,,,,,,,,,,,8660.98,8661.08,13276dbfdfd0cd7df090793e9bbba88dd08a29c73b35486e2689884ed836c7df,8.696,ok,
g5_dlow_abaseline_plocal_gshared_pool_seed0,warehouse_random_factorial,carrier,1,28,277.0,277000000,69,176,32,0,0.2054,116,28,277,277000000,28,277,277000000,1,0,0,2050,61,571,0,0,SEARCH_CUTOFF,1,1,0,0,-1,277,-1,28,-1,3208,2245,3208,19250,0,3152,0,12130,6,6,812,14785,3514,7508,459.682,1321408,14346,TASKBR_VACANCY_V1,4871,3144,4871,1738,8021,21.6681,2928,2979,755,5462,5462,2988,1202,1193,1193,1193,0,0,0,0,0,0,0,1193,4630,16,BOTTLENECK_TARGET_FRONTIER_CONTINUITY_V2,10.9753,1.03344,4.42525,0.777289,6.00744,4762,4752,2469,0,0,2,5458,755,29527,0,0,0,8043.82,979639,41860,455.503,37,0,0,,,,,,,,,,,,,,,,,,,,,,,,,,,,,,,,,,,,,,,,,,,,,,8573.11,8573.21,d1c99e3ee4d770179f56c721f94dd6d3aa75c359fe5b817030157273109af754,8.589,ok,
g5_dlow_abaseline_plocal_gsingleton_seed0,warehouse_random_factorial,carrier,1,35,290.0,290000000,110,145,34,0,0.2619,163,36,292,292000000,35,290,290000000,1,1,1,1,40,485,0,0,STRICT_IMPROVEMENT,1,0,0,0,-1,-1,-1,-1,-1,68,12,68,1635,0,193,0,373,38,30,1512,578,153,339,10.7262,59664,318,TASKBR_VACANCY_V1,404,94,404,372,530,70.1887,0,493,99,92,92,550,532,478,478,478,0,0,0,0,0,0,0,478,635,16,BOTTLENECK_TARGET_FRONTIER_CONTINUITY_V2,0.498912,0.23616,2.08396,0.311729,4.42494,42,22,38,0,2,12,76,99,289,0,0,0,280.199,228087,586,36.824,11,0,0,,,,,,,,,,,,,,,,,,,,,,,,,,,,,,,,,,,,,,,,,,,,,,328.79,328.869,d96a6558f1dc56ed3a0ef0605fccafbdce5847d72c4e2ca540928ef34b58abd8,0.338,ok,
g5_dlow_abaseline_pmixed_gshared_pool_seed0,warehouse_random_factorial,carrier,1,25,248.0,248000000,89,127,32,0,0.2967,119,25,248,248000000,25,248,248000000,1,0,0,3805,23380,146806,0,0,SEARCH_CUTOFF,3,1,0,0,-1,248,-1,25,-1,63,15081,63,3150,0,172,0,481,6,6,20,46,91,431,11.4914,75856,25,TASKBR_VACANCY_V1,57724,9497,57724,48240,67223,71.7612,0,48009,706,15700,15700,48016,48007,48000,48000,48000,0,0,0,0,0,0,0,48000,157567,16,BOTTLENECK_TARGET_FRONTIER_CONTINUITY_V2,51.756,23.9802,104.773,14.1937,104.531,15032,27,15032,0,5,116,15577,706,25306,0,0,0,3468.49,3780868,125582,1530.09,14,0,0,,,,,,,,,,,,,,,,,,,,,,,,,,,,,,,,,,,,,,,,,,,,,,8653.63,8653.75,4b97e56b845245d0f2349ba01417e3034cb5ed775e20b986bde7d11f93ec6e36,8.676,ok,
g5_dlow_abaseline_pmixed_gsingleton_seed0,warehouse_random_factorial,carrier,1,42,381.0,381000000,189,160,32,0,0.375,233,42,381,381000000,42,381,381000000,1,0,0,22894,38,491,0,0,SEARCH_CUTOFF,4,0,0,0,-1,-1,-1,-1,-1,156,15912,156,2620,0,510,0,556,64,52,8286,2106,426,440,21.7723,77440,1928,TASKBR_VACANCY_V1,450,117,450,405,616,65.7468,0,452,97,16326,16326,516,499,471,471,471,0,0,0,0,0,0,0,471,525,16,BOTTLENECK_TARGET_FRONTIER_CONTINUITY_V2,24.1606,0.216684,1.80681,0.309335,6.02623,16274,16264,9128,0,21,264,16039,97,37451,0,0,0,3175.61,6720374,81947,1424.11,20,2,0,,,,,,,,,,,,,,,,,,,,,,,,,,,,,,,,,,,,,,,,,,,,,,8644.9,8645.01,ed91f58527b6fc61b18ccd9a493360c767127770c609344ed45a160d8e27980d,8.665,ok,
g5_dlow_aequal_pcross_heavy_gshared_pool_seed0,warehouse_random_factorial,carrier,1,27,286.0,286000000,100,154,32,0,0.2315,124,27,286,286000000,27,286,286000000,1,0,0,3947,22,372,0,0,SEARCH_CUTOFF,1,1,0,0,-1,286,-1,27,-1,2987,3477,2987,13212,0,2528,2,11576,14,14,26102,35219,2438,7029,438.649,1237104,6518,TASKBR_VACANCY_V1,7789,1639,7789,6174,9442,65.3887,2707,3150,798,6471,6471,3169,1142,1142,1142,1142,0,0,0,0,0,0,0,1142,8488,16,BOTTLENECK_TARGET_FRONTIER_CONTINUITY_V2,13.673,1.25694,5.03223,0.840966,3.05346,5698,5692,1601,0,3,24,6442,798,26837,0,0,0,7893.24,476408,43911,353.441,13,6,3,,,,,,,,,,,,,,,,,,,,,,,,,,,,,,,,,,,,,,,,,,,,,,8584.29,8584.41,04768e5e42ac2177ffde1c4b99e1a5149319405c7a768bebd6aedbd252713f3b,8.602,ok,
g5_dlow_aequal_pcross_heavy_gsingleton_seed0,warehouse_random_factorial,carrier,1,61,506.0,506000000,301,173,32,0,0.3084,279,61,506,506000000,61,506,506000000,1,0,0,9070,28871,233758,0,0,SEARCH_CUTOFF,78,0,0,0,-1,-1,-1,-1,-1,128,15980,128,4094,0,611,0,591,155,101,1567,1148,429,521,19.1921,91696,481,TASKBR_VACANCY_V1,448,165,448,415,721,57.5589,0,3192,2858,16580,16580,3323,3297,3293,3293,3293,0,0,0,0,0,0,0,3293,41216,15,BOTTLENECK_TARGET_FRONTIER_CONTINUITY_V2,31.8276,2.74803,11.3389,2.24359,6.34069,13715,13699,6711,0,27,230,16321,2858,25489,0,0,0,2481.44,1140216,33166,423.622,2,51,2,,,,,,,,,,,,,,,,,,,,,,,,,,,,,,,,,,,,,,,,,,,,,,8639.65,8639.76,1f3879219b39925170c422c333d10d3cb409ede50bbb0c7260cb0af6689c33e5,8.662,ok,
g5_dlow_aequal_plocal_gshared_pool_seed0,warehouse_random_factorial,carrier,1,23,272.0,272000000,71,169,32,0,0.1929,97,24,270,270000000,23,272,272000000,1,1,1,3373,28,449,0,0,STRICT_IMPROVEMENT,3,1,1,1,5271,270,272,24,23,4035,3272,4035,15128,0,1663,0,13931,6,6,1844,192,1612,8637,570.515,1520112,105,TASKBR_VACANCY_V1,2215,630,2215,1595,2850,55.9649,3760,1801,327,7364,7364,1808,680,680,680,680,0,0,0,0,0,0,0,680,3816,16,BOTTLENECK_TARGET_FRONTIER_CONTINUITY_V2,14.8342,0.532269,3.14701,0.491385,4.77274,7065,7055,2860,0,38,344,6980,327,23490,0,0,0,4190.47,510805,44480,374.062,19,0,0,,,,,,,,,,,,,,,,,,,,,,,,,,,,,,,,,,,,,,,,,,,,,,5373.42,5373.52,6f09e905ff5cb5d2bf30313c8f643fd0d3df1ff6950eaf9347dccc6a2317298a,5.391,ok,
g5_dlow_aequal_plocal_gsingleton_seed0,warehouse_random_factorial,carrier,1,35,281.0,281000000,114,132,34,0,0.2036,142,35,281,281000000,35,281,281000000,1,0,0,28772,37,588,0,0,SEARCH_CUTOFF,1,0,0,0,-1,-1,-1,-1,-1,70,15271,70,1387,0,199,0,260,42,34,2746,644,158,315,10.5818,55440,660,TASKBR_VACANCY_V1,7777,4000,7777,3849,11822,32.5579,0,1585,1297,16863,16863,1651,1630,1615,1615,1615,0,0,0,0,0,0,0,1615,18381,16,BOTTLENECK_TARGET_FRONTIER_CONTINUITY_V2,28.2305,1.2412,5.52712,0.91987,8.53713,15592,15584,7531,0,32,295,16534,1297,23368,0,0,0,2387.62,2597739,30144,554.082,18,30,0,,,,,,,,,,,,,,,,,,,,,,,,,,,,,,,,,,,,,,,,,,,,,,8629.12,8629.25,c89807571f539ce11ec3c361ed2fdebcf6f0c7266e984dbac5c2014ada9c2010,8.652,ok,
g5_dlow_aequal_pmixed_gshared_pool_seed0,warehouse_random_factorial,carrier,1,24,280.0,280000000,97,151,32,0,0.2526,99,24,280,280000000,24,280,280000000,1,0,0,8285,28282,233872,0,0,SEARCH_CUTOFF,5,1,0,0,-1,280,-1,24,-1,61,16006,61,1914,0,206,4,398,10,10,20,176,94,280,10.1992,49280,55,TASKBR_VACANCY_V1,16422,137,16422,16303,16564,98.4243,0,16995,109,16673,16673,17007,16992,16992,16992,16992,0,0,0,0,0,0,0,16992,227852,16,BOTTLENECK_TARGET_FRONTIER_CONTINUITY_V2,43.5798,15.4252,55.8846,10.6128,36.2526,11722,19,11719,0,28,273,16370,109,27169,0,0,0,2445.64,1130027,86397,676.408,57,0,0,,,,,,,,,,,,,,,,,,,,,,,,,,,,,,,,,,,,,,,,,,,,,,8639.06,8639.15,acc0739b8fee8d6d2449c3af601126a0a6baf1c1426087581fdc7e4eb43ed12e,8.662,ok,
g5_dlow_aequal_pmixed_gsingleton_seed0,warehouse_random_factorial,carrier,1,43,358.0,358000000,187,139,32,0,0.2718,188,43,358,358000000,43,358,358000000,1,0,0,5442,25558,234721,0,0,SEARCH_CUTOFF,4,0,0,0,-1,-1,-1,-1,-1,100,16501,100,2630,0,384,0,376,72,50,4472,1252,304,331,14.232,58256,1228,TASKBR_VACANCY_V1,365,148,365,316,575,54.9565,0,308,114,16822,16822,386,368,368,368,368,0,0,0,0,0,0,0,368,680,16,BOTTLENECK_TARGET_FRONTIER_CONTINUITY_V2,26.5806,0.180586,1.40999,0.199425,2.29008,16766,16758,8453,0,3,30,16787,114,29556,0,0,0,2283.06,1681288,34072,521.86,54,11,2,,,,,,,,,,,,,,,,,,,,,,,,,,,,,,,,,,,,,,,,,,,,,,8650.47,8650.62,46f2aef904022e4851e80a2d4d96a51ee6e2e2b43f8a6442b41bd8680e9e8039,8.672,ok,
g5_dlow_ascarce_pcross_heavy_gshared_pool_seed0,warehouse_random_factorial,carrier,1,53,362.0,362000000,96,234,32,0,0.2264,202,54,362,362000000,53,362,362000000,1,1,1,22,51,447,0,0,STRICT_IMPROVEMENT,41,1,1,1,454,362,362,54,53,118,16,118,5559,0,194,16,857,23,23,307,19,73,637,20.889,112112,88,TASKBR_VACANCY_V1,837,143,837,722,996,72.49,0,944,221,160,160,967,944,921,921,921,0,0,0,0,0,0,0,921,980,16,BOTTLENECK_TARGET_FRONTIER_CONTINUITY_V2,0.831739,0.409132,4.03826,0.807487,6.46753,95,52,90,0,21,36,101,221,272,0,0,0,404.789,212570,857,37.6262,60,0,0,,,,,,,,,,,,,,,,,,,,,,,,,,,,,,,,,,,,,,,,,,,,,,461.141,461.229,9f530aeaeb5697bdda98b46b39fa6e7c008231422457c74dadb1ac73ad8e32e9,0.471,ok,
g5_dlow_ascarce_pcross_heavy_gsingleton_seed0,warehouse_random_factorial,carrier,1,73,488.0,488000000,227,229,32,0,0.3887,475,73,488,488000000,73,488,488000000,1,0,0,11942,76,660,0,0,SEARCH_CUTOFF,21,0,0,0,-1,-1,-1,-1,-1,170,16212,170,4938,0,532,0,1247,294,112,244,796,379,745,26.4944,131120,162,TASKBR_VACANCY_V1,1072,303,1072,1077,1688,63.8033,0,920,166,17900,17900,1111,1092,927,927,927,0,0,0,0,0,0,0,927,987,15,BOTTLENECK_TARGET_FRONTIER_CONTINUITY_V2,21.9597,0.421782,3.44514,0.676522,6.84878,17802,17772,8357,0,34,322,17542,166,25605,0,0,0,2415.04,1915836,30516,437.249,38,0,2,,,,,,,,,,,,,,,,,,,,,,,,,,,,,,,,,,,,,,,,,,,,,,8660.67,8660.79,ed4ed1a5ac7746f31f162ef314f90eb91569c525717aea80e9df64ee82ee616f,8.679,ok,
g5_dlow_ascarce_plocal_gshared_pool_seed0,warehouse_random_factorial,carrier,1,37,256.0,256000000,69,155,32,0,0.2331,138,37,256,256000000,37,256,256000000,1,0,0,3996,25800,77412,0,0,SEARCH_CUTOFF,1,1,0,0,-1,256,-1,37,-1,84,16534,84,3079,0,106,0,633,6,6,860,359,59,461,15.0045,81136,334,TASKBR_VACANCY_V1,33700,83,33700,33625,33787,99.5205,0,33006,3041,17708,17708,33012,33000,32994,32994,32994,0,0,0,0,0,0,0,32994,105118,16,BOTTLENECK_TARGET_FRONTIER_CONTINUITY_V2,39.9248,16.0783,55.4661,10.1564,35.737,9145,22,9144,0,24,233,17449,3041,25344,0,0,0,2319.17,1131448,116444,706.257,25,0,0,,,,,,,,,,,,,,,,,,,,,,,,,,,,,,,,,,,,,,,,,,,,,,8658.26,8658.36,8e7416d7c79db0fbc15309e9636af792b162349fdf1429f1188c0b44e3a4a363,8.679,ok,
g5_dlow_ascarce_plocal_gsingleton_seed0,warehouse_random_factorial,carrier,1,49,335.0,335000000,112,188,34,0,0.2857,255,49,335,335000000,49,335,335000000,1,0,0,1081,23498,75102,0,0,SEARCH_CUTOFF,21,0,0,0,-1,-1,-1,-1,-1,79,14407,79,2485,0,198,0,739,78,42,3858,1360,134,412,12.9527,72512,846,TASKBR_VACANCY_V1,15128,101,15128,15126,15293,98.908,0,18942,160,18178,18178,19016,19000,18926,18926,18926,0,0,0,0,0,0,0,18926,121425,16,BOTTLENECK_TARGET_FRONTIER_CONTINUITY_V2,33.8641,11.1353,37.023,8.15448,43.1535,12589,7,12603,0,27,277,17872,160,14644,0,0,0,2025.2,722918,36905,370.779,36,0,0,,,,,,,,,,,,,,,,,,,,,,,,,,,,,,,,,,,,,,,,,,,,,,8664.29,8664.41,7dda38054982e51a49c3caec7466d895da56a176b230d79035e2625b014c27b9,8.684,ok,
g5_dlow_ascarce_pmixed_gshared_pool_seed0,warehouse_random_factorial,carrier,1,41,287.0,287000000,89,166,32,0,0.2713,167,41,287,287000000,41,287,287000000,1,0,0,4548,24192,70271,0,0,SEARCH_CUTOFF,16,1,0,0,-1,287,-1,41,-1,190,16140,190,5374,0,324,5,923,12,12,110,73,250,916,30.9796,161216,105,TASKBR_VACANCY_V1,27691,5517,27691,22191,33213,66.8142,0,19752,2826,16402,16402,19765,19754,19741,19741,19741,0,0,0,0,0,0,0,19741,79957,16,BOTTLENECK_TARGET_FRONTIER_CONTINUITY_V2,34.9066,11.9643,40.4436,7.98815,33.0175,9730,63,9735,0,6,102,16292,2826,37201,0,0,0,3319,5675362,123987,1512.05,26,0,0,,,,,,,,,,,,,,,,,,,,,,,,,,,,,,,,,,,,,,,,,,,,,,8648.42,8648.53,dd85773b1457bbe71770d06acb911b490e7ad8d78241645f02ad711eee4a628d,8.668,ok,
g5_dlow_ascarce_pmixed_gsingleton_seed0,warehouse_random_factorial,carrier,1,57,399.0,399000000,191,176,32,0,0.4189,336,58,397,397000000,57,399,399000000,1,1,1,1,56,492,1,1,REFERENCE_SUFFIX_ACCEPTED,7,0,0,0,-1,-1,-1,-1,-1,120,11,120,2799,0,405,0,907,84,62,2880,848,277,458,18.3339,80608,770,TASKBR_VACANCY_V1,894,165,894,829,1134,73.1041,0,852,118,138,138,937,917,839,839,839,0,0,0,0,0,0,0,839,904,16,BOTTLENECK_TARGET_FRONTIER_CONTINUITY_V2,0.736224,0.345739,3.29553,0.639819,5.80148,72,26,76,0,4,5,127,118,447,0,0,0,628.145,614541,925,85.322,20,0,0,,,,,,,,,,,,,,,,,,,,,,,,,,,,,,,,,,,,,,,,,,,,,,681.776,681.872,b79bbde908e8b5f8c49b239364556c7a52812deff0dc57761200c2b95c945e9e,0.691,ok,
g5_dlow_asurplus_pcross_heavy_gshared_pool_seed0,warehouse_random_factorial,carrier,1,24,244.0,244000000,108,104,32,0,0.1875,95,25,236,236000000,24,244,244000000,1,1,1,329,27,617,1,1,REFERENCE_SUFFIX_ACCEPTED,7,1,1,1,322,236,244,25,24,173,130,173,2344,0,332,4,521,14,14,46,26,249,521,24.5723,91696,27,TASKBR_VACANCY_V1,420,181,420,255,619,41.1955,0,321,88,310,310,334,310,310,310,310,0,0,0,0,0,0,0,310,1401,16,BOTTLENECK_TARGET_FRONTIER_CONTINUITY_V2,0.977019,0.219136,2.05206,0.24377,3.28951,244,234,148,0,7,23,278,88,975,0,0,0,265.35,171015,1677,39.5118,13,13,0,,,,,,,,,,,,,,,,,,,,,,,,,,,,,,,,,,,,,,,,,,,,,,329.207,329.307,0519a73afa628b3a7e76b3a42ecf87ea12472527067507d3a7136308909975c2,0.339,ok,
g5_dlow_asurplus_pcross_heavy_gsingleton_seed0,warehouse_random_factorial,carrier,1,45,365.0,365000000,220,110,34,0,0.2037,175,45,365,365000000,45,365,365000000,1,0,0,3786,23485,384061,0,0,SEARCH_CUTOFF,2,0,0,0,-1,-1,-1,-1,-1,106,15945,106,2052,0,455,0,341,86,56,97,894,363,361,15.0667,63536,78,TASKBR_VACANCY_V1,9031,7333,9031,1792,16443,10.8983,0,867,662,16298,16298,974,944,944,944,944,0,0,0,0,0,0,0,944,14988,15,BOTTLENECK_TARGET_FRONTIER_CONTINUITY_V2,33.4807,0.720215,3.92573,0.641095,5.52919,15649,15639,10947,0,1,45,16250,662,27965,0,0,0,2377.69,710418,25663,277.157,0,68,7,,,,,,,,,,,,,,,,,,,,,,,,,,,,,,,,,,,,,,,,,,,,,,8638.84,8638.97,11ff5dc25936c81c241f4397c0279f109ad1f0c94962adbfcf47443dfe3516e2,8.665,ok,
g5_dlow_asurplus_plocal_gshared_pool_seed0,warehouse_random_factorial,carrier,1,19,222.0,222000000,67,123,32,0,0.1469,78,20,224,224000000,19,222,222000000,1,1,1,1,24,542,0,0,STRICT_IMPROVEMENT,0,1,1,1,175,224,222,20,19,36,9,36,1377,0,115,0,256,6,6,218,182,65,210,6.49145,36960,60,TASKBR_VACANCY_V1,297,100,297,206,402,51.2438,0,327,55,55,55,334,315,315,315,315,0,0,0,0,0,0,0,315,792,16,BOTTLENECK_TARGET_FRONTIER_CONTINUITY_V2,0.397215,0.21702,2.07743,0.245314,2.6908,19,11,9,0,2,3,48,55,217,0,0,0,132.941,88916,364,18.4712,4,0,0,,,,,,,,,,,,,,,,,,,,,,,,,,,,,,,,,,,,,,,,,,,,,,179.098,179.191,e598f34bd14d09f5b81c03e47f418a82a4303ce95eeda58a6412c2708e812492,0.189,ok,
g5_dlow_asurplus_plocal_gsingleton_seed0,warehouse_random_factorial,carrier,1,26,252.0,252000000,116,101,34,0,0.1859,119,27,250,250000000,26,252,252000000,1,1,1,17,65,1251,0,0,STRICT_IMPROVEMENT,1,0,0,0,-1,-1,-1,-1,-1,84,14,84,1123,0,235,0,268,32,20,2582,758,209,277,11.8907,48752,644,TASKBR_VACANCY_V1,233,83,233,197,348,56.6092,0,266,48,106,106,299,278,278,278,278,0,0,0,0,0,0,0,278,659,16,BOTTLENECK_TARGET_FRONTIER_CONTINUITY_V2,0.471301,0.183425,1.85304,0.200455,3.40732,82,76,59,0,11,28,65,48,393,0,0,0,213.405,205886,532,35.7978,0,21,13,,,,,,,,,,,,,,,,,,,,,,,,,,,,,,,,,,,,,,,,,,,,,,263.609,263.706,1727ee52f548a1a690474ba70f0a7453eed1b1834cf6e060251d4791fbf4b3cd,0.273,ok,
g5_dlow_asurplus_pmixed_gshared_pool_seed0,warehouse_random_factorial,carrier,1,26,232.0,232000000,97,103,32,0,0.1554,91,26,232,232000000,26,232,232000000,1,0,0,6156,6,149,0,0,SEARCH_CUTOFF,0,1,0,0,-1,232,-1,26,-1,2081,675,2081,25656,0,16570,2,8616,695,695,4025,33113,16996,4263,282.299,750288,16914,TASKBR_VACANCY_V1,5743,3784,5743,2885,9529,30.276,1803,4801,2767,2765,2765,5713,2984,2984,2984,2984,0,0,0,0,0,0,0,2984,28628,16,BOTTLENECK_TARGET_FRONTIER_CONTINUITY_V2,10.5126,3.47717,13.9996,2.2267,17.9442,27,20,14,0,8,0,2755,2767,33874,0,0,0,8189.27,7165309,22030,1286.63,0,8,0,,,,,,,,,,,,,,,,,,,,,,,,,,,,,,,,,,,,,,,,,,,,,,8550.92,8551.03,5ba25fe5d2f78f931f59a46e71c3902398cf2bfc0730e064656602bf53770392,8.566,ok,
g5_dlow_asurplus_pmixed_gsingleton_seed0,warehouse_random_factorial,carrier,1,43,320.0,320000000,189,99,32,0,0.1831,164,43,320,320000000,43,320,320000000,1,0,0,7722,28277,403807,0,0,SEARCH_CUTOFF,1,0,0,0,-1,-1,-1,-1,-1,102,15677,102,1831,0,407,0,308,64,58,3070,924,307,298,14.0337,52448,860,TASKBR_VACANCY_V1,302,143,302,240,504,47.619,0,242,69,16444,16444,311,294,294,294,294,0,0,0,0,0,0,0,294,1229,16,BOTTLENECK_TARGET_FRONTIER_CONTINUITY_V2,32.2965,0.206272,1.60336,0.198999,7.87756,16388,16380,13664,0,3,32,16407,69,26534,0,0,0,2133.14,834747,30014,365.169,10,28,0,,,,,,,,,,,,,,,,,,,,,,,,,,,,,,,,,,,,,,,,,,,,,,8648.42,8648.54,04673329268e38e88e25aba57dd61606c8dc824ba0b45f97eabbb8cd131e0f44,8.672,ok,
g5_dmedium_abaseline_pcross_heavy_gshared_pool_seed0,warehouse_random_factorial,carrier,1,32,302.0,302000000,100,170,32,0,0.2604,153,33,304,304000000,32,302,302000000,1,1,1,1024,1586,6352,0,0,STRICT_IMPROVEMENT,11,1,1,1,938,304,302,33,32,375,94,375,3669,0,926,0,1031,14,14,1653,643,1063,1253,64.9965,220528,1507,TASKBR_VACANCY_V1,600,175,600,449,793,56.6204,91,573,117,483,483,594,574,553,553,553,0,0,0,0,0,0,0,553,678,16,BOTTLENECK_TARGET_FRONTIER_CONTINUITY_V2,1.3559,0.255255,2.46185,0.383038,2.84861,429,411,340,0,2,15,464,117,1829,0,0,0,849.545,302371,3809,82.7775,26,0,0,,,,,,,,,,,,,,,,,,,,,,,,,,,,,,,,,,,,,,,,,,,,,,959.338,959.47,0f268d1cc4c0d5515e3c9162a43b95d4714b6d2a8cbee1cff69e815a3a2762ba,0.971,ok,
g5_dmedium_abaseline_pcross_heavy_gsingleton_seed0,warehouse_random_factorial,carrier,1,54,502.0,502000000,220,239,38,1,0.3395,468,54,502,502000000,54,502,502000000,1,0,0,12220,92,827,0,0,SEARCH_CUTOFF,5,0,0,0,-1,-1,-1,-1,-1,140,13597,140,3671,0,479,0,862,232,78,247,778,374,713,24.7683,125488,266,TASKBR_VACANCY_V1,678,207,678,710,1125,63.1111,0,619,136,15039,15039,799,772,698,698,698,0,0,0,0,0,0,0,698,872,15,BOTTLENECK_TARGET_FRONTIER_CONTINUITY_V2,23.4947,0.327634,2.54115,0.441181,5.06046,14959,14949,7432,0,32,277,14728,136,20817,0,0,0,3331.73,1829015,30674,508.518,29,2,15,,,,,,,,,,,,,,,,,,,,,,,,,,,,,,,,,,,,,,,,,,,,,,8652.85,8652.97,661bd24ee1b590bc3e427a3d71c231a7570185eefb0ef8f729793611baa3b9d0,8.674,ok,
g5_dmedium_abaseline_plocal_gshared_pool_seed0,warehouse_random_factorial,carrier,1,28,275.0,275000000,67,176,32,0,0.1994,136,28,277,277000000,28,275,275000000,1,1,1,4624,62,571,0,0,STRICT_IMPROVEMENT,1,1,1,1,2057,277,275,28,28,618,638,618,6092,0,663,6,2143,3,3,329,204,739,1756,100.548,309056,142,TASKBR_VACANCY_V1,1346,491,1346,859,1839,46.7102,338,776,317,1266,1266,779,766,763,763,763,0,0,0,0,0,0,0,763,1905,16,BOTTLENECK_TARGET_FRONTIER_CONTINUITY_V2,2.9773,0.494491,3.10053,0.498979,4.52226,1002,992,572,0,1,4,1259,317,6506,0,0,0,1898.2,315247,9179,115.506,35,0,0,,,,,,,,,,,,,,,,,,,,,,,,,,,,,,,,,,,,,,,,,,,,,,2082.27,2082.36,e0f1e2b92ffa9ce0a6cef8fc8a5734f80175c50447d2878dbd29aaaec00fe2d7,2.094,ok,
g5_dmedium_abaseline_plocal_gsingleton_seed0,warehouse_random_factorial,carrier,1,35,290.0,290000000,110,145,34,0,0.2619,224,36,292,292000000,35,290,290000000,1,1,1,3,40,463,0,0,STRICT_IMPROVEMENT,1,0,0,0,-1,-1,-1,-1,-1,66,12,66,1653,0,189,0,371,38,30,1846,778,149,355,11.727,62480,548,TASKBR_VACANCY_V1,404,94,404,372,530,70.1887,0,493,99,90,90,550,532,478,478,478,0,0,0,0,0,0,0,478,635,16,BOTTLENECK_TARGET_FRONTIER_CONTINUITY_V2,0.504568,0.224435,2.18323,0.319588,4.60788,40,20,36,0,2,12,74,99,283,0,0,0,398.784,227670,574,37.5539,11,0,0,,,,,,,,,,,,,,,,,,,,,,,,,,,,,,,,,,,,,,,,,,,,,,457.259,457.344,d96a6558f1dc56ed3a0ef0605fccafbdce5847d72c4e2ca540928ef34b58abd8,0.468,ok,
g5_dmedium_abaseline_pmixed_gshared_pool_seed0,warehouse_random_factorial,carrier,1,26,252.0,252000000,94,126,32,0,0.3013,129,26,252,252000000,26,252,252000000,1,0,0,40830,58116,163513,0,0,SEARCH_CUTOFF,2,1,0,0,-1,252,-1,26,-1,80,13898,80,3388,0,193,2,558,3,3,39,63,120,507,15.8804,89232,50,TASKBR_VACANCY_V1,42254,131,42254,42130,42385,99.3984,0,42237,11980,14416,14416,42241,38238,38234,38234,38234,0,0,0,0,0,0,0,38234,127497,16,BOTTLENECK_TARGET_FRONTIER_CONTINUITY_V2,48.155,19.4126,80.2856,12.7157,59.8205,5016,28,5012,0,24,218,14172,11980,27073,0,0,0,3769.91,2034539,115286,1178.42,4272,0,0,,,,,,,,,,,,,,,,,,,,,,,,,,,,,,,,,,,,,,,,,,,,,,8651.48,8651.59,ac176dfabafd5124cdcf84700f127324b6c664cacb251ea1303000f0e4f22dfe,8.675,ok,
g5_dmedium_abaseline_pmixed_gsingleton_seed0,warehouse_random_factorial,carrier,1,48,366.0,366000000,191,143,32,0,0.3316,274,48,366,366000000,48,366,366000000,1,0,0,24465,46,575,0,0,SEARCH_CUTOFF,2,0,0,0,-1,-1,-1,-1,-1,151,12327,151,2566,0,485,0,564,96,70,6328,2286,372,470,22.9109,82720,1710,TASKBR_VACANCY_V1,10680,6652,10680,4141,17429,23.7593,0,4299,1821,12628,12628,4396,2219,2184,2184,2184,0,0,0,0,0,0,0,2184,17128,16,BOTTLENECK_TARGET_FRONTIER_CONTINUITY_V2,20.3876,1.5987,6.62164,1.21866,9.02685,10846,10836,6039,0,26,179,12421,1821,28605,0,0,0,4962.69,18684901,70653,2875.1,27,16,0,,,,,,,,,,,,,,,,,,,,,,,,,,,,,,,,,,,,,,,,,,,,,,8622.52,8622.62,a6d240e0c0bd52473996f5e3934709e8a296f02284666b0d7350a34d64db0421,8.644,ok,
g5_dmedium_aequal_pcross_heavy_gshared_pool_seed0,warehouse_random_factorial,carrier,1,25,292.0,292000000,102,158,32,0,0.255,131,25,292,292000000,25,292,292000000,1,0,0,46737,27,403,0,0,SEARCH_CUTOFF,4,1,0,0,-1,292,-1,25,-1,3502,867,3502,10319,0,11525,0,7388,2,2,3022,3426,15590,8133,540.131,1431408,1235,TASKBR_VACANCY_V1,2991,975,2991,2019,3968,50.8821,3224,6673,912,4376,4376,6675,1248,1248,1248,1248,0,0,0,0,0,0,0,1248,8191,16,BOTTLENECK_TARGET_FRONTIER_CONTINUITY_V2,11.0162,1.43609,5.74586,0.999334,5.15313,3485,3475,3481,0,0,3,4371,912,27879,0,0,0,7734.62,3619185,34968,876.058,6,0,3,,,,,,,,,,,,,,,,,,,,,,,,,,,,,,,,,,,,,,,,,,,,,,8578.44,8578.54,301e4f6126aa9748ca948cdf5370b2ac2611aa74ab9d04ffe184d2d532b53c2d,8.598,ok,
g5_dmedium_aequal_pcross_heavy_gsingleton_seed0,warehouse_random_factorial,carrier,1,62,532.0,532000000,302,193,36,1,0.3044,384,63,534,534000000,62,532,532000000,1,1,1,13,87,1231,0,0,STRICT_IMPROVEMENT,84,0,0,0,-1,-1,-1,-1,-1,127,13,127,4377,0,603,0,637,168,98,876,577,431,607,21.4585,106832,629,TASKBR_VACANCY_V1,493,176,493,454,800,56.75,0,422,92,146,146,564,539,532,532,532,0,0,0,0,0,0,0,532,955,15,BOTTLENECK_TARGET_FRONTIER_CONTINUITY_V2,0.694409,0.277254,2.04205,0.325539,3.66226,90,76,77,0,4,19,121,92,667,0,0,0,711.386,755350,935,104.959,20,49,2,,,,,,,,,,,,,,,,,,,,,,,,,,,,,,,,,,,,,,,,,,,,,,787.313,787.42,fed2479f49ed452c6ea9ecd2d24e07e32c566e26c6fed5c1f382151e660cdd29,0.8,ok,
g5_dmedium_aequal_plocal_gshared_pool_seed0,warehouse_random_factorial,carrier,1,24,273.0,273000000,77,164,32,0,0.2005,106,24,273,273000000,24,273,273000000,1,0,0,3621,22561,220812,0,0,SEARCH_CUTOFF,0,1,0,0,-1,273,-1,24,-1,39,9945,39,2183,0,117,2,297,0,0,323,145,56,330,8.43123,58080,117,TASKBR_VACANCY_V1,1653,1404,1653,249,3057,8.14524,0,1494,1135,15707,15707,1494,1481,1481,1481,1481,0,0,0,0,0,0,0,1481,17030,16,BOTTLENECK_TARGET_FRONTIER_CONTINUITY_V2,27.5285,1.04447,5.48035,0.866496,9.41313,14591,14580,6188,0,2,29,15674,1135,10148,0,0,0,2470.53,149215,8732,92.3964,9,0,0,,,,,,,,,,,,,,,,,,,,,,,,,,,,,,,,,,,,,,,,,,,,,,8631.6,8631.72,8b1127d2bb641e5b10851d97788495a62ceebda8fe744d404725c6c4e0b606e5,8.654,ok,
g5_dmedium_aequal_plocal_gsingleton_seed0,warehouse_random_factorial,carrier,1,35,281.0,281000000,114,132,34,0,0.2036,181,35,281,281000000,35,281,281000000,1,0,0,36032,37,573,0,0,SEARCH_CUTOFF,1,0,0,0,-1,-1,-1,-1,-1,65,12970,65,1404,0,195,0,255,42,34,2960,854,153,327,11.0854,57552,872,TASKBR_VACANCY_V1,5472,111,5472,5433,5628,96.5352,0,3721,3433,15109,15109,3787,3766,3751,3751,3751,0,0,0,0,0,0,0,3751,48919,16,BOTTLENECK_TARGET_FRONTIER_CONTINUITY_V2,30.939,3.81857,12.8428,2.31755,18.8655,11702,11694,5654,0,31,276,14800,3433,18468,0,0,0,2992.38,2302026,26636,529.516,18,30,0,,,,,,,,,,,,,,,,,,,,,,,,,,,,,,,,,,,,,,,,,,,,,,8635.86,8635.97,c89807571f539ce11ec3c361ed2fdebcf6f0c7266e984dbac5c2014ada9c2010,8.659,ok,
g5_dmedium_aequal_pmixed_gshared_pool_seed0,warehouse_random_factorial,carrier,1,27,288.0,288000000,100,156,32,0,0.2315,121,27,288,288000000,27,288,288000000,1,0,0,36315,29,449,0,0,SEARCH_CUTOFF,7,1,0,0,-1,288,-1,27,-1,95,13987,95,2254,0,263,14,477,9,9,97,181,141,410,17.1285,72160,156,TASKBR_VACANCY_V1,14441,137,14441,14316,14581,98.1826,0,15109,4909,14769,14769,15119,15096,15096,15096,15096,0,0,0,0,0,0,0,15096,190724,16,BOTTLENECK_TARGET_FRONTIER_CONTINUITY_V2,40.5749,14.2293,49.8725,9.92262,24.2125,5058,45,5051,0,27,244,14496,4909,26553,0,0,0,3320.77,3072050,81478,951.915,2453,0,0,,,,,,,,,,,,,,,,,,,,,,,,,,,,,,,,,,,,,,,,,,,,,,8653.29,8653.42,8481bd4bd6c3b163ae0a07ab33521c45221568ba872397a080daf3668b4d901d,8.678,ok,
g5_dmedium_aequal_pmixed_gsingleton_seed0,warehouse_random_factorial,carrier,1,45,361.0,361000000,190,136,34,0,0.2639,214,45,361,361000000,45,361,361000000,1,0,0,6775,43,706,0,0,SEARCH_CUTOFF,1,0,0,0,-1,-1,-1,-1,-1,121,12406,121,2638,0,423,0,351,72,42,4830,1502,351,415,18.7705,73040,1360,TASKBR_VACANCY_V1,6702,3172,6702,3625,9934,36.4908,0,3215,3023,15128,15128,3303,3287,3279,3279,3279,0,0,0,0,0,0,0,3279,42592,16,BOTTLENECK_TARGET_FRONTIER_CONTINUITY_V2,29.4158,3.4836,11.0187,1.9831,11.356,12169,12161,6066,0,39,281,14806,3023,18052,0,0,0,3075.05,2480542,30672,625.171,46,6,2,,,,,,,,,,,,,,,,,,,,,,,,,,,,,,,,,,,,,,,,,,,,,,8639.93,8640.05,f2a9247ddc544d272dd58726daac015307d88b57b90db5ace63964932079d908,8.661,ok,
g5_dmedium_ascarce_pcross_heavy_gshared_pool_seed0,warehouse_random_factorial,carrier,1,47,342.0,342000000,105,205,32,0,0.2793,217,47,342,342000000,47,342,342000000,1,0,0,42845,9,80,0,0,SEARCH_CUTOFF,13,1,0,0,-1,342,-1,47,-1,99,11247,99,4429,1,217,14,1085,14,14,6421,452,84,637,20.6828,112112,5310,TASKBR_VACANCY_V1,80130,144,80130,80005,80282,99.655,0,85568,8794,12156,12156,85582,85568,85554,85554,85554,0,0,0,0,0,0,0,85554,85582,16,BOTTLENECK_TARGET_FRONTIER_CONTINUITY_V2,54.3877,25.6869,193.952,36.3592,135.436,10028,2,10037,0,2,2,12150,8794,17830,0,0,0,5622.01,13937771,97197,2886.6,6418,0,0,,,,,,,,,,,,,,,,,,,,,,,,,,,,,,,,,,,,,,,,,,,,,,8614.32,8614.43,90e6625aba912ad82ba2830e732ce381ecaa624ba49bb7aebeb810edd2a212ef,8.634,ok,
g5_dmedium_ascarce_pcross_heavy_gsingleton_seed0,warehouse_random_factorial,carrier,1,76,551.0,551000000,233,280,34,0,0.3832,747,76,551,551000000,76,551,551000000,1,0,0,105185,74,642,0,0,SEARCH_CUTOFF,31,0,0,0,-1,-1,-1,-1,-1,1578,9375,1578,8594,0,4173,0,3003,329,111,428,1711,5341,4092,243.67,720192,345,TASKBR_VACANCY_V1,7629,2495,7629,5482,10456,52.4292,1249,3239,2326,10979,10979,3463,3378,3182,3182,3182,0,0,0,0,0,0,0,3182,9398,15,BOTTLENECK_TARGET_FRONTIER_CONTINUITY_V2,17.0424,1.88068,8.15581,1.76644,8.89381,8779,8739,7191,0,15,145,10817,2326,38321,0,0,0,5806.44,10481817,87253,1849.44,87,0,4,,,,,,,,,,,,,,,,,,,,,,,,,,,,,,,,,,,,,,,,,,,,,,8634.52,8634.64,c281f811f94939810cf32c0f3c3269a97cb46eb04ca08eeb4420bcdefda87e3b,8.661,ok,
g5_dmedium_ascarce_plocal_gshared_pool_seed0,warehouse_random_factorial,carrier,1,37,271.0,271000000,78,161,32,0,0.2635,173,41,281,281000000,37,271,271000000,1,1,1,0,10,89,0,0,STRICT_IMPROVEMENT,4,1,1,1,454,281,271,41,37,66,7,66,3519,0,122,2,591,6,6,358,150,53,540,15.0435,95040,129,TASKBR_VACANCY_V1,621,91,621,539,717,75.1743,0,715,104,88,88,722,709,706,706,706,0,0,0,0,0,0,0,706,753,16,BOTTLENECK_TARGET_FRONTIER_CONTINUITY_V2,0.642305,0.319134,3.03678,0.561541,4.02945,38,7,35,0,1,1,84,104,175,0,0,0,403.257,125661,649,23.5367,30,0,0,,,,,,,,,,,,,,,,,,,,,,,,,,,,,,,,,,,,,,,,,,,,,,463.857,463.953,a3789a8fafe7a580df8528221c6f03aa671489f269b46ea264a7f49c2df714a1,0.475,ok,
g5_dmedium_ascarce_plocal_gsingleton_seed0,warehouse_random_factorial,carrier,1,49,335.0,335000000,112,188,34,0,0.2857,349,49,335,335000000,49,335,335000000,1,0,0,1081,21163,68097,0,0,SEARCH_CUTOFF,21,0,0,0,-1,-1,-1,-1,-1,79,14407,79,2495,0,198,0,739,78,42,3552,1206,134,422,14.3928,74272,880,TASKBR_VACANCY_V1,15128,101,15128,15126,15293,98.908,0,17074,160,16310,16310,17148,17132,17058,17058,17058,0,0,0,0,0,0,0,17058,108973,16,BOTTLENECK_TARGET_FRONTIER_CONTINUITY_V2,35.0312,10.3985,35.0275,7.79474,40.3429,11293,7,11307,0,23,217,16068,160,14644,0,0,0,2745.14,678086,33169,349.4,36,0,0,,,,,,,,,,,,,,,,,,,,,,,,,,,,,,,,,,,,,,,,,,,,,,8660.06,8660.2,7dda38054982e51a49c3caec7466d895da56a176b230d79035e2625b014c27b9,8.681,ok,
g5_dmedium_ascarce_pmixed_gshared_pool_seed0,warehouse_random_factorial,carrier,1,41,285.0,285000000,89,164,32,0,0.2713,189,41,285,285000000,41,285,285000000,1,0,0,30699,296,1523,0,0,SEARCH_CUTOFF,13,1,0,0,-1,285,-1,41,-1,138,14386,138,5186,0,238,9,872,10,10,292,733,142,760,26.3328,133760,249,TASKBR_VACANCY_V1,29606,115,29606,29505,29725,99.2599,0,27932,2604,14889,14889,27943,27931,27920,27920,27920,0,0,0,0,0,0,0,27920,74164,16,BOTTLENECK_TARGET_FRONTIER_CONTINUITY_V2,38.2916,13.1697,49.8644,9.11474,32.1394,7074,35,7077,0,23,240,14624,2604,28095,0,0,0,3973.59,5085460,115481,1441.63,90,0,0,,,,,,,,,,,,,,,,,,,,,,,,,,,,,,,,,,,,,,,,,,,,,,8652.73,8652.84,520f790d4cfa82623e0ef616068ab8ab6d290e04624dec0b84a77f11a458eb04,8.675,ok,
g5_dmedium_ascarce_pmixed_gsingleton_seed0,warehouse_random_factorial,carrier,1,61,421.0,421000000,192,194,34,0,0.3934,458,61,421,421000000,61,421,421000000,1,0,0,17359,314,1240,0,0,SEARCH_CUTOFF,3,0,0,0,-1,-1,-1,-1,-1,231,14202,231,3349,0,558,0,1113,138,52,6462,2399,504,792,36.4061,139392,1802,TASKBR_VACANCY_V1,10189,4963,10189,5371,15279,35.1528,0,3253,2452,14871,14871,3331,3315,3204,3204,3204,0,0,0,0,0,0,0,3204,13803,16,BOTTLENECK_TARGET_FRONTIER_CONTINUITY_V2,21.1978,1.9305,8.34701,1.56876,8.8923,12458,12420,7333,0,32,274,14563,2452,31613,0,0,0,3929.67,6408037,71226,1091.89,26,0,0,,,,,,,,,,,,,,,,,,,,,,,,,,,,,,,,,,,,,,,,,,,,,,8654.26,8654.37,849edd5c10638a3c58b428faabc15e964357a8a401219a4a0d46e1c2069431fc,8.676,ok,
g5_dmedium_asurplus_pcross_heavy_gshared_pool_seed0,warehouse_random_factorial,carrier,1,22,232.0,232000000,100,100,32,0,0.1894,106,22,232,232000000,22,232,232000000,1,0,0,93969,60,1127,0,0,SEARCH_CUTOFF,0,1,0,0,-1,232,-1,22,-1,1860,4962,1860,11325,0,5919,0,5708,572,572,508,304,5429,6198,311.856,1090848,1341,TASKBR_VACANCY_V1,5493,3490,5493,2944,9457,31.1304,1585,1503,1421,6829,6829,1981,1655,1655,1655,1655,0,0,0,0,0,0,0,1655,25736,16,BOTTLENECK_TARGET_FRONTIER_CONTINUITY_V2,18.4193,1.84867,9.467,1.40085,10.9451,5422,5416,1559,0,0,2,6825,1421,35294,0,0,0,7384.28,3561200,54112,991.228,0,0,0,,,,,,,,,,,,,,,,,,,,,,,,,,,,,,,,,,,,,,,,,,,,,,8592.37,8592.48,55095c3e707e6acdfba06b750105a121849e4483ca654a0456079eaad2d47e4c,8.617,ok,
g5_dmedium_asurplus_pcross_heavy_gsingleton_seed0,warehouse_random_factorial,carrier,1,44,383.0,383000000,217,120,40,1,0.2055,249,45,383,383000000,44,383,383000000,1,1,1,14,44,1097,0,0,STRICT_IMPROVEMENT,2,0,0,0,-1,-1,-1,-1,-1,108,24,108,2266,0,438,0,385,99,53,100,702,348,458,17.735,80608,153,TASKBR_VACANCY_V1,333,167,333,280,619,45.2342,0,305,103,142,142,441,398,398,398,398,0,0,0,0,0,0,0,398,1477,15,BOTTLENECK_TARGET_FRONTIER_CONTINUITY_V2,0.679222,0.273756,1.81275,0.22979,3.52407,81,75,66,0,9,45,86,103,620,0,0,0,442.246,680678,701,99.2293,3,81,9,,,,,,,,,,,,,,,,,,,,,,,,,,,,,,,,,,,,,,,,,,,,,,511.768,511.866,59d15908bda904b53bf3bb680bbf1490b7f4b1c9fb390837b295809a8af637f0,0.522,ok,
g5_dmedium_asurplus_plocal_gshared_pool_seed0,warehouse_random_factorial,carrier,1,22,232.0,232000000,77,123,32,0,0.1458,92,22,232,232000000,22,232,232000000,1,0,0,54386,278,2985,0,0,SEARCH_CUTOFF,0,1,0,0,-1,232,-1,22,-1,240,13724,240,2166,0,343,2,615,0,0,218,124,339,721,38.2054,126896,71,TASKBR_VACANCY_V1,8369,2982,8369,5387,11351,47.4584,0,3129,2830,14452,14452,3129,3092,3092,3092,3092,0,0,0,0,0,0,0,3092,59619,16,BOTTLENECK_TARGET_FRONTIER_CONTINUITY_V2,33.6079,3.26995,15.1527,2.52358,7.29796,11647,11635,6494,0,25,246,14179,2830,32167,0,0,0,3305.05,2065596,65629,666.18,6,0,0,,,,,,,,,,,,,,,,,,,,,,,,,,,,,,,,,,,,,,,,,,,,,,8654.2,8654.31,87ad4a8271a0d0dd74ad6a3ed1fe6b72cb309695e899277fa6d51b45f4aa8693,8.682,ok,
g5_dmedium_asurplus_plocal_gsingleton_seed0,warehouse_random_factorial,carrier,1,27,252.0,252000000,114,103,34,0,0.1759,151,27,252,252000000,27,252,252000000,1,0,0,12078,64,1030,0,0,SEARCH_CUTOFF,1,0,0,0,-1,-1,-1,-1,-1,74,12336,74,1146,0,222,0,258,34,20,3080,1168,196,274,11.6501,48224,1144,TASKBR_VACANCY_V1,9103,3677,9103,5473,12818,42.6978,0,3722,3510,14576,14576,3755,3737,3737,3737,3737,0,0,0,0,0,0,0,3737,78419,16,BOTTLENECK_TARGET_FRONTIER_CONTINUITY_V2,34.426,3.61106,19.2555,3.21722,36.0833,11096,11090,6417,0,32,252,14290,3510,17756,0,0,0,2938.76,993329,29448,433.12,0,21,13,,,,,,,,,,,,,,,,,,,,,,,,,,,,,,,,,,,,,,,,,,,,,,8643.78,8643.93,43927cd20b9020eb8741926d3b9bdfee1b303d0d187b02a7bebc8e9e270f0c73,8.668,ok,
g5_dmedium_asurplus_pmixed_gshared_pool_seed0,warehouse_random_factorial,carrier,1,26,232.0,232000000,97,103,32,0,0.1554,98,26,232,232000000,26,232,232000000,1,0,0,13425,6,149,0,0,SEARCH_CUTOFF,0,1,0,0,-1,232,-1,26,-1,1734,633,1734,22191,0,14143,2,7161,531,531,10582,23916,14865,3570,263.419,628320,644,TASKBR_VACANCY_V1,4963,3215,4963,2494,8180,30.489,1456,4202,2377,2376,2376,4935,2595,2595,2595,2595,0,0,0,0,0,0,0,2595,24654,16,BOTTLENECK_TARGET_FRONTIER_CONTINUITY_V2,9.30211,3.13643,12.6685,1.9081,16.3632,27,20,14,0,8,0,2366,2377,28577,0,0,0,8126.9,6267886,18918,1135.94,0,7,0,,,,,,,,,,,,,,,,,,,,,,,,,,,,,,,,,,,,,,,,,,,,,,8548.53,8548.66,eb051d08d32ba8f0ce3f4052403debb1ac650067e7231bfa01dc4c5ef5308765,8.565,ok,
g5_dmedium_asurplus_pmixed_gsingleton_seed0,warehouse_random_factorial,carrier,1,63,372.0,372000000,232,105,34,0,0.1534,204,63,372,372000000,63,372,372000000,1,0,0,8964,27057,357247,0,0,SEARCH_CUTOFF,41,0,0,0,-1,-1,-1,-1,-1,119,10960,119,1811,0,468,0,304,72,56,2992,948,364,356,17.5002,62656,882,TASKBR_VACANCY_V1,301,144,301,249,517,48.1625,0,241,73,15044,15044,327,310,310,310,310,0,0,0,0,0,0,0,310,1263,16,BOTTLENECK_TARGET_FRONTIER_CONTINUITY_V2,28.981,0.213703,1.68542,0.202542,8.20039,14987,14981,10527,0,26,40,14976,73,11481,0,0,0,2702.58,658702,15659,236.913,6,27,0,,,,,,,,,,,,,,,,,,,,,,,,,,,,,,,,,,,,,,,,,,,,,,8630.49,8630.63,d7297ac6bed77ec0037910f5f43ac1e7d7382b54a74666e23906608d1d281ab9,8.655,ok,
g6_dhigh_abaseline_pcross_heavy_gshared_pool_seed0,warehouse_random_factorial,carrier,1,53,550.0,550000000,135,347,60,5,0.2123,453,53,550,550000000,53,550,550000000,1,0,0,8323,24,311,0,0,SEARCH_CUTOFF,13,1,0,0,-1,550,-1,53,-1,100,7548,100,11670,0,393,21,1188,274,151,3465,1850,89,2438,57.2125,416898,2360,TASKBR_VACANCY_V1,19338,10151,19338,17115,32922,51.9865,0,9626,11211,10037,10037,12197,12169,12059,12059,12059,0,0,0,3,0,0,0,12059,104263,18,BOTTLENECK_TARGET_FRONTIER_CONTINUITY_V2,27.5563,9.52124,36.7629,6.98672,31.3661,2288,2251,1919,0,6,101,9928,11211,10138,0,0,0,4928.27,513675,48322,449.526,115,0,0,,,,,,,,,,,,,,,,,,,,,,,,,,,,,,,,,,,,,,,,,,,,,,8611.05,8611.2,57b83dbd2f2a64456eb3f609b44ed6508f88743bc501beeba8b3ab22e10933ee,8.637,ok,
g6_dhigh_abaseline_pcross_heavy_gsingleton_seed0,warehouse_random_factorial,carrier,1,91,731.0,731000000,365,330,36,0,0.3342,732,91,731,731000000,91,731,731000000,1,0,0,9300,83,1077,0,0,SEARCH_CUTOFF,22,0,0,0,-1,-1,-1,-1,-1,156,6487,156,6371,4,1030,0,1133,414,248,19112,4374,472,801,48.4551,136971,6036,TASKBR_VACANCY_V1,1082,702,1082,834,2153,38.7366,0,781,214,10278,10278,1170,1151,1067,1067,1067,0,0,0,0,0,0,0,1067,1436,18,BOTTLENECK_TARGET_FRONTIER_CONTINUITY_V2,19.1466,0.501868,5.61567,0.838148,6.33081,10173,10143,5057,0,35,199,10042,214,7244,0,0,0,4871.95,2965496,11370,542.977,79,31,43,,,,,,,,,,,,,,,,,,,,,,,,,,,,,,,,,,,,,,,,,,,,,,8608.84,8609.03,4e0d7a47be030f0c061d48513bb7eef9eaeaa4c954bbfb037fffc40607cd8c58,8.635,ok,
g6_dhigh_abaseline_plocal_gshared_pool_seed0,warehouse_random_factorial,carrier,1,39,379.0,379000000,115,226,37,0,0.2457,298,39,380,380000000,39,379,379000000,1,1,1,31,38,491,0,0,STRICT_IMPROVEMENT,4,1,1,1,790,380,379,39,39,73,24,73,6205,0,181,0,735,59,0,1001,377,91,956,32.4343,163476,636,TASKBR_VACANCY_V1,792,147,792,718,1008,71.2302,0,788,116,112,112,824,800,791,791,791,0,0,0,0,0,0,0,791,1054,18,BOTTLENECK_TARGET_FRONTIER_CONTINUITY_V2,0.809079,0.382093,4.03947,0.581191,6.64401,41,21,26,0,4,10,96,116,309,0,0,0,713.851,252923,717,44.6026,30,3,0,,,,,,,,,,,,,,,,,,,,,,,,,,,,,,,,,,,,,,,,,,,,,,810.385,810.542,73e883dd3dd6aa787edf7770c1e6414f616b7d6faf6cb1415ca6334dfa531731,0.824,ok,
g6_dhigh_abaseline_plocal_gsingleton_seed0,warehouse_random_factorial,carrier,1,66,672.0,672000000,302,324,38,0,0.3813,770,66,672,672000000,66,672,672000000,1,0,0,41210,61,779,0,0,SEARCH_CUTOFF,16,0,0,0,-1,-1,-1,-1,-1,1400,4949,1400,15389,0,3559,0,3616,682,540,16368,6213,3278,5636,436.729,963756,5774,TASKBR_VACANCY_V1,5361,3601,5361,3311,9871,33.5427,1084,1480,1426,6389,6389,2387,2360,2237,2237,2237,0,0,0,2,0,0,0,2237,11057,18,BOTTLENECK_TARGET_FRONTIER_CONTINUITY_V2,14.7513,1.45832,9.01937,1.6448,18.2095,5087,5059,3172,0,21,166,6200,1426,21511,0,0,0,6836.22,5705358,46852,1260.49,75,16,24,,,,,,,,,,,,,,,,,,,,,,,,,,,,,,,,,,,,,,,,,,,,,,8592.99,8593.17,8ca534695c959898ee3dd3b94636e4df53f84e3748a51c7b9872bad568c59dde,8.62,ok,
g6_dhigh_abaseline_pmixed_gshared_pool_seed0,warehouse_random_factorial,carrier,1,44,400.0,400000000,144,217,38,0,0.2727,350,44,400,400000000,44,400,400000000,1,0,0,4872,3,38,0,0,SEARCH_CUTOFF,8,1,0,0,-1,400,-1,44,-1,94,8303,94,11595,0,461,44,895,61,38,9631,2936,126,1125,40.108,192375,2385,TASKBR_VACANCY_V1,42382,2012,42382,42202,44432,94.9811,0,39214,6678,8404,8404,41041,41024,40985,40985,40985,0,0,0,0,0,0,0,40985,61207,18,BOTTLENECK_TARGET_FRONTIER_CONTINUITY_V2,43.7704,16.0432,77.139,15.0625,77.0881,4514,7,4516,0,2,0,8400,6678,38529,0,0,0,6181.29,15571494,67196,2997.49,3728,0,0,,,,,,,,,,,,,,,,,,,,,,,,,,,,,,,,,,,,,,,,,,,,,,8604.68,8604.86,6e9f1600ce231a4e10076ba61855b194a64548a82c863a9cdbc10b9ccf406516,8.628,ok,
g6_dhigh_abaseline_pmixed_gsingleton_seed0,warehouse_random_factorial,carrier,1,108,707.0,707000000,406,265,36,0,0.3133,739,110,711,711000000,108,707,707000000,1,0,0,10731,112,1412,0,0,SEARCH_CUTOFF,100,0,0,0,-1,-1,-1,-1,-1,185,6517,185,5070,0,947,0,865,144,126,4458,1344,703,651,56.1661,111321,346,TASKBR_VACANCY_V1,837,271,837,718,1223,58.7081,0,1932,1197,10288,10288,2081,2064,1963,1963,1963,0,0,0,0,0,0,0,1963,13536,18,BOTTLENECK_TARGET_FRONTIER_CONTINUITY_V2,20.7057,1.15544,7.28357,1.3563,11.216,9131,9073,4579,0,71,251,9964,1197,7380,0,0,0,4937.22,2715768,11336,536.084,22,9,8,,,,,,,,,,,,,,,,,,,,,,,,,,,,,,,,,,,,,,,,,,,,,,8610.7,8610.87,3864b16e8e4a54f80b106b15376aa5f7905f2bd5551626136a6bd466ddd5fa97,8.64,ok,
g6_dhigh_aequal_pcross_heavy_gshared_pool_seed0,warehouse_random_factorial,carrier,1,61,591.0,591000000,142,376,62,6,0.1293,446,61,591,591000000,61,591,591000000,1,0,0,1260,14777,187073,0,0,SEARCH_CUTOFF,18,1,0,0,-1,591,-1,61,-1,86,16,86,11190,0,407,17,861,158,68,3693,1078,105,2487,53.3178,425277,1559,TASKBR_VACANCY_V1,843,232,843,829,1291,64.2138,0,11989,4628,11322,11322,12134,12119,12103,12103,12103,0,0,0,0,0,0,0,12103,195652,18,BOTTLENECK_TARGET_FRONTIER_CONTINUITY_V2,34.5895,11.9553,51.038,7.96976,32.1085,4870,3,4250,0,27,212,11081,4628,348,0,0,0,4308.22,394091,12100,238.944,2292,5,3,,,,,,,,,,,,,,,,,,,,,,,,,,,,,,,,,,,,,,,,,,,,,,8603.95,8604.11,a991fa44444d7a1218ef7d8f14dfb321d7c89b91fc66b9e0b876be1826a44925,8.631,ok,
g6_dhigh_aequal_pcross_heavy_gsingleton_seed0,warehouse_random_factorial,carrier,1,79,682.0,682000000,386,255,40,1,0.2714,463,79,682,682000000,79,682,682000000,1,0,0,17896,83,1521,0,0,SEARCH_CUTOFF,6,0,0,0,-1,-1,-1,-1,-1,132,7579,132,5120,2,905,0,620,244,170,2876,3046,587,684,41.2388,116964,1838,TASKBR_VACANCY_V1,630,468,630,448,1357,33.014,0,533,106,10172,10172,773,752,752,752,752,0,0,0,0,0,0,0,752,1383,18,BOTTLENECK_TARGET_FRONTIER_CONTINUITY_V2,22.7798,0.401173,3.75371,0.627737,5.16486,10099,10073,4231,0,51,210,9909,106,8418,0,0,0,4560.85,3002007,11049,588.333,16,153,71,,,,,,,,,,,,,,,,,,,,,,,,,,,,,,,,,,,,,,,,,,,,,,8595.45,8595.65,a44d4ec4332a87a95643ac61f9b7f5343184140f9c2404f8458d95627a40f4fb,8.624,ok,
g6_dhigh_aequal_plocal_gshared_pool_seed0,warehouse_random_factorial,carrier,1,27,348.0,348000000,115,194,38,0,0.2366,214,27,348,348000000,27,348,348000000,1,0,0,45841,1579,5645,0,0,SEARCH_CUTOFF,2,1,0,0,-1,348,-1,27,-1,1905,2531,1905,13662,0,4698,0,4291,18,0,29602,9991,5998,5182,555.98,886122,9852,TASKBR_VACANCY_V1,3266,164,3266,3122,3447,90.5715,1625,1861,1460,4450,4450,1886,1851,1831,1831,1831,0,0,0,0,0,0,0,1831,18926,18,BOTTLENECK_TARGET_FRONTIER_CONTINUITY_V2,12.5056,1.60473,8.50489,1.29059,12.4564,3046,3032,1872,0,17,134,4297,1460,17414,0,0,0,7408.32,1656316,35166,705.159,27,0,0,,,,,,,,,,,,,,,,,,,,,,,,,,,,,,,,,,,,,,,,,,,,,,8572.38,8572.54,8e4fd758f95f049d488a2f3543914c622caa8c0b1bf55c862c799a1628ac00b5,8.595,ok,
g6_dhigh_aequal_plocal_gsingleton_seed0,warehouse_random_factorial,carrier,1,69,681.0,681000000,313,329,38,0,0.252,554,69,681,681000000,69,681,681000000,1,0,0,24845,105,1557,0,0,SEARCH_CUTOFF,26,0,0,0,-1,-1,-1,-1,-1,146,9645,146,4732,0,744,0,755,178,110,10632,3436,532,558,44.3538,95418,3016,TASKBR_VACANCY_V1,4995,279,4995,4890,5451,89.7083,0,3004,2537,11064,11064,3182,3158,3134,3134,3134,0,0,0,3,0,0,0,3134,39930,18,BOTTLENECK_TARGET_FRONTIER_CONTINUITY_V2,26.5023,2.7518,13.0091,2.50342,28.7164,8653,8633,5133,0,27,232,10803,2537,14713,0,0,0,4535.65,2240813,22927,614.865,68,19,44,,,,,,,,,,,,,,,,,,,,,,,,,,,,,,,,,,,,,,,,,,,,,,8615.23,8615.42,9529591d32e278c92e66e92ce9d0c15932e76ebc899b6e3990f28d6085e892bd,8.645,ok,
g6_dhigh_aequal_pmixed_gshared_pool_seed0,warehouse_random_factorial,carrier,1,30,339.0,339000000,131,172,36,0,0.2426,273,30,339,339000000,30,339,339000000,1,0,0,207953,213585,278390,0,0,SEARCH_CUTOFF,1,1,0,0,-1,339,-1,30,-1,3990,160,3990,12744,0,19903,0,3793,714,712,5238,3637,25076,8661,1094.65,1481031,2115,TASKBR_VACANCY_V1,538,203,538,348,760,45.7895,3707,454,75,4157,4157,467,450,450,450,450,0,0,0,0,0,0,0,450,573,18,BOTTLENECK_TARGET_FRONTIER_CONTINUITY_V2,10.5359,0.224763,2.52073,0.350683,3.47445,4120,4114,2372,0,3,0,4152,75,23743,0,0,0,7029.37,7193762,33211,1466.97,9,11,0,,,,,,,,,,,,,,,,,,,,,,,,,,,,,,,,,,,,,,,,,,,,,,8595.12,8595.28,cfd99881bda10e9c7b3ac998f1e8bf15e47627d8a63fc00fb9c310eb4171ff82,8.63,ok,
g6_dhigh_aequal_pmixed_gsingleton_seed0,warehouse_random_factorial,carrier,1,72,639.0,639000000,338,265,36,0,0.2608,486,72,639,639000000,72,639,639000000,1,0,0,21955,82,1490,0,0,SEARCH_CUTOFF,30,0,0,0,-1,-1,-1,-1,-1,132,2760,132,3806,0,749,0,660,130,104,1444,1166,537,426,38.6853,72846,250,TASKBR_VACANCY_V1,642,250,642,535,1012,52.8656,0,1607,1160,10458,10458,1736,1717,1717,1717,1717,0,0,0,0,0,0,0,1717,19840,18,BOTTLENECK_TARGET_FRONTIER_CONTINUITY_V2,23.2664,1.23561,7.38972,1.24209,7.69026,9317,9285,3915,0,65,287,10104,1160,3462,0,0,0,4571.3,2745326,11151,578.644,29,32,14,,,,,,,,,,,,,,,,,,,,,,,,,,,,,,,,,,,,,,,,,,,,,,8601.38,8601.57,4278cb183cc424723f30165fc5aa17cf320d153c60341a7f0bb9754a8941df22,8.63,ok,
g6_dhigh_ascarce_pcross_heavy_gshared_pool_seed0,warehouse_random_factorial,carrier,1,69,534.0,534000000,140,328,57,4,0.2254,558,69,535,535000000,69,534,534000000,1,1,1,7,71,681,0,0,STRICT_IMPROVEMENT,17,1,1,1,1143,535,534,69,69,115,21,115,14862,0,647,22,1447,261,141,4099,1270,77,3232,72.0082,552672,1964,TASKBR_VACANCY_V1,1357,249,1357,1475,1972,74.7972,0,1351,307,166,166,1521,1499,1378,1378,1378,0,0,0,0,0,0,0,1378,1718,18,BOTTLENECK_TARGET_FRONTIER_CONTINUITY_V2,1.24867,0.634135,6.02578,1.16022,10.5284,52,10,61,0,9,10,145,307,325,0,0,0,1046.15,355990,1140,61.4197,93,4,0,,,,,,,,,,,,,,,,,,,,,,,,,,,,,,,,,,,,,,,,,,,,,,1176.06,1176.24,9f9668c8f5e3b82f341d51462f5863907aa14496483c07f847026fbb006301a2,1.192,ok,
g6_dhigh_ascarce_pcross_heavy_gsingleton_seed0,warehouse_random_factorial,carrier,1,93,765.0,765000000,387,342,36,0,0.4624,790,93,765,765000000,93,765,765000000,1,0,0,5396,19654,68168,0,0,SEARCH_CUTOFF,34,0,0,0,-1,-1,-1,-1,-1,174,7842,174,8329,4,1073,0,1542,386,216,8914,2986,591,1040,56.9017,177840,3136,TASKBR_VACANCY_V1,12371,2970,12371,9818,15687,62.5869,0,15391,2548,11996,11996,15785,15764,15396,15396,15396,0,0,0,2,0,0,0,15396,86174,18,BOTTLENECK_TARGET_FRONTIER_CONTINUITY_V2,30.3842,10.4264,36.1677,7.12234,34.8506,3237,3,3290,0,28,267,11699,2548,9733,0,0,0,4684.76,1576052,28766,457.553,65,0,12,,,,,,,,,,,,,,,,,,,,,,,,,,,,,,,,,,,,,,,,,,,,,,8626.18,8626.38,b03d2c5a262fc6d3a415173d17249130d16a25ba35c86168efe597c3150851f6,8.654,ok,
g6_dhigh_ascarce_plocal_gshared_pool_seed0,warehouse_random_factorial,carrier,1,56,431.0,431000000,115,277,38,0,0.2282,368,56,431,431000000,56,431,431000000,1,0,0,3891,18830,68624,0,0,SEARCH_CUTOFF,21,1,0,0,-1,431,-1,56,-1,92,5414,92,5484,0,175,0,1071,72,4,2368,478,81,1054,39.3943,180234,1989,TASKBR_VACANCY_V1,11917,134,11917,11867,12128,97.848,0,25271,4156,12160,12160,25308,25288,25251,25251,25251,0,0,0,0,0,0,0,25251,96973,18,BOTTLENECK_TARGET_FRONTIER_CONTINUITY_V2,37.8492,14.4447,54.1484,8.74773,60.8866,3908,6,3911,0,20,177,11961,4156,5652,0,0,0,4454.62,993210,46584,579.669,2049,0,0,,,,,,,,,,,,,,,,,,,,,,,,,,,,,,,,,,,,,,,,,,,,,,8624.24,8624.42,6ed7e04c99e01465f09f5814b4d0924364bc119a609266de68c371bbf7c2e719,8.65,ok,
g6_dhigh_ascarce_plocal_gsingleton_seed0,warehouse_random_factorial,carrier,1,77,585.0,585000000,283,263,38,0,0.4084,837,77,585,585000000,77,585,585000000,1,0,0,46388,69,688,0,0,SEARCH_CUTOFF,9,0,0,0,-1,-1,-1,-1,-1,151,9204,151,7043,0,764,0,1134,282,146,15030,3864,478,703,48.3438,120213,5248,TASKBR_VACANCY_V1,4418,332,4418,4351,5009,86.8636,0,2983,2084,9807,9807,3177,3160,2986,2986,2986,0,0,0,0,0,0,0,2986,13761,18,BOTTLENECK_TARGET_FRONTIER_CONTINUITY_V2,18.4964,1.96124,10.0693,2.05961,22.1463,7767,7723,4414,0,21,200,9584,2084,18580,0,0,0,5706.54,12069851,59084,1852.28,40,0,32,,,,,,,,,,,,,,,,,,,,,,,,,,,,,,,,,,,,,,,,,,,,,,8606.65,8606.83,83e802f85c081cd6931b007755e121e16371b66b37c0cdc2fcf88312f332db94,8.635,ok,
g6_dhigh_ascarce_pmixed_gshared_pool_seed0,warehouse_random_factorial,carrier,1,59,392.0,392000000,131,225,36,0,0.2467,388,59,392,392000000,59,392,392000000,1,0,0,19446,12,119,0,0,SEARCH_CUTOFF,8,1,0,0,-1,392,-1,59,-1,107,9380,107,11567,0,348,21,899,30,13,14976,3461,96,1011,42.0563,172881,3559,TASKBR_VACANCY_V1,15500,8386,15500,7143,23906,29.8795,0,4852,4044,12530,12530,4864,4848,4836,4836,4836,0,0,0,0,0,0,0,4836,28441,18,BOTTLENECK_TARGET_FRONTIER_CONTINUITY_V2,24.1815,3.65195,13.2842,2.80899,16.6423,8789,8740,4368,0,27,299,12202,4044,12695,0,0,0,4307.82,3469319,25662,706.159,45,0,0,,,,,,,,,,,,,,,,,,,,,,,,,,,,,,,,,,,,,,,,,,,,,,8634.26,8634.43,542d66d7c5d8cfe69fee90b86366fee7032efa726a4ca7c5f260e42a2fcf26a7,8.661,ok,
g6_dhigh_ascarce_pmixed_gsingleton_seed0,warehouse_random_factorial,carrier,1,81,605.0,605000000,304,265,36,0,0.417,847,81,605,605000000,81,605,605000000,1,0,0,113024,74,714,0,0,SEARCH_CUTOFF,8,0,0,0,-1,-1,-1,-1,-1,1046,5626,1046,16350,4,2561,0,2744,214,170,5058,1186,2962,3076,311.792,525996,1196,TASKBR_VACANCY_V1,6629,2050,6629,4810,8882,54.1545,716,2318,1271,6710,6710,2528,2507,2306,2306,2306,0,0,0,0,0,0,0,2306,7067,18,BOTTLENECK_TARGET_FRONTIER_CONTINUITY_V2,13.2602,1.18317,8.36984,1.59388,15.3366,5466,5420,3552,0,25,156,6527,1271,22033,0,0,0,6749.02,15556438,52438,2164.18,31,0,4,,,,,,,,,,,,,,,,,,,,,,,,,,,,,,,,,,,,,,,,,,,,,,8603.95,8604.15,6b40de91ffb5e85e68c3d49ea39c9f3be55162989403d40bf9cc59c27c6507e9,8.636,ok,
g6_dhigh_asurplus_pcross_heavy_gshared_pool_seed0,warehouse_random_factorial,carrier,1,67,495.0,495000000,155,254,76,14,0.0857,480,69,497,497000000,67,495,495000000,1,0,0,5617,48,1337,0,0,SEARCH_CUTOFF,3,1,0,0,-1,495,-1,67,-1,100,7891,100,12933,0,267,2,717,149,49,2911,1343,111,2678,59.3481,457938,1613,TASKBR_VACANCY_V1,16432,15976,16432,24217,40497,59.7995,0,9570,16209,10193,10193,18679,18631,18631,18631,18631,0,0,0,6,0,0,0,18631,454452,18,BOTTLENECK_TARGET_FRONTIER_CONTINUITY_V2,41.6611,17.3722,96.5672,14.8224,142.493,526,10,270,0,22,144,10025,16209,8255,0,0,0,4483.08,439215,34547,372.072,5746,2195,4,,,,,,,,,,,,,,,,,,,,,,,,,,,,,,,,,,,,,,,,,,,,,,8634.56,8634.73,5263a3080ca2623b46992e2d7b0bd93cb6c884845649e99d200b839af8efa2b2,8.666,ok,
g6_dhigh_asurplus_pcross_heavy_gsingleton_seed0,warehouse_random_factorial,carrier,1,93,634.0,634000000,369,229,36,0,0.147,492,93,634,634000000,93,634,634000000,1,0,0,35302,103,2047,0,0,SEARCH_CUTOFF,7,0,0,0,-1,-1,-1,-1,-1,153,7746,153,4927,2,922,0,895,322,226,3636,1744,446,651,45.8065,111321,1628,TASKBR_VACANCY_V1,5784,2926,5784,3206,9021,35.5393,0,2789,2446,10456,10456,3112,3084,3084,3084,3084,0,0,0,0,0,0,0,3084,62612,18,BOTTLENECK_TARGET_FRONTIER_CONTINUITY_V2,29.0232,3.76618,18.337,2.65405,26.6521,8043,8035,3582,0,55,229,10170,2446,10893,0,0,0,4688.35,5158418,16309,888.54,30,248,24,,,,,,,,,,,,,,,,,,,,,,,,,,,,,,,,,,,,,,,,,,,,,,8617.73,8617.91,a2c6d3b6eb42f8d53208808b868b68e243dd763daf801941cdd9e926fed8bd20,8.651,ok,
g6_dhigh_asurplus_plocal_gshared_pool_seed0,warehouse_random_factorial,carrier,1,26,294.0,294000000,115,140,38,0,0.1638,181,26,294,294000000,26,294,294000000,1,0,0,194961,64,1226,0,0,SEARCH_CUTOFF,0,1,0,0,-1,294,-1,26,-1,162,10268,162,4701,0,387,0,519,18,0,418,327,346,922,52.1376,157662,406,TASKBR_VACANCY_V1,489,193,489,321,704,45.5966,0,425,69,10724,10724,455,403,403,403,403,0,0,0,0,0,0,0,403,1437,18,BOTTLENECK_TARGET_FRONTIER_CONTINUITY_V2,28.884,0.30023,3.38252,0.34131,3.78249,10673,10667,5071,0,17,137,10568,69,25435,0,0,0,4457.78,6287503,59321,1276.84,0,6,0,,,,,,,,,,,,,,,,,,,,,,,,,,,,,,,,,,,,,,,,,,,,,,8629.75,8629.9,d992f2b6421eb71c561c31c2e10006c7a5403cc721beb8061498ed7a7aaffd20,8.67,ok,
g6_dhigh_asurplus_plocal_gsingleton_seed0,warehouse_random_factorial,carrier,1,61,547.0,547000000,290,221,36,0,0.1761,456,61,547,547000000,61,547,547000000,1,0,0,15397,94,1795,0,0,SEARCH_CUTOFF,6,0,0,0,-1,-1,-1,-1,-1,124,9368,124,4670,0,779,0,713,238,140,3370,1516,443,492,37.8913,84132,1460,TASKBR_VACANCY_V1,14603,8391,14603,6495,23224,27.9668,0,3043,2760,10468,10468,3315,3293,3293,3293,3293,0,0,0,0,0,0,0,3293,64223,18,BOTTLENECK_TARGET_FRONTIER_CONTINUITY_V2,29.0895,3.5283,18.5315,2.80978,37.8346,7976,7960,3987,0,34,249,10183,2760,13494,0,0,0,4721.65,3693647,20821,757.47,68,155,3,,,,,,,,,,,,,,,,,,,,,,,,,,,,,,,,,,,,,,,,,,,,,,8612.83,8613,8b9de2e82ca7d9ff7b0dc8ceeb151b3699797bec49546c9b8b958c4c36fdf310,8.642,ok,
g6_dhigh_asurplus_pmixed_gshared_pool_seed0,warehouse_random_factorial,carrier,1,33,295.0,295000000,143,116,36,0,0.1605,238,34,293,293000000,33,295,295000000,1,1,1,0,4,111,0,0,STRICT_IMPROVEMENT,3,1,1,1,446,293,295,34,33,63,14,63,7152,0,363,6,363,5,5,7001,1644,118,727,25.9333,124317,1929,TASKBR_VACANCY_V1,482,199,482,289,683,42.3133,0,371,59,83,83,371,349,349,349,349,0,0,0,0,0,0,0,349,772,18,BOTTLENECK_TARGET_FRONTIER_CONTINUITY_V2,0.543347,0.248251,2.54169,0.248995,4.42289,43,41,26,0,3,14,64,59,381,0,0,0,375.278,365666,507,55.0918,6,0,1,,,,,,,,,,,,,,,,,,,,,,,,,,,,,,,,,,,,,,,,,,,,,,463.736,463.907,7cf272f0e8cdbb1861e191fd7eb972cd5b00d796ff6eeb25cd14b5cfc97b3a3b,0.478,ok,
g6_dhigh_asurplus_pmixed_gsingleton_seed0,warehouse_random_factorial,carrier,1,56,523.0,523000000,328,159,36,0,0.2169,363,56,523,523000000,56,523,523000000,1,0,0,22150,309,3492,0,0,SEARCH_CUTOFF,11,0,0,0,-1,-1,-1,-1,-1,138,9925,138,3377,0,807,0,518,136,84,734,204,611,456,40.6161,77976,238,TASKBR_VACANCY_V1,6312,3529,6312,2961,9974,29.6872,0,889,650,11327,11327,1029,1010,1010,1010,1010,0,0,0,0,0,0,0,1010,15785,18,BOTTLENECK_TARGET_FRONTIER_CONTINUITY_V2,29.249,0.936165,5.62118,0.817161,17.8094,10721,10709,6307,0,32,241,11052,650,15789,0,0,0,4319.26,3047250,20184,634.187,30,41,44,,,,,,,,,,,,,,,,,,,,,,,,,,,,,,,,,,,,,,,,,,,,,,8627.02,8627.19,43f47bd8705ce4f21d364dfb211c12967cf6a87c0543932d9648f7c1daf041bc,8.658,ok,
g6_dlow_abaseline_pcross_heavy_gshared_pool_seed0,warehouse_random_factorial,carrier,1,37,380.0,380000000,94,247,38,0,0.2117,221,37,380,380000000,37,380,380000000,1,0,0,9520,16466,62841,0,0,SEARCH_CUTOFF,1,1,0,0,-1,380,-1,37,-1,2200,3378,2200,16477,0,2807,0,8516,74,38,41144,30580,3629,7615,611.954,1302165,10,TASKBR_VACANCY_V1,14086,3910,14086,10259,18073,56.7642,1912,12129,2327,5613,5613,12209,8582,8508,8508,8508,0,0,0,0,0,0,0,8508,44690,17,BOTTLENECK_TARGET_FRONTIER_CONTINUITY_V2,19.3127,6.94704,26.1869,4.57314,14.815,1758,44,1755,0,0,1,5610,2327,17612,0,0,0,7627.13,876360,44868,665.065,21,0,0,,,,,,,,,,,,,,,,,,,,,,,,,,,,,,,,,,,,,,,,,,,,,,8578.02,8578.16,9cde4a142fbcec27bef287be10458e68de5beefa009502616e0324d8a500c83c,8.595,ok,
g6_dlow_abaseline_pcross_heavy_gsingleton_seed0,warehouse_random_factorial,carrier,1,82,706.0,706000000,363,307,36,0,0.3689,500,83,708,708000000,82,706,706000000,1,1,1,0,82,1049,0,0,STRICT_IMPROVEMENT,16,0,0,0,-1,-1,-1,-1,-1,162,12,162,5486,0,974,0,1045,318,198,4496,2022,536,640,44.4269,109440,1334,TASKBR_VACANCY_V1,1023,587,1023,794,1880,42.234,0,843,211,194,194,1174,1149,962,962,962,0,0,0,0,0,0,0,962,1361,18,BOTTLENECK_TARGET_FRONTIER_CONTINUITY_V2,1.16259,0.474984,5.27851,0.76031,6.07504,97,61,113,0,6,26,160,211,796,0,0,0,945.685,1331904,1309,177.577,66,24,4,,,,,,,,,,,,,,,,,,,,,,,,,,,,,,,,,,,,,,,,,,,,,,1034.2,1034.34,a6226efb98c548376862a1bcf15d94f2af8ac285151dbf18af127e7b7bf17c2c,1.046,ok,
g6_dlow_abaseline_plocal_gshared_pool_seed0,warehouse_random_factorial,carrier,1,40,394.0,394000000,109,249,36,0,0.2271,208,40,394,394000000,40,394,394000000,1,0,0,5810,21747,122861,0,0,SEARCH_CUTOFF,7,1,0,0,-1,394,-1,40,-1,489,12536,489,7799,0,453,0,2312,0,0,466,1025,369,2626,154.901,449046,11,TASKBR_VACANCY_V1,42769,16177,42769,26592,58946,45.1125,198,23600,6946,13315,13315,23600,20905,20905,20905,20905,0,0,0,0,0,0,0,20905,117084,18,BOTTLENECK_TARGET_FRONTIER_CONTINUITY_V2,41.672,15.1197,57.8324,9.70767,58.9153,3935,153,3932,0,0,31,13282,6946,33031,0,0,0,4500.97,1503655,104376,1195.74,23,0,0,,,,,,,,,,,,,,,,,,,,,,,,,,,,,,,,,,,,,,,,,,,,,,8644.89,8645.04,dad9a1b7483510eb4b5c308cc7db5413167bbcfe5797a547991c1c8be66fba76,8.666,ok,
g6_dlow_abaseline_plocal_gsingleton_seed0,warehouse_random_factorial,carrier,1,187,986.0,986000000,546,404,36,0,0.2433,803,189,990,990000000,187,986,986000000,1,0,0,3369,179,2317,0,0,SEARCH_CUTOFF,270,0,0,0,-1,-1,-1,-1,-1,195,7782,195,7643,0,931,0,1230,317,188,10700,3720,479,810,53.8229,138510,2816,TASKBR_VACANCY_V1,8562,7910,8562,1084,24147,4.48917,0,6979,11771,15550,15550,8717,8700,8597,8597,8597,0,0,0,0,0,0,0,8597,80035,18,BOTTLENECK_TARGET_FRONTIER_CONTINUITY_V2,32.3364,6.36486,26.6704,5.14903,33.5246,2728,107,2737,0,55,273,15220,11771,9252,0,0,0,3582.54,1157882,27265,410.456,736,73,13,,,,,,,,,,,,,,,,,,,,,,,,,,,,,,,,,,,,,,,,,,,,,,8646.4,8646.61,fc310d77ec494475e010f336aef6176473614887ed442f4360517eb2f93e56b4,8.67,ok,
g6_dlow_abaseline_pmixed_gshared_pool_seed0,warehouse_random_factorial,carrier,1,39,377.0,377000000,128,213,36,0,0.2735,262,39,377,377000000,39,377,377000000,1,0,0,10453,296,2166,0,0,SEARCH_CUTOFF,2,1,0,0,-1,377,-1,39,-1,917,11487,917,14451,0,1235,12,3424,23,23,10856,2386,1274,2331,242.882,398601,2536,TASKBR_VACANCY_V1,13179,185,13179,13021,13382,97.3023,625,13026,16482,12431,12431,13049,13027,13019,13019,13019,0,0,0,0,0,0,0,13019,99185,18,BOTTLENECK_TARGET_FRONTIER_CONTINUITY_V2,32.2472,11.787,35.2087,6.81917,41.2112,6702,346,2699,0,18,134,12277,16482,38300,0,0,0,5189.27,2528004,98194,1450.2,8154,0,0,,,,,,,,,,,,,,,,,,,,,,,,,,,,,,,,,,,,,,,,,,,,,,8647.66,8647.83,5a6ee66370b0a9c967140b1c18327754eafc375e2337014da4e10aafce5d4437,8.669,ok,
g6_dlow_abaseline_pmixed_gsingleton_seed0,warehouse_random_factorial,carrier,1,72,629.0,629000000,312,281,36,0,0.3611,414,72,629,629000000,72,629,629000000,1,0,0,9722,65,842,0,0,SEARCH_CUTOFF,10,0,0,0,-1,-1,-1,-1,-1,143,13075,143,5267,0,735,0,906,148,124,4366,696,492,549,39.0707,93879,218,TASKBR_VACANCY_V1,13235,8851,13235,4542,22208,20.4521,0,5199,859,14492,14492,5343,1725,1626,1626,1626,0,0,0,0,0,0,0,1626,8741,18,BOTTLENECK_TARGET_FRONTIER_CONTINUITY_V2,26.0883,0.837786,5.95471,1.10874,8.08132,13699,13655,8062,0,28,289,14173,859,20720,0,0,0,3807.37,5700332,29738,1180.39,50,3,17,,,,,,,,,,,,,,,,,,,,,,,,,,,,,,,,,,,,,,,,,,,,,,8654.18,8654.36,5eeb3341b3c2a089ddb19582c1275bc954f40d8a8a29f177724130fb88ce0059,8.675,ok,
g6_dlow_aequal_pcross_heavy_gshared_pool_seed0,warehouse_random_factorial,carrier,1,31,410.0,410000000,94,277,38,0,0.1685,183,31,410,410000000,31,410,410000000,1,0,0,7039,20436,187213,0,0,SEARCH_CUTOFF,1,1,0,0,-1,410,-1,31,-1,1173,9757,1173,7538,0,1495,10,3773,46,28,1309,247,1876,3074,312.889,525654,19,TASKBR_VACANCY_V1,11518,144,11518,11424,11708,97.5743,890,13837,72,11058,11058,13908,11674,11674,11674,11674,0,0,0,0,0,0,0,11674,159800,17,BOTTLENECK_TARGET_FRONTIER_CONTINUITY_V2,36.0791,12.4199,45.7215,7.64132,67.4903,4807,102,4805,0,26,262,10768,72,27367,0,0,0,5516.53,1755806,82424,1093.99,11,0,0,,,,,,,,,,,,,,,,,,,,,,,,,,,,,,,,,,,,,,,,,,,,,,8613.13,8613.3,7ab9f725398ea318c71e7f713246c6780a46d7e24d6946af79bf91211f5ed21d,8.635,ok,
g6_dlow_aequal_pcross_heavy_gsingleton_seed0,warehouse_random_factorial,carrier,1,69,645.0,645000000,367,242,36,0,0.2955,328,69,647,647000000,69,645,645000000,1,1,1,0,65,1213,1,1,REFERENCE_SUFFIX_ACCEPTED,5,0,0,0,-1,-1,-1,-1,-1,127,12,127,4026,0,885,0,569,208,158,860,3064,576,481,34.2001,82251,474,TASKBR_VACANCY_V1,568,421,568,375,1206,31.0945,0,515,107,158,158,739,715,715,715,715,0,0,0,2,0,0,0,715,1272,18,BOTTLENECK_TARGET_FRONTIER_CONTINUITY_V2,0.993787,0.380632,3.62832,0.598608,5.11642,90,66,80,0,4,32,120,107,831,0,0,0,589.902,1301708,985,180.078,15,155,2,,,,,,,,,,,,,,,,,,,,,,,,,,,,,,,,,,,,,,,,,,,,,,673.123,673.237,ecd8d0c1014a447ec80d8b7ebbe143e80a3eacab9656afcf561169293d035403,0.685,ok,
g6_dlow_aequal_plocal_gshared_pool_seed0,warehouse_random_factorial,carrier,1,28,321.0,321000000,109,176,36,0,0.2163,158,28,321,321000000,28,321,321000000,1,0,0,6481,64,936,0,0,SEARCH_CUTOFF,0,1,0,0,-1,321,-1,28,-1,2082,684,2082,19155,0,6566,3,6371,5,5,38,205,7404,5071,528.207,867141,47,TASKBR_VACANCY_V1,1650,736,1650,920,2389,38.5098,1801,2848,350,2773,2773,2853,722,722,722,722,0,0,0,0,0,0,0,722,4120,18,BOTTLENECK_TARGET_FRONTIER_CONTINUITY_V2,7.74929,0.674419,4.37829,0.587824,3.9352,2448,2435,1879,0,2,3,2766,350,15902,0,0,0,8153.63,2670694,22134,669.756,3,0,0,,,,,,,,,,,,,,,,,,,,,,,,,,,,,,,,,,,,,,,,,,,,,,8547.41,8547.57,aa8a46e379a7e5c0ad088844668035717d78bcffd5f8437e77febfd09313aae9,8.563,ok,
g6_dlow_aequal_plocal_gsingleton_seed0,warehouse_random_factorial,carrier,1,62,661.0,661000000,296,329,36,0,0.2652,500,62,661,661000000,62,661,661000000,1,0,0,8229,97,1566,0,0,SEARCH_CUTOFF,14,0,0,0,-1,-1,-1,-1,-1,364,11743,364,6381,0,1046,0,1245,300,170,11929,3358,758,1438,102.507,245898,3180,TASKBR_VACANCY_V1,24284,14928,24284,18435,63802,28.8941,52,11280,29873,12959,12959,16623,16606,16606,16606,16606,0,0,0,0,0,0,0,16606,198538,18,BOTTLENECK_TARGET_FRONTIER_CONTINUITY_V2,43.0018,14.5033,65.4534,10.9267,107.552,737,222,604,0,7,97,12853,29873,23188,0,0,0,4563.86,4748458,82045,1397.41,6696,67,43,,,,,,,,,,,,,,,,,,,,,,,,,,,,,,,,,,,,,,,,,,,,,,8635.1,8635.29,8e31af691f3145f3105c025af8698b1d078f18b77474a8ed8823bdaa1be07f84,8.658,ok,
g6_dlow_aequal_pmixed_gshared_pool_seed0,warehouse_random_factorial,carrier,1,30,344.0,344000000,125,183,36,0,0.2315,221,30,344,344000000,30,344,344000000,1,0,0,26638,34197,127787,0,0,SEARCH_CUTOFF,0,1,0,0,-1,344,-1,30,-1,3718,2433,3718,20195,0,13871,0,7930,8,8,4765,4935,16786,9565,981.716,1635615,1245,TASKBR_VACANCY_V1,4199,2019,4199,2190,6228,35.1638,3435,1387,989,6158,6158,1397,1372,1372,1372,1372,0,0,0,0,0,0,0,1372,11396,18,BOTTLENECK_TARGET_FRONTIER_CONTINUITY_V2,17.4463,1.69711,7.17902,1.14694,7.04388,5197,5191,2314,0,5,1,6150,989,33586,0,0,0,7370.7,5396602,49195,1442.05,18,10,0,,,,,,,,,,,,,,,,,,,,,,,,,,,,,,,,,,,,,,,,,,,,,,8608.15,8608.32,98ba9e4019bdf7c7868c68c5111865539b61b4f86abe04c9513e4a1ab062d7bf,8.627,ok,
g6_dlow_aequal_pmixed_gsingleton_seed0,warehouse_random_factorial,carrier,1,61,613.0,613000000,312,265,36,0,0.2842,323,61,613,613000000,61,613,613000000,1,0,0,17884,54,1023,0,0,SEARCH_CUTOFF,8,0,0,0,-1,-1,-1,-1,-1,116,8217,116,3760,0,670,0,662,129,102,2204,1078,464,392,31.2599,67032,376,TASKBR_VACANCY_V1,8852,8459,8852,534,25634,2.08317,0,7515,14337,15326,15326,10665,10646,10646,10646,10646,0,0,0,0,0,0,0,10646,167783,18,BOTTLENECK_TARGET_FRONTIER_CONTINUITY_V2,38.0286,8.68882,38.4259,7.02392,28.1505,2081,56,2059,0,42,220,15062,14337,8894,0,0,0,2866.52,1090488,23039,349.798,3053,30,10,,,,,,,,,,,,,,,,,,,,,,,,,,,,,,,,,,,,,,,,,,,,,,8630.01,8630.16,d2e05088b385732b256f68efbfbb42848b68cb8e11c3191df1bbb75abdaeac64,8.654,ok,
g6_dlow_ascarce_pcross_heavy_gshared_pool_seed0,warehouse_random_factorial,carrier,1,54,408.0,408000000,94,276,37,0,0.1934,271,54,409,409000000,54,408,408000000,1,1,1,7,51,506,0,0,STRICT_IMPROVEMENT,9,1,1,1,583,409,408,54,54,119,24,119,3561,0,132,7,975,131,58,2140,187,69,1089,41.13,186219,19,TASKBR_VACANCY_V1,967,122,967,991,1231,80.5037,0,1092,140,167,167,1194,1150,1070,1070,1070,0,0,0,0,0,0,0,1070,1216,17,BOTTLENECK_TARGET_FRONTIER_CONTINUITY_V2,1.08082,0.481877,5.18334,0.847557,6.48076,91,47,75,0,14,28,123,140,287,0,0,0,515.851,162878,955,37.1802,28,0,0,,,,,,,,,,,,,,,,,,,,,,,,,,,,,,,,,,,,,,,,,,,,,,596.015,596.136,9cab69d6df9decb2ec2f5e055ac30f0ac011c024c89bb9f950962fd6e79b94a2,0.607,ok,
g6_dlow_ascarce_pcross_heavy_gsingleton_seed0,warehouse_random_factorial,carrier,1,99,767.0,767000000,369,362,36,0,0.4141,662,99,767,767000000,99,767,767000000,1,0,0,3373,1649,6584,0,0,SEARCH_CUTOFF,26,0,0,0,-1,-1,-1,-1,-1,2970,1219,2970,39365,0,6430,0,9651,1164,992,13202,4239,6062,9151,795.254,1564821,5792,TASKBR_VACANCY_V1,8431,5068,8431,4111,14182,28.9874,2624,3121,1622,4208,4208,3701,3048,2785,2785,2785,0,0,0,0,0,0,0,2785,8127,18,BOTTLENECK_TARGET_FRONTIER_CONTINUITY_V2,10.7546,1.84274,9.53428,1.76475,9.89695,2866,2812,2791,0,5,94,4107,1622,16166,0,0,0,8069.95,4192922,33636,943.912,84,23,2,,,,,,,,,,,,,,,,,,,,,,,,,,,,,,,,,,,,,,,,,,,,,,8566.89,8567.06,b9c9725e2b5d3f6be2cdc25fb50620f9cd3a39dcf2848f67b9b20f71aba8ff66,8.584,ok,
g6_dlow_ascarce_plocal_gshared_pool_seed0,warehouse_random_factorial,carrier,1,79,426.0,426000000,135,255,36,0,0.1899,309,79,426,426000000,79,426,426000000,1,0,0,7778,75,747,0,0,SEARCH_CUTOFF,12,1,0,0,-1,426,-1,79,-1,137,9475,137,4695,0,192,3,937,8,8,504,183,77,1200,47.2157,205200,147,TASKBR_VACANCY_V1,3982,3167,3982,826,7152,11.5492,0,2172,1206,17194,17194,2180,2150,2142,2142,2142,0,0,0,0,0,0,0,2142,10341,18,BOTTLENECK_TARGET_FRONTIER_CONTINUITY_V2,31.6988,1.15081,8.26715,1.45633,12.3055,16054,16000,8083,0,83,325,16784,1206,9762,0,0,0,2515.64,443733,17952,272.11,18,0,0,,,,,,,,,,,,,,,,,,,,,,,,,,,,,,,,,,,,,,,,,,,,,,8652.71,8652.87,81f91f94bc2efc9e83415e1770eb6ac01435e2fa92aa08bdd74681a391e3f78a,8.674,ok,
g6_dlow_ascarce_plocal_gsingleton_seed0,warehouse_random_factorial,carrier,1,96,701.0,701000000,338,327,36,0,0.3912,808,96,703,703000000,96,701,701000000,1,1,1,0,94,928,0,0,STRICT_IMPROVEMENT,91,0,0,0,-1,-1,-1,-1,-1,171,15,171,8088,0,888,0,1466,362,210,13936,4370,389,750,48.0799,128250,3698,TASKBR_VACANCY_V1,1400,566,1400,1219,2264,53.8428,0,1264,248,208,208,1601,1583,1305,1305,1305,0,0,0,0,0,0,0,1305,1443,18,BOTTLENECK_TARGET_FRONTIER_CONTINUITY_V2,1.34744,0.617654,6.65904,1.26681,18.0761,97,45,124,0,2,21,183,248,725,0,0,0,1550.12,1110020,1489,152.899,79,4,6,,,,,,,,,,,,,,,,,,,,,,,,,,,,,,,,,,,,,,,,,,,,,,1644.05,1644.2,06b4b623d213922ebc9c0faba7951afe37f5f76d3847ad0ade82008e961bc8f9,1.657,ok,
g6_dlow_ascarce_pmixed_gshared_pool_seed0,warehouse_random_factorial,carrier,1,51,363.0,363000000,137,190,36,0,0.2985,321,51,363,363000000,51,363,363000000,1,0,0,15338,3,29,0,0,SEARCH_CUTOFF,5,1,0,0,-1,363,-1,51,-1,141,13807,141,13017,0,469,27,1113,17,16,4284,872,186,1164,47.9131,199044,623,TASKBR_VACANCY_V1,56265,14031,56265,42253,70307,60.0979,0,56301,9828,13958,13958,56320,42444,42427,42427,42427,0,0,0,0,0,0,0,42427,72865,18,BOTTLENECK_TARGET_FRONTIER_CONTINUITY_V2,49.0369,17.3175,72.8333,14.9549,55.4737,7538,34,7543,0,3,26,13927,9828,41326,0,0,0,4456.42,3184997,111606,1863.79,4879,0,0,,,,,,,,,,,,,,,,,,,,,,,,,,,,,,,,,,,,,,,,,,,,,,8666.87,8667.06,f15854eccb52adc8f0fb0b1ac56cb8bfc58d64e172cbd5805a0913811521df5c,8.688,ok,
g6_dlow_ascarce_pmixed_gsingleton_seed0,warehouse_random_factorial,carrier,1,81,608.0,608000000,302,270,36,0,0.4143,472,81,608,608000000,81,608,608000000,1,0,0,6654,68,678,0,0,SEARCH_CUTOFF,9,0,0,0,-1,-1,-1,-1,-1,930,12356,930,22745,0,1423,0,3535,390,168,5302,818,1212,7279,302.166,1244709,258,TASKBR_VACANCY_V1,14405,8321,14405,11450,35921,31.8755,600,9026,14504,13348,13348,11835,9198,9007,9007,9007,0,0,0,0,0,0,0,9007,42396,18,BOTTLENECK_TARGET_FRONTIER_CONTINUITY_V2,28.4989,5.619,22.6696,4.5809,23.4868,1705,183,1709,0,11,102,13233,14504,40222,0,0,0,4920.9,3712962,98986,1257.76,3056,0,4,,,,,,,,,,,,,,,,,,,,,,,,,,,,,,,,,,,,,,,,,,,,,,8668.99,8669.18,70183aa07835e3d853ad40d251aebceeff8c92c49da7153a98929433bfc1bf22,8.691,ok,
g6_dlow_asurplus_pcross_heavy_gshared_pool_seed0,warehouse_random_factorial,carrier,1,25,349.0,349000000,94,216,38,0,0.1393,164,25,349,349000000,25,349,349000000,1,0,0,8266,12181,98427,0,0,SEARCH_CUTOFF,0,1,0,0,-1,349,-1,25,-1,2551,618,2551,19683,0,7682,0,8651,47,25,1050,190,9271,8381,687.929,1433151,10,TASKBR_VACANCY_V1,3673,168,3673,3563,3892,91.5468,2273,4252,64,3176,3176,4320,3651,3651,3651,3651,0,0,0,1,0,0,0,3651,66217,17,BOTTLENECK_TARGET_FRONTIER_CONTINUITY_V2,15.491,5.2545,25.2799,3.35974,44.5393,1515,5,1510,0,0,0,3174,64,16577,0,0,0,8005.9,1253599,25384,607.326,5,2,0,,,,,,,,,,,,,,,,,,,,,,,,,,,,,,,,,,,,,,,,,,,,,,8563.23,8563.39,7afd0239c5aafae92d304e31577dd8e1a15802365c10726938e65151edd7c562,8.58,ok,
g6_dlow_asurplus_pcross_heavy_gsingleton_seed0,warehouse_random_factorial,carrier,1,76,645.0,645000000,383,224,38,1,0.1866,352,78,647,647000000,76,645,645000000,1,1,1,0,77,2124,1,1,REFERENCE_SUFFIX_ACCEPTED,11,0,0,0,-1,-1,-1,-1,-1,136,7,136,4364,0,904,0,671,226,132,3148,2758,604,482,36.4079,82422,952,TASKBR_VACANCY_V1,597,358,597,465,1153,40.3296,0,437,112,166,166,653,630,630,630,630,0,0,0,0,0,0,0,630,2163,18,BOTTLENECK_TARGET_FRONTIER_CONTINUITY_V2,1.02694,0.441975,4.08047,0.567316,6.10885,97,82,81,0,24,17,123,112,808,0,0,0,634.273,1326139,1019,178.801,20,140,19,,,,,,,,,,,,,,,,,,,,,,,,,,,,,,,,,,,,,,,,,,,,,,723.777,723.941,1bc0667c69ee183041d11b655a191fffa5edf8b2abe8d3d8164bf1d02ea080a1,0.736,ok,
g6_dlow_asurplus_plocal_gshared_pool_seed0,warehouse_random_factorial,carrier,1,26,275.0,275000000,109,130,36,0,0.1553,142,26,275,275000000,26,275,275000000,1,0,0,7437,9348,80182,0,0,SEARCH_CUTOFF,0,1,0,0,-1,275,-1,26,-1,3088,921,3088,35064,0,8131,4,6751,5,5,18,247,9872,13166,871.113,2251386,43,TASKBR_VACANCY_V1,4875,2608,4875,2274,7486,30.3767,2809,1980,1034,4016,4016,1986,1332,1332,1332,1332,0,0,0,0,0,0,0,1332,21319,18,BOTTLENECK_TARGET_FRONTIER_CONTINUITY_V2,13.8512,1.36433,8.83782,1.11802,8.26071,3079,3074,2672,0,5,43,3966,1034,17205,0,0,0,7958.98,5686417,32085,1121.81,4,1,0,,,,,,,,,,,,,,,,,,,,,,,,,,,,,,,,,,,,,,,,,,,,,,8574.02,8574.19,234ad827e124f71ffd0d5e5fbdb9e708eea38e974316b437a6d6fd1c0e85b727,8.592,ok,
g6_dlow_asurplus_plocal_gsingleton_seed0,warehouse_random_factorial,carrier,1,71,572.0,572000000,320,216,36,0,0.1669,326,71,572,572000000,71,572,572000000,1,0,0,1558,77,2082,0,0,SEARCH_CUTOFF,27,0,0,0,-1,-1,-1,-1,-1,130,5819,130,3398,0,771,0,579,187,94,1414,558,523,406,34.0715,69426,344,TASKBR_VACANCY_V1,6330,6080,6330,431,18402,2.34214,0,9481,12377,15033,15033,10943,10926,10926,10926,10926,0,0,0,0,0,0,0,10926,265010,18,BOTTLENECK_TARGET_FRONTIER_CONTINUITY_V2,46.9711,11.8301,59.5443,9.37111,108.733,3214,68,3214,0,37,131,14863,12377,6507,0,0,0,3079.95,1109092,24868,398.035,2613,74,43,,,,,,,,,,,,,,,,,,,,,,,,,,,,,,,,,,,,,,,,,,,,,,8642.33,8642.51,dc3c30e1e6ddf0ad70cb94b015024c12babea018e877f5b6ac27e3e8289c1b25,8.667,ok,
g6_dlow_asurplus_pmixed_gshared_pool_seed0,warehouse_random_factorial,carrier,1,33,280.0,280000000,128,116,36,0,0.1437,196,34,279,279000000,33,280,280000000,1,1,1,0,4,111,0,0,STRICT_IMPROVEMENT,3,1,1,1,366,279,280,34,33,63,13,63,6799,0,312,30,360,15,14,6196,1429,92,461,21.1625,78831,1616,TASKBR_VACANCY_V1,452,204,452,265,666,39.7898,0,361,74,82,82,377,351,351,351,351,0,0,0,0,0,0,0,351,904,18,BOTTLENECK_TARGET_FRONTIER_CONTINUITY_V2,0.57061,0.262104,2.45904,0.258452,4.67576,45,43,31,0,13,14,53,74,343,0,0,0,308.934,257162,449,42.1394,7,0,1,,,,,,,,,,,,,,,,,,,,,,,,,,,,,,,,,,,,,,,,,,,,,,375.814,375.947,657ed46cb6ff3dd7a91b9cccde7c0130b6e758fa0f1284aa6c49ca1bea118a20,0.388,ok,
g6_dlow_asurplus_pmixed_gsingleton_seed0,warehouse_random_factorial,carrier,1,45,513.0,513000000,318,159,36,0,0.2617,262,45,513,513000000,45,513,513000000,1,0,0,1125,45,1250,0,0,SEARCH_CUTOFF,11,0,0,0,-1,-1,-1,-1,-1,1546,4039,1546,15745,0,3195,0,6747,834,90,738,226,3001,5526,428.448,944946,160,TASKBR_VACANCY_V1,19188,8896,19188,14777,33493,44.1197,1247,7561,3912,5590,5590,7694,7624,7624,7624,7624,0,0,0,0,0,0,0,7624,105677,18,BOTTLENECK_TARGET_FRONTIER_CONTINUITY_V2,22.7869,7.3104,36.9547,5.39029,78.9974,2212,454,2153,0,1,6,5581,3912,21806,0,0,0,7621.52,2393170,44671,776.761,36,39,24,,,,,,,,,,,,,,,,,,,,,,,,,,,,,,,,,,,,,,,,,,,,,,8579.52,8579.67,0863f2098d0da0d75d303bfbfd25b0a301e5e91f74676c621c9a0f1624b9f464,8.598,ok,
g6_dmedium_abaseline_pcross_heavy_gshared_pool_seed0,warehouse_random_factorial,carrier,1,56,509.0,509000000,113,312,76,15,0.1682,397,57,514,514000000,56,509,509000000,1,1,1,0,43,558,0,0,STRICT_IMPROVEMENT,8,1,1,1,815,514,509,57,56,91,32,91,11691,0,210,5,960,223,54,2781,1111,60,2471,51.8926,422541,1351,TASKBR_VACANCY_V1,1001,257,1001,1012,1582,63.9697,0,1018,335,151,151,1289,1239,1121,1121,1121,0,0,0,2,0,0,0,1121,1925,18,BOTTLENECK_TARGET_FRONTIER_CONTINUITY_V2,1.16114,0.567456,5.0004,0.787575,8.42305,24,5,23,0,1,7,141,335,311,0,0,0,735.475,164208,1089,37.3154,95,8,0,,,,,,,,,,,,,,,,,,,,,,,,,,,,,,,,,,,,,,,,,,,,,,836.874,837.032,f4810f04458aabc7e41ebbb157f153fffc6c61c32dfc9b71be64db6a6eed3aaf,0.85,ok,
g6_dmedium_abaseline_pcross_heavy_gsingleton_seed0,warehouse_random_factorial,carrier,1,94,773.0,773000000,361,376,36,0,0.32,628,94,773,773000000,94,773,773000000,1,0,0,19937,130,1471,0,0,SEARCH_CUTOFF,27,0,0,0,-1,-1,-1,-1,-1,197,10515,197,8480,2,1002,0,1258,403,229,6611,2073,513,1088,61.3543,186048,2343,TASKBR_VACANCY_V1,8116,4289,8116,4273,12767,33.4691,0,1679,1002,11780,11780,2100,2082,1923,1923,1923,0,0,0,0,0,0,0,1923,9970,18,BOTTLENECK_TARGET_FRONTIER_CONTINUITY_V2,21.2679,1.15105,8.32027,1.29931,9.7512,10913,10873,7627,0,28,253,11497,1002,16722,0,0,0,4741.81,5860728,24655,1112.85,104,37,0,,,,,,,,,,,,,,,,,,,,,,,,,,,,,,,,,,,,,,,,,,,,,,8624.97,8625.14,de559781f8f6b3747ba060d10bc4b3a4e3f40239ac211656ef5254918a5f1b13,8.65,ok,
g6_dmedium_abaseline_plocal_gshared_pool_seed0,warehouse_random_factorial,carrier,1,40,376.0,376000000,113,224,38,0,0.2354,257,40,376,376000000,40,376,376000000,1,0,0,3841,19017,118084,0,0,SEARCH_CUTOFF,3,1,0,0,-1,376,-1,40,-1,81,11210,81,6512,0,173,0,758,54,0,423,365,88,996,34.1195,170316,126,TASKBR_VACANCY_V1,29150,11859,29150,17358,41074,42.2603,0,19804,4068,12604,12604,19850,17266,17243,17243,17243,0,0,0,0,0,0,0,17243,124420,18,BOTTLENECK_TARGET_FRONTIER_CONTINUITY_V2,35.715,12.7758,48.2246,8.93268,26.9874,5422,15,5419,0,7,110,12485,4068,17251,0,0,0,4182.98,473297,64951,561.913,32,0,0,,,,,,,,,,,,,,,,,,,,,,,,,,,,,,,,,,,,,,,,,,,,,,8636.98,8637.14,d0bf31f69645396023d0f3606c8392ce104133db5761f13b49f64abde0adbf7f,8.66,ok,
g6_dmedium_abaseline_plocal_gsingleton_seed0,warehouse_random_factorial,carrier,1,173,881.0,881000000,444,391,44,1,0.2139,904,173,881,881000000,173,881,881000000,1,0,0,17041,184,2346,0,0,SEARCH_CUTOFF,169,0,0,0,-1,-1,-1,-1,-1,171,5140,171,7886,0,814,0,1228,298,172,11232,3876,416,779,51.0111,133209,2906,TASKBR_VACANCY_V1,5243,4570,5243,978,10068,9.71395,0,2036,1880,12704,12704,2631,2606,2518,2518,2518,0,0,0,0,0,0,0,2518,17040,18,BOTTLENECK_TARGET_FRONTIER_CONTINUITY_V2,24.7705,1.56937,10.4364,1.81527,19.8046,10947,10892,5337,0,79,301,12322,1880,6361,0,0,0,4439.03,1172833,15632,357.317,66,77,2,,,,,,,,,,,,,,,,,,,,,,,,,,,,,,,,,,,,,,,,,,,,,,8627.41,8627.59,eabb87897bf71a9a7d0382f1ed41092171c71c3eef12ef65d42f559abde0a8c9,8.657,ok,
g6_dmedium_abaseline_pmixed_gshared_pool_seed0,warehouse_random_factorial,carrier,1,45,389.0,389000000,143,210,36,0,0.2648,317,49,386,386000000,45,389,389000000,1,1,1,0,11,142,0,0,STRICT_IMPROVEMENT,3,1,1,1,656,386,389,49,45,88,9,88,10110,0,423,18,697,33,23,11525,2602,103,953,35.1601,162963,3013,TASKBR_VACANCY_V1,724,191,724,569,940,60.5319,0,671,128,105,105,696,676,667,667,667,0,0,0,1,0,0,0,667,858,18,BOTTLENECK_TARGET_FRONTIER_CONTINUITY_V2,0.718598,0.317722,2.98314,0.481348,5.01357,45,22,43,0,5,12,86,128,317,0,0,0,583.219,363802,691,54.7734,33,0,0,,,,,,,,,,,,,,,,,,,,,,,,,,,,,,,,,,,,,,,,,,,,,,673.548,673.704,6291b06d33b6710b0a75012091bb40f30d893d08eb02b0934da283ec108e243f,0.686,ok,
g6_dmedium_abaseline_pmixed_gsingleton_seed0,warehouse_random_factorial,carrier,1,72,629.0,629000000,312,281,36,0,0.3611,588,72,629,629000000,72,629,629000000,1,0,0,15988,65,842,0,0,SEARCH_CUTOFF,10,0,0,0,-1,-1,-1,-1,-1,139,9852,139,5226,0,732,0,901,148,124,4452,724,489,551,40.9875,94221,232,TASKBR_VACANCY_V1,8976,4592,8976,4542,13690,33.1775,0,4119,859,11265,11265,4263,1725,1626,1626,1626,0,0,0,0,0,0,0,1626,8741,18,BOTTLENECK_TARGET_FRONTIER_CONTINUITY_V2,21.4425,0.914929,6.05085,1.15647,8.41635,10472,10428,6172,0,28,266,10969,859,15345,0,0,0,4848.73,5158374,23284,1101.86,50,3,17,,,,,,,,,,,,,,,,,,,,,,,,,,,,,,,,,,,,,,,,,,,,,,8617.58,8617.76,5eeb3341b3c2a089ddb19582c1275bc954f40d8a8a29f177724130fb88ce0059,8.642,ok,
g6_dmedium_aequal_pcross_heavy_gshared_pool_seed0,warehouse_random_factorial,carrier,1,43,511.0,511000000,110,325,67,11,0.1421,303,43,512,512000000,43,511,511000000,1,1,1,35,45,799,0,0,STRICT_IMPROVEMENT,4,1,1,1,650,512,511,43,43,74,27,74,8355,0,182,8,783,131,13,1716,1103,60,1814,40.348,310194,1066,TASKBR_VACANCY_V1,846,216,846,797,1222,65.2209,0,823,243,122,122,997,964,916,916,916,0,0,0,0,0,0,0,916,1963,18,BOTTLENECK_TARGET_FRONTIER_CONTINUITY_V2,1.0468,0.499195,5.39711,0.719386,8.03649,27,15,17,0,5,9,106,243,325,0,0,0,576.177,166388,810,38.6377,79,8,9,,,,,,,,,,,,,,,,,,,,,,,,,,,,,,,,,,,,,,,,,,,,,,668.912,669.048,1f36bebe7ca31ec7594056d7c3b9f3fb8e347befeef16bd8b2d0b63b92ca3d2e,0.681,ok,
g6_dmedium_aequal_pcross_heavy_gsingleton_seed0,warehouse_random_factorial,carrier,1,75,672.0,672000000,380,251,40,1,0.2815,385,79,676,676000000,75,672,672000000,1,0,0,2944,74,1401,0,0,SEARCH_CUTOFF,6,0,0,0,-1,-1,-1,-1,-1,131,10105,131,4499,2,901,0,577,212,156,932,3602,595,567,38.4009,96957,790,TASKBR_VACANCY_V1,5437,5277,5437,394,10940,3.60146,0,1602,1211,12417,12417,1834,1811,1811,1811,1811,0,0,0,2,0,0,0,1811,20259,18,BOTTLENECK_TARGET_FRONTIER_CONTINUITY_V2,26.8125,1.26298,7.30596,1.26668,6.70972,11255,11235,5349,0,40,210,12165,1211,10943,0,0,0,3846.68,1849698,13339,426.1,23,144,12,,,,,,,,,,,,,,,,,,,,,,,,,,,,,,,,,,,,,,,,,,,,,,8606.33,8606.52,b1a18fbf2f11a190b97efba33a1e1b1b89dcaa0dbb687decf16cac4ba001e8ed,8.63,ok,
g6_dmedium_aequal_plocal_gshared_pool_seed0,warehouse_random_factorial,carrier,1,27,346.0,346000000,113,194,38,0,0.2325,185,27,346,346000000,27,346,346000000,1,0,0,58072,8059,30148,0,0,SEARCH_CUTOFF,2,1,0,0,-1,346,-1,27,-1,2832,2418,2832,21146,0,10927,0,4702,18,0,23517,6855,13688,7398,767.534,1265058,6710,TASKBR_VACANCY_V1,6022,1973,6022,4069,8012,50.7863,2552,3098,1906,5260,5260,3123,2297,2277,2277,2277,0,0,0,0,0,0,0,2277,21935,18,BOTTLENECK_TARGET_FRONTIER_CONTINUITY_V2,15.4292,2.04474,10.3988,1.52529,14.4748,3590,3576,2920,0,17,119,5122,1906,23364,0,0,0,7430.97,7441585,42030,1566.87,27,0,0,,,,,,,,,,,,,,,,,,,,,,,,,,,,,,,,,,,,,,,,,,,,,,8592.4,8592.55,de851d3af841ca09fbce56b1a3d7dbcdf8340397fe548f2dee00f5bb4e4c6f6e,8.615,ok,
g6_dmedium_aequal_plocal_gsingleton_seed0,warehouse_random_factorial,carrier,1,61,662.0,662000000,292,334,36,0,0.2659,513,61,662,662000000,61,662,662000000,1,0,0,15845,96,1450,0,0,SEARCH_CUTOFF,14,0,0,0,-1,-1,-1,-1,-1,217,11552,217,5250,0,832,0,903,199,125,10243,3118,622,882,63.9322,150822,2705,TASKBR_VACANCY_V1,12337,7408,12337,9594,33391,28.7323,0,5435,14568,12033,12033,7947,7928,7928,7928,7928,0,0,0,0,0,0,0,7928,107787,18,BOTTLENECK_TARGET_FRONTIER_CONTINUITY_V2,32.1845,6.68722,29.4631,5.77169,59.3576,1698,87,1178,0,3,86,11942,14568,26118,0,0,0,4569.47,3376843,74261,1097.85,3235,49,28,,,,,,,,,,,,,,,,,,,,,,,,,,,,,,,,,,,,,,,,,,,,,,8623.18,8623.34,bce7f28b8be5e88ba9fb977904cf67ed8d00151c3060891506853915e88df307,8.649,ok,
g6_dmedium_aequal_pmixed_gshared_pool_seed0,warehouse_random_factorial,carrier,1,30,334.0,334000000,129,169,36,0,0.2389,261,30,334,334000000,30,334,334000000,1,0,0,46352,51582,113103,0,0,SEARCH_CUTOFF,0,1,0,0,-1,334,-1,30,-1,4055,15,4055,22195,0,16441,0,8131,1558,1558,5943,1137,21337,13005,1130.35,2223855,4717,TASKBR_VACANCY_V1,523,194,523,342,730,46.8493,3772,4460,63,4077,4077,4470,441,441,441,441,0,0,0,0,0,0,0,441,543,18,BOTTLENECK_TARGET_FRONTIER_CONTINUITY_V2,10.8244,0.219948,2.45223,0.338729,3.36512,4043,4037,4022,0,4,0,4071,63,25375,0,0,0,7548.13,6406624,32554,1397.04,9,11,0,,,,,,,,,,,,,,,,,,,,,,,,,,,,,,,,,,,,,,,,,,,,,,8590.93,8591.07,ccb459f96f05da8d98adbeffb8258f971ddbd2e045535d19e416f96d4bf5f572,8.614,ok,
g6_dmedium_aequal_pmixed_gsingleton_seed0,warehouse_random_factorial,carrier,1,63,619.0,619000000,318,265,36,0,0.2804,388,63,619,619000000,63,619,619000000,1,0,0,9452,79,1325,0,0,SEARCH_CUTOFF,15,0,0,0,-1,-1,-1,-1,-1,115,10230,115,3803,0,681,0,663,130,104,1444,926,469,399,33.074,68229,206,TASKBR_VACANCY_V1,4369,3978,4369,528,8466,6.23671,0,1425,979,12151,12151,1549,1531,1531,1531,1531,0,0,0,0,0,0,0,1531,16689,18,BOTTLENECK_TARGET_FRONTIER_CONTINUITY_V2,26.2399,1.03258,6.53136,1.11271,7.3593,11197,11173,5607,0,43,201,11905,979,10893,0,0,0,4114.78,3108672,12856,672.207,29,26,7,,,,,,,,,,,,,,,,,,,,,,,,,,,,,,,,,,,,,,,,,,,,,,8607.3,8607.48,d1a83e4465ae5311405b4fc80dfc2b870007a03b5f04a188790846379cf6117a,8.633,ok,
g6_dmedium_ascarce_pcross_heavy_gshared_pool_seed0,warehouse_random_factorial,carrier,1,71,544.0,544000000,113,347,76,15,0.1768,479,72,544,544000000,71,544,544000000,1,1,1,18,112,912,0,0,STRICT_IMPROVEMENT,19,1,1,1,972,544,544,72,71,120,39,120,14406,0,211,10,1282,275,48,2815,991,65,3107,67.95,531297,1086,TASKBR_VACANCY_V1,1233,246,1233,1316,1835,71.7166,0,1362,388,204,204,1617,1558,1433,1433,1433,0,0,0,0,0,0,0,1433,2079,18,BOTTLENECK_TARGET_FRONTIER_CONTINUITY_V2,1.4115,0.710669,6.43368,1.1188,8.80411,48,11,47,0,5,16,181,388,310,0,0,0,879.114,163498,1390,40.0812,123,20,0,,,,,,,,,,,,,,,,,,,,,,,,,,,,,,,,,,,,,,,,,,,,,,1002.79,1002.93,9174f3d5ef6636e6608a6041808d0c6adc1f86af65dcf189d5713d6e2972e668,1.018,ok,
g6_dmedium_ascarce_pcross_heavy_gsingleton_seed0,warehouse_random_factorial,carrier,1,106,770.0,770000000,371,363,36,0,0.3889,766,106,770,770000000,106,770,770000000,1,0,0,32149,102,1002,0,0,SEARCH_CUTOFF,22,0,0,0,-1,-1,-1,-1,-1,1345,6334,1345,19732,2,2965,0,3987,450,270,13080,4852,2708,3711,377.039,634581,3772,TASKBR_VACANCY_V1,5986,2210,5986,4221,8615,48.9959,992,2729,1729,7753,7753,3170,3152,2885,2885,2885,0,0,0,0,0,0,0,2885,9787,18,BOTTLENECK_TARGET_FRONTIER_CONTINUITY_V2,15.6498,1.83321,9.97174,1.94711,10.4248,6116,6060,2777,0,23,181,7547,1729,23688,0,0,0,6804.32,14871644,53554,2101.23,89,29,2,,,,,,,,,,,,,,,,,,,,,,,,,,,,,,,,,,,,,,,,,,,,,,8598.24,8598.42,b2ef3d181f594a8317f44666ad5ba07fabdb417c731f3b1b6aa264b0f46c0eb3,8.622,ok,
g6_dmedium_ascarce_plocal_gshared_pool_seed0,warehouse_random_factorial,carrier,1,55,441.0,441000000,113,289,38,0,0.2283,320,55,441,441000000,55,441,441000000,1,0,0,62627,312,1186,0,0,SEARCH_CUTOFF,22,1,0,0,-1,441,-1,55,-1,188,12857,188,5279,0,262,6,1307,77,5,674,534,227,1440,64.0458,246240,306,TASKBR_VACANCY_V1,14075,133,14075,14031,14291,98.1807,0,17456,162,13354,13354,17504,14480,14432,14432,14432,0,0,0,0,0,0,0,14432,80593,18,BOTTLENECK_TARGET_FRONTIER_CONTINUITY_V2,33.0998,10.6102,36.455,7.43141,37.7698,8883,52,8882,0,21,224,13107,162,27224,0,0,0,4105.04,1105614,86361,873.688,35,0,0,,,,,,,,,,,,,,,,,,,,,,,,,,,,,,,,,,,,,,,,,,,,,,8651.27,8651.43,ddc5a542aed07c84ceaeb0b91068b644d9bcb28582bc5c8e635f19bcaf4ba5af,8.679,ok,
g6_dmedium_ascarce_plocal_gsingleton_seed0,warehouse_random_factorial,carrier,1,88,666.0,666000000,296,334,36,0,0.3737,906,88,666,666000000,88,666,666000000,1,0,0,27470,80,798,0,0,SEARCH_CUTOFF,32,0,0,0,-1,-1,-1,-1,-1,208,10500,208,7743,0,905,0,1512,360,218,13438,4056,434,845,61.3493,144495,3595,TASKBR_VACANCY_V1,15150,11795,15150,7272,35293,20.6047,0,1483,741,10980,10980,2139,2122,1853,1853,1853,0,0,0,0,0,0,0,1853,5087,18,BOTTLENECK_TARGET_FRONTIER_CONTINUITY_V2,19.2501,0.881088,8.02787,1.5235,18.8003,10317,10275,6092,0,26,251,10701,741,23482,0,0,0,5557.71,11941767,57515,1832.37,57,2,6,,,,,,,,,,,,,,,,,,,,,,,,,,,,,,,,,,,,,,,,,,,,,,8625.54,8625.73,ea6eaa4362fccb3386d74bbf3a25be543d4413a8643e0f0f15d1c3ca8424047c,8.65,ok,
g6_dmedium_ascarce_pmixed_gshared_pool_seed0,warehouse_random_factorial,carrier,1,53,377.0,377000000,149,192,36,0,0.3124,367,53,377,377000000,53,377,377000000,1,0,0,2,3,29,0,0,SEARCH_CUTOFF,0,1,0,0,-1,377,-1,53,-1,88,10404,88,10641,0,701,29,952,30,29,12353,3217,88,1092,37.234,186732,3550,TASKBR_VACANCY_V1,73735,228,73735,73543,73987,99.3999,0,72597,14104,10501,10501,72631,72614,72584,72584,72584,0,0,0,0,0,0,0,72584,78712,18,BOTTLENECK_TARGET_FRONTIER_CONTINUITY_V2,56.6809,23.9456,170.755,26.0237,135.991,5485,11,5492,0,4,2,10493,14104,10713,0,0,0,5686.5,11323131,83944,2579.69,7806,0,0,,,,,,,,,,,,,,,,,,,,,,,,,,,,,,,,,,,,,,,,,,,,,,8616.54,8616.69,8f73923b794674a4637a89f14952d4aa97da15643f44e8b0c738ad9105a27ca1,8.637,ok,
g6_dmedium_ascarce_pmixed_gsingleton_seed0,warehouse_random_factorial,carrier,1,81,608.0,608000000,302,270,36,0,0.4143,693,81,608,608000000,81,608,608000000,1,0,0,28553,69,679,0,0,SEARCH_CUTOFF,9,0,0,0,-1,-1,-1,-1,-1,398,11683,398,11968,0,979,0,1955,268,168,5366,852,674,2929,135.406,500859,292,TASKBR_VACANCY_V1,13200,7644,13200,10433,32921,31.691,68,8418,13354,12263,12263,11022,8590,8399,8399,8399,0,0,0,0,0,0,0,8399,39233,18,BOTTLENECK_TARGET_FRONTIER_CONTINUITY_V2,26.3165,5.14573,21.2304,4.42454,22.8022,1429,93,1441,0,11,113,12137,13354,31575,0,0,0,4916.59,3062188,81528,1025.22,2821,0,4,,,,,,,,,,,,,,,,,,,,,,,,,,,,,,,,,,,,,,,,,,,,,,8657.43,8657.62,70183aa07835e3d853ad40d251aebceeff8c92c49da7153a98929433bfc1bf22,8.683,ok,
g6_dmedium_asurplus_pcross_heavy_gshared_pool_seed0,warehouse_random_factorial,carrier,1,39,480.0,480000000,104,297,70,12,0.0988,281,39,480,480000000,39,480,480000000,1,0,0,19575,22,615,0,0,SEARCH_CUTOFF,6,1,0,0,-1,480,-1,39,-1,97,11058,97,7769,0,172,0,793,165,38,1924,1191,69,1679,44.5176,287109,1410,TASKBR_VACANCY_V1,28754,14851,28754,25168,50154,50.1814,0,16906,18197,12322,12322,21688,18779,18779,18779,18779,0,0,0,1153,0,0,0,18779,340390,18,BOTTLENECK_TARGET_FRONTIER_CONTINUITY_V2,48.6353,17.729,93.4089,13.4119,129.889,1742,1731,1211,0,21,163,12136,18197,20122,0,0,0,3973.32,610688,82967,744.703,42,11,0,,,,,,,,,,,,,,,,,,,,,,,,,,,,,,,,,,,,,,,,,,,,,,8648.29,8648.46,10b39346c64d982a8025d18812d659c1ecab974a2abb09e364c6d497d7d7ebf9,8.675,ok,
g6_dmedium_asurplus_pcross_heavy_gsingleton_seed0,warehouse_random_factorial,carrier,1,93,634.0,634000000,369,229,36,0,0.147,466,93,634,634000000,93,634,634000000,1,0,0,18708,103,2148,0,0,SEARCH_CUTOFF,7,0,0,0,-1,-1,-1,-1,-1,160,9029,160,4734,0,930,0,905,322,226,3104,1934,452,635,46.3552,108585,1190,TASKBR_VACANCY_V1,8577,8307,8577,618,17195,3.59407,0,1758,1412,11791,11791,2081,2050,2050,2050,2050,0,0,0,0,0,0,0,2050,37335,18,BOTTLENECK_TARGET_FRONTIER_CONTINUITY_V2,30.414,2.06259,11.3046,1.68621,16.8781,10414,10404,4467,0,58,210,11521,1412,9820,0,0,0,4245.54,4218539,12703,772.366,30,248,24,,,,,,,,,,,,,,,,,,,,,,,,,,,,,,,,,,,,,,,,,,,,,,8621.71,8621.91,6a25b8a6e29899132e4476d6de240e10dde0c28cd3e5f35c8b234010a8dc1d98,8.65,ok,
g6_dmedium_asurplus_plocal_gshared_pool_seed0,warehouse_random_factorial,carrier,1,26,292.0,292000000,113,140,38,0,0.161,156,26,292,292000000,26,292,292000000,1,0,0,77478,64,1528,0,0,SEARCH_CUTOFF,0,1,0,0,-1,292,-1,26,-1,279,9269,279,4725,0,599,0,694,18,0,102,450,620,1204,81.1664,205884,104,TASKBR_VACANCY_V1,628,287,628,366,937,39.0608,0,464,89,9722,9722,494,423,423,423,423,0,0,0,0,0,0,0,423,1893,18,BOTTLENECK_TARGET_FRONTIER_CONTINUITY_V2,25.949,0.322306,3.47364,0.355164,3.90022,9652,9646,6012,0,20,157,9543,89,24827,0,0,0,5030.72,6383202,59323,1772.83,0,6,0,,,,,,,,,,,,,,,,,,,,,,,,,,,,,,,,,,,,,,,,,,,,,,8607.23,8607.39,8368404254c1a62657dfbf75600dc8348f2ea3294ad3bfc90be2f44e4aaaa923,8.635,ok,
g6_dmedium_asurplus_plocal_gsingleton_seed0,warehouse_random_factorial,carrier,1,63,564.0,564000000,312,216,36,0,0.1834,384,63,564,564000000,63,564,564000000,1,0,0,2596,65,1704,0,0,SEARCH_CUTOFF,14,0,0,0,-1,-1,-1,-1,-1,120,7570,120,3475,0,728,0,524,145,80,1318,466,544,398,33.6718,68058,304,TASKBR_VACANCY_V1,8032,7779,8032,412,23506,1.75274,0,5164,13698,12452,12452,7475,7458,7458,7458,7458,0,0,0,0,0,0,0,7458,179854,18,BOTTLENECK_TARGET_FRONTIER_CONTINUITY_V2,37.5542,7.86722,41.6799,6.32818,74.229,1448,52,1444,0,32,171,12247,13698,8248,0,0,0,3892.84,1235119,17941,384.624,1965,59,36,,,,,,,,,,,,,,,,,,,,,,,,,,,,,,,,,,,,,,,,,,,,,,8619.49,8619.67,29c5e0882fa66f459f570a2eacf7b5c571093be16060897264a0f0e0dc569e8c,8.646,ok,
g6_dmedium_asurplus_pmixed_gshared_pool_seed0,warehouse_random_factorial,carrier,1,37,319.0,319000000,135,144,39,1,0.1351,251,37,320,320000000,37,319,319000000,1,1,1,160,38,1032,0,0,STRICT_IMPROVEMENT,7,1,1,1,521,320,319,37,37,120,61,120,7478,0,649,37,507,38,23,7167,1670,98,812,39.8891,138852,2249,TASKBR_VACANCY_V1,516,233,516,322,779,41.335,0,411,122,191,191,451,414,414,414,414,0,0,0,0,0,0,0,414,1653,18,BOTTLENECK_TARGET_FRONTIER_CONTINUITY_V2,0.896274,0.324521,2.68626,0.308222,4.94165,130,125,69,0,8,41,140,122,550,0,0,0,436.281,291502,784,49.4319,29,4,0,,,,,,,,,,,,,,,,,,,,,,,,,,,,,,,,,,,,,,,,,,,,,,538.447,538.603,a4da516476687a5df7734fc7c06d77acd8503e61ccbb8435ef4dac9a557f1f1b,0.551,ok,
g6_dmedium_asurplus_pmixed_gsingleton_seed0,warehouse_random_factorial,carrier,1,56,525.0,525000000,330,159,36,0,0.2183,333,56,525,525000000,56,525,525000000,1,0,0,11130,308,4458,0,0,SEARCH_CUTOFF,12,0,0,0,-1,-1,-1,-1,-1,169,10335,169,3510,0,845,0,585,142,86,738,227,646,535,47.4293,91485,269,TASKBR_VACANCY_V1,10873,6924,10873,7801,28212,27.6514,0,5827,13490,12308,12308,8703,8684,8684,8684,8684,0,0,0,0,0,0,0,8684,205976,18,BOTTLENECK_TARGET_FRONTIER_CONTINUITY_V2,39.017,8.20781,45.1381,7.01231,109.6,1754,147,1705,0,16,106,12184,13490,15727,0,0,0,4197.34,2129662,47404,609.692,3198,43,46,,,,,,,,,,,,,,,,,,,,,,,,,,,,,,,,,,,,,,,,,,,,,,8628.14,8628.34,3db58e616bf6d73184f8d31ddae05ecf50291c4d3cc193d02d7529e138d2c007,8.656,ok,
warehouse_blocks_h20w20_b3_a1_d25_r8_t12_seed0,warehouse_blocks,carrier,1,28,158.0,158000000,37,97,24,0,0.1652,62,28,158,158000000,28,158,158000000,1,0,0,0,23018,78517,0,0,SEARCH_CUTOFF,0,0,0,0,-1,-1,-1,-1,-1,39,13045,39,485,0,44,0,211,0,0,26,168,44,130,3.30144,22750,0,TASKBR_VACANCY_V1,35657,9372,35657,26285,45029,58.3735,0,37273,6057,18717,18717,37273,37269,37269,37269,37269,0,0,0,0,0,0,0,37269,124430,12,BOTTLENECK_TARGET_FRONTIER_CONTINUITY_V2,41.1743,17.8855,62.4142,11.3424,58.6292,9150,6,9145,0,7,140,18568,6057,13124,0,0,0,1731.31,1408682,112354,662.191,15,0,0,,,,,,,,,,,,,,,,,,,,,,,,,,,,,,,,,,,,,,,,,,,,,,8643.3,8643.37,8052d9149fcc966bc9f8287e9b604a26fc33526404f2361304fa87ac37968db5,8.662,ok,
warehouse_blocks_h20w20_b3_a1_d50_r8_t12_seed0,warehouse_blocks,carrier,1,26,157.0,157000000,33,100,24,0,0.1587,133,26,157,157000000,26,157,157000000,1,0,0,9252,31568,82372,0,0,SEARCH_CUTOFF,3,0,0,0,-1,-1,-1,-1,-1,39,5599,39,542,0,42,0,239,4,4,42,86,38,85,3.54738,14875,20,TASKBR_VACANCY_V1,5853,8,5853,5851,5863,99.7953,0,18899,55,18610,18610,18903,18903,18899,18899,18899,0,0,0,0,0,0,0,18899,124623,12,BOTTLENECK_TARGET_FRONTIER_CONTINUITY_V2,33.4305,12.3074,35.6327,7.79202,42.9927,5969,3,5970,0,32,298,18278,55,5676,0,0,0,1761.3,172282,24543,217.697,7,0,0,,,,,,,,,,,,,,,,,,,,,,,,,,,,,,,,,,,,,,,,,,,,,,8645.76,8645.84,0aef572707e26a052309425986d3e9ff6bc98293dfb46c79e1522c8a8718a121,8.667,ok,
warehouse_blocks_h20w20_b3_a1_d75_r8_t12_seed0,warehouse_blocks,carrier,1,23,145.0,145000000,37,84,24,0,0.2011,147,23,145,145000000,23,145,145000000,1,0,0,14726,34838,81412,0,0,SEARCH_CUTOFF,1,0,0,0,-1,-1,-1,-1,-1,44,14857,44,403,0,58,0,211,0,0,3502,984,60,87,3.90828,15225,1297,TASKBR_VACANCY_V1,29902,0,29902,29902,29902,100,0,33761,10664,16786,16786,33761,33761,33761,33761,33761,0,0,0,0,0,0,0,33761,96653,12,BOTTLENECK_TARGET_FRONTIER_CONTINUITY_V2,40.1025,16.7245,58.0407,10.5493,37.2493,5294,9,5293,0,25,239,16520,10664,20987,0,0,0,2807.49,1416676,105374,718.197,5315,0,0,,,,,,,,,,,,,,,,,,,,,,,,,,,,,,,,,,,,,,,,,,,,,,8660.67,8660.77,71f3427fb964581f677420aba4eda38a76b88e0bf877e6d7a78fa4a63fd49286,8.683,ok,
warehouse_blocks_h20w20_b4_a1_d25_r8_t12_seed0,warehouse_blocks,carrier,1,23,130.0,130000000,31,75,24,0,0.1685,60,23,130,130000000,23,130,130000000,1,0,0,0,25263,84153,0,0,SEARCH_CUTOFF,10,0,0,0,-1,-1,-1,-1,-1,30,9,30,400,0,31,0,186,0,0,2072,300,31,99,2.88421,14256,242,TASKBR_VACANCY_V1,226,8,226,218,234,93.1624,0,20547,11963,20290,20290,20547,20539,20539,20539,20539,0,0,0,0,0,0,0,20539,154711,12,BOTTLENECK_TARGET_FRONTIER_CONTINUITY_V2,34.5874,12.5393,39.1217,9.00017,41.5844,13514,3,9988,0,4,30,20254,11963,79,0,0,0,1224.51,94202,20583,168.349,5943,0,0,,,,,,,,,,,,,,,,,,,,,,,,,,,,,,,,,,,,,,,,,,,,,,8640.77,8640.84,98ddcf1d4cb7953c1702f15ca69f34f402a6a50c836673adf0695c7524c47d4b,8.657,ok,
warehouse_blocks_h20w20_b4_a1_d50_r8_t12_seed0,warehouse_blocks,carrier,1,24,141.0,141000000,29,88,24,0,0.151,90,24,141,141000000,24,141,141000000,1,0,0,5442,27553,79670,0,0,SEARCH_CUTOFF,3,0,0,0,-1,-1,-1,-1,-1,51,16887,51,474,0,43,0,226,0,0,3734,694,46,123,4.87592,17712,870,TASKBR_VACANCY_V1,17104,3,17104,17101,17107,99.9649,0,18714,24550,18463,18463,18714,18711,18711,18711,18711,0,0,0,0,0,0,0,18711,105522,12,BOTTLENECK_TARGET_FRONTIER_CONTINUITY_V2,33.5177,12.617,37.4938,7.60548,38.7686,6050,15,2449,0,3,7,18451,24550,25008,0,0,0,2011.86,617926,67833,393.651,12257,0,0,,,,,,,,,,,,,,,,,,,,,,,,,,,,,,,,,,,,,,,,,,,,,,8664.49,8664.56,fa0223e9051be09cf4bfcdceb619701c97fd4db69dfe839cb08782c45837a88e,8.683,ok,
warehouse_blocks_h20w20_b4_a1_d75_r8_t12_seed0,warehouse_blocks,carrier,1,27,189.0,189000000,45,111,26,0,0.2083,203,27,189,189000000,27,189,189000000,1,0,0,34998,53909,96147,0,0,SEARCH_CUTOFF,3,0,0,0,-1,-1,-1,-1,-1,78,14757,78,773,0,96,0,417,6,4,1415,498,97,197,7.99231,28368,646,TASKBR_VACANCY_V1,47927,3135,47927,44798,51064,87.7291,0,37204,15271,15675,15675,37218,37215,37201,37201,37201,0,0,0,0,0,0,0,37201,79382,12,BOTTLENECK_TARGET_FRONTIER_CONTINUITY_V2,40.4146,17.1772,63.014,10.9154,30.4004,5020,21,5019,0,3,68,15602,15271,27232,0,0,0,3361.05,2038112,124090,877.451,2124,0,0,,,,,,,,,,,,,,,,,,,,,,,,,,,,,,,,,,,,,,,,,,,,,,8651.8,8651.89,0da859ba247efc7b236408b41909608048044d265b4b92896f93aaaf06d13797,8.673,ok,
warehouse_blocks_h20w20_b9_a1_d25_r8_t12_seed0,warehouse_blocks,carrier,1,23,160.0,160000000,35,101,24,0,0.1902,47,23,160,160000000,23,160,160000000,1,0,0,16004,33698,75452,0,0,SEARCH_CUTOFF,3,0,0,0,-1,-1,-1,-1,-1,1089,12368,1089,15818,0,1251,0,6003,238,238,42118,2645,1351,5157,132.771,391932,1705,TASKBR_VACANCY_V1,64650,16462,64650,50069,81141,61.7062,815,43290,7382,13541,13541,45178,42857,42819,42819,42819,0,0,0,0,0,0,0,42819,60015,11,BOTTLENECK_TARGET_FRONTIER_CONTINUITY_V2,42.5834,16.5879,62.0825,11.3116,37.6741,6438,7,6433,0,0,6,13533,7382,38704,0,0,0,4862.44,3050220,108288,1052.16,14,0,0,,,,,,,,,,,,,,,,,,,,,,,,,,,,,,,,,,,,,,,,,,,,,,8636.14,8636.21,46d6f924e724ed3da519a27d7594da665d94cb103ccbd41adcf090e3d6563ac6,8.655,ok,
warehouse_blocks_h20w20_b9_a1_d50_r8_t12_seed0,warehouse_blocks,carrier,1,24,163.0,163000000,28,105,28,0,0.1458,36,24,163,163000000,24,163,163000000,1,0,0,12460,53,410,0,0,SEARCH_CUTOFF,2,0,0,0,-1,-1,-1,-1,-1,44,15729,44,441,0,47,0,232,23,5,2286,716,44,160,5.74261,12160,350,TASKBR_VACANCY_V1,47392,2944,47392,47411,50357,94.1498,0,43912,12665,16585,16585,46311,46308,46277,46277,46277,0,0,0,0,0,0,0,46277,101989,12,BOTTLENECK_TARGET_FRONTIER_CONTINUITY_V2,43.6261,18.4144,75.1927,13.6078,65.8865,8808,10,8833,0,22,253,16308,12665,25912,0,0,0,2821.63,2152926,131332,900.302,5960,0,0,,,,,,,,,,,,,,,,,,,,,,,,,,,,,,,,,,,,,,,,,,,,,,8671.05,8671.14,c31a7981a95b0a1d704b1057505c4c4a3f3b072d011012cd09e84355168cd3e4,8.69,ok,
warehouse_blocks_h20w20_b9_a1_d75_r8_t12_seed0,warehouse_blocks,carrier,1,23,157.0,157000000,25,108,24,0,0.1359,45,23,157,157000000,23,157,157000000,1,0,0,17334,236,949,0,0,SEARCH_CUTOFF,7,0,0,0,-1,-1,-1,-1,-1,95,14973,95,949,0,108,0,426,14,14,5412,3387,87,344,13.1784,26144,1653,TASKBR_VACANCY_V1,54752,16640,54752,39843,72755,54.7632,0,36378,7480,15653,15653,37047,37045,37045,37045,37045,0,0,0,0,0,0,0,37045,84290,12,BOTTLENECK_TARGET_FRONTIER_CONTINUITY_V2,42.3528,16.0097,66.7948,10.9746,51.659,5960,15,7713,0,1,26,15624,7480,29955,0,0,0,3250.09,2129101,125174,889.254,16,0,0,,,,,,,,,,,,,,,,,,,,,,,,,,,,,,,,,,,,,,,,,,,,,,8672.64,8672.72,48c8907daf3f0fce5e86e5a9e82bbd9e6c3a2d7552e0ff4e5b3233089e78dd3a,8.693,ok,
