scenario,map_name,target_mode,method,agents,seed,solved,soc,sum_shortest_distances,normalized_cost,initial_solution_cost,first_solution_cost,effective_initial_cost,improvement_pct,wall_time_s
fig3_random-64-64-20_random,random-64-64-20,random,lacam_focal_h,200,29,1,634,612,1.0359477124183007,,634,634.0,0.0,9.18149447441101
fig3_random-64-64-20_random,random-64-64-20,random,lacam_focal_h,200,2,1,632,616,1.025974025974026,,632,632.0,0.0,9.160996675491333
fig3_random-64-64-20_random,random-64-64-20,random,lacam_focal_h,200,18,1,617,606,1.018151815181518,,617,617.0,0.0,9.30566692352295
fig3_random-64-64-20_random,random-64-64-20,random,lacam_focal_h,200,7,1,620,607,1.0214168039538716,,621,621.0,0.1610305958132045,9.326582908630371
fig3_random-64-64-20_random,random-64-64-20,random,lacam_focal_h,200,4,1,629,616,1.021103896103896,,629,629.0,0.0,9.52257251739502
fig3_random-64-64-20_random,random-64-64-20,random,lacam_focal_h,200,11,1,620,607,1.0214168039538716,,620,620.0,0.0,9.524639368057251
fig3_random-64-64-20_random,random-64-64-20,random,lacam_focal_h,200,19,1,621,613,1.0130505709624795,,621,621.0,0.0,9.652821063995361
fig3_random-64-64-20_random,random-64-64-20,random,lacam_focal_h,200,10,1,618,607,1.0181219110378912,,619,619.0,0.16155088852988692,9.709255695343018
fig3_random-64-64-20_random,random-64-64-20,random,lacam_focal_h,200,24,1,628,611,1.027823240589198,,629,629.0,0.1589825119236884,9.73357892036438
fig3_random-64-64-20_random,random-64-64-20,random,lacam_focal_h,200,16,1,626,614,1.019543973941368,,625,625.0,-0.16,9.705899238586426
fig3_random-64-64-20_random,random-64-64-20,random,lacam_focal_h,200,22,1,633,612,1.0343137254901962,,633,633.0,0.0,9.70677399635315
fig3_random-64-64-20_random,random-64-64-20,random,lacam_focal_h,200,27,1,634,615,1.0308943089430895,,634,634.0,0.0,9.743537664413452
fig3_random-64-64-20_random,random-64-64-20,random,lacam_focal_h,200,9,1,617,609,1.013136288998358,,619,619.0,0.32310177705977383,9.743953227996826
fig3_random-64-64-20_random,random-64-64-20,random,lacam_focal_h,200,12,1,643,605,1.062809917355372,,642,642.0,-0.1557632398753894,9.777588129043579
fig3_random-64-64-20_random,random-64-64-20,random,lacam_focal_h,200,17,1,613,605,1.0132231404958678,,615,615.0,0.3252032520325203,9.807061910629272
fig3_random-64-64-20_random,random-64-64-20,random,lacam_focal_h,200,26,1,614,606,1.0132013201320131,,614,614.0,0.0,9.849192142486572
fig3_random-64-64-20_random,random-64-64-20,random,lacam_focal_h,200,30,1,620,611,1.0147299509001637,,620,620.0,0.0,9.834447145462036
fig3_random-64-64-20_random,random-64-64-20,random,lacam_focal_h,200,6,1,616,606,1.0165016501650166,,617,617.0,0.1620745542949757,9.86318302154541
fig3_random-64-64-20_random,random-64-64-20,random,lacam_focal_h,200,1,1,636,611,1.0409165302782324,,637,637.0,0.15698587127158556,9.971105813980103
fig3_random-64-64-20_random,random-64-64-20,random,lacam_focal_h,200,15,1,640,611,1.0474631751227497,,644,644.0,0.6211180124223602,9.93121337890625
fig3_random-64-64-20_random,random-64-64-20,random,lacam_focal_h,400,6,1,1267,1215,1.042798353909465,,1270,1270.0,0.23622047244094488,9.794461250305176
fig3_random-64-64-20_random,random-64-64-20,random,lacam_focal_h,200,14,1,630,611,1.0310965630114566,,630,630.0,0.0,9.980870008468628
fig3_random-64-64-20_random,random-64-64-20,random,lacam_focal_h,200,25,1,627,613,1.0228384991843393,,627,627.0,0.0,10.006537199020386
fig3_random-64-64-20_random,random-64-64-20,random,lacam_focal_h,200,5,1,630,613,1.0277324632952691,,631,631.0,0.15847860538827258,10.057114839553833
fig3_random-64-64-20_random,random-64-64-20,random,lacam_focal_h,400,22,1,1308,1221,1.0712530712530712,,1308,1308.0,0.0,9.95307445526123
fig3_random-64-64-20_random,random-64-64-20,random,dbs_hungarian,200,15,1,623,611,1.0196399345335516,656,,656.0,5.030487804878049,10.325817823410034
fig3_random-64-64-20_random,random-64-64-20,random,dbs_hungarian,200,16,1,618,614,1.006514657980456,637,,637.0,2.9827315541601256,10.32964015007019
fig3_random-64-64-20_random,random-64-64-20,random,dbs_hungarian,200,13,1,610,604,1.009933774834437,628,,628.0,2.8662420382165603,10.330004930496216
fig3_random-64-64-20_random,random-64-64-20,random,dbs_hungarian,200,1,1,619,611,1.0130932896890343,639,,639.0,3.1298904538341157,10.358101844787598
fig3_random-64-64-20_random,random-64-64-20,random,dbs_hungarian,200,12,1,616,605,1.018181818181818,636,,636.0,3.1446540880503147,10.33902359008789
fig3_random-64-64-20_random,random-64-64-20,random,dbs_hungarian,200,6,1,612,606,1.00990099009901,626,,626.0,2.236421725239617,10.342079162597656
fig3_random-64-64-20_random,random-64-64-20,random,dbs_hungarian,200,10,1,613,607,1.0098846787479407,640,,640.0,4.21875,10.344242095947266
fig3_random-64-64-20_random,random-64-64-20,random,dbs_hungarian,200,8,1,621,615,1.0097560975609756,630,,630.0,1.4285714285714286,10.345462799072266
fig3_random-64-64-20_random,random-64-64-20,random,dbs_hungarian,200,7,1,610,607,1.0049423393739703,614,,614.0,0.6514657980456026,10.34712815284729
fig3_random-64-64-20_random,random-64-64-20,random,dbs_hungarian,200,4,1,628,616,1.0194805194805194,653,,653.0,3.8284839203675345,10.348824977874756
fig3_random-64-64-20_random,random-64-64-20,random,dbs_hungarian,200,3,1,617,609,1.013136288998358,646,,646.0,4.489164086687307,10.348778486251831
fig3_random-64-64-20_random,random-64-64-20,random,dbs_hungarian,200,17,1,611,605,1.0099173553719007,624,,624.0,2.0833333333333335,10.348095417022705
fig3_random-64-64-20_random,random-64-64-20,random,dbs_hungarian,200,24,1,622,611,1.0180032733224222,631,,631.0,1.4263074484944533,10.345844745635986
fig3_random-64-64-20_random,random-64-64-20,random,dbs_hungarian,200,11,1,612,607,1.0082372322899507,626,,626.0,2.236421725239617,10.347901344299316
fig3_random-64-64-20_random,random-64-64-20,random,dbs_hungarian,200,26,1,609,606,1.004950495049505,613,,613.0,0.6525285481239804,10.340277671813965
fig3_random-64-64-20_random,random-64-64-20,random,dbs_hungarian,200,2,1,622,616,1.0097402597402598,636,,636.0,2.20125786163522,10.354594230651855
fig3_random-64-64-20_random,random-64-64-20,random,dbs_hungarian,200,19,1,615,613,1.00326264274062,620,,620.0,0.8064516129032258,10.350118160247803
fig3_random-64-64-20_random,random-64-64-20,random,dbs_hungarian,200,5,1,626,613,1.0212071778140293,648,,648.0,3.3950617283950617,10.351619482040405
fig3_random-64-64-20_random,random-64-64-20,random,dbs_hungarian,200,18,1,612,606,1.00990099009901,619,,619.0,1.1308562197092085,10.34996247291565
fig3_random-64-64-20_random,random-64-64-20,random,dbs_hungarian,200,20,1,616,609,1.0114942528735633,644,,644.0,4.3478260869565215,10.344595909118652
fig3_random-64-64-20_random,random-64-64-20,random,dbs_hungarian,200,29,1,621,612,1.0147058823529411,628,,628.0,1.1146496815286624,10.336154460906982
fig3_random-64-64-20_random,random-64-64-20,random,dbs_hungarian,200,14,1,618,611,1.0114566284779052,627,,627.0,1.4354066985645932,10.347716093063354
fig3_random-64-64-20_random,random-64-64-20,random,dbs_hungarian,200,25,1,618,613,1.0081566068515497,647,,647.0,4.482225656877898,10.340098142623901
fig3_random-64-64-20_random,random-64-64-20,random,dbs_hungarian,200,9,1,613,609,1.006568144499179,622,,622.0,1.4469453376205788,10.350398063659668
fig3_random-64-64-20_random,random-64-64-20,random,dbs_hungarian,200,22,1,622,612,1.0163398692810457,633,,633.0,1.7377567140600316,10.348640203475952
fig3_random-64-64-20_random,random-64-64-20,random,dbs_hungarian,200,30,1,613,611,1.0032733224222585,616,,616.0,0.487012987012987,10.338797330856323
fig3_random-64-64-20_random,random-64-64-20,random,dbs_hungarian,200,27,1,624,615,1.0146341463414634,651,,651.0,4.147465437788019,10.341540336608887
fig3_random-64-64-20_random,random-64-64-20,random,lacam_focal_h,400,1,1,1322,1222,1.0818330605564648,,1320,1320.0,-0.15151515151515152,9.82748031616211
fig3_random-64-64-20_random,random-64-64-20,random,dbs_hungarian,200,21,1,615,607,1.013179571663921,631,,631.0,2.535657686212361,10.359724283218384
fig3_random-64-64-20_random,random-64-64-20,random,lacam_focal_h,200,8,1,653,615,1.0617886178861788,,653,653.0,0.0,10.222555160522461
fig3_random-64-64-20_random,random-64-64-20,random,dbs_hungarian,200,28,1,612,608,1.006578947368421,632,,632.0,3.1645569620253164,10.356121063232422
fig3_random-64-64-20_random,random-64-64-20,random,lacam_focal_h,400,7,1,1312,1218,1.077175697865353,,1311,1311.0,-0.07627765064836003,9.888513088226318
fig3_random-64-64-20_random,random-64-64-20,random,lacam_focal_h,200,28,1,628,608,1.0328947368421053,,633,633.0,0.7898894154818326,10.12264347076416
fig3_random-64-64-20_random,random-64-64-20,random,dbs_hungarian,200,23,1,619,610,1.0147540983606558,636,,636.0,2.6729559748427674,10.36555004119873
fig3_random-64-64-20_random,random-64-64-20,random,lacam_focal_h,400,10,1,1309,1211,1.0809248554913296,,1308,1308.0,-0.0764525993883792,9.849138975143433
fig3_random-64-64-20_random,random-64-64-20,random,lacam_focal_h,200,13,1,626,604,1.0364238410596027,,627,627.0,0.1594896331738437,10.154669761657715
fig3_random-64-64-20_random,random-64-64-20,random,lacam_focal_h,200,21,1,634,607,1.044481054365733,,634,634.0,0.0,10.154683351516724
fig3_random-64-64-20_random,random-64-64-20,random,lacam_focal_h,400,27,1,1319,1223,1.0784955028618153,,1318,1318.0,-0.07587253414264036,9.733291864395142
fig3_random-64-64-20_random,random-64-64-20,random,lacam_focal_h,200,3,1,630,609,1.0344827586206897,,632,632.0,0.31645569620253167,10.158464670181274
fig3_random-64-64-20_random,random-64-64-20,random,lacam_focal_h,400,2,1,1298,1222,1.0621931260229132,,1298,1298.0,0.0,9.915658712387085
fig3_random-64-64-20_random,random-64-64-20,random,lacam_focal_h,400,13,1,1296,1211,1.0701899256812553,,1295,1295.0,-0.07722007722007722,9.909989595413208
fig3_random-64-64-20_random,random-64-64-20,random,lacam_focal_h,400,23,1,1332,1218,1.0935960591133005,,1332,1332.0,0.0,9.853986501693726
fig3_random-64-64-20_random,random-64-64-20,random,lacam_focal_h,200,20,1,640,609,1.0509031198686372,,641,641.0,0.15600624024961,10.169976711273193
fig3_random-64-64-20_random,random-64-64-20,random,lacam_focal_h,400,11,1,1343,1220,1.1008196721311476,,1341,1341.0,-0.14914243102162567,9.867826223373413
fig3_random-64-64-20_random,random-64-64-20,random,lacam_focal_h,400,14,1,1315,1221,1.076986076986077,,1315,1315.0,0.0,9.923785924911499
fig3_random-64-64-20_random,random-64-64-20,random,lacam_focal_h,400,9,1,1300,1221,1.0647010647010646,,1300,1300.0,0.0,9.880772113800049
fig3_random-64-64-20_random,random-64-64-20,random,dbs_hungarian,400,7,1,1262,1218,1.0361247947454844,1276,,1276.0,1.09717868338558,10.404577016830444
fig3_random-64-64-20_random,random-64-64-20,random,dbs_hungarian,400,15,1,1259,1217,1.0345110928512735,1319,,1319.0,4.548900682335102,10.410876512527466
fig3_random-64-64-20_random,random-64-64-20,random,dbs_hungarian,400,9,1,1284,1221,1.0515970515970516,1335,,1335.0,3.8202247191011236,10.417918920516968
fig3_random-64-64-20_random,random-64-64-20,random,lacam_focal_h,400,4,1,1316,1222,1.0769230769230769,,1313,1313.0,-0.2284843869002285,9.959361791610718
fig3_random-64-64-20_random,random-64-64-20,random,dbs_hungarian,400,22,1,1256,1221,1.0286650286650287,1321,,1321.0,4.920514761544284,10.412071704864502
fig3_random-64-64-20_random,random-64-64-20,random,dbs_hungarian,400,19,1,1248,1220,1.022950819672131,1281,,1281.0,2.576112412177986,10.417925357818604
fig3_random-64-64-20_random,random-64-64-20,random,dbs_hungarian,400,11,1,1277,1220,1.04672131147541,1325,,1325.0,3.6226415094339623,10.4217529296875
fig3_random-64-64-20_random,random-64-64-20,random,dbs_hungarian,400,26,1,1268,1219,1.0401968826907302,1322,,1322.0,4.084720121028744,10.412484169006348
fig3_random-64-64-20_random,random-64-64-20,random,dbs_hungarian,400,17,1,1255,1216,1.0320723684210527,1319,,1319.0,4.852160727824109,10.417213916778564
fig3_random-64-64-20_random,random-64-64-20,random,dbs_hungarian,400,13,1,1264,1211,1.0437654830718415,1365,,1365.0,7.3992673992674,10.417234182357788
fig3_random-64-64-20_random,random-64-64-20,random,dbs_hungarian,400,5,1,1283,1224,1.048202614379085,1340,,1340.0,4.253731343283582,10.421770572662354
fig3_random-64-64-20_random,random-64-64-20,random,dbs_hungarian,400,14,1,1255,1221,1.0278460278460277,1289,,1289.0,2.6377036462373935,10.416074514389038
fig3_random-64-64-20_random,random-64-64-20,random,dbs_hungarian,400,25,1,1269,1221,1.0393120393120394,1338,,1338.0,5.15695067264574,10.416547775268555
fig3_random-64-64-20_random,random-64-64-20,random,dbs_hungarian,400,12,1,1256,1214,1.0345963756177925,1327,,1327.0,5.35041446872645,10.422311544418335
fig3_random-64-64-20_random,random-64-64-20,random,dbs_hungarian,400,8,1,1297,1222,1.0613747954173487,1332,,1332.0,2.6276276276276276,10.419583559036255
fig3_random-64-64-20_random,random-64-64-20,random,dbs_hungarian,400,4,1,1273,1222,1.041734860883797,1374,,1374.0,7.3508005822416305,10.423840045928955
fig3_random-64-64-20_random,random-64-64-20,random,dbs_hungarian,400,20,1,1280,1222,1.0474631751227497,1374,,1374.0,6.841339155749636,10.41821575164795
fig3_random-64-64-20_random,random-64-64-20,random,dbs_hungarian,400,18,1,1254,1216,1.03125,1293,,1293.0,3.0162412993039442,10.420439958572388
fig3_random-64-64-20_random,random-64-64-20,random,dbs_hungarian,400,2,1,1255,1222,1.0270049099836334,1303,,1303.0,3.683806600153492,10.425758838653564
fig3_random-64-64-20_random,random-64-64-20,random,dbs_hungarian,400,24,1,1253,1222,1.025368248772504,1306,,1306.0,4.058192955589586,10.416930675506592
fig3_random-64-64-20_random,random-64-64-20,random,dbs_hungarian,400,3,1,1301,1224,1.0629084967320261,1343,,1343.0,3.1273268801191363,10.42235279083252
fig3_random-64-64-20_random,random-64-64-20,random,dbs_hungarian,400,10,1,1289,1211,1.064409578860446,1356,,1356.0,4.941002949852507,10.423671960830688
fig3_random-64-64-20_random,random-64-64-20,random,dbs_hungarian,400,1,1,1283,1222,1.0499181669394435,1321,,1321.0,2.8766086298258893,10.427626132965088
fig3_random-64-64-20_random,random-64-64-20,random,dbs_hungarian,400,27,1,1264,1223,1.0335241210139003,1341,,1341.0,5.741983594332588,10.417873859405518
fig3_random-64-64-20_random,random-64-64-20,random,lacam_focal_h,400,3,1,1334,1224,1.0898692810457515,,1332,1332.0,-0.15015015015015015,9.96353006362915
fig3_random-64-64-20_random,random-64-64-20,random,dbs_hungarian,400,21,1,1263,1217,1.037797863599014,1347,,1347.0,6.23608017817372,10.419942617416382
fig3_random-64-64-20_random,random-64-64-20,random,lacam_focal_h,400,15,1,1306,1217,1.0731306491372228,,1306,1306.0,0.0,9.648319482803345
fig3_random-64-64-20_random,random-64-64-20,random,dbs_hungarian,400,6,1,1255,1215,1.0329218106995885,1342,,1342.0,6.482861400894188,10.429447174072266
fig3_random-64-64-20_random,random-64-64-20,random,lacam_focal_h,400,12,1,1316,1214,1.0840197693574958,,1314,1314.0,-0.15220700152207,9.394333839416504
fig3_random-64-64-20_random,random-64-64-20,random,lacam_focal_h,400,18,1,1305,1216,1.0731907894736843,,1310,1310.0,0.3816793893129771,9.965243577957153
fig3_random-64-64-20_random,random-64-64-20,random,lacam_focal_h,400,5,1,1319,1224,1.0776143790849673,,1319,1319.0,0.0,10.024450063705444
fig3_random-64-64-20_random,random-64-64-20,random,lacam_focal_h,400,20,1,1305,1222,1.0679214402618658,,1307,1307.0,0.1530221882172915,9.990354537963867
fig3_random-64-64-20_random,random-64-64-20,random,lacam_focal_h,400,21,1,1334,1217,1.096138044371405,,1336,1336.0,0.1497005988023952,10.003830909729004
fig3_random-64-64-20_random,random-64-64-20,random,dbs_hungarian,400,16,1,1274,1229,1.0366151342554923,1312,,1312.0,2.8963414634146343,10.424936771392822
fig3_random-64-64-20_random,random-64-64-20,random,lacam_focal_h,200,23,1,627,610,1.0278688524590165,,630,630.0,0.47619047619047616,10.251781463623047
fig3_random-64-64-20_random,random-64-64-20,random,lacam_focal_h,400,16,1,1306,1229,1.062652563059398,,1307,1307.0,0.07651109410864575,10.068485260009766
fig3_random-64-64-20_random,random-64-64-20,random,lacam_focal_h,400,8,1,1308,1222,1.0703764320785598,,1306,1306.0,-0.15313935681470137,9.489091396331787
fig3_random-64-64-20_random,random-64-64-20,random,dbs_hungarian,400,23,1,1283,1218,1.0533661740558293,1321,,1321.0,2.8766086298258893,10.531497240066528
fig3_random-64-64-20_random,random-64-64-20,random,lacam_focal_h,400,17,1,1311,1216,1.078125,,1310,1310.0,-0.07633587786259542,9.50678563117981
fig3_random-64-64-20_random,random-64-64-20,random,lacam_focal_h,400,24,1,1279,1222,1.046644844517185,,1278,1278.0,-0.0782472613458529,9.49553894996643
fig3_random-64-64-20_random,random-64-64-20,random,lacam_focal_h,400,25,1,1285,1221,1.0524160524160524,,1284,1284.0,-0.0778816199376947,9.484582662582397
fig3_random-64-64-20_random,random-64-64-20,random,lacam_focal_h,400,26,1,1285,1219,1.0541427399507792,,1284,1284.0,-0.0778816199376947,9.518515348434448
fig3_random-64-64-20_random,random-64-64-20,random,lacam_focal_h,400,19,1,1273,1220,1.0434426229508196,,1280,1280.0,0.546875,9.496361494064331
fig3_random-64-64-20_random,random-64-64-20,random,lacam_focal_h,400,29,1,1325,1218,1.0878489326765188,,1324,1324.0,-0.0755287009063444,9.47675108909607
fig3_random-64-64-20_random,random-64-64-20,random,lacam_focal_h,400,30,1,1274,1218,1.0459770114942528,,1271,1271.0,-0.23603461841070023,9.246946334838867
fig3_random-64-64-20_random,random-64-64-20,random,lacam_focal_h,400,28,1,1313,1220,1.0762295081967213,,1315,1315.0,0.1520912547528517,9.702323198318481
fig3_random-64-64-20_random,random-64-64-20,random,dbs_hungarian,400,29,1,1291,1218,1.0599343185550083,1346,,1346.0,4.086181277860327,10.498726844787598
fig3_random-64-64-20_random,random-64-64-20,random,lacam_focal_h,600,4,1,2097,1827,1.1477832512315271,,2090,2090.0,-0.3349282296650718,9.26303768157959
fig3_random-64-64-20_random,random-64-64-20,random,dbs_hungarian,400,30,1,1265,1218,1.0385878489326765,1306,,1306.0,3.139356814701378,10.448851585388184
fig3_random-64-64-20_random,random-64-64-20,random,lacam_focal_h,600,21,1,2084,1826,1.1412924424972617,,2079,2079.0,-0.2405002405002405,9.311232089996338
fig3_random-64-64-20_random,random-64-64-20,random,lacam_focal_h,600,3,1,2121,1831,1.158383397050792,,2112,2112.0,-0.42613636363636365,9.409692287445068
fig3_random-64-64-20_random,random-64-64-20,random,lacam_focal_h,600,1,1,2031,1829,1.1104428649535265,,2030,2030.0,-0.04926108374384237,9.409292459487915
fig3_random-64-64-20_random,random-64-64-20,random,lacam_focal_h,600,6,1,2034,1821,1.1169686985172982,,2035,2035.0,0.04914004914004914,9.46355390548706
fig3_random-64-64-20_random,random-64-64-20,random,dbs_hungarian,400,28,1,1264,1220,1.0360655737704918,1316,,1316.0,3.951367781155015,11.03214693069458
fig3_random-64-64-20_random,random-64-64-20,random,lacam_focal_h,600,17,1,2084,1826,1.1412924424972617,,2076,2076.0,-0.3853564547206166,9.378280878067017
fig3_random-64-64-20_random,random-64-64-20,random,dbs_hungarian,600,3,1,2078,1831,1.1348989623156744,2188,,2188.0,5.027422303473492,10.524550199508667
fig3_random-64-64-20_random,random-64-64-20,random,lacam_focal_h,600,19,1,2046,1839,1.1125611745513866,,2043,2043.0,-0.14684287812041116,9.453189134597778
fig3_random-64-64-20_random,random-64-64-20,random,lacam_focal_h,600,28,1,2016,1825,1.1046575342465754,,2011,2011.0,-0.2486325211337643,9.492146730422974
fig3_random-64-64-20_random,random-64-64-20,random,lacam_focal_h,600,2,1,2015,1830,1.1010928961748634,,2014,2014.0,-0.04965243296921549,9.737594366073608
fig3_random-64-64-20_random,random-64-64-20,random,lacam_focal_h,600,11,1,2079,1836,1.1323529411764706,,2082,2082.0,0.1440922190201729,9.505780935287476
fig3_random-64-64-20_random,random-64-64-20,random,lacam_focal_h,800,14,1,2912,2436,1.1954022988505748,,2889,2889.0,-0.796123226029768,9.565721035003662
fig3_random-64-64-20_random,random-64-64-20,random,lacam_focal_h,600,9,1,2023,1831,1.1048607318405244,,2024,2024.0,0.04940711462450593,9.614141702651978
fig3_random-64-64-20_random,random-64-64-20,random,lacam_focal_h,600,24,1,2028,1830,1.1081967213114754,,2024,2024.0,-0.1976284584980237,9.679869890213013
fig3_random-64-64-20_random,random-64-64-20,random,lacam_focal_h,600,13,1,2069,1820,1.1368131868131868,,2063,2063.0,-0.290838584585555,9.620937585830688
fig3_random-64-64-20_random,random-64-64-20,random,lacam_focal_h,600,10,1,2031,1816,1.1183920704845816,,2032,2032.0,0.04921259842519685,9.733371019363403
fig3_random-64-64-20_random,random-64-64-20,random,dbs_hungarian,600,4,1,2025,1827,1.1083743842364533,2125,,2125.0,4.705882352941177,10.736337661743164
fig3_random-64-64-20_random,random-64-64-20,random,dbs_hungarian,600,5,1,2004,1831,1.0944838885854724,2084,,2084.0,3.838771593090211,10.789924383163452
fig3_random-64-64-20_random,random-64-64-20,random,dbs_hungarian,600,1,1,2038,1829,1.1142700929469656,2127,,2127.0,4.184297132110954,10.971617698669434
fig3_random-64-64-20_random,random-64-64-20,random,lacam_focal_h,600,27,1,2065,1836,1.1247276688453158,,2062,2062.0,-0.1454898157129001,9.850995779037476
fig3_random-64-64-20_random,random-64-64-20,random,lacam_focal_h,600,30,1,2043,1829,1.1170038272279934,,2038,2038.0,-0.24533856722276742,9.832088947296143
fig3_random-64-64-20_random,random-64-64-20,random,dbs_hungarian,600,7,1,1980,1826,1.0843373493975903,2043,,2043.0,3.0837004405286343,10.726702451705933
fig3_random-64-64-20_random,random-64-64-20,random,lacam_focal_h,600,22,1,2015,1835,1.098092643051771,,2013,2013.0,-0.09935419771485346,9.742077827453613
fig3_random-64-64-20_random,random-64-64-20,random,lacam_focal_h,600,7,1,2083,1826,1.1407447973713034,,2077,2077.0,-0.2888781896966779,9.865344524383545
fig3_random-64-64-20_random,random-64-64-20,random,dbs_hungarian,600,9,1,1991,1831,1.0873839432004369,2141,,2141.0,7.006071929005138,10.794240713119507
fig3_random-64-64-20_random,random-64-64-20,random,dbs_hungarian,600,6,1,1994,1821,1.0950027457440967,2144,,2144.0,6.996268656716418,10.944740772247314
fig3_random-64-64-20_random,random-64-64-20,random,lacam_focal_h,800,1,1,2983,2439,1.2230422304223043,,2943,2943.0,-1.3591573224600748,9.70105242729187
fig3_random-64-64-20_random,random-64-64-20,random,dbs_hungarian,600,24,1,2007,1830,1.0967213114754097,2045,,2045.0,1.8581907090464547,10.679641723632812
fig3_random-64-64-20_random,random-64-64-20,random,dbs_hungarian,600,2,1,1970,1830,1.0765027322404372,2136,,2136.0,7.771535580524344,11.090554475784302
fig3_random-64-64-20_random,random-64-64-20,random,lacam_focal_h,600,8,1,2061,1836,1.1225490196078431,,2055,2055.0,-0.291970802919708,10.06801152229309
fig3_random-64-64-20_random,random-64-64-20,random,dbs_hungarian,600,16,1,2017,1834,1.0997818974918212,2076,,2076.0,2.842003853564547,10.728440284729004
fig3_random-64-64-20_random,random-64-64-20,random,lacam_focal_h,600,25,1,2062,1830,1.126775956284153,,2063,2063.0,0.048473097430925836,10.06561279296875
fig3_random-64-64-20_random,random-64-64-20,random,lacam_focal_h,600,18,1,2026,1827,1.1089217296113847,,2022,2022.0,-0.19782393669634027,9.993261814117432
fig3_random-64-64-20_random,random-64-64-20,random,lacam_focal_h,600,16,1,2090,1834,1.1395856052344602,,2085,2085.0,-0.23980815347721823,9.957286834716797
fig3_random-64-64-20_random,random-64-64-20,random,dbs_hungarian,600,30,1,2040,1829,1.1153635866593767,2135,,2135.0,4.4496487119437935,10.711529016494751
fig3_random-64-64-20_random,random-64-64-20,random,dbs_hungarian,600,21,1,1983,1826,1.0859802847754656,2094,,2094.0,5.300859598853868,10.762092113494873
fig3_random-64-64-20_random,random-64-64-20,random,dbs_hungarian,600,11,1,2010,1836,1.0947712418300655,2087,,2087.0,3.689506468615237,10.77260446548462
fig3_random-64-64-20_random,random-64-64-20,random,lacam_focal_h,800,24,1,2870,2441,1.1757476444080295,,2857,2857.0,-0.45502275113755686,9.68241834640503
fig3_random-64-64-20_random,random-64-64-20,random,dbs_hungarian,600,22,1,2009,1835,1.0948228882833788,2114,,2114.0,4.966887417218543,10.769286870956421
fig3_random-64-64-20_random,random-64-64-20,random,dbs_hungarian,600,8,1,2058,1836,1.1209150326797386,2088,,2088.0,1.4367816091954022,10.935724020004272
fig3_random-64-64-20_random,random-64-64-20,random,dbs_hungarian,600,19,1,2014,1839,1.0951604132680806,2215,,2215.0,9.074492099322798,10.781637907028198
fig3_random-64-64-20_random,random-64-64-20,random,dbs_hungarian,600,26,1,1973,1825,1.0810958904109589,2120,,2120.0,6.933962264150943,10.763391017913818
fig3_random-64-64-20_random,random-64-64-20,random,dbs_hungarian,600,12,1,2068,1828,1.1312910284463895,2132,,2132.0,3.0018761726078798,10.789339065551758
fig3_random-64-64-20_random,random-64-64-20,random,dbs_hungarian,600,13,1,2067,1820,1.1357142857142857,2201,,2201.0,6.088141753748296,10.78766417503357
fig3_random-64-64-20_random,random-64-64-20,random,dbs_hungarian,600,23,1,1997,1826,1.0936473165388827,2048,,2048.0,2.490234375,10.781336307525635
fig3_random-64-64-20_random,random-64-64-20,random,dbs_hungarian,600,14,1,1969,1829,1.0765445598687808,2037,,2037.0,3.3382425135002456,10.798431158065796
fig3_random-64-64-20_random,random-64-64-20,random,dbs_hungarian,600,20,1,2034,1829,1.1120831055221432,2118,,2118.0,3.9660056657223794,10.794784545898438
fig3_random-64-64-20_random,random-64-64-20,random,dbs_hungarian,600,25,1,2060,1830,1.1256830601092895,2129,,2129.0,3.240958196336308,10.779988050460815
fig3_random-64-64-20_random,random-64-64-20,random,dbs_hungarian,600,27,1,2016,1836,1.0980392156862746,2123,,2123.0,5.040037682524729,10.774072885513306
fig3_random-64-64-20_random,random-64-64-20,random,dbs_hungarian,600,17,1,2023,1826,1.1078860898138008,2130,,2130.0,5.023474178403756,10.80168342590332
fig3_random-64-64-20_random,random-64-64-20,random,dbs_hungarian,600,28,1,1992,1825,1.0915068493150686,2035,,2035.0,2.113022113022113,10.7739417552948
fig3_random-64-64-20_random,random-64-64-20,random,dbs_hungarian,600,15,1,2041,1826,1.1177437020810514,2150,,2150.0,5.069767441860465,10.813424587249756
fig3_random-64-64-20_random,random-64-64-20,random,lacam_focal_h,800,7,1,2864,2437,1.175215428805909,,2852,2852.0,-0.42075736325385693,9.783368587493896
fig3_random-64-64-20_random,random-64-64-20,random,lacam_focal_h,800,20,1,2886,2435,1.1852156057494867,,2876,2876.0,-0.3477051460361613,9.777226209640503
fig3_random-64-64-20_random,random-64-64-20,random,dbs_hungarian,600,29,1,2011,1826,1.1013143483023,2106,,2106.0,4.510921177587845,10.771732568740845
fig3_random-64-64-20_random,random-64-64-20,random,lacam_focal_h,600,5,1,2068,1831,1.1294374658656472,,2056,2056.0,-0.5836575875486382,10.034315586090088
fig3_random-64-64-20_random,random-64-64-20,random,lacam_focal_h,600,29,1,2057,1826,1.1265060240963856,,2057,2057.0,0.0,10.129436731338501
fig3_random-64-64-20_random,random-64-64-20,random,lacam_focal_h,800,3,1,2869,2444,1.1738952536824878,,2854,2854.0,-0.5255781359495445,9.734586715698242
fig3_random-64-64-20_random,random-64-64-20,random,lacam_focal_h,800,12,1,2989,2438,1.2260049220672682,,2955,2955.0,-1.1505922165820643,9.823087453842163
fig3_random-64-64-20_random,random-64-64-20,random,dbs_hungarian,800,1,1,2883,2439,1.1820418204182042,3031,,3031.0,4.88287693830419,10.771324634552002
fig3_random-64-64-20_random,random-64-64-20,random,dbs_hungarian,600,10,1,1975,1816,1.0875550660792952,2107,,2107.0,6.264831514000949,10.851956605911255
fig3_random-64-64-20_random,random-64-64-20,random,dbs_hungarian,600,18,1,1981,1827,1.0842911877394636,2060,,2060.0,3.8349514563106797,10.825669527053833
fig3_random-64-64-20_random,random-64-64-20,random,lacam_focal_h,800,22,1,2851,2448,1.164624183006536,,2842,2842.0,-0.3166783954961295,9.810304641723633
fig3_random-64-64-20_random,random-64-64-20,random,lacam_focal_h,800,19,1,2926,2447,1.1957498978340826,,2907,2907.0,-0.6535947712418301,9.740243434906006
fig3_random-64-64-20_random,random-64-64-20,random,dbs_hungarian,800,14,1,2842,2436,1.1666666666666667,2917,,2917.0,2.571134727459719,10.745147943496704
fig3_random-64-64-20_random,random-64-64-20,random,dbs_hungarian,800,15,1,2912,2438,1.1944216570959802,3174,,3174.0,8.254568367989918,10.75481653213501
fig3_random-64-64-20_random,random-64-64-20,random,dbs_hungarian,800,12,1,2943,2438,1.2071369975389663,3155,,3155.0,6.7194928684627575,10.75881552696228
fig3_random-64-64-20_random,random-64-64-20,random,lacam_focal_h,600,20,1,2059,1829,1.1257517769272827,,2054,2054.0,-0.24342745861733203,10.120241403579712
fig3_random-64-64-20_random,random-64-64-20,random,lacam_focal_h,800,6,1,2829,2429,1.1646768217373404,,2820,2820.0,-0.3191489361702128,9.769129514694214
fig3_random-64-64-20_random,random-64-64-20,random,lacam_focal_h,800,15,1,2855,2438,1.1710418375717802,,2843,2843.0,-0.4220893422441083,9.828963279724121
fig3_random-64-64-20_random,random-64-64-20,random,dbs_hungarian,800,3,1,2993,2444,1.224631751227496,3151,,3151.0,5.014281180577594,10.803382873535156
fig3_random-64-64-20_random,random-64-64-20,random,dbs_hungarian,800,11,1,2910,2443,1.1911584117887843,3064,,3064.0,5.026109660574413,10.778642892837524
fig3_random-64-64-20_random,random-64-64-20,random,dbs_hungarian,800,9,1,2891,2442,1.1838656838656838,2985,,2985.0,3.1490787269681744,10.777875661849976
fig3_random-64-64-20_random,random-64-64-20,random,dbs_hungarian,800,5,1,2878,2440,1.1795081967213115,2911,,2911.0,1.1336310546204054,10.78073239326477
fig3_random-64-64-20_random,random-64-64-20,random,dbs_hungarian,800,2,1,2905,2438,1.1915504511894996,3061,,3061.0,5.096373734073832,10.810269355773926
fig3_random-64-64-20_random,random-64-64-20,random,dbs_hungarian,800,16,1,2832,2441,1.1601802539942647,2894,,2894.0,2.1423635107118177,10.774527311325073
fig3_random-64-64-20_random,random-64-64-20,random,dbs_hungarian,800,13,1,2873,2434,1.1803615447822515,3024,,3024.0,4.993386243386244,10.77864122390747
fig3_random-64-64-20_random,random-64-64-20,random,dbs_hungarian,800,8,1,2909,2449,1.1878317680685995,3137,,3137.0,7.268090532355754,10.781784296035767
fig3_random-64-64-20_random,random-64-64-20,random,dbs_hungarian,800,20,1,2845,2435,1.1683778234086242,2935,,2935.0,3.0664395229982966,10.727763414382935
fig3_random-64-64-20_random,random-64-64-20,random,dbs_hungarian,800,6,1,2767,2429,1.1391519143680526,2935,,2935.0,5.724020442930153,10.78371000289917
fig3_random-64-64-20_random,random-64-64-20,random,dbs_hungarian,800,7,1,2765,2437,1.1345917111202297,2891,,2891.0,4.358353510895884,10.783677577972412
fig3_random-64-64-20_random,random-64-64-20,random,dbs_hungarian,800,21,1,2844,2438,1.166529942575882,3026,,3026.0,6.0145406477197625,10.721527814865112
fig3_random-64-64-20_random,random-64-64-20,random,lacam_focal_h,800,21,1,2905,2438,1.1915504511894996,,2889,2889.0,-0.5538248528902735,9.7410306930542
fig3_random-64-64-20_random,random-64-64-20,random,lacam_focal_h,600,14,1,2060,1829,1.1262985237834882,,2057,2057.0,-0.14584346135148274,9.615352392196655
fig3_random-64-64-20_random,random-64-64-20,random,dbs_hungarian,800,17,1,2886,2430,1.1876543209876542,3010,,3010.0,4.119601328903655,10.7403724193573
fig3_random-64-64-20_random,random-64-64-20,random,dbs_hungarian,800,19,1,2841,2447,1.1610134859011034,3058,,3058.0,7.096141268803139,10.741476058959961
fig3_random-64-64-20_random,random-64-64-20,random,lacam_focal_h,600,26,1,2011,1825,1.101917808219178,,2007,2007.0,-0.19930244145490783,9.863893985748291
fig3_random-64-64-20_random,random-64-64-20,random,lacam_focal_h,800,16,1,2911,2441,1.1925440393281441,,2900,2900.0,-0.3793103448275862,9.774201393127441
fig3_random-64-64-20_random,random-64-64-20,random,dbs_hungarian,800,18,1,2858,2441,1.1708316263826302,2971,,2971.0,3.8034331874789635,10.75100588798523
fig3_random-64-64-20_random,random-64-64-20,random,lacam_focal_h,600,15,1,2047,1826,1.1210295728368018,,2044,2044.0,-0.14677103718199608,10.049858331680298
fig3_random-64-64-20_random,random-64-64-20,random,lacam_focal_h,800,4,1,2865,2434,1.177074774034511,,2849,2849.0,-0.5616005616005616,9.719186544418335
fig3_random-64-64-20_random,random-64-64-20,random,dbs_hungarian,800,24,1,2904,2441,1.1896763621466613,3020,,3020.0,3.8410596026490067,10.658782243728638
fig3_random-64-64-20_random,random-64-64-20,random,dbs_hungarian,800,10,1,2878,2422,1.1882741535920727,3126,,3126.0,7.933461292386436,10.807739734649658
fig3_random-64-64-20_random,random-64-64-20,random,dbs_hungarian,800,23,1,2749,2433,1.1298808055898069,3019,,3019.0,8.943358728055648,10.674538612365723
fig3_random-64-64-20_random,random-64-64-20,random,lacam_focal_h,800,23,1,2858,2433,1.174681463214139,,2837,2837.0,-0.7402185407120198,9.742481470108032
fig3_random-64-64-20_random,random-64-64-20,random,lacam_focal_h,800,8,1,2951,2449,1.2049816251531238,,2927,2927.0,-0.8199521694567817,9.808435916900635
fig3_random-64-64-20_random,random-64-64-20,random,dbs_hungarian,800,22,1,2897,2448,1.1834150326797386,2975,,2975.0,2.6218487394957983,10.696985721588135
fig3_random-64-64-20_random,random-64-64-20,random,lacam_focal_h,800,13,1,2836,2434,1.1651602300739523,,2817,2817.0,-0.6744763933262335,9.754342079162598
fig3_random-64-64-20_random,random-64-64-20,random,dbs_hungarian,800,4,1,2874,2434,1.180772391125719,2992,,2992.0,3.943850267379679,10.810579776763916
fig3_random-64-64-20_random,random-64-64-20,random,lacam_focal_h,800,2,1,2910,2438,1.1936013125512714,,2898,2898.0,-0.4140786749482402,10.107754468917847
fig3_random-64-64-20_random,random-64-64-20,random,lacam_focal_h,800,5,1,2939,2440,1.2045081967213114,,2925,2925.0,-0.47863247863247865,9.691182374954224
fig3_random-64-64-20_random,random-64-64-20,random,lacam_focal_h,800,17,1,2891,2430,1.1897119341563787,,2882,2882.0,-0.31228313671061764,9.52415657043457
fig3_random-64-64-20_random,random-64-64-20,random,lacam_focal_h,800,10,1,2912,2422,1.2023121387283238,,2891,2891.0,-0.7263922518159807,9.99907374382019
fig3_random-64-64-20_random,random-64-64-20,random,lacam_focal_h,600,12,1,2082,1828,1.1389496717724288,,2078,2078.0,-0.19249278152069296,9.670852422714233
fig3_random-64-64-20_hotspot,random-64-64-20,hotspot,dbs_hungarian,400,2,0,,14277,nan,,,nan,nan,0.3307654857635498
fig3_random-64-64-20_hotspot,random-64-64-20,hotspot,dbs_hungarian,400,16,0,,16296,nan,,,nan,nan,0.3742513656616211
fig3_random-64-64-20_hotspot,random-64-64-20,hotspot,dbs_hungarian,400,15,0,,10994,nan,,,nan,nan,0.38184523582458496
fig3_random-64-64-20_hotspot,random-64-64-20,hotspot,dbs_hungarian,400,14,0,,10699,nan,,,nan,nan,0.4324209690093994
fig3_random-64-64-20_random,random-64-64-20,random,lacam_focal_h,800,11,1,2860,2443,1.1706917724109702,,2855,2855.0,-0.17513134851138354,10.030786991119385
fig3_random-64-64-20_random,random-64-64-20,random,lacam_focal_h,800,18,1,2895,2441,1.1859893486276116,,2883,2883.0,-0.4162330905306972,10.048365354537964
fig3_random-64-64-20_hotspot,random-64-64-20,hotspot,dbs_hungarian,400,20,0,,12003,nan,,,nan,nan,0.43724799156188965
fig3_random-64-64-20_random,random-64-64-20,random,lacam_focal_h,600,23,1,2052,1826,1.1237677984665937,,2050,2050.0,-0.0975609756097561,9.798720836639404
fig3_random-64-64-20_hotspot,random-64-64-20,hotspot,dbs_hungarian,400,21,0,,12023,nan,,,nan,nan,0.3925285339355469
fig3_random-64-64-20_hotspot,random-64-64-20,hotspot,dbs_hungarian,400,22,0,,13698,nan,,,nan,nan,0.4431483745574951
fig3_random-64-64-20_hotspot,random-64-64-20,hotspot,dbs_hungarian,400,23,0,,13058,nan,,,nan,nan,0.3666985034942627
fig3_random-64-64-20_hotspot,random-64-64-20,hotspot,dbs_hungarian,400,19,0,,12497,nan,,,nan,nan,1.1993250846862793
fig3_random-64-64-20_random,random-64-64-20,random,lacam_focal_h,800,9,1,2846,2442,1.1654381654381654,,2840,2840.0,-0.2112676056338028,9.601683616638184
fig3_random-64-64-20_hotspot,random-64-64-20,hotspot,lacam_focal_h,200,1,1,8487,5487,1.5467468562055768,,6453,6453.0,-31.520223152022314,9.340697526931763
fig3_random-64-64-20_hotspot,random-64-64-20,hotspot,lacam_focal_h,200,5,1,7703,5182,1.4864917020455422,,6060,6060.0,-27.112211221122113,9.25821566581726
fig3_random-64-64-20_hotspot,random-64-64-20,hotspot,lacam_focal_h,200,3,1,8441,5556,1.519258459323254,,6630,6630.0,-27.31523378582202,9.344316720962524
fig3_random-64-64-20_hotspot,random-64-64-20,hotspot,lacam_focal_h,200,4,1,9620,5623,1.7108305175173395,,6731,6731.0,-42.92081414351508,9.28562331199646
fig3_random-64-64-20_hotspot,random-64-64-20,hotspot,lacam_focal_h,200,8,1,8176,5558,1.4710327455919396,,6453,6453.0,-26.7007593367426,9.210865020751953
fig3_random-64-64-20_random,random-64-64-20,random,lacam_focal_h,800,25,1,2836,2446,1.1594439901880622,,2825,2825.0,-0.3893805309734513,9.59357237815857
fig3_random-64-64-20_hotspot,random-64-64-20,hotspot,lacam_focal_h,200,9,1,6573,4584,1.4339005235602094,,5369,5369.0,-22.42503259452412,9.167349338531494
fig3_random-64-64-20_hotspot,random-64-64-20,hotspot,lacam_focal_h,200,6,1,8708,5346,1.6288814066591843,,6161,6161.0,-41.3406914461938,9.193182706832886
fig3_random-64-64-20_hotspot,random-64-64-20,hotspot,lacam_focal_h,200,2,1,13945,7277,1.9163116668956988,,9406,9406.0,-48.25643206463959,9.289932012557983
fig3_random-64-64-20_hotspot,random-64-64-20,hotspot,lacam_focal_h,200,11,1,7112,4875,1.4588717948717949,,5639,5639.0,-26.12165277531477,9.143991470336914
fig3_random-64-64-20_hotspot,random-64-64-20,hotspot,lacam_focal_h,200,7,1,7785,4812,1.6178304239401495,,5718,5718.0,-36.14900314795383,9.263744592666626
fig3_random-64-64-20_hotspot,random-64-64-20,hotspot,lacam_focal_h,200,12,1,5111,3711,1.377256804095931,,4205,4205.0,-21.545778834720572,9.201411485671997
fig3_random-64-64-20_hotspot,random-64-64-20,hotspot,lacam_focal_h,200,10,1,6849,4343,1.577020492746949,,5190,5190.0,-31.965317919075144,9.2258141040802
fig3_random-64-64-20_hotspot,random-64-64-20,hotspot,lacam_focal_h,200,13,1,4952,3788,1.307286166842661,,4250,4250.0,-16.51764705882353,9.178324460983276
fig3_random-64-64-20_hotspot,random-64-64-20,hotspot,lacam_focal_h,200,17,1,4413,3422,1.2895967270601987,,3858,3858.0,-14.385692068429238,9.149234771728516
fig3_random-64-64-20_hotspot,random-64-64-20,hotspot,lacam_focal_h,200,15,1,8571,5532,1.549349240780911,,6704,6704.0,-27.849045346062052,9.120481252670288
fig3_random-64-64-20_hotspot,random-64-64-20,hotspot,lacam_focal_h,200,18,1,5984,4250,1.408,,4984,4984.0,-20.064205457463885,9.176395177841187
fig3_random-64-64-20_hotspot,random-64-64-20,hotspot,lacam_focal_h,200,14,1,8256,5291,1.5603855603855603,,6391,6391.0,-29.181661711782194,9.19675874710083
fig3_random-64-64-20_hotspot,random-64-64-20,hotspot,lacam_focal_h,200,24,1,5194,3828,1.3568443051201673,,4261,4261.0,-21.896268481577096,9.155434131622314
fig3_random-64-64-20_hotspot,random-64-64-20,hotspot,lacam_focal_h,200,26,1,6073,4435,1.3693348365276212,,5056,5056.0,-20.11471518987342,9.224547624588013
fig3_random-64-64-20_hotspot,random-64-64-20,hotspot,lacam_focal_h,200,21,1,8515,6205,1.3722804190169218,,7014,7014.0,-21.400057028799544,9.200414419174194
fig3_random-64-64-20_hotspot,random-64-64-20,hotspot,lacam_focal_h,200,20,1,9318,6127,1.5208095315815244,,7329,7329.0,-27.13876381498158,9.19213581085205
fig3_random-64-64-20_hotspot,random-64-64-20,hotspot,lacam_focal_h,200,16,1,14517,8003,1.8139447707109835,,11110,11110.0,-30.666066606660667,9.226116418838501
fig3_random-64-64-20_hotspot,random-64-64-20,hotspot,lacam_focal_h,200,22,1,8905,5603,1.5893271461716938,,6545,6545.0,-36.058059587471355,9.221528053283691
fig3_random-64-64-20_random,random-64-64-20,random,lacam_focal_h,800,27,1,2934,2442,1.2014742014742015,,2904,2904.0,-1.0330578512396693,9.345329761505127
fig3_random-64-64-20_hotspot,random-64-64-20,hotspot,lacam_focal_h,200,28,1,6814,4520,1.5075221238938052,,5230,5230.0,-30.2868068833652,9.229761362075806
fig3_random-64-64-20_hotspot,random-64-64-20,hotspot,lacam_focal_h,200,23,1,10840,6704,1.6169451073985681,,7856,7856.0,-37.983706720977594,9.238406658172607
fig3_random-64-64-20_hotspot,random-64-64-20,hotspot,lacam_focal_h,200,25,1,5907,4117,1.434782608695652,,4763,4763.0,-24.018475750577366,9.27182650566101
fig3_random-64-64-20_hotspot,random-64-64-20,hotspot,lacam_focal_h,200,29,1,13137,7164,1.833752093802345,,9841,9841.0,-33.49253124682451,9.21573805809021
fig3_random-64-64-20_random,random-64-64-20,random,lacam_focal_h,800,26,1,2852,2437,1.1702913418137053,,2840,2840.0,-0.4225352112676056,9.4480299949646
fig3_random-64-64-20_hotspot,random-64-64-20,hotspot,lacam_focal_h,200,30,1,5406,3744,1.4439102564102564,,4351,4351.0,-24.247299471385887,9.21096920967102
fig3_random-64-64-20_hotspot,random-64-64-20,hotspot,lacam_focal_h,200,19,1,11028,6209,1.7761314221291673,,7623,7623.0,-44.667453758362846,9.302244901657104
fig3_random-64-64-20_hotspot,random-64-64-20,hotspot,lacam_focal_h,200,27,1,10711,6318,1.6953149730927508,,8066,8066.0,-32.79196627820481,9.227187395095825
fig3_random-64-64-20_random,random-64-64-20,random,lacam_focal_h,800,28,1,2825,2433,1.1611179613645706,,2805,2805.0,-0.7130124777183601,9.294871091842651
fig3_random-64-64-20_random,random-64-64-20,random,lacam_focal_h,800,29,1,2945,2435,1.2094455852156059,,2923,2923.0,-0.752651385562778,9.372989177703857
fig3_random-64-64-20_hotspot,random-64-64-20,hotspot,dbs_hungarian,200,2,1,10534,7277,1.4475745499519033,12035,,12035.0,12.471956792687994,10.185287952423096
fig3_random-64-64-20_hotspot,random-64-64-20,hotspot,dbs_hungarian,400,27,0,,12593,nan,,,nan,nan,0.4797203540802002
fig3_random-64-64-20_hotspot,random-64-64-20,hotspot,dbs_hungarian,400,28,0,,11497,nan,,,nan,nan,0.5121002197265625
fig3_random-64-64-20_random,random-64-64-20,random,dbs_hungarian,800,27,1,2902,2442,1.1883701883701883,3068,,3068.0,5.410691003911343,10.592779159545898
fig3_random-64-64-20_random,random-64-64-20,random,dbs_hungarian,800,28,1,2772,2433,1.1393341553637484,2970,,2970.0,6.666666666666667,10.536175727844238
fig3_random-64-64-20_hotspot,random-64-64-20,hotspot,dbs_hungarian,400,29,0,,14139,nan,,,nan,nan,0.4210343360900879
fig3_random-64-64-20_hotspot,random-64-64-20,hotspot,dbs_hungarian,200,3,1,8135,5556,1.4641828653707702,9242,,9242.0,11.977926855658948,10.194547891616821
fig3_random-64-64-20_hotspot,random-64-64-20,hotspot,lacam_focal_h,400,15,1,23666,10994,2.1526287065672185,,17736,17736.0,-33.434821831303566,9.17518663406372
fig3_random-64-64-20_hotspot,random-64-64-20,hotspot,dbs_hungarian,200,4,1,8751,5623,1.5562866797083408,10137,,10137.0,13.672684226102398,10.169562339782715
fig3_random-64-64-20_hotspot,random-64-64-20,hotspot,lacam_focal_h,400,6,1,21612,10850,1.991889400921659,,15544,15544.0,-39.03757076685538,9.187354326248169
fig3_random-64-64-20_hotspot,random-64-64-20,hotspot,dbs_hungarian,600,1,0,,16128,nan,,,nan,nan,0.4200773239135742
fig3_random-64-64-20_hotspot,random-64-64-20,hotspot,lacam_focal_h,400,4,1,23729,11000,2.1571818181818183,,17605,17605.0,-34.7855722806021,9.220665216445923
fig3_random-64-64-20_hotspot,random-64-64-20,hotspot,lacam_focal_h,400,5,1,20628,10459,1.972272683812984,,15668,15668.0,-31.65688026550932,9.183534860610962
fig3_random-64-64-20_hotspot,random-64-64-20,hotspot,lacam_focal_h,400,11,1,16532,9366,1.7651078368567157,,12655,12655.0,-30.636112208613195,9.199603796005249
fig3_random-64-64-20_hotspot,random-64-64-20,hotspot,lacam_focal_h,400,2,1,32393,14277,2.268894025355467,,24935,24935.0,-29.909765390014037,9.188624143600464
fig3_random-64-64-20_hotspot,random-64-64-20,hotspot,lacam_focal_h,400,10,1,21253,9189,2.3128740885841768,,14773,14773.0,-43.86380559128139,9.196339845657349
fig3_random-64-64-20_hotspot,random-64-64-20,hotspot,lacam_focal_h,400,7,1,19018,9736,1.9533689400164338,,14147,14147.0,-34.43132819679084,9.235974788665771
fig3_random-64-64-20_hotspot,random-64-64-20,hotspot,dbs_hungarian,200,5,1,7143,5182,1.3784253184098803,7548,,7548.0,5.365659777424483,10.196227073669434
fig3_random-64-64-20_hotspot,random-64-64-20,hotspot,dbs_hungarian,200,6,1,7945,5346,1.4861578750467639,9183,,9183.0,13.481433082870522,10.18149447441101
fig3_random-64-64-20_hotspot,random-64-64-20,hotspot,lacam_focal_h,400,3,1,21264,10767,1.9749233769852326,,16495,16495.0,-28.91179145195514,9.252097368240356
fig3_random-64-64-20_hotspot,random-64-64-20,hotspot,dbs_hungarian,200,1,1,8434,5487,1.537087661745945,9656,,9656.0,12.655343827671913,10.43932580947876
fig3_random-64-64-20_hotspot,random-64-64-20,hotspot,lacam_focal_h,400,9,1,16330,8616,1.8953110492107708,,12365,12365.0,-32.06631621512333,9.20587944984436
fig3_random-64-64-20_hotspot,random-64-64-20,hotspot,lacam_focal_h,400,8,1,21303,11215,1.8995095853767276,,16516,16516.0,-28.984015500121096,9.226577758789062
fig3_random-64-64-20_hotspot,random-64-64-20,hotspot,lacam_focal_h,400,12,1,15999,8184,1.9549120234604105,,11968,11968.0,-33.68148395721925,9.258421897888184
fig3_random-64-64-20_hotspot,random-64-64-20,hotspot,lacam_focal_h,400,13,1,13700,7534,1.8184231483939475,,10387,10387.0,-31.895638779243285,9.209227085113525
fig3_random-64-64-20_random,random-64-64-20,random,lacam_focal_h,800,30,1,2927,2435,1.202053388090349,,2918,2918.0,-0.30843043180260454,9.429606914520264
fig3_random-64-64-20_hotspot,random-64-64-20,hotspot,lacam_focal_h,400,1,1,22864,10986,2.0811942472237392,,17315,17315.0,-32.04735778226971,9.326403617858887
fig3_random-64-64-20_hotspot,random-64-64-20,hotspot,dbs_hungarian,600,2,0,,21213,nan,,,nan,nan,0.5652980804443359
fig3_random-64-64-20_hotspot,random-64-64-20,hotspot,lacam_focal_h,400,18,1,15542,8553,1.817140184730504,,11908,11908.0,-30.517299294591872,9.234257459640503
fig3_random-64-64-20_hotspot,random-64-64-20,hotspot,lacam_focal_h,400,16,1,48879,16296,2.9994477172312224,,35257,35257.0,-38.636299174631986,9.238501071929932
fig3_random-64-64-20_random,random-64-64-20,random,dbs_hungarian,800,26,1,2833,2437,1.1624948707427165,2979,,2979.0,4.900973481033904,11.173303604125977
fig3_random-64-64-20_hotspot,random-64-64-20,hotspot,lacam_focal_h,400,14,1,22258,10699,2.080381344050846,,16049,16049.0,-38.687768708330736,9.235063791275024
fig3_random-64-64-20_hotspot,random-64-64-20,hotspot,dbs_hungarian,600,5,0,,15732,nan,,,nan,nan,0.5296638011932373
fig3_random-64-64-20_hotspot,random-64-64-20,hotspot,dbs_hungarian,200,8,1,8164,5558,1.4688736955739474,8830,,8830.0,7.542468856172141,10.187317132949829
fig3_random-64-64-20_hotspot,random-64-64-20,hotspot,lacam_focal_h,400,17,1,11663,7119,1.638291894929063,,9339,9339.0,-24.88489131598672,9.23691725730896
fig3_random-64-64-20_hotspot,random-64-64-20,hotspot,dbs_hungarian,600,8,0,,18388,nan,,,nan,nan,0.5236010551452637
fig3_random-64-64-20_hotspot,random-64-64-20,hotspot,dbs_hungarian,600,6,0,,15885,nan,,,nan,nan,0.5185050964355469
fig3_random-64-64-20_hotspot,random-64-64-20,hotspot,dbs_hungarian,600,11,0,,13917,nan,,,nan,nan,0.4558229446411133
fig3_random-64-64-20_hotspot,random-64-64-20,hotspot,dbs_hungarian,200,9,1,6570,4584,1.4332460732984293,6660,,6660.0,1.3513513513513513,10.184191942214966
fig3_random-64-64-20_hotspot,random-64-64-20,hotspot,dbs_hungarian,200,7,1,7553,4812,1.5696176226101413,7810,,7810.0,3.290653008962868,10.268091678619385
fig3_random-64-64-20_hotspot,random-64-64-20,hotspot,dbs_hungarian,600,4,0,,17017,nan,,,nan,nan,0.6046063899993896
fig3_random-64-64-20_hotspot,random-64-64-20,hotspot,dbs_hungarian,600,3,0,,16450,nan,,,nan,nan,0.6381416320800781
fig3_random-64-64-20_random,random-64-64-20,random,dbs_hungarian,800,25,1,2791,2446,1.1410466067048242,2934,,2934.0,4.873892297205181,11.546919822692871
fig3_random-64-64-20_random,random-64-64-20,random,dbs_hungarian,800,29,1,2883,2435,1.1839835728952772,3028,,3028.0,4.7886393659180975,10.861844301223755
fig3_random-64-64-20_hotspot,random-64-64-20,hotspot,dbs_hungarian,200,10,1,6589,4343,1.517154040985494,7322,,7322.0,10.010925976509151,10.152141571044922
fig3_random-64-64-20_hotspot,random-64-64-20,hotspot,dbs_hungarian,600,10,0,,14246,nan,,,nan,nan,0.491851806640625
fig3_random-64-64-20_hotspot,random-64-64-20,hotspot,lacam_focal_h,400,19,1,29692,12497,2.375930223253581,,21879,21879.0,-35.71004159239453,9.221289157867432
fig3_random-64-64-20_hotspot,random-64-64-20,hotspot,dbs_hungarian,600,7,0,,14741,nan,,,nan,nan,0.5719747543334961
fig3_random-64-64-20_hotspot,random-64-64-20,hotspot,dbs_hungarian,600,16,0,,23290,nan,,,nan,nan,0.39597368240356445
fig3_random-64-64-20_random,random-64-64-20,random,dbs_hungarian,800,30,1,2865,2435,1.1765913757700206,3061,,3061.0,6.403136229990199,10.761656522750854
fig3_random-64-64-20_hotspot,random-64-64-20,hotspot,dbs_hungarian,200,12,1,4850,3711,1.3069253570466182,5002,,5002.0,3.0387844862055178,10.156861782073975
fig3_random-64-64-20_hotspot,random-64-64-20,hotspot,dbs_hungarian,200,13,1,5165,3788,1.3635163674762407,5249,,5249.0,1.6003048199657077,10.153847694396973
fig3_random-64-64-20_hotspot,random-64-64-20,hotspot,dbs_hungarian,200,11,1,7082,4875,1.4527179487179487,7460,,7460.0,5.067024128686327,10.188833236694336
fig3_random-64-64-20_hotspot,random-64-64-20,hotspot,dbs_hungarian,600,14,0,,16255,nan,,,nan,nan,0.5059695243835449
fig3_random-64-64-20_hotspot,random-64-64-20,hotspot,dbs_hungarian,600,12,0,,12484,nan,,,nan,nan,0.566645622253418
fig3_random-64-64-20_hotspot,random-64-64-20,hotspot,dbs_hungarian,200,14,1,8086,5291,1.5282555282555284,8782,,8782.0,7.925301753586882,10.16793417930603
fig3_random-64-64-20_hotspot,random-64-64-20,hotspot,dbs_hungarian,600,9,0,,13419,nan,,,nan,nan,0.612830638885498
fig3_random-64-64-20_hotspot,random-64-64-20,hotspot,dbs_hungarian,200,17,1,4430,3422,1.294564582115722,4615,,4615.0,4.008667388949079,10.161475896835327
fig3_random-64-64-20_hotspot,random-64-64-20,hotspot,dbs_hungarian,200,19,1,9137,6209,1.4715735223063295,10608,,10608.0,13.866892911010558,10.158789157867432
fig3_random-64-64-20_hotspot,random-64-64-20,hotspot,dbs_hungarian,200,21,1,8750,6205,1.4101531023368252,9564,,9564.0,8.511083228774572,10.150317907333374
fig3_random-64-64-20_hotspot,random-64-64-20,hotspot,dbs_hungarian,200,22,1,7946,5603,1.4181688381224344,8916,,8916.0,10.879318079856438,10.147719621658325
fig3_random-64-64-20_hotspot,random-64-64-20,hotspot,dbs_hungarian,200,15,1,7976,5532,1.4417932031814895,8925,,8925.0,10.633053221288515,10.188674926757812
fig3_random-64-64-20_hotspot,random-64-64-20,hotspot,dbs_hungarian,200,25,1,5905,4117,1.4342968180714113,6030,,6030.0,2.0729684908789388,10.14319372177124
fig3_random-64-64-20_hotspot,random-64-64-20,hotspot,dbs_hungarian,200,20,1,9232,6127,1.5067732985147706,9634,,9634.0,4.1727216109611796,10.165353059768677
fig3_random-64-64-20_hotspot,random-64-64-20,hotspot,dbs_hungarian,200,16,1,11768,8003,1.4704485817818318,13661,,13661.0,13.85696508308323,10.194821834564209
fig3_random-64-64-20_hotspot,random-64-64-20,hotspot,dbs_hungarian,200,26,1,5967,4435,1.34543404735062,6149,,6149.0,2.959830866807611,10.149772882461548
fig3_random-64-64-20_hotspot,random-64-64-20,hotspot,dbs_hungarian,200,18,1,5731,4250,1.348470588235294,5969,,5969.0,3.987267549003183,10.186671257019043
fig3_random-64-64-20_hotspot,random-64-64-20,hotspot,dbs_hungarian,200,23,1,9766,6704,1.456742243436754,10746,,10746.0,9.119672436255351,10.172770977020264
fig3_random-64-64-20_hotspot,random-64-64-20,hotspot,dbs_hungarian,200,24,1,5132,3828,1.3406478578892371,5271,,5271.0,2.6370707645608045,10.172566413879395
fig3_random-64-64-20_hotspot,random-64-64-20,hotspot,dbs_hungarian,200,28,1,6603,4520,1.4608407079646017,6937,,6937.0,4.814761424246792,10.168710231781006
fig3_random-64-64-20_hotspot,random-64-64-20,hotspot,dbs_hungarian,200,27,1,9629,6318,1.5240582462804686,10629,,10629.0,9.408222786715589,10.176616907119751
fig3_random-64-64-20_hotspot,random-64-64-20,hotspot,dbs_hungarian,200,30,1,5293,3744,1.4137286324786325,5442,,5442.0,2.7379639838294745,10.160784721374512
fig3_random-64-64-20_hotspot,random-64-64-20,hotspot,dbs_hungarian,600,15,0,,16581,nan,,,nan,nan,0.5623607635498047
fig3_random-64-64-20_hotspot,random-64-64-20,hotspot,dbs_hungarian,200,29,1,11829,7164,1.6511725293132329,13213,,13213.0,10.474532657231514,10.195492506027222
fig3_random-64-64-20_hotspot,random-64-64-20,hotspot,dbs_hungarian,600,18,0,,12499,nan,,,nan,nan,0.5275681018829346
fig3_random-64-64-20_hotspot,random-64-64-20,hotspot,dbs_hungarian,600,17,0,,11103,nan,,,nan,nan,0.5397939682006836
fig3_random-64-64-20_hotspot,random-64-64-20,hotspot,dbs_hungarian,600,19,0,,18736,nan,,,nan,nan,0.5494468212127686
fig3_random-64-64-20_hotspot,random-64-64-20,hotspot,lacam_focal_h,400,20,1,25062,12003,2.0879780054986252,,18830,18830.0,-33.09612320764737,9.2210693359375
fig3_random-64-64-20_hotspot,random-64-64-20,hotspot,dbs_hungarian,600,20,0,,18309,nan,,,nan,nan,0.5358891487121582
fig3_random-64-64-20_hotspot,random-64-64-20,hotspot,dbs_hungarian,600,22,0,,21057,nan,,,nan,nan,0.5395615100860596
fig3_random-64-64-20_hotspot,random-64-64-20,hotspot,lacam_focal_h,400,21,1,23250,12023,1.9337935623388505,,17159,17159.0,-35.497406608776735,9.173674821853638
fig3_random-64-64-20_hotspot,random-64-64-20,hotspot,dbs_hungarian,600,21,0,,17521,nan,,,nan,nan,0.5843386650085449
fig3_random-64-64-20_hotspot,random-64-64-20,hotspot,lacam_focal_h,400,22,1,34137,13698,2.4921156373193165,,25882,25882.0,-31.894753110269686,9.188667058944702
fig3_random-64-64-20_hotspot,random-64-64-20,hotspot,dbs_hungarian,600,25,0,,12050,nan,,,nan,nan,0.530188798904419
fig3_random-64-64-20_hotspot,random-64-64-20,hotspot,dbs_hungarian,400,13,1,14189,7534,1.883328908946111,14382,,14382.0,1.3419552218050341,10.240753889083862
fig3_random-64-64-20_hotspot,random-64-64-20,hotspot,dbs_hungarian,600,24,0,,11515,nan,,,nan,nan,0.53013014793396
fig3_random-64-64-20_hotspot,random-64-64-20,hotspot,dbs_hungarian,400,1,1,22510,10986,2.0489714181685783,24507,,24507.0,8.148692210388868,10.308521270751953
fig3_random-64-64-20_hotspot,random-64-64-20,hotspot,dbs_hungarian,400,7,1,19442,9736,1.9969186524239935,20785,,20785.0,6.461390425787828,10.287210702896118
fig3_random-64-64-20_hotspot,random-64-64-20,hotspot,dbs_hungarian,400,5,1,20496,10459,1.9596519743761354,22435,,22435.0,8.642745709828393,10.293541431427002
fig3_random-64-64-20_hotspot,random-64-64-20,hotspot,dbs_hungarian,600,23,0,,19612,nan,,,nan,nan,0.5610847473144531
fig3_random-64-64-20_hotspot,random-64-64-20,hotspot,dbs_hungarian,400,3,1,22393,10767,2.0797808117395746,23584,,23584.0,5.050033921302578,10.300569295883179
fig3_random-64-64-20_hotspot,random-64-64-20,hotspot,dbs_hungarian,600,26,0,,13024,nan,,,nan,nan,0.5259644985198975
fig3_random-64-64-20_hotspot,random-64-64-20,hotspot,dbs_hungarian,400,6,1,21728,10850,2.00258064516129,22818,,22818.0,4.776930493470068,10.308732032775879
fig3_random-64-64-20_hotspot,random-64-64-20,hotspot,dbs_hungarian,400,10,1,18489,9189,2.012079660463598,19636,,19636.0,5.841311876145855,10.29592251777649
fig3_random-64-64-20_hotspot,random-64-64-20,hotspot,dbs_hungarian,600,27,0,,18535,nan,,,nan,nan,0.5328779220581055
fig3_random-64-64-20_hotspot,random-64-64-20,hotspot,dbs_hungarian,400,8,1,21780,11215,1.942041908158716,22676,,22676.0,3.9513141647556886,10.327784538269043
fig3_random-64-64-20_hotspot,random-64-64-20,hotspot,dbs_hungarian,400,12,1,16027,8184,1.9583333333333333,16237,,16237.0,1.293342366200653,10.291497707366943
fig3_random-64-64-20_hotspot,random-64-64-20,hotspot,dbs_hungarian,400,9,1,16385,8616,1.90169452181987,17053,,17053.0,3.917199319767783,10.329320192337036
fig3_random-64-64-20_hotspot,random-64-64-20,hotspot,lacam_focal_h,400,23,1,28545,13058,2.186016235258079,,20951,20951.0,-36.24647988162856,9.122132778167725
fig3_random-64-64-20_hotspot,random-64-64-20,hotspot,dbs_hungarian,400,4,1,22996,11000,2.0905454545454547,24848,,24848.0,7.453316162266581,10.347023010253906
fig3_random-64-64-20_hotspot,random-64-64-20,hotspot,dbs_hungarian,600,29,0,,21010,nan,,,nan,nan,0.5374174118041992
fig3_random-64-64-20_hotspot,random-64-64-20,hotspot,dbs_hungarian,600,28,0,,17140,nan,,,nan,nan,0.5511071681976318
fig3_random-64-64-20_hotspot,random-64-64-20,hotspot,dbs_hungarian,600,30,0,,11593,nan,,,nan,nan,0.5434341430664062
fig3_random-64-64-20_hotspot,random-64-64-20,hotspot,dbs_hungarian,400,17,1,12376,7119,1.7384464110127826,12503,,12503.0,1.0157562185075582,10.30197525024414
fig3_random-64-64-20_hotspot,random-64-64-20,hotspot,dbs_hungarian,400,18,1,16038,8553,1.8751315327955103,16420,,16420.0,2.326431181485993,10.30199646949768
fig3_random-64-64-20_hotspot,random-64-64-20,hotspot,dbs_hungarian,800,1,0,,21745,nan,,,nan,nan,0.680525541305542
fig3_random-64-64-20_hotspot,random-64-64-20,hotspot,dbs_hungarian,400,11,1,17423,9366,1.860239162929746,18345,,18345.0,5.025892613791224,10.527308464050293
fig3_random-64-64-20_hotspot,random-64-64-20,hotspot,dbs_hungarian,800,2,0,,28967,nan,,,nan,nan,0.5920798778533936
fig3_random-64-64-20_hotspot,random-64-64-20,hotspot,dbs_hungarian,800,3,0,,21658,nan,,,nan,nan,0.6859433650970459
fig3_random-64-64-20_hotspot,random-64-64-20,hotspot,dbs_hungarian,800,4,0,,22230,nan,,,nan,nan,0.6614670753479004
fig3_random-64-64-20_hotspot,random-64-64-20,hotspot,dbs_hungarian,800,8,0,,23788,nan,,,nan,nan,0.6488111019134521
fig3_random-64-64-20_hotspot,random-64-64-20,hotspot,dbs_hungarian,800,9,0,,17258,nan,,,nan,nan,0.6230096817016602
fig3_random-64-64-20_hotspot,random-64-64-20,hotspot,dbs_hungarian,800,7,0,,19620,nan,,,nan,nan,0.6970024108886719
fig3_random-64-64-20_hotspot,random-64-64-20,hotspot,dbs_hungarian,800,5,0,,21036,nan,,,nan,nan,0.6860167980194092
fig3_random-64-64-20_hotspot,random-64-64-20,hotspot,dbs_hungarian,800,6,0,,21509,nan,,,nan,nan,0.7189762592315674
fig3_random-64-64-20_hotspot,random-64-64-20,hotspot,dbs_hungarian,800,16,0,,30957,nan,,,nan,nan,0.640671968460083
fig3_random-64-64-20_hotspot,random-64-64-20,hotspot,dbs_hungarian,800,10,0,,18589,nan,,,nan,nan,0.714000940322876
fig3_random-64-64-20_hotspot,random-64-64-20,hotspot,dbs_hungarian,800,15,0,,24115,nan,,,nan,nan,0.6726572513580322
fig3_random-64-64-20_hotspot,random-64-64-20,hotspot,dbs_hungarian,800,14,0,,21631,nan,,,nan,nan,0.7023169994354248
fig3_random-64-64-20_hotspot,random-64-64-20,hotspot,dbs_hungarian,800,11,0,,18316,nan,,,nan,nan,0.7429826259613037
fig3_random-64-64-20_hotspot,random-64-64-20,hotspot,dbs_hungarian,800,23,0,,26150,nan,,,nan,nan,0.5237858295440674
fig3_random-64-64-20_hotspot,random-64-64-20,hotspot,dbs_hungarian,800,17,0,,14245,nan,,,nan,nan,0.626615047454834
fig3_random-64-64-20_hotspot,random-64-64-20,hotspot,dbs_hungarian,800,19,0,,24820,nan,,,nan,nan,0.6740033626556396
fig3_random-64-64-20_hotspot,random-64-64-20,hotspot,dbs_hungarian,800,22,0,,27192,nan,,,nan,nan,0.6669521331787109
fig3_random-64-64-20_hotspot,random-64-64-20,hotspot,dbs_hungarian,800,18,0,,16670,nan,,,nan,nan,0.731226921081543
fig3_random-64-64-20_hotspot,random-64-64-20,hotspot,dbs_hungarian,800,20,0,,23783,nan,,,nan,nan,0.681098222732544
fig3_random-64-64-20_hotspot,random-64-64-20,hotspot,dbs_hungarian,800,21,0,,23269,nan,,,nan,nan,0.6476373672485352
fig3_warehouse-10-20-10-2-2_random,warehouse-10-20-10-2-2,random,lacam_focal_h,200,7,1,612,611,1.0016366612111294,,612,612.0,0.0,0.13079357147216797
fig3_random-64-64-20_hotspot,random-64-64-20,hotspot,dbs_hungarian,800,27,0,,25287,nan,,,nan,nan,0.6904726028442383
fig3_random-64-64-20_hotspot,random-64-64-20,hotspot,dbs_hungarian,800,30,0,,15232,nan,,,nan,nan,0.5850825309753418
fig3_random-64-64-20_hotspot,random-64-64-20,hotspot,lacam_focal_h,400,24,1,13881,7659,1.8123775949862906,,10645,10645.0,-30.399248473461718,9.436617374420166
fig3_random-64-64-20_hotspot,random-64-64-20,hotspot,dbs_hungarian,800,28,0,,22968,nan,,,nan,nan,0.691807746887207
fig3_random-64-64-20_hotspot,random-64-64-20,hotspot,dbs_hungarian,800,25,0,,16025,nan,,,nan,nan,0.7535240650177002
fig3_random-64-64-20_hotspot,random-64-64-20,hotspot,dbs_hungarian,800,26,0,,16848,nan,,,nan,nan,0.7297418117523193
fig3_random-64-64-20_hotspot,random-64-64-20,hotspot,dbs_hungarian,800,29,0,,21594,nan,,,nan,nan,0.736546516418457
fig3_random-64-64-20_hotspot,random-64-64-20,hotspot,dbs_hungarian,400,24,1,13537,7659,1.7674631152892022,13936,,13936.0,2.86308840413318,10.382941722869873
fig3_random-64-64-20_hotspot,random-64-64-20,hotspot,dbs_hungarian,400,25,1,14329,7714,1.8575317604355717,14894,,14894.0,3.7934738821001748,10.39227843284607
fig3_random-64-64-20_hotspot,random-64-64-20,hotspot,dbs_hungarian,400,26,1,16491,8833,1.8669761123061248,16902,,16902.0,2.4316648917287895,10.464529037475586
fig3_random-64-64-20_hotspot,random-64-64-20,hotspot,lacam_focal_h,400,25,1,14024,7714,1.8179932590095929,,11304,11304.0,-24.062278839348902,9.403783798217773
fig3_random-64-64-20_hotspot,random-64-64-20,hotspot,lacam_focal_h,400,28,1,25309,11497,2.201356875706706,,18588,18588.0,-36.15773617387562,9.22550344467163
fig3_random-64-64-20_hotspot,random-64-64-20,hotspot,lacam_focal_h,400,29,1,35071,14139,2.4804441615390056,,27385,27385.0,-28.06645974073398,9.246138334274292
fig3_random-64-64-20_hotspot,random-64-64-20,hotspot,lacam_focal_h,400,30,1,12518,7685,1.6288874430709173,,9916,9916.0,-26.240419524001613,9.278816938400269
fig3_random-64-64-20_hotspot,random-64-64-20,hotspot,lacam_focal_h,400,26,1,15215,8833,1.7225178308615419,,12168,12168.0,-25.041091387245235,9.262756824493408
fig3_random-64-64-20_hotspot,random-64-64-20,hotspot,lacam_focal_h,600,10,1,35326,14246,2.479713603818616,,26135,26135.0,-35.16740003826287,9.234607219696045
fig3_random-64-64-20_hotspot,random-64-64-20,hotspot,lacam_focal_h,600,6,1,42365,15885,2.666981429021089,,31188,31188.0,-35.83750160318071,9.25105333328247
fig3_random-64-64-20_hotspot,random-64-64-20,hotspot,lacam_focal_h,600,4,1,49012,17017,2.880178644884527,,36911,36911.0,-32.78426485329577,9.219101905822754
fig3_random-64-64-20_hotspot,random-64-64-20,hotspot,lacam_focal_h,600,8,1,57340,18388,3.118338046552099,,42997,42997.0,-33.3581412656697,9.338181495666504
fig3_random-64-64-20_hotspot,random-64-64-20,hotspot,lacam_focal_h,600,3,1,44013,16450,2.6755623100303954,,30897,30897.0,-42.450723371201086,9.31784701347351
fig3_random-64-64-20_hotspot,random-64-64-20,hotspot,lacam_focal_h,400,27,1,152908,12593,12.142301278488048,,37864,37864.0,-303.83477709697866,9.46562385559082
fig3_random-64-64-20_hotspot,random-64-64-20,hotspot,lacam_focal_h,600,2,1,70789,21213,3.3370574647621742,,52484,52484.0,-34.87729593780962,9.256665706634521
fig3_random-64-64-20_hotspot,random-64-64-20,hotspot,lacam_focal_h,600,7,1,36489,14741,2.475340885964317,,27196,27196.0,-34.17046624503603,9.303363561630249
fig3_random-64-64-20_hotspot,random-64-64-20,hotspot,lacam_focal_h,600,5,1,39326,15732,2.4997457411645057,,30586,30586.0,-28.575165108219448,9.336643695831299
fig3_random-64-64-20_hotspot,random-64-64-20,hotspot,lacam_focal_h,600,9,1,29748,13419,2.2168566957299354,,24021,24021.0,-23.841638566254527,9.276716947555542
fig3_random-64-64-20_hotspot,random-64-64-20,hotspot,lacam_focal_h,600,1,1,45167,16128,2.800533234126984,,34617,34617.0,-30.47635554785221,9.282034158706665
fig3_random-64-64-20_hotspot,random-64-64-20,hotspot,lacam_focal_h,600,12,1,29227,12484,2.3411566805511055,,22538,22538.0,-29.678764752861834,9.257779121398926
fig3_random-64-64-20_hotspot,random-64-64-20,hotspot,lacam_focal_h,600,11,1,31093,13917,2.2341740317597183,,23656,23656.0,-31.438112952316537,9.29421591758728
fig3_random-64-64-20_hotspot,random-64-64-20,hotspot,lacam_focal_h,600,15,1,54804,16581,3.3052288764248234,,38297,38297.0,-43.10259289239366,9.293296575546265
fig3_random-64-64-20_hotspot,random-64-64-20,hotspot,lacam_focal_h,600,14,1,44881,16255,2.7610581359581667,,33330,33330.0,-34.656465646564655,9.247774839401245
fig3_random-64-64-20_hotspot,random-64-64-20,hotspot,lacam_focal_h,600,17,1,22053,11103,1.9862199405566063,,17693,17693.0,-24.642513988583055,9.27446436882019
fig3_random-64-64-20_hotspot,random-64-64-20,hotspot,lacam_focal_h,600,16,1,82076,23290,3.524087591240876,,60268,60268.0,-36.185040153978896,9.293903827667236
fig3_random-64-64-20_hotspot,random-64-64-20,hotspot,lacam_focal_h,600,13,1,23937,11367,2.1058326735286355,,18539,18539.0,-29.116996601758455,9.237924814224243
fig3_random-64-64-20_hotspot,random-64-64-20,hotspot,dbs_hungarian,400,30,1,12787,7685,1.6638906961613533,13098,,13098.0,2.3744083066116963,10.415445566177368
fig3_random-64-64-20_hotspot,random-64-64-20,hotspot,lacam_focal_h,600,19,1,59789,18736,3.1911293766011957,,45678,45678.0,-30.892333289548578,9.230219602584839
fig3_random-64-64-20_hotspot,random-64-64-20,hotspot,lacam_focal_h,600,18,1,27886,12499,2.2310584846787744,,21380,21380.0,-30.430308699719365,9.323873043060303
fig3_random-64-64-20_hotspot,random-64-64-20,hotspot,lacam_focal_h,600,25,1,27301,12050,2.265643153526971,,21519,21519.0,-26.869278312189227,9.247092247009277
fig3_random-64-64-20_hotspot,random-64-64-20,hotspot,lacam_focal_h,600,26,1,29521,13024,2.2666615479115477,,22400,22400.0,-31.790178571428573,9.32682991027832
fig3_random-64-64-20_hotspot,random-64-64-20,hotspot,lacam_focal_h,600,22,1,71183,21057,3.3804910481075177,,54715,54715.0,-30.09777940235767,9.277433395385742
fig3_random-64-64-20_hotspot,random-64-64-20,hotspot,lacam_focal_h,600,20,1,58669,18309,3.2043803593860942,,43961,43961.0,-33.45692773139829,9.281310081481934
fig3_random-64-64-20_hotspot,random-64-64-20,hotspot,lacam_focal_h,600,28,1,49507,17140,2.888389731621937,,35731,35731.0,-38.55475637401696,9.280359745025635
fig3_random-64-64-20_hotspot,random-64-64-20,hotspot,lacam_focal_h,600,27,1,80242,18535,4.3292149986512,,56142,56142.0,-42.92686402336931,9.29323148727417
fig3_random-64-64-20_hotspot,random-64-64-20,hotspot,lacam_focal_h,600,29,1,65635,21010,3.123988576868158,,53093,53093.0,-23.62269979093289,9.295543909072876
fig3_warehouse-10-20-10-2-2_random,warehouse-10-20-10-2-2,random,lacam_focal_h,200,3,1,617,612,1.0081699346405228,,617,617.0,0.0,9.192175388336182
fig3_warehouse-10-20-10-2-2_random,warehouse-10-20-10-2-2,random,lacam_focal_h,200,4,1,617,611,1.0098199672667758,,617,617.0,0.0,9.219819784164429
fig3_warehouse-10-20-10-2-2_random,warehouse-10-20-10-2-2,random,lacam_focal_h,200,2,1,609,606,1.004950495049505,,609,609.0,0.0,9.215789318084717
fig3_warehouse-10-20-10-2-2_random,warehouse-10-20-10-2-2,random,lacam_focal_h,200,1,1,622,612,1.0163398692810457,,622,622.0,0.0,9.280617713928223
fig3_random-64-64-20_hotspot,random-64-64-20,hotspot,lacam_focal_h,600,30,1,23321,11593,2.0116449581644096,,18487,18487.0,-26.148104073132473,9.281984090805054
fig3_random-64-64-20_hotspot,random-64-64-20,hotspot,lacam_focal_h,600,24,1,24752,11515,2.1495440729483284,,19500,19500.0,-26.933333333333334,9.442256450653076
fig3_warehouse-10-20-10-2-2_random,warehouse-10-20-10-2-2,random,lacam_focal_h,200,5,1,611,607,1.0065897858319606,,613,613.0,0.3262642740619902,9.273502588272095
fig3_warehouse-10-20-10-2-2_random,warehouse-10-20-10-2-2,random,lacam_focal_h,200,6,1,610,609,1.0016420361247949,,610,610.0,0.0,9.236396551132202
fig3_warehouse-10-20-10-2-2_random,warehouse-10-20-10-2-2,random,lacam_focal_h,200,8,1,611,610,1.001639344262295,,611,611.0,0.0,9.151307106018066
fig3_random-64-64-20_hotspot,random-64-64-20,hotspot,dbs_hungarian,600,13,1,26037,11367,2.290577988915281,27008,,27008.0,3.5952310426540284,10.575292348861694
fig3_warehouse-10-20-10-2-2_random,warehouse-10-20-10-2-2,random,lacam_focal_h,200,10,1,619,614,1.00814332247557,,620,620.0,0.16129032258064516,9.15966272354126
fig3_warehouse-10-20-10-2-2_random,warehouse-10-20-10-2-2,random,lacam_focal_h,200,9,1,612,605,1.0115702479338844,,612,612.0,0.0,9.228649616241455
fig3_warehouse-10-20-10-2-2_random,warehouse-10-20-10-2-2,random,lacam_focal_h,200,11,1,616,612,1.0065359477124183,,618,618.0,0.32362459546925565,9.133266687393188
fig3_warehouse-10-20-10-2-2_random,warehouse-10-20-10-2-2,random,lacam_focal_h,200,29,1,617,617,1.0,,617,617.0,0.0,0.32245612144470215
fig3_random-64-64-20_hotspot,random-64-64-20,hotspot,lacam_focal_h,800,2,1,122068,28967,4.214036662408948,,89239,89239.0,-36.78772733894373,9.33663535118103
fig3_random-64-64-20_hotspot,random-64-64-20,hotspot,lacam_focal_h,800,3,1,97270,21658,4.491181087819744,,68283,68283.0,-42.45126898349516,9.370336532592773
fig3_warehouse-10-20-10-2-2_random,warehouse-10-20-10-2-2,random,lacam_focal_h,200,12,1,615,611,1.0065466448445173,,617,617.0,0.3241491085899514,9.154909372329712
fig3_warehouse-10-20-10-2-2_random,warehouse-10-20-10-2-2,random,lacam_focal_h,200,13,1,618,613,1.0081566068515497,,618,618.0,0.0,9.1707763671875
fig3_random-64-64-20_hotspot,random-64-64-20,hotspot,lacam_focal_h,800,5,1,78305,21036,3.722428218292451,,60027,60027.0,-30.44963099938361,9.324022054672241
fig3_random-64-64-20_hotspot,random-64-64-20,hotspot,lacam_focal_h,800,7,1,78200,19620,3.985728848114169,,59293,59293.0,-31.887406607862648,9.34222936630249
fig3_random-64-64-20_hotspot,random-64-64-20,hotspot,lacam_focal_h,800,4,1,162745,22230,7.3209626630679265,,101843,101843.0,-59.79988806299893,9.406861782073975
fig3_random-64-64-20_hotspot,random-64-64-20,hotspot,lacam_focal_h,800,10,1,79699,18589,4.287428048846092,,61021,61021.0,-30.60913456023336,9.32561469078064
fig3_random-64-64-20_hotspot,random-64-64-20,hotspot,lacam_focal_h,800,9,1,65369,17258,3.7877506084134893,,49630,49630.0,-31.712673786016524,9.324961423873901
fig3_warehouse-10-20-10-2-2_random,warehouse-10-20-10-2-2,random,lacam_focal_h,200,15,1,610,609,1.0016420361247949,,610,610.0,0.0,9.181074857711792
fig3_random-64-64-20_hotspot,random-64-64-20,hotspot,lacam_focal_h,800,8,1,100893,23788,4.241340171515049,,72549,72549.0,-39.06876731588306,9.390429258346558
fig3_random-64-64-20_hotspot,random-64-64-20,hotspot,lacam_focal_h,800,11,1,62798,18316,3.4285870277353134,,47841,47841.0,-31.26397859576514,9.333751916885376
fig3_warehouse-10-20-10-2-2_random,warehouse-10-20-10-2-2,random,lacam_focal_h,200,16,1,620,611,1.0147299509001637,,620,620.0,0.0,9.194248914718628
fig3_random-64-64-20_hotspot,random-64-64-20,hotspot,lacam_focal_h,800,12,1,62393,17018,3.666294511693501,,47519,47519.0,-31.301163745028305,9.350369453430176
fig3_random-64-64-20_hotspot,random-64-64-20,hotspot,lacam_focal_h,800,14,1,100785,21631,4.659285285007628,,72705,72705.0,-38.62182793480503,9.392871856689453
fig3_random-64-64-20_hotspot,random-64-64-20,hotspot,lacam_focal_h,800,17,1,42067,14245,2.953106353106353,,34297,34297.0,-22.655042715106276,9.320567846298218
fig3_warehouse-10-20-10-2-2_random,warehouse-10-20-10-2-2,random,lacam_focal_h,200,14,1,614,609,1.0082101806239738,,614,614.0,0.0,9.27474308013916
fig3_random-64-64-20_hotspot,random-64-64-20,hotspot,lacam_focal_h,800,20,1,107073,23783,4.502081318588908,,83035,83035.0,-28.949238273017404,9.337281465530396
fig3_warehouse-10-20-10-2-2_random,warehouse-10-20-10-2-2,random,lacam_focal_h,200,17,1,615,609,1.0098522167487685,,615,615.0,0.0,9.21328854560852
fig3_random-64-64-20_hotspot,random-64-64-20,hotspot,lacam_focal_h,800,18,1,52015,16670,3.1202759448110378,,39186,39186.0,-32.738733221048335,9.355026006698608
fig3_warehouse-10-20-10-2-2_random,warehouse-10-20-10-2-2,random,lacam_focal_h,200,18,1,612,611,1.0016366612111294,,614,614.0,0.3257328990228013,9.137977361679077
fig3_random-64-64-20_hotspot,random-64-64-20,hotspot,lacam_focal_h,800,13,1,44540,15126,2.944598704217903,,35354,35354.0,-25.98291565310856,9.372130632400513
fig3_warehouse-10-20-10-2-2_random,warehouse-10-20-10-2-2,random,lacam_focal_h,200,19,1,617,607,1.016474464579901,,617,617.0,0.0,9.14664101600647
fig3_random-64-64-20_hotspot,random-64-64-20,hotspot,lacam_focal_h,800,22,1,122553,27192,4.506950573698147,,91646,91646.0,-33.72433057634812,9.313015222549438
fig3_random-64-64-20_hotspot,random-64-64-20,hotspot,lacam_focal_h,800,26,1,62099,16848,3.685838081671415,,45991,45991.0,-35.024243873801396,9.327192068099976
fig3_warehouse-10-20-10-2-2_random,warehouse-10-20-10-2-2,random,lacam_focal_h,200,20,1,622,617,1.0081037277147489,,622,622.0,0.0,9.266618967056274
fig3_random-64-64-20_hotspot,random-64-64-20,hotspot,lacam_focal_h,800,24,1,46458,14970,3.1034068136272546,,36479,36479.0,-27.355464787960198,9.349365711212158
fig3_random-64-64-20_hotspot,random-64-64-20,hotspot,lacam_focal_h,800,16,1,146454,30957,4.7308847756565555,,108326,108326.0,-35.197459520336764,9.395120620727539
fig3_random-64-64-20_hotspot,random-64-64-20,hotspot,lacam_focal_h,800,25,1,58611,16025,3.6574726989079562,,44566,44566.0,-31.51505632096217,9.368753671646118
fig3_random-64-64-20_hotspot,random-64-64-20,hotspot,lacam_focal_h,800,30,1,42269,15232,2.775013130252101,,32889,32889.0,-28.520173918331356,9.35097885131836
fig3_random-64-64-20_hotspot,random-64-64-20,hotspot,lacam_focal_h,600,21,0,0,,nan,,0,0.0,nan,10.207030534744263
fig3_random-64-64-20_hotspot,random-64-64-20,hotspot,lacam_focal_h,800,29,1,89559,21594,4.147402056126702,,63841,63841.0,-40.284456697106876,9.384830474853516
fig3_random-64-64-20_hotspot,random-64-64-20,hotspot,lacam_focal_h,800,19,1,140832,24820,5.674133763094279,,93701,93701.0,-50.299356463645,9.614057540893555
fig3_random-64-64-20_hotspot,random-64-64-20,hotspot,lacam_focal_h,600,23,0,0,,nan,,0,0.0,nan,10.317705392837524
fig3_random-64-64-20_hotspot,random-64-64-20,hotspot,dbs_hungarian,800,12,1,78182,17018,4.594076859795511,79685,,79685.0,1.8861768212336074,10.77559232711792
fig3_warehouse-10-20-10-2-2_random,warehouse-10-20-10-2-2,random,dbs_hungarian,200,1,1,620,612,1.0130718954248366,632,,632.0,1.8987341772151898,10.633044958114624
fig3_warehouse-10-20-10-2-2_random,warehouse-10-20-10-2-2,random,dbs_hungarian,200,5,1,608,607,1.00164744645799,608,,608.0,0.0,10.563700675964355
fig3_warehouse-10-20-10-2-2_random,warehouse-10-20-10-2-2,random,lacam_focal_h,200,21,1,619,613,1.0097879282218598,,619,619.0,0.0,9.39836573600769
fig3_warehouse-10-20-10-2-2_random,warehouse-10-20-10-2-2,random,dbs_hungarian,200,4,1,615,611,1.0065466448445173,616,,616.0,0.16233766233766234,10.606944561004639
fig3_random-64-64-20_hotspot,random-64-64-20,hotspot,dbs_hungarian,800,24,1,62562,14970,4.179158316633266,62562,,62562.0,0.0,10.856505870819092
fig3_random-64-64-20_hotspot,random-64-64-20,hotspot,lacam_focal_h,800,1,0,0,,nan,,0,0.0,nan,10.30597710609436
fig3_random-64-64-20_hotspot,random-64-64-20,hotspot,dbs_hungarian,800,13,1,68330,15126,4.517387280179823,71969,,71969.0,5.0563437035390235,11.074608325958252
fig3_warehouse-10-20-10-2-2_random,warehouse-10-20-10-2-2,random,dbs_hungarian,200,3,1,617,612,1.0081699346405228,620,,620.0,0.4838709677419355,10.821587800979614
fig3_warehouse-10-20-10-2-2_random,warehouse-10-20-10-2-2,random,dbs_hungarian,200,2,1,611,606,1.0082508250825082,614,,614.0,0.48859934853420195,10.826537132263184
fig3_random-64-64-20_hotspot,random-64-64-20,hotspot,lacam_focal_h,800,15,0,0,,nan,,0,0.0,nan,10.252814531326294
fig3_warehouse-10-20-10-2-2_random,warehouse-10-20-10-2-2,random,dbs_hungarian,200,6,1,610,609,1.0016420361247949,611,,611.0,0.16366612111292964,10.785967588424683
fig3_warehouse-10-20-10-2-2_random,warehouse-10-20-10-2-2,random,dbs_hungarian,200,8,1,611,610,1.001639344262295,611,,611.0,0.0,10.614325046539307
fig3_random-64-64-20_hotspot,random-64-64-20,hotspot,lacam_focal_h,800,6,0,0,,nan,,0,0.0,nan,10.414573192596436
fig3_warehouse-10-20-10-2-2_random,warehouse-10-20-10-2-2,random,dbs_hungarian,200,9,1,607,605,1.0033057851239668,608,,608.0,0.16447368421052633,10.657812356948853
fig3_random-64-64-20_hotspot,random-64-64-20,hotspot,lacam_focal_h,800,23,0,0,,nan,,0,0.0,nan,10.2926926612854
fig3_warehouse-10-20-10-2-2_random,warehouse-10-20-10-2-2,random,dbs_hungarian,200,7,1,612,611,1.0016366612111294,615,,615.0,0.4878048780487805,10.748117923736572
fig3_warehouse-10-20-10-2-2_random,warehouse-10-20-10-2-2,random,dbs_hungarian,200,12,1,616,611,1.0081833060556464,616,,616.0,0.0,10.58562183380127
fig3_warehouse-10-20-10-2-2_random,warehouse-10-20-10-2-2,random,dbs_hungarian,200,13,1,618,613,1.0081566068515497,618,,618.0,0.0,10.562371969223022
fig3_warehouse-10-20-10-2-2_random,warehouse-10-20-10-2-2,random,dbs_hungarian,200,10,1,618,614,1.006514657980456,618,,618.0,0.0,10.728378295898438
fig3_random-64-64-20_hotspot,random-64-64-20,hotspot,lacam_focal_h,800,21,0,0,,nan,,0,0.0,nan,10.457900524139404
fig3_random-64-64-20_hotspot,random-64-64-20,hotspot,lacam_focal_h,800,27,0,0,,nan,,0,0.0,nan,10.359528064727783
fig3_warehouse-10-20-10-2-2_random,warehouse-10-20-10-2-2,random,dbs_hungarian,200,16,1,615,611,1.0065466448445173,615,,615.0,0.0,10.628936767578125
fig3_random-64-64-20_hotspot,random-64-64-20,hotspot,lacam_focal_h,800,28,0,0,,nan,,0,0.0,nan,10.280347347259521
fig3_warehouse-10-20-10-2-2_random,warehouse-10-20-10-2-2,random,dbs_hungarian,200,14,1,611,609,1.0032840722495895,612,,612.0,0.16339869281045752,10.75471544265747
fig3_warehouse-10-20-10-2-2_random,warehouse-10-20-10-2-2,random,dbs_hungarian,200,15,1,610,609,1.0016420361247949,619,,619.0,1.4539579967689822,10.756813049316406
fig3_warehouse-10-20-10-2-2_random,warehouse-10-20-10-2-2,random,dbs_hungarian,200,19,1,612,607,1.0082372322899507,620,,620.0,1.2903225806451613,10.605324506759644
fig3_warehouse-10-20-10-2-2_random,warehouse-10-20-10-2-2,random,dbs_hungarian,200,18,1,613,611,1.0032733224222585,615,,615.0,0.3252032520325203,10.626444339752197
fig3_warehouse-10-20-10-2-2_random,warehouse-10-20-10-2-2,random,dbs_hungarian,200,20,1,623,617,1.0097244732576987,631,,631.0,1.2678288431061806,10.591196060180664
fig3_warehouse-10-20-10-2-2_random,warehouse-10-20-10-2-2,random,dbs_hungarian,200,17,1,615,609,1.0098522167487685,622,,622.0,1.1254019292604502,10.807229995727539
fig3_warehouse-10-20-10-2-2_random,warehouse-10-20-10-2-2,random,dbs_hungarian,200,21,1,620,613,1.0114192495921697,623,,623.0,0.48154093097913325,10.764142036437988
fig3_warehouse-10-20-10-2-2_random,warehouse-10-20-10-2-2,random,dbs_hungarian,200,11,1,613,612,1.0016339869281046,614,,614.0,0.16286644951140064,11.232195615768433
fig3_warehouse-10-20-10-2-2_random,warehouse-10-20-10-2-2,random,lacam_focal_h,200,22,1,620,614,1.009771986970684,,620,620.0,0.0,9.39665150642395
fig3_warehouse-10-20-10-2-2_random,warehouse-10-20-10-2-2,random,dbs_hungarian,200,22,1,617,614,1.004885993485342,622,,622.0,0.8038585209003215,11.420478105545044
fig3_warehouse-10-20-10-2-2_random,warehouse-10-20-10-2-2,random,dbs_hungarian,200,23,1,607,605,1.0033057851239668,608,,608.0,0.16447368421052633,10.762795686721802
fig3_warehouse-10-20-10-2-2_random,warehouse-10-20-10-2-2,random,lacam_focal_h,200,23,1,609,605,1.006611570247934,,609,609.0,0.0,9.282368183135986
fig3_warehouse-10-20-10-2-2_random,warehouse-10-20-10-2-2,random,lacam_focal_h,200,24,1,609,607,1.0032948929159802,,609,609.0,0.0,9.346009254455566
fig3_warehouse-10-20-10-2-2_random,warehouse-10-20-10-2-2,random,lacam_focal_h,200,26,1,612,607,1.0082372322899507,,612,612.0,0.0,9.263039112091064
fig3_warehouse-10-20-10-2-2_random,warehouse-10-20-10-2-2,random,lacam_focal_h,200,25,1,612,608,1.006578947368421,,612,612.0,0.0,9.221433639526367
fig3_warehouse-10-20-10-2-2_random,warehouse-10-20-10-2-2,random,lacam_focal_h,200,30,1,616,613,1.0048939641109298,,618,618.0,0.32362459546925565,9.199947834014893
fig3_warehouse-10-20-10-2-2_random,warehouse-10-20-10-2-2,random,lacam_focal_h,200,27,1,628,618,1.0161812297734627,,628,628.0,0.0,9.308221817016602
fig3_warehouse-10-20-10-2-2_random,warehouse-10-20-10-2-2,random,lacam_focal_h,200,28,1,622,618,1.006472491909385,,622,622.0,0.0,9.54610300064087
fig3_warehouse-10-20-10-2-2_random,warehouse-10-20-10-2-2,random,lacam_focal_h,400,2,1,1230,1221,1.0073710073710074,,1232,1232.0,0.16233766233766234,9.273822546005249
fig3_warehouse-10-20-10-2-2_random,warehouse-10-20-10-2-2,random,dbs_hungarian,200,25,1,611,608,1.0049342105263157,622,,622.0,1.7684887459807075,10.429961919784546
fig3_warehouse-10-20-10-2-2_random,warehouse-10-20-10-2-2,random,lacam_focal_h,400,3,1,1244,1225,1.0155102040816326,,1247,1247.0,0.24057738572574178,9.552131175994873
fig3_warehouse-10-20-10-2-2_random,warehouse-10-20-10-2-2,random,lacam_focal_h,400,10,1,1245,1230,1.0121951219512195,,1247,1247.0,0.16038492381716118,9.592410564422607
fig3_warehouse-10-20-10-2-2_random,warehouse-10-20-10-2-2,random,lacam_focal_h,400,8,1,1239,1220,1.0155737704918033,,1239,1239.0,0.0,9.437062501907349
fig3_warehouse-10-20-10-2-2_random,warehouse-10-20-10-2-2,random,lacam_focal_h,400,6,1,1249,1221,1.022932022932023,,1249,1249.0,0.0,9.562252759933472
fig3_warehouse-10-20-10-2-2_random,warehouse-10-20-10-2-2,random,lacam_focal_h,400,5,1,1229,1217,1.009860312243221,,1228,1228.0,-0.08143322475570032,9.624155759811401
fig3_warehouse-10-20-10-2-2_random,warehouse-10-20-10-2-2,random,lacam_focal_h,400,7,1,1234,1224,1.0081699346405228,,1235,1235.0,0.08097165991902834,9.829581022262573
fig3_warehouse-10-20-10-2-2_random,warehouse-10-20-10-2-2,random,lacam_focal_h,400,9,1,1232,1213,1.0156636438582027,,1232,1232.0,0.0,9.78771686553955
fig3_warehouse-10-20-10-2-2_random,warehouse-10-20-10-2-2,random,lacam_focal_h,400,13,1,1244,1223,1.017170891251022,,1247,1247.0,0.24057738572574178,9.670841693878174
fig3_warehouse-10-20-10-2-2_random,warehouse-10-20-10-2-2,random,dbs_hungarian,200,24,1,607,607,1.0,607,,607.0,0.0,11.1873197555542
fig3_warehouse-10-20-10-2-2_random,warehouse-10-20-10-2-2,random,dbs_hungarian,200,26,1,610,607,1.0049423393739703,610,,610.0,0.0,10.854854583740234
fig3_warehouse-10-20-10-2-2_random,warehouse-10-20-10-2-2,random,dbs_hungarian,200,27,1,626,618,1.0129449838187703,631,,631.0,0.7923930269413629,10.92897891998291
fig3_warehouse-10-20-10-2-2_random,warehouse-10-20-10-2-2,random,lacam_focal_h,400,17,1,1237,1219,1.014766201804758,,1237,1237.0,0.0,9.769105195999146
fig3_warehouse-10-20-10-2-2_random,warehouse-10-20-10-2-2,random,lacam_focal_h,400,25,1,1242,1212,1.0247524752475248,,1242,1242.0,0.0,9.734683513641357
fig3_warehouse-10-20-10-2-2_random,warehouse-10-20-10-2-2,random,lacam_focal_h,400,14,1,1237,1221,1.0131040131040132,,1243,1243.0,0.4827031375703942,9.999605894088745
fig3_warehouse-10-20-10-2-2_random,warehouse-10-20-10-2-2,random,lacam_focal_h,400,23,1,1236,1211,1.0206440957886045,,1238,1238.0,0.16155088852988692,9.784661054611206
fig3_warehouse-10-20-10-2-2_random,warehouse-10-20-10-2-2,random,lacam_focal_h,400,15,1,1241,1226,1.0122349102773247,,1244,1244.0,0.24115755627009647,10.092135906219482
fig3_warehouse-10-20-10-2-2_random,warehouse-10-20-10-2-2,random,dbs_hungarian,200,28,1,623,618,1.0080906148867315,634,,634.0,1.7350157728706626,11.337552547454834
fig3_warehouse-10-20-10-2-2_random,warehouse-10-20-10-2-2,random,lacam_focal_h,400,20,1,1258,1226,1.0261011419249593,,1258,1258.0,0.0,9.931005477905273
fig3_warehouse-10-20-10-2-2_random,warehouse-10-20-10-2-2,random,lacam_focal_h,400,1,1,1252,1220,1.0262295081967212,,1253,1253.0,0.07980845969672785,9.700986623764038
fig3_warehouse-10-20-10-2-2_random,warehouse-10-20-10-2-2,random,lacam_focal_h,400,16,1,1231,1220,1.009016393442623,,1233,1233.0,0.16220600162206,10.129727125167847
fig3_warehouse-10-20-10-2-2_random,warehouse-10-20-10-2-2,random,lacam_focal_h,400,27,1,1248,1230,1.0146341463414634,,1248,1248.0,0.0,9.839086055755615
fig3_warehouse-10-20-10-2-2_random,warehouse-10-20-10-2-2,random,lacam_focal_h,400,18,1,1244,1224,1.0163398692810457,,1244,1244.0,0.0,9.961604356765747
fig3_warehouse-10-20-10-2-2_random,warehouse-10-20-10-2-2,random,dbs_hungarian,200,30,1,616,613,1.0048939641109298,620,,620.0,0.6451612903225806,11.223700761795044
fig3_warehouse-10-20-10-2-2_random,warehouse-10-20-10-2-2,random,lacam_focal_h,400,19,1,1237,1216,1.0172697368421053,,1238,1238.0,0.08077544426494346,9.947160959243774
fig3_warehouse-10-20-10-2-2_random,warehouse-10-20-10-2-2,random,dbs_hungarian,200,29,1,619,617,1.0032414910858996,623,,623.0,0.6420545746388443,11.36345648765564
fig3_warehouse-10-20-10-2-2_random,warehouse-10-20-10-2-2,random,lacam_focal_h,400,4,1,1236,1217,1.0156121610517665,,1236,1236.0,0.0,10.285470724105835
fig3_warehouse-10-20-10-2-2_random,warehouse-10-20-10-2-2,random,lacam_focal_h,400,12,1,1243,1221,1.018018018018018,,1243,1243.0,0.0,10.430147886276245
fig3_warehouse-10-20-10-2-2_random,warehouse-10-20-10-2-2,random,lacam_focal_h,400,29,1,1241,1227,1.0114099429502852,,1241,1241.0,0.0,9.762800931930542
fig3_warehouse-10-20-10-2-2_random,warehouse-10-20-10-2-2,random,lacam_focal_h,400,28,1,1244,1230,1.0113821138211383,,1244,1244.0,0.0,9.753366470336914
fig3_warehouse-10-20-10-2-2_random,warehouse-10-20-10-2-2,random,lacam_focal_h,400,26,1,1232,1217,1.0123253903040264,,1233,1233.0,0.08110300081103,10.067641735076904
fig3_warehouse-10-20-10-2-2_random,warehouse-10-20-10-2-2,random,lacam_focal_h,400,30,1,1250,1225,1.0204081632653061,,1252,1252.0,0.1597444089456869,9.793368339538574
fig3_warehouse-10-20-10-2-2_random,warehouse-10-20-10-2-2,random,dbs_hungarian,400,3,1,1246,1225,1.0171428571428571,1264,,1264.0,1.4240506329113924,11.3971426486969
fig3_warehouse-10-20-10-2-2_random,warehouse-10-20-10-2-2,random,lacam_focal_h,600,1,1,1889,1832,1.0311135371179039,,1891,1891.0,0.10576414595452142,9.655923128128052
fig3_warehouse-10-20-10-2-2_random,warehouse-10-20-10-2-2,random,dbs_hungarian,400,1,1,1234,1220,1.0114754098360657,1256,,1256.0,1.7515923566878981,11.513322353363037
fig3_warehouse-10-20-10-2-2_random,warehouse-10-20-10-2-2,random,dbs_hungarian,400,4,1,1225,1217,1.0065735414954806,1240,,1240.0,1.2096774193548387,11.527821779251099
fig3_warehouse-10-20-10-2-2_random,warehouse-10-20-10-2-2,random,dbs_hungarian,400,12,1,1232,1221,1.009009009009009,1233,,1233.0,0.08110300081103,11.236340284347534
fig3_warehouse-10-20-10-2-2_random,warehouse-10-20-10-2-2,random,dbs_hungarian,400,6,1,1232,1221,1.009009009009009,1243,,1243.0,0.8849557522123894,11.39356517791748
fig3_warehouse-10-20-10-2-2_random,warehouse-10-20-10-2-2,random,lacam_focal_h,600,3,1,1903,1834,1.0376226826608506,,1902,1902.0,-0.052576235541535225,9.641400814056396
fig3_warehouse-10-20-10-2-2_random,warehouse-10-20-10-2-2,random,lacam_focal_h,400,24,1,1233,1217,1.0131470829909615,,1233,1233.0,0.0,9.593838691711426
fig3_warehouse-10-20-10-2-2_random,warehouse-10-20-10-2-2,random,lacam_focal_h,400,22,1,1239,1222,1.013911620294599,,1239,1239.0,0.0,10.012084007263184
fig3_warehouse-10-20-10-2-2_random,warehouse-10-20-10-2-2,random,lacam_focal_h,600,7,1,1868,1837,1.0168753402286337,,1869,1869.0,0.05350454788657036,9.552826166152954
fig3_warehouse-10-20-10-2-2_random,warehouse-10-20-10-2-2,random,dbs_hungarian,400,2,1,1238,1221,1.013923013923014,1240,,1240.0,0.16129032258064516,11.711101055145264
fig3_warehouse-10-20-10-2-2_random,warehouse-10-20-10-2-2,random,lacam_focal_h,600,2,1,1883,1828,1.0300875273522976,,1883,1883.0,0.0,9.681922197341919
fig3_warehouse-10-20-10-2-2_random,warehouse-10-20-10-2-2,random,lacam_focal_h,600,5,1,1859,1832,1.0147379912663756,,1859,1859.0,0.0,9.59785532951355
fig3_warehouse-10-20-10-2-2_random,warehouse-10-20-10-2-2,random,lacam_focal_h,600,6,1,1865,1833,1.0174577195853791,,1867,1867.0,0.10712372790573112,9.684161186218262
fig3_warehouse-10-20-10-2-2_random,warehouse-10-20-10-2-2,random,dbs_hungarian,400,11,1,1232,1224,1.0065359477124183,1239,,1239.0,0.5649717514124294,11.579898118972778
fig3_warehouse-10-20-10-2-2_random,warehouse-10-20-10-2-2,random,lacam_focal_h,600,11,1,1887,1832,1.0300218340611353,,1889,1889.0,0.10587612493382742,9.466866493225098
fig3_warehouse-10-20-10-2-2_random,warehouse-10-20-10-2-2,random,lacam_focal_h,400,11,1,1240,1224,1.0130718954248366,,1240,1240.0,0.0,9.360750913619995
fig3_warehouse-10-20-10-2-2_random,warehouse-10-20-10-2-2,random,lacam_focal_h,600,8,1,1863,1826,1.02026286966046,,1867,1867.0,0.21424745581146223,9.41978144645691
fig3_warehouse-10-20-10-2-2_random,warehouse-10-20-10-2-2,random,lacam_focal_h,600,9,1,1880,1821,1.0323997803404723,,1880,1880.0,0.0,9.424602270126343
fig3_warehouse-10-20-10-2-2_random,warehouse-10-20-10-2-2,random,lacam_focal_h,600,4,1,1874,1827,1.0257252326217843,,1875,1875.0,0.05333333333333334,9.573850870132446
fig3_warehouse-10-20-10-2-2_random,warehouse-10-20-10-2-2,random,dbs_hungarian,400,14,1,1240,1221,1.0155610155610155,1257,,1257.0,1.3524264120922833,11.345171928405762
fig3_warehouse-10-20-10-2-2_random,warehouse-10-20-10-2-2,random,dbs_hungarian,400,5,1,1225,1217,1.0065735414954806,1231,,1231.0,0.487408610885459,11.951883316040039
fig3_warehouse-10-20-10-2-2_random,warehouse-10-20-10-2-2,random,lacam_focal_h,600,10,1,1899,1842,1.0309446254071661,,1901,1901.0,0.10520778537611783,9.568991661071777
fig3_warehouse-10-20-10-2-2_random,warehouse-10-20-10-2-2,random,lacam_focal_h,600,15,1,1880,1828,1.0284463894967177,,1880,1880.0,0.0,9.428775787353516
fig3_warehouse-10-20-10-2-2_random,warehouse-10-20-10-2-2,random,dbs_hungarian,400,26,1,1224,1217,1.0057518488085455,1235,,1235.0,0.8906882591093117,11.300169944763184
fig3_warehouse-10-20-10-2-2_random,warehouse-10-20-10-2-2,random,dbs_hungarian,400,22,1,1229,1222,1.0057283142389526,1253,,1253.0,1.9154030327214684,11.474595308303833
fig3_warehouse-10-20-10-2-2_random,warehouse-10-20-10-2-2,random,dbs_hungarian,400,20,1,1238,1226,1.0097879282218598,1256,,1256.0,1.4331210191082802,11.531243562698364
fig3_warehouse-10-20-10-2-2_random,warehouse-10-20-10-2-2,random,dbs_hungarian,400,24,1,1221,1217,1.0032867707477404,1223,,1223.0,0.1635322976287817,11.449978351593018
fig3_warehouse-10-20-10-2-2_random,warehouse-10-20-10-2-2,random,dbs_hungarian,400,7,1,1229,1224,1.0040849673202614,1236,,1236.0,0.5663430420711975,12.049497127532959
fig3_warehouse-10-20-10-2-2_random,warehouse-10-20-10-2-2,random,dbs_hungarian,400,19,1,1230,1216,1.011513157894737,1244,,1244.0,1.1254019292604502,11.569175720214844
fig3_warehouse-10-20-10-2-2_random,warehouse-10-20-10-2-2,random,dbs_hungarian,400,25,1,1229,1212,1.0140264026402641,1255,,1255.0,2.0717131474103585,11.461748838424683
fig3_warehouse-10-20-10-2-2_random,warehouse-10-20-10-2-2,random,dbs_hungarian,400,10,1,1249,1230,1.0154471544715447,1269,,1269.0,1.5760441292356187,12.20622181892395
fig3_warehouse-10-20-10-2-2_random,warehouse-10-20-10-2-2,random,lacam_focal_h,600,14,1,1876,1830,1.025136612021858,,1876,1876.0,0.0,9.824620008468628
fig3_warehouse-10-20-10-2-2_random,warehouse-10-20-10-2-2,random,dbs_hungarian,400,30,1,1240,1225,1.0122448979591836,1251,,1251.0,0.8792965627498002,11.392026901245117
fig3_warehouse-10-20-10-2-2_random,warehouse-10-20-10-2-2,random,lacam_focal_h,400,21,1,1250,1224,1.0212418300653594,,1250,1250.0,0.0,9.816912412643433
fig3_warehouse-10-20-10-2-2_random,warehouse-10-20-10-2-2,random,dbs_hungarian,400,28,1,1240,1230,1.008130081300813,1241,,1241.0,0.08058017727639001,11.600983142852783
fig3_warehouse-10-20-10-2-2_random,warehouse-10-20-10-2-2,random,dbs_hungarian,400,29,1,1240,1227,1.0105949470252649,1257,,1257.0,1.3524264120922833,11.539911031723022
fig3_warehouse-10-20-10-2-2_random,warehouse-10-20-10-2-2,random,lacam_focal_h,600,18,1,1903,1837,1.035928143712575,,1905,1905.0,0.10498687664041995,9.363912105560303
fig3_warehouse-10-20-10-2-2_random,warehouse-10-20-10-2-2,random,dbs_hungarian,400,27,1,1244,1230,1.0113821138211383,1253,,1253.0,0.7182761372705507,11.802879571914673
fig3_warehouse-10-20-10-2-2_random,warehouse-10-20-10-2-2,random,dbs_hungarian,400,23,1,1225,1211,1.0115606936416186,1236,,1236.0,0.889967637540453,11.808387994766235
fig3_warehouse-10-20-10-2-2_random,warehouse-10-20-10-2-2,random,lacam_focal_h,600,16,1,1921,1829,1.050300710770913,,1922,1922.0,0.05202913631633715,10.064450025558472
fig3_warehouse-10-20-10-2-2_random,warehouse-10-20-10-2-2,random,lacam_focal_h,600,13,1,1884,1835,1.0267029972752044,,1888,1888.0,0.211864406779661,9.985549211502075
fig3_warehouse-10-20-10-2-2_random,warehouse-10-20-10-2-2,random,dbs_hungarian,400,8,1,1235,1220,1.0122950819672132,1251,,1251.0,1.2789768185451638,12.562135457992554
fig3_warehouse-10-20-10-2-2_random,warehouse-10-20-10-2-2,random,lacam_focal_h,600,12,1,1877,1827,1.0273672687465791,,1877,1877.0,0.0,9.463247060775757
fig3_warehouse-10-20-10-2-2_random,warehouse-10-20-10-2-2,random,dbs_hungarian,400,15,1,1247,1226,1.0171288743882545,1256,,1256.0,0.7165605095541401,12.433472156524658
fig3_warehouse-10-20-10-2-2_random,warehouse-10-20-10-2-2,random,dbs_hungarian,400,9,1,1228,1213,1.012366034624897,1250,,1250.0,1.76,12.746284246444702
fig3_warehouse-10-20-10-2-2_random,warehouse-10-20-10-2-2,random,dbs_hungarian,600,2,1,1873,1828,1.024617067833698,1893,,1893.0,1.0565240359218173,11.913713455200195
fig3_warehouse-10-20-10-2-2_random,warehouse-10-20-10-2-2,random,lacam_focal_h,600,17,1,1868,1827,1.0224411603721948,,1867,1867.0,-0.05356186395286556,10.04146671295166
fig3_warehouse-10-20-10-2-2_random,warehouse-10-20-10-2-2,random,dbs_hungarian,400,13,1,1230,1223,1.0057236304170074,1238,,1238.0,0.6462035541195477,12.625794649124146
fig3_warehouse-10-20-10-2-2_random,warehouse-10-20-10-2-2,random,dbs_hungarian,600,1,1,1891,1832,1.0322052401746724,1905,,1905.0,0.7349081364829396,11.897518157958984
fig3_warehouse-10-20-10-2-2_random,warehouse-10-20-10-2-2,random,dbs_hungarian,400,21,1,1243,1224,1.0155228758169934,1254,,1254.0,0.8771929824561403,12.448006391525269
fig3_warehouse-10-20-10-2-2_random,warehouse-10-20-10-2-2,random,dbs_hungarian,600,4,1,1873,1827,1.0251778872468527,1885,,1885.0,0.636604774535809,11.736037015914917
fig3_warehouse-10-20-10-2-2_random,warehouse-10-20-10-2-2,random,dbs_hungarian,600,5,1,1868,1832,1.019650655021834,1876,,1876.0,0.42643923240938164,11.731696128845215
fig3_warehouse-10-20-10-2-2_random,warehouse-10-20-10-2-2,random,dbs_hungarian,400,17,1,1234,1219,1.0123051681706317,1241,,1241.0,0.5640612409347301,12.604965925216675
fig3_warehouse-10-20-10-2-2_random,warehouse-10-20-10-2-2,random,dbs_hungarian,400,18,1,1238,1224,1.011437908496732,1246,,1246.0,0.6420545746388443,12.792641639709473
fig3_warehouse-10-20-10-2-2_random,warehouse-10-20-10-2-2,random,lacam_focal_h,600,19,1,1875,1828,1.025711159737418,,1877,1877.0,0.10655301012253596,9.525557041168213
fig3_warehouse-10-20-10-2-2_random,warehouse-10-20-10-2-2,random,dbs_hungarian,600,7,1,1865,1837,1.015242242787153,1886,,1886.0,1.1134676564156947,11.808555603027344
fig3_warehouse-10-20-10-2-2_random,warehouse-10-20-10-2-2,random,dbs_hungarian,600,16,1,1876,1829,1.025697102241662,1896,,1896.0,1.0548523206751055,11.515601634979248
fig3_warehouse-10-20-10-2-2_random,warehouse-10-20-10-2-2,random,dbs_hungarian,600,6,1,1858,1833,1.0136388434260775,1881,,1881.0,1.2227538543328016,12.126940250396729
fig3_warehouse-10-20-10-2-2_random,warehouse-10-20-10-2-2,random,dbs_hungarian,600,9,1,1897,1821,1.041735310269083,1908,,1908.0,0.5765199161425576,12.135923147201538
fig3_warehouse-10-20-10-2-2_random,warehouse-10-20-10-2-2,random,dbs_hungarian,600,12,1,1857,1827,1.0164203612479474,1867,,1867.0,0.5356186395286556,12.2505943775177
fig3_warehouse-10-20-10-2-2_random,warehouse-10-20-10-2-2,random,dbs_hungarian,600,11,1,1865,1832,1.0180131004366813,1889,,1889.0,1.270513499205929,12.116093635559082
fig3_warehouse-10-20-10-2-2_random,warehouse-10-20-10-2-2,random,dbs_hungarian,600,19,1,1863,1828,1.0191466083150984,1878,,1878.0,0.7987220447284346,11.6670081615448
fig3_warehouse-10-20-10-2-2_random,warehouse-10-20-10-2-2,random,lacam_focal_h,600,20,1,1897,1839,1.0315388798259923,,1897,1897.0,0.0,9.462266683578491
fig3_warehouse-10-20-10-2-2_random,warehouse-10-20-10-2-2,random,dbs_hungarian,600,8,1,1854,1826,1.0153340635268346,1875,,1875.0,1.12,13.06747579574585
fig3_warehouse-10-20-10-2-2_random,warehouse-10-20-10-2-2,random,dbs_hungarian,600,17,1,1883,1827,1.0306513409961686,1887,,1887.0,0.21197668256491786,12.614667415618896
fig3_warehouse-10-20-10-2-2_random,warehouse-10-20-10-2-2,random,dbs_hungarian,400,16,1,1229,1220,1.0073770491803278,1238,,1238.0,0.7269789983844911,14.229218006134033
fig3_warehouse-10-20-10-2-2_random,warehouse-10-20-10-2-2,random,dbs_hungarian,600,14,1,1867,1830,1.0202185792349727,1892,,1892.0,1.3213530655391121,13.710803508758545
fig3_warehouse-10-20-10-2-2_random,warehouse-10-20-10-2-2,random,dbs_hungarian,600,18,1,1877,1837,1.0217746325530757,1886,,1886.0,0.47720042417815484,14.427002429962158
fig3_warehouse-10-20-10-2-2_random,warehouse-10-20-10-2-2,random,lacam_focal_h,600,22,1,1873,1839,1.0184883088635128,,1873,1873.0,0.0,9.658615827560425
fig3_warehouse-10-20-10-2-2_random,warehouse-10-20-10-2-2,random,lacam_focal_h,600,21,1,1908,1841,1.0363932645301466,,1908,1908.0,0.0,10.010331153869629
fig3_warehouse-10-20-10-2-2_random,warehouse-10-20-10-2-2,random,lacam_focal_h,600,24,1,1876,1834,1.0229007633587786,,1874,1874.0,-0.10672358591248667,10.17777943611145
fig3_warehouse-10-20-10-2-2_random,warehouse-10-20-10-2-2,random,lacam_focal_h,600,26,1,1899,1825,1.0405479452054796,,1901,1901.0,0.10520778537611783,9.581849336624146
fig3_warehouse-10-20-10-2-2_random,warehouse-10-20-10-2-2,random,lacam_focal_h,600,23,1,1862,1818,1.0242024202420241,,1866,1866.0,0.21436227224008575,10.620155811309814
fig3_warehouse-10-20-10-2-2_random,warehouse-10-20-10-2-2,random,lacam_focal_h,600,30,1,1890,1834,1.0305343511450382,,1892,1892.0,0.10570824524312897,9.355322122573853
fig3_warehouse-10-20-10-2-2_random,warehouse-10-20-10-2-2,random,lacam_focal_h,600,28,1,1866,1842,1.013029315960912,,1866,1866.0,0.0,9.629827737808228
fig3_warehouse-10-20-10-2-2_random,warehouse-10-20-10-2-2,random,lacam_focal_h,600,29,1,1875,1840,1.0190217391304348,,1884,1884.0,0.47770700636942676,9.604161739349365
fig3_warehouse-10-20-10-2-2_random,warehouse-10-20-10-2-2,random,lacam_focal_h,800,2,1,2525,2439,1.035260352603526,,2525,2525.0,0.0,9.605725765228271
fig3_warehouse-10-20-10-2-2_random,warehouse-10-20-10-2-2,random,lacam_focal_h,800,1,1,2528,2442,1.0352170352170351,,2533,2533.0,0.1973943939992104,9.722693920135498
fig3_warehouse-10-20-10-2-2_random,warehouse-10-20-10-2-2,random,lacam_focal_h,800,5,1,2512,2442,1.0286650286650287,,2514,2514.0,0.07955449482895784,9.689324855804443
fig3_warehouse-10-20-10-2-2_random,warehouse-10-20-10-2-2,random,lacam_focal_h,800,9,1,2520,2432,1.0361842105263157,,2520,2520.0,0.0,9.518146753311157
fig3_warehouse-10-20-10-2-2_random,warehouse-10-20-10-2-2,random,lacam_focal_h,600,25,1,1877,1826,1.0279299014238774,,1876,1876.0,-0.053304904051172705,10.146689653396606
fig3_warehouse-10-20-10-2-2_random,warehouse-10-20-10-2-2,random,lacam_focal_h,800,7,1,2546,2440,1.0434426229508196,,2545,2545.0,-0.03929273084479371,9.876408815383911
fig3_warehouse-10-20-10-2-2_random,warehouse-10-20-10-2-2,random,lacam_focal_h,600,27,1,1887,1843,1.0238741182854043,,1890,1890.0,0.15873015873015872,9.917521476745605
fig3_warehouse-10-20-10-2-2_random,warehouse-10-20-10-2-2,random,lacam_focal_h,800,8,1,2524,2434,1.0369761709120788,,2526,2526.0,0.0791765637371338,9.599123239517212
fig3_warehouse-10-20-10-2-2_random,warehouse-10-20-10-2-2,random,lacam_focal_h,800,11,1,2529,2439,1.03690036900369,,2527,2527.0,-0.07914523149980214,9.806984901428223
fig3_warehouse-10-20-10-2-2_random,warehouse-10-20-10-2-2,random,lacam_focal_h,800,3,1,2526,2448,1.0318627450980393,,2527,2527.0,0.03957261574990107,10.055018186569214
fig3_warehouse-10-20-10-2-2_random,warehouse-10-20-10-2-2,random,lacam_focal_h,800,12,1,2501,2436,1.0266830870279147,,2501,2501.0,0.0,9.594257354736328
fig3_warehouse-10-20-10-2-2_random,warehouse-10-20-10-2-2,random,lacam_focal_h,800,4,1,2531,2435,1.0394250513347023,,2531,2531.0,0.0,9.832460403442383
fig3_warehouse-10-20-10-2-2_random,warehouse-10-20-10-2-2,random,lacam_focal_h,800,13,1,2551,2446,1.0429272281275552,,2551,2551.0,0.0,9.786941051483154
fig3_warehouse-10-20-10-2-2_random,warehouse-10-20-10-2-2,random,lacam_focal_h,800,10,1,2548,2456,1.0374592833876222,,2549,2549.0,0.03923107100823853,9.968390226364136
fig3_warehouse-10-20-10-2-2_hotspot,warehouse-10-20-10-2-2,hotspot,lacam_focal_h,200,2,1,26221,16167,1.6218840848642295,,17630,17630.0,-48.72943845717527,9.376076698303223
fig3_warehouse-10-20-10-2-2_random,warehouse-10-20-10-2-2,random,dbs_hungarian,600,13,1,1878,1835,1.023433242506812,1899,,1899.0,1.1058451816745656,20.56499433517456
fig3_warehouse-10-20-10-2-2_random,warehouse-10-20-10-2-2,random,dbs_hungarian,600,24,1,1862,1834,1.015267175572519,1869,,1869.0,0.37453183520599254,12.88659381866455
fig3_warehouse-10-20-10-2-2_hotspot,warehouse-10-20-10-2-2,hotspot,lacam_focal_h,200,1,1,21127,13406,1.5759361479934357,,14880,14880.0,-41.98252688172043,9.558145523071289
fig3_warehouse-10-20-10-2-2_hotspot,warehouse-10-20-10-2-2,hotspot,lacam_focal_h,200,3,1,21944,13766,1.594072352172018,,14873,14873.0,-47.542526726282524,9.357109069824219
fig3_warehouse-10-20-10-2-2_hotspot,warehouse-10-20-10-2-2,hotspot,lacam_focal_h,200,4,1,22975,15419,1.4900447499837863,,16256,16256.0,-41.33243110236221,9.41709017753601
fig3_warehouse-10-20-10-2-2_random,warehouse-10-20-10-2-2,random,lacam_focal_h,800,6,1,2551,2443,1.0442079410560785,,2556,2556.0,0.19561815336463223,9.995473861694336
fig3_warehouse-10-20-10-2-2_random,warehouse-10-20-10-2-2,random,dbs_hungarian,600,27,1,1888,1843,1.0244167118827998,1905,,1905.0,0.8923884514435696,12.367644548416138
fig3_warehouse-10-20-10-2-2_random,warehouse-10-20-10-2-2,random,lacam_focal_h,800,16,1,2546,2437,1.0447271235125153,,2550,2550.0,0.1568627450980392,9.989155769348145
fig3_warehouse-10-20-10-2-2_hotspot,warehouse-10-20-10-2-2,hotspot,lacam_focal_h,200,7,1,17229,11572,1.4888524023505012,,12461,12461.0,-38.26338175106332,9.35333776473999
fig3_warehouse-10-20-10-2-2_hotspot,warehouse-10-20-10-2-2,hotspot,lacam_focal_h,200,6,1,19858,12515,1.5867359168997204,,13577,13577.0,-46.26206083818222,9.40537166595459
fig3_warehouse-10-20-10-2-2_hotspot,warehouse-10-20-10-2-2,hotspot,lacam_focal_h,200,5,1,27821,17514,1.5885006280689733,,18586,18586.0,-49.687937156999894,9.547555923461914
fig3_warehouse-10-20-10-2-2_random,warehouse-10-20-10-2-2,random,dbs_hungarian,600,3,1,1873,1834,1.0212649945474372,1901,,1901.0,1.4729089952656496,21.48309826850891
fig3_warehouse-10-20-10-2-2_random,warehouse-10-20-10-2-2,random,lacam_focal_h,800,20,1,2541,2450,1.0371428571428571,,2543,2543.0,0.07864726700747149,9.670198917388916
fig3_warehouse-10-20-10-2-2_random,warehouse-10-20-10-2-2,random,lacam_focal_h,800,18,1,2538,2446,1.0376124284546198,,2538,2538.0,0.0,10.03784728050232
fig3_warehouse-10-20-10-2-2_random,warehouse-10-20-10-2-2,random,lacam_focal_h,800,17,1,2506,2437,1.0283135002051702,,2507,2507.0,0.03988831272437176,10.031201601028442
fig3_warehouse-10-20-10-2-2_random,warehouse-10-20-10-2-2,random,lacam_focal_h,800,15,1,2536,2436,1.0410509031198687,,2536,2536.0,0.0,10.132823705673218
fig3_warehouse-10-20-10-2-2_random,warehouse-10-20-10-2-2,random,lacam_focal_h,800,14,1,2523,2440,1.034016393442623,,2523,2523.0,0.0,10.220136165618896
fig3_warehouse-10-20-10-2-2_random,warehouse-10-20-10-2-2,random,lacam_focal_h,800,19,1,2518,2440,1.0319672131147541,,2520,2520.0,0.07936507936507936,10.1723792552948
fig3_warehouse-10-20-10-2-2_hotspot,warehouse-10-20-10-2-2,hotspot,lacam_focal_h,200,8,1,18381,12165,1.5109741060419235,,13025,13025.0,-41.12092130518234,9.623255014419556
fig3_warehouse-10-20-10-2-2_random,warehouse-10-20-10-2-2,random,lacam_focal_h,800,21,1,2563,2451,1.0456956344349244,,2560,2560.0,-0.1171875,9.921817779541016
fig3_warehouse-10-20-10-2-2_hotspot,warehouse-10-20-10-2-2,hotspot,lacam_focal_h,200,9,1,16982,11823,1.4363528715216105,,12560,12560.0,-35.20700636942675,9.548314332962036
fig3_warehouse-10-20-10-2-2_random,warehouse-10-20-10-2-2,random,lacam_focal_h,800,25,1,2523,2435,1.0361396303901438,,2528,2528.0,0.19778481012658228,10.164760112762451
fig3_warehouse-10-20-10-2-2_random,warehouse-10-20-10-2-2,random,dbs_hungarian,600,22,1,1895,1839,1.0304513322457858,1917,,1917.0,1.1476264997391759,14.221209287643433
fig3_warehouse-10-20-10-2-2_random,warehouse-10-20-10-2-2,random,dbs_hungarian,600,30,1,1871,1834,1.020174482006543,1877,,1877.0,0.3196590303676079,12.773126125335693
fig3_warehouse-10-20-10-2-2_random,warehouse-10-20-10-2-2,random,lacam_focal_h,800,26,1,2539,2435,1.0427104722792608,,2545,2545.0,0.2357563850687623,10.068180561065674
fig3_warehouse-10-20-10-2-2_random,warehouse-10-20-10-2-2,random,lacam_focal_h,800,28,1,2533,2447,1.035145075602779,,2535,2535.0,0.07889546351084813,10.119347333908081
fig3_warehouse-10-20-10-2-2_hotspot,warehouse-10-20-10-2-2,hotspot,dbs_hungarian,200,2,1,24299,16167,1.5029999381456052,26801,,26801.0,9.335472556994143,10.813686847686768
fig3_warehouse-10-20-10-2-2_hotspot,warehouse-10-20-10-2-2,hotspot,lacam_focal_h,200,10,1,24512,17113,1.4323613627067142,,17735,17735.0,-38.21257400620242,9.579896450042725
fig3_warehouse-10-20-10-2-2_random,warehouse-10-20-10-2-2,random,dbs_hungarian,600,15,1,1852,1828,1.013129102844639,1864,,1864.0,0.6437768240343348,21.58429980278015
fig3_warehouse-10-20-10-2-2_random,warehouse-10-20-10-2-2,random,lacam_focal_h,800,27,1,2546,2454,1.0374898125509373,,2545,2545.0,-0.03929273084479371,10.07847261428833
fig3_warehouse-10-20-10-2-2_hotspot,warehouse-10-20-10-2-2,hotspot,dbs_hungarian,200,1,1,20369,13406,1.5193943010592272,21964,,21964.0,7.261883081405937,10.96525526046753
fig3_warehouse-10-20-10-2-2_random,warehouse-10-20-10-2-2,random,lacam_focal_h,800,23,1,2552,2433,1.0489108096999589,,2551,2551.0,-0.03920031360250882,10.561717987060547
fig3_warehouse-10-20-10-2-2_hotspot,warehouse-10-20-10-2-2,hotspot,lacam_focal_h,200,11,1,24461,16728,1.4622788139646101,,17634,17634.0,-38.714982420324375,9.475270986557007
fig3_warehouse-10-20-10-2-2_random,warehouse-10-20-10-2-2,random,dbs_hungarian,600,28,1,1873,1842,1.016829533116178,1891,,1891.0,0.9518773135906927,13.29514217376709
fig3_warehouse-10-20-10-2-2_random,warehouse-10-20-10-2-2,random,lacam_focal_h,800,29,1,2525,2448,1.0314542483660132,,2525,2525.0,0.0,10.389438390731812
fig3_warehouse-10-20-10-2-2_random,warehouse-10-20-10-2-2,random,dbs_hungarian,800,1,1,2533,2442,1.0372645372645373,2563,,2563.0,1.1705033164260632,13.090334177017212
fig3_warehouse-10-20-10-2-2_random,warehouse-10-20-10-2-2,random,lacam_focal_h,800,24,1,2542,2441,1.0413764850471119,,2542,2542.0,0.0,10.622397899627686
fig3_warehouse-10-20-10-2-2_random,warehouse-10-20-10-2-2,random,dbs_hungarian,600,25,1,1877,1826,1.0279299014238774,1886,,1886.0,0.47720042417815484,14.072986364364624
fig3_warehouse-10-20-10-2-2_random,warehouse-10-20-10-2-2,random,dbs_hungarian,600,23,1,1854,1818,1.0198019801980198,1878,,1878.0,1.2779552715654952,14.710853338241577
fig3_warehouse-10-20-10-2-2_hotspot,warehouse-10-20-10-2-2,hotspot,dbs_hungarian,200,6,1,18627,12515,1.4883739512584897,20532,,20532.0,9.278199883109293,10.857866525650024
fig3_warehouse-10-20-10-2-2_random,warehouse-10-20-10-2-2,random,dbs_hungarian,600,21,1,1897,1841,1.0304182509505704,1923,,1923.0,1.3520540821632865,15.319170951843262
fig3_warehouse-10-20-10-2-2_random,warehouse-10-20-10-2-2,random,dbs_hungarian,800,4,1,2511,2435,1.0312114989733059,2539,,2539.0,1.1027963765261914,12.985500812530518
fig3_warehouse-10-20-10-2-2_hotspot,warehouse-10-20-10-2-2,hotspot,lacam_focal_h,200,12,1,22767,16048,1.4186814556331007,,16915,16915.0,-34.59651197162282,9.214097738265991
fig3_warehouse-10-20-10-2-2_hotspot,warehouse-10-20-10-2-2,hotspot,dbs_hungarian,200,3,1,21586,13766,1.568066250181607,22252,,22252.0,2.9929893942117562,11.170971393585205
fig3_warehouse-10-20-10-2-2_hotspot,warehouse-10-20-10-2-2,hotspot,lacam_focal_h,200,13,1,20222,13342,1.5156648178683856,,14214,14214.0,-42.268186295201915,9.255162477493286
fig3_warehouse-10-20-10-2-2_random,warehouse-10-20-10-2-2,random,dbs_hungarian,800,10,1,2584,2456,1.0521172638436482,2591,,2591.0,0.27016595908915475,12.813360929489136
fig3_warehouse-10-20-10-2-2_random,warehouse-10-20-10-2-2,random,dbs_hungarian,600,29,1,1882,1840,1.0228260869565218,1903,,1903.0,1.1035207566999474,13.617101669311523
fig3_warehouse-10-20-10-2-2_random,warehouse-10-20-10-2-2,random,dbs_hungarian,600,20,1,1912,1839,1.039695486677542,1920,,1920.0,0.4166666666666667,20.706281423568726
fig3_warehouse-10-20-10-2-2_hotspot,warehouse-10-20-10-2-2,hotspot,dbs_hungarian,200,5,1,25951,17514,1.481728902592212,27407,,27407.0,5.312511402196519,11.166516304016113
fig3_warehouse-10-20-10-2-2_hotspot,warehouse-10-20-10-2-2,hotspot,dbs_hungarian,200,7,1,17236,11572,1.4894573107500864,17495,,17495.0,1.4804229779937126,10.991452693939209
fig3_warehouse-10-20-10-2-2_hotspot,warehouse-10-20-10-2-2,hotspot,dbs_hungarian,200,8,1,16181,12165,1.3301274147143445,18135,,18135.0,10.774744968293355,10.803858757019043
fig3_warehouse-10-20-10-2-2_random,warehouse-10-20-10-2-2,random,dbs_hungarian,800,15,1,2506,2436,1.028735632183908,2535,,2535.0,1.143984220907298,12.605594873428345
fig3_warehouse-10-20-10-2-2_random,warehouse-10-20-10-2-2,random,dbs_hungarian,800,9,1,2544,2432,1.0460526315789473,2579,,2579.0,1.3571151609150833,12.92517900466919
fig3_warehouse-10-20-10-2-2_random,warehouse-10-20-10-2-2,random,dbs_hungarian,800,6,1,2562,2443,1.0487106017191976,2567,,2567.0,0.19477989871445267,13.162288427352905
fig3_warehouse-10-20-10-2-2_random,warehouse-10-20-10-2-2,random,dbs_hungarian,800,2,1,2517,2439,1.031980319803198,2526,,2526.0,0.35629453681710216,13.361940622329712
fig3_warehouse-10-20-10-2-2_random,warehouse-10-20-10-2-2,random,lacam_focal_h,800,22,1,2509,2446,1.0257563368765332,,2511,2511.0,0.07964954201513341,9.429861545562744
fig3_warehouse-10-20-10-2-2_random,warehouse-10-20-10-2-2,random,dbs_hungarian,800,19,1,2507,2440,1.0274590163934427,2525,,2525.0,0.7128712871287128,12.514607191085815
fig3_warehouse-10-20-10-2-2_random,warehouse-10-20-10-2-2,random,dbs_hungarian,600,10,1,1901,1842,1.0320304017372421,1927,,1927.0,1.3492475350285418,22.655977964401245
fig3_warehouse-10-20-10-2-2_random,warehouse-10-20-10-2-2,random,dbs_hungarian,600,26,1,1874,1825,1.0268493150684932,1885,,1885.0,0.583554376657825,14.206921577453613
fig3_warehouse-10-20-10-2-2_random,warehouse-10-20-10-2-2,random,dbs_hungarian,800,8,1,2536,2434,1.0419063270336895,2551,,2551.0,0.5880047040376323,13.20792269706726
fig3_warehouse-10-20-10-2-2_random,warehouse-10-20-10-2-2,random,lacam_focal_h,800,30,1,2546,2445,1.0413087934560328,,2545,2545.0,-0.03929273084479371,10.231959104537964
fig3_warehouse-10-20-10-2-2_random,warehouse-10-20-10-2-2,random,dbs_hungarian,800,20,1,2595,2450,1.0591836734693878,2626,,2626.0,1.1805026656511806,12.779660940170288
fig3_warehouse-10-20-10-2-2_hotspot,warehouse-10-20-10-2-2,hotspot,dbs_hungarian,200,12,1,21259,16048,1.3247133599202392,22229,,22229.0,4.3636690809303165,10.622495412826538
fig3_warehouse-10-20-10-2-2_hotspot,warehouse-10-20-10-2-2,hotspot,dbs_hungarian,200,10,1,24182,17113,1.4130777771284988,25066,,25066.0,3.526689539615415,11.086548089981079
fig3_warehouse-10-20-10-2-2_random,warehouse-10-20-10-2-2,random,dbs_hungarian,800,28,1,2527,2447,1.0326930935839804,2558,,2558.0,1.2118842845973417,12.506211280822754
fig3_warehouse-10-20-10-2-2_random,warehouse-10-20-10-2-2,random,dbs_hungarian,800,21,1,2541,2451,1.03671970624235,2561,,2561.0,0.7809449433814916,13.276864051818848
fig3_warehouse-10-20-10-2-2_random,warehouse-10-20-10-2-2,random,dbs_hungarian,800,23,1,2545,2433,1.0460337032470202,2555,,2555.0,0.3913894324853229,13.203391313552856
fig3_warehouse-10-20-10-2-2_hotspot,warehouse-10-20-10-2-2,hotspot,lacam_focal_h,200,14,1,24526,15612,1.5709710479118626,,16795,16795.0,-46.03155701101518,9.38783311843872
fig3_warehouse-10-20-10-2-2_random,warehouse-10-20-10-2-2,random,dbs_hungarian,800,26,1,2517,2435,1.0336755646817248,2568,,2568.0,1.985981308411215,13.231049537658691
fig3_warehouse-10-20-10-2-2_random,warehouse-10-20-10-2-2,random,dbs_hungarian,800,5,1,2525,2442,1.033988533988534,2527,,2527.0,0.07914523149980214,14.424312591552734
fig3_warehouse-10-20-10-2-2_random,warehouse-10-20-10-2-2,random,dbs_hungarian,800,12,1,2520,2436,1.0344827586206897,2544,,2544.0,0.9433962264150944,14.127195835113525
fig3_warehouse-10-20-10-2-2_hotspot,warehouse-10-20-10-2-2,hotspot,dbs_hungarian,400,22,0,,28563,nan,,,nan,nan,1.260385274887085
fig3_warehouse-10-20-10-2-2_hotspot,warehouse-10-20-10-2-2,hotspot,dbs_hungarian,200,11,1,22129,16728,1.322871831659493,23968,,23968.0,7.672730307076101,11.630841970443726
fig3_warehouse-10-20-10-2-2_random,warehouse-10-20-10-2-2,random,dbs_hungarian,800,27,1,2549,2454,1.0387123064384678,2561,,2561.0,0.46856696602889497,13.216760158538818
fig3_warehouse-10-20-10-2-2_hotspot,warehouse-10-20-10-2-2,hotspot,dbs_hungarian,200,9,1,16978,11823,1.4360145479150808,17415,,17415.0,2.5093310364628194,12.256458759307861
fig3_warehouse-10-20-10-2-2_random,warehouse-10-20-10-2-2,random,dbs_hungarian,800,14,1,2570,2440,1.0532786885245902,2572,,2572.0,0.07776049766718507,14.31436038017273
fig3_warehouse-10-20-10-2-2_hotspot,warehouse-10-20-10-2-2,hotspot,dbs_hungarian,400,16,0,,25796,nan,,,nan,nan,1.9466578960418701
fig3_warehouse-10-20-10-2-2_random,warehouse-10-20-10-2-2,random,dbs_hungarian,800,3,1,2526,2448,1.0318627450980393,2551,,2551.0,0.9800078400627205,14.825726509094238
fig3_warehouse-10-20-10-2-2_random,warehouse-10-20-10-2-2,random,dbs_hungarian,800,29,1,2560,2448,1.0457516339869282,2589,,2589.0,1.1201235998455001,13.69070029258728
fig3_warehouse-10-20-10-2-2_random,warehouse-10-20-10-2-2,random,dbs_hungarian,800,18,1,2523,2446,1.0314799672935404,2536,,2536.0,0.5126182965299685,14.48752737045288
fig3_warehouse-10-20-10-2-2_random,warehouse-10-20-10-2-2,random,dbs_hungarian,800,11,1,2509,2439,1.02870028700287,2525,,2525.0,0.6336633663366337,15.298078536987305
fig3_warehouse-10-20-10-2-2_random,warehouse-10-20-10-2-2,random,dbs_hungarian,800,22,1,2522,2446,1.0310711365494685,2562,,2562.0,1.56128024980484,14.76169729232788
fig3_warehouse-10-20-10-2-2_hotspot,warehouse-10-20-10-2-2,hotspot,dbs_hungarian,400,29,0,,30433,nan,,,nan,nan,1.86297607421875
fig3_warehouse-10-20-10-2-2_hotspot,warehouse-10-20-10-2-2,hotspot,dbs_hungarian,600,2,0,,49758,nan,,,nan,nan,1.6678366661071777
fig3_warehouse-10-20-10-2-2_random,warehouse-10-20-10-2-2,random,dbs_hungarian,800,24,1,2536,2441,1.0389184760344121,2543,,2543.0,0.2752654345261502,15.301961660385132
fig3_warehouse-10-20-10-2-2_hotspot,warehouse-10-20-10-2-2,hotspot,dbs_hungarian,600,1,0,,40542,nan,,,nan,nan,1.9820351600646973
fig3_warehouse-10-20-10-2-2_random,warehouse-10-20-10-2-2,random,dbs_hungarian,800,13,1,2549,2446,1.0421095666394113,2577,,2577.0,1.086534730306558,16.665207624435425
fig3_warehouse-10-20-10-2-2_hotspot,warehouse-10-20-10-2-2,hotspot,dbs_hungarian,200,15,1,21715,14880,1.4593413978494623,23229,,23229.0,6.517714925308881,11.787251234054565
fig3_warehouse-10-20-10-2-2_hotspot,warehouse-10-20-10-2-2,hotspot,dbs_hungarian,200,4,1,21611,15419,1.4015824631947598,23054,,23054.0,6.2592174893727766,15.380393743515015
fig3_warehouse-10-20-10-2-2_hotspot,warehouse-10-20-10-2-2,hotspot,dbs_hungarian,600,7,0,,35204,nan,,,nan,nan,1.9665956497192383
fig3_warehouse-10-20-10-2-2_hotspot,warehouse-10-20-10-2-2,hotspot,dbs_hungarian,200,14,1,23401,15612,1.4989110940302333,24848,,24848.0,5.823406310367032,13.99159026145935
fig3_warehouse-10-20-10-2-2_random,warehouse-10-20-10-2-2,random,dbs_hungarian,800,30,1,2518,2445,1.0298568507157464,2543,,2543.0,0.9830908375933937,16.522058248519897
fig3_warehouse-10-20-10-2-2_hotspot,warehouse-10-20-10-2-2,hotspot,dbs_hungarian,600,8,0,,36984,nan,,,nan,nan,2.1913251876831055
fig3_warehouse-10-20-10-2-2_hotspot,warehouse-10-20-10-2-2,hotspot,dbs_hungarian,600,5,0,,52902,nan,,,nan,nan,3.6526377201080322
fig3_warehouse-10-20-10-2-2_hotspot,warehouse-10-20-10-2-2,hotspot,dbs_hungarian,600,3,0,,42119,nan,,,nan,nan,4.262121915817261
fig3_warehouse-10-20-10-2-2_random,warehouse-10-20-10-2-2,random,dbs_hungarian,800,7,1,2534,2440,1.0385245901639344,2552,,2552.0,0.7053291536050157,18.84075951576233
fig3_warehouse-10-20-10-2-2_hotspot,warehouse-10-20-10-2-2,hotspot,dbs_hungarian,600,10,0,,51331,nan,,,nan,nan,1.9768569469451904
fig3_warehouse-10-20-10-2-2_hotspot,warehouse-10-20-10-2-2,hotspot,lacam_focal_h,200,16,1,20488,13395,1.529525942515864,,14796,14796.0,-38.4698567180319,9.252986192703247
fig3_warehouse-10-20-10-2-2_hotspot,warehouse-10-20-10-2-2,hotspot,lacam_focal_h,200,17,1,19380,13191,1.4691835342278827,,13981,13981.0,-38.61669408482941,9.249486446380615
fig3_warehouse-10-20-10-2-2_random,warehouse-10-20-10-2-2,random,dbs_hungarian,800,25,1,2512,2435,1.0316221765913758,2528,,2528.0,0.6329113924050633,18.621614456176758
fig3_warehouse-10-20-10-2-2_hotspot,warehouse-10-20-10-2-2,hotspot,dbs_hungarian,600,9,0,,34429,nan,,,nan,nan,3.297104835510254
fig3_warehouse-10-20-10-2-2_random,warehouse-10-20-10-2-2,random,dbs_hungarian,800,17,1,2543,2437,1.0434961017644646,2544,,2544.0,0.03930817610062893,19.193716287612915
fig3_warehouse-10-20-10-2-2_hotspot,warehouse-10-20-10-2-2,hotspot,dbs_hungarian,600,13,0,,39319,nan,,,nan,nan,1.8332469463348389
fig3_warehouse-10-20-10-2-2_hotspot,warehouse-10-20-10-2-2,hotspot,lacam_focal_h,200,20,1,18631,12414,1.5008055421298534,,13754,13754.0,-35.45877562890795,9.226500511169434
fig3_warehouse-10-20-10-2-2_hotspot,warehouse-10-20-10-2-2,hotspot,lacam_focal_h,200,19,1,20695,13021,1.5893556562476001,,14145,14145.0,-46.30611523506539,9.347399473190308
fig3_warehouse-10-20-10-2-2_hotspot,warehouse-10-20-10-2-2,hotspot,lacam_focal_h,200,21,1,18619,11404,1.6326727464047703,,12451,12451.0,-49.53818970363826,9.216552019119263
fig3_warehouse-10-20-10-2-2_hotspot,warehouse-10-20-10-2-2,hotspot,lacam_focal_h,200,15,1,23284,14880,1.564784946236559,,16053,16053.0,-45.044539961377936,9.28006625175476
fig3_warehouse-10-20-10-2-2_hotspot,warehouse-10-20-10-2-2,hotspot,lacam_focal_h,200,18,1,26361,17735,1.4863828587538765,,18660,18660.0,-41.27009646302251,9.689414024353027
fig3_warehouse-10-20-10-2-2_hotspot,warehouse-10-20-10-2-2,hotspot,lacam_focal_h,200,23,1,33088,20681,1.5999226343020163,,22071,22071.0,-49.916179602192926,9.26416802406311
fig3_warehouse-10-20-10-2-2_hotspot,warehouse-10-20-10-2-2,hotspot,lacam_focal_h,200,24,1,27015,17450,1.548137535816619,,18250,18250.0,-48.02739726027397,9.272154092788696
fig3_warehouse-10-20-10-2-2_hotspot,warehouse-10-20-10-2-2,hotspot,lacam_focal_h,200,26,1,24954,16954,1.4718650465966734,,17884,17884.0,-39.532543055244915,9.219401359558105
fig3_warehouse-10-20-10-2-2_hotspot,warehouse-10-20-10-2-2,hotspot,lacam_focal_h,200,25,1,18750,12896,1.4539392059553349,,13640,13640.0,-37.4633431085044,9.214176177978516
fig3_warehouse-10-20-10-2-2_hotspot,warehouse-10-20-10-2-2,hotspot,lacam_focal_h,200,22,1,21384,13596,1.5728155339805825,,14818,14818.0,-44.310973140774735,9.596468687057495
fig3_warehouse-10-20-10-2-2_hotspot,warehouse-10-20-10-2-2,hotspot,dbs_hungarian,200,13,1,18780,13342,1.4075850697046919,19834,,19834.0,5.31410708883735,17.231225728988647
fig3_warehouse-10-20-10-2-2_hotspot,warehouse-10-20-10-2-2,hotspot,lacam_focal_h,200,27,1,26620,16521,1.6112826100115005,,18028,18028.0,-47.659196804970044,9.231448888778687
fig3_warehouse-10-20-10-2-2_hotspot,warehouse-10-20-10-2-2,hotspot,dbs_hungarian,200,19,1,18785,13021,1.4426695338299669,19625,,19625.0,4.280254777070064,10.705571174621582
fig3_warehouse-10-20-10-2-2_hotspot,warehouse-10-20-10-2-2,hotspot,lacam_focal_h,200,28,1,21971,15831,1.3878466300296886,,16582,16582.0,-32.49909540465565,9.278679847717285
fig3_warehouse-10-20-10-2-2_hotspot,warehouse-10-20-10-2-2,hotspot,lacam_focal_h,200,29,1,26038,15616,1.6673924180327868,,17616,17616.0,-47.80881017257039,9.25623083114624
fig3_warehouse-10-20-10-2-2_hotspot,warehouse-10-20-10-2-2,hotspot,lacam_focal_h,200,30,1,22150,15275,1.4500818330605565,,16168,16168.0,-36.9990103908956,9.252031803131104
fig3_warehouse-10-20-10-2-2_hotspot,warehouse-10-20-10-2-2,hotspot,dbs_hungarian,200,16,1,18639,13395,1.3914893617021276,19682,,19682.0,5.299258205466924,11.66456151008606
fig3_warehouse-10-20-10-2-2_hotspot,warehouse-10-20-10-2-2,hotspot,dbs_hungarian,200,21,1,18160,11404,1.592423710978604,19895,,19895.0,8.720784116612213,10.59891963005066
fig3_warehouse-10-20-10-2-2_hotspot,warehouse-10-20-10-2-2,hotspot,lacam_focal_h,400,1,1,50594,27084,1.86804017131886,,34562,34562.0,-46.38620450205428,9.301746845245361
fig3_warehouse-10-20-10-2-2_hotspot,warehouse-10-20-10-2-2,hotspot,dbs_hungarian,200,18,1,25403,17735,1.4323653791936848,27275,,27275.0,6.863428047662695,11.66006326675415
fig3_warehouse-10-20-10-2-2_hotspot,warehouse-10-20-10-2-2,hotspot,lacam_focal_h,400,3,1,47303,28229,1.6756881221438946,,33823,33823.0,-39.85453685362032,9.272130489349365
fig3_warehouse-10-20-10-2-2_hotspot,warehouse-10-20-10-2-2,hotspot,dbs_hungarian,200,23,1,29458,20681,1.4243992070015956,32103,,32103.0,8.239105379559543,10.547950029373169
fig3_warehouse-10-20-10-2-2_hotspot,warehouse-10-20-10-2-2,hotspot,dbs_hungarian,200,22,1,19771,13596,1.4541776993233304,21206,,21206.0,6.766952749221918,10.655756711959839
fig3_warehouse-10-20-10-2-2_hotspot,warehouse-10-20-10-2-2,hotspot,dbs_hungarian,200,20,1,16853,12414,1.3575801514419203,19101,,19101.0,11.769017328935657,11.103439807891846
fig3_warehouse-10-20-10-2-2_hotspot,warehouse-10-20-10-2-2,hotspot,lacam_focal_h,400,4,1,54704,31587,1.7318517111469909,,36659,36659.0,-49.223928639624646,9.322463512420654
fig3_warehouse-10-20-10-2-2_random,warehouse-10-20-10-2-2,random,dbs_hungarian,800,16,1,2527,2437,1.0369306524415265,2546,,2546.0,0.746268656716418,20.953632354736328
fig3_warehouse-10-20-10-2-2_hotspot,warehouse-10-20-10-2-2,hotspot,lacam_focal_h,400,5,1,69917,35278,1.9818867282725778,,42524,42524.0,-64.41774057003104,9.251322507858276
fig3_warehouse-10-20-10-2-2_hotspot,warehouse-10-20-10-2-2,hotspot,dbs_hungarian,200,25,1,17261,12896,1.338477047146402,19383,,19383.0,10.947737708301089,10.693049192428589
fig3_warehouse-10-20-10-2-2_hotspot,warehouse-10-20-10-2-2,hotspot,dbs_hungarian,200,26,1,23606,16954,1.392355786245134,25427,,25427.0,7.161678530695717,10.53374457359314
fig3_warehouse-10-20-10-2-2_hotspot,warehouse-10-20-10-2-2,hotspot,dbs_hungarian,200,27,1,23538,16521,1.4247321590702742,25510,,25510.0,7.73030184241474,10.57235312461853
fig3_warehouse-10-20-10-2-2_hotspot,warehouse-10-20-10-2-2,hotspot,lacam_focal_h,400,7,1,39618,23247,1.7042198993418505,,27269,27269.0,-45.28585573361693,9.282920360565186
fig3_warehouse-10-20-10-2-2_hotspot,warehouse-10-20-10-2-2,hotspot,dbs_hungarian,200,28,1,20283,15831,1.2812203903733181,21673,,21673.0,6.413509897107,10.653301477432251
fig3_warehouse-10-20-10-2-2_hotspot,warehouse-10-20-10-2-2,hotspot,lacam_focal_h,400,2,1,68975,33349,2.0682779093825903,,41294,41294.0,-67.03395166367996,9.870998859405518
fig3_warehouse-10-20-10-2-2_hotspot,warehouse-10-20-10-2-2,hotspot,dbs_hungarian,200,29,1,26582,15616,1.7022284836065573,28406,,28406.0,6.421178624234317,10.60923719406128
fig3_warehouse-10-20-10-2-2_hotspot,warehouse-10-20-10-2-2,hotspot,lacam_focal_h,400,8,1,43492,24728,1.7588159171789064,,29928,29928.0,-45.322106388666136,9.279980897903442
fig3_warehouse-10-20-10-2-2_hotspot,warehouse-10-20-10-2-2,hotspot,dbs_hungarian,600,15,0,,43132,nan,,,nan,nan,2.9961013793945312
fig3_warehouse-10-20-10-2-2_hotspot,warehouse-10-20-10-2-2,hotspot,lacam_focal_h,400,9,1,38516,23221,1.6586710305327075,,27270,27270.0,-41.23945727906124,9.284785985946655
fig3_warehouse-10-20-10-2-2_hotspot,warehouse-10-20-10-2-2,hotspot,dbs_hungarian,600,20,0,,33918,nan,,,nan,nan,1.8342888355255127
fig3_warehouse-10-20-10-2-2_hotspot,warehouse-10-20-10-2-2,hotspot,dbs_hungarian,600,21,0,,38510,nan,,,nan,nan,1.7880818843841553
fig3_warehouse-10-20-10-2-2_hotspot,warehouse-10-20-10-2-2,hotspot,dbs_hungarian,600,24,0,,51294,nan,,,nan,nan,1.465043067932129
fig3_warehouse-10-20-10-2-2_hotspot,warehouse-10-20-10-2-2,hotspot,lacam_focal_h,400,14,1,58318,31961,1.8246613059666468,,40239,40239.0,-44.92904893262755,9.234497785568237
fig3_warehouse-10-20-10-2-2_hotspot,warehouse-10-20-10-2-2,hotspot,dbs_hungarian,600,19,0,,39300,nan,,,nan,nan,2.2299907207489014
fig3_warehouse-10-20-10-2-2_hotspot,warehouse-10-20-10-2-2,hotspot,lacam_focal_h,400,10,1,59415,34840,1.7053673938002296,,39201,39201.0,-51.565011096655695,9.317214965820312
fig3_warehouse-10-20-10-2-2_hotspot,warehouse-10-20-10-2-2,hotspot,lacam_focal_h,400,11,1,56275,32222,1.74647756191422,,37939,37939.0,-48.33021429136245,9.280992984771729
fig3_warehouse-10-20-10-2-2_hotspot,warehouse-10-20-10-2-2,hotspot,lacam_focal_h,400,13,1,45360,25782,1.7593670002327204,,30567,30567.0,-48.39532829522034,9.23664665222168
fig3_warehouse-10-20-10-2-2_hotspot,warehouse-10-20-10-2-2,hotspot,dbs_hungarian,200,30,1,20933,15275,1.3704091653027823,22337,,22337.0,6.285535210637059,10.947014331817627
fig3_warehouse-10-20-10-2-2_hotspot,warehouse-10-20-10-2-2,hotspot,lacam_focal_h,400,15,1,54579,28689,1.902436473909861,,37135,37135.0,-46.97455230914232,9.161908864974976
fig3_warehouse-10-20-10-2-2_hotspot,warehouse-10-20-10-2-2,hotspot,lacam_focal_h,400,12,1,51827,30848,1.6800765041493777,,35026,35026.0,-47.96722434762748,9.608721494674683
fig3_warehouse-10-20-10-2-2_hotspot,warehouse-10-20-10-2-2,hotspot,lacam_focal_h,400,17,1,49792,29667,1.6783631644588264,,34103,34103.0,-46.004750315221536,9.253879070281982
fig3_warehouse-10-20-10-2-2_hotspot,warehouse-10-20-10-2-2,hotspot,lacam_focal_h,400,22,1,59326,28563,2.0770227217029023,,39148,39148.0,-51.54286298150608,9.126082181930542
fig3_warehouse-10-20-10-2-2_hotspot,warehouse-10-20-10-2-2,hotspot,lacam_focal_h,400,16,1,52716,25796,2.0435726469220032,,35654,35654.0,-47.85437819038537,9.215431690216064
fig3_warehouse-10-20-10-2-2_hotspot,warehouse-10-20-10-2-2,hotspot,lacam_focal_h,400,19,1,50067,25702,1.9479807018909034,,32544,32544.0,-53.844026548672566,9.183693170547485
fig3_warehouse-10-20-10-2-2_hotspot,warehouse-10-20-10-2-2,hotspot,lacam_focal_h,400,6,1,49935,25075,1.9914257228315055,,33436,33436.0,-49.345017346572554,9.631688594818115
fig3_warehouse-10-20-10-2-2_hotspot,warehouse-10-20-10-2-2,hotspot,dbs_hungarian,600,25,0,,38636,nan,,,nan,nan,1.7796289920806885
fig3_warehouse-10-20-10-2-2_hotspot,warehouse-10-20-10-2-2,hotspot,lacam_focal_h,400,20,1,39340,22957,1.713638541621292,,27102,27102.0,-45.1553390893661,9.213913440704346
fig3_warehouse-10-20-10-2-2_hotspot,warehouse-10-20-10-2-2,hotspot,lacam_focal_h,400,23,1,72029,39297,1.8329389011883859,,46770,46770.0,-54.00684199273038,9.244229555130005
fig3_warehouse-10-20-10-2-2_hotspot,warehouse-10-20-10-2-2,hotspot,dbs_hungarian,600,18,0,,49477,nan,,,nan,nan,2.8934226036071777
fig3_warehouse-10-20-10-2-2_hotspot,warehouse-10-20-10-2-2,hotspot,dbs_hungarian,400,2,1,67526,33349,2.0248283306845782,68877,,68877.0,1.9614675435922007,11.218350887298584
fig3_warehouse-10-20-10-2-2_hotspot,warehouse-10-20-10-2-2,hotspot,lacam_focal_h,400,24,1,62263,34156,1.8229008080571496,,39284,39284.0,-58.49455248956318,9.21316385269165
fig3_warehouse-10-20-10-2-2_hotspot,warehouse-10-20-10-2-2,hotspot,dbs_hungarian,400,1,1,53475,27084,1.9744129375276915,54657,,54657.0,2.1625775289532907,11.30899453163147
fig3_warehouse-10-20-10-2-2_hotspot,warehouse-10-20-10-2-2,hotspot,dbs_hungarian,400,3,1,49555,28229,1.7554642389032555,50279,,50279.0,1.4399649953260805,11.290132284164429
fig3_warehouse-10-20-10-2-2_hotspot,warehouse-10-20-10-2-2,hotspot,lacam_focal_h,400,25,1,45843,25640,1.7879485179407175,,30430,30430.0,-50.65067367729215,9.243575096130371
fig3_warehouse-10-20-10-2-2_hotspot,warehouse-10-20-10-2-2,hotspot,lacam_focal_h,400,21,1,47494,24766,1.9177097633852862,,31485,31485.0,-50.846434810227095,9.283087730407715
fig3_warehouse-10-20-10-2-2_hotspot,warehouse-10-20-10-2-2,hotspot,lacam_focal_h,400,27,1,70513,34169,2.0636541894699874,,43249,43249.0,-63.039607852204675,9.20533561706543
fig3_warehouse-10-20-10-2-2_hotspot,warehouse-10-20-10-2-2,hotspot,dbs_hungarian,400,5,1,66946,35278,1.8976699359374114,71080,,71080.0,5.815981992121553,11.218989610671997
fig3_warehouse-10-20-10-2-2_hotspot,warehouse-10-20-10-2-2,hotspot,dbs_hungarian,600,14,0,,47326,nan,,,nan,nan,4.3373329639434814
fig3_warehouse-10-20-10-2-2_hotspot,warehouse-10-20-10-2-2,hotspot,lacam_focal_h,400,28,1,52065,31391,1.6585964129846134,,35904,35904.0,-45.01169786096256,9.236912727355957
fig3_warehouse-10-20-10-2-2_hotspot,warehouse-10-20-10-2-2,hotspot,lacam_focal_h,400,18,1,57593,33205,1.734467700647493,,38098,38098.0,-51.17066512677831,9.233365297317505
fig3_warehouse-10-20-10-2-2_hotspot,warehouse-10-20-10-2-2,hotspot,dbs_hungarian,600,29,0,,45836,nan,,,nan,nan,1.7860791683197021
fig3_warehouse-10-20-10-2-2_hotspot,warehouse-10-20-10-2-2,hotspot,dbs_hungarian,600,27,0,,51719,nan,,,nan,nan,2.0315663814544678
fig3_warehouse-10-20-10-2-2_hotspot,warehouse-10-20-10-2-2,hotspot,dbs_hungarian,600,30,0,,45656,nan,,,nan,nan,1.7832012176513672
fig3_warehouse-10-20-10-2-2_hotspot,warehouse-10-20-10-2-2,hotspot,dbs_hungarian,600,17,0,,44422,nan,,,nan,nan,3.7283108234405518
fig3_warehouse-10-20-10-2-2_hotspot,warehouse-10-20-10-2-2,hotspot,dbs_hungarian,400,6,1,47121,25075,1.8792023928215353,47866,,47866.0,1.5564283625120128,11.462055921554565
fig3_warehouse-10-20-10-2-2_hotspot,warehouse-10-20-10-2-2,hotspot,dbs_hungarian,600,23,0,,58862,nan,,,nan,nan,2.89831805229187
fig3_warehouse-10-20-10-2-2_hotspot,warehouse-10-20-10-2-2,hotspot,dbs_hungarian,400,11,1,55358,32222,1.7180187449568618,57677,,57677.0,4.020666816928759,11.273694038391113
fig3_warehouse-10-20-10-2-2_hotspot,warehouse-10-20-10-2-2,hotspot,lacam_focal_h,400,29,1,71391,30433,2.3458416850129793,,45024,45024.0,-58.562100213219615,9.266083240509033
fig3_warehouse-10-20-10-2-2_hotspot,warehouse-10-20-10-2-2,hotspot,dbs_hungarian,400,9,1,39919,23221,1.719090478446234,40834,,40834.0,2.240779742371553,11.521130084991455
fig3_warehouse-10-20-10-2-2_hotspot,warehouse-10-20-10-2-2,hotspot,dbs_hungarian,400,7,1,39757,23247,1.7101991654837183,40540,,40540.0,1.9314257523433647,11.624086141586304
fig3_warehouse-10-20-10-2-2_hotspot,warehouse-10-20-10-2-2,hotspot,dbs_hungarian,400,8,1,42830,24728,1.7320446457457133,44640,,44640.0,4.054659498207886,11.503087282180786
fig3_warehouse-10-20-10-2-2_hotspot,warehouse-10-20-10-2-2,hotspot,dbs_hungarian,400,13,1,45174,25782,1.7521526646497556,46668,,46668.0,3.2013371046541526,11.317758798599243
fig3_warehouse-10-20-10-2-2_hotspot,warehouse-10-20-10-2-2,hotspot,lacam_focal_h,400,30,1,52219,30634,1.7046092576875367,,35209,35209.0,-48.31151126132523,9.222100973129272
fig3_warehouse-10-20-10-2-2_hotspot,warehouse-10-20-10-2-2,hotspot,dbs_hungarian,400,10,1,56985,34840,1.6356199770378874,59243,,59243.0,3.811420758570633,11.930127382278442
fig3_warehouse-10-20-10-2-2_hotspot,warehouse-10-20-10-2-2,hotspot,dbs_hungarian,800,4,0,,62002,nan,,,nan,nan,2.400845766067505
fig3_warehouse-10-20-10-2-2_hotspot,warehouse-10-20-10-2-2,hotspot,dbs_hungarian,200,17,1,17319,13191,1.3129406413463725,19506,,19506.0,11.2119347892956,14.957768201828003
fig3_warehouse-10-20-10-2-2_hotspot,warehouse-10-20-10-2-2,hotspot,lacam_focal_h,600,2,1,114436,49758,2.2998512801961493,,71620,71620.0,-59.78218374755655,9.33369493484497
fig3_warehouse-10-20-10-2-2_hotspot,warehouse-10-20-10-2-2,hotspot,dbs_hungarian,400,24,1,59255,34156,1.7348342897294766,61352,,61352.0,3.4179814838962055,11.53040885925293
fig3_warehouse-10-20-10-2-2_hotspot,warehouse-10-20-10-2-2,hotspot,dbs_hungarian,800,3,0,,55049,nan,,,nan,nan,2.826638698577881
fig3_warehouse-10-20-10-2-2_hotspot,warehouse-10-20-10-2-2,hotspot,lacam_focal_h,600,1,1,91956,40542,2.2681663460115438,,62315,62315.0,-47.56639653373987,9.259077310562134
fig3_warehouse-10-20-10-2-2_hotspot,warehouse-10-20-10-2-2,hotspot,dbs_hungarian,400,21,1,48248,24766,1.9481547282564806,49915,,49915.0,3.339677451667835,11.658348321914673
fig3_warehouse-10-20-10-2-2_hotspot,warehouse-10-20-10-2-2,hotspot,lacam_focal_h,600,5,1,111592,52902,2.1094098521795015,,70358,70358.0,-58.605986526052476,9.307374954223633
fig3_warehouse-10-20-10-2-2_hotspot,warehouse-10-20-10-2-2,hotspot,dbs_hungarian,400,17,1,49221,29667,1.6591161897057336,51186,,51186.0,3.8389403352479192,11.858881711959839
fig3_warehouse-10-20-10-2-2_hotspot,warehouse-10-20-10-2-2,hotspot,lacam_focal_h,600,3,1,82329,42119,1.9546760369429474,,57630,57630.0,-42.857886517438835,9.297803401947021
fig3_warehouse-10-20-10-2-2_hotspot,warehouse-10-20-10-2-2,hotspot,dbs_hungarian,400,26,1,57425,33149,1.7323297837038825,59576,,59576.0,3.61051430106083,11.583730459213257
fig3_warehouse-10-20-10-2-2_hotspot,warehouse-10-20-10-2-2,hotspot,dbs_hungarian,200,24,1,24589,17450,1.409111747851003,27124,,27124.0,9.345966671582362,13.992509365081787
fig3_warehouse-10-20-10-2-2_hotspot,warehouse-10-20-10-2-2,hotspot,lacam_focal_h,600,4,1,92820,47002,1.9748095825709544,,61045,61045.0,-52.05176509132607,9.28116226196289
fig3_warehouse-10-20-10-2-2_hotspot,warehouse-10-20-10-2-2,hotspot,dbs_hungarian,800,13,0,,51754,nan,,,nan,nan,2.3156962394714355
fig3_warehouse-10-20-10-2-2_hotspot,warehouse-10-20-10-2-2,hotspot,dbs_hungarian,800,5,0,,71525,nan,,,nan,nan,2.9698526859283447
fig3_warehouse-10-20-10-2-2_hotspot,warehouse-10-20-10-2-2,hotspot,dbs_hungarian,800,11,0,,65462,nan,,,nan,nan,2.5116450786590576
fig3_warehouse-10-20-10-2-2_hotspot,warehouse-10-20-10-2-2,hotspot,dbs_hungarian,800,12,0,,62239,nan,,,nan,nan,2.4839611053466797
fig3_warehouse-10-20-10-2-2_hotspot,warehouse-10-20-10-2-2,hotspot,lacam_focal_h,400,26,1,59079,33149,1.7822257081661588,,38616,38616.0,-52.99098819142324,9.189228057861328
fig3_warehouse-10-20-10-2-2_hotspot,warehouse-10-20-10-2-2,hotspot,dbs_hungarian,400,14,1,58773,31961,1.838897406213823,60436,,60436.0,2.751671189357337,12.542654991149902
fig3_warehouse-10-20-10-2-2_hotspot,warehouse-10-20-10-2-2,hotspot,dbs_hungarian,800,14,0,,62183,nan,,,nan,nan,2.428300380706787
fig3_warehouse-10-20-10-2-2_hotspot,warehouse-10-20-10-2-2,hotspot,dbs_hungarian,400,15,1,53406,28689,1.8615497228903064,56019,,56019.0,4.6644888341455575,12.479876279830933
fig3_warehouse-10-20-10-2-2_hotspot,warehouse-10-20-10-2-2,hotspot,dbs_hungarian,400,25,1,44311,25640,1.728198127925117,45859,,45859.0,3.375564229486033,12.058824062347412
fig3_warehouse-10-20-10-2-2_hotspot,warehouse-10-20-10-2-2,hotspot,dbs_hungarian,800,17,0,,58237,nan,,,nan,nan,2.545689821243286
fig3_Boston_0_256_random,Boston_0_256,random,lacam_focal_h,200,1,1,604,604,1.0,,604,604.0,0.0,0.4643895626068115
fig3_warehouse-10-20-10-2-2_hotspot,warehouse-10-20-10-2-2,hotspot,dbs_hungarian,400,30,1,50053,30634,1.6339035059084677,51826,,51826.0,3.421062787018099,11.396781206130981
fig3_warehouse-10-20-10-2-2_hotspot,warehouse-10-20-10-2-2,hotspot,dbs_hungarian,400,4,1,58707,31587,1.8585810618292335,60176,,60176.0,2.4411725604892314,13.822710275650024
fig3_warehouse-10-20-10-2-2_hotspot,warehouse-10-20-10-2-2,hotspot,lacam_focal_h,600,7,1,71243,35204,2.0237188955800476,,48776,48776.0,-46.06158766606528,9.288369178771973
fig3_warehouse-10-20-10-2-2_hotspot,warehouse-10-20-10-2-2,hotspot,dbs_hungarian,400,12,1,51633,30848,1.67378760373444,53306,,53306.0,3.1384834727797997,13.143000602722168
fig3_warehouse-10-20-10-2-2_hotspot,warehouse-10-20-10-2-2,hotspot,dbs_hungarian,400,20,1,40776,22957,1.7761902687633402,42093,,42093.0,3.128786258997933,12.706096172332764
fig3_Boston_0_256_random,Boston_0_256,random,lacam_focal_h,200,4,1,601,601,1.0,,601,601.0,0.0,0.522047758102417
fig3_Boston_0_256_random,Boston_0_256,random,lacam_focal_h,200,2,1,605,605,1.0,,610,610.0,0.819672131147541,0.5489423274993896
fig3_Boston_0_256_random,Boston_0_256,random,lacam_focal_h,200,3,1,601,601,1.0,,601,601.0,0.0,0.5234279632568359
fig3_warehouse-10-20-10-2-2_hotspot,warehouse-10-20-10-2-2,hotspot,dbs_hungarian,800,23,0,,77077,nan,,,nan,nan,2.463765859603882
fig3_Boston_0_256_random,Boston_0_256,random,lacam_focal_h,200,5,1,602,602,1.0,,602,602.0,0.0,0.5731370449066162
fig3_warehouse-10-20-10-2-2_hotspot,warehouse-10-20-10-2-2,hotspot,dbs_hungarian,800,2,0,,66383,nan,,,nan,nan,4.132077932357788
fig3_warehouse-10-20-10-2-2_hotspot,warehouse-10-20-10-2-2,hotspot,dbs_hungarian,400,18,1,56870,33205,1.712693871404909,58404,,58404.0,2.6265324292856653,13.049663305282593
fig3_Boston_0_256_random,Boston_0_256,random,lacam_focal_h,200,6,1,600,600,1.0,,600,600.0,0.0,0.5330185890197754
fig3_warehouse-10-20-10-2-2_hotspot,warehouse-10-20-10-2-2,hotspot,dbs_hungarian,800,18,0,,66355,nan,,,nan,nan,2.968655824661255
fig3_warehouse-10-20-10-2-2_hotspot,warehouse-10-20-10-2-2,hotspot,lacam_focal_h,600,6,1,94516,36879,2.5628677567179152,,63063,63063.0,-49.875521304092736,9.884505987167358
fig3_Boston_0_256_random,Boston_0_256,random,lacam_focal_h,200,7,1,601,601,1.0,,601,601.0,0.0,0.5499811172485352
fig3_warehouse-10-20-10-2-2_hotspot,warehouse-10-20-10-2-2,hotspot,lacam_focal_h,600,9,1,70533,34429,2.0486508466699584,,48138,48138.0,-46.522497818771036,9.212257862091064
fig3_warehouse-10-20-10-2-2_hotspot,warehouse-10-20-10-2-2,hotspot,dbs_hungarian,600,6,1,93631,36879,2.538870359825375,93631,,93631.0,0.0,11.10326337814331
fig3_warehouse-10-20-10-2-2_hotspot,warehouse-10-20-10-2-2,hotspot,dbs_hungarian,400,23,1,70927,39297,1.80489604804438,71690,,71690.0,1.0643046449993026,13.015499353408813
fig3_warehouse-10-20-10-2-2_hotspot,warehouse-10-20-10-2-2,hotspot,dbs_hungarian,800,24,0,,68139,nan,,,nan,nan,2.796848773956299
fig3_warehouse-10-20-10-2-2_hotspot,warehouse-10-20-10-2-2,hotspot,lacam_focal_h,600,8,1,79688,36984,2.154661475232533,,54294,54294.0,-46.7712822779681,9.351073265075684
fig3_warehouse-10-20-10-2-2_hotspot,warehouse-10-20-10-2-2,hotspot,dbs_hungarian,800,28,0,,60032,nan,,,nan,nan,2.409956455230713
fig3_Boston_0_256_random,Boston_0_256,random,lacam_focal_h,200,10,1,600,600,1.0,,600,600.0,0.0,0.5758428573608398
fig3_warehouse-10-20-10-2-2_hotspot,warehouse-10-20-10-2-2,hotspot,dbs_hungarian,800,10,0,,68997,nan,,,nan,nan,4.087505340576172
fig3_warehouse-10-20-10-2-2_hotspot,warehouse-10-20-10-2-2,hotspot,dbs_hungarian,600,4,1,97503,47002,2.0744436406961406,98999,,98999.0,1.511126375013889,11.88639521598816
fig3_Boston_0_256_random,Boston_0_256,random,lacam_focal_h,200,11,1,605,605,1.0,,605,605.0,0.0,0.5231008529663086
fig3_Boston_0_256_random,Boston_0_256,random,lacam_focal_h,200,12,1,603,603,1.0,,603,603.0,0.0,0.5407688617706299
fig3_warehouse-10-20-10-2-2_hotspot,warehouse-10-20-10-2-2,hotspot,dbs_hungarian,400,27,1,69013,34169,2.019754748456203,69911,,69911.0,1.2844902804994922,13.26444125175476
fig3_warehouse-10-20-10-2-2_hotspot,warehouse-10-20-10-2-2,hotspot,dbs_hungarian,800,27,0,,68028,nan,,,nan,nan,2.7321105003356934
fig3_warehouse-10-20-10-2-2_hotspot,warehouse-10-20-10-2-2,hotspot,dbs_hungarian,800,26,0,,66220,nan,,,nan,nan,2.810319185256958
fig3_warehouse-10-20-10-2-2_hotspot,warehouse-10-20-10-2-2,hotspot,dbs_hungarian,800,30,0,,61422,nan,,,nan,nan,2.2399325370788574
fig3_Boston_0_256_random,Boston_0_256,random,lacam_focal_h,200,15,1,602,602,1.0,,602,602.0,0.0,0.5548157691955566
fig3_Boston_0_256_random,Boston_0_256,random,lacam_focal_h,200,19,1,602,602,1.0,,602,602.0,0.0,0.4470365047454834
fig3_Boston_0_256_random,Boston_0_256,random,lacam_focal_h,200,18,1,603,603,1.0,,604,604.0,0.16556291390728478,0.5221536159515381
fig3_Boston_0_256_random,Boston_0_256,random,lacam_focal_h,200,22,1,604,604,1.0,,604,604.0,0.0,0.4997537136077881
fig3_Boston_0_256_random,Boston_0_256,random,lacam_focal_h,200,24,1,604,604,1.0,,604,604.0,0.0,0.507068395614624
fig3_Boston_0_256_random,Boston_0_256,random,lacam_focal_h,200,25,1,600,600,1.0,,600,600.0,0.0,0.4086329936981201
fig3_Boston_0_256_random,Boston_0_256,random,lacam_focal_h,200,23,1,603,603,1.0,,604,604.0,0.16556291390728478,0.5088150501251221
fig3_warehouse-10-20-10-2-2_hotspot,warehouse-10-20-10-2-2,hotspot,dbs_hungarian,800,29,0,,62230,nan,,,nan,nan,3.0595507621765137
fig3_Boston_0_256_random,Boston_0_256,random,lacam_focal_h,200,27,1,602,602,1.0,,602,602.0,0.0,0.44544386863708496
fig3_warehouse-10-20-10-2-2_hotspot,warehouse-10-20-10-2-2,hotspot,lacam_focal_h,600,11,1,99011,48464,2.042980356553318,,64574,64574.0,-53.329513426456465,9.309835433959961
fig3_warehouse-10-20-10-2-2_hotspot,warehouse-10-20-10-2-2,hotspot,dbs_hungarian,400,19,1,49408,25702,1.9223406738775193,52011,,52011.0,5.004710542000731,14.54955244064331
fig3_warehouse-10-20-10-2-2_hotspot,warehouse-10-20-10-2-2,hotspot,lacam_focal_h,600,10,1,101612,51331,1.979544524751125,,64798,64798.0,-56.81348189758943,9.314814329147339
fig3_Boston_0_256_random,Boston_0_256,random,lacam_focal_h,200,28,1,602,602,1.0,,602,602.0,0.0,0.43436098098754883
fig3_Boston_0_256_random,Boston_0_256,random,lacam_focal_h,200,29,1,601,601,1.0,,601,601.0,0.0,0.3198714256286621
fig3_warehouse-10-20-10-2-2_hotspot,warehouse-10-20-10-2-2,hotspot,lacam_focal_h,600,12,1,87445,46467,1.881873157294424,,58348,58348.0,-49.86803318022897,9.27217721939087
fig3_Boston_0_256_random,Boston_0_256,random,lacam_focal_h,200,30,1,601,601,1.0,,601,601.0,0.0,0.3923506736755371
fig3_warehouse-10-20-10-2-2_hotspot,warehouse-10-20-10-2-2,hotspot,lacam_focal_h,600,13,1,80395,39319,2.0446857753249064,,55615,55615.0,-44.55632473253618,9.253030061721802
fig3_warehouse-10-20-10-2-2_hotspot,warehouse-10-20-10-2-2,hotspot,dbs_hungarian,400,28,1,49790,31391,1.5861234111688063,52376,,52376.0,4.937375897357568,14.960556030273438
fig3_warehouse-10-20-10-2-2_hotspot,warehouse-10-20-10-2-2,hotspot,lacam_focal_h,600,14,1,97815,47326,2.066834298271563,,66044,66044.0,-48.10580824904609,9.304852962493896
fig3_Boston_0_256_random,Boston_0_256,random,lacam_focal_h,400,3,1,1201,1201,1.0,,1201,1201.0,0.0,0.6866004467010498
fig3_Boston_0_256_random,Boston_0_256,random,lacam_focal_h,400,1,1,1206,1206,1.0,,1207,1207.0,0.08285004142502071,0.8607165813446045
fig3_warehouse-10-20-10-2-2_hotspot,warehouse-10-20-10-2-2,hotspot,lacam_focal_h,600,15,1,92911,43132,2.1541083186497265,,64295,64295.0,-44.507348938486665,9.25990343093872
fig3_warehouse-10-20-10-2-2_hotspot,warehouse-10-20-10-2-2,hotspot,dbs_hungarian,600,12,1,87255,46467,1.8777842339724966,88093,,88093.0,0.9512674105774579,11.76553750038147
fig3_warehouse-10-20-10-2-2_hotspot,warehouse-10-20-10-2-2,hotspot,dbs_hungarian,600,11,1,99441,48464,2.051852921756355,100344,,100344.0,0.8999043291078689,12.277485609054565
fig3_warehouse-10-20-10-2-2_hotspot,warehouse-10-20-10-2-2,hotspot,lacam_focal_h,600,16,1,104656,38404,2.7251327986668055,,78256,78256.0,-33.73543242690656,9.317659378051758
fig3_warehouse-10-20-10-2-2_hotspot,warehouse-10-20-10-2-2,hotspot,lacam_focal_h,600,17,1,85855,44422,1.9327135203277654,,56339,56339.0,-52.3899962725643,9.382798671722412
fig3_Boston_0_256_random,Boston_0_256,random,lacam_focal_h,400,4,1,1203,1203,1.0,,1205,1205.0,0.16597510373443983,1.1905369758605957
fig3_warehouse-10-20-10-2-2_hotspot,warehouse-10-20-10-2-2,hotspot,lacam_focal_h,600,18,1,101942,49477,2.060391697152212,,62872,62872.0,-62.14213004199007,9.26665449142456
fig3_warehouse-10-20-10-2-2_hotspot,warehouse-10-20-10-2-2,hotspot,lacam_focal_h,600,20,1,73246,33918,2.1595023291467657,,47596,47596.0,-53.89108328430961,9.211700201034546
fig3_warehouse-10-20-10-2-2_hotspot,warehouse-10-20-10-2-2,hotspot,lacam_focal_h,600,19,1,88188,39300,2.243969465648855,,58833,58833.0,-49.895466829840394,9.276426792144775
fig3_warehouse-10-20-10-2-2_hotspot,warehouse-10-20-10-2-2,hotspot,lacam_focal_h,600,21,1,89670,38510,2.328486107504544,,59171,59171.0,-51.543830592688984,9.212498903274536
fig3_warehouse-10-20-10-2-2_hotspot,warehouse-10-20-10-2-2,hotspot,lacam_focal_h,600,22,1,117099,43342,2.701744266531309,,84586,84586.0,-38.43780294611401,9.2808678150177
fig3_warehouse-10-20-10-2-2_hotspot,warehouse-10-20-10-2-2,hotspot,lacam_focal_h,600,24,1,105027,51294,2.0475494209849106,,66746,66746.0,-57.35324963293681,9.256158828735352
fig3_warehouse-10-20-10-2-2_hotspot,warehouse-10-20-10-2-2,hotspot,lacam_focal_h,600,23,1,117943,58862,2.003720566749346,,77789,77789.0,-51.61912352646261,9.25701117515564
fig3_warehouse-10-20-10-2-2_hotspot,warehouse-10-20-10-2-2,hotspot,lacam_focal_h,600,25,1,81699,38636,2.1145822548918107,,56239,56239.0,-45.271075232489906,9.246521711349487
fig3_warehouse-10-20-10-2-2_hotspot,warehouse-10-20-10-2-2,hotspot,lacam_focal_h,600,26,1,97870,48806,2.0052862352989385,,65336,65336.0,-49.79490633035386,9.29767656326294
fig3_warehouse-10-20-10-2-2_hotspot,warehouse-10-20-10-2-2,hotspot,lacam_focal_h,600,27,1,112362,51719,2.1725478064154373,,69494,69494.0,-61.68590094108844,9.345676183700562
fig3_warehouse-10-20-10-2-2_hotspot,warehouse-10-20-10-2-2,hotspot,lacam_focal_h,600,29,1,132000,45836,2.879832446112226,,97521,97521.0,-35.35546190051374,9.277467966079712
fig3_warehouse-10-20-10-2-2_hotspot,warehouse-10-20-10-2-2,hotspot,lacam_focal_h,600,30,1,85199,45656,1.8661074119502365,,57210,57210.0,-48.923265163432966,9.313328504562378
fig3_warehouse-10-20-10-2-2_hotspot,warehouse-10-20-10-2-2,hotspot,lacam_focal_h,600,28,1,86086,45387,1.8967105118205654,,57466,57466.0,-49.8033619879581,9.325891971588135
fig3_warehouse-10-20-10-2-2_hotspot,warehouse-10-20-10-2-2,hotspot,dbs_hungarian,600,16,1,99620,38404,2.594000624934903,99620,,99620.0,0.0,12.483200788497925
fig3_warehouse-10-20-10-2-2_hotspot,warehouse-10-20-10-2-2,hotspot,lacam_focal_h,800,1,1,172994,53460,3.2359521137298914,,131608,131608.0,-31.44641663120783,9.389591217041016
fig3_warehouse-10-20-10-2-2_hotspot,warehouse-10-20-10-2-2,hotspot,lacam_focal_h,800,2,1,165725,66383,2.496497597276411,,108663,108663.0,-52.51281484958081,9.408762216567993
fig3_warehouse-10-20-10-2-2_hotspot,warehouse-10-20-10-2-2,hotspot,lacam_focal_h,800,3,1,120349,55049,2.1862159167287327,,83068,83068.0,-44.88009823277315,9.374667644500732
fig3_warehouse-10-20-10-2-2_hotspot,warehouse-10-20-10-2-2,hotspot,lacam_focal_h,800,4,1,134603,62002,2.1709460985129514,,87565,87565.0,-53.71780962713413,9.34251880645752
fig3_warehouse-10-20-10-2-2_hotspot,warehouse-10-20-10-2-2,hotspot,lacam_focal_h,800,6,1,153695,48825,3.1478750640040962,,121662,121662.0,-26.329503049432034,9.389034271240234
fig3_warehouse-10-20-10-2-2_hotspot,warehouse-10-20-10-2-2,hotspot,lacam_focal_h,800,5,1,175996,71525,2.460622160083887,,115262,115262.0,-52.692127500824206,9.371623754501343
fig3_warehouse-10-20-10-2-2_hotspot,warehouse-10-20-10-2-2,hotspot,lacam_focal_h,800,7,1,130522,47639,2.7398140179264887,,89311,89311.0,-46.14325223096819,9.42841625213623
fig3_warehouse-10-20-10-2-2_hotspot,warehouse-10-20-10-2-2,hotspot,lacam_focal_h,800,9,1,129701,45818,2.8307870269326467,,94614,94614.0,-37.08436383621874,9.375595331192017
fig3_warehouse-10-20-10-2-2_hotspot,warehouse-10-20-10-2-2,hotspot,lacam_focal_h,800,8,1,142583,49254,2.8948511795996263,,100486,100486.0,-41.893398085305414,9.368448734283447
fig3_warehouse-10-20-10-2-2_hotspot,warehouse-10-20-10-2-2,hotspot,lacam_focal_h,800,10,1,153209,68997,2.2205168340652492,,101682,101682.0,-50.6746523475148,9.360719442367554
fig3_warehouse-10-20-10-2-2_hotspot,warehouse-10-20-10-2-2,hotspot,lacam_focal_h,800,11,1,140070,65462,2.1397146436100334,,92551,92551.0,-51.343583537725145,9.371116399765015
fig3_warehouse-10-20-10-2-2_hotspot,warehouse-10-20-10-2-2,hotspot,lacam_focal_h,800,14,1,142635,62183,2.2937941237958928,,97011,97011.0,-47.02971827937038,9.31730842590332
fig3_warehouse-10-20-10-2-2_hotspot,warehouse-10-20-10-2-2,hotspot,lacam_focal_h,800,12,1,125890,62239,2.0226867398255113,,85872,85872.0,-46.60191913545742,9.451321363449097
fig3_warehouse-10-20-10-2-2_hotspot,warehouse-10-20-10-2-2,hotspot,lacam_focal_h,800,15,1,160680,57013,2.8183045971971303,,116224,116224.0,-38.25027533039648,9.34108018875122
fig3_warehouse-10-20-10-2-2_hotspot,warehouse-10-20-10-2-2,hotspot,lacam_focal_h,800,13,1,126302,51754,2.440429725238629,,84348,84348.0,-49.73917579551382,9.535054922103882
fig3_warehouse-10-20-10-2-2_hotspot,warehouse-10-20-10-2-2,hotspot,dbs_hungarian,600,22,1,114033,43342,2.6310045683171057,115657,,115657.0,1.4041519320058449,12.636182308197021
fig3_warehouse-10-20-10-2-2_hotspot,warehouse-10-20-10-2-2,hotspot,lacam_focal_h,800,16,1,158228,51376,3.079803799439427,,126808,126808.0,-24.77761655416062,9.637379884719849
fig3_warehouse-10-20-10-2-2_hotspot,warehouse-10-20-10-2-2,hotspot,lacam_focal_h,800,17,1,125624,58237,2.157116609715473,,81341,81341.0,-54.441179724862,9.407315254211426
fig3_warehouse-10-20-10-2-2_hotspot,warehouse-10-20-10-2-2,hotspot,dbs_hungarian,600,26,1,97317,48806,1.993955661189198,99797,,99797.0,2.4850446406204596,12.23388409614563
fig3_warehouse-10-20-10-2-2_hotspot,warehouse-10-20-10-2-2,hotspot,lacam_focal_h,800,18,1,148055,66355,2.2312561223720895,,95153,95153.0,-55.59677571910502,9.391889810562134
fig3_warehouse-10-20-10-2-2_hotspot,warehouse-10-20-10-2-2,hotspot,lacam_focal_h,800,20,1,133512,45369,2.942802354030285,,94645,94645.0,-41.06608906968144,9.483991861343384
fig3_warehouse-10-20-10-2-2_hotspot,warehouse-10-20-10-2-2,hotspot,lacam_focal_h,800,19,1,158538,53277,2.975730615462582,,118203,118203.0,-34.12349940356844,9.371277332305908
fig3_warehouse-10-20-10-2-2_hotspot,warehouse-10-20-10-2-2,hotspot,lacam_focal_h,800,21,1,156958,51651,3.038818222299665,,117933,117933.0,-33.09082275529326,9.438898801803589
fig3_warehouse-10-20-10-2-2_hotspot,warehouse-10-20-10-2-2,hotspot,lacam_focal_h,800,22,1,177638,57463,3.0913457355167675,,140050,140050.0,-26.838986076401284,9.39509892463684
fig3_warehouse-10-20-10-2-2_hotspot,warehouse-10-20-10-2-2,hotspot,dbs_hungarian,600,28,1,87739,45387,1.9331306321193293,90684,,90684.0,3.24754091129637,12.251413106918335
fig3_warehouse-10-20-10-2-2_hotspot,warehouse-10-20-10-2-2,hotspot,lacam_focal_h,800,24,1,160980,68139,2.362523664861533,,106529,106529.0,-51.11378122389208,9.35194706916809
fig3_warehouse-10-20-10-2-2_hotspot,warehouse-10-20-10-2-2,hotspot,lacam_focal_h,800,23,1,175202,77077,2.2730775717788703,,116962,116962.0,-49.79395017185069,9.569308042526245
fig3_warehouse-10-20-10-2-2_hotspot,warehouse-10-20-10-2-2,hotspot,dbs_hungarian,800,1,1,158172,53460,2.958698092031425,158172,,158172.0,0.0,12.331783294677734
fig3_warehouse-10-20-10-2-2_hotspot,warehouse-10-20-10-2-2,hotspot,lacam_focal_h,800,25,1,143277,50983,2.8102897044112742,,95566,95566.0,-49.92465939769374,9.360937356948853
fig3_warehouse-10-20-10-2-2_hotspot,warehouse-10-20-10-2-2,hotspot,lacam_focal_h,800,26,1,141988,66220,2.144186046511628,,96278,96278.0,-47.47709757161553,9.330920457839966
fig3_warehouse-10-20-10-2-2_hotspot,warehouse-10-20-10-2-2,hotspot,lacam_focal_h,800,27,1,159129,68028,2.3391691656376787,,100862,100862.0,-57.76903095318356,9.367472887039185
fig3_warehouse-10-20-10-2-2_hotspot,warehouse-10-20-10-2-2,hotspot,lacam_focal_h,800,28,1,121803,60032,2.028967883795309,,83728,83728.0,-45.47463214217466,9.407303094863892
fig3_Boston_0_256_random,Boston_0_256,random,lacam_focal_h,400,17,1,1200,1200,1.0,,1201,1201.0,0.08326394671107411,1.9454028606414795
fig3_warehouse-10-20-10-2-2_hotspot,warehouse-10-20-10-2-2,hotspot,dbs_hungarian,800,8,1,142517,49254,2.8935111869086776,145219,,145219.0,1.8606380707758627,12.31803560256958
fig3_warehouse-10-20-10-2-2_hotspot,warehouse-10-20-10-2-2,hotspot,lacam_focal_h,800,29,1,180398,62230,2.898891210027318,,136562,136562.0,-32.099705628212824,9.435005903244019
fig3_warehouse-10-20-10-2-2_hotspot,warehouse-10-20-10-2-2,hotspot,dbs_hungarian,800,9,1,135231,45818,2.9514819503251997,135231,,135231.0,0.0,12.56735348701477
fig3_warehouse-10-20-10-2-2_hotspot,warehouse-10-20-10-2-2,hotspot,lacam_focal_h,800,30,1,126365,61422,2.0573247370648953,,84679,84679.0,-49.22826202482315,9.460156440734863
fig3_Boston_0_256_random,Boston_0_256,random,lacam_focal_h,200,8,1,607,604,1.0049668874172186,,607,607.0,0.0,9.352753400802612
fig3_Boston_0_256_random,Boston_0_256,random,lacam_focal_h,200,9,1,601,600,1.0016666666666667,,601,601.0,0.0,9.331983804702759
fig3_warehouse-10-20-10-2-2_hotspot,warehouse-10-20-10-2-2,hotspot,dbs_hungarian,800,6,1,146958,48825,3.0098924731182795,146958,,146958.0,0.0,12.955360174179077
fig3_warehouse-10-20-10-2-2_hotspot,warehouse-10-20-10-2-2,hotspot,dbs_hungarian,800,15,1,162812,57013,2.85569957728939,163877,,163877.0,0.6498776521415451,12.478566408157349
fig3_Boston_0_256_random,Boston_0_256,random,lacam_focal_h,200,14,1,606,605,1.0016528925619834,,606,606.0,0.0,9.341390371322632
fig3_warehouse-10-20-10-2-2_hotspot,warehouse-10-20-10-2-2,hotspot,dbs_hungarian,800,16,1,148362,51376,2.887768607910308,148362,,148362.0,0.0,12.517703294754028
fig3_warehouse-10-20-10-2-2_hotspot,warehouse-10-20-10-2-2,hotspot,dbs_hungarian,800,7,1,136497,47639,2.865236465920779,136497,,136497.0,0.0,13.163001298904419
fig3_Boston_0_256_random,Boston_0_256,random,lacam_focal_h,200,13,1,601,600,1.0016666666666667,,601,601.0,0.0,9.374495267868042
fig3_Boston_0_256_random,Boston_0_256,random,lacam_focal_h,200,17,1,602,600,1.0033333333333334,,602,602.0,0.0,9.389549255371094
fig3_Boston_0_256_random,Boston_0_256,random,lacam_focal_h,400,18,1,1200,1200,1.0,,1202,1202.0,0.16638935108153077,2.5383059978485107
fig3_warehouse-10-20-10-2-2_hotspot,warehouse-10-20-10-2-2,hotspot,dbs_hungarian,800,20,1,138533,45369,3.053472635500011,138533,,138533.0,0.0,12.543532848358154
fig3_warehouse-10-20-10-2-2_hotspot,warehouse-10-20-10-2-2,hotspot,dbs_hungarian,800,25,1,143505,50983,2.8147617833395446,146207,,146207.0,1.8480647301428796,11.999997854232788
fig3_Boston_0_256_random,Boston_0_256,random,lacam_focal_h,200,16,1,602,601,1.0016638935108153,,602,602.0,0.0,9.516484260559082
fig3_Boston_0_256_random,Boston_0_256,random,lacam_focal_h,200,20,1,602,601,1.0016638935108153,,602,602.0,0.0,9.299505710601807
fig3_Boston_0_256_random,Boston_0_256,random,lacam_focal_h,200,21,1,603,601,1.0033277870216306,,603,603.0,0.0,9.297983407974243
fig3_warehouse-10-20-10-2-2_hotspot,warehouse-10-20-10-2-2,hotspot,dbs_hungarian,800,22,1,164568,57463,2.8638950281050417,164568,,164568.0,0.0,12.851319074630737
fig3_Boston_0_256_random,Boston_0_256,random,lacam_focal_h,400,20,1,1200,1200,1.0,,1202,1202.0,0.16638935108153077,2.793499231338501
fig3_Boston_0_256_random,Boston_0_256,random,lacam_focal_h,200,26,1,602,600,1.0033333333333334,,602,602.0,0.0,9.53150749206543
fig3_warehouse-10-20-10-2-2_hotspot,warehouse-10-20-10-2-2,hotspot,dbs_hungarian,800,21,1,151960,51651,2.94205339683646,152343,,152343.0,0.25140636589800647,13.577991724014282
fig3_warehouse-10-20-10-2-2_hotspot,warehouse-10-20-10-2-2,hotspot,dbs_hungarian,800,19,1,154761,53277,2.904836984064418,154761,,154761.0,0.0,14.07332444190979
fig3_Boston_0_256_random,Boston_0_256,random,lacam_focal_h,400,2,1,1212,1208,1.0033112582781456,,1212,1212.0,0.0,9.31507921218872
fig3_Boston_0_256_random,Boston_0_256,random,lacam_focal_h,400,5,1,1205,1200,1.0041666666666667,,1205,1205.0,0.0,9.303019523620605
fig3_Boston_0_256_random,Boston_0_256,random,lacam_focal_h,400,6,1,1202,1200,1.0016666666666667,,1202,1202.0,0.0,9.296313285827637
fig3_Boston_0_256_random,Boston_0_256,random,lacam_focal_h,400,7,1,1201,1200,1.0008333333333332,,1201,1201.0,0.0,9.512385845184326
fig3_Boston_0_256_random,Boston_0_256,random,lacam_focal_h,400,8,1,1204,1200,1.0033333333333334,,1204,1204.0,0.0,9.491626262664795
fig3_Boston_0_256_random,Boston_0_256,random,lacam_focal_h,400,10,1,1202,1200,1.0016666666666667,,1202,1202.0,0.0,9.369255065917969
fig3_Boston_0_256_random,Boston_0_256,random,lacam_focal_h,400,9,1,1201,1200,1.0008333333333332,,1202,1202.0,0.08319467554076539,9.734331369400024
fig3_Boston_0_256_random,Boston_0_256,random,lacam_focal_h,400,11,1,1204,1200,1.0033333333333334,,1206,1206.0,0.16583747927031509,9.314852714538574
fig3_Boston_0_256_random,Boston_0_256,random,lacam_focal_h,400,12,1,1201,1200,1.0008333333333332,,1203,1203.0,0.1662510390689942,9.266351699829102
fig3_Boston_0_256_random,Boston_0_256,random,lacam_focal_h,400,14,1,1204,1200,1.0033333333333334,,1204,1204.0,0.0,9.376588582992554
fig3_Boston_0_256_random,Boston_0_256,random,lacam_focal_h,400,13,1,1201,1200,1.0008333333333332,,1201,1201.0,0.0,9.879959344863892
fig3_Boston_0_256_random,Boston_0_256,random,lacam_focal_h,400,16,1,1202,1200,1.0016666666666667,,1202,1202.0,0.0,9.421885251998901
fig3_Boston_0_256_random,Boston_0_256,random,dbs_hungarian,200,1,1,604,604,1.0,604,,604.0,0.0,16.781094312667847
fig3_Boston_0_256_random,Boston_0_256,random,lacam_focal_h,400,15,1,1203,1200,1.0025,,1203,1203.0,0.0,9.486247777938843
fig3_Boston_0_256_random,Boston_0_256,random,dbs_hungarian,200,3,1,601,601,1.0,601,,601.0,0.0,16.74266815185547
fig3_Boston_0_256_random,Boston_0_256,random,dbs_hungarian,200,2,1,605,605,1.0,605,,605.0,0.0,17.094719171524048
fig3_Boston_0_256_random,Boston_0_256,random,dbs_hungarian,200,7,1,601,601,1.0,601,,601.0,0.0,16.8912296295166
fig3_Boston_0_256_random,Boston_0_256,random,dbs_hungarian,200,6,1,602,600,1.0033333333333334,602,,602.0,0.0,17.01090908050537
fig3_Boston_0_256_random,Boston_0_256,random,dbs_hungarian,200,10,1,600,600,1.0,600,,600.0,0.0,16.7636501789093
fig3_Boston_0_256_random,Boston_0_256,random,dbs_hungarian,200,11,1,605,605,1.0,605,,605.0,0.0,16.86994695663452
fig3_Boston_0_256_random,Boston_0_256,random,dbs_hungarian,200,5,1,602,602,1.0,602,,602.0,0.0,17.343559741973877
fig3_Boston_0_256_random,Boston_0_256,random,dbs_hungarian,200,8,1,605,604,1.0016556291390728,605,,605.0,0.0,17.15029501914978
fig3_Boston_0_256_random,Boston_0_256,random,dbs_hungarian,200,4,1,601,601,1.0,601,,601.0,0.0,17.514118432998657
fig3_Boston_0_256_random,Boston_0_256,random,dbs_hungarian,200,9,1,600,600,1.0,600,,600.0,0.0,17.105998039245605
fig3_Boston_0_256_random,Boston_0_256,random,dbs_hungarian,200,15,1,604,602,1.0033222591362125,604,,604.0,0.0,16.933673858642578
fig3_Boston_0_256_random,Boston_0_256,random,dbs_hungarian,200,16,1,602,601,1.0016638935108153,602,,602.0,0.0,16.846214532852173
fig3_Boston_0_256_random,Boston_0_256,random,dbs_hungarian,200,14,1,605,605,1.0,605,,605.0,0.0,17.09724450111389
fig3_Boston_0_256_random,Boston_0_256,random,dbs_hungarian,200,12,1,603,603,1.0,603,,603.0,0.0,16.981661081314087
fig3_Boston_0_256_random,Boston_0_256,random,dbs_hungarian,200,13,1,601,600,1.0016666666666667,602,,602.0,0.16611295681063123,17.188114643096924
fig3_Boston_0_256_random,Boston_0_256,random,lacam_focal_h,400,21,1,1202,1200,1.0016666666666667,,1203,1203.0,0.0831255195344971,9.895357370376587
fig3_Boston_0_256_random,Boston_0_256,random,lacam_focal_h,400,23,1,1201,1200,1.0008333333333332,,1202,1202.0,0.08319467554076539,9.672118186950684
fig3_Boston_0_256_random,Boston_0_256,random,lacam_focal_h,400,22,1,1201,1200,1.0008333333333332,,1203,1203.0,0.1662510390689942,9.679158926010132
fig3_Boston_0_256_random,Boston_0_256,random,dbs_hungarian,200,17,1,600,600,1.0,600,,600.0,0.0,17.391895294189453
fig3_Boston_0_256_random,Boston_0_256,random,dbs_hungarian,200,18,1,603,603,1.0,603,,603.0,0.0,17.368673086166382
fig3_Boston_0_256_random,Boston_0_256,random,dbs_hungarian,200,19,1,602,602,1.0,602,,602.0,0.0,17.498664140701294
fig3_Boston_0_256_random,Boston_0_256,random,lacam_focal_h,400,24,1,1201,1200,1.0008333333333332,,1202,1202.0,0.08319467554076539,9.71272087097168
fig3_Boston_0_256_random,Boston_0_256,random,dbs_hungarian,200,21,1,601,601,1.0,602,,602.0,0.16611295681063123,17.17555594444275
fig3_Boston_0_256_random,Boston_0_256,random,dbs_hungarian,200,23,1,605,603,1.0033167495854063,605,,605.0,0.0,17.055577754974365
fig3_Boston_0_256_random,Boston_0_256,random,lacam_focal_h,400,19,1,1202,1200,1.0016666666666667,,1202,1202.0,0.0,9.983030080795288
fig3_Boston_0_256_random,Boston_0_256,random,lacam_focal_h,400,25,1,1201,1200,1.0008333333333332,,1205,1205.0,0.33195020746887965,9.92706561088562
fig3_Boston_0_256_random,Boston_0_256,random,lacam_focal_h,400,27,1,1201,1200,1.0008333333333332,,1201,1201.0,0.0,9.679139614105225
fig3_Boston_0_256_random,Boston_0_256,random,lacam_focal_h,400,26,1,1201,1200,1.0008333333333332,,1202,1202.0,0.08319467554076539,9.789448022842407
fig3_Boston_0_256_random,Boston_0_256,random,dbs_hungarian,200,22,1,604,604,1.0,604,,604.0,0.0,17.46378207206726
fig3_Boston_0_256_random,Boston_0_256,random,lacam_focal_h,400,29,1,1203,1200,1.0025,,1203,1203.0,0.0,9.600902795791626
fig3_Boston_0_256_random,Boston_0_256,random,lacam_focal_h,400,28,1,1201,1200,1.0008333333333332,,1201,1201.0,0.0,9.63214921951294
fig3_Boston_0_256_random,Boston_0_256,random,lacam_focal_h,400,30,1,1205,1200,1.0041666666666667,,1208,1208.0,0.24834437086092714,9.600001573562622
fig3_Boston_0_256_random,Boston_0_256,random,dbs_hungarian,200,20,1,601,601,1.0,601,,601.0,0.0,18.04136610031128
fig3_Boston_0_256_random,Boston_0_256,random,dbs_hungarian,200,29,1,601,601,1.0,601,,601.0,0.0,17.11501455307007
fig3_Boston_0_256_random,Boston_0_256,random,dbs_hungarian,200,24,1,604,604,1.0,604,,604.0,0.0,18.04495620727539
fig3_Boston_0_256_random,Boston_0_256,random,lacam_focal_h,600,1,1,1805,1800,1.0027777777777778,,1807,1807.0,0.11068068622025456,9.665484428405762
fig3_Boston_0_256_random,Boston_0_256,random,lacam_focal_h,600,3,1,1802,1800,1.001111111111111,,1803,1803.0,0.05546311702717693,9.536251544952393
fig3_Boston_0_256_random,Boston_0_256,random,lacam_focal_h,600,6,1,1802,1800,1.001111111111111,,1802,1802.0,0.0,9.610414981842041
fig3_Boston_0_256_random,Boston_0_256,random,lacam_focal_h,600,4,1,1803,1800,1.0016666666666667,,1804,1804.0,0.05543237250554324,9.542855978012085
fig3_Boston_0_256_random,Boston_0_256,random,lacam_focal_h,600,5,1,1811,1800,1.0061111111111112,,1811,1811.0,0.0,9.577536821365356
fig3_Boston_0_256_random,Boston_0_256,random,lacam_focal_h,600,9,1,1804,1800,1.0022222222222221,,1804,1804.0,0.0,9.595486640930176
fig3_Boston_0_256_random,Boston_0_256,random,lacam_focal_h,600,7,1,1803,1800,1.0016666666666667,,1804,1804.0,0.05543237250554324,9.630979776382446
fig3_Boston_0_256_random,Boston_0_256,random,dbs_hungarian,200,28,1,602,602,1.0,602,,602.0,0.0,19.13843560218811
fig3_Boston_0_256_random,Boston_0_256,random,lacam_focal_h,600,12,1,1801,1800,1.0005555555555556,,1802,1802.0,0.05549389567147614,9.633296489715576
fig3_Boston_0_256_random,Boston_0_256,random,dbs_hungarian,200,30,1,601,601,1.0,601,,601.0,0.0,18.81168222427368
fig3_Boston_0_256_random,Boston_0_256,random,lacam_focal_h,600,8,1,1806,1800,1.0033333333333334,,1806,1806.0,0.0,9.88491940498352
fig3_Boston_0_256_random,Boston_0_256,random,lacam_focal_h,600,13,1,1804,1800,1.0022222222222221,,1805,1805.0,0.055401662049861494,9.599423885345459
fig3_Boston_0_256_random,Boston_0_256,random,dbs_hungarian,200,25,1,600,600,1.0,600,,600.0,0.0,20.28933072090149
fig3_Boston_0_256_random,Boston_0_256,random,dbs_hungarian,200,26,1,601,600,1.0016666666666667,601,,601.0,0.0,20.50189971923828
fig3_Boston_0_256_random,Boston_0_256,random,dbs_hungarian,200,27,1,602,602,1.0,602,,602.0,0.0,20.551799535751343
fig3_Boston_0_256_random,Boston_0_256,random,lacam_focal_h,600,15,1,1806,1800,1.0033333333333334,,1810,1810.0,0.22099447513812154,9.606400489807129
fig3_Boston_0_256_random,Boston_0_256,random,lacam_focal_h,600,16,1,1801,1800,1.0005555555555556,,1801,1801.0,0.0,9.568193197250366
fig3_Boston_0_256_random,Boston_0_256,random,lacam_focal_h,600,11,1,1809,1800,1.005,,1809,1809.0,0.0,10.575812101364136
fig3_Boston_0_256_random,Boston_0_256,random,lacam_focal_h,600,17,1,1809,1800,1.005,,1811,1811.0,0.11043622308117063,9.578893899917603
fig3_Boston_0_256_random,Boston_0_256,random,lacam_focal_h,600,2,1,1812,1800,1.0066666666666666,,1814,1814.0,0.11025358324145534,9.886294841766357
fig3_Boston_0_256_random,Boston_0_256,random,lacam_focal_h,600,18,1,1804,1800,1.0022222222222221,,1804,1804.0,0.0,9.58113169670105
fig3_Boston_0_256_random,Boston_0_256,random,lacam_focal_h,600,19,1,1802,1800,1.001111111111111,,1804,1804.0,0.11086474501108648,9.694243669509888
fig3_Boston_0_256_random,Boston_0_256,random,lacam_focal_h,600,20,1,1805,1800,1.0027777777777778,,1806,1806.0,0.05537098560354374,9.525446891784668
fig3_Boston_0_256_random,Boston_0_256,random,lacam_focal_h,600,21,1,1802,1800,1.001111111111111,,1802,1802.0,0.0,9.642531633377075
fig3_Boston_0_256_random,Boston_0_256,random,lacam_focal_h,600,10,1,1801,1800,1.0005555555555556,,1801,1801.0,0.0,10.335219860076904
fig3_Boston_0_256_random,Boston_0_256,random,lacam_focal_h,600,22,1,1801,1800,1.0005555555555556,,1804,1804.0,0.1662971175166297,9.701663494110107
fig3_Boston_0_256_random,Boston_0_256,random,lacam_focal_h,600,14,1,1803,1800,1.0016666666666667,,1805,1805.0,0.11080332409972299,9.678001165390015
fig3_Boston_0_256_random,Boston_0_256,random,lacam_focal_h,600,24,1,1800,1797,1.001669449081803,,1800,1800.0,0.0,9.567710161209106
fig3_Boston_0_256_random,Boston_0_256,random,lacam_focal_h,600,27,1,1803,1800,1.0016666666666667,,1807,1807.0,0.22136137244050913,9.508409976959229
fig3_Boston_0_256_random,Boston_0_256,random,lacam_focal_h,600,28,1,1805,1800,1.0027777777777778,,1805,1805.0,0.0,9.8255455493927
fig3_Boston_0_256_random,Boston_0_256,random,lacam_focal_h,600,29,1,1808,1800,1.0044444444444445,,1809,1809.0,0.055279159756771695,9.80228304862976
fig3_Boston_0_256_random,Boston_0_256,random,lacam_focal_h,600,25,1,1809,1800,1.005,,1810,1810.0,0.055248618784530384,9.993016004562378
fig3_Boston_0_256_random,Boston_0_256,random,lacam_focal_h,600,30,1,1804,1800,1.0022222222222221,,1810,1810.0,0.3314917127071823,9.572293519973755
fig3_Boston_0_256_random,Boston_0_256,random,lacam_focal_h,800,1,1,2405,2400,1.0020833333333334,,2405,2405.0,0.0,9.833332300186157
fig3_Boston_0_256_random,Boston_0_256,random,dbs_hungarian,400,4,1,1208,1203,1.0041562759767249,1208,,1208.0,0.0,26.37112283706665
fig3_Boston_0_256_random,Boston_0_256,random,lacam_focal_h,800,3,1,2417,2400,1.0070833333333333,,2417,2417.0,0.0,10.215924739837646
fig3_Boston_0_256_random,Boston_0_256,random,lacam_focal_h,800,2,1,2418,2400,1.0075,,2418,2418.0,0.0,10.515457153320312
fig3_Boston_0_256_random,Boston_0_256,random,lacam_focal_h,600,23,1,1801,1800,1.0005555555555556,,1802,1802.0,0.05549389567147614,10.184222221374512
fig3_Boston_0_256_random,Boston_0_256,random,lacam_focal_h,800,5,1,2413,2400,1.0054166666666666,,2413,2413.0,0.0,10.449130058288574
fig3_Boston_0_256_random,Boston_0_256,random,lacam_focal_h,800,4,1,2417,2400,1.0070833333333333,,2417,2417.0,0.0,10.676477909088135
fig3_Boston_0_256_random,Boston_0_256,random,dbs_hungarian,400,2,1,1208,1208,1.0,1213,,1213.0,0.41220115416323166,27.908397912979126
fig3_Boston_0_256_random,Boston_0_256,random,lacam_focal_h,800,7,1,2414,2400,1.0058333333333334,,2414,2414.0,0.0,10.38809871673584
fig3_Boston_0_256_random,Boston_0_256,random,lacam_focal_h,800,9,1,2409,2400,1.00375,,2409,2409.0,0.0,10.40094542503357
fig3_Boston_0_256_random,Boston_0_256,random,lacam_focal_h,800,8,1,2407,2400,1.0029166666666667,,2407,2407.0,0.0,10.542989253997803
fig3_Boston_0_256_random,Boston_0_256,random,lacam_focal_h,600,26,1,1803,1800,1.0016666666666667,,1808,1808.0,0.27654867256637167,10.02475357055664
fig3_Boston_0_256_random,Boston_0_256,random,lacam_focal_h,800,10,1,2404,2400,1.0016666666666667,,2409,2409.0,0.20755500207555003,10.298933744430542
fig3_Boston_0_256_random,Boston_0_256,random,lacam_focal_h,800,6,1,2409,2400,1.00375,,2409,2409.0,0.0,11.064547300338745
fig3_Boston_0_256_random,Boston_0_256,random,lacam_focal_h,800,11,1,2408,2400,1.0033333333333334,,2408,2408.0,0.0,10.053913593292236
fig3_Boston_0_256_random,Boston_0_256,random,lacam_focal_h,800,12,1,2405,2400,1.0020833333333334,,2409,2409.0,0.16604400166044,10.049421072006226
fig3_Boston_0_256_random,Boston_0_256,random,lacam_focal_h,800,13,1,2404,2400,1.0016666666666667,,2405,2405.0,0.04158004158004158,9.885358810424805
fig3_Boston_0_256_random,Boston_0_256,random,dbs_hungarian,400,1,1,1206,1206,1.0,1206,,1206.0,0.0,29.115753650665283
fig3_Boston_0_256_random,Boston_0_256,random,lacam_focal_h,800,14,1,2405,2400,1.0020833333333334,,2406,2406.0,0.04156275976724855,9.89617395401001
fig3_Boston_0_256_random,Boston_0_256,random,lacam_focal_h,800,15,1,2407,2400,1.0029166666666667,,2411,2411.0,0.1659062629614268,9.966625213623047
fig3_Boston_0_256_random,Boston_0_256,random,dbs_hungarian,400,7,1,1200,1200,1.0,1201,,1201.0,0.08326394671107411,28.451688051223755
fig3_Boston_0_256_random,Boston_0_256,random,dbs_hungarian,400,9,1,1200,1200,1.0,1200,,1200.0,0.0,27.716010570526123
fig3_Boston_0_256_random,Boston_0_256,random,dbs_hungarian,400,5,1,1200,1200,1.0,1200,,1200.0,0.0,29.218902349472046
fig3_Boston_0_256_random,Boston_0_256,random,lacam_focal_h,800,16,1,2409,2400,1.00375,,2410,2410.0,0.04149377593360996,9.935159921646118
fig3_Boston_0_256_random,Boston_0_256,random,dbs_hungarian,400,3,0,,,nan,,,nan,nan,30.197559356689453
fig3_Boston_0_256_random,Boston_0_256,random,lacam_focal_h,800,17,1,2407,2400,1.0029166666666667,,2407,2407.0,0.0,9.708292961120605
fig3_Boston_0_256_random,Boston_0_256,random,dbs_hungarian,400,6,1,1200,1200,1.0,1202,,1202.0,0.16638935108153077,29.327504873275757
fig3_Boston_0_256_random,Boston_0_256,random,dbs_hungarian,400,8,1,1200,1200,1.0,1200,,1200.0,0.0,29.648160457611084
fig3_Boston_0_256_random,Boston_0_256,random,dbs_hungarian,400,13,1,1201,1200,1.0008333333333332,1205,,1205.0,0.33195020746887965,28.427628993988037
fig3_Boston_0_256_random,Boston_0_256,random,lacam_focal_h,800,18,1,2423,2400,1.0095833333333333,,2426,2426.0,0.1236603462489695,9.961510419845581
fig3_Boston_0_256_random,Boston_0_256,random,dbs_hungarian,400,19,1,1200,1200,1.0,1200,,1200.0,0.0,27.26105308532715
fig3_Boston_0_256_random,Boston_0_256,random,dbs_hungarian,400,16,1,1202,1200,1.0016666666666667,1202,,1202.0,0.0,28.28511142730713
fig3_Boston_0_256_random,Boston_0_256,random,dbs_hungarian,400,15,1,1201,1200,1.0008333333333332,1201,,1201.0,0.0,28.376217365264893
fig3_Boston_0_256_random,Boston_0_256,random,dbs_hungarian,400,10,0,,,nan,,,nan,nan,30.4284884929657
fig3_Boston_0_256_random,Boston_0_256,random,dbs_hungarian,400,12,1,1200,1200,1.0,1200,,1200.0,0.0,29.95298409461975
fig3_Boston_0_256_random,Boston_0_256,random,dbs_hungarian,400,23,1,1201,1200,1.0008333333333332,1201,,1201.0,0.0,27.69998264312744
fig3_Boston_0_256_random,Boston_0_256,random,dbs_hungarian,400,18,1,1202,1200,1.0016666666666667,1202,,1202.0,0.0,28.526527881622314
fig3_Boston_0_256_random,Boston_0_256,random,dbs_hungarian,400,11,0,,,nan,,,nan,nan,30.597562313079834
fig3_Boston_0_256_random,Boston_0_256,random,lacam_focal_h,800,20,1,2414,2400,1.0058333333333334,,2421,2421.0,0.28913672036348614,9.822795867919922
fig3_Boston_0_256_random,Boston_0_256,random,lacam_focal_h,800,19,1,2405,2400,1.0020833333333334,,2409,2409.0,0.16604400166044,10.719920635223389
fig3_Boston_0_256_random,Boston_0_256,random,dbs_hungarian,400,24,1,1205,1200,1.0041666666666667,1205,,1205.0,0.0,28.127225399017334
fig3_Boston_0_256_random,Boston_0_256,random,dbs_hungarian,400,17,1,1200,1200,1.0,1200,,1200.0,0.0,29.595125913619995
fig3_Boston_0_256_random,Boston_0_256,random,dbs_hungarian,400,14,0,,,nan,,,nan,nan,30.556784868240356
fig3_Boston_0_256_random,Boston_0_256,random,dbs_hungarian,400,20,1,1205,1200,1.0041666666666667,1205,,1205.0,0.0,29.087968587875366
fig3_Boston_0_256_random,Boston_0_256,random,lacam_focal_h,800,21,1,2405,2400,1.0020833333333334,,2405,2405.0,0.0,9.821840763092041
fig3_Boston_0_256_random,Boston_0_256,random,dbs_hungarian,400,27,1,1200,1200,1.0,1201,,1201.0,0.08326394671107411,28.684090614318848
fig3_Boston_0_256_random,Boston_0_256,random,dbs_hungarian,400,25,1,1200,1200,1.0,1200,,1200.0,0.0,29.002913236618042
fig3_Boston_0_256_random,Boston_0_256,random,dbs_hungarian,400,29,1,1201,1200,1.0008333333333332,1201,,1201.0,0.0,28.6736056804657
fig3_Boston_0_256_random,Boston_0_256,random,lacam_focal_h,800,22,1,2407,2400,1.0029166666666667,,2408,2408.0,0.04152823920265781,9.839929103851318
fig3_Boston_0_256_random,Boston_0_256,random,lacam_focal_h,800,23,1,2404,2400,1.0016666666666667,,2404,2404.0,0.0,9.908322811126709
fig3_Boston_0_256_random,Boston_0_256,random,dbs_hungarian,400,26,1,1200,1200,1.0,1200,,1200.0,0.0,29.337619066238403
fig3_Boston_0_256_random,Boston_0_256,random,dbs_hungarian,400,22,0,,,nan,,,nan,nan,30.532039642333984
fig3_Boston_0_256_random,Boston_0_256,random,dbs_hungarian,400,28,1,1201,1200,1.0008333333333332,1203,,1203.0,0.1662510390689942,29.80621910095215
fig3_Boston_0_256_random,Boston_0_256,random,dbs_hungarian,400,30,1,1202,1200,1.0016666666666667,1207,,1207.0,0.4142502071251036,28.547430276870728
fig3_Boston_0_256_random,Boston_0_256,random,dbs_hungarian,400,21,0,,,nan,,,nan,nan,30.562132835388184
fig3_Boston_0_256_random,Boston_0_256,random,lacam_focal_h,800,25,1,2413,2400,1.0054166666666666,,2414,2414.0,0.041425020712510356,9.787951946258545
fig3_Boston_0_256_random,Boston_0_256,random,lacam_focal_h,800,26,1,2409,2400,1.00375,,2409,2409.0,0.0,9.776072263717651
fig3_Boston_0_256_random,Boston_0_256,random,lacam_focal_h,800,24,1,2409,2397,1.0050062578222778,,2409,2409.0,0.0,10.568306922912598
fig3_Boston_0_256_random,Boston_0_256,random,dbs_hungarian,600,1,0,,,nan,,,nan,nan,30.436689615249634
fig3_Boston_0_256_random,Boston_0_256,random,dbs_hungarian,600,2,0,,,nan,,,nan,nan,30.485657930374146
fig3_Boston_0_256_hotspot,Boston_0_256,hotspot,lacam_focal_h,200,1,1,47246,32918,1.435263381736436,,33772,33772.0,-39.896956058273126,9.24764370918274
fig3_Boston_0_256_random,Boston_0_256,random,dbs_hungarian,600,6,0,,,nan,,,nan,nan,30.064420461654663
fig3_Boston_0_256_random,Boston_0_256,random,dbs_hungarian,600,4,0,,,nan,,,nan,nan,30.29655647277832
fig3_Boston_0_256_hotspot,Boston_0_256,hotspot,lacam_focal_h,200,2,1,52499,38425,1.3662719583604424,,39599,39599.0,-32.57658021667214,9.284229516983032
fig3_Boston_0_256_random,Boston_0_256,random,lacam_focal_h,800,27,1,2407,2400,1.0029166666666667,,2407,2407.0,0.0,9.902156829833984
fig3_Boston_0_256_random,Boston_0_256,random,dbs_hungarian,600,3,0,,,nan,,,nan,nan,30.71345329284668
fig3_Boston_0_256_hotspot,Boston_0_256,hotspot,lacam_focal_h,200,3,1,38092,29374,1.2967930823176959,,29987,29987.0,-27.02837896421783,9.270925521850586
fig3_Boston_0_256_hotspot,Boston_0_256,hotspot,lacam_focal_h,200,4,1,43877,30637,1.432157195547867,,31667,31667.0,-38.55748886853823,9.362363576889038
fig3_Boston_0_256_random,Boston_0_256,random,dbs_hungarian,600,12,0,,,nan,,,nan,nan,30.066760778427124
fig3_Boston_0_256_random,Boston_0_256,random,dbs_hungarian,600,8,0,,,nan,,,nan,nan,30.653910636901855
fig3_Boston_0_256_random,Boston_0_256,random,dbs_hungarian,600,11,0,,,nan,,,nan,nan,30.086952686309814
fig3_Boston_0_256_random,Boston_0_256,random,dbs_hungarian,600,9,0,,,nan,,,nan,nan,30.35961627960205
fig3_Boston_0_256_hotspot,Boston_0_256,hotspot,lacam_focal_h,200,5,1,57271,38357,1.4931042573715358,,41016,41016.0,-39.63087575580261,9.364521503448486
fig3_Boston_0_256_random,Boston_0_256,random,lacam_focal_h,800,30,1,2404,2400,1.0016666666666667,,2406,2406.0,0.0831255195344971,9.967848777770996
fig3_Boston_0_256_random,Boston_0_256,random,dbs_hungarian,600,5,0,,,nan,,,nan,nan,31.07805895805359
fig3_Boston_0_256_random,Boston_0_256,random,lacam_focal_h,800,28,1,2413,2400,1.0054166666666666,,2413,2413.0,0.0,9.994060754776001
fig3_Boston_0_256_random,Boston_0_256,random,dbs_hungarian,600,7,0,,,nan,,,nan,nan,31.022539138793945
fig3_Boston_0_256_random,Boston_0_256,random,dbs_hungarian,600,14,0,,,nan,,,nan,nan,30.163835763931274
fig3_Boston_0_256_random,Boston_0_256,random,dbs_hungarian,600,10,0,,,nan,,,nan,nan,30.956042289733887
fig3_Boston_0_256_random,Boston_0_256,random,dbs_hungarian,600,13,0,,,nan,,,nan,nan,30.557599306106567
fig3_Boston_0_256_hotspot,Boston_0_256,hotspot,lacam_focal_h,200,6,1,73057,49860,1.4652426795026072,,52633,52633.0,-38.80455227708852,9.557459592819214
fig3_Boston_0_256_hotspot,Boston_0_256,hotspot,lacam_focal_h,200,8,1,45294,31130,1.4549951814969482,,32394,32394.0,-39.82218929431376,9.30027151107788
fig3_Boston_0_256_hotspot,Boston_0_256,hotspot,lacam_focal_h,200,7,1,33116,26044,1.2715404699738904,,26757,26757.0,-23.76574354374556,9.302688837051392
fig3_Boston_0_256_random,Boston_0_256,random,dbs_hungarian,600,15,0,,,nan,,,nan,nan,30.41146731376648
fig3_Boston_0_256_random,Boston_0_256,random,dbs_hungarian,600,16,0,,,nan,,,nan,nan,30.283018827438354
fig3_Boston_0_256_hotspot,Boston_0_256,hotspot,lacam_focal_h,200,9,1,38174,27768,1.3747479112647651,,28592,28592.0,-33.51287073307219,9.38814902305603
fig3_Boston_0_256_hotspot,Boston_0_256,hotspot,lacam_focal_h,200,10,1,53885,38190,1.4109714584969888,,39532,39532.0,-36.30729535566124,9.254301071166992
fig3_Boston_0_256_hotspot,Boston_0_256,hotspot,lacam_focal_h,200,11,1,40915,29124,1.4048551023211098,,30690,30690.0,-33.31704138155751,9.325688600540161
fig3_Boston_0_256_random,Boston_0_256,random,dbs_hungarian,600,17,0,,,nan,,,nan,nan,30.894114017486572
fig3_Boston_0_256_hotspot,Boston_0_256,hotspot,lacam_focal_h,200,12,1,57866,39901,1.4502393423723716,,41975,41975.0,-37.858248957712924,9.342074155807495
fig3_Boston_0_256_hotspot,Boston_0_256,hotspot,lacam_focal_h,200,13,1,38108,28672,1.3291015625,,29308,29308.0,-30.025931486283607,9.288206100463867
fig3_Boston_0_256_hotspot,Boston_0_256,hotspot,lacam_focal_h,200,14,1,49880,34214,1.457882738060443,,35247,35247.0,-41.51558997928902,9.27721381187439
fig3_Boston_0_256_random,Boston_0_256,random,dbs_hungarian,600,18,0,,,nan,,,nan,nan,30.77371120452881
fig3_Boston_0_256_hotspot,Boston_0_256,hotspot,lacam_focal_h,200,15,1,46273,33215,1.393135631491796,,34140,34140.0,-35.53895723491505,9.236007452011108
fig3_Boston_0_256_hotspot,Boston_0_256,hotspot,lacam_focal_h,200,16,1,46247,32919,1.4048725659953218,,33561,33561.0,-37.79982718035815,9.291259288787842
fig3_Boston_0_256_random,Boston_0_256,random,dbs_hungarian,600,19,0,,,nan,,,nan,nan,30.747973680496216
fig3_Boston_0_256_random,Boston_0_256,random,lacam_focal_h,800,29,1,2417,2400,1.0070833333333333,,2419,2419.0,0.0826787928896238,9.90230655670166
fig3_Boston_0_256_random,Boston_0_256,random,dbs_hungarian,600,20,0,,,nan,,,nan,nan,30.493216514587402
fig3_Boston_0_256_hotspot,Boston_0_256,hotspot,lacam_focal_h,200,17,1,45947,32068,1.4327990520144693,,33275,33275.0,-38.082644628099175,9.218171834945679
fig3_Boston_0_256_hotspot,Boston_0_256,hotspot,lacam_focal_h,200,18,1,40638,30831,1.3180889364600565,,32104,32104.0,-26.58235733864939,9.229955911636353
fig3_Boston_0_256_hotspot,Boston_0_256,hotspot,lacam_focal_h,200,19,1,61951,39634,1.5630771559771912,,42934,42934.0,-44.29356687007966,9.281481742858887
fig3_Boston_0_256_random,Boston_0_256,random,dbs_hungarian,600,21,0,,,nan,,,nan,nan,30.671261310577393
fig3_Boston_0_256_hotspot,Boston_0_256,hotspot,lacam_focal_h,200,20,1,48563,34912,1.3910116865261228,,36259,36259.0,-33.93364406078491,9.264678001403809
fig3_Boston_0_256_random,Boston_0_256,random,dbs_hungarian,600,22,0,,,nan,,,nan,nan,30.54245924949646
fig3_Boston_0_256_random,Boston_0_256,random,dbs_hungarian,600,23,0,,,nan,,,nan,nan,30.48425030708313
fig3_Boston_0_256_hotspot,Boston_0_256,hotspot,lacam_focal_h,200,21,1,47109,34270,1.3746425444995622,,34925,34925.0,-34.88618468146027,9.23924469947815
fig3_Boston_0_256_random,Boston_0_256,random,dbs_hungarian,600,24,0,,,nan,,,nan,nan,30.764439582824707
fig3_Boston_0_256_random,Boston_0_256,random,dbs_hungarian,600,25,0,,,nan,,,nan,nan,30.786059617996216
fig3_Boston_0_256_random,Boston_0_256,random,dbs_hungarian,600,29,0,,,nan,,,nan,nan,30.144665956497192
fig3_Boston_0_256_hotspot,Boston_0_256,hotspot,lacam_focal_h,200,22,1,50151,33286,1.5066694706483206,,33997,33997.0,-47.51595729034915,9.305195093154907
fig3_Boston_0_256_hotspot,Boston_0_256,hotspot,lacam_focal_h,200,23,1,49107,35968,1.3652969306049823,,37512,37512.0,-30.910108765195137,9.286996603012085
fig3_Boston_0_256_random,Boston_0_256,random,dbs_hungarian,600,26,0,,,nan,,,nan,nan,30.878059148788452
fig3_Boston_0_256_random,Boston_0_256,random,dbs_hungarian,600,27,0,,,nan,,,nan,nan,30.824712991714478
fig3_Boston_0_256_hotspot,Boston_0_256,hotspot,lacam_focal_h,200,24,1,41109,29925,1.373734335839599,,30834,30834.0,-33.32360381397159,9.209321975708008
fig3_Boston_0_256_random,Boston_0_256,random,dbs_hungarian,600,28,0,,,nan,,,nan,nan,30.757246732711792
fig3_Boston_0_256_random,Boston_0_256,random,dbs_hungarian,800,1,0,,,nan,,,nan,nan,30.05204701423645
fig3_Boston_0_256_random,Boston_0_256,random,dbs_hungarian,800,2,0,,,nan,,,nan,nan,30.05089235305786
fig3_Boston_0_256_random,Boston_0_256,random,dbs_hungarian,800,3,0,,,nan,,,nan,nan,30.057231187820435
fig3_Boston_0_256_hotspot,Boston_0_256,hotspot,lacam_focal_h,200,25,1,42602,31280,1.3619565217391305,,32135,32135.0,-32.57196203516415,9.259133577346802
fig3_Boston_0_256_random,Boston_0_256,random,dbs_hungarian,600,30,0,,,nan,,,nan,nan,30.60148048400879
fig3_Boston_0_256_random,Boston_0_256,random,dbs_hungarian,800,4,0,,,nan,,,nan,nan,30.051227569580078
fig3_Boston_0_256_random,Boston_0_256,random,dbs_hungarian,800,5,0,,,nan,,,nan,nan,30.05339241027832
fig3_Boston_0_256_random,Boston_0_256,random,dbs_hungarian,800,6,0,,,nan,,,nan,nan,30.04817819595337
fig3_Boston_0_256_random,Boston_0_256,random,dbs_hungarian,800,7,0,,,nan,,,nan,nan,30.050901651382446
fig3_Boston_0_256_random,Boston_0_256,random,dbs_hungarian,800,8,0,,,nan,,,nan,nan,30.049497842788696
fig3_Boston_0_256_hotspot,Boston_0_256,hotspot,lacam_focal_h,200,26,1,36007,26906,1.3382516910726232,,27943,27943.0,-28.858748165909173,9.233616590499878
fig3_Boston_0_256_random,Boston_0_256,random,dbs_hungarian,800,9,0,,,nan,,,nan,nan,30.046263694763184
fig3_Boston_0_256_hotspot,Boston_0_256,hotspot,lacam_focal_h,200,27,1,51608,37136,1.389702714347264,,37903,37903.0,-36.15808775031,9.201324701309204
fig3_Boston_0_256_hotspot,Boston_0_256,hotspot,lacam_focal_h,200,28,1,37651,28303,1.3302830088683177,,29249,29249.0,-28.72576840233854,9.192678213119507
fig3_Boston_0_256_random,Boston_0_256,random,dbs_hungarian,800,10,0,,,nan,,,nan,nan,30.047528743743896
fig3_Boston_0_256_hotspot,Boston_0_256,hotspot,lacam_focal_h,200,29,1,56789,38376,1.4798050865124035,,39773,39773.0,-42.782792346566765,9.19713020324707
fig3_Boston_0_256_random,Boston_0_256,random,dbs_hungarian,800,11,0,,,nan,,,nan,nan,30.04233169555664
fig3_Boston_0_256_hotspot,Boston_0_256,hotspot,lacam_focal_h,200,30,1,68902,37086,1.8578978590303619,,46427,46427.0,-48.40933077734939,9.191178560256958
fig3_Boston_0_256_random,Boston_0_256,random,dbs_hungarian,800,12,0,,,nan,,,nan,nan,30.04371190071106
fig3_Boston_0_256_hotspot,Boston_0_256,hotspot,lacam_focal_h,400,1,1,100449,64708,1.5523428324163937,,69088,69088.0,-45.39283232978231,9.335886240005493
fig3_Boston_0_256_hotspot,Boston_0_256,hotspot,dbs_hungarian,200,5,0,,38357,nan,,,nan,nan,19.26680898666382
fig3_Boston_0_256_hotspot,Boston_0_256,hotspot,lacam_focal_h,400,2,1,113993,76363,1.492777916006443,,83246,83246.0,-36.93510799317685,9.30256199836731
fig3_Boston_0_256_random,Boston_0_256,random,dbs_hungarian,800,13,0,,,nan,,,nan,nan,30.045457363128662
fig3_Boston_0_256_hotspot,Boston_0_256,hotspot,lacam_focal_h,400,3,1,89710,57060,1.5722046968103751,,61318,61318.0,-46.30288006784305,9.307866334915161
fig3_Boston_0_256_random,Boston_0_256,random,dbs_hungarian,800,14,0,,,nan,,,nan,nan,30.050499439239502
fig3_Boston_0_256_hotspot,Boston_0_256,hotspot,dbs_hungarian,200,4,0,,30637,nan,,,nan,nan,19.983487844467163
fig3_Boston_0_256_random,Boston_0_256,random,dbs_hungarian,800,15,0,,,nan,,,nan,nan,30.042957305908203
fig3_Boston_0_256_random,Boston_0_256,random,dbs_hungarian,800,16,0,,,nan,,,nan,nan,30.043147563934326
fig3_Boston_0_256_hotspot,Boston_0_256,hotspot,lacam_focal_h,400,4,0,0,,nan,,0,0.0,nan,10.184314727783203
fig3_Boston_0_256_hotspot,Boston_0_256,hotspot,lacam_focal_h,400,5,0,0,,nan,,0,0.0,nan,10.192479372024536
fig3_Boston_0_256_hotspot,Boston_0_256,hotspot,lacam_focal_h,400,7,1,73621,51365,1.4332911515623479,,54499,54499.0,-35.08688232811611,9.437734603881836
fig3_Boston_0_256_hotspot,Boston_0_256,hotspot,dbs_hungarian,200,2,0,,38425,nan,,,nan,nan,21.444799184799194
fig3_Boston_0_256_hotspot,Boston_0_256,hotspot,lacam_focal_h,400,6,0,0,,nan,,0,0.0,nan,10.17435622215271
fig3_Boston_0_256_random,Boston_0_256,random,dbs_hungarian,800,17,0,,,nan,,,nan,nan,30.046393394470215
fig3_Boston_0_256_hotspot,Boston_0_256,hotspot,lacam_focal_h,400,9,1,87880,57937,1.5168199941315568,,61998,61998.0,-41.74650795186942,9.250189065933228
fig3_Boston_0_256_hotspot,Boston_0_256,hotspot,lacam_focal_h,400,8,1,101043,61373,1.6463754419695957,,68716,68716.0,-47.044356481750974,9.565902709960938
fig3_Boston_0_256_hotspot,Boston_0_256,hotspot,dbs_hungarian,200,3,0,,29374,nan,,,nan,nan,22.022814989089966
fig3_Boston_0_256_random,Boston_0_256,random,dbs_hungarian,800,18,0,,,nan,,,nan,nan,30.05163311958313
fig3_Boston_0_256_hotspot,Boston_0_256,hotspot,dbs_hungarian,200,9,0,,27768,nan,,,nan,nan,19.82586121559143
fig3_Boston_0_256_hotspot,Boston_0_256,hotspot,dbs_hungarian,200,11,0,,29124,nan,,,nan,nan,18.863465785980225
fig3_Boston_0_256_hotspot,Boston_0_256,hotspot,dbs_hungarian,200,1,0,,32918,nan,,,nan,nan,22.703546047210693
fig3_Boston_0_256_hotspot,Boston_0_256,hotspot,dbs_hungarian,200,12,0,,39901,nan,,,nan,nan,18.70931363105774
fig3_Boston_0_256_hotspot,Boston_0_256,hotspot,dbs_hungarian,200,7,0,,26044,nan,,,nan,nan,21.26603937149048
fig3_Boston_0_256_hotspot,Boston_0_256,hotspot,lacam_focal_h,400,10,1,130624,77221,1.691560585850999,,85617,85617.0,-52.567831155027626,9.31196641921997
fig3_Boston_0_256_hotspot,Boston_0_256,hotspot,dbs_hungarian,200,13,0,,28672,nan,,,nan,nan,18.6667058467865
fig3_Boston_0_256_random,Boston_0_256,random,dbs_hungarian,800,19,0,,,nan,,,nan,nan,30.046703577041626
fig3_Boston_0_256_hotspot,Boston_0_256,hotspot,dbs_hungarian,200,6,0,,49860,nan,,,nan,nan,22.070918321609497
fig3_Boston_0_256_hotspot,Boston_0_256,hotspot,dbs_hungarian,200,8,0,,31130,nan,,,nan,nan,21.379339933395386
fig3_Boston_0_256_hotspot,Boston_0_256,hotspot,dbs_hungarian,200,10,0,,38190,nan,,,nan,nan,20.9574077129364
fig3_Boston_0_256_hotspot,Boston_0_256,hotspot,lacam_focal_h,400,11,1,100549,59499,1.6899275618077614,,69243,69243.0,-45.21179036148058,9.258673667907715
fig3_Boston_0_256_hotspot,Boston_0_256,hotspot,dbs_hungarian,200,17,0,,32068,nan,,,nan,nan,18.485245943069458
fig3_Boston_0_256_hotspot,Boston_0_256,hotspot,lacam_focal_h,400,12,1,123861,78776,1.5723189804001219,,88775,88775.0,-39.52238805970149,9.257528305053711
fig3_Boston_0_256_hotspot,Boston_0_256,hotspot,lacam_focal_h,400,13,1,87801,57346,1.5310745300456876,,61565,61565.0,-42.615122228538944,9.277481079101562
fig3_Boston_0_256_hotspot,Boston_0_256,hotspot,dbs_hungarian,200,14,0,,34214,nan,,,nan,nan,19.442795038223267
fig3_Boston_0_256_random,Boston_0_256,random,dbs_hungarian,800,20,0,,,nan,,,nan,nan,30.046324253082275
fig3_Boston_0_256_hotspot,Boston_0_256,hotspot,dbs_hungarian,200,16,0,,32919,nan,,,nan,nan,19.537277698516846
fig3_Boston_0_256_random,Boston_0_256,random,dbs_hungarian,800,21,0,,,nan,,,nan,nan,30.045888662338257
fig3_Boston_0_256_hotspot,Boston_0_256,hotspot,dbs_hungarian,200,15,0,,33215,nan,,,nan,nan,19.761427402496338
fig3_Boston_0_256_hotspot,Boston_0_256,hotspot,lacam_focal_h,400,15,1,113571,69115,1.6432178253635246,,74164,74164.0,-53.13494417776819,9.282204151153564
fig3_Boston_0_256_hotspot,Boston_0_256,hotspot,dbs_hungarian,200,22,0,,33286,nan,,,nan,nan,17.88197636604309
fig3_Boston_0_256_hotspot,Boston_0_256,hotspot,lacam_focal_h,400,16,1,107457,67588,1.5898828194354027,,71039,71039.0,-51.264798209434254,9.262042045593262
fig3_Boston_0_256_hotspot,Boston_0_256,hotspot,dbs_hungarian,200,18,0,,30831,nan,,,nan,nan,19.48227286338806
fig3_Boston_0_256_hotspot,Boston_0_256,hotspot,lacam_focal_h,400,14,0,0,,nan,,0,0.0,nan,10.20075273513794
fig3_Boston_0_256_hotspot,Boston_0_256,hotspot,lacam_focal_h,400,17,1,102325,63199,1.619092074241681,,69475,69475.0,-47.28319539402663,9.293623447418213
fig3_Boston_0_256_hotspot,Boston_0_256,hotspot,lacam_focal_h,400,18,1,96840,61723,1.5689451258039953,,70422,70422.0,-37.5138451052228,9.256693124771118
fig3_Boston_0_256_random,Boston_0_256,random,dbs_hungarian,800,22,0,,,nan,,,nan,nan,30.0446834564209
fig3_Boston_0_256_hotspot,Boston_0_256,hotspot,lacam_focal_h,400,19,1,141944,78984,1.7971234680441608,,91497,91497.0,-55.13514104287572,9.264964818954468
fig3_Boston_0_256_random,Boston_0_256,random,dbs_hungarian,800,23,0,,,nan,,,nan,nan,30.04693603515625
fig3_Boston_0_256_random,Boston_0_256,random,dbs_hungarian,800,24,0,,,nan,,,nan,nan,30.056907892227173
fig3_Boston_0_256_hotspot,Boston_0_256,hotspot,dbs_hungarian,200,19,0,,39634,nan,,,nan,nan,20.26369571685791
fig3_Boston_0_256_hotspot,Boston_0_256,hotspot,lacam_focal_h,400,20,1,109700,68012,1.6129506557666293,,74845,74845.0,-46.56957712606052,9.24439549446106
fig3_Boston_0_256_hotspot,Boston_0_256,hotspot,lacam_focal_h,400,21,1,99842,65998,1.5128034182854027,,69275,69275.0,-44.12414290869722,9.295484781265259
fig3_Boston_0_256_hotspot,Boston_0_256,hotspot,lacam_focal_h,400,23,1,112208,71992,1.5586176241804646,,81048,81048.0,-38.446352778600335,9.261651754379272
fig3_Boston_0_256_hotspot,Boston_0_256,hotspot,lacam_focal_h,400,22,1,111733,68323,1.635364372173353,,72162,72162.0,-54.836340456195785,9.267496347427368
fig3_Boston_0_256_hotspot,Boston_0_256,hotspot,dbs_hungarian,200,20,0,,34912,nan,,,nan,nan,20.52579665184021
fig3_Boston_0_256_hotspot,Boston_0_256,hotspot,dbs_hungarian,200,25,0,,31280,nan,,,nan,nan,18.88259720802307
fig3_Boston_0_256_hotspot,Boston_0_256,hotspot,lacam_focal_h,400,24,1,102426,61486,1.6658426308427934,,66950,66950.0,-52.98879761015684,9.2324697971344
fig3_Boston_0_256_hotspot,Boston_0_256,hotspot,dbs_hungarian,200,21,0,,34270,nan,,,nan,nan,20.393404960632324
fig3_Boston_0_256_hotspot,Boston_0_256,hotspot,dbs_hungarian,200,23,0,,35968,nan,,,nan,nan,19.691823720932007
fig3_Boston_0_256_hotspot,Boston_0_256,hotspot,lacam_focal_h,400,25,1,104051,62884,1.6546498314356592,,67617,67617.0,-53.88289927089341,9.24687933921814
fig3_Boston_0_256_random,Boston_0_256,random,dbs_hungarian,800,25,0,,,nan,,,nan,nan,30.0477192401886
fig3_Boston_0_256_hotspot,Boston_0_256,hotspot,lacam_focal_h,400,26,1,84293,55712,1.5130133543940265,,60267,60267.0,-39.86592994507774,9.281326293945312
fig3_Boston_0_256_random,Boston_0_256,random,dbs_hungarian,800,26,0,,,nan,,,nan,nan,30.04398488998413
fig3_Boston_0_256_hotspot,Boston_0_256,hotspot,dbs_hungarian,200,27,0,,37136,nan,,,nan,nan,18.551709175109863
fig3_Boston_0_256_hotspot,Boston_0_256,hotspot,dbs_hungarian,200,24,0,,29925,nan,,,nan,nan,19.993247985839844
fig3_Boston_0_256_hotspot,Boston_0_256,hotspot,lacam_focal_h,400,28,1,90821,58025,1.5652046531667385,,63770,63770.0,-42.419633056296064,9.256085634231567
fig3_Boston_0_256_hotspot,Boston_0_256,hotspot,lacam_focal_h,400,29,1,155440,77696,2.000617792421746,,87311,87311.0,-78.03025964655083,9.237656593322754
fig3_Boston_0_256_hotspot,Boston_0_256,hotspot,dbs_hungarian,200,26,0,,26906,nan,,,nan,nan,19.419398069381714
fig3_Boston_0_256_hotspot,Boston_0_256,hotspot,lacam_focal_h,400,30,1,156034,76114,2.0500039414562368,,103149,103149.0,-51.27049220060301,9.19469141960144
fig3_Boston_0_256_hotspot,Boston_0_256,hotspot,lacam_focal_h,400,27,1,123616,75029,1.6475762705087367,,79678,79678.0,-55.14445643715957,9.724493265151978
fig3_Boston_0_256_random,Boston_0_256,random,dbs_hungarian,800,27,0,,,nan,,,nan,nan,30.068246841430664
fig3_Boston_0_256_hotspot,Boston_0_256,hotspot,dbs_hungarian,200,29,1,59436,38376,1.548780487804878,59436,,59436.0,0.0,18.92754817008972
fig3_Boston_0_256_hotspot,Boston_0_256,hotspot,dbs_hungarian,200,28,0,,28303,nan,,,nan,nan,19.180134057998657
fig3_Boston_0_256_random,Boston_0_256,random,dbs_hungarian,800,28,0,,,nan,,,nan,nan,30.047622203826904
fig3_Boston_0_256_hotspot,Boston_0_256,hotspot,dbs_hungarian,200,30,1,67403,37086,1.8174782936957343,67403,,67403.0,0.0,19.35482668876648
fig3_Boston_0_256_hotspot,Boston_0_256,hotspot,lacam_focal_h,600,2,1,195054,115597,1.6873621287749683,,143091,143091.0,-36.31465291318112,9.579237222671509
fig3_Boston_0_256_random,Boston_0_256,random,dbs_hungarian,800,29,0,,,nan,,,nan,nan,30.048431158065796
fig3_Boston_0_256_hotspot,Boston_0_256,hotspot,lacam_focal_h,600,3,1,143916,82938,1.7352239021919988,,96182,96182.0,-49.6288286789628,9.32679557800293
fig3_Boston_0_256_random,Boston_0_256,random,dbs_hungarian,800,30,0,,,nan,,,nan,nan,30.04887628555298
fig3_Boston_0_256_hotspot,Boston_0_256,hotspot,lacam_focal_h,600,1,1,160065,94289,1.6975999321235775,,105632,105632.0,-51.53078612541654,10.294010877609253
fig3_Boston_0_256_hotspot,Boston_0_256,hotspot,lacam_focal_h,600,4,1,173303,93342,1.8566454543506674,,109563,109563.0,-58.17657420844628,9.26906132698059
fig3_Boston_0_256_hotspot,Boston_0_256,hotspot,lacam_focal_h,600,5,1,201688,116283,1.7344581753136743,,144225,144225.0,-39.84260703761484,9.405682802200317
fig3_Boston_0_256_hotspot,Boston_0_256,hotspot,lacam_focal_h,600,7,1,123089,79682,1.544752892748676,,88854,88854.0,-38.52949782789745,9.336121082305908
fig3_Boston_0_256_hotspot,Boston_0_256,hotspot,lacam_focal_h,600,6,0,0,,nan,,0,0.0,nan,10.197654485702515
fig3_Boston_0_256_hotspot,Boston_0_256,hotspot,lacam_focal_h,600,9,1,162636,87192,1.8652628681530417,,102031,102031.0,-59.39861414668091,9.333306789398193
fig3_Boston_0_256_hotspot,Boston_0_256,hotspot,lacam_focal_h,600,11,1,175480,89636,1.9576955687447009,,116947,116947.0,-50.05087774803971,9.319656610488892
fig3_Boston_0_256_hotspot,Boston_0_256,hotspot,lacam_focal_h,600,13,1,153304,86602,1.7702131590494445,,99046,99046.0,-54.7806069906912,9.285491943359375
fig3_Boston_0_256_hotspot,Boston_0_256,hotspot,lacam_focal_h,600,8,0,0,,nan,,0,0.0,nan,10.207971334457397
fig3_Boston_0_256_hotspot,Boston_0_256,hotspot,lacam_focal_h,600,10,0,0,,nan,,0,0.0,nan,10.192814826965332
fig3_Boston_0_256_hotspot,Boston_0_256,hotspot,lacam_focal_h,600,12,0,0,,nan,,0,0.0,nan,10.211244106292725
fig3_Boston_0_256_hotspot,Boston_0_256,hotspot,lacam_focal_h,600,16,1,184576,98937,1.8655912348262025,,110703,110703.0,-66.73080223661509,9.367605447769165
fig3_Boston_0_256_hotspot,Boston_0_256,hotspot,lacam_focal_h,600,14,0,0,,nan,,0,0.0,nan,10.213738203048706
fig3_Boston_0_256_hotspot,Boston_0_256,hotspot,lacam_focal_h,600,18,1,164559,94237,1.7462249434935322,,114366,114366.0,-43.88804364933634,9.372553825378418
fig3_Boston_0_256_hotspot,Boston_0_256,hotspot,lacam_focal_h,600,15,0,0,,nan,,0,0.0,nan,10.214519739151001
fig3_Boston_0_256_hotspot,Boston_0_256,hotspot,lacam_focal_h,600,17,0,0,,nan,,0,0.0,nan,10.222336530685425
fig3_Boston_0_256_hotspot,Boston_0_256,hotspot,lacam_focal_h,600,19,0,0,,nan,,0,0.0,nan,10.166295766830444
fig3_Boston_0_256_hotspot,Boston_0_256,hotspot,lacam_focal_h,600,22,1,195892,102620,1.9089066458779964,,117133,117133.0,-67.2389505946232,9.324141025543213
fig3_Boston_0_256_hotspot,Boston_0_256,hotspot,lacam_focal_h,600,20,0,0,,nan,,0,0.0,nan,10.216109037399292
fig3_Boston_0_256_hotspot,Boston_0_256,hotspot,lacam_focal_h,600,24,1,170844,94171,1.8141890815643882,,112489,112489.0,-51.87618344904835,9.297059774398804
fig3_Boston_0_256_hotspot,Boston_0_256,hotspot,lacam_focal_h,600,23,0,0,,nan,,0,0.0,nan,10.229705095291138
fig3_Boston_0_256_hotspot,Boston_0_256,hotspot,lacam_focal_h,600,21,0,0,,nan,,0,0.0,nan,11.004859447479248
fig3_Boston_0_256_hotspot,Boston_0_256,hotspot,lacam_focal_h,600,27,1,201402,109508,1.8391533038682106,,121586,121586.0,-65.64571578964683,9.349611043930054
fig3_Boston_0_256_hotspot,Boston_0_256,hotspot,dbs_hungarian,400,6,0,,97902,nan,,,nan,nan,25.784416913986206
fig3_Boston_0_256_hotspot,Boston_0_256,hotspot,lacam_focal_h,600,25,0,0,,nan,,0,0.0,nan,10.202186822891235
fig3_Boston_0_256_hotspot,Boston_0_256,hotspot,lacam_focal_h,600,26,1,162004,85519,1.894362656251827,,107569,107569.0,-50.60472812799227,9.959645986557007
fig3_Boston_0_256_hotspot,Boston_0_256,hotspot,lacam_focal_h,600,29,1,253531,115348,2.1979661545930576,,139511,139511.0,-81.72832249786755,9.36400055885315
fig3_Boston_0_256_hotspot,Boston_0_256,hotspot,lacam_focal_h,600,30,1,224834,113810,1.9755206045162992,,167213,167213.0,-34.45964129583226,9.347307920455933
fig3_Boston_0_256_hotspot,Boston_0_256,hotspot,lacam_focal_h,800,1,1,236250,126040,1.8744049508092668,,151330,151330.0,-56.11577347518668,9.464706420898438
fig3_Boston_0_256_hotspot,Boston_0_256,hotspot,dbs_hungarian,400,5,0,,78041,nan,,,nan,nan,26.978945016860962
fig3_Boston_0_256_hotspot,Boston_0_256,hotspot,lacam_focal_h,600,28,0,0,,nan,,0,0.0,nan,10.22005295753479
fig3_Boston_0_256_hotspot,Boston_0_256,hotspot,lacam_focal_h,800,3,0,0,,nan,,0,0.0,nan,10.249142169952393
fig3_Boston_0_256_hotspot,Boston_0_256,hotspot,lacam_focal_h,800,4,0,0,,nan,,0,0.0,nan,10.268600940704346
fig3_Boston_0_256_hotspot,Boston_0_256,hotspot,lacam_focal_h,800,9,1,227774,115263,1.976124168206623,,148337,148337.0,-53.55170995773138,9.447818756103516
fig3_Boston_0_256_hotspot,Boston_0_256,hotspot,dbs_hungarian,400,8,0,,61373,nan,,,nan,nan,27.47916078567505
fig3_Boston_0_256_hotspot,Boston_0_256,hotspot,dbs_hungarian,400,7,0,,51365,nan,,,nan,nan,27.733387231826782
fig3_Boston_0_256_hotspot,Boston_0_256,hotspot,lacam_focal_h,800,6,0,0,,nan,,0,0.0,nan,10.247119188308716
fig3_Boston_0_256_hotspot,Boston_0_256,hotspot,lacam_focal_h,800,2,0,0,,nan,,0,0.0,nan,10.837037563323975
fig3_Boston_0_256_hotspot,Boston_0_256,hotspot,dbs_hungarian,400,1,0,,64708,nan,,,nan,nan,29.09558892250061
fig3_Boston_0_256_hotspot,Boston_0_256,hotspot,lacam_focal_h,800,5,0,0,,nan,,0,0.0,nan,10.852148056030273
fig3_Boston_0_256_hotspot,Boston_0_256,hotspot,lacam_focal_h,800,8,0,0,,nan,,0,0.0,nan,10.281452417373657
fig3_Boston_0_256_hotspot,Boston_0_256,hotspot,lacam_focal_h,800,7,0,0,,nan,,0,0.0,nan,10.276139259338379
fig3_den520d_random,den520d,random,lacam_focal_h,200,2,1,600,600,1.0,,600,600.0,0.0,0.2980799674987793
fig3_Boston_0_256_hotspot,Boston_0_256,hotspot,dbs_hungarian,400,10,0,,77221,nan,,,nan,nan,26.60887336730957
fig3_den520d_random,den520d,random,lacam_focal_h,200,3,1,600,600,1.0,,600,600.0,0.0,0.3058321475982666
fig3_den520d_random,den520d,random,lacam_focal_h,200,4,1,600,600,1.0,,600,600.0,0.0,0.2890775203704834
fig3_Boston_0_256_hotspot,Boston_0_256,hotspot,lacam_focal_h,800,11,0,0,,nan,,0,0.0,nan,10.2628755569458
fig3_den520d_random,den520d,random,lacam_focal_h,200,5,1,600,600,1.0,,600,600.0,0.0,0.26648712158203125
fig3_den520d_random,den520d,random,lacam_focal_h,200,6,1,600,600,1.0,,600,600.0,0.0,0.2773890495300293
fig3_Boston_0_256_hotspot,Boston_0_256,hotspot,dbs_hungarian,400,3,0,,,nan,,,nan,nan,30.051310062408447
fig3_Boston_0_256_hotspot,Boston_0_256,hotspot,dbs_hungarian,400,2,0,,,nan,,,nan,nan,30.12232494354248
fig3_Boston_0_256_hotspot,Boston_0_256,hotspot,lacam_focal_h,800,10,0,0,,nan,,0,0.0,nan,11.045100450515747
fig3_Boston_0_256_hotspot,Boston_0_256,hotspot,dbs_hungarian,400,4,0,,61667,nan,,,nan,nan,30.006434679031372
fig3_Boston_0_256_hotspot,Boston_0_256,hotspot,lacam_focal_h,800,12,0,0,,nan,,0,0.0,nan,10.280336856842041
fig3_Boston_0_256_hotspot,Boston_0_256,hotspot,lacam_focal_h,800,15,1,289481,138271,2.0935771058284094,,175822,175822.0,-64.64435622390828,9.523112535476685
fig3_den520d_random,den520d,random,lacam_focal_h,200,9,1,600,600,1.0,,600,600.0,0.0,0.24286222457885742
fig3_den520d_random,den520d,random,lacam_focal_h,200,8,1,600,600,1.0,,600,600.0,0.0,0.2744121551513672
fig3_den520d_random,den520d,random,lacam_focal_h,200,10,1,600,600,1.0,,600,600.0,0.0,0.2744128704071045
fig3_Boston_0_256_hotspot,Boston_0_256,hotspot,lacam_focal_h,800,13,0,0,,nan,,0,0.0,nan,10.954466342926025
fig3_den520d_random,den520d,random,lacam_focal_h,200,11,1,600,600,1.0,,601,601.0,0.16638935108153077,0.2274940013885498
fig3_Boston_0_256_hotspot,Boston_0_256,hotspot,dbs_hungarian,400,12,0,,78776,nan,,,nan,nan,27.54492497444153
fig3_Boston_0_256_hotspot,Boston_0_256,hotspot,dbs_hungarian,400,11,0,,59499,nan,,,nan,nan,27.925915241241455
fig3_den520d_random,den520d,random,lacam_focal_h,200,12,1,600,600,1.0,,601,601.0,0.16638935108153077,0.29212427139282227
fig3_Boston_0_256_hotspot,Boston_0_256,hotspot,dbs_hungarian,400,9,0,,57937,nan,,,nan,nan,29.82150101661682
fig3_Boston_0_256_hotspot,Boston_0_256,hotspot,lacam_focal_h,800,16,1,263785,131362,2.008076917221114,,157431,157431.0,-67.55594514422191,9.688102006912231
fig3_Boston_0_256_hotspot,Boston_0_256,hotspot,dbs_hungarian,400,13,0,,57346,nan,,,nan,nan,27.480602502822876
fig3_Boston_0_256_hotspot,Boston_0_256,hotspot,lacam_focal_h,800,14,0,0,,nan,,0,0.0,nan,11.506673812866211
fig3_Boston_0_256_hotspot,Boston_0_256,hotspot,dbs_hungarian,400,15,0,,69115,nan,,,nan,nan,27.000447988510132
fig3_Boston_0_256_hotspot,Boston_0_256,hotspot,lacam_focal_h,800,18,1,239930,125908,1.9055977380309432,,164896,164896.0,-45.50383271880458,9.324729442596436
fig3_den520d_random,den520d,random,lacam_focal_h,200,15,1,600,600,1.0,,600,600.0,0.0,0.3022639751434326
fig3_Boston_0_256_hotspot,Boston_0_256,hotspot,dbs_hungarian,400,29,0,,77696,nan,,,nan,nan,23.972023725509644
fig3_den520d_random,den520d,random,lacam_focal_h,200,16,1,600,600,1.0,,600,600.0,0.0,0.2976691722869873
fig3_den520d_random,den520d,random,lacam_focal_h,200,17,1,600,600,1.0,,600,600.0,0.0,0.22909760475158691
fig3_Boston_0_256_hotspot,Boston_0_256,hotspot,dbs_hungarian,400,24,0,,61486,nan,,,nan,nan,25.233103275299072
fig3_Boston_0_256_hotspot,Boston_0_256,hotspot,lacam_focal_h,800,17,0,0,,nan,,0,0.0,nan,10.255257368087769
fig3_den520d_random,den520d,random,lacam_focal_h,200,19,1,600,600,1.0,,600,600.0,0.0,0.2885735034942627
fig3_Boston_0_256_hotspot,Boston_0_256,hotspot,dbs_hungarian,400,19,0,,78984,nan,,,nan,nan,26.573991060256958
fig3_den520d_random,den520d,random,lacam_focal_h,200,21,1,600,600,1.0,,600,600.0,0.0,0.3414747714996338
fig3_Boston_0_256_hotspot,Boston_0_256,hotspot,dbs_hungarian,400,17,0,,63199,nan,,,nan,nan,27.703099012374878
fig3_Boston_0_256_hotspot,Boston_0_256,hotspot,lacam_focal_h,800,19,0,0,,nan,,0,0.0,nan,10.251662015914917
fig3_Boston_0_256_hotspot,Boston_0_256,hotspot,dbs_hungarian,400,25,0,,62884,nan,,,nan,nan,26.235167264938354
fig3_den520d_random,den520d,random,lacam_focal_h,200,22,1,600,600,1.0,,600,600.0,0.0,0.3785531520843506
fig3_Boston_0_256_hotspot,Boston_0_256,hotspot,dbs_hungarian,400,16,0,,67588,nan,,,nan,nan,29.114638566970825
fig3_Boston_0_256_hotspot,Boston_0_256,hotspot,dbs_hungarian,400,14,0,,67930,nan,,,nan,nan,29.58154010772705
fig3_Boston_0_256_hotspot,Boston_0_256,hotspot,lacam_focal_h,800,20,0,0,,nan,,0,0.0,nan,10.279598236083984
fig3_den520d_random,den520d,random,lacam_focal_h,200,24,1,600,600,1.0,,600,600.0,0.0,0.4736921787261963
fig3_Boston_0_256_hotspot,Boston_0_256,hotspot,dbs_hungarian,400,26,0,,55712,nan,,,nan,nan,26.887271404266357
fig3_Boston_0_256_hotspot,Boston_0_256,hotspot,dbs_hungarian,400,20,0,,68012,nan,,,nan,nan,27.67048954963684
fig3_Boston_0_256_hotspot,Boston_0_256,hotspot,dbs_hungarian,400,22,0,,68323,nan,,,nan,nan,27.428255558013916
fig3_Boston_0_256_hotspot,Boston_0_256,hotspot,dbs_hungarian,400,18,0,,61723,nan,,,nan,nan,28.729989767074585
fig3_Boston_0_256_hotspot,Boston_0_256,hotspot,dbs_hungarian,400,28,0,,58025,nan,,,nan,nan,27.008796215057373
fig3_den520d_random,den520d,random,lacam_focal_h,200,25,1,600,600,1.0,,600,600.0,0.0,0.5565266609191895
fig3_Boston_0_256_hotspot,Boston_0_256,hotspot,lacam_focal_h,800,21,0,0,,nan,,0,0.0,nan,10.65191912651062
fig3_Boston_0_256_hotspot,Boston_0_256,hotspot,lacam_focal_h,800,22,0,0,,nan,,0,0.0,nan,10.297473669052124
fig3_den520d_random,den520d,random,lacam_focal_h,200,28,1,600,600,1.0,,600,600.0,0.0,0.5964369773864746
fig3_den520d_random,den520d,random,lacam_focal_h,200,29,1,600,600,1.0,,600,600.0,0.0,0.5818982124328613
fig3_Boston_0_256_hotspot,Boston_0_256,hotspot,lacam_focal_h,800,23,0,0,,nan,,0,0.0,nan,10.290567874908447
fig3_Boston_0_256_hotspot,Boston_0_256,hotspot,dbs_hungarian,400,23,0,,71992,nan,,,nan,nan,29.149405241012573
fig3_Boston_0_256_hotspot,Boston_0_256,hotspot,lacam_focal_h,800,24,1,266674,123774,2.1545235671465734,,161587,161587.0,-65.03431587937149,10.174605131149292
fig3_Boston_0_256_hotspot,Boston_0_256,hotspot,dbs_hungarian,400,27,0,,75029,nan,,,nan,nan,29.171306610107422
fig3_Boston_0_256_hotspot,Boston_0_256,hotspot,dbs_hungarian,400,21,0,,,nan,,,nan,nan,30.164846897125244
fig3_Boston_0_256_hotspot,Boston_0_256,hotspot,lacam_focal_h,800,26,0,0,,nan,,0,0.0,nan,10.274350643157959
fig3_Boston_0_256_hotspot,Boston_0_256,hotspot,lacam_focal_h,800,27,0,0,,nan,,0,0.0,nan,10.272916555404663
fig3_den520d_random,den520d,random,lacam_focal_h,200,1,1,601,600,1.0016666666666667,,601,601.0,0.0,9.211207628250122
fig3_Boston_0_256_hotspot,Boston_0_256,hotspot,dbs_hungarian,400,30,0,,,nan,,,nan,nan,30.12216544151306
fig3_Boston_0_256_hotspot,Boston_0_256,hotspot,dbs_hungarian,600,1,0,,,nan,,,nan,nan,30.11263608932495
fig3_Boston_0_256_hotspot,Boston_0_256,hotspot,dbs_hungarian,600,2,0,,,nan,,,nan,nan,30.108774185180664
fig3_Boston_0_256_hotspot,Boston_0_256,hotspot,lacam_focal_h,800,25,0,0,,nan,,0,0.0,nan,12.247161865234375
fig3_Boston_0_256_hotspot,Boston_0_256,hotspot,dbs_hungarian,600,3,0,,,nan,,,nan,nan,30.10319209098816
fig3_den520d_random,den520d,random,lacam_focal_h,200,7,1,601,600,1.0016666666666667,,601,601.0,0.0,9.22424840927124
fig3_Boston_0_256_hotspot,Boston_0_256,hotspot,lacam_focal_h,800,29,0,0,,nan,,0,0.0,nan,10.303083419799805
fig3_Boston_0_256_hotspot,Boston_0_256,hotspot,lacam_focal_h,800,30,0,0,,nan,,0,0.0,nan,10.270430088043213
fig3_Boston_0_256_hotspot,Boston_0_256,hotspot,dbs_hungarian,600,4,0,,,nan,,,nan,nan,30.100757360458374
fig3_Boston_0_256_hotspot,Boston_0_256,hotspot,dbs_hungarian,600,5,0,,,nan,,,nan,nan,30.18964648246765
fig3_Boston_0_256_hotspot,Boston_0_256,hotspot,lacam_focal_h,800,28,0,0,,nan,,0,0.0,nan,11.845180034637451
fig3_Boston_0_256_hotspot,Boston_0_256,hotspot,dbs_hungarian,600,6,0,,,nan,,,nan,nan,30.26229166984558
fig3_Boston_0_256_hotspot,Boston_0_256,hotspot,dbs_hungarian,600,7,0,,,nan,,,nan,nan,30.135774612426758
fig3_den520d_random,den520d,random,lacam_focal_h,200,13,1,601,600,1.0016666666666667,,601,601.0,0.0,9.219361782073975
fig3_den520d_random,den520d,random,lacam_focal_h,200,14,1,602,600,1.0033333333333334,,602,602.0,0.0,9.212215662002563
fig3_Boston_0_256_hotspot,Boston_0_256,hotspot,dbs_hungarian,600,8,0,,,nan,,,nan,nan,30.12220859527588
fig3_Boston_0_256_hotspot,Boston_0_256,hotspot,dbs_hungarian,600,9,0,,,nan,,,nan,nan,30.12473964691162
fig3_Boston_0_256_hotspot,Boston_0_256,hotspot,dbs_hungarian,600,10,0,,,nan,,,nan,nan,30.150795936584473
fig3_Boston_0_256_hotspot,Boston_0_256,hotspot,dbs_hungarian,600,11,0,,,nan,,,nan,nan,30.13773536682129
fig3_den520d_random,den520d,random,lacam_focal_h,200,18,1,601,600,1.0016666666666667,,601,601.0,0.0,9.234850645065308
fig3_Boston_0_256_hotspot,Boston_0_256,hotspot,dbs_hungarian,600,12,0,,,nan,,,nan,nan,30.13588261604309
fig3_Boston_0_256_hotspot,Boston_0_256,hotspot,dbs_hungarian,600,13,0,,,nan,,,nan,nan,30.10666275024414
fig3_den520d_random,den520d,random,lacam_focal_h,200,20,1,601,600,1.0016666666666667,,603,603.0,0.33167495854063017,9.207967758178711
fig3_Boston_0_256_hotspot,Boston_0_256,hotspot,dbs_hungarian,600,14,0,,,nan,,,nan,nan,30.101458311080933
fig3_den520d_random,den520d,random,lacam_focal_h,400,12,1,1200,1200,1.0,,1200,1200.0,0.0,1.498448371887207
fig3_Boston_0_256_hotspot,Boston_0_256,hotspot,dbs_hungarian,600,15,0,,,nan,,,nan,nan,30.15970468521118
fig3_den520d_random,den520d,random,dbs_hungarian,200,1,1,600,600,1.0,600,,600.0,0.0,14.025373935699463
fig3_den520d_random,den520d,random,dbs_hungarian,200,2,1,601,600,1.0016666666666667,603,,603.0,0.33167495854063017,13.989598989486694
fig3_Boston_0_256_hotspot,Boston_0_256,hotspot,dbs_hungarian,600,16,0,,,nan,,,nan,nan,30.147090435028076
fig3_den520d_random,den520d,random,dbs_hungarian,200,3,1,600,600,1.0,601,,601.0,0.16638935108153077,14.053799629211426
fig3_Boston_0_256_hotspot,Boston_0_256,hotspot,dbs_hungarian,600,17,0,,,nan,,,nan,nan,30.19203472137451
fig3_Boston_0_256_hotspot,Boston_0_256,hotspot,dbs_hungarian,600,18,0,,,nan,,,nan,nan,30.153888463974
fig3_den520d_random,den520d,random,lacam_focal_h,200,23,1,604,600,1.0066666666666666,,604,604.0,0.0,9.293814420700073
fig3_den520d_random,den520d,random,dbs_hungarian,200,6,1,601,600,1.0016666666666667,601,,601.0,0.0,13.845021963119507
fig3_den520d_random,den520d,random,dbs_hungarian,200,5,1,600,600,1.0,600,,600.0,0.0,14.176982402801514
fig3_Boston_0_256_hotspot,Boston_0_256,hotspot,dbs_hungarian,600,19,0,,,nan,,,nan,nan,30.112931728363037
fig3_den520d_random,den520d,random,dbs_hungarian,200,4,1,600,600,1.0,600,,600.0,0.0,14.392027854919434
fig3_den520d_random,den520d,random,lacam_focal_h,200,26,1,601,600,1.0016666666666667,,601,601.0,0.0,9.20043683052063
fig3_Boston_0_256_hotspot,Boston_0_256,hotspot,dbs_hungarian,600,20,0,,,nan,,,nan,nan,30.223833084106445
fig3_den520d_random,den520d,random,lacam_focal_h,200,27,1,602,600,1.0033333333333334,,602,602.0,0.0,9.231003522872925
fig3_den520d_random,den520d,random,dbs_hungarian,200,7,1,600,600,1.0,600,,600.0,0.0,14.187978029251099
fig3_Boston_0_256_hotspot,Boston_0_256,hotspot,dbs_hungarian,600,21,0,,,nan,,,nan,nan,30.12374496459961
fig3_den520d_random,den520d,random,dbs_hungarian,200,10,1,600,600,1.0,600,,600.0,0.0,13.994459390640259
fig3_den520d_random,den520d,random,dbs_hungarian,200,8,1,600,600,1.0,604,,604.0,0.6622516556291391,14.50730848312378
fig3_den520d_random,den520d,random,dbs_hungarian,200,9,1,600,600,1.0,600,,600.0,0.0,14.380309343338013
fig3_Boston_0_256_hotspot,Boston_0_256,hotspot,dbs_hungarian,600,22,0,,,nan,,,nan,nan,30.113999605178833
fig3_Boston_0_256_hotspot,Boston_0_256,hotspot,dbs_hungarian,600,23,0,,,nan,,,nan,nan,30.117525815963745
fig3_den520d_random,den520d,random,dbs_hungarian,200,12,1,600,600,1.0,600,,600.0,0.0,14.193141460418701
fig3_Boston_0_256_hotspot,Boston_0_256,hotspot,dbs_hungarian,600,24,0,,,nan,,,nan,nan,30.110702753067017
fig3_den520d_random,den520d,random,dbs_hungarian,200,13,1,600,600,1.0,604,,604.0,0.6622516556291391,14.010380983352661
fig3_den520d_random,den520d,random,lacam_focal_h,200,30,1,602,600,1.0033333333333334,,606,606.0,0.6600660066006601,9.190826654434204
fig3_Boston_0_256_hotspot,Boston_0_256,hotspot,dbs_hungarian,600,25,0,,,nan,,,nan,nan,30.086650848388672
fig3_den520d_random,den520d,random,dbs_hungarian,200,14,1,600,600,1.0,600,,600.0,0.0,14.251376152038574
fig3_den520d_random,den520d,random,lacam_focal_h,400,1,1,1206,1200,1.005,,1206,1206.0,0.0,9.283932447433472
fig3_den520d_random,den520d,random,dbs_hungarian,200,11,1,600,600,1.0,600,,600.0,0.0,15.10475206375122
fig3_Boston_0_256_hotspot,Boston_0_256,hotspot,dbs_hungarian,600,26,0,,,nan,,,nan,nan,30.116621494293213
fig3_den520d_random,den520d,random,lacam_focal_h,400,10,1,1200,1200,1.0,,1200,1200.0,0.0,2.8714568614959717
fig3_Boston_0_256_hotspot,Boston_0_256,hotspot,dbs_hungarian,600,27,0,,,nan,,,nan,nan,30.22126579284668
fig3_Boston_0_256_hotspot,Boston_0_256,hotspot,dbs_hungarian,600,28,0,,,nan,,,nan,nan,30.085012197494507
fig3_den520d_random,den520d,random,dbs_hungarian,200,19,1,600,600,1.0,600,,600.0,0.0,14.087300777435303
fig3_den520d_random,den520d,random,lacam_focal_h,400,2,1,1201,1200,1.0008333333333332,,1201,1201.0,0.0,9.300220012664795
fig3_den520d_random,den520d,random,dbs_hungarian,200,18,1,600,600,1.0,600,,600.0,0.0,14.44079041481018
fig3_den520d_random,den520d,random,dbs_hungarian,200,17,1,600,600,1.0,600,,600.0,0.0,14.577064752578735
fig3_Boston_0_256_hotspot,Boston_0_256,hotspot,dbs_hungarian,600,29,0,,,nan,,,nan,nan,30.061668872833252
fig3_den520d_random,den520d,random,dbs_hungarian,200,16,1,600,600,1.0,600,,600.0,0.0,14.953463315963745
fig3_Boston_0_256_hotspot,Boston_0_256,hotspot,dbs_hungarian,600,30,0,,,nan,,,nan,nan,30.09212064743042
fig3_den520d_random,den520d,random,lacam_focal_h,400,3,1,1206,1200,1.005,,1207,1207.0,0.08285004142502071,9.291882991790771
fig3_Boston_0_256_hotspot,Boston_0_256,hotspot,dbs_hungarian,800,1,0,,,nan,,,nan,nan,30.02703070640564
fig3_Boston_0_256_hotspot,Boston_0_256,hotspot,dbs_hungarian,800,2,0,,,nan,,,nan,nan,30.071582078933716
fig3_den520d_random,den520d,random,lacam_focal_h,400,4,1,1201,1200,1.0008333333333332,,1201,1201.0,0.0,9.229450464248657
fig3_Boston_0_256_hotspot,Boston_0_256,hotspot,dbs_hungarian,800,3,0,,,nan,,,nan,nan,30.0480215549469
fig3_Boston_0_256_hotspot,Boston_0_256,hotspot,dbs_hungarian,800,4,0,,,nan,,,nan,nan,30.020182847976685
fig3_Boston_0_256_hotspot,Boston_0_256,hotspot,dbs_hungarian,800,5,0,,,nan,,,nan,nan,30.061710834503174
fig3_Boston_0_256_hotspot,Boston_0_256,hotspot,dbs_hungarian,800,6,0,,,nan,,,nan,nan,30.023380756378174
fig3_den520d_random,den520d,random,dbs_hungarian,200,22,1,600,600,1.0,600,,600.0,0.0,14.83564281463623
fig3_Boston_0_256_hotspot,Boston_0_256,hotspot,dbs_hungarian,800,7,0,,,nan,,,nan,nan,30.049002647399902
fig3_Boston_0_256_hotspot,Boston_0_256,hotspot,dbs_hungarian,800,8,0,,,nan,,,nan,nan,30.023470640182495
fig3_Boston_0_256_hotspot,Boston_0_256,hotspot,dbs_hungarian,800,9,0,,,nan,,,nan,nan,30.051550149917603
fig3_den520d_random,den520d,random,lacam_focal_h,400,5,1,1203,1200,1.0025,,1203,1203.0,0.0,9.525383710861206
fig3_den520d_random,den520d,random,dbs_hungarian,200,24,1,600,600,1.0,600,,600.0,0.0,14.394706010818481
fig3_Boston_0_256_hotspot,Boston_0_256,hotspot,dbs_hungarian,800,10,0,,,nan,,,nan,nan,30.04794144630432
fig3_den520d_random,den520d,random,lacam_focal_h,400,6,1,1204,1200,1.0033333333333334,,1204,1204.0,0.0,9.311647176742554
fig3_Boston_0_256_hotspot,Boston_0_256,hotspot,dbs_hungarian,800,11,0,,,nan,,,nan,nan,30.049075603485107
fig3_den520d_random,den520d,random,dbs_hungarian,200,15,1,600,600,1.0,600,,600.0,0.0,17.594388008117676
fig3_den520d_random,den520d,random,dbs_hungarian,200,21,1,601,600,1.0016666666666667,601,,601.0,0.0,16.142270803451538
fig3_Boston_0_256_hotspot,Boston_0_256,hotspot,dbs_hungarian,800,12,0,,,nan,,,nan,nan,30.05064344406128
fig3_den520d_random,den520d,random,dbs_hungarian,200,25,1,600,600,1.0,600,,600.0,0.0,14.86074948310852
fig3_den520d_random,den520d,random,lacam_focal_h,400,8,1,1202,1200,1.0016666666666667,,1203,1203.0,0.0831255195344971,9.477160215377808
fig3_Boston_0_256_hotspot,Boston_0_256,hotspot,dbs_hungarian,800,13,0,,,nan,,,nan,nan,30.046740293502808
fig3_Boston_0_256_hotspot,Boston_0_256,hotspot,dbs_hungarian,800,14,0,,,nan,,,nan,nan,30.051006317138672
fig3_den520d_random,den520d,random,lacam_focal_h,400,9,1,1201,1200,1.0008333333333332,,1202,1202.0,0.08319467554076539,9.611501693725586
fig3_Boston_0_256_hotspot,Boston_0_256,hotspot,dbs_hungarian,800,15,0,,,nan,,,nan,nan,30.04643964767456
fig3_den520d_random,den520d,random,dbs_hungarian,200,20,1,600,600,1.0,600,,600.0,0.0,17.304921865463257
fig3_den520d_random,den520d,random,dbs_hungarian,200,27,1,600,600,1.0,601,,601.0,0.16638935108153077,15.39434814453125
fig3_den520d_random,den520d,random,dbs_hungarian,200,28,1,600,600,1.0,600,,600.0,0.0,15.46938943862915
fig3_den520d_random,den520d,random,dbs_hungarian,200,29,1,600,600,1.0,600,,600.0,0.0,15.14185619354248
fig3_den520d_random,den520d,random,dbs_hungarian,200,30,1,600,600,1.0,603,,603.0,0.4975124378109453,14.85354733467102
fig3_den520d_random,den520d,random,dbs_hungarian,200,26,1,600,600,1.0,600,,600.0,0.0,15.760543584823608
fig3_den520d_random,den520d,random,lacam_focal_h,400,13,1,1207,1200,1.0058333333333334,,1207,1207.0,0.0,9.383749723434448
fig3_Boston_0_256_hotspot,Boston_0_256,hotspot,dbs_hungarian,800,16,0,,,nan,,,nan,nan,30.04615330696106
fig3_den520d_random,den520d,random,lacam_focal_h,400,14,1,1209,1200,1.0075,,1210,1210.0,0.08264462809917356,9.317671537399292
fig3_Boston_0_256_hotspot,Boston_0_256,hotspot,dbs_hungarian,800,17,0,,,nan,,,nan,nan,30.04778552055359
fig3_den520d_random,den520d,random,lacam_focal_h,400,15,1,1204,1200,1.0033333333333334,,1204,1204.0,0.0,9.339274406433105
fig3_Boston_0_256_hotspot,Boston_0_256,hotspot,dbs_hungarian,800,18,0,,,nan,,,nan,nan,30.0460524559021
fig3_den520d_random,den520d,random,lacam_focal_h,400,16,1,1205,1200,1.0041666666666667,,1205,1205.0,0.0,9.30274486541748
fig3_den520d_random,den520d,random,lacam_focal_h,400,17,1,1203,1200,1.0025,,1203,1203.0,0.0,9.321515560150146
fig3_den520d_random,den520d,random,lacam_focal_h,400,7,1,1203,1200,1.0025,,1204,1204.0,0.08305647840531562,9.846480131149292
fig3_den520d_random,den520d,random,lacam_focal_h,400,19,1,1201,1200,1.0008333333333332,,1202,1202.0,0.08319467554076539,9.322071313858032
fig3_Boston_0_256_hotspot,Boston_0_256,hotspot,dbs_hungarian,800,19,0,,,nan,,,nan,nan,30.02568817138672
fig3_den520d_random,den520d,random,lacam_focal_h,400,18,1,1209,1200,1.0075,,1209,1209.0,0.0,9.33215069770813
fig3_Boston_0_256_hotspot,Boston_0_256,hotspot,dbs_hungarian,800,20,0,,,nan,,,nan,nan,30.04995036125183
fig3_den520d_random,den520d,random,lacam_focal_h,400,21,1,1205,1200,1.0041666666666667,,1205,1205.0,0.0,9.303693532943726
fig3_den520d_random,den520d,random,lacam_focal_h,400,20,1,1203,1200,1.0025,,1204,1204.0,0.08305647840531562,9.6958167552948
fig3_den520d_random,den520d,random,lacam_focal_h,400,23,1,1205,1200,1.0041666666666667,,1205,1205.0,0.0,9.291668176651001
fig3_Boston_0_256_hotspot,Boston_0_256,hotspot,dbs_hungarian,800,21,0,,,nan,,,nan,nan,30.05185079574585
fig3_den520d_random,den520d,random,lacam_focal_h,400,24,1,1202,1200,1.0016666666666667,,1206,1206.0,0.33167495854063017,9.331064701080322
fig3_den520d_random,den520d,random,lacam_focal_h,400,11,1,1204,1200,1.0033333333333334,,1204,1204.0,0.0,9.378498315811157
fig3_den520d_random,den520d,random,lacam_focal_h,400,25,1,1205,1200,1.0041666666666667,,1207,1207.0,0.16570008285004142,9.354398250579834
fig3_den520d_random,den520d,random,lacam_focal_h,400,22,1,1206,1200,1.005,,1207,1207.0,0.08285004142502071,9.289544820785522
fig3_den520d_random,den520d,random,lacam_focal_h,400,26,1,1205,1200,1.0041666666666667,,1207,1207.0,0.16570008285004142,9.282602787017822
fig3_Boston_0_256_hotspot,Boston_0_256,hotspot,dbs_hungarian,800,22,0,,,nan,,,nan,nan,30.058077096939087
fig3_den520d_random,den520d,random,lacam_focal_h,400,27,1,1202,1200,1.0016666666666667,,1202,1202.0,0.0,9.488671779632568
fig3_den520d_random,den520d,random,lacam_focal_h,400,28,1,1202,1200,1.0016666666666667,,1202,1202.0,0.0,9.394525051116943
fig3_den520d_random,den520d,random,lacam_focal_h,400,29,1,1201,1200,1.0008333333333332,,1204,1204.0,0.24916943521594684,9.342835664749146
fig3_den520d_random,den520d,random,lacam_focal_h,400,30,1,1203,1200,1.0025,,1203,1203.0,0.0,9.31523084640503
fig3_Boston_0_256_hotspot,Boston_0_256,hotspot,dbs_hungarian,800,23,0,,,nan,,,nan,nan,30.04760456085205
fig3_den520d_random,den520d,random,dbs_hungarian,200,23,1,601,600,1.0016666666666667,605,,605.0,0.6611570247933884,21.418663263320923
fig3_den520d_random,den520d,random,lacam_focal_h,600,1,1,1804,1800,1.0022222222222221,,1809,1809.0,0.2763957987838585,9.403302669525146
fig3_Boston_0_256_hotspot,Boston_0_256,hotspot,dbs_hungarian,800,24,0,,,nan,,,nan,nan,30.06839394569397
fig3_den520d_random,den520d,random,lacam_focal_h,600,2,1,1807,1800,1.0038888888888888,,1808,1808.0,0.05530973451327434,9.842862367630005
fig3_Boston_0_256_hotspot,Boston_0_256,hotspot,dbs_hungarian,800,25,0,,,nan,,,nan,nan,30.05233383178711
fig3_den520d_random,den520d,random,lacam_focal_h,600,3,1,1813,1800,1.0072222222222222,,1817,1817.0,0.2201430930104568,9.652554512023926
fig3_Boston_0_256_hotspot,Boston_0_256,hotspot,dbs_hungarian,800,26,0,,,nan,,,nan,nan,30.062848567962646
fig3_den520d_random,den520d,random,dbs_hungarian,400,2,1,1202,1200,1.0016666666666667,1202,,1202.0,0.0,20.237913131713867
fig3_den520d_random,den520d,random,lacam_focal_h,600,4,1,1807,1800,1.0038888888888888,,1808,1808.0,0.05530973451327434,9.487687587738037
fig3_den520d_random,den520d,random,lacam_focal_h,600,5,1,1805,1800,1.0027777777777778,,1806,1806.0,0.05537098560354374,9.462763786315918
fig3_den520d_random,den520d,random,lacam_focal_h,600,6,1,1805,1800,1.0027777777777778,,1807,1807.0,0.11068068622025456,9.455870151519775
fig3_Boston_0_256_hotspot,Boston_0_256,hotspot,dbs_hungarian,800,27,0,,,nan,,,nan,nan,30.04991316795349
fig3_den520d_random,den520d,random,lacam_focal_h,600,8,1,1810,1800,1.0055555555555555,,1812,1812.0,0.11037527593818984,9.441243648529053
fig3_den520d_random,den520d,random,lacam_focal_h,600,7,1,1806,1800,1.0033333333333334,,1808,1808.0,0.11061946902654868,9.629424333572388
fig3_den520d_random,den520d,random,dbs_hungarian,400,3,1,1203,1200,1.0025,1210,,1210.0,0.5785123966942148,20.237292051315308
fig3_Boston_0_256_hotspot,Boston_0_256,hotspot,dbs_hungarian,800,28,0,,,nan,,,nan,nan,30.095494747161865
fig3_Boston_0_256_hotspot,Boston_0_256,hotspot,dbs_hungarian,800,29,0,,,nan,,,nan,nan,30.09918189048767
fig3_den520d_random,den520d,random,lacam_focal_h,600,9,1,1803,1800,1.0016666666666667,,1803,1803.0,0.0,9.647682428359985
fig3_den520d_random,den520d,random,lacam_focal_h,600,11,1,1809,1800,1.005,,1809,1809.0,0.0,9.469468116760254
fig3_den520d_random,den520d,random,dbs_hungarian,400,4,1,1200,1200,1.0,1200,,1200.0,0.0,20.316248178482056
fig3_den520d_random,den520d,random,lacam_focal_h,600,12,1,1809,1800,1.005,,1809,1809.0,0.0,9.373388051986694
fig3_den520d_random,den520d,random,lacam_focal_h,600,13,1,1810,1800,1.0055555555555555,,1812,1812.0,0.11037527593818984,9.526380062103271
fig3_den520d_random,den520d,random,lacam_focal_h,600,15,1,1806,1800,1.0033333333333334,,1807,1807.0,0.05534034311012728,9.292537689208984
fig3_den520d_random,den520d,random,lacam_focal_h,600,14,1,1809,1800,1.005,,1809,1809.0,0.0,9.523018598556519
fig3_Boston_0_256_hotspot,Boston_0_256,hotspot,dbs_hungarian,800,30,0,,,nan,,,nan,nan,30.076181650161743
fig3_den520d_random,den520d,random,lacam_focal_h,600,10,1,1804,1800,1.0022222222222221,,1804,1804.0,0.0,9.313671827316284
fig3_den520d_random,den520d,random,dbs_hungarian,400,9,1,1200,1200,1.0,1204,,1204.0,0.33222591362126247,19.516345262527466
fig3_den520d_random,den520d,random,lacam_focal_h,600,17,1,1806,1800,1.0033333333333334,,1806,1806.0,0.0,9.451222658157349
fig3_den520d_random,den520d,random,lacam_focal_h,600,16,1,1806,1800,1.0033333333333334,,1809,1809.0,0.16583747927031509,9.6455557346344
fig3_den520d_random,den520d,random,dbs_hungarian,400,5,1,1200,1200,1.0,1200,,1200.0,0.0,21.29388952255249
fig3_den520d_random,den520d,random,lacam_focal_h,600,18,1,1809,1800,1.005,,1812,1812.0,0.16556291390728478,9.715678215026855
fig3_den520d_random,den520d,random,lacam_focal_h,600,19,1,1808,1800,1.0044444444444445,,1808,1808.0,0.0,9.769400119781494
fig3_den520d_random,den520d,random,lacam_focal_h,600,20,1,1813,1800,1.0072222222222222,,1813,1813.0,0.0,9.447333812713623
fig3_den520d_random,den520d,random,lacam_focal_h,600,21,1,1810,1800,1.0055555555555555,,1813,1813.0,0.1654715940430226,9.391289710998535
fig3_den520d_random,den520d,random,dbs_hungarian,400,6,1,1201,1200,1.0008333333333332,1201,,1201.0,0.0,21.407570362091064
fig3_den520d_random,den520d,random,dbs_hungarian,400,7,1,1202,1200,1.0016666666666667,1204,,1204.0,0.16611295681063123,21.054701328277588
fig3_den520d_random,den520d,random,dbs_hungarian,400,8,1,1200,1200,1.0,1200,,1200.0,0.0,20.78979516029358
fig3_den520d_random,den520d,random,lacam_focal_h,600,22,1,1811,1800,1.0061111111111112,,1815,1815.0,0.22038567493112948,9.66928744316101
fig3_den520d_random,den520d,random,dbs_hungarian,400,10,1,1200,1200,1.0,1200,,1200.0,0.0,20.40834069252014
fig3_den520d_random,den520d,random,lacam_focal_h,600,23,1,1810,1800,1.0055555555555555,,1812,1812.0,0.11037527593818984,9.487121343612671
fig3_den520d_random,den520d,random,dbs_hungarian,400,11,1,1201,1200,1.0008333333333332,1202,,1202.0,0.08319467554076539,20.195387363433838
fig3_den520d_random,den520d,random,lacam_focal_h,600,24,1,1806,1800,1.0033333333333334,,1808,1808.0,0.11061946902654868,9.84331727027893
fig3_den520d_random,den520d,random,dbs_hungarian,400,12,1,1203,1200,1.0025,1209,,1209.0,0.49627791563275436,20.79697060585022
fig3_den520d_random,den520d,random,lacam_focal_h,600,25,1,1809,1800,1.005,,1810,1810.0,0.055248618784530384,9.658273458480835
fig3_den520d_random,den520d,random,lacam_focal_h,600,26,1,1809,1800,1.005,,1813,1813.0,0.2206287920573635,9.478097438812256
fig3_den520d_random,den520d,random,dbs_hungarian,400,18,1,1205,1200,1.0041666666666667,1207,,1207.0,0.16570008285004142,19.502895832061768
fig3_den520d_random,den520d,random,dbs_hungarian,400,19,1,1201,1200,1.0008333333333332,1203,,1203.0,0.1662510390689942,19.173834085464478
fig3_den520d_random,den520d,random,dbs_hungarian,400,14,1,1203,1200,1.0025,1205,,1205.0,0.16597510373443983,20.895378828048706
fig3_den520d_random,den520d,random,dbs_hungarian,400,13,1,1200,1200,1.0,1200,,1200.0,0.0,21.48997402191162
fig3_den520d_random,den520d,random,lacam_focal_h,600,29,1,1805,1800,1.0027777777777778,,1812,1812.0,0.38631346578366443,9.59067702293396
fig3_den520d_random,den520d,random,lacam_focal_h,600,28,1,1808,1800,1.0044444444444445,,1810,1810.0,0.11049723756906077,9.91355037689209
fig3_den520d_random,den520d,random,lacam_focal_h,600,27,1,1808,1800,1.0044444444444445,,1813,1813.0,0.27578599007170435,10.401203632354736
fig3_den520d_random,den520d,random,dbs_hungarian,400,26,1,1201,1200,1.0008333333333332,1202,,1202.0,0.08319467554076539,18.72132921218872
fig3_den520d_random,den520d,random,dbs_hungarian,400,21,1,1201,1200,1.0008333333333332,1202,,1202.0,0.08319467554076539,19.593827962875366
fig3_den520d_random,den520d,random,dbs_hungarian,400,20,1,1201,1200,1.0008333333333332,1202,,1202.0,0.08319467554076539,20.021591424942017
fig3_den520d_random,den520d,random,dbs_hungarian,400,23,1,1200,1200,1.0,1200,,1200.0,0.0,19.96876335144043
fig3_den520d_random,den520d,random,lacam_focal_h,800,1,1,2411,2400,1.0045833333333334,,2415,2415.0,0.16563146997929606,9.571565866470337
fig3_den520d_random,den520d,random,dbs_hungarian,400,22,1,1201,1200,1.0008333333333332,1203,,1203.0,0.1662510390689942,20.35860514640808
fig3_den520d_random,den520d,random,dbs_hungarian,400,15,1,1201,1200,1.0008333333333332,1204,,1204.0,0.24916943521594684,21.623449325561523
fig3_den520d_random,den520d,random,lacam_focal_h,600,30,1,1803,1800,1.0016666666666667,,1805,1805.0,0.11080332409972299,10.460625648498535
fig3_den520d_random,den520d,random,lacam_focal_h,800,2,1,2416,2400,1.0066666666666666,,2418,2418.0,0.0827129859387924,9.590546607971191
fig3_den520d_random,den520d,random,dbs_hungarian,400,27,1,1201,1200,1.0008333333333332,1202,,1202.0,0.08319467554076539,19.699602603912354
fig3_den520d_random,den520d,random,lacam_focal_h,800,4,1,2411,2400,1.0045833333333334,,2412,2412.0,0.04145936981757877,9.526004791259766
fig3_den520d_random,den520d,random,dbs_hungarian,400,25,1,1200,1200,1.0,1200,,1200.0,0.0,20.16173815727234
fig3_den520d_random,den520d,random,dbs_hungarian,400,29,1,1200,1200,1.0,1200,,1200.0,0.0,19.857682466506958
fig3_den520d_random,den520d,random,lacam_focal_h,800,5,1,2428,2400,1.0116666666666667,,2429,2429.0,0.04116920543433512,9.53609299659729
fig3_den520d_random,den520d,random,dbs_hungarian,400,28,1,1200,1200,1.0,1200,,1200.0,0.0,20.35184144973755
fig3_den520d_random,den520d,random,lacam_focal_h,800,6,1,2421,2400,1.00875,,2421,2421.0,0.0,9.771300077438354
fig3_den520d_random,den520d,random,dbs_hungarian,400,16,1,1208,1200,1.0066666666666666,1208,,1208.0,0.0,23.440175533294678
fig3_den520d_random,den520d,random,dbs_hungarian,400,24,1,1202,1200,1.0016666666666667,1204,,1204.0,0.16611295681063123,21.656593561172485
fig3_den520d_random,den520d,random,dbs_hungarian,400,17,1,1201,1200,1.0008333333333332,1201,,1201.0,0.0,23.249741077423096
fig3_den520d_random,den520d,random,lacam_focal_h,800,3,1,2421,2400,1.00875,,2421,2421.0,0.0,9.918756008148193
fig3_den520d_random,den520d,random,dbs_hungarian,400,30,1,1200,1200,1.0,1201,,1201.0,0.08326394671107411,20.420949459075928
fig3_den520d_random,den520d,random,lacam_focal_h,800,7,1,2426,2400,1.0108333333333333,,2429,2429.0,0.12350761630300536,10.132253885269165
fig3_den520d_random,den520d,random,lacam_focal_h,800,8,1,2411,2400,1.0045833333333334,,2411,2411.0,0.0,9.84546709060669
fig3_den520d_random,den520d,random,lacam_focal_h,800,9,1,2420,2400,1.0083333333333333,,2424,2424.0,0.16501650165016502,9.541521072387695
fig3_den520d_random,den520d,random,dbs_hungarian,400,1,0,,,nan,,,nan,nan,30.143301010131836
fig3_den520d_random,den520d,random,lacam_focal_h,800,12,1,2418,2400,1.0075,,2420,2420.0,0.08264462809917356,9.604847192764282
fig3_den520d_random,den520d,random,lacam_focal_h,800,13,1,2409,2400,1.00375,,2409,2409.0,0.0,9.528109312057495
fig3_den520d_random,den520d,random,lacam_focal_h,800,14,1,2415,2400,1.00625,,2421,2421.0,0.24783147459727387,9.93250560760498
fig3_den520d_random,den520d,random,lacam_focal_h,800,11,1,2426,2400,1.0108333333333333,,2428,2428.0,0.08237232289950576,10.583971977233887
fig3_den520d_random,den520d,random,lacam_focal_h,800,16,1,2413,2400,1.0054166666666666,,2415,2415.0,0.08281573498964803,9.54009747505188
fig3_den520d_random,den520d,random,lacam_focal_h,800,15,1,2416,2400,1.0066666666666666,,2416,2416.0,0.0,9.58933138847351
fig3_den520d_random,den520d,random,lacam_focal_h,800,18,1,2415,2400,1.00625,,2415,2415.0,0.0,9.603292226791382
fig3_den520d_random,den520d,random,lacam_focal_h,800,17,1,2415,2400,1.00625,,2420,2420.0,0.2066115702479339,10.39814043045044
fig3_den520d_random,den520d,random,lacam_focal_h,800,19,1,2423,2400,1.0095833333333333,,2425,2425.0,0.08247422680412371,9.813264846801758
fig3_den520d_random,den520d,random,lacam_focal_h,800,10,1,2406,2400,1.0025,,2413,2413.0,0.29009531703273933,9.742287158966064
fig3_den520d_random,den520d,random,lacam_focal_h,800,20,1,2420,2400,1.0083333333333333,,2421,2421.0,0.041305245766212306,9.967864274978638
fig3_den520d_random,den520d,random,lacam_focal_h,800,21,1,2417,2400,1.0070833333333333,,2419,2419.0,0.0826787928896238,9.974601984024048
fig3_den520d_random,den520d,random,lacam_focal_h,800,22,1,2426,2400,1.0108333333333333,,2426,2426.0,0.0,9.665088891983032
fig3_den520d_random,den520d,random,dbs_hungarian,600,2,1,1803,1800,1.0016666666666667,1804,,1804.0,0.05543237250554324,24.451472282409668
fig3_den520d_random,den520d,random,lacam_focal_h,800,23,1,2413,2400,1.0054166666666666,,2421,2421.0,0.33044196612969845,9.574627876281738
fig3_den520d_random,den520d,random,lacam_focal_h,800,24,1,2411,2400,1.0045833333333334,,2412,2412.0,0.04145936981757877,9.76116943359375
fig3_den520d_random,den520d,random,dbs_hungarian,600,10,1,1804,1800,1.0022222222222221,1814,,1814.0,0.5512679162072768,23.270435333251953
fig3_den520d_random,den520d,random,dbs_hungarian,600,3,1,1808,1800,1.0044444444444445,1811,,1811.0,0.16565433462175594,25.01548671722412
fig3_den520d_random,den520d,random,dbs_hungarian,600,5,1,1800,1800,1.0,1800,,1800.0,0.0,24.403191566467285
fig3_den520d_random,den520d,random,lacam_focal_h,800,25,1,2409,2400,1.00375,,2413,2413.0,0.16576875259013676,9.987905263900757
fig3_den520d_random,den520d,random,dbs_hungarian,600,7,1,1803,1800,1.0016666666666667,1806,,1806.0,0.16611295681063123,24.2108416557312
fig3_den520d_random,den520d,random,lacam_focal_h,800,27,1,2415,2400,1.00625,,2416,2416.0,0.041390728476821195,9.836299657821655
fig3_den520d_random,den520d,random,lacam_focal_h,800,28,1,2413,2400,1.0054166666666666,,2413,2413.0,0.0,9.776935338973999
fig3_den520d_random,den520d,random,dbs_hungarian,600,6,1,1802,1800,1.001111111111111,1803,,1803.0,0.05546311702717693,24.78852105140686
fig3_den520d_hotspot,den520d,hotspot,lacam_focal_h,200,1,1,34620,23938,1.446236109950706,,25257,25257.0,-37.07091103456467,9.32182240486145
fig3_den520d_random,den520d,random,lacam_focal_h,800,29,1,2410,2400,1.0041666666666667,,2410,2410.0,0.0,9.54203200340271
fig3_den520d_random,den520d,random,dbs_hungarian,600,8,1,1801,1800,1.0005555555555556,1803,,1803.0,0.11092623405435385,25.14882206916809
fig3_den520d_hotspot,den520d,hotspot,lacam_focal_h,200,2,1,41873,28505,1.468970356077881,,29924,29924.0,-39.931158935971126,9.48891544342041
fig3_den520d_hotspot,den520d,hotspot,lacam_focal_h,200,5,1,51769,35353,1.4643453172290894,,36537,36537.0,-41.68924651722911,9.295066833496094
fig3_den520d_hotspot,den520d,hotspot,lacam_focal_h,200,4,1,43719,32018,1.3654506839902554,,33106,33106.0,-32.057633057451824,9.3872652053833
fig3_den520d_random,den520d,random,dbs_hungarian,600,14,1,1804,1800,1.0022222222222221,1804,,1804.0,0.0,24.450182914733887
fig3_den520d_hotspot,den520d,hotspot,lacam_focal_h,200,3,1,38079,29080,1.3094566712517195,,30649,30649.0,-24.24222650004894,9.342709302902222
fig3_den520d_hotspot,den520d,hotspot,lacam_focal_h,200,6,1,46139,29515,1.5632390310011859,,30933,30933.0,-49.157857304496815,9.273053407669067
fig3_den520d_hotspot,den520d,hotspot,lacam_focal_h,200,7,1,27922,21545,1.2959851473659783,,22061,22061.0,-26.567245365123973,9.244344711303711
fig3_den520d_random,den520d,random,lacam_focal_h,800,30,1,2411,2400,1.0045833333333334,,2412,2412.0,0.04145936981757877,10.024661302566528
fig3_den520d_random,den520d,random,dbs_hungarian,600,12,1,1803,1800,1.0016666666666667,1808,,1808.0,0.27654867256637167,25.654451847076416
fig3_den520d_random,den520d,random,dbs_hungarian,600,11,1,1801,1800,1.0005555555555556,1805,,1805.0,0.22160664819944598,25.74757146835327
fig3_den520d_hotspot,den520d,hotspot,lacam_focal_h,200,8,1,51268,38132,1.3444875694954368,,39635,39635.0,-29.350321685379082,9.56180214881897
fig3_den520d_hotspot,den520d,hotspot,lacam_focal_h,200,9,1,37831,27623,1.3695471165333237,,29961,29961.0,-26.267481058709656,9.308285236358643
fig3_den520d_random,den520d,random,dbs_hungarian,600,4,1,1802,1800,1.001111111111111,1802,,1802.0,0.0,27.864136457443237
fig3_den520d_random,den520d,random,lacam_focal_h,800,26,1,2425,2400,1.0104166666666667,,2429,2429.0,0.16467682173734047,9.616320371627808
fig3_den520d_hotspot,den520d,hotspot,lacam_focal_h,200,10,1,45316,30425,1.4894330320460147,,32025,32025.0,-41.50195160031225,9.396846771240234
fig3_den520d_random,den520d,random,dbs_hungarian,600,18,1,1800,1800,1.0,1804,,1804.0,0.22172949002217296,25.221810340881348
fig3_den520d_hotspot,den520d,hotspot,lacam_focal_h,200,11,1,45626,30512,1.495346093340325,,31518,31518.0,-44.76172345961038,9.250956773757935
fig3_den520d_random,den520d,random,dbs_hungarian,600,24,1,1801,1800,1.0005555555555556,1806,,1806.0,0.2768549280177187,24.19503617286682
fig3_den520d_random,den520d,random,dbs_hungarian,600,16,1,1806,1800,1.0033333333333334,1806,,1806.0,0.0,26.235113859176636
fig3_den520d_hotspot,den520d,hotspot,lacam_focal_h,200,12,1,29897,22051,1.3558115278218674,,22645,22645.0,-32.024729520865534,9.301284074783325
fig3_den520d_hotspot,den520d,hotspot,lacam_focal_h,200,13,1,27672,20178,1.3713945881653287,,20977,20977.0,-31.915907899127617,9.395286083221436
fig3_den520d_random,den520d,random,dbs_hungarian,600,1,1,1801,1800,1.0005555555555556,1806,,1806.0,0.2768549280177187,29.62060046195984
fig3_den520d_hotspot,den520d,hotspot,lacam_focal_h,200,14,1,46889,32520,1.441851168511685,,35605,35605.0,-31.69217806487853,9.399644136428833
fig3_den520d_random,den520d,random,dbs_hungarian,600,23,1,1810,1800,1.0055555555555555,1816,,1816.0,0.3303964757709251,24.845287084579468
fig3_den520d_hotspot,den520d,hotspot,lacam_focal_h,200,16,1,52715,35952,1.46626056964842,,37801,37801.0,-39.4539826988704,9.265564441680908
fig3_den520d_hotspot,den520d,hotspot,lacam_focal_h,200,15,1,42801,28835,1.4843419455522802,,30786,30786.0,-39.027480023387255,9.295347213745117
fig3_den520d_random,den520d,random,dbs_hungarian,600,20,1,1801,1800,1.0005555555555556,1801,,1801.0,0.0,26.31290602684021
fig3_den520d_random,den520d,random,dbs_hungarian,600,19,1,1804,1800,1.0022222222222221,1807,,1807.0,0.16602102933038185,26.85681986808777
fig3_den520d_random,den520d,random,dbs_hungarian,600,17,1,1803,1800,1.0016666666666667,1803,,1803.0,0.0,27.07639503479004
fig3_den520d_random,den520d,random,dbs_hungarian,600,21,1,1805,1800,1.0027777777777778,1806,,1806.0,0.05537098560354374,26.55546498298645
fig3_den520d_hotspot,den520d,hotspot,lacam_focal_h,200,17,1,49473,34958,1.4152125407632015,,36593,36593.0,-35.19798868636078,9.284151792526245
fig3_den520d_random,den520d,random,dbs_hungarian,600,22,1,1802,1800,1.001111111111111,1808,,1808.0,0.33185840707964603,26.74490189552307
fig3_den520d_random,den520d,random,dbs_hungarian,600,9,0,,,nan,,,nan,nan,30.361528873443604
fig3_den520d_hotspot,den520d,hotspot,dbs_hungarian,200,2,1,42164,28505,1.4791790913874758,42689,,42689.0,1.2298250134695121,15.297474145889282
fig3_den520d_random,den520d,random,dbs_hungarian,600,13,1,1802,1800,1.001111111111111,1808,,1808.0,0.33185840707964603,29.676939249038696
fig3_den520d_random,den520d,random,dbs_hungarian,600,27,1,1802,1800,1.001111111111111,1803,,1803.0,0.05546311702717693,26.073680877685547
fig3_den520d_random,den520d,random,dbs_hungarian,600,15,1,1800,1800,1.0,1802,,1802.0,0.11098779134295228,29.341063976287842
fig3_den520d_hotspot,den520d,hotspot,lacam_focal_h,200,19,1,46922,33603,1.3963634199327442,,34549,34549.0,-35.8129034125445,9.269158840179443
fig3_den520d_hotspot,den520d,hotspot,lacam_focal_h,200,20,1,50064,30846,1.6230305388056798,,32675,32675.0,-53.21805661820964,9.39335560798645
fig3_den520d_hotspot,den520d,hotspot,lacam_focal_h,200,18,1,43250,23678,1.8265900836219275,,26227,26227.0,-64.90639417394289,9.46998643875122
fig3_den520d_random,den520d,random,dbs_hungarian,600,29,1,1801,1800,1.0005555555555556,1801,,1801.0,0.0,25.3139545917511
fig3_den520d_hotspot,den520d,hotspot,dbs_hungarian,200,3,1,37463,29080,1.288273727647868,37696,,37696.0,0.6181027164685908,15.721177577972412
fig3_den520d_hotspot,den520d,hotspot,lacam_focal_h,200,21,1,47120,31630,1.489724944672779,,35439,35439.0,-32.96086232681509,9.30748701095581
fig3_den520d_hotspot,den520d,hotspot,dbs_hungarian,200,6,1,45518,29515,1.5421988819244452,45518,,45518.0,0.0,15.589236974716187
fig3_den520d_hotspot,den520d,hotspot,dbs_hungarian,200,5,1,55512,35353,1.5702203490509998,55553,,55553.0,0.07380339495616799,16.049461841583252
fig3_den520d_hotspot,den520d,hotspot,lacam_focal_h,200,22,1,61304,39098,1.567957440278275,,43214,43214.0,-41.8614337946036,9.727758407592773
fig3_den520d_hotspot,den520d,hotspot,lacam_focal_h,200,23,1,43180,26622,1.6219667943805876,,29147,29147.0,-48.14560675198133,9.437057733535767
fig3_den520d_hotspot,den520d,hotspot,dbs_hungarian,200,7,1,28146,21545,1.3063819911812486,28146,,28146.0,0.0,15.90833306312561
fig3_den520d_hotspot,den520d,hotspot,dbs_hungarian,200,8,1,51845,38132,1.3596192174551558,51845,,51845.0,0.0,15.785753726959229
fig3_den520d_hotspot,den520d,hotspot,lacam_focal_h,200,24,1,31851,24324,1.3094474592994574,,25534,25534.0,-24.739562935693584,9.279889822006226
fig3_den520d_hotspot,den520d,hotspot,dbs_hungarian,200,10,1,45604,30425,1.498898931799507,45604,,45604.0,0.0,15.36368179321289
fig3_den520d_random,den520d,random,dbs_hungarian,600,30,1,1800,1800,1.0,1800,,1800.0,0.0,27.113965034484863
fig3_den520d_hotspot,den520d,hotspot,dbs_hungarian,200,9,1,38382,27623,1.3894942620280202,38382,,38382.0,0.0,15.985785722732544
fig3_den520d_hotspot,den520d,hotspot,lacam_focal_h,200,25,1,28760,21098,1.3631623850601953,,21717,21717.0,-32.43081456923148,9.253380298614502
fig3_den520d_hotspot,den520d,hotspot,dbs_hungarian,200,12,1,30033,22051,1.3619790485692258,30033,,30033.0,0.0,15.187220096588135
fig3_den520d_hotspot,den520d,hotspot,lacam_focal_h,200,27,1,51098,34065,1.5000146778218113,,36429,36429.0,-40.26736940349721,9.347639083862305
fig3_den520d_hotspot,den520d,hotspot,dbs_hungarian,200,17,1,49203,34958,1.407488986784141,49203,,49203.0,0.0,14.460966110229492
fig3_den520d_hotspot,den520d,hotspot,dbs_hungarian,200,14,1,46078,32520,1.4169126691266913,46078,,46078.0,0.0,15.260525941848755
fig3_den520d_hotspot,den520d,hotspot,lacam_focal_h,200,28,1,48284,32381,1.4911213365862697,,33919,33919.0,-42.35089477873758,9.290840864181519
fig3_den520d_hotspot,den520d,hotspot,lacam_focal_h,200,29,1,61359,42125,1.456593471810089,,43749,43749.0,-40.25234862511143,9.263540029525757
fig3_den520d_hotspot,den520d,hotspot,dbs_hungarian,200,4,0,,32018,nan,,,nan,nan,18.153427839279175
fig3_den520d_hotspot,den520d,hotspot,dbs_hungarian,200,13,1,27938,20178,1.384577262364952,28363,,28363.0,1.4984310545428905,15.912385702133179
fig3_den520d_hotspot,den520d,hotspot,lacam_focal_h,200,26,0,0,,nan,,0,0.0,nan,10.199182987213135
fig3_den520d_random,den520d,random,dbs_hungarian,600,25,0,,,nan,,,nan,nan,30.358103275299072
fig3_den520d_hotspot,den520d,hotspot,lacam_focal_h,200,30,1,53619,36320,1.476294052863436,,39920,39920.0,-34.31613226452906,9.394608736038208
fig3_den520d_random,den520d,random,dbs_hungarian,600,26,0,,,nan,,,nan,nan,30.33675241470337
fig3_den520d_hotspot,den520d,hotspot,lacam_focal_h,400,1,1,85588,49651,1.7237920686391008,,60413,60413.0,-41.67149454587589,9.416091680526733
fig3_den520d_random,den520d,random,dbs_hungarian,600,28,0,,,nan,,,nan,nan,30.419941902160645
fig3_den520d_hotspot,den520d,hotspot,dbs_hungarian,200,1,1,36298,23938,1.5163338624780685,36338,,36338.0,0.11007760471132148,20.7018141746521
fig3_den520d_hotspot,den520d,hotspot,lacam_focal_h,400,2,1,107510,55061,1.952561704291604,,68582,68582.0,-56.761249307398444,9.500306367874146
fig3_den520d_random,den520d,random,dbs_hungarian,800,2,1,2424,2400,1.01,2424,,2424.0,0.0,29.409390449523926
fig3_den520d_hotspot,den520d,hotspot,lacam_focal_h,400,3,1,86865,56977,1.5245625427804201,,66396,66396.0,-30.82866437737213,9.378045082092285
fig3_den520d_hotspot,den520d,hotspot,dbs_hungarian,200,19,1,49229,33603,1.4650180043448502,49229,,49229.0,0.0,14.959240198135376
fig3_den520d_hotspot,den520d,hotspot,lacam_focal_h,400,4,1,97412,62452,1.559789918657529,,69279,69279.0,-40.608265130847734,9.425089597702026
fig3_den520d_hotspot,den520d,hotspot,lacam_focal_h,400,5,1,133155,70365,1.8923470475378383,,82489,82489.0,-61.421522869715965,9.40293550491333
fig3_den520d_hotspot,den520d,hotspot,dbs_hungarian,200,16,1,52281,35952,1.4541889185580774,52281,,52281.0,0.0,17.546135425567627
fig3_den520d_random,den520d,random,dbs_hungarian,800,9,1,2401,2400,1.0004166666666667,2409,,2409.0,0.33208800332088,28.30677056312561
fig3_den520d_hotspot,den520d,hotspot,lacam_focal_h,400,6,1,118990,59576,1.9972807842084062,,72823,72823.0,-63.39617977836672,9.326895475387573
fig3_den520d_hotspot,den520d,hotspot,dbs_hungarian,200,20,1,49001,30846,1.5885690202943656,49255,,49255.0,0.5156836869353365,15.451308488845825
fig3_den520d_random,den520d,random,dbs_hungarian,800,3,0,,,nan,,,nan,nan,30.12405228614807
fig3_den520d_random,den520d,random,dbs_hungarian,800,1,0,,,nan,,,nan,nan,30.557173252105713
fig3_den520d_hotspot,den520d,hotspot,lacam_focal_h,400,7,1,66499,43021,1.5457334789986286,,45694,45694.0,-45.53114194423775,9.38238263130188
fig3_den520d_hotspot,den520d,hotspot,lacam_focal_h,400,8,1,113569,70622,1.6081249469003993,,80342,80342.0,-41.35694904284185,9.342742443084717
fig3_den520d_random,den520d,random,dbs_hungarian,800,4,0,,,nan,,,nan,nan,30.523467540740967
fig3_den520d_hotspot,den520d,hotspot,dbs_hungarian,200,11,1,45121,30512,1.4787952281069743,45121,,45121.0,0.0,19.469879865646362
fig3_den520d_random,den520d,random,dbs_hungarian,800,5,0,,,nan,,,nan,nan,30.465448141098022
fig3_den520d_hotspot,den520d,hotspot,dbs_hungarian,200,22,1,59770,39098,1.5287226968131362,59770,,59770.0,0.0,15.587153673171997
fig3_den520d_hotspot,den520d,hotspot,lacam_focal_h,400,9,1,90748,55672,1.630047420606409,,67810,67810.0,-33.82686919333432,9.633187770843506
fig3_den520d_hotspot,den520d,hotspot,lacam_focal_h,400,11,1,99917,60860,1.6417515609595794,,65922,65922.0,-51.568520372561515,9.32618498802185
fig3_den520d_hotspot,den520d,hotspot,dbs_hungarian,200,15,1,43905,28835,1.5226287497832496,43905,,43905.0,0.0,19.308569192886353
fig3_den520d_hotspot,den520d,hotspot,lacam_focal_h,400,12,1,70719,44319,1.5956813104988832,,47990,47990.0,-47.36195040633465,9.390140056610107
fig3_den520d_hotspot,den520d,hotspot,dbs_hungarian,200,21,1,47145,31630,1.4905153335441037,47145,,47145.0,0.0,16.043133974075317
fig3_den520d_hotspot,den520d,hotspot,lacam_focal_h,400,10,1,98739,60995,1.6188048200672187,,69709,69709.0,-41.64455091881967,9.84285831451416
fig3_den520d_random,den520d,random,dbs_hungarian,800,7,0,,,nan,,,nan,nan,30.62591242790222
fig3_den520d_hotspot,den520d,hotspot,lacam_focal_h,400,13,1,61179,40434,1.5130583172577534,,43984,43984.0,-39.0937613677701,9.361513376235962
fig3_den520d_random,den520d,random,dbs_hungarian,800,6,0,,,nan,,,nan,nan,30.620150804519653
fig3_den520d_random,den520d,random,dbs_hungarian,800,8,0,,,nan,,,nan,nan,30.55107307434082
fig3_den520d_hotspot,den520d,hotspot,dbs_hungarian,200,24,1,32812,24324,1.3489557638546292,32973,,32973.0,0.488278288296485,15.687625408172607
fig3_den520d_hotspot,den520d,hotspot,dbs_hungarian,200,23,1,43142,26622,1.620539403500864,43142,,43142.0,0.0,16.406564474105835
fig3_den520d_hotspot,den520d,hotspot,lacam_focal_h,400,15,1,98507,57385,1.716598414219744,,68118,68118.0,-44.61229043718254,9.413124799728394
fig3_den520d_random,den520d,random,dbs_hungarian,800,10,0,,,nan,,,nan,nan,30.452954292297363
fig3_den520d_hotspot,den520d,hotspot,lacam_focal_h,400,14,1,109247,65399,1.6704689674154038,,82321,82321.0,-32.70854338504149,9.353566884994507
fig3_den520d_hotspot,den520d,hotspot,dbs_hungarian,200,29,1,59166,42125,1.4045341246290801,59166,,59166.0,0.0,15.25141429901123
fig3_den520d_hotspot,den520d,hotspot,lacam_focal_h,400,16,1,120051,71353,1.682494078735302,,83831,83831.0,-43.2059739237275,9.572559118270874
fig3_den520d_hotspot,den520d,hotspot,dbs_hungarian,200,26,1,50586,36178,1.398253081983526,50586,,50586.0,0.0,15.922006845474243
fig3_den520d_random,den520d,random,dbs_hungarian,800,14,0,,,nan,,,nan,nan,30.26519250869751
fig3_den520d_random,den520d,random,dbs_hungarian,800,12,0,,,nan,,,nan,nan,30.34373664855957
fig3_den520d_random,den520d,random,dbs_hungarian,800,11,0,,,nan,,,nan,nan,30.676450490951538
fig3_den520d_hotspot,den520d,hotspot,dbs_hungarian,200,27,1,51719,34065,1.5182445325113754,52326,,52326.0,1.1600351641631312,16.209778547286987
fig3_den520d_hotspot,den520d,hotspot,lacam_focal_h,400,17,1,119980,67327,1.782048806570915,,80017,80017.0,-49.943137083369784,9.278807878494263
fig3_den520d_random,den520d,random,dbs_hungarian,800,13,0,,,nan,,,nan,nan,30.666529655456543
fig3_den520d_hotspot,den520d,hotspot,dbs_hungarian,200,30,1,54016,36320,1.4872246696035243,54016,,54016.0,0.0,15.295245170593262
fig3_den520d_hotspot,den520d,hotspot,lacam_focal_h,400,18,1,92045,49267,1.8682891184768708,,59170,59170.0,-55.560250126753424,9.306215286254883
fig3_den520d_hotspot,den520d,hotspot,lacam_focal_h,400,19,1,108526,65541,1.6558490105430188,,71293,71293.0,-52.22532366431487,9.306265354156494
fig3_den520d_random,den520d,random,dbs_hungarian,800,15,0,,,nan,,,nan,nan,30.496427536010742
fig3_den520d_hotspot,den520d,hotspot,lacam_focal_h,400,20,1,125451,63842,1.9650230255944363,,77055,77055.0,-62.80708584777107,9.36258840560913
fig3_den520d_random,den520d,random,dbs_hungarian,800,16,0,,,nan,,,nan,nan,30.49985933303833
fig3_den520d_hotspot,den520d,hotspot,lacam_focal_h,400,21,1,106423,63259,1.6823376910795302,,82316,82316.0,-29.28592254239759,9.302926778793335
fig3_den520d_hotspot,den520d,hotspot,dbs_hungarian,200,25,1,28104,21098,1.332069390463551,28315,,28315.0,0.7451880628642062,17.60256052017212
fig3_den520d_random,den520d,random,dbs_hungarian,800,18,0,,,nan,,,nan,nan,30.595567226409912
fig3_den520d_random,den520d,random,dbs_hungarian,800,17,0,,,nan,,,nan,nan,30.539992570877075
fig3_den520d_random,den520d,random,dbs_hungarian,800,19,0,,,nan,,,nan,nan,30.49031949043274
fig3_den520d_hotspot,den520d,hotspot,dbs_hungarian,200,28,1,49598,32381,1.5317006886754578,49598,,49598.0,0.0,17.098960399627686
fig3_den520d_random,den520d,random,dbs_hungarian,800,20,0,,,nan,,,nan,nan,30.365329027175903
fig3_den520d_hotspot,den520d,hotspot,lacam_focal_h,400,22,1,134135,79338,1.6906778592855882,,95669,95669.0,-40.2073817014916,9.356446504592896
fig3_den520d_random,den520d,random,dbs_hungarian,800,21,0,,,nan,,,nan,nan,30.36802315711975
fig3_den520d_hotspot,den520d,hotspot,lacam_focal_h,400,23,1,97663,53055,1.8407878616530016,,67381,67381.0,-44.94145233819623,9.360615968704224
fig3_den520d_hotspot,den520d,hotspot,lacam_focal_h,400,24,1,78594,49739,1.5801282695671404,,58268,58268.0,-34.88364110661083,9.324800729751587
fig3_den520d_hotspot,den520d,hotspot,lacam_focal_h,400,25,1,64046,43228,1.4815860090681965,,46037,46037.0,-39.118535091339574,9.26090383529663
fig3_den520d_random,den520d,random,dbs_hungarian,800,22,0,,,nan,,,nan,nan,30.33154320716858
fig3_den520d_hotspot,den520d,hotspot,lacam_focal_h,400,26,1,115121,72865,1.579921773142112,,79579,79579.0,-44.66253659885145,9.327301263809204
fig3_den520d_random,den520d,random,dbs_hungarian,800,23,0,,,nan,,,nan,nan,30.458281755447388
fig3_den520d_random,den520d,random,dbs_hungarian,800,24,0,,,nan,,,nan,nan,30.42802882194519
fig3_den520d_hotspot,den520d,hotspot,lacam_focal_h,400,27,1,115871,69580,1.665291750503018,,85147,85147.0,-36.0834791595711,9.477948188781738
fig3_den520d_random,den520d,random,dbs_hungarian,800,25,0,,,nan,,,nan,nan,30.48682737350464
fig3_den520d_hotspot,den520d,hotspot,lacam_focal_h,400,28,1,123857,64539,1.9191031779234262,,77202,77202.0,-60.43237221833631,9.33611011505127
fig3_den520d_random,den520d,random,dbs_hungarian,800,26,0,,,nan,,,nan,nan,30.444759368896484
fig3_den520d_random,den520d,random,dbs_hungarian,800,29,0,,,nan,,,nan,nan,30.208573818206787
fig3_den520d_hotspot,den520d,hotspot,dbs_hungarian,200,18,1,38575,23678,1.6291494214038347,39535,,39535.0,2.4282281522701403,23.61667037010193
fig3_den520d_random,den520d,random,dbs_hungarian,800,27,0,,,nan,,,nan,nan,30.444453716278076
fig3_den520d_hotspot,den520d,hotspot,lacam_focal_h,400,30,1,125664,71466,1.7583746117034673,,88130,88130.0,-42.589356632247814,9.303271055221558
fig3_den520d_random,den520d,random,dbs_hungarian,800,28,0,,,nan,,,nan,nan,30.44687271118164
fig3_den520d_hotspot,den520d,hotspot,lacam_focal_h,600,1,1,152096,74986,2.028325287386979,,103695,103695.0,-46.67631033318868,9.360662698745728
fig3_den520d_random,den520d,random,dbs_hungarian,800,30,0,,,nan,,,nan,nan,30.340185403823853
fig3_den520d_hotspot,den520d,hotspot,lacam_focal_h,600,3,1,160214,81980,1.9543059282751891,,114194,114194.0,-40.29984062209923,9.348788499832153
fig3_den520d_hotspot,den520d,hotspot,lacam_focal_h,600,2,1,185540,83484,2.2224617890853335,,115498,115498.0,-60.64347434587612,9.413089990615845
fig3_den520d_hotspot,den520d,hotspot,lacam_focal_h,400,29,1,143444,80192,1.7887569832402235,,89998,89998.0,-59.385764128091736,9.678767204284668
fig3_den520d_hotspot,den520d,hotspot,lacam_focal_h,600,4,1,161536,91272,1.7698308353054606,,110486,110486.0,-46.204949043317704,9.36950421333313
fig3_den520d_hotspot,den520d,hotspot,lacam_focal_h,600,5,1,207567,101494,2.0451159674463515,,130910,130910.0,-58.557023909556186,9.326427221298218
fig3_den520d_hotspot,den520d,hotspot,lacam_focal_h,600,6,1,197418,88646,2.2270378810098594,,121351,121351.0,-62.68345543094,9.394520282745361
fig3_den520d_hotspot,den520d,hotspot,dbs_hungarian,400,2,1,106700,55061,1.9378507473529358,108131,,108131.0,1.3233947711572074,20.690118074417114
fig3_den520d_hotspot,den520d,hotspot,lacam_focal_h,600,7,1,106597,64329,1.6570598019555722,,71739,71739.0,-48.59002773944437,9.395871877670288
fig3_den520d_hotspot,den520d,hotspot,dbs_hungarian,400,5,1,126004,70365,1.7907198180913806,126004,,126004.0,0.0,20.420591592788696
fig3_den520d_hotspot,den520d,hotspot,lacam_focal_h,600,8,1,184599,106132,1.7393340368597596,,129433,129433.0,-42.62127896286109,9.59843921661377
fig3_den520d_hotspot,den520d,hotspot,dbs_hungarian,400,3,1,88229,56977,1.5485020271337557,88229,,88229.0,0.0,21.010217666625977
fig3_den520d_hotspot,den520d,hotspot,lacam_focal_h,600,9,1,164439,84321,1.9501547657167253,,114516,114516.0,-43.59478151524678,9.379289150238037
fig3_den520d_hotspot,den520d,hotspot,lacam_focal_h,600,10,1,171317,94066,1.8212425318393468,,120828,120828.0,-41.78584434071573,9.401671886444092
fig3_den520d_hotspot,den520d,hotspot,lacam_focal_h,600,11,1,176462,89202,1.9782291876863747,,110740,110740.0,-59.348022394798626,9.386908054351807
fig3_den520d_hotspot,den520d,hotspot,lacam_focal_h,600,12,1,121885,67074,1.8171720785997556,,80190,80190.0,-51.995261254520514,9.290859699249268
fig3_den520d_hotspot,den520d,hotspot,dbs_hungarian,400,7,1,66341,43021,1.5420608540015341,66341,,66341.0,0.0,20.643065929412842
fig3_den520d_hotspot,den520d,hotspot,lacam_focal_h,600,13,1,99636,62496,1.5942780337941629,,73163,73163.0,-36.183590066016976,9.358511686325073
fig3_den520d_hotspot,den520d,hotspot,dbs_hungarian,400,4,1,99836,62452,1.598603727662845,99836,,99836.0,0.0,21.309406518936157
fig3_den520d_hotspot,den520d,hotspot,dbs_hungarian,400,8,1,115100,70622,1.6298037438758461,115100,,115100.0,0.0,20.58747673034668
fig3_den520d_hotspot,den520d,hotspot,lacam_focal_h,600,14,1,184234,97256,1.894320144772559,,133694,133694.0,-37.80274357861983,9.420287609100342
fig3_den520d_hotspot,den520d,hotspot,dbs_hungarian,400,10,1,98237,60995,1.6105746372653496,98237,,98237.0,0.0,20.28073024749756
fig3_den520d_hotspot,den520d,hotspot,dbs_hungarian,400,9,1,89281,55672,1.60369665181779,89281,,89281.0,0.0,20.74218225479126
fig3_den520d_hotspot,den520d,hotspot,lacam_focal_h,600,16,1,203600,101979,1.996489473322939,,132054,132054.0,-54.17935087161313,9.502592325210571
fig3_den520d_hotspot,den520d,hotspot,lacam_focal_h,600,17,1,239220,101107,2.3660082882490827,,141436,141436.0,-69.1365706043723,9.40549349784851
fig3_den520d_hotspot,den520d,hotspot,lacam_focal_h,600,15,1,168900,86472,1.95323341659728,,111197,111197.0,-51.892587030225634,9.913802862167358
fig3_den520d_hotspot,den520d,hotspot,lacam_focal_h,600,18,1,174958,74355,2.353009212561361,,106122,106122.0,-64.86496673639773,9.590637445449829
fig3_den520d_hotspot,den520d,hotspot,dbs_hungarian,400,11,1,97295,60860,1.5986690765691751,97295,,97295.0,0.0,20.874218225479126
fig3_den520d_hotspot,den520d,hotspot,dbs_hungarian,400,13,1,60177,40434,1.4882771924617897,60684,,60684.0,0.8354755784061697,20.38173222541809
fig3_den520d_hotspot,den520d,hotspot,dbs_hungarian,400,14,1,103283,65399,1.5792749124604353,103583,,103583.0,0.28962281455451183,20.307701349258423
fig3_den520d_hotspot,den520d,hotspot,lacam_focal_h,600,19,1,186507,100590,1.8541306292872055,,119018,119018.0,-56.70486817120099,9.411115884780884
fig3_den520d_hotspot,den520d,hotspot,dbs_hungarian,400,15,1,97072,57385,1.6915918794109959,97072,,97072.0,0.0,20.117250442504883
fig3_den520d_hotspot,den520d,hotspot,dbs_hungarian,400,1,1,82058,49651,1.6526958168012729,82576,,82576.0,0.6273009106762255,24.19888973236084
fig3_den520d_hotspot,den520d,hotspot,lacam_focal_h,600,20,1,201758,96674,2.086993400500652,,126579,126579.0,-59.39294827736038,9.40995192527771
fig3_den520d_hotspot,den520d,hotspot,dbs_hungarian,400,16,1,119168,71353,1.6701189858870684,119168,,119168.0,0.0,20.00095224380493
fig3_den520d_hotspot,den520d,hotspot,lacam_focal_h,600,21,1,189485,97772,1.9380292926400196,,140522,140522.0,-34.84365437440401,9.409392833709717
fig3_den520d_hotspot,den520d,hotspot,lacam_focal_h,600,22,1,212570,117186,1.8139538852763981,,150351,150351.0,-41.38249828734096,9.420228719711304
fig3_den520d_hotspot,den520d,hotspot,dbs_hungarian,400,12,1,72787,44319,1.642343013154629,72787,,72787.0,0.0,21.80748701095581
fig3_den520d_hotspot,den520d,hotspot,lacam_focal_h,600,25,1,107698,65808,1.636548747872599,,74258,74258.0,-45.03218508443535,9.325326442718506
fig3_den520d_hotspot,den520d,hotspot,lacam_focal_h,600,23,1,176760,80754,2.1888699011813655,,115405,115405.0,-53.164940860447985,9.294379711151123
fig3_lak303d_random,lak303d,random,lacam_focal_h,200,1,1,600,600,1.0,,600,600.0,0.0,0.18586468696594238
fig3_den520d_hotspot,den520d,hotspot,lacam_focal_h,600,27,1,200390,105496,1.8995032987032683,,137176,137176.0,-46.082405085437685,9.377418518066406
fig3_den520d_hotspot,den520d,hotspot,dbs_hungarian,400,20,1,116573,63842,1.8259609661351461,118277,,118277.0,1.4406858476288713,19.63680934906006
fig3_den520d_hotspot,den520d,hotspot,lacam_focal_h,600,24,1,136793,74662,1.8321636173689426,,98167,98167.0,-39.34723481414325,9.844068765640259
fig3_lak303d_random,lak303d,random,lacam_focal_h,200,2,1,600,600,1.0,,600,600.0,0.0,0.18740344047546387
fig3_den520d_hotspot,den520d,hotspot,dbs_hungarian,400,18,1,89075,49267,1.8080053585564373,89699,,89699.0,0.6956599293191674,20.37577509880066
fig3_den520d_hotspot,den520d,hotspot,lacam_focal_h,600,28,1,197173,98855,1.9945678013251733,,132023,132023.0,-49.347462184619346,9.368258953094482
fig3_den520d_hotspot,den520d,hotspot,lacam_focal_h,600,26,1,178740,108660,1.6449475427940365,,126279,126279.0,-41.543724609792605,9.413994550704956
fig3_den520d_hotspot,den520d,hotspot,lacam_focal_h,600,29,1,220302,118903,1.8527875663355844,,141543,141543.0,-55.643161442105935,9.463680028915405
fig3_den520d_hotspot,den520d,hotspot,dbs_hungarian,400,17,1,118528,67327,1.760482421613914,120844,,120844.0,1.9165204726755156,20.738433361053467
fig3_lak303d_random,lak303d,random,lacam_focal_h,200,5,1,600,600,1.0,,600,600.0,0.0,0.18299293518066406
fig3_den520d_hotspot,den520d,hotspot,lacam_focal_h,600,30,1,211071,107663,1.9604785302285836,,141008,141008.0,-49.687251787132645,9.353318691253662
fig3_den520d_hotspot,den520d,hotspot,dbs_hungarian,400,21,1,101069,63259,1.5977015128282142,101069,,101069.0,0.0,20.393120288848877
fig3_den520d_hotspot,den520d,hotspot,lacam_focal_h,800,1,1,230239,98195,2.3447120525485006,,164625,164625.0,-39.856643887623385,9.504705667495728
fig3_den520d_hotspot,den520d,hotspot,lacam_focal_h,800,2,1,259805,112244,2.31464488079541,,177227,177227.0,-46.59448052497644,9.425623655319214
fig3_den520d_hotspot,den520d,hotspot,dbs_hungarian,400,19,1,110772,65541,1.6901176362887353,110772,,110772.0,0.0,21.191312789916992
fig3_den520d_hotspot,den520d,hotspot,dbs_hungarian,400,22,1,132876,79338,1.6748090448461015,132876,,132876.0,0.0,20.5505211353302
fig3_den520d_hotspot,den520d,hotspot,dbs_hungarian,400,6,1,109648,59576,1.8404726735598227,109648,,109648.0,0.0,25.846191883087158
fig3_den520d_hotspot,den520d,hotspot,lacam_focal_h,800,3,1,230495,108509,2.1242016791233906,,154973,154973.0,-48.73235983042208,9.64544677734375
fig3_lak303d_random,lak303d,random,lacam_focal_h,200,10,1,600,600,1.0,,600,600.0,0.0,0.22188353538513184
fig3_den520d_hotspot,den520d,hotspot,dbs_hungarian,400,24,1,80304,49739,1.6145077303524398,80857,,80857.0,0.683923469829452,20.142183303833008
fig3_den520d_hotspot,den520d,hotspot,dbs_hungarian,400,23,1,101012,53055,1.9039110357176514,103288,,103288.0,2.203547362713965,20.778238773345947
fig3_den520d_hotspot,den520d,hotspot,lacam_focal_h,800,4,1,246058,122888,2.0022947724757505,,159505,159505.0,-54.263502711513745,9.620314121246338
fig3_lak303d_random,lak303d,random,lacam_focal_h,200,12,1,600,600,1.0,,600,600.0,0.0,0.2995727062225342
fig3_den520d_hotspot,den520d,hotspot,lacam_focal_h,800,7,1,161192,86403,1.865583370947768,,103987,103987.0,-55.011684152826795,9.424830675125122
fig3_den520d_hotspot,den520d,hotspot,dbs_hungarian,400,25,1,64970,43228,1.5029610437679282,64970,,64970.0,0.0,20.81014895439148
fig3_den520d_hotspot,den520d,hotspot,lacam_focal_h,800,8,1,274839,142353,1.9306863922783504,,187460,187460.0,-46.6120772431452,9.496134996414185
fig3_den520d_hotspot,den520d,hotspot,lacam_focal_h,800,5,0,0,,nan,,0,0.0,nan,10.270963191986084
fig3_den520d_hotspot,den520d,hotspot,dbs_hungarian,400,28,1,114507,64539,1.7742295356296194,114507,,114507.0,0.0,20.65865468978882
fig3_den520d_hotspot,den520d,hotspot,lacam_focal_h,800,6,0,0,,nan,,0,0.0,nan,10.25265884399414
fig3_den520d_hotspot,den520d,hotspot,lacam_focal_h,800,9,1,318413,111454,2.8569006047337915,,180487,180487.0,-76.4188002460011,9.513073205947876
fig3_den520d_hotspot,den520d,hotspot,lacam_focal_h,800,10,1,253321,125784,2.013936589709343,,175993,175993.0,-43.938111174876276,9.710938453674316
fig3_den520d_hotspot,den520d,hotspot,lacam_focal_h,800,11,1,261323,123302,2.1193735705827965,,161107,161107.0,-62.20462177310731,9.648685693740845
fig3_lak303d_random,lak303d,random,lacam_focal_h,200,16,1,600,600,1.0,,600,600.0,0.0,0.3448503017425537
fig3_den520d_hotspot,den520d,hotspot,lacam_focal_h,800,13,1,149915,82807,1.8104145784776648,,107166,107166.0,-39.89045032939552,9.454303741455078
fig3_den520d_hotspot,den520d,hotspot,lacam_focal_h,800,12,1,212974,88188,2.414999773211775,,141561,141561.0,-50.44680385134324,9.575477600097656
fig3_den520d_hotspot,den520d,hotspot,dbs_hungarian,400,29,1,138081,80192,1.721879988028731,138081,,138081.0,0.0,22.20939826965332
fig3_den520d_hotspot,den520d,hotspot,dbs_hungarian,400,27,1,118091,69580,1.6971974705375108,119400,,119400.0,1.0963149078726968,23.146116495132446
fig3_den520d_hotspot,den520d,hotspot,lacam_focal_h,800,15,1,250160,116425,2.1486794073437836,,162300,162300.0,-54.13431916204559,9.480518817901611
fig3_den520d_hotspot,den520d,hotspot,lacam_focal_h,800,14,0,0,,nan,,0,0.0,nan,10.258392095565796
fig3_lak303d_random,lak303d,random,lacam_focal_h,200,21,1,600,600,1.0,,600,600.0,0.0,0.38514232635498047
fig3_den520d_hotspot,den520d,hotspot,lacam_focal_h,800,18,1,240230,101535,2.3659821736347073,,186436,186436.0,-28.853869424360102,9.559906482696533
fig3_lak303d_random,lak303d,random,lacam_focal_h,200,22,1,600,600,1.0,,600,600.0,0.0,0.36538171768188477
fig3_den520d_hotspot,den520d,hotspot,lacam_focal_h,800,16,0,0,,nan,,0,0.0,nan,10.257080078125
fig3_den520d_hotspot,den520d,hotspot,dbs_hungarian,400,26,1,113021,72865,1.5511013518150003,113021,,113021.0,0.0,25.054356336593628
fig3_den520d_hotspot,den520d,hotspot,lacam_focal_h,800,17,0,0,,nan,,0,0.0,nan,10.356921911239624
fig3_lak303d_random,lak303d,random,lacam_focal_h,200,23,1,600,600,1.0,,600,600.0,0.0,0.4514176845550537
fig3_den520d_hotspot,den520d,hotspot,lacam_focal_h,800,23,1,268157,108280,2.4765145917990394,,175286,175286.0,-52.98255422566548,9.445430517196655
fig3_den520d_hotspot,den520d,hotspot,dbs_hungarian,600,2,1,183436,83484,2.1972593550860045,183436,,183436.0,0.0,24.207906007766724
fig3_den520d_hotspot,den520d,hotspot,lacam_focal_h,800,19,0,0,,nan,,0,0.0,nan,10.417914628982544
fig3_den520d_hotspot,den520d,hotspot,lacam_focal_h,800,20,0,0,,nan,,0,0.0,nan,10.27433729171753
fig3_den520d_hotspot,den520d,hotspot,dbs_hungarian,400,30,1,124942,71466,1.7482719055215068,124942,,124942.0,0.0,24.740559816360474
fig3_lak303d_random,lak303d,random,lacam_focal_h,200,25,1,600,600,1.0,,600,600.0,0.0,0.3652358055114746
fig3_den520d_hotspot,den520d,hotspot,lacam_focal_h,800,24,1,251005,100469,2.498332819078522,,158151,158151.0,-58.712243362356226,9.497612953186035
fig3_den520d_hotspot,den520d,hotspot,lacam_focal_h,800,21,1,275337,130051,2.117146350277968,,196240,196240.0,-40.30625764370159,10.330507516860962
fig3_den520d_hotspot,den520d,hotspot,lacam_focal_h,800,25,1,153344,87286,1.7567994867447243,,108622,108622.0,-41.172138240872016,9.41823935508728
fig3_den520d_hotspot,den520d,hotspot,lacam_focal_h,800,22,0,0,,nan,,0,0.0,nan,10.241207122802734
fig3_den520d_hotspot,den520d,hotspot,dbs_hungarian,600,3,1,149691,81980,1.825945352525006,149691,,149691.0,0.0,24.711813926696777
fig3_lak303d_random,lak303d,random,lacam_focal_h,200,27,1,600,600,1.0,,600,600.0,0.0,0.5300474166870117
fig3_lak303d_random,lak303d,random,lacam_focal_h,200,28,1,600,600,1.0,,601,601.0,0.16638935108153077,0.5183484554290771
fig3_den520d_hotspot,den520d,hotspot,lacam_focal_h,800,27,1,276316,143606,1.9241257329080959,,190921,190921.0,-44.72792411520996,9.543033361434937
fig3_den520d_hotspot,den520d,hotspot,lacam_focal_h,800,29,1,319923,158256,2.021553685168335,,207660,207660.0,-54.06096503900607,9.715557336807251
fig3_den520d_hotspot,den520d,hotspot,lacam_focal_h,800,26,0,0,,nan,,0,0.0,nan,10.275538682937622
fig3_den520d_hotspot,den520d,hotspot,dbs_hungarian,600,10,1,169686,94066,1.8039036421236154,169686,,169686.0,0.0,23.231701374053955
fig3_lak303d_random,lak303d,random,lacam_focal_h,200,3,1,601,600,1.0016666666666667,,601,601.0,0.0,9.373234510421753
fig3_lak303d_random,lak303d,random,lacam_focal_h,200,4,1,601,600,1.0016666666666667,,601,601.0,0.0,9.206489324569702
fig3_lak303d_random,lak303d,random,lacam_focal_h,200,6,1,602,600,1.0033333333333334,,602,602.0,0.0,9.188748121261597
fig3_den520d_hotspot,den520d,hotspot,lacam_focal_h,800,28,0,0,,nan,,0,0.0,nan,10.364658117294312
fig3_den520d_hotspot,den520d,hotspot,dbs_hungarian,600,9,1,165181,84321,1.9589544716025664,165181,,165181.0,0.0,24.018921613693237
fig3_lak303d_random,lak303d,random,lacam_focal_h,200,7,1,601,600,1.0016666666666667,,601,601.0,0.0,9.173593521118164
fig3_den520d_hotspot,den520d,hotspot,dbs_hungarian,600,7,1,109228,64329,1.6979589298761057,109228,,109228.0,0.0,24.691038846969604
fig3_lak303d_random,lak303d,random,lacam_focal_h,200,8,1,601,600,1.0016666666666667,,601,601.0,0.0,9.182731866836548
fig3_den520d_hotspot,den520d,hotspot,lacam_focal_h,800,30,0,0,,nan,,0,0.0,nan,10.249606609344482
fig3_lak303d_random,lak303d,random,lacam_focal_h,400,2,1,1200,1200,1.0,,1201,1201.0,0.08326394671107411,1.0304734706878662
fig3_den520d_hotspot,den520d,hotspot,dbs_hungarian,600,8,1,191158,106132,1.801134436362266,191158,,191158.0,0.0,24.955655336380005
fig3_den520d_hotspot,den520d,hotspot,dbs_hungarian,600,15,1,178004,86472,2.058516051438616,178004,,178004.0,0.0,23.658254623413086
fig3_lak303d_random,lak303d,random,lacam_focal_h,200,9,1,601,600,1.0016666666666667,,606,606.0,0.8250825082508251,9.431056261062622
fig3_den520d_hotspot,den520d,hotspot,dbs_hungarian,600,24,1,142995,74662,1.915231309099676,142995,,142995.0,0.0,21.480710983276367
fig3_den520d_hotspot,den520d,hotspot,dbs_hungarian,600,19,1,186184,100590,1.8509195745103888,186184,,186184.0,0.0,23.08639645576477
fig3_den520d_hotspot,den520d,hotspot,dbs_hungarian,600,6,1,189407,88646,2.13666719310516,189407,,189407.0,0.0,25.75628352165222
fig3_den520d_hotspot,den520d,hotspot,dbs_hungarian,600,14,1,182050,97256,1.871863946697376,182050,,182050.0,0.0,24.06451988220215
fig3_lak303d_random,lak303d,random,dbs_hungarian,200,1,1,600,600,1.0,605,,605.0,0.8264462809917356,11.753983736038208
fig3_den520d_hotspot,den520d,hotspot,dbs_hungarian,600,21,1,186752,97772,1.9100765045207218,186752,,186752.0,0.0,22.37616753578186
fig3_den520d_hotspot,den520d,hotspot,dbs_hungarian,600,17,1,226848,101107,2.2436428733915554,226848,,226848.0,0.0,23.82984209060669
fig3_den520d_hotspot,den520d,hotspot,dbs_hungarian,600,13,1,101888,62496,1.6303123399897594,101888,,101888.0,0.0,24.732696056365967
fig3_lak303d_random,lak303d,random,lacam_focal_h,200,11,1,601,600,1.0016666666666667,,601,601.0,0.0,9.25163745880127
fig3_lak303d_random,lak303d,random,dbs_hungarian,200,2,1,600,600,1.0,600,,600.0,0.0,11.791069030761719
fig3_den520d_hotspot,den520d,hotspot,dbs_hungarian,600,11,1,169969,89202,1.9054393399251137,169969,,169969.0,0.0,25.191614627838135
fig3_lak303d_random,lak303d,random,dbs_hungarian,200,4,1,600,600,1.0,605,,605.0,0.8264462809917356,11.557536125183105
fig3_lak303d_random,lak303d,random,dbs_hungarian,200,3,1,600,600,1.0,600,,600.0,0.0,11.812449216842651
fig3_lak303d_random,lak303d,random,lacam_focal_h,200,13,1,601,600,1.0016666666666667,,601,601.0,0.0,9.293465852737427
fig3_lak303d_random,lak303d,random,dbs_hungarian,200,7,1,600,600,1.0,600,,600.0,0.0,11.52367091178894
fig3_den520d_hotspot,den520d,hotspot,dbs_hungarian,600,27,1,196039,105496,1.8582600288162585,196039,,196039.0,0.0,22.268298864364624
fig3_den520d_hotspot,den520d,hotspot,dbs_hungarian,600,1,1,154307,74986,2.0578107913477184,154307,,154307.0,0.0,28.566609144210815
fig3_lak303d_random,lak303d,random,dbs_hungarian,200,5,1,601,600,1.0016666666666667,601,,601.0,0.0,11.85330581665039
fig3_lak303d_random,lak303d,random,lacam_focal_h,200,14,1,604,600,1.0066666666666666,,605,605.0,0.1652892561983471,9.131247520446777
fig3_den520d_hotspot,den520d,hotspot,dbs_hungarian,600,12,1,127321,67074,1.8982168947729374,127321,,127321.0,0.0,25.817445755004883
fig3_lak303d_random,lak303d,random,dbs_hungarian,200,6,1,601,600,1.0016666666666667,601,,601.0,0.0,12.107808589935303
fig3_lak303d_random,lak303d,random,lacam_focal_h,200,15,1,601,600,1.0016666666666667,,601,601.0,0.0,9.19796109199524
fig3_den520d_hotspot,den520d,hotspot,dbs_hungarian,600,16,1,201707,101979,1.9779268280724462,201707,,201707.0,0.0,25.152207612991333
fig3_lak303d_random,lak303d,random,dbs_hungarian,200,8,1,600,600,1.0,600,,600.0,0.0,12.096185445785522
fig3_lak303d_random,lak303d,random,lacam_focal_h,200,17,1,601,600,1.0016666666666667,,601,601.0,0.0,9.160054683685303
fig3_den520d_hotspot,den520d,hotspot,dbs_hungarian,600,23,0,,80754,nan,,,nan,nan,23.943557500839233
fig3_den520d_hotspot,den520d,hotspot,dbs_hungarian,600,22,1,227382,117186,1.940351236495827,227382,,227382.0,0.0,24.188875436782837
fig3_lak303d_random,lak303d,random,lacam_focal_h,200,18,1,601,600,1.0016666666666667,,601,601.0,0.0,9.25383973121643
fig3_lak303d_random,lak303d,random,dbs_hungarian,200,10,1,600,600,1.0,600,,600.0,0.0,12.20583987236023
fig3_lak303d_random,lak303d,random,dbs_hungarian,200,9,1,602,600,1.0033333333333334,620,,620.0,2.903225806451613,12.416865110397339
fig3_den520d_hotspot,den520d,hotspot,dbs_hungarian,600,5,0,,101494,nan,,,nan,nan,28.612972259521484
fig3_den520d_hotspot,den520d,hotspot,dbs_hungarian,600,25,1,111189,65808,1.6895970094821298,111189,,111189.0,0.0,24.047013759613037
fig3_den520d_hotspot,den520d,hotspot,dbs_hungarian,600,4,1,165272,91272,1.8107634323779471,165272,,165272.0,0.0,28.934380054473877
fig3_lak303d_random,lak303d,random,lacam_focal_h,200,19,1,604,600,1.0066666666666666,,604,604.0,0.0,9.156469345092773
fig3_lak303d_random,lak303d,random,dbs_hungarian,200,12,1,601,600,1.0016666666666667,602,,602.0,0.16611295681063123,12.385487794876099
fig3_lak303d_random,lak303d,random,dbs_hungarian,200,11,1,601,600,1.0016666666666667,601,,601.0,0.0,12.551544189453125
fig3_lak303d_random,lak303d,random,dbs_hungarian,200,13,1,601,600,1.0016666666666667,602,,602.0,0.16611295681063123,12.345099210739136
fig3_lak303d_random,lak303d,random,lacam_focal_h,200,20,1,604,600,1.0066666666666666,,604,604.0,0.0,9.181252479553223
fig3_lak303d_random,lak303d,random,dbs_hungarian,200,14,1,600,600,1.0,600,,600.0,0.0,12.240699291229248
fig3_lak303d_random,lak303d,random,dbs_hungarian,200,15,1,600,600,1.0,601,,601.0,0.16638935108153077,12.14429235458374
fig3_lak303d_random,lak303d,random,dbs_hungarian,200,16,1,601,600,1.0016666666666667,601,,601.0,0.0,12.546639919281006
fig3_lak303d_random,lak303d,random,dbs_hungarian,200,17,1,600,600,1.0,603,,603.0,0.4975124378109453,12.339666366577148
fig3_den520d_hotspot,den520d,hotspot,dbs_hungarian,600,29,0,,118903,nan,,,nan,nan,25.717025756835938
fig3_den520d_hotspot,den520d,hotspot,dbs_hungarian,600,20,0,,96674,nan,,,nan,nan,28.039945125579834
fig3_lak303d_random,lak303d,random,dbs_hungarian,200,18,1,602,600,1.0033333333333334,602,,602.0,0.0,12.726450443267822
fig3_den520d_hotspot,den520d,hotspot,dbs_hungarian,600,28,0,,98855,nan,,,nan,nan,26.60992431640625
fig3_den520d_hotspot,den520d,hotspot,dbs_hungarian,600,18,1,172074,74355,2.3142223118821867,172074,,172074.0,0.0,28.96197772026062
fig3_lak303d_random,lak303d,random,lacam_focal_h,200,24,1,601,600,1.0016666666666667,,601,601.0,0.0,9.314117670059204
fig3_den520d_hotspot,den520d,hotspot,dbs_hungarian,600,26,1,183051,108660,1.684621755935947,183051,,183051.0,0.0,27.297433853149414
fig3_lak303d_random,lak303d,random,dbs_hungarian,200,20,1,601,600,1.0016666666666667,601,,601.0,0.0,12.638549327850342
fig3_lak303d_random,lak303d,random,lacam_focal_h,200,26,1,601,600,1.0016666666666667,,601,601.0,0.0,9.199949979782104
fig3_lak303d_random,lak303d,random,lacam_focal_h,200,29,1,601,600,1.0016666666666667,,601,601.0,0.0,9.243656635284424
fig3_lak303d_random,lak303d,random,lacam_focal_h,200,30,1,602,600,1.0033333333333334,,602,602.0,0.0,9.296172380447388
fig3_lak303d_random,lak303d,random,dbs_hungarian,200,23,1,600,600,1.0,604,,604.0,0.6622516556291391,11.304753065109253
fig3_lak303d_random,lak303d,random,dbs_hungarian,200,21,1,601,600,1.0016666666666667,604,,604.0,0.4966887417218543,12.836433410644531
fig3_den520d_hotspot,den520d,hotspot,dbs_hungarian,800,7,0,,86403,nan,,,nan,nan,25.99329900741577
fig3_den520d_hotspot,den520d,hotspot,dbs_hungarian,800,3,1,246003,108509,2.2671206996654654,246003,,246003.0,0.0,27.562355518341064
fig3_den520d_hotspot,den520d,hotspot,dbs_hungarian,600,30,0,,107663,nan,,,nan,nan,28.212586879730225
fig3_lak303d_random,lak303d,random,lacam_focal_h,400,1,1,1206,1200,1.005,,1206,1206.0,0.0,9.483921527862549
fig3_den520d_hotspot,den520d,hotspot,dbs_hungarian,800,1,1,226395,98195,2.305565456489638,226395,,226395.0,0.0,28.113741636276245
fig3_lak303d_random,lak303d,random,lacam_focal_h,400,4,1,1203,1200,1.0025,,1204,1204.0,0.08305647840531562,9.384216785430908
fig3_lak303d_random,lak303d,random,lacam_focal_h,400,3,1,1205,1200,1.0041666666666667,,1205,1205.0,0.0,9.58089566230774
fig3_lak303d_random,lak303d,random,dbs_hungarian,200,27,1,600,600,1.0,600,,600.0,0.0,11.616469860076904
fig3_lak303d_random,lak303d,random,dbs_hungarian,200,24,1,601,600,1.0016666666666667,602,,602.0,0.16611295681063123,12.593300819396973
fig3_lak303d_random,lak303d,random,dbs_hungarian,200,25,1,600,600,1.0,604,,604.0,0.6622516556291391,12.45744252204895
fig3_lak303d_random,lak303d,random,lacam_focal_h,400,7,1,1205,1200,1.0041666666666667,,1206,1206.0,0.08291873963515754,9.36890435218811
fig3_lak303d_random,lak303d,random,lacam_focal_h,400,9,1,1203,1200,1.0025,,1204,1204.0,0.08305647840531562,9.297417640686035
fig3_lak303d_random,lak303d,random,lacam_focal_h,400,6,1,1207,1200,1.0058333333333334,,1207,1207.0,0.0,9.40195918083191
fig3_lak303d_random,lak303d,random,lacam_focal_h,400,8,1,1209,1200,1.0075,,1214,1214.0,0.41186161449752884,9.623502731323242
fig3_lak303d_random,lak303d,random,lacam_focal_h,400,5,1,1218,1200,1.015,,1229,1229.0,0.8950366151342555,9.529140710830688
fig3_lak303d_random,lak303d,random,dbs_hungarian,200,22,1,600,600,1.0,600,,600.0,0.0,14.653104543685913
fig3_den520d_hotspot,den520d,hotspot,dbs_hungarian,800,2,0,,,nan,,,nan,nan,30.208670616149902
fig3_lak303d_random,lak303d,random,lacam_focal_h,400,12,1,1207,1200,1.0058333333333334,,1209,1209.0,0.1654259718775848,9.417072296142578
fig3_lak303d_random,lak303d,random,lacam_focal_h,400,13,1,1210,1200,1.0083333333333333,,1213,1213.0,0.247320692497939,9.41134762763977
fig3_lak303d_random,lak303d,random,lacam_focal_h,400,10,1,1217,1200,1.0141666666666667,,1219,1219.0,0.16406890894175555,9.807539701461792
fig3_lak303d_random,lak303d,random,lacam_focal_h,400,11,1,1205,1200,1.0041666666666667,,1212,1212.0,0.5775577557755776,9.526103973388672
fig3_den520d_hotspot,den520d,hotspot,dbs_hungarian,800,10,0,,125784,nan,,,nan,nan,28.032792806625366
fig3_lak303d_random,lak303d,random,dbs_hungarian,200,19,1,600,600,1.0,601,,601.0,0.16638935108153077,17.158950328826904
fig3_lak303d_random,lak303d,random,dbs_hungarian,200,29,1,603,600,1.005,607,,607.0,0.6589785831960461,12.949260473251343
fig3_lak303d_random,lak303d,random,dbs_hungarian,200,30,1,604,600,1.0066666666666666,609,,609.0,0.8210180623973727,12.820618867874146
fig3_lak303d_random,lak303d,random,dbs_hungarian,200,28,1,600,600,1.0,602,,602.0,0.33222591362126247,13.165217399597168
fig3_lak303d_random,lak303d,random,lacam_focal_h,400,15,1,1208,1200,1.0066666666666666,,1209,1209.0,0.0827129859387924,9.249768495559692
fig3_den520d_hotspot,den520d,hotspot,dbs_hungarian,800,6,0,,116304,nan,,,nan,nan,29.31373691558838
fig3_lak303d_random,lak303d,random,lacam_focal_h,400,16,1,1205,1200,1.0041666666666667,,1207,1207.0,0.16570008285004142,9.234757423400879
fig3_lak303d_random,lak303d,random,lacam_focal_h,400,14,1,1207,1200,1.0058333333333334,,1210,1210.0,0.24793388429752067,9.522551774978638
fig3_den520d_hotspot,den520d,hotspot,dbs_hungarian,800,12,0,,88188,nan,,,nan,nan,28.037321090698242
fig3_lak303d_random,lak303d,random,lacam_focal_h,400,18,1,1203,1200,1.0025,,1203,1203.0,0.0,9.256181716918945
fig3_lak303d_random,lak303d,random,lacam_focal_h,400,19,1,1206,1200,1.005,,1206,1206.0,0.0,9.447261333465576
fig3_lak303d_random,lak303d,random,lacam_focal_h,400,17,1,1205,1200,1.0041666666666667,,1205,1205.0,0.0,9.713944435119629
fig3_den520d_hotspot,den520d,hotspot,dbs_hungarian,800,14,0,,128375,nan,,,nan,nan,28.01160430908203
fig3_den520d_hotspot,den520d,hotspot,dbs_hungarian,800,5,0,,,nan,,,nan,nan,30.36457872390747
fig3_lak303d_random,lak303d,random,lacam_focal_h,400,20,1,1206,1200,1.005,,1207,1207.0,0.08285004142502071,9.485910415649414
fig3_lak303d_random,lak303d,random,lacam_focal_h,400,21,1,1207,1200,1.0058333333333334,,1210,1210.0,0.24793388429752067,9.470861673355103
fig3_den520d_hotspot,den520d,hotspot,dbs_hungarian,800,4,0,,,nan,,,nan,nan,30.658209323883057
fig3_lak303d_random,lak303d,random,lacam_focal_h,400,22,1,1209,1200,1.0075,,1210,1210.0,0.08264462809917356,9.26762342453003
fig3_den520d_hotspot,den520d,hotspot,dbs_hungarian,800,8,0,,,nan,,,nan,nan,30.138921976089478
fig3_lak303d_random,lak303d,random,lacam_focal_h,400,26,1,1213,1200,1.0108333333333333,,1214,1214.0,0.08237232289950576,9.20460820198059
fig3_lak303d_random,lak303d,random,lacam_focal_h,400,23,1,1207,1200,1.0058333333333334,,1211,1211.0,0.33030553261767137,9.678016424179077
fig3_den520d_hotspot,den520d,hotspot,dbs_hungarian,800,11,0,,,nan,,,nan,nan,30.13074040412903
fig3_den520d_hotspot,den520d,hotspot,dbs_hungarian,800,9,0,,,nan,,,nan,nan,30.561233282089233
fig3_lak303d_random,lak303d,random,lacam_focal_h,400,25,1,1216,1200,1.0133333333333334,,1216,1216.0,0.0,9.759155988693237
fig3_lak303d_random,lak303d,random,lacam_focal_h,400,27,1,1207,1200,1.0058333333333334,,1207,1207.0,0.0,9.280285835266113
fig3_lak303d_random,lak303d,random,dbs_hungarian,200,26,1,602,600,1.0033333333333334,606,,606.0,0.6600660066006601,15.701517105102539
fig3_den520d_hotspot,den520d,hotspot,dbs_hungarian,800,13,0,,82807,nan,,,nan,nan,29.542831420898438
fig3_lak303d_random,lak303d,random,dbs_hungarian,400,1,1,1207,1200,1.0058333333333334,1215,,1215.0,0.6584362139917695,15.025392532348633
fig3_den520d_hotspot,den520d,hotspot,dbs_hungarian,800,15,0,,116425,nan,,,nan,nan,28.626731634140015
fig3_lak303d_random,lak303d,random,lacam_focal_h,400,24,1,1203,1200,1.0025,,1207,1207.0,0.33140016570008285,9.185469388961792
fig3_lak303d_random,lak303d,random,lacam_focal_h,400,28,1,1206,1200,1.005,,1206,1206.0,0.0,9.285136461257935
fig3_lak303d_random,lak303d,random,lacam_focal_h,400,29,1,1207,1200,1.0058333333333334,,1210,1210.0,0.24793388429752067,9.390716791152954
fig3_lak303d_random,lak303d,random,lacam_focal_h,400,30,1,1212,1200,1.01,,1212,1212.0,0.0,9.399049520492554
fig3_lak303d_random,lak303d,random,dbs_hungarian,400,16,1,1201,1200,1.0008333333333332,1206,,1206.0,0.41459369817578773,13.347720623016357
fig3_den520d_hotspot,den520d,hotspot,dbs_hungarian,800,18,0,,101535,nan,,,nan,nan,28.78797149658203
fig3_lak303d_random,lak303d,random,dbs_hungarian,400,5,1,1207,1200,1.0058333333333334,1220,,1220.0,1.0655737704918034,15.649923324584961
fig3_lak303d_random,lak303d,random,dbs_hungarian,400,9,1,1201,1200,1.0008333333333332,1202,,1202.0,0.08319467554076539,14.911130905151367
fig3_lak303d_random,lak303d,random,dbs_hungarian,400,4,1,1203,1200,1.0025,1204,,1204.0,0.08305647840531562,16.35504913330078
fig3_den520d_hotspot,den520d,hotspot,dbs_hungarian,800,16,0,,,nan,,,nan,nan,30.13929033279419
fig3_lak303d_random,lak303d,random,dbs_hungarian,400,7,1,1200,1200,1.0,1200,,1200.0,0.0,15.757753610610962
fig3_lak303d_random,lak303d,random,dbs_hungarian,400,3,1,1200,1200,1.0,1201,,1201.0,0.08326394671107411,16.558693408966064
fig3_lak303d_random,lak303d,random,dbs_hungarian,400,8,1,1202,1200,1.0016666666666667,1202,,1202.0,0.0,15.811880111694336
fig3_lak303d_random,lak303d,random,lacam_focal_h,600,1,1,1824,1800,1.0133333333333334,,1824,1824.0,0.0,9.533111810684204
fig3_den520d_hotspot,den520d,hotspot,dbs_hungarian,800,20,0,,130046,nan,,,nan,nan,29.425246238708496
fig3_den520d_hotspot,den520d,hotspot,dbs_hungarian,800,17,0,,,nan,,,nan,nan,30.138786554336548
fig3_lak303d_random,lak303d,random,dbs_hungarian,400,14,1,1204,1200,1.0033333333333334,1208,,1208.0,0.33112582781456956,14.88493824005127
fig3_lak303d_random,lak303d,random,dbs_hungarian,400,17,1,1205,1200,1.0041666666666667,1206,,1206.0,0.08291873963515754,14.647481679916382
fig3_den520d_hotspot,den520d,hotspot,dbs_hungarian,800,19,0,,,nan,,,nan,nan,30.206921339035034
fig3_lak303d_random,lak303d,random,dbs_hungarian,400,12,1,1202,1200,1.0016666666666667,1204,,1204.0,0.16611295681063123,15.820541143417358
fig3_lak303d_random,lak303d,random,dbs_hungarian,400,18,1,1201,1200,1.0008333333333332,1207,,1207.0,0.4971002485501243,15.014147996902466
fig3_lak303d_random,lak303d,random,dbs_hungarian,400,13,1,1204,1200,1.0033333333333334,1206,,1206.0,0.16583747927031509,15.9352445602417
fig3_lak303d_random,lak303d,random,lacam_focal_h,600,4,1,1821,1800,1.0116666666666667,,1821,1821.0,0.0,9.721020460128784
fig3_den520d_hotspot,den520d,hotspot,dbs_hungarian,800,24,1,236836,100469,2.3573042430998616,236836,,236836.0,0.0,29.47755265235901
fig3_lak303d_random,lak303d,random,dbs_hungarian,400,6,1,1205,1200,1.0041666666666667,1208,,1208.0,0.24834437086092714,17.16576051712036
fig3_den520d_hotspot,den520d,hotspot,dbs_hungarian,800,21,0,,,nan,,,nan,nan,30.218721628189087
fig3_lak303d_random,lak303d,random,dbs_hungarian,400,11,1,1204,1200,1.0033333333333334,1213,,1213.0,0.7419620774938169,16.276947498321533
fig3_lak303d_random,lak303d,random,lacam_focal_h,600,3,1,1823,1800,1.0127777777777778,,1825,1825.0,0.1095890410958904,9.746997594833374
fig3_lak303d_random,lak303d,random,lacam_focal_h,600,2,1,1829,1800,1.0161111111111112,,1831,1831.0,0.10922992900054615,9.934073686599731
fig3_lak303d_random,lak303d,random,dbs_hungarian,400,15,1,1206,1200,1.005,1212,,1212.0,0.49504950495049505,15.799834251403809
fig3_den520d_hotspot,den520d,hotspot,dbs_hungarian,800,22,0,,,nan,,,nan,nan,30.183507442474365
fig3_den520d_hotspot,den520d,hotspot,dbs_hungarian,800,23,0,,108280,nan,,,nan,nan,29.960374355316162
fig3_lak303d_random,lak303d,random,dbs_hungarian,400,27,1,1209,1200,1.0075,1223,,1223.0,1.1447260834014719,13.840816020965576
fig3_lak303d_random,lak303d,random,dbs_hungarian,400,19,1,1203,1200,1.0025,1204,,1204.0,0.08305647840531562,15.600797414779663
fig3_lak303d_random,lak303d,random,dbs_hungarian,400,21,1,1206,1200,1.005,1209,,1209.0,0.24813895781637718,15.559860944747925
fig3_lak303d_random,lak303d,random,dbs_hungarian,400,22,1,1202,1200,1.0016666666666667,1204,,1204.0,0.16611295681063123,15.458826780319214
fig3_den520d_hotspot,den520d,hotspot,dbs_hungarian,800,25,0,,,nan,,,nan,nan,30.120431661605835
fig3_lak303d_random,lak303d,random,lacam_focal_h,600,6,1,1820,1800,1.011111111111111,,1825,1825.0,0.273972602739726,9.672532320022583
fig3_lak303d_random,lak303d,random,dbs_hungarian,400,20,1,1205,1200,1.0041666666666667,1210,,1210.0,0.4132231404958678,15.926864862442017
fig3_lak303d_random,lak303d,random,lacam_focal_h,600,7,1,1828,1800,1.0155555555555555,,1831,1831.0,0.1638448935008192,9.489664554595947
fig3_den520d_hotspot,den520d,hotspot,dbs_hungarian,800,26,0,,,nan,,,nan,nan,30.126745462417603
fig3_lak303d_random,lak303d,random,dbs_hungarian,400,24,1,1204,1200,1.0033333333333334,1210,,1210.0,0.49586776859504134,15.290010213851929
fig3_den520d_hotspot,den520d,hotspot,dbs_hungarian,800,27,0,,,nan,,,nan,nan,30.17888069152832
fig3_lak303d_random,lak303d,random,lacam_focal_h,600,8,1,1823,1800,1.0127777777777778,,1824,1824.0,0.05482456140350877,9.427690982818604
fig3_lak303d_random,lak303d,random,lacam_focal_h,600,5,1,1815,1800,1.0083333333333333,,1818,1818.0,0.16501650165016502,9.905096530914307
fig3_den520d_hotspot,den520d,hotspot,dbs_hungarian,800,28,0,,,nan,,,nan,nan,30.10665011405945
fig3_lak303d_random,lak303d,random,dbs_hungarian,400,25,1,1200,1200,1.0,1201,,1201.0,0.08326394671107411,15.434452295303345
fig3_den520d_hotspot,den520d,hotspot,dbs_hungarian,800,29,0,,,nan,,,nan,nan,30.073376655578613
fig3_den520d_hotspot,den520d,hotspot,dbs_hungarian,800,30,0,,,nan,,,nan,nan,30.108793258666992
fig3_lak303d_random,lak303d,random,lacam_focal_h,600,10,1,1825,1800,1.0138888888888888,,1827,1827.0,0.10946907498631636,9.725650310516357
fig3_lak303d_random,lak303d,random,dbs_hungarian,400,26,1,1202,1200,1.0016666666666667,1202,,1202.0,0.0,15.619195699691772
fig3_lak303d_random,lak303d,random,lacam_focal_h,600,13,1,1814,1800,1.0077777777777779,,1814,1814.0,0.0,9.3145911693573
fig3_lak303d_random,lak303d,random,dbs_hungarian,400,23,1,1204,1200,1.0033333333333334,1206,,1206.0,0.16583747927031509,17.049307346343994
fig3_lak303d_random,lak303d,random,dbs_hungarian,400,30,1,1200,1200,1.0,1200,,1200.0,0.0,15.6520676612854
fig3_lak303d_random,lak303d,random,dbs_hungarian,400,2,1,1202,1200,1.0016666666666667,1203,,1203.0,0.0831255195344971,21.728928565979004
fig3_lak303d_random,lak303d,random,dbs_hungarian,400,29,1,1201,1200,1.0008333333333332,1210,,1210.0,0.743801652892562,16.02527928352356
fig3_lak303d_random,lak303d,random,lacam_focal_h,600,15,1,1823,1800,1.0127777777777778,,1825,1825.0,0.1095890410958904,9.512417078018188
fig3_lak303d_random,lak303d,random,lacam_focal_h,600,12,1,1827,1800,1.015,,1829,1829.0,0.10934937124111536,10.37553071975708
fig3_lak303d_random,lak303d,random,lacam_focal_h,600,14,1,1841,1800,1.0227777777777778,,1844,1844.0,0.16268980477223427,9.701606512069702
fig3_lak303d_random,lak303d,random,dbs_hungarian,600,6,1,1805,1800,1.0027777777777778,1815,,1815.0,0.5509641873278237,13.37771201133728
fig3_lak303d_random,lak303d,random,lacam_focal_h,600,9,1,1817,1800,1.0094444444444444,,1817,1817.0,0.0,9.386531114578247
fig3_lak303d_random,lak303d,random,lacam_focal_h,600,16,1,1815,1800,1.0083333333333333,,1817,1817.0,0.1100715465052284,9.527886629104614
fig3_lak303d_random,lak303d,random,lacam_focal_h,600,17,1,1817,1800,1.0094444444444444,,1817,1817.0,0.0,9.412720203399658
fig3_lak303d_random,lak303d,random,lacam_focal_h,600,19,1,1816,1800,1.008888888888889,,1819,1819.0,0.16492578339747113,9.33718466758728
fig3_lak303d_random,lak303d,random,dbs_hungarian,400,10,1,1202,1200,1.0016666666666667,1202,,1202.0,0.0,20.43368649482727
fig3_lak303d_random,lak303d,random,lacam_focal_h,600,21,1,1812,1800,1.0066666666666666,,1812,1812.0,0.0,9.32376217842102
fig3_lak303d_random,lak303d,random,lacam_focal_h,600,22,1,1834,1800,1.018888888888889,,1837,1837.0,0.1633097441480675,9.778967380523682
fig3_lak303d_random,lak303d,random,lacam_focal_h,600,23,1,1819,1800,1.0105555555555557,,1820,1820.0,0.054945054945054944,9.537849426269531
fig3_lak303d_random,lak303d,random,lacam_focal_h,600,20,1,1821,1800,1.0116666666666667,,1822,1822.0,0.054884742041712405,10.234725713729858
fig3_lak303d_random,lak303d,random,lacam_focal_h,600,25,1,1824,1800,1.0133333333333334,,1825,1825.0,0.0547945205479452,9.435630559921265
fig3_lak303d_random,lak303d,random,lacam_focal_h,600,26,1,1837,1800,1.0205555555555557,,1842,1842.0,0.2714440825190011,9.753772974014282
fig3_lak303d_random,lak303d,random,lacam_focal_h,600,27,1,1826,1800,1.0144444444444445,,1826,1826.0,0.0,9.455106019973755
fig3_lak303d_random,lak303d,random,lacam_focal_h,600,11,1,1827,1800,1.015,,1827,1827.0,0.0,9.461104393005371
fig3_lak303d_random,lak303d,random,lacam_focal_h,600,28,1,1831,1800,1.0172222222222222,,1834,1834.0,0.16357688113413305,9.495054721832275
fig3_lak303d_random,lak303d,random,lacam_focal_h,600,29,1,1823,1800,1.0127777777777778,,1829,1829.0,0.3280481137233461,9.59895372390747
fig3_lak303d_random,lak303d,random,lacam_focal_h,600,30,1,1828,1800,1.0155555555555555,,1832,1832.0,0.2183406113537118,9.576826333999634
fig3_lak303d_random,lak303d,random,dbs_hungarian,600,9,1,1805,1800,1.0027777777777778,1816,,1816.0,0.6057268722466961,15.388240337371826
fig3_lak303d_random,lak303d,random,lacam_focal_h,800,1,1,2449,2400,1.0204166666666667,,2454,2454.0,0.20374898125509372,9.630613803863525
fig3_lak303d_random,lak303d,random,lacam_focal_h,800,2,1,2437,2400,1.0154166666666666,,2440,2440.0,0.12295081967213115,9.662012815475464
fig3_lak303d_random,lak303d,random,dbs_hungarian,600,4,1,1804,1800,1.0022222222222221,1808,,1808.0,0.22123893805309736,17.827992916107178
fig3_lak303d_random,lak303d,random,dbs_hungarian,600,10,1,1803,1800,1.0016666666666667,1810,,1810.0,0.3867403314917127,15.93193793296814
fig3_lak303d_random,lak303d,random,lacam_focal_h,800,3,1,2444,2400,1.0183333333333333,,2444,2444.0,0.0,9.887470722198486
fig3_lak303d_random,lak303d,random,lacam_focal_h,800,4,1,2456,2400,1.0233333333333334,,2455,2455.0,-0.04073319755600815,9.54413628578186
fig3_lak303d_random,lak303d,random,dbs_hungarian,600,3,1,1814,1800,1.0077777777777779,1814,,1814.0,0.0,18.748353242874146
fig3_lak303d_random,lak303d,random,lacam_focal_h,600,18,1,1826,1800,1.0144444444444445,,1829,1829.0,0.16402405686167304,9.481305837631226
fig3_lak303d_random,lak303d,random,lacam_focal_h,800,5,1,2440,2400,1.0166666666666666,,2440,2440.0,0.0,9.894804954528809
fig3_lak303d_random,lak303d,random,lacam_focal_h,800,7,1,2438,2400,1.0158333333333334,,2442,2442.0,0.1638001638001638,9.556792736053467
fig3_lak303d_random,lak303d,random,dbs_hungarian,600,5,1,1809,1800,1.005,1809,,1809.0,0.0,19.156756162643433
fig3_lak303d_random,lak303d,random,lacam_focal_h,800,8,1,2445,2400,1.01875,,2445,2445.0,0.0,9.511999607086182
fig3_lak303d_random,lak303d,random,lacam_focal_h,800,6,1,2458,2400,1.0241666666666667,,2461,2461.0,0.12190166598943519,9.839014291763306
fig3_lak303d_random,lak303d,random,dbs_hungarian,600,23,1,1807,1800,1.0038888888888888,1809,,1809.0,0.11055831951354339,15.115775346755981
fig3_lak303d_random,lak303d,random,dbs_hungarian,400,28,1,1204,1200,1.0033333333333334,1205,,1205.0,0.08298755186721991,22.36405110359192
fig3_lak303d_random,lak303d,random,lacam_focal_h,600,24,1,1825,1800,1.0138888888888888,,1827,1827.0,0.10946907498631636,9.621820211410522
fig3_lak303d_random,lak303d,random,dbs_hungarian,600,2,1,1805,1800,1.0027777777777778,1819,,1819.0,0.7696536558548653,21.087955236434937
fig3_lak303d_random,lak303d,random,dbs_hungarian,600,7,1,1804,1800,1.0022222222222221,1817,,1817.0,0.7154650522839846,19.1697678565979
fig3_lak303d_random,lak303d,random,lacam_focal_h,800,9,1,2434,2400,1.0141666666666667,,2436,2436.0,0.08210180623973727,9.962728261947632
fig3_lak303d_random,lak303d,random,lacam_focal_h,800,12,1,2436,2400,1.015,,2438,2438.0,0.08203445447087777,10.088987588882446
fig3_lak303d_random,lak303d,random,lacam_focal_h,800,11,1,2434,2400,1.0141666666666667,,2439,2439.0,0.2050020500205002,9.857322216033936
fig3_lak303d_random,lak303d,random,dbs_hungarian,600,21,1,1804,1800,1.0022222222222221,1807,,1807.0,0.16602102933038185,16.49421453475952
fig3_lak303d_random,lak303d,random,lacam_focal_h,800,14,1,2435,2400,1.0145833333333334,,2438,2438.0,0.12305168170631665,10.197185277938843
fig3_lak303d_random,lak303d,random,lacam_focal_h,800,13,1,2455,2400,1.0229166666666667,,2456,2456.0,0.04071661237785016,9.614067554473877
fig3_lak303d_random,lak303d,random,dbs_hungarian,600,8,1,1812,1800,1.0066666666666666,1814,,1814.0,0.11025358324145534,19.69581365585327
fig3_lak303d_random,lak303d,random,lacam_focal_h,800,16,1,2424,2400,1.01,,2426,2426.0,0.08244023083264633,9.89258098602295
fig3_lak303d_random,lak303d,random,lacam_focal_h,800,10,1,2441,2400,1.0170833333333333,,2441,2441.0,0.0,9.674665689468384
fig3_lak303d_random,lak303d,random,lacam_focal_h,800,18,1,2423,2400,1.0095833333333333,,2423,2423.0,0.0,9.638802528381348
fig3_lak303d_random,lak303d,random,lacam_focal_h,800,15,1,2441,2400,1.0170833333333333,,2447,2447.0,0.2451982018798529,10.153254508972168
fig3_lak303d_random,lak303d,random,dbs_hungarian,600,1,1,1809,1800,1.005,1833,,1833.0,1.309328968903437,22.49410128593445
fig3_lak303d_random,lak303d,random,lacam_focal_h,800,19,1,2430,2400,1.0125,,2432,2432.0,0.08223684210526316,9.804323673248291
fig3_lak303d_random,lak303d,random,dbs_hungarian,600,11,1,1813,1800,1.0072222222222222,1828,,1828.0,0.8205689277899344,19.163135290145874
fig3_lak303d_random,lak303d,random,lacam_focal_h,800,21,1,2444,2400,1.0183333333333333,,2448,2448.0,0.16339869281045752,9.70345425605774
fig3_lak303d_random,lak303d,random,dbs_hungarian,600,27,1,1812,1800,1.0066666666666666,1817,,1817.0,0.275178866263071,16.302775382995605
fig3_lak303d_random,lak303d,random,lacam_focal_h,800,20,1,2437,2400,1.0154166666666666,,2437,2437.0,0.0,9.910926103591919
fig3_lak303d_random,lak303d,random,dbs_hungarian,600,13,1,1803,1800,1.0016666666666667,1810,,1810.0,0.3867403314917127,19.18564486503601
fig3_lak303d_random,lak303d,random,lacam_focal_h,800,24,1,2446,2400,1.0191666666666668,,2445,2445.0,-0.0408997955010225,9.609699726104736
fig3_lak303d_random,lak303d,random,lacam_focal_h,800,25,1,2452,2400,1.0216666666666667,,2451,2451.0,-0.04079967360261118,9.6536283493042
fig3_lak303d_random,lak303d,random,lacam_focal_h,800,26,1,2436,2400,1.015,,2436,2436.0,0.0,9.772926568984985
fig3_lak303d_random,lak303d,random,lacam_focal_h,800,22,1,2449,2400,1.0204166666666667,,2451,2451.0,0.08159934720522236,9.63478398323059
fig3_lak303d_random,lak303d,random,lacam_focal_h,800,27,1,2437,2400,1.0154166666666666,,2444,2444.0,0.2864157119476268,9.637445211410522
fig3_lak303d_random,lak303d,random,lacam_focal_h,800,23,1,2450,2400,1.0208333333333333,,2449,2449.0,-0.04083299305839118,10.36119794845581
fig3_lak303d_random,lak303d,random,lacam_focal_h,800,28,1,2438,2400,1.0158333333333334,,2446,2446.0,0.3270645952575634,9.594481468200684
fig3_lak303d_random,lak303d,random,dbs_hungarian,600,18,1,1812,1800,1.0066666666666666,1817,,1817.0,0.275178866263071,18.79876971244812
fig3_lak303d_hotspot,lak303d,hotspot,lacam_focal_h,200,1,1,34136,25562,1.3354197637117597,,26432,26432.0,-29.146489104116224,9.231881856918335
fig3_lak303d_hotspot,lak303d,hotspot,lacam_focal_h,200,3,1,43382,28690,1.512094806552806,,30007,30007.0,-44.57293298230413,9.222978830337524
fig3_lak303d_hotspot,lak303d,hotspot,lacam_focal_h,200,2,1,54537,29850,1.827035175879397,,33316,33316.0,-63.69612198343138,9.35596752166748
fig3_lak303d_random,lak303d,random,dbs_hungarian,600,30,1,1811,1800,1.0061111111111112,1813,,1813.0,0.11031439602868175,16.891321659088135
fig3_lak303d_random,lak303d,random,dbs_hungarian,600,20,1,1805,1800,1.0027777777777778,1820,,1820.0,0.8241758241758241,19.2422993183136
fig3_lak303d_random,lak303d,random,dbs_hungarian,600,22,1,1814,1800,1.0077777777777779,1829,,1829.0,0.8201202843083653,19.02546453475952
fig3_lak303d_hotspot,lak303d,hotspot,lacam_focal_h,200,4,1,36167,21876,1.653272993234595,,23577,23577.0,-53.3994995122365,9.222102880477905
fig3_lak303d_random,lak303d,random,dbs_hungarian,600,24,1,1806,1800,1.0033333333333334,1807,,1807.0,0.05534034311012728,18.86530566215515
fig3_lak303d_hotspot,lak303d,hotspot,lacam_focal_h,200,5,1,60511,38112,1.587715155331654,,40782,40782.0,-48.37673483399539,9.21508240699768
fig3_lak303d_random,lak303d,random,dbs_hungarian,600,25,1,1808,1800,1.0044444444444445,1817,,1817.0,0.4953219592735278,18.601407289505005
fig3_lak303d_random,lak303d,random,lacam_focal_h,800,29,1,2433,2400,1.01375,,2433,2433.0,0.0,9.52889084815979
fig3_lak303d_random,lak303d,random,dbs_hungarian,600,16,1,1811,1800,1.0061111111111112,1820,,1820.0,0.4945054945054945,20.198668241500854
fig3_lak303d_hotspot,lak303d,hotspot,lacam_focal_h,200,6,1,69269,37442,1.8500347203675018,,41585,41585.0,-66.57208127930744,9.416245222091675
fig3_lak303d_random,lak303d,random,dbs_hungarian,600,14,1,1807,1800,1.0038888888888888,1812,,1812.0,0.27593818984547464,20.91924548149109
fig3_lak303d_random,lak303d,random,dbs_hungarian,600,28,1,1805,1800,1.0027777777777778,1809,,1809.0,0.22111663902708678,18.915125608444214
fig3_lak303d_hotspot,lak303d,hotspot,lacam_focal_h,200,7,1,48531,29165,1.6640150865763759,,31796,31796.0,-52.632406592024154,9.518366575241089
fig3_lak303d_random,lak303d,random,lacam_focal_h,800,30,1,2449,2400,1.0204166666666667,,2448,2448.0,-0.04084967320261438,10.337840795516968
fig3_lak303d_hotspot,lak303d,hotspot,lacam_focal_h,200,8,1,35469,20706,1.7129817444219066,,22574,22574.0,-57.123239124656685,9.241337060928345
fig3_lak303d_random,lak303d,random,lacam_focal_h,800,17,1,2418,2400,1.0075,,2418,2418.0,0.0,9.440943717956543
fig3_lak303d_random,lak303d,random,dbs_hungarian,600,29,1,1813,1800,1.0072222222222222,1825,,1825.0,0.6575342465753424,19.197017192840576
fig3_lak303d_random,lak303d,random,dbs_hungarian,600,26,1,1807,1800,1.0038888888888888,1813,,1813.0,0.3309431880860452,20.17289924621582
fig3_lak303d_random,lak303d,random,dbs_hungarian,600,15,1,1802,1800,1.001111111111111,1808,,1808.0,0.33185840707964603,22.02183508872986
fig3_lak303d_random,lak303d,random,dbs_hungarian,600,19,1,1811,1800,1.0061111111111112,1813,,1813.0,0.11031439602868175,21.48436975479126
fig3_lak303d_hotspot,lak303d,hotspot,lacam_focal_h,200,10,1,50593,31376,1.6124745028046914,,33417,33417.0,-51.398988538767696,9.27676272392273
fig3_lak303d_hotspot,lak303d,hotspot,lacam_focal_h,200,9,1,80579,48879,1.6485402729188403,,51648,51648.0,-56.01572180916976,9.516822576522827
fig3_lak303d_hotspot,lak303d,hotspot,dbs_hungarian,200,1,1,34372,25562,1.344652218136296,35508,,35508.0,3.1992790357102625,12.32163691520691
fig3_lak303d_hotspot,lak303d,hotspot,dbs_hungarian,200,3,1,41590,28690,1.4496340188218892,42307,,42307.0,1.6947550050819014,12.258968114852905
fig3_lak303d_random,lak303d,random,dbs_hungarian,600,12,1,1810,1800,1.0055555555555555,1821,,1821.0,0.6040637012630423,23.395463943481445
fig3_lak303d_hotspot,lak303d,hotspot,lacam_focal_h,200,11,1,72560,42220,1.7186167693036476,,45692,45692.0,-58.80241617788672,9.3250892162323
fig3_lak303d_hotspot,lak303d,hotspot,lacam_focal_h,200,12,1,55943,33051,1.6926265468518351,,36236,36236.0,-54.38514184788608,9.232722520828247
fig3_lak303d_hotspot,lak303d,hotspot,dbs_hungarian,200,6,1,62754,37442,1.6760322632338016,66883,,66883.0,6.173467099262892,12.555516719818115
fig3_lak303d_hotspot,lak303d,hotspot,dbs_hungarian,200,2,1,54045,29850,1.8105527638190955,54679,,54679.0,1.1594945042886666,13.194878101348877
fig3_lak303d_hotspot,lak303d,hotspot,dbs_hungarian,200,4,1,34188,21876,1.5628085573230939,35912,,35912.0,4.800623746936957,13.024898290634155
fig3_lak303d_random,lak303d,random,dbs_hungarian,800,29,1,2419,2400,1.0079166666666666,2422,,2422.0,0.12386457473162675,14.729630708694458
fig3_lak303d_hotspot,lak303d,hotspot,lacam_focal_h,200,14,1,49524,29204,1.6957950965621147,,32133,32133.0,-54.121930725422466,9.289286375045776
fig3_lak303d_random,lak303d,random,dbs_hungarian,800,5,1,2413,2400,1.0054166666666666,2433,,2433.0,0.8220304151253597,19.46248745918274
fig3_lak303d_hotspot,lak303d,hotspot,lacam_focal_h,200,13,1,40653,23151,1.7559932616301672,,25813,25813.0,-57.49041180800372,9.682034492492676
fig3_lak303d_random,lak303d,random,dbs_hungarian,800,4,1,2407,2400,1.0029166666666667,2415,,2415.0,0.33126293995859213,20.409130811691284
fig3_lak303d_hotspot,lak303d,hotspot,dbs_hungarian,200,10,1,46564,31376,1.4840642529321775,49877,,49877.0,6.642340156785693,11.77901291847229
fig3_lak303d_hotspot,lak303d,hotspot,dbs_hungarian,200,5,1,58453,38112,1.533716414777498,59889,,59889.0,2.397769206365109,13.68334174156189
fig3_lak303d_random,lak303d,random,dbs_hungarian,800,15,1,2417,2400,1.0070833333333333,2421,,2421.0,0.16522098306484923,18.32137632369995
fig3_lak303d_hotspot,lak303d,hotspot,lacam_focal_h,200,16,1,44442,27842,1.5962215358092091,,30660,30660.0,-44.951076320939336,9.470618724822998
fig3_lak303d_random,lak303d,random,dbs_hungarian,800,12,1,2456,2400,1.0233333333333334,2461,,2461.0,0.2031694433157253,19.22253966331482
fig3_lak303d_random,lak303d,random,dbs_hungarian,800,6,1,2427,2400,1.01125,2435,,2435.0,0.32854209445585214,20.585614681243896
fig3_lak303d_hotspot,lak303d,hotspot,lacam_focal_h,200,15,1,36530,24903,1.4668915391719872,,26568,26568.0,-37.49623607347185,9.358107566833496
fig3_lak303d_hotspot,lak303d,hotspot,lacam_focal_h,200,17,1,79667,47175,1.6887546369899311,,49410,49410.0,-61.23659178303987,9.340786457061768
fig3_lak303d_random,lak303d,random,dbs_hungarian,800,30,1,2423,2400,1.0095833333333333,2434,,2434.0,0.4519309778142975,15.958639144897461
fig3_lak303d_random,lak303d,random,dbs_hungarian,800,2,1,2434,2400,1.0141666666666667,2435,,2435.0,0.04106776180698152,22.360305070877075
fig3_lak303d_random,lak303d,random,dbs_hungarian,800,3,1,2421,2400,1.00875,2422,,2422.0,0.04128819157720892,22.304951190948486
fig3_lak303d_hotspot,lak303d,hotspot,dbs_hungarian,200,9,1,77034,48879,1.576014239243847,79227,,79227.0,2.7679957590215456,13.26677656173706
fig3_lak303d_hotspot,lak303d,hotspot,lacam_focal_h,200,19,1,53982,31676,1.7041924485414826,,34802,34802.0,-55.111775185334174,9.213207483291626
fig3_lak303d_random,lak303d,random,dbs_hungarian,600,17,1,1809,1800,1.005,1820,,1820.0,0.6043956043956044,25.237667322158813
fig3_lak303d_hotspot,lak303d,hotspot,lacam_focal_h,200,18,1,63364,35081,1.8062198911091474,,38270,38270.0,-65.57094329762216,9.469356536865234
fig3_lak303d_hotspot,lak303d,hotspot,lacam_focal_h,200,20,1,48027,31840,1.5083856783919598,,33745,33745.0,-42.3233071566158,9.199607372283936
fig3_lak303d_hotspot,lak303d,hotspot,dbs_hungarian,200,12,1,52126,33051,1.577138361925509,53346,,53346.0,2.2869568477486597,12.477198362350464
fig3_lak303d_hotspot,lak303d,hotspot,dbs_hungarian,200,13,1,37441,23151,1.6172519545591983,41196,,41196.0,9.114962617729876,12.198045015335083
fig3_lak303d_hotspot,lak303d,hotspot,dbs_hungarian,200,8,1,32966,20706,1.5920989085289288,35079,,35079.0,6.023546851392571,15.000732421875
fig3_lak303d_random,lak303d,random,dbs_hungarian,800,11,1,2426,2400,1.0108333333333333,2432,,2432.0,0.24671052631578946,20.894790649414062
fig3_lak303d_hotspot,lak303d,hotspot,lacam_focal_h,200,21,1,37426,25198,1.4852766092547027,,26394,26394.0,-41.79737819201333,9.38554334640503
fig3_lak303d_hotspot,lak303d,hotspot,dbs_hungarian,200,11,1,67675,42220,1.6029133112269067,70875,,70875.0,4.514991181657848,13.483405590057373
fig3_lak303d_random,lak303d,random,dbs_hungarian,800,7,1,2423,2400,1.0095833333333333,2433,,2433.0,0.41101520756267984,22.104169607162476
fig3_lak303d_hotspot,lak303d,hotspot,lacam_focal_h,200,27,1,41876,30092,1.391599096105277,,31006,31006.0,-35.057730761788044,9.201956987380981
fig3_lak303d_random,lak303d,random,dbs_hungarian,800,19,1,2424,2400,1.01,2441,,2441.0,0.6964358869315854,20.30125093460083
fig3_lak303d_hotspot,lak303d,hotspot,lacam_focal_h,200,24,1,39690,23583,1.682991985752449,,25003,25003.0,-58.740951085869696,9.348060846328735
fig3_lak303d_hotspot,lak303d,hotspot,lacam_focal_h,200,26,1,55547,33981,1.6346487743150584,,35819,35819.0,-55.076914486724924,9.381968975067139
fig3_lak303d_hotspot,lak303d,hotspot,lacam_focal_h,200,28,1,48252,29084,1.6590565259249073,,31167,31167.0,-54.81759553373761,9.253787994384766
fig3_lak303d_random,lak303d,random,dbs_hungarian,800,10,1,2408,2400,1.0033333333333334,2412,,2412.0,0.16583747927031509,22.204846143722534
fig3_lak303d_hotspot,lak303d,hotspot,lacam_focal_h,200,29,1,47432,29702,1.59692949969699,,31696,31696.0,-49.64664310954063,9.329701900482178
fig3_lak303d_random,lak303d,random,dbs_hungarian,800,14,1,2425,2400,1.0104166666666667,2446,,2446.0,0.8585445625511039,21.393428564071655
fig3_lak303d_hotspot,lak303d,hotspot,lacam_focal_h,200,22,1,38167,27270,1.3995966263292996,,28185,28185.0,-35.41600141919461,9.267722368240356
fig3_lak303d_random,lak303d,random,dbs_hungarian,800,13,1,2421,2400,1.00875,2437,,2437.0,0.6565449322938038,22.119000673294067
fig3_lak303d_hotspot,lak303d,hotspot,dbs_hungarian,200,16,1,42997,27842,1.5443215286258172,45287,,45287.0,5.056638770508092,13.452572107315063
fig3_lak303d_hotspot,lak303d,hotspot,lacam_focal_h,400,2,1,99409,49883,1.9928432532125173,,69520,69520.0,-42.9933831990794,9.2188401222229
fig3_lak303d_hotspot,lak303d,hotspot,lacam_focal_h,200,25,1,44369,28734,1.5441289065218904,,30014,30014.0,-47.82768041580596,9.35999584197998
fig3_lak303d_hotspot,lak303d,hotspot,lacam_focal_h,200,30,1,46407,29765,1.5591130522425667,,31874,31874.0,-45.595155926460436,9.870587825775146
fig3_lak303d_hotspot,lak303d,hotspot,dbs_hungarian,200,17,1,75124,47175,1.5924536301006889,79595,,79595.0,5.617187009234248,13.462533473968506
fig3_lak303d_hotspot,lak303d,hotspot,dbs_hungarian,200,14,1,50131,29204,1.7165799205588275,52517,,52517.0,4.543290743949578,14.586708068847656
fig3_lak303d_hotspot,lak303d,hotspot,lacam_focal_h,400,1,1,71874,47494,1.5133279993262307,,52085,52085.0,-37.993664202745514,9.394603252410889
fig3_lak303d_hotspot,lak303d,hotspot,lacam_focal_h,200,23,1,65239,39219,1.663453938142227,,42454,42454.0,-53.66985443067791,9.550110340118408
fig3_lak303d_hotspot,lak303d,hotspot,lacam_focal_h,400,3,1,94795,55492,1.708264254306927,,62737,62737.0,-51.099032468878015,9.381942987442017
fig3_lak303d_hotspot,lak303d,hotspot,lacam_focal_h,400,4,1,80093,44449,1.8019078044500438,,53522,53522.0,-49.645005792010764,9.403154373168945
fig3_lak303d_random,lak303d,random,dbs_hungarian,800,26,1,2412,2400,1.005,2424,,2424.0,0.49504950495049505,21.496559858322144
fig3_lak303d_random,lak303d,random,dbs_hungarian,800,8,1,2420,2400,1.0083333333333333,2436,,2436.0,0.6568144499178982,24.402027368545532
fig3_lak303d_hotspot,lak303d,hotspot,lacam_focal_h,400,6,1,125770,68319,1.8409227301336377,,79255,79255.0,-58.69030345088638,9.320288181304932
fig3_lak303d_random,lak303d,random,dbs_hungarian,800,25,1,2420,2400,1.0083333333333333,2425,,2425.0,0.20618556701030927,21.587417364120483
fig3_lak303d_hotspot,lak303d,hotspot,dbs_hungarian,200,22,1,37923,27270,1.3906490649064907,38886,,38886.0,2.4764696806048447,12.78681230545044
fig3_lak303d_hotspot,lak303d,hotspot,dbs_hungarian,200,21,1,37115,25198,1.472934359869831,39221,,39221.0,5.369572422936692,13.073688983917236
fig3_lak303d_hotspot,lak303d,hotspot,dbs_hungarian,200,15,1,35461,24903,1.4239649841384572,37114,,37114.0,4.4538449102764455,15.703646183013916
fig3_lak303d_hotspot,lak303d,hotspot,lacam_focal_h,400,5,1,97288,63044,1.5431761944039084,,69689,69689.0,-39.60309374506737,9.606773853302002
fig3_lak303d_hotspot,lak303d,hotspot,dbs_hungarian,200,24,1,36560,23583,1.5502692617563498,39333,,39333.0,7.050059746269036,12.390658140182495
fig3_lak303d_hotspot,lak303d,hotspot,lacam_focal_h,400,7,1,86595,52501,1.6493971543399173,,59504,59504.0,-45.5280317289594,9.405216932296753
fig3_lak303d_random,lak303d,random,dbs_hungarian,800,9,1,2423,2400,1.0095833333333333,2424,,2424.0,0.041254125412541254,24.678845643997192
fig3_lak303d_hotspot,lak303d,hotspot,dbs_hungarian,200,23,1,60412,39219,1.5403758382416686,64928,,64928.0,6.955396747166092,12.87705683708191
fig3_lak303d_hotspot,lak303d,hotspot,lacam_focal_h,400,9,1,95614,76000,1.258078947368421,,80634,80634.0,-18.577771163529032,9.352246522903442
fig3_lak303d_hotspot,lak303d,hotspot,lacam_focal_h,400,8,1,81481,42557,1.914632140423432,,51335,51335.0,-58.724067400409076,9.43910813331604
fig3_lak303d_random,lak303d,random,dbs_hungarian,800,22,1,2421,2400,1.00875,2425,,2425.0,0.16494845360824742,22.816450357437134
fig3_lak303d_hotspot,lak303d,hotspot,dbs_hungarian,200,7,1,48842,29165,1.6746785530601749,50989,,50989.0,4.2107121143776105,19.189005136489868
fig3_lak303d_hotspot,lak303d,hotspot,dbs_hungarian,200,20,1,45642,31840,1.4334798994974873,48632,,48632.0,6.148215166968251,14.515345811843872
fig3_lak303d_random,lak303d,random,dbs_hungarian,800,28,1,2420,2400,1.0083333333333333,2425,,2425.0,0.20618556701030927,22.182913541793823
fig3_lak303d_random,lak303d,random,dbs_hungarian,800,1,1,2414,2400,1.0058333333333334,2440,,2440.0,1.0655737704918034,27.72614574432373
fig3_lak303d_hotspot,lak303d,hotspot,dbs_hungarian,200,19,1,50727,31676,1.6014332617754767,53435,,53435.0,5.067839431084495,14.608526706695557
fig3_lak303d_hotspot,lak303d,hotspot,dbs_hungarian,200,25,1,42721,28734,1.4867752488341337,44008,,44008.0,2.9244682784948193,13.288124799728394
fig3_lak303d_hotspot,lak303d,hotspot,lacam_focal_h,400,10,1,84346,55497,1.519829900715354,,61543,61543.0,-37.052142404497665,9.803864002227783
fig3_lak303d_hotspot,lak303d,hotspot,lacam_focal_h,400,11,1,138601,72655,1.9076594866148235,,81399,81399.0,-70.27359058465092,9.39673113822937
fig3_lak303d_hotspot,lak303d,hotspot,dbs_hungarian,200,28,1,45881,29084,1.577534039334342,50120,,50120.0,8.457701516360734,13.217029571533203
fig3_lak303d_hotspot,lak303d,hotspot,lacam_focal_h,400,13,1,77354,46253,1.6724104382418439,,54575,54575.0,-41.738891433806685,9.325263023376465
fig3_lak303d_hotspot,lak303d,hotspot,dbs_hungarian,200,27,1,41291,30092,1.372158713279277,42709,,42709.0,3.3201432953241707,13.855679273605347
fig3_lak303d_hotspot,lak303d,hotspot,dbs_hungarian,200,26,1,50635,33981,1.4900974073747093,55527,,55527.0,8.810128406000684,14.037501573562622
fig3_lak303d_hotspot,lak303d,hotspot,lacam_focal_h,400,14,1,110716,53670,2.0629029252841438,,70162,70162.0,-57.80051879935007,9.361670017242432
fig3_lak303d_random,lak303d,random,dbs_hungarian,800,20,1,2404,2400,1.0016666666666667,2420,,2420.0,0.6611570247933884,24.790276527404785
fig3_lak303d_hotspot,lak303d,hotspot,lacam_focal_h,400,15,1,70554,47304,1.491501775748351,,53253,53253.0,-32.48831051771731,9.37052845954895
fig3_lak303d_hotspot,lak303d,hotspot,dbs_hungarian,200,30,1,46141,29765,1.5501763816563077,49404,,49404.0,6.604728362075945,13.620646238327026
fig3_lak303d_hotspot,lak303d,hotspot,dbs_hungarian,200,29,1,44938,29702,1.5129620900949432,48453,,48453.0,7.254452768662415,14.019034147262573
fig3_lak303d_hotspot,lak303d,hotspot,lacam_focal_h,400,17,1,92181,74831,1.2318557816947522,,78735,78735.0,-17.07753857877691,9.305953025817871
fig3_lak303d_random,lak303d,random,dbs_hungarian,800,24,1,2422,2400,1.0091666666666668,2437,,2437.0,0.6155108740254411,24.563083171844482
fig3_lak303d_random,lak303d,random,dbs_hungarian,800,16,1,2411,2400,1.0045833333333334,2435,,2435.0,0.9856262833675564,26.270955801010132
fig3_lak303d_hotspot,lak303d,hotspot,lacam_focal_h,400,18,1,128470,65958,1.9477546317353467,,79029,79029.0,-62.56057902795177,9.277849674224854
fig3_lak303d_hotspot,lak303d,hotspot,lacam_focal_h,400,19,1,104381,56504,1.8473205436783238,,68690,68690.0,-51.95952831562091,9.294021844863892
fig3_lak303d_hotspot,lak303d,hotspot,lacam_focal_h,400,12,1,85443,57138,1.4953796072666177,,64740,64740.0,-31.978683966635774,9.396313905715942
fig3_lak303d_random,lak303d,random,dbs_hungarian,800,17,1,2408,2400,1.0033333333333334,2426,,2426.0,0.7419620774938169,26.67074966430664
fig3_lak303d_hotspot,lak303d,hotspot,dbs_hungarian,200,18,1,57946,35081,1.6517773153558906,61804,,61804.0,6.242314413306582,17.6336989402771
fig3_lak303d_random,lak303d,random,dbs_hungarian,800,18,1,2427,2400,1.01125,2450,,2450.0,0.9387755102040817,27.158726930618286
fig3_lak303d_hotspot,lak303d,hotspot,dbs_hungarian,400,3,1,98948,55492,1.7831038708282274,102511,,102511.0,3.4757245563890704,14.97751235961914
fig3_lak303d_hotspot,lak303d,hotspot,lacam_focal_h,400,16,1,93559,53911,1.7354343269462633,,64640,64640.0,-44.73855198019802,9.691415071487427
fig3_lak303d_hotspot,lak303d,hotspot,lacam_focal_h,400,21,1,92987,49469,1.879702439911864,,58211,58211.0,-59.74128601123499,9.752908945083618
fig3_lak303d_hotspot,lak303d,hotspot,lacam_focal_h,400,23,1,106478,65032,1.6373170131627506,,73748,73748.0,-44.38086456581873,9.281708002090454
fig3_lak303d_hotspot,lak303d,hotspot,lacam_focal_h,400,24,1,85678,49514,1.7303792866663974,,56750,56750.0,-50.97444933920705,9.358268737792969
fig3_lak303d_random,lak303d,random,dbs_hungarian,800,23,1,2407,2400,1.0029166666666667,2430,,2430.0,0.9465020576131687,27.290488958358765
fig3_lak303d_hotspot,lak303d,hotspot,lacam_focal_h,400,20,1,76217,56325,1.3531646693297825,,62420,62420.0,-22.103492470362063,9.313810586929321
fig3_lak303d_hotspot,lak303d,hotspot,dbs_hungarian,400,2,1,97574,49883,1.9560571737866608,98824,,98824.0,1.264874929167004,16.0361545085907
fig3_lak303d_hotspot,lak303d,hotspot,lacam_focal_h,400,27,1,80471,55350,1.4538572719060523,,59225,59225.0,-35.87336428872942,9.30237603187561
fig3_lak303d_random,lak303d,random,dbs_hungarian,800,21,1,2416,2400,1.0066666666666666,2439,,2439.0,0.9430094300943009,27.793874502182007
fig3_lak303d_hotspot,lak303d,hotspot,lacam_focal_h,400,25,1,96713,51792,1.8673347235094222,,58853,58853.0,-64.3297707848368,9.789201736450195
fig3_lak303d_hotspot,lak303d,hotspot,dbs_hungarian,400,14,1,110806,53670,2.0645798397615054,112366,,112366.0,1.3883203104141821,13.66478419303894
fig3_lak303d_hotspot,lak303d,hotspot,lacam_focal_h,400,29,1,105531,59470,1.7745249705733983,,70499,70499.0,-49.691484985602635,9.345648050308228
fig3_lak303d_hotspot,lak303d,hotspot,dbs_hungarian,400,1,1,71992,47494,1.5158125236872027,72099,,72099.0,0.1484070514154149,16.983994245529175
fig3_lak303d_hotspot,lak303d,hotspot,lacam_focal_h,400,30,1,94038,58840,1.5981985044187628,,64105,64105.0,-46.69370563918571,9.273123741149902
fig3_lak303d_hotspot,lak303d,hotspot,dbs_hungarian,600,19,0,,83983,nan,,,nan,nan,5.873519659042358
fig3_lak303d_hotspot,lak303d,hotspot,dbs_hungarian,400,9,1,93375,76000,1.2286184210526316,94490,,94490.0,1.180019049634882,15.673053979873657
fig3_lak303d_hotspot,lak303d,hotspot,lacam_focal_h,400,26,0,0,,nan,,0,0.0,nan,10.198983192443848
fig3_lak303d_hotspot,lak303d,hotspot,lacam_focal_h,400,22,1,77235,52676,1.4662275039866353,,56624,56624.0,-36.39975981915796,9.287424325942993
fig3_lak303d_hotspot,lak303d,hotspot,dbs_hungarian,400,6,1,122035,68319,1.7862527261815893,123590,,123590.0,1.2581924103891902,16.26834011077881
fig3_lak303d_hotspot,lak303d,hotspot,dbs_hungarian,400,4,1,76855,44449,1.7290602713221894,77241,,77241.0,0.499734596910967,16.83742046356201
fig3_lak303d_hotspot,lak303d,hotspot,dbs_hungarian,400,10,1,81881,55497,1.475413085392003,82281,,82281.0,0.48613896282252284,15.80529260635376
fig3_lak303d_hotspot,lak303d,hotspot,lacam_focal_h,600,1,1,116033,68794,1.6866732563886386,,81284,81284.0,-42.750110722897496,9.37008547782898
fig3_lak303d_hotspot,lak303d,hotspot,dbs_hungarian,400,18,1,109775,65958,1.6643166863761787,113074,,113074.0,2.9175584130746235,13.83385944366455
fig3_lak303d_hotspot,lak303d,hotspot,lacam_focal_h,600,2,1,181894,74854,2.4299837016057926,,121312,121312.0,-49.939000263782646,9.43177318572998
fig3_lak303d_hotspot,lak303d,hotspot,dbs_hungarian,400,8,1,78738,42557,1.8501774091218837,81397,,81397.0,3.266705161123874,17.018561124801636
fig3_lak303d_hotspot,lak303d,hotspot,dbs_hungarian,400,11,1,123370,72655,1.698024912256555,128683,,128683.0,4.128750495403433,16.61429738998413
fig3_lak303d_hotspot,lak303d,hotspot,lacam_focal_h,600,3,1,177439,83082,2.1357092992465274,,107993,107993.0,-64.30601983461891,9.434698820114136
fig3_lak303d_hotspot,lak303d,hotspot,lacam_focal_h,600,5,1,179139,95430,1.8771769883684375,,117957,117957.0,-51.868053612757194,9.435901880264282
fig3_lak303d_random,lak303d,random,dbs_hungarian,800,27,1,2405,2400,1.0020833333333334,2418,,2418.0,0.5376344086021505,29.19873332977295
fig3_lak303d_hotspot,lak303d,hotspot,dbs_hungarian,400,13,1,79445,46253,1.7176183166497307,80769,,80769.0,1.6392427787888917,16.29378890991211
fig3_lak303d_hotspot,lak303d,hotspot,lacam_focal_h,400,28,1,98761,55468,1.7805040744212879,,63134,63134.0,-56.430766306585994,9.370770454406738
fig3_lak303d_hotspot,lak303d,hotspot,dbs_hungarian,400,12,1,80126,57138,1.4023241975567924,82199,,82199.0,2.521928490614241,16.554036378860474
fig3_lak303d_hotspot,lak303d,hotspot,lacam_focal_h,600,7,1,168954,82224,2.0548015178050205,,103614,103614.0,-63.06097631594186,9.426986455917358
fig3_lak303d_hotspot,lak303d,hotspot,lacam_focal_h,600,8,1,137170,62619,2.190549194333988,,86225,86225.0,-59.08379240359525,9.354033946990967
fig3_lak303d_hotspot,lak303d,hotspot,dbs_hungarian,400,15,1,70111,47304,1.4821368171824794,70713,,70713.0,0.8513286100151316,16.054732084274292
fig3_lak303d_hotspot,lak303d,hotspot,lacam_focal_h,600,6,1,216504,103420,2.0934442080835427,,132702,132702.0,-63.15051770131573,10.113207340240479
fig3_lak303d_hotspot,lak303d,hotspot,dbs_hungarian,400,19,1,110100,56504,1.9485346170182642,110708,,110708.0,0.5491924702821838,14.999854803085327
fig3_lak303d_hotspot,lak303d,hotspot,lacam_focal_h,600,10,1,143038,82360,1.7367411364740166,,100152,100152.0,-42.82091221343558,9.367964029312134
fig3_lak303d_hotspot,lak303d,hotspot,dbs_hungarian,400,17,1,91570,74831,1.2236907164143203,91618,,91618.0,0.052391451461503195,16.05780005455017
fig3_lak303d_hotspot,lak303d,hotspot,dbs_hungarian,400,22,1,77167,52676,1.4649365935150733,77562,,77562.0,0.509270003352157,14.78712773323059
fig3_lak303d_hotspot,lak303d,hotspot,lacam_focal_h,600,9,1,155312,114643,1.354744729290057,,130745,130745.0,-18.79001109029026,9.352359056472778
fig3_lak303d_hotspot,lak303d,hotspot,dbs_hungarian,400,24,1,84048,49514,1.6974593044391486,85013,,85013.0,1.1351205109806735,14.32152009010315
fig3_lak303d_hotspot,lak303d,hotspot,dbs_hungarian,400,16,1,92427,53911,1.714436756877075,92610,,92610.0,0.19760285066407515,16.43043851852417
fig3_lak303d_hotspot,lak303d,hotspot,dbs_hungarian,400,5,1,95972,63044,1.5223018843981981,97611,,97611.0,1.6791140342789235,19.262922048568726
fig3_lak303d_hotspot,lak303d,hotspot,lacam_focal_h,600,11,1,217280,109446,1.9852712753321273,,132858,132858.0,-63.543030905176956,9.43663740158081
fig3_lak303d_hotspot,lak303d,hotspot,lacam_focal_h,600,12,1,162527,85283,1.9057373685259664,,111105,111105.0,-46.2823455290041,9.393984079360962
fig3_lak303d_hotspot,lak303d,hotspot,dbs_hungarian,400,7,1,89823,52501,1.7108816974914764,93097,,93097.0,3.5167620868556453,19.171533346176147
fig3_lak303d_hotspot,lak303d,hotspot,lacam_focal_h,600,4,1,134325,65196,2.0603257868580895,,90137,90137.0,-49.02315364389762,9.318187952041626
fig3_lak303d_hotspot,lak303d,hotspot,dbs_hungarian,400,21,1,98042,49469,1.9818876468091127,100014,,100014.0,1.9717239586457895,16.01266884803772
fig3_lak303d_hotspot,lak303d,hotspot,lacam_focal_h,600,14,1,194277,80886,2.401861879682516,,120604,120604.0,-61.086696958641504,9.394052505493164
fig3_lak303d_hotspot,lak303d,hotspot,lacam_focal_h,600,16,1,165069,81191,2.0330948011479104,,107175,107175.0,-54.018194541637506,9.286957263946533
fig3_lak303d_hotspot,lak303d,hotspot,dbs_hungarian,600,29,0,,88678,nan,,,nan,nan,7.979032278060913
fig3_lak303d_hotspot,lak303d,hotspot,lacam_focal_h,600,15,1,123137,70438,1.74816150373378,,87335,87335.0,-40.99387416270682,9.42401123046875
fig3_lak303d_hotspot,lak303d,hotspot,lacam_focal_h,600,18,1,211909,97860,2.165430206417331,,125887,125887.0,-68.33271108216098,9.436114311218262
fig3_lak303d_hotspot,lak303d,hotspot,dbs_hungarian,400,26,1,95166,61205,1.55487296789478,101203,,101203.0,5.965238184638795,15.135811805725098
fig3_lak303d_hotspot,lak303d,hotspot,lacam_focal_h,600,20,1,144042,85294,1.6887706052008347,,105902,105902.0,-36.01442843383506,9.381588459014893
fig3_lak303d_hotspot,lak303d,hotspot,lacam_focal_h,600,19,1,205223,83983,2.4436254956360215,,119061,119061.0,-72.36794584288727,9.362316608428955
fig3_lak303d_hotspot,lak303d,hotspot,lacam_focal_h,600,17,1,157723,115925,1.3605607073538926,,132767,132767.0,-18.796839576099483,9.486309289932251
fig3_lak303d_hotspot,lak303d,hotspot,dbs_hungarian,400,23,1,106945,65032,1.6444980932464017,110568,,110568.0,3.276716590695319,16.497792959213257
fig3_ost003d_random,ost003d,random,lacam_focal_h,200,4,1,600,600,1.0,,600,600.0,0.0,0.20648407936096191
fig3_lak303d_hotspot,lak303d,hotspot,lacam_focal_h,600,23,1,195213,99093,1.9699978807786624,,122006,122006.0,-60.00278674819271,9.326854705810547
fig3_lak303d_hotspot,lak303d,hotspot,lacam_focal_h,600,22,1,142859,79752,1.7912905005517104,,95329,95329.0,-49.8589096707193,9.385251760482788
fig3_lak303d_hotspot,lak303d,hotspot,dbs_hungarian,400,28,1,96673,55468,1.7428607485396985,98674,,98674.0,2.027889818999939,15.449132680892944
fig3_lak303d_hotspot,lak303d,hotspot,lacam_focal_h,600,24,1,151044,74447,2.0288796056254785,,94233,94233.0,-60.28779726847283,9.48832082748413
fig3_lak303d_hotspot,lak303d,hotspot,lacam_focal_h,600,21,1,196351,74915,2.6209837816191683,,109091,109091.0,-79.98826667644444,9.4173583984375
fig3_lak303d_hotspot,lak303d,hotspot,lacam_focal_h,600,25,1,176112,79610,2.212184398944856,,100961,100961.0,-74.43567318073316,9.401275634765625
fig3_lak303d_hotspot,lak303d,hotspot,dbs_hungarian,400,29,1,99037,59470,1.665327055658315,100570,,100570.0,1.5243114248781944,15.72572112083435
fig3_lak303d_hotspot,lak303d,hotspot,dbs_hungarian,400,27,1,80715,55350,1.4582655826558266,81691,,81691.0,1.194746055257005,16.003769636154175
fig3_ost003d_random,ost003d,random,lacam_focal_h,200,6,1,600,600,1.0,,600,600.0,0.0,0.2143094539642334
fig3_lak303d_hotspot,lak303d,hotspot,lacam_focal_h,600,26,1,171743,93323,1.840307319738971,,110061,110061.0,-56.043466804771896,9.42993688583374
fig3_ost003d_random,ost003d,random,lacam_focal_h,200,7,1,600,600,1.0,,600,600.0,0.0,0.3233001232147217
fig3_lak303d_hotspot,lak303d,hotspot,lacam_focal_h,600,27,1,141355,82326,1.717015280713262,,97016,97016.0,-45.70277067700173,9.344401597976685
fig3_lak303d_hotspot,lak303d,hotspot,dbs_hungarian,400,25,1,91186,51792,1.7606194006796416,92593,,92593.0,1.5195533139654185,16.787177562713623
fig3_ost003d_random,ost003d,random,lacam_focal_h,200,10,1,600,600,1.0,,601,601.0,0.16638935108153077,0.22702288627624512
fig3_ost003d_random,ost003d,random,lacam_focal_h,200,8,1,600,600,1.0,,603,603.0,0.4975124378109453,0.4997870922088623
fig3_lak303d_hotspot,lak303d,hotspot,lacam_focal_h,600,13,1,134268,69618,1.9286391450486944,,93876,93876.0,-43.02697174996804,9.387534141540527
fig3_lak303d_hotspot,lak303d,hotspot,lacam_focal_h,600,28,1,163314,83839,1.947947852431446,,103748,103748.0,-57.41411882638702,9.456143379211426
fig3_lak303d_hotspot,lak303d,hotspot,dbs_hungarian,600,3,1,175820,83082,2.11622252714186,175820,,175820.0,0.0,15.735008001327515
fig3_lak303d_hotspot,lak303d,hotspot,lacam_focal_h,600,30,1,166206,88967,1.868175840480178,,108018,108018.0,-53.868799644503696,9.411762714385986
fig3_lak303d_hotspot,lak303d,hotspot,lacam_focal_h,600,29,1,180593,88678,2.036502853018787,,118611,118611.0,-52.25653607169655,9.470808029174805
fig3_ost003d_random,ost003d,random,lacam_focal_h,200,13,1,600,600,1.0,,600,600.0,0.0,0.3067312240600586
fig3_lak303d_hotspot,lak303d,hotspot,lacam_focal_h,800,1,1,190048,90414,2.101975357798571,,124533,124533.0,-52.60854552608546,9.549531936645508
fig3_ost003d_random,ost003d,random,lacam_focal_h,200,14,1,600,600,1.0,,601,601.0,0.16638935108153077,0.29939889907836914
fig3_lak303d_hotspot,lak303d,hotspot,dbs_hungarian,600,2,1,182471,74854,2.4376920405055174,187357,,187357.0,2.6078555911975534,17.096036195755005
fig3_lak303d_hotspot,lak303d,hotspot,dbs_hungarian,800,11,0,,143229,nan,,,nan,nan,7.932019948959351
fig3_lak303d_hotspot,lak303d,hotspot,lacam_focal_h,800,2,1,265842,102043,2.6051958488088354,,173381,173381.0,-53.328219355061975,9.555294513702393
fig3_lak303d_hotspot,lak303d,hotspot,dbs_hungarian,600,11,1,212699,109446,1.9434150174515286,217073,,217073.0,2.014990348868814,14.970487356185913
fig3_lak303d_hotspot,lak303d,hotspot,dbs_hungarian,600,4,1,126389,65196,1.9386005276397325,128570,,128570.0,1.6963521816909077,16.94635033607483
fig3_lak303d_hotspot,lak303d,hotspot,dbs_hungarian,400,20,1,77037,56325,1.367723035952064,79399,,79399.0,2.9748485497298454,20.46955704689026
fig3_lak303d_hotspot,lak303d,hotspot,lacam_focal_h,800,3,1,294298,110365,2.666588139355774,,162631,162631.0,-80.96057947131851,9.578579664230347
fig3_lak303d_hotspot,lak303d,hotspot,lacam_focal_h,800,4,1,189460,87446,2.1665942410173136,,128370,128370.0,-47.589000545298745,9.56717324256897
fig3_lak303d_hotspot,lak303d,hotspot,lacam_focal_h,800,5,1,293672,126507,2.3213893302346906,,175278,175278.0,-67.54641198553155,9.489827632904053
fig3_ost003d_random,ost003d,random,lacam_focal_h,200,18,1,600,600,1.0,,600,600.0,0.0,0.3617706298828125
fig3_lak303d_hotspot,lak303d,hotspot,dbs_hungarian,600,5,1,173336,95430,1.8163680184428377,178582,,178582.0,2.937586094903182,17.164849042892456
fig3_lak303d_hotspot,lak303d,hotspot,dbs_hungarian,600,20,1,144049,85294,1.6888526742795507,145895,,145895.0,1.2652935330203228,14.335660934448242
fig3_ost003d_random,ost003d,random,lacam_focal_h,200,20,1,600,600,1.0,,600,600.0,0.0,0.31034302711486816
fig3_lak303d_hotspot,lak303d,hotspot,dbs_hungarian,800,6,0,,138518,nan,,,nan,nan,10.442848205566406
fig3_ost003d_random,ost003d,random,lacam_focal_h,200,21,1,600,600,1.0,,600,600.0,0.0,0.3606696128845215
fig3_lak303d_hotspot,lak303d,hotspot,lacam_focal_h,800,6,1,337475,138518,2.436325964856553,,197214,197214.0,-71.12121857474621,9.708856582641602
fig3_lak303d_hotspot,lak303d,hotspot,dbs_hungarian,600,1,1,123817,68794,1.7998226589528157,124635,,124635.0,0.6563164440165282,19.158613204956055
fig3_lak303d_hotspot,lak303d,hotspot,dbs_hungarian,800,16,0,,109850,nan,,,nan,nan,8.98188042640686
fig3_lak303d_hotspot,lak303d,hotspot,lacam_focal_h,800,7,1,279897,108354,2.583171825682485,,162691,162691.0,-72.04209206409696,9.605390071868896
fig3_lak303d_hotspot,lak303d,hotspot,dbs_hungarian,600,10,1,141559,82360,1.7187833899951432,145506,,145506.0,2.712602916718211,17.026540994644165
fig3_lak303d_hotspot,lak303d,hotspot,lacam_focal_h,800,8,1,226171,81720,2.7676333822809593,,131230,131230.0,-72.34702430846605,9.510611772537231
fig3_lak303d_hotspot,lak303d,hotspot,dbs_hungarian,600,14,1,192783,80886,2.3833914398041687,197506,,197506.0,2.3913197573744593,16.246248483657837
fig3_ost003d_random,ost003d,random,lacam_focal_h,200,24,1,600,600,1.0,,600,600.0,0.0,0.45430517196655273
fig3_lak303d_hotspot,lak303d,hotspot,dbs_hungarian,800,19,0,,112458,nan,,,nan,nan,8.141447067260742
fig3_lak303d_hotspot,lak303d,hotspot,dbs_hungarian,800,14,0,,107703,nan,,,nan,nan,9.83325457572937
fig3_lak303d_hotspot,lak303d,hotspot,dbs_hungarian,600,8,1,158128,62619,2.5252399431482457,158128,,158128.0,0.0,18.066636323928833
fig3_lak303d_hotspot,lak303d,hotspot,lacam_focal_h,800,9,1,233448,152363,1.5321830103109022,,193098,193098.0,-20.896125283534786,9.56851863861084
fig3_lak303d_hotspot,lak303d,hotspot,lacam_focal_h,800,10,1,240364,110239,2.18038988016945,,150696,150696.0,-59.50257471996603,9.418241024017334
fig3_lak303d_hotspot,lak303d,hotspot,dbs_hungarian,400,30,1,88717,58840,1.5077668252889191,92117,,92117.0,3.6909582378931143,20.274491786956787
fig3_ost003d_random,ost003d,random,lacam_focal_h,200,25,1,600,600,1.0,,600,600.0,0.0,0.5099461078643799
fig3_ost003d_random,ost003d,random,lacam_focal_h,200,26,1,600,600,1.0,,600,600.0,0.0,0.39055633544921875
fig3_lak303d_hotspot,lak303d,hotspot,lacam_focal_h,800,13,1,221828,90837,2.442044541321268,,142691,142691.0,-55.46040044571837,9.423094272613525
fig3_lak303d_hotspot,lak303d,hotspot,lacam_focal_h,800,11,1,322747,143229,2.2533634948229757,,192141,192141.0,-67.9740398977834,9.577850103378296
fig3_lak303d_hotspot,lak303d,hotspot,lacam_focal_h,800,12,1,273350,112901,2.4211477311981295,,163536,163536.0,-67.14974072986988,9.50143814086914
fig3_lak303d_hotspot,lak303d,hotspot,dbs_hungarian,600,17,1,156162,115925,1.3470951045934871,158326,,158326.0,1.3668001465331026,16.4854519367218
fig3_lak303d_hotspot,lak303d,hotspot,lacam_focal_h,800,14,1,312081,107703,2.8976073089886074,,191808,191808.0,-62.704892392392395,9.481770753860474
fig3_lak303d_hotspot,lak303d,hotspot,lacam_focal_h,800,15,1,207276,93825,2.2091766586730617,,132783,132783.0,-56.10130814938659,9.455153703689575
fig3_lak303d_hotspot,lak303d,hotspot,dbs_hungarian,600,24,1,161623,74447,2.1709806976775425,165565,,165565.0,2.3809380001811977,15.700340270996094
fig3_ost003d_random,ost003d,random,lacam_focal_h,200,29,1,600,600,1.0,,602,602.0,0.33222591362126247,0.41384053230285645
fig3_ost003d_random,ost003d,random,lacam_focal_h,200,28,1,600,600,1.0,,600,600.0,0.0,0.7951235771179199
fig3_lak303d_hotspot,lak303d,hotspot,lacam_focal_h,800,16,1,274398,109850,2.4979335457441967,,166483,166483.0,-64.82043211619204,9.423228979110718
fig3_lak303d_hotspot,lak303d,hotspot,dbs_hungarian,600,27,1,137850,82326,1.6744406384374317,139149,,139149.0,0.933531681866201,15.431436538696289
fig3_lak303d_hotspot,lak303d,hotspot,dbs_hungarian,600,21,1,187630,74915,2.504571848094507,191653,,191653.0,2.099106197137535,16.824185371398926
fig3_lak303d_hotspot,lak303d,hotspot,dbs_hungarian,600,12,1,167778,85283,1.9673088423249652,167925,,167925.0,0.08753907994640464,18.433534145355225
fig3_lak303d_hotspot,lak303d,hotspot,dbs_hungarian,600,25,1,175249,79610,2.201344052254742,176943,,176943.0,0.9573704526316384,16.574703454971313
fig3_lak303d_hotspot,lak303d,hotspot,lacam_focal_h,800,17,1,237237,152143,1.5593027612180645,,193496,193496.0,-22.605635258609997,9.811658143997192
fig3_lak303d_hotspot,lak303d,hotspot,dbs_hungarian,600,18,1,198478,97860,2.0281831187410586,203856,,203856.0,2.6381367239620124,17.70437717437744
fig3_lak303d_hotspot,lak303d,hotspot,dbs_hungarian,600,15,1,125710,70438,1.78469008205798,126814,,126814.0,0.8705663412556973,18.118763208389282
fig3_lak303d_hotspot,lak303d,hotspot,dbs_hungarian,600,16,1,161209,81191,1.985552585877745,169052,,169052.0,4.6394008943993565,18.092334747314453
fig3_lak303d_hotspot,lak303d,hotspot,dbs_hungarian,800,29,0,,117540,nan,,,nan,nan,8.874196529388428
fig3_lak303d_hotspot,lak303d,hotspot,lacam_focal_h,800,18,1,312749,130513,2.3963053488924473,,176186,176186.0,-77.51069892045906,9.564764738082886
fig3_lak303d_hotspot,lak303d,hotspot,dbs_hungarian,600,26,1,170526,93323,1.8272665902296326,172307,,172307.0,1.033620224366973,17.06661081314087
fig3_lak303d_hotspot,lak303d,hotspot,lacam_focal_h,800,19,1,301678,112458,2.6825837201444096,,183688,183688.0,-64.23391838334567,9.594773530960083
fig3_lak303d_hotspot,lak303d,hotspot,lacam_focal_h,800,20,1,236729,110125,2.149639046538025,,159131,159131.0,-48.763597287769194,9.543081521987915
fig3_lak303d_hotspot,lak303d,hotspot,dbs_hungarian,600,23,1,191040,99093,1.9278859253428597,196906,,196906.0,2.979086467654617,17.33280849456787
fig3_lak303d_hotspot,lak303d,hotspot,dbs_hungarian,600,30,1,167069,88967,1.8778760664066452,167610,,167610.0,0.3227731042300579,16.0673930644989
fig3_lak303d_hotspot,lak303d,hotspot,dbs_hungarian,600,28,1,170930,83839,2.0387886305895826,174578,,174578.0,2.0896103747322115,16.611767053604126
fig3_lak303d_hotspot,lak303d,hotspot,dbs_hungarian,600,9,1,157744,114643,1.3759584100206728,158843,,158843.0,0.691878143827553,20.313166856765747
fig3_lak303d_hotspot,lak303d,hotspot,lacam_focal_h,800,23,1,276317,132834,2.0801677281418915,,177822,177822.0,-55.389659322243595,9.491241693496704
fig3_lak303d_hotspot,lak303d,hotspot,lacam_focal_h,800,21,1,304606,99460,3.062598029358536,,188591,188591.0,-61.516721370585024,9.95536470413208
fig3_lak303d_hotspot,lak303d,hotspot,lacam_focal_h,800,24,1,266876,99358,2.686004146621309,,144451,144451.0,-84.75192279734996,9.473361015319824
fig3_lak303d_hotspot,lak303d,hotspot,lacam_focal_h,800,22,1,231231,106546,2.1702457154656205,,143413,143413.0,-61.23433719397823,10.303366422653198
fig3_lak303d_hotspot,lak303d,hotspot,dbs_hungarian,600,22,1,144128,79752,1.8072023272143645,144789,,144789.0,0.45652639357962277,18.747639179229736
fig3_lak303d_hotspot,lak303d,hotspot,lacam_focal_h,800,25,1,259382,104986,2.4706341797954012,,142899,142899.0,-81.51421633461396,9.685847282409668
fig3_lak303d_hotspot,lak303d,hotspot,lacam_focal_h,800,26,1,268297,122731,2.186057312333477,,158111,158111.0,-69.68901594449468,9.773244142532349
fig3_lak303d_hotspot,lak303d,hotspot,dbs_hungarian,600,13,1,134794,69618,1.93619466229998,139982,,139982.0,3.7061907959594804,20.508556842803955
fig3_lak303d_hotspot,lak303d,hotspot,lacam_focal_h,800,27,1,222938,110635,2.0150766032449043,,145138,145138.0,-53.604156044592045,9.524842262268066
fig3_ost003d_random,ost003d,random,lacam_focal_h,200,1,1,601,600,1.0016666666666667,,607,607.0,0.9884678747940692,9.335405111312866
fig3_ost003d_random,ost003d,random,lacam_focal_h,200,2,1,601,600,1.0016666666666667,,601,601.0,0.0,9.164057970046997
fig3_ost003d_random,ost003d,random,lacam_focal_h,200,3,1,601,600,1.0016666666666667,,601,601.0,0.0,9.29059362411499
fig3_lak303d_hotspot,lak303d,hotspot,lacam_focal_h,800,28,1,262928,107860,2.4376784720934546,,147152,147152.0,-78.67782972708491,9.98213505744934
fig3_lak303d_hotspot,lak303d,hotspot,dbs_hungarian,800,1,1,198805,90414,2.198829827239144,202543,,202543.0,1.845534034748177,17.78535485267639
fig3_lak303d_hotspot,lak303d,hotspot,dbs_hungarian,600,6,1,207524,103420,2.006613807774125,210765,,210765.0,1.5377315968021257,22.79479670524597
fig3_lak303d_hotspot,lak303d,hotspot,lacam_focal_h,800,29,1,300660,117540,2.5579377233282288,,188087,188087.0,-59.85155805558066,10.063661098480225
fig3_lak303d_hotspot,lak303d,hotspot,dbs_hungarian,800,4,1,220510,87446,2.521670516661711,220510,,220510.0,0.0,16.89269733428955
fig3_ost003d_random,ost003d,random,lacam_focal_h,200,5,1,603,600,1.005,,604,604.0,0.16556291390728478,9.370797872543335
fig3_lak303d_hotspot,lak303d,hotspot,dbs_hungarian,600,7,1,174185,82224,2.118420412531621,180283,,180283.0,3.3824597993155208,22.85043454170227
fig3_ost003d_random,ost003d,random,lacam_focal_h,200,9,1,603,600,1.005,,606,606.0,0.49504950495049505,9.180382490158081
fig3_lak303d_hotspot,lak303d,hotspot,lacam_focal_h,800,30,0,0,,nan,,0,0.0,nan,10.411094427108765
fig3_ost003d_random,ost003d,random,lacam_focal_h,200,11,1,601,600,1.0016666666666667,,601,601.0,0.0,9.17657208442688
fig3_ost003d_random,ost003d,random,dbs_hungarian,200,1,1,600,600,1.0,600,,600.0,0.0,11.401377201080322
fig3_ost003d_random,ost003d,random,dbs_hungarian,200,4,1,600,600,1.0,601,,601.0,0.16638935108153077,11.034179925918579
fig3_ost003d_random,ost003d,random,dbs_hungarian,200,2,1,600,600,1.0,601,,601.0,0.16638935108153077,11.363497495651245
fig3_ost003d_random,ost003d,random,lacam_focal_h,200,12,1,602,600,1.0033333333333334,,602,602.0,0.0,9.17338228225708
fig3_ost003d_random,ost003d,random,dbs_hungarian,200,3,1,600,600,1.0,601,,601.0,0.16638935108153077,11.822947025299072
fig3_ost003d_random,ost003d,random,dbs_hungarian,200,5,1,600,600,1.0,600,,600.0,0.0,11.424462795257568
fig3_lak303d_hotspot,lak303d,hotspot,dbs_hungarian,800,12,1,268476,112901,2.377977165835555,278655,,278655.0,3.6529041287613717,16.308245420455933
fig3_ost003d_random,ost003d,random,lacam_focal_h,200,15,1,601,600,1.0016666666666667,,601,601.0,0.0,9.254659414291382
fig3_ost003d_random,ost003d,random,dbs_hungarian,200,7,1,602,600,1.0033333333333334,602,,602.0,0.0,11.214698553085327
fig3_ost003d_random,ost003d,random,dbs_hungarian,200,8,1,600,600,1.0,604,,604.0,0.6622516556291391,11.218477487564087
fig3_ost003d_random,ost003d,random,dbs_hungarian,200,6,1,600,600,1.0,600,,600.0,0.0,11.464834690093994
fig3_ost003d_random,ost003d,random,lacam_focal_h,200,16,1,604,600,1.0066666666666666,,605,605.0,0.1652892561983471,9.337768077850342
fig3_ost003d_random,ost003d,random,lacam_focal_h,200,17,1,601,600,1.0016666666666667,,601,601.0,0.0,9.402461767196655
fig3_ost003d_random,ost003d,random,dbs_hungarian,200,14,1,600,600,1.0,600,,600.0,0.0,10.88939619064331
fig3_ost003d_random,ost003d,random,dbs_hungarian,200,13,1,601,600,1.0016666666666667,601,,601.0,0.0,11.209343910217285
fig3_ost003d_random,ost003d,random,dbs_hungarian,200,9,1,601,600,1.0016666666666667,601,,601.0,0.0,11.917535305023193
fig3_lak303d_hotspot,lak303d,hotspot,dbs_hungarian,800,3,1,300648,110365,2.724124495990577,300648,,300648.0,0.0,20.091227531433105
fig3_ost003d_random,ost003d,random,lacam_focal_h,200,19,1,610,600,1.0166666666666666,,614,614.0,0.6514657980456026,9.319074153900146
fig3_ost003d_random,ost003d,random,dbs_hungarian,200,10,1,600,600,1.0,601,,601.0,0.16638935108153077,11.927497148513794
fig3_lak303d_hotspot,lak303d,hotspot,dbs_hungarian,800,10,1,238186,110239,2.160632806901369,238186,,238186.0,0.0,18.180968284606934
fig3_lak303d_hotspot,lak303d,hotspot,dbs_hungarian,800,7,1,327732,108354,3.0246414530151173,327732,,327732.0,0.0,19.15402603149414
fig3_lak303d_hotspot,lak303d,hotspot,dbs_hungarian,800,9,1,233695,152363,1.5338041388001025,233695,,233695.0,0.0,18.577086448669434
fig3_ost003d_random,ost003d,random,lacam_focal_h,200,22,1,601,600,1.0016666666666667,,601,601.0,0.0,9.177738666534424
fig3_ost003d_random,ost003d,random,dbs_hungarian,200,11,1,600,600,1.0,602,,602.0,0.33222591362126247,12.227061033248901
fig3_ost003d_random,ost003d,random,lacam_focal_h,200,23,1,601,600,1.0016666666666667,,601,601.0,0.0,9.312340021133423
fig3_lak303d_hotspot,lak303d,hotspot,dbs_hungarian,800,8,1,266903,81720,3.266067058247675,269796,,269796.0,1.0722916574004062,19.153141260147095
fig3_ost003d_random,ost003d,random,dbs_hungarian,200,16,1,602,600,1.0033333333333334,602,,602.0,0.0,11.526965379714966
fig3_ost003d_random,ost003d,random,dbs_hungarian,200,12,1,600,600,1.0,602,,602.0,0.33222591362126247,12.435942888259888
fig3_ost003d_random,ost003d,random,dbs_hungarian,200,17,1,600,600,1.0,600,,600.0,0.0,11.65778636932373
fig3_ost003d_random,ost003d,random,lacam_focal_h,200,27,1,601,600,1.0016666666666667,,601,601.0,0.0,9.200535774230957
fig3_ost003d_random,ost003d,random,dbs_hungarian,200,21,1,600,600,1.0,600,,600.0,0.0,11.125531435012817
fig3_ost003d_random,ost003d,random,dbs_hungarian,200,19,1,600,600,1.0,600,,600.0,0.0,11.221292495727539
fig3_ost003d_random,ost003d,random,dbs_hungarian,200,15,1,600,600,1.0,600,,600.0,0.0,12.665355682373047
fig3_ost003d_random,ost003d,random,dbs_hungarian,200,20,1,601,600,1.0016666666666667,601,,601.0,0.0,11.296870231628418
fig3_ost003d_random,ost003d,random,lacam_focal_h,200,30,1,601,600,1.0016666666666667,,607,607.0,0.9884678747940692,9.222785234451294
fig3_ost003d_random,ost003d,random,dbs_hungarian,200,24,1,600,600,1.0,600,,600.0,0.0,10.876287937164307
fig3_ost003d_random,ost003d,random,dbs_hungarian,200,18,1,600,600,1.0,600,,600.0,0.0,11.96396780014038
fig3_ost003d_random,ost003d,random,lacam_focal_h,400,3,1,1210,1200,1.0083333333333333,,1210,1210.0,0.0,9.279022932052612
fig3_lak303d_hotspot,lak303d,hotspot,dbs_hungarian,800,18,1,309589,130513,2.3720932014435343,309589,,309589.0,0.0,18.935408115386963
fig3_ost003d_random,ost003d,random,lacam_focal_h,400,1,1,1205,1200,1.0041666666666667,,1207,1207.0,0.16570008285004142,9.47009801864624
fig3_ost003d_random,ost003d,random,lacam_focal_h,400,5,1,1204,1200,1.0033333333333334,,1207,1207.0,0.24855012427506215,9.265087366104126
fig3_ost003d_random,ost003d,random,lacam_focal_h,400,2,1,1209,1200,1.0075,,1210,1210.0,0.08264462809917356,9.621880769729614
fig3_ost003d_random,ost003d,random,lacam_focal_h,400,4,1,1204,1200,1.0033333333333334,,1208,1208.0,0.33112582781456956,9.410703897476196
fig3_ost003d_random,ost003d,random,lacam_focal_h,400,6,1,1207,1200,1.0058333333333334,,1210,1210.0,0.24793388429752067,9.342364072799683
fig3_lak303d_hotspot,lak303d,hotspot,dbs_hungarian,800,15,1,218098,93825,2.324519051425526,218098,,218098.0,0.0,20.231983423233032
fig3_lak303d_hotspot,lak303d,hotspot,dbs_hungarian,800,13,1,261335,90837,2.8769664343824655,261335,,261335.0,0.0,20.517510414123535
fig3_ost003d_random,ost003d,random,lacam_focal_h,400,7,1,1211,1200,1.0091666666666668,,1212,1212.0,0.08250825082508251,9.301344633102417
fig3_lak303d_hotspot,lak303d,hotspot,dbs_hungarian,800,28,1,277869,107860,2.5762006304468756,277869,,277869.0,0.0,17.875559091567993
fig3_ost003d_random,ost003d,random,dbs_hungarian,200,22,1,600,600,1.0,600,,600.0,0.0,12.708457946777344
fig3_lak303d_hotspot,lak303d,hotspot,dbs_hungarian,800,24,1,280288,99358,2.8209907606835887,280288,,280288.0,0.0,18.74203372001648
fig3_ost003d_random,ost003d,random,lacam_focal_h,400,8,1,1207,1200,1.0058333333333334,,1207,1207.0,0.0,9.39940881729126
fig3_ost003d_random,ost003d,random,dbs_hungarian,200,30,1,601,600,1.0016666666666667,604,,604.0,0.4966887417218543,11.351711511611938
fig3_ost003d_random,ost003d,random,lacam_focal_h,400,9,1,1216,1200,1.0133333333333334,,1222,1222.0,0.4909983633387889,9.347351551055908
fig3_ost003d_random,ost003d,random,dbs_hungarian,200,29,1,600,600,1.0,600,,600.0,0.0,11.629788637161255
fig3_ost003d_random,ost003d,random,dbs_hungarian,200,25,1,600,600,1.0,602,,602.0,0.33222591362126247,12.489970445632935
fig3_ost003d_random,ost003d,random,dbs_hungarian,200,27,1,600,600,1.0,601,,601.0,0.16638935108153077,12.009195566177368
fig3_lak303d_hotspot,lak303d,hotspot,dbs_hungarian,800,20,1,236106,110125,2.1439818388195233,238527,,238527.0,1.0149794362902314,19.94717788696289
fig3_lak303d_hotspot,lak303d,hotspot,dbs_hungarian,800,26,1,268161,122731,2.1849491978391766,270970,,270970.0,1.0366461231870687,19.001356601715088
fig3_ost003d_random,ost003d,random,lacam_focal_h,400,11,1,1205,1200,1.0041666666666667,,1207,1207.0,0.16570008285004142,9.243606328964233
fig3_ost003d_random,ost003d,random,lacam_focal_h,400,10,1,1211,1200,1.0091666666666668,,1210,1210.0,-0.08264462809917356,9.548376083374023
fig3_ost003d_random,ost003d,random,lacam_focal_h,400,12,1,1203,1200,1.0025,,1208,1208.0,0.4139072847682119,9.23134708404541
fig3_lak303d_hotspot,lak303d,hotspot,dbs_hungarian,800,17,1,229434,152143,1.5080154854314691,229434,,229434.0,0.0,21.606602430343628
fig3_ost003d_random,ost003d,random,dbs_hungarian,200,26,1,603,600,1.005,603,,603.0,0.0,12.649550676345825
fig3_ost003d_random,ost003d,random,dbs_hungarian,400,3,1,1204,1200,1.0033333333333334,1209,,1209.0,0.41356492969396197,11.762923955917358
fig3_lak303d_hotspot,lak303d,hotspot,dbs_hungarian,800,2,1,289968,102043,2.841625589212391,292433,,292433.0,0.8429281237069688,25.113872528076172
fig3_lak303d_hotspot,lak303d,hotspot,dbs_hungarian,800,23,1,288930,132834,2.1751208274989837,289038,,289038.0,0.037365329126274056,20.115089654922485
fig3_ost003d_random,ost003d,random,lacam_focal_h,400,14,1,1205,1200,1.0041666666666667,,1208,1208.0,0.24834437086092714,9.388848304748535
fig3_ost003d_random,ost003d,random,lacam_focal_h,400,15,1,1208,1200,1.0066666666666666,,1215,1215.0,0.5761316872427984,9.353321075439453
fig3_ost003d_random,ost003d,random,lacam_focal_h,400,13,1,1203,1200,1.0025,,1203,1203.0,0.0,9.391360521316528
fig3_ost003d_random,ost003d,random,dbs_hungarian,400,5,1,1204,1200,1.0033333333333334,1204,,1204.0,0.0,12.28692078590393
fig3_ost003d_random,ost003d,random,dbs_hungarian,400,8,1,1203,1200,1.0025,1204,,1204.0,0.08305647840531562,11.971060991287231
fig3_ost003d_random,ost003d,random,lacam_focal_h,400,17,1,1209,1200,1.0075,,1210,1210.0,0.08264462809917356,9.240848779678345
fig3_ost003d_random,ost003d,random,lacam_focal_h,400,16,1,1217,1200,1.0141666666666667,,1217,1217.0,0.0,9.588342905044556
fig3_lak303d_hotspot,lak303d,hotspot,dbs_hungarian,800,21,1,295585,99460,2.9718982505529863,295585,,295585.0,0.0,21.286985158920288
fig3_ost003d_random,ost003d,random,dbs_hungarian,400,1,1,1202,1200,1.0016666666666667,1202,,1202.0,0.0,13.087342023849487
fig3_ost003d_random,ost003d,random,dbs_hungarian,400,9,1,1204,1200,1.0033333333333334,1212,,1212.0,0.6600660066006601,11.884403228759766
fig3_lak303d_hotspot,lak303d,hotspot,dbs_hungarian,800,5,1,280781,126507,2.2194898306022592,280781,,280781.0,0.0,25.281569004058838
fig3_ost003d_random,ost003d,random,lacam_focal_h,400,21,1,1205,1200,1.0041666666666667,,1205,1205.0,0.0,9.503564834594727
fig3_lak303d_hotspot,lak303d,hotspot,dbs_hungarian,800,22,1,229379,106546,2.152863551893079,229379,,229379.0,0.0,21.777578353881836
fig3_ost003d_random,ost003d,random,lacam_focal_h,400,20,1,1206,1200,1.005,,1209,1209.0,0.24813895781637718,9.76780080795288
fig3_ost003d_random,ost003d,random,dbs_hungarian,200,28,1,600,600,1.0,607,,607.0,1.1532125205930808,14.23721981048584
fig3_ost003d_random,ost003d,random,lacam_focal_h,400,19,1,1215,1200,1.0125,,1217,1217.0,0.16433853738701726,9.616559505462646
fig3_ost003d_random,ost003d,random,dbs_hungarian,400,7,1,1203,1200,1.0025,1204,,1204.0,0.08305647840531562,13.392880201339722
fig3_ost003d_random,ost003d,random,dbs_hungarian,200,23,1,601,600,1.0016666666666667,601,,601.0,0.0,15.623256206512451
fig3_lak303d_hotspot,lak303d,hotspot,dbs_hungarian,800,30,1,286899,118142,2.4284251155389276,286899,,286899.0,0.0,20.654831171035767
fig3_ost003d_random,ost003d,random,dbs_hungarian,400,2,1,1203,1200,1.0025,1204,,1204.0,0.08305647840531562,14.30421781539917
fig3_ost003d_random,ost003d,random,lacam_focal_h,400,25,1,1207,1200,1.0058333333333334,,1207,1207.0,0.0,9.23782467842102
fig3_ost003d_random,ost003d,random,dbs_hungarian,400,11,1,1200,1200,1.0,1206,,1206.0,0.4975124378109453,12.666799545288086
fig3_ost003d_random,ost003d,random,dbs_hungarian,400,6,1,1200,1200,1.0,1206,,1206.0,0.4975124378109453,14.03687596321106
fig3_ost003d_random,ost003d,random,dbs_hungarian,400,13,1,1203,1200,1.0025,1205,,1205.0,0.16597510373443983,12.561556100845337
fig3_lak303d_hotspot,lak303d,hotspot,dbs_hungarian,800,25,1,274446,104986,2.6141199779018156,274446,,274446.0,0.0,22.535786151885986
fig3_ost003d_random,ost003d,random,lacam_focal_h,400,27,1,1207,1200,1.0058333333333334,,1213,1213.0,0.494641384995878,9.345213174819946
fig3_ost003d_random,ost003d,random,lacam_focal_h,400,24,1,1214,1200,1.0116666666666667,,1215,1215.0,0.0823045267489712,9.552188634872437
fig3_ost003d_random,ost003d,random,lacam_focal_h,400,22,1,1213,1200,1.0108333333333333,,1212,1212.0,-0.08250825082508251,9.396711587905884
fig3_ost003d_random,ost003d,random,lacam_focal_h,400,28,1,1202,1200,1.0016666666666667,,1203,1203.0,0.0831255195344971,9.236804246902466
fig3_ost003d_random,ost003d,random,lacam_focal_h,400,18,1,1204,1200,1.0033333333333334,,1206,1206.0,0.16583747927031509,9.288042783737183
fig3_ost003d_random,ost003d,random,dbs_hungarian,400,10,1,1202,1200,1.0016666666666667,1207,,1207.0,0.4142502071251036,13.489259958267212
fig3_ost003d_random,ost003d,random,dbs_hungarian,400,15,1,1200,1200,1.0,1200,,1200.0,0.0,13.460577487945557
fig3_ost003d_random,ost003d,random,lacam_focal_h,400,26,1,1208,1200,1.0066666666666666,,1208,1208.0,0.0,9.56636905670166
fig3_ost003d_random,ost003d,random,dbs_hungarian,400,25,1,1204,1200,1.0033333333333334,1209,,1209.0,0.41356492969396197,11.986652612686157
fig3_ost003d_random,ost003d,random,lacam_focal_h,400,30,1,1210,1200,1.0083333333333333,,1210,1210.0,0.0,9.366466045379639
fig3_ost003d_random,ost003d,random,dbs_hungarian,400,24,1,1203,1200,1.0025,1208,,1208.0,0.4139072847682119,12.284501552581787
fig3_ost003d_random,ost003d,random,lacam_focal_h,600,2,1,1815,1800,1.0083333333333333,,1819,1819.0,0.2199010445299615,9.46036958694458
fig3_ost003d_random,ost003d,random,dbs_hungarian,400,23,1,1205,1200,1.0041666666666667,1214,,1214.0,0.7413509060955519,12.582857131958008
fig3_ost003d_random,ost003d,random,dbs_hungarian,400,14,1,1201,1200,1.0008333333333332,1214,,1214.0,1.0708401976935749,14.623074769973755
fig3_ost003d_random,ost003d,random,lacam_focal_h,400,23,1,1208,1200,1.0066666666666666,,1208,1208.0,0.0,9.605834245681763
fig3_ost003d_random,ost003d,random,dbs_hungarian,400,26,1,1203,1200,1.0025,1203,,1203.0,0.0,12.257628917694092
fig3_ost003d_random,ost003d,random,lacam_focal_h,600,4,1,1815,1800,1.0083333333333333,,1817,1817.0,0.1100715465052284,9.31629753112793
fig3_ost003d_random,ost003d,random,lacam_focal_h,400,29,1,1202,1200,1.0016666666666667,,1206,1206.0,0.33167495854063017,9.224310874938965
fig3_ost003d_random,ost003d,random,dbs_hungarian,400,12,1,1202,1200,1.0016666666666667,1204,,1204.0,0.16611295681063123,15.61195421218872
fig3_lak303d_hotspot,lak303d,hotspot,dbs_hungarian,800,27,1,218928,110635,1.9788312920865911,221272,,221272.0,1.059329693770563,25.08253502845764
fig3_ost003d_random,ost003d,random,dbs_hungarian,400,22,1,1202,1200,1.0016666666666667,1205,,1205.0,0.24896265560165975,14.016500473022461
fig3_ost003d_random,ost003d,random,dbs_hungarian,400,21,1,1203,1200,1.0025,1211,,1211.0,0.6606110652353427,14.436352729797363
fig3_ost003d_random,ost003d,random,dbs_hungarian,400,19,1,1200,1200,1.0,1201,,1201.0,0.08326394671107411,14.446402549743652
fig3_ost003d_random,ost003d,random,dbs_hungarian,400,28,1,1201,1200,1.0008333333333332,1203,,1203.0,0.1662510390689942,12.649314641952515
fig3_ost003d_random,ost003d,random,lacam_focal_h,600,6,1,1816,1800,1.008888888888889,,1819,1819.0,0.16492578339747113,9.817525148391724
fig3_ost003d_random,ost003d,random,lacam_focal_h,600,1,1,1832,1800,1.0177777777777777,,1839,1839.0,0.3806416530723219,9.825606346130371
fig3_ost003d_random,ost003d,random,dbs_hungarian,400,20,1,1201,1200,1.0008333333333332,1212,,1212.0,0.9075907590759076,14.664056539535522
fig3_ost003d_random,ost003d,random,lacam_focal_h,600,8,1,1815,1800,1.0083333333333333,,1818,1818.0,0.16501650165016502,9.45896029472351
fig3_ost003d_random,ost003d,random,lacam_focal_h,600,7,1,1816,1800,1.008888888888889,,1819,1819.0,0.16492578339747113,9.684990167617798
fig3_ost003d_random,ost003d,random,lacam_focal_h,600,10,1,1818,1800,1.01,,1818,1818.0,0.0,9.401204109191895
fig3_ost003d_random,ost003d,random,dbs_hungarian,600,2,1,1806,1800,1.0033333333333334,1822,,1822.0,0.8781558726673985,12.418700218200684
fig3_ost003d_random,ost003d,random,lacam_focal_h,600,12,1,1817,1800,1.0094444444444444,,1821,1821.0,0.21965952773201539,9.263490676879883
fig3_ost003d_random,ost003d,random,lacam_focal_h,600,11,1,1814,1800,1.0077777777777779,,1813,1813.0,-0.05515719801434087,9.38568115234375
fig3_ost003d_random,ost003d,random,dbs_hungarian,400,17,1,1202,1200,1.0016666666666667,1202,,1202.0,0.0,16.266931772232056
fig3_ost003d_random,ost003d,random,dbs_hungarian,400,29,1,1201,1200,1.0008333333333332,1201,,1201.0,0.0,13.78780221939087
fig3_ost003d_random,ost003d,random,dbs_hungarian,400,18,1,1201,1200,1.0008333333333332,1204,,1204.0,0.24916943521594684,15.941717147827148
fig3_ost003d_random,ost003d,random,dbs_hungarian,400,16,1,1203,1200,1.0025,1208,,1208.0,0.4139072847682119,16.739566326141357
fig3_ost003d_random,ost003d,random,dbs_hungarian,400,30,1,1204,1200,1.0033333333333334,1205,,1205.0,0.08298755186721991,13.4569993019104
fig3_ost003d_random,ost003d,random,lacam_focal_h,600,13,1,1825,1800,1.0138888888888888,,1828,1828.0,0.16411378555798686,9.491193294525146
fig3_ost003d_random,ost003d,random,lacam_focal_h,600,14,1,1835,1800,1.0194444444444444,,1837,1837.0,0.10887316276537834,9.449227333068848
fig3_ost003d_random,ost003d,random,dbs_hungarian,600,3,1,1814,1800,1.0077777777777779,1830,,1830.0,0.8743169398907104,13.33093810081482
fig3_ost003d_random,ost003d,random,lacam_focal_h,600,16,1,1823,1800,1.0127777777777778,,1824,1824.0,0.05482456140350877,9.38923692703247
fig3_ost003d_random,ost003d,random,lacam_focal_h,600,15,1,1824,1800,1.0133333333333334,,1824,1824.0,0.0,9.960673809051514
fig3_ost003d_random,ost003d,random,lacam_focal_h,600,17,1,1835,1800,1.0194444444444444,,1838,1838.0,0.1632208922742111,9.635352611541748
fig3_ost003d_random,ost003d,random,lacam_focal_h,600,20,1,1813,1800,1.0072222222222222,,1813,1813.0,0.0,9.368726253509521
fig3_ost003d_random,ost003d,random,dbs_hungarian,400,4,1,1205,1200,1.0041666666666667,1208,,1208.0,0.24834437086092714,20.389737129211426
fig3_ost003d_random,ost003d,random,dbs_hungarian,600,9,1,1806,1800,1.0033333333333334,1820,,1820.0,0.7692307692307693,12.958497524261475
fig3_ost003d_random,ost003d,random,dbs_hungarian,600,10,1,1802,1800,1.001111111111111,1807,,1807.0,0.27670171555063644,12.66316843032837
fig3_ost003d_random,ost003d,random,lacam_focal_h,600,19,1,1817,1800,1.0094444444444444,,1819,1819.0,0.10995052226498075,9.462049007415771
fig3_ost003d_random,ost003d,random,lacam_focal_h,600,22,1,1818,1800,1.01,,1822,1822.0,0.21953896816684962,9.477389574050903
fig3_ost003d_random,ost003d,random,lacam_focal_h,600,3,1,1831,1800,1.0172222222222222,,1836,1836.0,0.27233115468409586,9.40073037147522
fig3_ost003d_random,ost003d,random,lacam_focal_h,600,18,1,1840,1800,1.0222222222222221,,1843,1843.0,0.16277807921866522,10.081985473632812
fig3_ost003d_random,ost003d,random,lacam_focal_h,600,23,1,1825,1800,1.0138888888888888,,1825,1825.0,0.0,9.529407262802124
fig3_ost003d_random,ost003d,random,lacam_focal_h,600,26,1,1823,1800,1.0127777777777778,,1825,1825.0,0.1095890410958904,9.427668571472168
fig3_ost003d_random,ost003d,random,dbs_hungarian,600,15,1,1802,1800,1.001111111111111,1806,,1806.0,0.22148394241417496,12.241472721099854
fig3_ost003d_random,ost003d,random,lacam_focal_h,600,5,1,1815,1800,1.0083333333333333,,1816,1816.0,0.05506607929515418,9.453566789627075
fig3_ost003d_random,ost003d,random,lacam_focal_h,600,25,1,1823,1800,1.0127777777777778,,1823,1823.0,0.0,10.165623903274536
fig3_ost003d_random,ost003d,random,dbs_hungarian,600,8,1,1806,1800,1.0033333333333334,1824,,1824.0,0.9868421052631579,14.820244312286377
fig3_ost003d_random,ost003d,random,lacam_focal_h,600,28,1,1821,1800,1.0116666666666667,,1824,1824.0,0.16447368421052633,9.731521606445312
fig3_ost003d_random,ost003d,random,dbs_hungarian,600,4,1,1808,1800,1.0044444444444445,1809,,1809.0,0.055279159756771695,15.940263032913208
fig3_ost003d_random,ost003d,random,lacam_focal_h,600,9,1,1830,1800,1.0166666666666666,,1831,1831.0,0.054614964500273075,9.707432270050049
fig3_ost003d_random,ost003d,random,lacam_focal_h,600,30,1,1844,1800,1.0244444444444445,,1844,1844.0,0.0,9.786083698272705
fig3_ost003d_random,ost003d,random,dbs_hungarian,600,14,1,1813,1800,1.0072222222222222,1828,,1828.0,0.8205689277899344,13.788800239562988
fig3_ost003d_random,ost003d,random,lacam_focal_h,600,29,1,1826,1800,1.0144444444444445,,1831,1831.0,0.2730748225013654,10.142383337020874
fig3_ost003d_random,ost003d,random,lacam_focal_h,600,27,1,1815,1800,1.0083333333333333,,1816,1816.0,0.05506607929515418,9.565521717071533
fig3_ost003d_random,ost003d,random,lacam_focal_h,800,2,1,2441,2400,1.0170833333333333,,2442,2442.0,0.04095004095004095,9.564162492752075
fig3_ost003d_random,ost003d,random,lacam_focal_h,800,1,1,2453,2400,1.0220833333333332,,2456,2456.0,0.12214983713355049,9.716681003570557
fig3_ost003d_random,ost003d,random,dbs_hungarian,600,7,1,1808,1800,1.0044444444444445,1830,,1830.0,1.2021857923497268,15.83238172531128
fig3_ost003d_random,ost003d,random,dbs_hungarian,600,22,1,1808,1800,1.0044444444444445,1822,,1822.0,0.7683863885839737,12.456860542297363
fig3_ost003d_random,ost003d,random,lacam_focal_h,800,4,1,2442,2400,1.0175,,2447,2447.0,0.2043318348998774,9.650816679000854
fig3_ost003d_random,ost003d,random,dbs_hungarian,600,5,1,1809,1800,1.005,1813,,1813.0,0.2206287920573635,16.469923973083496
fig3_ost003d_random,ost003d,random,lacam_focal_h,800,3,1,2451,2400,1.02125,,2450,2450.0,-0.04081632653061224,9.534510612487793
fig3_ost003d_random,ost003d,random,dbs_hungarian,600,16,1,1808,1800,1.0044444444444445,1819,,1819.0,0.6047278724573941,13.840549230575562
fig3_ost003d_random,ost003d,random,dbs_hungarian,600,17,1,1805,1800,1.0027777777777778,1815,,1815.0,0.5509641873278237,13.838349103927612
fig3_ost003d_random,ost003d,random,dbs_hungarian,600,29,1,1804,1800,1.0022222222222221,1815,,1815.0,0.6060606060606061,12.06668496131897
fig3_ost003d_random,ost003d,random,lacam_focal_h,600,21,1,1832,1800,1.0177777777777777,,1832,1832.0,0.0,9.432791709899902
fig3_ost003d_random,ost003d,random,dbs_hungarian,600,21,1,1814,1800,1.0077777777777779,1835,,1835.0,1.1444141689373297,13.162683010101318
fig3_ost003d_random,ost003d,random,dbs_hungarian,600,1,1,1805,1800,1.0027777777777778,1811,,1811.0,0.3313086692435119,18.28014898300171
fig3_ost003d_random,ost003d,random,dbs_hungarian,400,27,1,1202,1200,1.0016666666666667,1202,,1202.0,0.0,19.218524932861328
fig3_ost003d_random,ost003d,random,dbs_hungarian,600,11,1,1804,1800,1.0022222222222221,1805,,1805.0,0.055401662049861494,16.20535373687744
fig3_ost003d_random,ost003d,random,dbs_hungarian,600,6,1,1805,1800,1.0027777777777778,1816,,1816.0,0.6057268722466961,17.44965362548828
fig3_ost003d_random,ost003d,random,lacam_focal_h,800,5,1,2463,2400,1.02625,,2463,2463.0,0.0,10.181251764297485
fig3_ost003d_random,ost003d,random,dbs_hungarian,600,26,1,1806,1800,1.0033333333333334,1817,,1817.0,0.6053935057787562,13.253587245941162
fig3_ost003d_random,ost003d,random,lacam_focal_h,800,11,1,2439,2400,1.01625,,2440,2440.0,0.040983606557377046,9.547683238983154
fig3_ost003d_random,ost003d,random,lacam_focal_h,800,8,1,2452,2400,1.0216666666666667,,2456,2456.0,0.16286644951140064,9.51181674003601
fig3_ost003d_random,ost003d,random,lacam_focal_h,800,6,1,2433,2400,1.01375,,2434,2434.0,0.041084634346754315,9.46059250831604
fig3_ost003d_random,ost003d,random,dbs_hungarian,600,25,1,1816,1800,1.008888888888889,1830,,1830.0,0.7650273224043715,13.708822011947632
fig3_ost003d_random,ost003d,random,lacam_focal_h,800,12,1,2435,2400,1.0145833333333334,,2444,2444.0,0.36824877250409166,9.377744436264038
fig3_ost003d_random,ost003d,random,lacam_focal_h,800,14,1,2464,2400,1.0266666666666666,,2464,2464.0,0.0,9.410898923873901
fig3_ost003d_random,ost003d,random,dbs_hungarian,600,20,1,1813,1800,1.0072222222222222,1833,,1833.0,1.0911074740861975,15.291679620742798
fig3_ost003d_random,ost003d,random,lacam_focal_h,600,24,1,1827,1800,1.015,,1829,1829.0,0.10934937124111536,9.680381774902344
fig3_ost003d_random,ost003d,random,lacam_focal_h,800,7,1,2437,2400,1.0154166666666666,,2438,2438.0,0.04101722723543889,9.503417015075684
fig3_ost003d_random,ost003d,random,dbs_hungarian,600,13,1,1812,1800,1.0066666666666666,1819,,1819.0,0.38482682792743267,16.898942708969116
fig3_ost003d_random,ost003d,random,lacam_focal_h,800,13,1,2480,2400,1.0333333333333334,,2478,2478.0,-0.08071025020177562,9.537905216217041
fig3_ost003d_random,ost003d,random,lacam_focal_h,800,10,1,2443,2400,1.0179166666666666,,2445,2445.0,0.081799591002045,10.567084789276123
fig3_ost003d_random,ost003d,random,lacam_focal_h,800,16,1,2447,2400,1.0195833333333333,,2447,2447.0,0.0,9.733925104141235
fig3_ost003d_random,ost003d,random,dbs_hungarian,600,28,1,1809,1800,1.005,1825,,1825.0,0.8767123287671232,14.622655153274536
fig3_ost003d_random,ost003d,random,dbs_hungarian,600,19,1,1804,1800,1.0022222222222221,1811,,1811.0,0.3865267807840972,16.47463822364807
fig3_ost003d_random,ost003d,random,dbs_hungarian,800,9,1,2419,2400,1.0079166666666666,2452,,2452.0,1.3458401305057097,13.039549827575684
fig3_ost003d_random,ost003d,random,dbs_hungarian,600,18,1,1805,1800,1.0027777777777778,1817,,1817.0,0.6604292790313704,16.984950065612793
fig3_ost003d_random,ost003d,random,lacam_focal_h,800,15,1,2469,2400,1.02875,,2473,2473.0,0.16174686615446826,10.345512390136719
fig3_ost003d_random,ost003d,random,lacam_focal_h,800,17,1,2448,2400,1.02,,2452,2452.0,0.1631321370309951,9.687363862991333
fig3_ost003d_random,ost003d,random,lacam_focal_h,800,19,1,2441,2400,1.0170833333333333,,2442,2442.0,0.04095004095004095,9.780148029327393
fig3_ost003d_random,ost003d,random,dbs_hungarian,600,24,1,1803,1800,1.0016666666666667,1813,,1813.0,0.5515719801434087,16.15946102142334
fig3_ost003d_random,ost003d,random,lacam_focal_h,800,9,1,2434,2400,1.0141666666666667,,2436,2436.0,0.08210180623973727,10.008281946182251
fig3_ost003d_random,ost003d,random,lacam_focal_h,800,18,1,2467,2400,1.0279166666666666,,2472,2472.0,0.2022653721682848,10.36495065689087
fig3_ost003d_random,ost003d,random,lacam_focal_h,800,22,1,2444,2400,1.0183333333333333,,2446,2446.0,0.08176614881439084,9.650306701660156
fig3_ost003d_random,ost003d,random,lacam_focal_h,800,21,1,2426,2400,1.0108333333333333,,2428,2428.0,0.08237232289950576,10.045467615127563
fig3_ost003d_random,ost003d,random,lacam_focal_h,800,27,1,2448,2400,1.02,,2452,2452.0,0.1631321370309951,9.653955459594727
fig3_ost003d_random,ost003d,random,lacam_focal_h,800,23,1,2449,2400,1.0204166666666667,,2454,2454.0,0.20374898125509372,10.094446897506714
fig3_ost003d_random,ost003d,random,dbs_hungarian,800,13,1,2417,2400,1.0070833333333333,2427,,2427.0,0.4120313143798929,14.027275323867798
fig3_ost003d_hotspot,ost003d,hotspot,lacam_focal_h,200,1,1,35020,23066,1.5182519726003643,,24278,24278.0,-44.245819260235606,9.471816062927246
fig3_ost003d_random,ost003d,random,lacam_focal_h,800,20,1,2434,2400,1.0141666666666667,,2434,2434.0,0.0,9.612574577331543
fig3_ost003d_hotspot,ost003d,hotspot,lacam_focal_h,200,2,1,56792,34806,1.6316727001091766,,37415,37415.0,-51.78938928237338,9.392634630203247
fig3_ost003d_random,ost003d,random,lacam_focal_h,800,28,1,2435,2400,1.0145833333333334,,2436,2436.0,0.041050903119868636,9.684993743896484
fig3_ost003d_random,ost003d,random,lacam_focal_h,800,24,1,2454,2400,1.0225,,2456,2456.0,0.08143322475570032,10.622569799423218
fig3_ost003d_random,ost003d,random,dbs_hungarian,800,19,1,2410,2400,1.0041666666666667,2420,,2420.0,0.4132231404958678,13.099037408828735
fig3_ost003d_random,ost003d,random,lacam_focal_h,800,29,1,2442,2400,1.0175,,2444,2444.0,0.08183306055646482,9.832799434661865
fig3_ost003d_hotspot,ost003d,hotspot,lacam_focal_h,200,3,1,18769,13176,1.4244839101396478,,14128,14128.0,-32.849660249150624,9.267568111419678
fig3_ost003d_random,ost003d,random,dbs_hungarian,600,27,1,1806,1800,1.0033333333333334,1817,,1817.0,0.6053935057787562,18.125421047210693
fig3_ost003d_random,ost003d,random,dbs_hungarian,800,4,1,2416,2400,1.0066666666666666,2437,,2437.0,0.8617152236356176,16.894258499145508
fig3_ost003d_hotspot,ost003d,hotspot,lacam_focal_h,200,5,1,51607,31831,1.6212811410260437,,35716,35716.0,-44.4926643521111,9.337965726852417
fig3_ost003d_hotspot,ost003d,hotspot,lacam_focal_h,200,4,1,22331,14585,1.5310935893040796,,16442,16442.0,-35.816810606982116,9.483259439468384
fig3_ost003d_hotspot,ost003d,hotspot,dbs_hungarian,200,2,1,51217,34806,1.4714991668103201,54861,,54861.0,6.642241300741875,11.031193971633911
fig3_ost003d_hotspot,ost003d,hotspot,lacam_focal_h,200,6,1,56599,38315,1.4772021401539868,,39624,39624.0,-42.8401978598829,9.568254470825195
fig3_ost003d_random,ost003d,random,lacam_focal_h,800,30,1,2454,2400,1.0225,,2456,2456.0,0.08143322475570032,10.511205673217773
fig3_ost003d_hotspot,ost003d,hotspot,lacam_focal_h,200,7,1,41684,26998,1.5439662197199793,,29552,29552.0,-41.0530590146183,9.697197198867798
fig3_ost003d_hotspot,ost003d,hotspot,lacam_focal_h,200,8,1,36469,23039,1.5829246061026954,,25254,25254.0,-44.4088065256989,9.550221681594849
fig3_ost003d_hotspot,ost003d,hotspot,dbs_hungarian,200,1,1,34354,23066,1.4893783057313794,37286,,37286.0,7.863541275545781,11.947423219680786
fig3_ost003d_hotspot,ost003d,hotspot,lacam_focal_h,200,9,1,20580,12984,1.5850277264325323,,13824,13824.0,-48.87152777777778,9.274498224258423
fig3_ost003d_random,ost003d,random,dbs_hungarian,800,8,1,2428,2400,1.0116666666666667,2446,,2446.0,0.7358953393295176,17.20833992958069
fig3_ost003d_random,ost003d,random,dbs_hungarian,600,23,1,1808,1800,1.0044444444444445,1822,,1822.0,0.7683863885839737,20.04856300354004
fig3_ost003d_hotspot,ost003d,hotspot,lacam_focal_h,200,10,1,40755,24727,1.6481983257168278,,27130,27130.0,-50.221157390342796,9.236577033996582
fig3_ost003d_random,ost003d,random,dbs_hungarian,800,6,1,2411,2400,1.0045833333333334,2440,,2440.0,1.1885245901639345,17.863101959228516
fig3_ost003d_random,ost003d,random,dbs_hungarian,800,17,1,2416,2400,1.0066666666666666,2429,,2429.0,0.5351996706463565,15.144880771636963
fig3_ost003d_random,ost003d,random,dbs_hungarian,800,10,1,2426,2400,1.0108333333333333,2471,,2471.0,1.821125050586807,17.255714416503906
fig3_ost003d_random,ost003d,random,lacam_focal_h,800,26,1,2451,2400,1.02125,,2454,2454.0,0.12224938875305623,10.900065422058105
fig3_ost003d_hotspot,ost003d,hotspot,lacam_focal_h,200,11,1,53380,33462,1.5952423644731337,,35110,35110.0,-52.03645684990031,9.45551061630249
fig3_ost003d_random,ost003d,random,dbs_hungarian,800,7,1,2421,2400,1.00875,2452,,2452.0,1.264274061990212,18.371740341186523
fig3_ost003d_random,ost003d,random,dbs_hungarian,800,20,1,2418,2400,1.0075,2440,,2440.0,0.9016393442622951,15.455023527145386
fig3_ost003d_random,ost003d,random,dbs_hungarian,800,22,1,2431,2400,1.0129166666666667,2451,,2451.0,0.8159934720522236,14.535988807678223
fig3_ost003d_random,ost003d,random,dbs_hungarian,800,5,1,2409,2400,1.00375,2419,,2419.0,0.41339396444811904,19.12630844116211
fig3_ost003d_random,ost003d,random,dbs_hungarian,800,14,1,2414,2400,1.0058333333333334,2426,,2426.0,0.494641384995878,17.046892881393433
fig3_ost003d_random,ost003d,random,dbs_hungarian,600,12,1,1811,1800,1.0061111111111112,1816,,1816.0,0.2753303964757709,23.31590247154236
fig3_ost003d_hotspot,ost003d,hotspot,lacam_focal_h,200,13,1,36995,22944,1.6124041143654115,,25524,25524.0,-44.942015358094345,9.221498727798462
fig3_ost003d_hotspot,ost003d,hotspot,dbs_hungarian,200,5,1,48735,31831,1.5310546322767113,52206,,52206.0,6.648661073439834,11.819852828979492
fig3_ost003d_hotspot,ost003d,hotspot,lacam_focal_h,200,15,1,28722,19544,1.4696070405239459,,20712,20712.0,-38.673232908458864,9.174913883209229
fig3_ost003d_hotspot,ost003d,hotspot,lacam_focal_h,200,12,1,49127,27032,1.8173646049126961,,30249,30249.0,-62.40867466693114,9.338295221328735
fig3_ost003d_hotspot,ost003d,hotspot,lacam_focal_h,200,16,1,30692,20546,1.4938187481748273,,21827,21827.0,-40.61483483758648,9.312547206878662
fig3_ost003d_random,ost003d,random,dbs_hungarian,800,25,1,2424,2400,1.01,2454,,2454.0,1.2224938875305624,14.830538749694824
fig3_ost003d_hotspot,ost003d,hotspot,dbs_hungarian,200,3,1,19138,13176,1.452489374620522,19138,,19138.0,0.0,13.097741842269897
fig3_ost003d_hotspot,ost003d,hotspot,dbs_hungarian,200,8,1,34353,23039,1.491080342028734,35738,,35738.0,3.8754267166601375,11.893396139144897
fig3_ost003d_random,ost003d,random,dbs_hungarian,800,3,1,2416,2400,1.0066666666666666,2423,,2423.0,0.28889806025588116,20.420121669769287
fig3_ost003d_random,ost003d,random,dbs_hungarian,800,11,1,2420,2400,1.0083333333333333,2420,,2420.0,0.0,18.771421670913696
fig3_ost003d_hotspot,ost003d,hotspot,lacam_focal_h,200,18,1,47227,32910,1.4350349437860832,,34288,34288.0,-37.73623425104993,9.282507181167603
fig3_ost003d_hotspot,ost003d,hotspot,lacam_focal_h,200,17,1,22943,14337,1.6002650484759713,,15591,15591.0,-47.15541017253544,9.429280996322632
fig3_ost003d_random,ost003d,random,dbs_hungarian,800,24,1,2424,2400,1.01,2431,,2431.0,0.2879473467708762,15.43312120437622
fig3_ost003d_random,ost003d,random,dbs_hungarian,800,12,1,2412,2400,1.005,2427,,2427.0,0.6180469715698393,18.65648078918457
fig3_ost003d_hotspot,ost003d,hotspot,lacam_focal_h,200,14,1,29247,20747,1.4096977876319468,,21820,21820.0,-34.03758020164986,9.206316232681274
fig3_ost003d_hotspot,ost003d,hotspot,dbs_hungarian,200,4,1,21978,14585,1.5068906410695921,22424,,22424.0,1.988940420977524,12.878379106521606
fig3_ost003d_hotspot,ost003d,hotspot,lacam_focal_h,200,20,1,41580,24606,1.68983174835406,,26754,26754.0,-55.4160125588697,9.218258380889893
fig3_ost003d_hotspot,ost003d,hotspot,lacam_focal_h,200,19,1,27404,19984,1.3712970376301041,,20890,20890.0,-31.182383915749163,9.400190591812134
fig3_ost003d_hotspot,ost003d,hotspot,lacam_focal_h,200,22,1,29502,20576,1.4338063763608087,,21365,21365.0,-38.085654107184645,9.188110828399658
fig3_ost003d_random,ost003d,random,lacam_focal_h,800,25,1,2428,2400,1.0116666666666667,,2438,2438.0,0.41017227235438886,9.455407857894897
fig3_ost003d_hotspot,ost003d,hotspot,lacam_focal_h,200,21,1,47827,27673,1.7282911140823185,,30767,30767.0,-55.44902005395391,9.291556119918823
fig3_ost003d_random,ost003d,random,dbs_hungarian,800,16,1,2444,2400,1.0183333333333333,2457,,2457.0,0.5291005291005291,18.297502040863037
fig3_ost003d_hotspot,ost003d,hotspot,dbs_hungarian,200,11,1,49909,33462,1.49151276074353,55537,,55537.0,10.133784684084484,11.648564100265503
fig3_ost003d_random,ost003d,random,dbs_hungarian,800,26,1,2424,2400,1.01,2433,,2433.0,0.36991368680641185,16.130233764648438
fig3_ost003d_hotspot,ost003d,hotspot,dbs_hungarian,200,6,1,53172,38315,1.3877593631736918,55839,,55839.0,4.776231666039864,13.488406419754028
fig3_ost003d_hotspot,ost003d,hotspot,lacam_focal_h,200,23,1,53543,33829,1.5827544414555559,,35659,35659.0,-50.152836591042934,9.280698299407959
fig3_ost003d_hotspot,ost003d,hotspot,dbs_hungarian,200,10,1,37673,24727,1.5235572451166741,38968,,38968.0,3.3232395811948265,12.671701431274414
fig3_ost003d_random,ost003d,random,dbs_hungarian,800,23,1,2416,2400,1.0066666666666666,2479,,2479.0,2.5413473174667205,16.603534936904907
fig3_ost003d_hotspot,ost003d,hotspot,lacam_focal_h,200,24,1,24933,16973,1.4689801449360749,,18243,18243.0,-36.671600065778655,9.244802951812744
fig3_ost003d_hotspot,ost003d,hotspot,lacam_focal_h,200,25,1,17133,13170,1.3009111617312072,,13962,13962.0,-22.71164589600344,9.247384786605835
fig3_ost003d_hotspot,ost003d,hotspot,dbs_hungarian,200,18,1,44691,32910,1.3579762989972652,47462,,47462.0,5.83835489444187,10.93881893157959
fig3_ost003d_hotspot,ost003d,hotspot,dbs_hungarian,200,12,1,47051,27032,1.7405667357206274,49876,,49876.0,5.664046836153661,12.095568656921387
fig3_ost003d_hotspot,ost003d,hotspot,lacam_focal_h,200,26,1,52690,35067,1.5025522571078223,,37358,37358.0,-41.040740939022434,9.205825805664062
fig3_ost003d_hotspot,ost003d,hotspot,dbs_hungarian,200,14,1,28947,20747,1.395237865715525,29853,,29853.0,3.0348708672495226,11.8897545337677
fig3_ost003d_hotspot,ost003d,hotspot,dbs_hungarian,200,7,1,38718,26998,1.4341062300911178,42398,,42398.0,8.67965470069343,13.763028621673584
fig3_ost003d_hotspot,ost003d,hotspot,dbs_hungarian,200,19,1,26190,19984,1.310548438751001,27436,,27436.0,4.541478349613646,11.180803537368774
fig3_ost003d_hotspot,ost003d,hotspot,dbs_hungarian,200,13,1,34300,22944,1.4949442119944212,37421,,37421.0,8.340236765452554,12.029289484024048
fig3_ost003d_hotspot,ost003d,hotspot,dbs_hungarian,200,16,1,29391,20546,1.4304974204224667,30318,,30318.0,3.0575895507619237,11.92525339126587
fig3_ost003d_hotspot,ost003d,hotspot,dbs_hungarian,200,22,1,29198,20576,1.4190318818040435,30362,,30362.0,3.8337395428496146,10.910227298736572
fig3_ost003d_hotspot,ost003d,hotspot,lacam_focal_h,200,28,1,39132,25802,1.5166266180916208,,28757,28757.0,-36.07817227109921,9.256218910217285
fig3_ost003d_hotspot,ost003d,hotspot,lacam_focal_h,200,27,1,39497,22912,1.7238564944134078,,24647,24647.0,-60.25074045522782,9.212520599365234
fig3_ost003d_hotspot,ost003d,hotspot,dbs_hungarian,200,15,1,27366,19544,1.4002251330331559,29174,,29174.0,6.1972989648317,12.29902958869934
fig3_ost003d_random,ost003d,random,dbs_hungarian,600,30,1,1810,1800,1.0055555555555555,1826,,1826.0,0.8762322015334063,23.420411825180054
fig3_ost003d_hotspot,ost003d,hotspot,lacam_focal_h,200,29,1,34014,23360,1.4560787671232878,,24327,24327.0,-39.8199531384881,9.431525230407715
fig3_ost003d_hotspot,ost003d,hotspot,dbs_hungarian,400,29,0,,46860,nan,,,nan,nan,2.516805648803711
fig3_ost003d_hotspot,ost003d,hotspot,lacam_focal_h,200,30,1,46652,32193,1.449134905103594,,33407,33407.0,-39.6473792917652,9.227494955062866
fig3_ost003d_hotspot,ost003d,hotspot,dbs_hungarian,200,26,1,49076,35067,1.399492400262355,51739,,51739.0,5.146987765515375,10.82612943649292
fig3_ost003d_random,ost003d,random,dbs_hungarian,800,28,1,2431,2400,1.0129166666666667,2439,,2439.0,0.3280032800328003,17.43802833557129
fig3_ost003d_hotspot,ost003d,hotspot,dbs_hungarian,200,24,1,24601,16973,1.4494196665291934,26024,,26024.0,5.468029511220412,11.300468444824219
fig3_ost003d_random,ost003d,random,dbs_hungarian,800,1,1,2422,2400,1.0091666666666668,2445,,2445.0,0.9406952965235174,24.060279846191406
fig3_ost003d_hotspot,ost003d,hotspot,lacam_focal_h,400,1,1,97544,45452,2.1460881809381327,,57819,57819.0,-68.70578875456165,9.26403284072876
fig3_ost003d_random,ost003d,random,dbs_hungarian,800,27,1,2431,2400,1.0129166666666667,2449,,2449.0,0.7349938750510412,18.23314642906189
fig3_ost003d_hotspot,ost003d,hotspot,dbs_hungarian,200,21,1,46928,27673,1.6958045748563582,48484,,48484.0,3.20930616285785,12.562167406082153
fig3_ost003d_hotspot,ost003d,hotspot,dbs_hungarian,200,17,1,22783,14337,1.5891051126456024,24161,,24161.0,5.703406315963743,13.382855415344238
fig3_ost003d_hotspot,ost003d,hotspot,dbs_hungarian,200,20,1,37185,24606,1.511216776396001,40535,,40535.0,8.264462809917354,13.043137550354004
fig3_ost003d_random,ost003d,random,dbs_hungarian,800,2,1,2421,2400,1.00875,2443,,2443.0,0.9005321326238231,24.47109580039978
fig3_ost003d_hotspot,ost003d,hotspot,dbs_hungarian,400,27,0,,46546,nan,,,nan,nan,4.21626353263855
fig3_ost003d_hotspot,ost003d,hotspot,dbs_hungarian,400,23,0,,64451,nan,,,nan,nan,5.078267574310303
fig3_ost003d_hotspot,ost003d,hotspot,dbs_hungarian,200,27,1,36934,22912,1.6119937150837989,38814,,38814.0,4.8436131292832485,12.092991352081299
fig3_ost003d_hotspot,ost003d,hotspot,lacam_focal_h,400,3,1,40869,24905,1.6409957839791207,,29482,29482.0,-38.62356692218981,9.270314693450928
fig3_ost003d_hotspot,ost003d,hotspot,lacam_focal_h,400,4,1,53480,30126,1.7752107813848503,,36985,36985.0,-44.599161822360415,9.398943662643433
fig3_ost003d_hotspot,ost003d,hotspot,dbs_hungarian,600,5,0,,97708,nan,,,nan,nan,3.540180206298828
fig3_ost003d_hotspot,ost003d,hotspot,lacam_focal_h,400,2,1,130996,69493,1.8850243909458506,,81388,81388.0,-60.95247456627513,9.316323041915894
fig3_ost003d_hotspot,ost003d,hotspot,dbs_hungarian,200,25,1,18577,13170,1.4105542900531511,18577,,18577.0,0.0,12.490360021591187
fig3_ost003d_hotspot,ost003d,hotspot,dbs_hungarian,200,29,1,31238,23360,1.3372431506849316,33654,,33654.0,7.178938610566352,11.700840473175049
fig3_ost003d_hotspot,ost003d,hotspot,dbs_hungarian,600,4,0,,43126,nan,,,nan,nan,3.902820110321045
fig3_ost003d_hotspot,ost003d,hotspot,dbs_hungarian,200,28,1,37615,25802,1.4578327261452602,42026,,42026.0,10.495883500690049,12.16330599784851
fig3_ost003d_hotspot,ost003d,hotspot,dbs_hungarian,600,2,0,,104698,nan,,,nan,nan,4.931190013885498
fig3_ost003d_hotspot,ost003d,hotspot,lacam_focal_h,400,5,1,129480,64379,2.0112148371363334,,88155,88155.0,-46.87765866938914,9.24833369255066
fig3_ost003d_hotspot,ost003d,hotspot,dbs_hungarian,200,30,1,43793,32193,1.3603267791134719,47259,,47259.0,7.33405277301678,12.589081048965454
fig3_ost003d_hotspot,ost003d,hotspot,dbs_hungarian,600,1,0,,66642,nan,,,nan,nan,5.277503967285156
fig3_ost003d_hotspot,ost003d,hotspot,lacam_focal_h,400,8,1,85819,44249,1.9394562588985063,,57210,57210.0,-50.00699178465303,9.237996101379395
fig3_ost003d_hotspot,ost003d,hotspot,dbs_hungarian,400,1,1,94431,45452,2.0775983455073486,98003,,98003.0,3.644786384090283,12.28174114227295
fig3_ost003d_hotspot,ost003d,hotspot,dbs_hungarian,600,12,0,,84301,nan,,,nan,nan,4.016964912414551
fig3_ost003d_random,ost003d,random,dbs_hungarian,800,18,1,2433,2400,1.01375,2453,,2453.0,0.8153281695882593,22.416160583496094
fig3_ost003d_hotspot,ost003d,hotspot,dbs_hungarian,200,9,1,21110,12984,1.6258471965495995,21205,,21205.0,0.4480075453902381,17.499441862106323
fig3_ost003d_hotspot,ost003d,hotspot,lacam_focal_h,400,7,1,92351,50367,1.8335616574344313,,63737,63737.0,-44.89386070885043,9.404159545898438
fig3_ost003d_hotspot,ost003d,hotspot,lacam_focal_h,400,9,1,47266,23688,1.995356298547788,,29010,29010.0,-62.93002412961048,9.305631637573242
fig3_ost003d_hotspot,ost003d,hotspot,dbs_hungarian,600,7,0,,78609,nan,,,nan,nan,5.178051948547363
fig3_ost003d_hotspot,ost003d,hotspot,lacam_focal_h,400,10,1,93163,51284,1.8166094688401841,,61617,61617.0,-51.196909943684375,9.320221185684204
fig3_ost003d_hotspot,ost003d,hotspot,lacam_focal_h,400,12,1,121264,55837,2.1717499149309596,,74502,74502.0,-62.76610023891976,9.269224643707275
fig3_ost003d_random,ost003d,random,dbs_hungarian,800,15,1,2411,2400,1.0045833333333334,2448,,2448.0,1.511437908496732,24.423932552337646
fig3_ost003d_hotspot,ost003d,hotspot,lacam_focal_h,400,11,1,117224,66702,1.7574285628616833,,76306,76306.0,-53.62356826461877,9.377815008163452
fig3_ost003d_hotspot,ost003d,hotspot,dbs_hungarian,600,6,0,,110854,nan,,,nan,nan,5.801581859588623
fig3_ost003d_hotspot,ost003d,hotspot,dbs_hungarian,600,11,0,,101916,nan,,,nan,nan,5.038070917129517
fig3_ost003d_random,ost003d,random,dbs_hungarian,800,29,1,2414,2400,1.0058333333333334,2434,,2434.0,0.8216926869350862,21.15946078300476
fig3_ost003d_hotspot,ost003d,hotspot,lacam_focal_h,400,6,1,138072,75464,1.8296406233435811,,86213,86213.0,-60.15218122556923,9.271153926849365
fig3_ost003d_hotspot,ost003d,hotspot,lacam_focal_h,400,13,1,95529,46680,2.04646529562982,,61146,61146.0,-56.23098812677853,9.776095151901245
fig3_ost003d_hotspot,ost003d,hotspot,lacam_focal_h,400,15,1,63232,37984,1.6647009267059816,,43518,43518.0,-45.300795073303,9.36720061302185
fig3_ost003d_hotspot,ost003d,hotspot,lacam_focal_h,400,14,1,65676,40541,1.619989640117412,,46015,46015.0,-42.72737150929045,9.428834199905396
fig3_ost003d_hotspot,ost003d,hotspot,dbs_hungarian,400,4,1,52755,30126,1.7511451902011552,55159,,55159.0,4.35830961402491,13.481640338897705
fig3_ost003d_hotspot,ost003d,hotspot,dbs_hungarian,400,3,1,44135,24905,1.7721341096165428,44135,,44135.0,0.0,13.73827600479126
fig3_ost003d_hotspot,ost003d,hotspot,dbs_hungarian,600,10,0,,79815,nan,,,nan,nan,6.430038213729858
fig3_ost003d_hotspot,ost003d,hotspot,lacam_focal_h,400,20,1,92376,47665,1.9380258050980803,,59512,59512.0,-55.22247613926603,9.236211776733398
fig3_ost003d_hotspot,ost003d,hotspot,lacam_focal_h,400,19,1,60039,38217,1.5710024334720152,,43499,43499.0,-38.023862617531435,9.233032941818237
fig3_ost003d_hotspot,ost003d,hotspot,lacam_focal_h,400,16,1,71560,42681,1.6766242590379794,,48382,48382.0,-47.90624612459179,9.38010549545288
fig3_ost003d_hotspot,ost003d,hotspot,dbs_hungarian,200,23,1,48123,33829,1.4225368766442992,52085,,52085.0,7.60679658250936,16.77477765083313
fig3_ost003d_random,ost003d,random,dbs_hungarian,800,21,1,2413,2400,1.0054166666666666,2432,,2432.0,0.78125,24.19468355178833
fig3_ost003d_hotspot,ost003d,hotspot,lacam_focal_h,400,17,1,61020,29336,2.080038178347423,,38688,38688.0,-57.72332506203474,9.84516167640686
fig3_ost003d_hotspot,ost003d,hotspot,lacam_focal_h,400,18,1,112499,66513,1.6913836392885602,,74065,74065.0,-51.89225680145818,9.827303886413574
fig3_ost003d_random,ost003d,random,dbs_hungarian,800,30,1,2424,2400,1.01,2433,,2433.0,0.36991368680641185,22.65857481956482
fig3_ost003d_hotspot,ost003d,hotspot,dbs_hungarian,600,25,0,,39293,nan,,,nan,nan,4.2150304317474365
fig3_ost003d_hotspot,ost003d,hotspot,dbs_hungarian,600,22,0,,65638,nan,,,nan,nan,4.746050596237183
fig3_ost003d_hotspot,ost003d,hotspot,lacam_focal_h,400,21,1,121553,53681,2.26435796650584,,70198,70198.0,-73.15735491039631,9.246622800827026
fig3_ost003d_hotspot,ost003d,hotspot,lacam_focal_h,400,24,1,63311,34535,1.8332416389170407,,42687,42687.0,-48.31447513294446,9.31503176689148
fig3_ost003d_hotspot,ost003d,hotspot,dbs_hungarian,600,30,0,,92146,nan,,,nan,nan,3.41530179977417
fig3_ost003d_hotspot,ost003d,hotspot,lacam_focal_h,400,22,1,68636,43698,1.5706897340839399,,48189,48189.0,-42.430845213637966,9.397855043411255
fig3_ost003d_hotspot,ost003d,hotspot,dbs_hungarian,400,2,1,130281,69493,1.8747355848790526,137146,,137146.0,5.0056144546687475,15.199717998504639
fig3_ost003d_hotspot,ost003d,hotspot,dbs_hungarian,600,26,0,,95850,nan,,,nan,nan,4.719608545303345
fig3_ost003d_hotspot,ost003d,hotspot,lacam_focal_h,400,25,1,46692,25915,1.8017364460737024,,30126,30126.0,-54.98904600677156,9.28816556930542
fig3_ost003d_hotspot,ost003d,hotspot,dbs_hungarian,400,8,1,81905,44249,1.8510022825374586,84270,,84270.0,2.8064554408449034,13.534185647964478
fig3_ost003d_hotspot,ost003d,hotspot,lacam_focal_h,400,27,1,92772,46546,1.9931250805654621,,57424,57424.0,-61.55614377263862,9.197051763534546
fig3_ost003d_hotspot,ost003d,hotspot,lacam_focal_h,400,28,1,97699,51441,1.8992437938609281,,66404,66404.0,-47.128185049093425,9.178066730499268
fig3_ost003d_hotspot,ost003d,hotspot,lacam_focal_h,400,26,1,119610,64965,1.841145232048026,,77316,77316.0,-54.702778208908896,9.334324598312378
fig3_ost003d_hotspot,ost003d,hotspot,dbs_hungarian,400,17,1,63125,29336,2.151793018816471,64452,,64452.0,2.058896543163905,11.706892251968384
fig3_ost003d_hotspot,ost003d,hotspot,dbs_hungarian,600,24,0,,52884,nan,,,nan,nan,5.624762535095215
fig3_ost003d_hotspot,ost003d,hotspot,lacam_focal_h,400,29,1,83855,46860,1.7894793000426803,,54651,54651.0,-53.4372655578123,9.272949695587158
fig3_ost003d_hotspot,ost003d,hotspot,lacam_focal_h,600,1,1,185081,66642,2.777242579754509,,101451,101451.0,-82.43388433825196,9.330859899520874
fig3_ost003d_hotspot,ost003d,hotspot,dbs_hungarian,600,28,0,,77382,nan,,,nan,nan,5.302884101867676
fig3_ost003d_hotspot,ost003d,hotspot,dbs_hungarian,400,14,1,68443,40541,1.688241533262623,69550,,69550.0,1.5916606757728253,13.002093076705933
fig3_ost003d_hotspot,ost003d,hotspot,dbs_hungarian,800,1,0,,82767,nan,,,nan,nan,4.70951247215271
fig3_ost003d_hotspot,ost003d,hotspot,lacam_focal_h,600,3,1,78078,38510,2.027473383536744,,50353,50353.0,-55.06126745179036,9.345232725143433
fig3_ost003d_hotspot,ost003d,hotspot,dbs_hungarian,400,13,1,86560,46680,1.8543273350471294,90119,,90119.0,3.949222694437355,13.809566497802734
fig3_ost003d_hotspot,ost003d,hotspot,dbs_hungarian,600,8,0,,66584,nan,,,nan,nan,9.306143283843994
fig3_ost003d_hotspot,ost003d,hotspot,lacam_focal_h,600,2,1,239826,104698,2.2906454755582724,,134990,134990.0,-77.66204904066969,9.467981100082397
fig3_ost003d_hotspot,ost003d,hotspot,lacam_focal_h,400,23,1,115721,64451,1.7954880451816109,,74276,74276.0,-55.798642899456084,9.277491092681885
fig3_ost003d_hotspot,ost003d,hotspot,dbs_hungarian,400,24,1,63491,34535,1.8384537425799914,65313,,65313.0,2.789643715646196,11.662731170654297
fig3_ost003d_hotspot,ost003d,hotspot,dbs_hungarian,400,11,1,116869,66702,1.7521063836166832,120421,,120421.0,2.949651638833758,14.089991569519043
fig3_ost003d_hotspot,ost003d,hotspot,lacam_focal_h,600,4,1,92440,43126,2.1434865278486295,,62332,62332.0,-48.30263748957197,9.30699872970581
fig3_ost003d_hotspot,ost003d,hotspot,lacam_focal_h,600,5,1,245043,97708,2.507911327629263,,154277,154277.0,-58.83313779759783,9.3941068649292
fig3_ost003d_hotspot,ost003d,hotspot,lacam_focal_h,600,8,1,167126,66584,2.510002402979695,,99648,99648.0,-67.71636159280668,9.369494199752808
fig3_ost003d_hotspot,ost003d,hotspot,lacam_focal_h,600,7,1,200765,78609,2.55396964724141,,115568,115568.0,-73.72023397480271,9.3887357711792
fig3_ost003d_hotspot,ost003d,hotspot,dbs_hungarian,800,6,0,,143997,nan,,,nan,nan,4.488122224807739
fig3_ost003d_hotspot,ost003d,hotspot,dbs_hungarian,400,19,1,62115,38217,1.625323808776199,63119,,63119.0,1.5906462396425798,13.175888776779175
fig3_ost003d_hotspot,ost003d,hotspot,dbs_hungarian,400,10,1,92565,51284,1.8049489119413462,95376,,95376.0,2.9472823351786612,15.14999794960022
fig3_ost003d_hotspot,ost003d,hotspot,dbs_hungarian,400,18,1,114383,66513,1.7197089290815328,119623,,119623.0,4.380428512911396,13.208923816680908
fig3_ost003d_hotspot,ost003d,hotspot,lacam_focal_h,600,10,1,184746,79815,2.3146776921631274,,111752,111752.0,-65.31784666046245,9.351790189743042
fig3_ost003d_hotspot,ost003d,hotspot,dbs_hungarian,800,2,0,,113132,nan,,,nan,nan,5.594318866729736
fig3_ost003d_hotspot,ost003d,hotspot,dbs_hungarian,400,26,1,114448,64965,1.7616870622642962,117095,,117095.0,2.260557666851702,12.214383840560913
fig3_ost003d_hotspot,ost003d,hotspot,dbs_hungarian,400,15,1,65088,37984,1.7135636057287278,67073,,67073.0,2.9594620786307457,14.321798086166382
fig3_ost003d_hotspot,ost003d,hotspot,lacam_focal_h,600,11,1,235977,101916,2.3154068056046158,,132954,132954.0,-77.48770251365134,9.360273838043213
fig3_ost003d_hotspot,ost003d,hotspot,dbs_hungarian,400,7,1,90079,50367,1.7884527567653423,91868,,91868.0,1.9473592545826621,16.042320013046265
fig3_ost003d_hotspot,ost003d,hotspot,dbs_hungarian,800,4,0,,59177,nan,,,nan,nan,5.36112117767334
fig3_ost003d_hotspot,ost003d,hotspot,dbs_hungarian,400,22,1,67233,43698,1.5385830015103665,69825,,69825.0,3.712137486573577,12.906016826629639
fig3_ost003d_hotspot,ost003d,hotspot,lacam_focal_h,600,9,1,96447,37446,2.575628905624099,,59169,59169.0,-63.002585813517214,9.39877700805664
fig3_ost003d_hotspot,ost003d,hotspot,dbs_hungarian,400,20,1,92064,47665,1.9314801216825763,97980,,97980.0,6.0379669320269445,13.623433828353882
fig3_ost003d_hotspot,ost003d,hotspot,lacam_focal_h,600,13,1,124502,69156,1.800306553299786,,89126,89126.0,-39.69212126652155,9.284858465194702
fig3_ost003d_hotspot,ost003d,hotspot,lacam_focal_h,600,14,1,114475,60087,1.9051541930866909,,75267,75267.0,-52.09188621839584,9.302504539489746
fig3_ost003d_hotspot,ost003d,hotspot,lacam_focal_h,400,30,1,104484,60495,1.7271510042152245,,67686,67686.0,-54.36574771740094,9.27372431755066
fig3_ost003d_hotspot,ost003d,hotspot,dbs_hungarian,800,10,0,,106462,nan,,,nan,nan,4.213448762893677
fig3_ost003d_hotspot,ost003d,hotspot,dbs_hungarian,800,17,0,,61200,nan,,,nan,nan,3.2213406562805176
fig3_ost003d_hotspot,ost003d,hotspot,lacam_focal_h,600,6,1,251838,110854,2.2717989427535317,,143289,143289.0,-75.75529175303059,9.307390928268433
fig3_ost003d_hotspot,ost003d,hotspot,dbs_hungarian,400,6,1,130468,75464,1.7288773454892399,133375,,133375.0,2.179568884723524,16.81140446662903
fig3_ost003d_hotspot,ost003d,hotspot,dbs_hungarian,400,21,1,115998,53681,2.1608762876995584,118236,,118236.0,1.8928245204506242,13.408358812332153
fig3_ost003d_hotspot,ost003d,hotspot,dbs_hungarian,400,12,1,116492,55837,2.0862868707129683,122491,,122491.0,4.89750267366582,15.624418020248413
fig3_ost003d_hotspot,ost003d,hotspot,lacam_focal_h,600,15,1,112019,55797,2.0076168969657866,,72452,72452.0,-54.61132887981008,9.24522876739502
fig3_ost003d_hotspot,ost003d,hotspot,lacam_focal_h,600,12,1,213824,84301,2.5364349177352583,,124191,124191.0,-72.17350693689559,9.40310025215149
fig3_ost003d_hotspot,ost003d,hotspot,lacam_focal_h,600,16,1,131378,64798,2.0275008487916293,,83845,83845.0,-56.69151410340509,9.27037000656128
fig3_ost003d_hotspot,ost003d,hotspot,dbs_hungarian,800,16,0,,86555,nan,,,nan,nan,3.841128349304199
fig3_ost003d_hotspot,ost003d,hotspot,dbs_hungarian,800,11,0,,138340,nan,,,nan,nan,4.544754266738892
fig3_ost003d_hotspot,ost003d,hotspot,dbs_hungarian,800,15,0,,76719,nan,,,nan,nan,3.9096016883850098
fig3_ost003d_hotspot,ost003d,hotspot,dbs_hungarian,800,5,0,,109074,nan,,,nan,nan,6.159584999084473
fig3_ost003d_hotspot,ost003d,hotspot,dbs_hungarian,800,8,0,,87762,nan,,,nan,nan,5.406203985214233
fig3_ost003d_hotspot,ost003d,hotspot,dbs_hungarian,800,3,0,,49733,nan,,,nan,nan,6.550969123840332
fig3_ost003d_hotspot,ost003d,hotspot,lacam_focal_h,600,17,1,117811,45691,2.578429012278129,,72458,72458.0,-62.5921223329377,9.277881860733032
fig3_ost003d_hotspot,ost003d,hotspot,dbs_hungarian,800,14,0,,77940,nan,,,nan,nan,4.265752077102661
fig3_ost003d_hotspot,ost003d,hotspot,lacam_focal_h,600,18,1,223313,100392,2.224410311578612,,132280,132280.0,-68.81841548231026,9.413393020629883
fig3_ost003d_hotspot,ost003d,hotspot,dbs_hungarian,400,25,1,52413,25915,2.0224966235770787,52913,,52913.0,0.9449473664316898,13.992711782455444
fig3_ost003d_hotspot,ost003d,hotspot,dbs_hungarian,800,20,0,,95725,nan,,,nan,nan,3.6928651332855225
fig3_ost003d_hotspot,ost003d,hotspot,dbs_hungarian,800,22,0,,86305,nan,,,nan,nan,3.497997760772705
fig3_ost003d_hotspot,ost003d,hotspot,dbs_hungarian,400,30,1,102162,60495,1.688767666749318,106519,,106519.0,4.090350078389771,13.189095735549927
fig3_ost003d_hotspot,ost003d,hotspot,lacam_focal_h,600,19,1,103951,56907,1.8266821304936123,,73121,73121.0,-42.162990112279644,9.28022575378418
fig3_ost003d_hotspot,ost003d,hotspot,lacam_focal_h,600,20,1,170273,69927,2.4350107969739874,,104245,104245.0,-63.339248884838604,9.355499029159546
fig3_ost003d_hotspot,ost003d,hotspot,dbs_hungarian,800,19,0,,75550,nan,,,nan,nan,4.243917465209961
fig3_ost003d_hotspot,ost003d,hotspot,dbs_hungarian,400,9,1,50902,23688,2.148851739277271,54714,,54714.0,6.967138209599006,17.562143087387085
fig3_ost003d_hotspot,ost003d,hotspot,dbs_hungarian,400,16,1,70355,42681,1.648391555961669,71924,,71924.0,2.1814693287358877,15.558125257492065
fig3_ost003d_hotspot,ost003d,hotspot,dbs_hungarian,800,30,0,,120165,nan,,,nan,nan,2.3006937503814697
fig3_ost003d_hotspot,ost003d,hotspot,dbs_hungarian,400,5,1,116173,64379,1.804517000885382,120944,,120944.0,3.9448008995898927,18.433571577072144
fig3_ost003d_hotspot,ost003d,hotspot,lacam_focal_h,600,21,1,171106,72395,2.363505766972857,,110976,110976.0,-54.182886389850054,9.260783672332764
fig3_ost003d_hotspot,ost003d,hotspot,dbs_hungarian,800,26,0,,128224,nan,,,nan,nan,3.1882686614990234
fig3_ost003d_hotspot,ost003d,hotspot,dbs_hungarian,800,18,0,,130634,nan,,,nan,nan,4.795518636703491
fig3_ost003d_hotspot,ost003d,hotspot,lacam_focal_h,600,22,1,123865,65638,1.8870928425607119,,82240,82240.0,-50.61405642023346,9.227633237838745
fig3_ost003d_hotspot,ost003d,hotspot,dbs_hungarian,600,9,1,111732,37446,2.9838166960423007,115210,,115210.0,3.0188351705581113,12.592828750610352
fig3_ost003d_hotspot,ost003d,hotspot,lacam_focal_h,600,25,1,92000,39293,2.3413839615198637,,52806,52806.0,-74.2226262167178,9.241075277328491
fig3_ost003d_hotspot,ost003d,hotspot,lacam_focal_h,600,23,1,204140,94063,2.1702476000127575,,123742,123742.0,-64.97228103634983,9.272177934646606
fig3_ost003d_hotspot,ost003d,hotspot,dbs_hungarian,800,23,0,,131250,nan,,,nan,nan,4.167402029037476
fig3_ost003d_hotspot,ost003d,hotspot,lacam_focal_h,600,24,1,114425,52884,2.1636979048483473,,75579,75579.0,-51.39787507111764,9.237903833389282
fig3_ost003d_hotspot,ost003d,hotspot,lacam_focal_h,600,27,1,133911,65435,2.0464735997554824,,87372,87372.0,-53.265348166460655,9.251791954040527
fig3_ost003d_hotspot,ost003d,hotspot,dbs_hungarian,800,21,0,,96676,nan,,,nan,nan,5.009017467498779
fig3_ost003d_hotspot,ost003d,hotspot,dbs_hungarian,800,25,0,,51199,nan,,,nan,nan,4.1803388595581055
fig3_ost003d_hotspot,ost003d,hotspot,dbs_hungarian,400,28,1,91999,51441,1.7884372387784064,95945,,95945.0,4.112772942831831,14.787651538848877
fig3_ost003d_hotspot,ost003d,hotspot,dbs_hungarian,800,24,0,,68054,nan,,,nan,nan,4.545580148696899
fig3_ost003d_hotspot,ost003d,hotspot,dbs_hungarian,600,13,1,128020,69156,1.8511770489906878,130001,,130001.0,1.5238344320428305,13.401976346969604
fig3_ost003d_hotspot,ost003d,hotspot,lacam_focal_h,600,28,1,199105,77382,2.573014396112791,,118553,118553.0,-67.94598196587181,9.269222021102905
fig3_ost003d_hotspot,ost003d,hotspot,lacam_focal_h,600,30,1,195016,92146,2.1163805265556834,,121808,121808.0,-60.10114278208328,9.266068458557129
fig3_ost003d_hotspot,ost003d,hotspot,lacam_focal_h,600,29,1,117307,65925,1.7794008342813803,,78938,78938.0,-48.606501304821506,9.248162984848022
fig3_ost003d_hotspot,ost003d,hotspot,dbs_hungarian,600,17,1,126041,45691,2.7585520124313323,128822,,128822.0,2.1587927527906725,13.220985889434814
fig3_ost003d_hotspot,ost003d,hotspot,lacam_focal_h,600,26,1,236792,95850,2.4704434011476266,,138083,138083.0,-71.48526610806545,9.246944665908813
fig3_ost003d_hotspot,ost003d,hotspot,lacam_focal_h,800,1,1,228042,82767,2.7552285331110227,,142797,142797.0,-59.696632282190805,9.348379135131836
fig3_ost003d_hotspot,ost003d,hotspot,dbs_hungarian,600,16,1,130460,64798,2.013333744868669,135304,,135304.0,3.580086324129368,13.963634252548218
fig3_ost003d_hotspot,ost003d,hotspot,lacam_focal_h,800,2,1,191746,113132,1.6948873881837145,,136312,136312.0,-40.66699923704443,9.36155891418457
fig3_ost003d_hotspot,ost003d,hotspot,lacam_focal_h,800,3,1,131116,49733,2.636398367281282,,76910,76910.0,-70.47978156286568,9.345041751861572
fig3_ost003d_hotspot,ost003d,hotspot,lacam_focal_h,800,5,1,200437,109074,1.8376239983864167,,146695,146695.0,-36.63519547360169,9.38655686378479
fig3_ost003d_hotspot,ost003d,hotspot,dbs_hungarian,600,14,1,119070,60087,1.9816266413700134,127370,,127370.0,6.516448143204836,14.75975513458252
fig3_ost003d_hotspot,ost003d,hotspot,lacam_focal_h,800,4,1,147739,59177,2.49656116396573,,95145,95145.0,-55.27773398497031,9.339666366577148
fig3_ost003d_hotspot,ost003d,hotspot,dbs_hungarian,600,3,1,93298,38510,2.422695403791223,99153,,99153.0,5.90501548112513,16.8788640499115
fig3_ost003d_hotspot,ost003d,hotspot,dbs_hungarian,600,15,1,120150,55797,2.153341577504167,123997,,123997.0,3.102494415187464,15.210427045822144
fig3_ost003d_hotspot,ost003d,hotspot,lacam_focal_h,800,7,1,191534,94471,2.027436991245991,,125879,125879.0,-52.157230356135656,9.410046100616455
fig3_ost003d_hotspot,ost003d,hotspot,lacam_focal_h,800,6,1,379615,143997,2.6362702000736125,,209420,209420.0,-81.26969725909655,9.402511358261108
fig3_ost003d_hotspot,ost003d,hotspot,dbs_hungarian,600,18,1,221122,100392,2.2025858634154116,226715,,226715.0,2.4669739540833207,14.609941244125366
fig3_ost003d_hotspot,ost003d,hotspot,dbs_hungarian,600,20,1,170673,69927,2.4407310480930113,174985,,174985.0,2.464211218104409,14.481183767318726
fig3_ost003d_hotspot,ost003d,hotspot,lacam_focal_h,800,8,1,270982,87762,3.087691711674757,,153178,153178.0,-76.90660538719659,9.30290150642395
fig3_ost003d_hotspot,ost003d,hotspot,lacam_focal_h,800,9,1,155039,49539,3.129635236884071,,90870,90870.0,-70.6162649939474,9.306851625442505
fig3_ost003d_hotspot,ost003d,hotspot,lacam_focal_h,800,11,1,370661,138340,2.679347983229724,,198863,198863.0,-86.39012787698063,9.301623106002808
fig3_ost003d_hotspot,ost003d,hotspot,lacam_focal_h,800,10,1,322098,106462,3.025473878003419,,175027,175027.0,-84.02760716917962,9.357123374938965
fig3_ost003d_hotspot,ost003d,hotspot,dbs_hungarian,600,27,1,131142,65435,2.004156796821273,131142,,131142.0,0.0,13.942776679992676
fig3_ost003d_hotspot,ost003d,hotspot,dbs_hungarian,600,19,1,100106,56907,1.7591157502591948,103375,,103375.0,3.162273276904474,15.395455360412598
fig3_ost003d_hotspot,ost003d,hotspot,lacam_focal_h,800,12,1,229864,97845,2.3492666973274057,,153217,153217.0,-50.02512775997442,9.324679374694824
fig3_ost003d_hotspot,ost003d,hotspot,dbs_hungarian,600,23,1,203487,94063,2.1633054442235524,209055,,209055.0,2.663413934132166,14.320605754852295
fig3_ost003d_hotspot,ost003d,hotspot,lacam_focal_h,800,14,1,195929,77940,2.51384398255068,,112874,112874.0,-73.58204723851374,9.277392148971558
fig3_ost003d_hotspot,ost003d,hotspot,lacam_focal_h,800,13,1,217244,91092,2.384885610152373,,134041,134041.0,-62.07279862131736,9.296300649642944
fig3_ost003d_hotspot,ost003d,hotspot,lacam_focal_h,800,16,1,213978,86555,2.4721622090000577,,132017,132017.0,-62.08367104236576,9.25532054901123
fig3_ost003d_hotspot,ost003d,hotspot,lacam_focal_h,800,15,1,196742,76719,2.564449484482332,,113761,113761.0,-72.94327581508601,9.271274328231812
fig3_ost003d_hotspot,ost003d,hotspot,lacam_focal_h,800,17,1,207674,61200,3.3933660130718954,,122120,122120.0,-70.05732066819522,9.2803795337677
fig3_ost003d_hotspot,ost003d,hotspot,lacam_focal_h,800,18,1,341704,130634,2.6157355665446973,,192280,192280.0,-77.7116704805492,9.336561918258667
fig3_ost003d_hotspot,ost003d,hotspot,lacam_focal_h,800,19,1,152981,75550,2.0248974189278623,,102737,102737.0,-48.90545762480898,9.31407380104065
fig3_ost003d_hotspot,ost003d,hotspot,lacam_focal_h,800,20,1,283157,95725,2.9580255941499085,,164995,164995.0,-71.61550350010606,9.320732116699219
fig3_ost003d_hotspot,ost003d,hotspot,lacam_focal_h,800,21,1,238522,96676,2.46723075013447,,159037,159037.0,-49.978935719360905,9.33401870727539
fig3_ost003d_hotspot,ost003d,hotspot,dbs_hungarian,600,29,1,118850,65925,1.8028062191884717,122765,,122765.0,3.189019671730542,14.833174467086792
fig3_ost003d_hotspot,ost003d,hotspot,lacam_focal_h,800,22,1,190460,86305,2.2068246335670008,,121570,121570.0,-56.66694085711936,9.289942502975464
fig3_ost003d_hotspot,ost003d,hotspot,lacam_focal_h,800,23,1,340417,131250,2.593653333333333,,192239,192239.0,-77.08009300922289,9.285210609436035
fig3_ost003d_hotspot,ost003d,hotspot,lacam_focal_h,800,24,1,185534,68054,2.726276192435419,,116771,116771.0,-58.88705243596441,9.275897979736328
fig3_ost003d_hotspot,ost003d,hotspot,dbs_hungarian,600,21,1,165246,72395,2.2825609503418742,170552,,170552.0,3.1110746282658663,16.963484525680542
fig3_ost003d_hotspot,ost003d,hotspot,lacam_focal_h,800,25,1,152798,51199,2.9843942264497354,,87182,87182.0,-75.26324241242459,9.225650072097778
fig3_ost003d_hotspot,ost003d,hotspot,lacam_focal_h,800,28,1,192878,92923,2.0756755593340723,,125116,125116.0,-54.15934013235717,9.305063486099243
fig3_ost003d_hotspot,ost003d,hotspot,dbs_hungarian,800,7,1,176278,94471,1.8659482804246805,189297,,189297.0,6.877552206321283,13.97701358795166
fig3_ost003d_hotspot,ost003d,hotspot,lacam_focal_h,800,26,1,359735,128224,2.805520027451959,,202687,202687.0,-77.48301568428168,9.33596682548523
fig3_ost003d_hotspot,ost003d,hotspot,lacam_focal_h,800,27,1,209148,86275,2.424201680672269,,131039,131039.0,-59.60744511176062,9.300626516342163
fig3_ost003d_hotspot,ost003d,hotspot,lacam_focal_h,800,29,1,189436,87989,2.1529509370489492,,125482,125482.0,-50.96667251079836,9.210651874542236
fig3_ost003d_hotspot,ost003d,hotspot,lacam_focal_h,800,30,1,321294,120165,2.6737735613531393,,185417,185417.0,-73.28184578544578,9.29519510269165
fig3_ost003d_hotspot,ost003d,hotspot,dbs_hungarian,800,12,1,222711,97845,2.2761612754867393,234579,,234579.0,5.0592764058163775,14.179831743240356
fig3_ost003d_hotspot,ost003d,hotspot,dbs_hungarian,800,9,1,177118,49539,3.57532449181453,178574,,178574.0,0.8153482589850706,14.867616176605225
fig3_ost003d_hotspot,ost003d,hotspot,dbs_hungarian,800,13,1,213650,91092,2.345430992842401,215466,,215466.0,0.8428243899269491,14.322098970413208
fig3_ost003d_hotspot,ost003d,hotspot,dbs_hungarian,800,27,1,207223,86275,2.401889307447117,207223,,207223.0,0.0,12.226877927780151
fig3_ost003d_hotspot,ost003d,hotspot,dbs_hungarian,800,29,1,192956,87989,2.1929559376740273,192956,,192956.0,0.0,12.596019744873047
fig3_ost003d_hotspot,ost003d,hotspot,dbs_hungarian,800,28,1,195394,92923,2.102751740688527,195394,,195394.0,0.0,12.987460851669312
