instance,family,method,success,executed_makespan,weighted_soc,weighted_work_scaled,loaded_moves,free_moves,lift_drop,shelf_switches,robot_utilization,first_solution_ms,first_solution_makespan,first_solution_soc,first_solution_work_scaled,best_makespan,best_soc,best_work_scaled,improvement_attempts,improvement_candidates,improvement_improvements,improvement_generator_failures,reference_checkpoint_hits,reference_action_hints,reference_suffix_attempts,reference_suffix_accepted,improvement_exit_reason,reversals,assignment_restarts,assignment_second_solved,assignment_improvements,assignment_second_solution_ms,assignment_first_soc,assignment_second_soc,assignment_first_makespan,assignment_second_makespan,upper_epoch_builds,pair_cache_hits,pair_cache_misses,pair_rollout_steps,pair_rollout_truncations,pair_rollout_stalls,tau_guide_changes_on_upper_move,joint_task_nodes,joint_task_edges,joint_shared_effects,joint_effect_conflicts,joint_candidate_backtracks,joint_paused_roots,ready_task_count,rho_repairs,custody_continuations,zero_empty_no_ready,rewire_guidance_rebuilds,tau_time_ms,guidance_time_ms,timed_transport_expansions,timed_transport_frames,timed_transport_time_ms,owner_handoffs,causal_waiting,traffic_waiting,deliverable_ms,solver_runtime_ms,plan_sha256,runtime_sec,status,raw
brap_h10w10_a12_e3_B_seed0_pool,g10x10,carrier,1,123,277.0,277000000,42,115,84,10,0.1707,287,123,277,277000000,123,277,277000000,1,0,0,6847,18,53,0,0,SEARCH_CUTOFF,10,1,0,0,-1,277,-1,123,-1,134,2745,134,130779,9,30,2,3158,2776,694,42509,24526,0,128816,36023,2620,0,10432,0,2861.1,197294,58694,669.502,7910,0,0,9026.62,9026.66,0740c042b3bc48c02b8e95dda521858aafd3dde992212179b8a678ffe44828aa,9.053,ok,
brap_h10w10_a12_e3_B_seed1_pool,g10x10,carrier,1,942,2138.0,2138000000,314,960,598,212,0.1667,6523,1174,2701,2701000000,942,2138,2138000000,1,1,1,9,2,6,0,0,STRICT_IMPROVEMENT,76,1,1,1,7090,2469,2138,1080,942,633,274,633,3333487,1521,173,583,37743,36016,22536,476132,226993,574,5965,2147,1032,0,0,0,6954.98,14512,4102,225.27,294,7,0,7150.25,7150.33,0ae05e42c8b70d2d835624e015ad973a55e0b59c7d67036386daa9acd33b1ae5,7.167,ok,
brap_h10w10_a12_e3_R1_seed0,g10x10,carrier,1,630,1457.0,1457000000,264,541,448,156,0.2095,587,1464,3211,3211000000,630,1457,1457000000,1,1,1,3,93,278,0,0,STRICT_IMPROVEMENT,59,0,0,0,-1,-1,-1,-1,-1,561,495,561,29707,0,0,0,15881,14710,7590,192849,90124,4,4333,2381,1194,0,0,0,829.076,15278,4951,111.317,262,137,0,1014.67,1014.73,1a53a277b32bfba4595085356bc43fee2f84f36ef2ec7a3265970821b7626285,1.028,ok,
brap_h10w10_a12_e3_R1_seed1,g10x10,carrier,1,829,1889.0,1889000000,327,769,544,195,0.1972,505,919,2091,2091000000,829,1889,1889000000,1,0,0,5406,22,66,0,0,SEARCH_CUTOFF,93,0,0,0,-1,-1,-1,-1,-1,562,1837,562,76868,0,0,0,28902,27466,18751,364448,157092,125,34032,24779,2456,0,6819,0,4478.62,87695,36909,2084.2,6301,1431,18,8871.59,8871.66,f9bd1eaa76be949314b8e9997cca56af0e937ecca5a815f59488cf890ec3ed75,8.896,ok,
brap_h10w10_a12_e8_B_seed0_pool,g10x10,carrier,1,622,1221.0,1221000000,169,610,324,107,0.1359,1394,1064,2197,2197000000,622,1221,1221000000,1,0,0,4524,5,15,0,0,SEARCH_CUTOFF,38,1,0,0,-1,1221,-1,622,-1,439,3102,439,586271,0,0,145,16644,14583,7596,82966,26939,30,129004,28967,1094,0,7696,0,4618.21,135262,41373,1531.24,7286,1,7,8918.35,8918.41,d414be808e4306bb72178ea2ff1b113b1782db229cfd90da5ecccb08d3341d48,8.941,ok,
brap_h10w10_a12_e8_B_seed1_pool,g10x10,carrier,1,484,1063.0,1063000000,153,508,292,89,0.1581,3509,3847,7341,7341000000,484,1063,1063000000,1,1,1,0,1,3,0,0,STRICT_IMPROVEMENT,44,1,1,1,3811,1593,1095,779,500,461,1926,461,1197059,0,0,497,10803,8487,1295,66984,30107,2,35329,6205,2493,0,0,0,3454.83,44556,13795,277.439,351,27,7,3840.84,3841.04,ed41a7ae6931aa406f0cb79851c72fecd50610e52a8c3c1317735064ea8b563c,3.855,ok,
brap_h10w10_a12_e8_R1_seed0,g10x10,carrier,1,2092,4651.0,4651000000,696,2083,1356,603,0.1663,1270,2364,5233,5233000000,2092,4651,4651000000,1,0,0,2274,146,438,0,0,SEARCH_CUTOFF,171,0,0,0,-1,-1,-1,-1,-1,1934,7423,1934,200701,0,0,0,65521,58059,29530,310566,129151,106,125553,35656,3358,0,6590,0,4805.32,251002,73489,927.89,9657,77,16,9075.56,9075.7,4010a698d22872f6dce8e952e74f8b34996f8b477a9b3df3e68d9fb78b08a1c8,9.107,ok,
brap_h10w10_a12_e8_R1_seed1,g10x10,carrier,1,1844,3927.0,3927000000,556,1871,1090,468,0.1508,1188,2659,5691,5691000000,1844,3927,3927000000,1,0,0,4782,64,192,0,0,SEARCH_CUTOFF,109,0,0,0,-1,-1,-1,-1,-1,1268,6242,1268,93000,0,0,0,46751,40775,17647,266590,109499,54,128690,34960,3837,0,9216,0,3976.05,214241,63322,854.806,7887,135,95,9030.13,9030.24,561631698435e1372d10c593b9b1df8072e73c8bf9e4989880d19318de19c8a9,9.061,ok,
brap_h10w10_a1_e1_B_seed0_pool,g10x10,carrier,1,102,214.0,214000000,29,103,58,10,0.1422,36,102,214,214000000,102,214,214000000,1,0,0,7694,39,116,0,0,SEARCH_CUTOFF,11,1,0,0,-1,214,-1,102,-1,76,1962,76,38356,0,0,1,839,764,0,390,257,0,41384,36408,404,0,10781,0,2737.09,107292,53500,1098.7,9793,2586,4,9028.61,9028.65,c52875422241dfa156a5024f13046f6f2a0b46c54234aae662c5843ea57904db,9.056,ok,
brap_h10w10_a1_e1_B_seed1_pool,g10x10,carrier,1,0,0.0,0,0,0,0,0,0.0,0,0,0,0,0,0,0,1,0,0,0,0,0,0,0,SEARCH_EXHAUSTED,0,1,0,0,-1,0,-1,0,-1,2,0,2,256,0,0,0,0,0,0,0,0,0,0,0,0,0,0,0,0.502202,0,0,0.001898,0,0,0,0.605993,0.623328,e3b0c44298fc1c149afbf4c8996fb92427ae41e4649b934ca495991b7852b855,0.009,ok,
brap_h10w10_a1_e1_R1_seed0,g10x10,carrier,1,45,90.0,90000000,11,49,21,3,0.1222,7,45,91,91000000,45,90,90000000,1,1,1,4,48,137,0,0,STRICT_IMPROVEMENT,2,0,0,0,-1,-1,-1,-1,-1,25,1,25,134,0,0,0,678,655,0,1996,1309,0,66,57,24,0,0,0,12.1006,326,161,4.65769,4,10,0,19.2378,19.2568,ed5600e6c5567758dfcada31082f5d6c7211418ed3e07de92a6da172f8841197,0.028,ok,
brap_h10w10_a1_e1_R1_seed1,g10x10,carrier,1,235,494.0,494000000,68,236,135,22,0.1447,29,235,495,495000000,235,494,494000000,1,1,1,6,237,705,0,0,STRICT_IMPROVEMENT,23,0,0,0,-1,-1,-1,-1,-1,139,1,139,4798,0,0,0,1642,1505,0,501,756,0,332,341,138,0,0,0,47.2091,1558,777,11.1891,36,26,0,83.3263,83.3663,63a0f85820ff21264f127b710adb53d8c77898e4ef2997467b71a41fd4f17164,0.094,ok,
brap_h20w20_a40_e100_B_seed0_pool,g20x20,carrier,0,,,,,,,,,,,,,,,,,,,,,,,,,,,,,,,,,,,,,,,,,,,,,,,,,,,,,,,,,,,,,,,8.667,timeout,ements=0 assignment_second_solution_ms=-1 assignment_first_soc=-1 assignment_second_soc=-1 assignment_first_makespan=-1 assignment_second_makespan=-1
brap_h20w20_a40_e100_B_seed1_pool,g20x20,carrier,0,,,,,,,,,,,,,,,,,,,,,,,,,,,,,,,,,,,,,,,,,,,,,,,,,,,,,,,,,,,,,,,8.546,timeout,ements=0 assignment_second_solution_ms=-1 assignment_first_soc=-1 assignment_second_soc=-1 assignment_first_makespan=-1 assignment_second_makespan=-1
brap_h20w20_a40_e100_R1_seed0,g20x20,carrier,1,999,5269.0,5269000000,609,3280,1076,351,0.1219,1719,999,5269,5269000000,999,5269,5269000000,1,0,0,2450,4603,3206,0,0,SEARCH_CUTOFF,402,0,0,0,-1,-1,-1,-1,-1,881,2291,881,166942,0,0,0,57788,30796,7842,26994,7782,0,86608,9857,3579,0,4,0,5261.88,199332,33617,892.043,3643,0,0,8689.34,8689.54,b5d8d08a632f737af00c2eac29528fbbd4f0af529c7bd6ac034c138ce5c3c91b,8.734,ok,
brap_h20w20_a40_e100_R1_seed1,g20x20,carrier,1,2584,13664.0,13664000000,1727,7699,3164,1418,0.1337,5323,2585,13668,13668000000,2584,13664,13664000000,1,0,0,0,129,774,0,0,SEARCH_CUTOFF,1415,0,0,0,-1,-1,-1,-1,-1,1812,991,1812,277416,0,0,0,134241,85808,15352,136690,46875,179,139015,13296,3706,0,0,0,7439.62,352300,40446,1810.09,2828,8,117,8729.62,8729.94,95c77c29bc88367718e7dbe76483719cfde05c5a8db229f9410ba4da07945bdd,8.813,ok,
brap_h20w20_a40_e10_B_seed0_pool,g20x20,carrier,0,,,,,,,,,,,,,,,,,,,,,,,,,,,,,,,,,,,,,,,,,,,,,,,,,,,,,,,,,,,,,,,8.563,timeout,ements=0 assignment_second_solution_ms=-1 assignment_first_soc=-1 assignment_second_soc=-1 assignment_first_makespan=-1 assignment_second_makespan=-1
brap_h20w20_a40_e10_B_seed1_pool,g20x20,carrier,0,,,,,,,,,,,,,,,,,,,,,,,,,,,,,,,,,,,,,,,,,,,,,,,,,,,,,,,,,,,,,,,8.672,timeout,ements=0 assignment_second_solution_ms=-1 assignment_first_soc=-1 assignment_second_soc=-1 assignment_first_makespan=-1 assignment_second_makespan=-1
brap_h20w20_a40_e10_R1_seed0,g20x20,carrier,0,,,,,,,,,,,,,,,,,,,,,,,,,,,,,,,,,,,,,,,,,,,,,,,,,,,,,,,,,,,,,,,8.571,timeout,ements=0 assignment_second_solution_ms=-1 assignment_first_soc=-1 assignment_second_soc=-1 assignment_first_makespan=-1 assignment_second_makespan=-1
brap_h20w20_a40_e10_R1_seed1,g20x20,carrier,0,,,,,,,,,,,,,,,,,,,,,,,,,,,,,,,,,,,,,,,,,,,,,,,,,,,,,,,,,,,,,,,8.563,timeout,ements=0 assignment_second_solution_ms=-1 assignment_first_soc=-1 assignment_second_soc=-1 assignment_first_makespan=-1 assignment_second_makespan=-1
brap_h40w40_a160_e400_R1_seed0,g40x40,carrier,0,,,,,,,,,,,,,,,,,,,,,,,,,,,,,,,,,,,,,,,,,,,,,,,,,,,,,,,,,,,,,,,8.549,timeout,ements=0 assignment_second_solution_ms=-1 assignment_first_soc=-1 assignment_second_soc=-1 assignment_first_makespan=-1 assignment_second_makespan=-1
brap_h40w40_a160_e400_R1_seed1,g40x40,carrier,0,,,,,,,,,,,,,,,,,,,,,,,,,,,,,,,,,,,,,,,,,,,,,,,,,,,,,,,,,,,,,,,8.556,timeout,ements=0 assignment_second_solution_ms=-1 assignment_first_soc=-1 assignment_second_soc=-1 assignment_first_makespan=-1 assignment_second_makespan=-1
brap_h40w40_a160_e40_R1_seed0,g40x40,carrier,0,,,,,,,,,,,,,,,,,,,,,,,,,,,,,,,,,,,,,,,,,,,,,,,,,,,,,,,,,,,,,,,8.54,timeout,ements=0 assignment_second_solution_ms=-1 assignment_first_soc=-1 assignment_second_soc=-1 assignment_first_makespan=-1 assignment_second_makespan=-1
brap_h40w40_a160_e40_R1_seed1,g40x40,carrier,0,,,,,,,,,,,,,,,,,,,,,,,,,,,,,,,,,,,,,,,,,,,,,,,,,,,,,,,,,,,,,,,8.533,timeout,ements=0 assignment_second_solution_ms=-1 assignment_first_soc=-1 assignment_second_soc=-1 assignment_first_makespan=-1 assignment_second_makespan=-1
brap_h40w40_a80_e400_B_seed0_pool,g40x40,carrier,0,,,,,,,,,,,,,,,,,,,,,,,,,,,,,,,,,,,,,,,,,,,,,,,,,,,,,,,,,,,,,,,8.733,timeout,ements=0 assignment_second_solution_ms=-1 assignment_first_soc=-1 assignment_second_soc=-1 assignment_first_makespan=-1 assignment_second_makespan=-1
brap_h40w40_a80_e400_B_seed1_pool,g40x40,carrier,0,,,,,,,,,,,,,,,,,,,,,,,,,,,,,,,,,,,,,,,,,,,,,,,,,,,,,,,,,,,,,,,10.007,timeout,
brap_h40w40_a80_e40_B_seed0_pool,g40x40,carrier,0,,,,,,,,,,,,,,,,,,,,,,,,,,,,,,,,,,,,,,,,,,,,,,,,,,,,,,,,,,,,,,,10.007,timeout,
brap_h40w40_a80_e40_B_seed1_pool,g40x40,carrier,0,,,,,,,,,,,,,,,,,,,,,,,,,,,,,,,,,,,,,,,,,,,,,,,,,,,,,,,,,,,,,,,10.013,timeout,
brap_h4w10_a5_e10_B_seed0_pool,g4x10,carrier,1,18,36.0,36000000,5,19,10,0,0.1389,3,18,38,38000000,18,36,36000000,1,1,1,8,89,75,0,0,STRICT_IMPROVEMENT,1,1,1,1,10,38,36,18,18,12,13,12,3540,0,0,0,32,11,0,71,51,0,340,93,24,0,5,0,7.58866,1164,310,1.41896,23,0,0,11.222,11.2334,323dbf889e470387f09f157364edd426eaa62947e8d40aee60c63f49b0720c75,0.021,ok,
brap_h4w10_a5_e10_B_seed1_pool,g4x10,carrier,1,19,31.0,31000000,6,11,11,1,0.1579,4,19,32,32000000,19,31,31000000,1,1,1,4,54,64,0,0,STRICT_IMPROVEMENT,0,1,1,1,7,32,31,19,19,15,10,15,5030,0,0,0,26,9,0,4,2,0,65,47,23,0,2,0,5.82214,226,99,0.50019,11,4,0,7.85925,7.86946,f7718033bc0a119cc850cf1aa50e0cb948319c51b71d7aaccf1c6dd92db4a9ce,0.017,ok,
brap_h4w10_a5_e10_R1_seed0,g4x10,carrier,1,150,323.0,323000000,62,120,113,36,0.2067,20,152,328,328000000,150,323,323000000,1,1,1,3,150,448,0,0,STRICT_IMPROVEMENT,2,0,0,0,-1,-1,-1,-1,-1,103,29,103,2912,0,0,0,640,381,122,4912,1822,0,746,316,154,0,0,0,33.9433,1998,557,4.15261,34,2,0,45.1587,45.1796,db8242b8165f11cceb3231b6d466cfca66d752c19fa88d4a68f61eddbd053a3c,0.053,ok,
brap_h4w10_a5_e10_R1_seed1,g4x10,carrier,1,51,103.0,103000000,19,41,35,7,0.1863,3,51,104,104000000,51,103,103000000,1,1,1,11,52,150,0,0,STRICT_IMPROVEMENT,1,0,0,0,-1,-1,-1,-1,-1,34,8,34,315,0,0,0,88,31,4,162,202,0,182,85,49,0,0,0,6.09304,572,172,1.01942,8,0,0,9.74835,9.76129,b93b8c6a53020327ac2bd86b1d7d0db7ee8a382d601095f9b8cbf7f8e0bd6f6c,0.018,ok,
brap_h4w10_a5_e1_B_seed0_pool,g4x10,carrier,1,27,52.0,52000000,8,23,16,1,0.1481,8,27,52,52000000,27,52,52000000,1,0,0,21768,148,71,0,0,SEARCH_CUTOFF,0,1,0,0,-1,52,-1,27,-1,96,6765,96,8198,0,0,1,875,780,377,45384,25759,0,85105,72896,4954,0,27080,0,3236.74,227671,112969,1606.17,14964,5184,68,8912.67,8912.69,14fb6cba59c6308fe9527e1487786cea032ed71ea94864c9b21658396518b82d,8.938,ok,
brap_h4w10_a5_e1_B_seed1_pool,g4x10,carrier,1,23,47.0,47000000,6,25,11,0,0.1304,7,23,48,48000000,23,47,47000000,1,1,1,3,24,69,0,0,STRICT_IMPROVEMENT,0,1,1,1,10,48,47,23,23,15,1,15,5498,0,0,0,112,99,0,1670,1022,0,32,26,14,0,0,0,9.02092,162,79,0.641933,0,2,0,10.9263,10.9381,3f3d1bad16d6777f9b4892f76c6bb7650ef5e7c7a1ef4f4b91cdb0853974e80e,0.019,ok,
brap_h4w10_a5_e1_R1_seed0,g4x10,carrier,1,448,879.0,879000000,121,441,240,94,0.135,4596,26804,49299,49299000000,448,879,879000000,1,0,0,9439,44,131,0,0,SEARCH_CUTOFF,60,0,0,0,-1,-1,-1,-1,-1,560,8865,560,14815,3,14,0,6736,6177,3449,1007968,528263,9,95659,81842,8680,0,10353,0,4256.68,400773,195244,1420.22,20811,10969,336,8866.78,8866.84,077dc8513ffd6d491fe37314c22121c2182683d47ffce58221db898cb48492d3,8.888,ok,
brap_h4w10_a5_e1_R1_seed1,g4x10,carrier,1,367,724.0,724000000,96,388,170,60,0.1308,1597,6924,12912,12912000000,367,724,724000000,1,0,0,15049,366,187,0,0,SEARCH_CUTOFF,66,0,0,0,-1,-1,-1,-1,-1,329,5083,329,12925,0,0,0,6552,6224,3503,1689855,839438,5,71791,64841,4372,0,19891,0,4132.75,221810,108468,1599,15639,4823,216,9166.71,9166.77,4b94a7a8671c91d38d43a6c4aed80f35037ee1a2870e10a58e13c67299cae026,9.188,ok,
brap_h6w10_a6_e15_B_seed0_pool,g6x10,carrier,1,74,155.0,155000000,22,91,34,3,0.1486,30,74,155,155000000,74,155,155000000,1,0,0,8757,6,17,0,0,SEARCH_CUTOFF,0,1,0,0,-1,155,-1,74,-1,3966,22134,3966,71471,0,0,12,24474,10476,2444,151550,5480,0,310895,66376,4693,0,18064,0,3909.21,403081,123054,1036.91,18642,0,1,9475.08,9475.12,95d6cc28324400897b3661875d651dc8b91aae464c8f5f1987dffc9278ffe6b3,9.529,ok,
brap_h6w10_a6_e15_B_seed1_pool,g6x10,carrier,1,31,67.0,67000000,13,25,22,2,0.2097,13,31,67,67000000,31,67,67000000,1,0,0,7334,160,88,0,0,SEARCH_CUTOFF,0,1,0,0,-1,67,-1,31,-1,2595,23696,2595,28977,0,0,1,11328,3786,25,24190,1571,0,317975,76944,3625,0,18253,0,3710.4,514270,153536,1040.72,20541,0,6,9127.36,9127.4,6ed0cd723e9d377d16b69ea7a24cdd2bccb841394690bb7f4ff5e34e171c44c9,9.16,ok,
brap_h6w10_a6_e15_R1_seed0,g6x10,carrier,1,106,234.0,234000000,36,106,70,15,0.1698,14,106,234,234000000,106,234,234000000,1,0,0,5426,409,396,0,0,SEARCH_CUTOFF,7,0,0,0,-1,-1,-1,-1,-1,2217,21720,2217,11431,0,0,0,9198,2748,0,32865,641,0,313391,71755,3293,0,18288,0,3681.32,545188,162661,1037.84,20120,99,0,9695.51,9695.56,eda97cd4c3b67ca6cd01e0a0fdf06acba78e422106f8b829e9cc6f0e505eec50,9.735,ok,
brap_h6w10_a6_e15_R1_seed1,g6x10,carrier,1,162,355.0,355000000,60,157,104,29,0.1852,26,162,357,357000000,162,355,355000000,1,1,1,6,233,503,1,1,REFERENCE_SUFFIX_ACCEPTED,14,0,0,0,-1,-1,-1,-1,-1,111,45,111,2839,0,0,0,863,457,58,2859,530,0,1587,410,154,0,14,0,49.968,3266,889,7.1872,51,0,0,69.0086,69.0347,2007766742204885bce78698368ca6ea94413cf8dd6756ff75dfc56da8170541,0.078,ok,
brap_h6w10_a6_e1_B_seed0_pool,g6x10,carrier,1,263,570.0,570000000,75,280,150,36,0.1426,1341,1115,2196,2196000000,263,570,570000000,1,0,0,9328,85,57,0,0,SEARCH_CUTOFF,32,1,0,0,-1,570,-1,263,-1,132,2723,132,207223,340,34,118,3969,3838,2385,2402609,1299063,39,41328,38967,1910,0,11801,0,4887.69,112922,55739,1710.66,9371,3131,49,9006.27,9006.35,5aede40302006c5a7421f57dc5dfd618983d0e1c8994963fd9643ee4634df145,9.03,ok,
brap_h6w10_a6_e1_B_seed1_pool,g6x10,carrier,1,191,369.0,369000000,56,185,102,34,0.1466,832,2234,4137,4137000000,191,369,369000000,1,0,0,12872,14,41,0,0,SEARCH_CUTOFF,18,1,0,0,-1,369,-1,191,-1,139,4375,139,89105,0,0,902,2591,2453,1646,751946,407037,0,58501,55656,2336,0,16590,0,3759.11,161566,80466,1560,14670,4660,11,9140.16,9140.22,19866d186a44d3fa9a87a0328ced414d7e4ff1bf73249af53551f2b98dcedaac,9.169,ok,
brap_h6w10_a6_e1_R1_seed0,g6x10,carrier,1,845,1753.0,1753000000,224,896,446,176,0.1325,3198,8181,15307,15307000000,845,1753,1753000000,1,0,0,6169,10,30,0,0,SEARCH_CUTOFF,109,0,0,0,-1,-1,-1,-1,-1,470,4089,470,30764,0,24,0,14416,13947,8970,5549858,2961022,128,49896,43115,4309,0,8873,0,5187.45,182278,87753,1385.56,10158,5216,215,8881.99,8882.1,ca08f6064d784a5abe70c1430d89ec33d89cd0d1dcbb5c39e17d99a14e4a826f,8.905,ok,
brap_h6w10_a6_e1_R1_seed1,g6x10,carrier,1,953,2046.0,2046000000,260,1052,524,219,0.1364,3113,4611,9328,9328000000,953,2046,2046000000,1,0,0,6488,78,231,0,0,SEARCH_CUTOFF,146,0,0,0,-1,-1,-1,-1,-1,719,3178,719,61587,0,3,0,21932,21214,13985,7639600,4062221,72,35166,33554,3009,0,8209,0,5726.88,113237,55667,1351.51,8185,3197,58,8854.56,8854.67,7b1cf884a615aef7235871fdfba9499a883af37f6b23851f4f3d23f2b6967503,8.878,ok,
brap_h80w80_a128_e1600_B_seed0_pool,g80x80,carrier,0,,,,,,,,,,,,,,,,,,,,,,,,,,,,,,,,,,,,,,,,,,,,,,,,,,,,,,,,,,,,,,,10.006,timeout,
brap_h80w80_a128_e1600_B_seed1_pool,g80x80,carrier,0,,,,,,,,,,,,,,,,,,,,,,,,,,,,,,,,,,,,,,,,,,,,,,,,,,,,,,,,,,,,,,,10.013,timeout,
brap_h80w80_a128_e1600_R1_seed0,g80x80,carrier,0,,,,,,,,,,,,,,,,,,,,,,,,,,,,,,,,,,,,,,,,,,,,,,,,,,,,,,,,,,,,,,,8.56,timeout,ements=0 assignment_second_solution_ms=-1 assignment_first_soc=-1 assignment_second_soc=-1 assignment_first_makespan=-1 assignment_second_makespan=-1
brap_h80w80_a128_e1600_R1_seed1,g80x80,carrier,0,,,,,,,,,,,,,,,,,,,,,,,,,,,,,,,,,,,,,,,,,,,,,,,,,,,,,,,,,,,,,,,8.565,timeout,ements=0 assignment_second_solution_ms=-1 assignment_first_soc=-1 assignment_second_soc=-1 assignment_first_makespan=-1 assignment_second_makespan=-1
brap_h80w80_a128_e160_B_seed0_pool,g80x80,carrier,0,,,,,,,,,,,,,,,,,,,,,,,,,,,,,,,,,,,,,,,,,,,,,,,,,,,,,,,,,,,,,,,10.009,timeout,
brap_h80w80_a128_e160_B_seed1_pool,g80x80,carrier,0,,,,,,,,,,,,,,,,,,,,,,,,,,,,,,,,,,,,,,,,,,,,,,,,,,,,,,,,,,,,,,,10.014,timeout,
brap_h80w80_a128_e160_R1_seed0,g80x80,carrier,0,,,,,,,,,,,,,,,,,,,,,,,,,,,,,,,,,,,,,,,,,,,,,,,,,,,,,,,,,,,,,,,8.561,timeout,ements=0 assignment_second_solution_ms=-1 assignment_first_soc=-1 assignment_second_soc=-1 assignment_first_makespan=-1 assignment_second_makespan=-1
brap_h80w80_a128_e160_R1_seed1,g80x80,carrier,0,,,,,,,,,,,,,,,,,,,,,,,,,,,,,,,,,,,,,,,,,,,,,,,,,,,,,,,,,,,,,,,8.551,timeout,ements=0 assignment_second_solution_ms=-1 assignment_first_soc=-1 assignment_second_soc=-1 assignment_first_makespan=-1 assignment_second_makespan=-1
brap_h80w80_a160_e1600_B_seed0_pool,g80x80,carrier,0,,,,,,,,,,,,,,,,,,,,,,,,,,,,,,,,,,,,,,,,,,,,,,,,,,,,,,,,,,,,,,,10.01,timeout,
brap_h80w80_a160_e1600_B_seed1_pool,g80x80,carrier,0,,,,,,,,,,,,,,,,,,,,,,,,,,,,,,,,,,,,,,,,,,,,,,,,,,,,,,,,,,,,,,,10.013,timeout,
brap_h80w80_a160_e160_B_seed0_pool,g80x80,carrier,0,,,,,,,,,,,,,,,,,,,,,,,,,,,,,,,,,,,,,,,,,,,,,,,,,,,,,,,,,,,,,,,10.008,timeout,
brap_h80w80_a160_e160_B_seed1_pool,g80x80,carrier,0,,,,,,,,,,,,,,,,,,,,,,,,,,,,,,,,,,,,,,,,,,,,,,,,,,,,,,,,,,,,,,,10.014,timeout,
brap_h80w80_a800_e1600_R1_seed0,g80x80,carrier,0,,,,,,,,,,,,,,,,,,,,,,,,,,,,,,,,,,,,,,,,,,,,,,,,,,,,,,,,,,,,,,,10.015,timeout,
brap_h80w80_a800_e1600_R1_seed1,g80x80,carrier,0,,,,,,,,,,,,,,,,,,,,,,,,,,,,,,,,,,,,,,,,,,,,,,,,,,,,,,,,,,,,,,,8.575,timeout,ements=0 assignment_second_solution_ms=-1 assignment_first_soc=-1 assignment_second_soc=-1 assignment_first_makespan=-1 assignment_second_makespan=-1
brap_h80w80_a800_e160_R1_seed0,g80x80,carrier,0,,,,,,,,,,,,,,,,,,,,,,,,,,,,,,,,,,,,,,,,,,,,,,,,,,,,,,,,,,,,,,,8.666,timeout,ements=0 assignment_second_solution_ms=-1 assignment_first_soc=-1 assignment_second_soc=-1 assignment_first_makespan=-1 assignment_second_makespan=-1
brap_h80w80_a800_e160_R1_seed1,g80x80,carrier,0,,,,,,,,,,,,,,,,,,,,,,,,,,,,,,,,,,,,,,,,,,,,,,,,,,,,,,,,,,,,,,,8.563,timeout,ements=0 assignment_second_solution_ms=-1 assignment_first_soc=-1 assignment_second_soc=-1 assignment_first_makespan=-1 assignment_second_makespan=-1
brap_h8w10_a10_e20_B_seed0_pool,g8x10,carrier,1,46,95.0,95000000,16,50,24,2,0.1739,46,54,108,108000000,46,95,95000000,1,1,1,0,14,41,0,0,STRICT_IMPROVEMENT,3,1,1,1,54,108,95,54,46,33,4,33,35676,0,0,0,167,44,2,642,30,0,391,63,36,0,0,0,51.0359,652,178,1.75268,9,0,0,56.4513,56.4692,6da2ccce8a05ca2f1e8fb15239beeadc87b7f33e0f2e694157d7d7597228b198,0.066,ok,
brap_h8w10_a10_e20_B_seed1_pool,g8x10,carrier,1,202,445.0,445000000,64,217,118,29,0.1584,237,339,706,706000000,202,445,445000000,1,1,1,0,4,11,0,0,STRICT_IMPROVEMENT,18,1,1,1,296,530,445,265,202,121,67,121,136714,0,0,144,1660,961,97,2909,281,0,3607,504,201,0,0,0,273.637,3940,1117,16.6845,29,0,0,304.287,304.344,3490ada80243bb216813f0d01b3c632187a15560c6ed4885a3d6ae7badc296de,0.314,ok,
brap_h8w10_a10_e20_R1_seed0,g8x10,carrier,1,310,441.0,441000000,72,205,126,30,0.1161,56,311,454,454000000,310,441,441000000,1,1,1,7,237,711,0,0,STRICT_IMPROVEMENT,9,0,0,0,-1,-1,-1,-1,-1,136,17,136,3555,0,0,0,1895,1167,216,6769,2450,0,2901,329,160,0,0,0,100.405,3463,1144,15.8816,31,0,27,132.023,132.064,cb10d8eccaf46a6673b37d7f922bd7d8377cc9b97cb029a26f83cf97a7e82876,0.142,ok,
brap_h8w10_a10_e20_R1_seed1,g8x10,carrier,1,267,576.0,576000000,95,256,179,56,0.1779,69,267,577,577000000,267,576,576000000,1,1,1,11,257,765,0,0,STRICT_IMPROVEMENT,24,0,0,0,-1,-1,-1,-1,-1,174,53,174,6417,0,0,0,2072,1097,230,15140,3524,0,3305,551,246,0,0,0,149.441,3566,999,17.9438,80,0,0,188.249,188.33,0c9d69de7281dfffa6106f6bb428a1fb13f77e58ff34c73b21edf9e92810ebf0,0.199,ok,
brap_h8w10_a10_e2_B_seed0_pool,g8x10,carrier,1,396,884.0,884000000,149,364,258,84,0.1881,1722,1662,3238,3238000000,396,884,884000000,1,0,0,5685,8,24,0,0,SEARCH_CUTOFF,46,1,0,0,-1,884,-1,396,-1,341,3093,341,487745,6,87,937,13186,12549,7547,1437164,748355,12,71840,34389,3206,0,8806,0,5341.95,175462,56301,2043.59,8703,477,0,8946.36,8946.43,11cbe9db89776e7111089758c2546f11307ae27f964bbc7538db05e457d28dab,8.971,ok,
brap_h8w10_a10_e2_B_seed1_pool,g8x10,carrier,1,274,623.0,623000000,101,247,194,52,0.1843,572,278,637,637000000,274,623,623000000,1,0,0,9623,7,17,0,0,SEARCH_CUTOFF,25,1,0,0,-1,623,-1,274,-1,226,2978,226,304159,4,21,30,9065,8671,4312,576162,295089,3,52211,38548,2041,0,11756,0,4562.8,137682,59805,1916.47,9595,2237,8,9081.56,9081.63,c66d34f357fa0de74c1c79820e7d4cffb6f34092b524e5a0c8e9289dfd54e4ef,9.108,ok,
brap_h8w10_a10_e2_R1_seed0,g8x10,carrier,1,1737,3818.0,3818000000,699,1409,1184,525,0.2012,3823,7280,14394,14394000000,1737,3818,3818000000,1,0,0,981,17,51,0,0,SEARCH_CUTOFF,184,0,0,0,-1,-1,-1,-1,-1,1343,4512,1343,219332,609,77,0,61836,59208,43589,9431376,4653647,274,40458,23690,6124,0,1935,0,7051.52,143691,52032,963.169,5499,1263,11,8642.04,8642.22,0f02d838e8620c1f16b4a56abc00c7af14e61c5d0ea0facd5b5061171d837e18,8.665,ok,
brap_h8w10_a10_e2_R1_seed1,g8x10,carrier,1,1173,2339.0,2339000000,422,879,730,306,0.1799,718,1443,2925,2925000000,1173,2339,2339000000,1,0,0,7156,56,168,0,0,SEARCH_CUTOFF,96,0,0,0,-1,-1,-1,-1,-1,820,2991,820,92628,0,0,0,25600,24097,15987,1420736,750056,20,81116,37865,3000,0,11433,0,4777.22,188511,56684,1833.55,9009,250,168,9052.24,9052.33,60cbf244e754683b71cd41410497c194bbc0b2c4119e97d69d97ff7f8e08a093,9.082,ok,
g1_dhigh_abaseline_pcross_heavy_gshared_pool_seed0,warehouse_random_factorial,carrier,1,15,35.0,35000000,7,20,8,0,0.1556,6,15,35,35000000,15,35,35000000,1,0,0,41173,1226,427,0,0,SEARCH_CUTOFF,0,1,0,0,-1,35,-1,15,-1,3694,27897,3694,33279,0,0,0,14236,1134,829,118086,43564,6,103709,26505,43029,0,2650,0,5188.7,5538399,203469,1289.11,5518,0,6,8784.84,8784.86,6d7ab8f558223561cb25b52a39b6797de12f8aea4c64b7110f9ac8b2ce024677,8.809,ok,
g1_dhigh_abaseline_pcross_heavy_gsingleton_seed0,warehouse_random_factorial,carrier,1,18,50.0,50000000,26,16,8,0,0.4815,11,18,50,50000000,18,50,50000000,1,0,0,37200,1458,486,0,0,SEARCH_CUTOFF,0,0,0,0,-1,-1,-1,-1,-1,5978,13049,5978,104140,0,0,0,24787,3399,1637,234297,80241,26,34570,8510,32157,0,1875,0,6916.48,9546050,113769,1418.64,1063,28,97,8771.59,8771.61,a140b2f9525e5b67262a39012ec681e36613175aac453e8f8875d1aa5640cd44,8.787,ok,
g1_dhigh_abaseline_plocal_gshared_pool_seed0,warehouse_random_factorial,carrier,1,17,42.0,42000000,17,17,8,0,0.3333,11,17,43,43000000,17,42,42000000,1,1,1,5718,922,342,0,0,STRICT_IMPROVEMENT,0,1,1,1,1054,43,42,17,17,577,4441,577,7484,0,0,0,1649,197,186,14527,7746,0,6542,2115,6677,0,343,0,721.721,1131138,20683,198.272,710,0,0,1101.79,1101.81,b2dbfbe1fcd186e4f5595fab5bc6eede41e64b4d91792e59baef5a11c347ae06,1.113,ok,
g1_dhigh_abaseline_plocal_gsingleton_seed0,warehouse_random_factorial,carrier,1,17,46.0,46000000,16,16,12,0,0.3137,5,18,37,37000000,17,46,46000000,1,1,1,12216,191,93,0,0,STRICT_IMPROVEMENT,0,0,0,0,-1,-1,-1,-1,-1,1083,9266,1083,10331,0,0,0,2370,162,1,6338,6262,0,11537,5000,12895,0,810,0,954.349,2723963,32725,413.463,1213,0,4,1814.17,1814.2,07bae89597f250d7f18ea75e3c12368454d644cae0a6804b60c0b42d02745dc0,1.827,ok,
g1_dhigh_abaseline_pmixed_gshared_pool_seed0,warehouse_random_factorial,carrier,1,14,38.0,38000000,10,20,8,0,0.2381,8,14,38,38000000,14,38,38000000,1,0,0,66803,1314,449,0,0,SEARCH_CUTOFF,0,1,0,0,-1,38,-1,14,-1,3236,27474,3236,26985,0,0,0,11760,887,437,84050,78713,0,101808,23605,38505,0,4033,0,4872.85,6174105,194304,1290.97,4909,0,0,8783.74,8783.76,8f4b174e4f439ec25a373ca68d4ae878cee7d3c493fd22384bd32549464bb057,8.806,ok,
g1_dhigh_abaseline_pmixed_gsingleton_seed0,warehouse_random_factorial,carrier,1,24,56.0,56000000,28,20,8,0,0.3889,10,24,56,56000000,24,56,56000000,1,0,0,100445,874,352,0,0,SEARCH_CUTOFF,0,0,0,0,-1,-1,-1,-1,-1,4228,30217,4228,23467,0,0,0,6051,98,6,1155,12397,0,41223,16092,35711,0,5657,0,2585.73,3587911,99775,878.384,2926,0,0,8944.06,8944.08,222c58905f1834a37e1df12f51231080600f2d617ae414308c59172eb5bc250c,8.972,ok,
g1_dhigh_aequal_pcross_heavy_gshared_pool_seed0,warehouse_random_factorial,carrier,1,10,33.0,33000000,7,18,8,0,0.175,5,10,33,33000000,10,33,33000000,1,0,0,20873,3775,1700,0,0,SEARCH_CUTOFF,0,1,0,0,-1,33,-1,10,-1,499,40115,499,4473,0,0,0,1937,103,35,19549,3015,0,138538,49625,54572,0,459,0,3484.83,9132528,373313,1937.6,14215,0,0,8861.86,8861.88,061a72fff58347f3d17b0d0b1116ac902c39915ad56fd056ce422b0fca0b2aac,8.887,ok,
g1_dhigh_aequal_pcross_heavy_gsingleton_seed0,warehouse_random_factorial,carrier,1,16,49.0,49000000,26,15,8,0,0.4062,9,16,49,49000000,16,49,49000000,1,0,0,96869,1121,373,0,0,SEARCH_CUTOFF,0,0,0,0,-1,-1,-1,-1,-1,4436,14361,4436,99988,0,3,0,19778,5142,2607,116068,122281,3,21031,17925,40077,0,585,0,5997.08,14331770,141003,2002.26,4778,0,111,8662.9,8662.94,d6271f5ce124b0557e0fcfdca318982525ecfabc7c53484578eded65308f7277,8.68,ok,
g1_dhigh_aequal_plocal_gshared_pool_seed0,warehouse_random_factorial,carrier,1,17,40.0,40000000,17,15,8,0,0.25,8,17,40,40000000,17,40,40000000,1,0,0,132753,1281,641,0,0,SEARCH_CUTOFF,0,1,0,0,-1,40,-1,17,-1,428,39929,428,6037,0,0,0,1185,119,101,5626,3790,0,7446,2860,52741,0,1239,0,1895.93,4909936,80396,806.325,0,0,0,8850.01,8850.03,ae8667867a98d3363ab6bc6606ef8df74416cb5efa1064bff2dfac848e6d6c36,8.876,ok,
g1_dhigh_aequal_plocal_gsingleton_seed0,warehouse_random_factorial,carrier,1,17,38.0,38000000,16,14,8,0,0.2353,4,17,38,38000000,17,38,38000000,1,0,0,97420,340,325,0,0,SEARCH_CUTOFF,0,0,0,0,-1,-1,-1,-1,-1,1010,38725,1010,13269,0,0,0,2926,107,0,8138,27658,0,33145,14998,50432,0,1041,0,3162.57,13918999,118635,1740.09,3172,0,0,9238.41,9238.43,41a98168a83b4579cc16357adeaee508f24671cef057539e2c71667cceeb697f,9.263,ok,
g1_dhigh_aequal_pmixed_gshared_pool_seed0,warehouse_random_factorial,carrier,1,13,42.0,42000000,10,24,8,0,0.1923,8,13,42,42000000,13,42,42000000,1,0,0,92810,2812,1046,0,0,SEARCH_CUTOFF,0,1,0,0,-1,42,-1,13,-1,404,42573,404,3666,0,0,0,1324,65,5,7546,8796,0,103271,51754,48259,0,847,0,2908.36,7344804,287435,1544.53,26056,0,0,8854.19,8854.22,2645d0e448499cf9c352195a9820093da168ac6f52c13ddf9ca0dd5ac87fc33e,8.881,ok,
g1_dhigh_aequal_pmixed_gsingleton_seed0,warehouse_random_factorial,carrier,1,15,52.0,52000000,28,16,8,0,0.4667,9,15,52,52000000,15,52,52000000,1,0,0,107480,1380,639,0,0,SEARCH_CUTOFF,0,0,0,0,-1,-1,-1,-1,-1,6686,6299,6686,107355,0,0,0,24959,3410,2862,175381,503999,0,5227,3242,31948,0,635,0,6450.21,5683831,84210,994.723,0,0,59,8707.75,8707.78,9217fb17b4350d9044f8373eff377d3836fa3b924a46325921047da0018bdb24,8.723,ok,
g1_dhigh_ascarce_pcross_heavy_gshared_pool_seed0,warehouse_random_factorial,carrier,1,18,33.0,33000000,7,18,8,0,0.1944,6,18,33,33000000,18,33,33000000,1,0,0,5799,368,144,0,0,SEARCH_CUTOFF,0,1,0,0,-1,33,-1,18,-1,6535,17556,6535,51924,0,0,0,26091,2420,771,174395,32375,6,156859,21509,23053,0,8870,0,6559.02,1592417,82930,563.127,4765,0,2,8748.81,8748.84,875e714e90821df7b0b176d553ffcdf56feb753911aaa68fdd3fd8e08980d45d,8.77,ok,
g1_dhigh_ascarce_pcross_heavy_gsingleton_seed0,warehouse_random_factorial,carrier,1,29,54.0,54000000,24,22,8,0,0.4138,12,29,56,56000000,29,54,54000000,1,1,1,0,27,76,1,1,REFERENCE_SUFFIX_ACCEPTED,0,0,0,0,-1,-1,-1,-1,-1,35,2,35,430,0,0,0,105,4,2,694,220,0,118,14,54,0,0,0,22.8176,10051,111,1.91254,0,0,0,25.1329,25.1518,cb2ae0aa5ccb0a60b9298e6d9851d48c5518b150e52e387fc5eee9eb634d8de1,0.035,ok,
g1_dhigh_ascarce_plocal_gshared_pool_seed0,warehouse_random_factorial,carrier,1,26,46.0,46000000,17,21,8,0,0.3269,17,26,46,46000000,26,46,46000000,1,0,0,9188,510,198,0,0,SEARCH_CUTOFF,0,1,0,0,-1,46,-1,26,-1,7381,12553,7381,64543,0,0,0,23554,1478,367,107385,72247,0,65736,10027,23154,0,5626,0,7330.99,1873039,55519,479.993,1572,0,6,8645.81,8645.84,c671208c1972bce319dbdf5b1fd41e572d27d65e541a0398fb28a1c6c344ecd3,8.663,ok,
g1_dhigh_ascarce_plocal_gsingleton_seed0,warehouse_random_factorial,carrier,1,24,42.0,42000000,16,18,8,0,0.3333,10,24,43,43000000,24,42,42000000,1,1,1,1406,329,152,0,0,STRICT_IMPROVEMENT,0,0,0,0,-1,-1,-1,-1,-1,949,2133,949,8647,0,0,0,2891,137,0,6471,15790,0,7554,978,3621,0,733,0,749.886,438337,7076,80.3709,40,0,0,905.014,905.039,38eb12970f03592d02de0da19ec274cfd49b3599a5fb10b893bd3682094ada1e,0.916,ok,
g1_dhigh_ascarce_pmixed_gshared_pool_seed0,warehouse_random_factorial,carrier,1,20,36.0,36000000,10,18,8,0,0.25,9,20,38,38000000,20,36,36000000,1,1,1,30,169,105,1,1,REFERENCE_SUFFIX_ACCEPTED,0,1,1,1,46,38,36,20,20,26,128,26,1196,0,0,0,80,0,0,287,461,0,1185,216,143,0,42,0,33.5849,5900,985,4.65194,67,0,0,48.0241,48.0402,181a60b6b8f02ce91cbec094956d4e571c1a0f684e213861be184c534ffbdefa,0.057,ok,
g1_dhigh_ascarce_pmixed_gsingleton_seed0,warehouse_random_factorial,carrier,1,28,51.0,51000000,28,15,8,0,0.5,11,28,51,51000000,28,51,51000000,1,0,0,11133,428,181,0,0,SEARCH_CUTOFF,0,0,0,0,-1,-1,-1,-1,-1,8981,19265,8981,121195,0,6,0,26911,5290,1400,189100,151399,8,87823,19317,30618,0,8622,0,6701.39,5009406,78702,925.753,3902,64,63,8717.65,8717.68,c829a5207e68629f1ad524798da40d6a8a0b8c07453b238c6e0ecc014ba05906,8.737,ok,
g1_dhigh_asurplus_pcross_heavy_gshared_pool_seed0,warehouse_random_factorial,carrier,1,10,30.0,30000000,7,15,8,0,0.1167,4,10,30,30000000,10,30,30000000,1,0,0,33645,778,1922,0,0,SEARCH_CUTOFF,0,1,0,0,-1,30,-1,10,-1,102,23936,102,1328,0,0,0,342,6,6,3488,668,0,50840,10051,36061,0,13,0,1747.08,3937342,178176,948.469,60,0,0,8765.51,8765.53,97e59c4fd24ccfb3dda1f8de6f0aae736853d7a9af7f245dc7194ec6be812ed9,8.784,ok,
g1_dhigh_asurplus_pcross_heavy_gsingleton_seed0,warehouse_random_factorial,carrier,1,15,43.0,43000000,26,9,8,0,0.2889,9,15,43,43000000,15,43,43000000,1,0,0,133345,8,54,0,0,SEARCH_CUTOFF,0,0,0,0,-1,-1,-1,-1,-1,125,24557,125,2253,0,0,0,370,49,38,740,274,0,8067,5499,53460,0,42,0,3173.48,17329890,144299,2523.52,0,0,0,8748.15,8748.17,8c8819db8fd39c7ec4ab072f0ff85a27cd79732d97ea63f5dfd82bc693fe1d7f,8.765,ok,
g1_dhigh_asurplus_plocal_gshared_pool_seed0,warehouse_random_factorial,carrier,1,15,37.0,37000000,17,12,8,0,0.1889,8,15,37,37000000,15,37,37000000,1,0,0,27708,10,68,0,0,SEARCH_CUTOFF,0,1,0,0,-1,37,-1,15,-1,25,26459,25,1583,0,0,0,49,0,0,118,83,0,36,11,33011,0,10,0,1058.29,2615299,45259,456.96,0,0,0,8764.08,8764.1,89510f40fd31b8f73b634da9ff412d582c354f6e76c7fd88aa77da0ffdbd8199,8.784,ok,
g1_dhigh_asurplus_plocal_gsingleton_seed0,warehouse_random_factorial,carrier,1,17,37.0,37000000,16,13,8,0,0.1569,4,17,37,37000000,17,37,37000000,1,0,0,18911,10,68,0,0,SEARCH_CUTOFF,0,0,0,0,-1,-1,-1,-1,-1,28,24719,28,251,0,0,0,48,0,0,20,123,0,41,10,31314,0,5,0,1191.37,4501633,41646,630.581,0,0,0,8730.08,8730.1,49bec577b6a0c784f71d74a7aa43f8d3b6943f4fe47c9b22b6bc991e000c7981,8.747,ok,
g1_dhigh_asurplus_pmixed_gshared_pool_seed0,warehouse_random_factorial,carrier,1,13,38.0,38000000,10,20,8,0,0.1282,7,13,38,38000000,13,38,38000000,1,0,0,19325,52,230,0,0,SEARCH_CUTOFF,0,1,0,0,-1,38,-1,13,-1,41,27382,41,1208,0,0,0,107,3,2,632,406,0,45194,5816,34565,0,6,0,1610.77,3702174,147763,846.438,336,0,0,8763.16,8763.18,847c093477d8c34112b29aec974eee4e476f7df16be2f1eba06ebc67f7c7e762,8.781,ok,
g1_dhigh_asurplus_pmixed_gsingleton_seed0,warehouse_random_factorial,carrier,1,18,47.0,47000000,28,11,8,0,0.2593,8,18,47,47000000,18,47,47000000,1,0,0,19819,18,116,0,0,SEARCH_CUTOFF,0,0,0,0,-1,-1,-1,-1,-1,28,18984,28,345,0,0,0,67,6,6,94,992,0,34,8,19039,0,7,0,661.452,744601,28855,185.492,0,6,0,8708.26,8708.28,479c9d5c0bce42f88c34d3dcac305aa299f3e80014f5bf6c67bdc10d73d1d180,8.725,ok,
g1_dlow_abaseline_pcross_heavy_gshared_pool_seed0,warehouse_random_factorial,carrier,1,15,35.0,35000000,7,20,8,0,0.1556,3,15,35,35000000,15,35,35000000,1,0,0,20090,1041,416,0,0,SEARCH_CUTOFF,0,1,0,0,-1,35,-1,15,-1,7244,36683,7244,72893,0,0,0,27424,1424,1327,105637,14386,9,129091,26995,63696,0,2356,0,5941.76,10701561,312906,2114.59,3531,0,18,8850.21,8850.24,6d7ab8f558223561cb25b52a39b6797de12f8aea4c64b7110f9ac8b2ce024677,8.874,ok,
g1_dlow_abaseline_pcross_heavy_gsingleton_seed0,warehouse_random_factorial,carrier,1,17,48.0,48000000,24,16,8,0,0.4706,6,17,48,48000000,17,48,48000000,1,0,0,19461,753,317,0,0,SEARCH_CUTOFF,0,0,0,0,-1,-1,-1,-1,-1,9226,22578,9226,121039,0,0,0,35500,1176,1162,87121,11210,0,59691,13779,51323,0,1740,0,6665.63,11851304,198478,1953.34,534,348,0,8713.84,8713.87,a7844394521310d894883f274348f72ac83cb7d7766e68189fa74ec3151a1a98,8.733,ok,
g1_dlow_abaseline_plocal_gshared_pool_seed0,warehouse_random_factorial,carrier,1,15,43.0,43000000,15,18,10,1,0.3333,4,16,35,35000000,15,43,43000000,1,1,1,19289,1100,443,0,0,STRICT_IMPROVEMENT,1,1,1,1,7551,35,43,16,15,4562,37811,4562,36963,0,0,0,15582,637,637,46835,6701,0,112179,39177,48231,0,3430,0,4186.7,4600838,260000,1234.72,6197,0,0,7982.64,7982.67,dbb178ae8d4dbf65e03a859e05d3057f3af112317ddce2a0962e6b8756e20f79,8.009,ok,
g1_dlow_abaseline_plocal_gsingleton_seed0,warehouse_random_factorial,carrier,1,13,33.0,33000000,10,15,8,0,0.2564,2,14,33,33000000,13,33,33000000,1,1,1,537,545,240,0,0,STRICT_IMPROVEMENT,0,0,0,0,-1,-1,-1,-1,-1,247,2857,247,2071,0,0,0,700,25,25,1358,267,0,4966,1172,4107,0,97,0,253.968,747215,14585,123.473,151,0,0,366.86,366.879,2a61f9bb8c33aba98bb7bb75c4a4b566a9373914f3033503619ae1b85370751a,0.376,ok,
g1_dlow_abaseline_pmixed_gshared_pool_seed0,warehouse_random_factorial,carrier,1,14,38.0,38000000,10,20,8,0,0.2381,6,14,38,38000000,14,38,38000000,1,0,0,27541,1004,428,0,0,SEARCH_CUTOFF,0,1,0,0,-1,38,-1,14,-1,1918,41220,1918,20662,0,0,0,7201,303,261,88627,15181,0,171976,23293,47856,0,4823,0,4236.99,11283855,346986,2209.87,4680,0,0,8937.41,8937.43,2bf6dcd49c1e76ad5a470fed08a3e8eb43f5da3f66f4ff51ccacc97a9c27de68,8.966,ok,
g1_dlow_abaseline_pmixed_gsingleton_seed0,warehouse_random_factorial,carrier,1,21,46.0,46000000,22,16,8,0,0.3492,4,21,47,47000000,21,46,46000000,1,1,1,9200,613,380,0,0,STRICT_IMPROVEMENT,0,0,0,0,-1,-1,-1,-1,-1,717,12292,717,6968,0,0,0,2534,24,18,8772,949,0,30949,11671,15221,0,1135,0,966.466,1712895,75415,395.166,2629,0,0,1962.27,1962.29,0fb452ec4af7074f5106b3352ace724c72e8422ae611a9659eba95278284ccf1,1.978,ok,
g1_dlow_aequal_pcross_heavy_gshared_pool_seed0,warehouse_random_factorial,carrier,1,10,33.0,33000000,7,18,8,0,0.175,3,10,33,33000000,10,33,33000000,1,0,0,16009,4204,1793,0,0,SEARCH_CUTOFF,0,1,0,0,-1,33,-1,10,-1,432,44241,432,4343,0,0,0,1603,60,60,7519,1040,0,152747,32267,59687,0,583,0,3435.37,10992308,448493,2221.91,7033,0,0,8890.96,8890.98,061a72fff58347f3d17b0d0b1116ac902c39915ad56fd056ce422b0fca0b2aac,8.918,ok,
g1_dlow_aequal_pcross_heavy_gsingleton_seed0,warehouse_random_factorial,carrier,1,16,47.0,47000000,24,15,8,0,0.375,5,16,47,47000000,16,47,47000000,1,0,0,59046,10,48,0,0,SEARCH_CUTOFF,0,0,0,0,-1,-1,-1,-1,-1,3194,53689,3194,37274,0,0,0,10234,362,362,44257,6152,0,21682,15491,104466,0,586,0,3888.17,10664068,200255,1710.45,0,0,0,8863.79,8863.81,179e02916a2eb9c2115553a0bd46a5991ab5ab6b8302edffe6c12735b51a5fb9,8.889,ok,
g1_dlow_aequal_plocal_gshared_pool_seed0,warehouse_random_factorial,carrier,1,9,30.0,30000000,7,15,8,0,0.1944,3,9,32,32000000,9,30,30000000,1,1,1,0,8,33,0,0,STRICT_IMPROVEMENT,0,1,1,1,5,32,30,9,9,11,3,11,469,0,0,0,26,0,0,9,0,0,47,11,25,0,0,0,5.5046,2600,122,0.670173,0,0,0,6.13097,6.14385,78bac1c434d1aa20dfc302bd2329ca858facffeffce84e02c1f645df00e7ed6c,0.014,ok,
g1_dlow_aequal_plocal_gsingleton_seed0,warehouse_random_factorial,carrier,1,12,37.0,37000000,12,15,10,1,0.25,2,13,34,34000000,12,37,37000000,1,1,1,2694,1136,486,0,0,STRICT_IMPROVEMENT,1,0,0,0,-1,-1,-1,-1,-1,905,11940,905,7237,0,0,0,3085,48,48,8934,2000,0,17419,3442,22854,0,54,0,1025.09,3480223,77326,525.759,0,0,0,1757.24,1757.27,5b37ab6332a5824762382ef83533f8d61ed132733124ce53a84f47a9179e18f8,1.77,ok,
g1_dlow_aequal_pmixed_gshared_pool_seed0,warehouse_random_factorial,carrier,1,12,42.0,42000000,10,24,8,0,0.2083,6,12,42,42000000,12,42,42000000,1,0,0,23366,2260,1007,0,0,SEARCH_CUTOFF,0,1,0,0,-1,42,-1,12,-1,143,38519,143,2065,0,0,0,537,14,14,6730,1265,0,145599,25047,46502,0,622,0,3330.8,13348878,406268,2387.05,7982,0,0,8836,8836.03,0d2ce9e33914051f240783763f2776915646ebbbb3e3bc067625d1264682463c,8.862,ok,
g1_dlow_aequal_pmixed_gsingleton_seed0,warehouse_random_factorial,carrier,1,13,44.0,44000000,20,16,8,0,0.3846,4,13,46,46000000,13,44,44000000,1,1,1,179,48,137,0,0,STRICT_IMPROVEMENT,0,0,0,0,-1,-1,-1,-1,-1,442,46,442,5028,0,0,0,1624,2,2,2064,175,0,85,20,1554,0,0,0,174.437,213992,3531,37.1916,0,0,0,183.078,183.097,f1908f407b540e21eddba2a2ea398fa20deaf91535d2f0d86d8b3bcdd543ef37,0.192,ok,
g1_dlow_ascarce_pcross_heavy_gshared_pool_seed0,warehouse_random_factorial,carrier,1,18,31.0,31000000,7,16,8,0,0.1944,4,18,33,33000000,18,31,31000000,1,1,1,3467,356,151,0,0,STRICT_IMPROVEMENT,0,1,1,1,6888,33,31,18,18,7998,23983,7998,76403,0,0,0,31064,1567,943,64670,8891,10,238930,22993,29625,0,13276,0,4840.28,3776317,135343,932.87,5400,0,5,7308.06,7308.09,c49b39ca3b67336ee10b214f33fa565cc0461f82787b7827f22f2ec7c30cf924,7.33,ok,
g1_dlow_ascarce_pcross_heavy_gsingleton_seed0,warehouse_random_factorial,carrier,1,27,54.0,54000000,24,22,8,0,0.4444,6,27,54,54000000,27,54,54000000,1,0,0,3519,459,207,0,0,SEARCH_CUTOFF,0,0,0,0,-1,-1,-1,-1,-1,7659,27417,7659,114526,0,0,0,29121,2194,1714,59098,6624,4,284797,24664,33935,0,17456,0,6014.28,9087768,168072,1605.02,4914,0,2,9471.24,9471.26,635888e8af10b6dbf5e06f50acdfd182967867fab77729c9116fb0a10dcdf58c,9.499,ok,
g1_dlow_ascarce_plocal_gshared_pool_seed0,warehouse_random_factorial,carrier,1,17,32.0,32000000,7,17,8,0,0.2059,5,17,34,34000000,17,32,32000000,1,1,1,177,299,133,1,1,REFERENCE_SUFFIX_ACCEPTED,0,1,1,1,450,34,32,17,17,402,1895,402,4525,0,0,0,1522,20,20,4213,465,0,18150,1399,2465,0,694,0,335.775,199034,12158,64.126,170,0,0,484.164,484.184,44ce95aa3ba3f9adef73af5fc87b2b5533defaf4e3f5b634a152bbdc9f7340b7,0.494,ok,
g1_dlow_ascarce_plocal_gsingleton_seed0,warehouse_random_factorial,carrier,1,24,40.0,40000000,12,20,8,0,0.25,4,24,41,41000000,24,40,40000000,1,1,1,18,132,107,0,0,STRICT_IMPROVEMENT,0,0,0,0,-1,-1,-1,-1,-1,41,148,41,191,0,0,0,96,0,0,4,0,0,628,128,159,0,44,0,16.4308,4842,729,3.19202,48,0,0,25.4095,25.4282,cfd56707801ffac303ba0d7091445edfd0b8dc30d635a3e8990a45535b3a14b9,0.034,ok,
g1_dlow_ascarce_pmixed_gshared_pool_seed0,warehouse_random_factorial,carrier,1,20,36.0,36000000,10,18,8,0,0.25,7,20,36,36000000,20,36,36000000,1,0,0,4743,390,169,0,0,SEARCH_CUTOFF,0,1,0,0,-1,36,-1,20,-1,10497,21988,10497,92748,0,0,0,42043,1821,355,562775,109524,0,213269,20273,34527,0,9985,0,6889.57,2956760,118435,785.884,4393,0,56,8811.32,8811.34,38ba2ee02e3e403614e9c2e0de367e75c1da6c4b674824e51bb750b46559dfe6,8.833,ok,
g1_dlow_ascarce_pmixed_gsingleton_seed0,warehouse_random_factorial,carrier,1,23,45.0,45000000,22,15,8,0,0.4783,4,24,45,45000000,23,45,45000000,1,1,1,0,24,66,0,0,STRICT_IMPROVEMENT,2,0,0,0,-1,-1,-1,-1,-1,35,2,35,342,0,0,0,92,0,0,70,8,0,94,13,58,0,0,0,8.72693,4839,95,1.02049,0,0,0,9.98232,9.99635,89fbc9a069f4535e5b179d334189f227a8a75aa0dd6bad5761390fcd37abdee2,0.018,ok,
g1_dlow_asurplus_pcross_heavy_gshared_pool_seed0,warehouse_random_factorial,carrier,1,10,30.0,30000000,7,15,8,0,0.1167,3,10,30,30000000,10,30,30000000,1,0,0,3672,142,631,0,0,SEARCH_CUTOFF,0,1,0,0,-1,30,-1,10,-1,218,31745,218,2004,0,0,0,766,16,16,3337,487,0,43254,8286,56608,0,5,0,1664.32,4187064,201030,950.144,0,0,0,8773.79,8773.81,97e59c4fd24ccfb3dda1f8de6f0aae736853d7a9af7f245dc7194ec6be812ed9,8.791,ok,
g1_dlow_asurplus_pcross_heavy_gsingleton_seed0,warehouse_random_factorial,carrier,1,15,41.0,41000000,24,9,8,0,0.2667,6,15,41,41000000,15,41,41000000,1,0,0,32662,8,54,0,0,SEARCH_CUTOFF,0,0,0,0,-1,-1,-1,-1,-1,274,26800,274,2598,0,0,0,760,0,0,3260,428,0,8276,3934,50935,0,9,0,1252.18,3435254,105677,683.01,0,0,0,8725.25,8725.28,afa4f7a73cdec10c61e2299284d23edde0fc2ced55a7e1d0e54c0cd7f6988f2f,8.742,ok,
g1_dlow_asurplus_plocal_gshared_pool_seed0,warehouse_random_factorial,carrier,1,7,27.0,27000000,7,12,8,0,0.1667,4,9,29,29000000,7,27,27000000,1,1,1,0,8,47,0,0,STRICT_IMPROVEMENT,0,1,1,1,6,29,27,9,7,11,4,11,608,0,0,0,27,0,0,17,4,0,40,12,27,0,0,0,6.11239,2608,116,0.739331,0,0,0,6.79105,6.80423,76b0b060c5adf4397fa6caf680af7918d3d31d652b0fa00edf1f8745b0a965fb,0.015,ok,
g1_dlow_asurplus_plocal_gsingleton_seed0,warehouse_random_factorial,carrier,1,13,33.0,33000000,12,13,8,0,0.1538,2,13,33,33000000,13,33,33000000,1,0,0,6235,52,250,0,0,SEARCH_CUTOFF,0,0,0,0,-1,-1,-1,-1,-1,49,22062,49,361,0,0,0,117,0,0,87,4,0,30003,635,22132,0,1,0,813.383,1114563,58854,296.273,0,0,0,8716.41,8716.43,297a59c2ee8a30ebb9807787dd8a900cf4c9c04ebe00ef9747ec5c8b5cc940cf,8.732,ok,
g1_dlow_asurplus_pmixed_gshared_pool_seed0,warehouse_random_factorial,carrier,1,12,40.0,40000000,10,22,8,0,0.1389,6,12,40,40000000,12,40,40000000,1,0,0,7636,15281,7673,0,0,SEARCH_CUTOFF,2,1,0,0,-1,40,-1,12,-1,22,24409,22,967,0,0,0,63,0,0,980,173,0,59931,7050,24433,0,4,0,1649.81,5220612,187869,1058.09,0,0,0,8725.75,8725.78,29bc413ee864295581e8b50cb3a15c54bf7def6bcbba9189cb2d759e255c5d3d,8.742,ok,
g1_dlow_asurplus_pmixed_gsingleton_seed0,warehouse_random_factorial,carrier,1,12,39.0,39000000,20,11,8,0,0.2778,4,12,41,41000000,12,39,39000000,1,1,1,271,45,189,1,1,REFERENCE_SUFFIX_ACCEPTED,0,0,0,0,-1,-1,-1,-1,-1,219,16,219,2234,0,0,0,805,0,0,3454,603,0,61,29,723,0,0,0,95.5315,78024,1746,15.3147,0,0,0,100.633,100.65,ec460120b4ad88fc0c3611c2041cfaf7ccff44a13824ba9506637aa5a1a91a0b,0.11,ok,
g1_dmedium_abaseline_pcross_heavy_gshared_pool_seed0,warehouse_random_factorial,carrier,1,15,35.0,35000000,7,20,8,0,0.1556,5,15,35,35000000,15,35,35000000,1,0,0,34959,1113,447,0,0,SEARCH_CUTOFF,0,1,0,0,-1,35,-1,15,-1,5464,30903,5464,47898,0,0,0,21115,1636,1159,105570,30887,4,109619,26057,49845,0,2547,0,5625.68,6486469,233618,1432.05,4760,0,23,9122.76,9122.78,6d7ab8f558223561cb25b52a39b6797de12f8aea4c64b7110f9ac8b2ce024677,9.145,ok,
g1_dmedium_abaseline_pcross_heavy_gsingleton_seed0,warehouse_random_factorial,carrier,1,18,50.0,50000000,26,16,8,0,0.4815,8,18,50,50000000,18,50,50000000,1,0,0,37557,1391,446,0,0,SEARCH_CUTOFF,0,0,0,0,-1,-1,-1,-1,-1,8341,17942,8341,120541,0,0,0,32373,1655,1452,187855,16213,0,50247,11000,43956,0,2088,0,6586.82,9092304,157110,1524.8,593,134,45,8880.78,8880.81,a140b2f9525e5b67262a39012ec681e36613175aac453e8f8875d1aa5640cd44,8.899,ok,
g1_dmedium_abaseline_plocal_gshared_pool_seed0,warehouse_random_factorial,carrier,1,17,42.0,42000000,17,17,8,0,0.3333,9,17,43,43000000,17,42,42000000,1,1,1,9015,880,344,0,0,STRICT_IMPROVEMENT,0,1,1,1,2207,43,42,17,17,1196,9427,1196,13993,0,0,0,3547,365,304,32345,5907,0,20257,6295,13387,0,731,0,1412.59,2680300,50123,481.708,1425,0,0,2356.54,2356.56,5ae740c2fc7a8b24d1e4c71e80e2dd55b3d552703aeab59478d76886c44d10da,2.369,ok,
g1_dmedium_abaseline_plocal_gsingleton_seed0,warehouse_random_factorial,carrier,1,14,33.0,33000000,12,13,8,0,0.2857,3,14,33,33000000,14,33,33000000,1,0,0,32260,917,378,0,0,SEARCH_CUTOFF,0,0,0,0,-1,-1,-1,-1,-1,5108,30183,5108,64379,0,0,0,18606,1324,941,127341,33553,0,87168,29797,48088,0,2332,0,6077.89,13290554,220178,2097.53,5384,27,72,8760.93,8760.95,e9c72b4e384dcfd38e7a90e66b9d9192d7ef6e10c0522f890d8324a25e5799c2,8.782,ok,
g1_dmedium_abaseline_pmixed_gshared_pool_seed0,warehouse_random_factorial,carrier,1,14,38.0,38000000,10,20,8,0,0.2381,7,14,38,38000000,14,38,38000000,1,0,0,47226,1242,460,0,0,SEARCH_CUTOFF,0,1,0,0,-1,38,-1,14,-1,4266,32607,4266,36399,0,0,0,15161,759,537,54805,8371,0,115466,23123,45657,0,3702,0,5094.69,7740752,232218,1533.36,4634,0,0,9187.55,9187.58,8f4b174e4f439ec25a373ca68d4ae878cee7d3c493fd22384bd32549464bb057,9.213,ok,
g1_dmedium_abaseline_pmixed_gsingleton_seed0,warehouse_random_factorial,carrier,1,21,46.0,46000000,22,16,8,0,0.3492,7,21,47,47000000,21,46,46000000,1,1,1,527,741,381,0,0,STRICT_IMPROVEMENT,0,0,0,0,-1,-1,-1,-1,-1,60,1534,60,364,0,0,0,154,0,0,314,26,0,4980,1777,1504,0,194,0,121.749,39782,6958,32.302,716,0,0,357.753,357.773,bb68dc14d2a584a76f57c9952f3d11fb9c45bd9981a9c7063085a326388446e9,0.368,ok,
g1_dmedium_aequal_pcross_heavy_gshared_pool_seed0,warehouse_random_factorial,carrier,1,10,33.0,33000000,7,18,8,0,0.175,4,10,33,33000000,10,33,33000000,1,0,0,19439,3757,1745,0,0,SEARCH_CUTOFF,0,1,0,0,-1,33,-1,10,-1,1163,44028,1163,9609,0,0,0,4640,254,58,45855,7752,0,138217,46511,63438,0,433,0,3860.72,9630144,396386,2022.96,10557,0,0,8864.28,8864.31,061a72fff58347f3d17b0d0b1116ac902c39915ad56fd056ce422b0fca0b2aac,8.891,ok,
g1_dmedium_aequal_pcross_heavy_gsingleton_seed0,warehouse_random_factorial,carrier,1,16,49.0,49000000,26,15,8,0,0.4062,8,16,49,49000000,16,49,49000000,1,0,0,95309,1102,335,0,0,SEARCH_CUTOFF,0,0,0,0,-1,-1,-1,-1,-1,3873,36763,3873,64112,0,0,0,14002,1401,1036,45037,5850,0,19009,10404,79570,0,650,0,4969.6,12198001,183143,1878.64,0,0,10,8775.15,8775.17,d6271f5ce124b0557e0fcfdca318982525ecfabc7c53484578eded65308f7277,8.797,ok,
g1_dmedium_aequal_plocal_gshared_pool_seed0,warehouse_random_factorial,carrier,1,17,40.0,40000000,17,15,8,0,0.25,7,17,40,40000000,17,40,40000000,1,0,0,82869,82,216,0,0,SEARCH_CUTOFF,0,1,0,0,-1,40,-1,17,-1,399,38045,399,4852,0,0,0,1238,27,0,5549,531,0,31962,18819,40134,0,944,0,1731.19,3630959,77509,664.831,0,0,0,8887.26,8887.29,b5872b63e65da9dc0cf82400a6f6ab5b0a8a9126768ac52399311bdb7d70e9b7,8.916,ok,
g1_dmedium_aequal_plocal_gsingleton_seed0,warehouse_random_factorial,carrier,1,13,34.0,34000000,12,14,8,0,0.2308,3,13,34,34000000,13,34,34000000,1,0,0,84392,1137,448,0,0,SEARCH_CUTOFF,0,0,0,0,-1,-1,-1,-1,-1,3191,42466,3191,32551,0,0,0,10816,118,114,56117,17985,0,68368,18423,71860,0,694,0,4663.07,11970534,274886,2044.27,342,0,0,8812.4,8812.42,f1c6bc0ca908e4641effc7b7dbb07c39a974dd8443ebf3d050f2c571915cdd25,8.837,ok,
g1_dmedium_aequal_pmixed_gshared_pool_seed0,warehouse_random_factorial,carrier,1,13,42.0,42000000,10,24,8,0,0.1923,7,13,42,42000000,13,42,42000000,1,0,0,51368,2659,854,0,0,SEARCH_CUTOFF,0,1,0,0,-1,42,-1,13,-1,337,45556,337,3316,0,0,0,1067,27,2,3531,561,0,111600,48077,50713,0,702,0,2990.15,9182816,318622,1766.29,24599,0,0,8875.66,8875.69,2645d0e448499cf9c352195a9820093da168ac6f52c13ddf9ca0dd5ac87fc33e,8.904,ok,
g1_dmedium_aequal_pmixed_gsingleton_seed0,warehouse_random_factorial,carrier,1,13,46.0,46000000,22,16,8,0,0.4231,6,13,46,46000000,13,46,46000000,1,0,0,51802,2242,750,0,0,SEARCH_CUTOFF,0,0,0,0,-1,-1,-1,-1,-1,7980,11986,7980,119046,0,0,0,30107,955,901,87499,58716,0,11818,10820,47314,0,327,0,6698,12043317,138985,1872.78,0,0,0,8637.81,8637.83,c0ea8d3bb854ae7e85bb248160ab62898236197e7dd510daf579ec5f63dde6d7,8.654,ok,
g1_dmedium_ascarce_pcross_heavy_gshared_pool_seed0,warehouse_random_factorial,carrier,1,18,33.0,33000000,7,18,8,0,0.1944,5,18,33,33000000,18,33,33000000,1,0,0,5862,361,145,0,0,SEARCH_CUTOFF,0,1,0,0,-1,33,-1,18,-1,8670,21563,8670,72060,0,0,0,34704,2931,866,131382,17933,6,191121,23581,27741,0,10122,0,6515.55,2237564,101710,684.209,5171,0,3,8798.27,8798.29,875e714e90821df7b0b176d553ffcdf56feb753911aaa68fdd3fd8e08980d45d,8.82,ok,
g1_dmedium_ascarce_pcross_heavy_gsingleton_seed0,warehouse_random_factorial,carrier,1,29,54.0,54000000,24,22,8,0,0.4138,7,29,56,56000000,29,54,54000000,1,1,1,0,27,76,1,1,REFERENCE_SUFFIX_ACCEPTED,0,0,0,0,-1,-1,-1,-1,-1,35,2,35,430,0,0,0,105,4,2,446,38,0,118,14,54,0,0,0,14.4905,10051,111,1.73713,0,0,0,16.3548,16.3693,cb2ae0aa5ccb0a60b9298e6d9851d48c5518b150e52e387fc5eee9eb634d8de1,0.025,ok,
g1_dmedium_ascarce_plocal_gshared_pool_seed0,warehouse_random_factorial,carrier,1,26,46.0,46000000,17,21,8,0,0.3269,13,26,46,46000000,26,46,46000000,1,0,0,7818,433,185,0,0,SEARCH_CUTOFF,0,1,0,0,-1,46,-1,26,-1,9720,17369,9720,77642,0,0,0,29996,1011,151,133289,32378,0,109833,15896,28846,0,7249,0,7046.03,2258312,85002,626.705,3074,0,6,8730.68,8730.7,208c3177402d5637ce0bf7355144adeae639c7cad8d9ff36bc40628fdee52363,8.75,ok,
g1_dmedium_ascarce_plocal_gsingleton_seed0,warehouse_random_factorial,carrier,1,24,40.0,40000000,12,20,8,0,0.25,8,24,41,41000000,24,40,40000000,1,1,1,10,136,109,0,0,STRICT_IMPROVEMENT,0,0,0,0,-1,-1,-1,-1,-1,32,76,32,171,0,0,0,81,0,0,90,13,0,409,97,106,0,25,0,20.0595,4114,453,2.32335,32,0,0,26.443,26.4589,2077b71766f128a4fee65f492f3fb6ab3478b6b906507b8b499ae094b2e404d5,0.035,ok,
g1_dmedium_ascarce_pmixed_gshared_pool_seed0,warehouse_random_factorial,carrier,1,20,36.0,36000000,10,18,8,0,0.25,8,20,38,38000000,20,36,36000000,1,1,1,27,170,107,1,1,REFERENCE_SUFFIX_ACCEPTED,0,1,1,1,46,38,36,20,20,30,172,30,1323,0,0,0,91,0,0,69,7,0,1502,237,178,0,63,0,32.042,9447,1267,5.55197,91,0,0,48.5547,48.5709,181a60b6b8f02ce91cbec094956d4e571c1a0f684e213861be184c534ffbdefa,0.058,ok,
g1_dmedium_ascarce_pmixed_gsingleton_seed0,warehouse_random_factorial,carrier,1,24,45.0,45000000,22,15,8,0,0.4583,6,24,45,45000000,24,45,45000000,1,0,0,4121,365,169,0,0,SEARCH_CUTOFF,0,0,0,0,-1,-1,-1,-1,-1,7618,22867,7618,95436,0,0,0,27059,1719,288,119423,23257,1,185082,27217,27365,0,11070,0,6437.11,4671172,105235,949.887,6922,0,0,8806.03,8806.06,6d23fae3199624a367239da2249d216e174143bbfd934c8e9340e050e1b8346f,8.829,ok,
g1_dmedium_asurplus_pcross_heavy_gshared_pool_seed0,warehouse_random_factorial,carrier,1,10,30.0,30000000,7,15,8,0,0.1167,3,10,30,30000000,10,30,30000000,1,0,0,19815,239,884,0,0,SEARCH_CUTOFF,0,1,0,0,-1,30,-1,10,-1,182,28272,182,1888,0,0,0,643,16,16,5385,905,0,50219,10106,47022,0,10,0,1887.99,4643014,201728,1053.95,0,0,0,8800.52,8800.54,97e59c4fd24ccfb3dda1f8de6f0aae736853d7a9af7f245dc7194ec6be812ed9,8.819,ok,
g1_dmedium_asurplus_pcross_heavy_gsingleton_seed0,warehouse_random_factorial,carrier,1,15,43.0,43000000,26,9,8,0,0.2889,8,15,43,43000000,15,43,43000000,1,0,0,135286,8,54,0,0,SEARCH_CUTOFF,0,0,0,0,-1,-1,-1,-1,-1,136,24188,136,2487,0,0,0,405,51,38,28,0,0,7987,5500,52761,0,43,0,3038.06,17151855,142327,2439.66,0,0,0,8737.07,8737.09,8c8819db8fd39c7ec4ab072f0ff85a27cd79732d97ea63f5dfd82bc693fe1d7f,8.753,ok,
g1_dmedium_asurplus_plocal_gshared_pool_seed0,warehouse_random_factorial,carrier,1,15,37.0,37000000,17,12,8,0,0.1889,7,15,37,37000000,15,37,37000000,1,0,0,13810,10,68,0,0,SEARCH_CUTOFF,0,1,0,0,-1,37,-1,15,-1,29,19349,29,1501,0,0,0,55,0,0,125,16,0,7430,7405,23238,0,5,0,852.646,1804447,38838,337.902,0,0,0,8695.53,8695.55,083e1052175dc98d793a7723d4a31d33d187c05a678adcb5dedf423d8a20b77f,8.711,ok,
g1_dmedium_asurplus_plocal_gsingleton_seed0,warehouse_random_factorial,carrier,1,13,33.0,33000000,12,13,8,0,0.1538,3,13,33,33000000,13,33,33000000,1,0,0,4735,52,184,0,0,SEARCH_CUTOFF,0,0,0,0,-1,-1,-1,-1,-1,34,19660,34,237,0,0,0,75,0,0,142,25,0,25711,9,19705,0,0,0,821.461,1100659,51474,290.528,0,0,0,8682.81,8682.83,4659b531963bce5a7eb668945cad3b5421a04075e9566a7b07e87e94bc22c3d0,8.698,ok,
g1_dmedium_asurplus_pmixed_gshared_pool_seed0,warehouse_random_factorial,carrier,1,13,38.0,38000000,10,20,8,0,0.1282,6,13,38,38000000,13,38,38000000,1,0,0,5265,15,89,0,0,SEARCH_CUTOFF,0,1,0,0,-1,38,-1,13,-1,47,21697,47,1276,0,0,0,124,1,0,82,12,0,31431,3375,29075,0,2,0,1184.89,2784896,100539,602.871,0,0,0,8716.28,8716.3,847c093477d8c34112b29aec974eee4e476f7df16be2f1eba06ebc67f7c7e762,8.734,ok,
g1_dmedium_asurplus_pmixed_gsingleton_seed0,warehouse_random_factorial,carrier,1,12,41.0,41000000,22,11,8,0,0.3056,5,12,41,41000000,12,41,41000000,1,0,0,109674,44,189,0,0,SEARCH_CUTOFF,0,0,0,0,-1,-1,-1,-1,-1,1078,26788,1078,10646,0,0,0,3881,0,0,13613,10167,0,52,29,72661,0,21,0,2901.28,11506176,166645,1796.22,0,0,0,8753.73,8753.76,543c0df38602155282be97e18280da7e40bc6fab6d21f13450203124daaf3a73,8.772,ok,
g2_dhigh_abaseline_pcross_heavy_gshared_pool_seed0,warehouse_random_factorial,carrier,1,20,64.0,64000000,24,28,12,0,0.3,47,20,64,64000000,20,64,64000000,1,0,0,4183,2398,971,0,0,SEARCH_CUTOFF,0,1,0,0,-1,64,-1,20,-1,39,11708,39,2080,0,0,8,129,4,4,886,114,0,103335,38346,7971,0,289,0,2150.83,1037575,132301,607.479,21044,0,0,9108.23,9108.27,0019de2e10f5855fb275533cae3140fafba7a839cc3efa579877206034d6e714,9.138,ok,
g2_dhigh_abaseline_pcross_heavy_gsingleton_seed0,warehouse_random_factorial,carrier,1,32,108.0,108000000,59,37,12,0,0.4609,51,34,110,110000000,32,108,108000000,1,1,1,0,33,158,0,0,STRICT_IMPROVEMENT,1,0,0,0,-1,-1,-1,-1,-1,51,3,51,1478,0,0,0,218,31,29,1673,501,0,173,27,126,0,0,0,98.0658,159038,386,20.869,2,0,0,102.267,102.291,3f48a1ffc6db092e4497086f7253c008248df8fdf9def5c44a1d9913a4876af5,0.112,ok,
g2_dhigh_abaseline_plocal_gshared_pool_seed0,warehouse_random_factorial,carrier,1,23,68.0,68000000,20,36,12,0,0.2174,41,23,68,68000000,23,68,68000000,1,0,0,8197,4824,1928,0,0,SEARCH_CUTOFF,0,1,0,0,-1,68,-1,23,-1,39,13491,39,2212,0,0,0,116,0,0,390,162,0,65362,30819,11090,0,340,0,2007.02,231956,77034,426.268,15001,0,0,8900.05,8900.08,8aa3158f64f3c551819cd347673a50977d24948b997f34822c615c39c866a6b0,8.932,ok,
g2_dhigh_abaseline_plocal_gsingleton_seed0,warehouse_random_factorial,carrier,1,22,65.0,65000000,31,22,12,0,0.3523,28,22,66,66000000,22,65,65000000,1,1,1,6966,4144,1779,0,0,STRICT_IMPROVEMENT,1,0,0,0,-1,-1,-1,-1,-1,55,7886,55,567,0,0,0,188,12,12,578,121,0,52157,15298,7268,0,161,0,1167.5,492972,70679,345.488,6603,0,12,4395.45,4395.49,d63e1981b8b1dc27e88aeef24d7a398e68feae88177a5b7d1853934c65cce944,4.415,ok,
g2_dhigh_abaseline_pmixed_gshared_pool_seed0,warehouse_random_factorial,carrier,1,27,92.0,92000000,39,41,12,0,0.3611,94,27,92,92000000,27,92,92000000,1,0,0,60906,1977,650,0,0,SEARCH_CUTOFF,3,1,0,0,-1,92,-1,27,-1,1268,22783,1268,24007,0,0,24,4059,465,441,11722,46379,0,18579,8711,42200,0,487,0,5117.54,11079045,147079,1779.15,979,0,0,8805.04,8805.08,d73a4a3261996a04954979025171204b934ba08de378661f3f5a00e72191d00b,8.826,ok,
g2_dhigh_abaseline_pmixed_gsingleton_seed0,warehouse_random_factorial,carrier,1,27,90.0,90000000,45,33,12,0,0.4167,38,27,90,90000000,27,90,90000000,1,0,0,33991,1661,787,0,0,SEARCH_CUTOFF,0,0,0,0,-1,-1,-1,-1,-1,263,24100,263,2082,0,0,0,694,12,12,1050,5066,0,65084,16812,31043,0,364,0,2597.69,3273683,124403,861.903,2864,0,0,9046.55,9046.59,3041cce83335545ef88f5a681a3fdfb04918343df215983fccd36f3441f126f7,9.075,ok,
g2_dhigh_aequal_pcross_heavy_gshared_pool_seed0,warehouse_random_factorial,carrier,1,18,65.0,65000000,24,29,12,0,0.2222,49,18,65,65000000,18,65,65000000,1,0,0,4776,28,159,0,0,SEARCH_CUTOFF,0,1,0,0,-1,65,-1,18,-1,27,13205,27,2769,0,0,5,86,3,3,701,175,0,81,16,13251,0,0,0,877.817,470262,20514,179.137,0,0,0,8623.6,8623.64,afc56395ef8204603e76278e76889145dd37f01c2f89f0eb25a938ac46e8dfe8,8.639,ok,
g2_dhigh_aequal_pcross_heavy_gsingleton_seed0,warehouse_random_factorial,carrier,1,23,97.0,97000000,61,24,12,0,0.442,39,23,97,97000000,23,97,97000000,1,0,0,66059,23,139,0,0,SEARCH_CUTOFF,0,0,0,0,-1,-1,-1,-1,-1,255,19481,255,4756,0,0,0,857,58,52,6099,1017,0,4921,4852,44157,0,8,0,4228.34,21898036,104681,2941.8,0,0,0,8653.22,8653.26,4e7281bd665ae72c6b15e32b86b7f327d6cf0ff9b97c4498f6f08df9e93fdcaf,8.668,ok,
g2_dhigh_aequal_plocal_gshared_pool_seed0,warehouse_random_factorial,carrier,1,13,61.0,61000000,20,29,12,0,0.2564,36,13,61,61000000,13,61,61000000,1,0,0,12015,11,69,0,0,SEARCH_CUTOFF,0,1,0,0,-1,61,-1,13,-1,3118,11325,3118,35331,0,0,0,12466,0,0,31606,116832,0,1467,1399,47613,0,2,0,6499.19,5018749,100368,1050.5,0,0,0,8613.85,8613.89,76e963f3b352c7f1b0f5858380fe166eae2bd00a2cb701df11b9778397e5ebc0,8.628,ok,
g2_dhigh_aequal_plocal_gsingleton_seed0,warehouse_random_factorial,carrier,1,15,67.0,67000000,31,24,12,0,0.3444,24,15,67,67000000,15,67,67000000,1,0,0,21163,55,187,0,0,SEARCH_CUTOFF,0,0,0,0,-1,-1,-1,-1,-1,319,22889,319,3279,0,0,0,1116,44,43,8049,1997,0,13256,7130,51220,0,2,0,2394.44,4619141,120526,989.366,0,0,10,8698.66,8698.69,b2e619f609abf2c528968dda6305ca22af78f77fb4beb556d1e217158741afeb,8.716,ok,
g2_dhigh_aequal_pmixed_gshared_pool_seed0,warehouse_random_factorial,carrier,1,21,87.0,87000000,40,35,12,0,0.3175,66,21,87,87000000,21,87,87000000,1,0,0,8186,273,655,0,0,SEARCH_CUTOFF,0,1,0,0,-1,87,-1,21,-1,81,18335,81,4468,0,0,9,283,12,12,1811,608,0,9212,9139,24945,0,1,0,2124.12,6146270,41658,1073.67,0,0,0,8635.24,8635.27,2ce86d27857d8d229df77ced4ac02c0116c157182e3bb95eadcd533e7e3cd409,8.651,ok,
g2_dhigh_aequal_pmixed_gsingleton_seed0,warehouse_random_factorial,carrier,1,21,91.0,91000000,45,34,12,0,0.3571,39,21,91,91000000,21,91,91000000,1,0,0,16103,24,148,0,0,SEARCH_CUTOFF,1,0,0,0,-1,-1,-1,-1,-1,66,22053,66,986,0,0,0,209,14,8,450,371,0,5428,3201,36049,0,2,0,1379.02,2558629,53576,527.306,4,0,0,8652.28,8652.32,278add07561dff86fd40d974e1193e6869063fc2930b98e78dde06c896f4ad92,8.668,ok,
g2_dhigh_ascarce_pcross_heavy_gshared_pool_seed0,warehouse_random_factorial,carrier,1,23,66.0,66000000,24,30,12,0,0.3478,49,23,66,66000000,23,66,66000000,1,0,0,26449,1248,552,0,0,SEARCH_CUTOFF,0,1,0,0,-1,66,-1,23,-1,407,25788,407,5683,0,0,5,1700,62,52,11395,1442,0,143193,29458,28284,0,2365,0,3750.75,4419513,217624,1431.4,7879,0,0,8846.05,8846.09,7d6d8b96b9b363e037aa7a36d27f598e1e8c838df6fe009f3991387991dbb599,8.873,ok,
g2_dhigh_ascarce_pcross_heavy_gsingleton_seed0,warehouse_random_factorial,carrier,1,38,102.0,102000000,59,31,12,0,0.5175,58,39,104,104000000,38,102,102000000,1,1,1,4,43,154,1,1,REFERENCE_SUFFIX_ACCEPTED,0,0,0,0,-1,-1,-1,-1,-1,70,5,70,1828,0,0,0,273,31,29,1911,792,0,199,21,130,0,0,0,116.113,115887,382,14.9225,0,0,0,120.832,120.858,00c3c4e822154e722634426d351d512505302aab0120ce6f1b084d3ea104ab80,0.13,ok,
g2_dhigh_ascarce_plocal_gshared_pool_seed0,warehouse_random_factorial,carrier,1,26,74.0,74000000,20,42,12,0,0.2564,45,26,74,74000000,26,74,74000000,1,0,0,10204,943,418,0,0,SEARCH_CUTOFF,0,1,0,0,-1,74,-1,26,-1,887,21091,887,5864,0,0,0,2535,24,0,3132,4048,0,109558,27193,23052,0,2150,0,3458.69,1619395,171274,949.715,10566,0,0,8799.32,8799.36,863a522540472d8784707a079aaa5ecff6470454b7cb101b438ec1b6daf737e8,8.825,ok,
g2_dhigh_ascarce_plocal_gsingleton_seed0,warehouse_random_factorial,carrier,1,35,88.0,88000000,31,45,12,0,0.2952,38,35,88,88000000,35,88,88000000,1,0,0,30768,1293,648,0,0,SEARCH_CUTOFF,1,0,0,0,-1,-1,-1,-1,-1,1807,20639,1807,13938,0,0,0,4759,366,149,3745,634,0,36588,14606,27155,0,2574,0,3768.7,1910731,77521,721.096,5720,0,0,8770.44,8770.48,4d07f7d32529aaf66e2c44a4dd23a002dd8018f57adfc7db6cd906e21532adc4,8.796,ok,
g2_dhigh_ascarce_pmixed_gshared_pool_seed0,warehouse_random_factorial,carrier,1,36,90.0,90000000,39,39,12,0,0.3611,87,36,90,90000000,36,90,90000000,1,0,0,41676,649,385,0,0,SEARCH_CUTOFF,0,1,0,0,-1,90,-1,36,-1,2376,20730,2376,26288,0,0,18,4996,199,176,3265,5791,0,33024,15305,27118,0,2953,0,4070.24,2882158,86294,886.917,2241,0,0,8777.37,8777.41,c5b9269e8e7bc751bbdb7c7837a2b669451dac52244ee6dd45e6d4d60fd7b080,8.802,ok,
g2_dhigh_ascarce_pmixed_gsingleton_seed0,warehouse_random_factorial,carrier,1,33,89.0,89000000,43,34,12,0,0.4343,42,33,89,89000000,33,89,89000000,1,0,0,20209,810,330,0,0,SEARCH_CUTOFF,0,0,0,0,-1,-1,-1,-1,-1,2882,15388,2882,37117,0,0,0,8780,1517,894,32497,55733,125,20148,10181,27219,0,1092,0,6483.52,8609829,84107,1326.31,520,256,431,8647.56,8647.61,43d98a83711c9e1d3feccd9d2bbfe5650e337f580410a08901698a2ef773ac5b,8.666,ok,
g2_dhigh_asurplus_pcross_heavy_gshared_pool_seed0,warehouse_random_factorial,carrier,1,13,56.0,56000000,24,20,12,0,0.2051,41,13,56,56000000,13,56,56000000,1,0,0,304082,16,126,0,0,SEARCH_CUTOFF,0,1,0,0,-1,56,-1,13,-1,72,17789,72,2515,0,0,7,243,40,40,2018,454,0,62,22,44842,0,0,0,1691.4,5782293,109395,948.139,3,0,0,8652.25,8652.29,84fc1da638a2f30d23418bf567bbc472f9e9da15beb0beb44418dd55795aa670,8.686,ok,
g2_dhigh_asurplus_pcross_heavy_gsingleton_seed0,warehouse_random_factorial,carrier,1,23,97.0,97000000,61,24,12,0,0.2947,40,23,97,97000000,23,97,97000000,1,0,0,174278,23,202,0,0,SEARCH_CUTOFF,0,0,0,0,-1,-1,-1,-1,-1,121,15465,121,2510,0,0,0,431,31,25,2268,652,0,7835,7775,38368,0,0,0,3599.89,23227700,110411,2734.22,0,0,0,8623.3,8623.34,78f5e6c376f103d379a21d50c509398fa84b0c6afbef2d181d9c91783e3ec564,8.643,ok,
g2_dhigh_asurplus_plocal_gshared_pool_seed0,warehouse_random_factorial,carrier,1,12,56.0,56000000,20,24,12,0,0.1852,36,12,56,56000000,12,56,56000000,1,0,0,64032,15,116,0,0,SEARCH_CUTOFF,0,1,0,0,-1,56,-1,12,-1,1659,13731,1659,21990,0,0,0,6836,0,0,13950,63198,0,71,35,51471,0,0,0,4263.44,6737368,112152,1161.74,0,0,0,8630.97,8631.01,43c50e95952c1e94c8b9bf15020041cd42d0a6a88124588f58ab3ad24ce1d4fe,8.648,ok,
g2_dhigh_asurplus_plocal_gsingleton_seed0,warehouse_random_factorial,carrier,1,15,61.0,61000000,31,18,12,0,0.2296,22,15,61,61000000,15,61,61000000,1,0,0,121111,18,154,0,0,SEARCH_CUTOFF,0,0,0,0,-1,-1,-1,-1,-1,140,17596,140,1787,0,0,0,464,24,24,2133,939,0,3718,3671,41526,0,0,0,2002.25,7291214,101780,1125.94,0,0,14,8641.07,8641.11,765b79bb62cba984c7bd7a465d67ff5873c28bb3540583067c647817e81ebc2e,8.662,ok,
g2_dhigh_asurplus_pmixed_gshared_pool_seed0,warehouse_random_factorial,carrier,1,16,77.0,77000000,39,26,12,0,0.2708,59,16,78,78000000,16,77,77000000,1,1,1,7107,7796,11029,0,0,STRICT_IMPROVEMENT,0,1,1,1,804,78,77,16,16,336,85,336,8854,0,0,16,1724,492,351,5093,1974,0,75,27,1427,0,0,0,775.673,255720,3371,52.4562,4,0,141,812.639,812.673,c5b2e6e8f3dad459652c60f28ad37ec3c1b84e0f1d218280ad75c39d080441ca,0.823,ok,
g2_dhigh_asurplus_pmixed_gsingleton_seed0,warehouse_random_factorial,carrier,1,19,85.0,85000000,45,28,12,0,0.2632,34,19,85,85000000,19,85,85000000,1,0,0,200453,58,315,0,0,SEARCH_CUTOFF,0,0,0,0,-1,-1,-1,-1,-1,177,17538,177,2585,0,0,0,664,23,21,1546,3360,0,96,40,47888,0,0,0,2335.58,7974605,127871,1292.09,0,0,0,8637.62,8637.66,a11b581e3f737b969da17f14a80495dcb294be4f31bbd3cb1d409c1cbbf8fff0,8.662,ok,
g2_dlow_abaseline_pcross_heavy_gshared_pool_seed0,warehouse_random_factorial,carrier,1,21,64.0,64000000,19,33,12,0,0.2262,31,21,64,64000000,21,64,64000000,1,0,0,8632,4016,1629,0,0,SEARCH_CUTOFF,0,1,0,0,-1,64,-1,21,-1,93,31185,93,2314,0,0,0,297,4,4,3812,480,0,140787,35659,31818,0,471,0,2444.78,1795072,247447,937.932,16413,0,0,9012.71,9012.75,7c39fedac13d06c70f4f33b20b280fb6c8ece7243303bcd8c7e4f75047cb68cd,9.043,ok,
g2_dlow_abaseline_pcross_heavy_gsingleton_seed0,warehouse_random_factorial,carrier,1,24,86.0,86000000,47,27,12,0,0.4896,29,26,88,88000000,24,86,86000000,1,1,1,0,25,117,1,1,REFERENCE_SUFFIX_ACCEPTED,0,0,0,0,-1,-1,-1,-1,-1,44,4,44,955,0,0,0,180,18,12,508,56,0,132,23,106,0,0,0,57.303,93368,332,12.1611,0,0,0,59.1927,59.2241,4c281b7c8e37a0daee4312c754911bf9978bc7657ba41477495c4e4741c05aae,0.069,ok,
g2_dlow_abaseline_plocal_gshared_pool_seed0,warehouse_random_factorial,carrier,1,20,62.0,62000000,15,35,12,0,0.1875,22,20,62,62000000,20,62,62000000,1,0,0,1155,3201,1456,0,0,SEARCH_CUTOFF,0,1,0,0,-1,62,-1,20,-1,33,12023,33,1801,0,0,0,110,0,0,2,0,0,125293,20672,5905,0,558,0,1711.98,609312,133096,583.786,9984,0,0,9411.93,9411.96,4cbf27c9f6de52ee14039556d045643786ddd67079673019297ae9677c302c2b,9.441,ok,
g2_dlow_abaseline_plocal_gsingleton_seed0,warehouse_random_factorial,carrier,1,20,62.0,62000000,25,25,12,0,0.3125,13,20,62,62000000,20,62,62000000,1,0,0,14007,4318,1872,0,0,SEARCH_CUTOFF,0,0,0,0,-1,-1,-1,-1,-1,612,49311,612,4230,0,0,0,2269,6,0,11,2,0,135682,16709,71881,0,461,0,3577.85,5553113,407657,1692.69,799,0,10,8884.95,8884.99,77870dc76ef05d6a0d3d3e4376d62ff2c193cdfa18d3650eff9ae05e199bf061,8.913,ok,
g2_dlow_abaseline_pmixed_gshared_pool_seed0,warehouse_random_factorial,carrier,1,29,92.0,92000000,29,51,12,0,0.25,52,29,94,94000000,29,92,92000000,1,1,1,12400,4121,1703,1,1,REFERENCE_SUFFIX_ACCEPTED,0,1,1,1,5114,94,92,29,29,132,27755,132,4733,0,0,0,412,0,0,96,0,0,43262,5948,28933,0,372,0,1406.76,3023223,78994,627.977,610,0,0,5345.47,5345.51,f75fe04ae4755264650f78b3a752e34c02daaebbced1433190adf5fc22e740aa,5.365,ok,
g2_dlow_abaseline_pmixed_gsingleton_seed0,warehouse_random_factorial,carrier,1,25,86.0,86000000,39,35,12,0,0.39,26,25,88,88000000,25,86,86000000,1,1,1,118,1322,510,0,0,STRICT_IMPROVEMENT,0,0,0,0,-1,-1,-1,-1,-1,41,896,41,722,0,0,0,169,4,4,576,123,0,1681,168,983,0,0,0,92.5369,181303,3072,30.937,0,0,0,122.03,122.065,ae064d626f311721331b4ae22badc4060fc9f3862d379e7df49605805d8de76d,0.132,ok,
g2_dlow_aequal_pcross_heavy_gshared_pool_seed0,warehouse_random_factorial,carrier,1,12,58.0,58000000,17,29,12,0,0.2361,25,14,60,60000000,12,58,58000000,1,1,1,73,270,922,0,0,STRICT_IMPROVEMENT,0,1,1,1,103,60,58,14,12,120,53,120,2689,0,0,0,425,0,0,517,37,0,79,13,652,0,0,0,99.4915,52217,1102,11.8979,0,0,0,103.76,103.786,33d36ab4368ddd05b2a6670244bc0f1e00c64d99b180a45f9717c0ec8c9acac6,0.113,ok,
g2_dlow_aequal_pcross_heavy_gsingleton_seed0,warehouse_random_factorial,carrier,1,20,85.0,85000000,49,24,12,0,0.4083,22,20,85,85000000,20,85,85000000,1,0,0,7858,226,588,0,0,SEARCH_CUTOFF,0,0,0,0,-1,-1,-1,-1,-1,4747,1788,4747,135930,0,0,0,25823,3971,3772,203323,12609,0,1324,1168,29112,0,0,0,7937.39,18307943,52277,2340.31,0,0,0,8552.29,8552.34,0a249f6edff81e77b2186fca5826364bc5d85d88463bcb4be432ae32f79123df,8.565,ok,
g2_dlow_aequal_plocal_gshared_pool_seed0,warehouse_random_factorial,carrier,1,13,56.0,56000000,15,29,12,0,0.1923,22,13,56,56000000,13,56,56000000,1,0,0,1574,52,249,0,0,SEARCH_CUTOFF,0,1,0,0,-1,56,-1,13,-1,136,19344,136,2964,0,0,0,512,0,0,90,0,0,27607,8266,39769,0,0,0,1668.5,4010209,140138,985.529,510,0,0,8628.32,8628.36,85a2001a15a21c166bed33c227dc86cbe1e381d44ab3a7bdcb046e0c9194d742,8.643,ok,
g2_dlow_aequal_plocal_gsingleton_seed0,warehouse_random_factorial,carrier,1,15,59.0,59000000,23,24,12,0,0.2556,11,15,61,61000000,15,59,59000000,1,1,1,33,56,274,1,1,REFERENCE_SUFFIX_ACCEPTED,0,0,0,0,-1,-1,-1,-1,-1,143,32,143,1360,0,0,0,442,33,28,158,115,5,91,35,438,0,0,0,116.237,65089,1034,13.2727,0,0,7,120.805,120.833,09a74f6c5da5c8d6291b24100f76b73f9453f496d0ab4a4ff5b5fd45cb5784ca,0.13,ok,
g2_dlow_aequal_pmixed_gshared_pool_seed0,warehouse_random_factorial,carrier,1,19,78.0,78000000,31,35,12,0,0.2719,37,19,78,78000000,19,78,78000000,1,0,0,4912,32593,9569,0,0,SEARCH_CUTOFF,0,1,0,0,-1,78,-1,19,-1,172,22054,172,5668,0,0,0,688,30,30,0,0,0,18085,13,51052,0,0,0,3001.46,15841940,180186,2311.29,0,0,0,8639.99,8640.02,c577546029daf6d1154250db72876315e306380074c3bc583609d283565a1e59,8.655,ok,
g2_dlow_aequal_pmixed_gsingleton_seed0,warehouse_random_factorial,carrier,1,20,80.0,80000000,37,31,12,0,0.3083,20,20,82,82000000,20,80,80000000,1,1,1,17,25,151,0,0,STRICT_IMPROVEMENT,1,0,0,0,-1,-1,-1,-1,-1,53,4,53,789,0,0,0,154,17,17,316,142,2,82,16,123,0,0,0,47.3424,78267,317,10.4182,0,4,0,49.5604,49.5848,95885bc31a74c9858874971775e35bc72ae5e8888f99458b9c0b5b85ffbf4798,0.059,ok,
g2_dlow_ascarce_pcross_heavy_gshared_pool_seed0,warehouse_random_factorial,carrier,1,21,62.0,62000000,19,31,12,0,0.3016,24,21,62,62000000,21,62,62000000,1,0,0,12363,989,504,0,0,SEARCH_CUTOFF,0,1,0,0,-1,62,-1,21,-1,648,33487,648,8935,0,0,0,3007,191,132,20431,2426,0,233119,23208,34195,0,2904,0,4711.39,13576545,378618,2653.44,6884,0,0,9418.78,9418.82,0b4dbe1eb59f38471069bdcd8d6980082d6a9c00e299874adbe1dd3996492b6f,9.452,ok,
g2_dlow_ascarce_pcross_heavy_gsingleton_seed0,warehouse_random_factorial,carrier,1,54,106.0,106000000,51,43,12,0,0.3148,37,55,106,106000000,54,106,106000000,1,1,1,3,63,229,1,1,REFERENCE_SUFFIX_ACCEPTED,0,0,0,0,-1,-1,-1,-1,-1,57,2,57,1192,0,0,0,245,20,12,844,128,0,241,22,106,0,0,0,73.7068,74821,471,9.90579,2,0,2,77.1531,77.1785,7a14da56c9ecf295ca2fbd41f66adf7b3c066bd0be578ca1634811678f2401fd,0.085,ok,
g2_dlow_ascarce_plocal_gshared_pool_seed0,warehouse_random_factorial,carrier,1,26,76.0,76000000,15,47,14,1,0.1923,25,27,74,74000000,26,76,76000000,1,1,1,1946,832,406,0,0,STRICT_IMPROVEMENT,2,1,1,1,882,74,76,27,26,73,5158,73,2409,0,0,0,237,0,0,190,27,0,21678,3422,5375,0,340,0,467.582,654157,52786,234.789,2231,0,0,966.569,966.604,538c832bb1cee63129ca0b7b3720e9bd09d80095363a56a18b6aff948f20136e,0.979,ok,
g2_dlow_ascarce_plocal_gsingleton_seed0,warehouse_random_factorial,carrier,1,26,64.0,64000000,25,27,12,0,0.3205,15,26,64,64000000,26,64,64000000,1,0,0,8497,1568,648,0,0,SEARCH_CUTOFF,0,0,0,0,-1,-1,-1,-1,-1,512,32449,512,3435,0,0,0,1575,18,11,481,53,0,175458,28786,32144,0,3864,0,3336.46,3814360,337296,1505.34,10032,0,10,8976.86,8976.89,fe0620de8894c4521def494540f3bfedee24f084e6922aeebb18dee0b9fddb35,9.011,ok,
g2_dlow_ascarce_pmixed_gshared_pool_seed0,warehouse_random_factorial,carrier,1,30,87.0,87000000,29,46,12,0,0.3222,47,30,89,89000000,30,87,87000000,1,1,1,0,28,106,0,0,STRICT_IMPROVEMENT,0,1,1,1,65,89,87,30,30,39,2,39,4070,0,0,0,171,0,0,43,3,0,224,24,66,0,0,0,63.5048,31166,331,4.93269,3,0,0,65.5966,65.6195,a1441e6943cdbefbe2249bb0a5caaca70773ee2eab96d0c9376bf3d51188f4b9,0.075,ok,
g2_dlow_ascarce_pmixed_gsingleton_seed0,warehouse_random_factorial,carrier,1,31,85.0,85000000,37,36,12,0,0.3978,32,32,87,87000000,31,85,85000000,1,1,1,1,31,118,1,1,REFERENCE_SUFFIX_ACCEPTED,0,0,0,0,-1,-1,-1,-1,-1,55,2,55,926,0,0,0,208,14,14,482,130,0,197,21,89,0,0,0,64.6356,65038,317,8.74145,2,0,2,67.0375,67.0631,fc27a7401af85dee68f0c28bc7a47f60b98e3a129b3f9ce678697ac811d04e8b,0.077,ok,
g2_dlow_asurplus_pcross_heavy_gshared_pool_seed0,warehouse_random_factorial,carrier,1,11,51.0,51000000,19,20,12,0,0.1919,24,12,51,51000000,11,51,51000000,1,1,1,1,17,142,0,0,STRICT_IMPROVEMENT,2,1,1,1,41,51,51,12,11,30,9,30,1717,0,0,0,97,0,0,586,73,0,67,23,93,0,0,0,39.7667,16408,241,3.10859,3,0,0,41.4357,41.4597,1ec08c3243b762657f9889a004dbebabbf3f6c35c2227fd3124dfd0158b2e77e,0.051,ok,
g2_dlow_asurplus_pcross_heavy_gsingleton_seed0,warehouse_random_factorial,carrier,1,20,85.0,85000000,49,24,12,0,0.2722,21,20,85,85000000,20,85,85000000,1,0,0,31187,226,903,0,0,SEARCH_CUTOFF,0,0,0,0,-1,-1,-1,-1,-1,4702,1788,4702,134565,0,0,0,25550,3914,3718,201066,12593,0,1324,1168,28865,0,0,0,7906.16,18170522,51917,2307.63,0,0,0,8569.6,8569.64,dd5a46c43a4408d92171aadead0e9e978ad100029fce37fcebe185f24bdf5cda,8.583,ok,
g2_dlow_asurplus_plocal_gshared_pool_seed0,warehouse_random_factorial,carrier,1,12,51.0,51000000,15,24,12,0,0.1389,28,12,51,51000000,12,51,51000000,1,0,0,12762,268,1426,0,0,SEARCH_CUTOFF,0,1,0,0,-1,51,-1,12,-1,315,20217,315,4096,0,0,0,1167,0,0,865,32,0,20893,6870,47292,0,0,0,1514.55,2046552,144000,632.034,3416,0,0,8659.61,8659.65,fad7edac9d6c6a9bfb2ea50340a6cbd2a0cca7ed1a92239efee2d464abc3abbd,8.676,ok,
g2_dlow_asurplus_plocal_gsingleton_seed0,warehouse_random_factorial,carrier,1,15,53.0,53000000,23,18,12,0,0.1704,11,15,55,55000000,15,53,53000000,1,1,1,54,19,162,0,0,STRICT_IMPROVEMENT,0,0,0,0,-1,-1,-1,-1,-1,201,95,201,942,0,0,0,499,10,9,20,23,1,88,18,627,0,0,0,123.067,53510,1023,11.9155,0,0,11,131.494,131.526,14ba21fe6f451d168520ffc05703adee280436a16b3d3141d1bed3e6d26bcd31,0.14,ok,
g2_dlow_asurplus_pmixed_gshared_pool_seed0,warehouse_random_factorial,carrier,1,14,67.0,67000000,29,26,12,0,0.2302,30,14,69,69000000,14,67,67000000,1,1,1,11,47,311,1,1,REFERENCE_SUFFIX_ACCEPTED,0,1,1,1,52,69,67,14,14,34,12,34,2518,0,0,0,153,0,0,0,0,0,76,16,172,0,0,0,50.7214,39851,370,7.36523,0,0,0,52.6561,52.6811,1f7b5cf14dc8db73a8ac3f38a0c7a416dd7932083d9461d0e8daa0459c1ba110,0.061,ok,
g2_dlow_asurplus_pmixed_gsingleton_seed0,warehouse_random_factorial,carrier,1,19,82.0,82000000,39,31,12,0,0.2281,22,19,84,84000000,19,82,82000000,1,1,1,162,59,408,0,0,STRICT_IMPROVEMENT,0,0,0,0,-1,-1,-1,-1,-1,318,133,318,2530,0,0,0,890,8,8,385,8,0,143,56,1044,0,0,0,287.918,210676,2045,35.5547,0,0,0,301.108,301.14,795cb75d089c957f360b1cb1ebc747660188866882a7372f7da4fb241b143051,0.31,ok,
g2_dmedium_abaseline_pcross_heavy_gshared_pool_seed0,warehouse_random_factorial,carrier,1,21,64.0,64000000,19,33,12,0,0.2262,37,21,64,64000000,21,64,64000000,1,0,0,6868,4213,1545,0,0,SEARCH_CUTOFF,0,1,0,0,-1,64,-1,21,-1,55,17556,55,2178,0,0,0,174,2,2,1519,210,0,123258,38987,14814,0,322,0,2339.26,1012688,165524,702.298,17759,0,0,8922.63,8922.66,5af93610f3df9dd9d1d47c5aa251c5325dc7033a2fb2111b63562f0b356baf8c,8.953,ok,
g2_dmedium_abaseline_pcross_heavy_gsingleton_seed0,warehouse_random_factorial,carrier,1,24,86.0,86000000,47,27,12,0,0.4896,32,26,88,88000000,24,86,86000000,1,1,1,1,25,114,1,1,REFERENCE_SUFFIX_ACCEPTED,0,0,0,0,-1,-1,-1,-1,-1,43,4,43,954,0,0,0,178,18,12,692,530,0,131,23,104,0,0,0,63.9392,93288,330,12.1591,0,0,0,66.7024,66.7265,c1c3665cef55e214277ec1f8c2702d8e2d182bd67beb5f174acf0f9843666dd6,0.075,ok,
g2_dmedium_abaseline_plocal_gshared_pool_seed0,warehouse_random_factorial,carrier,1,20,62.0,62000000,15,35,12,0,0.1875,29,20,62,62000000,20,62,62000000,1,0,0,5578,4165,1503,0,0,SEARCH_CUTOFF,0,1,0,0,-1,62,-1,20,-1,37,13693,37,1818,0,0,0,111,0,0,32,0,0,113699,37742,9503,0,311,0,2038.2,619515,136556,601.237,20538,0,0,8889,8889.04,c27426f9bdb1f7352954f462a6dccd924d806dfb9476b0dcacd3236cca8c2471,8.918,ok,
g2_dmedium_abaseline_plocal_gsingleton_seed0,warehouse_random_factorial,carrier,1,21,64.0,64000000,31,21,12,0,0.369,22,21,65,65000000,21,64,64000000,1,1,1,306,2198,940,0,0,STRICT_IMPROVEMENT,0,0,0,0,-1,-1,-1,-1,-1,36,1446,36,469,0,0,0,147,6,0,146,26,0,17474,1990,1214,0,24,0,353.296,170502,21772,107.315,369,0,10,822.39,822.43,a0315c7d59a188af445b0342706f5bd4c9403a43bd674fa55e4ed78b357ccd96,0.835,ok,
g2_dmedium_abaseline_pmixed_gshared_pool_seed0,warehouse_random_factorial,carrier,1,27,92.0,92000000,39,41,12,0,0.3611,87,27,92,92000000,27,92,92000000,1,0,0,60420,1977,665,0,0,SEARCH_CUTOFF,3,1,0,0,-1,92,-1,27,-1,1470,25002,1470,26119,0,0,23,4641,517,502,11924,4285,0,19841,12169,46606,0,479,0,5001.36,12203774,160593,1971.1,826,0,211,8881.1,8881.14,d73a4a3261996a04954979025171204b934ba08de378661f3f5a00e72191d00b,8.903,ok,
g2_dmedium_abaseline_pmixed_gsingleton_seed0,warehouse_random_factorial,carrier,1,27,90.0,90000000,45,33,12,0,0.4167,35,27,90,90000000,27,90,90000000,1,0,0,23556,1661,838,0,0,SEARCH_CUTOFF,0,0,0,0,-1,-1,-1,-1,-1,581,31732,581,4319,0,0,0,1470,14,10,180,47,0,63051,17347,41340,0,338,0,2887.64,4467975,134435,1006.61,2731,0,0,9072.34,9072.37,3041cce83335545ef88f5a681a3fdfb04918343df215983fccd36f3441f126f7,9.1,ok,
g2_dmedium_aequal_pcross_heavy_gshared_pool_seed0,warehouse_random_factorial,carrier,1,13,60.0,60000000,19,29,12,0,0.2436,30,14,60,60000000,13,60,60000000,1,1,1,231,272,631,1,1,REFERENCE_SUFFIX_ACCEPTED,1,1,1,1,108,60,60,14,13,74,41,74,2277,0,0,0,239,0,0,888,280,0,79,13,363,0,0,0,104.82,32113,643,7.1347,0,0,0,109.37,109.403,e73efe5df1f8abf7589ff54f7e7160fc502b3bb478783f50a3ae4ecff26cf83b,0.119,ok,
g2_dmedium_aequal_pcross_heavy_gsingleton_seed0,warehouse_random_factorial,carrier,1,20,85.0,85000000,49,24,12,0,0.4083,25,20,85,85000000,20,85,85000000,1,0,0,9603,226,498,0,0,SEARCH_CUTOFF,0,0,0,0,-1,-1,-1,-1,-1,4275,736,4275,125066,0,0,0,22987,2380,2360,170916,52825,0,147,16,23114,0,0,0,8137.74,13708591,40085,1805.31,0,0,0,8544.08,8544.12,4bfec61dca23f8be481532599446bae508bd55a49a9eefbfa2a56ba9bc8673f5,8.556,ok,
g2_dmedium_aequal_plocal_gshared_pool_seed0,warehouse_random_factorial,carrier,1,13,56.0,56000000,15,29,12,0,0.1923,29,13,56,56000000,13,56,56000000,1,0,0,4970,52,208,0,0,SEARCH_CUTOFF,0,1,0,0,-1,56,-1,13,-1,88,19324,88,2445,0,0,0,324,0,0,161,0,0,24947,14170,39241,0,0,0,1732.21,3605208,131819,919.907,4568,0,0,8626.87,8626.91,32bf6afed26d4510e8274aaac4d1dcdbc5e54b6d9b9e9f62803e714475435532,8.642,ok,
g2_dmedium_aequal_plocal_gsingleton_seed0,warehouse_random_factorial,carrier,1,15,65.0,65000000,29,24,12,0,0.3222,18,15,67,67000000,15,65,65000000,1,1,1,24,56,208,1,1,REFERENCE_SUFFIX_ACCEPTED,0,0,0,0,-1,-1,-1,-1,-1,45,9,45,609,0,0,0,173,18,9,1398,305,3,91,18,170,0,0,0,76.5251,39585,371,7.10752,0,0,7,79.178,79.2053,12c7cc31acd52abee3a273030c791de2c4da1a4b430cb3885ec358a262f9fb52,0.089,ok,
g2_dmedium_aequal_pmixed_gshared_pool_seed0,warehouse_random_factorial,carrier,1,21,87.0,87000000,40,35,12,0,0.3175,60,21,87,87000000,21,87,87000000,1,0,0,3783,273,655,0,0,SEARCH_CUTOFF,0,1,0,0,-1,87,-1,21,-1,77,16595,77,4249,0,0,9,276,15,12,1459,304,0,8152,20888,23016,0,0,0,1221.5,1933715,52477,448.004,3170,0,0,8615.16,8615.2,2ce86d27857d8d229df77ced4ac02c0116c157182e3bb95eadcd533e7e3cd409,8.63,ok,
g2_dmedium_aequal_pmixed_gsingleton_seed0,warehouse_random_factorial,carrier,1,21,91.0,91000000,45,34,12,0,0.3571,30,21,91,91000000,21,91,91000000,1,0,0,16103,24,148,0,0,SEARCH_CUTOFF,1,0,0,0,-1,-1,-1,-1,-1,66,22422,66,982,0,0,0,209,14,8,424,16,0,5428,3201,36418,0,2,0,1264.48,2573015,53945,523.976,4,0,0,8654.55,8654.6,278add07561dff86fd40d974e1193e6869063fc2930b98e78dde06c896f4ad92,8.671,ok,
g2_dmedium_ascarce_pcross_heavy_gshared_pool_seed0,warehouse_random_factorial,carrier,1,21,62.0,62000000,19,31,12,0,0.3016,29,21,62,62000000,21,62,62000000,1,0,0,17703,1037,521,0,0,SEARCH_CUTOFF,0,1,0,0,-1,62,-1,21,-1,621,28372,621,7510,0,0,0,2682,141,97,23144,1537,0,190667,26225,28257,0,2271,0,4175.78,6453890,281392,1790.7,8341,0,0,8888.73,8888.76,7027e4e3a961123fe066527a582e4f66227d300c8ad46d42fbe260a8d3f65ccd,8.918,ok,
g2_dmedium_ascarce_pcross_heavy_gsingleton_seed0,warehouse_random_factorial,carrier,1,59,111.0,111000000,55,44,12,0,0.3107,42,60,112,112000000,59,111,111000000,1,1,1,10,75,254,0,0,STRICT_IMPROVEMENT,1,0,0,0,-1,-1,-1,-1,-1,64,9,64,1237,0,0,0,250,20,12,1120,662,0,241,22,122,0,0,0,81.7968,74817,484,10.0919,2,0,2,87.812,87.8391,888844d7f87a73838addb805af6bb8a7a76d80037354817a6972c0155d6e6a4c,0.097,ok,
g2_dmedium_ascarce_plocal_gshared_pool_seed0,warehouse_random_factorial,carrier,1,26,76.0,76000000,15,47,14,1,0.1923,34,27,74,74000000,26,76,76000000,1,1,1,3464,941,424,0,0,STRICT_IMPROVEMENT,2,1,1,1,1345,74,76,27,26,140,5437,140,2739,0,0,0,444,6,0,1286,359,0,23828,5881,5601,0,350,0,688.121,531267,47802,246.047,2871,0,0,1432.14,1432.17,a3e76c47d607dafaa0e38f25f06803ac546b6781df7f322434207e55dd016b4a,1.444,ok,
g2_dmedium_ascarce_plocal_gsingleton_seed0,warehouse_random_factorial,carrier,1,28,80.0,80000000,29,39,12,0,0.3452,25,28,82,82000000,28,80,80000000,1,1,1,71,472,246,0,0,STRICT_IMPROVEMENT,0,0,0,0,-1,-1,-1,-1,-1,66,229,66,777,0,0,0,255,6,0,34,0,0,628,126,404,0,4,0,103.369,73098,2144,15.4515,2,0,0,113.947,113.973,c1a41b12ecf568ce5c7db83f98b2d6acfede6b9a05c8999e797a1a3b037626ab,0.124,ok,
g2_dmedium_ascarce_pmixed_gshared_pool_seed0,warehouse_random_factorial,carrier,1,36,90.0,90000000,39,39,12,0,0.3611,78,36,90,90000000,36,90,90000000,1,0,0,36596,593,347,0,0,SEARCH_CUTOFF,0,1,0,0,-1,90,-1,36,-1,3018,22939,3018,34554,0,0,15,6894,19,14,3657,5555,0,47898,20042,27459,0,2933,0,4600.3,4114868,106810,1039.6,1824,0,0,8808.33,8808.37,c5b9269e8e7bc751bbdb7c7837a2b669451dac52244ee6dd45e6d4d60fd7b080,8.834,ok,
g2_dmedium_ascarce_pmixed_gsingleton_seed0,warehouse_random_factorial,carrier,1,33,87.0,87000000,41,34,12,0,0.4141,39,33,89,89000000,33,87,87000000,1,1,1,291,49,149,0,0,STRICT_IMPROVEMENT,0,0,0,0,-1,-1,-1,-1,-1,106,747,106,1597,0,0,0,340,50,28,483,401,3,337,206,1321,0,11,0,143.512,214657,2087,34.6265,0,0,20,178.932,178.96,1277543dc14d5af0d0fe900e9651a90b82b700137446638a8d2932f8225255ce,0.188,ok,
g2_dmedium_asurplus_pcross_heavy_gshared_pool_seed0,warehouse_random_factorial,carrier,1,12,51.0,51000000,19,20,12,0,0.1759,29,12,51,51000000,12,51,51000000,1,0,0,37549,16,126,0,0,SEARCH_CUTOFF,0,1,0,0,-1,51,-1,12,-1,81,19422,81,2129,0,0,0,224,16,16,1999,327,0,67,23,45744,0,0,0,1244.25,2914782,86077,575.707,3,0,0,8651.41,8651.44,0927d2b4af01c1e062b3fd33da9abd7c4c22f879bd52eca013a25a6cb9cb13c4,8.672,ok,
g2_dmedium_asurplus_pcross_heavy_gsingleton_seed0,warehouse_random_factorial,carrier,1,20,85.0,85000000,49,24,12,0,0.2722,23,20,85,85000000,20,85,85000000,1,0,0,19369,226,723,0,0,SEARCH_CUTOFF,0,0,0,0,-1,-1,-1,-1,-1,4209,736,4209,123206,0,0,0,22657,2314,2294,167791,52620,0,147,16,22870,0,0,0,8129.11,13546187,39557,1823.97,0,0,0,8549.24,8549.27,9c506a490d444ffd9f4e85c14986968b6d9b65e7d5e4e29275db0ba489395cd1,8.562,ok,
g2_dmedium_asurplus_plocal_gshared_pool_seed0,warehouse_random_factorial,carrier,1,12,51.0,51000000,15,24,12,0,0.1389,29,12,51,51000000,12,51,51000000,1,0,0,26511,270,953,0,0,SEARCH_CUTOFF,0,1,0,0,-1,51,-1,12,-1,198,19082,198,3349,0,0,0,720,0,0,634,82,0,19703,6459,41810,0,0,0,1837.72,4588154,128288,898.388,3215,0,0,8647.71,8647.74,d233baca3f668dc8cf1aa08aae0f8e5b017c4bcfa1a5d16f2ff7e61e5abdb12c,8.666,ok,
g2_dmedium_asurplus_plocal_gsingleton_seed0,warehouse_random_factorial,carrier,1,15,59.0,59000000,29,18,12,0,0.2148,17,15,61,61000000,15,59,59000000,1,1,1,1848,19,154,0,0,STRICT_IMPROVEMENT,0,0,0,0,-1,-1,-1,-1,-1,360,484,360,1690,0,0,0,1086,10,9,4821,1016,1,218,79,2120,0,0,0,462.7,132167,3642,33.3459,0,0,11,501.533,501.565,b1d4960d71241386da72824da10efe8b54c92dc2b9a5441898f8045e5e363bbe,0.512,ok,
g2_dmedium_asurplus_pmixed_gshared_pool_seed0,warehouse_random_factorial,carrier,1,16,77.0,77000000,39,26,12,0,0.2708,55,16,77,77000000,16,77,77000000,1,0,0,29070,18,160,0,0,SEARCH_CUTOFF,0,1,0,0,-1,77,-1,16,-1,4065,1766,4065,51204,0,0,16,20808,2519,2167,107962,22563,0,1453,60,23632,0,0,0,7944.23,1651164,45966,436.368,4,0,307,8551.76,8551.79,c5b2e6e8f3dad459652c60f28ad37ec3c1b84e0f1d218280ad75c39d080441ca,8.565,ok,
g2_dmedium_asurplus_pmixed_gsingleton_seed0,warehouse_random_factorial,carrier,1,19,85.0,85000000,45,28,12,0,0.2632,27,19,85,85000000,19,85,85000000,1,0,0,63065,58,401,0,0,SEARCH_CUTOFF,0,0,0,0,-1,-1,-1,-1,-1,381,18095,381,5036,0,0,0,1442,25,23,1059,160,0,3987,43,54921,0,0,0,2468.53,7998548,139693,1305.09,0,0,0,8636.88,8636.92,a11b581e3f737b969da17f14a80495dcb294be4f31bbd3cb1d409c1cbbf8fff0,8.657,ok,
g3_dhigh_abaseline_pcross_heavy_gshared_pool_seed0,warehouse_random_factorial,carrier,1,29,131.0,131000000,33,82,16,0,0.1897,138,29,131,131000000,29,131,131000000,1,0,0,0,23715,17282,0,0,SEARCH_CUTOFF,1,1,0,0,-1,131,-1,29,-1,27,3,27,3544,0,0,0,150,0,0,56,0,0,19993,25,77,0,0,0,1172.69,97849,20103,137.104,2,0,0,8629.72,8629.77,db6594ff9592ac2c231b7190c0b2f760b08417c448cafaf69e51ec8bd1f38b17,8.646,ok,
g3_dhigh_abaseline_pcross_heavy_gsingleton_seed0,warehouse_random_factorial,carrier,1,44,216.0,216000000,72,128,16,0,0.2727,141,44,216,216000000,44,216,216000000,1,0,0,10047,46706,12506,0,0,SEARCH_CUTOFF,4,0,0,0,-1,-1,-1,-1,-1,62,15121,62,2392,0,0,0,358,74,34,1702,1140,4,20871,6900,16528,0,1,0,1677.52,2001615,50282,462.425,3424,0,0,8631.01,8631.07,33d38c0b304d896c19cdd0d68f50b85d075ed5da6196383f274292463fb86bf5,8.648,ok,
g3_dhigh_abaseline_plocal_gshared_pool_seed0,warehouse_random_factorial,carrier,1,17,78.0,78000000,19,43,16,0,0.1863,111,17,78,78000000,17,78,78000000,1,0,0,8861,46680,11803,0,0,SEARCH_CUTOFF,0,1,0,0,-1,78,-1,17,-1,37,19971,37,3611,0,0,0,144,0,0,353,141,0,26603,40,28847,0,1,0,1646.29,1122536,88424,446.642,11,0,0,8675.26,8675.31,360f37d10d4f0fb68acd39d4f76c9f2a90cd69c8bbfb966ebc0868a165be5d73,8.692,ok,
g3_dhigh_abaseline_plocal_gsingleton_seed0,warehouse_random_factorial,carrier,1,25,110.0,110000000,48,46,16,0,0.32,87,25,110,110000000,25,110,110000000,1,0,0,0,23637,17247,0,0,SEARCH_CUTOFF,1,0,0,0,-1,-1,-1,-1,-1,32,3,32,711,0,0,0,179,10,2,266,378,4,19843,20,101,0,0,0,1138.35,118048,19996,138.445,0,0,0,8621.59,8621.65,35142b2766ca63f48df085093ba32da6f7b433f07209b499dcc5300be78ae100,8.638,ok,
g3_dhigh_abaseline_pmixed_gshared_pool_seed0,warehouse_random_factorial,carrier,1,26,112.0,112000000,27,69,16,0,0.1731,135,26,112,112000000,26,112,112000000,1,0,0,8635,46692,12139,0,0,SEARCH_CUTOFF,1,1,0,0,-1,112,-1,26,-1,39,16555,39,3294,0,0,0,181,0,0,128,10,0,24692,2380,22203,0,1,0,1561.23,469196,66927,298.832,15,0,0,8653.74,8653.8,98319ecc3406af3ed94f8b0f1979b6074058d1212fcf13fc8c60567ee1c9916b,8.671,ok,
g3_dhigh_abaseline_pmixed_gsingleton_seed0,warehouse_random_factorial,carrier,1,24,98.0,98000000,36,46,16,0,0.25,58,24,98,98000000,24,98,98000000,1,0,0,0,23915,17240,0,0,SEARCH_CUTOFF,0,0,0,0,-1,-1,-1,-1,-1,30,9,30,491,0,0,0,157,0,0,348,110,0,20096,32,94,0,0,0,1116.94,97610,20232,135.008,3,0,0,8615.11,8615.17,52be679ada7b0bb0c53642462f70917414178105d48ad15f986dc9f40e74514c,8.632,ok,
g3_dhigh_aequal_pcross_heavy_gshared_pool_seed0,warehouse_random_factorial,carrier,1,21,125.0,125000000,33,76,16,0,0.1964,153,21,125,125000000,21,125,125000000,1,0,0,137616,62,356,0,0,SEARCH_CUTOFF,0,1,0,0,-1,125,-1,21,-1,111,17485,111,4450,0,0,0,424,4,4,859,429,0,6133,5994,41294,0,0,0,1969.48,2206449,111782,671.2,10,0,0,8652.16,8652.22,d24f3463d33308b0a23d79c8c8839ef6622ce3ad1757c20232e9d5cf30a75358,8.679,ok,
g3_dhigh_aequal_pcross_heavy_gsingleton_seed0,warehouse_random_factorial,carrier,1,31,189.0,189000000,70,103,16,0,0.2823,85,31,189,189000000,31,189,189000000,1,0,0,169637,68,378,0,0,SEARCH_CUTOFF,5,0,0,0,-1,-1,-1,-1,-1,262,13403,262,5869,0,0,0,1164,48,28,3420,1074,0,6926,6686,39509,0,0,0,4617.94,21601849,106967,2810.42,0,0,6,8619.59,8619.65,751311ae1510edded298245f53dcd37e2ba24cdcf0c8c6cb894913b4ea32dbaf,8.649,ok,
g3_dhigh_aequal_plocal_gshared_pool_seed0,warehouse_random_factorial,carrier,1,13,80.0,80000000,19,45,16,0,0.1827,87,13,80,80000000,13,80,80000000,1,0,0,80682,11,96,0,0,SEARCH_CUTOFF,0,1,0,0,-1,80,-1,13,-1,1824,6685,1824,19580,0,0,0,7941,0,0,4962,45846,0,3959,1728,27361,0,0,0,6983.72,2407572,60406,535.469,0,0,0,8580.68,8580.73,5baf80cb890a867ab75e34c1b325480e56e5f6bf5d1bd880381ef0206aef1c89,8.6,ok,
g3_dhigh_aequal_plocal_gsingleton_seed0,warehouse_random_factorial,carrier,1,17,108.0,108000000,48,44,16,0,0.3529,61,17,108,108000000,17,108,108000000,1,0,0,161529,179571,202726,0,0,SEARCH_CUTOFF,1,0,0,0,-1,-1,-1,-1,-1,652,14046,652,7196,0,0,0,3410,24,6,2826,9389,0,14843,32,45752,0,0,0,4010.51,3050870,118078,931.599,0,0,2,8646.29,8646.34,c1c91713b386001a223d195b0cc573d01f8128a8f77b8ef58401e3c9b5b17e42,8.67,ok,
g3_dhigh_aequal_pmixed_gshared_pool_seed0,warehouse_random_factorial,carrier,1,15,88.0,88000000,27,45,16,0,0.225,103,15,88,88000000,15,88,88000000,1,0,0,14819,20408,33863,0,0,SEARCH_CUTOFF,0,1,0,0,-1,88,-1,15,-1,2163,2285,2163,41815,0,0,0,11708,716,716,910,6834,0,6355,1813,14782,0,0,0,8064.51,2825190,35729,583.42,0,0,0,8544.28,8544.33,f64deaf9952b2a3a1c0be378d1cc398e76483d75efa32f9cd976abdc2e516aae,8.557,ok,
g3_dhigh_aequal_pmixed_gsingleton_seed0,warehouse_random_factorial,carrier,1,16,88.0,88000000,36,36,16,0,0.2812,42,16,88,88000000,16,88,88000000,1,0,0,222133,17,134,0,0,SEARCH_CUTOFF,0,0,0,0,-1,-1,-1,-1,-1,76,17155,76,738,0,0,0,261,0,0,310,467,0,108,23,36587,0,0,0,1485.67,2022708,67161,485.174,0,0,0,8648.4,8648.46,c6b32cb70555e1463b89a8d25ea1817b49f7818257196492c337c2b670b7f9c6,8.681,ok,
g3_dhigh_ascarce_pcross_heavy_gshared_pool_seed0,warehouse_random_factorial,carrier,1,35,128.0,128000000,33,79,16,0,0.2357,202,35,128,128000000,35,128,128000000,1,0,0,3797,3523,1384,0,0,SEARCH_CUTOFF,1,1,0,0,-1,128,-1,35,-1,52,9377,52,5236,0,0,0,277,0,0,88,10,0,117137,27548,8069,0,206,0,3082.44,1336832,223984,950.051,14452,0,0,8940.62,8940.67,149d4eb76b51f579b654da5df37e984d8d1ccfe56051526e10fc1736a03491b6,8.967,ok,
g3_dhigh_ascarce_pcross_heavy_gsingleton_seed0,warehouse_random_factorial,carrier,1,50,172.0,172000000,68,88,16,0,0.34,141,50,172,172000000,50,172,172000000,1,0,0,57553,53,240,0,0,SEARCH_CUTOFF,3,0,0,0,-1,-1,-1,-1,-1,101,12399,101,2713,0,0,0,461,70,22,1484,1053,0,21826,32239,10593,0,406,0,1915.16,1944099,47601,513.67,10411,0,0,8920.91,8920.96,a7133f9a0bc64593a11511747091f724f8d9f0807a433e4532c3ef64e45f9b64,8.944,ok,
g3_dhigh_ascarce_plocal_gshared_pool_seed0,warehouse_random_factorial,carrier,1,31,118.0,118000000,19,83,16,0,0.1532,108,31,118,118000000,31,118,118000000,1,0,0,1500,5737,2508,0,0,SEARCH_CUTOFF,0,1,0,0,-1,118,-1,31,-1,43,9775,43,2865,0,0,0,211,2,0,25,55,0,176261,43931,8638,0,141,0,4078.48,3977409,311853,1690.92,20288,0,0,8953.26,8953.31,994f182ba5cf50eaa6021a3975aba06ce55866ed95405fed4b0feac84b26c6f1,8.978,ok,
g3_dhigh_ascarce_plocal_gsingleton_seed0,warehouse_random_factorial,carrier,1,39,132.0,132000000,48,68,16,0,0.3077,120,39,132,132000000,39,132,132000000,1,0,0,5204,5997,2303,0,0,SEARCH_CUTOFF,2,0,0,0,-1,-1,-1,-1,-1,90,17237,90,1260,0,0,0,380,12,4,1380,1643,4,45710,17758,18549,0,171,0,2413.12,430706,70572,478.712,8279,0,2,9028.3,9028.36,c84e0d64db44f5a9072c8d3884a762f98996fa3ee0afba944dd2ddf2d2dabf00,9.055,ok,
g3_dhigh_ascarce_pmixed_gshared_pool_seed0,warehouse_random_factorial,carrier,1,31,119.0,119000000,27,76,16,0,0.2177,149,31,119,119000000,31,119,119000000,1,0,0,2854,1487,1004,0,0,SEARCH_CUTOFF,1,1,0,0,-1,119,-1,31,-1,117,12085,117,3728,0,0,0,520,11,0,1294,98,0,137162,31325,10074,0,172,0,3581.74,2444230,256388,1245.54,7298,0,0,8959.29,8959.35,c3271a2f23648ff3903b14bdb59a5b4d10c47201593f7107e1cc42653ea7d2c3,8.984,ok,
g3_dhigh_ascarce_pmixed_gsingleton_seed0,warehouse_random_factorial,carrier,1,31,100.0,100000000,36,48,16,0,0.2903,76,31,100,100000000,31,100,100000000,1,0,0,7108,5479,1932,0,0,SEARCH_CUTOFF,1,0,0,0,-1,-1,-1,-1,-1,119,16765,119,1110,0,0,0,453,0,0,474,579,0,71381,10829,19836,0,211,0,2766.78,795144,107768,653.728,2653,0,0,9057.75,9057.81,99730f50cc4ad8739ca9950cef51127139f5d53bde89b426e372bcfeb52814dd,9.084,ok,
g3_dhigh_asurplus_pcross_heavy_gshared_pool_seed0,warehouse_random_factorial,carrier,1,19,108.0,108000000,33,59,16,0,0.1447,122,19,108,108000000,19,108,108000000,1,0,0,97703,121238,247263,0,0,SEARCH_CUTOFF,0,1,0,0,-1,108,-1,19,-1,46,16481,46,3318,0,0,0,188,0,0,550,80,0,23126,4584,26550,0,0,0,1595.35,656498,82834,361.725,2,0,0,8659.9,8659.96,6b9ff2e5910c13497fdb36cd81400b10ac2c485e6ab44b9cbd32aef567d77825,8.683,ok,
g3_dhigh_asurplus_pcross_heavy_gsingleton_seed0,warehouse_random_factorial,carrier,1,41,173.0,173000000,68,89,16,0,0.1382,96,41,173,173000000,41,173,173000000,1,0,0,80696,29,371,0,0,SEARCH_CUTOFF,1,0,0,0,-1,-1,-1,-1,-1,95,15596,95,2796,0,0,0,362,97,67,2400,502,0,17197,25239,25722,0,0,0,2611.07,8702891,118561,1316.72,7193,25,4,8668.25,8668.31,c938f5f088d2ba4f61fa2455a046ff76391e4b866e4e7b75f193042139521fef,8.69,ok,
g3_dhigh_asurplus_plocal_gshared_pool_seed0,warehouse_random_factorial,carrier,1,12,72.0,72000000,19,37,16,0,0.1319,91,12,72,72000000,12,72,72000000,1,0,0,41982,62852,187202,0,0,SEARCH_CUTOFF,0,1,0,0,-1,72,-1,12,-1,50,16486,50,2915,0,0,0,245,0,0,65,1793,0,35729,14608,29944,0,0,0,2564.85,4832704,139210,1243.7,5070,0,0,8651,8651.06,2916786ca2e4e360f7796b1f28409225f3835dae9df831f78a561e7bd5510028,8.671,ok,
g3_dhigh_asurplus_plocal_gsingleton_seed0,warehouse_random_factorial,carrier,1,16,99.0,99000000,48,35,16,0,0.25,60,16,99,99000000,16,99,99000000,1,0,0,235371,22,248,0,0,SEARCH_CUTOFF,1,0,0,0,-1,-1,-1,-1,-1,968,12217,968,10523,0,0,0,3924,54,40,905,9149,0,106,34,42078,0,0,0,4790.84,4973522,93211,925.058,3,0,3,8624.63,8624.69,76d2cdc6f1481e76b4db1ef3f4b24ad857cb502c073e5473ed10e01546fb182b,8.651,ok,
g3_dhigh_asurplus_pmixed_gshared_pool_seed0,warehouse_random_factorial,carrier,1,13,82.0,82000000,27,39,16,0,0.1731,87,13,82,82000000,13,82,82000000,1,0,0,61090,1565,6887,0,0,SEARCH_CUTOFF,0,1,0,0,-1,82,-1,13,-1,2190,2052,2190,33764,0,0,0,12339,618,618,8463,22308,0,4510,219,16381,0,0,0,8045.98,1628333,34015,421.701,0,0,0,8543.78,8543.83,0f1abe0446e22d775b72108e8a4eb0cd8db80f88d45167c58c5b0d0bc1e7fdfe,8.56,ok,
g3_dhigh_asurplus_pmixed_gsingleton_seed0,warehouse_random_factorial,carrier,1,14,75.0,75000000,36,23,16,0,0.2143,43,14,75,75000000,14,75,75000000,1,0,0,79804,15,168,0,0,SEARCH_CUTOFF,0,0,0,0,-1,-1,-1,-1,-1,54,17817,54,529,0,0,0,165,0,0,14,1099,0,70,22,34853,0,0,0,1483.49,1923807,62131,477.453,0,0,0,8659.71,8659.77,669c2783b2162de7ced08ae413f3a33b8add38cf46f1f221ab1b696f5cd3c22c,8.691,ok,
g3_dlow_abaseline_pcross_heavy_gshared_pool_seed0,warehouse_random_factorial,carrier,1,29,131.0,131000000,33,82,16,0,0.1897,98,29,131,131000000,29,131,131000000,1,0,0,0,24667,17282,0,0,SEARCH_CUTOFF,1,1,0,0,-1,131,-1,29,-1,27,3,27,3084,0,0,0,150,0,0,2,0,0,20787,25,77,0,0,0,771.787,99437,20897,118.833,2,0,0,8621.11,8621.16,db6594ff9592ac2c231b7190c0b2f760b08417c448cafaf69e51ec8bd1f38b17,8.636,ok,
g3_dlow_abaseline_pcross_heavy_gsingleton_seed0,warehouse_random_factorial,carrier,1,45,177.0,177000000,64,97,16,0,0.237,56,45,179,179000000,45,177,177000000,1,1,1,0,31,208,1,1,REFERENCE_SUFFIX_ACCEPTED,3,0,0,0,-1,-1,-1,-1,-1,64,5,64,1886,0,0,0,259,50,26,246,82,4,267,35,146,0,0,0,111.806,233336,509,30.8449,3,0,11,116.266,116.308,bc9e71fe00d4074f36dc7d3c49b05d74033f39f81d2bd851952c79eef6873126,0.126,ok,
g3_dlow_abaseline_plocal_gshared_pool_seed0,warehouse_random_factorial,carrier,1,17,78.0,78000000,19,43,16,0,0.1863,72,17,78,78000000,17,78,78000000,1,0,0,1448,30630,12775,0,0,SEARCH_CUTOFF,0,1,0,0,-1,78,-1,17,-1,43,18713,43,3237,0,0,0,163,0,0,460,72,0,25324,40,27452,0,0,0,1072.6,878784,87396,388.723,11,0,0,8623.17,8623.22,7d3b7ebf18cb2d276095ba714a2d092ecafbf9a37d314c3703feaebced0832d9,8.638,ok,
g3_dlow_abaseline_plocal_gsingleton_seed0,warehouse_random_factorial,carrier,1,23,101.0,101000000,42,43,16,0,0.3043,46,23,101,101000000,23,101,101000000,1,0,0,1296,32065,15684,0,0,SEARCH_CUTOFF,2,0,0,0,-1,-1,-1,-1,-1,32,9695,32,543,0,0,0,163,8,0,40,3362,4,20650,26,9784,0,0,0,773.411,160482,30461,152.592,2,0,0,8613.73,8613.79,8a20a7c56f0d481c756b828fd089ea0b19d26f2cb160ee499d16d514a414a5e2,8.629,ok,
g3_dlow_abaseline_pmixed_gshared_pool_seed0,warehouse_random_factorial,carrier,1,26,112.0,112000000,27,69,16,0,0.1731,106,26,112,112000000,26,112,112000000,1,0,0,0,24645,15123,0,0,SEARCH_CUTOFF,1,1,0,0,-1,112,-1,26,-1,52,18213,52,3630,0,0,0,217,0,0,46,6,0,20543,40,27375,0,0,0,1005.66,572732,75232,298.098,15,0,0,8615.69,8615.74,08a4b91d632e886d776cf794793343f0e8ab9c7f28c729dfeab72d2a02f4d695,8.631,ok,
g3_dlow_abaseline_pmixed_gsingleton_seed0,warehouse_random_factorial,carrier,1,24,98.0,98000000,36,46,16,0,0.25,28,24,98,98000000,24,98,98000000,1,0,0,0,24852,15080,0,0,SEARCH_CUTOFF,0,0,0,0,-1,-1,-1,-1,-1,30,9,30,491,0,0,0,157,0,0,80,0,0,20697,32,94,0,0,0,694.91,98812,20833,114.39,3,0,0,8608.99,8609.05,39e00d9cc13fd5146af4ca81f6494d8bb812b29f7060248908f7a570b1a04749,8.623,ok,
g3_dlow_aequal_pcross_heavy_gshared_pool_seed0,warehouse_random_factorial,carrier,1,21,123.0,123000000,31,76,16,0,0.1845,106,21,125,125000000,21,123,123000000,1,1,1,121,63,398,1,1,REFERENCE_SUFFIX_ACCEPTED,0,1,1,1,351,125,123,21,21,162,56,162,4373,0,0,0,613,5,5,333,0,0,195,61,623,0,0,0,345.389,78399,1494,17.9988,10,0,0,353.228,353.271,4ff9cac6246df9fffa14cd68d5d366a6dfcd73b342a03c91ed7a873cabad8dec,0.363,ok,
g3_dlow_aequal_pcross_heavy_gsingleton_seed0,warehouse_random_factorial,carrier,1,31,183.0,183000000,68,99,16,0,0.2742,61,31,185,185000000,31,183,183000000,1,1,1,8,27,230,1,1,REFERENCE_SUFFIX_ACCEPTED,3,0,0,0,-1,-1,-1,-1,-1,57,9,57,1500,0,0,0,258,42,32,207,262,0,230,26,236,0,0,0,152.595,297664,624,40.6483,0,0,12,156.714,156.756,84be519ed640eda083115f1c198dc6881f5e6d44c54479bd630870a8331942f6,0.166,ok,
g3_dlow_aequal_plocal_gshared_pool_seed0,warehouse_random_factorial,carrier,1,13,78.0,78000000,17,45,16,0,0.1635,59,13,80,80000000,13,78,78000000,1,1,1,474,12,96,0,0,STRICT_IMPROVEMENT,0,1,1,1,1543,80,78,13,13,1029,684,1029,9709,0,0,0,4934,0,0,561,12,0,1920,147,7377,0,0,0,1480.65,339834,13132,103.101,0,0,0,1552.34,1552.38,8900dc229471d9e9da6b76caa9a6fdd2a635d54bcef62fd6db6167993fea3bce,1.563,ok,
g3_dlow_aequal_plocal_gsingleton_seed0,warehouse_random_factorial,carrier,1,17,97.0,97000000,40,41,16,0,0.2941,27,17,97,97000000,17,97,97000000,1,0,0,21877,42402,85173,0,0,SEARCH_CUTOFF,0,0,0,0,-1,-1,-1,-1,-1,873,16056,873,7616,0,0,0,3936,8,8,3068,921,0,20465,3409,50957,0,0,0,3125.23,2321531,134197,800.342,0,0,2,8641.45,8641.5,458d245e7e85aaf458a8ee64866b19bccad2cb791cf698b3e536a678eb20d611,8.659,ok,
g3_dlow_aequal_pmixed_gshared_pool_seed0,warehouse_random_factorial,carrier,1,15,88.0,88000000,27,45,16,0,0.225,82,15,88,88000000,15,88,88000000,1,0,0,2652,11371,37893,0,0,SEARCH_CUTOFF,0,1,0,0,-1,88,-1,15,-1,4266,2861,4266,77677,0,0,0,23293,1149,1149,157,0,0,9618,2409,30368,0,0,0,7661.61,4396442,57065,897.658,0,0,0,8570.53,8570.59,40f324839300df26180efa1af325656b0afeaef884b578831c175d1cd58e43df,8.584,ok,
g3_dlow_aequal_pmixed_gsingleton_seed0,warehouse_random_factorial,carrier,1,14,86.0,86000000,34,36,16,0,0.3036,23,16,88,88000000,14,86,86000000,1,1,1,1,16,125,0,0,STRICT_IMPROVEMENT,0,0,0,0,-1,-1,-1,-1,-1,25,6,25,429,0,0,0,112,0,0,16,0,0,108,23,88,0,0,0,43.4857,59312,241,8.82972,0,0,0,45.3543,45.3892,0e2669eb69cb7130eb8949ec93778062bc82c1f37f67fe4255f8bb2d09b716a9,0.054,ok,
g3_dlow_ascarce_pcross_heavy_gshared_pool_seed0,warehouse_random_factorial,carrier,1,35,128.0,128000000,33,79,16,0,0.2357,139,35,128,128000000,35,128,128000000,1,0,0,310,4372,1805,0,0,SEARCH_CUTOFF,1,1,0,0,-1,128,-1,35,-1,82,20509,82,4606,0,0,0,392,0,0,26,6,0,165833,6302,15348,0,470,0,2947.89,1945484,338008,1241.29,1402,0,0,9346.57,9346.62,149d4eb76b51f579b654da5df37e984d8d1ccfe56051526e10fc1736a03491b6,9.377,ok,
g3_dlow_ascarce_pcross_heavy_gsingleton_seed0,warehouse_random_factorial,carrier,1,47,151.0,151000000,64,71,16,0,0.3404,71,47,151,151000000,47,151,151000000,1,0,0,11218,108,347,0,0,SEARCH_CUTOFF,1,0,0,0,-1,-1,-1,-1,-1,842,32034,842,14615,0,0,0,2629,40,20,360,38,0,52020,13710,48485,0,203,0,5666.37,28651151,193485,3661.86,0,0,14,8953.82,8953.88,ebcc2d044260810dc7b64d438aefccddd85d22f5ad4826c23abae8fbe6b6e621,8.975,ok,
g3_dlow_ascarce_plocal_gshared_pool_seed0,warehouse_random_factorial,carrier,1,27,92.0,92000000,19,57,16,0,0.1759,80,27,92,92000000,27,92,92000000,1,0,0,4551,4359,1696,0,0,SEARCH_CUTOFF,1,1,0,0,-1,92,-1,27,-1,70,23499,70,3459,0,0,0,298,0,0,3,0,0,167068,15373,18304,0,443,0,3164.56,3035810,350068,1446.98,9098,0,0,8881.06,8881.11,07bc655f1a63dd976a832f27b6bbe744e183309f81bc3364da96f98a917b2bbb,8.912,ok,
g3_dlow_ascarce_plocal_gsingleton_seed0,warehouse_random_factorial,carrier,1,29,104.0,104000000,38,50,16,0,0.3276,34,29,106,106000000,29,104,104000000,1,1,1,893,2626,976,1,1,REFERENCE_SUFFIX_ACCEPTED,0,0,0,0,-1,-1,-1,-1,-1,900,6368,900,8025,0,0,0,3440,8,0,88,402,0,11010,3224,15603,0,20,0,2178.39,2186175,55121,434.914,3,0,2,2595.82,2595.87,ebcaffabeae0cb561033b2e2f39b40c4269881c248e8e8840c97080c890952de,2.608,ok,
g3_dlow_ascarce_pmixed_gshared_pool_seed0,warehouse_random_factorial,carrier,1,31,119.0,119000000,27,76,16,0,0.2177,110,31,119,119000000,31,119,119000000,1,0,0,1864,2368,1158,0,0,SEARCH_CUTOFF,1,1,0,0,-1,119,-1,31,-1,212,6562,212,4908,0,0,0,865,0,0,950,178,0,217295,20075,7870,0,377,0,3837.28,4698350,448585,1960.4,9615,0,0,8842.12,8842.17,3829e88219563f15da2d0a8c4dd1a0f20a9d26ec500908a197572ed221a5d7c7,8.872,ok,
g3_dlow_ascarce_pmixed_gsingleton_seed0,warehouse_random_factorial,carrier,1,31,100.0,100000000,36,48,16,0,0.2903,33,31,100,100000000,31,100,100000000,1,0,0,4305,5614,2429,0,0,SEARCH_CUTOFF,1,0,0,0,-1,-1,-1,-1,-1,306,38869,306,2236,0,0,0,1082,0,0,16,0,0,114305,11790,43109,0,350,0,3021.23,1763260,217002,1048.34,2177,0,0,8872.03,8872.09,edd7456d212a4583c97a43e1c04b134e399af49822b3b0aa73c60ef2ab8a742c,8.903,ok,
g3_dlow_asurplus_pcross_heavy_gshared_pool_seed0,warehouse_random_factorial,carrier,1,19,108.0,108000000,33,59,16,0,0.1447,95,19,108,108000000,19,108,108000000,1,0,0,24049,48566,188293,0,0,SEARCH_CUTOFF,0,1,0,0,-1,108,-1,19,-1,86,17787,86,3183,0,0,0,326,0,0,144,0,0,22900,3772,33516,0,0,0,1358.62,804202,99954,409.499,2,0,0,8642.08,8642.13,6b9ff2e5910c13497fdb36cd81400b10ac2c485e6ab44b9cbd32aef567d77825,8.662,ok,
g3_dlow_asurplus_pcross_heavy_gsingleton_seed0,warehouse_random_factorial,carrier,1,40,177.0,177000000,72,89,16,0,0.15,57,41,169,169000000,40,177,177000000,1,1,1,22,36,437,0,0,STRICT_IMPROVEMENT,3,0,0,0,-1,-1,-1,-1,-1,169,30,169,2848,0,0,0,458,50,30,148,0,0,234,42,349,0,0,0,156.899,262971,709,36.8602,0,33,6,165.559,165.602,22fa4e3f38604b0ab0ff71b91747ec5ca11ffab9989cb138d355b97d383310f8,0.175,ok,
g3_dlow_asurplus_plocal_gshared_pool_seed0,warehouse_random_factorial,carrier,1,12,72.0,72000000,19,37,16,0,0.1319,60,12,72,72000000,12,72,72000000,1,0,0,5628,27322,164109,0,0,SEARCH_CUTOFF,0,1,0,0,-1,72,-1,12,-1,114,17233,114,3651,0,0,0,552,0,0,55,10,0,36189,6029,33775,0,0,0,2300.57,6023472,144546,1272.22,0,0,0,8655.75,8655.8,b019a4cd01cc1fd0f1ae4001e3e44fe0d57bc41c6363f96322d13921fcd8da46,8.674,ok,
g3_dlow_asurplus_plocal_gsingleton_seed0,warehouse_random_factorial,carrier,1,15,89.0,89000000,40,33,16,0,0.2222,25,15,89,89000000,15,89,89000000,1,0,0,19888,272,1648,0,0,SEARCH_CUTOFF,0,0,0,0,-1,-1,-1,-1,-1,1512,13261,1512,20823,0,0,0,5914,64,32,942,3469,10,3066,21,48142,0,0,0,4611.89,9275029,115844,1489.71,0,0,3,8627.52,8627.58,02a9f8ba5be7f034a678e6ee4a8fa1da198b6db91175b856717d4d995009df04,8.646,ok,
g3_dlow_asurplus_pmixed_gshared_pool_seed0,warehouse_random_factorial,carrier,1,13,82.0,82000000,27,39,16,0,0.1731,69,13,82,82000000,13,82,82000000,1,0,0,3150,1566,9640,0,0,SEARCH_CUTOFF,0,1,0,0,-1,82,-1,13,-1,4555,1593,4555,61806,0,0,0,27576,125,125,19713,2026,0,6459,269,28590,0,0,0,7953.69,1923827,49207,545.099,0,0,0,8562.13,8562.18,a86caa53ad959147dd748b56363503eab389a5643ae1a6fe374eb47b77b77a9c,8.575,ok,
g3_dlow_asurplus_pmixed_gsingleton_seed0,warehouse_random_factorial,carrier,1,13,73.0,73000000,34,23,16,0,0.2179,17,14,75,75000000,13,73,73000000,1,1,1,0,14,166,0,0,STRICT_IMPROVEMENT,0,0,0,0,-1,-1,-1,-1,-1,23,3,23,335,0,0,0,88,0,0,0,0,0,70,22,83,0,0,0,34.8019,45583,196,6.72558,0,0,0,36.6071,36.6423,f36ef6eaeab4ea676360aa8da3a4c98717ddbb9e9fdc214088ae7986bf844997,0.045,ok,
g3_dmedium_abaseline_pcross_heavy_gshared_pool_seed0,warehouse_random_factorial,carrier,1,29,131.0,131000000,33,82,16,0,0.1897,109,29,131,131000000,29,131,131000000,1,0,0,0,24049,17282,0,0,SEARCH_CUTOFF,1,1,0,0,-1,131,-1,29,-1,27,3,27,3288,0,0,0,150,0,0,8,0,0,20272,25,77,0,0,0,949.935,98407,20382,131.961,2,0,0,8614.1,8614.15,db6594ff9592ac2c231b7190c0b2f760b08417c448cafaf69e51ec8bd1f38b17,8.63,ok,
g3_dmedium_abaseline_pcross_heavy_gsingleton_seed0,warehouse_random_factorial,carrier,1,45,177.0,177000000,64,97,16,0,0.237,71,45,179,179000000,45,177,177000000,1,1,1,3,31,208,1,1,REFERENCE_SUFFIX_ACCEPTED,3,0,0,0,-1,-1,-1,-1,-1,67,5,67,1937,0,0,0,265,50,26,304,256,4,267,35,150,0,0,0,143.738,233859,515,31.281,3,0,11,150.637,150.672,7a75b7489fa51dc391306e25fc15eebf5bc7fd3fcbebe7cf2d3a1ac91fde1500,0.161,ok,
g3_dmedium_abaseline_plocal_gshared_pool_seed0,warehouse_random_factorial,carrier,1,17,78.0,78000000,19,43,16,0,0.1863,92,17,78,78000000,17,78,78000000,1,0,0,11050,38946,9965,0,0,SEARCH_CUTOFF,0,1,0,0,-1,78,-1,17,-1,45,22334,45,3318,0,0,0,168,0,0,397,77,0,28944,40,33650,0,2,0,1533.04,1398350,101930,513.65,11,0,0,8664.92,8664.98,360f37d10d4f0fb68acd39d4f76c9f2a90cd69c8bbfb966ebc0868a165be5d73,8.683,ok,
g3_dmedium_abaseline_plocal_gsingleton_seed0,warehouse_random_factorial,carrier,1,23,101.0,101000000,42,43,16,0,0.3043,60,23,101,101000000,23,101,101000000,1,0,0,2592,38564,14129,0,0,SEARCH_CUTOFF,2,0,0,0,-1,-1,-1,-1,-1,31,9495,31,540,0,0,0,157,8,4,40,2812,4,20449,26,9583,0,0,0,1016.13,158874,30059,171.617,2,0,0,8626.18,8626.23,8a20a7c56f0d481c756b828fd089ea0b19d26f2cb160ee499d16d514a414a5e2,8.642,ok,
g3_dmedium_abaseline_pmixed_gshared_pool_seed0,warehouse_random_factorial,carrier,1,26,112.0,112000000,27,69,16,0,0.1731,116,26,112,112000000,26,112,112000000,1,0,0,1117,30734,13744,0,0,SEARCH_CUTOFF,1,1,0,0,-1,112,-1,26,-1,47,17892,47,3265,0,0,0,203,0,0,130,2,0,20217,40,27023,0,0,0,1206.44,567884,74476,313.002,15,0,0,8638.5,8638.56,98319ecc3406af3ed94f8b0f1979b6074058d1212fcf13fc8c60567ee1c9916b,8.655,ok,
g3_dmedium_abaseline_pmixed_gsingleton_seed0,warehouse_random_factorial,carrier,1,24,98.0,98000000,36,46,16,0,0.25,35,24,98,98000000,24,98,98000000,1,0,0,0,23906,17240,0,0,SEARCH_CUTOFF,0,0,0,0,-1,-1,-1,-1,-1,30,9,30,491,0,0,0,157,0,0,186,42,0,20088,32,94,0,0,0,889.095,97594,20224,131.19,3,0,0,8622.29,8622.34,52be679ada7b0bb0c53642462f70917414178105d48ad15f986dc9f40e74514c,8.637,ok,
g3_dmedium_aequal_pcross_heavy_gshared_pool_seed0,warehouse_random_factorial,carrier,1,21,123.0,123000000,31,76,16,0,0.1845,127,21,125,125000000,21,123,123000000,1,1,1,23,63,356,0,0,STRICT_IMPROVEMENT,0,1,1,1,221,125,123,21,21,56,6,56,3857,0,0,0,235,4,4,157,0,0,193,54,148,0,0,0,218.205,62089,509,11.3198,10,0,0,222.719,222.756,c50248f144861f0e7c01f49291e8ba1c28637ee3a6e22a39269f9efc7a6c26c4,0.233,ok,
g3_dmedium_aequal_pcross_heavy_gsingleton_seed0,warehouse_random_factorial,carrier,1,31,187.0,187000000,70,101,16,0,0.2823,73,31,187,187000000,31,187,187000000,1,0,0,25930,25,222,0,0,SEARCH_CUTOFF,3,0,0,0,-1,-1,-1,-1,-1,106,18512,106,1849,0,0,0,398,47,29,451,614,0,3688,30,40770,0,0,0,1570.06,3026594,79983,634.921,0,0,8,8633.92,8633.97,463b26e1d2b367f6b77daf8f893787b828ae9d9fbc740b4829d2920056676a48,8.655,ok,
g3_dmedium_aequal_plocal_gshared_pool_seed0,warehouse_random_factorial,carrier,1,13,80.0,80000000,19,45,16,0,0.1827,73,13,80,80000000,13,80,80000000,1,0,0,28626,11,96,0,0,SEARCH_CUTOFF,0,1,0,0,-1,80,-1,13,-1,2531,3584,2531,26445,0,0,0,11981,0,0,7182,88,0,3844,1248,22589,0,0,0,7765.3,1844916,45646,432.111,0,0,0,8553.65,8553.7,5baf80cb890a867ab75e34c1b325480e56e5f6bf5d1bd880381ef0206aef1c89,8.568,ok,
g3_dmedium_aequal_plocal_gsingleton_seed0,warehouse_random_factorial,carrier,1,17,97.0,97000000,40,41,16,0,0.2941,43,17,97,97000000,17,97,97000000,1,0,0,30182,49854,87372,0,0,SEARCH_CUTOFF,0,0,0,0,-1,-1,-1,-1,-1,659,15580,659,5660,0,0,0,2962,8,8,2362,693,0,19625,3259,48017,0,0,0,3415.12,2077431,128737,767.162,0,0,2,8617.29,8617.34,458d245e7e85aaf458a8ee64866b19bccad2cb791cf698b3e536a678eb20d611,8.637,ok,
g3_dmedium_aequal_pmixed_gshared_pool_seed0,warehouse_random_factorial,carrier,1,15,88.0,88000000,27,45,16,0,0.225,93,15,88,88000000,15,88,88000000,1,0,0,9712,16860,34987,0,0,SEARCH_CUTOFF,0,1,0,0,-1,88,-1,15,-1,3503,2281,3503,64345,0,0,0,19200,932,932,7884,20,0,7981,2113,21532,0,0,0,7871.64,3544658,46337,755.638,0,0,0,8548.89,8548.94,f64deaf9952b2a3a1c0be378d1cc398e76483d75efa32f9cd976abdc2e516aae,8.562,ok,
g3_dmedium_aequal_pmixed_gsingleton_seed0,warehouse_random_factorial,carrier,1,16,88.0,88000000,36,36,16,0,0.2812,32,16,88,88000000,16,88,88000000,1,0,0,144444,17,134,0,0,SEARCH_CUTOFF,0,0,0,0,-1,-1,-1,-1,-1,103,18051,103,909,0,0,0,351,0,0,260,264,0,108,23,43862,0,0,0,1527.84,2629400,86330,601.991,0,0,0,8640.93,8640.98,c6b32cb70555e1463b89a8d25ea1817b49f7818257196492c337c2b670b7f9c6,8.667,ok,
g3_dmedium_ascarce_pcross_heavy_gshared_pool_seed0,warehouse_random_factorial,carrier,1,35,128.0,128000000,33,79,16,0,0.2357,155,35,128,128000000,35,128,128000000,1,0,0,3212,3777,1796,0,0,SEARCH_CUTOFF,1,1,0,0,-1,128,-1,35,-1,79,15995,79,4811,0,0,0,362,0,0,26,6,0,136419,27830,14120,0,262,0,3059.06,1585838,271834,1089.61,13325,0,0,9057.73,9057.79,149d4eb76b51f579b654da5df37e984d8d1ccfe56051526e10fc1736a03491b6,9.087,ok,
g3_dmedium_ascarce_pcross_heavy_gsingleton_seed0,warehouse_random_factorial,carrier,1,47,151.0,151000000,64,71,16,0,0.3404,112,47,151,151000000,47,151,151000000,1,0,0,16386,1336,619,0,0,SEARCH_CUTOFF,1,0,0,0,-1,-1,-1,-1,-1,662,25554,662,11805,0,0,0,2231,117,97,3971,445,0,38537,17675,39623,0,151,0,5486.61,22574766,149143,2920.03,4149,0,14,8791.22,8791.27,b2fade2281be68beebebc5bc2c409e3d875ba49c17447b68e9c7fcb49b01ea9a,8.812,ok,
g3_dmedium_ascarce_plocal_gshared_pool_seed0,warehouse_random_factorial,carrier,1,31,118.0,118000000,19,83,16,0,0.1532,90,31,118,118000000,31,118,118000000,1,0,0,1887,6102,2739,0,0,SEARCH_CUTOFF,0,1,0,0,-1,118,-1,31,-1,58,14408,58,2905,0,0,0,271,2,0,12,1,0,213178,37471,11316,0,210,0,4328.1,5190759,399053,2039.92,17822,0,0,9130.64,9130.69,994f182ba5cf50eaa6021a3975aba06ce55866ed95405fed4b0feac84b26c6f1,9.158,ok,
g3_dmedium_ascarce_plocal_gsingleton_seed0,warehouse_random_factorial,carrier,1,29,104.0,104000000,38,50,16,0,0.3276,52,29,106,106000000,29,104,104000000,1,1,1,1059,2626,875,0,0,STRICT_IMPROVEMENT,0,0,0,0,-1,-1,-1,-1,-1,383,3193,383,3616,0,0,0,1443,8,6,90,422,0,5710,1709,7358,0,13,0,1501.94,748621,26972,186.271,3,0,2,1760.29,1760.34,3ea1b793e2ce0987634e25067b91633bf29dc49adaead6097515eac2cce13494,1.771,ok,
g3_dmedium_ascarce_pmixed_gshared_pool_seed0,warehouse_random_factorial,carrier,1,31,119.0,119000000,27,76,16,0,0.2177,116,31,119,119000000,31,119,119000000,1,0,0,1721,1799,1025,0,0,SEARCH_CUTOFF,1,1,0,0,-1,119,-1,31,-1,107,9163,107,3689,0,0,0,461,0,0,849,25,0,191281,33504,5646,0,218,0,3758.6,3657004,372093,1709.45,12380,0,0,9069.16,9069.22,c3271a2f23648ff3903b14bdb59a5b4d10c47201593f7107e1cc42653ea7d2c3,9.097,ok,
g3_dmedium_ascarce_pmixed_gsingleton_seed0,warehouse_random_factorial,carrier,1,31,100.0,100000000,36,48,16,0,0.2903,42,31,100,100000000,31,100,100000000,1,0,0,5419,5483,2033,0,0,SEARCH_CUTOFF,1,0,0,0,-1,-1,-1,-1,-1,179,28472,179,1460,0,0,0,653,0,0,238,42,0,91013,13329,32947,0,259,0,2853.65,1272768,169894,900.982,3537,0,0,8858.7,8858.75,99730f50cc4ad8739ca9950cef51127139f5d53bde89b426e372bcfeb52814dd,8.888,ok,
g3_dmedium_asurplus_pcross_heavy_gshared_pool_seed0,warehouse_random_factorial,carrier,1,19,108.0,108000000,33,59,16,0,0.1447,113,19,108,108000000,19,108,108000000,1,0,0,27158,51036,184162,0,0,SEARCH_CUTOFF,0,1,0,0,-1,108,-1,19,-1,70,17375,70,3324,0,0,0,270,0,0,137,2,0,22390,3690,31832,0,0,0,1565.96,751690,96782,407.151,2,0,0,8652.96,8653.01,6b9ff2e5910c13497fdb36cd81400b10ac2c485e6ab44b9cbd32aef567d77825,8.673,ok,
g3_dmedium_asurplus_pcross_heavy_gsingleton_seed0,warehouse_random_factorial,carrier,1,41,169.0,169000000,64,89,16,0,0.1301,78,41,169,169000000,41,169,169000000,1,0,0,35596,35,415,0,0,SEARCH_CUTOFF,0,0,0,0,-1,-1,-1,-1,-1,106,16822,106,2536,0,0,0,348,52,32,224,45,0,5989,5799,23036,0,0,0,1937.5,8027524,37055,1056.69,0,31,6,8632.36,8632.42,b135900538f4408b2e8de8c70c7649809b856d2c5052c398808b64817e8e453e,8.653,ok,
g3_dmedium_asurplus_plocal_gshared_pool_seed0,warehouse_random_factorial,carrier,1,12,72.0,72000000,19,37,16,0,0.1319,77,12,72,72000000,12,72,72000000,1,0,0,16237,37208,168287,0,0,SEARCH_CUTOFF,0,1,0,0,-1,72,-1,12,-1,78,16544,78,3208,0,0,0,381,0,0,55,45,0,35539,14599,32447,0,0,0,2604,6026912,139898,1404.19,5335,0,0,8646.05,8646.1,2916786ca2e4e360f7796b1f28409225f3835dae9df831f78a561e7bd5510028,8.67,ok,
g3_dmedium_asurplus_plocal_gsingleton_seed0,warehouse_random_factorial,carrier,1,15,89.0,89000000,40,33,16,0,0.2222,37,15,89,89000000,15,89,89000000,1,0,0,143705,272,1240,0,0,SEARCH_CUTOFF,0,0,0,0,-1,-1,-1,-1,-1,255,16367,255,3957,0,0,0,1002,72,68,1067,2691,6,96,21,42070,0,0,0,2953.93,9449490,109884,1444.45,0,0,3,8646.38,8646.44,02a9f8ba5be7f034a678e6ee4a8fa1da198b6db91175b856717d4d995009df04,8.668,ok,
g3_dmedium_asurplus_pmixed_gshared_pool_seed0,warehouse_random_factorial,carrier,1,13,82.0,82000000,27,39,16,0,0.1731,76,13,82,82000000,13,82,82000000,1,0,0,12463,1565,8112,0,0,SEARCH_CUTOFF,0,1,0,0,-1,82,-1,13,-1,3637,1745,3637,51173,0,0,0,19897,562,562,21224,2311,0,5671,244,21622,0,0,0,8004.58,1867297,43103,488.769,0,0,0,8549.51,8549.56,0f1abe0446e22d775b72108e8a4eb0cd8db80f88d45167c58c5b0d0bc1e7fdfe,8.563,ok,
g3_dmedium_asurplus_pmixed_gsingleton_seed0,warehouse_random_factorial,carrier,1,14,75.0,75000000,36,23,16,0,0.2143,29,14,75,75000000,14,75,75000000,1,0,0,79812,15,168,0,0,SEARCH_CUTOFF,0,0,0,0,-1,-1,-1,-1,-1,54,17976,54,529,0,0,0,165,0,0,8,706,0,70,22,35330,0,0,0,1303.48,1936527,62449,474.017,0,0,0,8640.81,8640.86,669c2783b2162de7ced08ae413f3a33b8add38cf46f1f221ab1b696f5cd3c22c,8.663,ok,
g4_dhigh_abaseline_pcross_heavy_gshared_pool_seed0,warehouse_random_factorial,carrier,1,34,229.0,229000000,68,134,26,0,0.25,1018,34,229,229000000,34,229,229000000,1,0,0,35854,55323,92002,0,0,SEARCH_CUTOFF,4,1,0,0,-1,229,-1,34,-1,92,14973,92,19445,0,0,8,599,32,12,1303,1245,1,20454,9040,26304,0,0,0,3185.46,1141049,85602,505.335,2538,1,0,8632.53,8632.62,dc5dc94c27b94ba2625babb769e450b64bd1127cb7c71201203738b4eacc78e3,8.653,ok,
g4_dhigh_abaseline_pcross_heavy_gsingleton_seed0,warehouse_random_factorial,carrier,1,40,266.0,266000000,113,129,24,0,0.3531,308,40,266,266000000,40,266,266000000,1,0,0,35562,56102,89323,0,0,SEARCH_CUTOFF,13,0,0,0,-1,-1,-1,-1,-1,75,15906,75,3869,0,0,0,589,56,38,554,932,16,17260,5206,28445,0,0,0,2798.97,3250596,101458,840.756,2587,0,0,8644.85,8644.93,7e13ce1a292291929285c94f7f58f18b4b2abf604c55c78142c6629082b6e727,8.665,ok,
g4_dhigh_abaseline_plocal_gshared_pool_seed0,warehouse_random_factorial,carrier,1,24,168.0,168000000,55,89,24,0,0.2865,563,24,168,168000000,24,168,168000000,1,0,0,53907,72912,107015,0,0,SEARCH_CUTOFF,0,1,0,0,-1,168,-1,24,-1,58,13857,58,10530,0,0,12,408,4,4,279,168,0,42461,10619,22032,0,0,0,3371.75,4962279,126912,1235.79,2634,0,0,8641.89,8641.97,65f5dab19b8076823b36da32667ed6cc7af095821a46fef54dfc9d8d39e60ef2,8.664,ok,
g4_dhigh_abaseline_plocal_gsingleton_seed0,warehouse_random_factorial,carrier,1,30,173.0,173000000,82,67,24,0,0.3417,126,30,173,173000000,30,173,173000000,1,0,0,0,22880,79986,0,0,SEARCH_CUTOFF,1,0,0,0,-1,-1,-1,-1,-1,44,13,44,1649,0,0,0,355,6,6,142,180,0,19379,2643,204,0,0,0,1834.03,218058,19495,150.836,1299,0,0,8664.62,8664.7,e815140d3a984aeeea6835f2fe4f15e456423a0012500c61bfdaaa1c96d4e3ce,8.686,ok,
g4_dhigh_abaseline_pmixed_gshared_pool_seed0,warehouse_random_factorial,carrier,1,30,207.0,207000000,60,123,24,0,0.25,706,30,207,207000000,30,207,207000000,1,0,0,18382,37975,81529,0,0,SEARCH_CUTOFF,4,1,0,0,-1,207,-1,30,-1,56,15202,56,12500,0,0,0,405,2,2,343,191,0,30303,2777,24066,0,0,0,3263.05,2743900,122147,923.171,8,0,0,8661.5,8661.59,37b431c425a01fbc80cde82bd7313a0976a154cc1430a6f337e893618e08c4e8,8.682,ok,
g4_dhigh_abaseline_pmixed_gsingleton_seed0,warehouse_random_factorial,carrier,1,35,222.0,222000000,108,90,24,0,0.3857,205,35,222,222000000,35,222,222000000,1,0,0,19675,247,763,0,0,SEARCH_CUTOFF,5,0,0,0,-1,-1,-1,-1,-1,119,15119,119,4222,0,0,0,729,68,46,1083,104,0,24154,3302,21942,0,0,0,2689.22,1918119,104556,661.528,8,0,2,8651.02,8651.09,cfa3716f37b13e7a0ae3dd2e311f83b2d8776c5c60368e2e00f1ad0b34adeefb,8.672,ok,
g4_dhigh_aequal_pcross_heavy_gshared_pool_seed0,warehouse_random_factorial,carrier,1,27,190.0,190000000,68,95,26,0,0.2099,837,27,190,190000000,27,190,190000000,1,0,0,110179,29,331,0,0,SEARCH_CUTOFF,2,1,0,0,-1,190,-1,27,-1,66,13783,66,16270,0,0,4,345,22,13,934,361,1,6084,5890,22803,0,0,0,3223.6,4823158,41155,810.005,13,4,0,8636.02,8636.11,f6c40a05d366ded6c85c01b8f067029723a146717ac737037da2a28d305cc2a6,8.663,ok,
g4_dhigh_aequal_pcross_heavy_gsingleton_seed0,warehouse_random_factorial,carrier,1,40,249.0,249000000,109,116,24,0,0.2271,196,40,249,249000000,40,249,249000000,1,0,0,19482,35,452,0,0,SEARCH_CUTOFF,8,0,0,0,-1,-1,-1,-1,-1,68,14041,68,3133,0,0,0,443,76,46,280,58,2,1571,1375,14270,0,0,0,2307.59,1831237,17114,368.515,22,31,2,8633.07,8633.15,92328b7298ee17da84aa3f49dbde8e212f7a4b70e0ce94475b7d2b0245ca5627,8.655,ok,
g4_dhigh_aequal_plocal_gshared_pool_seed0,warehouse_random_factorial,carrier,1,20,174.0,174000000,55,95,24,0,0.2292,487,20,174,174000000,20,174,174000000,1,0,0,14962,9349,17881,0,0,SEARCH_CUTOFF,0,1,0,0,-1,174,-1,20,-1,1303,2280,1303,25956,0,0,14,6961,4,4,14089,3697,0,4980,1210,16701,0,0,0,8150.36,1051210,28084,328.005,443,2,0,8535.59,8535.66,787c76aadc7ae28a2be1057ec1c159b123e70a919163fb293cf14af56b967caa,8.549,ok,
g4_dhigh_aequal_plocal_gsingleton_seed0,warehouse_random_factorial,carrier,1,17,167.0,167000000,82,61,24,0,0.402,88,17,167,167000000,17,167,167000000,1,0,0,26812,29182,44407,0,0,SEARCH_CUTOFF,0,0,0,0,-1,-1,-1,-1,-1,1686,153,1686,31436,0,0,0,12579,6,6,59707,19980,0,4221,33,9294,0,0,0,8269.04,1047792,14732,297.643,0,0,0,8527.37,8527.44,f6a489f0df8c7dbc01b79526b4e3e25ceb9134bdf823e5a5edf58f1562348029,8.541,ok,
g4_dhigh_aequal_pmixed_gshared_pool_seed0,warehouse_random_factorial,carrier,1,24,198.0,198000000,60,114,24,0,0.2083,631,24,198,198000000,24,198,198000000,1,0,0,109580,64,433,0,0,SEARCH_CUTOFF,4,1,0,0,-1,198,-1,24,-1,122,14672,122,12539,0,0,0,527,2,2,1612,737,0,4164,3892,31981,0,0,0,3115.56,2255870,68080,623.001,0,0,0,8650.18,8650.25,c9c9e342c673ced858daef40beb26947a05e9fa0956414c324e4b5ba4f8b150a,8.677,ok,
g4_dhigh_aequal_pmixed_gsingleton_seed0,warehouse_random_factorial,carrier,1,32,250.0,250000000,113,108,26,0,0.2943,188,32,250,250000000,32,250,250000000,1,0,0,45645,283,1343,0,0,SEARCH_CUTOFF,7,0,0,0,-1,-1,-1,-1,-1,1251,6158,1251,21835,0,0,0,5426,86,56,3516,1882,0,2120,1974,23667,0,0,0,7203.18,11099693,53988,1513.8,18,4,12,8574.93,8575.03,39f8cdf86d60d47ee938cff303a79a5bb982f54590e7ea9f0a106909ad41e0da,8.593,ok,
g4_dhigh_ascarce_pcross_heavy_gshared_pool_seed0,warehouse_random_factorial,carrier,1,44,220.0,220000000,68,125,26,0,0.2576,1115,44,220,220000000,44,220,220000000,1,0,0,2606,34849,14406,0,0,SEARCH_CUTOFF,2,1,0,0,-1,220,-1,44,-1,69,7569,69,20860,0,0,10,580,32,12,1184,896,1,16592,5135,7717,0,0,0,3055.2,206042,24253,154.667,2553,0,0,8596.55,8596.62,485c106c7ee25898397128226c9b1c1945ff2148a30a99ed2a63a43804a56dbd,8.614,ok,
g4_dhigh_ascarce_pcross_heavy_gsingleton_seed0,warehouse_random_factorial,carrier,1,47,251.0,251000000,109,118,24,0,0.3865,321,47,251,251000000,47,251,251000000,1,0,0,9223,85,437,0,0,SEARCH_CUTOFF,11,0,0,0,-1,-1,-1,-1,-1,104,10822,104,4914,0,0,0,775,80,48,1206,594,8,17623,90,15421,0,1,0,3096.85,2075772,60884,645.741,13,0,0,8613.94,8614.02,1aba8bd5d9aee183d168246ba3de91fb03a06f319eabdd6824b7b0cc2165d0e5,8.633,ok,
g4_dhigh_ascarce_plocal_gshared_pool_seed0,warehouse_random_factorial,carrier,1,34,168.0,168000000,55,89,24,0,0.2696,659,34,168,168000000,34,168,168000000,1,0,0,3108,29514,17010,0,0,SEARCH_CUTOFF,3,1,0,0,-1,168,-1,34,-1,48,8591,48,12734,0,0,8,365,4,4,339,60,0,20467,5248,8703,0,0,0,2744.94,226604,29109,220.7,884,0,0,8604.88,8604.97,c86e030b8ab5c8766ff99b822bbcbb0f6f7a2c2448b8796da95c03ce63df876a,8.622,ok,
g4_dhigh_ascarce_plocal_gsingleton_seed0,warehouse_random_factorial,carrier,1,38,208.0,208000000,82,102,24,0,0.3596,179,38,208,208000000,38,208,208000000,1,0,0,10064,42,272,0,0,SEARCH_CUTOFF,1,0,0,0,-1,-1,-1,-1,-1,332,15149,332,5118,0,0,0,1409,60,60,1826,1360,0,7010,6541,41658,0,1,0,3807.17,5637164,104006,1216.58,6,0,0,8614.36,8614.43,17f38bb0746c2a063bdda86c9f87ac3856e69a595fb25d21975cfd722659f268,8.633,ok,
g4_dhigh_ascarce_pmixed_gshared_pool_seed0,warehouse_random_factorial,carrier,1,35,187.0,187000000,60,103,24,0,0.2857,794,35,187,187000000,35,187,187000000,1,0,0,10920,77,397,0,0,SEARCH_CUTOFF,0,1,0,0,-1,187,-1,35,-1,91,15192,91,13890,0,0,0,490,2,2,389,415,0,7605,7200,23595,0,1,0,3328.85,1141753,47945,410.444,2,0,0,8625.1,8625.18,45df9315df5832f92fdd7cf404246fdecbc3bf8afd21c0a17391edb225f247cf,8.643,ok,
g4_dhigh_ascarce_pmixed_gsingleton_seed0,warehouse_random_factorial,carrier,1,44,239.0,239000000,108,107,24,0,0.4091,272,44,239,239000000,44,239,239000000,1,0,0,11213,46708,11222,0,0,SEARCH_CUTOFF,0,0,0,0,-1,-1,-1,-1,-1,106,14580,106,4343,0,0,0,799,64,36,866,46,0,17270,82,23671,0,1,0,2977.99,1654574,79634,681.276,25,0,0,8610.73,8610.82,f09b3d507de2ab98b8ecc2e9dc9367137f325586cb748db18d01b2d4e28107c7,8.629,ok,
g4_dhigh_asurplus_pcross_heavy_gshared_pool_seed0,warehouse_random_factorial,carrier,1,20,164.0,164000000,68,69,26,0,0.1889,671,20,164,164000000,20,164,164000000,1,0,0,31027,1142,4675,0,0,SEARCH_CUTOFF,0,1,0,0,-1,164,-1,20,-1,161,13485,161,14596,0,0,4,801,82,68,556,839,6,18039,7957,24387,0,0,0,3878.64,3551743,107491,941.752,2208,9,0,8637.79,8637.88,75197a74887cecc519b6253b2739f8599883663a4feb204fab21fad4314abf1c,8.66,ok,
g4_dhigh_asurplus_pcross_heavy_gsingleton_seed0,warehouse_random_factorial,carrier,1,36,211.0,211000000,115,72,24,0,0.1775,238,36,211,211000000,36,211,211000000,1,0,0,10894,33,622,0,0,SEARCH_CUTOFF,4,0,0,0,-1,-1,-1,-1,-1,58,7294,58,2561,0,0,0,333,62,36,1034,2302,28,1478,1351,7545,0,0,0,2331.68,1556310,16786,344.563,5,25,3,8627.94,8628.02,f8371598197e0aac2e40b31631ea5b81d7c573e0c98849991c4ee94054fcb344,8.651,ok,
g4_dhigh_asurplus_plocal_gshared_pool_seed0,warehouse_random_factorial,carrier,1,20,143.0,143000000,55,64,24,0,0.1528,526,20,143,143000000,20,143,143000000,1,0,0,58523,7796,21893,0,0,SEARCH_CUTOFF,0,1,0,0,-1,143,-1,20,-1,808,4942,808,26038,0,0,8,4496,3,3,2750,16034,0,9953,1953,17601,0,0,0,7754.06,5115403,46117,1068.91,614,0,0,8565.53,8565.61,695bfdec7a56b85929da1d8e8ba45c288e2d657d019c105a3bc96f24f5c4f750,8.583,ok,
g4_dhigh_asurplus_plocal_gsingleton_seed0,warehouse_random_factorial,carrier,1,16,147.0,147000000,82,41,24,0,0.2847,77,16,147,147000000,16,147,147000000,1,0,0,34434,21,353,0,0,SEARCH_CUTOFF,0,0,0,0,-1,-1,-1,-1,-1,1778,2069,1778,16980,0,0,0,7883,6,6,6664,8682,0,1547,1437,18310,0,0,0,7968.77,1015168,28194,316.92,0,0,0,8542.45,8542.52,6c938a495d9c6a15fa6bf50a2cfd059c2d060387e13a6f455802ae2cc9ad88d4,8.558,ok,
g4_dhigh_asurplus_pmixed_gshared_pool_seed0,warehouse_random_factorial,carrier,1,20,141.0,141000000,60,57,24,0,0.1667,582,20,141,141000000,20,141,141000000,1,0,0,51318,24,427,0,0,SEARCH_CUTOFF,0,1,0,0,-1,141,-1,20,-1,58,13944,58,10113,0,0,0,254,9,7,138,269,0,2773,2627,22983,0,0,0,2861.11,2325033,45102,632.779,0,0,2,8633.1,8633.18,bf088f546043f653ad6ec2cffdda121bda9b76692079bfd8f558dfc8f3bf9049,8.656,ok,
g4_dhigh_asurplus_pmixed_gsingleton_seed0,warehouse_random_factorial,carrier,1,29,208.0,208000000,110,74,24,0,0.2107,184,29,208,208000000,29,208,208000000,1,0,0,10760,27,469,0,0,SEARCH_CUTOFF,3,0,0,0,-1,-1,-1,-1,-1,1037,2024,1037,21084,0,0,0,4437,58,42,27369,16354,2,1558,1447,10328,0,0,0,8140.36,5235220,23498,710.458,20,16,3,8531.29,8531.37,d60974c739f696622e5f0a9204ee578e21547e06d96b20671aeb76a78657b3cd,8.545,ok,
g4_dlow_abaseline_pcross_heavy_gshared_pool_seed0,warehouse_random_factorial,carrier,1,29,194.0,194000000,63,107,24,0,0.2716,638,29,194,194000000,29,194,194000000,1,0,0,20112,40982,81551,0,0,SEARCH_CUTOFF,2,1,0,0,-1,194,-1,29,-1,110,16120,110,13814,0,0,0,682,24,24,2274,144,0,39687,6013,33771,0,0,0,3379.82,6630457,133866,1468.85,16,0,0,8628.15,8628.23,8401e2959f39fba7f8c7d239ca903d5ff84ef1bd65c391960543430be9a392c4,8.647,ok,
g4_dlow_abaseline_pcross_heavy_gsingleton_seed0,warehouse_random_factorial,carrier,1,42,251.0,251000000,115,112,24,0,0.3423,198,42,251,251000000,42,251,251000000,1,0,0,29972,39,334,0,0,SEARCH_CUTOFF,11,0,0,0,-1,-1,-1,-1,-1,255,15999,255,6293,0,0,0,1232,153,75,644,494,14,10898,21629,41901,0,0,0,3587.08,13581020,118550,1973.83,4222,0,0,8623.43,8623.51,12ad038104594b8241855de67212c8d371d2d2e1f438e722329e725cbc7afa85,8.643,ok,
g4_dlow_abaseline_plocal_gshared_pool_seed0,warehouse_random_factorial,carrier,1,28,159.0,159000000,53,82,24,0,0.2366,557,28,159,159000000,28,159,159000000,1,0,0,9628,25,223,0,0,SEARCH_CUTOFF,2,1,0,0,-1,159,-1,28,-1,56,13676,56,10222,0,0,0,300,0,0,40,5,0,321,52,13810,0,0,0,1630.79,889534,20394,248.605,11,0,0,8625.28,8625.36,05491f9dbb5fb62542ff69abaeb707664c75f9f460efc3129796a243a59d78e0,8.644,ok,
g4_dlow_abaseline_plocal_gsingleton_seed0,warehouse_random_factorial,carrier,1,30,177.0,177000000,72,81,24,0,0.3,80,30,177,177000000,30,177,177000000,1,0,0,0,24768,82350,0,0,SEARCH_CUTOFF,3,0,0,0,-1,-1,-1,-1,-1,51,9793,51,1502,0,0,0,373,6,6,94,18,0,20940,57,9951,0,0,0,1217.65,272934,30809,193.853,8,0,0,8643.09,8643.16,a1181e6693471eb7a7809f7318528bf4edc90dccfa4cfd1a0b913f9815a008c7,8.663,ok,
g4_dlow_abaseline_pmixed_gshared_pool_seed0,warehouse_random_factorial,carrier,1,31,196.0,196000000,56,116,24,0,0.2258,595,31,196,196000000,31,196,196000000,1,0,0,0,23856,78744,0,0,SEARCH_CUTOFF,5,1,0,0,-1,196,-1,31,-1,69,16653,69,11737,0,0,0,430,0,0,0,2,0,20076,54,23792,0,0,0,1867.05,387322,64787,335.393,12,0,0,8641.16,8641.23,0b6081261f517c4bf556bd0255111e59abaf03cd4cbe297a90bd5a2e39efb57d,8.659,ok,
g4_dlow_abaseline_pmixed_gsingleton_seed0,warehouse_random_factorial,carrier,1,40,239.0,239000000,112,103,24,0,0.35,158,40,239,239000000,40,239,239000000,1,0,0,10090,40,333,0,0,SEARCH_CUTOFF,7,0,0,0,-1,-1,-1,-1,-1,162,17832,162,4913,0,0,0,849,102,26,320,4,0,11140,24980,36730,0,0,0,2222.23,4856622,99192,879.411,3179,0,0,8654.34,8654.41,b2ef33ff9c22a45a8c0b862baec6c698a26fd9591e381c4863b9d8b6180de5e3,8.673,ok,
g4_dlow_aequal_pcross_heavy_gshared_pool_seed0,warehouse_random_factorial,carrier,1,25,179.0,179000000,67,88,24,0,0.2233,559,26,175,175000000,25,179,179000000,1,1,1,0,26,316,0,0,STRICT_IMPROVEMENT,4,1,1,1,632,175,179,26,25,72,11,72,12405,0,0,0,304,8,8,398,30,0,215,37,211,0,0,0,628.505,78914,370,14.2955,6,0,0,634.102,634.154,215b2e77d2022e73700ea0ed49d6a9301570f3ae5a1044bf1f967d29867ad085,0.644,ok,
g4_dlow_aequal_pcross_heavy_gsingleton_seed0,warehouse_random_factorial,carrier,1,38,262.0,262000000,109,129,24,0,0.239,127,38,262,262000000,38,262,262000000,1,0,0,25622,32,410,0,0,SEARCH_CUTOFF,8,0,0,0,-1,-1,-1,-1,-1,946,13657,946,19980,0,0,0,3787,418,356,6378,1136,3,9079,8857,38567,0,0,0,4804.59,10777914,113878,1993.97,44,15,3,8626.37,8626.45,c8c54f89a2ae3b2f42d06479c3eac69ac75d9bfba30a7be3532bc99cc1c292fe,8.648,ok,
g4_dlow_aequal_plocal_gshared_pool_seed0,warehouse_random_factorial,carrier,1,21,171.0,171000000,51,96,24,0,0.2024,419,21,171,171000000,21,171,171000000,1,0,0,17440,60,696,0,0,SEARCH_CUTOFF,0,1,0,0,-1,171,-1,21,-1,1068,14298,1068,15957,0,0,0,3651,0,0,1098,5,0,273,80,44683,0,0,0,4215.79,4584285,91118,1070.74,6,0,0,8629.89,8629.96,b9aeb5aca5837e3cf9651f4594e727941bbd6fa926f6a47046e5a6c14d0932c0,8.65,ok,
g4_dlow_aequal_plocal_gsingleton_seed0,warehouse_random_factorial,carrier,1,17,157.0,157000000,72,61,24,0,0.3529,58,17,157,157000000,17,157,157000000,1,0,0,11891,17165,51403,0,0,SEARCH_CUTOFF,0,0,0,0,-1,-1,-1,-1,-1,2301,1903,2301,39342,0,0,0,13868,6,6,78885,14993,0,5188,32,15752,0,0,0,8120.58,1988344,33684,561.634,0,0,0,8544.59,8544.67,d5f33ffaec94686021f52f9dfe7f45e2bbef13ad8fb68636cc461a05a3d66611,8.558,ok,
g4_dlow_aequal_pmixed_gshared_pool_seed0,warehouse_random_factorial,carrier,1,22,188.0,188000000,54,110,24,0,0.2045,447,22,190,190000000,22,188,188000000,1,1,1,0,26,315,0,0,STRICT_IMPROVEMENT,4,1,1,1,515,190,188,22,22,41,5,41,9288,0,0,0,287,0,0,2,8,0,284,29,159,0,0,0,512.644,49464,396,11.2966,0,0,0,516.829,516.88,aa6c459a5c13717d0f3d3b2288d287269c53bd3df28534ef0605c8a713b5a3b9,0.526,ok,
g4_dlow_aequal_pmixed_gsingleton_seed0,warehouse_random_factorial,carrier,1,33,231.0,231000000,110,97,24,0,0.2778,142,33,231,231000000,33,231,231000000,1,0,0,17973,25,323,0,0,SEARCH_CUTOFF,4,0,0,0,-1,-1,-1,-1,-1,566,14127,566,10283,0,0,0,2248,182,32,224,2,0,11468,23203,37551,0,0,0,4091.19,5159822,102609,1172.65,4551,0,11,8618.93,8619.01,784ddabb86b6c2d94723eeaa520fdf59b5da0d346289c8dd6d05b46c55c3c8a6,8.639,ok,
g4_dlow_ascarce_pcross_heavy_gshared_pool_seed0,warehouse_random_factorial,carrier,1,40,210.0,210000000,63,123,24,0,0.2625,716,40,210,210000000,40,210,210000000,1,0,0,2863,81,450,0,0,SEARCH_CUTOFF,1,1,0,0,-1,210,-1,40,-1,170,17306,170,16309,0,0,0,852,8,8,2004,4,0,18136,5844,40693,0,0,0,3034.7,3254172,122364,1108.1,2873,0,0,8607.12,8607.2,19de8c94ad9fb0683dc30e8076862435f6fa4ed86d976a47651eb4fe07a4bc41,8.623,ok,
g4_dlow_ascarce_pcross_heavy_gsingleton_seed0,warehouse_random_factorial,carrier,1,47,243.0,243000000,109,110,24,0,0.3865,201,47,243,243000000,47,243,243000000,1,0,0,1691,301,939,0,0,SEARCH_CUTOFF,10,0,0,0,-1,-1,-1,-1,-1,516,16221,516,10165,0,0,0,2315,86,44,980,128,4,20998,3349,35366,0,0,0,3773.1,6363720,116027,1509.71,8,0,0,8625.35,8625.43,763c9659ec20b2fe43adab90aa6b824a360b7068e90837cab42dc440c33effb3,8.642,ok,
g4_dlow_ascarce_plocal_gshared_pool_seed0,warehouse_random_factorial,carrier,1,34,170.0,170000000,51,95,24,0,0.25,612,34,170,170000000,34,170,170000000,1,0,0,1296,30313,12917,0,0,SEARCH_CUTOFF,2,1,0,0,-1,170,-1,34,-1,52,7564,52,11085,0,0,0,390,0,0,48,2,0,19201,49,7669,0,0,0,2020.15,159220,26833,185.916,4,0,0,8608.23,8608.3,fb787562ef152f6723df83821cfff9585719c8a38dbd4a42abed1f6b32780e05,8.624,ok,
g4_dlow_ascarce_plocal_gsingleton_seed0,warehouse_random_factorial,carrier,1,38,188.0,188000000,72,92,24,0,0.3158,100,38,188,188000000,38,188,188000000,1,0,0,1295,28217,15788,0,0,SEARCH_CUTOFF,3,0,0,0,-1,-1,-1,-1,-1,61,11607,61,1929,0,0,0,485,6,6,296,68,0,22873,3294,11754,0,0,0,1697.65,264002,34551,222.329,8,0,0,8610.77,8610.84,a75fc52b97e2def656a60b6c29daba851419ca8e54c9cf0a113da7b4c7d6cf99,8.627,ok,
g4_dlow_ascarce_pmixed_gshared_pool_seed0,warehouse_random_factorial,carrier,1,36,187.0,187000000,54,109,24,0,0.25,584,37,189,189000000,36,187,187000000,1,1,1,1,41,265,0,0,STRICT_IMPROVEMENT,1,1,1,1,657,189,187,37,36,53,5,53,11587,0,0,0,337,0,0,0,0,0,471,50,131,0,0,0,653.11,52294,554,11.1385,9,0,0,658.662,658.715,5770db72fe296578d51e2ca476ef7025f584fe7df3ad76c88404c8afc91eabcb,0.668,ok,
g4_dlow_ascarce_pmixed_gsingleton_seed0,warehouse_random_factorial,carrier,1,45,248.0,248000000,108,116,24,0,0.4,207,45,248,248000000,45,248,248000000,1,0,0,1087,23208,13411,0,0,SEARCH_CUTOFF,4,0,0,0,-1,-1,-1,-1,-1,86,17106,86,4324,0,0,0,774,66,14,182,2,0,33912,3456,17333,0,0,0,2459.08,2308333,110944,1004.39,26,0,0,8602.2,8602.27,959aab638b4451e98e18a43bca3a6a902e4a0a7d322707c9144de13d47ea0092,8.618,ok,
g4_dlow_asurplus_pcross_heavy_gshared_pool_seed0,warehouse_random_factorial,carrier,1,19,152.0,152000000,63,65,24,0,0.1842,436,19,152,152000000,19,152,152000000,1,0,0,12992,34121,287611,0,0,SEARCH_CUTOFF,0,1,0,0,-1,152,-1,19,-1,94,15969,94,9768,0,0,0,453,22,16,665,40,0,20777,4114,31238,0,0,0,2734.52,3332280,104122,930.535,0,0,0,8623.22,8623.3,9b9a2943f8632c78c3140d12d6fe4fecb9b34fcecb7cf78e82ae75d1e9c2b14b,8.645,ok,
g4_dlow_asurplus_pcross_heavy_gsingleton_seed0,warehouse_random_factorial,carrier,1,36,206.0,206000000,115,67,24,0,0.1775,145,36,206,206000000,36,206,206000000,1,0,0,18719,33,622,0,0,SEARCH_CUTOFF,1,0,0,0,-1,-1,-1,-1,-1,61,15556,61,2572,0,0,0,338,58,30,400,2258,28,1474,1342,15810,0,0,0,1514.33,1321835,18767,305.59,0,32,3,8624.88,8624.97,5f3043f0a4e69cf15c258e6395a980aebe487aee0feea17859360337b69d7f8c,8.648,ok,
g4_dlow_asurplus_plocal_gshared_pool_seed0,warehouse_random_factorial,carrier,1,21,139.0,139000000,51,64,24,0,0.1349,448,21,139,139000000,21,139,139000000,1,0,0,7878,19,358,0,0,SEARCH_CUTOFF,0,1,0,0,-1,139,-1,21,-1,50,13105,50,8552,0,0,0,212,0,0,108,5,0,196,35,13264,0,0,0,1704.89,895479,18472,249.172,0,0,0,8620.79,8620.87,f6021ba248f3c65acce9d02699f89c26d85ec244cb6ac22fe9ddcb7e5b17c32d,8.642,ok,
g4_dlow_asurplus_plocal_gsingleton_seed0,warehouse_random_factorial,carrier,1,16,135.0,135000000,70,41,24,0,0.2431,48,16,137,137000000,16,135,135000000,1,1,1,5,22,370,1,1,REFERENCE_SUFFIX_ACCEPTED,0,0,0,0,-1,-1,-1,-1,-1,53,8,53,993,0,0,0,251,6,6,4,0,0,130,34,319,0,0,0,121.253,127005,364,20.8624,0,0,0,126.023,126.082,0e9dcd80ec8bdd610bc069b89dd7171c4c42cced97fb80ba462039807b84a9d8,0.136,ok,
g4_dlow_asurplus_pmixed_gshared_pool_seed0,warehouse_random_factorial,carrier,1,18,133.0,133000000,54,55,24,0,0.1667,417,19,135,135000000,18,133,133000000,1,1,1,1,24,408,1,1,REFERENCE_SUFFIX_ACCEPTED,0,1,1,1,476,135,133,19,18,38,8,38,8205,0,0,0,190,0,0,0,2,0,174,33,158,0,0,0,472.226,39698,297,9.31593,0,0,0,477.653,477.72,58d5cdac7fb83725662e044a53c14cb8761e22ae175e5a30819bb4f88cdf0a78,0.488,ok,
g4_dlow_asurplus_pmixed_gsingleton_seed0,warehouse_random_factorial,carrier,1,28,199.0,199000000,108,67,24,0,0.2143,140,28,199,199000000,28,199,199000000,1,0,0,6309,61,883,0,0,SEARCH_CUTOFF,1,0,0,0,-1,-1,-1,-1,-1,973,8291,973,30183,0,0,0,4557,367,136,3727,354,4,9129,16984,29117,0,0,0,6922.9,20657085,73779,2746.56,2709,16,5,8572.54,8572.61,f12a948a3f81428a00419d376e2cb0cdda902575f2ac7b020e32cfe6554ad3cc,8.59,ok,
g4_dmedium_abaseline_pcross_heavy_gshared_pool_seed0,warehouse_random_factorial,carrier,1,30,204.0,204000000,67,113,24,0,0.2792,801,30,204,204000000,30,204,204000000,1,0,0,30728,30,251,0,0,SEARCH_CUTOFF,3,1,0,0,-1,204,-1,30,-1,1409,6575,1409,31004,0,0,13,6492,3,3,2699,14418,0,7921,5622,24528,0,0,0,7302.75,2472282,63201,672.095,26,0,0,8562.65,8562.73,40a0682d8da40fbbca938efb4417d43db61fa4a07641a791d573d32968655a98,8.581,ok,
g4_dmedium_abaseline_pcross_heavy_gsingleton_seed0,warehouse_random_factorial,carrier,1,42,251.0,251000000,115,112,24,0,0.3423,263,42,251,251000000,42,251,251000000,1,0,0,129581,39,327,0,0,SEARCH_CUTOFF,11,0,0,0,-1,-1,-1,-1,-1,221,15017,221,5951,0,0,0,1104,153,69,1113,5439,14,5809,18055,38207,0,0,0,3862.19,12243952,98258,1738.38,2332,0,0,8633.2,8633.28,12ad038104594b8241855de67212c8d371d2d2e1f438e722329e725cbc7afa85,8.665,ok,
g4_dmedium_abaseline_plocal_gshared_pool_seed0,warehouse_random_factorial,carrier,1,24,157.0,157000000,53,80,24,0,0.276,509,24,157,157000000,24,157,157000000,1,0,0,19814,41256,89536,0,0,SEARCH_CUTOFF,0,1,0,0,-1,157,-1,24,-1,46,13504,46,8560,0,0,6,309,2,1,103,10,0,35931,7173,17857,0,0,0,2500.39,1157733,109922,595.688,5,0,0,8662.34,8662.43,4b502a29865199346a5fa3a40e7dbd64e4cc6d764b6ea9708d5a43b54e494d53,8.684,ok,
g4_dmedium_abaseline_plocal_gsingleton_seed0,warehouse_random_factorial,carrier,1,30,176.0,176000000,78,74,24,0,0.325,92,30,176,176000000,30,176,176000000,1,0,0,0,23853,81177,0,0,SEARCH_CUTOFF,2,0,0,0,-1,-1,-1,-1,-1,51,9725,51,1614,0,0,0,373,6,6,80,80,0,20157,5820,9897,0,0,0,1521.55,277780,29969,202.09,2889,0,0,8677.41,8677.48,e54cf6c5440ab5c7cfbc15ee4fda911d70cdd9bce2dfd40265fbb81b89037347,8.696,ok,
g4_dmedium_abaseline_pmixed_gshared_pool_seed0,warehouse_random_factorial,carrier,1,31,196.0,196000000,56,116,24,0,0.2258,603,31,196,196000000,31,196,196000000,1,0,0,4758,27129,77858,0,0,SEARCH_CUTOFF,5,1,0,0,-1,196,-1,31,-1,60,14860,60,11629,0,0,0,405,0,0,196,14,0,18874,6054,20560,0,0,0,2127.19,334066,56063,306.929,3012,0,0,8636.46,8636.54,0b6081261f517c4bf556bd0255111e59abaf03cd4cbe297a90bd5a2e39efb57d,8.658,ok,
g4_dmedium_abaseline_pmixed_gsingleton_seed0,warehouse_random_factorial,carrier,1,35,248.0,248000000,110,114,24,0,0.3929,171,35,248,248000000,35,248,248000000,1,0,0,9432,26840,67823,0,0,SEARCH_CUTOFF,9,0,0,0,-1,-1,-1,-1,-1,862,13365,862,10508,0,0,0,4091,70,34,274,4,0,19209,4713,43283,0,0,0,4866.12,2394666,110790,821.076,20,0,2,8628.99,8629.08,3a9e61e3ffce8252fa552634db6ad01cafd293ce611c0385f0c74fb3a78c1ffe,8.648,ok,
g4_dmedium_aequal_pcross_heavy_gshared_pool_seed0,warehouse_random_factorial,carrier,1,23,175.0,175000000,67,84,24,0,0.2428,641,23,175,175000000,23,175,175000000,1,0,0,39103,23,273,0,0,SEARCH_CUTOFF,0,1,0,0,-1,175,-1,23,-1,84,16211,84,13317,0,0,6,372,3,3,405,424,0,218,41,33440,0,0,0,2433.96,1751569,60551,533.652,6,0,0,8652.52,8652.6,c40ee8df4ec2203568a1d98f11e1d251040281e455966f41a2632334004ad416,8.675,ok,
g4_dmedium_aequal_pcross_heavy_gsingleton_seed0,warehouse_random_factorial,carrier,1,38,262.0,262000000,109,129,24,0,0.239,169,38,262,262000000,38,262,262000000,1,0,0,20759,32,410,0,0,SEARCH_CUTOFF,8,0,0,0,-1,-1,-1,-1,-1,673,11458,673,16234,0,0,0,2794,526,436,7766,1295,11,6642,7908,31477,0,0,0,5916.53,13876511,91320,2151.19,44,15,3,8605.83,8605.91,c8c54f89a2ae3b2f42d06479c3eac69ac75d9bfba30a7be3532bc99cc1c292fe,8.628,ok,
g4_dmedium_aequal_plocal_gshared_pool_seed0,warehouse_random_factorial,carrier,1,20,173.0,173000000,53,96,24,0,0.2208,424,20,173,173000000,20,173,173000000,1,0,0,10299,9347,20823,0,0,SEARCH_CUTOFF,0,1,0,0,-1,173,-1,20,-1,2103,2085,2103,35173,0,0,4,11088,2,1,2895,466,0,5784,341,20965,0,0,0,8159.73,1269230,33344,406.047,3,1,0,8537.82,8537.89,3dbf027550e767df18f3e247f70042d8d7aadc4559954f8db44e15f89e6b8619,8.551,ok,
g4_dmedium_aequal_plocal_gsingleton_seed0,warehouse_random_factorial,carrier,1,17,163.0,163000000,78,61,24,0,0.3824,65,17,163,163000000,17,163,163000000,1,0,0,9520,11979,28719,0,0,SEARCH_CUTOFF,0,0,0,0,-1,-1,-1,-1,-1,1974,7,1974,35883,0,0,0,13867,6,6,69959,18136,0,3715,32,9347,0,0,0,8330.92,1014724,15868,303.851,0,0,0,8525.06,8525.14,2c7fb2fe0b449ed821e998c17e0443524f00f34b542b2b2d953795278d6c9f3e,8.538,ok,
g4_dmedium_aequal_pmixed_gshared_pool_seed0,warehouse_random_factorial,carrier,1,22,188.0,188000000,54,110,24,0,0.2045,483,22,190,190000000,22,188,188000000,1,1,1,1,26,304,0,0,STRICT_IMPROVEMENT,4,1,1,1,578,190,188,22,22,40,5,40,9231,0,0,0,281,0,0,132,43,0,282,29,153,0,0,0,574.141,49168,388,11.2438,0,0,0,580.868,580.92,aa6c459a5c13717d0f3d3b2288d287269c53bd3df28534ef0605c8a713b5a3b9,0.591,ok,
g4_dmedium_aequal_pmixed_gsingleton_seed0,warehouse_random_factorial,carrier,1,32,240.0,240000000,111,102,26,0,0.2891,149,32,240,240000000,32,240,240000000,1,0,0,16799,282,1285,0,0,SEARCH_CUTOFF,5,0,0,0,-1,-1,-1,-1,-1,881,10711,881,15866,0,0,0,3427,74,46,456,0,0,2569,2383,33137,0,0,0,5905.48,16025132,78664,2398.72,16,0,12,8595.48,8595.56,5c1ba38babd42d5f814d0c1ca71ee36f1d3948fde5d244316224e32ce760d64c,8.614,ok,
g4_dmedium_ascarce_pcross_heavy_gshared_pool_seed0,warehouse_random_factorial,carrier,1,36,198.0,198000000,67,107,24,0,0.3102,741,36,198,198000000,36,198,198000000,1,0,0,1512,41,272,0,0,SEARCH_CUTOFF,3,1,0,0,-1,198,-1,36,-1,47,9683,47,14251,0,0,15,435,4,4,422,96,0,61808,16699,9814,0,0,0,3429.43,2622120,129481,1230.25,5111,0,0,8611.28,8611.36,53da4a758f61ac576d229c230a529ece1e8506c9e9b6ebda3788154a6ddb8424,8.628,ok,
g4_dmedium_ascarce_pcross_heavy_gsingleton_seed0,warehouse_random_factorial,carrier,1,47,243.0,243000000,109,110,24,0,0.3865,259,47,243,243000000,47,243,243000000,1,0,0,4997,301,939,0,0,SEARCH_CUTOFF,10,0,0,0,-1,-1,-1,-1,-1,349,14116,349,8245,0,0,0,1704,86,46,1084,376,4,19051,3679,28364,0,0,0,4545.04,9558898,99057,1872.09,8,0,0,8601.87,8601.95,763c9659ec20b2fe43adab90aa6b824a360b7068e90837cab42dc440c33effb3,8.619,ok,
g4_dmedium_ascarce_plocal_gshared_pool_seed0,warehouse_random_factorial,carrier,1,32,176.0,176000000,53,99,24,0,0.276,594,32,176,176000000,32,176,176000000,1,0,0,10192,46686,11725,0,0,SEARCH_CUTOFF,2,1,0,0,-1,176,-1,32,-1,135,16440,135,10916,0,0,4,737,2,1,147,0,0,26488,13767,31144,0,1,0,3199.71,1175599,118872,689.211,2907,0,0,8626.61,8626.68,2f97cba29a9225189a9c9bc11e004001604045af524da713228e703fa8b20ca5,8.643,ok,
g4_dmedium_ascarce_plocal_gsingleton_seed0,warehouse_random_factorial,carrier,1,39,208.0,208000000,78,106,24,0,0.3333,127,39,208,208000000,39,208,208000000,1,0,0,2347,32554,14622,0,0,SEARCH_CUTOFF,6,0,0,0,-1,-1,-1,-1,-1,145,16128,145,3042,0,0,0,828,6,6,572,409,0,21398,3525,30428,0,0,0,2552,720344,93788,527.494,10,0,0,8631.78,8631.85,9da793057194afef3c34531eff5eace95770e9324fdeb673432d9ee0d2fbc95d,8.653,ok,
g4_dmedium_ascarce_pmixed_gshared_pool_seed0,warehouse_random_factorial,carrier,1,37,189.0,189000000,56,109,24,0,0.2523,618,37,189,189000000,37,189,189000000,1,0,0,3872,41,256,0,0,SEARCH_CUTOFF,1,1,0,0,-1,189,-1,37,-1,60,15054,60,11554,0,0,0,360,10,0,0,0,0,11220,31860,20366,0,0,0,2634.99,609378,83382,480.857,11799,2938,0,8640.39,8640.46,a24f3e1cc9a754036e413bdbe827ace60cd5d634e177e1cb97dda8e1b3fbf5fa,8.658,ok,
g4_dmedium_ascarce_pmixed_gsingleton_seed0,warehouse_random_factorial,carrier,1,44,239.0,239000000,108,107,24,0,0.4091,207,44,239,239000000,44,239,239000000,1,0,0,4497,46708,12258,0,0,SEARCH_CUTOFF,0,0,0,0,-1,-1,-1,-1,-1,97,15135,97,4234,0,0,0,767,64,28,170,0,0,17814,82,21873,0,1,0,2539.88,1481678,69950,662.602,25,0,0,8633.47,8633.56,f09b3d507de2ab98b8ecc2e9dc9367137f325586cb748db18d01b2d4e28107c7,8.67,ok,
g4_dmedium_asurplus_pcross_heavy_gshared_pool_seed0,warehouse_random_factorial,carrier,1,23,156.0,156000000,67,65,24,0,0.1618,688,23,156,156000000,23,156,156000000,1,0,0,28051,65,937,0,0,SEARCH_CUTOFF,0,1,0,0,-1,156,-1,23,-1,55,13511,55,14238,0,0,6,278,3,3,306,234,0,195,36,13708,0,0,0,2273.88,590414,16781,219.37,0,0,0,8640.04,8640.14,835d9e74e635d0061cdfd6718f15dcc5316fbcc3e0087b42e837331387ab68b1,8.671,ok,
g4_dmedium_asurplus_pcross_heavy_gsingleton_seed0,warehouse_random_factorial,carrier,1,36,206.0,206000000,115,67,24,0,0.1775,195,36,206,206000000,36,206,206000000,1,0,0,18670,33,622,0,0,SEARCH_CUTOFF,1,0,0,0,-1,-1,-1,-1,-1,61,14532,61,2580,0,0,0,332,58,36,472,3030,28,1474,1342,14786,0,0,0,1954.76,1279179,17547,315.177,0,32,3,8637.9,8637.99,5f3043f0a4e69cf15c258e6395a980aebe487aee0feea17859360337b69d7f8c,8.661,ok,
g4_dmedium_asurplus_plocal_gshared_pool_seed0,warehouse_random_factorial,carrier,1,20,141.0,141000000,53,64,24,0,0.1472,469,20,141,141000000,20,141,141000000,1,0,0,13201,1316,8219,0,0,SEARCH_CUTOFF,0,1,0,0,-1,141,-1,20,-1,2101,5064,2101,47135,0,0,0,11592,2,2,150,24,0,12198,1151,21451,0,0,0,7714.25,5930756,57493,1191.32,0,0,0,8575.03,8575.11,e563c30ed0d72c44e78c9b5f2f5f9a37f144fb27a476c7d336d154a0e89d9cb0,8.593,ok,
g4_dmedium_asurplus_plocal_gsingleton_seed0,warehouse_random_factorial,carrier,1,16,141.0,141000000,76,41,24,0,0.2639,62,16,143,143000000,16,141,141000000,1,1,1,11,22,370,1,1,REFERENCE_SUFFIX_ACCEPTED,0,0,0,0,-1,-1,-1,-1,-1,48,8,48,1085,0,0,0,259,6,6,292,576,0,130,34,332,0,0,0,159.834,134494,354,21.4152,0,0,0,166.726,166.781,0941d26ffb846d138ae7fa3b5bd6b52ac3019a2e51ba799fe6257ca679adb823,0.177,ok,
g4_dmedium_asurplus_pmixed_gshared_pool_seed0,warehouse_random_factorial,carrier,1,18,133.0,133000000,54,55,24,0,0.1667,435,19,135,135000000,18,133,133000000,1,1,1,1,24,408,1,1,REFERENCE_SUFFIX_ACCEPTED,0,1,1,1,500,135,133,19,18,38,8,38,8202,0,0,0,190,0,0,8,4,0,174,33,158,0,0,0,496.039,39698,297,9.18463,0,0,0,502.848,502.907,58d5cdac7fb83725662e044a53c14cb8761e22ae175e5a30819bb4f88cdf0a78,0.513,ok,
g4_dmedium_asurplus_pmixed_gsingleton_seed0,warehouse_random_factorial,carrier,1,27,204.0,204000000,110,70,24,0,0.2263,140,27,204,204000000,27,204,204000000,1,0,0,14517,1358,6184,0,0,SEARCH_CUTOFF,2,0,0,0,-1,-1,-1,-1,-1,1382,1969,1382,39370,0,0,0,7193,56,36,294,44,0,656,539,11533,0,0,0,8179.45,7052188,26874,994.458,21,9,3,8535.77,8535.85,d86b295d7a8e22ad88766c6e66aa9864ba22759984b6c796454bc2d624a580a7,8.551,ok,
g5_dhigh_abaseline_pcross_heavy_gshared_pool_seed0,warehouse_random_factorial,carrier,1,30,301.0,301000000,102,167,32,0,0.2833,2021,30,301,301000000,30,301,301000000,1,0,0,46393,1584,6108,0,0,SEARCH_CUTOFF,7,1,0,0,-1,301,-1,30,-1,286,9231,286,25271,0,0,22,1556,63,60,1353,715,0,10808,3292,16817,0,0,0,5743.85,852465,55645,511.659,1588,0,3,8598.36,8598.46,96642a8f1e7021e188ea9aeb474895996a9fa199ae0820e5fdd64293a96bf255,8.62,ok,
g5_dhigh_abaseline_pcross_heavy_gsingleton_seed0,warehouse_random_factorial,carrier,1,64,453.0,453000000,227,194,32,0,0.2956,517,64,453,453000000,64,453,453000000,1,0,0,189466,55,648,0,0,SEARCH_CUTOFF,10,0,0,0,-1,-1,-1,-1,-1,147,8761,147,12691,0,0,0,1147,227,151,1350,769,0,1189,2730,16326,0,0,0,5608.36,17685559,38007,2966.65,37,12,2,8594.26,8594.39,5bd028327e59e9de660eb9bff9d957e948f01f243fb4b22225bad12a062a55cf,8.626,ok,
g5_dhigh_abaseline_plocal_gshared_pool_seed0,warehouse_random_factorial,carrier,1,31,276.0,276000000,81,163,32,0,0.2177,2159,31,276,276000000,31,276,276000000,1,0,0,33170,1325,5226,0,0,SEARCH_CUTOFF,0,1,0,0,-1,276,-1,31,-1,455,7276,455,31193,0,0,14,2159,17,17,4578,2415,0,13137,4412,18451,0,0,0,6881.43,3158859,62193,879.485,31,0,0,8571.83,8571.93,1126c5f7d1c8edd80d0b69c0a0646ce87907acbf7cbb70e158463ba88348e889,8.592,ok,
g5_dhigh_abaseline_plocal_gsingleton_seed0,warehouse_random_factorial,carrier,1,37,295.0,295000000,115,148,32,0,0.259,241,37,295,295000000,37,295,295000000,1,0,0,9331,32,414,0,0,SEARCH_CUTOFF,4,0,0,0,-1,-1,-1,-1,-1,71,13700,71,3100,0,0,0,530,52,46,1050,353,0,3277,2923,21748,0,0,0,3371.42,2313515,26019,529.789,42,0,0,8627.41,8627.51,ab85d6b54a293420d68c4a167e86a59d07259d93f7ce3202d708e6a34ecac2a4,8.651,ok,
g5_dhigh_abaseline_pmixed_gshared_pool_seed0,warehouse_random_factorial,carrier,1,29,289.0,289000000,100,157,32,0,0.2874,2142,30,266,266000000,29,289,289000000,1,1,1,0,10,129,0,0,STRICT_IMPROVEMENT,7,1,1,1,2425,266,289,30,29,53,13,53,24714,0,0,32,547,16,10,254,894,0,487,91,254,0,0,0,2411.11,205235,512,34.8718,26,0,0,2433.75,2433.83,13dd4adfb682fb4a784e1332336a21402f1ec0ebb03a4aa351132cbacb56e3ed,2.446,ok,
g5_dhigh_abaseline_pmixed_gsingleton_seed0,warehouse_random_factorial,carrier,1,47,405.0,405000000,193,180,32,0,0.3422,529,47,405,405000000,47,405,405000000,1,0,0,17105,33884,141059,0,0,SEARCH_CUTOFF,6,0,0,0,-1,-1,-1,-1,-1,97,13076,97,8597,0,0,0,951,226,104,962,656,0,4578,4238,19108,0,0,0,3546.24,694373,19229,222.171,35,8,0,8618.43,8618.57,7cdea45f4cdb89c425ad7b835e6b103844823d37b8d4a6129cf9732d678c1b4c,8.641,ok,
g5_dhigh_aequal_pcross_heavy_gshared_pool_seed0,warehouse_random_factorial,carrier,1,26,292.0,292000000,102,158,32,0,0.2452,1840,26,292,292000000,26,292,292000000,1,0,0,31672,65,640,0,0,SEARCH_CUTOFF,4,1,0,0,-1,292,-1,26,-1,847,1896,847,29849,0,0,16,4954,229,225,21024,6791,0,3602,631,12023,0,0,0,8068.01,798986,21703,303.222,6,1,3,8537.52,8537.63,d3a00b07d18aba3e4f855fe89ac07da7b1d3fac02d462ae98c7d46887431efcd,8.554,ok,
g5_dhigh_aequal_pcross_heavy_gsingleton_seed0,warehouse_random_factorial,carrier,1,56,432.0,432000000,233,167,32,0,0.26,519,56,432,432000000,56,432,432000000,1,0,0,29946,78,912,0,0,SEARCH_CUTOFF,7,0,0,0,-1,-1,-1,-1,-1,615,2904,615,32221,0,0,0,3551,936,613,2147,40266,4,2037,1924,10831,0,0,0,7965.74,16915799,28230,2096.11,8,34,746,8541.06,8541.17,448b7bb896ad3cb2aa7fc44bb917eae123b8be160b5a7c46350d7a704acd5829,8.558,ok,
g5_dhigh_aequal_plocal_gshared_pool_seed0,warehouse_random_factorial,carrier,1,29,282.0,282000000,81,169,32,0,0.1746,2014,29,282,282000000,29,282,282000000,1,0,0,36168,27,435,0,0,SEARCH_CUTOFF,1,1,0,0,-1,282,-1,29,-1,867,1086,867,38915,0,0,17,4195,9,9,122,671,0,1298,917,8684,0,0,0,8183.56,1075078,14659,249.184,16,7,0,8524.14,8524.23,3909a933a99b5be61f1e869fe53cc3ac7fe57a67487b779d8ecbd4e258971977,8.54,ok,
g5_dhigh_aequal_plocal_gsingleton_seed0,warehouse_random_factorial,carrier,1,35,266.0,266000000,115,119,32,0,0.2054,206,35,266,266000000,35,266,266000000,1,0,0,12445,42,647,0,0,SEARCH_CUTOFF,0,0,0,0,-1,-1,-1,-1,-1,54,9087,54,2311,0,0,0,365,50,48,1066,150,2,323,44,9371,0,0,0,2902.31,1520419,15119,389.252,0,32,9,8615.46,8615.56,af4b5f39098ec057328e53727275411bbdc9c4c74ddb279d42b8f41ce4dbcebf,8.64,ok,
g5_dhigh_aequal_pmixed_gshared_pool_seed0,warehouse_random_factorial,carrier,1,24,271.0,271000000,96,143,32,0,0.25,1596,24,271,271000000,24,271,271000000,1,0,0,28954,35416,102462,0,0,SEARCH_CUTOFF,1,1,0,0,-1,271,-1,24,-1,579,4591,579,30590,0,0,22,3645,16,16,1000,15558,0,10609,1897,26757,0,0,0,7606.33,2763573,41379,769.89,936,3,0,8562.06,8562.17,033d26455eb2de07c4d834346f0d3a59d42c6ae937842a981002a919f1e3278e,8.58,ok,
g5_dhigh_aequal_pmixed_gsingleton_seed0,warehouse_random_factorial,carrier,1,44,367.0,367000000,193,142,32,0,0.2741,407,44,367,367000000,44,367,367000000,1,0,0,8677,24499,189459,0,0,SEARCH_CUTOFF,6,0,0,0,-1,-1,-1,-1,-1,158,12934,158,8371,0,0,0,999,258,132,1890,1276,4,5192,4990,28869,0,0,0,4026.33,3953680,59589,785.012,20,2,0,8624.33,8624.43,4ef156c9815bbeed153c8ae05ad6dc7c5c49b0bbed08d40e2455750aa90a0611,8.648,ok,
g5_dhigh_ascarce_pcross_heavy_gshared_pool_seed0,warehouse_random_factorial,carrier,1,46,317.0,317000000,102,183,32,0,0.2772,2794,46,317,317000000,46,317,317000000,1,0,0,9103,24206,60923,0,0,SEARCH_CUTOFF,4,1,0,0,-1,317,-1,46,-1,90,9521,90,35214,0,0,28,911,20,18,248,397,0,16465,6634,13156,0,0,0,5016.95,800998,43377,364.517,1755,0,0,8612.02,8612.13,70e85a69d7ead9367953333e89f074c6299d0dcf81eda8209c0abe1941b3d490,8.635,ok,
g5_dhigh_ascarce_pcross_heavy_gsingleton_seed0,warehouse_random_factorial,carrier,1,74,516.0,516000000,227,257,32,0,0.3834,649,74,516,516000000,74,516,516000000,1,0,0,20564,76,667,0,0,SEARCH_CUTOFF,19,0,0,0,-1,-1,-1,-1,-1,158,13922,158,16427,0,0,0,1535,229,129,1878,1490,0,981,162,22294,0,0,0,3399.31,2218078,31057,517.612,43,0,0,8653.52,8653.63,158a4c3854f0ec4ee3bbbd7ddf3ecc888c7334b7c8f5e35a80fa2137e101dbbf,8.678,ok,
g5_dhigh_ascarce_plocal_gshared_pool_seed0,warehouse_random_factorial,carrier,1,39,278.0,278000000,81,165,32,0,0.2596,2149,39,278,278000000,39,278,278000000,1,0,0,13558,27625,59487,0,0,SEARCH_CUTOFF,4,1,0,0,-1,278,-1,39,-1,109,11420,109,28098,0,0,4,874,12,12,214,349,0,31448,4442,25566,0,0,0,5438.09,4455891,94060,1275.63,29,0,0,8610.06,8610.17,2ae5395a96a3e3b11b960ec41ac1b91acd7f492638d8ab2790ad124e5adcb242,8.632,ok,
g5_dhigh_ascarce_plocal_gsingleton_seed0,warehouse_random_factorial,carrier,1,40,291.0,291000000,115,144,32,0,0.3594,320,40,291,291000000,40,291,291000000,1,0,0,4659,81,527,0,0,SEARCH_CUTOFF,3,0,0,0,-1,-1,-1,-1,-1,1223,695,1223,16222,0,0,0,5999,72,42,634,5220,0,1916,788,6700,0,0,0,8262.32,648036,15220,223.893,21,0,0,8524.57,8524.67,b04e3b91a398198e9f37c7e87314ff6e0e36a6be348285c2794dfe629fd05845,8.538,ok,
g5_dhigh_ascarce_pmixed_gshared_pool_seed0,warehouse_random_factorial,carrier,1,38,273.0,273000000,93,148,32,0,0.3059,2540,38,273,273000000,38,273,273000000,1,0,0,6661,8089,13094,0,0,SEARCH_CUTOFF,9,1,0,0,-1,273,-1,38,-1,788,336,788,37206,0,0,14,4603,16,16,5316,19213,0,2308,354,3828,0,0,0,8357.68,637320,9026,176.806,41,0,0,8522.45,8522.54,054639374042f17ce5a831b0fad1e888fd1c9a0fa7a067eb7f1fa61ba68c0a56,8.536,ok,
g5_dhigh_ascarce_pmixed_gsingleton_seed0,warehouse_random_factorial,carrier,1,74,431.0,431000000,193,206,32,0,0.326,665,74,431,431000000,74,431,431000000,1,0,0,12467,71,629,0,0,SEARCH_CUTOFF,10,0,0,0,-1,-1,-1,-1,-1,140,9078,140,11988,0,0,0,1420,284,106,672,348,6,818,182,9489,0,0,0,3323.3,1515025,16305,322.208,64,0,2,8634.14,8634.25,6b967d2b13912a402bb5f134779b127590b746dbe35a036d58245d9a34530614,8.658,ok,
g5_dhigh_asurplus_pcross_heavy_gshared_pool_seed0,warehouse_random_factorial,carrier,1,24,234.0,234000000,102,100,32,0,0.1771,1727,24,234,234000000,24,234,234000000,1,0,0,255894,19,473,0,0,SEARCH_CUTOFF,0,1,0,0,-1,234,-1,24,-1,119,10670,119,20244,0,0,33,609,19,16,401,139,0,3045,2797,28985,0,0,0,4822.13,3929500,63981,859.308,0,2,0,8616,8616.1,8a329d57ca4289d925e39957d2e43edbfa0fb699a2fd1807f0e371040377389a,8.65,ok,
g5_dhigh_asurplus_pcross_heavy_gsingleton_seed0,warehouse_random_factorial,carrier,1,41,381.0,381000000,235,114,32,0,0.2388,483,41,381,381000000,41,381,381000000,1,0,0,66672,45,1045,0,0,SEARCH_CUTOFF,6,0,0,0,-1,-1,-1,-1,-1,106,11883,106,7395,0,0,0,825,228,136,2086,2948,22,2664,2534,19179,0,0,0,3413.02,1927329,29639,540.164,2,19,2,8625.02,8625.12,85969f452bcb03a8e4dbe9fbaa23794ff087bf28d586c153890c0cef5abae73a,8.653,ok,
g5_dhigh_asurplus_plocal_gshared_pool_seed0,warehouse_random_factorial,carrier,1,22,235.0,235000000,82,121,32,0,0.1553,1668,22,235,235000000,22,235,235000000,1,0,0,27789,3,74,0,0,SEARCH_CUTOFF,0,1,0,0,-1,235,-1,22,-1,820,1074,820,43738,0,0,11,5839,595,595,3812,1280,0,4053,48,8787,0,0,0,8186.66,2547441,15186,528.893,0,0,0,8531.17,8531.26,711c82d862dafa03ab86035f52a71717f71652656046814163c9fe7a0cf6fc82,8.546,ok,
g5_dhigh_asurplus_plocal_gsingleton_seed0,warehouse_random_factorial,carrier,1,25,242.0,242000000,115,95,32,0,0.1917,210,25,242,242000000,25,242,242000000,1,0,0,85901,28,573,0,0,SEARCH_CUTOFF,0,0,0,0,-1,-1,-1,-1,-1,77,13402,77,2575,0,0,0,483,64,42,894,82,2,262,57,27609,0,0,0,3313.12,4597451,54535,974.783,0,6,13,8641.91,8642.01,a447255048d5477b56ac18c6728d22bd4937b399755061a9554f01e5c78923a6,8.67,ok,
g5_dhigh_asurplus_pmixed_gshared_pool_seed0,warehouse_random_factorial,carrier,1,21,228.0,228000000,93,103,32,0,0.1845,1386,21,228,228000000,21,228,228000000,1,0,0,2388,278,1757,0,0,SEARCH_CUTOFF,0,1,0,0,-1,228,-1,21,-1,871,83,871,33526,0,0,28,4908,161,161,2778,28648,0,1049,920,4503,0,0,0,8360.24,660162,7648,189.83,0,38,0,8516.94,8517.03,7a7c0f933bcd26d4188551dd4e2efd3a61e7c9a019ff88c3c9b9697c2f9f40e7,8.529,ok,
g5_dhigh_asurplus_pmixed_gsingleton_seed0,warehouse_random_factorial,carrier,1,41,330.0,330000000,194,99,34,0,0.1972,338,41,330,330000000,41,330,330000000,1,0,0,73416,38,924,0,0,SEARCH_CUTOFF,0,0,0,0,-1,-1,-1,-1,-1,87,12997,87,6699,0,0,0,710,194,94,1542,898,2,267,84,20496,0,0,0,3205,2759159,27904,645.236,6,48,0,8631.4,8631.52,92325055751f8d9a5d2c67ef3cdf1f871c7c4800038dc80cf550dbec16646663,8.66,ok,
g5_dlow_abaseline_pcross_heavy_gshared_pool_seed0,warehouse_random_factorial,carrier,1,29,280.0,280000000,96,152,32,0,0.2759,1697,29,280,280000000,29,280,280000000,1,0,0,3969,5976,20910,0,0,SEARCH_CUTOFF,3,1,0,0,-1,280,-1,29,-1,1524,13,1524,54055,0,0,30,11666,1663,856,13030,448,0,2702,69,8980,0,0,0,8385.77,1459493,12298,349.401,12,0,3,8521.57,8521.67,1d06038c2ce6b3d787fc5093ab25d3019d0edf8ed6ba82a8c29c9783ee78ecbc,8.534,ok,
g5_dlow_abaseline_pcross_heavy_gsingleton_seed0,warehouse_random_factorial,carrier,1,64,465.0,465000000,227,206,32,0,0.2956,371,64,465,465000000,64,465,465000000,1,0,0,26454,57,720,0,0,SEARCH_CUTOFF,10,0,0,0,-1,-1,-1,-1,-1,516,14359,516,17929,0,0,0,2214,209,110,4358,690,2,4074,3644,30514,0,0,0,4069.06,5515976,75862,1250.78,38,0,2,8635.35,8635.46,60c0c58656e72fbdfe72a17980730bcfe11f80cbf721c10165fdcb3c1a48917c,8.657,ok,
g5_dlow_abaseline_plocal_gshared_pool_seed0,warehouse_random_factorial,carrier,1,28,264.0,264000000,69,163,32,0,0.2054,1453,28,264,264000000,28,264,264000000,1,0,0,180,19637,144623,0,0,SEARCH_CUTOFF,2,1,0,0,-1,264,-1,28,-1,45,9688,45,15680,0,0,0,437,6,6,18,2,0,29355,3197,9861,0,0,0,3292.16,648727,71146,543.719,24,0,0,8629.06,8629.16,ccf863d9a11642bf2832a74ba41462e05ec34d1e8da14d74302f14e69d5cd356,8.648,ok,
g5_dlow_abaseline_plocal_gsingleton_seed0,warehouse_random_factorial,carrier,1,37,295.0,295000000,115,148,32,0,0.259,165,37,295,295000000,37,295,295000000,1,0,0,4018,32,414,0,0,SEARCH_CUTOFF,4,0,0,0,-1,-1,-1,-1,-1,74,16378,74,3096,0,0,0,536,52,46,918,200,0,2809,2455,25293,0,0,0,2340.47,2833611,32853,600.283,42,0,0,8638.28,8638.37,ab85d6b54a293420d68c4a167e86a59d07259d93f7ce3202d708e6a34ecac2a4,8.658,ok,
g5_dlow_abaseline_pmixed_gshared_pool_seed0,warehouse_random_factorial,carrier,1,30,271.0,271000000,96,143,32,0,0.2667,1979,31,269,269000000,30,271,271000000,1,1,1,601,71,693,0,0,STRICT_IMPROVEMENT,5,1,1,1,2782,269,271,31,30,309,147,309,23741,0,0,36,1381,14,13,550,16,0,641,114,1453,0,0,0,2756.01,289354,2646,62.1146,17,3,0,2788.12,2788.2,bef66c29c1da0d76a9468ca57823cc90d04461b77c16bb9019d56edbbb192b12,2.798,ok,
g5_dlow_abaseline_pmixed_gsingleton_seed0,warehouse_random_factorial,carrier,1,44,399.0,399000000,187,180,32,0,0.3542,295,44,399,399000000,44,399,399000000,1,0,0,7347,83,859,0,0,SEARCH_CUTOFF,4,0,0,0,-1,-1,-1,-1,-1,2873,29,2873,60303,0,0,0,16565,204,68,3058,776,2,990,123,13659,0,0,0,8261.27,3119520,23220,612.43,22,4,2,8535.57,8535.7,ea8963a75da6df87e8d2388965523a8cf9f6c9e75f5f72c5742c961e081480cd,8.549,ok,
g5_dlow_aequal_pcross_heavy_gshared_pool_seed0,warehouse_random_factorial,carrier,1,26,281.0,281000000,96,153,32,0,0.2308,1582,26,281,281000000,26,281,281000000,1,0,0,7131,11,186,0,0,SEARCH_CUTOFF,0,1,0,0,-1,281,-1,26,-1,2393,1443,2393,50234,0,0,31,13391,885,666,33431,726,0,4046,1297,20753,0,0,0,8137.2,1555583,30612,467.523,13,0,3,8540.92,8541.02,b4bd572000ba974b5b15c377317de9be3f76e9a68e365a1eede29d8da609019a,8.556,ok,
g5_dlow_aequal_pcross_heavy_gsingleton_seed0,warehouse_random_factorial,carrier,1,56,427.0,427000000,233,162,32,0,0.26,359,56,427,427000000,56,427,427000000,1,0,0,20578,78,1094,0,0,SEARCH_CUTOFF,2,0,0,0,-1,-1,-1,-1,-1,906,6387,906,44310,0,0,0,5059,1025,628,1215,650,4,4543,8984,24775,0,0,0,7407.73,23941065,58304,3095.62,1476,44,3005,8564.06,8564.17,5a439f0164f8437174e7f78050136db4489d3a677170497d48f4371263f940fc,8.583,ok,
g5_dlow_aequal_plocal_gshared_pool_seed0,warehouse_random_factorial,carrier,1,23,272.0,272000000,71,169,32,0,0.1929,1298,24,270,270000000,23,272,272000000,1,1,1,1722,59,743,0,0,STRICT_IMPROVEMENT,3,1,1,1,6543,270,272,24,23,3396,3390,3396,27650,0,0,0,12998,6,6,588,34,0,1658,76,22499,0,0,0,5688.65,387307,40522,325.609,19,0,0,6620.52,6620.62,84f7760d6aa13d89061bc27040de9642b533effd0def13f37ff35db48f07561e,6.636,ok,
g5_dlow_aequal_plocal_gsingleton_seed0,warehouse_random_factorial,carrier,1,33,264.0,264000000,113,119,32,0,0.214,143,35,266,266000000,33,264,264000000,1,1,1,2,33,540,1,1,REFERENCE_SUFFIX_ACCEPTED,0,0,0,0,-1,-1,-1,-1,-1,63,12,63,2311,0,0,0,381,50,40,862,120,2,323,44,305,0,0,0,276.952,204407,452,36.5193,0,32,9,286.422,286.519,6a100337e592291056ba2408a0877c26c59370a300b4d71cfb520399260312b1,0.297,ok,
g5_dlow_aequal_pmixed_gshared_pool_seed0,warehouse_random_factorial,carrier,1,21,266.0,266000000,92,142,32,0,0.2738,1279,21,266,266000000,21,266,266000000,1,0,0,440,17,287,0,0,SEARCH_CUTOFF,0,1,0,0,-1,266,-1,21,-1,2098,1320,2098,46531,0,0,24,16901,468,467,12054,624,0,3743,279,38677,0,0,0,8222.19,1759942,27360,546.031,14,8,0,8536.44,8536.53,595aead837f477ef7119fc41fe52bedca94ba39a25cebe00c5d1f6f09999783e,8.552,ok,
g5_dlow_aequal_pmixed_gsingleton_seed0,warehouse_random_factorial,carrier,1,47,349.0,349000000,187,130,32,0,0.2487,276,47,349,349000000,47,349,349000000,1,0,0,6739,40,676,0,0,SEARCH_CUTOFF,2,0,0,0,-1,-1,-1,-1,-1,99,15419,99,7388,0,0,0,760,168,90,2520,362,6,308,93,27059,0,0,0,3276.91,8735417,31912,1614.14,21,21,0,8630.11,8630.23,d2bdb5026f9521b2572710580efc43618e8c52e8aa7d9f95575b7a09389d5158,8.654,ok,
g5_dlow_ascarce_pcross_heavy_gshared_pool_seed0,warehouse_random_factorial,carrier,1,42,305.0,305000000,96,177,32,0,0.2857,2251,42,305,305000000,42,305,305000000,1,0,0,3319,1595,6473,0,0,SEARCH_CUTOFF,7,1,0,0,-1,305,-1,42,-1,291,14201,291,29451,0,0,18,1731,24,22,72,0,0,18943,7411,29564,0,0,0,4934.42,2586035,104906,943.562,2370,0,2,8629.61,8629.7,ea4062e1aa42e3895c1e6e329144cba7efe4f6174d90802d5635e3090f8ce1f8,8.649,ok,
g5_dlow_ascarce_pcross_heavy_gsingleton_seed0,warehouse_random_factorial,carrier,1,73,507.0,507000000,227,248,32,0,0.3887,419,73,507,507000000,73,507,507000000,1,0,0,18946,74,642,0,0,SEARCH_CUTOFF,19,0,0,0,-1,-1,-1,-1,-1,381,15920,381,18566,0,0,0,2198,271,154,890,4,0,965,161,37859,0,0,0,3384.16,4540778,81958,1007.05,41,0,0,8654.29,8654.43,1c936e6c3a0159e0ddf629b3f2439a0f59a1de23665dc63dfd49411c40942e46,8.68,ok,
g5_dlow_ascarce_plocal_gshared_pool_seed0,warehouse_random_factorial,carrier,1,35,249.0,249000000,69,148,32,0,0.2464,1576,35,249,249000000,35,249,249000000,1,0,0,9372,28824,73206,0,0,SEARCH_CUTOFF,1,1,0,0,-1,249,-1,35,-1,61,15554,61,16764,0,0,0,573,6,6,24,0,0,37545,4578,22921,0,0,0,3583.03,1514960,129862,849.08,18,0,0,8645.75,8645.86,f7dbbc0b08aae686dac392a14ad5117fc2bdf807d2014a3d15e1ba021ef48832,8.664,ok,
g5_dlow_ascarce_plocal_gsingleton_seed0,warehouse_random_factorial,carrier,1,40,289.0,289000000,113,144,32,0,0.3531,200,40,291,291000000,40,289,289000000,1,1,1,6,81,600,0,0,STRICT_IMPROVEMENT,3,0,0,0,-1,-1,-1,-1,-1,91,14,91,4148,0,0,0,863,58,40,364,0,0,760,98,366,0,0,0,470.065,248251,916,41.8797,21,0,0,480.653,480.727,4e36271236d8050049d313f51c9fb1530b3888b8aee807d6c552a21caf387251,0.491,ok,
g5_dlow_ascarce_pmixed_gshared_pool_seed0,warehouse_random_factorial,carrier,1,42,296.0,296000000,89,175,32,0,0.2649,2495,42,296,296000000,42,296,296000000,1,0,0,11017,28193,69273,0,0,SEARCH_CUTOFF,9,1,0,0,-1,296,-1,42,-1,172,13772,172,26571,0,0,20,1087,12,11,266,0,0,17369,2473,28513,0,0,0,4836.52,2504774,93556,798.913,28,0,0,8617.33,8617.44,2f26d18b6d010f5ace526e98344f44c13eb4b13947473db09df76555904b6a71,8.638,ok,
g5_dlow_ascarce_pmixed_gsingleton_seed0,warehouse_random_factorial,carrier,1,60,395.0,395000000,187,176,32,0,0.3896,334,60,395,395000000,60,395,395000000,1,0,0,3264,25670,77988,0,0,SEARCH_CUTOFF,3,0,0,0,-1,-1,-1,-1,-1,111,13017,111,9032,0,0,0,1283,216,82,1394,176,4,19307,93,13400,0,0,0,1992.17,679840,32373,274.342,25,0,6,8661.51,8661.61,855d4df287a01c73fa1b31d934778f7e5690e12b39deb763ef187c9cd9646ca8,8.681,ok,
g5_dlow_asurplus_pcross_heavy_gshared_pool_seed0,warehouse_random_factorial,carrier,1,25,237.0,237000000,94,111,32,0,0.1567,1513,25,239,239000000,25,237,237000000,1,1,1,196,237,3387,0,0,STRICT_IMPROVEMENT,3,1,1,1,2668,239,237,25,25,426,181,426,21053,0,0,28,1489,19,14,307,0,0,464,163,1538,0,0,0,2627.43,316255,3230,72.6966,18,8,0,2674.88,2674.96,e641989f0affaa97314c4175311653480f3aab05ded7f81a38913bacd652c43f,2.686,ok,
g5_dlow_asurplus_pcross_heavy_gsingleton_seed0,warehouse_random_factorial,carrier,1,40,384.0,384000000,235,117,32,0,0.2448,345,40,384,384000000,40,384,384000000,1,0,0,13796,78,1576,0,0,SEARCH_CUTOFF,2,0,0,0,-1,-1,-1,-1,-1,1576,8086,1576,24949,0,0,0,6412,270,184,2569,2782,16,2064,86,29898,0,0,0,6520.03,4216261,71545,1085.29,0,23,2,8590.5,8590.6,682f57807096968f24d61d98de649d5e0aad710b6c91fb76d455812ebdc023dd,8.611,ok,
g5_dlow_asurplus_plocal_gshared_pool_seed0,warehouse_random_factorial,carrier,1,19,222.0,222000000,67,123,32,0,0.1469,1198,20,224,224000000,19,222,222000000,1,1,1,0,18,423,0,0,STRICT_IMPROVEMENT,0,1,1,1,1274,224,222,20,19,32,9,32,11886,0,0,0,293,6,6,50,0,0,323,51,186,0,0,0,1269.35,87795,332,18.6918,4,0,0,1276,1276.07,e598f34bd14d09f5b81c03e47f418a82a4303ce95eeda58a6412c2708e812492,1.287,ok,
g5_dlow_asurplus_plocal_gsingleton_seed0,warehouse_random_factorial,carrier,1,24,244.0,244000000,117,95,32,0,0.2031,147,25,242,242000000,24,244,244000000,1,1,1,128,28,618,0,0,STRICT_IMPROVEMENT,3,0,0,0,-1,-1,-1,-1,-1,140,75,140,2506,0,0,0,628,62,38,846,84,2,291,59,639,0,0,0,464.419,208727,875,40.4835,0,6,13,483.79,483.875,51e2de5fcbc7613bc8ed032f740bce7e0889079ce14796480d72ab3361beff14,0.494,ok,
g5_dlow_asurplus_pmixed_gshared_pool_seed0,warehouse_random_factorial,carrier,1,21,224.0,224000000,89,103,32,0,0.1766,1319,21,224,224000000,21,224,224000000,1,0,0,3104,278,3499,0,0,SEARCH_CUTOFF,0,1,0,0,-1,224,-1,21,-1,1915,483,1915,45116,0,0,16,10705,402,401,2406,576,0,2683,2637,11637,0,0,0,8291.35,1245461,19201,387.106,0,104,0,8525.84,8525.94,dd11e6cdf400f95163a7ce6572943e3807b813c43050dfdd326b013fe31d58b7,8.54,ok,
g5_dlow_asurplus_pmixed_gsingleton_seed0,warehouse_random_factorial,carrier,1,45,306.0,306000000,187,87,32,0,0.1731,235,45,306,306000000,45,306,306000000,1,0,0,21655,38,947,0,0,SEARCH_CUTOFF,0,0,0,0,-1,-1,-1,-1,-1,109,15645,109,6704,0,0,0,742,194,96,1582,28,2,242,69,27796,0,0,0,2337.1,3203505,33270,740.137,3,42,0,8645.93,8646.05,26fa595a7eed995c57b977f9130ac3df99b7200e4fc06ab1848c328437e8f7a9,8.672,ok,
g5_dmedium_abaseline_pcross_heavy_gshared_pool_seed0,warehouse_random_factorial,carrier,1,30,301.0,301000000,102,167,32,0,0.2833,1955,30,301,301000000,30,301,301000000,1,0,0,43355,1584,6108,0,0,SEARCH_CUTOFF,7,1,0,0,-1,301,-1,30,-1,293,11742,293,23552,0,0,22,1581,64,58,1484,666,0,13326,4132,21495,0,0,0,4997.5,932997,68593,571.763,2008,0,3,8619.79,8619.89,96642a8f1e7021e188ea9aeb474895996a9fa199ae0820e5fdd64293a96bf255,8.641,ok,
g5_dmedium_abaseline_pcross_heavy_gsingleton_seed0,warehouse_random_factorial,carrier,1,64,465.0,465000000,227,206,32,0,0.2956,442,64,465,465000000,64,465,465000000,1,0,0,22907,57,709,0,0,SEARCH_CUTOFF,10,0,0,0,-1,-1,-1,-1,-1,298,11912,298,14865,0,0,0,1587,191,114,5186,744,2,3324,2894,25728,0,0,0,5158.3,15547540,65856,2442.69,38,0,2,8620.14,8620.25,60c0c58656e72fbdfe72a17980730bcfe11f80cbf721c10165fdcb3c1a48917c,8.641,ok,
g5_dmedium_abaseline_plocal_gshared_pool_seed0,warehouse_random_factorial,carrier,1,28,264.0,264000000,69,163,32,0,0.2054,1569,28,264,264000000,28,264,264000000,1,0,0,6697,24068,135159,0,0,SEARCH_CUTOFF,2,1,0,0,-1,264,-1,28,-1,44,7981,44,17336,0,0,8,434,6,6,32,3,0,26089,3047,8153,0,0,0,3822.97,566743,60898,485.367,24,0,0,8619.41,8619.51,ccf863d9a11642bf2832a74ba41462e05ec34d1e8da14d74302f14e69d5cd356,8.639,ok,
g5_dmedium_abaseline_plocal_gsingleton_seed0,warehouse_random_factorial,carrier,1,37,295.0,295000000,115,148,32,0,0.259,198,37,295,295000000,37,295,295000000,1,0,0,9331,32,414,0,0,SEARCH_CUTOFF,4,0,0,0,-1,-1,-1,-1,-1,71,15094,71,3068,0,0,0,530,52,46,950,175,0,3277,2923,23142,0,0,0,2873.72,2525403,28807,551.679,42,0,0,8638.75,8638.85,ab85d6b54a293420d68c4a167e86a59d07259d93f7ce3202d708e6a34ecac2a4,8.66,ok,
g5_dmedium_abaseline_pmixed_gshared_pool_seed0,warehouse_random_factorial,carrier,1,31,269.0,269000000,94,143,32,0,0.2527,2020,31,269,269000000,31,269,269000000,1,0,0,13938,70,632,0,0,SEARCH_CUTOFF,2,1,0,0,-1,269,-1,31,-1,1307,2197,1307,39845,0,0,36,5735,14,13,3554,6958,0,1775,1330,12372,0,0,0,8090.16,1971322,26227,441.693,17,3,0,8537.49,8537.58,ca104745e07787ffbb98b1e5d309b945cde5b7b76355cada774340228860bf20,8.552,ok,
g5_dmedium_abaseline_pmixed_gsingleton_seed0,warehouse_random_factorial,carrier,1,43,401.0,401000000,195,174,32,0,0.3779,353,44,399,399000000,43,401,401000000,1,1,1,176,41,518,0,0,STRICT_IMPROVEMENT,9,0,0,0,-1,-1,-1,-1,-1,132,51,132,7759,0,0,0,1006,176,78,1560,404,4,533,120,595,0,0,0,790.037,715630,923,101.838,38,0,4,822.798,822.881,bc1dcc6932438d4bf8cb0400ae7a0fd11eb8e866787593b8cab46b5db23e8040,0.835,ok,
g5_dmedium_aequal_pcross_heavy_gshared_pool_seed0,warehouse_random_factorial,carrier,1,25,290.0,290000000,100,158,32,0,0.25,1742,25,292,292000000,25,290,290000000,1,1,1,7145,1577,6013,0,0,STRICT_IMPROVEMENT,4,1,1,1,8432,292,290,25,25,1187,1432,1187,27970,0,0,16,5493,154,150,5965,125,0,1482,179,9021,0,0,0,8158.95,532271,14612,197.338,6,1,3,8469.83,8469.91,7dfba12162cb5dc74918c119f19cf3756cc17a788009f2d273f07dd75df6ea3a,8.486,ok,
g5_dmedium_aequal_pcross_heavy_gsingleton_seed0,warehouse_random_factorial,carrier,1,56,427.0,427000000,233,162,32,0,0.26,477,56,427,427000000,56,427,427000000,1,0,0,18241,78,912,0,0,SEARCH_CUTOFF,2,0,0,0,-1,-1,-1,-1,-1,273,10270,273,16270,0,0,0,1695,512,350,1940,1196,7,552,1948,23055,0,0,0,5735.87,15816580,65346,2621.91,6,44,24,8594.23,8594.35,5a439f0164f8437174e7f78050136db4489d3a677170497d48f4371263f940fc,8.617,ok,
g5_dmedium_aequal_plocal_gshared_pool_seed0,warehouse_random_factorial,carrier,1,24,270.0,270000000,69,169,32,0,0.1797,1363,24,270,270000000,24,270,270000000,1,0,0,7488,27,434,0,0,SEARCH_CUTOFF,1,1,0,0,-1,270,-1,24,-1,961,2612,961,27559,0,0,6,3974,6,6,8312,1566,0,3120,2752,11519,0,0,0,8061.99,1500982,26522,387.958,17,2,0,8531.77,8531.86,8eb3674927836496319f858faaa6c7f3eac29f162e804b21a64b091bc579ba08,8.548,ok,
g5_dmedium_aequal_plocal_gsingleton_seed0,warehouse_random_factorial,carrier,1,35,266.0,266000000,115,119,32,0,0.2054,173,35,266,266000000,35,266,266000000,1,0,0,10895,32,540,0,0,SEARCH_CUTOFF,0,0,0,0,-1,-1,-1,-1,-1,58,13484,58,2305,0,0,0,377,50,40,880,94,2,1619,1340,13772,0,0,0,2263.49,517824,16510,228.218,0,32,9,8622.9,8623,af4b5f39098ec057328e53727275411bbdc9c4c74ddb279d42b8f41ce4dbcebf,8.646,ok,
g5_dmedium_aequal_pmixed_gshared_pool_seed0,warehouse_random_factorial,carrier,1,21,266.0,266000000,92,142,32,0,0.2738,1313,21,266,266000000,21,266,266000000,1,0,0,15058,17,287,0,0,SEARCH_CUTOFF,0,1,0,0,-1,266,-1,21,-1,1178,1815,1178,32411,0,0,24,9291,332,331,6587,13,0,3318,150,32255,0,0,0,8121.99,1429798,23960,455.361,14,8,0,8541.69,8541.79,82e759c01b9974e2bc8954cda380a08a31ebf28c79c1556c2ba886285d2e5222,8.558,ok,
g5_dmedium_aequal_pmixed_gsingleton_seed0,warehouse_random_factorial,carrier,1,45,340.0,340000000,189,119,32,0,0.2625,324,45,342,342000000,45,340,340000000,1,1,1,3,44,691,1,1,REFERENCE_SUFFIX_ACCEPTED,2,0,0,0,-1,-1,-1,-1,-1,88,11,88,7360,0,0,0,712,162,100,1334,612,4,294,103,435,0,0,0,645.324,628826,662,85.871,12,22,5,670.865,670.95,7a5b4344fa5ba5e1d1df3e9b1b2362bcb66708cd1ca8b169652538b086b4fa38,0.683,ok,
g5_dmedium_ascarce_pcross_heavy_gshared_pool_seed0,warehouse_random_factorial,carrier,1,42,294.0,294000000,105,157,32,0,0.3125,2638,42,296,296000000,42,294,294000000,1,1,1,94,41,350,1,1,REFERENCE_SUFFIX_ACCEPTED,2,1,1,1,3013,296,294,42,42,100,26,100,30446,0,0,30,913,21,17,1111,74,0,799,83,350,0,0,0,2995.42,228991,903,40.5384,9,0,0,3021.41,3021.49,2b8990e2eb7f6be14be593eaaf6c9b8eea12043711e16021330f62db76e1c349,3.033,ok,
g5_dmedium_ascarce_pcross_heavy_gsingleton_seed0,warehouse_random_factorial,carrier,1,71,505.0,505000000,227,246,32,0,0.3996,486,71,505,505000000,71,505,505000000,1,0,0,27028,74,642,0,0,SEARCH_CUTOFF,19,0,0,0,-1,-1,-1,-1,-1,257,14526,257,17085,0,0,0,1821,221,125,1832,282,0,954,154,33734,0,0,0,3775.77,4076378,72524,935.378,41,0,0,8641.73,8641.84,692ffd93c0de4486e100fe649dc51b1fd7ff975bf2d4aebee17ac8227dfed9ce,8.665,ok,
g5_dmedium_ascarce_plocal_gshared_pool_seed0,warehouse_random_factorial,carrier,1,35,249.0,249000000,69,148,32,0,0.2464,1662,35,249,249000000,35,249,249000000,1,0,0,16866,34483,74655,0,0,SEARCH_CUTOFF,1,1,0,0,-1,249,-1,35,-1,56,13915,56,19159,0,0,4,553,6,6,24,6,0,35217,9978,18397,0,0,0,4054.02,1474640,117670,813.055,2358,0,0,8624.7,8624.8,f7dbbc0b08aae686dac392a14ad5117fc2bdf807d2014a3d15e1ba021ef48832,8.645,ok,
g5_dmedium_ascarce_plocal_gsingleton_seed0,warehouse_random_factorial,carrier,1,40,291.0,291000000,115,144,32,0,0.3594,256,40,291,291000000,40,291,291000000,1,0,0,9637,81,564,0,0,SEARCH_CUTOFF,3,0,0,0,-1,-1,-1,-1,-1,1795,1886,1795,22549,0,0,0,8517,58,40,470,0,0,2668,1293,12965,0,0,0,8062.18,1054427,29196,403.858,21,0,0,8541.52,8541.62,b04e3b91a398198e9f37c7e87314ff6e0e36a6be348285c2794dfe629fd05845,8.556,ok,
g5_dmedium_ascarce_pmixed_gshared_pool_seed0,warehouse_random_factorial,carrier,1,42,296.0,296000000,89,175,32,0,0.2649,2574,42,296,296000000,42,296,296000000,1,0,0,16296,31872,66552,0,0,SEARCH_CUTOFF,9,1,0,0,-1,296,-1,42,-1,112,12187,112,26811,0,0,20,862,12,11,215,10,0,16234,2683,22702,0,0,0,4999.75,2143590,78644,697.672,28,0,0,8615.22,8615.32,defc3006b5d9730fd4974ac89c8ce2e9a88782bffd9f2962441cf952c181b223,8.635,ok,
g5_dmedium_ascarce_pmixed_gsingleton_seed0,warehouse_random_factorial,carrier,1,58,397.0,397000000,191,174,32,0,0.4116,357,58,397,397000000,58,397,397000000,1,0,0,19702,63,532,0,0,SEARCH_CUTOFF,2,0,0,0,-1,-1,-1,-1,-1,119,15729,119,9864,0,0,0,1276,182,90,206,140,0,4476,3721,23921,0,0,0,2660.12,2475257,32356,509.381,22,2,0,8647.15,8647.26,a28855f8b86becc5a10f8484dbd947b11f838aefeb3f84a107b3001b5bb4d991,8.67,ok,
g5_dmedium_asurplus_pcross_heavy_gshared_pool_seed0,warehouse_random_factorial,carrier,1,23,232.0,232000000,100,100,32,0,0.1812,1635,23,234,234000000,23,232,232000000,1,1,1,2236,279,2561,0,0,STRICT_IMPROVEMENT,0,1,1,1,2922,234,232,23,23,333,336,333,18894,0,0,21,1279,21,15,159,84,0,452,127,1847,0,0,0,2848.05,256704,3353,64.3021,0,1,0,2933.52,2933.6,64e907668e7a7a2203f587859c816fbef46325ef112f79e26e86ae4f0a884ab9,2.948,ok,
g5_dmedium_asurplus_pcross_heavy_gsingleton_seed0,warehouse_random_factorial,carrier,1,43,382.0,382000000,235,115,32,0,0.2277,416,43,382,382000000,43,382,382000000,1,0,0,6066,46,1094,0,0,SEARCH_CUTOFF,5,0,0,0,-1,-1,-1,-1,-1,81,10429,81,7116,0,0,0,742,204,126,1658,1738,16,249,83,10954,0,0,0,2832.19,1359059,15375,343.86,0,31,4,8620.45,8620.56,8b67d0e4a7de2c52b4fd383df8ceba2fbb9dfbeb810187d62be378cfaa9126a6,8.644,ok,
g5_dmedium_asurplus_plocal_gshared_pool_seed0,warehouse_random_factorial,carrier,1,20,222.0,222000000,69,121,32,0,0.1437,1218,20,222,222000000,20,222,222000000,1,0,0,7528,18,424,0,0,SEARCH_CUTOFF,0,1,0,0,-1,222,-1,20,-1,1109,1568,1109,25676,0,0,6,6188,6,6,5172,7,0,2968,79,18337,0,0,0,8162.65,1289677,20741,343.141,0,2,0,8535,8535.09,f5d41a34eca0dadd26e91ab51be2aea09a466a987a03f90c0960ef8a734f0e1f,8.549,ok,
g5_dmedium_asurplus_plocal_gsingleton_seed0,warehouse_random_factorial,carrier,1,25,242.0,242000000,115,95,32,0,0.1917,174,25,242,242000000,25,242,242000000,1,0,0,42134,27,572,0,0,SEARCH_CUTOFF,0,0,0,0,-1,-1,-1,-1,-1,82,14171,82,2495,0,0,0,500,64,38,804,62,2,7030,6825,27794,0,0,0,2870.09,1563984,63307,602.84,0,6,13,8631.78,8631.89,a447255048d5477b56ac18c6728d22bd4937b399755061a9554f01e5c78923a6,8.657,ok,
g5_dmedium_asurplus_pmixed_gshared_pool_seed0,warehouse_random_factorial,carrier,1,21,224.0,224000000,89,103,32,0,0.1766,1364,21,224,224000000,21,224,224000000,1,0,0,6354,278,2098,0,0,SEARCH_CUTOFF,0,1,0,0,-1,224,-1,21,-1,1305,433,1305,35852,0,0,16,7323,281,280,112,211,0,2039,2016,8103,0,0,0,8281.41,896501,13921,286.498,0,52,0,8524.5,8524.6,2d42f8ed6c7496e3816cf4c1d37be740873de62ee5babd217e0d23ee6c0c05ee,8.538,ok,
g5_dmedium_asurplus_pmixed_gsingleton_seed0,warehouse_random_factorial,carrier,1,41,314.0,314000000,191,91,32,0,0.1941,323,41,314,314000000,41,314,314000000,1,0,0,73566,38,924,0,0,SEARCH_CUTOFF,0,0,0,0,-1,-1,-1,-1,-1,87,13977,87,6453,0,2,0,666,168,102,1910,476,2,248,77,22458,0,0,0,2871.27,2970072,29878,692.629,3,32,0,8628.3,8628.41,af0a1ba494af318e541706dbd2446d79fedf070c84d0f750788b9205c9656417,8.656,ok,
g6_dhigh_abaseline_pcross_heavy_gshared_pool_seed0,warehouse_random_factorial,carrier,1,60,632.0,632000000,147,413,60,6,0.2042,6046,62,599,599000000,60,632,632000000,1,1,1,0,6,77,0,0,STRICT_IMPROVEMENT,20,1,1,1,6506,599,632,62,60,97,23,97,72266,0,0,17,1344,215,42,1386,457,1,1336,315,356,0,0,0,6460.08,390128,1035,65.5252,142,3,0,6531.88,6532,6e8a5b9c52cb7c150228e56b5f252d05fd216953165d4dac605b1ae2fc3f627c,6.548,ok,
g6_dhigh_abaseline_pcross_heavy_gsingleton_seed0,warehouse_random_factorial,carrier,1,79,730.0,730000000,381,313,36,0,0.4019,917,79,730,730000000,79,730,730000000,1,0,0,25504,75,973,0,0,SEARCH_CUTOFF,26,0,0,0,-1,-1,-1,-1,-1,321,7941,321,26745,0,0,0,2567,702,322,2264,7145,32,2529,1866,23335,0,0,0,6055.61,3244537,56473,1031.62,57,0,2,8591.5,8591.64,3943d366ca42e78f55f54ba89a50b70e52c78c86f7c3d31f65a0fa6cc3bf708e,8.619,ok,
g6_dhigh_abaseline_plocal_gshared_pool_seed0,warehouse_random_factorial,carrier,1,42,408.0,408000000,115,254,38,0,0.2282,3970,42,408,408000000,42,408,408000000,1,0,0,15614,48,578,0,0,SEARCH_CUTOFF,7,1,0,0,-1,408,-1,42,-1,95,6831,95,44844,0,0,0,928,24,4,213,364,0,2745,1970,10182,0,0,0,6365.55,505163,14440,284.453,47,0,0,8582.07,8582.2,88f223c5248e3dd7c039f3005816f1110fd045130c3990b7125eba1b377b19dc,8.607,ok,
g6_dhigh_abaseline_plocal_gsingleton_seed0,warehouse_random_factorial,carrier,1,78,643.0,643000000,286,321,36,0,0.3056,857,78,643,643000000,78,643,643000000,1,0,0,3351,86,1063,0,0,SEARCH_CUTOFF,15,0,0,0,-1,-1,-1,-1,-1,131,6309,131,16810,0,0,0,1530,418,206,4058,7820,30,876,205,6898,0,0,0,4528.4,1686089,12070,409.054,73,18,31,8604.25,8604.4,852a47863d9dd1cb3d5abff2dc898ee43f766711983155776fd9395a265c3ffb,8.631,ok,
g6_dhigh_abaseline_pmixed_gshared_pool_seed0,warehouse_random_factorial,carrier,1,44,407.0,407000000,136,232,38,0,0.2576,4671,44,444,444000000,44,407,407000000,1,1,1,0,3,38,0,0,STRICT_IMPROVEMENT,5,1,1,1,4974,444,407,44,44,77,18,77,61779,0,0,56,921,50,18,794,225,0,933,154,346,0,0,0,4941.2,373335,750,62.9203,45,0,0,4994,4994.14,c9a5882c3a3bf227607139247e10634427deaf79110bb810b59297121ca49530,5.011,ok,
g6_dhigh_abaseline_pmixed_gsingleton_seed0,warehouse_random_factorial,carrier,1,69,659.0,659000000,306,317,36,0,0.3696,912,69,659,659000000,69,659,659000000,1,0,0,73601,71,879,0,0,SEARCH_CUTOFF,16,0,0,0,-1,-1,-1,-1,-1,214,9091,214,22984,0,0,0,2010,358,164,4404,6578,42,2862,2159,24884,0,0,0,5800.21,10984444,71094,1952.92,54,0,5,8599.55,8599.69,07e494394cc3777d0fcf9be7fe53d79eeef0d16b70592493fdfe4cd7cfcd747e,8.63,ok,
g6_dhigh_aequal_pcross_heavy_gshared_pool_seed0,warehouse_random_factorial,carrier,1,54,550.0,550000000,141,340,59,5,0.1451,5391,54,551,551000000,54,550,550000000,1,1,1,8,53,1005,0,0,STRICT_IMPROVEMENT,12,1,1,1,5815,551,550,54,54,85,23,85,72682,0,0,20,903,136,37,1312,400,2,794,240,378,0,0,0,5772.49,370664,886,63.1049,73,5,0,5838.67,5838.79,3240c72bf3cde701971e70941023cac0584826b5dbf12d142344258fb92cf348,5.854,ok,
g6_dhigh_aequal_pcross_heavy_gsingleton_seed0,warehouse_random_factorial,carrier,1,70,703.0,703000000,381,280,38,0,0.3024,994,70,703,703000000,70,703,703000000,1,0,0,10981,74,1359,0,0,SEARCH_CUTOFF,10,0,0,0,-1,-1,-1,-1,-1,145,8431,145,21598,0,0,0,1618,657,325,6654,5518,58,7423,2729,12213,0,0,0,4713.32,1955457,22310,548.077,39,137,25,8603.63,8603.78,843c3ddec2b6b3383e8090d3950fe7c796ee07d460ef883c54bf7fff5c497272,8.633,ok,
g6_dhigh_aequal_plocal_gshared_pool_seed0,warehouse_random_factorial,carrier,1,27,348.0,348000000,115,194,38,0,0.2366,2801,27,348,348000000,27,348,348000000,1,0,0,9259,10854,31557,0,0,SEARCH_CUTOFF,2,1,0,0,-1,348,-1,27,-1,761,373,761,53831,0,0,0,5518,22,4,7768,21992,0,479,91,6575,0,0,0,8248.96,1996329,9078,403.583,27,0,0,8521.19,8521.32,8e4fd758f95f049d488a2f3543914c622caa8c0b1bf55c862c799a1628ac00b5,8.537,ok,
g6_dhigh_aequal_plocal_gsingleton_seed0,warehouse_random_factorial,carrier,1,72,680.0,680000000,310,334,36,0,0.2392,932,72,680,680000000,72,680,680000000,1,0,0,35468,64,1172,0,0,SEARCH_CUTOFF,7,0,0,0,-1,-1,-1,-1,-1,150,8101,150,18163,0,0,0,1451,386,236,4444,5179,56,2589,2604,15796,0,0,0,5827.88,12448383,46011,2026.77,36,42,9,8585.41,8585.57,28fb22923dc7f5f534bd2cece944c3d597a23d3b3151e92537f9e78851b66237,8.615,ok,
g6_dhigh_aequal_pmixed_gshared_pool_seed0,warehouse_random_factorial,carrier,1,32,350.0,350000000,128,182,39,1,0.2222,3445,32,351,351000000,32,350,350000000,1,1,1,4,33,589,0,0,STRICT_IMPROVEMENT,2,1,1,1,3728,351,350,32,32,60,18,60,49646,0,0,34,575,45,20,275,803,0,467,100,343,0,0,0,3702.39,304700,559,51.7169,20,2,0,3743.27,3743.37,6735063755aa0dd53d7bd29dc1f981fc6d18006b83bb1ada2b34c1aabc49609e,3.757,ok,
g6_dhigh_aequal_pmixed_gsingleton_seed0,warehouse_random_factorial,carrier,1,64,612.0,612000000,320,256,36,0,0.2778,940,64,612,612000000,64,612,612000000,1,0,0,8284,63,1152,0,0,SEARCH_CUTOFF,6,0,0,0,-1,-1,-1,-1,-1,132,8764,132,16645,0,0,0,1306,304,130,4040,19568,76,3376,2925,13362,0,0,0,5016.81,3919513,18359,791.5,23,30,13,8588.43,8588.58,f7350d20584e66cb827ec29680d6581ae3513ccb5ee1da26546c379e5a31121f,8.616,ok,
g6_dhigh_ascarce_pcross_heavy_gshared_pool_seed0,warehouse_random_factorial,carrier,1,69,573.0,573000000,136,366,62,5,0.219,5699,69,573,573000000,69,573,573000000,1,0,0,13059,23,229,0,0,SEARCH_CUTOFF,24,1,0,0,-1,573,-1,69,-1,109,4022,109,74241,0,0,7,1632,235,27,1144,398,1,29923,15325,8234,0,0,0,7755.66,939833,33951,643.417,7373,0,0,8547.08,8547.23,61754b188b793095d95acbe773100206f161cd85a12cda0d54cd57c7e32a10fc,8.568,ok,
g6_dhigh_ascarce_pcross_heavy_gsingleton_seed0,warehouse_random_factorial,carrier,1,111,798.0,798000000,370,389,38,0,0.3704,1074,111,798,798000000,111,798,798000000,1,0,0,17428,108,1046,0,0,SEARCH_CUTOFF,32,0,0,0,-1,-1,-1,-1,-1,212,9713,212,34665,0,0,0,2752,889,345,5340,3478,31,1419,793,16416,0,0,0,5071.4,6465864,23634,1014.72,86,36,6,8617.1,8617.25,18042a0f3029cf92f5a217d2df7a5f226c098e49830cd8563ecba58df8ea1ad3,8.649,ok,
g6_dhigh_ascarce_plocal_gshared_pool_seed0,warehouse_random_factorial,carrier,1,52,390.0,390000000,115,236,38,0,0.2457,4701,52,390,390000000,52,390,390000000,1,0,0,35539,94,645,0,0,SEARCH_CUTOFF,1,1,0,0,-1,390,-1,52,-1,92,5870,92,49478,0,0,0,1006,54,4,535,668,0,1624,747,8725,0,0,0,6747.28,500086,15627,270.772,23,0,0,8566.93,8567.07,8ff9e52c054ea2536f9ee765dd8774dc38696839b701cdf9a048ce4d79a242a3,8.591,ok,
g6_dhigh_ascarce_plocal_gsingleton_seed0,warehouse_random_factorial,carrier,1,79,629.0,629000000,284,309,36,0,0.3994,976,79,629,629000000,79,629,629000000,1,0,0,32226,84,802,0,0,SEARCH_CUTOFF,9,0,0,0,-1,-1,-1,-1,-1,171,10264,171,20851,0,0,0,2066,465,227,7424,4614,16,5839,4715,20621,0,0,0,5018.58,4818940,48293,896.283,34,9,30,8610.38,8610.53,f607faabaee73a94793fa849b9197161bca7e582b24bd46dfea087029ed3cd04,8.639,ok,
g6_dhigh_ascarce_pmixed_gshared_pool_seed0,warehouse_random_factorial,carrier,1,51,393.0,393000000,131,226,36,0,0.2854,4778,51,393,393000000,51,393,393000000,1,0,0,24501,15,149,0,0,SEARCH_CUTOFF,3,1,0,0,-1,393,-1,51,-1,175,3932,175,56223,0,0,21,1745,40,20,852,176,0,20398,4362,13191,0,0,0,7730.52,4871652,32945,1070.59,2528,0,0,8550,8550.13,000568eba0c5006cce4579a5666fdf6b17696099bb4de85c35db181bb5a62f04,8.57,ok,
g6_dhigh_ascarce_pmixed_gsingleton_seed0,warehouse_random_factorial,carrier,1,83,669.0,669000000,318,315,36,0,0.4257,1079,83,669,669000000,83,669,669000000,1,0,0,118775,339,1388,0,0,SEARCH_CUTOFF,17,0,0,0,-1,-1,-1,-1,-1,217,9533,217,26058,0,4,0,2471,392,198,3730,3057,36,11063,180,20019,0,0,0,5508.31,2577042,74388,1025.99,55,0,0,8607.22,8607.38,4d4c5dfecef7776ff9541f725d5913447396eb848e18a133a9da3a17e87a2c80,8.642,ok,
g6_dhigh_asurplus_pcross_heavy_gshared_pool_seed0,warehouse_random_factorial,carrier,1,54,505.0,505000000,159,265,68,8,0.1091,5446,55,502,502000000,54,505,505000000,1,1,1,7,24,671,0,0,STRICT_IMPROVEMENT,5,1,1,1,5846,502,505,55,54,100,22,100,73268,0,0,18,872,179,35,2429,571,1,628,240,418,0,0,0,5799.54,372614,899,63.9965,45,15,4,5871.72,5871.85,18ebda4d679f4e4d72e9858f042b6fb90d229048ea3be004cb3b9625e921396e,5.887,ok,
g6_dhigh_asurplus_pcross_heavy_gsingleton_seed0,warehouse_random_factorial,carrier,1,95,686.0,686000000,380,267,38,0,0.1481,955,95,688,688000000,95,686,686000000,1,1,1,66,79,2066,1,1,REFERENCE_SUFFIX_ACCEPTED,13,0,0,0,-1,-1,-1,-1,-1,207,10,207,26330,0,2,0,1748,596,315,5730,1752,50,498,215,868,0,0,0,1917.84,1317125,1183,178.274,61,143,4,2037,2037.14,6fa5077d5843ead8d015f8317dc774d877d1ab53df5a1de4104e62553fad4d2c,2.054,ok,
g6_dhigh_asurplus_plocal_gshared_pool_seed0,warehouse_random_factorial,carrier,1,26,294.0,294000000,115,140,38,0,0.1638,2760,26,294,294000000,26,294,294000000,1,0,0,45849,27,692,0,0,SEARCH_CUTOFF,0,1,0,0,-1,294,-1,26,-1,148,7715,148,34154,0,0,0,793,22,4,632,558,0,393,53,19690,0,0,0,6174.99,6784443,44259,1210.81,0,6,0,8579.45,8579.58,d992f2b6421eb71c561c31c2e10006c7a5403cc721beb8061498ed7a7aaffd20,8.606,ok,
g6_dhigh_asurplus_plocal_gsingleton_seed0,warehouse_random_factorial,carrier,1,68,572.0,572000000,300,236,36,0,0.1634,861,68,572,572000000,68,572,572000000,1,0,0,24059,70,1842,0,0,SEARCH_CUTOFF,10,0,0,0,-1,-1,-1,-1,-1,163,9993,163,16753,0,0,0,1358,391,185,6132,8261,109,1915,2680,14836,0,0,0,4815.08,3443409,21901,741.644,23,29,19,8615.97,8616.13,148ab19da7368ea1b333fcdda3dc313a2a7563c9eff8541b2bf0492b9ff81aa9,8.648,ok,
g6_dhigh_asurplus_pmixed_gshared_pool_seed0,warehouse_random_factorial,carrier,1,40,288.0,288000000,131,121,36,0,0.1213,4097,40,288,288000000,40,288,288000000,1,0,0,11986,12,335,0,0,SEARCH_CUTOFF,4,1,0,0,-1,288,-1,40,-1,470,611,470,77655,0,0,28,2306,130,118,6240,27443,0,752,513,3335,0,0,0,8268.44,2482351,8493,378.746,5,22,0,8525.64,8525.76,9ea108058025643c1036ba90b233d494162da31ae063ca96b4555441ddcca84c,8.542,ok,
g6_dhigh_asurplus_pmixed_gsingleton_seed0,warehouse_random_factorial,carrier,1,59,514.0,514000000,322,156,36,0,0.2021,809,59,514,514000000,59,514,514000000,1,0,0,48651,82,1822,0,0,SEARCH_CUTOFF,7,0,0,0,-1,-1,-1,-1,-1,170,8415,170,16476,0,0,0,1343,348,172,5876,12288,52,4750,4474,15493,0,0,0,5249.68,9099039,38629,1389.45,31,38,9,8603.96,8604.11,1fd3990a9c3482c1a55f0a31f0b3c031bdfa64db8aaed83856b349496dcc9019,8.636,ok,
g6_dlow_abaseline_pcross_heavy_gshared_pool_seed0,warehouse_random_factorial,carrier,1,42,391.0,391000000,94,256,40,1,0.1865,2918,42,397,397000000,42,391,391000000,1,1,1,0,22,285,0,0,STRICT_IMPROVEMENT,2,1,1,1,3116,397,391,42,42,71,11,71,37742,0,0,14,781,92,35,971,15,0,809,108,223,0,0,0,3101.69,151850,662,32.4916,31,0,0,3123.68,3123.79,e5313bc62a8c5b0d9170760dba1c59c232719c77ecdac59ade17a54e8fe5a6c2,3.135,ok,
g6_dlow_abaseline_pcross_heavy_gsingleton_seed0,warehouse_random_factorial,carrier,1,79,704.0,704000000,359,309,36,0,0.3787,643,79,706,706000000,79,704,704000000,1,1,1,148,80,995,0,0,STRICT_IMPROVEMENT,17,0,0,0,-1,-1,-1,-1,-1,293,87,293,24854,0,0,0,2210,670,364,964,186,2,838,214,1240,0,0,0,1610.65,1410744,2021,194.628,75,12,4,1670.62,1670.74,74e0284151a96bd9b7a4f12b2d0e04013beb6b742f918e8d74e110cdd5a8ba03,1.683,ok,
g6_dlow_abaseline_plocal_gshared_pool_seed0,warehouse_random_factorial,carrier,1,33,347.0,347000000,109,202,36,0,0.2753,2685,33,347,347000000,33,347,347000000,1,0,0,4600,74,693,0,0,SEARCH_CUTOFF,3,1,0,0,-1,347,-1,33,-1,2105,3460,2105,44148,0,0,4,8894,5,5,46,2,0,2773,2105,17496,0,0,0,7741.82,844572,38394,461.413,24,0,0,8553.71,8553.84,51b52361b3a171d10d1277537de1a4a4d7ef5debc683f54765ed604ba64d7fb3,8.571,ok,
g6_dlow_abaseline_plocal_gsingleton_seed0,warehouse_random_factorial,carrier,1,74,609.0,609000000,286,287,36,0,0.3221,590,74,609,609000000,74,609,609000000,1,0,0,5030,69,882,0,0,SEARCH_CUTOFF,12,0,0,0,-1,-1,-1,-1,-1,169,12309,169,15892,0,0,0,1548,426,205,4518,1294,36,12957,27541,18157,0,0,0,3666.57,2976102,74089,916.981,5286,0,35,8630.73,8630.88,156d25c481a04046926a38940c420f099bbb33d99ee61f963eaefe00447b3ebb,8.653,ok,
g6_dlow_abaseline_pmixed_gshared_pool_seed0,warehouse_random_factorial,carrier,1,42,415.0,415000000,125,254,36,0,0.248,3835,42,415,415000000,42,415,415000000,1,0,0,11304,1597,9294,0,0,SEARCH_CUTOFF,9,1,0,0,-1,415,-1,42,-1,572,7922,572,54537,0,0,30,3120,40,19,255,4,0,11398,4116,17671,0,0,0,6984.02,1264640,57542,689.477,1303,0,3,8583.52,8583.65,4374e6b92b58bf1106aa0978f312f2b547e6d42a8c1689e323f9e9a6daf45f39,8.602,ok,
g6_dlow_abaseline_pmixed_gsingleton_seed0,warehouse_random_factorial,carrier,1,69,658.0,658000000,306,316,36,0,0.3696,618,69,658,658000000,69,658,658000000,1,0,0,44966,70,878,0,0,SEARCH_CUTOFF,16,0,0,0,-1,-1,-1,-1,-1,360,12958,360,24260,0,0,0,2643,428,154,4936,2322,40,9950,19190,32262,0,0,0,4528.61,4333499,100572,1424.78,3407,0,5,8642.45,8642.6,f33225f3306c516a61a64d52131bcf54de3de23f2e39f9f25e267b265a8ec1b4,8.666,ok,
g6_dlow_aequal_pcross_heavy_gshared_pool_seed0,warehouse_random_factorial,carrier,1,34,417.0,417000000,96,280,40,1,0.1569,2639,36,417,417000000,34,417,417000000,1,1,1,1,35,643,0,0,STRICT_IMPROVEMENT,3,1,1,1,2815,417,417,36,34,66,13,66,32522,0,0,14,666,62,39,763,0,0,655,105,256,0,0,0,2801.49,161341,589,34.2284,25,3,0,2821.43,2821.53,37258a32c9a0740decc83a3fd844bdf97ac87e48871ec16d98e85fcec9534d5e,2.834,ok,
g6_dlow_aequal_pcross_heavy_gsingleton_seed0,warehouse_random_factorial,carrier,1,79,672.0,672000000,381,255,36,0,0.2679,977,83,676,676000000,79,672,672000000,1,0,0,1681,77,1459,0,0,SEARCH_CUTOFF,7,0,0,0,-1,-1,-1,-1,-1,140,11959,140,20805,0,2,0,1393,564,340,4812,18642,78,1606,1218,12773,0,0,0,3659.08,2026147,15227,468.299,12,133,30,8618.13,8618.28,98eaa352e5f28305ae835c3b88283b728ebfb61f8b2e10ca7da72aa64b3a4504,8.641,ok,
g6_dlow_aequal_plocal_gshared_pool_seed0,warehouse_random_factorial,carrier,1,28,321.0,321000000,109,176,36,0,0.2163,2261,28,321,321000000,28,321,321000000,1,0,0,2443,27,486,0,0,SEARCH_CUTOFF,0,1,0,0,-1,321,-1,28,-1,1538,1009,1538,50236,0,0,6,8353,4,4,36,0,0,1060,202,13842,0,0,0,8255.26,1060044,19610,386.215,3,0,0,8534.46,8534.59,aa8a46e379a7e5c0ad088844668035717d78bcffd5f8437e77febfd09313aae9,8.549,ok,
g6_dlow_aequal_plocal_gsingleton_seed0,warehouse_random_factorial,carrier,1,68,662.0,662000000,296,330,36,0,0.2418,695,68,662,662000000,68,662,662000000,1,0,0,14698,105,1715,0,0,SEARCH_CUTOFF,5,0,0,0,-1,-1,-1,-1,-1,175,12151,175,17408,0,0,0,1450,347,186,5612,5985,80,6863,19569,18395,0,0,0,3744.11,2391596,51158,774.661,3996,51,6,8624.3,8624.46,61ace5cb23f9b4d86d4ebf5512d2546a95da839a7ebaa8bad2ac42023dc4f561,8.648,ok,
g6_dlow_aequal_pmixed_gshared_pool_seed0,warehouse_random_factorial,carrier,1,82,472.0,472000000,171,265,36,0,0.1159,4044,84,476,476000000,82,472,472000000,1,0,0,9072,75,1422,0,0,SEARCH_CUTOFF,93,1,0,0,-1,472,-1,82,-1,82,3576,82,63067,0,0,300,612,62,45,487,0,0,8108,8810,3908,0,0,0,5634.38,345667,19718,263.666,2179,89,0,8589.75,8589.9,63e9264df99474819234f71a1d6b5741aa7c28591bba8803876cc600bf56731c,8.611,ok,
g6_dlow_aequal_pmixed_gsingleton_seed0,warehouse_random_factorial,carrier,1,64,610.0,610000000,318,256,36,0,0.276,648,64,610,610000000,64,610,610000000,1,0,0,11580,62,1151,0,0,SEARCH_CUTOFF,6,0,0,0,-1,-1,-1,-1,-1,153,13692,153,16219,0,0,0,1376,339,156,5538,10628,52,7487,16381,19986,0,0,0,3355.4,1292913,52209,559.16,4057,39,13,8629.63,8629.79,c6bb5b205ca25eb44e2fef0c1cbc9837fb1a5fa6517dd08304693bb70ff5ee61,8.652,ok,
g6_dlow_ascarce_pcross_heavy_gshared_pool_seed0,warehouse_random_factorial,carrier,1,53,401.0,401000000,96,266,38,0,0.2013,3095,53,401,401000000,53,401,401000000,1,0,0,3455,20013,77762,0,0,SEARCH_CUTOFF,9,1,0,0,-1,401,-1,53,-1,87,8436,87,43643,0,0,4,1082,90,37,1088,0,0,16781,2306,8645,0,0,0,4857.67,332500,24898,338.551,33,0,0,8604.62,8604.75,eed4d2c355b889da3d81fa7ae92ba07a0f72ae485fcdab07ab2669d97f14ecdf,8.623,ok,
g6_dlow_ascarce_pcross_heavy_gsingleton_seed0,warehouse_random_factorial,carrier,1,104,738.0,738000000,367,335,36,0,0.3921,739,106,738,738000000,104,738,738000000,1,1,1,0,103,1018,1,1,REFERENCE_SUFFIX_ACCEPTED,10,0,0,0,-1,-1,-1,-1,-1,200,13,200,30351,0,0,0,2463,768,352,1014,162,2,1169,205,791,0,0,0,1455.53,1423617,1588,189.851,56,0,17,1505.01,1505.16,1dcdc3c5a822a2b68dd39fdc359fddd7d27038f7b19830b9471e4f19ace736df,1.518,ok,
g6_dlow_ascarce_plocal_gshared_pool_seed0,warehouse_random_factorial,carrier,1,46,332.0,332000000,109,187,36,0,0.2633,3358,46,332,332000000,46,332,332000000,1,0,0,1116,17453,73591,0,0,SEARCH_CUTOFF,1,1,0,0,-1,332,-1,46,-1,80,7135,80,37885,0,0,6,871,4,4,108,0,0,14284,92,7370,0,0,0,4933.25,262061,21237,258.912,26,0,0,8601.32,8601.44,a6fc9019e0be539f21002f4fac4abba5fdec55b3fc6f40e0960dd0001563c8e5,8.621,ok,
g6_dlow_ascarce_plocal_gsingleton_seed0,warehouse_random_factorial,carrier,1,84,631.0,631000000,294,301,36,0,0.3889,938,84,631,631000000,84,631,631000000,1,0,0,28941,76,758,0,0,SEARCH_CUTOFF,21,0,0,0,-1,-1,-1,-1,-1,193,13451,193,20369,0,0,0,1941,416,192,3890,8177,108,10235,20780,26998,0,0,0,4412.31,2954965,85988,987.731,4146,6,14,8624.62,8624.77,59927dd0c5ccd0b44d45c7132de57f83f34a915af257feb12a4b52dfc65e2cf8,8.647,ok,
g6_dlow_ascarce_pmixed_gshared_pool_seed0,warehouse_random_factorial,carrier,1,52,408.0,408000000,126,246,36,0,0.2692,4103,56,413,413000000,52,408,408000000,1,1,1,0,13,129,0,0,STRICT_IMPROVEMENT,6,1,1,1,4379,413,408,56,52,85,10,85,45966,0,0,12,937,31,20,320,16,0,1096,127,279,0,0,0,4362.03,311628,868,53.6948,45,0,0,4388.1,4388.23,cecb877b3ccf1b2b8d49258156a74081293c67a2e0f6fbf7260ef41507cd2c59,4.401,ok,
g6_dlow_ascarce_pmixed_gsingleton_seed0,warehouse_random_factorial,carrier,1,83,669.0,669000000,318,315,36,0,0.4257,704,83,669,669000000,83,669,669000000,1,0,0,25795,339,1716,0,0,SEARCH_CUTOFF,17,0,0,0,-1,-1,-1,-1,-1,305,13052,305,26548,0,0,0,2786,370,190,3244,2462,52,14942,182,29706,0,0,0,4697.55,3353635,105044,1383.62,55,0,0,8617.92,8618.08,a555710a2487bcd61587fe6bda74ab14750161d9a5dd33905929cd2f0ddc400f,8.64,ok,
g6_dlow_asurplus_pcross_heavy_gshared_pool_seed0,warehouse_random_factorial,carrier,1,26,353.0,353000000,98,216,38,0,0.1396,2155,27,351,351000000,26,353,353000000,1,1,1,17,60,1456,0,0,STRICT_IMPROVEMENT,3,1,1,1,2470,351,353,27,26,95,26,95,23947,0,0,8,770,48,25,480,0,0,565,94,593,0,0,0,2453.69,172635,850,39.3128,5,3,0,2476.27,2476.39,d05bc78dd57b25faf453752120f20757edc51b481e9ecd4f9c8f3df7f763f87b,2.487,ok,
g6_dlow_asurplus_pcross_heavy_gsingleton_seed0,warehouse_random_factorial,carrier,1,98,631.0,631000000,361,234,36,0,0.1364,616,98,633,633000000,98,631,631000000,1,1,1,31,67,1846,1,1,REFERENCE_SUFFIX_ACCEPTED,5,0,0,0,-1,-1,-1,-1,-1,205,14,205,25631,0,0,0,1637,518,316,2342,838,4,475,128,819,0,0,0,1227.26,1228291,1208,165.34,28,198,13,1284.01,1284.14,1b7a4cbcd94ff101aa26b1c88b27216655b73d53685ce85de795b177e346634d,1.297,ok,
g6_dlow_asurplus_plocal_gshared_pool_seed0,warehouse_random_factorial,carrier,1,26,275.0,275000000,109,130,36,0,0.1553,2207,26,275,275000000,26,275,275000000,1,0,0,2565,60,1170,0,0,SEARCH_CUTOFF,0,1,0,0,-1,275,-1,26,-1,2101,1869,2101,62201,0,0,8,9574,4,4,8,0,0,2500,1909,14249,0,0,0,8046.46,2723468,30403,658.848,4,1,0,8540.43,8540.56,234ad827e124f71ffd0d5e5fbdb9e708eea38e974316b437a6d6fd1c0e85b727,8.556,ok,
g6_dlow_asurplus_plocal_gsingleton_seed0,warehouse_random_factorial,carrier,1,67,555.0,555000000,298,221,36,0,0.1647,672,67,555,555000000,67,555,555000000,1,0,0,6182,103,2523,0,0,SEARCH_CUTOFF,7,0,0,0,-1,-1,-1,-1,-1,188,10804,188,16563,0,0,0,1370,379,183,5084,9651,101,12042,26444,15811,0,0,0,4029.27,3025402,69125,930.17,5258,38,16,8621.65,8621.8,642b2eeab38d45d8e7ada4bbef5ef2d6598da06b4919bae4ea7387527500ccfe,8.646,ok,
g6_dlow_asurplus_pmixed_gshared_pool_seed0,warehouse_random_factorial,carrier,1,34,284.0,284000000,121,122,40,1,0.1318,3115,34,284,284000000,34,284,284000000,1,0,0,12500,4,111,0,0,SEARCH_CUTOFF,5,1,0,0,-1,284,-1,34,-1,220,9585,220,57608,0,0,42,1038,164,60,2021,15,0,11344,15367,18877,0,0,0,5774.86,779915,59372,650.408,2287,19,1,8600.14,8600.28,614e298252c7bac08f810ed407eef44dba1c41be225276f06d356cfdf8bb4730,8.622,ok,
g6_dlow_asurplus_pmixed_gsingleton_seed0,warehouse_random_factorial,carrier,1,59,534.0,534000000,342,156,36,0,0.2147,872,59,534,534000000,59,534,534000000,1,0,0,8630,82,2074,0,0,SEARCH_CUTOFF,17,0,0,0,-1,-1,-1,-1,-1,696,5650,696,30921,0,0,0,3559,339,144,5320,28356,128,4576,1708,16530,0,0,0,7452.47,12954237,51158,2034.62,35,60,6,8568.51,8568.65,599b098378ec19c148544856020e15edecf4c329390420a6378580cef5c80dea,8.587,ok,
g6_dmedium_abaseline_pcross_heavy_gshared_pool_seed0,warehouse_random_factorial,carrier,1,54,493.0,493000000,101,327,58,7,0.1559,3760,54,493,493000000,54,493,493000000,1,0,0,216,12382,94882,0,0,SEARCH_CUTOFF,10,1,0,0,-1,493,-1,54,-1,80,22,80,51998,0,0,2,1093,154,6,1117,254,0,11208,3123,254,0,0,0,5828.87,174512,10912,170.592,1528,0,0,8584.24,8584.38,f17584fedeee96bc0467c7709a4b445569c22020fd90dc982035ed85804c454c,8.605,ok,
g6_dmedium_abaseline_pcross_heavy_gsingleton_seed0,warehouse_random_factorial,carrier,1,91,722.0,722000000,371,315,36,0,0.3397,788,91,722,722000000,91,722,722000000,1,0,0,2596,95,1191,0,0,SEARCH_CUTOFF,22,0,0,0,-1,-1,-1,-1,-1,157,6194,157,24475,0,2,0,1836,674,352,724,2724,36,791,200,6961,0,0,0,4172.43,3458521,13915,611.11,74,6,2,8615,8615.14,1399f3bccd99595f7c3fcd677f437e24b198e4de226555a2fa59e8cb31f3ec46,8.64,ok,
g6_dmedium_abaseline_plocal_gshared_pool_seed0,warehouse_random_factorial,carrier,1,39,406.0,406000000,113,254,38,0,0.2415,3058,39,406,406000000,39,406,406000000,1,0,0,10608,296,1884,0,0,SEARCH_CUTOFF,7,1,0,0,-1,406,-1,39,-1,1025,4098,1025,50426,0,0,0,6430,129,4,57,3530,0,11282,2505,23858,0,0,0,7554.96,1565892,41040,766.147,44,0,0,8557.29,8557.42,ff9355f4168b4b0118b8f233175bc1379606e8957677d52b404705f3316ce435,8.575,ok,
g6_dmedium_abaseline_plocal_gsingleton_seed0,warehouse_random_factorial,carrier,1,74,607.0,607000000,284,287,36,0,0.3198,655,74,607,607000000,74,607,607000000,1,0,0,12390,69,871,0,0,SEARCH_CUTOFF,10,0,0,0,-1,-1,-1,-1,-1,158,9074,158,15782,0,0,0,1539,430,205,4072,1270,25,13127,21631,12577,0,0,0,4505.72,3475927,68259,1010.5,5001,0,35,8620.9,8621.04,c59587d5bf594135aae80cd0002f9b875d9519c10acbf29722d1fd2e5646f2b0,8.646,ok,
g6_dmedium_abaseline_pmixed_gshared_pool_seed0,warehouse_random_factorial,carrier,1,43,439.0,439000000,142,258,38,0,0.2752,4224,43,439,439000000,43,439,439000000,1,0,0,9321,13,168,0,0,SEARCH_CUTOFF,5,1,0,0,-1,439,-1,43,-1,124,4200,124,51888,0,0,43,1632,53,31,983,166,0,30568,7150,18712,0,0,0,7671,10878363,34606,2062.18,2822,0,0,8547.4,8547.54,1135faceaa29db39ae21f5468498f3dff32330a57d3279c8260a4662ebdf0db4,8.565,ok,
g6_dmedium_abaseline_pmixed_gsingleton_seed0,warehouse_random_factorial,carrier,1,69,658.0,658000000,306,316,36,0,0.3696,811,69,658,658000000,69,658,658000000,1,0,0,60254,71,879,0,0,SEARCH_CUTOFF,16,0,0,0,-1,-1,-1,-1,-1,266,9975,266,23828,0,0,0,2273,420,160,5098,3440,42,6638,14224,26985,0,0,0,5660.8,9708223,80202,2002.86,3410,0,5,8607.96,8608.1,f33225f3306c516a61a64d52131bcf54de3de23f2e39f9f25e267b265a8ec1b4,8.634,ok,
g6_dmedium_aequal_pcross_heavy_gshared_pool_seed0,warehouse_random_factorial,carrier,1,46,511.0,511000000,101,346,57,7,0.122,3623,46,512,512000000,46,511,511000000,1,1,1,8,46,854,0,0,STRICT_IMPROVEMENT,6,1,1,1,3891,512,511,46,46,75,23,75,48019,0,0,4,842,130,8,909,229,0,806,259,276,0,0,0,3861.78,161182,752,36.7885,118,2,0,3907.75,3907.86,8d874620b448a49f1c1151cdc04d4a4aef588b5d2be839ba429a5637a43eb5e8,3.921,ok,
g6_dmedium_aequal_pcross_heavy_gsingleton_seed0,warehouse_random_factorial,carrier,1,79,674.0,674000000,383,255,36,0,0.2693,1150,83,678,678000000,79,674,674000000,1,0,0,2600,77,1459,0,0,SEARCH_CUTOFF,8,0,0,0,-1,-1,-1,-1,-1,139,9195,139,21000,0,0,0,1376,552,338,9484,21226,90,1619,1234,10012,0,0,0,4571.06,1860652,12462,442.226,9,129,30,8593.88,8594.03,17911fe00e6ac30cc81e3476cdeecdb18027dbc0389caf61512b331ebf7db0b9,8.618,ok,
g6_dmedium_aequal_plocal_gshared_pool_seed0,warehouse_random_factorial,carrier,1,27,346.0,346000000,113,194,38,0,0.2325,2315,27,346,346000000,27,346,346000000,1,0,0,5983,8237,38205,0,0,SEARCH_CUTOFF,2,1,0,0,-1,346,-1,27,-1,1314,413,1314,68772,0,0,0,9712,22,4,9836,13338,0,488,91,10883,0,0,0,8207.37,2913364,13822,604.807,27,0,0,8527.1,8527.22,de851d3af841ca09fbce56b1a3d7dbcdf8340397fe548f2dee00f5bb4e4c6f6e,8.542,ok,
g6_dmedium_aequal_plocal_gsingleton_seed0,warehouse_random_factorial,carrier,1,68,662.0,662000000,296,330,36,0,0.2418,793,68,662,662000000,68,662,662000000,1,0,0,12925,105,1715,0,0,SEARCH_CUTOFF,5,0,0,0,-1,-1,-1,-1,-1,170,11543,170,17535,0,0,0,1456,356,184,5175,6050,75,6904,24853,18773,0,0,0,4458.22,3572074,49090,863.835,3534,53,9,8610.57,8610.72,61ace5cb23f9b4d86d4ebf5512d2546a95da839a7ebaa8bad2ac42023dc4f561,8.636,ok,
g6_dmedium_aequal_pmixed_gshared_pool_seed0,warehouse_random_factorial,carrier,1,30,335.0,335000000,129,170,36,0,0.2389,3009,30,335,335000000,30,335,335000000,1,0,0,13406,14706,31400,0,0,SEARCH_CUTOFF,0,1,0,0,-1,335,-1,30,-1,998,13,998,76286,0,0,16,6664,1418,1406,11772,131,0,447,72,6517,0,0,0,8302.41,1804421,8084,365.956,9,2,0,8519.92,8520.05,e82ab194d6245afd0ab272786c1341907c7a8681ab8f2f7c921f126a4db386bc,8.534,ok,
g6_dmedium_aequal_pmixed_gsingleton_seed0,warehouse_random_factorial,carrier,1,64,612.0,612000000,320,256,36,0,0.2778,789,64,612,612000000,64,612,612000000,1,0,0,3125,63,1152,0,0,SEARCH_CUTOFF,7,0,0,0,-1,-1,-1,-1,-1,139,10841,139,16414,0,0,0,1323,308,134,4044,16366,72,3808,3345,17606,0,0,0,4515.87,4646244,22431,868.153,25,36,13,8598.87,8599.04,afc5bfcb2995c90d9d97271eec438fc28bb2b1cb3e2bde011ed43ac3234f2e6c,8.624,ok,
g6_dmedium_ascarce_pcross_heavy_gshared_pool_seed0,warehouse_random_factorial,carrier,1,61,491.0,491000000,106,314,64,9,0.1931,4050,61,491,491000000,61,491,491000000,1,0,0,1728,31,309,0,0,SEARCH_CUTOFF,19,1,0,0,-1,491,-1,61,-1,91,7588,91,61512,0,0,22,1368,156,7,1312,339,0,59525,26934,12427,0,0,0,6918.23,1877208,61634,1135.64,16038,0,0,8570.75,8570.88,5a38b5cf210f0e89813bd6bf562f27668f3b8afd7e89146fc3ea8fb804b4b7b6,8.59,ok,
g6_dmedium_ascarce_pcross_heavy_gsingleton_seed0,warehouse_random_factorial,carrier,1,108,741.0,741000000,365,340,36,0,0.3755,845,108,741,741000000,108,741,741000000,1,0,0,19661,100,998,0,0,SEARCH_CUTOFF,15,0,0,0,-1,-1,-1,-1,-1,205,12219,205,31447,0,0,0,2521,793,367,2338,1218,18,1221,199,19620,0,0,0,4302.28,6035886,28111,972.551,58,20,28,8647.87,8648.03,40ece262aa93d78397ad47f24544560a4000c272017898fe890baf3b5bd7dd05,8.675,ok,
g6_dmedium_ascarce_plocal_gshared_pool_seed0,warehouse_random_factorial,carrier,1,52,392.0,392000000,113,240,38,0,0.2415,3771,52,392,392000000,52,392,392000000,1,0,0,22200,55,540,0,0,SEARCH_CUTOFF,1,1,0,0,-1,392,-1,52,-1,125,9338,125,45683,0,0,0,1101,54,4,112,30,0,4022,3125,18202,0,0,0,6093.03,1170086,48001,576.404,23,0,0,8593.62,8593.75,f259620c8e897f30aad9e830f1bf05560b448225463eee9a769ea16678ae660d,8.616,ok,
g6_dmedium_ascarce_plocal_gsingleton_seed0,warehouse_random_factorial,carrier,1,88,655.0,655000000,288,331,36,0,0.3636,1033,88,655,655000000,88,655,655000000,1,0,0,2427,89,863,0,0,SEARCH_CUTOFF,24,0,0,0,-1,-1,-1,-1,-1,187,11632,187,20688,0,0,0,1918,416,211,6542,6344,86,6108,13253,17142,0,0,0,4347.91,1721404,37358,503.332,1872,2,2,8631.85,8631.99,18e0294505b3599f51ddb49f0fb1e4fd54236e4a46cd9a8e0d9306de45f967b0,8.655,ok,
g6_dmedium_ascarce_pmixed_gshared_pool_seed0,warehouse_random_factorial,carrier,1,51,399.0,399000000,129,234,36,0,0.281,4719,51,399,399000000,51,399,399000000,1,0,0,7250,16617,50270,0,0,SEARCH_CUTOFF,6,1,0,0,-1,399,-1,51,-1,143,7254,143,53570,0,0,10,1336,40,29,1351,156,0,13454,3559,13071,0,0,0,6933.56,809517,50885,558.016,1016,0,0,8568,8568.13,77aef3f323ef6acf8cac6832cdd910943e9ca6254d37f4872fd3d79eac19ea49,8.587,ok,
g6_dmedium_ascarce_pmixed_gsingleton_seed0,warehouse_random_factorial,carrier,1,83,669.0,669000000,318,315,36,0,0.4257,943,83,669,669000000,83,669,669000000,1,0,0,25292,339,1460,0,0,SEARCH_CUTOFF,17,0,0,0,-1,-1,-1,-1,-1,257,11063,257,26114,0,0,0,2626,390,190,3424,1548,38,12631,178,26044,0,0,0,5356.93,2925321,86348,1176.35,55,0,0,8609.19,8609.35,4d4c5dfecef7776ff9541f725d5913447396eb848e18a133a9da3a17e87a2c80,8.634,ok,
g6_dmedium_asurplus_pcross_heavy_gshared_pool_seed0,warehouse_random_factorial,carrier,1,37,459.0,459000000,103,283,64,8,0.1031,4111,59,475,475000000,37,459,459000000,1,1,1,0,16,447,0,0,STRICT_IMPROVEMENT,1,1,1,1,4322,475,459,59,37,73,21,73,55350,0,0,16,727,110,3,546,487,0,659,192,308,0,0,0,4285.22,171268,733,37.7491,41,10,0,4336.01,4336.12,82fc8a3d9e57e05d1f621944e565a7b2bc25ba817580415523add2eea2601b2c,4.349,ok,
g6_dmedium_asurplus_pcross_heavy_gsingleton_seed0,warehouse_random_factorial,carrier,1,89,621.0,621000000,363,222,36,0,0.1511,795,89,621,621000000,89,621,621000000,1,0,0,13250,72,1928,0,0,SEARCH_CUTOFF,4,0,0,0,-1,-1,-1,-1,-1,408,8631,408,32100,0,2,0,2393,613,312,4336,2878,10,1775,1477,18085,0,0,0,5907.43,11134885,36911,1838.22,16,200,29,8593.43,8593.6,f9903a9049716af0097f4fda7a9185f2766ee60a12b7c23db781e8735d5cb89e,8.624,ok,
g6_dmedium_asurplus_plocal_gshared_pool_seed0,warehouse_random_factorial,carrier,1,26,292.0,292000000,113,140,38,0,0.161,2310,26,292,292000000,26,292,292000000,1,0,0,35761,27,744,0,0,SEARCH_CUTOFF,0,1,0,0,-1,292,-1,26,-1,190,8396,190,33227,0,0,0,945,22,4,802,806,0,2024,1673,21784,0,0,0,5889.6,6100827,52987,1472.74,0,6,0,8579.27,8579.42,8368404254c1a62657dfbf75600dc8348f2ea3294ad3bfc90be2f44e4aaaa923,8.603,ok,
g6_dmedium_asurplus_plocal_gsingleton_seed0,warehouse_random_factorial,carrier,1,73,571.0,571000000,312,219,40,2,0.1583,858,73,571,571000000,73,571,571000000,1,0,0,18145,74,2036,0,0,SEARCH_CUTOFF,9,0,0,0,-1,-1,-1,-1,-1,149,9881,149,16177,0,0,0,1183,292,146,5658,17538,152,3066,2735,14456,0,0,0,4238.66,2724121,22586,600.55,14,46,50,8614.29,8614.44,48f3c41cc9086cc13429758cc29582a0662650499248a01c3593f842e5a37865,8.642,ok,
g6_dmedium_asurplus_pmixed_gshared_pool_seed0,warehouse_random_factorial,carrier,1,40,287.0,287000000,133,118,36,0,0.1231,3784,40,287,287000000,40,287,287000000,1,0,0,21121,30,751,0,0,SEARCH_CUTOFF,3,1,0,0,-1,287,-1,40,-1,90,7428,90,65119,0,0,23,540,44,43,638,190,0,336,65,12610,0,0,0,6406.21,6412529,16627,1074.18,6,37,0,8570.51,8570.65,0936a02966b79dd1b799183db35833b4eeeb91bdf160b822e3f596dd69de2755,8.594,ok,
g6_dmedium_asurplus_pmixed_gsingleton_seed0,warehouse_random_factorial,carrier,1,59,516.0,516000000,324,156,36,0,0.2034,813,59,516,516000000,59,516,516000000,1,0,0,24610,82,1822,0,0,SEARCH_CUTOFF,9,0,0,0,-1,-1,-1,-1,-1,232,9572,232,17580,0,0,0,1484,334,166,5348,16836,86,2883,2600,19350,0,0,0,5400.45,10171025,44839,1712.37,31,37,7,8597.16,8597.31,74381dad54c80e74c5b07030a0487740fca281ab7ea01822be59b4761de94fde,8.623,ok,
warehouse_blocks_h20w20_b3_a1_d25_r8_t12_seed0,warehouse_blocks,carrier,1,25,168.0,168000000,37,107,24,0,0.185,64,25,168,168000000,25,168,168000000,1,0,0,17762,40589,91527,0,0,SEARCH_CUTOFF,1,0,0,0,-1,-1,-1,-1,-1,47,16429,47,738,0,0,0,321,0,0,44,0,0,48834,6431,23718,0,0,0,2103.7,2685194,142875,1075.19,14,0,0,8638.3,8638.38,16bb52b7a046c36d7ee5d20b92ddce290b742b90869de92b48a426c3412bfa7e,8.657,ok,
warehouse_blocks_h20w20_b3_a1_d50_r8_t12_seed0,warehouse_blocks,carrier,1,26,171.0,171000000,33,114,24,0,0.1587,109,26,171,171000000,26,171,171000000,1,0,0,5496,27713,77779,0,0,SEARCH_CUTOFF,1,0,0,0,-1,-1,-1,-1,-1,50,14878,50,746,0,0,0,330,4,4,183,0,0,39703,3612,21202,0,0,0,2439.34,2754564,128480,976.987,13,0,2,8646.09,8646.19,d293bc4f2f75e654217f34481b910e3968cd8d38e3010129ad93beb71cb226e2,8.665,ok,
warehouse_blocks_h20w20_b3_a1_d75_r8_t12_seed0,warehouse_blocks,carrier,1,22,149.0,149000000,37,88,24,0,0.2102,116,22,149,149000000,22,149,149000000,1,0,0,3462,23264,70866,0,0,SEARCH_CUTOFF,3,0,0,0,-1,-1,-1,-1,-1,33,12676,33,590,0,0,0,246,0,0,445,492,0,55113,11039,12745,0,0,0,2893.05,3181632,131978,1206.94,10,0,0,8648.77,8648.85,36f0c99eb5e3bd9c7ce7d78146383b9163fccba9368fea3a45eaa2e992650488,8.667,ok,
warehouse_blocks_h20w20_b4_a1_d25_r8_t12_seed0,warehouse_blocks,carrier,1,22,126.0,126000000,31,71,24,0,0.1761,44,22,126,126000000,22,126,126000000,1,0,0,0,24615,82203,0,0,SEARCH_CUTOFF,2,0,0,0,-1,-1,-1,-1,-1,33,14020,33,474,0,0,0,209,0,0,306,24,0,20572,23770,14089,0,0,0,1223.48,204538,34643,235.265,11872,0,0,8641.48,8641.55,3f1a33a0271901c1b47813889cdc38573b3442b88a45f1e1b6ebd183762ecf3a,8.659,ok,
warehouse_blocks_h20w20_b4_a1_d50_r8_t12_seed0,warehouse_blocks,carrier,1,24,127.0,127000000,29,74,24,0,0.151,68,24,127,127000000,24,127,127000000,1,0,0,1303,24718,79553,0,0,SEARCH_CUTOFF,0,0,0,0,-1,-1,-1,-1,-1,34,14047,34,428,0,0,0,202,0,0,216,91,0,20820,25666,14113,0,0,0,1577.22,252296,39281,269.426,12275,0,0,8666.6,8666.67,c117c13097ece7dd847325d8377d05644ff74e115e4f525ab2e74bc73cf87225,8.684,ok,
warehouse_blocks_h20w20_b4_a1_d75_r8_t12_seed0,warehouse_blocks,carrier,1,25,179.0,179000000,45,101,26,0,0.225,143,25,179,179000000,25,179,179000000,1,0,0,34813,54608,94680,0,0,SEARCH_CUTOFF,6,0,0,0,-1,-1,-1,-1,-1,86,15927,86,1264,0,0,0,552,8,4,370,2249,0,33938,9973,32309,0,0,0,2967.12,2387794,128774,976.041,21,0,0,8663.12,8663.2,d9bde848a1898d3f3b2f82a1af8ac6169f456716a5c0bcc2635052946097f2c2,8.684,ok,
warehouse_blocks_h20w20_b9_a1_d25_r8_t12_seed0,warehouse_blocks,carrier,1,22,151.0,151000000,37,90,24,0,0.2102,36,22,151,151000000,22,151,151000000,1,0,0,31417,47507,79778,0,0,SEARCH_CUTOFF,4,0,0,0,-1,-1,-1,-1,-1,2621,10065,2621,29085,0,0,0,16202,428,428,28017,4223,0,17916,12231,41026,0,0,0,5427.83,2266411,102158,878.482,16,0,0,8628.66,8628.74,9ad2b55032481530fdda7a0bca37d2975c684dad86e7560909204f8339f8557c,8.646,ok,
warehouse_blocks_h20w20_b9_a1_d50_r8_t12_seed0,warehouse_blocks,carrier,1,24,170.0,170000000,31,108,26,0,0.1615,61,24,170,170000000,24,170,170000000,1,0,0,56563,76909,113100,0,0,SEARCH_CUTOFF,3,0,0,0,-1,-1,-1,-1,-1,55,15457,55,819,0,0,0,403,16,8,855,183,0,37852,12791,28326,0,0,0,2578.94,2543388,135654,1010.51,22,0,0,8663.42,8663.5,b61c256cf29c319b71560a1962297507606ce1eb4b21ec72b3c7d39dcefb6fe6,8.688,ok,
warehouse_blocks_h20w20_b9_a1_d75_r8_t12_seed0,warehouse_blocks,carrier,1,22,143.0,143000000,25,94,24,0,0.142,37,22,143,143000000,22,143,143000000,1,0,0,4663,26827,78158,0,0,SEARCH_CUTOFF,1,0,0,0,-1,-1,-1,-1,-1,30,17590,30,326,0,0,0,166,0,0,496,381,0,353,67,17654,0,0,0,1796.39,72681,14930,107.414,15,0,0,8650.03,8650.1,eea29de0cb5a17e5d9bfe6f52e5c203d547bcd3c563f557fb9f3f976004c58e8,8.67,ok,
