instance,family,method,success,executed_makespan,weighted_soc,weighted_work_scaled,loaded_moves,free_moves,lift_drop,shelf_switches,robot_utilization,first_solution_ms,first_solution_makespan,first_solution_soc,first_solution_work_scaled,best_makespan,best_soc,best_work_scaled,improvement_attempts,improvement_candidates,improvement_improvements,improvement_generator_failures,reference_checkpoint_hits,reference_action_hints,reference_suffix_attempts,reference_suffix_accepted,improvement_exit_reason,reversals,assignment_restarts,assignment_second_solved,assignment_improvements,assignment_second_solution_ms,assignment_first_soc,assignment_second_soc,assignment_first_makespan,assignment_second_makespan,upper_epoch_builds,pair_cache_hits,pair_cache_misses,pair_rollout_steps,pair_rollout_truncations,pair_rollout_stalls,tau_guide_changes_on_upper_move,joint_task_nodes,joint_task_edges,joint_shared_effects,joint_effect_conflicts,joint_candidate_backtracks,joint_paused_roots,vacancy_potential_builds,vacancy_potential_time_ms,vacancy_potential_unreachable_cells,clearance_first_choice_fallbacks,guidance_version,epoch_first_transfer_comparisons,epoch_first_transfer_flips,epoch_chain_overlap_samples,epoch_chain_overlap_intersection,epoch_chain_overlap_union,epoch_chain_overlap_pct,upper_epoch_cache_evictions,ready_task_count,rho_repairs,rho_match_calls_execute,rho_match_calls_prepare,rho_candidates_input,rho_candidates_after_claims,rho_candidates_after_key_dedupe,rho_candidates_after_shelf_preselect,rho_candidates_after_priority,rho_invalid_filtered,rho_duplicate_key_filtered,rho_same_shelf_filtered,rho_upstream_claim_filtered,rho_mode_ineligible_filtered,rho_no_reachable_robot_filtered,rho_priority_filtered,rho_matrix_rows_total,rho_matrix_cols_total,rho_matrix_max_rows,rho_objective_version,rho_candidate_time_ms,rho_matrix_time_ms,rho_bottleneck_time_ms,rho_secondary_full_time_ms,rho_canonical_time_ms,rho_column_identity_same,rho_column_value_same,rho_mode_or_conflict_same,rho_changed_rows_0,rho_changed_rows_1,rho_changed_rows_2,rho_changed_rows_gt2,rho_assignment_changes,custody_continuations,zero_empty_no_ready,rewire_guidance_rebuilds,tau_time_ms,guidance_time_ms,timed_transport_expansions,timed_transport_frames,timed_transport_time_ms,owner_handoffs,causal_waiting,traffic_waiting,brd_tau_ms,brd_upper_ms,brd_upper_nodes,brd_upper_constraints,brd_upper_steps,brd_upper_transfers,brd_vacancy_potential_builds,brd_vacancy_potential_time_ms,brd_vacancy_potential_unreachable_cells,brd_selected_clearance_pushes,brd_selected_clearance_loaded_steps,brd_clearance_first_choice_fallbacks,brd_guidance_version,brd_task_compile_ms,brd_waves,brd_tasks,brd_max_wave_width,brd_target_tasks,brd_anon_tasks,brd_match_calls,brd_match_ms,brd_match_max_cardinality_ms,brd_match_max_cardinality_cutoffs,brd_match_max_rows,brd_match_rows_without_finite_real_edge,brd_match_maximum_real_cardinality,brd_match_real_assignments,brd_match_hall_deficient_calls,brd_dispatch_epochs,brd_completion_events,brd_tasks_completed_per_event,brd_locked_carriers_max,brd_provisional_reassignments,brd_segments,brd_segment_ms,brd_segment_nodes,brd_segment_failures,brd_cleanup_ms,brd_replay_ms,brd_raw_ticks,brd_raw_work_scaled,brd_goal_prefix_removed,brd_incidental_goal_prefix_ms,brd_raw_plan_valid,brd_exit_reason,deliverable_ms,solver_runtime_ms,plan_sha256,runtime_sec,status,raw
brap_h10w10_a12_e3_B_seed0_pool,g10x10,carrier,1,161,351.0,351000000,43,186,84,12,0.1335,305,171,379,379000000,161,351,351000000,1,0,0,9085,443,528,0,0,SEARCH_CUTOFF,26,1,0,0,-1,351,-1,161,-1,226,3933,226,141258,0,0,0,3154,2658,234,47754,21585,8,6003,28.0254,24012,122077,TASKBR_VACANCY_V1,8254,4216,8254,25947,35907,72.2617,0,78803,34308,40521,40521,127188,125026,66566,66566,66566,0,0,0,9,0,0,0,66566,66688,3,BOTTLENECK_TARGET_FRONTIER_CONTINUITY_V2,113.323,19.4778,55.8443,16.2384,28.6625,16998,408,19317,0,5017,35502,0,34308,3657,0,10939,0,3060.6,184006,54769,656.398,8528,0,0,,,,,,,,,,,,,,,,,,,,,,,,,,,,,,,,,,,,,,,,,,,,,,9008.84,9008.9,693d15dc813399c3b2cffec11699b29ce1a78cdd6e4eddbe84e77c73c0f58e47,9.03,ok,
brap_h10w10_a12_e3_B_seed1_pool,g10x10,carrier,1,691,1562.0,1562000000,237,698,432,152,0.1715,1222,739,1690,1690000000,691,1562,1562000000,1,0,0,4523,1,3,0,0,SEARCH_CUTOFF,81,1,0,0,-1,1562,-1,691,-1,532,3443,532,706401,0,0,10,25007,23432,14385,455441,193903,316,37336,155.34,149344,483165,TASKBR_VACANCY_V1,29584,24020,29584,171392,634492,27.0125,59,67551,21902,23204,23204,97918,96635,56616,56616,56616,0,0,0,270,0,0,0,56616,56622,3,BOTTLENECK_TARGET_FRONTIER_CONTINUITY_V2,121.883,31.6423,77.0809,16.3604,35.9295,8352,478,10427,0,2253,20949,0,21902,2378,0,5341,0,5286.28,102213,30682,1817.8,4651,0,5,,,,,,,,,,,,,,,,,,,,,,,,,,,,,,,,,,,,,,,,,,,,,,8807.27,8807.33,3811759de4f1aff41b353216556164ed9e3928ea8fb82d85edd30d9714bac8eb,8.828,ok,
brap_h10w10_a12_e3_R1_seed0,g10x10,carrier,1,541,1208.0,1208000000,189,550,332,102,0.1747,299,577,1290,1290000000,541,1208,1208000000,1,0,0,7815,83,249,0,0,SEARCH_CUTOFF,65,0,0,0,-1,-1,-1,-1,-1,403,3538,403,16528,0,0,0,12057,11003,5473,243602,98473,50,9885,45.5464,39540,133191,TASKBR_VACANCY_V1,11814,7274,11814,39741,95219,41.7364,0,73811,31404,38265,38265,115892,113347,63919,63919,63919,0,0,0,136,0,0,0,63919,64912,3,BOTTLENECK_TARGET_FRONTIER_CONTINUITY_V2,114.737,22.7345,60.3385,17.4839,25.1115,16349,459,18154,0,4569,33694,0,31404,3699,0,9260,0,3465.04,176298,53222,856.935,7628,140,0,,,,,,,,,,,,,,,,,,,,,,,,,,,,,,,,,,,,,,,,,,,,,,8977.26,8977.32,c29d9ca19208072641928f82b9ef95d6d6bc1e6dba2b6c72c4e244ab3caed264,9.002,ok,
brap_h10w10_a12_e3_R1_seed1,g10x10,carrier,1,875,1944.0,1944000000,297,924,496,177,0.1697,648,1095,2482,2482000000,875,1944,1944000000,1,1,1,7,47,141,0,0,STRICT_IMPROVEMENT,137,0,0,0,-1,-1,-1,-1,-1,649,161,649,43840,0,0,0,27462,25608,11439,584774,245334,210,24837,106.73,99348,305194,TASKBR_VACANCY_V1,4599,3757,4599,16220,87751,18.4841,137,5848,1984,2298,2298,9534,9246,5027,5027,5027,0,0,0,85,0,0,0,5027,5037,3,BOTTLENECK_TARGET_FRONTIER_CONTINUITY_V2,12.2914,2.6052,6.93324,1.34982,3.6863,729,114,1037,0,49,2247,0,1984,907,0,0,0,1142.1,14513,3878,156.311,199,2,11,,,,,,,,,,,,,,,,,,,,,,,,,,,,,,,,,,,,,,,,,,,,,,1329.71,1329.78,992ef272427f0a913d51d214f71377407cd5162d647ac370859f8aa0f853215f,1.345,ok,
brap_h10w10_a12_e8_B_seed0_pool,g10x10,carrier,1,400,856.0,856000000,95,510,186,48,0.1187,1689,1588,3146,3146000000,400,856,856000000,1,1,1,0,1,3,0,0,STRICT_IMPROVEMENT,143,1,1,1,1865,1118,856,558,400,256,473,256,610237,0,0,5,3345,2155,390,33481,11205,0,55332,216.218,221328,181801,TASKBR_VACANCY_V1,4628,1386,4628,9201,14220,64.7046,0,14832,3216,3101,3101,19710,19160,13804,13804,13804,0,0,0,3,0,0,0,13804,13812,7,BOTTLENECK_TARGET_FRONTIER_CONTINUITY_V2,28.9057,3.98608,21.0463,4.93732,15.0532,1388,50,1487,0,178,2921,0,3216,749,0,0,0,1723.91,21087,5437,94.1305,132,0,33,,,,,,,,,,,,,,,,,,,,,,,,,,,,,,,,,,,,,,,,,,,,,,1889.36,1889.43,4b4a21ed27c6ceeddbdf700e3cdd43ea5f91fdee77e4532e3ae69202e5bb1d38,1.901,ok,
brap_h10w10_a12_e8_B_seed1_pool,g10x10,carrier,1,407,810.0,810000000,90,478,174,41,0.1106,1284,1290,2648,2648000000,407,810,810000000,1,0,0,5328,2,6,0,0,SEARCH_CUTOFF,69,1,0,0,-1,810,-1,407,-1,277,3713,277,332443,0,0,5,3431,2131,158,21923,10274,0,33464,128.63,133856,129976,TASKBR_VACANCY_V1,16536,3703,16536,35904,44570,80.5564,0,158024,34296,38135,38135,199790,197800,138431,138431,138431,0,0,0,8,0,0,0,138431,138436,7,BOTTLENECK_TARGET_FRONTIER_CONTINUITY_V2,227.07,32.2777,163.237,39.1501,93.1785,17209,382,19460,0,4337,33796,0,34296,739,0,8303,0,4078.1,173264,51363,770.535,8056,0,0,,,,,,,,,,,,,,,,,,,,,,,,,,,,,,,,,,,,,,,,,,,,,,8978.28,8978.36,ab1df7a9dea25114d1047265d80d98359a745b74e72f4e11b0ab093e563bad93,9.0,ok,
brap_h10w10_a12_e8_R1_seed0,g10x10,carrier,1,1099,2360.0,2360000000,297,1294,568,209,0.1351,707,1869,4058,4058000000,1099,2360,2360000000,1,1,1,15,28,84,0,0,STRICT_IMPROVEMENT,206,0,0,0,-1,-1,-1,-1,-1,636,264,636,70903,0,0,0,10637,7847,2718,163397,53202,0,47089,184.516,188356,104648,TASKBR_VACANCY_V1,5617,2387,5617,10508,28575,36.7734,124,16751,3503,3682,3682,22533,22184,15722,15722,15722,0,0,0,38,0,0,0,15722,15758,8,BOTTLENECK_TARGET_FRONTIER_CONTINUITY_V2,32.1991,4.75368,24.6693,5.5007,16.7421,1516,82,1909,0,69,3611,0,3503,962,0,0,0,1062.28,24173,6414,125.783,235,18,12,,,,,,,,,,,,,,,,,,,,,,,,,,,,,,,,,,,,,,,,,,,,,,1323.03,1323.11,fb1ce9643833da0c39af559542e8cfe97a5ad2c9d3e9fca2709c89f3e699333d,1.339,ok,
brap_h10w10_a12_e8_R1_seed1,g10x10,carrier,1,1080,2258.0,2258000000,243,1358,474,158,0.1125,861,1764,3674,3674000000,1080,2258,2258000000,1,0,0,4831,93,279,0,0,SEARCH_CUTOFF,163,0,0,0,-1,-1,-1,-1,-1,509,4021,509,45835,0,0,0,15128,11562,3511,227828,82131,10,31185,133.309,124740,157735,TASKBR_VACANCY_V1,40867,10474,40867,104399,165458,63.097,25,229982,30129,30768,30768,266282,264189,196870,196870,196870,0,0,0,13,0,0,0,196870,196873,8,BOTTLENECK_TARGET_FRONTIER_CONTINUITY_V2,357.638,62.726,364.632,92.657,263.715,12983,579,15484,0,2396,28370,0,30129,902,0,6198,0,4951.7,135429,40440,1225.02,5046,1,0,,,,,,,,,,,,,,,,,,,,,,,,,,,,,,,,,,,,,,,,,,,,,,8882.5,8882.57,504e8029d71bc0d6c6722c9bd91a1e49d3e43ca9d987cff607dd336736b2515b,8.906,ok,
brap_h10w10_a1_e1_B_seed0_pool,g10x10,carrier,1,49,101.0,101000000,15,45,29,5,0.1531,15,49,102,102000000,49,101,101000000,1,1,1,3,49,145,0,0,STRICT_IMPROVEMENT,0,1,1,1,24,102,101,49,49,33,1,33,9137,0,0,0,92,61,0,89,45,0,776,3.11696,3104,4418,TASKBR_VACANCY_V1,29,29,29,61,110,55.4545,0,66,62,105,105,147,147,125,125,125,0,0,0,0,0,0,0,125,163,1,BOTTLENECK_TARGET_FRONTIER_CONTINUITY_V2,0.296371,0.050786,0.131344,0.044587,0.037856,27,7,23,0,9,94,0,62,32,0,0,0,18.4275,322,159,1.2472,4,4,0,,,,,,,,,,,,,,,,,,,,,,,,,,,,,,,,,,,,,,,,,,,,,,26.7584,26.7783,475bd6ca948f18705ff96531af6189d4540b05cf65a80473c6aed2f7f84526e1,0.036,ok,
brap_h10w10_a1_e1_B_seed1_pool,g10x10,carrier,1,0,0.0,0,0,0,0,0,0.0,0,0,0,0,0,0,0,1,0,0,0,0,0,0,0,SEARCH_EXHAUSTED,0,1,0,0,-1,0,-1,0,-1,2,0,2,256,0,0,0,0,0,0,0,0,0,13,0.081535,52,24,TASKBR_VACANCY_V1,0,0,0,0,0,0,0,0,0,2,2,0,0,0,0,0,0,0,0,0,0,0,0,0,0,0,BOTTLENECK_TARGET_FRONTIER_CONTINUITY_V2,0.00192,0,0,0,0,0,0,0,0,0,0,0,0,0,0,0,0,0.544301,0,0,0.002034,0,0,0,,,,,,,,,,,,,,,,,,,,,,,,,,,,,,,,,,,,,,,,,,,,,,0.841133,0.861728,e3b0c44298fc1c149afbf4c8996fb92427ae41e4649b934ca495991b7852b855,0.01,ok,
brap_h10w10_a1_e1_R1_seed0,g10x10,carrier,1,40,80.0,80000000,11,39,21,3,0.1375,4,40,81,81000000,40,80,80000000,1,1,1,4,42,121,0,0,STRICT_IMPROVEMENT,0,0,0,0,-1,-1,-1,-1,-1,25,1,25,134,0,0,0,86,63,0,2000,1321,0,139,0.78065,556,1151,TASKBR_VACANCY_V1,21,21,21,49,108,45.3704,0,56,43,87,87,127,127,111,111,111,0,0,0,0,0,0,0,111,147,1,BOTTLENECK_TARGET_FRONTIER_CONTINUITY_V2,0.236142,0.04119,0.101865,0.035484,0.022589,32,6,28,0,9,76,0,43,24,0,0,0,7.03042,278,137,1.10909,0,10,0,,,,,,,,,,,,,,,,,,,,,,,,,,,,,,,,,,,,,,,,,,,,,,13.6673,13.6864,8be569b292efa6624174856d52c2bcf8cf48c5e5c047680f4e23b29c1abe4de5,0.022,ok,
brap_h10w10_a1_e1_R1_seed1,g10x10,carrier,1,163,332.0,332000000,52,138,103,21,0.1595,19,163,333,333000000,163,332,332000000,1,1,1,4,163,487,0,0,STRICT_IMPROVEMENT,12,0,0,0,-1,-1,-1,-1,-1,107,1,107,3506,0,0,0,338,233,0,53,183,0,1905,7.41997,7620,1357,TASKBR_VACANCY_V1,103,103,103,233,416,56.0096,0,220,241,334,334,488,488,412,412,412,0,0,0,0,0,0,0,412,530,1,BOTTLENECK_TARGET_FRONTIER_CONTINUITY_V2,0.88176,0.155663,0.387095,0.133273,0.099521,81,7,77,0,13,319,0,241,106,0,0,0,31.753,1046,521,3.87525,32,30,0,,,,,,,,,,,,,,,,,,,,,,,,,,,,,,,,,,,,,,,,,,,,,,56.5688,56.5977,f4231244c7fdd3f5e8f986d44ffd8e0599065af2aa841be9927620952c798c7f,0.066,ok,
brap_h20w20_a40_e100_B_seed0_pool,g20x20,carrier,0,,,,,,,,,,,,,,,,,,,,,,,,,,,,,,,,,,,,,,,,,,,,,,,414037,4219.12,6624592,57482,TASKBR_VACANCY_V1,262,22,262,439,516,85.0775,0,,,,,,,,,,,,,,,,,,,,,,,,,,,,,,,,,,,,,,,,,,,,,,,,,,,,,,,,,,,,,,,,,,,,,,,,,,,,,,,,,,,,,,,,,,,,,9.316,timeout,ements=0 assignment_second_solution_ms=-1 assignment_first_soc=-1 assignment_second_soc=-1 assignment_first_makespan=-1 assignment_second_makespan=-1
brap_h20w20_a40_e100_B_seed1_pool,g20x20,carrier,0,,,,,,,,,,,,,,,,,,,,,,,,,,,,,,,,,,,,,,,,,,,,,,,439677,4429.88,7034832,69472,TASKBR_VACANCY_V1,428,24,428,883,949,93.0453,0,,,,,,,,,,,,,,,,,,,,,,,,,,,,,,,,,,,,,,,,,,,,,,,,,,,,,,,,,,,,,,,,,,,,,,,,,,,,,,,,,,,,,,,,,,,,,8.598,timeout,ements=0 assignment_second_solution_ms=-1 assignment_first_soc=-1 assignment_second_soc=-1 assignment_first_makespan=-1 assignment_second_makespan=-1
brap_h20w20_a40_e100_R1_seed0,g20x20,carrier,1,947,4934.0,4934000000,513,3235,914,279,0.1083,5875,949,4944,4944000000,947,4934,4934000000,1,0,0,0,21,126,0,0,SEARCH_CUTOFF,563,0,0,0,-1,-1,-1,-1,-1,502,218,502,110997,0,0,0,22007,10430,1120,10202,2463,0,95428,1057.95,1526848,20453,TASKBR_VACANCY_V1,16769,1700,16769,28703,34352,83.5555,154,35129,3392,1538,1538,39976,39798,35092,35092,35092,0,0,0,23,0,0,0,35092,35258,37,BOTTLENECK_TARGET_FRONTIER_CONTINUITY_V2,173.986,22.8477,521.632,122.568,4548.4,204,3,389,0,5,3,1528,3392,880,0,0,0,8155.8,104438,11919,360.503,235,15,0,,,,,,,,,,,,,,,,,,,,,,,,,,,,,,,,,,,,,,,,,,,,,,8582.59,8582.77,ac47730cffadee4d6370ed83af2f10388ad1c753446d4c3256cb5b752fb8926d,8.616,ok,
brap_h20w20_a40_e100_R1_seed1,g20x20,carrier,1,876,4413.0,4413000000,359,3168,680,190,0.082,2953,941,4800,4800000000,876,4413,4413000000,1,1,1,0,78,468,0,0,STRICT_IMPROVEMENT,714,0,0,0,-1,-1,-1,-1,-1,595,152,595,96516,0,0,0,14254,5241,527,12702,9949,0,85495,961.732,1367920,26853,TASKBR_VACANCY_V1,11312,1145,11312,16320,19256,84.7528,83,35317,4578,2098,2098,40719,40640,35731,35731,35731,0,0,0,10,0,0,0,35731,36544,32,BOTTLENECK_TARGET_FRONTIER_CONTINUITY_V2,179.533,19.5678,371.484,83.4928,1927.1,576,7,782,0,8,19,2069,4578,929,0,0,0,5281.98,137960,15906,337.189,508,48,0,,,,,,,,,,,,,,,,,,,,,,,,,,,,,,,,,,,,,,,,,,,,,,5877.15,5877.3,049115152a1189e894eedb78ebc3199f5f0e645cc17690bdb847688f1cbea17b,5.909,ok,
brap_h20w20_a40_e10_B_seed0_pool,g20x20,carrier,0,,,,,,,,,,,,,,,,,,,,,,,,,,,,,,,,,,,,,,,,,,,,,,,489664,5471.93,7834624,590512,TASKBR_VACANCY_V1,529,345,529,3051,16122,18.9245,0,,,,,,,,,,,,,,,,,,,,,,,,,,,,,,,,,,,,,,,,,,,,,,,,,,,,,,,,,,,,,,,,,,,,,,,,,,,,,,,,,,,,,,,,,,,,,8.541,timeout,ements=0 assignment_second_solution_ms=-1 assignment_first_soc=-1 assignment_second_soc=-1 assignment_first_makespan=-1 assignment_second_makespan=-1
brap_h20w20_a40_e10_B_seed1_pool,g20x20,carrier,0,,,,,,,,,,,,,,,,,,,,,,,,,,,,,,,,,,,,,,,,,,,,,,,460401,5246.17,7366416,839891,TASKBR_VACANCY_V1,1239,815,1239,8693,32704,26.5808,0,,,,,,,,,,,,,,,,,,,,,,,,,,,,,,,,,,,,,,,,,,,,,,,,,,,,,,,,,,,,,,,,,,,,,,,,,,,,,,,,,,,,,,,,,,,,,8.595,timeout,ements=0 assignment_second_solution_ms=-1 assignment_first_soc=-1 assignment_second_soc=-1 assignment_first_makespan=-1 assignment_second_makespan=-1
brap_h20w20_a40_e10_R1_seed0,g20x20,carrier,0,,,,,,,,,,,,,,,,,,,,,,,,,,,,,,,,,,,,,,,,,,,,,,,220958,2724.13,3535328,608115,TASKBR_VACANCY_V1,28339,17583,28339,186738,764295,24.4327,481,,,,,,,,,,,,,,,,,,,,,,,,,,,,,,,,,,,,,,,,,,,,,,,,,,,,,,,,,,,,,,,,,,,,,,,,,,,,,,,,,,,,,,,,,,,,,8.552,timeout,ements=0 assignment_second_solution_ms=-1 assignment_first_soc=-1 assignment_second_soc=-1 assignment_first_makespan=-1 assignment_second_makespan=-1
brap_h20w20_a40_e10_R1_seed1,g20x20,carrier,0,,,,,,,,,,,,,,,,,,,,,,,,,,,,,,,,,,,,,,,,,,,,,,,212375,2599.02,3398000,543140,TASKBR_VACANCY_V1,27816,17551,27816,201975,740663,27.2695,484,,,,,,,,,,,,,,,,,,,,,,,,,,,,,,,,,,,,,,,,,,,,,,,,,,,,,,,,,,,,,,,,,,,,,,,,,,,,,,,,,,,,,,,,,,,,,8.549,timeout,ements=0 assignment_second_solution_ms=-1 assignment_first_soc=-1 assignment_second_soc=-1 assignment_first_makespan=-1 assignment_second_makespan=-1
brap_h40w40_a160_e400_R1_seed0,g40x40,carrier,0,,,,,,,,,,,,,,,,,,,,,,,,,,,,,,,,,,,,,,,,,,,,,,,1450,63.8385,92800,258,TASKBR_VACANCY_V1,0,0,0,0,0,0,0,,,,,,,,,,,,,,,,,,,,,,,,,,,,,,,,,,,,,,,,,,,,,,,,,,,,,,,,,,,,,,,,,,,,,,,,,,,,,,,,,,,,,,,,,,,,,8.859,timeout,ements=0 assignment_second_solution_ms=-1 assignment_first_soc=-1 assignment_second_soc=-1 assignment_first_makespan=-1 assignment_second_makespan=-1
brap_h40w40_a160_e400_R1_seed1,g40x40,carrier,0,,,,,,,,,,,,,,,,,,,,,,,,,,,,,,,,,,,,,,,,,,,,,,,,,,,,,,,,,,,,,,,,,,,,,,,,,,,,,,,,,,,,,,,,,,,,,,,,,,,,,,,,,,,,,,,,,,,,,,,,,,,,,,,,,,,,,,,,,,,,,,,,,,,,,,,10.005,timeout,
brap_h40w40_a160_e40_R1_seed0,g40x40,carrier,0,,,,,,,,,,,,,,,,,,,,,,,,,,,,,,,,,,,,,,,,,,,,,,,29856,1372.37,1910784,56455,TASKBR_VACANCY_V1,275,49,275,2887,3930,73.4606,0,,,,,,,,,,,,,,,,,,,,,,,,,,,,,,,,,,,,,,,,,,,,,,,,,,,,,,,,,,,,,,,,,,,,,,,,,,,,,,,,,,,,,,,,,,,,,8.535,timeout,ements=0 assignment_second_solution_ms=-1 assignment_first_soc=-1 assignment_second_soc=-1 assignment_first_makespan=-1 assignment_second_makespan=-1
brap_h40w40_a160_e40_R1_seed1,g40x40,carrier,0,,,,,,,,,,,,,,,,,,,,,,,,,,,,,,,,,,,,,,,,,,,,,,,10487,493.209,671168,9086,TASKBR_VACANCY_V1,0,0,0,0,0,0,0,,,,,,,,,,,,,,,,,,,,,,,,,,,,,,,,,,,,,,,,,,,,,,,,,,,,,,,,,,,,,,,,,,,,,,,,,,,,,,,,,,,,,,,,,,,,,8.53,timeout,ements=0 assignment_second_solution_ms=-1 assignment_first_soc=-1 assignment_second_soc=-1 assignment_first_makespan=-1 assignment_second_makespan=-1
brap_h40w40_a80_e400_B_seed0_pool,g40x40,carrier,0,,,,,,,,,,,,,,,,,,,,,,,,,,,,,,,,,,,,,,,,,,,,,,,,,,,,,,,,,,,,,,,,,,,,,,,,,,,,,,,,,,,,,,,,,,,,,,,,,,,,,,,,,,,,,,,,,,,,,,,,,,,,,,,,,,,,,,,,,,,,,,,,,,,,,,,10.007,timeout,
brap_h40w40_a80_e400_B_seed1_pool,g40x40,carrier,0,,,,,,,,,,,,,,,,,,,,,,,,,,,,,,,,,,,,,,,,,,,,,,,,,,,,,,,,,,,,,,,,,,,,,,,,,,,,,,,,,,,,,,,,,,,,,,,,,,,,,,,,,,,,,,,,,,,,,,,,,,,,,,,,,,,,,,,,,,,,,,,,,,,,,,,10.014,timeout,
brap_h40w40_a80_e40_B_seed0_pool,g40x40,carrier,0,,,,,,,,,,,,,,,,,,,,,,,,,,,,,,,,,,,,,,,,,,,,,,,,,,,,,,,,,,,,,,,,,,,,,,,,,,,,,,,,,,,,,,,,,,,,,,,,,,,,,,,,,,,,,,,,,,,,,,,,,,,,,,,,,,,,,,,,,,,,,,,,,,,,,,,10.007,timeout,
brap_h40w40_a80_e40_B_seed1_pool,g40x40,carrier,0,,,,,,,,,,,,,,,,,,,,,,,,,,,,,,,,,,,,,,,,,,,,,,,,,,,,,,,,,,,,,,,,,,,,,,,,,,,,,,,,,,,,,,,,,,,,,,,,,,,,,,,,,,,,,,,,,,,,,,,,,,,,,,,,,,,,,,,,,,,,,,,,,,,,,,,10.008,timeout,
brap_h4w10_a5_e10_B_seed0_pool,g4x10,carrier,1,18,36.0,36000000,5,19,10,0,0.1389,7,18,38,38000000,18,36,36000000,1,1,1,8,89,75,0,0,STRICT_IMPROVEMENT,1,1,1,1,15,38,36,18,18,12,13,12,3503,0,0,0,32,11,0,61,51,0,661,1.41856,2644,440,TASKBR_VACANCY_V1,41,17,41,50,67,74.6269,0,340,92,180,180,415,415,332,332,332,0,0,0,0,0,0,0,332,332,3,BOTTLENECK_TARGET_FRONTIER_CONTINUITY_V2,0.39182,0.076453,0.276188,0.071717,0.11255,111,4,122,0,39,139,0,92,24,0,5,0,12.2716,1164,310,1.51966,24,0,0,,,,,,,,,,,,,,,,,,,,,,,,,,,,,,,,,,,,,,,,,,,,,,16.1112,16.1225,323dbf889e470387f09f157364edd426eaa62947e8d40aee60c63f49b0720c75,0.025,ok,
brap_h4w10_a5_e10_B_seed1_pool,g4x10,carrier,1,34,65.0,65000000,10,31,19,3,0.1471,11,34,66,66000000,34,65,65000000,1,1,1,2,34,100,0,0,STRICT_IMPROVEMENT,3,1,1,1,14,66,65,34,34,23,5,23,7741,0,0,0,56,29,4,51,28,0,1388,2.3225,5552,884,TASKBR_VACANCY_V1,28,19,28,43,80,53.75,0,67,50,80,80,122,122,93,93,93,0,0,0,0,0,0,0,93,119,2,BOTTLENECK_TARGET_FRONTIER_CONTINUITY_V2,0.155175,0.033707,0.099339,0.030907,0.030552,25,7,21,0,11,67,0,50,26,0,0,0,12.6051,284,116,0.646132,6,4,0,,,,,,,,,,,,,,,,,,,,,,,,,,,,,,,,,,,,,,,,,,,,,,15.1338,15.1467,8b07c607629b128be6f7cf30e96f8bc3d280a1daa0eb6dad8a1d9f44e1a6428d,0.023,ok,
brap_h4w10_a5_e10_R1_seed0,g4x10,carrier,1,231,488.0,488000000,66,264,124,39,0.1429,69,497,1002,1002000000,231,488,488000000,1,0,0,7408,22,65,0,0,SEARCH_CUTOFF,48,0,0,0,-1,-1,-1,-1,-1,4763,22096,4763,137304,0,0,0,41766,28750,3501,293363,118006,0,100681,209.745,402724,226768,TASKBR_VACANCY_V1,76972,30888,76972,187746,319217,58.8145,4447,226934,68796,91083,91083,335151,322007,188829,188829,188829,0,0,0,52,0,0,0,188829,189013,4,BOTTLENECK_TARGET_FRONTIER_CONTINUITY_V2,202.674,49.7888,174.134,44.2874,89.0202,42112,4746,51372,0,11410,79671,0,68796,7475,0,16605,0,5059.08,407193,123673,1138.08,19280,0,21,,,,,,,,,,,,,,,,,,,,,,,,,,,,,,,,,,,,,,,,,,,,,,9610.84,9610.9,08f7fc935332a5b7c0321c7a25728c14a2dbbc5288faea409cfd9f43ef22f317,9.637,ok,
brap_h4w10_a5_e10_R1_seed1,g4x10,carrier,1,62,130.0,130000000,21,59,40,8,0.1694,6,67,142,142000000,62,130,130000000,1,1,1,4893,319,264,0,0,STRICT_IMPROVEMENT,5,0,0,0,-1,-1,-1,-1,-1,1754,14368,1754,11418,0,0,0,6556,2838,24,6134,5900,0,10828,32.1347,43312,9074,TASKBR_VACANCY_V1,33374,9065,33374,55278,72584,76.1573,1480,124017,45682,61619,61619,193543,187532,106444,106444,106444,0,0,0,0,0,0,0,106444,106448,3,BOTTLENECK_TARGET_FRONTIER_CONTINUITY_V2,109.42,24.2777,85.3349,23.5972,33.8919,31873,2489,35776,0,8139,53478,0,45682,2515,0,11166,0,1973.33,289084,85485,496.701,13180,0,0,,,,,,,,,,,,,,,,,,,,,,,,,,,,,,,,,,,,,,,,,,,,,,4705.81,4705.84,7bad220734a2da76caeb292d2456b797095206cf4a5dc20d5142c8e80cc873db,4.728,ok,
brap_h4w10_a5_e1_B_seed0_pool,g4x10,carrier,1,24,49.0,49000000,7,24,13,0,0.1458,9,24,50,50000000,24,49,49000000,1,1,1,3,25,71,0,0,STRICT_IMPROVEMENT,0,1,1,1,12,50,49,24,24,17,1,17,6178,0,0,0,66,51,6,2849,1685,0,235,0.498782,940,5969,TASKBR_VACANCY_V1,15,15,15,41,80,51.25,0,32,25,54,54,74,74,64,64,64,0,0,0,0,0,0,0,64,84,1,BOTTLENECK_TARGET_FRONTIER_CONTINUITY_V2,0.119291,0.029699,0.073686,0.024874,0.024368,21,7,17,0,5,47,0,25,16,0,0,0,11.3172,166,81,0.567735,0,2,0,,,,,,,,,,,,,,,,,,,,,,,,,,,,,,,,,,,,,,,,,,,,,,13.384,13.3974,e9848782f9f8d7c393bf622034c7f6c87bbd8f93e34fd1d81e14aed019465081,0.022,ok,
brap_h4w10_a5_e1_B_seed1_pool,g4x10,carrier,1,25,49.0,49000000,6,27,11,0,0.12,9,25,50,50000000,25,49,49000000,1,1,1,3,27,75,0,0,STRICT_IMPROVEMENT,3,1,1,1,12,50,49,25,25,15,1,15,5482,0,0,0,44,31,0,1657,1006,0,258,0.537311,1032,4091,TASKBR_VACANCY_V1,11,11,11,31,42,73.8095,0,36,25,56,56,80,80,72,72,72,0,0,0,0,0,0,0,72,98,1,BOTTLENECK_TARGET_FRONTIER_CONTINUITY_V2,0.126901,0.030531,0.078572,0.028382,0.018248,25,7,21,0,9,45,0,25,14,0,0,0,10.5895,178,87,0.532444,4,6,0,,,,,,,,,,,,,,,,,,,,,,,,,,,,,,,,,,,,,,,,,,,,,,12.7826,12.798,1b6567c763f0dd7c94ec877a6f4981060dccc28737c336828a4cd485dac88bab,0.021,ok,
brap_h4w10_a5_e1_R1_seed0,g4x10,carrier,1,511,965.0,965000000,139,475,262,101,0.136,2690,14934,25025,25025000000,511,965,965000000,1,0,0,17910,1339,655,0,0,SEARCH_CUTOFF,58,0,0,0,-1,-1,-1,-1,-1,315,7487,315,10799,0,0,0,3149,2835,1308,478113,264072,28,3917,8.42853,15668,250850,TASKBR_VACANCY_V1,10423,10423,10423,16551,73462,22.53,0,103052,76135,115271,115271,175552,171227,137869,137869,137869,0,0,0,14,0,0,0,137869,193834,1,BOTTLENECK_TARGET_FRONTIER_CONTINUITY_V2,170.92,41.019,112.949,41.3844,32.2653,53016,1689,53647,0,26860,88409,0,76135,6916,0,21825,0,3575.12,313438,154694,900.588,18826,6559,190,,,,,,,,,,,,,,,,,,,,,,,,,,,,,,,,,,,,,,,,,,,,,,9199.92,9200,d3eadadc25cf2bf3b147b2a3d349b8c16e40bd7dfaa0ec1a4caac75444d05800,9.223,ok,
brap_h4w10_a5_e1_R1_seed1,g4x10,carrier,1,389,769.0,769000000,109,397,178,61,0.1401,1847,7403,14083,14083000000,389,769,769000000,1,0,0,13611,717,271,0,0,SEARCH_CUTOFF,82,0,0,0,-1,-1,-1,-1,-1,310,4632,310,10295,0,0,0,5931,5622,3024,1343337,681797,16,3198,7.10231,12792,637407,TASKBR_VACANCY_V1,14398,14398,14398,106297,260207,40.8509,0,68616,60922,74816,74816,134020,131589,97474,97474,97474,0,0,0,27,0,0,0,97474,129654,1,BOTTLENECK_TARGET_FRONTIER_CONTINUITY_V2,130.739,62.7175,98.6807,34.9388,28.8358,30627,468,31598,0,8111,66703,0,60922,4221,0,18167,0,4448.15,212690,106132,1600.37,14759,6717,21,,,,,,,,,,,,,,,,,,,,,,,,,,,,,,,,,,,,,,,,,,,,,,9156.34,9156.41,eaddb256e2ce2b19adfb39cab89002c353edaaf938d5ee3e1654e5326139dcc3,9.178,ok,
brap_h6w10_a6_e15_B_seed0_pool,g6x10,carrier,1,88,181.0,181000000,24,103,44,6,0.1364,69,171,345,345000000,88,181,181000000,1,0,0,8590,369,142,0,0,SEARCH_CUTOFF,18,1,0,0,-1,181,-1,88,-1,3408,19490,3408,83019,0,0,1,15459,3212,687,163788,21402,0,55048,174.903,220192,91062,TASKBR_VACANCY_V1,86044,16071,86044,82716,118815,69.6175,3128,289034,68141,83532,83532,321923,315077,248875,248875,248875,0,0,0,15,0,0,0,248875,248875,5,BOTTLENECK_TARGET_FRONTIER_CONTINUITY_V2,300.167,48.7457,255.918,60.7595,145.085,37893,3756,46474,0,10516,73014,0,68141,6977,0,14885,0,4609.05,379274,114012,847.842,11948,0,15,,,,,,,,,,,,,,,,,,,,,,,,,,,,,,,,,,,,,,,,,,,,,,9410.77,9410.81,66e9802aff1b545844224582918789351376c7b07d87c0d05848103dad34ddfc,9.459,ok,
brap_h6w10_a6_e15_B_seed1_pool,g6x10,carrier,1,35,70.0,70000000,10,36,18,0,0.1429,19,35,70,70000000,35,70,70000000,1,0,0,6721,5,14,0,0,SEARCH_CUTOFF,2,1,0,0,-1,70,-1,35,-1,2757,20796,2757,25617,0,0,1,13483,6087,113,13206,12950,0,15452,67.1083,61808,18361,TASKBR_VACANCY_V1,62290,9466,62290,104969,120865,86.8481,2492,246580,70750,95171,95171,344872,339098,212923,212923,212923,0,0,0,0,0,0,0,212923,213029,4,BOTTLENECK_TARGET_FRONTIER_CONTINUITY_V2,247.082,44.7741,187.485,46.8389,91.9019,49063,4353,53457,0,14039,81130,0,70750,1580,0,17597,0,4084.55,411318,124785,930.054,17173,12,0,,,,,,,,,,,,,,,,,,,,,,,,,,,,,,,,,,,,,,,,,,,,,,9060.84,9060.87,233c12e708347c31fe79f247e6869208a2b04d2f45da11d011d807d57624e5e4,9.088,ok,
brap_h6w10_a6_e15_R1_seed0,g6x10,carrier,1,158,315.0,315000000,34,195,66,12,0.1076,47,307,605,605000000,158,315,315000000,1,0,0,7216,69,110,0,0,SEARCH_CUTOFF,49,0,0,0,-1,-1,-1,-1,-1,2394,19196,2394,46409,0,0,0,14896,5528,238,52134,7673,0,41461,134.592,165844,29022,TASKBR_VACANCY_V1,84968,12847,84968,120788,150015,80.5173,2105,327904,73263,84280,84280,406832,400619,282365,282365,282365,0,0,0,0,0,0,0,282365,282376,5,BOTTLENECK_TARGET_FRONTIER_CONTINUITY_V2,322.912,56.8078,288.322,68.9408,179.847,40684,3271,46729,0,11000,73278,0,73263,3182,0,16098,0,4486.08,365330,111278,957.136,16738,3,0,,,,,,,,,,,,,,,,,,,,,,,,,,,,,,,,,,,,,,,,,,,,,,9422.91,9422.96,c25005f3aefb4372ebe8accc850917f27b8133b4ddb35dabd7c6de6c510dc696,9.471,ok,
brap_h6w10_a6_e15_R1_seed1,g6x10,carrier,1,251,537.0,537000000,65,309,122,34,0.1295,56,384,803,803000000,251,537,537000000,1,0,0,6829,71,211,0,0,SEARCH_CUTOFF,54,0,0,0,-1,-1,-1,-1,-1,2086,15801,2086,38558,0,0,0,17266,9507,437,71354,23426,0,32631,107.788,130524,55401,TASKBR_VACANCY_V1,65889,19104,65889,113424,170465,66.538,1766,300586,66710,83041,83041,381304,375638,261920,261920,261920,0,0,0,21,0,0,0,261920,261920,5,BOTTLENECK_TARGET_FRONTIER_CONTINUITY_V2,311.104,55.4634,249.684,62.231,144.366,39041,2167,45262,0,9888,73151,0,66710,5330,0,14990,0,4542.56,386760,115150,1113.42,16312,0,50,,,,,,,,,,,,,,,,,,,,,,,,,,,,,,,,,,,,,,,,,,,,,,9440.27,9440.33,aa43737ecdc4f339cd2ebf60b1808c4b01ec844f0b8c1470c7c6edfa20d2c1a6,9.468,ok,
brap_h6w10_a6_e1_B_seed0_pool,g6x10,carrier,1,147,321.0,321000000,44,153,88,9,0.1497,6234,12077,22580,22580000000,147,321,321000000,1,1,1,0,15,45,0,0,STRICT_IMPROVEMENT,6,1,1,1,6787,794,321,396,147,274,3447,274,264395,0,0,0,7411,7139,4623,2468807,1300430,15,6609,17.7772,26436,1269351,TASKBR_VACANCY_V1,13867,13867,13867,76507,382794,19.9865,0,27156,24064,35960,35960,62851,60146,57041,57041,57041,0,0,0,5,0,0,0,57041,78327,1,BOTTLENECK_TARGET_FRONTIER_CONTINUITY_V2,97.0404,52.3211,70.8429,22.794,22.0134,16412,138,18946,0,4283,31675,0,24064,3770,0,0,0,5449.13,137552,68609,1266.38,6833,3924,29,,,,,,,,,,,,,,,,,,,,,,,,,,,,,,,,,,,,,,,,,,,,,,6793.68,6793.89,0b30bf05dae9f7f76f3e9428b22c9c87be05c0551c5d357d9c30985511d45402,6.81,ok,
brap_h6w10_a6_e1_B_seed1_pool,g6x10,carrier,1,120,249.0,249000000,38,107,78,19,0.1583,438,976,1811,1811000000,120,249,249000000,1,0,0,11859,7,20,0,0,SEARCH_CUTOFF,4,1,0,0,-1,249,-1,120,-1,114,3262,114,67788,0,0,0,2212,2099,1076,503971,262920,0,2117,6.09706,8468,278782,TASKBR_VACANCY_V1,13251,13251,13251,50323,309102,16.2804,0,51458,47561,53500,53500,96961,95853,65692,65692,65692,0,0,0,73,0,0,0,65692,86008,1,BOTTLENECK_TARGET_FRONTIER_CONTINUITY_V2,105.276,51.5812,65.424,23.3098,18.8175,20244,486,21495,0,5084,48414,0,47561,1700,0,14882,0,4097.71,138815,68801,1582.16,11456,4283,31,,,,,,,,,,,,,,,,,,,,,,,,,,,,,,,,,,,,,,,,,,,,,,9126.29,9126.34,fab258053faccc7dc4b9bd47e45985411f8567b3c46746e961451c5a3bfdd7ed,9.152,ok,
brap_h6w10_a6_e1_R1_seed0,g6x10,carrier,1,628,1339.0,1339000000,180,646,366,137,0.1433,3886,5778,11073,11073000000,628,1339,1339000000,1,0,0,5443,69,112,0,0,SEARCH_CUTOFF,51,0,0,0,-1,-1,-1,-1,-1,328,3209,328,19280,0,0,0,11698,11371,8777,8036506,4339493,173,7538,19.754,30152,3916238,TASKBR_VACANCY_V1,14931,14931,14931,92537,464525,19.9208,5,33172,30322,37671,37671,67489,64716,51441,51441,51441,0,0,0,2,0,0,0,51441,68738,1,BOTTLENECK_TARGET_FRONTIER_CONTINUITY_V2,81.7743,40.1057,54.2282,19.2495,15.7591,15249,219,17564,0,3688,33981,0,30322,3176,0,6563,0,6087.02,117565,58719,1192.25,7487,3125,1,,,,,,,,,,,,,,,,,,,,,,,,,,,,,,,,,,,,,,,,,,,,,,8723.79,8723.87,c95f6be47cfd40a675988814750278bfca5377d799d4485fee22e34c9e4381af,8.744,ok,
brap_h6w10_a6_e1_R1_seed1,g6x10,carrier,1,938,2026.0,2026000000,260,1026,530,227,0.1386,1198,2667,5312,5312000000,938,2026,2026000000,1,0,0,10996,48,142,0,0,SEARCH_CUTOFF,79,0,0,0,-1,-1,-1,-1,-1,500,2591,500,37506,0,0,0,12048,11549,7039,1947735,1012715,11,12860,32.2412,51440,985603,TASKBR_VACANCY_V1,8004,8004,8004,46888,218674,21.442,52,47630,45481,49998,49998,90377,88677,62236,62236,62236,0,0,0,1,0,0,0,62236,81724,1,BOTTLENECK_TARGET_FRONTIER_CONTINUITY_V2,97.7716,46.1496,62.5652,22.3554,17.2759,19206,164,20750,0,4127,45869,0,45481,2288,0,14329,0,4553.2,132664,66306,1496.31,11144,3239,0,,,,,,,,,,,,,,,,,,,,,,,,,,,,,,,,,,,,,,,,,,,,,,8997.91,8997.98,cb1e59066bdb8ac9783d47a217ee6435e1f4442219f8776fd71938468ecf4ff7,9.026,ok,
brap_h80w80_a128_e1600_B_seed0_pool,g80x80,carrier,0,,,,,,,,,,,,,,,,,,,,,,,,,,,,,,,,,,,,,,,,,,,,,,,,,,,,,,,,,,,,,,,,,,,,,,,,,,,,,,,,,,,,,,,,,,,,,,,,,,,,,,,,,,,,,,,,,,,,,,,,,,,,,,,,,,,,,,,,,,,,,,,,,,,,,,,10.006,timeout,
brap_h80w80_a128_e1600_B_seed1_pool,g80x80,carrier,0,,,,,,,,,,,,,,,,,,,,,,,,,,,,,,,,,,,,,,,,,,,,,,,,,,,,,,,,,,,,,,,,,,,,,,,,,,,,,,,,,,,,,,,,,,,,,,,,,,,,,,,,,,,,,,,,,,,,,,,,,,,,,,,,,,,,,,,,,,,,,,,,,,,,,,,10.013,timeout,
brap_h80w80_a128_e1600_R1_seed0,g80x80,carrier,0,,,,,,,,,,,,,,,,,,,,,,,,,,,,,,,,,,,,,,,,,,,,,,,2925,935.333,748800,323,TASKBR_VACANCY_V1,0,0,0,0,0,0,0,,,,,,,,,,,,,,,,,,,,,,,,,,,,,,,,,,,,,,,,,,,,,,,,,,,,,,,,,,,,,,,,,,,,,,,,,,,,,,,,,,,,,,,,,,,,,9.178,timeout,ements=0 assignment_second_solution_ms=-1 assignment_first_soc=-1 assignment_second_soc=-1 assignment_first_makespan=-1 assignment_second_makespan=-1
brap_h80w80_a128_e1600_R1_seed1,g80x80,carrier,0,,,,,,,,,,,,,,,,,,,,,,,,,,,,,,,,,,,,,,,,,,,,,,,2618,815.572,670208,289,TASKBR_VACANCY_V1,0,0,0,0,0,0,0,,,,,,,,,,,,,,,,,,,,,,,,,,,,,,,,,,,,,,,,,,,,,,,,,,,,,,,,,,,,,,,,,,,,,,,,,,,,,,,,,,,,,,,,,,,,,9.027,timeout,ements=0 assignment_second_solution_ms=-1 assignment_first_soc=-1 assignment_second_soc=-1 assignment_first_makespan=-1 assignment_second_makespan=-1
brap_h80w80_a128_e160_B_seed0_pool,g80x80,carrier,0,,,,,,,,,,,,,,,,,,,,,,,,,,,,,,,,,,,,,,,,,,,,,,,,,,,,,,,,,,,,,,,,,,,,,,,,,,,,,,,,,,,,,,,,,,,,,,,,,,,,,,,,,,,,,,,,,,,,,,,,,,,,,,,,,,,,,,,,,,,,,,,,,,,,,,,10.007,timeout,
brap_h80w80_a128_e160_B_seed1_pool,g80x80,carrier,0,,,,,,,,,,,,,,,,,,,,,,,,,,,,,,,,,,,,,,,,,,,,,,,,,,,,,,,,,,,,,,,,,,,,,,,,,,,,,,,,,,,,,,,,,,,,,,,,,,,,,,,,,,,,,,,,,,,,,,,,,,,,,,,,,,,,,,,,,,,,,,,,,,,,,,,10.006,timeout,
brap_h80w80_a128_e160_R1_seed0,g80x80,carrier,0,,,,,,,,,,,,,,,,,,,,,,,,,,,,,,,,,,,,,,,,,,,,,,,16871,4672.6,4318976,14474,TASKBR_VACANCY_V1,192,11,192,1503,1642,91.5347,0,,,,,,,,,,,,,,,,,,,,,,,,,,,,,,,,,,,,,,,,,,,,,,,,,,,,,,,,,,,,,,,,,,,,,,,,,,,,,,,,,,,,,,,,,,,,,8.731,timeout,ements=0 assignment_second_solution_ms=-1 assignment_first_soc=-1 assignment_second_soc=-1 assignment_first_makespan=-1 assignment_second_makespan=-1
brap_h80w80_a128_e160_R1_seed1,g80x80,carrier,0,,,,,,,,,,,,,,,,,,,,,,,,,,,,,,,,,,,,,,,,,,,,,,,26338,7400.66,6742528,34368,TASKBR_VACANCY_V1,228,18,228,1553,1909,81.3515,0,,,,,,,,,,,,,,,,,,,,,,,,,,,,,,,,,,,,,,,,,,,,,,,,,,,,,,,,,,,,,,,,,,,,,,,,,,,,,,,,,,,,,,,,,,,,,9.357,timeout,ements=0 assignment_second_solution_ms=-1 assignment_first_soc=-1 assignment_second_soc=-1 assignment_first_makespan=-1 assignment_second_makespan=-1
brap_h80w80_a160_e1600_B_seed0_pool,g80x80,carrier,0,,,,,,,,,,,,,,,,,,,,,,,,,,,,,,,,,,,,,,,,,,,,,,,,,,,,,,,,,,,,,,,,,,,,,,,,,,,,,,,,,,,,,,,,,,,,,,,,,,,,,,,,,,,,,,,,,,,,,,,,,,,,,,,,,,,,,,,,,,,,,,,,,,,,,,,10.008,timeout,
brap_h80w80_a160_e1600_B_seed1_pool,g80x80,carrier,0,,,,,,,,,,,,,,,,,,,,,,,,,,,,,,,,,,,,,,,,,,,,,,,,,,,,,,,,,,,,,,,,,,,,,,,,,,,,,,,,,,,,,,,,,,,,,,,,,,,,,,,,,,,,,,,,,,,,,,,,,,,,,,,,,,,,,,,,,,,,,,,,,,,,,,,10.011,timeout,
brap_h80w80_a160_e160_B_seed0_pool,g80x80,carrier,0,,,,,,,,,,,,,,,,,,,,,,,,,,,,,,,,,,,,,,,,,,,,,,,,,,,,,,,,,,,,,,,,,,,,,,,,,,,,,,,,,,,,,,,,,,,,,,,,,,,,,,,,,,,,,,,,,,,,,,,,,,,,,,,,,,,,,,,,,,,,,,,,,,,,,,,10.011,timeout,
brap_h80w80_a160_e160_B_seed1_pool,g80x80,carrier,0,,,,,,,,,,,,,,,,,,,,,,,,,,,,,,,,,,,,,,,,,,,,,,,,,,,,,,,,,,,,,,,,,,,,,,,,,,,,,,,,,,,,,,,,,,,,,,,,,,,,,,,,,,,,,,,,,,,,,,,,,,,,,,,,,,,,,,,,,,,,,,,,,,,,,,,10.006,timeout,
brap_h80w80_a800_e1600_R1_seed0,g80x80,carrier,0,,,,,,,,,,,,,,,,,,,,,,,,,,,,,,,,,,,,,,,,,,,,,,,9024,2681.82,2310144,1266,TASKBR_VACANCY_V1,0,0,0,0,0,0,0,,,,,,,,,,,,,,,,,,,,,,,,,,,,,,,,,,,,,,,,,,,,,,,,,,,,,,,,,,,,,,,,,,,,,,,,,,,,,,,,,,,,,,,,,,,,,8.617,timeout,ements=0 assignment_second_solution_ms=-1 assignment_first_soc=-1 assignment_second_soc=-1 assignment_first_makespan=-1 assignment_second_makespan=-1
brap_h80w80_a800_e1600_R1_seed1,g80x80,carrier,0,,,,,,,,,,,,,,,,,,,,,,,,,,,,,,,,,,,,,,,,,,,,,,,7200,2309.95,1843200,914,TASKBR_VACANCY_V1,0,0,0,0,0,0,0,,,,,,,,,,,,,,,,,,,,,,,,,,,,,,,,,,,,,,,,,,,,,,,,,,,,,,,,,,,,,,,,,,,,,,,,,,,,,,,,,,,,,,,,,,,,,8.662,timeout,ements=0 assignment_second_solution_ms=-1 assignment_first_soc=-1 assignment_second_soc=-1 assignment_first_makespan=-1 assignment_second_makespan=-1
brap_h80w80_a800_e160_R1_seed0,g80x80,carrier,0,,,,,,,,,,,,,,,,,,,,,,,,,,,,,,,,,,,,,,,,,,,,,,,14920,4126.36,3819520,13391,TASKBR_VACANCY_V1,0,0,0,0,0,0,0,,,,,,,,,,,,,,,,,,,,,,,,,,,,,,,,,,,,,,,,,,,,,,,,,,,,,,,,,,,,,,,,,,,,,,,,,,,,,,,,,,,,,,,,,,,,,8.558,timeout,ements=0 assignment_second_solution_ms=-1 assignment_first_soc=-1 assignment_second_soc=-1 assignment_first_makespan=-1 assignment_second_makespan=-1
brap_h80w80_a800_e160_R1_seed1,g80x80,carrier,0,,,,,,,,,,,,,,,,,,,,,,,,,,,,,,,,,,,,,,,,,,,,,,,14862,4181.64,3804672,15162,TASKBR_VACANCY_V1,0,0,0,0,0,0,0,,,,,,,,,,,,,,,,,,,,,,,,,,,,,,,,,,,,,,,,,,,,,,,,,,,,,,,,,,,,,,,,,,,,,,,,,,,,,,,,,,,,,,,,,,,,,8.555,timeout,ements=0 assignment_second_solution_ms=-1 assignment_first_soc=-1 assignment_second_soc=-1 assignment_first_makespan=-1 assignment_second_makespan=-1
brap_h8w10_a10_e20_B_seed0_pool,g8x10,carrier,1,60,117.0,117000000,16,72,24,2,0.1333,82,87,173,173000000,60,117,117000000,1,0,0,5183,484,231,0,0,SEARCH_CUTOFF,7,1,0,0,-1,117,-1,60,-1,2080,16961,2080,58802,0,0,0,8629,568,174,44036,10052,0,25474,113.777,101896,26735,TASKBR_VACANCY_V1,72307,8251,72307,68169,82378,82.7515,1807,277703,52094,75144,75144,282536,275956,240667,240667,240667,0,0,0,0,0,0,0,240667,240671,5,BOTTLENECK_TARGET_FRONTIER_CONTINUITY_V2,335.42,51.2506,233.359,58.8955,106.203,37914,2800,42958,0,11647,63495,0,52094,4580,0,12864,0,4472.85,343719,102984,820.618,8924,2,0,,,,,,,,,,,,,,,,,,,,,,,,,,,,,,,,,,,,,,,,,,,,,,9406.24,9406.28,8d497cf6834bcfb703e5285fbc1aea796ef68cb4d7249664b5ded3188931b494,9.434,ok,
brap_h8w10_a10_e20_B_seed1_pool,g8x10,carrier,1,177,358.0,358000000,46,219,72,12,0.1299,227,219,454,454000000,177,358,358000000,1,0,0,4659,36,107,0,0,SEARCH_CUTOFF,44,1,0,0,-1,358,-1,177,-1,4873,20382,4873,142047,0,0,30,24221,9361,123,131564,34917,0,59693,255.106,238772,80234,TASKBR_VACANCY_V1,75315,15193,75315,107447,139258,77.1568,4574,202284,48296,69142,69142,269681,257932,166238,166238,166238,0,0,0,0,0,0,0,166238,166242,6,BOTTLENECK_TARGET_FRONTIER_CONTINUITY_V2,233.812,37.967,160.767,37.7719,90.5102,36053,4880,40686,0,8633,60507,0,48296,3242,0,11808,0,4846.33,291742,89010,792.634,12573,0,0,,,,,,,,,,,,,,,,,,,,,,,,,,,,,,,,,,,,,,,,,,,,,,9387.96,9388.02,65aa62cd09700f4bc069ddf0d384ddda1a439d6731994a332b2bc3fba5a8b4a5,9.415,ok,
brap_h8w10_a10_e20_R1_seed0,g8x10,carrier,1,354,726.0,726000000,73,468,140,36,0.1031,156,622,1266,1266000000,354,726,726000000,1,0,0,7603,29,87,0,0,SEARCH_CUTOFF,103,0,0,0,-1,-1,-1,-1,-1,1760,13451,1760,49878,0,0,0,14902,5248,695,160129,88838,0,40573,155.843,162292,141397,TASKBR_VACANCY_V1,88609,16983,88609,105934,148828,71.1788,1432,330137,52563,58412,58412,370837,363143,277131,277131,277131,0,0,0,35,0,0,0,277131,277136,8,BOTTLENECK_TARGET_FRONTIER_CONTINUITY_V2,376.003,70.2093,360.18,93.1057,276.879,24178,2382,30355,0,6059,52351,0,52563,1992,0,12207,0,4964.49,241454,73933,899.553,10955,2,7,,,,,,,,,,,,,,,,,,,,,,,,,,,,,,,,,,,,,,,,,,,,,,9205.74,9205.8,6e5060d02faba1cfe7aacce4ac30c0a6b9a95462b88b5757a9fc11aed8e5d43a,9.231,ok,
brap_h8w10_a10_e20_R1_seed1,g8x10,carrier,1,366,709.0,709000000,80,442,148,40,0.1093,413,1294,2537,2537000000,366,709,709000000,1,0,0,5699,15,45,0,0,SEARCH_CUTOFF,68,0,0,0,-1,-1,-1,-1,-1,2631,15050,2631,82236,0,0,0,19600,6548,3857,163823,18675,0,68482,250.95,273928,103821,TASKBR_VACANCY_V1,103431,22038,103431,111493,183800,60.66,2297,288807,51765,60029,60029,335532,331210,249434,249434,249434,0,0,0,31,0,0,0,249434,249449,8,BOTTLENECK_TARGET_FRONTIER_CONTINUITY_V2,347.859,58.9261,310.968,77.6446,229.329,28314,2882,34499,0,6917,53110,0,51765,5965,0,10442,0,5082.81,277899,83228,877.284,10301,9,2,,,,,,,,,,,,,,,,,,,,,,,,,,,,,,,,,,,,,,,,,,,,,,9214.5,9214.57,5e12c4e6b679cb75900b2c5a7f3c761db7179531551d67a3eaf09d0723340e61,9.239,ok,
brap_h8w10_a10_e2_B_seed0_pool,g8x10,carrier,1,245,566.0,566000000,94,212,180,46,0.1918,399,249,574,574000000,245,566,566000000,1,0,0,8454,30,89,0,0,SEARCH_CUTOFF,14,1,0,0,-1,566,-1,245,-1,277,4044,277,178905,0,0,0,9431,8893,5063,1136090,558395,2,11568,38.9131,46272,620074,TASKBR_VACANCY_V1,25755,22261,25755,81167,510735,15.8922,0,81190,39580,41567,41567,134197,132149,67464,67464,67464,0,0,0,211,0,0,0,67464,67485,2,BOTTLENECK_TARGET_FRONTIER_CONTINUITY_V2,110.717,33.8066,63.7881,17.319,28.5752,15914,458,18139,0,5063,36502,0,39580,2720,0,10892,0,4684.44,181116,53853,1737.64,11045,1,124,,,,,,,,,,,,,,,,,,,,,,,,,,,,,,,,,,,,,,,,,,,,,,9074.8,9074.86,00ba492600070ab5a2bee9e785841904dd40273497812682465921f5ca061354,9.099,ok,
brap_h8w10_a10_e2_B_seed1_pool,g8x10,carrier,1,359,831.0,831000000,147,297,264,87,0.2047,1949,800,1875,1875000000,359,831,831000000,1,1,1,4,15,45,0,0,STRICT_IMPROVEMENT,28,1,1,1,2635,1411,831,609,359,481,175,481,662092,0,0,0,17263,16315,8912,3444185,1729989,13,24678,79.3861,98712,1866703,TASKBR_VACANCY_V1,3265,3021,3265,11266,73310,15.3676,36,2656,1514,1664,1664,5249,4963,2193,2193,2193,0,0,0,163,0,0,0,2193,2212,2,BOTTLENECK_TARGET_FRONTIER_CONTINUITY_V2,5.73029,1.49392,2.68676,0.689695,1.2893,483,114,576,0,14,1648,0,1514,761,0,0,0,2563.47,9590,2677,87.8068,156,1,0,,,,,,,,,,,,,,,,,,,,,,,,,,,,,,,,,,,,,,,,,,,,,,2656.62,2656.69,8ef0f2f0c82bebc2f32c9a235b22d6e1a45bd6a16e76a39e95ecf1b39fe6430a,2.67,ok,
brap_h8w10_a10_e2_R1_seed0,g8x10,carrier,1,889,2014.0,2014000000,379,739,620,253,0.2132,1604,1315,2976,2976000000,889,2014,2014000000,1,0,0,4356,9,27,0,0,SEARCH_CUTOFF,106,0,0,0,-1,-1,-1,-1,-1,764,3562,764,66787,0,0,0,30666,29152,20128,7492134,3716977,240,28934,96.7631,115736,3502566,TASKBR_VACANCY_V1,25303,22116,25303,126030,688038,18.3173,252,53302,25652,27710,27710,87738,85524,44189,44189,44189,0,0,0,260,0,0,0,44189,44204,2,BOTTLENECK_TARGET_FRONTIER_CONTINUITY_V2,75.9371,24.3087,42.9905,11.793,18.6263,10554,538,12720,0,2464,25244,0,25652,3182,0,6065,0,6283.36,124448,37056,1359.24,6728,7,6,,,,,,,,,,,,,,,,,,,,,,,,,,,,,,,,,,,,,,,,,,,,,,8828.05,8828.12,925bd66e6f1789dc2065fb87c1b2a9a90df1babd0c43a86cca8c81f62caf14c3,8.851,ok,
brap_h8w10_a10_e2_R1_seed1,g8x10,carrier,1,795,1697.0,1697000000,306,647,532,209,0.1925,1165,1202,2617,2617000000,795,1697,1697000000,1,0,0,8079,48,144,0,0,SEARCH_CUTOFF,65,0,0,0,-1,-1,-1,-1,-1,728,3624,728,51455,0,0,0,23067,21656,12544,3151618,1566211,27,25001,83.3592,100004,1578811,TASKBR_VACANCY_V1,18512,12923,18512,70531,225191,31.3205,216,87274,39714,45000,45000,146197,144016,74232,74232,74232,0,0,0,156,0,0,0,74232,74309,2,BOTTLENECK_TARGET_FRONTIER_CONTINUITY_V2,108.708,25.2398,60.4224,17.5189,29.9517,17986,442,20203,0,5726,39272,0,39714,3798,0,10584,0,4758,204080,60910,978.987,9741,8,0,,,,,,,,,,,,,,,,,,,,,,,,,,,,,,,,,,,,,,,,,,,,,,9049.36,9049.44,b0d35c41d8b1bb72af530c53fcf75b7ece31394e94521f4a5a7f2baecf257c57,9.076,ok,
g1_dhigh_abaseline_pcross_heavy_gshared_pool_seed0,warehouse_random_factorial,carrier,1,15,35.0,35000000,7,20,8,0,0.1556,4,15,35,35000000,15,35,35000000,1,0,0,40540,1218,427,0,0,SEARCH_CUTOFF,0,1,0,0,-1,35,-1,15,-1,3664,27493,3664,16947,2,4722,0,10024,853,605,113908,55365,4619,8614,147.851,241192,78444,TASKBR_VACANCY_V1,77774,10745,77774,72285,90051,80.2712,3402,102618,26545,44018,44018,104551,103886,95457,95457,95457,0,0,0,0,0,0,0,95457,98905,4,BOTTLENECK_TARGET_FRONTIER_CONTINUITY_V2,51.9178,23.7787,99.5528,23.0964,49.3797,24766,3498,26350,0,1517,12334,30165,26545,42276,0,2597,0,5257.43,5408247,201165,1300.78,5153,0,14,,,,,,,,,,,,,,,,,,,,,,,,,,,,,,,,,,,,,,,,,,,,,,8802.54,8802.56,6d7ab8f558223561cb25b52a39b6797de12f8aea4c64b7110f9ac8b2ce024677,8.828,ok,
g1_dhigh_abaseline_pcross_heavy_gsingleton_seed0,warehouse_random_factorial,carrier,1,18,50.0,50000000,26,16,8,0,0.4815,7,18,50,50000000,18,50,50000000,1,0,0,51797,1606,492,0,0,SEARCH_CUTOFF,0,0,0,0,-1,-1,-1,-1,-1,7897,18086,7897,42004,0,16275,0,17060,2944,720,53120,32486,15484,22908,356.317,641424,26979,TASKBR_VACANCY_V1,47915,7106,47915,49859,69120,72.134,7627,47568,12209,28257,28257,56103,53307,36594,36594,36594,0,0,0,1525,0,0,0,36594,36806,4,BOTTLENECK_TARGET_FRONTIER_CONTINUITY_V2,26.3308,10.1099,34.9006,9.91783,15.1781,18472,7134,20291,0,2137,10358,15760,12209,43614,0,2497,0,6385.07,14891313,153979,2121.65,1455,2,106,,,,,,,,,,,,,,,,,,,,,,,,,,,,,,,,,,,,,,,,,,,,,,8714.58,8714.6,a140b2f9525e5b67262a39012ec681e36613175aac453e8f8875d1aa5640cd44,8.733,ok,
g1_dhigh_abaseline_plocal_gshared_pool_seed0,warehouse_random_factorial,carrier,1,17,50.0,50000000,21,19,10,1,0.4118,8,18,44,44000000,17,50,50000000,1,1,1,63578,1540,509,0,0,STRICT_IMPROVEMENT,1,1,1,1,8188,44,50,18,17,4438,29424,4438,20658,0,7740,0,7710,390,199,8672,25421,7193,13873,218.941,388444,16892,TASKBR_VACANCY_V1,54229,6205,54229,51106,63539,80.4325,4168,66378,21698,43198,43198,69157,68166,59190,59190,59190,0,0,0,157,0,0,0,59190,66387,4,BOTTLENECK_TARGET_FRONTIER_CONTINUITY_V2,42.1014,15.7893,54.6199,16.2607,24.5355,27089,4649,27359,0,1999,14404,26793,21698,44733,0,4011,0,4661.75,11665667,175925,1960,5961,114,9,,,,,,,,,,,,,,,,,,,,,,,,,,,,,,,,,,,,,,,,,,,,,,8526.6,8526.63,c57fbdb5ef0d9f943c31d7c55ce6d3bf0b1c9828f68289c41e365c6045236d0d,8.55,ok,
g1_dhigh_abaseline_plocal_gsingleton_seed0,warehouse_random_factorial,carrier,1,18,44.0,44000000,12,17,13,1,0.2222,4,18,45,45000000,18,44,44000000,1,1,1,1256,622,250,0,0,STRICT_IMPROVEMENT,2,0,0,0,-1,-1,-1,-1,-1,176,3004,176,529,0,118,0,229,20,0,196,131,118,430,7.9333,12040,151,TASKBR_VACANCY_V1,3864,616,3864,3307,4527,73.0506,0,5087,1970,4453,4453,5116,5008,4778,4778,4778,0,0,0,10,0,0,0,4778,7149,4,BOTTLENECK_TARGET_FRONTIER_CONTINUITY_V2,3.60118,1.40661,4.76605,1.46904,2.12537,2700,283,2653,0,249,1585,2617,1970,3514,0,145,0,231.32,499946,10576,97.4439,556,0,0,,,,,,,,,,,,,,,,,,,,,,,,,,,,,,,,,,,,,,,,,,,,,,439.977,439.995,c28bc3e3cf6802b6967a4859b0d47c74de2500bd038e2fd76f0898b54fb32598,0.451,ok,
g1_dhigh_abaseline_pmixed_gshared_pool_seed0,warehouse_random_factorial,carrier,1,14,38.0,38000000,10,20,8,0,0.2381,5,14,38,38000000,14,38,38000000,1,0,0,65850,1313,447,0,0,SEARCH_CUTOFF,0,1,0,0,-1,38,-1,14,-1,4280,28648,4280,15148,0,5276,0,11243,498,0,39409,36260,5199,9895,170.528,277060,18115,TASKBR_VACANCY_V1,77614,4065,77614,76469,83185,91.9264,4014,106750,22880,44246,44246,108337,105902,93338,93338,93338,0,0,0,0,0,0,0,93338,93433,4,BOTTLENECK_TARGET_FRONTIER_CONTINUITY_V2,51.1996,22.4642,91.2664,21.8117,39.672,27378,4418,29510,0,2310,15938,25996,22880,41397,0,4020,0,4845.84,6664390,201538,1415.55,3483,0,0,,,,,,,,,,,,,,,,,,,,,,,,,,,,,,,,,,,,,,,,,,,,,,8813.13,8813.15,8f4b174e4f439ec25a373ca68d4ae878cee7d3c493fd22384bd32549464bb057,8.838,ok,
g1_dhigh_abaseline_pmixed_gsingleton_seed0,warehouse_random_factorial,carrier,1,23,67.0,67000000,27,28,9,0,0.3913,10,24,59,59000000,23,67,67000000,1,1,1,61481,1048,388,0,0,STRICT_IMPROVEMENT,4,0,0,0,-1,-1,-1,-1,-1,8070,21459,8070,27169,22,11503,0,9996,2008,1450,5117,4905,9505,24999,389.638,699972,11986,TASKBR_VACANCY_V1,27888,18809,27888,18387,55753,32.9794,7796,16927,13146,35030,35030,25271,24449,22283,22283,22283,0,0,0,678,0,0,0,22283,31155,4,BOTTLENECK_TARGET_FRONTIER_CONTINUITY_V2,24.3857,7.50845,23.471,7.57009,6.36393,21489,14197,19548,0,1433,11238,22357,13146,43535,0,3479,0,3522.42,6163091,103747,1127.32,1919,306,305,,,,,,,,,,,,,,,,,,,,,,,,,,,,,,,,,,,,,,,,,,,,,,7042.04,7042.06,2557382d3de9df540a8697cd0ac357088a3dea80483f41915eeda91d79922215,7.063,ok,
g1_dhigh_aequal_pcross_heavy_gshared_pool_seed0,warehouse_random_factorial,carrier,1,10,33.0,33000000,7,18,8,0,0.175,4,10,33,33000000,10,33,33000000,1,0,0,20210,3771,1700,0,0,SEARCH_CUTOFF,0,1,0,0,-1,33,-1,10,-1,499,38893,499,2812,0,521,0,1441,98,30,16063,10854,496,1210,21.0758,33880,8546,TASKBR_VACANCY_V1,107340,14350,107340,98007,122437,80.0469,237,132892,46903,53911,53911,133847,131816,130110,130110,130110,0,0,0,125,0,0,0,130110,142751,4,BOTTLENECK_TARGET_FRONTIER_CONTINUITY_V2,68.6975,28.5592,125.794,28.5799,60.3451,24852,364,25030,0,125,1947,51837,46903,53099,0,444,0,3683.86,8811383,360716,1931.15,12639,0,0,,,,,,,,,,,,,,,,,,,,,,,,,,,,,,,,,,,,,,,,,,,,,,8864.44,8864.46,061a72fff58347f3d17b0d0b1116ac902c39915ad56fd056ce422b0fca0b2aac,8.891,ok,
g1_dhigh_aequal_pcross_heavy_gsingleton_seed0,warehouse_random_factorial,carrier,1,16,49.0,49000000,26,15,8,0,0.4062,5,16,49,49000000,16,49,49000000,1,0,0,131115,1341,653,0,0,SEARCH_CUTOFF,0,0,0,0,-1,-1,-1,-1,-1,5460,18949,5460,38130,0,13592,0,9965,2352,827,17890,10286,12620,17868,273.017,500304,10791,TASKBR_VACANCY_V1,28541,8006,28541,30961,53940,57.399,5192,25196,21147,25667,25667,32166,30623,25572,25572,25572,0,0,0,154,0,0,0,25572,30284,4,BOTTLENECK_TARGET_FRONTIER_CONTINUITY_V2,22.5004,8.08132,25.3043,7.9082,10.6684,11854,8267,11953,0,341,3225,22099,21147,51283,0,781,0,5250.24,18986152,180627,2622.69,5269,0,252,,,,,,,,,,,,,,,,,,,,,,,,,,,,,,,,,,,,,,,,,,,,,,8701.3,8701.33,d6271f5ce124b0557e0fcfdca318982525ecfabc7c53484578eded65308f7277,8.72,ok,
g1_dhigh_aequal_plocal_gshared_pool_seed0,warehouse_random_factorial,carrier,1,17,40.0,40000000,17,15,8,0,0.25,7,17,40,40000000,17,40,40000000,1,0,0,131848,1281,641,0,0,SEARCH_CUTOFF,0,1,0,0,-1,40,-1,17,-1,430,39715,430,1610,0,870,0,393,0,0,727,472,782,1055,16.862,29540,714,TASKBR_VACANCY_V1,3532,1366,3532,2166,4898,44.2221,161,7455,2860,49442,49442,7455,2889,2889,2889,2889,0,0,0,0,0,0,0,2889,6408,4,BOTTLENECK_TARGET_FRONTIER_CONTINUITY_V2,25.1827,0.970076,3.73406,0.962093,1.65664,46636,46630,24551,0,748,6485,42207,2860,52442,0,1230,0,1988.14,4883995,79949,816.764,0,0,0,,,,,,,,,,,,,,,,,,,,,,,,,,,,,,,,,,,,,,,,,,,,,,8869.61,8869.63,ae8667867a98d3363ab6bc6606ef8df74416cb5efa1064bff2dfac848e6d6c36,8.899,ok,
g1_dhigh_aequal_plocal_gsingleton_seed0,warehouse_random_factorial,carrier,1,17,44.0,44000000,14,16,12,0,0.2059,3,18,44,44000000,17,44,44000000,1,1,1,3,14,62,1,1,REFERENCE_SUFFIX_ACCEPTED,2,0,0,0,-1,-1,-1,-1,-1,26,3,26,118,0,15,0,38,8,0,92,29,15,73,1.29725,2044,82,TASKBR_VACANCY_V1,26,11,26,26,43,60.4651,0,52,25,43,43,71,67,55,55,55,0,0,0,0,0,0,0,55,78,4,BOTTLENECK_TARGET_FRONTIER_CONTINUITY_V2,0.059667,0.020291,0.069681,0.016383,0.055113,24,20,20,0,9,11,21,25,41,0,0,0,6.81559,2038,144,0.790138,3,2,0,,,,,,,,,,,,,,,,,,,,,,,,,,,,,,,,,,,,,,,,,,,,,,8.8577,8.87203,6b034ef72c2a1af8889fde00a743f9b43b02d101cd1906e082d8196b648c5714,0.018,ok,
g1_dhigh_aequal_pmixed_gshared_pool_seed0,warehouse_random_factorial,carrier,1,13,42.0,42000000,10,24,8,0,0.1923,5,13,42,42000000,13,42,42000000,1,0,0,88889,2794,1046,0,0,SEARCH_CUTOFF,0,1,0,0,-1,42,-1,13,-1,397,40955,397,1674,0,526,0,911,62,3,1406,1962,417,1023,16.7198,28644,1054,TASKBR_VACANCY_V1,78394,4804,78394,77006,83396,92.3378,132,99594,48835,51442,51442,100638,93437,91373,91373,91373,0,0,0,45,0,0,0,91373,114638,4,BOTTLENECK_TARGET_FRONTIER_CONTINUITY_V2,54.2118,21.6336,86.1287,21.757,40.9319,27134,229,23614,0,306,3601,47533,48835,46568,0,814,0,3053.46,7070059,277199,1534.39,23820,0,0,,,,,,,,,,,,,,,,,,,,,,,,,,,,,,,,,,,,,,,,,,,,,,8858.15,8858.17,2645d0e448499cf9c352195a9820093da168ac6f52c13ddf9ca0dd5ac87fc33e,8.885,ok,
g1_dhigh_aequal_pmixed_gsingleton_seed0,warehouse_random_factorial,carrier,1,21,56.0,56000000,28,20,8,0,0.3333,10,21,56,56000000,21,56,56000000,1,0,0,173861,594,468,0,0,SEARCH_CUTOFF,0,0,0,0,-1,-1,-1,-1,-1,276,36701,276,327,0,470,0,275,10,6,1114,378,362,617,10.0534,17276,640,TASKBR_VACANCY_V1,34,14,34,28,56,50,2,2372,11,45402,45402,2386,61,53,53,53,0,0,0,0,0,0,0,53,53,4,BOTTLENECK_TARGET_FRONTIER_CONTINUITY_V2,22.6467,0.018483,0.067552,0.016748,0.04701,45385,45375,20528,0,239,3272,41889,11,45166,0,1310,0,1443.37,1672550,61464,431.76,0,4,0,,,,,,,,,,,,,,,,,,,,,,,,,,,,,,,,,,,,,,,,,,,,,,9332.74,9332.76,7e273fe6e900da2bb8a8d56c45e20d6a998aa37b952a2d5327b370a2a41a7f22,9.36,ok,
g1_dhigh_ascarce_pcross_heavy_gshared_pool_seed0,warehouse_random_factorial,carrier,1,18,33.0,33000000,7,18,8,0,0.1944,5,18,33,33000000,18,33,33000000,1,0,0,5672,354,140,0,0,SEARCH_CUTOFF,0,1,0,0,-1,33,-1,18,-1,5864,16071,5864,54754,180,3466,0,20988,1756,611,292179,126057,3244,14938,256.637,418264,232014,TASKBR_VACANCY_V1,68032,5957,68032,66827,77465,86.2673,5601,140574,20820,45789,45789,144926,142467,114978,114978,114978,0,0,0,49,0,0,0,114978,114987,4,BOTTLENECK_TARGET_FRONTIER_CONTINUITY_V2,52.063,23.3223,116.905,26.4192,57.555,30356,6034,32521,0,7519,38268,0,20820,21116,0,8053,0,6702.62,1428642,75081,515.687,4342,0,4,,,,,,,,,,,,,,,,,,,,,,,,,,,,,,,,,,,,,,,,,,,,,,8737.91,8737.94,875e714e90821df7b0b176d553ffcdf56feb753911aaa68fdd3fd8e08980d45d,8.759,ok,
g1_dhigh_ascarce_pcross_heavy_gsingleton_seed0,warehouse_random_factorial,carrier,1,30,58.0,58000000,26,24,8,0,0.4333,11,31,58,58000000,30,58,58000000,1,1,1,1,30,84,1,1,REFERENCE_SUFFIX_ACCEPTED,2,0,0,0,-1,-1,-1,-1,-1,40,2,40,270,0,44,0,72,4,4,504,100,40,120,1.85954,3360,240,TASKBR_VACANCY_V1,58,11,58,53,71,74.6479,0,124,17,69,69,128,124,84,84,84,0,0,0,0,0,0,0,84,84,4,BOTTLENECK_TARGET_FRONTIER_CONTINUITY_V2,0.067223,0.022995,0.099195,0.020933,0.039147,54,32,52,0,5,62,0,17,64,0,0,0,20.9391,10101,119,1.77664,0,0,0,,,,,,,,,,,,,,,,,,,,,,,,,,,,,,,,,,,,,,,,,,,,,,23.6943,23.7088,a496a7e5d387acfae08d11acc4645a81cc2eff4cdc2c8498bcdc5fc060bd7389,0.032,ok,
g1_dhigh_ascarce_plocal_gshared_pool_seed0,warehouse_random_factorial,carrier,1,26,48.0,48000000,17,23,8,0,0.3269,10,26,50,50000000,26,48,48000000,1,1,1,284,294,157,0,0,STRICT_IMPROVEMENT,0,1,1,1,177,50,48,26,26,130,768,130,1331,0,182,0,314,18,4,421,783,72,580,9.30815,16240,565,TASKBR_VACANCY_V1,1846,176,1846,1670,2138,78.1104,0,4645,1041,2146,2146,4737,4690,4118,4118,4118,0,0,0,18,0,0,0,4118,4118,4,BOTTLENECK_TARGET_FRONTIER_CONTINUITY_V2,1.85753,0.779295,3.38258,0.853642,1.54311,1504,162,1577,0,403,1741,0,1041,833,0,271,0,113.988,36840,3654,19.4057,289,0,0,,,,,,,,,,,,,,,,,,,,,,,,,,,,,,,,,,,,,,,,,,,,,,183.777,183.8,461a502634bf260583a9e5a3af461f66cc1501087e8ed11a848fb15a245e3646,0.194,ok,
g1_dhigh_ascarce_plocal_gsingleton_seed0,warehouse_random_factorial,carrier,1,24,45.0,45000000,12,19,12,0,0.25,5,24,47,47000000,24,45,45000000,1,1,1,604,317,146,0,0,STRICT_IMPROVEMENT,0,0,0,0,-1,-1,-1,-1,-1,382,1294,382,1528,0,325,0,837,37,2,2637,2001,323,920,17.2919,25760,1856,TASKBR_VACANCY_V1,3261,184,3261,3104,3459,89.7369,113,5394,879,2603,2603,5417,5367,4188,4188,4188,0,0,0,3,0,0,0,4188,4193,4,BOTTLENECK_TARGET_FRONTIER_CONTINUITY_V2,2.14241,0.893409,3.73706,0.90754,1.51223,1891,557,1896,0,632,1969,0,879,1863,0,407,0,243.733,196126,4657,42.7777,16,0,0,,,,,,,,,,,,,,,,,,,,,,,,,,,,,,,,,,,,,,,,,,,,,,344.71,344.729,e7ad4d9417493f1b605500ce7e01704eb4d363a5efd44ec41eb55f336b960499,0.355,ok,
g1_dhigh_ascarce_pmixed_gshared_pool_seed0,warehouse_random_factorial,carrier,1,20,36.0,36000000,10,18,8,0,0.25,7,20,38,38000000,20,36,36000000,1,1,1,16,169,105,1,1,REFERENCE_SUFFIX_ACCEPTED,0,1,1,1,44,38,36,20,20,26,128,26,899,0,80,0,68,0,0,297,107,12,165,2.32438,4620,205,TASKBR_VACANCY_V1,298,6,298,292,304,96.0526,0,1185,197,566,566,1185,1174,1117,1117,1117,0,0,0,0,0,0,0,1117,1117,4,BOTTLENECK_TARGET_FRONTIER_CONTINUITY_V2,0.510721,0.227696,0.951272,0.234343,0.33374,424,16,423,0,110,454,0,197,143,0,42,0,31.379,5900,985,4.58624,44,0,0,,,,,,,,,,,,,,,,,,,,,,,,,,,,,,,,,,,,,,,,,,,,,,45.9677,45.9838,181a60b6b8f02ce91cbec094956d4e571c1a0f684e213861be184c534ffbdefa,0.055,ok,
g1_dhigh_ascarce_pmixed_gsingleton_seed0,warehouse_random_factorial,carrier,1,40,82.0,82000000,27,43,9,0,0.3375,20,44,77,77000000,40,82,82000000,1,1,1,346,174,160,0,0,STRICT_IMPROVEMENT,12,0,0,0,-1,-1,-1,-1,-1,192,430,192,748,0,135,0,216,22,2,2285,683,131,460,7.38034,12880,1422,TASKBR_VACANCY_V1,331,93,331,280,445,62.9213,0,1125,498,1631,1631,1164,1082,1033,1033,1033,0,0,0,36,0,0,0,1033,1570,4,BOTTLENECK_TARGET_FRONTIER_CONTINUITY_V2,0.887051,0.262823,1.00051,0.326374,0.298837,1242,626,1100,0,474,1155,0,498,602,0,208,0,94.7856,71557,1830,16.5817,125,0,2,,,,,,,,,,,,,,,,,,,,,,,,,,,,,,,,,,,,,,,,,,,,,,149.132,149.153,720a12e7ebf0df02b46d3c445fbb052108f6cdd7361350e35c7b778eec94c224,0.158,ok,
g1_dhigh_asurplus_pcross_heavy_gshared_pool_seed0,warehouse_random_factorial,carrier,1,10,30.0,30000000,7,15,8,0,0.1167,5,10,30,30000000,10,30,30000000,1,0,0,31953,778,1922,0,0,SEARCH_CUTOFF,0,1,0,0,-1,30,-1,10,-1,102,23481,102,983,0,104,0,258,3,3,2687,1420,84,367,5.94227,10276,1675,TASKBR_VACANCY_V1,47018,10170,47018,38378,57188,67.1085,0,49855,9976,30725,30725,49855,49855,49855,49855,49855,0,0,0,0,0,0,0,49855,134575,4,BOTTLENECK_TARGET_FRONTIER_CONTINUITY_V2,41.6615,16.0139,70.1345,15.3164,38.3537,16813,65,16808,0,45,494,30184,9976,35286,0,13,0,2048.1,3816502,174536,993.358,60,0,0,,,,,,,,,,,,,,,,,,,,,,,,,,,,,,,,,,,,,,,,,,,,,,8783.78,8783.8,97e59c4fd24ccfb3dda1f8de6f0aae736853d7a9af7f245dc7194ec6be812ed9,8.803,ok,
g1_dhigh_asurplus_pcross_heavy_gsingleton_seed0,warehouse_random_factorial,carrier,1,15,43.0,43000000,26,9,8,0,0.2889,5,15,43,43000000,15,43,43000000,1,0,0,133191,8,54,0,0,SEARCH_CUTOFF,0,0,0,0,-1,-1,-1,-1,-1,125,24555,125,301,0,291,0,70,2,2,152,109,289,300,4.65558,8400,82,TASKBR_VACANCY_V1,7337,2274,7337,5066,9611,52.7104,0,7706,5138,25443,25443,7706,5156,5156,5156,5156,0,0,0,0,0,0,0,5156,19367,4,BOTTLENECK_TARGET_FRONTIER_CONTINUITY_V2,21.6082,2.07948,9.00385,2.07462,2.30116,20302,20298,15651,0,42,491,24908,5138,53456,0,42,0,3294.25,17161200,143565,2532.48,0,0,0,,,,,,,,,,,,,,,,,,,,,,,,,,,,,,,,,,,,,,,,,,,,,,8774.16,8774.18,8c8819db8fd39c7ec4ab072f0ff85a27cd79732d97ea63f5dfd82bc693fe1d7f,8.792,ok,
g1_dhigh_asurplus_plocal_gshared_pool_seed0,warehouse_random_factorial,carrier,1,15,37.0,37000000,17,12,8,0,0.1889,8,15,37,37000000,15,37,37000000,1,0,0,25640,10,68,0,0,SEARCH_CUTOFF,0,1,0,0,-1,37,-1,15,-1,25,25467,25,954,0,104,0,30,0,0,116,12,19,227,3.14723,6356,152,TASKBR_VACANCY_V1,33,21,33,12,54,22.2222,0,36,11,33956,33956,36,33,33,33,33,0,0,0,0,0,0,0,33,55,4,BOTTLENECK_TARGET_FRONTIER_CONTINUITY_V2,21.8031,0.013883,0.053447,0.010485,0.050149,33946,33942,17459,0,48,466,33440,11,32019,0,10,0,1348.95,2541627,43987,490.636,0,0,0,,,,,,,,,,,,,,,,,,,,,,,,,,,,,,,,,,,,,,,,,,,,,,8779.09,8779.12,89510f40fd31b8f73b634da9ff412d582c354f6e76c7fd88aa77da0ffdbd8199,8.798,ok,
g1_dhigh_asurplus_plocal_gsingleton_seed0,warehouse_random_factorial,carrier,1,15,41.0,41000000,12,15,12,0,0.1333,4,17,43,43000000,15,41,41000000,1,1,1,3,19,104,1,1,REFERENCE_SUFFIX_ACCEPTED,0,0,0,0,-1,-1,-1,-1,-1,26,7,26,119,0,13,0,38,8,0,92,29,13,73,1.32502,2044,82,TASKBR_VACANCY_V1,30,12,30,30,48,62.5,0,48,25,44,44,60,56,56,56,56,0,0,0,0,0,0,0,56,119,4,BOTTLENECK_TARGET_FRONTIER_CONTINUITY_V2,0.071664,0.024877,0.112446,0.020572,0.065631,22,20,16,0,13,13,16,25,39,0,0,0,6.93914,2909,131,0.851563,3,5,0,,,,,,,,,,,,,,,,,,,,,,,,,,,,,,,,,,,,,,,,,,,,,,9.15007,9.1656,6e9303283c92d578b9c728b129d56796a9b5ea1bf4750c56486cf39d1d93846b,0.018,ok,
g1_dhigh_asurplus_pmixed_gshared_pool_seed0,warehouse_random_factorial,carrier,1,13,38.0,38000000,10,20,8,0,0.1282,5,13,38,38000000,13,38,38000000,1,0,0,19325,52,230,0,0,SEARCH_CUTOFF,0,1,0,0,-1,38,-1,13,-1,41,26842,41,826,0,105,0,68,1,1,379,130,38,200,2.71415,5600,188,TASKBR_VACANCY_V1,36960,1696,36960,36104,38656,93.3982,0,44114,5816,32772,32772,44534,44534,44534,44534,44534,0,0,0,0,0,0,0,44534,147791,4,BOTTLENECK_TARGET_FRONTIER_CONTINUITY_V2,42.8832,15.6758,70.4653,15.3307,53.2938,20996,27,20991,0,45,463,32262,5816,34025,0,6,0,1923.54,3617934,144523,877.921,336,0,0,,,,,,,,,,,,,,,,,,,,,,,,,,,,,,,,,,,,,,,,,,,,,,8780.12,8780.14,847c093477d8c34112b29aec974eee4e476f7df16be2f1eba06ebc67f7c7e762,8.799,ok,
g1_dhigh_asurplus_pmixed_gsingleton_seed0,warehouse_random_factorial,carrier,1,17,61.0,61000000,24,24,11,0,0.2353,6,17,62,62000000,17,61,61000000,1,1,1,370,16175,6938,0,0,STRICT_IMPROVEMENT,0,0,0,0,-1,-1,-1,-1,-1,30,19,30,133,0,32,0,54,17,6,758,261,26,99,1.6478,2772,404,TASKBR_VACANCY_V1,48,28,48,38,95,40,0,11578,4828,11588,11588,11606,11597,11597,11597,11597,0,0,0,3,0,0,0,11597,61034,4,BOTTLENECK_TARGET_FRONTIER_CONTINUITY_V2,12.8537,4.65178,21.2125,4.80553,20.9036,5234,17,3926,0,33,214,11339,4828,85,0,2,0,388.798,40921,11773,45.9098,2400,0,0,,,,,,,,,,,,,,,,,,,,,,,,,,,,,,,,,,,,,,,,,,,,,,2463.25,2463.27,aa014399c4632cc7086d2ddd7766c56db00221fdd903cab7799baf9e31962f2d,2.475,ok,
g1_dlow_abaseline_pcross_heavy_gshared_pool_seed0,warehouse_random_factorial,carrier,1,15,35.0,35000000,7,20,8,0,0.1556,3,15,35,35000000,15,35,35000000,1,0,0,20493,1041,416,0,0,SEARCH_CUTOFF,0,1,0,0,-1,35,-1,15,-1,7338,36961,7338,50178,0,7151,0,20811,953,928,130073,55873,6917,19767,279.469,553476,31534,TASKBR_VACANCY_V1,115675,27063,115675,96488,144885,66.5963,7076,129700,26765,58387,58387,131626,131196,125349,125349,125349,0,0,0,0,0,0,0,125349,129103,4,BOTTLENECK_TARGET_FRONTIER_CONTINUITY_V2,65.4034,29.9851,127.152,31.568,67.7463,35439,5962,38054,0,1820,16513,40052,26765,64401,0,2376,0,5923.91,10797784,314124,2155.96,3371,0,16,,,,,,,,,,,,,,,,,,,,,,,,,,,,,,,,,,,,,,,,,,,,,,8869.4,8869.42,6d7ab8f558223561cb25b52a39b6797de12f8aea4c64b7110f9ac8b2ce024677,8.895,ok,
g1_dlow_abaseline_pcross_heavy_gsingleton_seed0,warehouse_random_factorial,carrier,1,17,48.0,48000000,24,16,8,0,0.4706,5,17,48,48000000,17,48,48000000,1,0,0,20914,754,319,0,0,SEARCH_CUTOFF,0,0,0,0,-1,-1,-1,-1,-1,9742,23900,9742,67184,0,13391,0,24440,440,280,103886,80389,13238,28111,412.299,787108,24865,TASKBR_VACANCY_V1,72466,17660,72466,55375,91355,60.6152,9473,65958,16715,37107,37107,66095,62921,57019,57019,57019,0,0,0,0,0,0,0,57019,57039,4,BOTTLENECK_TARGET_FRONTIER_CONTINUITY_V2,36.8835,15.7435,54.1123,15.6667,23.529,23272,7057,24994,0,1065,10626,25414,16715,54652,0,1895,0,6509.69,12771780,210046,2109.47,1306,0,0,,,,,,,,,,,,,,,,,,,,,,,,,,,,,,,,,,,,,,,,,,,,,,8746.75,8746.77,a7844394521310d894883f274348f72ac83cb7d7766e68189fa74ec3151a1a98,8.768,ok,
g1_dlow_abaseline_plocal_gshared_pool_seed0,warehouse_random_factorial,carrier,1,18,51.0,51000000,11,28,12,2,0.2037,4,19,43,43000000,18,51,51000000,1,1,1,1078,966,485,0,0,STRICT_IMPROVEMENT,6,1,1,1,2575,43,51,19,18,256,12305,256,1715,0,151,0,685,1,1,1375,1049,127,918,11.5989,25704,231,TASKBR_VACANCY_V1,26824,3442,26824,23614,30266,78.0215,0,63049,15321,30345,30345,63133,60671,60599,60599,60599,0,0,0,0,0,0,0,60599,74096,4,BOTTLENECK_TARGET_FRONTIER_CONTINUITY_V2,30.2417,13.1086,54.6875,14.1262,29.4622,23738,144,21649,0,799,8151,21393,15321,10994,0,1548,0,1058.58,898789,102903,424.51,7380,0,0,,,,,,,,,,,,,,,,,,,,,,,,,,,,,,,,,,,,,,,,,,,,,,2936.24,2936.26,5f0c73b56d222203efe6ac8f3afe545a27c304da8e243f7019d88a81f3128a9e,2.954,ok,
g1_dlow_abaseline_plocal_gsingleton_seed0,warehouse_random_factorial,carrier,1,13,33.0,33000000,10,15,8,0,0.2564,2,14,33,33000000,13,33,33000000,1,1,1,537,545,240,0,0,STRICT_IMPROVEMENT,0,0,0,0,-1,-1,-1,-1,-1,247,2857,247,1200,0,180,0,521,4,4,1425,564,179,677,10.6635,18956,362,TASKBR_VACANCY_V1,4630,1029,4630,3617,5659,63.9159,0,4982,1188,3982,3982,4982,4961,4923,4923,4923,0,0,0,0,0,0,0,4923,6854,4,BOTTLENECK_TARGET_FRONTIER_CONTINUITY_V2,3.26903,1.34527,4.93938,1.46228,2.21113,2873,163,2786,0,217,1400,2363,1188,4107,0,97,0,248.054,757735,14649,126.33,151,0,0,,,,,,,,,,,,,,,,,,,,,,,,,,,,,,,,,,,,,,,,,,,,,,362.485,362.502,2a61f9bb8c33aba98bb7bb75c4a4b566a9373914f3033503619ae1b85370751a,0.372,ok,
g1_dlow_abaseline_pmixed_gshared_pool_seed0,warehouse_random_factorial,carrier,1,20,47.0,47000000,10,29,8,0,0.1667,5,20,47,47000000,20,47,47000000,1,0,0,6597,890,439,0,0,SEARCH_CUTOFF,3,1,0,0,-1,47,-1,20,-1,2076,42750,2076,11349,0,1350,0,5867,19,8,43203,11297,1114,7040,99.0417,197120,17981,TASKBR_VACANCY_V1,106133,13373,106133,92915,119742,77.596,1809,202524,50117,81425,81425,202770,192162,190961,190961,190961,0,0,0,82,0,0,0,190961,205716,4,BOTTLENECK_TARGET_FRONTIER_CONTINUITY_V2,91.1112,39.6392,180.232,45.7592,92.3538,62029,1196,60698,0,1561,16538,63324,50117,43758,0,5184,0,3851.54,4623121,358685,1539.74,21655,0,0,,,,,,,,,,,,,,,,,,,,,,,,,,,,,,,,,,,,,,,,,,,,,,9045.36,9045.38,d81f28b8575535e1ff85999d1d544172fdc3e83de08326ac555908803e662287,9.08,ok,
g1_dlow_abaseline_pmixed_gsingleton_seed0,warehouse_random_factorial,carrier,1,21,46.0,46000000,22,16,8,0,0.3492,6,21,47,47000000,21,46,46000000,1,1,1,8345,615,380,0,0,STRICT_IMPROVEMENT,0,0,0,0,-1,-1,-1,-1,-1,715,12677,715,4897,0,631,0,1909,0,0,8854,4479,607,2814,38.1291,78792,2202,TASKBR_VACANCY_V1,26140,8725,26140,17415,34865,49.9498,448,32027,11756,19884,19884,32027,30065,29235,29235,29235,0,0,0,0,0,0,0,29235,37323,4,BOTTLENECK_TARGET_FRONTIER_CONTINUITY_V2,19.3176,8.10766,28.71,8.72304,11.4429,11533,561,13132,0,412,5633,13837,11756,15368,0,1225,0,1036.48,1725643,76526,416.724,2820,0,0,,,,,,,,,,,,,,,,,,,,,,,,,,,,,,,,,,,,,,,,,,,,,,2229.27,2229.3,0fb452ec4af7074f5106b3352ace724c72e8422ae611a9659eba95278284ccf1,2.244,ok,
g1_dlow_aequal_pcross_heavy_gshared_pool_seed0,warehouse_random_factorial,carrier,1,10,33.0,33000000,7,18,8,0,0.175,3,10,33,33000000,10,33,33000000,1,0,0,15339,4204,1793,0,0,SEARCH_CUTOFF,0,1,0,0,-1,33,-1,10,-1,357,43143,357,2420,0,367,0,981,45,45,2600,1868,340,986,14.2499,27608,621,TASKBR_VACANCY_V1,121686,18020,121686,105374,139808,75.3705,95,149359,31346,60093,60093,149359,149359,149359,149359,149359,0,0,0,0,0,0,0,149359,163329,4,BOTTLENECK_TARGET_FRONTIER_CONTINUITY_V2,73.7332,30.0156,137.987,33.4897,71.7932,37782,356,36949,0,177,3100,56814,31346,58055,0,556,0,3693.41,10710578,437553,2213.46,6696,0,0,,,,,,,,,,,,,,,,,,,,,,,,,,,,,,,,,,,,,,,,,,,,,,8891.36,8891.38,061a72fff58347f3d17b0d0b1116ac902c39915ad56fd056ce422b0fca0b2aac,8.92,ok,
g1_dlow_aequal_pcross_heavy_gsingleton_seed0,warehouse_random_factorial,carrier,1,16,47.0,47000000,24,15,8,0,0.375,4,16,47,47000000,16,47,47000000,1,0,0,64901,10,48,0,0,SEARCH_CUTOFF,0,0,0,0,-1,-1,-1,-1,-1,3196,57350,3196,13646,0,5064,0,5279,165,62,10610,8788,5064,8435,121.97,236180,2397,TASKBR_VACANCY_V1,40483,20588,40483,19895,61071,32.5768,2928,24441,17244,63715,63715,24441,17372,17301,17301,17301,0,0,0,0,0,0,0,17301,39510,4,BOTTLENECK_TARGET_FRONTIER_CONTINUITY_V2,34.7269,5.21778,21.0864,5.93448,12.3786,47518,47512,42044,0,860,6938,55915,17244,111876,0,633,0,3751.62,11353990,223829,1845.1,0,0,0,,,,,,,,,,,,,,,,,,,,,,,,,,,,,,,,,,,,,,,,,,,,,,8898.89,8898.91,179e02916a2eb9c2115553a0bd46a5991ab5ab6b8302edffe6c12735b51a5fb9,8.927,ok,
g1_dlow_aequal_plocal_gshared_pool_seed0,warehouse_random_factorial,carrier,1,9,30.0,30000000,7,15,8,0,0.1944,4,9,32,32000000,9,30,30000000,1,1,1,0,8,33,0,0,STRICT_IMPROVEMENT,0,1,1,1,6,32,30,9,9,11,3,11,339,0,31,0,25,0,0,3,25,1,90,1.26396,2520,20,TASKBR_VACANCY_V1,25,14,25,11,39,28.2051,0,47,11,24,24,47,40,40,40,40,0,0,0,0,0,0,0,40,40,4,BOTTLENECK_TARGET_FRONTIER_CONTINUITY_V2,0.043939,0.013994,0.060387,0.013325,0.036985,13,7,8,0,2,2,18,11,25,0,0,0,5.59114,2600,122,0.843019,0,0,0,,,,,,,,,,,,,,,,,,,,,,,,,,,,,,,,,,,,,,,,,,,,,,6.89465,6.91354,78bac1c434d1aa20dfc302bd2329ca858facffeffce84e02c1f645df00e7ed6c,0.017,ok,
g1_dlow_aequal_plocal_gsingleton_seed0,warehouse_random_factorial,carrier,1,12,37.0,37000000,12,15,10,1,0.25,2,13,34,34000000,12,37,37000000,1,1,1,2694,1136,486,0,0,STRICT_IMPROVEMENT,1,0,0,0,-1,-1,-1,-1,-1,906,11939,906,4483,0,779,0,2347,17,17,4226,2654,741,2434,37.5913,68152,1075,TASKBR_VACANCY_V1,21294,5453,21294,16025,27037,59.2706,640,17459,3482,14206,14206,17499,17481,17481,17481,17481,0,0,0,0,0,0,0,17481,28818,4,BOTTLENECK_TARGET_FRONTIER_CONTINUITY_V2,11.7812,4.13886,16.4731,4.71831,8.67821,8800,354,8718,0,143,1194,12867,3482,22854,0,54,0,1069.5,3520073,77456,533.285,0,0,0,,,,,,,,,,,,,,,,,,,,,,,,,,,,,,,,,,,,,,,,,,,,,,1795.21,1795.23,5b37ab6332a5824762382ef83533f8d61ed132733124ce53a84f47a9179e18f8,1.809,ok,
g1_dlow_aequal_pmixed_gshared_pool_seed0,warehouse_random_factorial,carrier,1,12,42.0,42000000,10,24,8,0,0.2083,4,12,42,42000000,12,42,42000000,1,0,0,22618,2260,1007,0,0,SEARCH_CUTOFF,0,1,0,0,-1,42,-1,12,-1,143,37896,143,1431,0,171,0,438,7,2,2876,1138,104,569,7.77476,15932,1232,TASKBR_VACANCY_V1,125265,20404,125265,104861,146761,71.4502,0,143469,24217,50987,50987,143869,143867,143445,143445,143445,0,0,0,0,0,0,0,143445,143730,4,BOTTLENECK_TARGET_FRONTIER_CONTINUITY_V2,78.2793,28.683,133.773,31.9533,88.5694,35085,175,35810,0,389,4959,45637,24217,45879,0,604,0,3652.45,13219564,398978,2418.65,6809,0,0,,,,,,,,,,,,,,,,,,,,,,,,,,,,,,,,,,,,,,,,,,,,,,8840.83,8840.85,0d2ce9e33914051f240783763f2776915646ebbbb3e3bc067625d1264682463c,8.868,ok,
g1_dlow_aequal_pmixed_gsingleton_seed0,warehouse_random_factorial,carrier,1,13,44.0,44000000,20,16,8,0,0.3846,4,13,46,46000000,13,44,44000000,1,1,1,235,47,133,0,0,STRICT_IMPROVEMENT,0,0,0,0,-1,-1,-1,-1,-1,363,37,363,940,0,762,0,504,0,0,576,293,762,734,9.86468,20552,164,TASKBR_VACANCY_V1,20,2,20,18,22,81.8182,97,82,10,408,408,82,40,40,40,40,0,0,0,0,0,0,0,40,40,4,BOTTLENECK_TARGET_FRONTIER_CONTINUITY_V2,0.199208,0.011538,0.053141,0.010663,0.041136,399,393,358,0,3,37,366,10,1303,0,0,0,87.4863,133071,2765,24.6051,0,0,0,,,,,,,,,,,,,,,,,,,,,,,,,,,,,,,,,,,,,,,,,,,,,,95.0699,95.0888,cc9e7f555284f1ff53dd940505188dc51d1466ddca15614383fcba99faee5afc,0.104,ok,
g1_dlow_ascarce_pcross_heavy_gshared_pool_seed0,warehouse_random_factorial,carrier,1,18,31.0,31000000,7,16,8,0,0.1944,3,18,33,33000000,18,31,31000000,1,1,1,3718,356,151,0,0,STRICT_IMPROVEMENT,0,1,1,1,7457,33,31,18,18,8188,23890,8188,57332,6,4859,0,27572,1153,770,82613,48165,4194,20418,302.405,571704,18115,TASKBR_VACANCY_V1,101066,13590,101066,91432,116594,78.4191,7925,239941,24937,75179,75179,243269,239173,217784,217784,217784,0,0,0,8,0,0,0,217784,217793,4,BOTTLENECK_TARGET_FRONTIER_CONTINUITY_V2,90.2635,41.4714,217.881,51.0592,115.357,57033,7330,59867,0,12743,62434,0,24937,29716,0,13286,0,5430.41,3779864,135384,969.427,5387,0,4,,,,,,,,,,,,,,,,,,,,,,,,,,,,,,,,,,,,,,,,,,,,,,7889.6,7889.62,f07ae7ddedb185795745ef0381717a402b6d0c98eddb77964246c07c3967f87a,7.916,ok,
g1_dlow_ascarce_pcross_heavy_gsingleton_seed0,warehouse_random_factorial,carrier,1,27,54.0,54000000,24,22,8,0,0.4444,5,27,54,54000000,27,54,54000000,1,0,0,3765,454,204,0,0,SEARCH_CUTOFF,0,0,0,0,-1,-1,-1,-1,-1,6905,26112,6905,76584,0,5092,0,21902,765,493,115757,41441,4381,26635,386.657,745780,24018,TASKBR_VACANCY_V1,103289,16421,103289,89083,120530,73.9094,6633,278790,27287,85683,85683,280756,277699,262181,262181,262181,0,0,0,338,0,0,0,262181,262181,4,BOTTLENECK_TARGET_FRONTIER_CONTINUITY_V2,106.539,46.2411,254.967,61.8195,119.32,65513,6968,69542,0,16743,68938,0,27287,32539,0,16187,0,6128.93,9132579,159062,1625.92,4402,0,2,,,,,,,,,,,,,,,,,,,,,,,,,,,,,,,,,,,,,,,,,,,,,,8945.69,8945.71,635888e8af10b6dbf5e06f50acdfd182967867fab77729c9116fb0a10dcdf58c,8.975,ok,
g1_dlow_ascarce_plocal_gshared_pool_seed0,warehouse_random_factorial,carrier,1,28,51.0,51000000,9,34,8,0,0.1607,5,28,53,53000000,28,51,51000000,1,1,1,40,247,152,0,0,STRICT_IMPROVEMENT,5,1,1,1,337,53,51,28,28,308,1663,308,2378,0,144,0,875,0,0,452,971,112,1341,16.265,37548,94,TASKBR_VACANCY_V1,4811,451,4811,4360,5262,82.8582,42,14340,2062,5467,5467,14340,14044,13414,13414,13414,0,0,0,0,0,0,0,13414,13414,4,BOTTLENECK_TARGET_FRONTIER_CONTINUITY_V2,5.33677,2.24884,11.5105,2.97449,5.70131,4602,399,4700,0,1040,4425,0,2062,1541,0,835,0,221.24,47152,9840,39.6839,452,0,0,,,,,,,,,,,,,,,,,,,,,,,,,,,,,,,,,,,,,,,,,,,,,,356.83,356.851,e5dc44b6de763f8eb9e2fe9e864aea57907759a1fe972e24236bad7040b9f1dc,0.368,ok,
g1_dlow_ascarce_plocal_gsingleton_seed0,warehouse_random_factorial,carrier,1,24,40.0,40000000,12,20,8,0,0.25,3,24,41,41000000,24,40,40000000,1,1,1,18,132,107,0,0,STRICT_IMPROVEMENT,0,0,0,0,-1,-1,-1,-1,-1,41,148,41,134,0,14,0,82,0,0,9,20,14,91,1.53338,2548,2,TASKBR_VACANCY_V1,279,69,279,210,348,60.3448,0,628,128,523,523,628,608,593,593,593,0,0,0,0,0,0,0,593,810,4,BOTTLENECK_TARGET_FRONTIER_CONTINUITY_V2,0.348937,0.136024,0.496536,0.158856,0.142455,423,31,421,0,128,393,0,128,159,0,44,0,15.9403,4842,729,3.19396,51,0,0,,,,,,,,,,,,,,,,,,,,,,,,,,,,,,,,,,,,,,,,,,,,,,24.9523,24.9707,cfd56707801ffac303ba0d7091445edfd0b8dc30d635a3e8990a45535b3a14b9,0.034,ok,
g1_dlow_ascarce_pmixed_gshared_pool_seed0,warehouse_random_factorial,carrier,1,20,36.0,36000000,10,18,8,0,0.25,4,20,38,38000000,20,36,36000000,1,1,1,845,273,134,1,1,REFERENCE_SUFFIX_ACCEPTED,1,1,1,1,1333,38,36,20,20,1484,5950,1484,8975,0,738,0,4262,93,1,38821,9505,617,4754,65.2564,133112,14737,TASKBR_VACANCY_V1,17884,1751,17884,16354,19871,82.3008,1218,41423,6618,16827,16827,41755,41095,37707,37707,37707,0,0,0,47,0,0,0,37707,37707,4,BOTTLENECK_TARGET_FRONTIER_CONTINUITY_V2,15.5705,6.82277,32.2485,8.63235,15.7304,13365,1731,13770,0,2994,13831,0,6618,7539,0,2555,0,942.924,632190,31261,188.406,1310,0,0,,,,,,,,,,,,,,,,,,,,,,,,,,,,,,,,,,,,,,,,,,,,,,1460.25,1460.27,5f9b809d8ff2aa8a2e245b7e3708c4249c5b73aa13ea49edcc8c3e9419a62152,1.474,ok,
g1_dlow_ascarce_pmixed_gsingleton_seed0,warehouse_random_factorial,carrier,1,36,70.0,70000000,22,38,10,1,0.3056,7,37,65,65000000,36,70,70000000,1,1,1,685,306,183,0,0,STRICT_IMPROVEMENT,13,0,0,0,-1,-1,-1,-1,-1,1059,3822,1059,7416,0,801,0,2325,72,54,9797,2860,739,3614,47.3406,101192,2396,TASKBR_VACANCY_V1,10115,2091,10115,8127,12273,66.2185,785,22190,4183,10519,10519,22259,22171,20508,20508,20508,0,0,0,0,0,0,0,20508,20839,4,BOTTLENECK_TARGET_FRONTIER_CONTINUITY_V2,9.44948,3.94227,17.402,4.70124,9.0134,7756,1261,8029,0,2078,8439,0,4183,4913,0,1594,0,570.546,651867,19015,145.36,829,0,5,,,,,,,,,,,,,,,,,,,,,,,,,,,,,,,,,,,,,,,,,,,,,,876.982,877.002,760dc4ba05fd23acad63554de7ae645fa00b96c5b40788a2db2f3b0cb5528f59,0.889,ok,
g1_dlow_asurplus_pcross_heavy_gshared_pool_seed0,warehouse_random_factorial,carrier,1,10,30.0,30000000,7,15,8,0,0.1167,4,10,30,30000000,10,30,30000000,1,0,0,3672,142,631,0,0,SEARCH_CUTOFF,0,1,0,0,-1,30,-1,10,-1,218,31733,218,1687,0,112,0,674,15,15,1441,838,92,682,9.9762,19096,168,TASKBR_VACANCY_V1,58240,17364,58240,41326,75604,54.6611,0,43242,8286,34942,34942,43242,43242,43242,43242,43242,0,0,0,0,0,0,0,43242,138693,4,BOTTLENECK_TARGET_FRONTIER_CONTINUITY_V2,42.0851,15.031,63.1972,14.5392,20.4671,21146,120,21141,0,43,494,34403,8286,56584,0,5,0,1835.31,4185912,200934,960.865,0,0,0,,,,,,,,,,,,,,,,,,,,,,,,,,,,,,,,,,,,,,,,,,,,,,8781,8781.03,97e59c4fd24ccfb3dda1f8de6f0aae736853d7a9af7f245dc7194ec6be812ed9,8.8,ok,
g1_dlow_asurplus_pcross_heavy_gsingleton_seed0,warehouse_random_factorial,carrier,1,15,41.0,41000000,24,9,8,0,0.2667,4,15,41,41000000,15,41,41000000,1,0,0,32662,8,54,0,0,SEARCH_CUTOFF,0,0,0,0,-1,-1,-1,-1,-1,274,26962,274,1059,0,365,0,395,0,0,1338,743,365,618,9.19493,17304,317,TASKBR_VACANCY_V1,7093,147,7093,6946,7240,95.9392,5,8276,3934,28743,28743,8276,3952,3952,3952,3952,0,0,0,0,0,0,0,3952,16802,4,BOTTLENECK_TARGET_FRONTIER_CONTINUITY_V2,22.4403,1.61423,7.01312,1.66938,2.73857,24806,24802,18471,0,52,612,28077,3934,51163,0,9,0,1340.83,3442754,106001,696.565,0,0,0,,,,,,,,,,,,,,,,,,,,,,,,,,,,,,,,,,,,,,,,,,,,,,8740.62,8740.64,afa4f7a73cdec10c61e2299284d23edde0fc2ced55a7e1d0e54c0cd7f6988f2f,8.758,ok,
g1_dlow_asurplus_plocal_gshared_pool_seed0,warehouse_random_factorial,carrier,1,7,27.0,27000000,7,12,8,0,0.1667,3,9,29,29000000,7,27,27000000,1,1,1,0,8,47,0,0,STRICT_IMPROVEMENT,0,1,1,1,6,29,27,9,7,11,4,11,474,0,31,0,26,0,0,3,2,1,112,1.23178,3136,21,TASKBR_VACANCY_V1,27,14,27,13,41,31.7073,0,40,12,23,23,40,33,33,33,33,0,0,0,0,0,0,0,33,55,4,BOTTLENECK_TARGET_FRONTIER_CONTINUITY_V2,0.041865,0.013359,0.056216,0.009628,0.047789,12,8,5,0,2,0,19,12,27,0,0,0,4.99928,2608,116,0.697743,0,0,0,,,,,,,,,,,,,,,,,,,,,,,,,,,,,,,,,,,,,,,,,,,,,,6.21919,6.23309,76b0b060c5adf4397fa6caf680af7918d3d31d652b0fa00edf1f8745b0a965fb,0.015,ok,
g1_dlow_asurplus_plocal_gsingleton_seed0,warehouse_random_factorial,carrier,1,13,33.0,33000000,12,13,8,0,0.1538,2,13,33,33000000,13,33,33000000,1,0,0,6235,52,250,0,0,SEARCH_CUTOFF,0,0,0,0,-1,-1,-1,-1,-1,49,22062,49,205,0,28,0,89,0,0,352,153,28,118,1.92103,3304,88,TASKBR_VACANCY_V1,24515,2408,24515,22107,26923,82.1119,0,30003,635,29361,29361,30003,29999,29999,29999,29999,0,0,0,0,0,0,0,29999,136576,4,BOTTLENECK_TARGET_FRONTIER_CONTINUITY_V2,36.1923,11.6601,53.8466,11.6121,35.9078,19138,18,19136,0,67,611,28681,635,22132,0,1,0,982.043,1114563,58854,312.53,0,0,0,,,,,,,,,,,,,,,,,,,,,,,,,,,,,,,,,,,,,,,,,,,,,,8716.51,8716.53,297a59c2ee8a30ebb9807787dd8a900cf4c9c04ebe00ef9747ec5c8b5cc940cf,8.733,ok,
g1_dlow_asurplus_pmixed_gshared_pool_seed0,warehouse_random_factorial,carrier,1,12,40.0,40000000,10,22,8,0,0.1389,3,12,40,40000000,12,40,40000000,1,0,0,7636,15281,7673,0,0,SEARCH_CUTOFF,2,1,0,0,-1,40,-1,12,-1,22,24525,22,667,0,71,0,55,0,0,476,118,8,145,1.76315,4060,214,TASKBR_VACANCY_V1,53796,4710,53796,49086,58506,83.8991,0,60163,7050,31427,31427,60163,60162,60162,60162,60162,0,0,0,0,0,0,0,60162,149185,4,BOTTLENECK_TARGET_FRONTIER_CONTINUITY_V2,43.4201,16.4935,81.3432,16.5192,66.0227,20666,13,20664,0,49,535,30841,7050,24549,0,4,0,1851.82,5251932,188565,1092.37,0,0,0,,,,,,,,,,,,,,,,,,,,,,,,,,,,,,,,,,,,,,,,,,,,,,8729.71,8729.73,29bc413ee864295581e8b50cb3a15c54bf7def6bcbba9189cb2d759e255c5d3d,8.748,ok,
g1_dlow_asurplus_pmixed_gsingleton_seed0,warehouse_random_factorial,carrier,1,12,39.0,39000000,20,11,8,0,0.2778,3,12,41,41000000,12,39,39000000,1,1,1,271,45,189,1,1,REFERENCE_SUFFIX_ACCEPTED,0,0,0,0,-1,-1,-1,-1,-1,219,16,219,546,0,523,0,282,0,0,448,232,523,477,6.45629,13356,137,TASKBR_VACANCY_V1,55,28,55,27,83,32.5301,0,61,29,242,242,61,30,30,30,30,0,0,0,0,0,0,0,30,54,4,BOTTLENECK_TARGET_FRONTIER_CONTINUITY_V2,0.1982,0.012277,0.057948,0.010311,0.040988,215,207,194,0,4,26,210,29,723,0,0,0,56.7802,78024,1746,15.3903,0,0,0,,,,,,,,,,,,,,,,,,,,,,,,,,,,,,,,,,,,,,,,,,,,,,62.3433,62.3612,ec460120b4ad88fc0c3611c2041cfaf7ccff44a13824ba9506637aa5a1a91a0b,0.071,ok,
g1_dmedium_abaseline_pcross_heavy_gshared_pool_seed0,warehouse_random_factorial,carrier,1,15,35.0,35000000,7,20,8,0,0.1556,4,15,35,35000000,15,35,35000000,1,0,0,35494,1114,447,0,0,SEARCH_CUTOFF,0,1,0,0,-1,35,-1,15,-1,5655,30933,5655,29295,0,6347,0,16238,1433,984,76807,46560,6181,14935,248.096,418180,21256,TASKBR_VACANCY_V1,91672,17441,91672,82859,112103,73.9133,5393,110089,26266,48571,48571,112323,111778,102806,102806,102806,0,0,0,0,0,0,0,102806,106545,4,BOTTLENECK_TARGET_FRONTIER_CONTINUITY_V2,55.1587,25.2929,103.06,24.0992,50.8707,28159,4743,31208,0,1618,13816,33135,26266,50383,0,2556,0,5617.96,6530797,234306,1458.59,4523,0,28,,,,,,,,,,,,,,,,,,,,,,,,,,,,,,,,,,,,,,,,,,,,,,9171.68,9171.7,6d7ab8f558223561cb25b52a39b6797de12f8aea4c64b7110f9ac8b2ce024677,9.197,ok,
g1_dmedium_abaseline_pcross_heavy_gsingleton_seed0,warehouse_random_factorial,carrier,1,18,50.0,50000000,26,16,8,0,0.4815,6,18,50,50000000,18,50,50000000,1,0,0,42862,1392,449,0,0,SEARCH_CUTOFF,0,0,0,0,-1,-1,-1,-1,-1,9354,19064,9354,56649,0,16679,0,20181,669,528,80701,52311,16167,27573,425.366,772044,19709,TASKBR_VACANCY_V1,59344,10199,59344,50192,70769,70.9237,9084,57534,13945,30829,30829,58227,56311,46464,46464,46464,0,0,0,11,0,0,0,46464,46538,4,BOTTLENECK_TARGET_FRONTIER_CONTINUITY_V2,30.1031,11.9722,43.3199,11.2274,18.3851,19664,7383,21700,0,1633,9877,19317,13945,47664,0,2379,0,6365.41,11363118,170425,1802.23,1569,0,80,,,,,,,,,,,,,,,,,,,,,,,,,,,,,,,,,,,,,,,,,,,,,,8714.29,8714.31,a140b2f9525e5b67262a39012ec681e36613175aac453e8f8875d1aa5640cd44,8.734,ok,
g1_dmedium_abaseline_plocal_gshared_pool_seed0,warehouse_random_factorial,carrier,1,17,46.0,46000000,10,25,10,0,0.1961,6,17,48,48000000,17,46,46000000,1,1,1,268,894,412,0,0,STRICT_IMPROVEMENT,4,1,1,1,333,48,46,17,17,41,1307,41,734,0,49,0,112,2,0,43,266,25,247,3.53068,6916,45,TASKBR_VACANCY_V1,3299,199,3299,3102,3498,88.6792,0,11341,2480,4304,4304,11353,11285,11229,11229,11229,0,0,0,0,0,0,0,11229,11499,4,BOTTLENECK_TARGET_FRONTIER_CONTINUITY_V2,5.26721,2.29114,10.4154,2.33859,4.85149,2781,22,2860,0,220,1485,2597,2480,1177,0,109,0,196.161,114812,19710,72.9485,843,0,0,,,,,,,,,,,,,,,,,,,,,,,,,,,,,,,,,,,,,,,,,,,,,,360.757,360.776,38a0cf014eb3e2a5707b38c142227f64d19f1a84517c129c9f47f0c7377159e5,0.371,ok,
g1_dmedium_abaseline_plocal_gsingleton_seed0,warehouse_random_factorial,carrier,1,14,33.0,33000000,12,13,8,0,0.2857,3,14,33,33000000,14,33,33000000,1,0,0,34702,952,378,0,0,SEARCH_CUTOFF,0,0,0,0,-1,-1,-1,-1,-1,5471,31862,5471,32044,0,7374,0,13382,727,308,14787,17548,6716,17031,274.931,476868,9757,TASKBR_VACANCY_V1,78430,16345,78430,65498,104208,62.8531,5204,94627,32439,48865,48865,98334,96103,87414,87414,87414,0,0,0,83,0,0,0,87414,91878,4,BOTTLENECK_TARGET_FRONTIER_CONTINUITY_V2,51.6333,22.4481,83.3135,21.4535,39.4735,25557,4537,29174,0,1764,14066,33033,32439,50985,0,2472,0,5915.22,14555905,234796,2297.7,5847,20,72,,,,,,,,,,,,,,,,,,,,,,,,,,,,,,,,,,,,,,,,,,,,,,8804.58,8804.6,e9c72b4e384dcfd38e7a90e66b9d9192d7ef6e10c0522f890d8324a25e5799c2,8.829,ok,
g1_dmedium_abaseline_pmixed_gshared_pool_seed0,warehouse_random_factorial,carrier,1,14,38.0,38000000,10,20,8,0,0.2381,5,14,38,38000000,14,38,38000000,1,0,0,48517,1242,460,0,0,SEARCH_CUTOFF,0,1,0,0,-1,38,-1,14,-1,4760,34074,4760,21056,0,4999,0,12405,339,1,38337,33921,4918,11484,195.569,321552,17506,TASKBR_VACANCY_V1,92083,6870,92083,85870,99896,85.9594,4494,122334,25908,51631,51631,123076,121003,110659,110659,110659,0,0,0,1,0,0,0,110659,110794,4,BOTTLENECK_TARGET_FRONTIER_CONTINUITY_V2,58.4662,25.8876,103.938,24.6149,46.8802,32821,4536,34510,0,2294,17310,32025,25908,48264,0,3908,0,4870.15,8329077,242146,1647.31,4198,0,0,,,,,,,,,,,,,,,,,,,,,,,,,,,,,,,,,,,,,,,,,,,,,,8857.19,8857.21,8f4b174e4f439ec25a373ca68d4ae878cee7d3c493fd22384bd32549464bb057,8.884,ok,
g1_dmedium_abaseline_pmixed_gsingleton_seed0,warehouse_random_factorial,carrier,1,21,46.0,46000000,22,16,8,0,0.3492,6,21,47,47000000,21,46,46000000,1,1,1,527,741,381,0,0,STRICT_IMPROVEMENT,0,0,0,0,-1,-1,-1,-1,-1,60,1534,60,233,0,45,0,109,0,0,64,137,45,176,3.3333,4928,82,TASKBR_VACANCY_V1,1724,2,1724,1722,1726,99.7683,0,4980,1777,4626,4626,4980,4912,4797,4797,4797,0,0,0,0,0,0,0,4797,9899,4,BOTTLENECK_TARGET_FRONTIER_CONTINUITY_V2,3.69651,1.38887,5.1389,1.64636,1.23936,2699,62,2670,0,139,1303,3182,1777,1504,0,194,0,142.759,39782,6958,37.1243,716,0,0,,,,,,,,,,,,,,,,,,,,,,,,,,,,,,,,,,,,,,,,,,,,,,370.589,370.611,bb68dc14d2a584a76f57c9952f3d11fb9c45bd9981a9c7063085a326388446e9,0.381,ok,
g1_dmedium_aequal_pcross_heavy_gshared_pool_seed0,warehouse_random_factorial,carrier,1,10,33.0,33000000,7,18,8,0,0.175,4,10,33,33000000,10,33,33000000,1,0,0,19326,3754,1745,0,0,SEARCH_CUTOFF,0,1,0,0,-1,33,-1,10,-1,1163,43607,1163,6103,0,1052,0,3615,242,46,13300,16667,1025,2956,51.2583,82768,3159,TASKBR_VACANCY_V1,123008,19456,123008,110120,143385,76.8002,901,135429,45627,57286,57286,136523,134559,132216,132216,132216,0,0,0,125,0,0,0,132216,145022,4,BOTTLENECK_TARGET_FRONTIER_CONTINUITY_V2,69.1623,29.0478,123.597,28.1647,58.1468,27258,659,27665,0,160,2420,54704,45627,63017,0,429,0,4001.95,9474726,390478,2027.64,10294,0,0,,,,,,,,,,,,,,,,,,,,,,,,,,,,,,,,,,,,,,,,,,,,,,8871.1,8871.12,061a72fff58347f3d17b0d0b1116ac902c39915ad56fd056ce422b0fca0b2aac,8.9,ok,
g1_dmedium_aequal_pcross_heavy_gsingleton_seed0,warehouse_random_factorial,carrier,1,16,49.0,49000000,26,15,8,0,0.4062,5,16,49,49000000,16,49,49000000,1,0,0,112255,1102,335,0,0,SEARCH_CUTOFF,0,0,0,0,-1,-1,-1,-1,-1,4817,42289,4817,16138,0,11421,0,5949,170,147,7236,9796,11279,11681,183.469,327068,2274,TASKBR_VACANCY_V1,24154,7474,24154,17041,32118,53.0575,4549,24321,11236,49032,49032,24475,15245,15225,15225,15225,0,0,0,0,0,0,0,15225,27483,4,BOTTLENECK_TARGET_FRONTIER_CONTINUITY_V2,27.4223,4.79796,16.9348,5.00577,8.76001,38258,34419,31853,0,715,5795,42520,11236,92079,0,758,0,4410.96,14005144,220345,2189.87,0,0,10,,,,,,,,,,,,,,,,,,,,,,,,,,,,,,,,,,,,,,,,,,,,,,8816.65,8816.67,d6271f5ce124b0557e0fcfdca318982525ecfabc7c53484578eded65308f7277,8.843,ok,
g1_dmedium_aequal_plocal_gshared_pool_seed0,warehouse_random_factorial,carrier,1,13,37.0,37000000,10,16,10,0,0.1923,4,13,37,37000000,13,37,37000000,1,0,0,46414,3697,1172,0,0,SEARCH_CUTOFF,0,1,0,0,-1,37,-1,13,-1,5537,33680,5537,27931,0,5792,0,13924,370,233,28283,43669,5641,20741,324.371,580748,13750,TASKBR_VACANCY_V1,59785,20618,59785,40143,81009,49.5538,5274,57021,38490,43351,43351,58170,58166,53936,53936,53936,0,0,0,0,0,0,0,53936,79576,4,BOTTLENECK_TARGET_FRONTIER_CONTINUITY_V2,43.049,14.4957,52.8939,15.0989,26.4482,14513,3513,21087,0,282,3030,40037,38490,72704,0,430,0,5470.02,9040196,232468,1567.69,7292,0,0,,,,,,,,,,,,,,,,,,,,,,,,,,,,,,,,,,,,,,,,,,,,,,8769.51,8769.53,77325aa4baeaad5608db09f7c99d710f8dc283e36d922d02d74378cf9efaf76e,8.793,ok,
g1_dmedium_aequal_plocal_gsingleton_seed0,warehouse_random_factorial,carrier,1,13,34.0,34000000,12,14,8,0,0.2308,3,13,34,34000000,13,34,34000000,1,0,0,88706,1137,448,0,0,SEARCH_CUTOFF,0,0,0,0,-1,-1,-1,-1,-1,3137,43579,3137,8453,0,5817,0,5211,8,8,2722,3111,5358,7368,122.304,206304,2253,TASKBR_VACANCY_V1,71184,8283,71184,62901,79507,79.1138,2871,68423,18810,53960,53960,68423,63847,63847,63847,63847,0,0,0,0,0,0,0,63847,96179,4,BOTTLENECK_TARGET_FRONTIER_CONTINUITY_V2,49.5367,16.4696,64.3968,16.7375,30.354,33012,5682,31701,0,613,5832,47513,18810,73089,0,729,0,4516.65,12183299,278931,2105.08,438,0,0,,,,,,,,,,,,,,,,,,,,,,,,,,,,,,,,,,,,,,,,,,,,,,9279.77,9279.79,f1c6bc0ca908e4641effc7b7dbb07c39a974dd8443ebf3d050f2c571915cdd25,9.307,ok,
g1_dmedium_aequal_pmixed_gshared_pool_seed0,warehouse_random_factorial,carrier,1,13,42.0,42000000,10,24,8,0,0.1923,5,13,42,42000000,13,42,42000000,1,0,0,46831,2650,837,0,0,SEARCH_CUTOFF,0,1,0,0,-1,42,-1,13,-1,358,45213,358,2013,0,379,0,853,28,0,1753,1651,296,938,15.3423,26264,1002,TASKBR_VACANCY_V1,89284,7182,89284,83106,96466,86.1506,93,110425,45624,57174,57174,111405,104685,103279,103279,103279,0,0,0,0,0,0,0,103279,133967,4,BOTTLENECK_TARGET_FRONTIER_CONTINUITY_V2,58.1478,24.1534,95.935,23.9826,47.367,34062,245,29384,0,332,4373,52467,45624,50676,0,637,0,3287.38,9129936,316629,1810.41,22500,0,0,,,,,,,,,,,,,,,,,,,,,,,,,,,,,,,,,,,,,,,,,,,,,,8892.58,8892.6,2645d0e448499cf9c352195a9820093da168ac6f52c13ddf9ca0dd5ac87fc33e,8.923,ok,
g1_dmedium_aequal_pmixed_gsingleton_seed0,warehouse_random_factorial,carrier,1,13,46.0,46000000,22,16,8,0,0.4231,7,13,46,46000000,13,46,46000000,1,0,0,55120,2277,835,0,0,SEARCH_CUTOFF,0,0,0,0,-1,-1,-1,-1,-1,9010,13658,9010,58724,0,17811,0,16697,537,490,22989,42595,17315,23660,406.095,662480,37278,TASKBR_VACANCY_V1,26220,8602,26220,18112,35811,50.5766,8744,14608,12091,23419,23419,14927,13883,13823,13823,13823,0,0,0,0,0,0,0,13823,17209,4,BOTTLENECK_TARGET_FRONTIER_CONTINUITY_V2,18.1075,5.17689,16.4934,4.95768,6.24067,13452,12230,11785,0,335,2878,20204,12091,53102,0,354,0,6559.24,14342840,160655,2212.02,0,0,0,,,,,,,,,,,,,,,,,,,,,,,,,,,,,,,,,,,,,,,,,,,,,,8658.87,8658.89,c0ea8d3bb854ae7e85bb248160ab62898236197e7dd510daf579ec5f63dde6d7,8.678,ok,
g1_dmedium_ascarce_pcross_heavy_gshared_pool_seed0,warehouse_random_factorial,carrier,1,18,33.0,33000000,7,18,8,0,0.1944,4,18,33,33000000,18,33,33000000,1,0,0,5881,361,145,0,0,SEARCH_CUTOFF,0,1,0,0,-1,33,-1,18,-1,8452,21414,8452,54427,22,4433,0,30953,2416,690,94163,53915,3945,23091,392.159,646548,21042,TASKBR_VACANCY_V1,94467,9838,94467,91467,110037,83.1239,8189,190288,25173,60220,60220,196991,193456,158930,158930,158930,0,0,0,31,0,0,0,158930,158939,4,BOTTLENECK_TARGET_FRONTIER_CONTINUITY_V2,70.3647,31.4992,160.014,36.2507,81.01,41314,8087,44789,0,9993,50225,0,25173,27335,0,9993,0,6529.5,2236755,100691,696.711,5138,0,2,,,,,,,,,,,,,,,,,,,,,,,,,,,,,,,,,,,,,,,,,,,,,,9170.41,9170.44,875e714e90821df7b0b176d553ffcdf56feb753911aaa68fdd3fd8e08980d45d,9.195,ok,
g1_dmedium_ascarce_pcross_heavy_gsingleton_seed0,warehouse_random_factorial,carrier,1,30,58.0,58000000,26,24,8,0,0.4333,7,31,58,58000000,30,58,58000000,1,1,1,0,30,84,1,1,REFERENCE_SUFFIX_ACCEPTED,2,0,0,0,-1,-1,-1,-1,-1,41,2,41,271,0,45,0,73,4,4,198,92,41,122,1.89681,3416,34,TASKBR_VACANCY_V1,58,11,58,53,71,74.6479,0,124,17,70,70,128,124,84,84,84,0,0,0,0,0,0,0,84,84,4,BOTTLENECK_TARGET_FRONTIER_CONTINUITY_V2,0.064132,0.021248,0.097397,0.021325,0.039264,55,33,53,0,5,63,0,17,66,0,0,0,15.4048,10131,121,1.75614,0,0,0,,,,,,,,,,,,,,,,,,,,,,,,,,,,,,,,,,,,,,,,,,,,,,17.9126,17.9496,a496a7e5d387acfae08d11acc4645a81cc2eff4cdc2c8498bcdc5fc060bd7389,0.026,ok,
g1_dmedium_ascarce_plocal_gshared_pool_seed0,warehouse_random_factorial,carrier,1,33,60.0,60000000,19,33,8,0,0.2879,11,33,62,62000000,33,60,60000000,1,1,1,102,272,165,0,0,STRICT_IMPROVEMENT,7,1,1,1,407,62,60,33,33,413,1839,413,2682,0,188,0,1070,2,0,213,1381,79,1459,22.8641,40852,249,TASKBR_VACANCY_V1,4966,125,4966,4841,5093,95.052,137,11766,2092,5259,5259,11774,11673,10447,10447,10447,0,0,0,0,0,0,0,10447,10456,4,BOTTLENECK_TARGET_FRONTIER_CONTINUITY_V2,4.58614,1.91252,8.5927,2.12595,3.17504,3978,537,3978,0,830,4427,0,2092,1767,0,734,0,260.615,41237,8814,38.4938,522,0,0,,,,,,,,,,,,,,,,,,,,,,,,,,,,,,,,,,,,,,,,,,,,,,439.576,439.597,ff4ec52e5eee822f0a2a5a4b1ff4b9bbc3b4b73cb92635a8d8eb7c9bd0276033,0.45,ok,
g1_dmedium_ascarce_plocal_gsingleton_seed0,warehouse_random_factorial,carrier,1,24,40.0,40000000,12,20,8,0,0.25,4,24,41,41000000,24,40,40000000,1,1,1,10,136,109,0,0,STRICT_IMPROVEMENT,0,0,0,0,-1,-1,-1,-1,-1,32,76,32,114,0,14,0,67,0,0,49,20,14,70,1.24691,1960,49,TASKBR_VACANCY_V1,146,17,146,129,163,79.1411,0,409,97,345,345,409,405,386,386,386,0,0,0,0,0,0,0,386,531,4,BOTTLENECK_TARGET_FRONTIER_CONTINUITY_V2,0.240229,0.092982,0.337943,0.106693,0.094788,257,10,255,0,75,268,0,97,106,0,25,0,15.1328,4114,453,2.31996,32,0,0,,,,,,,,,,,,,,,,,,,,,,,,,,,,,,,,,,,,,,,,,,,,,,21.9804,21.997,2077b71766f128a4fee65f492f3fb6ab3478b6b906507b8b499ae094b2e404d5,0.03,ok,
g1_dmedium_ascarce_pmixed_gshared_pool_seed0,warehouse_random_factorial,carrier,1,20,36.0,36000000,10,18,8,0,0.25,6,20,38,38000000,20,36,36000000,1,1,1,13,170,107,1,1,REFERENCE_SUFFIX_ACCEPTED,0,1,1,1,46,38,36,20,20,30,172,30,918,0,80,0,79,0,0,209,112,12,185,2.51462,5180,143,TASKBR_VACANCY_V1,401,28,401,373,429,86.9464,0,1500,214,704,704,1500,1476,1432,1432,1432,0,0,0,0,0,0,0,1432,1432,4,BOTTLENECK_TARGET_FRONTIER_CONTINUITY_V2,0.621826,0.283022,1.1944,0.28891,0.427006,562,22,561,0,139,563,0,214,178,0,62,0,31.5916,9439,1265,5.56257,66,0,0,,,,,,,,,,,,,,,,,,,,,,,,,,,,,,,,,,,,,,,,,,,,,,47.6434,47.6629,181a60b6b8f02ce91cbec094956d4e571c1a0f684e213861be184c534ffbdefa,0.056,ok,
g1_dmedium_ascarce_pmixed_gsingleton_seed0,warehouse_random_factorial,carrier,1,37,65.0,65000000,22,35,8,0,0.2973,14,37,65,65000000,37,65,65000000,1,0,0,7972,411,213,0,0,SEARCH_CUTOFF,13,0,0,0,-1,-1,-1,-1,-1,9566,23096,9566,82906,0,5167,0,26382,2898,902,77881,56076,4262,35984,611.467,1007552,30860,TASKBR_VACANCY_V1,78279,15744,78279,68799,99623,69.0594,9292,149108,26094,63720,63720,157033,153907,125120,125120,125120,0,0,0,1436,0,0,0,125120,125534,4,BOTTLENECK_TARGET_FRONTIER_CONTINUITY_V2,61.4233,25.0011,113.111,27.0045,60.899,41343,9509,47061,0,11373,52345,0,26094,30892,0,10218,0,6513.01,6114363,106031,1134.41,5198,12,24,,,,,,,,,,,,,,,,,,,,,,,,,,,,,,,,,,,,,,,,,,,,,,8859.89,8859.92,0cac0633dd1d6af7ba30c925367565078d280727ef8ec6e5161f6e84ce90f9db,8.886,ok,
g1_dmedium_asurplus_pcross_heavy_gshared_pool_seed0,warehouse_random_factorial,carrier,1,10,30.0,30000000,7,15,8,0,0.1167,4,10,30,30000000,10,30,30000000,1,0,0,19815,239,884,0,0,SEARCH_CUTOFF,0,1,0,0,-1,30,-1,10,-1,182,27552,182,1366,0,156,0,507,12,12,1554,970,136,567,9.61582,15876,177,TASKBR_VACANCY_V1,51203,11890,51203,40663,63093,64.4493,0,48637,10106,33896,33896,48637,48637,48637,48637,48637,0,0,0,0,0,0,0,48637,140575,4,BOTTLENECK_TARGET_FRONTIER_CONTINUITY_V2,44.8948,16.4067,71.0574,15.6737,31.5095,19476,119,19471,0,44,557,33293,10106,46302,0,10,0,2152.34,4493638,196982,1085.57,0,0,0,,,,,,,,,,,,,,,,,,,,,,,,,,,,,,,,,,,,,,,,,,,,,,8839.52,8839.54,97e59c4fd24ccfb3dda1f8de6f0aae736853d7a9af7f245dc7194ec6be812ed9,8.859,ok,
g1_dmedium_asurplus_pcross_heavy_gsingleton_seed0,warehouse_random_factorial,carrier,1,15,43.0,43000000,26,9,8,0,0.2889,4,15,43,43000000,15,43,43000000,1,0,0,135893,8,54,0,0,SEARCH_CUTOFF,0,0,0,0,-1,-1,-1,-1,-1,136,24351,136,428,0,310,0,84,2,2,20,116,308,336,5.16577,9408,2,TASKBR_VACANCY_V1,7386,2256,7386,5133,9642,53.2358,0,7674,5187,25223,25223,7674,5205,5205,5205,5205,0,0,0,0,0,0,0,5205,19668,4,BOTTLENECK_TARGET_FRONTIER_CONTINUITY_V2,21.2909,2.00635,9.0708,2.06939,2.24915,20033,20029,15887,0,43,492,24686,5187,53074,0,44,0,3211.02,17176539,142569,2514.12,0,0,0,,,,,,,,,,,,,,,,,,,,,,,,,,,,,,,,,,,,,,,,,,,,,,8772.68,8772.71,8c8819db8fd39c7ec4ab072f0ff85a27cd79732d97ea63f5dfd82bc693fe1d7f,8.792,ok,
g1_dmedium_asurplus_plocal_gshared_pool_seed0,warehouse_random_factorial,carrier,1,19,47.0,47000000,20,16,10,0,0.1754,8,19,47,47000000,19,47,47000000,1,0,0,20087,32,159,0,0,SEARCH_CUTOFF,0,1,0,0,-1,47,-1,19,-1,31,18389,31,1369,0,113,0,40,4,0,86,12,14,337,4.17882,9436,108,TASKBR_VACANCY_V1,39,27,39,15,72,20.8333,0,43,17,27547,27547,54,50,50,50,50,0,0,0,0,0,0,0,50,86,4,BOTTLENECK_TARGET_FRONTIER_CONTINUITY_V2,19.2341,0.019687,0.07638,0.016163,0.051057,27534,27530,13577,0,46,379,27120,17,20148,0,4,0,941.008,1095710,30301,266.717,0,6,0,,,,,,,,,,,,,,,,,,,,,,,,,,,,,,,,,,,,,,,,,,,,,,8700.89,8700.91,53b60a5dd2f85794c35b1acadd9d0279607b5f593062497f91fe39316bfef74f,8.718,ok,
g1_dmedium_asurplus_plocal_gsingleton_seed0,warehouse_random_factorial,carrier,1,13,33.0,33000000,12,13,8,0,0.1538,4,13,33,33000000,13,33,33000000,1,0,0,4735,52,184,0,0,SEARCH_CUTOFF,0,0,0,0,-1,-1,-1,-1,-1,34,19660,34,117,0,22,0,53,0,0,11,35,22,79,1.38347,2212,11,TASKBR_VACANCY_V1,19693,3,19693,19690,19696,99.9695,0,25711,9,25695,25695,25711,25707,25707,25707,25707,0,0,0,0,0,0,0,25707,119013,4,BOTTLENECK_TARGET_FRONTIER_CONTINUITY_V2,32.91,11.0484,51.1729,11.6416,34.7326,17124,15,17122,0,48,475,25170,9,19705,0,0,0,1100.73,1100659,51474,317.659,0,0,0,,,,,,,,,,,,,,,,,,,,,,,,,,,,,,,,,,,,,,,,,,,,,,8685.35,8685.38,4659b531963bce5a7eb668945cad3b5421a04075e9566a7b07e87e94bc22c3d0,8.702,ok,
g1_dmedium_asurplus_pmixed_gshared_pool_seed0,warehouse_random_factorial,carrier,1,13,38.0,38000000,10,20,8,0,0.1282,5,13,38,38000000,13,38,38000000,1,0,0,5265,15,89,0,0,SEARCH_CUTOFF,0,1,0,0,-1,38,-1,13,-1,47,21697,47,879,0,99,0,89,0,0,410,142,34,215,2.98298,6020,176,TASKBR_VACANCY_V1,26956,2700,26956,24256,29656,81.7912,0,31431,3375,28046,28046,31431,31431,31431,31431,31431,0,0,0,0,0,0,0,31431,124087,4,BOTTLENECK_TARGET_FRONTIER_CONTINUITY_V2,35.6679,12.4631,52.7338,12.0419,36.6896,18076,31,18071,0,47,522,27475,3375,29075,0,2,0,1421.28,2784896,100539,629.388,0,0,0,,,,,,,,,,,,,,,,,,,,,,,,,,,,,,,,,,,,,,,,,,,,,,8704.65,8704.67,847c093477d8c34112b29aec974eee4e476f7df16be2f1eba06ebc67f7c7e762,8.722,ok,
g1_dmedium_asurplus_pmixed_gsingleton_seed0,warehouse_random_factorial,carrier,1,12,41.0,41000000,22,11,8,0,0.3056,3,12,41,41000000,12,41,41000000,1,0,0,112497,44,189,0,0,SEARCH_CUTOFF,0,0,0,0,-1,-1,-1,-1,-1,1078,26984,1078,3546,0,2275,0,1606,0,0,2810,4167,2275,2325,41.3468,65100,4199,TASKBR_VACANCY_V1,47,20,47,27,67,40.2985,813,52,29,28308,28308,52,30,30,30,30,0,0,0,0,0,0,0,30,54,4,BOTTLENECK_TARGET_FRONTIER_CONTINUITY_V2,19.3548,0.01194,0.056218,0.00883,0.041753,28281,28273,22362,0,32,406,27868,29,72993,0,22,0,2918.63,11551808,167373,1861.34,0,0,0,,,,,,,,,,,,,,,,,,,,,,,,,,,,,,,,,,,,,,,,,,,,,,8761.48,8761.5,543c0df38602155282be97e18280da7e40bc6fab6d21f13450203124daaf3a73,8.781,ok,
g2_dhigh_abaseline_pcross_heavy_gshared_pool_seed0,warehouse_random_factorial,carrier,1,20,69.0,69000000,24,33,12,0,0.3,33,20,69,69000000,20,69,69000000,1,0,0,7928,2249,918,0,0,SEARCH_CUTOFF,2,1,0,0,-1,69,-1,20,-1,47,18828,47,1652,0,226,0,150,0,0,699,448,25,325,22.0808,20475,474,TASKBR_VACANCY_V1,45913,4065,45913,41848,49978,83.7328,0,111764,36322,43475,43475,111764,110994,110807,110807,110807,0,0,0,0,0,0,0,110807,134397,6,BOTTLENECK_TARGET_FRONTIER_CONTINUITY_V2,58.2288,23.9676,106.782,23.6334,53.198,23095,70,22229,0,316,3712,39445,36322,19030,0,340,0,2717.85,2201232,243286,1007.28,15465,0,0,,,,,,,,,,,,,,,,,,,,,,,,,,,,,,,,,,,,,,,,,,,,,,9054.82,9054.85,23b8b00e671fd874800e0df375b3e975b9eee2652b34ce791926cdbda5c4cb27,9.085,ok,
g2_dhigh_abaseline_pcross_heavy_gsingleton_seed0,warehouse_random_factorial,carrier,1,36,140.0,140000000,60,57,16,0,0.4167,64,36,140,140000000,36,140,140000000,1,0,0,104571,1803,862,0,0,SEARCH_CUTOFF,5,0,0,0,-1,-1,-1,-1,-1,4620,14450,4620,6720,0,13614,0,3749,54,22,540,2490,13582,9737,765.713,613431,118,TASKBR_VACANCY_V1,8929,778,8929,8187,9761,83.8746,4336,10980,3809,19760,19760,11043,8299,7876,7876,7876,0,0,0,0,0,0,0,7876,10257,6,BOTTLENECK_TARGET_FRONTIER_CONTINUITY_V2,13.4516,2.73827,8.49553,2.80295,2.7206,15908,12148,13627,0,385,2864,16509,3809,42694,0,589,0,4618.8,6449785,115247,1189.27,60,0,37,,,,,,,,,,,,,,,,,,,,,,,,,,,,,,,,,,,,,,,,,,,,,,8769.52,8769.56,538775ddaf7de7118a9d4fce6adc72413ea6fd90fc0003e66b197390468a1fd0,8.788,ok,
g2_dhigh_abaseline_plocal_gshared_pool_seed0,warehouse_random_factorial,carrier,1,27,80.0,80000000,20,48,12,0,0.1852,40,27,80,80000000,27,80,80000000,1,0,0,40202,5280,2126,0,0,SEARCH_CUTOFF,2,1,0,0,-1,80,-1,27,-1,73,24728,73,2676,0,179,2,151,4,0,534,201,46,525,34.0977,33075,466,TASKBR_VACANCY_V1,25843,20,25843,25824,25868,99.8299,0,54040,9336,46432,46432,54048,53046,53028,53028,53028,0,0,0,0,0,0,0,53028,137948,6,BOTTLENECK_TARGET_FRONTIER_CONTINUITY_V2,45.0116,14.0142,62.858,15.4818,20.2445,26540,61,26541,0,227,3334,42869,9336,26273,0,501,0,2083.5,476382,87492,462.926,1884,0,0,,,,,,,,,,,,,,,,,,,,,,,,,,,,,,,,,,,,,,,,,,,,,,9111.69,9111.73,b565eb86b7cbfc20f74d5a50fe285ffcc889df7d4ed05361630c79e400236c33,9.143,ok,
g2_dhigh_abaseline_plocal_gsingleton_seed0,warehouse_random_factorial,carrier,1,24,88.0,88000000,30,39,14,0,0.3125,64,24,88,88000000,24,88,88000000,1,0,0,23373,3011,1163,0,0,SEARCH_CUTOFF,5,0,0,0,-1,-1,-1,-1,-1,111,28340,111,993,2,73,0,320,8,6,338,1617,67,382,27.8321,24066,1189,TASKBR_VACANCY_V1,61163,3665,61163,57508,64832,88.7031,0,87084,16966,41478,41478,87096,87090,87036,87036,87036,0,0,0,0,0,0,0,87036,116935,6,BOTTLENECK_TARGET_FRONTIER_CONTINUITY_V2,48.8758,17.829,85.3624,17.7731,40.5098,28527,139,26855,0,379,4518,36579,16966,29229,0,389,0,3199.66,7617631,240368,1597.95,6106,0,0,,,,,,,,,,,,,,,,,,,,,,,,,,,,,,,,,,,,,,,,,,,,,,8992.41,8992.46,14adff458f66900990c94fa10f420030817a396014040afb424316411ea0ed54,9.023,ok,
g2_dhigh_abaseline_pmixed_gshared_pool_seed0,warehouse_random_factorial,carrier,1,30,110.0,110000000,41,57,12,0,0.3417,52,30,112,112000000,30,110,110000000,1,1,1,0,6,29,0,0,STRICT_IMPROVEMENT,9,1,1,1,115,112,110,30,30,45,0,45,3689,0,475,9,157,11,10,952,35,29,519,31.3575,32697,599,TASKBR_VACANCY_V1,134,52,134,95,193,49.2228,0,185,45,62,62,193,191,186,186,186,0,0,0,0,0,0,0,186,188,6,BOTTLENECK_TARGET_FRONTIER_CONTINUITY_V2,0.141241,0.053725,0.360023,0.070156,0.227035,40,14,40,0,2,2,56,45,82,0,0,0,110.158,71438,412,10.4968,11,0,0,,,,,,,,,,,,,,,,,,,,,,,,,,,,,,,,,,,,,,,,,,,,,,117.053,117.08,b83ce28b18bb5e9965f7d3c7deae8537c567a6d8bb8c18c1cf4b894fc4adcd75,0.126,ok,
g2_dhigh_abaseline_pmixed_gsingleton_seed0,warehouse_random_factorial,carrier,1,35,117.0,117000000,43,57,15,0,0.3071,60,35,118,118000000,35,117,117000000,1,1,1,44899,1584,573,0,0,STRICT_IMPROVEMENT,5,0,0,0,-1,-1,-1,-1,-1,1189,21495,1189,7411,0,1293,0,1891,272,22,3602,2083,1261,3613,277.382,227619,1605,TASKBR_VACANCY_V1,17244,7277,17244,11784,27119,43.4529,907,12389,9417,25906,25906,13330,10353,10147,10147,10147,0,0,0,80,0,0,0,10147,22645,6,BOTTLENECK_TARGET_FRONTIER_CONTINUITY_V2,18.1195,3.3289,12.9945,3.49409,5.79445,17083,16780,11704,0,234,2205,23465,9417,36755,0,315,0,2573.77,4837035,76833,886.359,8,0,0,,,,,,,,,,,,,,,,,,,,,,,,,,,,,,,,,,,,,,,,,,,,,,6634.33,6634.37,b1ab2ad50f54ac4dd7caf2672940bb7ee6094dd89e0e00844c08e06a8805167e,6.657,ok,
g2_dhigh_aequal_pcross_heavy_gshared_pool_seed0,warehouse_random_factorial,carrier,1,15,65.0,65000000,24,29,12,0,0.2667,28,15,65,65000000,15,65,65000000,1,0,0,18065,22,115,0,0,SEARCH_CUTOFF,0,1,0,0,-1,65,-1,15,-1,35,21696,35,1535,0,239,0,65,0,0,290,447,40,294,19.0557,18522,495,TASKBR_VACANCY_V1,63,24,63,39,87,44.8276,0,76,13,25481,25481,76,74,74,74,74,0,0,0,0,0,0,0,74,74,6,BOTTLENECK_TARGET_FRONTIER_CONTINUITY_V2,18.5473,0.024353,0.138776,0.020641,0.10088,25470,25462,9466,0,34,364,25081,13,31011,0,2,0,1386.5,970741,39496,307.867,0,0,0,,,,,,,,,,,,,,,,,,,,,,,,,,,,,,,,,,,,,,,,,,,,,,8664.91,8664.94,a9d1ef211cd09d31af5ec1eb39ee977d4b2aa50c55bcfdf145f731c8a3ed591a,8.683,ok,
g2_dhigh_aequal_pcross_heavy_gsingleton_seed0,warehouse_random_factorial,carrier,1,33,128.0,128000000,60,45,16,0,0.303,51,33,128,128000000,33,128,128000000,1,0,0,3919,66,249,0,0,SEARCH_CUTOFF,2,0,0,0,-1,-1,-1,-1,-1,61,16544,61,866,0,117,0,157,44,18,328,321,83,264,18.2191,16632,348,TASKBR_VACANCY_V1,10191,54,10191,10180,10301,98.8254,0,6300,6222,19203,19203,6354,6350,6314,6314,6314,0,0,0,0,0,0,0,6314,27133,6,BOTTLENECK_TARGET_FRONTIER_CONTINUITY_V2,19.9138,3.41669,15.6368,3.30456,12.7489,12991,12979,6278,0,31,285,18885,6222,21860,0,0,0,1911.69,5394624,38682,868.42,6,6,2,,,,,,,,,,,,,,,,,,,,,,,,,,,,,,,,,,,,,,,,,,,,,,8638.27,8638.31,60dedf4037859a84429513695e61ca0cb3a32f8277e02654f677b847a08f681a,8.654,ok,
g2_dhigh_aequal_plocal_gshared_pool_seed0,warehouse_random_factorial,carrier,1,12,61.0,61000000,20,29,12,0,0.2778,26,12,61,61000000,12,61,61000000,1,0,0,28486,191,525,0,0,SEARCH_CUTOFF,0,1,0,0,-1,61,-1,12,-1,1118,20828,1118,5134,0,3505,0,2615,0,0,3405,5254,3382,2433,208.998,153279,1908,TASKBR_VACANCY_V1,46237,1159,46237,45078,47396,95.1093,852,40350,12687,22354,22354,40350,40348,39638,39638,39638,0,0,0,0,0,0,0,39638,46319,6,BOTTLENECK_TARGET_FRONTIER_CONTINUITY_V2,33.2073,13.0483,47.8632,11.6751,19.9645,9172,328,9165,0,21,316,22015,12687,58734,0,4,0,4706.82,7058330,178334,1775.86,3301,0,0,,,,,,,,,,,,,,,,,,,,,,,,,,,,,,,,,,,,,,,,,,,,,,8695.15,8695.18,a47f01a3e1a13286ed25ee3af822f020adde2caa1946fc7eb50f9beb9a409c55,8.712,ok,
g2_dhigh_aequal_plocal_gsingleton_seed0,warehouse_random_factorial,carrier,1,15,79.0,79000000,30,30,14,0,0.3333,34,15,79,79000000,15,79,79000000,1,0,0,22886,55,208,0,0,SEARCH_CUTOFF,2,0,0,0,-1,-1,-1,-1,-1,2335,14861,2335,9936,2,6333,0,3707,40,38,13590,7513,6291,5460,425.056,343980,15081,TASKBR_VACANCY_V1,27755,6275,27755,21499,34072,63.0987,2066,12199,11861,17465,17465,12206,11895,11889,11889,11889,0,0,0,0,0,0,0,11889,25250,6,BOTTLENECK_TARGET_FRONTIER_CONTINUITY_V2,19.805,5.19927,19.5922,4.36827,13.2161,8067,8063,7268,0,23,267,17173,11861,49143,0,2,0,5335.92,9592653,129707,1751.96,6,0,8,,,,,,,,,,,,,,,,,,,,,,,,,,,,,,,,,,,,,,,,,,,,,,8662.01,8662.05,79d3d4f68e1bf5141feb9cb818b2f440d3dd360a27bd0f56f81b6d532e218451,8.678,ok,
g2_dhigh_aequal_pmixed_gshared_pool_seed0,warehouse_random_factorial,carrier,1,21,87.0,87000000,40,35,12,0,0.3175,39,21,87,87000000,21,87,87000000,1,0,0,8186,273,655,0,0,SEARCH_CUTOFF,0,1,0,0,-1,87,-1,21,-1,81,17756,81,2787,0,500,6,127,0,0,592,66,156,515,33.0552,32445,558,TASKBR_VACANCY_V1,17332,5287,17332,12045,22619,53.2517,0,9212,9139,22163,22163,9212,9206,9206,9206,9206,0,0,0,0,0,0,0,9206,35817,6,BOTTLENECK_TARGET_FRONTIER_CONTINUITY_V2,22.0891,4.34178,19.5116,4.10233,14.9552,14105,14094,6613,0,31,334,21796,9139,23787,0,1,0,2213.71,6042654,40500,984.169,0,0,0,,,,,,,,,,,,,,,,,,,,,,,,,,,,,,,,,,,,,,,,,,,,,,8649.39,8649.43,2ce86d27857d8d229df77ced4ac02c0116c157182e3bb95eadcd533e7e3cd409,8.666,ok,
g2_dhigh_aequal_pmixed_gsingleton_seed0,warehouse_random_factorial,carrier,1,24,102.0,102000000,43,41,16,0,0.2986,28,24,102,102000000,24,102,102000000,1,0,0,17724,28,158,0,0,SEARCH_CUTOFF,2,0,0,0,-1,-1,-1,-1,-1,42,19195,42,425,0,76,0,99,28,12,1550,344,58,146,10.6038,9198,472,TASKBR_VACANCY_V1,17266,4387,17266,12914,21677,59.5747,0,12798,12742,29021,29021,12833,12825,12812,12812,12812,0,0,0,0,0,0,0,12812,53060,6,BOTTLENECK_TARGET_FRONTIER_CONTINUITY_V2,27.7756,5.58618,25.273,5.34811,11.1422,17520,17508,7716,0,41,473,28505,12742,23125,0,2,0,1860.64,2166956,48713,502.416,13,3,0,,,,,,,,,,,,,,,,,,,,,,,,,,,,,,,,,,,,,,,,,,,,,,8700.2,8700.24,fc3d959b5963047bf860860e6eb8c2550ee2f5d546b7515e0f6a028c2413f750,8.718,ok,
g2_dhigh_ascarce_pcross_heavy_gshared_pool_seed0,warehouse_random_factorial,carrier,1,25,68.0,68000000,24,32,12,0,0.32,35,25,68,68000000,25,68,68000000,1,0,0,2591,1034,432,0,0,SEARCH_CUTOFF,1,1,0,0,-1,68,-1,25,-1,216,16172,216,2691,0,267,0,668,31,14,3597,2014,67,896,67.184,56448,1256,TASKBR_VACANCY_V1,45578,2982,45578,44539,49258,90.4198,0,119582,37254,42578,42578,120466,119802,116512,116512,116512,0,0,0,0,0,0,0,116512,117822,6,BOTTLENECK_TARGET_FRONTIER_CONTINUITY_V2,59.6914,24.1597,117.812,25.7718,52.7174,23090,234,23919,0,1220,12524,28832,37254,14070,0,2185,0,3039.32,1462578,169009,968.601,14386,0,0,,,,,,,,,,,,,,,,,,,,,,,,,,,,,,,,,,,,,,,,,,,,,,8850.74,8850.78,3a6cf8177787d0044206b07cb2b3a67f17913360f1e91ecaf7c14954e7e4e44f,8.88,ok,
g2_dhigh_ascarce_pcross_heavy_gsingleton_seed0,warehouse_random_factorial,carrier,1,63,147.0,147000000,67,58,16,0,0.3545,87,63,148,148000000,63,147,147000000,1,1,1,10,89,292,0,0,STRICT_IMPROVEMENT,4,0,0,0,-1,-1,-1,-1,-1,97,9,97,1650,0,122,0,281,74,42,738,632,64,587,37.9628,36981,176,TASKBR_VACANCY_V1,234,111,234,173,435,39.7701,0,248,59,142,142,325,319,234,234,234,0,0,0,0,0,0,0,234,262,6,BOTTLENECK_TARGET_FRONTIER_CONTINUITY_V2,0.228114,0.077288,0.370863,0.082865,0.17652,94,54,112,0,48,12,80,59,144,0,0,0,169.562,96566,488,12.9134,9,0,0,,,,,,,,,,,,,,,,,,,,,,,,,,,,,,,,,,,,,,,,,,,,,,180.668,180.699,42eb6285662965bdd4569f0f720ae3d66f5fcd4102a2e84f31f079131ccbf166,0.191,ok,
g2_dhigh_ascarce_plocal_gshared_pool_seed0,warehouse_random_factorial,carrier,1,26,68.0,68000000,20,36,12,0,0.2564,46,26,68,68000000,26,68,68000000,1,0,0,5188,1392,627,0,0,SEARCH_CUTOFF,2,1,0,0,-1,68,-1,26,-1,361,18563,361,3487,0,292,0,998,14,0,437,345,161,1081,87.2873,68103,196,TASKBR_VACANCY_V1,49554,1691,49554,48541,51251,94.7123,88,136124,33057,49970,49970,136571,135410,133814,133814,133814,0,0,0,367,0,0,0,133814,136414,6,BOTTLENECK_TARGET_FRONTIER_CONTINUITY_V2,65.6955,28.4622,136.26,29.9086,63.2046,31942,182,32481,0,1345,12870,35753,33057,17495,0,1900,0,3459.84,1470619,209152,1087.97,13699,0,0,,,,,,,,,,,,,,,,,,,,,,,,,,,,,,,,,,,,,,,,,,,,,,9115.34,9115.38,c04b335927a8d23edda02bf5a3efd4d1dc1e3391b3d78e7dd23482b7f91990c8,9.144,ok,
g2_dhigh_ascarce_plocal_gsingleton_seed0,warehouse_random_factorial,carrier,1,29,85.0,85000000,30,36,14,0,0.3448,60,29,87,87000000,29,85,85000000,1,1,1,2545,1029,491,0,0,STRICT_IMPROVEMENT,1,0,0,0,-1,-1,-1,-1,-1,116,5137,116,1001,2,124,0,348,12,6,833,1265,118,406,29.2468,25578,1328,TASKBR_VACANCY_V1,12017,452,12017,11581,12478,92.8113,0,23148,4658,9393,9393,23171,23060,22814,22814,22814,0,0,0,0,0,0,0,22814,23270,6,BOTTLENECK_TARGET_FRONTIER_CONTINUITY_V2,11.4112,4.45744,20.4645,4.8007,9.48511,6437,118,6436,0,367,3127,5897,4658,5541,0,263,0,931.619,1566738,45446,362.741,1157,0,0,,,,,,,,,,,,,,,,,,,,,,,,,,,,,,,,,,,,,,,,,,,,,,1613.69,1613.72,3e6ed245743aad017edd8692c09d5546ac8c976520956a92a60e85e6588971b9,1.627,ok,
g2_dhigh_ascarce_pmixed_gshared_pool_seed0,warehouse_random_factorial,carrier,1,51,146.0,146000000,39,95,12,0,0.2549,80,51,146,146000000,51,146,146000000,1,0,0,18109,488,405,0,0,SEARCH_CUTOFF,28,1,0,0,-1,146,-1,51,-1,2521,15840,2521,28213,0,4594,14,4890,554,488,6783,1989,3031,7266,546.457,457758,4867,TASKBR_VACANCY_V1,36887,6797,36887,32719,44705,73.1887,2234,58221,20997,29362,29362,60426,58805,55370,55370,55370,0,0,0,64,0,0,0,55370,56112,6,BOTTLENECK_TARGET_FRONTIER_CONTINUITY_V2,35.41,14.0937,55.4435,13.5379,26.1002,15768,2778,16460,0,1284,8800,19276,20997,23506,0,1594,0,5289.83,12864786,135832,2099.29,6878,0,2,,,,,,,,,,,,,,,,,,,,,,,,,,,,,,,,,,,,,,,,,,,,,,8898.65,8898.69,3b3b27fe3840e5958a45a87b4a4b8646796517042e911fe93c82d49a60cd33ce,8.921,ok,
g2_dhigh_ascarce_pmixed_gsingleton_seed0,warehouse_random_factorial,carrier,1,41,115.0,115000000,43,60,12,0,0.3496,103,41,117,117000000,41,115,115000000,1,1,1,10588,1253,588,1,1,REFERENCE_SUFFIX_ACCEPTED,11,0,0,0,-1,-1,-1,-1,-1,259,12484,259,2278,2,344,0,675,46,18,4031,1440,306,678,53.5948,42714,2488,TASKBR_VACANCY_V1,26343,56,26343,26328,26443,99.5651,0,66896,18488,29107,29107,66941,66680,65861,65861,65861,0,0,0,0,0,0,0,65861,70411,6,BOTTLENECK_TARGET_FRONTIER_CONTINUITY_V2,37.6314,15.0075,61.7112,15.1328,32.1944,18138,292,18170,0,621,7762,20722,18488,14428,0,1458,0,2531.79,3525091,118600,951.193,7880,0,0,,,,,,,,,,,,,,,,,,,,,,,,,,,,,,,,,,,,,,,,,,,,,,5964.26,5964.3,e92b2cddfb9c3be17fb3bca79e2f5a539bf9a07e5e39e9acd7d58ed922a2e1bb,5.987,ok,
g2_dhigh_asurplus_pcross_heavy_gshared_pool_seed0,warehouse_random_factorial,carrier,1,13,56.0,56000000,24,20,12,0,0.2051,26,13,56,56000000,13,56,56000000,1,0,0,299360,16,126,0,0,SEARCH_CUTOFF,0,1,0,0,-1,56,-1,13,-1,72,17329,72,1343,0,333,0,105,0,0,108,521,138,347,24.5394,21861,449,TASKBR_VACANCY_V1,67,27,67,40,94,42.5532,0,62,22,17725,17725,62,60,60,60,60,0,0,0,0,0,0,0,60,116,6,BOTTLENECK_TARGET_FRONTIER_CONTINUITY_V2,16.0051,0.028034,0.136635,0.021534,0.143613,17710,17706,8790,0,17,152,17554,22,43878,0,0,0,1754.69,5625369,106635,914.143,3,0,0,,,,,,,,,,,,,,,,,,,,,,,,,,,,,,,,,,,,,,,,,,,,,,8648.28,8648.32,84fc1da638a2f30d23418bf567bbc472f9e9da15beb0beb44418dd55795aa670,8.681,ok,
g2_dhigh_asurplus_pcross_heavy_gsingleton_seed0,warehouse_random_factorial,carrier,1,31,153.0,153000000,64,60,20,1,0.2294,44,31,153,153000000,31,153,153000000,1,0,0,104738,28,237,0,0,SEARCH_CUTOFF,6,0,0,0,-1,-1,-1,-1,-1,61,16742,61,803,0,126,0,151,48,16,322,326,96,263,17.9063,16569,326,TASKBR_VACANCY_V1,9617,62,9617,9606,9745,98.5736,0,9295,5258,17673,17673,9362,5351,5351,5351,5351,0,0,0,0,0,0,0,5351,34906,6,BOTTLENECK_TARGET_FRONTIER_CONTINUITY_V2,19.1111,3.05451,11.2725,2.47206,6.85159,12455,12445,6228,0,28,203,17440,5258,30836,0,0,0,1968.55,9700689,77070,1205.69,8,2,0,,,,,,,,,,,,,,,,,,,,,,,,,,,,,,,,,,,,,,,,,,,,,,8633.85,8633.88,72147d52a55de46a79552f5b92138a97051cff9b524a05c04e26319061c551dd,8.658,ok,
g2_dhigh_asurplus_plocal_gshared_pool_seed0,warehouse_random_factorial,carrier,1,11,58.0,58000000,20,26,12,0,0.202,23,11,58,58000000,11,58,58000000,1,0,0,80057,98769,146939,0,0,SEARCH_CUTOFF,0,1,0,0,-1,58,-1,11,-1,1632,13473,1632,4974,0,5055,0,3444,0,0,3156,3477,4933,3432,298.042,216216,1054,TASKBR_VACANCY_V1,15146,17,15146,15129,15163,99.7758,1367,12719,2544,15206,15206,12719,12717,12717,12717,12717,0,0,0,0,0,0,0,12717,60621,6,BOTTLENECK_TARGET_FRONTIER_CONTINUITY_V2,24.7028,7.95739,27.9166,5.06833,25.9894,4264,5,4259,0,1,21,15182,2544,44540,0,0,0,3813.37,3348790,118970,868.633,0,0,0,,,,,,,,,,,,,,,,,,,,,,,,,,,,,,,,,,,,,,,,,,,,,,8631.4,8631.44,7529b12a8ca1a6d11a373cf7a9d0ce7094104d1203bc68f71d6908520f479afa,8.652,ok,
g2_dhigh_asurplus_plocal_gsingleton_seed0,warehouse_random_factorial,carrier,1,15,71.0,71000000,30,22,14,0,0.2222,27,15,71,71000000,15,71,71000000,1,0,0,29464,55,307,0,0,SEARCH_CUTOFF,0,0,0,0,-1,-1,-1,-1,-1,134,17896,134,829,2,239,0,181,19,17,592,778,218,338,25.2889,21294,834,TASKBR_VACANCY_V1,9996,3821,9996,6193,13837,44.7568,0,10304,3357,18586,18586,10310,3404,3404,3404,3404,0,0,0,0,0,0,0,3404,22720,6,BOTTLENECK_TARGET_FRONTIER_CONTINUITY_V2,18.6605,2.08781,7.19688,1.56193,2.10945,15235,15231,8416,0,28,256,18300,3357,38464,0,0,0,1489.02,3415908,90325,632.128,0,0,13,,,,,,,,,,,,,,,,,,,,,,,,,,,,,,,,,,,,,,,,,,,,,,8633.76,8633.79,122bc130c6b90b93b996626b5374cd719764b0d5d77e00beaf79d9029ca0360b,8.652,ok,
g2_dhigh_asurplus_pmixed_gshared_pool_seed0,warehouse_random_factorial,carrier,1,16,77.0,77000000,39,26,12,0,0.2708,27,16,77,77000000,16,77,77000000,1,0,0,370497,18,152,0,0,SEARCH_CUTOFF,0,1,0,0,-1,77,-1,16,-1,3304,11918,3304,5410,0,12250,8,3102,267,180,1920,5331,11859,7189,565.825,452907,1312,TASKBR_VACANCY_V1,79,51,79,34,135,25.1852,3035,4879,349,15288,15288,4881,397,397,397,397,0,0,0,0,0,0,0,397,1208,6,BOTTLENECK_TARGET_FRONTIER_CONTINUITY_V2,15.4844,0.263143,0.938369,0.212395,0.748939,14948,14942,8103,0,17,158,15111,349,54466,0,0,0,3501.31,3321422,111250,818.647,4,0,113,,,,,,,,,,,,,,,,,,,,,,,,,,,,,,,,,,,,,,,,,,,,,,8649.62,8649.65,c5b2e6e8f3dad459652c60f28ad37ec3c1b84e0f1d218280ad75c39d080441ca,8.68,ok,
g2_dhigh_asurplus_pmixed_gsingleton_seed0,warehouse_random_factorial,carrier,1,25,97.0,97000000,43,36,16,0,0.1911,26,25,97,97000000,25,97,97000000,1,0,0,30904,27,235,0,0,SEARCH_CUTOFF,0,0,0,0,-1,-1,-1,-1,-1,40,7783,40,425,0,73,0,85,24,12,774,160,55,138,10.1672,8694,292,TASKBR_VACANCY_V1,74,35,74,72,126,57.1429,0,5715,5646,19932,19932,5742,5739,5739,5739,5739,0,0,0,0,0,0,0,5739,46789,6,BOTTLENECK_TARGET_FRONTIER_CONTINUITY_V2,22.8669,3.90717,14.4955,2.94619,15.1739,14284,14274,5647,0,32,263,19635,5646,7879,0,0,0,977.191,932314,20198,206.034,0,16,0,,,,,,,,,,,,,,,,,,,,,,,,,,,,,,,,,,,,,,,,,,,,,,8630.59,8630.62,247518689ce5f9fc636cb38c5b9fc58cc47e8be53f24236b899839b9c4db6f0a,8.65,ok,
g2_dlow_abaseline_pcross_heavy_gshared_pool_seed0,warehouse_random_factorial,carrier,1,18,58.0,58000000,19,27,12,0,0.2639,19,18,58,58000000,18,58,58000000,1,0,0,9796,3687,1364,0,0,SEARCH_CUTOFF,2,1,0,0,-1,58,-1,18,-1,193,30734,193,2099,0,283,0,657,16,16,4842,1836,128,573,37.7257,36099,215,TASKBR_VACANCY_V1,65682,3166,65682,62636,68908,90.898,0,138598,31288,64358,64358,138598,131378,131374,131374,131374,0,0,0,0,0,0,0,131374,200238,6,BOTTLENECK_TARGET_FRONTIER_CONTINUITY_V2,78.0676,29.9279,132.69,30.4539,56.0104,44205,28,39601,0,220,3387,60749,31288,27829,0,514,0,2993.25,4946385,250564,1314.95,15073,0,0,,,,,,,,,,,,,,,,,,,,,,,,,,,,,,,,,,,,,,,,,,,,,,8918.89,8918.93,a0622e65b6c66e992aa2e801170c440eb9ed533a031a95f46394650bdd2230c0,8.95,ok,
g2_dlow_abaseline_pcross_heavy_gsingleton_seed0,warehouse_random_factorial,carrier,1,29,99.0,99000000,47,40,12,0,0.4052,41,31,101,101000000,29,99,99000000,1,1,1,0,29,138,1,1,REFERENCE_SUFFIX_ACCEPTED,12,0,0,0,-1,-1,-1,-1,-1,52,4,52,680,0,80,0,137,10,10,788,1060,68,149,9.60174,9387,238,TASKBR_VACANCY_V1,129,23,129,121,156,77.5641,0,164,56,65,65,172,166,162,162,162,0,0,0,0,0,0,0,162,177,6,BOTTLENECK_TARGET_FRONTIER_CONTINUITY_V2,0.136301,0.05138,0.253423,0.05156,0.147026,35,9,34,0,4,9,50,56,103,0,0,0,75.7698,96873,383,12.6794,5,0,0,,,,,,,,,,,,,,,,,,,,,,,,,,,,,,,,,,,,,,,,,,,,,,81.1614,81.1871,273fef356feae8d7f4b9d5deafcce8fd4102bb2e491232399a302d82b164f46a,0.091,ok,
g2_dlow_abaseline_plocal_gshared_pool_seed0,warehouse_random_factorial,carrier,1,24,78.0,78000000,15,51,12,0,0.1562,24,24,78,78000000,24,78,78000000,1,0,0,528,2568,1344,0,0,SEARCH_CUTOFF,7,1,0,0,-1,78,-1,24,-1,24,3,24,2096,0,88,0,105,0,0,0,3,6,301,15.8447,18963,51,TASKBR_VACANCY_V1,97,12,97,85,109,77.9817,0,101976,14872,51050,51050,101976,101969,101969,101969,101969,0,0,0,0,0,0,0,101969,200694,6,BOTTLENECK_TARGET_FRONTIER_CONTINUITY_V2,60.366,25.2597,107.848,25.3725,63.7651,47568,3,40945,0,239,3469,47340,14872,31,0,746,0,1605.49,415328,102262,492.477,7651,0,0,,,,,,,,,,,,,,,,,,,,,,,,,,,,,,,,,,,,,,,,,,,,,,9436.48,9436.52,63875042720a04f07baa07d3c0abf602f458088e57e1f8f8643bb3b037204ac9,9.468,ok,
g2_dlow_abaseline_plocal_gsingleton_seed0,warehouse_random_factorial,carrier,1,24,75.0,75000000,25,38,12,0,0.2604,24,24,75,75000000,24,75,75000000,1,0,0,11792,3689,1762,0,0,SEARCH_CUTOFF,6,0,0,0,-1,-1,-1,-1,-1,104,30550,104,591,0,84,0,261,6,6,136,598,78,384,23.6761,24192,50,TASKBR_VACANCY_V1,69671,13314,69671,56363,82989,67.9162,0,145132,14499,61783,61783,145132,142506,142506,142506,142506,0,0,0,0,0,0,0,142506,200634,6,BOTTLENECK_TARGET_FRONTIER_CONTINUITY_V2,80.6112,28.8075,139.504,28.972,71.3278,48589,70,48588,0,407,5147,56227,14499,34793,0,524,0,2927.95,3406810,354838,1400.15,3938,0,10,,,,,,,,,,,,,,,,,,,,,,,,,,,,,,,,,,,,,,,,,,,,,,9265,9265.04,e2ff4e09c6a12b0f84c68cab6db0c92b113d737c77bffd8ac8d0053fe071cba4,9.295,ok,
g2_dlow_abaseline_pmixed_gshared_pool_seed0,warehouse_random_factorial,carrier,1,29,106.0,106000000,31,63,12,0,0.2672,36,30,106,106000000,29,106,106000000,1,1,1,2,35,155,0,0,STRICT_IMPROVEMENT,15,1,1,1,77,106,106,30,29,54,5,54,3611,0,311,0,177,0,0,0,61,38,457,24.5014,28791,132,TASKBR_VACANCY_V1,175,33,175,142,208,68.2692,0,226,60,79,79,226,221,221,221,221,0,0,0,0,0,0,0,221,241,6,BOTTLENECK_TARGET_FRONTIER_CONTINUITY_V2,0.171326,0.065998,0.370402,0.0753,0.240251,48,8,43,0,1,5,71,60,91,0,0,0,72.7633,48400,499,7.84291,6,0,0,,,,,,,,,,,,,,,,,,,,,,,,,,,,,,,,,,,,,,,,,,,,,,78.2919,78.3176,2755a3c11f84e8e4fc6acda86c086f8176c10443df382b4ee4f21615f764cf01,0.087,ok,
g2_dlow_abaseline_pmixed_gsingleton_seed0,warehouse_random_factorial,carrier,1,25,86.0,86000000,39,35,12,0,0.39,28,25,88,88000000,25,86,86000000,1,1,1,118,1322,510,0,0,STRICT_IMPROVEMENT,0,0,0,0,-1,-1,-1,-1,-1,41,896,41,401,0,67,0,106,4,4,32,163,63,93,6.67248,5859,12,TASKBR_VACANCY_V1,1168,192,1168,982,1360,72.2059,0,1681,168,1433,1433,1683,1679,1665,1665,1665,0,0,0,0,0,0,0,1665,3971,6,BOTTLENECK_TARGET_FRONTIER_CONTINUITY_V2,1.32335,0.39792,1.85025,0.455875,1.31835,881,13,881,0,35,216,1180,168,983,0,0,0,100.79,181494,3072,30.9975,0,0,0,,,,,,,,,,,,,,,,,,,,,,,,,,,,,,,,,,,,,,,,,,,,,,132.609,132.642,ae064d626f311721331b4ae22badc4060fc9f3862d379e7df49605805d8de76d,0.142,ok,
g2_dlow_aequal_pcross_heavy_gshared_pool_seed0,warehouse_random_factorial,carrier,1,12,58.0,58000000,17,29,12,0,0.2361,20,14,60,60000000,12,58,58000000,1,1,1,72,270,927,0,0,STRICT_IMPROVEMENT,0,1,1,1,88,60,58,14,12,120,53,120,1412,0,414,0,177,0,0,244,51,248,433,25.7968,27279,100,TASKBR_VACANCY_V1,60,21,60,39,81,48.1481,0,79,13,181,181,79,74,74,74,74,0,0,0,0,0,0,0,74,78,6,BOTTLENECK_TARGET_FRONTIER_CONTINUITY_V2,0.173882,0.023951,0.119583,0.020142,0.101861,170,162,111,0,2,5,172,13,652,0,0,0,81.174,52217,1102,10.8379,0,0,0,,,,,,,,,,,,,,,,,,,,,,,,,,,,,,,,,,,,,,,,,,,,,,88.7161,88.746,33d36ab4368ddd05b2a6670244bc0f1e00c64d99b180a45f9717c0ec8c9acac6,0.098,ok,
g2_dlow_aequal_pcross_heavy_gsingleton_seed0,warehouse_random_factorial,carrier,1,20,83.0,83000000,47,24,12,0,0.3917,17,20,85,85000000,20,83,83000000,1,1,1,117,233,634,1,1,REFERENCE_SUFFIX_ACCEPTED,0,0,0,0,-1,-1,-1,-1,-1,100,5,100,630,0,464,0,147,32,32,28,118,400,268,17.3821,16884,40,TASKBR_VACANCY_V1,21,6,21,18,27,66.6667,0,68,16,114,114,68,62,62,62,62,0,0,0,0,0,0,0,62,62,6,BOTTLENECK_TARGET_FRONTIER_CONTINUITY_V2,0.100456,0.020027,0.091383,0.019076,0.111699,104,98,93,0,1,6,105,16,493,0,0,0,100.26,334173,827,42.2369,0,0,0,,,,,,,,,,,,,,,,,,,,,,,,,,,,,,,,,,,,,,,,,,,,,,107.02,107.048,6e06b1a745131ed8e7468efaf301e2be7afffdadaa21e7cdce334fc3c3005da7,0.116,ok,
g2_dlow_aequal_plocal_gshared_pool_seed0,warehouse_random_factorial,carrier,1,13,56.0,56000000,15,29,12,0,0.1923,20,13,56,56000000,13,56,56000000,1,0,0,1574,52,249,0,0,SEARCH_CUTOFF,0,1,0,0,-1,56,-1,13,-1,136,19163,136,2271,0,206,0,391,0,0,68,436,121,539,33.5345,33957,62,TASKBR_VACANCY_V1,42805,10026,42805,32779,52831,62.045,0,27388,8228,20145,20145,27388,27380,27380,27380,27380,0,0,0,0,0,0,0,27380,61903,6,BOTTLENECK_TARGET_FRONTIER_CONTINUITY_V2,32.5371,12.789,44.3299,10.1195,13.2083,9008,36,9001,0,6,120,20017,8228,39314,0,0,0,1843.54,3938183,138776,995.35,510,0,0,,,,,,,,,,,,,,,,,,,,,,,,,,,,,,,,,,,,,,,,,,,,,,8655.41,8655.45,85a2001a15a21c166bed33c227dc86cbe1e381d44ab3a7bdcb046e0c9194d742,8.671,ok,
g2_dlow_aequal_plocal_gsingleton_seed0,warehouse_random_factorial,carrier,1,15,59.0,59000000,23,24,12,0,0.2556,12,15,61,61000000,15,59,59000000,1,1,1,120,273,940,0,0,STRICT_IMPROVEMENT,0,0,0,0,-1,-1,-1,-1,-1,260,50,260,870,0,501,0,462,61,61,128,172,415,631,41.812,39753,77,TASKBR_VACANCY_V1,267,144,267,162,507,31.9527,0,95,32,319,319,95,82,82,82,82,0,0,0,0,0,0,0,82,127,6,BOTTLENECK_TARGET_FRONTIER_CONTINUITY_V2,0.32783,0.029288,0.153343,0.025901,0.130699,291,287,247,0,14,72,231,32,847,0,0,0,168.19,113155,2033,22.5728,0,0,7,,,,,,,,,,,,,,,,,,,,,,,,,,,,,,,,,,,,,,,,,,,,,,179.348,179.379,8482f4c0b7798e48a0733a30e1c3dec4a3c026dc4dfe7a31850cc71aca0da43b,0.188,ok,
g2_dlow_aequal_pmixed_gshared_pool_seed0,warehouse_random_factorial,carrier,1,19,78.0,78000000,31,35,12,0,0.2719,30,19,78,78000000,19,78,78000000,1,0,0,4982,32628,9604,0,0,SEARCH_CUTOFF,0,1,0,0,-1,78,-1,19,-1,172,19740,172,3591,0,652,0,345,30,30,0,1,343,676,39.4424,42588,116,TASKBR_VACANCY_V1,19964,4091,19964,19934,24055,82.8684,0,16210,13,20217,20217,20271,20267,20267,20267,20267,0,0,0,0,0,0,0,20267,53323,6,BOTTLENECK_TARGET_FRONTIER_CONTINUITY_V2,28.9397,9.74102,35.1753,8.78402,15.6848,10819,56,10815,0,48,395,19772,13,46799,0,0,0,2975.6,14087357,161674,2185.83,0,0,0,,,,,,,,,,,,,,,,,,,,,,,,,,,,,,,,,,,,,,,,,,,,,,8666.31,8666.34,c577546029daf6d1154250db72876315e306380074c3bc583609d283565a1e59,8.681,ok,
g2_dlow_aequal_pmixed_gsingleton_seed0,warehouse_random_factorial,carrier,1,20,80.0,80000000,37,31,12,0,0.3083,19,20,82,82000000,20,80,80000000,1,1,1,17,25,151,0,0,STRICT_IMPROVEMENT,1,0,0,0,-1,-1,-1,-1,-1,53,4,53,339,0,99,0,69,8,8,688,179,87,126,8.91991,7938,180,TASKBR_VACANCY_V1,49,21,49,39,74,52.7027,0,82,16,69,69,89,83,83,83,83,0,0,0,0,0,0,0,83,101,6,BOTTLENECK_TARGET_FRONTIER_CONTINUITY_V2,0.116947,0.030677,0.160629,0.029118,0.105561,52,42,42,0,11,19,37,16,123,0,0,0,42.3504,78267,317,10.374,0,4,0,,,,,,,,,,,,,,,,,,,,,,,,,,,,,,,,,,,,,,,,,,,,,,48.3462,48.381,95885bc31a74c9858874971775e35bc72ae5e8888f99458b9c0b5b85ffbf4798,0.058,ok,
g2_dlow_ascarce_pcross_heavy_gshared_pool_seed0,warehouse_random_factorial,carrier,1,27,76.0,76000000,21,41,14,1,0.2593,22,28,74,74000000,27,76,76000000,1,1,1,162,714,388,0,0,STRICT_IMPROVEMENT,3,1,1,1,530,74,76,28,27,163,2468,163,1907,0,239,0,412,4,4,1020,1357,80,658,40.8268,41454,213,TASKBR_VACANCY_V1,5735,694,5735,5122,6429,79.6702,0,10519,1939,5242,5242,10519,10236,10220,10220,10220,0,0,0,0,0,0,0,10220,12062,6,BOTTLENECK_TARGET_FRONTIER_CONTINUITY_V2,6.05563,2.22282,9.29342,2.22537,3.95584,3773,108,3763,0,138,1430,3672,1939,2933,0,149,0,312.072,125347,19014,80.3137,576,0,0,,,,,,,,,,,,,,,,,,,,,,,,,,,,,,,,,,,,,,,,,,,,,,553.578,553.613,f2912ac9e20715d3a093b32738436021e3de605b1413d5e5a412d3767a4332bb,0.564,ok,
g2_dlow_ascarce_pcross_heavy_gsingleton_seed0,warehouse_random_factorial,carrier,1,45,130.0,130000000,49,69,12,0,0.363,67,46,130,130000000,45,130,130000000,1,1,1,11,80,227,1,1,REFERENCE_SUFFIX_ACCEPTED,26,0,0,0,-1,-1,-1,-1,-1,92,3,92,1075,0,138,0,230,16,16,2355,1360,114,273,17.8175,17199,686,TASKBR_VACANCY_V1,199,37,199,184,246,74.7967,0,299,76,123,123,315,304,292,292,292,0,0,0,0,0,0,0,292,294,6,BOTTLENECK_TARGET_FRONTIER_CONTINUITY_V2,0.234478,0.087886,0.48871,0.098186,0.280369,91,39,90,0,4,11,106,76,173,0,0,0,148.744,89600,605,13.2022,21,2,0,,,,,,,,,,,,,,,,,,,,,,,,,,,,,,,,,,,,,,,,,,,,,,155.793,155.821,d5023e86582a87ff67c9b8a57908363b54529b52bb2b5b104642bf0ad6e8bb43,0.165,ok,
g2_dlow_ascarce_plocal_gshared_pool_seed0,warehouse_random_factorial,carrier,1,29,78.0,78000000,15,51,12,0,0.1724,26,29,78,78000000,29,78,78000000,1,0,0,4260,1043,483,0,0,SEARCH_CUTOFF,5,1,0,0,-1,78,-1,29,-1,845,31571,845,5092,0,824,0,2508,3,3,604,575,683,2365,164.564,148995,240,TASKBR_VACANCY_V1,84207,8082,84207,76170,92289,82.5342,575,189801,22223,69309,69309,189801,184061,184061,184061,184061,0,0,0,0,0,0,0,184061,190813,6,BOTTLENECK_TARGET_FRONTIER_CONTINUITY_V2,92.5983,38.0155,173.341,37.3728,74.0955,54110,774,53823,0,2611,21058,45638,22223,31749,0,3468,0,3723.35,1817478,348898,1272.1,4657,0,0,,,,,,,,,,,,,,,,,,,,,,,,,,,,,,,,,,,,,,,,,,,,,,8978.52,8978.55,c1a9bc8d4182ab684f10eb0da8832d23f9f9238c13779953b894206e9f297073,9.011,ok,
g2_dlow_ascarce_plocal_gsingleton_seed0,warehouse_random_factorial,carrier,1,33,86.0,86000000,25,49,12,0,0.2525,32,33,86,86000000,33,86,86000000,1,0,0,26369,1157,525,0,0,SEARCH_CUTOFF,14,0,0,0,-1,-1,-1,-1,-1,2895,40648,2895,16135,0,3318,0,6661,6,6,136,7331,3260,9708,607.965,611604,50,TASKBR_VACANCY_V1,76812,10186,76812,66634,87002,76.589,2619,88366,20727,53776,53776,88372,86076,83651,83651,83651,0,0,0,0,0,0,0,83651,92602,6,BOTTLENECK_TARGET_FRONTIER_CONTINUITY_V2,57.562,20.5773,72.9785,20.505,29.5468,40272,3002,39263,0,1820,15237,36717,20727,56019,0,2714,0,5015.26,4389930,256441,1340.36,6400,0,0,,,,,,,,,,,,,,,,,,,,,,,,,,,,,,,,,,,,,,,,,,,,,,8862.14,8862.18,bc3c6cefb6703746d156d80aea57579fa251979f2297a587e2f1a497a385c36e,8.889,ok,
g2_dlow_ascarce_pmixed_gshared_pool_seed0,warehouse_random_factorial,carrier,1,37,98.0,98000000,31,55,12,0,0.2793,42,37,99,99000000,37,98,98000000,1,1,1,1155,555,392,0,0,STRICT_IMPROVEMENT,3,1,1,1,410,99,98,37,37,177,2612,177,4886,0,413,0,425,2,1,204,474,142,921,53.6028,58023,188,TASKBR_VACANCY_V1,3541,473,3541,3082,4028,76.5144,0,3950,958,3515,3515,3963,3959,3873,3873,3873,0,0,0,0,0,0,0,3873,5985,6,BOTTLENECK_TARGET_FRONTIER_CONTINUITY_V2,3.21564,1.09086,3.88118,1.22344,1.74029,2754,123,2773,0,233,1195,2085,958,3528,0,116,0,292.396,177617,11991,63.0897,274,0,0,,,,,,,,,,,,,,,,,,,,,,,,,,,,,,,,,,,,,,,,,,,,,,430.972,431.007,800ff0d4dbb7f54c2e9fed5160d8266a0e013d6bc18a0442caf7346df061f8b9,0.441,ok,
g2_dlow_ascarce_pmixed_gsingleton_seed0,warehouse_random_factorial,carrier,1,37,94.0,94000000,37,45,12,0,0.3333,53,37,95,95000000,37,94,94000000,1,1,1,11442,1330,576,0,0,STRICT_IMPROVEMENT,8,0,0,0,-1,-1,-1,-1,-1,797,17157,797,3180,0,953,0,1667,6,6,1184,1712,947,1772,130.509,111636,302,TASKBR_VACANCY_V1,21925,2915,21925,19018,24844,76.5497,515,30603,5897,23919,23919,30609,27640,26730,26730,26730,0,0,0,0,0,0,0,26730,42065,6,BOTTLENECK_TARGET_FRONTIER_CONTINUITY_V2,22.4865,7.65274,26.8016,9.51615,7.72474,17475,1163,17389,0,949,7670,15298,5897,19123,0,1550,0,1553.72,1797215,55794,445.166,1352,0,2,,,,,,,,,,,,,,,,,,,,,,,,,,,,,,,,,,,,,,,,,,,,,,3535.62,3535.66,f418231752823fe9b31a17b7fcf464d77fe3d9cd62db1a66141a8a510bd6d9de,3.553,ok,
g2_dlow_asurplus_pcross_heavy_gshared_pool_seed0,warehouse_random_factorial,carrier,1,11,51.0,51000000,19,20,12,0,0.1919,18,12,51,51000000,11,51,51000000,1,1,1,1,17,142,0,0,STRICT_IMPROVEMENT,2,1,1,1,33,51,51,12,11,30,9,30,1145,0,186,0,66,0,0,43,174,31,224,12.2119,14112,87,TASKBR_VACANCY_V1,69,27,69,42,96,43.75,0,67,23,45,45,67,61,61,61,61,0,0,0,0,0,0,0,61,124,6,BOTTLENECK_TARGET_FRONTIER_CONTINUITY_V2,0.095751,0.027606,0.1302,0.022195,0.142343,26,24,16,0,1,4,38,23,93,0,0,0,29.0999,16408,241,3.04021,3,0,0,,,,,,,,,,,,,,,,,,,,,,,,,,,,,,,,,,,,,,,,,,,,,,33.8888,33.913,1ec08c3243b762657f9889a004dbebabbf3f6c35c2227fd3124dfd0158b2e77e,0.042,ok,
g2_dlow_asurplus_pcross_heavy_gsingleton_seed0,warehouse_random_factorial,carrier,1,20,83.0,83000000,47,24,12,0,0.2611,19,20,85,85000000,20,83,83000000,1,1,1,117,233,979,1,1,REFERENCE_SUFFIX_ACCEPTED,0,0,0,0,-1,-1,-1,-1,-1,100,5,100,630,0,464,0,147,32,32,28,118,400,268,17.333,16884,40,TASKBR_VACANCY_V1,21,6,21,18,27,66.6667,0,68,16,114,114,68,62,62,62,62,0,0,0,0,0,0,0,62,101,6,BOTTLENECK_TARGET_FRONTIER_CONTINUITY_V2,0.169807,0.025337,0.149279,0.021635,0.135935,104,98,93,0,1,6,105,16,493,0,0,0,101.218,334173,827,42.9191,0,0,0,,,,,,,,,,,,,,,,,,,,,,,,,,,,,,,,,,,,,,,,,,,,,,108.513,108.54,d28226ee03355f6718600485efbc8028012be4a6e251462a508288376eafb662,0.117,ok,
g2_dlow_asurplus_plocal_gshared_pool_seed0,warehouse_random_factorial,carrier,1,12,51.0,51000000,15,24,12,0,0.1389,19,12,51,51000000,12,51,51000000,1,0,0,12042,268,1426,0,0,SEARCH_CUTOFF,0,1,0,0,-1,51,-1,12,-1,315,19183,315,2420,0,568,0,690,0,0,27,1437,477,875,58.1505,55125,52,TASKBR_VACANCY_V1,19634,67,19634,19567,19701,99.3198,49,19715,6486,19646,19646,19715,19708,19708,19708,19708,0,0,0,0,0,0,0,19708,115405,6,BOTTLENECK_TARGET_FRONTIER_CONTINUITY_V2,28.6098,12.1353,39.0542,8.32592,40.8267,10991,75,10986,0,28,254,19362,6486,45800,0,0,0,1540.62,1993938,139236,607.925,3224,0,0,,,,,,,,,,,,,,,,,,,,,,,,,,,,,,,,,,,,,,,,,,,,,,8647.66,8647.7,fad7edac9d6c6a9bfb2ea50340a6cbd2a0cca7ed1a92239efee2d464abc3abbd,8.664,ok,
g2_dlow_asurplus_plocal_gsingleton_seed0,warehouse_random_factorial,carrier,1,15,53.0,53000000,23,18,12,0,0.1704,12,15,55,55000000,15,53,53000000,1,1,1,100,56,378,0,0,STRICT_IMPROVEMENT,0,0,0,0,-1,-1,-1,-1,-1,258,107,258,617,0,348,0,369,33,33,96,29,310,595,39.9178,37485,62,TASKBR_VACANCY_V1,173,100,173,93,307,30.2932,0,108,43,380,380,113,77,77,77,77,0,0,0,0,0,0,0,77,286,6,BOTTLENECK_TARGET_FRONTIER_CONTINUITY_V2,0.476658,0.042163,0.202762,0.032259,0.136469,343,337,252,0,29,131,218,43,787,0,0,0,139.64,75550,1490,16.2587,0,0,11,,,,,,,,,,,,,,,,,,,,,,,,,,,,,,,,,,,,,,,,,,,,,,153.004,153.034,80bf1db595f3d09e969c6af0f293da2cbe21839544df942c8ec0a331dbbec992,0.162,ok,
g2_dlow_asurplus_pmixed_gshared_pool_seed0,warehouse_random_factorial,carrier,1,14,67.0,67000000,29,26,12,0,0.2302,20,14,69,69000000,14,67,67000000,1,1,1,11,47,311,1,1,REFERENCE_SUFFIX_ACCEPTED,0,1,1,1,42,69,67,14,14,34,12,34,1519,0,317,0,85,0,0,0,27,68,238,12.8713,14994,75,TASKBR_VACANCY_V1,76,36,76,40,112,35.7143,0,76,16,53,53,76,72,72,72,72,0,0,0,0,0,0,0,72,129,6,BOTTLENECK_TARGET_FRONTIER_CONTINUITY_V2,0.110686,0.031533,0.175659,0.026696,0.161332,38,32,22,0,1,2,48,16,172,0,0,0,37.6022,39833,370,6.93998,0,0,0,,,,,,,,,,,,,,,,,,,,,,,,,,,,,,,,,,,,,,,,,,,,,,42.7248,42.7485,1f7b5cf14dc8db73a8ac3f38a0c7a416dd7932083d9461d0e8daa0459c1ba110,0.052,ok,
g2_dlow_asurplus_pmixed_gsingleton_seed0,warehouse_random_factorial,carrier,1,19,82.0,82000000,39,31,12,0,0.2281,17,19,84,84000000,19,82,82000000,1,1,1,8,24,208,1,1,REFERENCE_SUFFIX_ACCEPTED,0,0,0,0,-1,-1,-1,-1,-1,46,5,46,269,0,105,0,50,2,2,160,285,101,102,7.1724,6426,42,TASKBR_VACANCY_V1,36,9,36,30,45,66.6667,0,75,17,60,60,75,71,71,71,71,0,0,0,0,0,0,0,71,127,6,BOTTLENECK_TARGET_FRONTIER_CONTINUITY_V2,0.11881,0.030932,0.154407,0.026792,0.11094,47,41,34,0,2,8,48,17,139,0,0,0,36.8683,96178,349,13.0117,0,0,0,,,,,,,,,,,,,,,,,,,,,,,,,,,,,,,,,,,,,,,,,,,,,,42.1585,42.1833,703ba367104b591df2f201d2c539e3e0f48c8992615639c401a77d6a86988988,0.051,ok,
g2_dmedium_abaseline_pcross_heavy_gshared_pool_seed0,warehouse_random_factorial,carrier,1,18,58.0,58000000,19,27,12,0,0.2639,25,18,58,58000000,18,58,58000000,1,0,0,12890,3094,1385,0,0,SEARCH_CUTOFF,2,1,0,0,-1,58,-1,18,-1,57,17176,57,1365,0,195,0,171,2,2,1210,209,38,311,21.2373,19593,160,TASKBR_VACANCY_V1,34727,79,34727,34708,34806,99.7184,0,114809,32355,55921,55921,114809,113144,113139,113139,113139,0,0,0,0,0,0,0,113139,176979,6,BOTTLENECK_TARGET_FRONTIER_CONTINUITY_V2,64.7251,27.7132,118.101,26.9891,50.4674,31144,24,26712,0,227,3233,52459,32355,13599,0,419,0,2567.89,1725286,172661,824.143,16126,0,0,,,,,,,,,,,,,,,,,,,,,,,,,,,,,,,,,,,,,,,,,,,,,,8903.14,8903.17,8ceb9c7bde5e114addc966da266424bd6ea8031038cda9d33ee5a9167639245e,8.933,ok,
g2_dmedium_abaseline_pcross_heavy_gsingleton_seed0,warehouse_random_factorial,carrier,1,29,99.0,99000000,47,40,12,0,0.4052,46,31,101,101000000,29,99,99000000,1,1,1,0,29,138,1,1,REFERENCE_SUFFIX_ACCEPTED,12,0,0,0,-1,-1,-1,-1,-1,52,4,52,684,0,80,0,137,10,10,788,1022,68,153,11.6779,9639,240,TASKBR_VACANCY_V1,129,23,129,121,156,77.5641,0,164,56,65,65,172,166,162,162,162,0,0,0,0,0,0,0,162,177,6,BOTTLENECK_TARGET_FRONTIER_CONTINUITY_V2,0.144503,0.055869,0.274078,0.056112,0.157353,35,9,34,0,4,9,50,56,103,0,0,0,87.3577,96873,383,12.8057,5,0,0,,,,,,,,,,,,,,,,,,,,,,,,,,,,,,,,,,,,,,,,,,,,,,93.8596,93.8854,8cd9778e357a2a539ae93029bf3f86039efae89a80b56c4e7a0487edb932c204,0.103,ok,
g2_dmedium_abaseline_plocal_gshared_pool_seed0,warehouse_random_factorial,carrier,1,24,78.0,78000000,15,51,12,0,0.1562,34,24,78,78000000,24,78,78000000,1,0,0,1648,3022,1449,0,0,SEARCH_CUTOFF,7,1,0,0,-1,78,-1,24,-1,28,4928,28,2238,0,87,0,114,1,0,142,18,6,359,23.4389,22617,68,TASKBR_VACANCY_V1,9955,1580,9955,9943,11535,86.1985,0,93997,24923,47073,47073,93997,92422,92422,92422,92422,0,0,0,0,0,0,0,92422,169188,6,BOTTLENECK_TARGET_FRONTIER_CONTINUITY_V2,53.5154,23.5688,99.3082,22.8329,53.4092,32782,3,28306,0,171,2612,44288,24923,1599,0,451,0,1868.59,417490,98931,490.613,12064,0,0,,,,,,,,,,,,,,,,,,,,,,,,,,,,,,,,,,,,,,,,,,,,,,8876.67,8876.7,223cde261c43e4edfa0d88688437f32d967b2f0c2bb278760d1f82d697aab6bb,8.906,ok,
g2_dmedium_abaseline_plocal_gsingleton_seed0,warehouse_random_factorial,carrier,1,24,77.0,77000000,31,34,12,0,0.3229,36,24,77,77000000,24,77,77000000,1,0,0,32298,5623,1976,0,0,SEARCH_CUTOFF,5,0,0,0,-1,-1,-1,-1,-1,263,41265,263,1024,0,275,0,572,18,6,1528,763,269,743,58.1272,46809,598,TASKBR_VACANCY_V1,77527,6528,77527,71013,84071,84.4679,0,92275,25441,49492,49492,92281,86489,85987,85987,85987,0,0,0,0,0,0,0,85987,121131,6,BOTTLENECK_TARGET_FRONTIER_CONTINUITY_V2,53.8704,19.7878,85.0884,19.2564,30.4915,29137,134,29138,0,172,2658,46660,25441,51150,0,475,0,3051.83,3341013,261986,1204.89,9135,0,6,,,,,,,,,,,,,,,,,,,,,,,,,,,,,,,,,,,,,,,,,,,,,,9171.5,9171.54,78c2953d334b0ed7dc39fd75d0d3d924365b1194fb5c5fa19494af169ba1169a,9.2,ok,
g2_dmedium_abaseline_pmixed_gshared_pool_seed0,warehouse_random_factorial,carrier,1,36,114.0,114000000,45,57,12,0,0.3125,68,38,111,111000000,36,114,114000000,1,1,1,0,9,44,0,0,STRICT_IMPROVEMENT,6,1,1,1,125,111,114,38,36,57,2,57,3879,0,539,7,158,14,13,213,4,30,752,47.0408,47376,423,TASKBR_VACANCY_V1,144,67,144,95,218,43.578,0,182,37,79,79,195,191,184,184,184,0,0,0,0,0,0,0,184,204,6,BOTTLENECK_TARGET_FRONTIER_CONTINUITY_V2,0.160811,0.060556,0.335304,0.065457,0.199412,48,21,49,0,16,5,56,37,93,0,0,0,119.609,84363,415,11.8614,6,0,0,,,,,,,,,,,,,,,,,,,,,,,,,,,,,,,,,,,,,,,,,,,,,,127.196,127.223,cef43e61771dfbb74f2e3934a984ce01cb4c43532a851ccb8e4d2865f2a3a417,0.136,ok,
g2_dmedium_abaseline_pmixed_gsingleton_seed0,warehouse_random_factorial,carrier,1,35,108.0,108000000,45,51,12,0,0.3214,45,35,108,108000000,35,108,108000000,1,0,0,87212,110,313,0,0,SEARCH_CUTOFF,5,0,0,0,-1,-1,-1,-1,-1,648,34640,648,1244,0,1173,0,916,26,20,354,190,1075,1403,114.257,88389,134,TASKBR_VACANCY_V1,1712,968,1712,769,2705,28.4288,369,11179,961,43066,43066,11210,1125,1094,1094,1094,0,0,0,0,0,0,0,1094,2415,6,BOTTLENECK_TARGET_FRONTIER_CONTINUITY_V2,23.4817,0.409896,1.53764,0.378525,0.535154,42120,42096,28393,0,515,5301,37248,961,41799,0,695,0,2386.45,2579445,59582,614.93,4,0,0,,,,,,,,,,,,,,,,,,,,,,,,,,,,,,,,,,,,,,,,,,,,,,9147.18,9147.23,6815bb8d2dd4409df74269659a2075c3889d473bd139cefa42a085cf3be7c54c,9.175,ok,
g2_dmedium_aequal_pcross_heavy_gshared_pool_seed0,warehouse_random_factorial,carrier,1,12,58.0,58000000,17,29,12,0,0.2361,25,14,60,60000000,12,58,58000000,1,1,1,163,270,637,0,0,STRICT_IMPROVEMENT,0,1,1,1,70,60,58,14,12,60,38,60,1327,0,276,0,92,0,0,374,54,108,346,22.8167,21798,131,TASKBR_VACANCY_V1,60,21,60,39,81,48.1481,0,79,13,106,106,79,74,74,74,74,0,0,0,0,0,0,0,74,78,6,BOTTLENECK_TARGET_FRONTIER_CONTINUITY_V2,0.132257,0.025185,0.124988,0.021021,0.127532,95,87,51,0,2,5,97,13,322,0,0,0,64.4931,30005,562,6.23013,0,0,0,,,,,,,,,,,,,,,,,,,,,,,,,,,,,,,,,,,,,,,,,,,,,,71.5927,71.6205,183a6d32ad169a0fdf11768a4fe6869622f48596d4f55a0606a07442ef6f8271,0.08,ok,
g2_dmedium_aequal_pcross_heavy_gsingleton_seed0,warehouse_random_factorial,carrier,1,20,83.0,83000000,47,24,12,0,0.3917,20,20,85,85000000,20,83,83000000,1,1,1,157,233,504,1,1,REFERENCE_SUFFIX_ACCEPTED,0,0,0,0,-1,-1,-1,-1,-1,70,5,70,360,0,324,0,83,20,20,28,106,284,168,13.1074,10584,28,TASKBR_VACANCY_V1,21,6,21,18,27,66.6667,0,68,16,84,84,68,62,62,62,62,0,0,0,0,0,0,0,62,62,6,BOTTLENECK_TARGET_FRONTIER_CONTINUITY_V2,0.090872,0.020053,0.089933,0.01961,0.112267,74,68,63,0,1,6,75,16,329,0,0,0,75.3477,234965,587,30.1225,0,0,0,,,,,,,,,,,,,,,,,,,,,,,,,,,,,,,,,,,,,,,,,,,,,,82.5463,82.5732,ab0a7348c93431c92d25e2296c89bee4a0b9fef906b47a95395bced1658f8158,0.091,ok,
g2_dmedium_aequal_plocal_gshared_pool_seed0,warehouse_random_factorial,carrier,1,13,56.0,56000000,15,29,12,0,0.1923,28,13,56,56000000,13,56,56000000,1,0,0,4970,52,208,0,0,SEARCH_CUTOFF,0,1,0,0,-1,56,-1,13,-1,88,19028,88,1834,0,201,0,202,0,0,230,273,122,436,31.8721,27468,54,TASKBR_VACANCY_V1,28494,20,28494,28474,28514,99.8597,0,24591,13736,19624,19624,24591,24583,24523,24523,24523,0,0,0,0,0,0,0,24523,56381,6,BOTTLENECK_TARGET_FRONTIER_CONTINUITY_V2,30.5923,11.9016,40.6981,9.17503,13.3951,7506,27,7499,0,5,86,19531,13736,38788,0,0,0,1936.26,3561882,130403,925.038,4381,0,0,,,,,,,,,,,,,,,,,,,,,,,,,,,,,,,,,,,,,,,,,,,,,,8644.6,8644.63,32bf6afed26d4510e8274aaac4d1dcdbc5e54b6d9b9e9f62803e714475435532,8.66,ok,
g2_dmedium_aequal_plocal_gsingleton_seed0,warehouse_random_factorial,carrier,1,20,76.0,76000000,32,29,14,0,0.2667,25,20,76,76000000,20,76,76000000,1,0,0,6706,24,151,0,0,SEARCH_CUTOFF,2,0,0,0,-1,-1,-1,-1,-1,36,17286,36,248,0,47,0,89,18,12,444,214,35,136,9.76579,8568,140,TASKBR_VACANCY_V1,84,37,84,71,137,51.8248,0,89,28,24256,24256,108,103,92,92,92,0,0,0,0,0,0,0,92,108,6,BOTTLENECK_TARGET_FRONTIER_CONTINUITY_V2,18.6074,0.032769,0.165437,0.030617,0.144276,24233,24227,11274,0,52,403,23799,28,17360,0,0,0,1199.09,1039341,24473,256.903,0,4,8,,,,,,,,,,,,,,,,,,,,,,,,,,,,,,,,,,,,,,,,,,,,,,8643,8643.04,13d77ae4bc10d279b70a3b9233802eac9468be9fa4ae7e5a964adf3f67d11739,8.659,ok,
g2_dmedium_aequal_pmixed_gshared_pool_seed0,warehouse_random_factorial,carrier,1,21,90.0,90000000,39,39,12,0,0.3095,40,21,90,90000000,21,90,90000000,1,0,0,1299,26,159,0,0,SEARCH_CUTOFF,0,1,0,0,-1,90,-1,21,-1,37,12868,37,2257,0,431,4,105,8,4,362,16,32,424,26.9314,26712,332,TASKBR_VACANCY_V1,7643,7603,7643,43,15258,0.281819,0,1166,1116,20471,20471,1174,1172,1172,1172,1172,0,0,0,0,0,0,0,1172,6051,6,BOTTLENECK_TARGET_FRONTIER_CONTINUITY_V2,16.1361,0.48426,1.97665,0.422252,1.27655,19366,19358,9515,0,36,319,20114,1116,12951,0,0,0,998.568,723569,20673,190.964,4,0,0,,,,,,,,,,,,,,,,,,,,,,,,,,,,,,,,,,,,,,,,,,,,,,8628.24,8628.27,0cb50c531e978ea44d9d9f6f2cc9029e88b8efdcfd0fc3ec29c6cf69affb5c7c,8.643,ok,
g2_dmedium_aequal_pmixed_gsingleton_seed0,warehouse_random_factorial,carrier,1,19,88.0,88000000,42,31,14,0,0.3684,24,19,88,88000000,19,88,88000000,1,0,0,28036,69,262,0,0,SEARCH_CUTOFF,0,0,0,0,-1,-1,-1,-1,-1,1832,19097,1832,8283,0,6095,0,3670,1174,555,2384,1265,4987,6134,444.014,386442,1061,TASKBR_VACANCY_V1,21002,10258,21002,21489,56097,38.3069,1560,11045,22872,21215,21215,15996,15994,15983,15983,15983,0,0,0,0,0,0,0,15983,36413,6,BOTTLENECK_TARGET_FRONTIER_CONTINUITY_V2,22.8248,6.58372,22.8949,6.30324,12.2707,4936,209,4657,0,10,192,21011,22872,56741,0,3,0,4646.4,15088153,161245,2445.51,5792,2,0,,,,,,,,,,,,,,,,,,,,,,,,,,,,,,,,,,,,,,,,,,,,,,8665.25,8665.29,b7b6d481f732b47196d532dde94b4377a3046c9aafde153db6c6d7a0b604c5e5,8.682,ok,
g2_dmedium_ascarce_pcross_heavy_gshared_pool_seed0,warehouse_random_factorial,carrier,1,27,76.0,76000000,21,41,14,1,0.2593,28,28,74,74000000,27,76,76000000,1,1,1,196,757,386,0,0,STRICT_IMPROVEMENT,3,1,1,1,609,74,76,28,27,75,1444,75,1581,0,216,0,194,0,0,1188,648,55,417,28.286,26271,249,TASKBR_VACANCY_V1,3131,206,3131,2925,3337,87.6536,0,9211,2797,4689,4689,9211,9129,9008,9008,9008,0,0,0,0,0,0,0,9008,10802,6,BOTTLENECK_TARGET_FRONTIER_CONTINUITY_V2,5.17415,1.9682,8.02221,1.97981,3.51253,2718,15,2716,0,136,1291,3260,2797,1630,0,128,0,303.86,76475,13236,71.3021,1169,0,0,,,,,,,,,,,,,,,,,,,,,,,,,,,,,,,,,,,,,,,,,,,,,,641.969,642,b75d01c07ca596f3af916f8f554d5ee99d578c138f8b56412983e6a5b1aed06f,0.653,ok,
g2_dmedium_ascarce_pcross_heavy_gsingleton_seed0,warehouse_random_factorial,carrier,1,45,130.0,130000000,49,69,12,0,0.363,77,46,130,130000000,45,130,130000000,1,1,1,18,80,227,1,1,REFERENCE_SUFFIX_ACCEPTED,27,0,0,0,-1,-1,-1,-1,-1,90,3,90,1069,0,139,0,225,16,16,2352,1274,115,273,20.6334,17199,687,TASKBR_VACANCY_V1,198,36,198,184,244,75.4098,0,298,76,121,121,314,304,292,292,292,0,0,0,0,0,0,0,292,294,6,BOTTLENECK_TARGET_FRONTIER_CONTINUITY_V2,0.277049,0.082337,0.477881,0.091417,0.26713,89,37,88,0,4,11,104,76,167,0,0,0,161.462,89454,601,12.8779,21,2,0,,,,,,,,,,,,,,,,,,,,,,,,,,,,,,,,,,,,,,,,,,,,,,170.018,170.046,6075f8e4e43f402b353f08a41f2498705c5d7b11854d0b353efcaa7fdf657e30,0.179,ok,
g2_dmedium_ascarce_plocal_gshared_pool_seed0,warehouse_random_factorial,carrier,1,29,78.0,78000000,15,51,12,0,0.1724,36,29,78,78000000,29,78,78000000,1,0,0,6765,1041,483,0,0,SEARCH_CUTOFF,5,1,0,0,-1,78,-1,29,-1,1258,25770,1258,6098,0,663,0,3718,0,0,3723,5121,565,3190,281.159,200970,63,TASKBR_VACANCY_V1,62155,4502,62155,57653,66657,86.492,988,124774,26918,52292,52292,124779,121926,119018,119018,119018,0,0,0,5,0,0,0,119018,125710,6,BOTTLENECK_TARGET_FRONTIER_CONTINUITY_V2,62.9788,26.8626,106.761,25.6329,47.3753,34564,1111,34272,0,1638,12946,37706,26918,26602,0,2195,0,3783.48,1068446,207609,961.923,8712,0,0,,,,,,,,,,,,,,,,,,,,,,,,,,,,,,,,,,,,,,,,,,,,,,8879.29,8879.33,a85a9c0c685ed16a4cd53e32c6a6c48e7eb33057f8b3327cbc37c23df6b4bad4,8.91,ok,
g2_dmedium_ascarce_plocal_gsingleton_seed0,warehouse_random_factorial,carrier,1,33,90.0,90000000,29,49,12,0,0.2929,45,33,92,92000000,33,90,90000000,1,1,1,6733,1080,509,0,0,STRICT_IMPROVEMENT,0,0,0,0,-1,-1,-1,-1,-1,391,11994,391,2356,0,250,0,1119,26,6,746,1023,244,1133,88.2918,71379,430,TASKBR_VACANCY_V1,28050,1846,28050,26224,29920,87.6471,112,63088,9972,25808,25808,63108,62869,62768,62768,62768,0,0,0,2,0,0,0,62768,64021,6,BOTTLENECK_TARGET_FRONTIER_CONTINUITY_V2,32.0524,12.6281,54.8546,12.7327,26.642,19865,302,19866,0,818,7422,17566,9972,13174,0,1069,0,2281.36,5005126,131788,1049.07,3139,0,0,,,,,,,,,,,,,,,,,,,,,,,,,,,,,,,,,,,,,,,,,,,,,,4494.86,4494.9,d40eab24130045b7d83e890bdb102b3aa689047cc05fd44e9cc10d709a087fda,4.514,ok,
g2_dmedium_ascarce_pmixed_gshared_pool_seed0,warehouse_random_factorial,carrier,1,43,112.0,112000000,39,61,12,0,0.3023,54,43,112,112000000,43,112,112000000,1,0,0,18025,736,472,0,0,SEARCH_CUTOFF,9,1,0,0,-1,112,-1,43,-1,3815,26253,3815,23548,0,2964,7,6268,149,64,453,5366,1919,9995,819.883,629685,5803,TASKBR_VACANCY_V1,38621,15361,38621,23524,54321,43.3055,3537,42471,12639,45836,45836,43563,39046,38785,38785,38785,0,0,0,884,0,0,0,38785,61221,6,BOTTLENECK_TARGET_FRONTIER_CONTINUITY_V2,39.5878,11.8432,41.3359,11.9757,18.1712,31097,14738,27100,0,1424,12809,31601,12639,32906,0,2169,0,4404.87,3274804,96369,952.606,669,0,0,,,,,,,,,,,,,,,,,,,,,,,,,,,,,,,,,,,,,,,,,,,,,,8820.81,8820.85,d90cf9d7044ddff4762bfdc54885637b19c3e11946d62a9feccbd2baf6e0c46e,8.848,ok,
g2_dmedium_ascarce_pmixed_gsingleton_seed0,warehouse_random_factorial,carrier,1,41,109.0,109000000,43,54,12,0,0.3496,67,41,109,109000000,41,109,109000000,1,0,0,19865,713,462,0,0,SEARCH_CUTOFF,10,0,0,0,-1,-1,-1,-1,-1,3489,28477,3489,11591,0,3589,0,3678,76,46,3396,924,3376,7440,618.225,468720,960,TASKBR_VACANCY_V1,29823,7614,29823,22240,37628,59.1049,3204,40865,14094,49382,49382,40893,38835,38671,38671,38671,0,0,0,0,0,0,0,38671,62847,6,BOTTLENECK_TARGET_FRONTIER_CONTINUITY_V2,40.4188,11.4318,40.7013,12.0617,15.167,35951,19402,31366,0,1549,13226,34605,14094,36337,0,2129,0,4104.93,3059556,99326,932.952,2360,0,0,,,,,,,,,,,,,,,,,,,,,,,,,,,,,,,,,,,,,,,,,,,,,,8855.65,8855.68,46620cebe3b40310479291051329969e409d1ece01ead1f3641778b15c27d5fb,8.884,ok,
g2_dmedium_asurplus_pcross_heavy_gshared_pool_seed0,warehouse_random_factorial,carrier,1,12,51.0,51000000,19,20,12,0,0.1759,23,12,51,51000000,12,51,51000000,1,0,0,33433,16,126,0,0,SEARCH_CUTOFF,0,1,0,0,-1,51,-1,12,-1,81,18443,81,1270,0,261,0,124,4,4,112,212,100,374,25.2056,23562,122,TASKBR_VACANCY_V1,69,27,69,42,96,43.75,0,67,23,18720,18720,67,61,61,61,61,0,0,0,0,0,0,0,61,124,6,BOTTLENECK_TARGET_FRONTIER_CONTINUITY_V2,16.4438,0.027384,0.129272,0.023646,0.136518,18701,18699,14341,0,18,170,18530,23,43660,0,0,0,1277.13,2794248,82871,542.21,3,0,0,,,,,,,,,,,,,,,,,,,,,,,,,,,,,,,,,,,,,,,,,,,,,,8643.67,8643.7,0927d2b4af01c1e062b3fd33da9abd7c4c22f879bd52eca013a25a6cb9cb13c4,8.663,ok,
g2_dmedium_asurplus_pcross_heavy_gsingleton_seed0,warehouse_random_factorial,carrier,1,20,83.0,83000000,47,24,12,0,0.2611,19,20,85,85000000,20,83,83000000,1,1,1,157,233,729,1,1,REFERENCE_SUFFIX_ACCEPTED,0,0,0,0,-1,-1,-1,-1,-1,70,5,70,360,0,324,0,83,20,20,28,106,284,168,12.8824,10584,28,TASKBR_VACANCY_V1,21,6,21,18,27,66.6667,0,68,16,84,84,68,62,62,62,62,0,0,0,0,0,0,0,62,101,6,BOTTLENECK_TARGET_FRONTIER_CONTINUITY_V2,0.133209,0.025677,0.153688,0.022515,0.137273,74,68,63,0,1,6,75,16,329,0,0,0,74.6397,234965,587,30.2094,0,0,0,,,,,,,,,,,,,,,,,,,,,,,,,,,,,,,,,,,,,,,,,,,,,,82.0791,82.1067,bdb049024e3ab57dbe22a61e0bbda7a436bfc825efb88783deeb641fb7f2a710,0.091,ok,
g2_dmedium_asurplus_plocal_gshared_pool_seed0,warehouse_random_factorial,carrier,1,12,51.0,51000000,15,24,12,0,0.1389,28,12,51,51000000,12,51,51000000,1,0,0,26511,270,953,0,0,SEARCH_CUTOFF,0,1,0,0,-1,51,-1,12,-1,198,18478,198,2115,0,419,0,379,0,0,145,746,341,673,53.1096,42399,77,TASKBR_VACANCY_V1,18761,34,18761,18727,18795,99.6382,0,19099,6283,19039,19039,19099,19092,19092,19092,19092,0,0,0,0,0,0,0,19092,111539,6,BOTTLENECK_TARGET_FRONTIER_CONTINUITY_V2,27.4309,11.8592,38.9646,8.23445,40.1783,10750,64,10745,0,29,264,18744,6283,40962,0,0,0,1893.26,4431554,124664,872.436,3127,0,0,,,,,,,,,,,,,,,,,,,,,,,,,,,,,,,,,,,,,,,,,,,,,,8647.85,8647.88,d233baca3f668dc8cf1aa08aae0f8e5b017c4bcfa1a5d16f2ff7e61e5abdb12c,8.666,ok,
g2_dmedium_asurplus_plocal_gsingleton_seed0,warehouse_random_factorial,carrier,1,20,73.0,73000000,32,26,14,0,0.1778,24,20,73,73000000,20,73,73000000,1,0,0,20272,24,220,0,0,SEARCH_CUTOFF,1,0,0,0,-1,-1,-1,-1,-1,36,14825,36,216,0,47,0,77,18,12,504,116,35,126,9.14153,7938,180,TASKBR_VACANCY_V1,62,33,62,51,109,46.789,0,67,27,20267,20267,85,79,79,79,79,0,0,0,0,0,0,0,79,194,6,BOTTLENECK_TARGET_FRONTIER_CONTINUITY_V2,19.148,0.037878,0.190916,0.028984,0.156349,20247,20243,9217,0,32,248,19985,27,14901,0,0,0,917.081,959003,20477,195.806,0,6,13,,,,,,,,,,,,,,,,,,,,,,,,,,,,,,,,,,,,,,,,,,,,,,8634.15,8634.19,d090216a122426f9c24954cbcdc35f9e1c112228990869e101ff4a20db0703ba,8.654,ok,
g2_dmedium_asurplus_pmixed_gshared_pool_seed0,warehouse_random_factorial,carrier,1,16,77.0,77000000,39,26,12,0,0.2708,27,16,77,77000000,16,77,77000000,1,0,0,243169,49,305,0,0,SEARCH_CUTOFF,0,1,0,0,-1,77,-1,16,-1,165,17341,165,1421,0,866,4,132,14,14,184,17,484,530,39.8433,33390,158,TASKBR_VACANCY_V1,78,44,78,38,123,30.8943,0,73,24,17798,17798,74,72,72,72,72,0,0,0,0,0,0,0,72,133,6,BOTTLENECK_TARGET_FRONTIER_CONTINUITY_V2,15.45,0.032508,0.177697,0.027391,0.157657,17783,17777,11963,0,29,215,17552,24,42564,0,0,0,1671.49,4389552,115478,826.751,4,0,61,,,,,,,,,,,,,,,,,,,,,,,,,,,,,,,,,,,,,,,,,,,,,,8654.5,8654.53,53ec6d5866d1173f4b855c2492ba350ee7c50a41474b4cce31a47e30e794422c,8.686,ok,
g2_dmedium_asurplus_pmixed_gsingleton_seed0,warehouse_random_factorial,carrier,1,19,88.0,88000000,42,31,14,0,0.2456,16,19,88,88000000,19,88,88000000,1,0,0,139355,17,150,0,0,SEARCH_CUTOFF,0,0,0,0,-1,-1,-1,-1,-1,168,17583,168,463,0,389,0,201,6,2,228,116,385,389,31.1961,24507,54,TASKBR_VACANCY_V1,19,11,19,16,30,53.3333,0,73,19,18266,18266,81,78,78,78,78,0,0,0,0,0,0,0,78,142,6,BOTTLENECK_TARGET_FRONTIER_CONTINUITY_V2,16.4681,0.033762,0.147935,0.02887,0.139029,18252,18248,7672,0,23,286,17955,19,40214,0,0,0,1604.3,4888853,90179,797.238,0,0,0,,,,,,,,,,,,,,,,,,,,,,,,,,,,,,,,,,,,,,,,,,,,,,8639.32,8639.36,b858cee2c46963245a58e283b85063c4da2b26a162fbaed5237a3bf36e2e5bca,8.664,ok,
g3_dhigh_abaseline_pcross_heavy_gshared_pool_seed0,warehouse_random_factorial,carrier,1,29,132.0,132000000,33,83,16,0,0.1897,88,29,132,132000000,29,132,132000000,1,0,0,1296,31253,15733,0,0,SEARCH_CUTOFF,0,1,0,0,-1,132,-1,29,-1,29,6581,29,2145,0,368,0,119,0,0,332,26,25,380,60.0374,39900,312,TASKBR_VACANCY_V1,6691,31,6691,6660,6722,99.0777,0,19787,31,19600,19600,19787,19783,19783,19783,19783,0,0,0,0,0,0,0,19783,91921,8,BOTTLENECK_TARGET_FRONTIER_CONTINUITY_V2,30.3254,8.72374,35.5591,7.40053,8.37669,6602,3,6601,0,32,322,19244,31,6652,0,0,0,1348.59,136633,26490,142.646,4,0,0,,,,,,,,,,,,,,,,,,,,,,,,,,,,,,,,,,,,,,,,,,,,,,8629.87,8629.93,b9ce77f07bdbcfdd018c9c858a2591680785d9e98b31239a49036d53bdf9ced9,8.648,ok,
g3_dhigh_abaseline_pcross_heavy_gsingleton_seed0,warehouse_random_factorial,carrier,1,43,179.0,179000000,68,95,16,0,0.2636,97,43,179,179000000,43,179,179000000,1,0,0,21689,36,237,0,0,SEARCH_CUTOFF,2,0,0,0,-1,-1,-1,-1,-1,109,18769,109,1024,0,196,0,225,64,24,812,619,138,369,68.4993,38745,408,TASKBR_VACANCY_V1,18935,8005,18935,21841,45779,47.7096,0,14192,29799,21952,21952,21187,21179,21144,21144,21144,0,0,0,0,0,0,0,21144,77142,8,BOTTLENECK_TARGET_FRONTIER_CONTINUITY_V2,28.796,7.56376,31.0348,7.70722,13.5512,3484,49,2668,0,60,379,21511,29799,25388,0,0,0,3271.05,13770732,99900,1770.02,9275,0,2,,,,,,,,,,,,,,,,,,,,,,,,,,,,,,,,,,,,,,,,,,,,,,8682.34,8682.4,cc1d944845b81f842b57e12e3234dd98eed48ba4e6421a48cb23f5b4b25b5573,8.701,ok,
g3_dhigh_abaseline_plocal_gshared_pool_seed0,warehouse_random_factorial,carrier,1,19,92.0,92000000,19,57,16,0,0.1667,127,19,92,92000000,19,92,92000000,1,0,0,1555,24789,18767,0,0,SEARCH_CUTOFF,6,1,0,0,-1,92,-1,19,-1,29,18055,29,3447,0,114,0,132,0,0,84,105,10,621,96.0128,65205,173,TASKBR_VACANCY_V1,18183,20,18183,18163,18203,99.7803,0,19532,6337,19390,19390,19532,19524,19523,19523,19523,0,0,0,0,0,0,0,19523,81639,8,BOTTLENECK_TARGET_FRONTIER_CONTINUITY_V2,30.3904,8.83775,34.7758,7.14796,24.7899,8139,5,8138,0,25,228,19135,6337,18100,0,0,0,1526.14,209334,31189,171.417,3152,0,0,,,,,,,,,,,,,,,,,,,,,,,,,,,,,,,,,,,,,,,,,,,,,,8639.76,8639.81,0093396a6000192ac3bb76787587af1d86c7c116748594f4341544c7a7e8fc38,8.657,ok,
g3_dhigh_abaseline_plocal_gsingleton_seed0,warehouse_random_factorial,carrier,1,23,114.0,114000000,48,50,16,0,0.3478,100,23,114,114000000,23,114,114000000,1,0,0,3891,46471,12592,0,0,SEARCH_CUTOFF,2,0,0,0,-1,-1,-1,-1,-1,32,6306,32,426,0,72,0,126,12,0,484,2254,72,171,30.3741,17955,1634,TASKBR_VACANCY_V1,12708,4,12708,12712,12724,99.9057,0,38700,6659,19310,19310,38708,38702,38694,38694,38694,0,0,0,0,0,0,0,38694,90309,8,BOTTLENECK_TARGET_FRONTIER_CONTINUITY_V2,38.2256,12.4462,55.3086,11.2824,20.2265,6272,4,6273,0,25,267,19016,6659,6401,0,0,0,1679.84,408527,64035,301.789,3563,0,0,,,,,,,,,,,,,,,,,,,,,,,,,,,,,,,,,,,,,,,,,,,,,,8630.83,8630.88,81c6b4c1404c82488b5fdef3d4241a01d271bd62ca31d79385e7b4b23921172a,8.647,ok,
g3_dhigh_abaseline_pmixed_gshared_pool_seed0,warehouse_random_factorial,carrier,1,22,102.0,102000000,27,59,16,0,0.2045,119,22,102,102000000,22,102,102000000,1,0,0,3902,63,296,0,0,SEARCH_CUTOFF,2,1,0,0,-1,102,-1,22,-1,29,6492,29,2949,0,291,0,140,0,0,592,44,16,588,89.1345,61740,464,TASKBR_VACANCY_V1,6633,23,6633,6610,6656,99.3089,0,25978,6428,19419,19419,25978,25973,25973,25973,25973,0,0,0,0,0,0,0,25973,90677,8,BOTTLENECK_TARGET_FRONTIER_CONTINUITY_V2,33.6675,11.136,44.081,8.44045,20.2317,6285,4,6283,0,4,81,19332,6428,6545,0,0,0,1579.57,223778,39079,199.205,4,0,0,,,,,,,,,,,,,,,,,,,,,,,,,,,,,,,,,,,,,,,,,,,,,,8634.47,8634.53,7aa19d13f9082de0e0931925345498b1afa6a836a592baebb1c80d7fde6e7cd5,8.651,ok,
g3_dhigh_abaseline_pmixed_gsingleton_seed0,warehouse_random_factorial,carrier,1,21,102.0,102000000,36,50,16,0,0.2857,95,21,102,102000000,21,102,102000000,1,0,0,0,23703,17225,0,0,SEARCH_CUTOFF,2,0,0,0,-1,-1,-1,-1,-1,29,8,29,314,0,48,0,117,0,0,722,1450,48,126,22.9327,13230,792,TASKBR_VACANCY_V1,127,7,127,120,134,89.5522,0,47193,9580,18897,18897,47193,47184,47184,47184,47184,0,0,0,0,0,0,0,47184,94839,8,BOTTLENECK_TARGET_FRONTIER_CONTINUITY_V2,43.206,15.0216,67.9161,12.8736,36.494,6351,5,6346,0,25,242,18628,9580,84,0,0,0,1846.33,735656,113416,463.645,8,0,0,,,,,,,,,,,,,,,,,,,,,,,,,,,,,,,,,,,,,,,,,,,,,,8630.05,8630.11,7aaf14b45ed212a05000088bb9fd34c847603689da12a3c8f4358e368d128e16,8.647,ok,
g3_dhigh_aequal_pcross_heavy_gshared_pool_seed0,warehouse_random_factorial,carrier,1,21,125.0,125000000,33,76,16,0,0.1964,99,21,125,125000000,21,125,125000000,1,0,0,99790,62,356,0,0,SEARCH_CUTOFF,0,1,0,0,-1,125,-1,21,-1,109,17550,109,2799,0,567,0,238,0,0,443,34,182,607,104.945,63735,343,TASKBR_VACANCY_V1,11382,32,11382,11350,11414,99.4393,0,5952,5813,17959,17959,5952,5942,5942,5942,5942,0,0,0,0,0,0,0,5942,28269,8,BOTTLENECK_TARGET_FRONTIER_CONTINUITY_V2,20.4392,3.50891,12.5708,2.42472,10.9062,12152,12138,4814,0,20,192,17745,5813,41775,0,0,0,1944.02,2187195,112172,646.163,10,0,0,,,,,,,,,,,,,,,,,,,,,,,,,,,,,,,,,,,,,,,,,,,,,,8659.04,8659.09,d24f3463d33308b0a23d79c8c8839ef6622ce3ad1757c20232e9d5cf30a75358,8.685,ok,
g3_dhigh_aequal_pcross_heavy_gsingleton_seed0,warehouse_random_factorial,carrier,1,32,196.0,196000000,69,106,18,0,0.2695,73,32,196,196000000,32,196,196000000,1,0,0,81691,175,705,0,0,SEARCH_CUTOFF,4,0,0,0,-1,-1,-1,-1,-1,1367,10037,1367,10877,0,4027,0,2190,37,27,7432,7775,3978,3782,730.464,397110,3618,TASKBR_VACANCY_V1,6912,57,6912,6887,6997,98.4279,1091,2649,2404,11452,11452,2700,2645,2608,2608,2608,0,0,0,0,0,0,0,2608,9874,8,BOTTLENECK_TARGET_FRONTIER_CONTINUITY_V2,12.749,1.20284,4.93199,0.94223,4.54956,9064,9040,5789,0,21,187,11242,2404,39014,0,0,0,5941.31,21473089,90193,2694.27,8,7,22,,,,,,,,,,,,,,,,,,,,,,,,,,,,,,,,,,,,,,,,,,,,,,8610.78,8610.85,b4c1647f71b461724d55b93e3268a4f01535e33e1a32b3b3dff276f2406fb188,8.634,ok,
g3_dhigh_aequal_plocal_gshared_pool_seed0,warehouse_random_factorial,carrier,1,13,80.0,80000000,19,45,16,0,0.1827,92,13,80,80000000,13,80,80000000,1,0,0,176776,11,96,0,0,SEARCH_CUTOFF,0,1,0,0,-1,80,-1,13,-1,1880,7704,1880,10742,0,4611,0,4146,0,0,5512,3319,4510,4194,917.162,440370,2392,TASKBR_VACANCY_V1,5815,1934,5815,3881,7749,50.0839,1614,4418,1932,9622,9622,4418,2019,2019,2019,2019,0,0,0,0,0,0,0,2019,7170,8,BOTTLENECK_TARGET_FRONTIER_CONTINUITY_V2,11.5867,1.3446,4.59208,0.914479,3.89713,7697,7691,2711,0,16,144,9460,1932,34940,0,0,0,6404.83,2910006,71546,659.957,0,0,0,,,,,,,,,,,,,,,,,,,,,,,,,,,,,,,,,,,,,,,,,,,,,,8594.64,8594.68,5baf80cb890a867ab75e34c1b325480e56e5f6bf5d1bd880381ef0206aef1c89,8.621,ok,
g3_dhigh_aequal_plocal_gsingleton_seed0,warehouse_random_factorial,carrier,1,19,121.0,121000000,44,55,20,0,0.2895,58,19,121,121000000,19,121,121000000,1,0,0,33154,54715,94405,0,0,SEARCH_CUTOFF,1,0,0,0,-1,-1,-1,-1,-1,59,15041,59,452,0,113,0,190,24,2,765,566,111,261,47.0003,27405,1127,TASKBR_VACANCY_V1,36401,16,36401,36418,36442,99.9341,0,40118,4484,17810,17810,40147,40139,40120,40120,40120,0,0,0,0,0,0,0,40120,103525,8,BOTTLENECK_TARGET_FRONTIER_CONTINUITY_V2,41.5031,16.3661,64.1736,12.0639,50.344,4510,6,4509,0,23,222,17563,4484,24962,0,0,0,2101.49,944890,121834,568.627,11,0,3,,,,,,,,,,,,,,,,,,,,,,,,,,,,,,,,,,,,,,,,,,,,,,8650.5,8650.56,8adf4bf973a6cfa0d0cbdc78b4062be3cfcb622edcd4288dea9471f0162c882e,8.673,ok,
g3_dhigh_aequal_pmixed_gshared_pool_seed0,warehouse_random_factorial,carrier,1,15,88.0,88000000,27,45,16,0,0.225,109,15,88,88000000,15,88,88000000,1,0,0,12802,16796,27061,0,0,SEARCH_CUTOFF,0,1,0,0,-1,88,-1,15,-1,1572,1608,1572,16236,0,3906,0,5488,344,344,8330,3984,3029,4659,915.005,489195,5316,TASKBR_VACANCY_V1,7329,1472,7329,5857,9081,64.4973,1304,4599,1333,3195,3195,4599,4592,4592,4592,4592,0,0,0,0,0,0,0,4592,10817,8,BOTTLENECK_TARGET_FRONTIER_CONTINUITY_V2,7.21759,2.52017,8.98931,1.98473,3.96894,444,6,440,0,2,0,3191,1333,10989,0,0,0,8223.1,2017197,25521,428.111,0,0,0,,,,,,,,,,,,,,,,,,,,,,,,,,,,,,,,,,,,,,,,,,,,,,8527.81,8527.86,f64deaf9952b2a3a1c0be378d1cc398e76483d75efa32f9cd976abdc2e516aae,8.542,ok,
g3_dhigh_aequal_pmixed_gsingleton_seed0,warehouse_random_factorial,carrier,1,16,88.0,88000000,36,36,16,0,0.2812,47,16,88,88000000,16,88,88000000,1,0,0,174675,272,836,0,0,SEARCH_CUTOFF,0,0,0,0,-1,-1,-1,-1,-1,164,16945,164,358,0,411,0,150,0,0,836,498,411,381,80.9243,40005,482,TASKBR_VACANCY_V1,113,31,113,82,144,56.9444,0,120,35,18032,18032,120,111,111,111,111,0,0,0,0,0,0,0,111,180,8,BOTTLENECK_TARGET_FRONTIER_CONTINUITY_V2,17.1732,0.044888,0.245187,0.04364,0.196966,17999,17993,5048,0,29,271,17730,35,36554,0,0,0,1757.23,2031608,67272,491.038,0,0,0,,,,,,,,,,,,,,,,,,,,,,,,,,,,,,,,,,,,,,,,,,,,,,8661.61,8661.67,c6b32cb70555e1463b89a8d25ea1817b49f7818257196492c337c2b670b7f9c6,8.691,ok,
g3_dhigh_ascarce_pcross_heavy_gshared_pool_seed0,warehouse_random_factorial,carrier,1,36,135.0,135000000,33,86,16,0,0.2292,153,36,135,135000000,36,135,135000000,1,0,0,286,2655,1601,0,0,SEARCH_CUTOFF,2,1,0,0,-1,135,-1,36,-1,55,8108,55,4078,0,395,0,278,1,0,404,104,23,671,106.92,70455,453,TASKBR_VACANCY_V1,24578,1518,24578,24553,26096,94.0872,0,108680,31441,37131,37131,109216,108169,108025,108025,108025,0,0,0,270,0,0,0,108025,125110,8,BOTTLENECK_TARGET_FRONTIER_CONTINUITY_V2,63.0759,26.9171,110.766,22.3483,59.144,19343,19,19340,0,155,2491,34483,31441,5961,0,168,0,3458.13,1367972,213437,981.465,14158,0,0,,,,,,,,,,,,,,,,,,,,,,,,,,,,,,,,,,,,,,,,,,,,,,8903.36,8903.41,0fe291d8a0a4f35d3b8049b8ca88ebb675b02146ebb222431aec483905286b22,8.93,ok,
g3_dhigh_ascarce_pcross_heavy_gsingleton_seed0,warehouse_random_factorial,carrier,1,53,188.0,188000000,68,104,16,0,0.3208,233,53,188,188000000,53,188,188000000,1,0,0,33181,1647,732,0,0,SEARCH_CUTOFF,8,0,0,0,-1,-1,-1,-1,-1,184,19645,184,1885,0,333,0,493,74,30,3390,1112,257,625,117.313,65625,2046,TASKBR_VACANCY_V1,14593,2137,14593,12535,16799,74.6175,0,25316,10738,34121,34121,25378,24073,23999,23999,23999,0,0,0,0,0,0,0,23999,59656,8,BOTTLENECK_TARGET_FRONTIER_CONTINUITY_V2,33.6105,7.84457,31.7511,7.4298,11.946,19958,13594,13897,0,338,3320,30461,10738,24321,0,260,0,2941.85,1662174,60190,565.472,432,0,0,,,,,,,,,,,,,,,,,,,,,,,,,,,,,,,,,,,,,,,,,,,,,,8891.47,8891.56,48ffe6cde3c84b1713a715c801d1d795df0a44b513737edc6b0196062c113f8d,8.919,ok,
g3_dhigh_ascarce_plocal_gshared_pool_seed0,warehouse_random_factorial,carrier,1,31,108.0,108000000,19,73,16,0,0.1532,146,31,108,108000000,31,108,108000000,1,0,0,11463,5733,1929,0,0,SEARCH_CUTOFF,11,1,0,0,-1,108,-1,31,-1,105,24305,105,4337,0,199,0,296,0,0,81,140,99,900,147.021,94500,273,TASKBR_VACANCY_V1,46755,1164,46755,45591,47919,95.1418,0,80491,21501,38366,38366,80491,79664,79523,79523,79523,0,0,0,0,0,0,0,79523,107124,8,BOTTLENECK_TARGET_FRONTIER_CONTINUITY_V2,53.325,20.1329,86.8903,17.7801,42.6982,20579,33,20578,0,151,2227,35986,21501,28344,0,191,0,3447.76,2102303,200965,1028.82,8647,0,0,,,,,,,,,,,,,,,,,,,,,,,,,,,,,,,,,,,,,,,,,,,,,,8908.55,8908.61,600507b828a17e2c526c87796b8e8be7b54b69604dc8af7b24979fc1fd625b83,8.936,ok,
g3_dhigh_ascarce_plocal_gsingleton_seed0,warehouse_random_factorial,carrier,1,39,132.0,132000000,48,68,16,0,0.3077,164,39,132,132000000,39,132,132000000,1,0,0,29822,3075,1288,0,0,SEARCH_CUTOFF,10,0,0,0,-1,-1,-1,-1,-1,80,23624,80,690,0,105,0,251,46,2,468,4227,103,374,66.9805,39270,2589,TASKBR_VACANCY_V1,23140,358,23140,22829,23546,96.9549,0,30146,9119,30607,30607,30164,29586,29545,29545,29545,0,0,0,0,0,0,0,29545,77465,8,BOTTLENECK_TARGET_FRONTIER_CONTINUITY_V2,32.9824,8.27753,36.8665,9.40311,10.0247,21275,1411,21094,0,281,2889,27435,9119,24659,0,410,0,2489.23,2099056,62962,626.162,4212,0,2,,,,,,,,,,,,,,,,,,,,,,,,,,,,,,,,,,,,,,,,,,,,,,8914.79,8914.85,c24bec7ee521be7e335ffd5ff827eef9052d6b537a24eff5e79053243535cb4d,8.943,ok,
g3_dhigh_ascarce_pmixed_gshared_pool_seed0,warehouse_random_factorial,carrier,1,41,141.0,141000000,27,98,16,0,0.1646,164,41,141,141000000,41,141,141000000,1,0,0,8866,3622,1561,0,0,SEARCH_CUTOFF,14,1,0,0,-1,141,-1,41,-1,63,13038,63,4169,0,309,0,229,0,0,945,67,26,927,142.924,97335,732,TASKBR_VACANCY_V1,22957,1328,22957,21629,24285,89.0632,0,65871,10616,35176,35176,65871,64876,64876,64876,64876,0,0,0,0,0,0,0,64876,114941,8,BOTTLENECK_TARGET_FRONTIER_CONTINUITY_V2,44.3558,18.1617,69.1584,15.1628,24.6241,24170,30,24169,0,314,3282,31578,10616,13956,0,279,0,2622.56,861442,108756,634.441,4410,0,0,,,,,,,,,,,,,,,,,,,,,,,,,,,,,,,,,,,,,,,,,,,,,,8935.14,8935.19,70c6ffb38ca7b8f88d8e330b8cc5fe7df766065fae355d38cb39ae4249fc02f4,8.964,ok,
g3_dhigh_ascarce_pmixed_gsingleton_seed0,warehouse_random_factorial,carrier,1,31,108.0,108000000,36,56,16,0,0.2903,141,31,108,108000000,31,108,108000000,1,0,0,17663,5341,1910,0,0,SEARCH_CUTOFF,3,0,0,0,-1,-1,-1,-1,-1,438,24941,438,1931,0,716,0,923,0,0,1524,1542,716,1539,297.547,161595,1578,TASKBR_VACANCY_V1,46303,5633,46303,40670,51936,78.3079,163,49030,17924,30792,30792,49030,48872,47864,47864,47864,0,0,0,0,0,0,0,47864,69728,8,BOTTLENECK_TARGET_FRONTIER_CONTINUITY_V2,38.8228,13.6041,54.4434,12.4834,21.4243,13392,157,13391,0,237,2240,28313,17924,41146,0,194,0,4141.02,2225813,160047,928.456,2598,0,0,,,,,,,,,,,,,,,,,,,,,,,,,,,,,,,,,,,,,,,,,,,,,,8810.42,8810.48,68b1e0f47856cd3b41b9b3e51f826efcb2f5408daeee70f5ebfa2cd1c1a9e6e5,8.835,ok,
g3_dhigh_asurplus_pcross_heavy_gshared_pool_seed0,warehouse_random_factorial,carrier,1,19,108.0,108000000,33,59,16,0,0.1447,85,19,108,108000000,19,108,108000000,1,0,0,98470,121399,244409,0,0,SEARCH_CUTOFF,0,1,0,0,-1,108,-1,19,-1,46,15998,46,2190,0,412,0,131,0,0,171,146,57,427,69.4233,44835,243,TASKBR_VACANCY_V1,23042,30,23042,23012,23072,99.7399,0,22388,4329,17977,17977,22388,22384,22384,22384,22384,0,0,0,0,0,0,0,22384,173766,8,BOTTLENECK_TARGET_FRONTIER_CONTINUITY_V2,36.321,14.3975,53.9664,10.0445,45.9096,7887,10,7886,0,23,187,17765,4329,25204,0,0,0,1836.24,673762,82064,380.426,2,0,0,,,,,,,,,,,,,,,,,,,,,,,,,,,,,,,,,,,,,,,,,,,,,,8658.67,8658.72,6b9ff2e5910c13497fdb36cd81400b10ac2c485e6ab44b9cbd32aef567d77825,8.684,ok,
g3_dhigh_asurplus_pcross_heavy_gsingleton_seed0,warehouse_random_factorial,carrier,1,35,198.0,198000000,68,114,16,0,0.1619,128,35,198,198000000,35,198,198000000,1,0,0,72952,29,375,0,0,SEARCH_CUTOFF,1,0,0,0,-1,-1,-1,-1,-1,63,14783,63,860,0,160,0,194,49,26,3968,795,100,245,45.0415,25725,2273,TASKBR_VACANCY_V1,14939,8710,14939,12421,38473,32.285,0,9233,20502,17740,17740,11452,11443,11443,11443,11443,0,0,0,0,0,0,0,11443,111740,8,BOTTLENECK_TARGET_FRONTIER_CONTINUITY_V2,28.2071,7.58781,30.1236,5.97222,25.7308,5464,23,3062,0,5,84,17649,20502,20690,0,0,0,2013.12,3838154,71875,666.698,5410,14,4,,,,,,,,,,,,,,,,,,,,,,,,,,,,,,,,,,,,,,,,,,,,,,8649.86,8649.92,4e030d059261cd7d4070249384f43ba3555253ae3dc70bfdd2824f47358f36a6,8.679,ok,
g3_dhigh_asurplus_plocal_gshared_pool_seed0,warehouse_random_factorial,carrier,1,12,72.0,72000000,19,37,16,0,0.1319,91,12,72,72000000,12,72,72000000,1,0,0,40686,61142,183422,0,0,SEARCH_CUTOFF,0,1,0,0,-1,72,-1,12,-1,50,16141,50,2694,0,177,0,169,0,0,592,150,76,565,89.6113,59325,261,TASKBR_VACANCY_V1,39560,20,39560,39540,39580,99.8989,0,34784,14155,17059,17059,34784,34779,34779,34779,34779,0,0,0,0,0,0,0,34779,154490,8,BOTTLENECK_TARGET_FRONTIER_CONTINUITY_V2,46.3153,17.8794,78.5523,12.9868,85.8128,4506,14,4504,0,3,81,16973,14155,29569,0,0,0,2759.44,4766344,136450,1182.14,5022,0,0,,,,,,,,,,,,,,,,,,,,,,,,,,,,,,,,,,,,,,,,,,,,,,8650.89,8650.94,2916786ca2e4e360f7796b1f28409225f3835dae9df831f78a561e7bd5510028,8.673,ok,
g3_dhigh_asurplus_plocal_gsingleton_seed0,warehouse_random_factorial,carrier,1,16,111.0,111000000,44,46,19,0,0.2292,51,16,112,112000000,16,111,111000000,1,1,1,9279,22,240,0,0,STRICT_IMPROVEMENT,1,0,0,0,-1,-1,-1,-1,-1,195,658,195,434,0,274,0,280,21,2,100,452,272,442,92.5803,46410,352,TASKBR_VACANCY_V1,65,22,65,73,108,67.5926,0,114,44,885,885,142,127,127,127,127,0,0,0,0,0,0,0,127,350,8,BOTTLENECK_TARGET_FRONTIER_CONTINUITY_V2,1.18735,0.064877,0.389362,0.051148,0.289958,854,848,179,0,11,64,808,44,2220,0,0,0,423.741,95493,3409,30.6281,6,5,3,,,,,,,,,,,,,,,,,,,,,,,,,,,,,,,,,,,,,,,,,,,,,,508.247,508.289,b36c3ab888e7678949332b0e42e8a5db0a5455ac4adbbaa86bdec57e9e6cde61,0.519,ok,
g3_dhigh_asurplus_pmixed_gshared_pool_seed0,warehouse_random_factorial,carrier,1,13,82.0,82000000,27,39,16,0,0.1731,85,13,82,82000000,13,82,82000000,1,0,0,42428,1565,7112,0,0,SEARCH_CUTOFF,0,1,0,0,-1,82,-1,13,-1,1878,1439,1878,12101,0,5538,0,5696,248,248,8664,5058,4966,4493,933.856,471765,5555,TASKBR_VACANCY_V1,4127,425,4127,3752,4627,81.0893,1612,3581,219,3327,3327,3606,3600,3600,3600,3600,0,0,0,0,0,0,0,3600,22035,8,BOTTLENECK_TARGET_FRONTIER_CONTINUITY_V2,7.78576,2.92389,9.99985,1.9694,6.16563,1744,5,1740,0,1,13,3311,219,13022,0,0,0,8183.63,1273046,26583,333.175,0,0,0,,,,,,,,,,,,,,,,,,,,,,,,,,,,,,,,,,,,,,,,,,,,,,8537.53,8537.58,0f1abe0446e22d775b72108e8a4eb0cd8db80f88d45167c58c5b0d0bc1e7fdfe,8.553,ok,
g3_dhigh_asurplus_pmixed_gsingleton_seed0,warehouse_random_factorial,carrier,1,14,75.0,75000000,36,23,16,0,0.2143,32,14,75,75000000,14,75,75000000,1,0,0,47039,18,191,0,0,SEARCH_CUTOFF,0,0,0,0,-1,-1,-1,-1,-1,79,18149,79,156,0,186,0,48,0,0,152,38,186,171,36.1858,17955,110,TASKBR_VACANCY_V1,25,7,25,18,32,56.25,0,70,22,18354,18354,70,60,60,60,60,0,0,0,0,0,0,0,60,92,8,BOTTLENECK_TARGET_FRONTIER_CONTINUITY_V2,21.6752,0.02384,0.188216,0.023858,0.311869,18347,18343,13351,0,19,191,18142,22,41931,0,0,0,1806.37,2557587,73337,586.99,0,0,0,,,,,,,,,,,,,,,,,,,,,,,,,,,,,,,,,,,,,,,,,,,,,,8670.31,8670.37,669c2783b2162de7ced08ae413f3a33b8add38cf46f1f221ab1b696f5cd3c22c,8.693,ok,
g3_dlow_abaseline_pcross_heavy_gshared_pool_seed0,warehouse_random_factorial,carrier,1,29,132.0,132000000,33,83,16,0,0.1897,63,29,132,132000000,29,132,132000000,1,0,0,0,24840,17288,0,0,SEARCH_CUTOFF,0,1,0,0,-1,132,-1,29,-1,30,9718,30,1805,0,365,0,121,0,0,50,19,25,293,43.0917,30765,166,TASKBR_VACANCY_V1,9829,31,9829,9798,9860,99.3712,0,20923,31,20736,20736,20923,20919,20919,20919,20919,0,0,0,0,0,0,0,20919,97032,8,BOTTLENECK_TARGET_FRONTIER_CONTINUITY_V2,30.7267,9.6325,36.2,7.82922,8.87727,7257,4,7256,0,33,311,20390,31,9790,0,0,0,880.94,157733,30764,144.419,4,0,0,,,,,,,,,,,,,,,,,,,,,,,,,,,,,,,,,,,,,,,,,,,,,,8634.66,8634.71,b9ce77f07bdbcfdd018c9c858a2591680785d9e98b31239a49036d53bdf9ced9,8.65,ok,
g3_dlow_abaseline_pcross_heavy_gsingleton_seed0,warehouse_random_factorial,carrier,1,45,177.0,177000000,64,97,16,0,0.237,77,45,179,179000000,45,177,177000000,1,1,1,0,31,208,1,1,REFERENCE_SUFFIX_ACCEPTED,3,0,0,0,-1,-1,-1,-1,-1,64,5,64,698,0,146,0,151,40,22,0,138,88,191,34.0348,20055,40,TASKBR_VACANCY_V1,143,76,143,117,255,45.8824,0,267,35,94,94,303,295,277,277,277,0,0,0,0,0,0,0,277,296,8,BOTTLENECK_TARGET_FRONTIER_CONTINUITY_V2,0.244102,0.094686,0.636848,0.121387,0.686575,68,36,62,0,11,22,59,35,146,0,0,0,141.513,232394,509,30.4272,3,0,11,,,,,,,,,,,,,,,,,,,,,,,,,,,,,,,,,,,,,,,,,,,,,,156.076,156.115,bc9e71fe00d4074f36dc7d3c49b05d74033f39f81d2bd851952c79eef6873126,0.167,ok,
g3_dlow_abaseline_plocal_gshared_pool_seed0,warehouse_random_factorial,carrier,1,19,94.0,94000000,19,59,16,0,0.1667,70,19,94,94000000,19,94,94000000,1,0,0,0,24840,17218,0,0,SEARCH_CUTOFF,6,1,0,0,-1,94,-1,19,-1,24,4,24,2652,0,95,0,127,0,0,0,81,7,395,54.4224,41475,61,TASKBR_VACANCY_V1,126,20,126,106,146,72.6027,0,35079,6521,20727,20727,35079,35069,35069,35069,35069,0,0,0,0,0,0,0,35069,104693,8,BOTTLENECK_TARGET_FRONTIER_CONTINUITY_V2,34.9542,13.7763,54.4464,10.0531,38.3778,7240,2,7239,0,24,251,20450,6521,44,0,0,0,975.702,173680,41642,186.201,7,0,0,,,,,,,,,,,,,,,,,,,,,,,,,,,,,,,,,,,,,,,,,,,,,,8635.54,8635.59,7cdfa2ee56ae226e332941c5cfca38acf380f88b9a43dd49a6f26c61d9627f20,8.651,ok,
g3_dlow_abaseline_plocal_gsingleton_seed0,warehouse_random_factorial,carrier,1,23,104.0,104000000,42,46,16,0,0.3043,37,23,104,104000000,23,104,104000000,1,0,0,0,24768,17233,0,0,SEARCH_CUTOFF,2,0,0,0,-1,-1,-1,-1,-1,32,14144,32,308,0,62,0,90,0,0,0,60,62,125,20.8308,13125,0,TASKBR_VACANCY_V1,21776,7565,21776,14211,29341,48.4339,0,28334,3259,20670,20670,28334,24007,24003,24003,24003,0,0,0,0,0,0,0,24003,93434,8,BOTTLENECK_TARGET_FRONTIER_CONTINUITY_V2,31.3978,9.75429,40.1281,8.0935,33.2175,8721,6,8718,0,7,121,20540,3259,14232,0,0,0,1020.81,664076,41515,261.117,0,0,0,,,,,,,,,,,,,,,,,,,,,,,,,,,,,,,,,,,,,,,,,,,,,,8639.65,8639.7,d62ccb63bf7f42a728c55ebf83f6a8b5e44090f271fb5bc49ff02874fb88577b,8.655,ok,
g3_dlow_abaseline_pmixed_gshared_pool_seed0,warehouse_random_factorial,carrier,1,22,102.0,102000000,27,59,16,0,0.2045,88,22,102,102000000,22,102,102000000,1,0,0,1296,63,354,0,0,SEARCH_CUTOFF,2,1,0,0,-1,102,-1,22,-1,33,13233,33,2639,0,320,0,150,0,0,0,53,16,526,71.2235,55230,155,TASKBR_VACANCY_V1,25523,12156,25523,13367,37679,35.476,0,22105,1116,20850,20850,22105,22100,22100,22100,22100,0,0,0,0,0,0,0,22100,91924,8,BOTTLENECK_TARGET_FRONTIER_CONTINUITY_V2,30.4896,9.51622,37.5099,7.73008,16.4194,9696,6,9694,0,6,117,20725,1116,13290,0,0,0,1033.91,432844,41989,215.986,4,0,0,,,,,,,,,,,,,,,,,,,,,,,,,,,,,,,,,,,,,,,,,,,,,,8638,8638.05,0b2e0b37807e563fc72ee4da3771159baae2ec51884f7c1468044d9cefc8167a,8.653,ok,
g3_dlow_abaseline_pmixed_gsingleton_seed0,warehouse_random_factorial,carrier,1,21,102.0,102000000,36,50,16,0,0.2857,49,21,102,102000000,21,102,102000000,1,0,0,0,25827,15065,0,0,SEARCH_CUTOFF,2,0,0,0,-1,-1,-1,-1,-1,29,8,29,314,0,48,0,117,0,0,0,606,48,126,19.879,13230,0,TASKBR_VACANCY_V1,127,7,127,120,134,89.5522,0,52386,8740,20348,20348,52386,52377,52377,52377,52377,0,0,0,0,0,0,0,52377,106738,8,BOTTLENECK_TARGET_FRONTIER_CONTINUITY_V2,44.1207,17.0412,72.6742,12.6346,35.5473,8858,5,8853,0,29,306,20011,8740,84,0,0,0,1293.47,787892,122122,467.258,8,0,0,,,,,,,,,,,,,,,,,,,,,,,,,,,,,,,,,,,,,,,,,,,,,,8629.29,8629.33,a47b9d8991de886341d4a04b969dffb3894e65d1c98171ba9c25d64f88cfa266,8.645,ok,
g3_dlow_aequal_pcross_heavy_gshared_pool_seed0,warehouse_random_factorial,carrier,1,21,123.0,123000000,31,76,16,0,0.1845,70,21,125,125000000,21,123,123000000,1,1,1,12,63,398,0,0,STRICT_IMPROVEMENT,0,1,1,1,140,125,123,21,21,57,5,57,2272,0,471,0,161,0,0,78,9,88,405,60.8611,42525,197,TASKBR_VACANCY_V1,158,34,158,124,192,64.5833,0,193,59,76,76,193,182,182,182,182,0,0,0,0,0,0,0,182,237,8,BOTTLENECK_TARGET_FRONTIER_CONTINUITY_V2,0.204009,0.066741,0.413769,0.079009,0.432892,23,9,18,0,1,4,69,59,144,0,0,0,128.373,63724,545,11.2762,10,0,0,,,,,,,,,,,,,,,,,,,,,,,,,,,,,,,,,,,,,,,,,,,,,,141.24,141.277,c50248f144861f0e7c01f49291e8ba1c28637ee3a6e22a39269f9efc7a6c26c4,0.15,ok,
g3_dlow_aequal_pcross_heavy_gsingleton_seed0,warehouse_random_factorial,carrier,1,31,181.0,181000000,66,99,16,0,0.2661,51,31,181,181000000,31,181,181000000,1,0,0,18449,67,443,0,0,SEARCH_CUTOFF,2,0,0,0,-1,-1,-1,-1,-1,1584,14849,1584,9963,0,2535,0,3276,18,12,0,747,2508,3706,702.572,389130,21,TASKBR_VACANCY_V1,18129,6155,18129,11999,24300,49.3786,1309,8954,6052,16509,16509,8969,6262,6262,6262,6262,0,0,0,0,0,0,0,6262,26891,8,BOTTLENECK_TARGET_FRONTIER_CONTINUITY_V2,19.8645,3.24796,12.0868,2.28693,7.33229,11017,10993,7514,0,40,294,16173,6052,48246,0,0,0,4096.23,6658847,122049,1179.59,0,15,6,,,,,,,,,,,,,,,,,,,,,,,,,,,,,,,,,,,,,,,,,,,,,,8638.28,8638.32,8226112b6af66b82315ef09c56a61c810a7fc126ed59fd37ab4df3f3d726ca0b,8.657,ok,
g3_dlow_aequal_plocal_gshared_pool_seed0,warehouse_random_factorial,carrier,1,13,78.0,78000000,17,45,16,0,0.1635,60,13,80,80000000,13,78,78000000,1,1,1,474,12,96,0,0,STRICT_IMPROVEMENT,0,1,1,1,2633,80,78,13,13,1029,684,1029,6613,0,1240,0,3783,0,0,0,2022,1151,2365,445.104,248325,55,TASKBR_VACANCY_V1,594,270,594,324,864,37.5,763,1920,147,1721,1721,1920,234,234,234,234,0,0,0,0,0,0,0,234,528,8,BOTTLENECK_TARGET_FRONTIER_CONTINUITY_V2,1.86262,0.142541,0.572679,0.103171,0.452838,1581,1575,855,0,1,14,1704,147,7377,0,0,0,2560,339834,13132,104.54,0,0,0,,,,,,,,,,,,,,,,,,,,,,,,,,,,,,,,,,,,,,,,,,,,,,2648.24,2648.29,8900dc229471d9e9da6b76caa9a6fdd2a635d54bcef62fd6db6167993fea3bce,2.658,ok,
g3_dlow_aequal_plocal_gsingleton_seed0,warehouse_random_factorial,carrier,1,17,97.0,97000000,40,41,16,0,0.2941,31,17,97,97000000,17,97,97000000,1,0,0,21661,42127,84714,0,0,SEARCH_CUTOFF,0,0,0,0,-1,-1,-1,-1,-1,839,16066,839,3770,0,1843,0,1930,2,2,5105,2490,1841,2729,470.142,286545,1558,TASKBR_VACANCY_V1,27032,3404,27032,23631,30436,77.6416,570,20431,3399,16973,16973,20431,20421,20421,20421,20421,0,0,0,0,0,0,0,20421,68064,8,BOTTLENECK_TARGET_FRONTIER_CONTINUITY_V2,30.1898,9.98463,38.4364,7.29772,30.1478,11057,179,11054,0,26,239,16706,3399,51021,0,0,0,3286.72,2296299,133465,784.148,0,0,2,,,,,,,,,,,,,,,,,,,,,,,,,,,,,,,,,,,,,,,,,,,,,,8641.57,8641.63,458d245e7e85aaf458a8ee64866b19bccad2cb791cf698b3e536a678eb20d611,8.66,ok,
g3_dlow_aequal_pmixed_gshared_pool_seed0,warehouse_random_factorial,carrier,1,15,88.0,88000000,27,45,16,0,0.225,73,15,88,88000000,15,88,88000000,1,0,0,1608,7741,27757,0,0,SEARCH_CUTOFF,0,1,0,0,-1,88,-1,15,-1,2828,2236,2828,30746,0,4617,0,11829,484,484,0,3225,3480,7840,1365.07,823200,616,TASKBR_VACANCY_V1,12118,3608,12118,8510,16072,52.9492,2560,6861,1719,5071,5071,6861,6854,6854,6854,6854,0,0,0,0,0,0,0,6854,13784,8,BOTTLENECK_TARGET_FRONTIER_CONTINUITY_V2,10.9803,3.76356,12.7837,2.85418,5.22958,2322,6,2318,0,2,0,5067,1719,22066,0,0,0,8058.65,3097938,40529,635.777,0,0,0,,,,,,,,,,,,,,,,,,,,,,,,,,,,,,,,,,,,,,,,,,,,,,8547.34,8547.38,40f324839300df26180efa1af325656b0afeaef884b578831c175d1cd58e43df,8.559,ok,
g3_dlow_aequal_pmixed_gsingleton_seed0,warehouse_random_factorial,carrier,1,14,86.0,86000000,34,36,16,0,0.3036,31,16,88,88000000,14,86,86000000,1,1,1,113,274,1136,0,0,STRICT_IMPROVEMENT,0,0,0,0,-1,-1,-1,-1,-1,125,26,125,402,0,302,0,170,0,0,62,52,302,318,55.3239,33390,0,TASKBR_VACANCY_V1,145,47,145,98,192,51.0417,0,128,43,159,159,128,119,119,119,119,0,0,0,0,0,0,0,119,220,8,BOTTLENECK_TARGET_FRONTIER_CONTINUITY_V2,0.258614,0.049722,0.258037,0.046878,0.208811,118,112,112,0,3,15,139,43,474,0,0,0,168.08,81587,1105,15.7811,0,0,0,,,,,,,,,,,,,,,,,,,,,,,,,,,,,,,,,,,,,,,,,,,,,,183.904,183.96,0e2669eb69cb7130eb8949ec93778062bc82c1f37f67fe4255f8bb2d09b716a9,0.194,ok,
g3_dlow_ascarce_pcross_heavy_gshared_pool_seed0,warehouse_random_factorial,carrier,1,36,135.0,135000000,33,86,16,0,0.2292,100,36,135,135000000,36,135,135000000,1,0,0,0,3648,1757,0,0,SEARCH_CUTOFF,2,1,0,0,-1,135,-1,36,-1,83,15342,83,3743,0,404,0,386,5,5,140,70,33,577,88.9803,60585,301,TASKBR_VACANCY_V1,51180,5593,51180,46979,56773,82.7488,0,169122,10276,54629,54629,169122,163790,163790,163790,163790,0,0,0,0,0,0,0,163790,195741,8,BOTTLENECK_TARGET_FRONTIER_CONTINUITY_V2,86.1882,35.2519,156.219,31.5476,83.1825,44586,19,44743,0,327,4176,50124,10276,9142,0,430,0,3526.57,2329902,339526,1430.87,2804,0,0,,,,,,,,,,,,,,,,,,,,,,,,,,,,,,,,,,,,,,,,,,,,,,9342.17,9342.23,0fe291d8a0a4f35d3b8049b8ca88ebb675b02146ebb222431aec483905286b22,9.374,ok,
g3_dlow_ascarce_pcross_heavy_gsingleton_seed0,warehouse_random_factorial,carrier,1,47,155.0,155000000,64,75,16,0,0.3404,90,47,155,155000000,47,155,155000000,1,0,0,14951,1377,689,0,0,SEARCH_CUTOFF,1,0,0,0,-1,-1,-1,-1,-1,708,33830,708,6978,0,675,0,1563,30,22,0,816,623,2657,456.785,278985,34,TASKBR_VACANCY_V1,48087,5060,48087,43060,53170,80.9855,417,50467,10949,39245,39245,50490,49636,49509,49509,49509,0,0,0,0,0,0,0,49509,90705,8,BOTTLENECK_TARGET_FRONTIER_CONTINUITY_V2,42.4157,13.8289,51.438,14.2603,17.2368,23860,643,23860,0,443,3509,35291,10949,51249,0,214,0,5633.07,25257390,193449,3302.01,377,0,6,,,,,,,,,,,,,,,,,,,,,,,,,,,,,,,,,,,,,,,,,,,,,,9036.24,9036.3,98dbdc30e0c3298d5bafe2cfffdeaa962f7963d9bbbe69d1c53f5db8da4dfc40,9.058,ok,
g3_dlow_ascarce_plocal_gshared_pool_seed0,warehouse_random_factorial,carrier,1,39,140.0,140000000,19,105,16,0,0.1218,100,39,140,140000000,39,140,140000000,1,0,0,3633,3558,1911,0,0,SEARCH_CUTOFF,22,1,0,0,-1,140,-1,39,-1,139,37865,139,4032,0,166,0,401,0,0,0,25,78,842,127.911,88410,62,TASKBR_VACANCY_V1,80871,16336,80871,64535,97207,66.3893,0,109716,24818,55241,55241,109716,108165,108165,108165,108165,0,0,0,0,0,0,0,108165,162247,8,BOTTLENECK_TARGET_FRONTIER_CONTINUITY_V2,70.8523,25.5086,108.632,24.3215,42.8743,37613,147,36120,0,631,5352,49256,24818,47964,0,277,0,3801.36,5282568,303749,1637.49,4733,0,0,,,,,,,,,,,,,,,,,,,,,,,,,,,,,,,,,,,,,,,,,,,,,,9290.4,9290.45,5b45bb44b5d9c4a3da3c31fd70385c0d7e35998b55d38af9209b597c02908d71,9.319,ok,
g3_dlow_ascarce_plocal_gsingleton_seed0,warehouse_random_factorial,carrier,1,35,126.0,126000000,40,70,16,0,0.2857,75,35,126,126000000,35,126,126000000,1,0,0,2880,3310,1460,0,0,SEARCH_CUTOFF,3,0,0,0,-1,-1,-1,-1,-1,73,28966,73,637,0,78,0,275,8,8,0,810,64,329,54.0996,34545,8,TASKBR_VACANCY_V1,64396,6259,64396,58147,70661,82.2901,0,123335,11375,56701,56701,123343,120916,120908,120908,120908,0,0,0,0,0,0,0,120908,184652,8,BOTTLENECK_TARGET_FRONTIER_CONTINUITY_V2,73.8575,27.2213,123.123,28.1201,71.8542,41225,105,41228,0,399,5791,50509,11375,28589,0,377,0,3312.44,1385971,263312,1103.45,2043,0,0,,,,,,,,,,,,,,,,,,,,,,,,,,,,,,,,,,,,,,,,,,,,,,9351.08,9351.13,5b509eb53efe55411bb3a19cc6dd10081aebbb84c6d18b1d9c076495702e39a0,9.382,ok,
g3_dlow_ascarce_pmixed_gshared_pool_seed0,warehouse_random_factorial,carrier,1,41,141.0,141000000,27,98,16,0,0.1646,127,41,141,141000000,41,141,141000000,1,0,0,335,3435,1735,0,0,SEARCH_CUTOFF,14,1,0,0,-1,141,-1,41,-1,120,31787,120,4212,0,375,0,357,0,0,0,158,64,1069,152.655,112245,175,TASKBR_VACANCY_V1,65083,10877,65083,54206,75960,71.3612,0,107473,8638,56321,56321,107473,105828,105828,105828,105828,0,0,0,0,0,0,0,105828,181288,8,BOTTLENECK_TARGET_FRONTIER_CONTINUITY_V2,68.6021,23.8963,103.941,23.2117,37.3246,44545,100,44544,0,422,4852,51045,8638,37009,0,396,0,3166.18,2232874,245070,1128.6,23,0,0,,,,,,,,,,,,,,,,,,,,,,,,,,,,,,,,,,,,,,,,,,,,,,9357.03,9357.08,6c743b551e5a8326900c81a04b33a57006799027a813e450e497b833af2b212a,9.387,ok,
g3_dlow_ascarce_pmixed_gsingleton_seed0,warehouse_random_factorial,carrier,1,31,108.0,108000000,36,56,16,0,0.2903,65,31,108,108000000,31,108,108000000,1,0,0,4189,4108,1866,0,0,SEARCH_CUTOFF,3,0,0,0,-1,-1,-1,-1,-1,1482,36687,1482,7201,0,1584,0,3881,0,0,0,476,1584,5467,886.444,574035,0,TASKBR_VACANCY_V1,66010,13361,66010,52649,79371,66.3328,1207,59209,14878,42885,42885,59209,59160,58473,58473,58473,0,0,0,0,0,0,0,58473,91076,8,BOTTLENECK_TARGET_FRONTIER_CONTINUITY_V2,45.9389,15.1018,58.6729,15.3371,22.044,23493,431,23492,0,233,2578,40072,14878,67519,0,161,0,5250.29,3637848,232125,1249.32,889,0,0,,,,,,,,,,,,,,,,,,,,,,,,,,,,,,,,,,,,,,,,,,,,,,9074.74,9074.79,92737425ef06d8ae575643721ecf29a56a06087a69955491b2b055afc102c135,9.098,ok,
g3_dlow_asurplus_pcross_heavy_gshared_pool_seed0,warehouse_random_factorial,carrier,1,19,108.0,108000000,33,59,16,0,0.1447,62,19,108,108000000,19,108,108000000,1,0,0,25005,49345,188312,0,0,SEARCH_CUTOFF,0,1,0,0,-1,108,-1,19,-1,86,17623,86,2035,0,445,0,227,0,0,21,89,99,437,69.7318,45885,140,TASKBR_VACANCY_V1,27812,3854,27812,23958,31666,75.6584,0,22534,3570,18882,18882,22534,22530,22530,22530,22530,0,0,0,0,0,0,0,22530,183072,8,BOTTLENECK_TARGET_FRONTIER_CONTINUITY_V2,34.8593,14.3112,57.2313,9.54978,46.603,7631,15,7630,0,23,187,18670,3570,32922,0,0,0,1556.42,839790,101250,437.928,2,0,0,,,,,,,,,,,,,,,,,,,,,,,,,,,,,,,,,,,,,,,,,,,,,,8662.88,8662.92,6b9ff2e5910c13497fdb36cd81400b10ac2c485e6ab44b9cbd32aef567d77825,8.683,ok,
g3_dlow_asurplus_pcross_heavy_gsingleton_seed0,warehouse_random_factorial,carrier,1,40,177.0,177000000,72,89,16,0,0.15,76,41,169,169000000,40,177,177000000,1,1,1,22,36,437,0,0,STRICT_IMPROVEMENT,3,0,0,0,-1,-1,-1,-1,-1,169,30,169,1003,0,257,0,312,44,28,0,30,126,413,76.7727,43365,46,TASKBR_VACANCY_V1,281,183,281,161,514,31.323,0,234,37,220,220,278,269,269,269,269,0,0,0,0,0,0,0,269,888,8,BOTTLENECK_TARGET_FRONTIER_CONTINUITY_V2,0.495947,0.138403,0.875428,0.150866,1.53335,161,143,148,0,44,112,62,37,349,0,0,0,243.692,259510,709,35.6884,0,47,6,,,,,,,,,,,,,,,,,,,,,,,,,,,,,,,,,,,,,,,,,,,,,,262.89,262.935,22fa4e3f38604b0ab0ff71b91747ec5ca11ffab9989cb138d355b97d383310f8,0.273,ok,
g3_dlow_asurplus_plocal_gshared_pool_seed0,warehouse_random_factorial,carrier,1,12,72.0,72000000,19,37,16,0,0.1319,61,12,72,72000000,12,72,72000000,1,0,0,4548,25734,159473,0,0,SEARCH_CUTOFF,0,1,0,0,-1,72,-1,12,-1,114,16810,114,3071,0,190,0,451,0,0,0,0,101,704,105.413,73920,53,TASKBR_VACANCY_V1,44879,6021,44879,38858,50900,76.3418,0,35263,5809,17648,17648,35263,35255,35255,35255,35255,0,0,0,0,0,0,0,35255,161494,8,BOTTLENECK_TARGET_FRONTIER_CONTINUITY_V2,42.6224,17.6303,77.0281,12.9974,83.5362,7353,102,7351,0,5,133,17508,5809,33183,0,0,0,2589.61,5891464,141162,1312.1,0,0,0,,,,,,,,,,,,,,,,,,,,,,,,,,,,,,,,,,,,,,,,,,,,,,8647.71,8647.76,b019a4cd01cc1fd0f1ae4001e3e44fe0d57bc41c6363f96322d13921fcd8da46,8.666,ok,
g3_dlow_asurplus_plocal_gsingleton_seed0,warehouse_random_factorial,carrier,1,15,87.0,87000000,38,33,16,0,0.2111,29,15,89,89000000,15,87,87000000,1,1,1,115,230,1759,1,1,REFERENCE_SUFFIX_ACCEPTED,0,0,0,0,-1,-1,-1,-1,-1,211,33,211,511,0,706,0,212,2,2,0,132,704,460,86.3984,48300,2,TASKBR_VACANCY_V1,71,31,71,43,102,42.1569,0,113,28,253,253,113,93,93,93,93,0,0,0,0,0,0,0,93,213,8,BOTTLENECK_TARGET_FRONTIER_CONTINUITY_V2,0.438225,0.044034,0.293304,0.040496,0.256047,233,227,199,0,0,8,243,28,943,0,0,0,277.128,199407,1932,35.7726,0,0,3,,,,,,,,,,,,,,,,,,,,,,,,,,,,,,,,,,,,,,,,,,,,,,296.345,296.387,8f40db2960524aa53157783ae4a663d8b62f4988e713c583466b98d0105403bf,0.306,ok,
g3_dlow_asurplus_pmixed_gshared_pool_seed0,warehouse_random_factorial,carrier,1,13,82.0,82000000,27,39,16,0,0.1731,58,13,82,82000000,13,82,82000000,1,0,0,2207,1566,9595,0,0,SEARCH_CUTOFF,0,1,0,0,-1,82,-1,13,-1,3213,1205,3213,20748,0,8828,0,10942,100,100,475,12500,8324,7917,1409.77,831285,352,TASKBR_VACANCY_V1,5703,800,5703,4953,6578,75.2964,2947,4729,269,4425,4425,4754,4748,4748,4748,4748,0,0,0,0,0,0,0,4748,28298,8,BOTTLENECK_TARGET_FRONTIER_CONTINUITY_V2,10.7365,3.63954,12.6483,2.75037,7.54527,3012,5,3008,0,1,1,4421,269,20795,0,0,0,8209.57,1410605,35367,401.308,0,0,0,,,,,,,,,,,,,,,,,,,,,,,,,,,,,,,,,,,,,,,,,,,,,,8540.82,8540.87,a86caa53ad959147dd748b56363503eab389a5643ae1a6fe374eb47b77b77a9c,8.553,ok,
g3_dlow_asurplus_pmixed_gsingleton_seed0,warehouse_random_factorial,carrier,1,14,73.0,73000000,34,23,16,0,0.2024,23,14,75,75000000,14,73,73000000,1,1,1,10,19,202,1,1,REFERENCE_SUFFIX_ACCEPTED,0,0,0,0,-1,-1,-1,-1,-1,45,3,45,147,0,98,0,46,0,0,0,10,98,102,18.0926,10710,0,TASKBR_VACANCY_V1,25,7,25,18,32,56.25,0,70,22,55,55,70,60,60,60,60,0,0,0,0,0,0,0,60,92,8,BOTTLENECK_TARGET_FRONTIER_CONTINUITY_V2,0.118183,0.024575,0.189608,0.023626,0.321187,48,44,36,0,2,9,42,22,140,0,0,0,56.232,48131,291,7.41808,0,0,0,,,,,,,,,,,,,,,,,,,,,,,,,,,,,,,,,,,,,,,,,,,,,,68.5431,68.5802,86a260ca50d9d9f4f5b69021b7653b9e919d258827e9e53dcdbff7008e4ffa38,0.077,ok,
g3_dmedium_abaseline_pcross_heavy_gshared_pool_seed0,warehouse_random_factorial,carrier,1,29,132.0,132000000,33,83,16,0,0.1897,80,29,132,132000000,29,132,132000000,1,0,0,1296,32052,15733,0,0,SEARCH_CUTOFF,0,1,0,0,-1,132,-1,29,-1,29,7247,29,1979,0,369,0,119,0,0,170,71,25,329,55.2567,34545,310,TASKBR_VACANCY_V1,7357,31,7357,7326,7388,99.1608,0,20453,31,20266,20266,20453,20449,20449,20449,20449,0,0,0,0,0,0,0,20449,94888,8,BOTTLENECK_TARGET_FRONTIER_CONTINUITY_V2,30.1235,9.19559,35.9884,7.74937,8.62346,6967,3,6966,0,32,322,19910,31,7318,0,0,0,1142.18,141961,27822,147.927,4,0,0,,,,,,,,,,,,,,,,,,,,,,,,,,,,,,,,,,,,,,,,,,,,,,8630.62,8630.67,b9ce77f07bdbcfdd018c9c858a2591680785d9e98b31239a49036d53bdf9ced9,8.646,ok,
g3_dmedium_abaseline_pcross_heavy_gsingleton_seed0,warehouse_random_factorial,carrier,1,45,177.0,177000000,64,97,16,0,0.237,98,45,179,179000000,45,177,177000000,1,1,1,3,31,208,1,1,REFERENCE_SUFFIX_ACCEPTED,3,0,0,0,-1,-1,-1,-1,-1,67,5,67,744,0,149,0,154,40,22,808,336,91,210,39.5328,22050,286,TASKBR_VACANCY_V1,146,77,146,119,259,45.9459,0,267,35,97,97,303,295,277,277,277,0,0,0,0,0,0,0,277,296,8,BOTTLENECK_TARGET_FRONTIER_CONTINUITY_V2,0.26219,0.096546,0.657802,0.132496,0.705879,71,39,65,0,13,23,59,35,150,0,0,0,187.825,232917,515,30.8266,3,0,11,,,,,,,,,,,,,,,,,,,,,,,,,,,,,,,,,,,,,,,,,,,,,,204.712,204.751,7a75b7489fa51dc391306e25fc15eebf5bc7fd3fcbebe7cf2d3a1ac91fde1500,0.214,ok,
g3_dmedium_abaseline_plocal_gshared_pool_seed0,warehouse_random_factorial,carrier,1,19,92.0,92000000,19,57,16,0,0.1667,106,19,92,92000000,19,92,92000000,1,0,0,1296,25575,15663,0,0,SEARCH_CUTOFF,6,1,0,0,-1,92,-1,19,-1,29,19140,29,3060,0,114,0,132,0,0,0,85,10,528,83.3564,55440,115,TASKBR_VACANCY_V1,19268,20,19268,19248,19288,99.7926,0,20401,40,20259,20259,20401,20393,20393,20393,20393,0,0,0,0,0,0,0,20393,88359,8,BOTTLENECK_TARGET_FRONTIER_CONTINUITY_V2,31.2182,9.03042,35.9712,7.50088,27.3911,10079,5,10078,0,25,228,20004,40,19185,0,0,0,1256.53,233530,34224,185.25,4,0,0,,,,,,,,,,,,,,,,,,,,,,,,,,,,,,,,,,,,,,,,,,,,,,8629.13,8629.17,0093396a6000192ac3bb76787587af1d86c7c116748594f4341544c7a7e8fc38,8.645,ok,
g3_dmedium_abaseline_plocal_gsingleton_seed0,warehouse_random_factorial,carrier,1,23,104.0,104000000,42,46,16,0,0.3043,54,23,104,104000000,23,104,104000000,1,0,0,1295,29590,15683,0,0,SEARCH_CUTOFF,2,0,0,0,-1,-1,-1,-1,-1,31,12960,31,305,0,62,0,88,0,0,0,64,62,122,23.3767,12810,0,TASKBR_VACANCY_V1,17351,4325,17351,13026,21676,60.0941,0,28032,3259,20368,20368,28032,23705,23701,23701,23701,0,0,0,0,0,0,0,23701,92046,8,BOTTLENECK_TARGET_FRONTIER_CONTINUITY_V2,30.6984,9.7451,40.7189,7.79488,33.2141,8524,5,8521,0,6,102,20258,3259,13047,0,0,0,1278.38,436930,40911,254.068,0,0,0,,,,,,,,,,,,,,,,,,,,,,,,,,,,,,,,,,,,,,,,,,,,,,8630.12,8630.17,d62ccb63bf7f42a728c55ebf83f6a8b5e44090f271fb5bc49ff02874fb88577b,8.646,ok,
g3_dmedium_abaseline_pmixed_gshared_pool_seed0,warehouse_random_factorial,carrier,1,22,102.0,102000000,27,59,16,0,0.2045,114,22,102,102000000,22,102,102000000,1,0,0,2599,63,325,0,0,SEARCH_CUTOFF,2,1,0,0,-1,102,-1,22,-1,31,12612,31,2869,0,285,0,145,0,0,173,34,16,598,92.0629,62790,119,TASKBR_VACANCY_V1,18877,6139,18877,12738,25016,50.9194,0,21477,1115,20227,20227,21477,21472,21472,21472,21472,0,0,0,0,0,0,0,21472,89095,8,BOTTLENECK_TARGET_FRONTIER_CONTINUITY_V2,30.215,9.88617,38.5626,7.59296,16.8828,9315,5,9313,0,5,102,20118,1115,12667,0,0,0,1296.38,319314,40719,217.156,4,0,0,,,,,,,,,,,,,,,,,,,,,,,,,,,,,,,,,,,,,,,,,,,,,,8633.04,8633.08,7aa19d13f9082de0e0931925345498b1afa6a836a592baebb1c80d7fde6e7cd5,8.649,ok,
g3_dmedium_abaseline_pmixed_gsingleton_seed0,warehouse_random_factorial,carrier,1,21,102.0,102000000,36,50,16,0,0.2857,60,21,102,102000000,21,102,102000000,1,0,0,0,24622,17225,0,0,SEARCH_CUTOFF,2,0,0,0,-1,-1,-1,-1,-1,29,8,29,314,0,48,0,117,0,0,104,634,48,126,23.7077,13230,26,TASKBR_VACANCY_V1,127,7,127,120,134,89.5522,0,49353,9580,19617,19617,49353,49344,49344,49344,49344,0,0,0,0,0,0,0,49344,98762,8,BOTTLENECK_TARGET_FRONTIER_CONTINUITY_V2,43.0387,16.5504,68.5805,12.499,36.0986,6741,5,6736,0,25,242,19348,9580,84,0,0,0,1536.92,761576,117736,476.747,8,0,0,,,,,,,,,,,,,,,,,,,,,,,,,,,,,,,,,,,,,,,,,,,,,,8630.2,8630.24,7aaf14b45ed212a05000088bb9fd34c847603689da12a3c8f4358e368d128e16,8.646,ok,
g3_dmedium_aequal_pcross_heavy_gshared_pool_seed0,warehouse_random_factorial,carrier,1,21,123.0,123000000,31,76,16,0,0.1845,94,21,125,125000000,21,123,123000000,1,1,1,20,63,356,0,0,STRICT_IMPROVEMENT,0,1,1,1,175,125,123,21,21,51,5,51,2465,0,463,0,148,0,0,158,93,77,448,76.9817,47040,316,TASKBR_VACANCY_V1,151,33,151,118,184,64.1304,0,192,53,70,70,192,182,182,182,182,0,0,0,0,0,0,0,182,237,8,BOTTLENECK_TARGET_FRONTIER_CONTINUITY_V2,0.233247,0.07922,0.443126,0.085356,0.457957,23,9,18,0,1,4,63,53,127,0,0,0,162.525,61890,497,11.4989,10,0,0,,,,,,,,,,,,,,,,,,,,,,,,,,,,,,,,,,,,,,,,,,,,,,177.239,177.285,c50248f144861f0e7c01f49291e8ba1c28637ee3a6e22a39269f9efc7a6c26c4,0.187,ok,
g3_dmedium_aequal_pcross_heavy_gsingleton_seed0,warehouse_random_factorial,carrier,1,31,181.0,181000000,66,99,16,0,0.2661,61,31,181,181000000,31,181,181000000,1,0,0,87305,68,383,0,0,SEARCH_CUTOFF,2,0,0,0,-1,-1,-1,-1,-1,365,13945,365,2836,0,939,0,517,18,12,160,982,913,902,180.94,94710,104,TASKBR_VACANCY_V1,16532,5745,16532,10812,22293,48.4995,90,5775,5551,14478,14478,5790,5761,5761,5761,5761,0,0,0,0,0,0,0,5761,23991,8,BOTTLENECK_TARGET_FRONTIER_CONTINUITY_V2,18.1442,3.19612,12.3932,2.28442,9.3216,9479,9455,6485,0,23,248,14205,5551,39122,0,0,0,4574.41,24824881,109901,3086.64,0,15,6,,,,,,,,,,,,,,,,,,,,,,,,,,,,,,,,,,,,,,,,,,,,,,8614.88,8614.94,3c40448ed29a1490e6a33c93752c27c95bf9e20c86e2f969593cb19524bbf8e5,8.638,ok,
g3_dmedium_aequal_plocal_gshared_pool_seed0,warehouse_random_factorial,carrier,1,13,80.0,80000000,19,45,16,0,0.1827,79,13,80,80000000,13,80,80000000,1,0,0,25937,11,96,0,0,SEARCH_CUTOFF,0,1,0,0,-1,80,-1,13,-1,2345,3342,2345,14113,0,5023,0,6708,0,0,0,11630,4922,5059,1127.15,531195,87,TASKBR_VACANCY_V1,3499,1157,3499,2342,4656,50.3007,2079,3752,1156,5694,5694,3752,1243,1243,1243,1243,0,0,0,0,0,0,0,1243,4336,8,BOTTLENECK_TARGET_FRONTIER_CONTINUITY_V2,6.96616,0.881881,2.80995,0.648709,2.62506,4545,4539,2042,0,4,56,5632,1156,22459,0,0,0,7847.5,1771822,43474,415.468,0,0,0,,,,,,,,,,,,,,,,,,,,,,,,,,,,,,,,,,,,,,,,,,,,,,8550.03,8550.07,5baf80cb890a867ab75e34c1b325480e56e5f6bf5d1bd880381ef0206aef1c89,8.565,ok,
g3_dmedium_aequal_plocal_gsingleton_seed0,warehouse_random_factorial,carrier,1,17,97.0,97000000,40,41,16,0,0.2941,42,17,97,97000000,17,97,97000000,1,0,0,26474,46141,83523,0,0,SEARCH_CUTOFF,0,0,0,0,-1,-1,-1,-1,-1,635,15625,635,2544,0,1477,0,1370,2,2,3306,1124,1475,2061,412.424,216405,1031,TASKBR_VACANCY_V1,25982,3259,25982,22726,29241,77.7196,366,19646,3259,16328,16328,19646,19636,19636,19636,19636,0,0,0,0,0,0,0,19636,64978,8,BOTTLENECK_TARGET_FRONTIER_CONTINUITY_V2,29.1429,9.61243,36.4485,7.30095,29.0929,10321,141,10318,0,25,219,16082,3259,49506,0,0,0,3455.27,2045219,127885,752.323,0,0,2,,,,,,,,,,,,,,,,,,,,,,,,,,,,,,,,,,,,,,,,,,,,,,8629.06,8629.11,458d245e7e85aaf458a8ee64866b19bccad2cb791cf698b3e536a678eb20d611,8.648,ok,
g3_dmedium_aequal_pmixed_gshared_pool_seed0,warehouse_random_factorial,carrier,1,15,88.0,88000000,27,45,16,0,0.225,97,15,88,88000000,15,88,88000000,1,0,0,8137,13500,28057,0,0,SEARCH_CUTOFF,0,1,0,0,-1,88,-1,15,-1,2411,1947,2411,24465,0,5066,0,9059,432,432,11835,5652,4043,6695,1329.45,702975,651,TASKBR_VACANCY_V1,10281,2596,10281,7685,13197,58.2329,2143,6095,1655,4369,4369,6095,6088,6088,6088,6088,0,0,0,0,0,0,0,6088,14076,8,BOTTLENECK_TARGET_FRONTIER_CONTINUITY_V2,9.99051,3.63199,11.5811,2.65626,5.10428,932,6,928,0,2,0,4365,1655,16543,0,0,0,8107.76,2652646,34913,572.047,0,0,0,,,,,,,,,,,,,,,,,,,,,,,,,,,,,,,,,,,,,,,,,,,,,,8543.37,8543.41,f64deaf9952b2a3a1c0be378d1cc398e76483d75efa32f9cd976abdc2e516aae,8.556,ok,
g3_dmedium_aequal_pmixed_gsingleton_seed0,warehouse_random_factorial,carrier,1,16,88.0,88000000,36,36,16,0,0.2812,37,16,88,88000000,16,88,88000000,1,0,0,145341,272,836,0,0,SEARCH_CUTOFF,0,0,0,0,-1,-1,-1,-1,-1,206,17401,206,410,0,511,0,197,0,0,444,196,511,465,101.455,48825,124,TASKBR_VACANCY_V1,113,31,113,82,144,56.9444,0,120,35,18621,18621,120,111,111,111,111,0,0,0,0,0,0,0,111,180,8,BOTTLENECK_TARGET_FRONTIER_CONTINUITY_V2,17.6171,0.047468,0.241463,0.041431,0.197913,18588,18582,6148,0,30,289,18300,35,38933,0,0,0,1649.84,2237277,73315,526.075,0,0,0,,,,,,,,,,,,,,,,,,,,,,,,,,,,,,,,,,,,,,,,,,,,,,8651.55,8651.6,c6b32cb70555e1463b89a8d25ea1817b49f7818257196492c337c2b670b7f9c6,8.679,ok,
g3_dmedium_ascarce_pcross_heavy_gshared_pool_seed0,warehouse_random_factorial,carrier,1,36,135.0,135000000,33,86,16,0,0.2292,141,36,135,135000000,36,135,135000000,1,0,0,231,3393,1627,0,0,SEARCH_CUTOFF,2,1,0,0,-1,135,-1,36,-1,60,10222,60,4010,0,391,0,293,1,0,79,99,23,594,105.296,62370,380,TASKBR_VACANCY_V1,30935,1819,30935,30910,32754,94.3702,0,132282,36233,45000,45000,132818,131470,131320,131320,131320,0,0,0,270,0,0,0,131320,152501,8,BOTTLENECK_TARGET_FRONTIER_CONTINUITY_V2,67.7742,29.0533,127.423,26.1318,66.9022,24439,23,24436,0,155,2778,42065,36233,6312,0,223,0,3404.98,1628794,257092,1125.39,16408,0,0,,,,,,,,,,,,,,,,,,,,,,,,,,,,,,,,,,,,,,,,,,,,,,9097.1,9097.14,0fe291d8a0a4f35d3b8049b8ca88ebb675b02146ebb222431aec483905286b22,9.125,ok,
g3_dmedium_ascarce_pcross_heavy_gsingleton_seed0,warehouse_random_factorial,carrier,1,47,155.0,155000000,64,75,16,0,0.3404,135,47,155,155000000,47,155,155000000,1,0,0,18911,1630,752,0,0,SEARCH_CUTOFF,1,0,0,0,-1,-1,-1,-1,-1,440,28881,440,4098,0,517,0,927,30,22,1120,1474,465,1607,295.752,168735,974,TASKBR_VACANCY_V1,36817,2136,36817,34714,38976,89.0651,149,40880,14232,34023,34023,40903,40663,40195,40195,40195,0,0,0,0,0,0,0,40195,75721,8,BOTTLENECK_TARGET_FRONTIER_CONTINUITY_V2,36.0005,11.0226,42.482,12.3308,13.751,18625,510,18625,0,451,3261,30309,14232,41513,0,166,0,5170.29,21640889,146240,2831.92,3765,0,6,,,,,,,,,,,,,,,,,,,,,,,,,,,,,,,,,,,,,,,,,,,,,,8874.32,8874.38,0e550fdc53417ca91734ae4fd49e4629ddc60963e6184f333cf5030a45f75dfd,8.898,ok,
g3_dmedium_ascarce_plocal_gshared_pool_seed0,warehouse_random_factorial,carrier,1,31,108.0,108000000,19,73,16,0,0.1532,122,31,108,108000000,31,108,108000000,1,0,0,9812,5482,1909,0,0,SEARCH_CUTOFF,11,1,0,0,-1,108,-1,31,-1,123,25714,123,3980,0,209,0,340,0,0,0,23,109,833,143.263,87465,108,TASKBR_VACANCY_V1,49607,1424,49607,48183,51031,94.4191,0,111775,19238,49317,49317,111775,110718,110600,110600,110600,0,0,0,0,0,0,0,110600,147922,8,BOTTLENECK_TARGET_FRONTIER_CONTINUITY_V2,64.5019,23.8678,109.687,23.2046,56.7777,30238,43,30237,0,357,3432,45526,19238,30055,0,243,0,3600.48,2694096,268800,1291.43,7289,0,0,,,,,,,,,,,,,,,,,,,,,,,,,,,,,,,,,,,,,,,,,,,,,,9093.68,9093.73,600507b828a17e2c526c87796b8e8be7b54b69604dc8af7b24979fc1fd625b83,9.123,ok,
g3_dmedium_ascarce_plocal_gsingleton_seed0,warehouse_random_factorial,carrier,1,35,126.0,126000000,40,70,16,0,0.2857,127,35,126,126000000,35,126,126000000,1,0,0,5853,3998,1600,0,0,SEARCH_CUTOFF,3,0,0,0,-1,-1,-1,-1,-1,57,16709,57,552,0,72,0,223,8,8,0,838,58,264,48.638,27720,8,TASKBR_VACANCY_V1,37935,4344,37935,33601,42285,79.4632,0,99976,23480,47142,47142,99984,98825,98749,98749,98749,0,0,0,0,0,0,0,98749,149600,8,BOTTLENECK_TARGET_FRONTIER_CONTINUITY_V2,59.8218,22.5718,101.185,21.2293,53.6855,26876,32,26879,0,340,4647,42153,23480,16512,0,252,0,3130.41,955395,182415,859.102,9789,0,0,,,,,,,,,,,,,,,,,,,,,,,,,,,,,,,,,,,,,,,,,,,,,,9120.24,9120.29,5b509eb53efe55411bb3a19cc6dd10081aebbb84c6d18b1d9c076495702e39a0,9.149,ok,
g3_dmedium_ascarce_pmixed_gshared_pool_seed0,warehouse_random_factorial,carrier,1,41,141.0,141000000,27,98,16,0,0.1646,156,41,141,141000000,41,141,141000000,1,0,0,6435,3639,1697,0,0,SEARCH_CUTOFF,14,1,0,0,-1,141,-1,41,-1,94,21373,94,4335,0,322,0,299,0,0,192,129,45,1046,165.459,109830,184,TASKBR_VACANCY_V1,40498,3695,40498,36803,44193,83.2779,0,83370,15382,44201,44201,83370,82092,82092,82092,82092,0,0,0,0,0,0,0,82092,140949,8,BOTTLENECK_TARGET_FRONTIER_CONTINUITY_V2,53.4533,18.9235,81.6828,18.6384,29.8831,31691,50,31690,0,328,3650,40221,15382,23798,0,321,0,2883.01,1320604,165582,855.428,5719,0,0,,,,,,,,,,,,,,,,,,,,,,,,,,,,,,,,,,,,,,,,,,,,,,9051.55,9051.61,70c6ffb38ca7b8f88d8e330b8cc5fe7df766065fae355d38cb39ae4249fc02f4,9.081,ok,
g3_dmedium_ascarce_pmixed_gsingleton_seed0,warehouse_random_factorial,carrier,1,31,108.0,108000000,36,56,16,0,0.2903,81,31,108,108000000,31,108,108000000,1,0,0,10879,4688,1972,0,0,SEARCH_CUTOFF,3,0,0,0,-1,-1,-1,-1,-1,755,34374,755,3604,0,960,0,1851,0,0,168,570,960,2616,508.448,274680,42,TASKBR_VACANCY_V1,62494,8764,62494,53730,71258,75.4021,480,60660,20724,40344,40344,60660,60592,59244,59244,59244,0,0,0,0,0,0,0,59244,86839,8,BOTTLENECK_TARGET_FRONTIER_CONTINUITY_V2,44.7184,15.0833,59.9101,15.1217,23.309,19296,326,19295,0,244,2560,37538,20724,60038,0,171,0,4771.37,3028050,216382,1190.39,2899,0,0,,,,,,,,,,,,,,,,,,,,,,,,,,,,,,,,,,,,,,,,,,,,,,8949.29,8949.34,68b1e0f47856cd3b41b9b3e51f826efcb2f5408daeee70f5ebfa2cd1c1a9e6e5,8.975,ok,
g3_dmedium_asurplus_pcross_heavy_gshared_pool_seed0,warehouse_random_factorial,carrier,1,19,108.0,108000000,33,59,16,0,0.1447,81,19,108,108000000,19,108,108000000,1,0,0,29216,52791,184502,0,0,SEARCH_CUTOFF,0,1,0,0,-1,108,-1,19,-1,70,17116,70,2168,0,436,0,187,0,0,78,136,83,451,81.2074,47355,237,TASKBR_VACANCY_V1,26975,3758,26975,23217,30733,75.5442,0,21889,3448,18359,18359,21889,21885,21885,21885,21885,0,0,0,0,0,0,0,21885,178243,8,BOTTLENECK_TARGET_FRONTIER_CONTINUITY_V2,34.9373,14.7511,56.3171,9.55664,46.1219,7230,13,7229,0,22,173,18162,3448,31691,0,0,0,1775.32,808542,97598,433.412,2,0,0,,,,,,,,,,,,,,,,,,,,,,,,,,,,,,,,,,,,,,,,,,,,,,8657.09,8657.14,6b9ff2e5910c13497fdb36cd81400b10ac2c485e6ab44b9cbd32aef567d77825,8.677,ok,
g3_dmedium_asurplus_pcross_heavy_gsingleton_seed0,warehouse_random_factorial,carrier,1,41,169.0,169000000,64,89,16,0,0.1301,106,41,169,169000000,41,169,169000000,1,0,0,35596,35,415,0,0,SEARCH_CUTOFF,0,0,0,0,-1,-1,-1,-1,-1,106,16518,106,1002,0,192,0,237,45,29,2717,710,91,292,56.5244,30660,1254,TASKBR_VACANCY_V1,16737,6567,16737,10231,23360,43.7971,0,5989,5794,18081,18081,6033,6024,6024,6024,6024,0,0,0,0,0,0,0,6024,62275,8,BOTTLENECK_TARGET_FRONTIER_CONTINUITY_V2,24.3343,4.25726,17.0446,3.04801,20.2872,12267,12249,8634,0,47,268,17764,5794,22428,0,0,0,2153.3,7848351,36447,1018.6,0,45,6,,,,,,,,,,,,,,,,,,,,,,,,,,,,,,,,,,,,,,,,,,,,,,8631.81,8631.86,b135900538f4408b2e8de8c70c7649809b856d2c5052c398808b64817e8e453e,8.654,ok,
g3_dmedium_asurplus_plocal_gshared_pool_seed0,warehouse_random_factorial,carrier,1,12,72.0,72000000,19,37,16,0,0.1319,79,12,72,72000000,12,72,72000000,1,0,0,16021,36451,164284,0,0,SEARCH_CUTOFF,0,1,0,0,-1,72,-1,12,-1,78,16093,78,2775,0,214,0,268,0,0,0,7,113,610,101.579,64050,92,TASKBR_VACANCY_V1,41702,3440,41702,38262,45142,84.7592,0,34627,14182,17039,17039,34627,34622,34622,34622,34622,0,0,0,0,0,0,0,34622,152640,8,BOTTLENECK_TARGET_FRONTIER_CONTINUITY_V2,44.3257,18.4834,78.3378,12.6157,87.5908,6006,34,6004,0,4,106,16927,14182,31271,0,0,0,2851.87,5853176,136290,1377.36,5170,0,0,,,,,,,,,,,,,,,,,,,,,,,,,,,,,,,,,,,,,,,,,,,,,,8646.95,8647,2916786ca2e4e360f7796b1f28409225f3835dae9df831f78a561e7bd5510028,8.665,ok,
g3_dmedium_asurplus_plocal_gsingleton_seed0,warehouse_random_factorial,carrier,1,15,89.0,89000000,40,33,16,0,0.2222,38,15,89,89000000,15,89,89000000,1,0,0,53388,230,1078,0,0,SEARCH_CUTOFF,0,0,0,0,-1,-1,-1,-1,-1,350,16667,350,977,0,1106,0,278,2,2,6,76,1104,726,160.381,76230,8,TASKBR_VACANCY_V1,39,15,39,27,54,50,83,3226,21,17061,17061,3226,86,86,86,86,0,0,0,0,0,0,0,86,150,8,BOTTLENECK_TARGET_FRONTIER_CONTINUITY_V2,19.6536,0.038969,0.262168,0.037488,0.242645,17048,17042,11856,0,18,185,16856,21,52995,0,0,0,2794.75,8333833,131850,1397.25,0,0,3,,,,,,,,,,,,,,,,,,,,,,,,,,,,,,,,,,,,,,,,,,,,,,8645.34,8645.38,02a9f8ba5be7f034a678e6ee4a8fa1da198b6db91175b856717d4d995009df04,8.666,ok,
g3_dmedium_asurplus_pmixed_gshared_pool_seed0,warehouse_random_factorial,carrier,1,13,82.0,82000000,27,39,16,0,0.1731,78,13,82,82000000,13,82,82000000,1,0,0,8509,1565,8112,0,0,SEARCH_CUTOFF,0,1,0,0,-1,82,-1,13,-1,2448,1454,2448,17172,0,6007,0,8524,156,156,14355,5958,5478,6123,1256.45,642915,284,TASKBR_VACANCY_V1,4937,600,4937,4387,5612,78.1718,2182,4188,244,3909,3909,4213,4207,4207,4207,4207,0,0,0,0,0,0,0,4207,25714,8,BOTTLENECK_TARGET_FRONTIER_CONTINUITY_V2,9.49981,3.30485,11.5541,2.30338,6.77612,2189,5,2185,0,1,2,3904,244,16882,0,0,0,8209.48,1310994,31239,356.789,0,0,0,,,,,,,,,,,,,,,,,,,,,,,,,,,,,,,,,,,,,,,,,,,,,,8537.03,8537.08,0f1abe0446e22d775b72108e8a4eb0cd8db80f88d45167c58c5b0d0bc1e7fdfe,8.549,ok,
g3_dmedium_asurplus_pmixed_gsingleton_seed0,warehouse_random_factorial,carrier,1,14,75.0,75000000,36,23,16,0,0.2143,26,14,75,75000000,14,75,75000000,1,0,0,47048,18,191,0,0,SEARCH_CUTOFF,0,0,0,0,-1,-1,-1,-1,-1,79,18444,79,156,0,186,0,48,0,0,40,20,186,171,36.3277,17955,10,TASKBR_VACANCY_V1,25,7,25,18,32,56.25,0,70,22,18649,18649,70,60,60,60,60,0,0,0,0,0,0,0,60,92,8,BOTTLENECK_TARGET_FRONTIER_CONTINUITY_V2,20.7398,0.025157,0.193174,0.023991,0.319371,18642,18638,13547,0,19,191,18437,22,42816,0,0,0,1551.7,2584137,73927,570.474,0,0,0,,,,,,,,,,,,,,,,,,,,,,,,,,,,,,,,,,,,,,,,,,,,,,8644.82,8644.87,669c2783b2162de7ced08ae413f3a33b8add38cf46f1f221ab1b696f5cd3c22c,8.667,ok,
g4_dhigh_abaseline_pcross_heavy_gshared_pool_seed0,warehouse_random_factorial,carrier,1,34,222.0,222000000,68,127,26,0,0.25,716,34,222,222000000,34,222,222000000,1,0,0,0,20538,71148,0,0,SEARCH_CUTOFF,5,1,0,0,-1,222,-1,34,-1,51,9,51,12507,0,1515,13,417,29,7,2697,1350,43,1558,589.073,224352,2743,TASKBR_VACANCY_V1,418,94,418,357,535,66.729,0,31720,6044,17158,17158,31758,31747,31712,31712,31712,0,0,0,0,0,0,0,31712,122126,12,BOTTLENECK_TARGET_FRONTIER_CONTINUITY_V2,40.9348,15.1954,61.2978,10.6377,25.2117,6519,3,6523,0,24,234,16898,6044,157,0,0,0,2953.64,362377,34665,261.246,2004,0,0,,,,,,,,,,,,,,,,,,,,,,,,,,,,,,,,,,,,,,,,,,,,,,8648.76,8648.85,28c2bc307ac8eadf0b7813cba3d0f620d4f00bc94c6827d33604577e65a42104,8.669,ok,
g4_dhigh_abaseline_pcross_heavy_gsingleton_seed0,warehouse_random_factorial,carrier,1,118,340.0,340000000,151,157,28,1,0.16,533,118,340,340000000,118,340,340000000,1,0,0,51327,126,1091,0,0,SEARCH_CUTOFF,12,0,0,0,-1,-1,-1,-1,-1,139,11416,139,2571,0,333,0,467,80,48,336,842,231,469,216.197,67536,236,TASKBR_VACANCY_V1,438,138,438,399,646,61.7647,0,579,126,16922,16922,670,656,576,576,576,0,0,0,0,0,0,0,576,1684,12,BOTTLENECK_TARGET_FRONTIER_CONTINUITY_V2,19.9279,0.267742,1.66572,0.304176,2.75104,16841,16671,8387,0,284,267,16369,126,11704,0,0,0,2796.26,1395319,17501,288.431,15,2,0,,,,,,,,,,,,,,,,,,,,,,,,,,,,,,,,,,,,,,,,,,,,,,8641.27,8641.37,c2761d1cd4008e4b7b675151de50a1584623ca948b0ebb070b46b55c2ab1e651,8.666,ok,
g4_dhigh_abaseline_plocal_gshared_pool_seed0,warehouse_random_factorial,carrier,1,25,169.0,169000000,55,90,24,0,0.275,531,25,169,169000000,25,169,169000000,1,0,0,29436,48697,89961,0,0,SEARCH_CUTOFF,4,1,0,0,-1,169,-1,25,-1,83,15227,83,8061,0,1243,0,356,2,2,569,192,105,1250,484.397,180000,878,TASKBR_VACANCY_V1,22408,2223,22408,20189,24631,81.9658,0,22586,2757,16038,16038,22588,19018,19016,19016,19016,0,0,0,0,0,0,0,19016,83345,12,BOTTLENECK_TARGET_FRONTIER_CONTINUITY_V2,30.7777,10.232,41.6763,7.69372,33.0207,5766,25,5765,0,6,120,15910,2757,28489,0,0,0,3190,1651210,94488,587.775,5,0,0,,,,,,,,,,,,,,,,,,,,,,,,,,,,,,,,,,,,,,,,,,,,,,8640.01,8640.09,5416113f84c5b0322f89f9919c28a10814f44a154cee0e731ee4ccd057ec20fd,8.661,ok,
g4_dhigh_abaseline_plocal_gsingleton_seed0,warehouse_random_factorial,carrier,1,31,190.0,190000000,82,78,26,0,0.3306,318,31,190,190000000,31,190,190000000,1,0,0,67428,34,274,0,0,SEARCH_CUTOFF,1,0,0,0,-1,-1,-1,-1,-1,244,13970,244,2048,0,445,0,653,84,6,226,1084,439,1126,505.591,162144,280,TASKBR_VACANCY_V1,20110,6442,20110,13744,27662,49.6855,0,10814,7838,14796,14796,11290,8161,8117,8117,8117,0,0,0,216,0,0,0,8117,34707,12,BOTTLENECK_TARGET_FRONTIER_CONTINUITY_V2,22.7749,4.04586,18.2076,3.61247,13.2182,8164,8156,3760,0,26,234,14534,7838,31577,0,0,0,3915.63,4099988,88789,818.121,8,0,0,,,,,,,,,,,,,,,,,,,,,,,,,,,,,,,,,,,,,,,,,,,,,,8636.7,8636.78,ded4fea074c10c2dfc2109524b27db1ad033cee0587c9a306fc907212154ceb3,8.66,ok,
g4_dhigh_abaseline_pmixed_gshared_pool_seed0,warehouse_random_factorial,carrier,1,27,174.0,174000000,60,90,24,0,0.2778,567,27,174,174000000,27,174,174000000,1,0,0,90468,25,223,0,0,SEARCH_CUTOFF,10,1,0,0,-1,174,-1,27,-1,70,15267,70,9722,0,1132,0,313,0,0,975,753,71,1342,495.553,193248,1547,TASKBR_VACANCY_V1,8237,2008,8237,6229,10245,60.8004,0,3549,3268,16212,16212,3549,3527,3527,3527,3527,0,0,0,0,0,0,0,3527,18776,12,BOTTLENECK_TARGET_FRONTIER_CONTINUITY_V2,21.0328,2.0435,8.78625,1.63552,6.5563,12985,12967,5272,0,21,242,15947,3268,26446,0,0,0,2994.02,1318410,42869,356.677,6,0,0,,,,,,,,,,,,,,,,,,,,,,,,,,,,,,,,,,,,,,,,,,,,,,8641.78,8641.87,5611d3bc3944a3e2b63d5e26bac0cc33126dcdfd9a15c3b19f6695cfb3f554e0,8.668,ok,
g4_dhigh_abaseline_pmixed_gsingleton_seed0,warehouse_random_factorial,carrier,1,35,223.0,223000000,108,91,24,0,0.3857,329,35,223,223000000,35,223,223000000,1,0,0,16162,34,295,0,0,SEARCH_CUTOFF,1,0,0,0,-1,-1,-1,-1,-1,132,15303,132,2282,0,258,0,500,42,40,1038,317,196,505,229.074,72720,327,TASKBR_VACANCY_V1,31577,16135,31577,15492,47746,32.4467,0,7236,6960,16279,16279,7278,7258,7196,7196,7196,0,0,0,0,0,0,0,7196,35548,12,BOTTLENECK_TARGET_FRONTIER_CONTINUITY_V2,23.5619,4.08063,15.9229,3.0648,11.8574,10214,10192,7144,0,27,275,15975,6960,31144,0,0,0,3118.56,1687314,74932,507.36,14,0,2,,,,,,,,,,,,,,,,,,,,,,,,,,,,,,,,,,,,,,,,,,,,,,8649.5,8649.58,70024a2ab89a3b6f8e393604480bc44d74043466fbd3b81c5b0374b9e64e9134,8.671,ok,
g4_dhigh_aequal_pcross_heavy_gshared_pool_seed0,warehouse_random_factorial,carrier,1,31,203.0,203000000,79,97,26,0,0.2124,1120,35,211,211000000,31,203,203000000,1,1,1,0,6,77,0,0,STRICT_IMPROVEMENT,2,1,1,1,1355,211,203,35,31,60,9,60,17306,0,1733,15,273,23,11,395,321,55,2588,972.042,372672,1971,TASKBR_VACANCY_V1,274,108,274,188,402,46.7662,0,253,61,77,77,283,269,254,254,254,0,0,0,0,0,0,0,254,448,12,BOTTLENECK_TARGET_FRONTIER_CONTINUITY_V2,0.361019,0.124937,0.748792,0.117969,0.954291,39,27,31,0,16,4,55,61,186,0,0,0,1318.05,149249,428,22.8283,7,1,3,,,,,,,,,,,,,,,,,,,,,,,,,,,,,,,,,,,,,,,,,,,,,,1361.91,1361.97,f3371606433a2d0480b78d9be71b28c4b9a705f653bd7f6bae7ead5c77864c4b,1.373,ok,
g4_dhigh_aequal_pcross_heavy_gsingleton_seed0,warehouse_random_factorial,carrier,1,36,262.0,262000000,109,123,26,0,0.2523,243,36,262,262000000,36,262,262000000,1,0,0,84860,30,388,0,0,SEARCH_CUTOFF,4,0,0,0,-1,-1,-1,-1,-1,68,13392,68,1600,0,227,0,256,54,36,308,628,151,255,115.587,36720,102,TASKBR_VACANCY_V1,5129,96,5129,5099,5275,96.6635,0,3949,3722,15918,15918,4012,4000,3983,3983,3983,0,0,0,0,0,0,0,3983,38380,12,BOTTLENECK_TARGET_FRONTIER_CONTINUITY_V2,29.2056,3.62783,12.4648,2.27838,12.235,12206,12190,5755,0,28,266,15622,3722,19681,0,0,0,2887.26,3596187,32175,651.778,11,22,4,,,,,,,,,,,,,,,,,,,,,,,,,,,,,,,,,,,,,,,,,,,,,,8641.89,8641.97,c550a3dfda0f5f6a8aa33f215623abdaabf20f287e566a5e72520e9b1cb4dede,8.668,ok,
g4_dhigh_aequal_plocal_gshared_pool_seed0,warehouse_random_factorial,carrier,1,20,175.0,175000000,55,96,24,0,0.2292,359,20,175,175000000,20,175,175000000,1,0,0,25126,1572,3958,0,0,SEARCH_CUTOFF,0,1,0,0,-1,175,-1,20,-1,858,6711,858,9119,0,2881,0,2602,4,4,1030,1240,1697,2828,1350.7,407232,1298,TASKBR_VACANCY_V1,11609,1362,11609,10258,12971,79.0841,586,10568,3765,7578,7578,10574,9066,9066,9066,9066,0,0,0,0,0,0,0,9066,47978,12,BOTTLENECK_TARGET_FRONTIER_CONTINUITY_V2,17.9462,6.13432,23.7685,4.5412,16.3276,3624,259,3617,0,2,22,7552,3765,32347,0,0,0,7192.71,1782949,59372,576.049,1227,0,0,,,,,,,,,,,,,,,,,,,,,,,,,,,,,,,,,,,,,,,,,,,,,,8579.53,8579.6,ebfbd743ff201d60571dbb198c270ab67281988f6148be0905862c36f9110bdc,8.597,ok,
g4_dhigh_aequal_plocal_gsingleton_seed0,warehouse_random_factorial,carrier,1,22,200.0,200000000,78,86,30,0,0.2955,191,22,200,200000000,22,200,200000000,1,0,0,14250,33213,152304,0,0,SEARCH_CUTOFF,8,0,0,0,-1,-1,-1,-1,-1,44,12902,44,676,0,117,0,217,32,0,208,1201,117,269,115.856,38736,347,TASKBR_VACANCY_V1,24010,3271,24010,20766,27334,75.9713,0,22695,24035,15833,15833,22740,22724,22688,22688,22688,0,0,0,0,0,0,0,22688,157160,12,BOTTLENECK_TARGET_FRONTIER_CONTINUITY_V2,38.1357,15.0725,59.705,10.4111,64.3708,5790,8,2791,0,21,132,15678,24035,18320,0,0,0,2985.12,415811,66791,322.562,8652,0,0,,,,,,,,,,,,,,,,,,,,,,,,,,,,,,,,,,,,,,,,,,,,,,8655.83,8655.92,972cd2cd056d7456dccdf63ca1d7bc72de6409697731a1748ed4c0614d5f560a,8.677,ok,
g4_dhigh_aequal_pmixed_gshared_pool_seed0,warehouse_random_factorial,carrier,1,24,196.0,196000000,60,112,24,0,0.2083,566,24,196,196000000,24,196,196000000,1,0,0,129499,62,498,0,0,SEARCH_CUTOFF,4,1,0,0,-1,196,-1,24,-1,349,12347,349,11134,0,1558,0,961,2,2,3311,295,500,2136,873.598,307584,2316,TASKBR_VACANCY_V1,17876,7818,17876,10061,25696,39.154,73,5327,4988,12800,12800,5327,5226,5226,5226,5226,0,0,0,0,0,0,0,5226,36990,12,BOTTLENECK_TARGET_FRONTIER_CONTINUITY_V2,21.6953,3.93272,15.4091,2.70433,7.78964,8302,8290,3909,0,19,166,12613,4988,38674,0,0,0,4835.94,4758624,92922,1070.97,0,0,0,,,,,,,,,,,,,,,,,,,,,,,,,,,,,,,,,,,,,,,,,,,,,,8629.19,8629.28,185a1a7d13dad14be29815ac94fddaccc154e006c0b0ac068e3d97a977b12570,8.657,ok,
g4_dhigh_aequal_pmixed_gsingleton_seed0,warehouse_random_factorial,carrier,1,31,236.0,236000000,110,102,24,0,0.2957,238,31,236,236000000,31,236,236000000,1,0,0,45317,282,1342,0,0,SEARCH_CUTOFF,6,0,0,0,-1,-1,-1,-1,-1,127,14993,127,1653,0,343,0,447,56,52,2470,479,283,387,185.412,55728,402,TASKBR_VACANCY_V1,15343,119,15343,15298,15502,98.684,0,16016,58,15838,15838,16070,16036,16036,16036,16036,0,0,0,0,0,0,0,16036,139994,12,BOTTLENECK_TARGET_FRONTIER_CONTINUITY_V2,33.5089,12.6926,42.598,9.01257,20.9676,7357,16,7350,0,25,205,15606,58,31049,0,0,0,3206.09,1574249,99571,659.26,19,0,11,,,,,,,,,,,,,,,,,,,,,,,,,,,,,,,,,,,,,,,,,,,,,,8651.69,8651.78,66c30b0a948e3b02508aaede7d44bbdb31e47414841cffd3a0b1a7cf823df56c,8.675,ok,
g4_dhigh_ascarce_pcross_heavy_gshared_pool_seed0,warehouse_random_factorial,carrier,1,44,236.0,236000000,68,141,26,0,0.2576,888,44,236,236000000,44,236,236000000,1,0,0,6781,11,76,0,0,SEARCH_CUTOFF,15,1,0,0,-1,236,-1,44,-1,112,12647,112,17408,0,1610,12,728,31,7,2683,2271,123,2134,823.488,307296,3667,TASKBR_VACANCY_V1,45597,2922,45597,42707,48542,87.9795,0,46028,15580,14275,14275,46067,46055,46016,46016,46016,0,0,0,0,0,0,0,46016,55413,12,BOTTLENECK_TARGET_FRONTIER_CONTINUITY_V2,42.5799,12.8954,70.9937,13.7553,50.0926,9890,10,9896,0,4,45,14224,15580,21276,0,1,0,4803.99,1887903,114153,916.947,10777,0,0,,,,,,,,,,,,,,,,,,,,,,,,,,,,,,,,,,,,,,,,,,,,,,8614.88,8614.97,7da55ebbbef1fb9b2ddb047aafbce197450ad065378e28649441a2a7c0f13a75,8.633,ok,
g4_dhigh_ascarce_pcross_heavy_gsingleton_seed0,warehouse_random_factorial,carrier,1,49,277.0,277000000,111,136,26,0,0.3776,541,49,277,277000000,49,277,277000000,1,0,0,6430,54,355,0,0,SEARCH_CUTOFF,12,0,0,0,-1,-1,-1,-1,-1,280,12945,280,4668,0,690,0,877,80,50,383,954,598,1127,508.304,162288,295,TASKBR_VACANCY_V1,22132,5692,22132,16546,27885,59.3366,0,8118,7627,13463,13463,8212,8201,8111,8111,8111,0,0,0,0,0,0,0,8111,18919,12,BOTTLENECK_TARGET_FRONTIER_CONTINUITY_V2,18.5129,4.24924,15.7066,3.56463,8.77877,6946,6914,4850,0,4,100,13357,7627,33706,0,0,0,4655.18,6869291,101058,1467.2,25,0,0,,,,,,,,,,,,,,,,,,,,,,,,,,,,,,,,,,,,,,,,,,,,,,8611.78,8611.87,28f77af131cbc966d9dff58d7085cdd3f281fbe160b2dc3e5c47f8ddb3cb664e,8.629,ok,
g4_dhigh_ascarce_plocal_gshared_pool_seed0,warehouse_random_factorial,carrier,1,44,230.0,230000000,55,151,24,0,0.2083,803,44,230,230000000,44,230,230000000,1,0,0,2172,20843,12049,0,0,SEARCH_CUTOFF,18,1,0,0,-1,230,-1,44,-1,59,14610,59,12577,0,1226,0,405,4,4,3338,184,35,1743,651.878,250992,2055,TASKBR_VACANCY_V1,29628,61,29628,29575,29689,99.616,0,28922,8736,15596,15596,28926,28919,28915,28915,28915,0,0,0,0,0,0,0,28915,67407,12,BOTTLENECK_TARGET_FRONTIER_CONTINUITY_V2,36.6925,11.9877,50.0716,10.0013,38.9891,7280,6,5664,0,22,188,15384,8736,14719,0,0,0,3676.67,1498666,72101,632.152,2993,0,0,,,,,,,,,,,,,,,,,,,,,,,,,,,,,,,,,,,,,,,,,,,,,,8603.07,8603.15,e63e7ce7e64d76d3c6b52dd8806e03cb0731a0a7e114ebc6d37d0166886c4c4e,8.621,ok,
g4_dhigh_ascarce_plocal_gsingleton_seed0,warehouse_random_factorial,carrier,1,54,262.0,262000000,85,144,28,0,0.2623,538,56,264,264000000,54,262,262000000,1,1,1,0,56,381,1,1,REFERENCE_SUFFIX_ACCEPTED,16,0,0,0,-1,-1,-1,-1,-1,96,8,96,2414,0,128,0,727,178,6,906,1124,122,806,331.025,116064,346,TASKBR_VACANCY_V1,566,32,566,717,791,90.6448,0,652,149,121,121,725,711,646,646,646,0,0,0,0,0,0,0,646,695,12,BOTTLENECK_TARGET_FRONTIER_CONTINUITY_V2,0.636872,0.278177,1.99608,0.373205,1.80616,63,23,68,0,19,8,92,149,184,0,0,0,1042.45,195599,739,29.6591,32,0,0,,,,,,,,,,,,,,,,,,,,,,,,,,,,,,,,,,,,,,,,,,,,,,1095.91,1095.97,1d934accb54f4a3ab503769e4af3a2e280839351021ab1c7423bdb9be34710cf,1.107,ok,
g4_dhigh_ascarce_pmixed_gshared_pool_seed0,warehouse_random_factorial,carrier,1,39,213.0,213000000,60,129,24,0,0.2564,825,39,213,213000000,39,213,213000000,1,0,0,17107,46741,10737,0,0,SEARCH_CUTOFF,20,1,0,0,-1,213,-1,39,-1,150,13759,150,15896,0,1309,0,663,0,0,300,121,183,2169,816.496,312336,1094,TASKBR_VACANCY_V1,23940,3507,23940,20433,27447,74.4453,0,24921,3551,14641,14641,24921,18540,18540,18540,18540,0,0,0,0,0,0,0,18540,45698,12,BOTTLENECK_TARGET_FRONTIER_CONTINUITY_V2,24.7347,7.45098,30.5221,6.91692,12.1875,5803,47,5800,0,5,92,14542,3551,27384,0,2,0,3799.44,1114002,102676,623.274,6,0,0,,,,,,,,,,,,,,,,,,,,,,,,,,,,,,,,,,,,,,,,,,,,,,8616.51,8616.59,6bf3b6f56a62ab98b720c05ebb86616a38d3a90de0dd22f42b940f045596bdd6,8.635,ok,
g4_dhigh_ascarce_pmixed_gsingleton_seed0,warehouse_random_factorial,carrier,1,46,239.0,239000000,108,107,24,0,0.3913,476,46,239,239000000,46,239,239000000,1,0,0,9857,44,300,0,0,SEARCH_CUTOFF,9,0,0,0,-1,-1,-1,-1,-1,110,14803,110,3026,0,225,0,592,54,52,1754,130,159,453,202.431,65232,310,TASKBR_VACANCY_V1,12269,128,12269,12214,12440,98.1833,0,8144,7718,18037,18037,8203,8182,8123,8123,8123,0,0,0,0,0,0,0,8123,29342,12,BOTTLENECK_TARGET_FRONTIER_CONTINUITY_V2,24.3543,3.86834,15.8267,3.44952,5.76015,11197,11167,6726,0,27,297,17711,7718,23940,0,1,0,3510.18,2306399,50752,540.67,24,0,0,,,,,,,,,,,,,,,,,,,,,,,,,,,,,,,,,,,,,,,,,,,,,,8645.33,8645.41,ee8eda530c0e1d2ae3e73869ea0cf44ec368be96e9703a63654f411855680f11,8.665,ok,
g4_dhigh_asurplus_pcross_heavy_gshared_pool_seed0,warehouse_random_factorial,carrier,1,20,164.0,164000000,68,69,26,0,0.1889,562,20,164,164000000,20,164,164000000,1,0,0,38479,276,1596,0,0,SEARCH_CUTOFF,0,1,0,0,-1,164,-1,20,-1,97,13973,97,8577,0,1476,0,325,16,8,995,344,187,1451,571.782,208944,1446,TASKBR_VACANCY_V1,21082,98,21082,20999,21190,99.0986,0,18101,7137,14360,14360,18116,18053,18053,18053,18053,0,0,0,0,0,0,0,18053,213088,12,BOTTLENECK_TARGET_FRONTIER_CONTINUITY_V2,39.3472,14.1237,63.1211,10.2878,85.4922,6942,28,6938,0,16,128,14214,7137,30649,0,0,0,3822.85,4011063,107553,954.432,1786,9,0,,,,,,,,,,,,,,,,,,,,,,,,,,,,,,,,,,,,,,,,,,,,,,8636.59,8636.7,75197a74887cecc519b6253b2739f8599883663a4feb204fab21fad4314abf1c,8.66,ok,
g4_dhigh_asurplus_pcross_heavy_gsingleton_seed0,warehouse_random_factorial,carrier,1,30,209.0,209000000,111,74,24,0,0.2056,174,30,209,209000000,30,209,209000000,1,0,0,22579,281,3047,0,0,SEARCH_CUTOFF,0,0,0,0,-1,-1,-1,-1,-1,2066,1270,2066,9373,0,6405,0,2991,383,365,7293,1782,6182,5222,2630.74,751968,1769,TASKBR_VACANCY_V1,2305,931,2305,1598,3366,47.4747,1784,948,948,3349,3349,1158,1145,1145,1145,1145,0,0,0,0,0,0,0,1145,13202,12,BOTTLENECK_TARGET_FRONTIER_CONTINUITY_V2,7.93281,1.08536,5.31561,0.789639,6.2168,2479,2471,1963,0,41,229,3077,948,11311,0,0,0,8048.72,2958816,25770,537.621,0,50,0,,,,,,,,,,,,,,,,,,,,,,,,,,,,,,,,,,,,,,,,,,,,,,8541.29,8541.39,971db8bce8f04d2458ff8c61af91541608f8c66a3f90dc4651ec9bc838c39741,8.557,ok,
g4_dhigh_asurplus_plocal_gshared_pool_seed0,warehouse_random_factorial,carrier,1,20,143.0,143000000,55,64,24,0,0.1528,478,20,143,143000000,20,143,143000000,1,0,0,65112,1351,5979,0,0,SEARCH_CUTOFF,0,1,0,0,-1,143,-1,20,-1,896,8677,896,12509,0,4021,0,1912,0,0,447,4907,2957,3439,1593.7,495216,5712,TASKBR_VACANCY_V1,15711,680,15711,15031,16391,91.7028,623,14220,5404,9620,9620,14220,12808,12808,12808,12808,0,0,0,0,0,0,0,12808,129607,12,BOTTLENECK_TARGET_FRONTIER_CONTINUITY_V2,28.0637,9.54824,47.8456,7.47823,58.4829,4372,131,4364,0,14,128,9476,5404,31147,0,0,0,6947.9,4915955,76901,1165.59,1436,0,0,,,,,,,,,,,,,,,,,,,,,,,,,,,,,,,,,,,,,,,,,,,,,,8599.43,8599.52,695bfdec7a56b85929da1d8e8ba45c288e2d657d019c105a3bc96f24f5c4f750,8.621,ok,
g4_dhigh_asurplus_plocal_gsingleton_seed0,warehouse_random_factorial,carrier,1,25,184.0,184000000,87,64,28,0,0.1933,136,25,184,184000000,25,184,184000000,1,0,0,7784,26582,252253,0,0,SEARCH_CUTOFF,0,0,0,0,-1,-1,-1,-1,-1,44,12401,44,428,0,131,0,114,20,0,74,136,131,195,89.0129,28080,28,TASKBR_VACANCY_V1,90,15,90,93,135,68.8889,0,6069,66,15692,15692,6103,175,175,175,175,0,0,0,3,0,0,0,175,474,12,BOTTLENECK_TARGET_FRONTIER_CONTINUITY_V2,28.7536,0.103466,0.716221,0.077289,0.790946,15661,15657,9020,0,13,27,15650,66,12630,0,0,0,2533.04,201762,15959,136.796,3,0,0,,,,,,,,,,,,,,,,,,,,,,,,,,,,,,,,,,,,,,,,,,,,,,8627.62,8627.71,378d3041c5f029ce42c99ab7f9567eae37365f81e283a228bd52fe8cb8382191,8.65,ok,
g4_dhigh_asurplus_pmixed_gshared_pool_seed0,warehouse_random_factorial,carrier,1,21,139.0,139000000,60,55,24,0,0.1587,591,21,139,139000000,21,139,139000000,1,0,0,76109,17,284,0,0,SEARCH_CUTOFF,0,1,0,0,-1,139,-1,21,-1,171,12973,171,8640,0,1321,4,367,13,13,299,30,293,1751,674.308,252144,848,TASKBR_VACANCY_V1,6494,1729,6494,6421,8223,78.0859,0,2648,3345,13438,13438,3478,3463,3463,3463,3463,0,0,0,0,0,0,0,3463,50231,12,BOTTLENECK_TARGET_FRONTIER_CONTINUITY_V2,25.3933,2.8068,13.2796,2.34262,4.74665,10102,10096,4622,0,22,222,13192,3345,31660,0,0,0,4361.7,10838056,78637,1671.61,0,2,0,,,,,,,,,,,,,,,,,,,,,,,,,,,,,,,,,,,,,,,,,,,,,,8620.58,8620.68,7e9a70e94a9df07910dc94a415f6e5344ddeaf7ae8f0f16b326aa363f9d9e371,8.645,ok,
g4_dhigh_asurplus_pmixed_gsingleton_seed0,warehouse_random_factorial,carrier,1,28,202.0,202000000,110,68,24,0,0.2183,179,28,202,202000000,28,202,202000000,1,0,0,367223,57,671,0,0,SEARCH_CUTOFF,1,0,0,0,-1,-1,-1,-1,-1,201,13077,201,1861,0,528,0,520,72,34,1058,1235,464,881,388.003,126864,1190,TASKBR_VACANCY_V1,13400,4881,13400,16852,31365,53.7287,0,9095,15933,13858,13858,13568,13531,13531,13531,13531,0,0,0,0,0,0,0,13531,184256,12,BOTTLENECK_TARGET_FRONTIER_CONTINUITY_V2,35.1549,11.1621,49.6475,8.66457,45.5724,1363,193,1310,0,7,99,13750,15933,29882,0,0,0,3583.9,1674846,95271,678.657,5187,12,2,,,,,,,,,,,,,,,,,,,,,,,,,,,,,,,,,,,,,,,,,,,,,,8658.02,8658.12,0724cf9150bc552f0f0e67cd817964b4eb25c3a2a7dd4fa673757cd2ede6ea98,8.7,ok,
g4_dlow_abaseline_pcross_heavy_gshared_pool_seed0,warehouse_random_factorial,carrier,1,33,199.0,199000000,63,112,24,0,0.2386,611,33,199,199000000,33,199,199000000,1,0,0,10477,31173,79215,0,0,SEARCH_CUTOFF,5,1,0,0,-1,199,-1,33,-1,65,14546,65,12328,0,1265,11,417,8,7,1404,51,39,1607,545.506,231408,744,TASKBR_VACANCY_V1,44042,81,44042,43969,44128,99.6397,0,44955,5652,16778,16778,44963,44951,44943,44943,44943,0,0,0,0,0,0,0,44943,100341,12,BOTTLENECK_TARGET_FRONTIER_CONTINUITY_V2,43.673,17.4839,69.6095,12.4302,37.428,5380,18,5382,0,27,209,16540,5652,20626,0,0,0,3062.16,5862995,129845,1266.93,15,0,0,,,,,,,,,,,,,,,,,,,,,,,,,,,,,,,,,,,,,,,,,,,,,,8631.8,8631.86,eeea38027e84c60957f9515d05f6077e4df5c5fec583b637d7bd44993488141b,8.651,ok,
g4_dlow_abaseline_pcross_heavy_gsingleton_seed0,warehouse_random_factorial,carrier,1,40,266.0,266000000,112,127,26,0,0.35,274,40,266,266000000,40,266,266000000,1,0,0,53264,37,316,0,0,SEARCH_CUTOFF,10,0,0,0,-1,-1,-1,-1,-1,265,14483,265,4154,0,618,0,943,158,82,882,983,454,1005,418.697,144720,276,TASKBR_VACANCY_V1,15055,7076,15055,15739,40252,39.1012,0,8242,17745,14878,14878,10707,10694,10643,10643,10643,0,0,0,0,0,0,0,10643,43161,12,BOTTLENECK_TARGET_FRONTIER_CONTINUITY_V2,22.7109,5.40541,20.3473,4.59428,9.94242,3556,72,2431,0,3,29,14844,17745,40328,0,0,0,4223.51,14706254,114177,2129.74,4840,0,0,,,,,,,,,,,,,,,,,,,,,,,,,,,,,,,,,,,,,,,,,,,,,,8623.13,8623.2,fa5749c682db21151326ff2d27e2fac009f1fd448b1121c93c30a0985a73349d,8.645,ok,
g4_dlow_abaseline_plocal_gshared_pool_seed0,warehouse_random_factorial,carrier,1,28,172.0,172000000,51,97,24,0,0.2277,463,28,172,172000000,28,172,172000000,1,0,0,10568,67,446,0,0,SEARCH_CUTOFF,4,1,0,0,-1,172,-1,28,-1,206,16933,206,8119,0,1270,0,526,0,0,238,209,215,1545,574.15,222480,706,TASKBR_VACANCY_V1,11326,5761,11326,5565,17087,32.5686,0,2976,2669,17502,17502,2976,2944,2944,2944,2944,0,0,0,0,0,0,0,2944,15186,12,BOTTLENECK_TARGET_FRONTIER_CONTINUITY_V2,20.7122,1.65186,6.7776,1.23996,4.46037,14865,14845,9619,0,28,293,17179,2669,38120,0,0,0,2801.51,3691225,78858,687.448,14,0,0,,,,,,,,,,,,,,,,,,,,,,,,,,,,,,,,,,,,,,,,,,,,,,8639.6,8639.67,09ebb6a6858c90d22c49540a9e4aac57036929444dd4c9476c35c149bbacc8c5,8.66,ok,
g4_dlow_abaseline_plocal_gsingleton_seed0,warehouse_random_factorial,carrier,1,28,185.0,185000000,72,89,24,0,0.3214,178,28,185,185000000,28,185,185000000,1,0,0,9847,31106,78643,0,0,SEARCH_CUTOFF,8,0,0,0,-1,-1,-1,-1,-1,144,17180,144,1528,0,223,0,531,6,6,100,830,217,642,250.305,92448,28,TASKBR_VACANCY_V1,31326,7047,31326,24287,38377,63.2853,0,25193,3574,17630,17630,25199,21436,21430,21430,21430,0,0,0,0,0,0,0,21430,88858,12,BOTTLENECK_TARGET_FRONTIER_CONTINUITY_V2,32.6052,10.4753,42.193,8.75871,16.5929,11771,51,11770,0,27,255,17346,3574,38907,0,0,0,2477.03,1718417,133951,715.859,9,0,0,,,,,,,,,,,,,,,,,,,,,,,,,,,,,,,,,,,,,,,,,,,,,,8658.19,8658.27,e841a85a65418c9a8eac7ad22b7e9329047b4e2caf3c8f300e7cb47cc0608948,8.679,ok,
g4_dlow_abaseline_pmixed_gshared_pool_seed0,warehouse_random_factorial,carrier,1,27,175.0,175000000,57,94,24,0,0.2639,464,27,175,175000000,27,175,175000000,1,0,0,11795,25,223,0,0,SEARCH_CUTOFF,11,1,0,0,-1,175,-1,27,-1,137,17282,137,9728,0,1129,0,442,0,0,419,272,129,1413,504.242,203472,692,TASKBR_VACANCY_V1,11621,5718,11621,5903,17339,34.0446,0,3391,3102,17931,17931,3391,3361,3361,3361,3361,0,0,0,0,0,0,0,3361,17203,12,BOTTLENECK_TARGET_FRONTIER_CONTINUITY_V2,21.4322,2.0302,7.74983,1.43331,5.95829,14874,14856,8381,0,24,307,17598,3102,37258,0,0,0,2406.46,2238549,75395,527.756,6,0,0,,,,,,,,,,,,,,,,,,,,,,,,,,,,,,,,,,,,,,,,,,,,,,8650.99,8651.08,4310ec1f57fe39782eaa9a1bc7960ec18e3c13ef5e7536a43849b10b8ba54f6f,8.671,ok,
g4_dlow_abaseline_pmixed_gsingleton_seed0,warehouse_random_factorial,carrier,1,40,227.0,227000000,112,91,24,0,0.35,250,40,227,227000000,40,227,227000000,1,0,0,8940,32,286,0,0,SEARCH_CUTOFF,5,0,0,0,-1,-1,-1,-1,-1,181,16126,181,2850,0,335,0,569,68,42,1082,110,265,889,351.158,128016,220,TASKBR_VACANCY_V1,26011,13629,26011,18508,55870,33.1269,0,10475,20336,17011,17011,13905,13887,13836,13836,13836,0,0,0,0,0,0,0,13836,66521,12,BOTTLENECK_TARGET_FRONTIER_CONTINUITY_V2,27.7001,7.07319,27.9054,5.80867,15.6066,2264,60,2263,0,12,125,16872,20336,33123,0,0,0,3002.03,5240196,101564,918.914,3397,0,3,,,,,,,,,,,,,,,,,,,,,,,,,,,,,,,,,,,,,,,,,,,,,,8636.21,8636.3,57e4f86345f5112bbac49e476ba868370aac06e9972da6d271471c19ef6e0606,8.656,ok,
g4_dlow_aequal_pcross_heavy_gshared_pool_seed0,warehouse_random_factorial,carrier,1,26,177.0,177000000,65,88,24,0,0.2083,684,30,178,178000000,26,177,177000000,1,1,1,0,6,77,0,0,STRICT_IMPROVEMENT,0,1,1,1,808,178,177,30,26,50,8,50,11629,0,1212,11,218,9,8,442,21,42,1730,585.741,249120,569,TASKBR_VACANCY_V1,218,87,218,141,313,45.0479,0,219,51,66,66,226,213,213,213,213,0,0,0,0,0,0,0,213,363,12,BOTTLENECK_TARGET_FRONTIER_CONTINUITY_V2,0.294315,0.099174,0.740566,0.108024,0.864939,32,22,27,0,17,5,42,51,152,0,0,0,779.019,84020,326,15.0606,2,0,0,,,,,,,,,,,,,,,,,,,,,,,,,,,,,,,,,,,,,,,,,,,,,,810.665,810.731,fd58efd52a725df6d779628f2ec7568fb2e53714a758cec3d88c9253d588f9ba,0.821,ok,
g4_dlow_aequal_pcross_heavy_gsingleton_seed0,warehouse_random_factorial,carrier,1,36,248.0,248000000,106,115,26,0,0.2454,172,36,248,248000000,36,248,248000000,1,0,0,29544,30,388,0,0,SEARCH_CUTOFF,3,0,0,0,-1,-1,-1,-1,-1,76,15403,76,1578,0,233,0,257,54,36,18,506,159,263,111.823,37872,48,TASKBR_VACANCY_V1,10746,4998,10746,5823,15792,36.8731,0,7614,3215,17937,17937,7681,3494,3477,3477,3477,0,0,0,0,0,0,0,3477,33315,12,BOTTLENECK_TARGET_FRONTIER_CONTINUITY_V2,24.2272,2.95108,10.6188,2.12361,11.4029,14731,14713,6939,0,31,292,17612,3215,23003,0,0,0,1939.6,2222430,36216,536.555,12,30,4,,,,,,,,,,,,,,,,,,,,,,,,,,,,,,,,,,,,,,,,,,,,,,8636.5,8636.56,a5b7c7b3d038280166f51c4a8cedb42b8989bc34de26e6fe1214cf10ec3e1dcd,8.661,ok,
g4_dlow_aequal_plocal_gshared_pool_seed0,warehouse_random_factorial,carrier,1,21,171.0,171000000,51,96,24,0,0.2024,354,21,171,171000000,21,171,171000000,1,0,0,15837,60,696,0,0,SEARCH_CUTOFF,0,1,0,0,-1,171,-1,21,-1,1063,13128,1063,9426,0,2493,0,2329,0,0,1456,200,1450,3004,1334.66,432576,648,TASKBR_VACANCY_V1,660,263,660,397,923,43.0119,790,368,175,14283,14283,368,355,355,355,355,0,0,0,0,0,0,0,355,1212,12,BOTTLENECK_TARGET_FRONTIER_CONTINUITY_V2,18.2536,0.207371,1.18286,0.199623,1.13884,14120,14110,8162,0,21,267,13993,175,41262,0,0,0,5019.82,4255510,84472,940.874,6,0,0,,,,,,,,,,,,,,,,,,,,,,,,,,,,,,,,,,,,,,,,,,,,,,8631.32,8631.42,b9aeb5aca5837e3cf9651f4594e727941bbd6fa926f6a47046e5a6c14d0932c0,8.652,ok,
g4_dlow_aequal_plocal_gsingleton_seed0,warehouse_random_factorial,carrier,1,17,157.0,157000000,72,61,24,0,0.3529,84,17,157,157000000,17,157,157000000,1,0,0,20602,30359,92055,0,0,SEARCH_CUTOFF,0,0,0,0,-1,-1,-1,-1,-1,1593,5843,1593,9583,0,5918,0,3702,0,0,33554,3927,5918,5520,2261.04,794880,7526,TASKBR_VACANCY_V1,7511,7,7511,7504,7518,99.8138,1323,9065,32,7447,7447,9065,7572,7572,7572,7572,0,0,0,0,0,0,0,7572,52073,12,BOTTLENECK_TARGET_FRONTIER_CONTINUITY_V2,16.1137,6.11098,20.3076,4.02761,11.3144,7423,980,7418,0,21,182,7242,32,28533,0,0,0,7409.67,3717837,59540,933.913,0,0,0,,,,,,,,,,,,,,,,,,,,,,,,,,,,,,,,,,,,,,,,,,,,,,8572.74,8572.82,d5f33ffaec94686021f52f9dfe7f45e2bbef13ad8fb68636cc461a05a3d66611,8.589,ok,
g4_dlow_aequal_pmixed_gshared_pool_seed0,warehouse_random_factorial,carrier,1,22,189.0,189000000,55,110,24,0,0.2083,366,22,191,191000000,22,189,189000000,1,1,1,0,26,315,0,0,STRICT_IMPROVEMENT,4,1,1,1,500,191,189,22,22,41,6,41,7203,0,1052,0,232,0,0,0,5,57,940,320.42,135360,590,TASKBR_VACANCY_V1,237,72,237,165,309,53.3981,0,279,29,57,57,279,256,256,256,256,0,0,0,0,0,0,0,256,313,12,BOTTLENECK_TARGET_FRONTIER_CONTINUITY_V2,0.285659,0.105513,0.932255,0.131333,0.770149,36,20,25,0,0,2,53,29,164,0,0,0,472.322,53272,406,11.8205,0,0,0,,,,,,,,,,,,,,,,,,,,,,,,,,,,,,,,,,,,,,,,,,,,,,503.038,503.099,899627f874954cf79772d57ba9a734beeac026658618dac832f393bee8b93c3f,0.513,ok,
g4_dlow_aequal_pmixed_gsingleton_seed0,warehouse_random_factorial,carrier,1,33,232.0,232000000,110,98,24,0,0.2778,192,33,232,232000000,33,232,232000000,1,0,0,5251,67,727,0,0,SEARCH_CUTOFF,6,0,0,0,-1,-1,-1,-1,-1,1135,10604,1135,13342,0,1386,0,3364,296,38,1274,260,1336,7236,2759.27,1041984,168,TASKBR_VACANCY_V1,30814,18139,30814,17506,60199,29.0802,848,8939,16134,11791,11791,11380,11330,11330,11330,11330,0,0,0,0,0,0,0,11330,79797,12,BOTTLENECK_TARGET_FRONTIER_CONTINUITY_V2,24.2521,7.64322,30.5942,5.63873,19.6225,1820,427,1776,0,12,126,11651,16134,33344,0,0,0,6139.86,4894301,91661,963.912,2747,0,12,,,,,,,,,,,,,,,,,,,,,,,,,,,,,,,,,,,,,,,,,,,,,,8608.42,8608.5,8c27ffc7a3c48f7a333b94f03fc95136042fc1e3be807fbc028884bc42880ae6,8.627,ok,
g4_dlow_ascarce_pcross_heavy_gshared_pool_seed0,warehouse_random_factorial,carrier,1,38,209.0,209000000,63,122,24,0,0.2763,581,38,209,209000000,38,209,209000000,1,0,0,1986,26073,12254,0,0,SEARCH_CUTOFF,2,1,0,0,-1,209,-1,38,-1,76,16109,76,12875,0,1312,11,500,8,7,2317,181,56,1515,520.734,218160,755,TASKBR_VACANCY_V1,45373,7045,45373,38336,52423,73.1282,0,46665,3519,17399,17399,46673,38643,38635,38635,38635,0,0,0,0,0,0,0,38635,67689,12,BOTTLENECK_TARGET_FRONTIER_CONTINUITY_V2,40.0572,13.9074,59.6825,11.0536,39.6343,9785,7,9785,0,4,87,17306,3519,24802,0,0,0,3162,1852493,139158,1050.05,8,0,0,,,,,,,,,,,,,,,,,,,,,,,,,,,,,,,,,,,,,,,,,,,,,,8627.57,8627.65,f14de6d9b0a675221bce03ae16264f53bda47f47edcf81ef62279be9d31365d6,8.645,ok,
g4_dlow_ascarce_pcross_heavy_gsingleton_seed0,warehouse_random_factorial,carrier,1,55,284.0,284000000,106,151,26,0,0.3212,370,55,284,284000000,55,284,284000000,1,0,0,6089,50,347,0,0,SEARCH_CUTOFF,16,0,0,0,-1,-1,-1,-1,-1,156,15583,156,4160,0,281,0,756,124,58,242,852,167,676,275.459,97344,118,TASKBR_VACANCY_V1,20567,7991,20567,12727,28655,44.4146,0,8417,7940,17483,17483,8540,8520,8410,8410,8410,0,0,0,0,0,0,0,8410,27589,12,BOTTLENECK_TARGET_FRONTIER_CONTINUITY_V2,23.2838,4.60213,19.329,4.29625,15.1415,10463,10435,4612,0,30,279,17172,7940,28059,0,1,0,3024.73,3489578,61762,838.022,22,2,0,,,,,,,,,,,,,,,,,,,,,,,,,,,,,,,,,,,,,,,,,,,,,,8607.79,8607.87,2c66d4f58af4a808af3600015b6623cf123e012e6b555213d01ba00516edc4f8,8.625,ok,
g4_dlow_ascarce_plocal_gshared_pool_seed0,warehouse_random_factorial,carrier,1,41,204.0,204000000,51,129,24,0,0.2073,563,41,204,204000000,41,204,204000000,1,0,0,1116,23400,13830,0,0,SEARCH_CUTOFF,14,1,0,0,-1,204,-1,41,-1,63,17495,63,11156,0,1122,0,448,0,0,614,192,36,1359,470.832,195696,771,TASKBR_VACANCY_V1,17963,47,17963,17916,18010,99.4781,0,24356,92,18479,18479,24356,18946,18946,18946,18946,0,0,0,0,0,0,0,18946,80060,12,BOTTLENECK_TARGET_FRONTIER_CONTINUITY_V2,33.264,10.3879,50.0459,10.7611,40.7924,8753,7,8750,0,24,216,18237,92,17599,0,0,0,2394.71,278128,37395,262.486,19,0,0,,,,,,,,,,,,,,,,,,,,,,,,,,,,,,,,,,,,,,,,,,,,,,8612.33,8612.42,8ef59d2cdd00417a3d0c31f7d86d927267cb7bf1351311efa93ce65f74471ac9,8.629,ok,
g4_dlow_ascarce_plocal_gsingleton_seed0,warehouse_random_factorial,carrier,1,39,212.0,212000000,72,116,24,0,0.3077,258,39,212,212000000,39,212,212000000,1,0,0,1123,25568,13968,0,0,SEARCH_CUTOFF,15,0,0,0,-1,-1,-1,-1,-1,91,16077,91,2049,0,126,0,548,6,6,158,802,120,557,206.472,80208,44,TASKBR_VACANCY_V1,45494,9121,45494,36381,54619,66.6087,0,46444,8494,17734,17734,46450,38490,38484,38484,38484,0,0,0,0,0,0,0,38484,68427,12,BOTTLENECK_TARGET_FRONTIER_CONTINUITY_V2,39.9018,13.0388,56.4243,11.322,25.3743,10815,19,10812,0,5,116,17611,8494,25495,0,0,0,2850.63,1333481,141838,805.68,2904,0,0,,,,,,,,,,,,,,,,,,,,,,,,,,,,,,,,,,,,,,,,,,,,,,8626.41,8626.57,0cab92437f959afb98a2f8c78663fa54503dacaac35b2f28937be9c3fb8a35b4,8.643,ok,
g4_dlow_ascarce_pmixed_gshared_pool_seed0,warehouse_random_factorial,carrier,1,39,209.0,209000000,57,128,24,0,0.2436,646,39,209,209000000,39,209,209000000,1,0,0,3370,38,263,0,0,SEARCH_CUTOFF,39,1,0,0,-1,209,-1,39,-1,77,17732,77,13490,0,1072,0,434,0,0,32,16,53,1708,583.14,245952,713,TASKBR_VACANCY_V1,12126,6139,12126,5987,18265,32.7785,0,3580,3162,18258,18258,3580,3561,3561,3561,3561,0,0,0,0,0,0,0,3561,13718,12,BOTTLENECK_TARGET_FRONTIER_CONTINUITY_V2,21.4241,1.93627,9.20279,1.92396,7.8934,15195,15159,7560,0,23,230,18003,3162,27805,0,0,0,2545.27,905729,33919,320.645,22,0,0,,,,,,,,,,,,,,,,,,,,,,,,,,,,,,,,,,,,,,,,,,,,,,8604.56,8604.63,f770fa7f941418c154162c2cd07a33d78d6ba9b34d933977286d20483022ea7b,8.621,ok,
g4_dlow_ascarce_pmixed_gsingleton_seed0,warehouse_random_factorial,carrier,1,44,239.0,239000000,108,107,24,0,0.4091,356,46,239,239000000,44,239,239000000,1,1,1,9,44,299,0,0,STRICT_IMPROVEMENT,10,0,0,0,-1,-1,-1,-1,-1,91,9,91,2831,0,204,0,572,52,50,1554,66,134,348,147.002,50112,176,TASKBR_VACANCY_V1,573,125,573,519,739,70.23,0,523,96,106,106,580,562,505,505,505,0,0,0,0,0,0,0,505,534,12,BOTTLENECK_TARGET_FRONTIER_CONTINUITY_V2,0.518377,0.203402,1.34137,0.257779,1.08643,48,16,59,0,2,3,99,96,254,0,0,0,693.759,359256,742,48.3921,24,0,0,,,,,,,,,,,,,,,,,,,,,,,,,,,,,,,,,,,,,,,,,,,,,,728.46,728.524,e2fec472183d557ac6972dadfe687e273d6abeb7a72c754a0c3971c994335986,0.739,ok,
g4_dlow_asurplus_pcross_heavy_gshared_pool_seed0,warehouse_random_factorial,carrier,1,19,152.0,152000000,63,65,24,0,0.1842,359,19,152,152000000,19,152,152000000,1,0,0,12992,33821,284011,0,0,SEARCH_CUTOFF,0,1,0,0,-1,152,-1,19,-1,94,15719,94,6908,0,1193,0,322,5,5,471,355,125,1094,386.513,157536,477,TASKBR_VACANCY_V1,23613,83,23613,23533,23697,99.3079,0,20463,4050,16297,16297,20463,20450,20450,20450,20450,0,0,0,0,0,0,0,20450,250576,12,BOTTLENECK_TARGET_FRONTIER_CONTINUITY_V2,44.8282,15.8502,76.2986,12.7008,91.6998,6609,26,6608,0,20,176,16099,4050,30802,0,0,0,2897.49,3303623,103102,906.142,0,0,0,,,,,,,,,,,,,,,,,,,,,,,,,,,,,,,,,,,,,,,,,,,,,,8627.76,8627.84,9b9a2943f8632c78c3140d12d6fe4fecb9b34fcecb7cf78e82ae75d1e9c2b14b,8.649,ok,
g4_dlow_asurplus_pcross_heavy_gsingleton_seed0,warehouse_random_factorial,carrier,1,30,209.0,209000000,111,74,24,0,0.2056,139,30,209,209000000,30,209,209000000,1,0,0,6681,281,3047,0,0,SEARCH_CUTOFF,0,0,0,0,-1,-1,-1,-1,-1,2381,589,2381,17604,0,7740,0,3627,632,614,8718,499,7407,6875,3058.82,990000,556,TASKBR_VACANCY_V1,1483,1013,1483,850,2772,30.6638,2099,376,382,2979,2979,592,579,579,579,579,0,0,0,0,0,0,0,579,5650,12,BOTTLENECK_TARGET_FRONTIER_CONTINUITY_V2,6.57827,0.444341,2.35928,0.368571,1.87,2593,2585,2290,0,26,148,2803,382,11320,0,0,0,8286.37,4010439,23514,630.738,0,50,0,,,,,,,,,,,,,,,,,,,,,,,,,,,,,,,,,,,,,,,,,,,,,,8532.41,8532.48,971db8bce8f04d2458ff8c61af91541608f8c66a3f90dc4651ec9bc838c39741,8.545,ok,
g4_dlow_asurplus_plocal_gshared_pool_seed0,warehouse_random_factorial,carrier,1,21,139.0,139000000,51,64,24,0,0.1349,448,21,139,139000000,21,139,139000000,1,0,0,7860,19,358,0,0,SEARCH_CUTOFF,0,1,0,0,-1,139,-1,21,-1,50,12676,50,6275,0,1039,0,165,0,0,298,36,47,1165,395.936,167760,620,TASKBR_VACANCY_V1,191,71,191,120,262,45.8015,0,196,35,17772,17772,196,181,181,181,181,0,0,0,0,0,0,0,181,442,12,BOTTLENECK_TARGET_FRONTIER_CONTINUITY_V2,27.4167,0.107484,0.752244,0.102208,1.22421,17741,17737,8667,0,33,272,17465,35,12835,0,0,0,1929,883038,18043,230.349,0,0,0,,,,,,,,,,,,,,,,,,,,,,,,,,,,,,,,,,,,,,,,,,,,,,8627.2,8627.28,f6021ba248f3c65acce9d02699f89c26d85ec244cb6ac22fe9ddcb7e5b17c32d,8.65,ok,
g4_dlow_asurplus_plocal_gsingleton_seed0,warehouse_random_factorial,carrier,1,16,135.0,135000000,70,41,24,0,0.2431,68,16,137,137000000,16,135,135000000,1,1,1,5,22,370,1,1,REFERENCE_SUFFIX_ACCEPTED,0,0,0,0,-1,-1,-1,-1,-1,53,8,53,351,0,158,0,93,0,0,10,44,158,142,61.4086,20448,2,TASKBR_VACANCY_V1,59,8,59,51,67,76.1194,0,130,34,68,68,130,113,113,113,113,0,0,0,0,0,0,0,113,218,12,BOTTLENECK_TARGET_FRONTIER_CONTINUITY_V2,0.216437,0.061414,0.554636,0.051844,0.629339,52,48,37,0,1,0,65,34,319,0,0,0,165.701,125921,364,19.5645,0,0,0,,,,,,,,,,,,,,,,,,,,,,,,,,,,,,,,,,,,,,,,,,,,,,197.04,197.11,0e9dcd80ec8bdd610bc069b89dd7171c4c42cced97fb80ba462039807b84a9d8,0.207,ok,
g4_dlow_asurplus_pmixed_gshared_pool_seed0,warehouse_random_factorial,carrier,1,20,136.0,136000000,57,55,24,0,0.1583,416,20,136,136000000,20,136,136000000,1,0,0,1939,18,332,0,0,SEARCH_CUTOFF,0,1,0,0,-1,136,-1,20,-1,1541,1170,1541,26314,0,3614,0,5432,0,0,25291,2313,2690,9662,3667.33,1391328,7591,TASKBR_VACANCY_V1,4458,943,4458,3515,5401,65.0805,1268,613,489,2718,2718,613,598,598,598,598,0,0,0,0,0,0,0,598,6352,12,BOTTLENECK_TARGET_FRONTIER_CONTINUITY_V2,6.02949,0.5915,2.66675,0.411088,3.79822,2241,2235,1449,0,7,68,2641,489,10020,0,0,0,8286.16,336233,21403,167.379,0,0,0,,,,,,,,,,,,,,,,,,,,,,,,,,,,,,,,,,,,,,,,,,,,,,8526.2,8526.28,d3d6b9dddb448a47a5a974afdaf7cae7ee0006000ff95ce54cb8f64b00270169,8.539,ok,
g4_dlow_asurplus_pmixed_gsingleton_seed0,warehouse_random_factorial,carrier,1,28,196.0,196000000,106,66,24,0,0.2103,138,28,198,198000000,28,196,196000000,1,1,1,174,29,485,1,1,REFERENCE_SUFFIX_ACCEPTED,1,0,0,0,-1,-1,-1,-1,-1,146,31,146,1153,0,493,0,372,55,53,1338,421,396,400,180.174,57600,345,TASKBR_VACANCY_V1,247,122,247,170,403,42.1836,0,259,63,184,184,297,213,213,213,213,0,0,0,0,0,0,0,213,820,12,BOTTLENECK_TARGET_FRONTIER_CONTINUITY_V2,0.569652,0.147078,0.886698,0.134918,0.975095,141,131,122,0,2,9,171,63,763,0,0,0,595.213,556850,1336,75.1007,15,21,5,,,,,,,,,,,,,,,,,,,,,,,,,,,,,,,,,,,,,,,,,,,,,,634.249,634.318,7bd8a988a73ea26eda7ab88fcf0b343c160238524f8f5da9a4f1c5ed8dc3655d,0.644,ok,
g4_dmedium_abaseline_pcross_heavy_gshared_pool_seed0,warehouse_random_factorial,carrier,1,34,216.0,216000000,67,125,24,0,0.2463,691,34,216,216000000,34,216,216000000,1,0,0,0,22241,76257,0,0,SEARCH_CUTOFF,3,1,0,0,-1,216,-1,34,-1,54,6,54,12366,0,1458,6,390,4,3,1649,486,48,1547,578.534,222768,1504,TASKBR_VACANCY_V1,405,73,405,336,478,70.2929,0,18922,2236,18574,18574,18926,18916,18914,18914,18914,0,0,0,0,0,0,0,18914,136005,12,BOTTLENECK_TARGET_FRONTIER_CONTINUITY_V2,31.7152,9.88384,39.8906,8.57432,26.5438,8850,3,8851,0,28,233,18311,2236,146,0,0,0,2390.44,173221,18994,154.8,1096,0,0,,,,,,,,,,,,,,,,,,,,,,,,,,,,,,,,,,,,,,,,,,,,,,8641.61,8641.69,52eb9f0654138ea869a7122d5b3dfbbeec2d82a17074db15dc092cb102d1059c,8.67,ok,
g4_dmedium_abaseline_pcross_heavy_gsingleton_seed0,warehouse_random_factorial,carrier,1,40,266.0,266000000,112,127,26,0,0.35,364,40,266,266000000,40,266,266000000,1,0,0,66238,37,309,0,0,SEARCH_CUTOFF,10,0,0,0,-1,-1,-1,-1,-1,180,13844,180,3203,0,510,0,667,109,61,982,999,372,676,304.337,97344,361,TASKBR_VACANCY_V1,14331,9383,14331,11273,40567,27.7886,0,6807,17672,14154,14154,9397,9384,9333,9333,9333,0,0,0,0,0,0,0,9333,37952,12,BOTTLENECK_TARGET_FRONTIER_CONTINUITY_V2,21.1955,4.50095,17.7314,3.80539,8.73984,1856,52,1683,0,3,29,14120,17672,39448,0,0,0,4405.59,14732391,109345,2110.85,3158,0,0,,,,,,,,,,,,,,,,,,,,,,,,,,,,,,,,,,,,,,,,,,,,,,8634.51,8634.58,fa5749c682db21151326ff2d27e2fac009f1fd448b1121c93c30a0985a73349d,8.658,ok,
g4_dmedium_abaseline_plocal_gshared_pool_seed0,warehouse_random_factorial,carrier,1,24,164.0,164000000,53,87,24,0,0.276,431,24,164,164000000,24,164,164000000,1,0,0,29892,46939,85011,0,0,SEARCH_CUTOFF,4,1,0,0,-1,164,-1,24,-1,213,13491,213,8128,0,1406,0,951,0,0,8185,226,356,1488,607.742,214272,654,TASKBR_VACANCY_V1,53301,8119,53301,45182,61420,73.5624,0,38724,16246,14000,14000,38724,35132,35132,35132,35132,0,0,0,0,0,0,0,35132,60712,12,BOTTLENECK_TARGET_FRONTIER_CONTINUITY_V2,39.5045,12.8486,55.5795,10.4722,36.5901,4583,38,4578,0,2,25,13971,16246,33957,0,0,0,4556.6,3479720,111944,1106.15,2316,0,0,,,,,,,,,,,,,,,,,,,,,,,,,,,,,,,,,,,,,,,,,,,,,,8631.33,8631.41,d1dd83af4ff974755ef7c1603548883be5bdd769954b001ac1f690c8011ffb47,8.654,ok,
g4_dmedium_abaseline_plocal_gsingleton_seed0,warehouse_random_factorial,carrier,1,34,216.0,216000000,79,110,26,0,0.2904,250,34,216,216000000,34,216,216000000,1,0,0,50821,31,269,0,0,SEARCH_CUTOFF,12,0,0,0,-1,-1,-1,-1,-1,106,15653,106,1352,0,174,0,464,82,6,32,816,168,545,232.401,78480,10,TASKBR_VACANCY_V1,17214,3610,17214,13700,20920,65.4876,0,7911,7585,17013,17013,7949,7935,7910,7910,7910,0,0,0,0,0,0,0,7910,39712,12,BOTTLENECK_TARGET_FRONTIER_CONTINUITY_V2,23.69,4.17634,16.6702,3.23295,10.7581,10407,10393,6076,0,26,234,16751,7585,27664,0,0,0,2602.34,2903710,62874,583.954,17,0,0,,,,,,,,,,,,,,,,,,,,,,,,,,,,,,,,,,,,,,,,,,,,,,8652.44,8652.52,2f7795aff8a3a3ce7d579143c995366664939b25f444ef443826208f9536a6ec,8.677,ok,
g4_dmedium_abaseline_pmixed_gshared_pool_seed0,warehouse_random_factorial,carrier,1,27,175.0,175000000,57,94,24,0,0.2639,551,27,175,175000000,27,175,175000000,1,0,0,82949,25,223,0,0,SEARCH_CUTOFF,11,1,0,0,-1,175,-1,27,-1,87,16012,87,9717,0,1080,0,351,0,0,3,161,82,1362,524.259,196128,667,TASKBR_VACANCY_V1,9442,2658,9442,6784,12100,56.0661,0,3818,3534,16971,16971,3818,3793,3793,3793,3793,0,0,0,0,0,0,0,3793,20227,12,BOTTLENECK_TARGET_FRONTIER_CONTINUITY_V2,22.1891,2.3641,9.2006,1.74864,6.87974,13482,13464,5941,0,22,263,16684,3534,30444,0,0,0,2689.45,1724215,58431,440.413,6,0,0,,,,,,,,,,,,,,,,,,,,,,,,,,,,,,,,,,,,,,,,,,,,,,8650.77,8650.87,4310ec1f57fe39782eaa9a1bc7960ec18e3c13ef5e7536a43849b10b8ba54f6f,8.677,ok,
g4_dmedium_abaseline_pmixed_gsingleton_seed0,warehouse_random_factorial,carrier,1,35,223.0,223000000,108,91,24,0,0.3857,263,35,223,223000000,35,223,223000000,1,0,0,7819,34,302,0,0,SEARCH_CUTOFF,1,0,0,0,-1,-1,-1,-1,-1,171,16110,171,2403,0,285,0,589,42,40,976,84,215,590,272.559,84960,182,TASKBR_VACANCY_V1,35939,19592,35939,16397,55565,29.5096,0,6913,6635,17125,17125,6955,6933,6871,6871,6871,0,0,0,0,0,0,0,6871,34264,12,BOTTLENECK_TARGET_FRONTIER_CONTINUITY_V2,23.2016,4.87571,14.9426,2.7487,10.9459,11295,11273,8045,0,29,315,16779,6635,32777,0,0,0,2805.51,2353474,81962,596.213,14,0,2,,,,,,,,,,,,,,,,,,,,,,,,,,,,,,,,,,,,,,,,,,,,,,8650.84,8650.91,70024a2ab89a3b6f8e393604480bc44d74043466fbd3b81c5b0374b9e64e9134,8.672,ok,
g4_dmedium_aequal_pcross_heavy_gshared_pool_seed0,warehouse_random_factorial,carrier,1,23,175.0,175000000,67,84,24,0,0.2428,610,23,175,175000000,23,175,175000000,1,0,0,40289,65,564,0,0,SEARCH_CUTOFF,0,1,0,0,-1,175,-1,23,-1,120,15633,120,8827,0,1552,0,307,2,2,434,58,165,1592,614.965,229248,989,TASKBR_VACANCY_V1,231,87,231,147,319,46.0815,0,217,42,16479,16479,217,207,207,207,207,0,0,0,0,0,0,0,207,339,12,BOTTLENECK_TARGET_FRONTIER_CONTINUITY_V2,20.5124,0.094821,0.615499,0.103251,0.831012,16448,16434,6160,0,25,238,16214,42,32679,0,0,0,2816.78,1762283,57259,500.463,6,0,0,,,,,,,,,,,,,,,,,,,,,,,,,,,,,,,,,,,,,,,,,,,,,,8641.43,8641.51,496b45d0ffa203511d28a5568e5f1b373fe883f2d5428f0eddea7a416b8f8f21,8.667,ok,
g4_dmedium_aequal_pcross_heavy_gsingleton_seed0,warehouse_random_factorial,carrier,1,36,248.0,248000000,106,115,26,0,0.2454,222,36,248,248000000,36,248,248000000,1,0,0,29484,30,388,0,0,SEARCH_CUTOFF,3,0,0,0,-1,-1,-1,-1,-1,76,15117,76,1580,0,233,0,257,54,36,82,548,159,265,120.917,38160,48,TASKBR_VACANCY_V1,10460,4998,10460,5537,15506,35.7088,0,6546,2433,17155,17155,6613,2712,2695,2695,2695,0,0,0,0,0,0,0,2695,25305,12,BOTTLENECK_TARGET_FRONTIER_CONTINUITY_V2,25.8025,2.23867,8.07869,1.56413,8.86285,14731,14713,6939,0,31,292,16830,2433,22717,0,0,0,2358.6,2156973,34652,505.824,12,30,4,,,,,,,,,,,,,,,,,,,,,,,,,,,,,,,,,,,,,,,,,,,,,,8645.79,8645.87,a5b7c7b3d038280166f51c4a8cedb42b8989bc34de26e6fe1214cf10ec3e1dcd,8.669,ok,
g4_dmedium_aequal_plocal_gshared_pool_seed0,warehouse_random_factorial,carrier,1,20,173.0,173000000,53,96,24,0,0.2208,327,20,173,173000000,20,173,173000000,1,0,0,2560,1574,4684,0,0,SEARCH_CUTOFF,0,1,0,0,-1,173,-1,20,-1,1584,263,1584,12160,0,4413,0,4676,2,2,226,465,3339,4294,2133.3,618336,646,TASKBR_VACANCY_V1,2214,127,2214,2091,2341,89.3208,1312,2490,97,1856,1856,2492,2120,2120,2120,2120,0,0,0,0,0,0,0,2120,11621,12,BOTTLENECK_TARGET_FRONTIER_CONTINUITY_V2,5.98242,1.83107,7.22954,1.34339,2.82186,1417,7,1410,0,1,3,1850,97,8763,0,0,0,8333.79,546424,14596,179.495,3,0,0,,,,,,,,,,,,,,,,,,,,,,,,,,,,,,,,,,,,,,,,,,,,,,8520.81,8520.89,c85a962da16f9b89df3c8382027d040bda4ee9dbaa30aa8abd91ee5effbb741a,8.533,ok,
g4_dmedium_aequal_plocal_gsingleton_seed0,warehouse_random_factorial,carrier,1,19,170.0,170000000,79,64,26,0,0.3465,114,19,170,170000000,19,170,170000000,1,0,0,39188,50,468,0,0,SEARCH_CUTOFF,1,0,0,0,-1,-1,-1,-1,-1,1557,1992,1557,7712,0,4754,0,3713,42,0,474,7387,4754,5738,2635.86,826272,204,TASKBR_VACANCY_V1,5352,1341,5352,4029,6787,59.3635,1285,3639,1884,3556,3556,3692,2449,2432,2432,2432,0,0,0,0,0,0,0,2432,12473,12,BOTTLENECK_TARGET_FRONTIER_CONTINUITY_V2,7.63247,1.58021,6.4835,1.23729,4.95988,1950,1506,1631,0,2,5,3547,1884,16649,0,0,0,8132.65,1685453,28400,395.219,2,0,0,,,,,,,,,,,,,,,,,,,,,,,,,,,,,,,,,,,,,,,,,,,,,,8535.4,8535.47,0001c4b328aeb2e93fa46ab2aeacd9207f57746d9db36c650a139439d27bfc93,8.551,ok,
g4_dmedium_aequal_pmixed_gshared_pool_seed0,warehouse_random_factorial,carrier,1,22,189.0,189000000,55,110,24,0,0.2083,425,22,191,191000000,22,189,189000000,1,1,1,1,26,304,0,0,STRICT_IMPROVEMENT,4,1,1,1,605,191,189,22,22,40,6,40,7305,0,1045,0,230,0,0,1,7,53,984,369.453,141696,650,TASKBR_VACANCY_V1,236,71,236,165,307,53.7459,0,278,29,56,56,278,256,256,256,256,0,0,0,0,0,0,0,256,313,12,BOTTLENECK_TARGET_FRONTIER_CONTINUITY_V2,0.287795,0.104263,0.944235,0.12933,0.750868,35,19,24,0,0,2,52,29,158,0,0,0,574.818,52976,398,11.7913,0,0,0,,,,,,,,,,,,,,,,,,,,,,,,,,,,,,,,,,,,,,,,,,,,,,608.569,608.649,899627f874954cf79772d57ba9a734beeac026658618dac832f393bee8b93c3f,0.619,ok,
g4_dmedium_aequal_pmixed_gsingleton_seed0,warehouse_random_factorial,carrier,1,31,236.0,236000000,110,102,24,0,0.2957,208,31,236,236000000,31,236,236000000,1,0,0,16918,282,1526,0,0,SEARCH_CUTOFF,6,0,0,0,-1,-1,-1,-1,-1,184,15510,184,1846,0,422,0,600,60,56,2741,433,362,541,262.19,77904,582,TASKBR_VACANCY_V1,25415,3728,25415,21765,29183,74.5811,0,19398,3059,16204,16204,19456,19403,19403,19403,19403,0,0,0,0,0,0,0,19403,144897,12,BOTTLENECK_TARGET_FRONTIER_CONTINUITY_V2,36.2919,14.0823,50.9483,9.72891,31.7034,8108,39,8101,0,24,240,15938,3059,33211,0,0,0,3295.65,1530757,111415,709.335,19,0,11,,,,,,,,,,,,,,,,,,,,,,,,,,,,,,,,,,,,,,,,,,,,,,8643.66,8643.75,66c30b0a948e3b02508aaede7d44bbdb31e47414841cffd3a0b1a7cf823df56c,8.666,ok,
g4_dmedium_ascarce_pcross_heavy_gshared_pool_seed0,warehouse_random_factorial,carrier,1,47,256.0,256000000,67,165,24,0,0.2376,829,47,256,256000000,47,256,256000000,1,0,0,4193,40434,12524,0,0,SEARCH_CUTOFF,18,1,0,0,-1,256,-1,47,-1,122,14669,122,15381,0,1550,6,669,6,3,2391,554,117,2054,784.687,295776,1689,TASKBR_VACANCY_V1,37321,11156,37321,26169,49017,53.3876,0,28349,5680,15238,15238,28353,20851,20847,20847,20847,0,0,0,0,0,0,0,20847,45687,12,BOTTLENECK_TARGET_FRONTIER_CONTINUITY_V2,29.8033,10.5717,38.7445,8.83542,14.5288,7302,26,7303,0,2,19,15215,5680,30718,0,0,0,3994.32,1618689,115577,822.766,555,0,0,,,,,,,,,,,,,,,,,,,,,,,,,,,,,,,,,,,,,,,,,,,,,,8618.17,8618.25,ae27f2bdd24b5373e86fe7e55b43b485340b5ee34286a11afbe580e7a73e3506,8.636,ok,
g4_dmedium_ascarce_pcross_heavy_gsingleton_seed0,warehouse_random_factorial,carrier,1,55,284.0,284000000,106,151,26,0,0.3212,505,55,284,284000000,55,284,284000000,1,0,0,12609,50,347,0,0,SEARCH_CUTOFF,16,0,0,0,-1,-1,-1,-1,-1,132,16099,132,4008,0,267,0,704,124,58,318,882,153,616,266.847,88704,196,TASKBR_VACANCY_V1,21701,8263,21701,13589,30061,45.2048,0,9408,8932,18115,18115,9531,9512,9402,9402,9402,0,0,0,0,0,0,0,9402,30379,12,BOTTLENECK_TARGET_FRONTIER_CONTINUITY_V2,24.4334,4.48772,18.4627,4.01605,13.6445,10416,10388,4569,0,28,276,17809,8932,28673,0,1,0,3721.94,3615912,65058,771.825,22,2,0,,,,,,,,,,,,,,,,,,,,,,,,,,,,,,,,,,,,,,,,,,,,,,8639.54,8639.62,2c66d4f58af4a808af3600015b6623cf123e012e6b555213d01ba00516edc4f8,8.658,ok,
g4_dmedium_ascarce_plocal_gshared_pool_seed0,warehouse_random_factorial,carrier,1,40,194.0,194000000,53,117,24,0,0.2208,725,40,194,194000000,40,194,194000000,1,0,0,2161,30858,11929,0,0,SEARCH_CUTOFF,12,1,0,0,-1,194,-1,40,-1,71,14778,71,11092,0,1133,0,443,2,2,562,204,40,1694,632.044,243936,763,TASKBR_VACANCY_V1,15194,46,15194,15152,15240,99.4226,0,17112,93,16671,16671,17114,17105,17103,17103,17103,0,0,0,0,0,0,0,17103,64989,12,BOTTLENECK_TARGET_FRONTIER_CONTINUITY_V2,31.1683,9.05966,38.0399,8.2807,17.8702,9061,12,9064,0,30,261,16378,93,21583,0,0,0,3076.42,986086,58700,468.935,9,0,0,,,,,,,,,,,,,,,,,,,,,,,,,,,,,,,,,,,,,,,,,,,,,,8618.21,8618.29,3d680e5642d66861e3aeb04650ce7e34d483383dee7fd171fa65898d0d162602,8.635,ok,
g4_dmedium_ascarce_plocal_gsingleton_seed0,warehouse_random_factorial,carrier,1,41,226.0,226000000,79,120,26,0,0.3211,294,41,226,226000000,41,226,226000000,1,0,0,17338,43,276,0,0,SEARCH_CUTOFF,11,0,0,0,-1,-1,-1,-1,-1,959,11360,959,5209,0,1522,0,2870,179,6,34,815,1516,3401,1565.52,489744,6,TASKBR_VACANCY_V1,10913,2123,10913,8908,13982,63.7105,667,6504,6453,12859,12859,6964,6920,6878,6878,6878,0,0,0,0,0,0,0,6878,16925,12,BOTTLENECK_TARGET_FRONTIER_CONTINUITY_V2,17.9109,3.70593,13.9741,3.26162,9.20154,7386,7356,3045,0,27,269,12561,6453,30409,0,2,0,5981.6,3336103,71725,844.122,44,0,0,,,,,,,,,,,,,,,,,,,,,,,,,,,,,,,,,,,,,,,,,,,,,,8598.34,8598.42,d5447532ac6bd90e7e0664a788bc9836ce838d29a8e2a76cdabbf67c1b963192,8.615,ok,
g4_dmedium_ascarce_pmixed_gshared_pool_seed0,warehouse_random_factorial,carrier,1,39,209.0,209000000,57,128,24,0,0.2436,767,39,209,209000000,39,209,209000000,1,0,0,4406,38,263,0,0,SEARCH_CUTOFF,39,1,0,0,-1,209,-1,39,-1,73,15358,73,13678,0,1066,0,429,0,0,0,19,50,1814,680.612,261216,769,TASKBR_VACANCY_V1,8855,2868,8855,5987,11723,51.0705,0,3580,3162,16960,16960,3580,3561,3561,3561,3561,0,0,0,0,0,0,0,3561,13718,12,BOTTLENECK_TARGET_FRONTIER_CONTINUITY_V2,21.4589,1.95308,8.57035,1.7727,7.15679,13897,13861,6914,0,27,292,16639,3162,22619,0,0,0,3007.47,812090,30430,297.12,22,0,0,,,,,,,,,,,,,,,,,,,,,,,,,,,,,,,,,,,,,,,,,,,,,,8607.16,8607.25,f770fa7f941418c154162c2cd07a33d78d6ba9b34d933977286d20483022ea7b,8.625,ok,
g4_dmedium_ascarce_pmixed_gsingleton_seed0,warehouse_random_factorial,carrier,1,44,239.0,239000000,108,107,24,0,0.4091,374,46,239,239000000,44,239,239000000,1,1,1,14,44,299,0,0,STRICT_IMPROVEMENT,10,0,0,0,-1,-1,-1,-1,-1,90,9,90,2781,0,209,0,572,54,52,1560,66,131,364,162.325,52416,200,TASKBR_VACANCY_V1,576,130,576,519,749,69.2924,0,520,98,105,105,579,562,503,503,503,0,0,0,0,0,0,0,503,532,12,BOTTLENECK_TARGET_FRONTIER_CONTINUITY_V2,0.475131,0.19309,1.28356,0.256975,1.05772,45,15,58,0,2,3,98,98,251,0,0,0,716.309,355811,736,47.7412,24,0,0,,,,,,,,,,,,,,,,,,,,,,,,,,,,,,,,,,,,,,,,,,,,,,755.217,755.277,85dcdb16b3fb5c87c51b5d735cbc5bcf1201de6f49717c173b1652aca6468795,0.766,ok,
g4_dmedium_asurplus_pcross_heavy_gshared_pool_seed0,warehouse_random_factorial,carrier,1,23,156.0,156000000,67,65,24,0,0.1618,721,23,156,156000000,23,156,156000000,1,0,0,28051,65,937,0,0,SEARCH_CUTOFF,0,1,0,0,-1,156,-1,23,-1,55,12846,55,9876,0,1441,0,209,2,2,471,142,67,1735,641.709,249840,990,TASKBR_VACANCY_V1,227,87,227,143,315,45.3968,0,193,34,15786,15786,193,181,181,181,181,0,0,0,0,0,0,0,181,532,12,BOTTLENECK_TARGET_FRONTIER_CONTINUITY_V2,25.0326,0.113891,0.80746,0.112063,1.3887,15755,15745,9786,0,26,192,15566,34,13044,0,0,0,2622.67,567243,16116,199.89,0,0,0,,,,,,,,,,,,,,,,,,,,,,,,,,,,,,,,,,,,,,,,,,,,,,8614.94,8615.02,15079458ce3a8bf072e39882b0273529f25444f6ef7de3f6b88ce35d254e77fc,8.637,ok,
g4_dmedium_asurplus_pcross_heavy_gsingleton_seed0,warehouse_random_factorial,carrier,1,30,209.0,209000000,111,74,24,0,0.2056,166,30,209,209000000,30,209,209000000,1,0,0,9855,281,3047,0,0,SEARCH_CUTOFF,0,0,0,0,-1,-1,-1,-1,-1,2149,580,2149,15048,0,7297,0,2982,625,468,5200,831,6995,7306,3384.84,1052064,1329,TASKBR_VACANCY_V1,1535,925,1535,850,2847,29.856,1867,603,555,2738,2738,765,752,752,752,752,0,0,0,0,0,0,0,752,7935,12,BOTTLENECK_TARGET_FRONTIER_CONTINUITY_V2,6.1793,0.616296,3.19448,0.51878,2.1118,2179,2171,1913,0,26,145,2565,555,10217,0,0,0,8245.3,3415153,21484,549.828,0,50,0,,,,,,,,,,,,,,,,,,,,,,,,,,,,,,,,,,,,,,,,,,,,,,8531.08,8531.17,971db8bce8f04d2458ff8c61af91541608f8c66a3f90dc4651ec9bc838c39741,8.545,ok,
g4_dmedium_asurplus_plocal_gshared_pool_seed0,warehouse_random_factorial,carrier,1,20,141.0,141000000,53,64,24,0,0.1472,430,20,141,141000000,20,141,141000000,1,0,0,11856,1351,8275,0,0,SEARCH_CUTOFF,0,1,0,0,-1,141,-1,20,-1,736,7471,736,13275,0,2570,0,2489,0,0,299,252,1576,3100,1399.24,446400,551,TASKBR_VACANCY_V1,16402,112,16402,16290,16514,98.6436,463,15125,1315,8236,8236,15125,15115,15115,15115,15115,0,0,0,0,0,0,0,15115,115552,12,BOTTLENECK_TARGET_FRONTIER_CONTINUITY_V2,27.5047,9.17211,50.3416,7.54866,51.3333,5477,121,5471,0,9,105,8120,1315,23849,0,0,0,7166.22,6827381,65829,1374.44,0,0,0,,,,,,,,,,,,,,,,,,,,,,,,,,,,,,,,,,,,,,,,,,,,,,8569.22,8569.29,e563c30ed0d72c44e78c9b5f2f5f9a37f144fb27a476c7d336d154a0e89d9cb0,8.587,ok,
g4_dmedium_asurplus_plocal_gsingleton_seed0,warehouse_random_factorial,carrier,1,19,156.0,156000000,79,50,26,0,0.231,93,19,156,156000000,19,156,156000000,1,0,0,5911,230,2380,0,0,SEARCH_CUTOFF,0,0,0,0,-1,-1,-1,-1,-1,2075,942,2075,5717,0,7229,0,3580,12,0,58,50,7229,5569,2760.89,801936,24,TASKBR_VACANCY_V1,3871,1478,3871,2405,5367,44.8109,1803,1328,1033,3024,3024,1342,1128,1128,1128,1128,0,0,0,0,0,0,0,1128,12431,12,BOTTLENECK_TARGET_FRONTIER_CONTINUITY_V2,7.42115,1.12367,4.90607,0.755142,5.11542,2091,2087,1763,0,4,29,2989,1033,13243,0,0,0,8218.48,1174427,23871,300.489,3,0,0,,,,,,,,,,,,,,,,,,,,,,,,,,,,,,,,,,,,,,,,,,,,,,8532.18,8532.27,1533176dc70388143eb4167ecc46abbee853edabf426e564cddd58446a3322e0,8.546,ok,
g4_dmedium_asurplus_pmixed_gshared_pool_seed0,warehouse_random_factorial,carrier,1,19,152.0,152000000,73,55,24,0,0.2135,503,20,136,136000000,19,152,152000000,1,1,1,14487,20,299,0,0,STRICT_IMPROVEMENT,12,1,1,1,4171,136,152,20,19,825,1831,825,10411,0,1850,0,2175,0,0,1950,2977,930,3397,1532.86,489168,3733,TASKBR_VACANCY_V1,1854,419,1854,1435,2273,63.1324,552,1222,373,2710,2710,1222,484,484,484,484,0,0,0,0,0,0,0,484,4918,12,BOTTLENECK_TARGET_FRONTIER_CONTINUITY_V2,5.52623,0.410927,2.20925,0.320011,1.39919,2371,2365,762,0,31,212,2465,373,7410,0,0,0,3928.6,257949,14818,113.384,0,0,0,,,,,,,,,,,,,,,,,,,,,,,,,,,,,,,,,,,,,,,,,,,,,,4209.84,4209.92,75b585e64b25747964190bad1d8504112cb00e94211ddc6cc5f2b8055b99d1ba,4.224,ok,
g4_dmedium_asurplus_pmixed_gsingleton_seed0,warehouse_random_factorial,carrier,1,28,202.0,202000000,110,68,24,0,0.2183,155,28,202,202000000,28,202,202000000,1,0,0,126044,57,686,0,0,SEARCH_CUTOFF,1,0,0,0,-1,-1,-1,-1,-1,344,13942,344,2849,0,652,0,980,100,34,1234,262,584,1342,601.5,193248,244,TASKBR_VACANCY_V1,14413,7284,14413,14047,35750,39.2923,62,7449,16251,14626,14626,11094,11051,11051,11051,11051,0,0,0,0,0,0,0,11051,149429,12,BOTTLENECK_TARGET_FRONTIER_CONTINUITY_V2,33.7156,9.17761,39.4511,6.99302,35.6363,1319,241,1258,0,7,119,14498,16251,36318,0,0,0,3855.52,2370838,99385,770.41,4221,12,2,,,,,,,,,,,,,,,,,,,,,,,,,,,,,,,,,,,,,,,,,,,,,,8648.12,8648.21,0724cf9150bc552f0f0e67cd817964b4eb25c3a2a7dd4fa673757cd2ede6ea98,8.678,ok,
g5_dhigh_abaseline_pcross_heavy_gshared_pool_seed0,warehouse_random_factorial,carrier,1,33,304.0,304000000,102,170,32,0,0.2576,1780,33,304,304000000,33,304,304000000,1,0,0,67409,1588,3579,0,0,SEARCH_CUTOFF,11,1,0,0,-1,304,-1,33,-1,283,9275,283,16243,0,3852,0,725,16,14,2009,118,749,2858,1973.33,503008,3815,TASKBR_VACANCY_V1,11514,174,11514,11364,11712,97.0287,0,10327,5301,9706,9706,10348,5758,5737,5737,5737,0,0,0,0,0,0,0,5737,39812,16,BOTTLENECK_TARGET_FRONTIER_CONTINUITY_V2,19.9726,4.24863,17.3164,3.18508,15.5611,5182,5164,3290,0,22,191,9491,5301,24204,0,0,0,5978.8,1499975,63779,613.859,26,0,0,,,,,,,,,,,,,,,,,,,,,,,,,,,,,,,,,,,,,,,,,,,,,,8611.64,8611.75,ebc6c17b3e52d17358e75df81570a5487ee0b44b33e4c448c86d59c0d6eca2db,8.636,ok,
g5_dhigh_abaseline_pcross_heavy_gsingleton_seed0,warehouse_random_factorial,carrier,1,56,525.0,525000000,227,237,51,5,0.3378,1261,56,526,526000000,56,525,525000000,1,1,1,28,64,771,0,0,STRICT_IMPROVEMENT,3,0,0,0,-1,-1,-1,-1,-1,119,24,119,7445,0,443,0,919,294,76,1644,5086,325,1426,975.29,250976,5152,TASKBR_VACANCY_V1,729,221,729,825,1277,64.6045,0,647,208,152,152,853,831,760,760,760,0,0,0,3,0,0,0,760,1135,15,BOTTLENECK_TARGET_FRONTIER_CONTINUITY_V2,0.894722,0.353374,2.7382,0.456938,5.30641,41,31,33,0,8,11,131,208,572,0,0,0,2507.49,774742,986,107.182,46,9,16,,,,,,,,,,,,,,,,,,,,,,,,,,,,,,,,,,,,,,,,,,,,,,2600.17,2600.28,04395b895c11b027040b748e736b6e234d8c181e96460780f5d4a78733f9f205,2.613,ok,
g5_dhigh_abaseline_plocal_gshared_pool_seed0,warehouse_random_factorial,carrier,1,32,310.0,310000000,89,189,32,0,0.2318,2197,33,302,302000000,32,310,310000000,1,1,1,0,6,77,0,0,STRICT_IMPROVEMENT,0,1,1,1,2671,302,310,33,32,57,13,57,23163,0,2906,4,472,4,4,776,283,67,2992,1849.67,526592,3007,TASKBR_VACANCY_V1,567,119,567,454,688,65.9884,0,586,102,80,80,589,576,573,573,573,0,0,0,0,0,0,0,573,665,16,BOTTLENECK_TARGET_FRONTIER_CONTINUITY_V2,0.599648,0.25359,2.27114,0.36659,4.19542,27,11,22,0,3,2,73,102,222,0,0,0,2608.88,207812,569,35.0925,32,0,1,,,,,,,,,,,,,,,,,,,,,,,,,,,,,,,,,,,,,,,,,,,,,,2682.98,2683.14,1f8d0e988b31afee09cf13e995a4017bf6718411ba807ce80db5783be98c1cad,2.696,ok,
g5_dhigh_abaseline_plocal_gsingleton_seed0,warehouse_random_factorial,carrier,1,35,291.0,291000000,113,140,36,0,0.269,481,35,291,291000000,35,291,291000000,1,0,0,38468,38,458,0,0,SEARCH_CUTOFF,2,0,0,0,-1,-1,-1,-1,-1,90,11111,90,1890,0,218,0,436,44,24,2426,1019,190,514,376.219,90464,648,TASKBR_VACANCY_V1,15459,92,15459,15445,15599,99.0128,0,14527,2292,11929,11929,14593,14576,14519,14519,14519,0,0,0,0,0,0,0,14519,108437,16,BOTTLENECK_TARGET_FRONTIER_CONTINUITY_V2,31.3353,10.7321,44.6653,7.56294,34.5749,5259,27,5257,0,24,199,11704,2292,22561,0,0,0,4553.88,1735182,76635,825.462,34,0,0,,,,,,,,,,,,,,,,,,,,,,,,,,,,,,,,,,,,,,,,,,,,,,8623.89,8624.01,97d57a4fdd81215694e7695c94ac09c347afcd2cca6a680a592313bedeab50d5,8.647,ok,
g5_dhigh_abaseline_pmixed_gshared_pool_seed0,warehouse_random_factorial,carrier,1,31,280.0,280000000,98,150,32,0,0.2634,1463,31,280,280000000,31,280,280000000,1,0,0,10142,24092,112966,0,0,SEARCH_CUTOFF,1,1,0,0,-1,280,-1,31,-1,62,9365,62,15708,0,3258,10,482,8,6,27,2240,82,1948,1225.93,342848,4614,TASKBR_VACANCY_V1,16374,3158,16374,13226,19539,67.6903,0,17972,5951,11665,11665,17981,14944,14935,14935,14935,0,0,0,0,0,0,0,14935,112412,16,BOTTLENECK_TARGET_FRONTIER_CONTINUITY_V2,31.4172,10.7867,46.617,8.05335,27.7838,4522,12,4518,0,4,90,11569,5951,13056,0,0,0,4883.04,854833,70076,577.432,1529,0,2,,,,,,,,,,,,,,,,,,,,,,,,,,,,,,,,,,,,,,,,,,,,,,8622.53,8622.63,1fd011977fddb4359e890a0a5b3279ecda9ec710269999c4273fe8585fdf0e19,8.644,ok,
g5_dhigh_abaseline_pmixed_gsingleton_seed0,warehouse_random_factorial,carrier,1,124,515.0,515000000,261,196,46,3,0.1754,1047,124,515,515000000,124,515,515000000,1,0,0,15554,116,1464,0,0,SEARCH_CUTOFF,8,0,0,0,-1,-1,-1,-1,-1,195,9633,195,5525,4,509,0,717,252,144,13034,3932,349,1195,886.592,210320,4934,TASKBR_VACANCY_V1,3808,3448,3808,637,7566,8.41924,0,1524,1268,12020,12020,1739,1703,1645,1645,1645,0,0,0,15,0,0,0,1645,13550,16,BOTTLENECK_TARGET_FRONTIER_CONTINUITY_V2,20.1308,0.984476,5.18474,0.907422,6.08698,10838,10814,5505,0,125,193,11700,1268,10177,0,0,0,4813.43,3677118,12841,692.684,54,16,4,,,,,,,,,,,,,,,,,,,,,,,,,,,,,,,,,,,,,,,,,,,,,,8619.75,8619.9,8077eb330d35e10d896f9254ab45286d06a17cd77505b183efb592dde8ec3e49,8.644,ok,
g5_dhigh_aequal_pcross_heavy_gshared_pool_seed0,warehouse_random_factorial,carrier,1,27,298.0,298000000,102,164,32,0,0.2361,1620,27,298,298000000,27,298,298000000,1,0,0,8992,10626,28391,0,0,SEARCH_CUTOFF,5,1,0,0,-1,298,-1,27,-1,1230,61,1230,15804,0,8618,6,1353,6,2,2318,1030,5763,4520,3632.58,795520,3976,TASKBR_VACANCY_V1,416,116,416,303,538,56.3197,950,796,62,1298,1298,802,403,403,403,403,0,0,0,0,0,0,0,403,526,16,BOTTLENECK_TARGET_FRONTIER_CONTINUITY_V2,3.09022,0.18517,1.87418,0.283596,2.01776,1262,1251,535,0,2,0,1294,62,7932,0,0,0,8258.86,882251,10346,217.882,6,0,3,,,,,,,,,,,,,,,,,,,,,,,,,,,,,,,,,,,,,,,,,,,,,,8519.88,8519.97,5bab48fadd4c00fed1abd67f42a95a282109f9f9a8918440087b90fd892c0ef4,8.534,ok,
g5_dhigh_aequal_pcross_heavy_gsingleton_seed0,warehouse_random_factorial,carrier,1,53,494.0,494000000,229,203,52,5,0.27,900,54,494,494000000,53,494,494000000,1,1,1,0,52,864,1,1,REFERENCE_SUFFIX_ACCEPTED,5,0,0,0,-1,-1,-1,-1,-1,105,20,105,5888,0,462,0,647,191,67,3506,2200,344,846,598.918,148896,2863,TASKBR_VACANCY_V1,587,203,587,626,997,62.7884,0,481,179,130,130,680,660,645,645,645,0,0,0,0,0,0,0,645,1352,15,BOTTLENECK_TARGET_FRONTIER_CONTINUITY_V2,0.78704,0.332813,2.29698,0.354918,3.6755,45,33,35,0,4,18,106,179,568,0,0,0,1718.24,791870,865,106.605,45,62,4,,,,,,,,,,,,,,,,,,,,,,,,,,,,,,,,,,,,,,,,,,,,,,1808.52,1808.62,872e49e25be14281cd1c7423114624d016483d5ab6baef67e80eb65511bf5aff,1.822,ok,
g5_dhigh_aequal_plocal_gshared_pool_seed0,warehouse_random_factorial,carrier,1,32,291.0,291000000,81,178,32,0,0.1582,2275,32,291,291000000,32,291,291000000,1,0,0,11453,67,674,0,0,SEARCH_CUTOFF,2,1,0,0,-1,291,-1,32,-1,65,9727,65,23648,0,2525,13,374,9,6,428,163,71,3181,1973.62,559856,2622,TASKBR_VACANCY_V1,9287,4438,9287,4861,13733,35.3965,0,1318,949,11312,11312,1330,1320,1320,1320,1320,0,0,0,0,0,0,0,1320,13256,16,BOTTLENECK_TARGET_FRONTIER_CONTINUITY_V2,19.6048,0.799471,4.90088,0.78617,5.8425,10399,10390,5146,0,34,269,11007,949,14492,0,0,0,5056.94,1298901,19919,370.718,18,0,0,,,,,,,,,,,,,,,,,,,,,,,,,,,,,,,,,,,,,,,,,,,,,,8597.57,8597.68,903dc200a45e4c7bfef15219a5772a7edc50fc19f9bf24067b4a93e29deda86b,8.618,ok,
g5_dhigh_aequal_plocal_gsingleton_seed0,warehouse_random_factorial,carrier,1,35,291.0,291000000,113,140,36,0,0.2018,418,35,291,291000000,35,291,291000000,1,0,0,36032,37,573,0,0,SEARCH_CUTOFF,3,0,0,0,-1,-1,-1,-1,-1,65,12085,65,1293,0,193,0,273,52,32,2614,724,153,383,278.33,67408,758,TASKBR_VACANCY_V1,4603,113,4603,4579,4776,95.8752,0,2293,2034,13672,13672,2371,2352,2337,2337,2337,0,0,0,0,0,0,0,2337,28351,16,BOTTLENECK_TARGET_FRONTIER_CONTINUITY_V2,25.5004,2.17771,8.88246,1.49516,5.79103,11701,11693,5654,0,31,267,13372,2034,17570,0,0,0,3711.45,2113662,23772,464.529,36,20,0,,,,,,,,,,,,,,,,,,,,,,,,,,,,,,,,,,,,,,,,,,,,,,8625.67,8625.8,f6c02a686dec49aa453ed6e7f2b57a6e6934b88d4feba2bd93923f9964be3de6,8.651,ok,
g5_dhigh_aequal_pmixed_gshared_pool_seed0,warehouse_random_factorial,carrier,1,27,279.0,279000000,101,146,32,0,0.2338,1439,27,279,279000000,27,279,279000000,1,0,0,22286,26286,68274,0,0,SEARCH_CUTOFF,6,1,0,0,-1,279,-1,27,-1,624,2687,624,20148,0,7303,6,1988,12,9,225,7555,4150,3106,2291.83,546656,2978,TASKBR_VACANCY_V1,3676,162,3676,3530,3847,91.7598,345,2455,1280,3320,3320,2467,2453,2450,2450,2450,0,0,0,0,0,0,0,2450,15894,16,BOTTLENECK_TARGET_FRONTIER_CONTINUITY_V2,8.70382,1.93549,8.71026,1.45534,9.9033,17,11,12,0,3,2,3313,1280,25533,0,0,0,7962.55,8564349,26507,1344.09,31,3,0,,,,,,,,,,,,,,,,,,,,,,,,,,,,,,,,,,,,,,,,,,,,,,8551.95,8552.06,edc36679273f5b08bf3d3350714559c2da5b2e6e7c144d25783eb4804f1fb0d1,8.568,ok,
g5_dhigh_aequal_pmixed_gsingleton_seed0,warehouse_random_factorial,carrier,1,52,377.0,377000000,191,150,34,0,0.2296,555,52,377,377000000,52,377,377000000,1,0,0,3903,78,1055,0,0,SEARCH_CUTOFF,6,0,0,0,-1,-1,-1,-1,-1,93,11894,93,3196,0,390,0,410,120,78,5956,1802,258,503,381.63,88528,1856,TASKBR_VACANCY_V1,477,277,477,387,880,43.9773,0,333,144,13073,13073,489,470,462,462,462,0,0,0,0,0,0,0,462,977,16,BOTTLENECK_TARGET_FRONTIER_CONTINUITY_V2,22.8085,0.236072,1.64411,0.257013,2.48638,13007,13003,6421,0,35,201,12835,144,12324,0,0,0,3851.72,1345071,13649,341.458,82,31,17,,,,,,,,,,,,,,,,,,,,,,,,,,,,,,,,,,,,,,,,,,,,,,8604.1,8604.23,129e1a4b1b22d312840ab44fc6f6b68a95a0a1cb628d60e275ff38fe567c6ab3,8.626,ok,
g5_dhigh_ascarce_pcross_heavy_gshared_pool_seed0,warehouse_random_factorial,carrier,1,53,360.0,360000000,106,222,32,0,0.25,3615,53,360,360000000,53,360,360000000,1,0,0,4703,94,619,0,0,SEARCH_CUTOFF,11,1,0,0,-1,360,-1,53,-1,105,8635,105,35262,0,3362,36,947,15,15,4095,17,83,4954,3173.96,871904,6637,TASKBR_VACANCY_V1,9564,134,9564,9448,9706,97.3419,0,10899,2663,10047,10047,10914,10897,10882,10882,10882,0,0,0,0,0,0,0,10882,63255,16,BOTTLENECK_TARGET_FRONTIER_CONTINUITY_V2,20.2805,6.43906,25.7414,5.55933,21.9558,4448,10,4458,0,26,205,9814,2663,8875,0,0,0,6191.73,669569,20705,260.149,1295,0,0,,,,,,,,,,,,,,,,,,,,,,,,,,,,,,,,,,,,,,,,,,,,,,8585.89,8586,d8a40f3ceab23e3b332ebcb34fd8fbcbee69154c71896a12fb1a83676b770eff,8.606,ok,
g5_dhigh_ascarce_pcross_heavy_gsingleton_seed0,warehouse_random_factorial,carrier,1,74,484.0,484000000,227,225,32,0,0.3834,1590,74,484,484000000,74,484,484000000,1,0,0,20246,71,637,0,0,SEARCH_CUTOFF,19,0,0,0,-1,-1,-1,-1,-1,144,10864,144,10552,0,510,0,1292,366,110,2908,7574,346,1295,910.671,227920,9272,TASKBR_VACANCY_V1,1067,300,1067,1150,1753,65.6018,0,917,145,12311,12311,1112,1093,923,923,923,0,0,0,0,0,0,0,923,994,15,BOTTLENECK_TARGET_FRONTIER_CONTINUITY_V2,17.191,0.417852,3.41795,0.658101,6.90848,12218,12180,5366,0,26,219,12064,145,11350,0,0,0,5058.74,1173995,13216,263.776,22,0,4,,,,,,,,,,,,,,,,,,,,,,,,,,,,,,,,,,,,,,,,,,,,,,8609.26,8609.42,f4b59cc11576b479bc4638af6fa1b8b89faa94b7dcfc4779dd8c87cef68bc2a0,8.634,ok,
g5_dhigh_ascarce_plocal_gshared_pool_seed0,warehouse_random_factorial,carrier,1,44,293.0,293000000,81,180,32,0,0.2301,2880,44,293,293000000,44,293,293000000,1,0,0,11787,50,416,0,0,SEARCH_CUTOFF,4,1,0,0,-1,293,-1,44,-1,78,10010,78,32072,0,2460,0,668,6,6,1036,331,59,3917,2412.65,689392,2969,TASKBR_VACANCY_V1,707,93,707,625,806,77.5434,0,1676,1017,11886,11886,1685,1674,1674,1674,1674,0,0,0,0,0,0,0,1674,7574,16,BOTTLENECK_TARGET_FRONTIER_CONTINUITY_V2,17.0543,0.873366,5.2191,1.04556,8.05458,10930,10900,5487,0,25,185,11674,1017,10182,0,0,0,5315.84,406956,12467,152.493,41,0,0,,,,,,,,,,,,,,,,,,,,,,,,,,,,,,,,,,,,,,,,,,,,,,8604.63,8604.75,15d96441a39af2d8453a057e688921058cc6b20d33e67b9e7cfa634769c24bc1,8.626,ok,
g5_dhigh_ascarce_plocal_gsingleton_seed0,warehouse_random_factorial,carrier,1,49,341.0,341000000,113,190,36,0,0.2883,709,49,341,341000000,49,341,341000000,1,0,0,1296,18855,62018,0,0,SEARCH_CUTOFF,23,0,0,0,-1,-1,-1,-1,-1,78,13520,78,3471,0,200,0,807,136,42,4500,1628,136,621,427.548,109296,1058,TASKBR_VACANCY_V1,14234,103,14234,14289,14459,98.8243,0,15472,164,14700,14700,15563,15547,15456,15456,15456,0,0,0,0,0,0,0,15456,94052,16,BOTTLENECK_TARGET_FRONTIER_CONTINUITY_V2,29.9089,9.30589,36.884,7.93731,43.8302,7461,6,7484,0,26,227,14445,164,13759,0,0,0,3781.82,372200,23459,257.037,34,0,0,,,,,,,,,,,,,,,,,,,,,,,,,,,,,,,,,,,,,,,,,,,,,,8637.38,8637.51,2e230281c89b5fa828012f9610fad5d96c941a89720de8b61158dbd89fdb1b04,8.659,ok,
g5_dhigh_ascarce_pmixed_gshared_pool_seed0,warehouse_random_factorial,carrier,1,43,308.0,308000000,101,175,32,0,0.2936,2010,43,308,308000000,43,308,308000000,1,0,0,28991,49,414,0,0,SEARCH_CUTOFF,25,1,0,0,-1,308,-1,43,-1,719,3190,719,27041,0,4641,19,2334,143,140,3542,3961,925,4154,3000.11,731104,7955,TASKBR_VACANCY_V1,5927,2648,5927,4016,8943,44.9066,423,2226,1880,3931,3931,2601,2505,2490,2490,2490,0,0,0,0,0,0,0,2490,7768,16,BOTTLENECK_TARGET_FRONTIER_CONTINUITY_V2,7.32871,1.40112,7.34403,1.42381,8.14718,2336,2309,1299,0,12,98,3819,1880,12033,0,0,0,7891.84,868891,27546,282.803,38,0,0,,,,,,,,,,,,,,,,,,,,,,,,,,,,,,,,,,,,,,,,,,,,,,8544.93,8545.03,7df0cf83d8ac9459a1db393a6fcf3e76d96821ac22184a5f29608d843cc13478,8.562,ok,
g5_dhigh_ascarce_pmixed_gsingleton_seed0,warehouse_random_factorial,carrier,1,72,437.0,437000000,191,210,34,0,0.3316,1142,72,437,437000000,72,437,437000000,1,0,0,4020,75,632,0,0,SEARCH_CUTOFF,9,0,0,0,-1,-1,-1,-1,-1,128,6620,128,7588,6,437,0,1070,256,122,5700,7984,199,1075,774.001,189200,9342,TASKBR_VACANCY_V1,1041,396,1041,944,1685,56.0237,0,797,145,13234,13234,1046,1026,826,826,826,0,0,0,0,0,0,0,826,932,16,BOTTLENECK_TARGET_FRONTIER_CONTINUITY_V2,17.7936,0.364226,2.86992,0.555538,4.24202,13136,13110,6943,0,42,280,12910,145,7020,0,0,0,4649.8,3953068,14072,555.235,27,20,0,,,,,,,,,,,,,,,,,,,,,,,,,,,,,,,,,,,,,,,,,,,,,,8627.8,8627.91,d40402fd35fcc73be4487c84e159be16d74584893870cfdd953397f4447ec4c4,8.65,ok,
g5_dhigh_asurplus_pcross_heavy_gshared_pool_seed0,warehouse_random_factorial,carrier,1,22,238.0,238000000,102,104,32,0,0.1932,1253,22,238,238000000,22,238,238000000,1,0,0,38718,52315,290876,0,0,SEARCH_CUTOFF,1,1,0,0,-1,238,-1,22,-1,178,10665,178,10737,0,3195,0,436,16,14,582,36,380,1960,1339.09,344960,2285,TASKBR_VACANCY_V1,7240,170,7240,7091,7429,95.4503,0,9307,3383,10914,10914,9327,3617,3617,3617,3617,0,0,0,0,0,0,0,3617,65383,16,BOTTLENECK_TARGET_FRONTIER_CONTINUITY_V2,27.1483,3.65284,18.8847,2.93136,19.8344,7806,7800,6703,0,1,19,10892,3383,31359,0,0,0,5001.01,730551,64762,483.01,0,0,0,,,,,,,,,,,,,,,,,,,,,,,,,,,,,,,,,,,,,,,,,,,,,,8617.79,8617.89,1e578caad6abf0031c8d6c4773f5adb845b8441d1798f0aaebd80d15724c2c29,8.642,ok,
g5_dhigh_asurplus_pcross_heavy_gsingleton_seed0,warehouse_random_factorial,carrier,1,45,420.0,420000000,224,131,54,5,0.2074,681,45,422,422000000,45,420,420000000,1,1,1,0,45,1097,0,0,STRICT_IMPROVEMENT,2,0,0,0,-1,-1,-1,-1,-1,89,16,89,2936,0,445,0,448,156,68,412,2385,335,640,461.679,112640,1836,TASKBR_VACANCY_V1,374,188,374,370,753,49.1368,0,299,136,113,113,475,455,455,455,455,0,0,0,3,0,0,0,455,1636,15,BOTTLENECK_TARGET_FRONTIER_CONTINUITY_V2,0.6904,0.315584,1.97732,0.265031,3.71575,49,43,38,0,2,29,80,136,575,0,0,0,1300.66,691103,679,98.1574,3,90,9,,,,,,,,,,,,,,,,,,,,,,,,,,,,,,,,,,,,,,,,,,,,,,1387.51,1387.64,2e2d53c2766581560823ef883ed181e5880c4050d7022fe830ff92ce1fd04bff,1.402,ok,
g5_dhigh_asurplus_plocal_gshared_pool_seed0,warehouse_random_factorial,carrier,1,22,235.0,235000000,82,121,32,0,0.1553,1216,22,235,235000000,22,235,235000000,1,0,0,93591,3,74,0,0,SEARCH_CUTOFF,0,1,0,0,-1,235,-1,22,-1,563,4418,563,14258,0,4772,6,1600,0,0,516,483,2257,2652,1969.09,466752,2028,TASKBR_VACANCY_V1,10232,106,10232,10126,10338,97.9493,288,10232,48,4988,4988,10232,10218,10218,10218,10218,0,0,0,0,0,0,0,10218,90374,16,BOTTLENECK_TARGET_FRONTIER_CONTINUITY_V2,21.1025,8.03511,45.6205,5.62435,54.5972,4278,61,4272,0,0,2,4984,48,23046,0,0,0,7547.42,6261828,39882,1285.06,0,0,0,,,,,,,,,,,,,,,,,,,,,,,,,,,,,,,,,,,,,,,,,,,,,,8562.75,8562.87,711c82d862dafa03ab86035f52a71717f71652656046814163c9fe7a0cf6fc82,8.587,ok,
g5_dhigh_asurplus_plocal_gsingleton_seed0,warehouse_random_factorial,carrier,1,25,260.0,260000000,113,109,36,0,0.1883,322,25,260,260000000,25,260,260000000,1,0,0,155974,279,2410,0,0,SEARCH_CUTOFF,0,0,0,0,-1,-1,-1,-1,-1,234,9437,234,1463,0,583,0,518,44,18,3228,1244,555,629,550.32,110704,1160,TASKBR_VACANCY_V1,285,74,285,274,404,67.8218,0,363,97,9821,9821,402,324,324,324,324,0,0,0,0,0,0,0,324,1361,16,BOTTLENECK_TARGET_FRONTIER_CONTINUITY_V2,22.7461,0.230807,2.02436,0.226103,3.70824,9763,9757,3999,0,25,208,9586,97,25726,0,0,0,5253.44,6597650,56777,1476.35,3,12,13,,,,,,,,,,,,,,,,,,,,,,,,,,,,,,,,,,,,,,,,,,,,,,8608.79,8608.91,480df5c3415c1a11addf4137e8ce5e98592196f29ade3ea9dd62b276bd66b184,8.637,ok,
g5_dhigh_asurplus_pmixed_gshared_pool_seed0,warehouse_random_factorial,carrier,1,25,274.0,274000000,102,134,36,0,0.17,1474,26,260,260000000,25,274,274000000,1,1,1,0,4,99,0,0,STRICT_IMPROVEMENT,4,1,1,1,1825,260,274,26,25,45,11,45,15425,0,3080,10,335,29,7,330,791,73,2065,1286.53,363440,3065,TASKBR_VACANCY_V1,357,140,357,245,522,46.9349,0,335,92,64,64,362,345,345,345,345,0,0,0,0,0,0,0,345,1103,16,BOTTLENECK_TARGET_FRONTIER_CONTINUITY_V2,0.468123,0.241317,2.22653,0.239884,3.09842,20,15,11,0,6,3,53,92,251,0,0,0,1765.32,191118,400,32.5606,28,6,0,,,,,,,,,,,,,,,,,,,,,,,,,,,,,,,,,,,,,,,,,,,,,,1835.16,1835.28,c31a4ca34c964bc039e78990d21c60418d832028d38be44f8a1672b4e0d88779,1.847,ok,
g5_dhigh_asurplus_pmixed_gsingleton_seed0,warehouse_random_factorial,carrier,1,41,333.0,333000000,191,106,34,0,0.1941,446,41,333,333000000,41,333,333000000,1,0,0,33482,48769,321406,0,0,SEARCH_CUTOFF,0,0,0,0,-1,-1,-1,-1,-1,85,11686,85,2283,0,394,0,294,72,46,3046,1318,318,383,304.208,67408,1212,TASKBR_VACANCY_V1,299,142,299,252,522,48.2759,0,242,76,12436,12436,331,314,314,314,314,0,0,0,0,0,0,0,314,1218,16,BOTTLENECK_TARGET_FRONTIER_CONTINUITY_V2,26.9734,0.223865,1.62304,0.206556,7.91556,12388,12382,9657,0,1,37,12396,76,20521,0,0,0,3789.29,998389,25254,378.28,6,29,6,,,,,,,,,,,,,,,,,,,,,,,,,,,,,,,,,,,,,,,,,,,,,,8619.43,8619.56,80a49113dca542d54c677f00b8ac7c87df8190b3a0e69950a6f597acfbfdb76c,8.646,ok,
g5_dlow_abaseline_pcross_heavy_gshared_pool_seed0,warehouse_random_factorial,carrier,1,32,295.0,295000000,94,169,32,0,0.2448,1554,32,297,297000000,32,295,295000000,1,1,1,1147,1585,5293,0,0,STRICT_IMPROVEMENT,6,1,1,1,3682,297,295,32,32,383,12,383,17157,0,4137,6,1079,120,120,504,19,1126,3401,2138.12,598576,1782,TASKBR_VACANCY_V1,601,164,601,470,786,59.7964,98,615,99,403,403,642,557,530,530,530,0,0,0,0,0,0,0,530,643,16,BOTTLENECK_TARGET_FRONTIER_CONTINUITY_V2,1.23281,0.256959,2.37517,0.364474,2.54832,356,336,349,0,1,13,387,99,1588,0,0,0,3610.51,341444,3174,81.6038,17,0,3,,,,,,,,,,,,,,,,,,,,,,,,,,,,,,,,,,,,,,,,,,,,,,3691.33,3691.42,2043597409ee2f80a6e743334e3163fa343dbc3a9887f6c4032fb69ceda6421e,3.702,ok,
g5_dlow_abaseline_pcross_heavy_gsingleton_seed0,warehouse_random_factorial,carrier,1,57,446.0,446000000,218,193,34,0,0.3187,626,57,446,446000000,57,446,446000000,1,0,0,13033,87,876,0,0,SEARCH_CUTOFF,7,0,0,0,-1,-1,-1,-1,-1,705,8082,705,14635,0,1606,0,2198,406,131,992,1463,1431,3351,2229.08,589776,224,TASKBR_VACANCY_V1,9238,4510,9238,9244,22556,40.9824,395,8150,8657,8828,8828,10399,7136,7079,7079,7079,0,0,0,0,0,0,0,7079,53981,15,BOTTLENECK_TARGET_FRONTIER_CONTINUITY_V2,18.8433,5.02813,19.1709,3.89023,16.5959,2002,94,2008,0,30,175,8621,8657,25849,0,0,0,7004.52,7213539,70523,1392.71,2146,18,14,,,,,,,,,,,,,,,,,,,,,,,,,,,,,,,,,,,,,,,,,,,,,,8584.06,8584.18,a6f2bd49a8fe9664152f2cd8287b7861c8f31ed93bab7f2573e3f80da95f682b,8.601,ok,
g5_dlow_abaseline_plocal_gshared_pool_seed0,warehouse_random_factorial,carrier,1,28,277.0,277000000,69,176,32,0,0.2054,1292,28,277,277000000,28,277,277000000,1,0,0,914,61,571,0,0,SEARCH_CUTOFF,1,1,0,0,-1,277,-1,28,-1,1393,1011,1393,19831,0,3900,0,4922,6,6,322,8615,1629,5137,3656.25,904112,10323,TASKBR_VACANCY_V1,1822,733,1822,1100,2561,42.952,1113,886,436,2413,2413,895,883,874,874,874,0,0,0,0,0,0,0,874,2601,16,BOTTLENECK_TARGET_FRONTIER_CONTINUITY_V2,5.24537,0.61317,3.42285,0.580103,4.88474,2032,2022,1349,0,0,2,2409,436,13625,0,0,0,8278.34,501059,18304,204.078,37,0,0,,,,,,,,,,,,,,,,,,,,,,,,,,,,,,,,,,,,,,,,,,,,,,8526.59,8526.68,d1c99e3ee4d770179f56c721f94dd6d3aa75c359fe5b817030157273109af754,8.539,ok,
g5_dlow_abaseline_plocal_gsingleton_seed0,warehouse_random_factorial,carrier,1,35,290.0,290000000,110,145,34,0,0.2619,334,36,292,292000000,35,290,290000000,1,1,1,1,40,485,0,0,STRICT_IMPROVEMENT,1,0,0,0,-1,-1,-1,-1,-1,68,12,68,1715,0,193,0,373,38,30,1512,580,153,369,246.59,64944,318,TASKBR_VACANCY_V1,404,94,404,372,530,70.1887,0,493,99,92,92,550,532,478,478,478,0,0,0,0,0,0,0,478,635,16,BOTTLENECK_TARGET_FRONTIER_CONTINUITY_V2,0.552016,0.218612,2.09818,0.306144,4.47197,42,22,38,0,2,12,76,99,289,0,0,0,647.702,228087,586,37.273,11,0,0,,,,,,,,,,,,,,,,,,,,,,,,,,,,,,,,,,,,,,,,,,,,,,706.038,706.117,d96a6558f1dc56ed3a0ef0605fccafbdce5847d72c4e2ca540928ef34b58abd8,0.716,ok,
g5_dlow_abaseline_pmixed_gshared_pool_seed0,warehouse_random_factorial,carrier,1,25,248.0,248000000,89,127,32,0,0.2967,844,25,248,248000000,25,248,248000000,1,0,0,3555,21616,135958,0,0,SEARCH_CUTOFF,3,1,0,0,-1,248,-1,25,-1,63,14070,63,9470,0,2829,0,481,6,6,20,46,91,1304,769.104,229504,1631,TASKBR_VACANCY_V1,53680,9497,53680,44196,63179,69.9536,0,44376,706,14489,14489,44383,44374,44367,44367,44367,0,0,0,0,0,0,0,44367,145457,16,BOTTLENECK_TARGET_FRONTIER_CONTINUITY_V2,47.704,21.5219,99.486,13.5496,98.8874,13821,27,13821,0,5,112,14370,706,24295,0,0,0,4205.45,3501164,115894,1428.29,14,0,0,,,,,,,,,,,,,,,,,,,,,,,,,,,,,,,,,,,,,,,,,,,,,,8635.85,8635.94,4b97e56b845245d0f2349ba01417e3034cb5ed775e20b986bde7d11f93ec6e36,8.656,ok,
g5_dlow_abaseline_pmixed_gsingleton_seed0,warehouse_random_factorial,carrier,1,42,379.0,379000000,187,160,32,0,0.371,422,42,379,379000000,42,379,379000000,1,0,0,22462,38,491,0,0,SEARCH_CUTOFF,3,0,0,0,-1,-1,-1,-1,-1,156,15063,156,3602,0,530,0,556,64,52,8170,2092,422,472,365.717,83072,1922,TASKBR_VACANCY_V1,460,125,460,413,639,64.6322,0,455,92,15477,15477,521,504,476,476,476,0,0,0,0,0,0,0,476,548,16,BOTTLENECK_TARGET_FRONTIER_CONTINUITY_V2,22.535,0.225753,1.74813,0.291984,5.8338,15425,15413,8664,0,21,264,15190,92,34909,0,0,0,3720.2,6278603,76857,1368.07,20,3,0,,,,,,,,,,,,,,,,,,,,,,,,,,,,,,,,,,,,,,,,,,,,,,8640.74,8640.84,0a7edee5a89ee1dbd2d5e3adb00e3c6719f27e9caa28151886f41570c5907af9,8.662,ok,
g5_dlow_aequal_pcross_heavy_gshared_pool_seed0,warehouse_random_factorial,carrier,1,27,286.0,286000000,100,154,32,0,0.2315,1283,27,286,286000000,27,286,286000000,1,0,0,2097,22,372,0,0,SEARCH_CUTOFF,1,1,0,0,-1,286,-1,27,-1,1185,1328,1185,17702,0,3750,2,4600,14,14,11722,13854,1051,5670,3885.21,997920,4167,TASKBR_VACANCY_V1,4238,841,4238,3421,5093,67.1706,905,794,407,2520,2520,813,751,751,751,751,0,0,0,0,0,0,0,751,4201,16,BOTTLENECK_TARGET_FRONTIER_CONTINUITY_V2,5.82878,0.668166,3.51219,0.552998,2.65063,2138,2132,1076,0,3,21,2494,407,10596,0,0,0,8272.34,312370,18100,161.77,13,6,3,,,,,,,,,,,,,,,,,,,,,,,,,,,,,,,,,,,,,,,,,,,,,,8533.27,8533.39,04768e5e42ac2177ffde1c4b99e1a5149319405c7a768bebd6aedbd252713f3b,8.546,ok,
g5_dlow_aequal_pcross_heavy_gsingleton_seed0,warehouse_random_factorial,carrier,1,54,426.0,426000000,221,173,32,0,0.2558,531,56,428,428000000,54,426,426000000,1,1,1,0,58,964,1,1,REFERENCE_SUFFIX_ACCEPTED,3,0,0,0,-1,-1,-1,-1,-1,108,10,108,5040,0,448,0,498,114,60,1540,600,344,516,343.349,90816,358,TASKBR_VACANCY_V1,451,167,451,417,727,57.359,0,388,51,123,123,520,491,487,487,487,0,0,0,0,0,0,0,487,1023,15,BOTTLENECK_TARGET_FRONTIER_CONTINUITY_V2,0.661422,0.255994,1.89363,0.29965,3.58358,65,49,56,0,25,3,93,51,494,0,0,0,996.864,713677,748,95.5646,2,52,2,,,,,,,,,,,,,,,,,,,,,,,,,,,,,,,,,,,,,,,,,,,,,,1059.03,1059.11,fd07c58e59ac91e35db7412b5965e6ab1ed9d7d00fc0d225dc6b0c194657491c,1.07,ok,
g5_dlow_aequal_plocal_gshared_pool_seed0,warehouse_random_factorial,carrier,1,24,270.0,270000000,69,169,32,0,0.1797,1108,24,270,270000000,24,270,270000000,1,0,0,3373,27,449,0,0,SEARCH_CUTOFF,1,1,0,0,-1,270,-1,24,-1,2187,1419,2187,17870,0,3121,0,7973,6,6,713,158,868,6320,4737.72,1112320,1742,TASKBR_VACANCY_V1,2215,630,2215,1595,2850,55.9649,1912,1801,327,3632,3632,1808,680,680,680,680,0,0,0,0,0,0,0,680,3816,16,BOTTLENECK_TARGET_FRONTIER_CONTINUITY_V2,7.84575,0.560762,3.18506,0.482302,4.83917,3333,3323,1695,0,24,197,3409,327,11938,0,0,0,8200.61,373191,22265,200.76,19,0,0,,,,,,,,,,,,,,,,,,,,,,,,,,,,,,,,,,,,,,,,,,,,,,8536.77,8536.87,26b22f767b0bd545cf873a1e6bbeb7e8b3f339d6fd03f15ab3c0cf3e7a493878,8.551,ok,
g5_dlow_aequal_plocal_gsingleton_seed0,warehouse_random_factorial,carrier,1,35,279.0,279000000,112,132,34,0,0.2,290,35,279,279000000,35,279,279000000,1,0,0,28772,37,588,0,0,SEARCH_CUTOFF,0,0,0,0,-1,-1,-1,-1,-1,70,15006,70,1160,0,198,0,256,40,32,2386,546,158,315,214.503,55440,560,TASKBR_VACANCY_V1,7512,4000,7512,3584,11557,31.0115,0,1320,1032,16598,16598,1386,1365,1350,1350,1350,0,0,0,0,0,0,0,1350,14573,16,BOTTLENECK_TARGET_FRONTIER_CONTINUITY_V2,27.6896,0.929358,4.71253,0.748308,7.46498,15592,15584,7531,0,32,295,16269,1032,23097,0,0,0,2688.86,2539523,29614,518.429,18,30,0,,,,,,,,,,,,,,,,,,,,,,,,,,,,,,,,,,,,,,,,,,,,,,8637.5,8637.61,5225a15244b3f6bde5a3ce349177cb25ce050e1d9ffe457d30b0e4da1168054c,8.661,ok,
g5_dlow_aequal_pmixed_gshared_pool_seed0,warehouse_random_factorial,carrier,1,24,280.0,280000000,97,151,32,0,0.2526,989,24,280,280000000,24,280,280000000,1,0,0,7925,26628,219278,0,0,SEARCH_CUTOFF,5,1,0,0,-1,280,-1,24,-1,61,14928,61,9546,0,3011,4,398,10,10,20,176,94,1519,877.827,267344,1451,TASKBR_VACANCY_V1,15344,137,15344,15225,15486,98.3146,0,15917,109,15595,15595,15929,15914,15914,15914,15914,0,0,0,0,0,0,0,15914,213156,16,BOTTLENECK_TARGET_FRONTIER_CONTINUITY_V2,38.8552,13.8085,54.7797,10.1269,34.8853,11004,19,11001,0,28,273,15292,109,25219,0,0,0,3351.29,1087471,81017,637.516,57,0,0,,,,,,,,,,,,,,,,,,,,,,,,,,,,,,,,,,,,,,,,,,,,,,8628.78,8628.88,acc0739b8fee8d6d2449c3af601126a0a6baf1c1426087581fdc7e4eb43ed12e,8.65,ok,
g5_dlow_aequal_pmixed_gsingleton_seed0,warehouse_random_factorial,carrier,1,43,358.0,358000000,187,139,32,0,0.2718,377,43,358,358000000,43,358,358000000,1,0,0,4498,23976,226759,0,0,SEARCH_CUTOFF,4,0,0,0,-1,-1,-1,-1,-1,100,15970,100,3006,0,396,0,376,72,50,4472,1252,304,355,264.206,62480,1194,TASKBR_VACANCY_V1,365,148,365,316,575,54.9565,0,308,114,16291,16291,386,368,368,368,368,0,0,0,0,0,0,0,368,680,16,BOTTLENECK_TARGET_FRONTIER_CONTINUITY_V2,25.9817,0.188482,1.414,0.194368,2.32766,16235,16227,8153,0,3,30,16256,114,28494,0,0,0,2632.71,1641994,33010,490.552,54,11,2,,,,,,,,,,,,,,,,,,,,,,,,,,,,,,,,,,,,,,,,,,,,,,8634.43,8634.55,46f2aef904022e4851e80a2d4d96a51ee6e2e2b43f8a6442b41bd8680e9e8039,8.656,ok,
g5_dlow_ascarce_pcross_heavy_gshared_pool_seed0,warehouse_random_factorial,carrier,1,53,362.0,362000000,96,234,32,0,0.2264,2512,54,362,362000000,53,362,362000000,1,1,1,22,51,447,0,0,STRICT_IMPROVEMENT,41,1,1,1,3102,362,362,54,53,118,16,118,26390,0,3216,16,857,23,23,307,19,73,3790,2195.75,667040,2095,TASKBR_VACANCY_V1,837,143,837,722,996,72.49,0,944,221,160,160,967,944,921,921,921,0,0,0,0,0,0,0,921,980,16,BOTTLENECK_TARGET_FRONTIER_CONTINUITY_V2,0.903287,0.408,4.05935,0.785911,6.38,95,52,90,0,21,36,101,221,272,0,0,0,3045.39,212570,857,38.5389,60,0,0,,,,,,,,,,,,,,,,,,,,,,,,,,,,,,,,,,,,,,,,,,,,,,3108.51,3108.67,9f530aeaeb5697bdda98b46b39fa6e7c008231422457c74dadb1ac73ad8e32e9,3.12,ok,
g5_dlow_ascarce_pcross_heavy_gsingleton_seed0,warehouse_random_factorial,carrier,1,73,488.0,488000000,227,229,32,0,0.3887,929,73,488,488000000,73,488,488000000,1,0,0,10646,76,660,0,0,SEARCH_CUTOFF,21,0,0,0,-1,-1,-1,-1,-1,170,14923,170,10500,0,545,0,1247,294,112,244,796,379,1140,722.952,200640,152,TASKBR_VACANCY_V1,1072,303,1072,1077,1688,63.8033,0,920,166,16611,16611,1111,1092,927,927,927,0,0,0,0,0,0,0,927,987,15,BOTTLENECK_TARGET_FRONTIER_CONTINUITY_V2,21.685,0.431152,3.35207,0.652898,6.6575,16513,16483,7738,0,34,322,16253,166,23027,0,0,0,3296.01,1794258,27938,391.558,38,0,2,,,,,,,,,,,,,,,,,,,,,,,,,,,,,,,,,,,,,,,,,,,,,,8634.61,8634.71,ed4ed1a5ac7746f31f162ef314f90eb91569c525717aea80e9df64ee82ee616f,8.654,ok,
g5_dlow_ascarce_plocal_gshared_pool_seed0,warehouse_random_factorial,carrier,1,37,256.0,256000000,69,155,32,0,0.2331,1725,37,256,256000000,37,256,256000000,1,0,0,3096,22130,68202,0,0,SEARCH_CUTOFF,1,1,0,0,-1,256,-1,37,-1,84,14318,84,17166,0,2295,0,633,6,6,860,359,59,2588,1491.16,455488,2152,TASKBR_VACANCY_V1,29268,83,29268,29193,29355,99.4481,0,28934,2681,15492,15492,28940,28928,28922,28922,28922,0,0,0,0,0,0,0,28922,92550,16,BOTTLENECK_TARGET_FRONTIER_CONTINUITY_V2,35.4217,13.1548,52.1897,8.99233,34.4464,7597,22,7596,0,24,225,15241,2681,22408,0,0,0,3865.35,1019734,104450,637.179,25,0,0,,,,,,,,,,,,,,,,,,,,,,,,,,,,,,,,,,,,,,,,,,,,,,8629.68,8629.78,8e7416d7c79db0fbc15309e9636af792b162349fdf1429f1188c0b44e3a4a363,8.649,ok,
g5_dlow_ascarce_plocal_gsingleton_seed0,warehouse_random_factorial,carrier,1,49,335.0,335000000,112,188,34,0,0.2857,489,49,335,335000000,49,335,335000000,1,0,0,1081,22895,73293,0,0,SEARCH_CUTOFF,21,0,0,0,-1,-1,-1,-1,-1,79,14407,79,3261,0,198,0,739,78,42,3858,1362,134,510,330.587,89760,846,TASKBR_VACANCY_V1,15128,101,15128,15126,15293,98.908,0,18460,160,17696,17696,18534,18518,18444,18444,18444,0,0,0,0,0,0,0,18444,118216,16,BOTTLENECK_TARGET_FRONTIER_CONTINUITY_V2,33.7696,9.65735,41.5396,8.71482,47.3493,12256,7,12270,0,27,261,17406,160,14644,0,0,0,2439,711350,35941,348.937,36,0,0,,,,,,,,,,,,,,,,,,,,,,,,,,,,,,,,,,,,,,,,,,,,,,8640.86,8640.96,7dda38054982e51a49c3caec7466d895da56a176b230d79035e2625b014c27b9,8.661,ok,
g5_dlow_ascarce_pmixed_gshared_pool_seed0,warehouse_random_factorial,carrier,1,41,287.0,287000000,89,166,32,0,0.2713,1714,41,287,287000000,41,287,287000000,1,0,0,4548,20958,60569,0,0,SEARCH_CUTOFF,16,1,0,0,-1,287,-1,41,-1,190,13445,190,19177,0,3402,5,923,12,12,110,73,250,2905,1740.39,511280,2482,TASKBR_VACANCY_V1,23196,4617,23196,18596,27818,66.8488,0,16607,2376,13707,13707,16620,16609,16596,16596,16596,0,0,0,0,0,0,0,16596,67016,16,BOTTLENECK_TARGET_FRONTIER_CONTINUITY_V2,28.647,8.3021,36.2131,6.55082,29.1463,8230,63,8235,0,6,102,13597,2376,32826,0,0,0,5023.58,4799372,103987,1252.77,26,0,0,,,,,,,,,,,,,,,,,,,,,,,,,,,,,,,,,,,,,,,,,,,,,,8621.32,8621.44,dd85773b1457bbe71770d06acb911b490e7ad8d78241645f02ad711eee4a628d,8.644,ok,
g5_dlow_ascarce_pmixed_gsingleton_seed0,warehouse_random_factorial,carrier,1,56,391.0,391000000,191,168,32,0,0.4263,640,57,387,387000000,56,391,391000000,1,1,1,0,61,528,0,0,STRICT_IMPROVEMENT,8,0,0,0,-1,-1,-1,-1,-1,267,105,267,5769,0,398,0,1249,70,54,2842,1030,288,959,718.927,168784,756,TASKBR_VACANCY_V1,910,146,910,843,1121,75.2007,0,888,120,389,389,928,869,829,829,829,0,0,0,0,0,0,0,829,900,16,BOTTLENECK_TARGET_FRONTIER_CONTINUITY_V2,1.19801,0.365486,3.21291,0.613663,5.70597,306,268,217,0,27,104,256,120,935,0,0,0,1606.37,607200,1722,87.9874,19,0,0,,,,,,,,,,,,,,,,,,,,,,,,,,,,,,,,,,,,,,,,,,,,,,1680.04,1680.13,b400daf6076d1b26cb1c02f8e7805d438729edc24f07c9dd24c0fd1987c03bd6,1.691,ok,
g5_dlow_asurplus_pcross_heavy_gshared_pool_seed0,warehouse_random_factorial,carrier,1,24,238.0,238000000,102,104,32,0,0.1771,1476,25,232,232000000,24,238,238000000,1,1,1,0,21,498,0,0,STRICT_IMPROVEMENT,5,1,1,1,2169,232,238,25,24,194,105,194,12378,0,2581,4,560,10,10,58,51,149,2604,1559.98,458304,1164,TASKBR_VACANCY_V1,325,142,325,199,477,41.7191,0,320,59,313,313,333,281,281,281,281,0,0,0,0,0,0,0,281,789,16,BOTTLENECK_TARGET_FRONTIER_CONTINUITY_V2,1.04047,0.198055,1.83514,0.211568,2.99177,276,266,171,0,18,89,204,59,784,0,0,0,2103.17,140960,1094,31.4628,13,13,0,,,,,,,,,,,,,,,,,,,,,,,,,,,,,,,,,,,,,,,,,,,,,,2175.77,2175.86,741b12251ab677bc4d454c3f90d3206125bba6a21b98eab5d43c1504c151d869,2.186,ok,
g5_dlow_asurplus_pcross_heavy_gsingleton_seed0,warehouse_random_factorial,carrier,1,45,367.0,367000000,222,110,34,0,0.2056,359,45,367,367000000,45,367,367000000,1,0,0,3786,22847,371939,0,0,SEARCH_CUTOFF,3,0,0,0,-1,-1,-1,-1,-1,106,15411,106,2272,0,463,0,337,84,54,97,816,371,384,269.822,67584,74,TASKBR_VACANCY_V1,8492,7327,8492,1256,15896,7.90136,0,863,661,15764,15764,968,941,941,941,941,0,0,0,0,0,0,0,941,14924,15,BOTTLENECK_TARGET_FRONTIER_CONTINUITY_V2,31.7794,0.693032,3.96259,0.632911,5.58293,15117,15107,10601,0,1,45,15716,661,27429,0,0,0,2739.22,714746,25115,264.063,0,65,7,,,,,,,,,,,,,,,,,,,,,,,,,,,,,,,,,,,,,,,,,,,,,,8637.68,8637.81,51aca502b569d90b9ce676d3c9e021f0e5a7ce3ca7a61ae1f9a7ac96d39bc0bb,8.663,ok,
g5_dlow_asurplus_plocal_gshared_pool_seed0,warehouse_random_factorial,carrier,1,19,222.0,222000000,67,123,32,0,0.1469,864,20,224,224000000,19,222,222000000,1,1,1,1,24,542,0,0,STRICT_IMPROVEMENT,0,1,1,1,1053,224,222,20,19,36,9,36,7603,0,2237,0,256,6,6,218,182,65,1302,743.67,229152,1542,TASKBR_VACANCY_V1,297,100,297,206,402,51.2438,0,327,55,55,55,334,315,315,315,315,0,0,0,0,0,0,0,315,792,16,BOTTLENECK_TARGET_FRONTIER_CONTINUITY_V2,0.405221,0.211255,2.05488,0.242744,2.69266,19,11,9,0,2,3,48,55,217,0,0,0,1003.27,88916,364,18.9392,4,0,0,,,,,,,,,,,,,,,,,,,,,,,,,,,,,,,,,,,,,,,,,,,,,,1057.78,1057.94,e598f34bd14d09f5b81c03e47f418a82a4303ce95eeda58a6412c2708e812492,1.068,ok,
g5_dlow_asurplus_plocal_gsingleton_seed0,warehouse_random_factorial,carrier,1,24,250.0,250000000,114,101,34,0,0.1979,227,25,248,248000000,24,250,250000000,1,1,1,45,63,1201,0,0,STRICT_IMPROVEMENT,2,0,0,0,-1,-1,-1,-1,-1,121,19,121,1256,0,332,0,320,30,18,2582,758,304,376,277.259,66176,642,TASKBR_VACANCY_V1,249,92,249,204,367,55.5858,0,307,53,148,148,340,283,283,283,283,0,0,0,0,0,0,0,283,769,16,BOTTLENECK_TARGET_FRONTIER_CONTINUITY_V2,0.605117,0.187635,1.86683,0.198285,3.4643,119,113,96,0,7,29,110,53,537,0,0,0,730.143,217669,912,39.4008,0,21,13,,,,,,,,,,,,,,,,,,,,,,,,,,,,,,,,,,,,,,,,,,,,,,792.457,792.541,93abef6f966d9f3a927eb7d2a9e2a95ee7716c40fb09cceb6acfd3528a5fc28d,0.803,ok,
g5_dlow_asurplus_pmixed_gshared_pool_seed0,warehouse_random_factorial,carrier,1,26,232.0,232000000,97,103,32,0,0.1554,1447,26,232,232000000,26,232,232000000,1,0,0,2277,6,149,0,0,SEARCH_CUTOFF,0,1,0,0,-1,232,-1,26,-1,962,243,962,22299,0,11454,2,4258,324,324,1215,10643,7675,4055,2799.05,713680,7212,TASKBR_VACANCY_V1,2641,1722,2641,1334,4365,30.5613,684,2210,1216,1214,1214,2611,1433,1433,1433,1433,0,0,0,0,0,0,0,1433,12458,16,BOTTLENECK_TARGET_FRONTIER_CONTINUITY_V2,5.29064,1.8823,7.91668,1.108,9.88807,27,20,14,0,8,0,1204,1216,15023,0,0,0,8354.05,3061290,9622,553.714,0,8,0,,,,,,,,,,,,,,,,,,,,,,,,,,,,,,,,,,,,,,,,,,,,,,8521.38,8521.47,5ba25fe5d2f78f931f59a46e71c3902398cf2bfc0730e064656602bf53770392,8.534,ok,
g5_dlow_asurplus_pmixed_gsingleton_seed0,warehouse_random_factorial,carrier,1,41,318.0,318000000,187,99,32,0,0.19,333,41,318,318000000,41,318,318000000,1,0,0,17318,36804,389136,0,0,SEARCH_CUTOFF,0,0,0,0,-1,-1,-1,-1,-1,93,14937,93,1991,0,406,0,302,62,56,3070,882,302,287,223.359,50512,842,TASKBR_VACANCY_V1,302,143,302,240,504,47.619,0,242,69,15695,15695,311,294,294,294,294,0,0,0,0,0,0,0,294,1229,16,BOTTLENECK_TARGET_FRONTIER_CONTINUITY_V2,30.9921,0.218446,1.72685,0.211788,8.58398,15639,15631,12674,0,1,29,15663,69,25698,0,0,0,2559,1183593,31818,439.517,10,28,0,,,,,,,,,,,,,,,,,,,,,,,,,,,,,,,,,,,,,,,,,,,,,,8640.95,8641.12,13464bd5fc802f84bf779320abf3b3586186819890043dd2c08fe4eec6a560e9,8.666,ok,
g5_dmedium_abaseline_pcross_heavy_gshared_pool_seed0,warehouse_random_factorial,carrier,1,32,302.0,302000000,100,170,32,0,0.2604,1754,33,304,304000000,32,302,302000000,1,1,1,1024,1586,6352,0,0,STRICT_IMPROVEMENT,11,1,1,1,4048,304,302,33,32,375,94,375,15688,0,4212,0,1031,14,14,1653,643,1063,3228,2214.67,568128,3311,TASKBR_VACANCY_V1,600,175,600,449,793,56.6204,91,573,117,483,483,594,574,553,553,553,0,0,0,0,0,0,0,553,678,16,BOTTLENECK_TARGET_FRONTIER_CONTINUITY_V2,1.31257,0.250432,2.46066,0.374989,2.91759,429,411,340,0,2,15,464,117,1829,0,0,0,3951.13,302371,3809,78.1576,26,0,0,,,,,,,,,,,,,,,,,,,,,,,,,,,,,,,,,,,,,,,,,,,,,,4060.67,4060.76,0f268d1cc4c0d5515e3c9162a43b95d4714b6d2a8cbee1cff69e815a3a2762ba,4.072,ok,
g5_dmedium_abaseline_pcross_heavy_gsingleton_seed0,warehouse_random_factorial,carrier,1,54,502.0,502000000,220,239,38,1,0.3395,920,54,502,502000000,54,502,502000000,1,0,0,9628,92,827,0,0,SEARCH_CUTOFF,5,0,0,0,-1,-1,-1,-1,-1,140,12296,140,6609,0,492,0,862,232,78,247,778,374,1105,776.449,194480,252,TASKBR_VACANCY_V1,678,207,678,710,1125,63.1111,0,619,136,13738,13738,799,772,698,698,698,0,0,0,0,0,0,0,698,872,15,BOTTLENECK_TARGET_FRONTIER_CONTINUITY_V2,21.1078,0.320241,2.43749,0.413177,5.00699,13658,13648,6924,0,32,277,13427,136,18441,0,0,0,4231.62,1759897,28072,478.604,29,2,15,,,,,,,,,,,,,,,,,,,,,,,,,,,,,,,,,,,,,,,,,,,,,,8634.87,8634.99,661bd24ee1b590bc3e427a3d71c231a7570185eefb0ef8f729793611baa3b9d0,8.657,ok,
g5_dmedium_abaseline_plocal_gshared_pool_seed0,warehouse_random_factorial,carrier,1,28,275.0,275000000,67,176,32,0,0.1994,1619,28,277,277000000,28,275,275000000,1,1,1,4624,62,571,0,0,STRICT_IMPROVEMENT,1,1,1,1,5775,277,275,28,28,618,638,618,17923,0,3022,6,2143,3,3,329,204,739,3524,2506.62,620224,2153,TASKBR_VACANCY_V1,1346,491,1346,859,1839,46.7102,338,776,317,1266,1266,779,766,763,763,763,0,0,0,0,0,0,0,763,1905,16,BOTTLENECK_TARGET_FRONTIER_CONTINUITY_V2,3.04094,0.492789,3.12773,0.494818,4.5492,1002,992,572,0,1,4,1259,317,6506,0,0,0,5602.07,315247,9179,112.254,35,0,0,,,,,,,,,,,,,,,,,,,,,,,,,,,,,,,,,,,,,,,,,,,,,,5797.78,5797.88,e0f1e2b92ffa9ce0a6cef8fc8a5734f80175c50447d2878dbd29aaaec00fe2d7,5.81,ok,
g5_dmedium_abaseline_plocal_gsingleton_seed0,warehouse_random_factorial,carrier,1,35,290.0,290000000,110,145,34,0,0.2619,421,36,292,292000000,35,290,290000000,1,1,1,3,40,463,0,0,STRICT_IMPROVEMENT,1,0,0,0,-1,-1,-1,-1,-1,66,12,66,1733,0,189,0,371,38,30,1846,778,149,385,276.73,67760,548,TASKBR_VACANCY_V1,404,94,404,372,530,70.1887,0,493,99,90,90,550,532,478,478,478,0,0,0,0,0,0,0,478,635,16,BOTTLENECK_TARGET_FRONTIER_CONTINUITY_V2,0.550219,0.226781,2.13871,0.314841,4.53547,40,20,36,0,2,12,74,99,283,0,0,0,799.259,227670,574,38.2198,11,0,0,,,,,,,,,,,,,,,,,,,,,,,,,,,,,,,,,,,,,,,,,,,,,,868.659,868.739,d96a6558f1dc56ed3a0ef0605fccafbdce5847d72c4e2ca540928ef34b58abd8,0.881,ok,
g5_dmedium_abaseline_pmixed_gshared_pool_seed0,warehouse_random_factorial,carrier,1,26,252.0,252000000,94,126,32,0,0.3013,1141,26,252,252000000,26,252,252000000,1,0,0,38814,53865,147528,0,0,SEARCH_CUTOFF,2,1,0,0,-1,252,-1,26,-1,80,12036,80,11105,0,2977,2,558,3,3,39,63,120,1664,1111.31,292864,1930,TASKBR_VACANCY_V1,36668,131,36668,36544,36799,99.307,0,36210,10275,12554,12554,36214,33607,33603,33603,33603,0,0,0,0,0,0,0,33603,110867,16,BOTTLENECK_TARGET_FRONTIER_CONTINUITY_V2,41.6097,16.232,73.3846,11.4815,59.9254,4630,25,4626,0,24,217,12311,10275,23363,0,0,0,4826.09,1806587,100390,1070.4,3812,0,0,,,,,,,,,,,,,,,,,,,,,,,,,,,,,,,,,,,,,,,,,,,,,,8617.26,8617.38,ac176dfabafd5124cdcf84700f127324b6c664cacb251ea1303000f0e4f22dfe,8.64,ok,
g5_dmedium_abaseline_pmixed_gsingleton_seed0,warehouse_random_factorial,carrier,1,48,368.0,368000000,191,145,32,0,0.3316,495,48,368,368000000,48,368,368000000,1,0,0,23169,46,575,0,0,SEARCH_CUTOFF,3,0,0,0,-1,-1,-1,-1,-1,151,11497,151,3212,0,514,0,558,94,68,6326,2026,378,500,403.784,88000,1702,TASKBR_VACANCY_V1,9844,6106,9844,3849,16045,23.9888,0,4201,1723,11798,11798,4296,2119,2084,2084,2084,0,0,0,0,0,0,0,2084,16176,16,BOTTLENECK_TARGET_FRONTIER_CONTINUITY_V2,19.235,1.44784,6.75728,1.23181,9.35062,10116,10104,5641,0,26,179,11591,1723,26683,0,0,0,5409.51,17433201,65673,2683.43,27,12,0,,,,,,,,,,,,,,,,,,,,,,,,,,,,,,,,,,,,,,,,,,,,,,8613.27,8613.39,abe246aca37bd92d28fe19c8229143bb6183aa3c1159e0dbb0dd34fc16a157a7,8.634,ok,
g5_dmedium_aequal_pcross_heavy_gshared_pool_seed0,warehouse_random_factorial,carrier,1,25,292.0,292000000,102,158,32,0,0.255,1315,25,292,292000000,25,292,292000000,1,0,0,10100,27,403,0,0,SEARCH_CUTOFF,4,1,0,0,-1,292,-1,25,-1,1240,142,1240,13192,0,8200,0,2477,2,2,1522,1051,5318,4323,3434.2,760848,2637,TASKBR_VACANCY_V1,813,249,813,567,1064,53.2895,962,2262,187,1389,1389,2264,523,523,523,523,0,0,0,0,0,0,0,523,1666,16,BOTTLENECK_TARGET_FRONTIER_CONTINUITY_V2,3.63664,0.382071,2.58689,0.402847,2.55777,1223,1213,1219,0,0,2,1385,187,9320,0,0,0,8282.16,1306969,11072,271.819,6,0,3,,,,,,,,,,,,,,,,,,,,,,,,,,,,,,,,,,,,,,,,,,,,,,8523.61,8523.69,301e4f6126aa9748ca948cdf5370b2ac2611aa74ab9d04ffe184d2d532b53c2d,8.537,ok,
g5_dmedium_aequal_pcross_heavy_gsingleton_seed0,warehouse_random_factorial,carrier,1,54,457.0,457000000,220,194,38,1,0.2546,712,56,459,459000000,54,457,457000000,1,1,1,0,58,964,1,1,REFERENCE_SUFFIX_ACCEPTED,8,0,0,0,-1,-1,-1,-1,-1,108,12,108,5398,0,436,0,556,132,58,816,434,336,670,484.99,117920,484,TASKBR_VACANCY_V1,493,177,493,459,806,56.9479,0,429,103,125,125,579,550,543,543,543,0,0,0,0,0,0,0,543,1073,15,BOTTLENECK_TARGET_FRONTIER_CONTINUITY_V2,0.696887,0.278223,2.07093,0.322417,3.72459,64,50,52,0,25,3,95,103,498,0,0,0,1348.42,720050,758,98.9059,20,52,2,,,,,,,,,,,,,,,,,,,,,,,,,,,,,,,,,,,,,,,,,,,,,,1428.19,1428.28,cb98a41fd9bba09a457cd5d7621a97679bca2d99c78f2c7c7af30882677fdf87,1.441,ok,
g5_dmedium_aequal_plocal_gshared_pool_seed0,warehouse_random_factorial,carrier,1,24,273.0,273000000,77,164,32,0,0.2005,1297,24,273,273000000,24,273,273000000,1,0,0,3089,20339,201690,0,0,SEARCH_CUTOFF,0,1,0,0,-1,273,-1,24,-1,39,9945,39,11058,0,2548,2,297,0,0,323,145,56,1808,1111.22,318208,1893,TASKBR_VACANCY_V1,1653,1404,1653,249,3057,8.14524,0,1494,1135,14316,14316,1494,1481,1481,1481,1481,0,0,0,0,0,0,0,1481,17030,16,BOTTLENECK_TARGET_FRONTIER_CONTINUITY_V2,25.2286,1.14783,5.91561,0.926027,10.1441,13200,13189,5630,0,2,29,14283,1135,10148,0,0,0,3499.69,146433,7341,78.7982,9,0,0,,,,,,,,,,,,,,,,,,,,,,,,,,,,,,,,,,,,,,,,,,,,,,8607.62,8607.72,8b1127d2bb641e5b10851d97788495a62ceebda8fe744d404725c6c4e0b606e5,8.63,ok,
g5_dmedium_aequal_plocal_gsingleton_seed0,warehouse_random_factorial,carrier,1,35,279.0,279000000,112,132,34,0,0.2,353,35,279,279000000,35,279,279000000,1,0,0,36032,37,573,0,0,SEARCH_CUTOFF,0,0,0,0,-1,-1,-1,-1,-1,65,12970,65,1177,0,193,0,251,40,32,2610,754,153,327,240.3,57552,774,TASKBR_VACANCY_V1,5472,111,5472,5433,5628,96.5352,0,3453,3165,14841,14841,3519,3498,3483,3483,3483,0,0,0,0,0,0,0,3483,45067,16,BOTTLENECK_TARGET_FRONTIER_CONTINUITY_V2,29.6037,3.5625,13.2795,2.30499,18.5801,11702,11694,5654,0,31,276,14532,3165,18462,0,0,0,3294,2258712,26100,507.996,18,30,0,,,,,,,,,,,,,,,,,,,,,,,,,,,,,,,,,,,,,,,,,,,,,,8629.84,8629.96,5225a15244b3f6bde5a3ce349177cb25ce050e1d9ffe457d30b0e4da1168054c,8.654,ok,
g5_dmedium_aequal_pmixed_gshared_pool_seed0,warehouse_random_factorial,carrier,1,27,288.0,288000000,100,156,32,0,0.2315,1563,27,288,288000000,27,288,288000000,1,0,0,31959,29,449,0,0,SEARCH_CUTOFF,7,1,0,0,-1,288,-1,27,-1,95,12143,95,13298,0,3364,14,477,9,9,97,181,141,2273,1494.44,400048,2137,TASKBR_VACANCY_V1,12597,137,12597,12472,12737,97.9194,0,13085,4309,12745,12745,13095,13072,13072,13072,13072,0,0,0,0,0,0,0,13072,163430,16,BOTTLENECK_TARGET_FRONTIER_CONTINUITY_V2,33.5177,11.7046,46.4169,8.83177,21.894,5058,45,5051,0,27,239,12477,4309,23825,0,0,0,4755.39,2775122,72934,848.41,2153,0,0,,,,,,,,,,,,,,,,,,,,,,,,,,,,,,,,,,,,,,,,,,,,,,8619.59,8619.7,8481bd4bd6c3b163ae0a07ab33521c45221568ba872397a080daf3668b4d901d,8.643,ok,
g5_dmedium_aequal_pmixed_gsingleton_seed0,warehouse_random_factorial,carrier,1,46,358.0,358000000,188,135,34,0,0.2554,421,46,358,358000000,46,358,358000000,1,0,0,22292,37,627,0,0,SEARCH_CUTOFF,1,0,0,0,-1,-1,-1,-1,-1,90,12995,90,2629,0,382,0,323,70,42,4828,1516,308,349,279.361,61424,1316,TASKBR_VACANCY_V1,326,139,326,286,525,54.4762,0,306,102,13307,13307,390,374,366,366,366,0,0,0,0,0,0,0,366,668,16,BOTTLENECK_TARGET_FRONTIER_CONTINUITY_V2,22.1857,0.177836,1.41803,0.200926,2.16164,13264,13254,6570,0,25,175,13105,102,22939,0,0,0,4116.85,7600004,27017,1359.88,46,6,0,,,,,,,,,,,,,,,,,,,,,,,,,,,,,,,,,,,,,,,,,,,,,,8609.95,8610.06,d889702a07a4fe9e5cd7d6a49736e369047a2fa16ab6674ceb6c732609b23bd8,8.634,ok,
g5_dmedium_ascarce_pcross_heavy_gshared_pool_seed0,warehouse_random_factorial,carrier,1,47,342.0,342000000,105,205,32,0,0.2793,2544,47,342,342000000,47,342,342000000,1,0,0,14409,9,80,0,0,SEARCH_CUTOFF,13,1,0,0,-1,342,-1,47,-1,88,7932,88,24698,1,3543,14,999,14,14,5656,446,71,3439,2178.36,605264,6763,TASKBR_VACANCY_V1,56497,144,56497,56372,56649,99.511,0,61740,5883,8780,8780,61754,61740,61726,61726,61726,0,0,0,0,0,0,0,61726,61754,16,BOTTLENECK_TARGET_FRONTIER_CONTINUITY_V2,39.3664,18.4845,140.641,25.7472,100.954,7288,2,7297,0,2,2,8774,5883,12179,0,0,0,6763.61,9838929,70189,2042.49,4334,0,0,,,,,,,,,,,,,,,,,,,,,,,,,,,,,,,,,,,,,,,,,,,,,,8575.78,8575.87,90e6625aba912ad82ba2830e732ce381ecaa624ba49bb7aebeb810edd2a212ef,8.594,ok,
g5_dmedium_ascarce_pcross_heavy_gsingleton_seed0,warehouse_random_factorial,carrier,1,75,551.0,551000000,233,280,34,0,0.3883,1381,75,551,551000000,75,551,551000000,1,0,0,119185,112,888,0,0,SEARCH_CUTOFF,33,0,0,0,-1,-1,-1,-1,-1,378,10151,378,12621,0,1110,0,1678,320,100,428,724,952,1919,1444.75,337744,304,TASKBR_VACANCY_V1,1201,290,1201,1247,1806,69.0476,50,5572,283,10595,10595,5796,1335,1139,1139,1139,0,0,0,0,0,0,0,1139,1334,15,BOTTLENECK_TARGET_FRONTIER_CONTINUITY_V2,13.7267,0.504092,4.10347,0.768991,7.79949,10438,10398,6692,0,20,191,10382,283,28584,0,0,0,5996.84,4232931,77033,935.351,87,0,2,,,,,,,,,,,,,,,,,,,,,,,,,,,,,,,,,,,,,,,,,,,,,,8605.23,8605.36,d467dcf9faacc21715e11b0a8ad7b3293d1a607811edc829a0371d9e10d66fdf,8.629,ok,
g5_dmedium_ascarce_plocal_gshared_pool_seed0,warehouse_random_factorial,carrier,1,37,271.0,271000000,78,161,32,0,0.2635,2305,41,281,281000000,37,271,271000000,1,1,1,0,10,89,0,0,STRICT_IMPROVEMENT,4,1,1,1,2762,281,271,41,37,66,7,66,21966,0,2500,2,591,6,6,358,150,53,3178,1960.93,559328,2261,TASKBR_VACANCY_V1,621,91,621,539,717,75.1743,0,715,104,88,88,722,709,706,706,706,0,0,0,0,0,0,0,706,753,16,BOTTLENECK_TARGET_FRONTIER_CONTINUITY_V2,0.668484,0.321843,3.00456,0.561073,4.07187,38,7,35,0,1,1,84,104,175,0,0,0,2702.8,125661,649,24.2237,30,0,0,,,,,,,,,,,,,,,,,,,,,,,,,,,,,,,,,,,,,,,,,,,,,,2772.24,2772.34,a3789a8fafe7a580df8528221c6f03aa671489f269b46ea264a7f49c2df714a1,2.784,ok,
g5_dmedium_ascarce_plocal_gsingleton_seed0,warehouse_random_factorial,carrier,1,49,335.0,335000000,112,188,34,0,0.2857,605,49,335,335000000,49,335,335000000,1,0,0,1081,20433,65907,0,0,SEARCH_CUTOFF,21,0,0,0,-1,-1,-1,-1,-1,79,14407,79,3271,0,198,0,739,78,42,3552,1206,134,520,368.357,91520,880,TASKBR_VACANCY_V1,15128,101,15128,15126,15293,98.908,0,16490,160,15726,15726,16564,16548,16474,16474,16474,0,0,0,0,0,0,0,16474,105077,16,BOTTLENECK_TARGET_FRONTIER_CONTINUITY_V2,33.6949,9.72708,37.439,8.09811,42.9206,10885,7,10899,0,23,213,15488,160,14644,0,0,0,3161.09,664070,32001,327.355,36,0,0,,,,,,,,,,,,,,,,,,,,,,,,,,,,,,,,,,,,,,,,,,,,,,8648.59,8648.69,7dda38054982e51a49c3caec7466d895da56a176b230d79035e2625b014c27b9,8.67,ok,
g5_dmedium_ascarce_pmixed_gshared_pool_seed0,warehouse_random_factorial,carrier,1,41,285.0,285000000,89,164,32,0,0.2713,2022,41,285,285000000,41,285,285000000,1,0,0,29079,296,1523,0,0,SEARCH_CUTOFF,13,1,0,0,-1,285,-1,41,-1,138,11282,138,20715,0,3336,9,872,10,10,292,733,142,2893,1909.06,509168,3092,TASKBR_VACANCY_V1,23398,115,23398,23297,23517,99.0645,0,22199,2129,11785,11785,22210,22198,22187,22187,22187,0,0,0,0,0,0,0,22187,57988,16,BOTTLENECK_TARGET_FRONTIER_CONTINUITY_V2,28.2657,9.18184,40.5266,7.48283,26.8712,6396,35,6399,0,23,235,11525,2129,23529,0,0,0,5636.79,4116856,92149,1145.13,90,0,0,,,,,,,,,,,,,,,,,,,,,,,,,,,,,,,,,,,,,,,,,,,,,,8605.86,8605.95,520f790d4cfa82623e0ef616068ab8ab6d290e04624dec0b84a77f11a458eb04,8.627,ok,
g5_dmedium_ascarce_pmixed_gsingleton_seed0,warehouse_random_factorial,carrier,1,61,421.0,421000000,192,194,34,0,0.3934,818,61,421,421000000,61,421,421000000,1,0,0,22337,99,726,0,0,SEARCH_CUTOFF,3,0,0,0,-1,-1,-1,-1,-1,199,12507,199,5942,0,544,0,1089,136,48,6694,2001,452,922,693.888,162272,1705,TASKBR_VACANCY_V1,13795,5614,13795,8317,19544,42.5553,0,3750,2927,13216,13216,3817,3775,3672,3672,3672,0,0,0,0,0,0,0,3672,16017,16,BOTTLENECK_TARGET_FRONTIER_CONTINUITY_V2,19.8642,2.00149,10.0295,1.9187,7.12018,10436,10398,6148,0,30,272,12912,2927,26869,0,0,0,4841.09,6328105,68205,1067.3,29,0,0,,,,,,,,,,,,,,,,,,,,,,,,,,,,,,,,,,,,,,,,,,,,,,8632.74,8632.87,b1b81092942910dd334799cbb46e2a99121ad019481d05ad25a725504f2f8d97,8.654,ok,
g5_dmedium_asurplus_pcross_heavy_gshared_pool_seed0,warehouse_random_factorial,carrier,1,22,232.0,232000000,100,100,32,0,0.1894,1320,22,232,232000000,22,232,232000000,1,0,0,15253,60,1127,0,0,SEARCH_CUTOFF,0,1,0,0,-1,232,-1,22,-1,952,1798,952,13564,0,6044,0,2493,285,285,508,193,2991,4574,3389.39,805024,2371,TASKBR_VACANCY_V1,1707,1032,1707,1144,2883,39.6809,677,840,428,2757,2757,988,662,662,662,662,0,0,0,0,0,0,0,662,7622,16,BOTTLENECK_TARGET_FRONTIER_CONTINUITY_V2,7.50267,0.620675,3.89431,0.570011,5.58015,2343,2337,874,0,0,1,2754,428,15202,0,0,0,8134.38,1764888,21816,423.784,0,0,0,,,,,,,,,,,,,,,,,,,,,,,,,,,,,,,,,,,,,,,,,,,,,,8536.12,8536.23,55095c3e707e6acdfba06b750105a121849e4483ca654a0456079eaad2d47e4c,8.554,ok,
g5_dmedium_asurplus_pcross_heavy_gsingleton_seed0,warehouse_random_factorial,carrier,1,44,385.0,385000000,219,120,40,1,0.2074,498,45,385,385000000,44,385,385000000,1,1,1,14,44,1097,0,0,STRICT_IMPROVEMENT,3,0,0,0,-1,-1,-1,-1,-1,108,22,108,2447,0,444,0,385,99,53,102,788,352,503,381.129,88528,145,TASKBR_VACANCY_V1,333,168,333,280,621,45.0886,0,301,102,140,140,439,398,398,398,398,0,0,0,0,0,0,0,398,1413,15,BOTTLENECK_TARGET_FRONTIER_CONTINUITY_V2,0.703618,0.266645,1.79966,0.229222,3.48535,81,75,66,0,9,45,84,102,616,0,0,0,1002.2,687400,685,99.4373,3,81,9,,,,,,,,,,,,,,,,,,,,,,,,,,,,,,,,,,,,,,,,,,,,,,1081.76,1081.87,9682ea52d4f6c48e04be38d4e1c4f6071f27191869b8fccdd1af8079c2464a06,1.093,ok,
g5_dmedium_asurplus_plocal_gshared_pool_seed0,warehouse_random_factorial,carrier,1,22,232.0,232000000,77,123,32,0,0.1458,1208,22,232,232000000,22,232,232000000,1,0,0,44690,278,2985,0,0,SEARCH_CUTOFF,0,1,0,0,-1,232,-1,22,-1,240,11385,240,10535,0,2808,2,615,0,0,218,124,339,2172,1447.87,382272,1850,TASKBR_VACANCY_V1,7182,2521,7182,4661,9703,48.0367,0,2691,2392,12113,12113,2691,2654,2654,2654,2654,0,0,0,0,0,0,0,2654,50493,16,BOTTLENECK_TARGET_FRONTIER_CONTINUITY_V2,27.5235,2.62027,13.7225,2.20127,6.73531,9746,9734,4911,0,25,246,11840,2392,25150,0,0,0,4806.02,1599840,50719,520.427,6,0,0,,,,,,,,,,,,,,,,,,,,,,,,,,,,,,,,,,,,,,,,,,,,,,8617.08,8617.19,87ad4a8271a0d0dd74ad6a3ed1fe6b72cb309695e899277fa6d51b45f4aa8693,8.642,ok,
g5_dmedium_asurplus_plocal_gsingleton_seed0,warehouse_random_factorial,carrier,1,25,250.0,250000000,112,103,34,0,0.1867,275,25,250,250000000,25,250,250000000,1,0,0,28094,62,935,0,0,SEARCH_CUTOFF,0,0,0,0,-1,-1,-1,-1,-1,118,12526,118,1592,0,264,0,371,41,18,3080,1168,236,420,332.438,73920,1142,TASKBR_VACANCY_V1,19083,9379,19083,9751,31122,31.3315,0,8354,8127,13658,13658,8387,8354,8354,8354,8354,0,0,0,0,0,0,0,8354,147750,16,BOTTLENECK_TARGET_FRONTIER_CONTINUITY_V2,36.5071,7.89818,42.145,6.67671,59.7678,6749,6743,3632,0,29,271,13356,8127,23830,0,0,0,3845.85,3967558,66397,1000.53,0,21,13,,,,,,,,,,,,,,,,,,,,,,,,,,,,,,,,,,,,,,,,,,,,,,8630.1,8630.23,3f8ceff9a2aac8d959a79ea78c483dea58c87d90d9de80a59b9e2efccfe5ccca,8.655,ok,
g5_dmedium_asurplus_pmixed_gshared_pool_seed0,warehouse_random_factorial,carrier,1,26,232.0,232000000,97,103,32,0,0.1554,1690,26,232,232000000,26,232,232000000,1,0,0,5267,6,149,0,0,SEARCH_CUTOFF,0,1,0,0,-1,232,-1,26,-1,738,258,738,20782,0,9573,2,3067,246,246,4751,11046,5978,3736,2815.53,657536,2297,TASKBR_VACANCY_V1,2221,1439,2221,1123,3662,30.6663,460,1865,1006,1005,1005,2193,1224,1224,1224,1224,0,0,0,0,0,0,0,1224,10383,16,BOTTLENECK_TARGET_FRONTIER_CONTINUITY_V2,4.31562,1.45306,6.73346,0.944727,8.60484,27,20,14,0,8,0,995,1006,12155,0,0,0,8329.24,2585762,7950,459.553,0,7,0,,,,,,,,,,,,,,,,,,,,,,,,,,,,,,,,,,,,,,,,,,,,,,8518.07,8518.17,eb051d08d32ba8f0ce3f4052403debb1ac650067e7231bfa01dc4c5ef5308765,8.531,ok,
g5_dmedium_asurplus_pmixed_gsingleton_seed0,warehouse_random_factorial,carrier,1,41,328.0,328000000,188,105,34,0,0.1911,377,41,328,328000000,41,328,328000000,1,0,0,21140,39035,360164,0,0,SEARCH_CUTOFF,0,0,0,0,-1,-1,-1,-1,-1,89,13736,89,1993,0,403,0,309,72,56,3004,870,299,307,243.749,54032,842,TASKBR_VACANCY_V1,303,145,303,251,520,48.2692,0,243,74,14490,14490,329,311,311,311,311,0,0,0,0,0,0,0,311,1286,16,BOTTLENECK_TARGET_FRONTIER_CONTINUITY_V2,28.1317,0.222939,1.6948,0.203199,8.10817,14431,14425,11431,0,1,28,14459,74,23959,0,0,0,3062.07,1071725,29414,395.216,6,28,0,,,,,,,,,,,,,,,,,,,,,,,,,,,,,,,,,,,,,,,,,,,,,,8632.62,8632.75,ca72bc160040a02da02fa2307f838a9de264899ce4449a1236e2993d0ad9467c,8.658,ok,
g6_dhigh_abaseline_pcross_heavy_gshared_pool_seed0,warehouse_random_factorial,carrier,1,53,550.0,550000000,135,347,60,5,0.2123,6852,53,550,550000000,53,550,550000000,1,0,0,1323,24,311,0,0,SEARCH_CUTOFF,13,1,0,0,-1,550,-1,53,-1,100,1032,100,42121,0,6828,21,1188,274,151,3508,1900,89,8049,6323.61,1376379,9111,TASKBR_VACANCY_V1,3623,1577,3623,3458,6133,56.3835,0,2002,1512,1246,1246,2498,2470,2360,2360,2360,0,0,0,3,0,0,0,2360,13346,18,BOTTLENECK_TARGET_FRONTIER_CONTINUITY_V2,3.70929,1.32681,8.31689,1.47542,9.8822,313,276,319,0,2,28,1214,1512,1747,0,0,0,8246.23,378291,6376,98.1833,115,0,0,,,,,,,,,,,,,,,,,,,,,,,,,,,,,,,,,,,,,,,,,,,,,,8520.69,8520.84,57b83dbd2f2a64456eb3f609b44ed6508f88743bc501beeba8b3ab22e10933ee,8.537,ok,
g6_dhigh_abaseline_pcross_heavy_gsingleton_seed0,warehouse_random_factorial,carrier,1,103,737.0,737000000,371,330,36,0,0.3002,1452,103,737,737000000,103,737,737000000,1,0,0,16854,113,1413,0,0,SEARCH_CUTOFF,22,0,0,0,-1,-1,-1,-1,-1,180,7827,180,9662,4,1051,0,1132,410,252,16950,4114,493,1052,925.708,179892,5224,TASKBR_VACANCY_V1,1080,703,1080,829,2152,38.5223,0,775,210,9105,9105,1176,1158,1078,1078,1078,0,0,0,0,0,0,0,1078,1598,18,BOTTLENECK_TARGET_FRONTIER_CONTINUITY_V2,17.137,0.542303,5.48257,0.821502,6.36133,8998,8960,3765,0,62,192,8849,210,8583,0,0,0,5717.44,2967467,10172,553.215,79,48,31,,,,,,,,,,,,,,,,,,,,,,,,,,,,,,,,,,,,,,,,,,,,,,8606.31,8606.5,4682dfe177cff8e361201ecfae8b766910bf2cf1feebbec356677c8f7a6bdf80,8.636,ok,
g6_dhigh_abaseline_plocal_gshared_pool_seed0,warehouse_random_factorial,carrier,1,39,379.0,379000000,115,226,37,0,0.2457,4109,39,380,380000000,39,379,379000000,1,1,1,31,38,491,0,0,STRICT_IMPROVEMENT,4,1,1,1,4932,380,379,39,39,73,24,73,26112,0,5399,0,735,59,0,1001,377,91,4487,3651.96,767277,5040,TASKBR_VACANCY_V1,792,147,792,718,1008,71.2302,0,788,116,112,112,824,800,791,791,791,0,0,0,0,0,0,0,791,1054,18,BOTTLENECK_TARGET_FRONTIER_CONTINUITY_V2,0.845401,0.385653,3.96619,0.573866,6.61,41,21,26,0,4,10,96,116,309,0,0,0,4844.79,252923,717,44.919,30,3,0,,,,,,,,,,,,,,,,,,,,,,,,,,,,,,,,,,,,,,,,,,,,,,4952.15,4952.28,73e883dd3dd6aa787edf7770c1e6414f616b7d6faf6cb1415ca6334dfa531731,4.966,ok,
g6_dhigh_abaseline_plocal_gsingleton_seed0,warehouse_random_factorial,carrier,1,109,758.0,758000000,336,358,48,3,0.2569,1542,109,758,758000000,109,758,758000000,1,0,0,9082,119,1434,0,0,SEARCH_CUTOFF,24,0,0,0,-1,-1,-1,-1,-1,189,7165,189,9876,0,967,0,1137,300,156,12096,6666,653,1089,1009.56,186219,3788,TASKBR_VACANCY_V1,2095,1500,2095,899,3918,22.9454,0,1974,1395,9532,9532,2279,2255,2138,2138,2138,0,0,0,0,0,0,0,2138,13995,18,BOTTLENECK_TARGET_FRONTIER_CONTINUITY_V2,18.6788,1.30376,9.30905,1.61631,20.6343,8328,8286,4358,0,58,198,9274,1395,7870,0,0,0,5705.54,2132689,10671,417.165,110,5,74,,,,,,,,,,,,,,,,,,,,,,,,,,,,,,,,,,,,,,,,,,,,,,8599.38,8599.55,1cfb0e9b24efbcdb04e38cb7f4625c1a0bbd9aef3d007a46e30bed9c89fe0f3a,8.628,ok,
g6_dhigh_abaseline_pmixed_gshared_pool_seed0,warehouse_random_factorial,carrier,1,44,400.0,400000000,144,217,38,0,0.2727,5951,44,400,400000000,44,400,400000000,1,0,0,4401,3,38,0,0,SEARCH_CUTOFF,8,1,0,0,-1,400,-1,44,-1,126,1647,126,47134,0,7300,44,1058,54,31,8307,2598,150,6560,5444.48,1121760,8642,TASKBR_VACANCY_V1,8530,567,8530,8020,9135,87.7942,0,6108,2670,1780,1780,6160,6143,6104,6104,6104,0,0,0,0,0,0,0,6104,11515,18,BOTTLENECK_TARGET_FRONTIER_CONTINUITY_V2,7.70722,2.80447,13.4696,2.52635,16.5285,25,7,27,0,2,0,1776,2670,6914,0,0,0,8153.4,3426733,14204,595.901,289,0,0,,,,,,,,,,,,,,,,,,,,,,,,,,,,,,,,,,,,,,,,,,,,,,8525.5,8525.63,6e9f1600ce231a4e10076ba61855b194a64548a82c863a9cdbc10b9ccf406516,8.544,ok,
g6_dhigh_abaseline_pmixed_gsingleton_seed0,warehouse_random_factorial,carrier,1,75,655.0,655000000,326,293,36,0,0.3622,1196,75,655,655000000,75,655,655000000,1,0,0,22553,74,928,0,0,SEARCH_CUTOFF,22,0,0,0,-1,-1,-1,-1,-1,140,6165,140,7705,0,767,0,900,138,122,4436,872,525,659,632.89,112689,200,TASKBR_VACANCY_V1,4234,274,4234,4114,4621,89.0283,0,3700,2933,8911,8911,3841,3824,3724,3724,3724,0,0,0,0,0,0,0,3724,30141,18,BOTTLENECK_TARGET_FRONTIER_CONTINUITY_V2,19.1439,2.89537,13.7431,2.47826,19.2114,6035,5985,3045,0,31,250,8628,2933,8374,0,0,0,5752.78,4676972,18563,877.01,40,0,6,,,,,,,,,,,,,,,,,,,,,,,,,,,,,,,,,,,,,,,,,,,,,,8591.88,8592.02,4f758eb81b2d1a767645e95a5cea5fda4a0283494128b00feb714b42ae5b68c9,8.619,ok,
g6_dhigh_aequal_pcross_heavy_gshared_pool_seed0,warehouse_random_factorial,carrier,1,61,591.0,591000000,142,376,62,6,0.1293,7510,61,591,591000000,61,591,591000000,1,0,0,0,351,5799,0,0,SEARCH_CUTOFF,18,1,0,0,-1,591,-1,61,-1,86,16,86,48862,0,6060,17,861,158,68,3693,1078,105,8769,6873.42,1499499,7456,TASKBR_VACANCY_V1,843,232,843,829,1291,64.2138,0,1049,380,382,382,1194,1179,1163,1163,1163,0,0,0,0,0,0,0,1163,7224,18,BOTTLENECK_TARGET_FRONTIER_CONTINUITY_V2,1.76541,0.733961,5.7669,0.836165,7.16734,165,3,170,0,18,68,294,380,348,0,0,0,8366.68,372211,1160,63.5896,168,5,3,,,,,,,,,,,,,,,,,,,,,,,,,,,,,,,,,,,,,,,,,,,,,,8513.93,8514.08,a991fa44444d7a1218ef7d8f14dfb321d7c89b91fc66b9e0b876be1826a44925,8.53,ok,
g6_dhigh_aequal_pcross_heavy_gsingleton_seed0,warehouse_random_factorial,carrier,1,79,706.0,706000000,402,263,40,1,0.2827,920,79,706,706000000,79,706,706000000,1,0,0,17868,83,1521,0,0,SEARCH_CUTOFF,11,0,0,0,-1,-1,-1,-1,-1,132,7581,132,5250,2,927,0,582,222,154,2958,3156,631,676,606.187,115596,1804,TASKBR_VACANCY_V1,615,451,615,444,1314,33.79,0,534,104,9533,9533,769,748,748,748,748,0,0,0,0,0,0,0,748,1416,18,BOTTLENECK_TARGET_FRONTIER_CONTINUITY_V2,20.1345,0.397797,3.75737,0.632776,5.21687,9456,9426,3975,0,55,202,9274,104,8461,0,0,0,5046.84,2896471,10412,587.552,16,151,40,,,,,,,,,,,,,,,,,,,,,,,,,,,,,,,,,,,,,,,,,,,,,,8593.08,8593.26,8c693deee58f801605ef4b8468fa2d2ec9bbe50eb1ea67bae92e3af645a7a334,8.622,ok,
g6_dhigh_aequal_plocal_gshared_pool_seed0,warehouse_random_factorial,carrier,1,27,348.0,348000000,115,194,38,0,0.2366,3075,27,348,348000000,27,348,348000000,1,0,0,9699,1579,5645,0,0,SEARCH_CUTOFF,2,1,0,0,-1,348,-1,27,-1,587,701,587,23624,0,6958,0,1413,18,0,7925,2779,2165,4644,4230.93,794124,6895,TASKBR_VACANCY_V1,1215,164,1215,1071,1396,76.7192,307,834,433,1295,1295,859,824,804,804,804,0,0,0,0,0,0,0,804,5159,18,BOTTLENECK_TARGET_FRONTIER_CONTINUITY_V2,3.90755,0.597675,4.4589,0.613743,5.54923,918,904,561,0,2,17,1274,433,5653,0,0,0,8190.01,772932,10214,239.627,27,0,0,,,,,,,,,,,,,,,,,,,,,,,,,,,,,,,,,,,,,,,,,,,,,,8525.05,8525.18,8e4fd758f95f049d488a2f3543914c622caa8c0b1bf55c862c799a1628ac00b5,8.542,ok,
g6_dhigh_aequal_plocal_gsingleton_seed0,warehouse_random_factorial,carrier,1,58,676.0,676000000,300,340,36,0,0.2874,927,58,676,676000000,58,676,676000000,1,0,0,18267,21054,56025,0,0,SEARCH_CUTOFF,9,0,0,0,-1,-1,-1,-1,-1,879,1459,879,8690,0,3549,0,1429,148,94,11644,3596,3353,2420,2652.75,413820,3254,TASKBR_VACANCY_V1,1632,267,1632,1541,2061,74.7695,571,1595,624,2353,2353,1784,1317,1293,1293,1293,0,0,0,0,0,0,0,1293,8001,18,BOTTLENECK_TARGET_FRONTIER_CONTINUITY_V2,6.85781,0.849006,5.87787,1.13278,14.7665,1804,1786,1550,0,1,4,2346,624,8876,0,0,0,7964.1,2406369,18777,506.638,55,27,5,,,,,,,,,,,,,,,,,,,,,,,,,,,,,,,,,,,,,,,,,,,,,,8536.93,8537.09,371f455110a488db68fa23086ff96b03f1613164a4b8ca84b39c0bd3e49768fc,8.557,ok,
g6_dhigh_aequal_pmixed_gshared_pool_seed0,warehouse_random_factorial,carrier,1,30,339.0,339000000,131,172,36,0,0.2426,3780,30,339,339000000,30,339,339000000,1,0,0,34326,35399,49220,0,0,SEARCH_CUTOFF,1,1,0,0,-1,339,-1,30,-1,640,160,640,30599,0,8656,0,842,120,118,5238,1536,3852,5159,4782.85,882189,4532,TASKBR_VACANCY_V1,538,203,538,348,760,45.7895,357,454,75,807,807,467,450,450,450,450,0,0,0,0,0,0,0,450,573,18,BOTTLENECK_TARGET_FRONTIER_CONTINUITY_V2,2.42609,0.224132,2.48897,0.344585,3.54352,770,764,318,0,3,0,802,75,4667,0,0,0,8211.33,1501537,6411,297.395,9,11,0,,,,,,,,,,,,,,,,,,,,,,,,,,,,,,,,,,,,,,,,,,,,,,8519.31,8519.45,cfd99881bda10e9c7b3ac998f1e8bf15e47627d8a63fc00fb9c310eb4171ff82,8.536,ok,
g6_dhigh_aequal_pmixed_gsingleton_seed0,warehouse_random_factorial,carrier,1,64,627.0,627000000,326,265,36,0,0.283,854,64,627,627000000,64,627,627000000,1,0,0,21951,63,1152,0,0,SEARCH_CUTOFF,9,0,0,0,-1,-1,-1,-1,-1,119,1984,119,6362,0,718,0,641,120,98,1732,590,514,481,473.346,82251,252,TASKBR_VACANCY_V1,634,247,634,530,992,53.4274,0,1606,1163,9670,9670,1734,1715,1715,1715,1715,0,0,0,0,0,0,0,1715,19691,18,BOTTLENECK_TARGET_FRONTIER_CONTINUITY_V2,21.2895,1.26703,7.9321,1.31919,8.00484,8533,8509,3579,0,42,278,9348,1163,2680,0,0,0,5012.56,2639536,10409,557.942,29,29,6,,,,,,,,,,,,,,,,,,,,,,,,,,,,,,,,,,,,,,,,,,,,,,8590.9,8591.07,69f7337b0c89a01db74b471d5c6e30ffe22c79c838f8602feccf4b0837bffc0e,8.619,ok,
g6_dhigh_ascarce_pcross_heavy_gshared_pool_seed0,warehouse_random_factorial,carrier,0,,,,,,,,,,,,,,,,,,,,,,,,,,,,,,,,,,,,,,,,,,,,,,,9596,7468.34,1640916,8920,TASKBR_VACANCY_V1,787,169,787,827,1163,71.1092,0,,,,,,,,,,,,,,,,,,,,,,,,,,,,,,,,,,,,,,,,,,,,,,,,,,,,,,,,,,,,,,,,,,,,,,,,,,,,,,,,,,,,,,,,,,,,,8.767,timeout,ements=0 assignment_second_solution_ms=-1 assignment_first_soc=-1 assignment_second_soc=-1 assignment_first_makespan=-1 assignment_second_makespan=-1
g6_dhigh_ascarce_pcross_heavy_gsingleton_seed0,warehouse_random_factorial,carrier,1,102,749.0,749000000,377,336,36,0,0.4107,1694,102,749,749000000,102,749,749000000,1,0,0,24628,94,938,0,0,SEARCH_CUTOFF,24,0,0,0,-1,-1,-1,-1,-1,197,8425,197,15371,4,1074,0,1577,434,250,9735,3783,528,1593,1332.37,272403,3446,TASKBR_VACANCY_V1,1519,703,1519,1283,2623,48.9135,0,1649,623,9338,9338,2089,2072,1671,1671,1671,0,0,0,0,0,0,0,1671,4577,18,BOTTLENECK_TARGET_FRONTIER_CONTINUITY_V2,16.0293,0.831396,6.76828,1.22653,8.37946,8800,8732,4304,0,28,199,9109,623,13979,0,0,0,5918.25,1991315,19120,477.074,57,7,6,,,,,,,,,,,,,,,,,,,,,,,,,,,,,,,,,,,,,,,,,,,,,,8599.81,8599.98,849d7e715eb8f50358ddff05d79dee7a2ec89e326ecb5f7f8c8828de2bb79187,8.629,ok,
g6_dhigh_ascarce_plocal_gshared_pool_seed0,warehouse_random_factorial,carrier,1,56,431.0,431000000,115,277,38,0,0.2282,5345,56,431,431000000,56,431,431000000,1,0,0,3891,9120,29784,0,0,SEARCH_CUTOFF,21,1,0,0,-1,431,-1,56,-1,92,1094,92,34462,0,5942,0,1071,72,4,2368,478,81,5843,4725.19,999153,7660,TASKBR_VACANCY_V1,3277,134,3277,3227,3488,92.5172,0,9735,1256,4392,4392,9772,9752,9715,9715,9715,0,0,0,0,0,0,0,9715,35569,18,BOTTLENECK_TARGET_FRONTIER_CONTINUITY_V2,12.5831,4.54035,23.1365,3.86176,29.1672,1294,6,1297,0,20,169,4201,1256,1332,0,0,0,7640.94,449298,13768,216.052,589,0,0,,,,,,,,,,,,,,,,,,,,,,,,,,,,,,,,,,,,,,,,,,,,,,8543.73,8543.87,6ed7e04c99e01465f09f5814b4d0924364bc119a609266de68c371bbf7c2e719,8.564,ok,
g6_dhigh_ascarce_plocal_gsingleton_seed0,warehouse_random_factorial,carrier,1,82,618.0,618000000,293,286,38,0,0.397,1599,82,618,618000000,82,618,618000000,1,0,0,15442,121,963,0,0,SEARCH_CUTOFF,23,0,0,0,-1,-1,-1,-1,-1,165,8150,165,9795,0,849,0,1319,384,186,26446,5740,411,928,852.984,158688,7597,TASKBR_VACANCY_V1,1227,577,1227,1081,2156,50.1391,0,4328,189,9631,9631,4650,1391,1132,1132,1132,0,0,0,0,0,0,0,1132,1266,18,BOTTLENECK_TARGET_FRONTIER_CONTINUITY_V2,16.7674,0.517163,5.47478,1.01932,18.1246,9524,9480,4805,0,28,273,9328,189,12667,0,0,0,5817.19,1821977,20243,440.62,63,0,32,,,,,,,,,,,,,,,,,,,,,,,,,,,,,,,,,,,,,,,,,,,,,,8599.65,8599.82,5579991d94e3b1155708ce915b4a9c6c9ef0974b898886c7ba456d9ef673fddf,8.626,ok,
g6_dhigh_ascarce_pmixed_gshared_pool_seed0,warehouse_random_factorial,carrier,1,59,392.0,392000000,131,225,36,0,0.2467,7025,59,392,392000000,59,392,392000000,1,0,0,1302,12,119,0,0,SEARCH_CUTOFF,8,1,0,0,-1,392,-1,59,-1,107,1371,107,56329,0,6674,21,899,30,13,14884,3461,96,7625,6227.08,1303875,10518,TASKBR_VACANCY_V1,3023,1398,3023,1654,4441,37.2439,0,1432,624,1641,1641,1444,1428,1416,1416,1416,0,0,0,0,0,0,0,1416,4429,18,BOTTLENECK_TARGET_FRONTIER_CONTINUITY_V2,3.5741,0.762845,5.54208,1.03918,8.79833,1140,1091,709,0,17,129,1493,624,2166,0,0,0,8190.83,728102,3884,134.974,45,0,0,,,,,,,,,,,,,,,,,,,,,,,,,,,,,,,,,,,,,,,,,,,,,,8524.64,8524.81,542d66d7c5d8cfe69fee90b86366fee7032efa726a4ca7c5f260e42a2fcf26a7,8.542,ok,
g6_dhigh_ascarce_pmixed_gsingleton_seed0,warehouse_random_factorial,carrier,1,81,605.0,605000000,304,265,36,0,0.417,1446,81,605,605000000,81,605,605000000,1,0,0,31730,74,714,0,0,SEARCH_CUTOFF,8,0,0,0,-1,-1,-1,-1,-1,710,1544,710,18403,4,2363,0,2207,214,170,5058,1186,2029,2437,2501.31,416727,1100,TASKBR_VACANCY_V1,2691,831,2691,2091,3725,56.1342,380,1598,551,2277,2277,1808,1787,1586,1586,1586,0,0,0,0,0,0,0,1586,3371,18,BOTTLENECK_TARGET_FRONTIER_CONTINUITY_V2,5.28089,0.762396,6.70571,1.2552,13.449,1753,1707,1413,0,25,116,2134,551,7674,0,0,0,7985.41,5613114,17694,777.2,31,0,4,,,,,,,,,,,,,,,,,,,,,,,,,,,,,,,,,,,,,,,,,,,,,,8546.42,8546.58,6b40de91ffb5e85e68c3d49ea39c9f3be55162989403d40bf9cc59c27c6507e9,8.568,ok,
g6_dhigh_asurplus_pcross_heavy_gshared_pool_seed0,warehouse_random_factorial,carrier,0,,,,,,,,,,,,,,,,,,,,,,,,,,,,,,,,,,,,,,,,,,,,,,,9535,7491.59,1630485,6956,TASKBR_VACANCY_V1,464,190,464,360,790,45.5696,0,,,,,,,,,,,,,,,,,,,,,,,,,,,,,,,,,,,,,,,,,,,,,,,,,,,,,,,,,,,,,,,,,,,,,,,,,,,,,,,,,,,,,,,,,,,,,8.622,timeout,ements=0 assignment_second_solution_ms=-1 assignment_first_soc=-1 assignment_second_soc=-1 assignment_first_makespan=-1 assignment_second_makespan=-1
g6_dhigh_asurplus_pcross_heavy_gsingleton_seed0,warehouse_random_factorial,carrier,1,93,630.0,630000000,365,229,36,0,0.1454,1064,93,630,630000000,93,630,630000000,1,0,0,62532,68,1789,0,0,SEARCH_CUTOFF,4,0,0,0,-1,-1,-1,-1,-1,157,6707,157,7949,2,926,0,889,316,222,3666,1530,452,749,674.358,128079,1470,TASKBR_VACANCY_V1,4637,2212,4637,2776,7163,38.7547,0,2394,2052,9680,9680,2718,2696,2696,2696,2696,0,0,0,0,0,0,0,2696,52051,18,BOTTLENECK_TARGET_FRONTIER_CONTINUITY_V2,27.1187,2.78229,16.0671,2.25893,22.7496,7653,7647,2478,0,56,254,9368,2052,10279,0,0,0,5216.27,5600382,18018,898.091,30,249,27,,,,,,,,,,,,,,,,,,,,,,,,,,,,,,,,,,,,,,,,,,,,,,8610.07,8610.27,246444c4d7427fccb65b6ef9d3ce78a3e44b17cac38bfc96157ab7323e89991e,8.646,ok,
g6_dhigh_asurplus_plocal_gshared_pool_seed0,warehouse_random_factorial,carrier,1,26,294.0,294000000,115,140,38,0,0.1638,3333,26,294,294000000,26,294,294000000,1,0,0,65433,64,1226,0,0,SEARCH_CUTOFF,0,1,0,0,-1,294,-1,26,-1,162,5893,162,21188,0,5027,0,519,18,0,418,327,346,3972,3315.39,679212,4027,TASKBR_VACANCY_V1,489,193,489,321,704,45.5966,0,425,69,6229,6229,455,403,403,403,403,0,0,0,0,0,0,0,403,1437,18,BOTTLENECK_TARGET_FRONTIER_CONTINUITY_V2,16.4063,0.288949,3.25786,0.331079,3.63537,6178,6172,3663,0,17,127,6083,69,14888,0,0,0,6791.96,3780437,34627,774.348,0,6,0,,,,,,,,,,,,,,,,,,,,,,,,,,,,,,,,,,,,,,,,,,,,,,8565.68,8565.82,d992f2b6421eb71c561c31c2e10006c7a5403cc721beb8061498ed7a7aaffd20,8.592,ok,
g6_dhigh_asurplus_plocal_gsingleton_seed0,warehouse_random_factorial,carrier,1,62,551.0,551000000,294,221,36,0,0.1756,840,62,551,551000000,62,551,551000000,1,0,0,23622,60,1565,0,0,SEARCH_CUTOFF,6,0,0,0,-1,-1,-1,-1,-1,123,8564,123,5340,0,793,0,702,236,138,3346,1524,459,518,502.84,88578,1408,TASKBR_VACANCY_V1,6967,5579,6967,1669,12774,13.0656,0,1168,889,9053,9053,1442,1423,1423,1423,1423,0,0,0,0,0,0,0,1423,21167,18,BOTTLENECK_TARGET_FRONTIER_CONTINUITY_V2,23.7203,1.3045,8.62287,1.26494,23.8493,8252,8234,4142,0,23,181,8847,889,14114,0,0,0,5225.15,3768042,18776,821.439,68,157,7,,,,,,,,,,,,,,,,,,,,,,,,,,,,,,,,,,,,,,,,,,,,,,8600.91,8601.08,4b19e011e97cd758c6338be037768b0dbee9b2966c01d9a92c90212670188a45,8.63,ok,
g6_dhigh_asurplus_pmixed_gshared_pool_seed0,warehouse_random_factorial,carrier,1,32,293.0,293000000,141,116,36,0,0.1632,5247,34,293,293000000,32,293,293000000,1,1,1,0,4,111,0,0,STRICT_IMPROVEMENT,2,1,1,1,5633,293,293,34,32,62,14,62,39842,0,6013,6,361,4,4,7001,1644,118,5798,4751.56,991458,7368,TASKBR_VACANCY_V1,482,199,482,289,683,42.3133,0,371,59,82,82,371,349,349,349,349,0,0,0,0,0,0,0,349,772,18,BOTTLENECK_TARGET_FRONTIER_CONTINUITY_V2,0.557205,0.247682,2.52472,0.250575,4.51055,42,40,25,0,3,13,64,59,379,0,0,0,5552.11,362872,505,54.5305,6,0,1,,,,,,,,,,,,,,,,,,,,,,,,,,,,,,,,,,,,,,,,,,,,,,5650.44,5650.57,5fdda2df6ea849a32107637d78b2f655254f7ab012964b9040594715e83ca478,5.666,ok,
g6_dhigh_asurplus_pmixed_gsingleton_seed0,warehouse_random_factorial,carrier,1,56,531.0,531000000,336,159,36,0,0.2222,708,56,531,531000000,56,531,531000000,1,0,0,13510,309,3492,0,0,SEARCH_CUTOFF,11,0,0,0,-1,-1,-1,-1,-1,138,8955,138,4387,0,831,0,510,132,80,734,202,635,504,511.054,86184,210,TASKBR_VACANCY_V1,5687,2904,5687,2961,8724,33.9409,0,889,650,10357,10357,1029,1010,1010,1010,1010,0,0,0,0,0,0,0,1010,15785,18,BOTTLENECK_TARGET_FRONTIER_CONTINUITY_V2,26.134,1.00964,5.75636,0.83011,18.1962,9751,9739,5771,0,32,236,10087,650,14486,0,0,0,4860.28,2907668,18237,597.487,30,41,44,,,,,,,,,,,,,,,,,,,,,,,,,,,,,,,,,,,,,,,,,,,,,,8617.3,8617.48,de810f92d7972aea0411d96aa7ed8dfa015ff714107b993261a18ea519f54ceb,8.647,ok,
g6_dlow_abaseline_pcross_heavy_gshared_pool_seed0,warehouse_random_factorial,carrier,1,37,380.0,380000000,94,247,38,0,0.2117,3406,37,380,380000000,37,380,380000000,1,0,0,1251,2468,12057,0,0,SEARCH_CUTOFF,1,1,0,0,-1,380,-1,37,-1,638,377,638,27647,0,4583,0,2627,74,38,11033,5375,934,6265,4841.48,1071315,3058,TASKBR_VACANCY_V1,2736,688,2736,2131,3501,60.8683,350,2608,396,1030,1030,2688,2068,1994,1994,1994,0,0,0,0,0,0,0,1994,8288,17,BOTTLENECK_TARGET_FRONTIER_CONTINUITY_V2,4.37462,1.46255,8.20139,1.30638,6.86204,393,3,390,0,0,1,1027,396,3340,0,0,0,8351.38,256920,8204,133.015,21,0,0,,,,,,,,,,,,,,,,,,,,,,,,,,,,,,,,,,,,,,,,,,,,,,8520.4,8520.51,9cde4a142fbcec27bef287be10458e68de5beefa009502616e0324d8a500c83c,8.533,ok,
g6_dlow_abaseline_pcross_heavy_gsingleton_seed0,warehouse_random_factorial,carrier,1,82,706.0,706000000,363,307,36,0,0.3689,985,83,708,708000000,82,706,706000000,1,1,1,0,82,1049,0,0,STRICT_IMPROVEMENT,16,0,0,0,-1,-1,-1,-1,-1,162,12,162,8076,0,974,0,1045,318,198,4496,2022,536,766,668.103,130986,1258,TASKBR_VACANCY_V1,1023,587,1023,794,1880,42.234,0,843,211,194,194,1174,1149,962,962,962,0,0,0,0,0,0,0,962,1361,18,BOTTLENECK_TARGET_FRONTIER_CONTINUITY_V2,1.243,0.49531,5.23272,0.749445,6.03707,97,61,113,0,6,26,160,211,796,0,0,0,1975.15,1331904,1309,182.134,66,24,4,,,,,,,,,,,,,,,,,,,,,,,,,,,,,,,,,,,,,,,,,,,,,,2077.33,2077.49,a6226efb98c548376862a1bcf15d94f2af8ac285151dbf18af127e7b7bf17c2c,2.092,ok,
g6_dlow_abaseline_plocal_gshared_pool_seed0,warehouse_random_factorial,carrier,1,40,394.0,394000000,109,249,36,0,0.2271,3672,40,394,394000000,40,394,394000000,1,0,0,4010,11532,62156,0,0,SEARCH_CUTOFF,7,1,0,0,-1,394,-1,40,-1,375,5838,375,25772,0,5383,0,1865,0,0,403,810,280,6079,4576.56,1039509,3865,TASKBR_VACANCY_V1,20583,8352,20583,12231,28935,42.2706,84,11194,2902,6303,6303,11194,9849,9849,9849,9849,0,0,0,0,0,0,0,9849,56461,18,BOTTLENECK_TARGET_FRONTIER_CONTINUITY_V2,18.3209,6.17844,29.9856,4.63143,32.9152,1535,153,1532,0,0,31,6270,2902,15017,0,0,0,7527.89,761407,48900,548.116,23,0,0,,,,,,,,,,,,,,,,,,,,,,,,,,,,,,,,,,,,,,,,,,,,,,8558.9,8559.05,dad9a1b7483510eb4b5c308cc7db5413167bbcfe5797a547991c1c8be66fba76,8.576,ok,
g6_dlow_abaseline_plocal_gsingleton_seed0,warehouse_random_factorial,carrier,1,73,663.0,663000000,280,347,36,0,0.3196,1068,73,663,663000000,73,663,663000000,1,0,0,7030,66,856,0,0,SEARCH_CUTOFF,15,0,0,0,-1,-1,-1,-1,-1,174,12311,174,9920,0,795,0,1119,261,138,12066,4876,463,839,711.118,143469,2982,TASKBR_VACANCY_V1,13396,8392,13396,9712,34336,28.2852,0,6455,16350,13650,13650,9434,9414,9332,9332,9332,0,0,0,0,0,0,0,9332,82316,18,BOTTLENECK_TARGET_FRONTIER_CONTINUITY_V2,29.7991,6.41856,30.403,5.51115,36.3669,1704,56,1453,0,9,95,13544,16350,19321,0,0,0,4532.94,2271110,50335,707.394,3332,20,5,,,,,,,,,,,,,,,,,,,,,,,,,,,,,,,,,,,,,,,,,,,,,,8630.7,8630.86,78ce5f572c9ffd2da02b2be21b4e3e70a7520a4f8313aa26e5228041b05c3e14,8.652,ok,
g6_dlow_abaseline_pmixed_gshared_pool_seed0,warehouse_random_factorial,carrier,1,39,371.0,371000000,126,209,36,0,0.2692,4636,39,371,371000000,39,371,371000000,1,0,0,968,1604,7275,0,0,SEARCH_CUTOFF,1,1,0,0,-1,371,-1,39,-1,520,104,520,45909,0,7473,12,2174,21,21,10976,5097,1132,7081,5180.09,1210851,6633,TASKBR_VACANCY_V1,2161,427,2161,1761,2604,67.6267,228,1300,677,631,631,1323,1302,1294,1294,1294,0,0,0,0,0,0,0,1294,4164,18,BOTTLENECK_TARGET_FRONTIER_CONTINUITY_V2,2.82699,0.930941,5.21555,0.840607,7.10343,80,8,76,0,1,3,625,677,2540,0,0,0,8385.19,768966,4995,165.2,31,0,0,,,,,,,,,,,,,,,,,,,,,,,,,,,,,,,,,,,,,,,,,,,,,,8515.03,8515.19,c95808aef3d648434221615580972636efa6426dca7221a3579f5add1724c7f3,8.527,ok,
g6_dlow_abaseline_pmixed_gsingleton_seed0,warehouse_random_factorial,carrier,1,75,655.0,655000000,326,293,36,0,0.3622,838,75,655,655000000,75,655,655000000,1,0,0,4863,72,916,0,0,SEARCH_CUTOFF,22,0,0,0,-1,-1,-1,-1,-1,153,11581,153,7785,0,778,0,915,138,122,4370,804,536,676,594.169,115596,182,TASKBR_VACANCY_V1,9590,5741,9590,4003,15444,25.9195,0,3053,2286,13548,13548,3194,3177,3077,3077,3077,0,0,0,0,0,0,0,3077,24140,18,BOTTLENECK_TARGET_FRONTIER_CONTINUITY_V2,25.5472,2.26557,10.485,2.07534,15.2828,11319,11269,7898,0,32,280,13234,2286,17940,0,0,0,4465.9,5865790,27837,1127.46,40,0,6,,,,,,,,,,,,,,,,,,,,,,,,,,,,,,,,,,,,,,,,,,,,,,8633.9,8634.04,4f758eb81b2d1a767645e95a5cea5fda4a0283494128b00feb714b42ae5b68c9,8.655,ok,
g6_dlow_aequal_pcross_heavy_gshared_pool_seed0,warehouse_random_factorial,carrier,1,31,410.0,410000000,94,277,38,0,0.1685,3282,31,410,410000000,31,410,410000000,1,0,0,1354,4051,40412,0,0,SEARCH_CUTOFF,1,1,0,0,-1,410,-1,31,-1,699,1483,699,25013,0,4387,10,2394,46,28,1309,247,1083,5582,4449.26,954522,2461,TASKBR_VACANCY_V1,2770,144,2770,2676,2960,90.4054,416,3219,72,2210,2210,3290,2826,2826,2826,2826,0,0,0,0,0,0,0,2826,32175,17,BOTTLENECK_TARGET_FRONTIER_CONTINUITY_V2,7.68109,2.57982,12.8366,1.89526,18.8783,1106,102,1104,0,19,140,2049,72,5593,0,0,0,8219.7,477150,16640,234.838,11,0,0,,,,,,,,,,,,,,,,,,,,,,,,,,,,,,,,,,,,,,,,,,,,,,8523.12,8523.26,7ab9f725398ea318c71e7f713246c6780a46d7e24d6946af79bf91211f5ed21d,8.537,ok,
g6_dlow_aequal_pcross_heavy_gsingleton_seed0,warehouse_random_factorial,carrier,1,79,649.0,649000000,371,242,36,0,0.2609,718,79,649,649000000,79,649,649000000,1,0,0,13810,83,1521,0,0,SEARCH_CUTOFF,4,0,0,0,-1,-1,-1,-1,-1,134,7557,134,4849,0,881,0,578,214,166,860,2688,565,536,473.997,91656,418,TASKBR_VACANCY_V1,2900,2749,2900,391,5873,6.65759,0,1593,1184,14009,14009,1829,1807,1807,1807,1807,0,0,0,2,0,0,0,1807,20336,18,BOTTLENECK_TARGET_FRONTIER_CONTINUITY_V2,30.088,1.18944,7.88687,1.25132,6.77177,12851,12829,6021,0,46,306,13655,1184,8342,0,0,0,3682.24,3637218,14797,676.108,15,169,2,,,,,,,,,,,,,,,,,,,,,,,,,,,,,,,,,,,,,,,,,,,,,,8615.44,8615.6,b59a5532e6915c209808d23d488033e6d10416df91c7e17f8324de04162e2343,8.64,ok,
g6_dlow_aequal_plocal_gshared_pool_seed0,warehouse_random_factorial,carrier,1,28,321.0,321000000,109,176,36,0,0.2163,3477,28,321,321000000,28,321,321000000,1,0,0,3221,64,936,0,0,SEARCH_CUTOFF,0,1,0,0,-1,321,-1,28,-1,708,208,708,25856,0,7420,3,1636,5,5,38,0,3027,6213,4892.48,1062423,2891,TASKBR_VACANCY_V1,463,142,463,327,608,53.7829,427,702,54,923,923,707,426,426,426,426,0,0,0,0,0,0,0,426,518,18,BOTTLENECK_TARGET_FRONTIER_CONTINUITY_V2,2.62122,0.204186,2.88679,0.296413,2.21026,894,881,685,0,2,3,916,54,5150,0,0,0,8348.76,1032718,7334,234.896,3,0,0,,,,,,,,,,,,,,,,,,,,,,,,,,,,,,,,,,,,,,,,,,,,,,8517.51,8517.65,aa8a46e379a7e5c0ad088844668035717d78bcffd5f8437e77febfd09313aae9,8.531,ok,
g6_dlow_aequal_plocal_gsingleton_seed0,warehouse_random_factorial,carrier,1,60,649.0,649000000,286,327,36,0,0.2648,825,61,649,649000000,60,649,649000000,1,1,1,107,319,3670,0,0,STRICT_IMPROVEMENT,5,0,0,0,-1,-1,-1,-1,-1,210,40,210,6894,0,957,0,816,156,106,11552,3646,723,704,639.87,120384,2989,TASKBR_VACANCY_V1,717,284,717,615,1146,53.6649,0,683,125,264,264,828,809,809,809,809,0,0,0,0,0,0,0,809,1271,18,BOTTLENECK_TARGET_FRONTIER_CONTINUITY_V2,1.29694,0.405151,4.12172,0.883691,13.6774,194,174,148,0,2,22,238,125,1075,0,0,0,2160.57,1214316,1899,171.66,41,57,22,,,,,,,,,,,,,,,,,,,,,,,,,,,,,,,,,,,,,,,,,,,,,,2262.23,2262.37,ee1a4f481597cbfdec221b7f8f8168bc513e73511633046720db2bc78cca0ce9,2.275,ok,
g6_dlow_aequal_pmixed_gshared_pool_seed0,warehouse_random_factorial,carrier,1,30,344.0,344000000,125,183,36,0,0.2315,3412,30,344,344000000,30,344,344000000,1,0,0,4890,6569,29226,0,0,SEARCH_CUTOFF,0,1,0,0,-1,344,-1,30,-1,813,469,813,31658,0,7774,0,1773,8,8,4765,1790,3400,6150,4763.16,1051650,3360,TASKBR_VACANCY_V1,528,183,528,355,721,49.2372,530,470,72,1289,1289,480,455,455,455,455,0,0,0,0,0,0,0,455,620,18,BOTTLENECK_TARGET_FRONTIER_CONTINUITY_V2,3.484,0.249831,2.58176,0.352612,3.44127,1245,1239,588,0,5,0,1282,72,7571,0,0,0,8297.28,1276658,10243,291.759,18,10,0,,,,,,,,,,,,,,,,,,,,,,,,,,,,,,,,,,,,,,,,,,,,,,8522.45,8522.59,98ba9e4019bdf7c7868c68c5111865539b61b4f86abe04c9513e4a1ab062d7bf,8.536,ok,
g6_dlow_aequal_pmixed_gsingleton_seed0,warehouse_random_factorial,carrier,1,64,627.0,627000000,326,265,36,0,0.283,647,64,627,627000000,64,627,627000000,1,0,0,17886,62,1151,0,0,SEARCH_CUTOFF,9,0,0,0,-1,-1,-1,-1,-1,125,8216,125,6354,0,720,0,646,121,98,1724,572,516,484,435.597,82764,236,TASKBR_VACANCY_V1,8845,8458,8845,530,25622,2.06853,0,6699,14339,14520,14520,9851,9832,9832,9832,9832,0,0,0,0,0,0,0,9832,154503,18,BOTTLENECK_TARGET_FRONTIER_CONTINUITY_V2,35.5845,7.7168,37.8325,7.01612,27.933,1666,59,1647,0,41,224,14253,14339,8918,0,0,0,3409.53,1074563,21432,324.988,3053,29,6,,,,,,,,,,,,,,,,,,,,,,,,,,,,,,,,,,,,,,,,,,,,,,8622.57,8622.74,69f7337b0c89a01db74b471d5c6e30ffe22c79c838f8602feccf4b0837bffc0e,8.646,ok,
g6_dlow_ascarce_pcross_heavy_gshared_pool_seed0,warehouse_random_factorial,carrier,1,54,408.0,408000000,94,276,37,0,0.1934,5151,54,409,409000000,54,408,408000000,1,1,1,7,51,506,0,0,STRICT_IMPROVEMENT,9,1,1,1,6026,409,408,54,54,119,24,119,36428,0,3763,7,975,131,58,2140,187,69,6795,4830.13,1161945,2997,TASKBR_VACANCY_V1,967,122,967,991,1231,80.5037,0,1092,140,167,167,1194,1150,1070,1070,1070,0,0,0,0,0,0,0,1070,1216,17,BOTTLENECK_TARGET_FRONTIER_CONTINUITY_V2,1.1144,0.488693,5.04823,0.813458,6.42764,91,47,75,0,14,28,123,140,287,0,0,0,5952,162878,955,35.0523,28,0,0,,,,,,,,,,,,,,,,,,,,,,,,,,,,,,,,,,,,,,,,,,,,,,6039.25,6039.38,9cab69d6df9decb2ec2f5e055ac30f0ac011c024c89bb9f950962fd6e79b94a2,6.052,ok,
g6_dlow_ascarce_pcross_heavy_gsingleton_seed0,warehouse_random_factorial,carrier,1,103,771.0,771000000,373,362,36,0,0.4024,1399,103,771,771000000,103,771,771000000,1,0,0,1984,1651,4958,0,0,SEARCH_CUTOFF,25,0,0,0,-1,-1,-1,-1,-1,1037,218,1037,18550,0,4116,0,3114,720,548,13202,4196,2982,3415,3167.36,583965,3522,TASKBR_VACANCY_V1,2329,1049,2329,1736,3757,46.2071,687,1620,451,1274,1274,2050,1877,1614,1614,1614,0,0,0,0,0,0,0,1614,2750,18,BOTTLENECK_TARGET_FRONTIER_CONTINUITY_V2,3.95766,0.899822,6.69959,1.24162,8.34502,932,876,961,0,5,27,1240,451,4968,0,0,0,8328.19,3173156,10100,499.149,84,23,2,,,,,,,,,,,,,,,,,,,,,,,,,,,,,,,,,,,,,,,,,,,,,,8527.76,8527.92,ee478b40c826706d20f77317e7a6b6a438eac3ef9aaa7d5e5f8b935889bd95f1,8.543,ok,
g6_dlow_ascarce_plocal_gshared_pool_seed0,warehouse_random_factorial,carrier,0,,,,,,,,,,,,,,,,,,,,,,,,,,,,,,,,,,,,,,,,,,,,,,,11699,8170.9,2000529,4418,TASKBR_VACANCY_V1,575,123,575,455,699,65.093,0,,,,,,,,,,,,,,,,,,,,,,,,,,,,,,,,,,,,,,,,,,,,,,,,,,,,,,,,,,,,,,,,,,,,,,,,,,,,,,,,,,,,,,,,,,,,,8.975,timeout,ements=0 assignment_second_solution_ms=-1 assignment_first_soc=-1 assignment_second_soc=-1 assignment_first_makespan=-1 assignment_second_makespan=-1
g6_dlow_ascarce_plocal_gsingleton_seed0,warehouse_random_factorial,carrier,1,82,638.0,638000000,280,322,36,0,0.3794,1356,83,640,640000000,82,638,638000000,1,1,1,3,86,813,1,1,REFERENCE_SUFFIX_ACCEPTED,25,0,0,0,-1,-1,-1,-1,-1,150,12,150,10621,0,789,0,1381,319,177,15281,3989,357,853,707.869,145863,3803,TASKBR_VACANCY_V1,1391,553,1391,1220,2217,55.0293,0,1269,177,183,183,1601,1582,1319,1319,1319,0,0,0,0,0,0,0,1319,1413,18,BOTTLENECK_TARGET_FRONTIER_CONTINUITY_V2,1.35549,0.613643,6.65092,1.22509,17.881,77,33,104,0,3,4,174,177,618,0,0,0,2667.22,1072981,1376,147.041,39,10,3,,,,,,,,,,,,,,,,,,,,,,,,,,,,,,,,,,,,,,,,,,,,,,2765.32,2765.45,62bb96857ca5f488185b28e944efae43a4c1b49df06b81f58b3a8a791d34d673,2.779,ok,
g6_dlow_ascarce_pmixed_gshared_pool_seed0,warehouse_random_factorial,carrier,1,51,363.0,363000000,137,190,36,0,0.2985,5960,51,363,363000000,51,363,363000000,1,0,0,7688,3,29,0,0,SEARCH_CUTOFF,5,1,0,0,-1,363,-1,51,-1,141,3717,141,53054,0,6874,27,1113,17,16,4284,872,186,8091,5629.74,1383561,5134,TASKBR_VACANCY_V1,15905,3941,15905,11983,19857,60.3465,0,15941,2568,3868,3868,15960,12174,12157,12157,12157,0,0,0,0,0,0,0,12157,20317,18,BOTTLENECK_TARGET_FRONTIER_CONTINUITY_V2,12.3435,4.15205,22.9786,4.54375,23.3159,2278,10,2283,0,2,5,3859,2568,12002,0,0,0,8055.12,1139813,30886,564.843,1249,0,0,,,,,,,,,,,,,,,,,,,,,,,,,,,,,,,,,,,,,,,,,,,,,,8534.04,8534.18,f15854eccb52adc8f0fb0b1ac56cb8bfc58d64e172cbd5805a0913811521df5c,8.549,ok,
g6_dlow_ascarce_pmixed_gsingleton_seed0,warehouse_random_factorial,carrier,1,81,605.0,605000000,304,265,36,0,0.417,989,81,605,605000000,81,605,605000000,1,0,0,2381,74,722,0,0,SEARCH_CUTOFF,8,0,0,0,-1,-1,-1,-1,-1,600,3779,600,18878,0,1508,0,2655,343,170,5510,1018,1174,4817,3840.18,823707,232,TASKBR_VACANCY_V1,5480,2728,5480,4835,12577,38.4432,270,3022,4482,4394,4394,4006,3984,3783,3783,3783,0,0,0,0,0,0,0,3783,13107,18,BOTTLENECK_TARGET_FRONTIER_CONTINUITY_V2,9.82176,2.14734,11.833,2.26452,16.201,622,121,635,0,6,9,4377,4482,16246,0,0,0,7965.34,1884546,34092,531.662,985,0,4,,,,,,,,,,,,,,,,,,,,,,,,,,,,,,,,,,,,,,,,,,,,,,8544.76,8544.91,6b40de91ffb5e85e68c3d49ea39c9f3be55162989403d40bf9cc59c27c6507e9,8.561,ok,
g6_dlow_asurplus_pcross_heavy_gshared_pool_seed0,warehouse_random_factorial,carrier,1,25,349.0,349000000,94,216,38,0,0.1393,2162,25,349,349000000,25,349,349000000,1,0,0,3339,4637,34078,0,0,SEARCH_CUTOFF,0,1,0,0,-1,349,-1,25,-1,761,314,761,19299,0,6041,0,2750,47,25,1050,65,2874,4907,3982.5,839097,2139,TASKBR_VACANCY_V1,1579,168,1579,1469,1798,81.7019,483,1728,64,1082,1082,1796,1557,1557,1557,1557,0,0,0,1,0,0,0,1557,22922,17,BOTTLENECK_TARGET_FRONTIER_CONTINUITY_V2,5.34228,2.00493,10.7896,1.38093,18.8072,336,5,331,0,0,0,1080,64,5709,0,0,0,8321.59,478247,8632,210.067,5,2,0,,,,,,,,,,,,,,,,,,,,,,,,,,,,,,,,,,,,,,,,,,,,,,8522.95,8523.08,7afd0239c5aafae92d304e31577dd8e1a15802365c10726938e65151edd7c562,8.536,ok,
g6_dlow_asurplus_pcross_heavy_gsingleton_seed0,warehouse_random_factorial,carrier,1,86,613.0,613000000,357,220,36,0,0.1537,830,86,613,613000000,86,613,613000000,1,0,0,9422,71,1950,0,0,SEARCH_CUTOFF,2,0,0,0,-1,-1,-1,-1,-1,264,11559,264,9050,0,989,0,921,291,193,3128,2411,575,971,875.658,166041,937,TASKBR_VACANCY_V1,9148,3797,9148,5649,13210,42.7631,0,2710,2379,12268,12268,3007,2987,2987,2987,2987,0,0,0,0,0,0,0,2987,60820,18,BOTTLENECK_TARGET_FRONTIER_CONTINUITY_V2,32.2678,2.95081,17.5274,2.52746,11.6002,9900,9888,5055,0,73,324,11869,2379,18519,0,0,0,4882.66,7876253,25174,1257.03,18,219,7,,,,,,,,,,,,,,,,,,,,,,,,,,,,,,,,,,,,,,,,,,,,,,8614.52,8614.69,b2274617c3574b7e49b682ab5c991c1bd9f6660f37455d134e0d5d6950937b3c,8.639,ok,
g6_dlow_asurplus_plocal_gshared_pool_seed0,warehouse_random_factorial,carrier,1,26,275.0,275000000,109,130,36,0,0.1553,3417,26,275,275000000,26,275,275000000,1,0,0,1277,2335,26641,0,0,SEARCH_CUTOFF,0,1,0,0,-1,275,-1,26,-1,651,211,651,25365,0,6546,4,1463,5,5,18,230,2293,6735,5186.74,1151685,2629,TASKBR_VACANCY_V1,1068,559,1068,516,1630,31.6564,372,636,156,869,869,642,454,454,454,454,0,0,0,0,0,0,0,454,3081,18,BOTTLENECK_TARGET_FRONTIER_CONTINUITY_V2,2.96829,0.345758,3.68277,0.397568,3.38438,732,727,411,0,3,0,864,156,3990,0,0,0,8347.37,1401862,6909,267.5,4,1,0,,,,,,,,,,,,,,,,,,,,,,,,,,,,,,,,,,,,,,,,,,,,,,8519.55,8519.68,234ad827e124f71ffd0d5e5fbdb9e708eea38e974316b437a6d6fd1c0e85b727,8.533,ok,
g6_dlow_asurplus_plocal_gsingleton_seed0,warehouse_random_factorial,carrier,1,65,556.0,556000000,304,216,36,0,0.1732,629,65,556,556000000,65,556,556000000,1,0,0,2593,66,1784,0,0,SEARCH_CUTOFF,11,0,0,0,-1,-1,-1,-1,-1,123,8647,123,4920,0,718,0,521,143,80,1310,330,518,450,401.922,76950,238,TASKBR_VACANCY_V1,9123,8871,9123,417,26772,1.5576,0,5716,14773,14085,14085,8032,8015,8015,8015,8015,0,0,0,0,0,0,0,8015,193978,18,BOTTLENECK_TARGET_FRONTIER_CONTINUITY_V2,41.0969,8.02423,46.1661,7.00681,81.8409,1705,57,1700,0,35,257,13791,14773,9300,0,0,0,3547.7,1312000,20104,368.717,1965,63,19,,,,,,,,,,,,,,,,,,,,,,,,,,,,,,,,,,,,,,,,,,,,,,8626.5,8626.66,9cb93695b7059daaec95691aa44cd6ffdc576ca35480b316e5342a40210eaa58,8.652,ok,
g6_dlow_asurplus_pmixed_gshared_pool_seed0,warehouse_random_factorial,carrier,1,31,278.0,278000000,126,116,36,0,0.1505,5113,34,279,279000000,31,278,278000000,1,1,1,0,4,111,0,0,STRICT_IMPROVEMENT,2,1,1,1,5433,279,278,34,31,61,13,61,40420,0,5655,30,358,14,13,6196,1429,92,6815,4693.15,1165365,5047,TASKBR_VACANCY_V1,452,204,452,265,666,39.7898,0,361,74,80,80,377,351,351,351,351,0,0,0,0,0,0,0,351,904,18,BOTTLENECK_TARGET_FRONTIER_CONTINUITY_V2,0.556644,0.250207,2.41117,0.25271,4.4876,43,41,29,0,11,14,53,74,341,0,0,0,5366.26,255851,447,42.3797,7,0,1,,,,,,,,,,,,,,,,,,,,,,,,,,,,,,,,,,,,,,,,,,,,,,5442.25,5442.38,85b4efeaa9139b84761aa44e4ade671f6a1cdda2f09b717469829fab169ae6f4,5.455,ok,
g6_dlow_asurplus_pmixed_gsingleton_seed0,warehouse_random_factorial,carrier,1,49,523.0,523000000,328,159,36,0,0.2479,531,49,523,523000000,49,523,523000000,1,0,0,2072,88,2173,0,0,SEARCH_CUTOFF,12,0,0,0,-1,-1,-1,-1,-1,818,3235,818,9070,0,1759,0,2430,392,161,738,144,1489,3721,3252.7,636291,216,TASKBR_VACANCY_V1,7584,4379,7584,4994,16274,30.687,515,2709,4250,4087,4087,3596,3545,3545,3545,3545,0,0,0,0,0,0,0,3545,67884,18,BOTTLENECK_TARGET_FRONTIER_CONTINUITY_V2,14.3241,3.48005,20.0573,2.94543,46.1698,841,302,818,0,24,157,3904,4250,11933,0,0,0,7919.32,2321152,31583,575.526,640,39,22,,,,,,,,,,,,,,,,,,,,,,,,,,,,,,,,,,,,,,,,,,,,,,8544.9,8545.07,7fe34276f34f208ebebe0ca471a7b3a11c658a5e6fa501fce10f89e7625888de,8.564,ok,
g6_dmedium_abaseline_pcross_heavy_gshared_pool_seed0,warehouse_random_factorial,carrier,1,57,514.0,514000000,115,313,78,16,0.1681,8084,57,514,514000000,57,514,514000000,1,0,0,0,16,208,0,0,SEARCH_CUTOFF,10,1,0,0,-1,514,-1,57,-1,57,32,57,49348,0,3882,5,701,143,28,1678,427,22,9532,7309.42,1629972,4252,TASKBR_VACANCY_V1,807,206,807,796,1245,63.9357,0,858,231,111,111,1059,1023,921,921,921,0,0,0,2,0,0,0,921,1430,18,BOTTLENECK_TARGET_FRONTIER_CONTINUITY_V2,0.939166,0.454075,4.36976,0.686712,7.9144,21,3,22,0,0,5,104,231,226,0,0,0,8418.06,146058,814,31.5148,66,2,0,,,,,,,,,,,,,,,,,,,,,,,,,,,,,,,,,,,,,,,,,,,,,,8513.83,8514,8846d2ac7e5cad5be2f762f3188bfd1daf8d48361cea8619edf227ccac96f744,8.529,ok,
g6_dmedium_abaseline_pcross_heavy_gsingleton_seed0,warehouse_random_factorial,carrier,1,101,767.0,767000000,373,358,36,0,0.3078,1347,101,767,767000000,101,767,767000000,1,0,0,2595,105,1321,0,0,SEARCH_CUTOFF,31,0,0,0,-1,-1,-1,-1,-1,177,9388,177,10648,0,1017,0,1227,400,242,6832,2178,487,1107,994.317,189297,1934,TASKBR_VACANCY_V1,1177,681,1177,928,2211,41.972,0,895,232,10663,10663,1306,1286,1131,1131,1131,0,0,0,0,0,0,0,1131,1611,18,BOTTLENECK_TARGET_FRONTIER_CONTINUITY_V2,19.8553,0.540536,5.79569,0.859638,6.59294,10555,10519,6195,0,47,207,10407,232,10146,0,0,0,5284.45,3055179,11793,560.627,92,52,10,,,,,,,,,,,,,,,,,,,,,,,,,,,,,,,,,,,,,,,,,,,,,,8599.3,8599.52,debf99c209a8323c76c7a606b26acd9aff0683c4ef3c93eb4f3d9e69d5595b9f,8.624,ok,
g6_dmedium_abaseline_plocal_gshared_pool_seed0,warehouse_random_factorial,carrier,1,40,376.0,376000000,113,224,38,0,0.2354,5364,40,376,376000000,40,376,376000000,1,0,0,1290,8366,58833,0,0,SEARCH_CUTOFF,3,1,0,0,-1,376,-1,40,-1,81,5137,81,26377,0,4920,0,758,54,0,423,365,88,6213,5053.63,1062423,3512,TASKBR_VACANCY_V1,14027,5744,14027,8350,19836,42.0952,0,9981,2088,5955,5955,10027,8637,8614,8614,8614,0,0,0,0,0,0,0,8614,59621,18,BOTTLENECK_TARGET_FRONTIER_CONTINUITY_V2,16.4091,5.48051,25.1116,4.16436,16.7796,2792,15,2789,0,7,110,5836,2088,8040,0,0,0,7411.18,345977,30817,289.186,32,0,0,,,,,,,,,,,,,,,,,,,,,,,,,,,,,,,,,,,,,,,,,,,,,,8556.06,8556.21,d0bf31f69645396023d0f3606c8392ce104133db5761f13b49f64abde0adbf7f,8.575,ok,
g6_dmedium_abaseline_plocal_gsingleton_seed0,warehouse_random_factorial,carrier,1,74,690.0,690000000,284,370,36,0,0.3198,1230,74,690,690000000,74,690,690000000,1,0,0,2451,65,843,0,0,SEARCH_CUTOFF,21,0,0,0,-1,-1,-1,-1,-1,872,829,872,14910,0,2127,0,3442,468,380,13293,5531,1319,3309,3299.47,565839,3560,TASKBR_VACANCY_V1,4144,2583,4144,2422,8055,30.0683,548,2133,911,1714,1714,2550,1859,1766,1766,1766,0,0,0,0,0,0,0,1766,6594,18,BOTTLENECK_TARGET_FRONTIER_CONTINUITY_V2,5.2275,1.16699,8.20916,1.49647,16.8944,1032,1002,792,0,6,43,1663,911,6044,0,0,0,8198.39,1824315,13059,348.353,108,18,2,,,,,,,,,,,,,,,,,,,,,,,,,,,,,,,,,,,,,,,,,,,,,,8541.24,8541.43,dd66b4c445b4d503a2180492fb23a8f2ce6e67ac13b4661d1f7d54925d6e4e55,8.56,ok,
g6_dmedium_abaseline_pmixed_gshared_pool_seed0,warehouse_random_factorial,carrier,1,45,389.0,389000000,143,210,36,0,0.2648,6997,49,386,386000000,45,389,389000000,1,1,1,0,11,142,0,0,STRICT_IMPROVEMENT,3,1,1,1,7623,386,389,49,45,88,9,88,54372,0,7200,18,697,33,23,11525,2602,103,7895,6341.4,1350045,8041,TASKBR_VACANCY_V1,724,191,724,569,940,60.5319,0,671,128,105,105,696,676,667,667,667,0,0,0,1,0,0,0,667,858,18,BOTTLENECK_TARGET_FRONTIER_CONTINUITY_V2,0.766621,0.326415,2.95854,0.472471,4.91462,45,22,43,0,5,12,86,128,317,0,0,0,7541.14,363802,691,54.9229,33,0,0,,,,,,,,,,,,,,,,,,,,,,,,,,,,,,,,,,,,,,,,,,,,,,7642.47,7642.6,6291b06d33b6710b0a75012091bb40f30d893d08eb02b0934da283ec108e243f,7.657,ok,
g6_dmedium_abaseline_pmixed_gsingleton_seed0,warehouse_random_factorial,carrier,1,75,655.0,655000000,326,293,36,0,0.3622,1114,75,655,655000000,75,655,655000000,1,0,0,17024,74,928,0,0,SEARCH_CUTOFF,22,0,0,0,-1,-1,-1,-1,-1,143,7493,143,7722,0,770,0,903,138,122,4440,836,528,656,664.514,112176,190,TASKBR_VACANCY_V1,5997,2650,5997,3501,8760,39.9658,0,3268,2501,9810,9810,3409,3392,3292,3292,3292,0,0,0,0,0,0,0,3292,26037,18,BOTTLENECK_TARGET_FRONTIER_CONTINUITY_V2,20.3211,2.50754,12.1192,2.30652,18.2145,7366,7316,4324,0,31,253,9524,2501,10785,0,0,0,5523.23,5185052,20361,1058.01,40,0,6,,,,,,,,,,,,,,,,,,,,,,,,,,,,,,,,,,,,,,,,,,,,,,8598.92,8599.09,4f758eb81b2d1a767645e95a5cea5fda4a0283494128b00feb714b42ae5b68c9,8.623,ok,
g6_dmedium_aequal_pcross_heavy_gshared_pool_seed0,warehouse_random_factorial,carrier,1,43,511.0,511000000,110,325,67,11,0.1421,6066,43,512,512000000,43,511,511000000,1,1,1,35,45,799,0,0,STRICT_IMPROVEMENT,4,1,1,1,6895,512,511,43,43,74,27,74,37275,0,3713,8,783,131,13,1716,1103,60,7437,5767.65,1271727,3873,TASKBR_VACANCY_V1,846,216,846,797,1222,65.2209,0,823,243,122,122,997,964,916,916,916,0,0,0,0,0,0,0,916,1963,18,BOTTLENECK_TARGET_FRONTIER_CONTINUITY_V2,1.0268,0.487081,5.14429,0.681692,7.58187,27,15,17,0,5,9,106,243,325,0,0,0,6806.49,166388,810,38.033,79,8,9,,,,,,,,,,,,,,,,,,,,,,,,,,,,,,,,,,,,,,,,,,,,,,6913.48,6913.61,1f36bebe7ca31ec7594056d7c3b9f3fb8e347befeef16bd8b2d0b63b92ca3d2e,6.928,ok,
g6_dmedium_aequal_pcross_heavy_gsingleton_seed0,warehouse_random_factorial,carrier,1,79,670.0,670000000,378,251,40,1,0.2658,836,79,670,670000000,79,670,670000000,1,0,0,8282,83,1521,0,0,SEARCH_CUTOFF,6,0,0,0,-1,-1,-1,-1,-1,133,9840,133,5274,2,903,0,603,226,170,1030,3126,579,619,585.28,105849,724,TASKBR_VACANCY_V1,599,437,599,415,1275,32.549,0,519,126,11071,11071,767,746,746,746,746,0,0,0,2,0,0,0,746,1512,18,BOTTLENECK_TARGET_FRONTIER_CONTINUITY_V2,24.0476,0.406392,3.80677,0.636666,5.21865,10984,10964,5376,0,40,211,10818,126,10650,0,0,0,4643.82,3096679,11980,645.63,23,161,12,,,,,,,,,,,,,,,,,,,,,,,,,,,,,,,,,,,,,,,,,,,,,,8594.43,8594.59,10028d39204a500b3dd769187aa2349e1175272e00cdc46cf0d2b01acf246bd0,8.62,ok,
g6_dmedium_aequal_plocal_gshared_pool_seed0,warehouse_random_factorial,carrier,1,27,346.0,346000000,113,194,38,0,0.2325,4016,27,346,346000000,27,346,346000000,1,0,0,3650,4823,20752,0,0,SEARCH_CUTOFF,2,1,0,0,-1,346,-1,27,-1,632,268,632,23490,0,8376,0,1073,18,0,162,402,3802,5779,5141.35,988209,3486,TASKBR_VACANCY_V1,525,162,525,383,704,54.4034,352,488,91,907,907,513,482,462,462,462,0,0,0,0,0,0,0,462,575,18,BOTTLENECK_TARGET_FRONTIER_CONTINUITY_V2,2.62461,0.236536,2.82767,0.322889,2.90148,872,858,466,0,1,2,902,91,5678,0,0,0,8296,1501081,7206,306.585,27,0,0,,,,,,,,,,,,,,,,,,,,,,,,,,,,,,,,,,,,,,,,,,,,,,8522.18,8522.33,de851d3af841ca09fbce56b1a3d7dbcdf8340397fe548f2dee00f5bb4e4c6f6e,8.536,ok,
g6_dmedium_aequal_plocal_gsingleton_seed0,warehouse_random_factorial,carrier,1,60,649.0,649000000,286,327,36,0,0.2648,936,61,649,649000000,60,649,649000000,1,1,1,138,319,3198,0,0,STRICT_IMPROVEMENT,5,0,0,0,-1,-1,-1,-1,-1,185,40,185,6877,0,893,0,771,153,103,11528,3644,667,652,658.277,111492,2977,TASKBR_VACANCY_V1,717,284,717,615,1146,53.6649,0,683,125,239,239,828,809,809,809,809,0,0,0,0,0,0,0,809,1271,18,BOTTLENECK_TARGET_FRONTIER_CONTINUITY_V2,1.18416,0.408403,4.17319,0.886731,14.267,169,149,122,0,3,20,214,125,985,0,0,0,2232.86,1171293,1698,164.313,41,57,22,,,,,,,,,,,,,,,,,,,,,,,,,,,,,,,,,,,,,,,,,,,,,,2363.91,2364.09,4df0cbf32d825e11d620e60c4c22b72069df6899b72789be45de1535938b2bca,2.381,ok,
g6_dmedium_aequal_pmixed_gshared_pool_seed0,warehouse_random_factorial,carrier,1,30,334.0,334000000,129,169,36,0,0.2389,3914,30,334,334000000,30,334,334000000,1,0,0,5826,6609,17139,0,0,SEARCH_CUTOFF,0,1,0,0,-1,334,-1,30,-1,601,15,601,32479,0,7629,0,1494,253,253,4611,1137,2765,5987,5259.52,1023777,3854,TASKBR_VACANCY_V1,523,194,523,342,730,46.8493,318,1006,63,623,623,1016,441,441,441,441,0,0,0,0,0,0,0,441,543,18,BOTTLENECK_TARGET_FRONTIER_CONTINUITY_V2,2.1197,0.21456,2.434,0.34199,3.42932,589,583,568,0,4,0,617,63,3968,0,0,0,8331.82,1175978,4922,226.974,9,11,0,,,,,,,,,,,,,,,,,,,,,,,,,,,,,,,,,,,,,,,,,,,,,,8518.37,8518.51,ccb459f96f05da8d98adbeffb8258f971ddbd2e045535d19e416f96d4bf5f572,8.533,ok,
g6_dmedium_aequal_pmixed_gsingleton_seed0,warehouse_random_factorial,carrier,1,64,627.0,627000000,326,265,36,0,0.283,791,64,627,627000000,64,627,627000000,1,0,0,12619,63,1152,0,0,SEARCH_CUTOFF,9,0,0,0,-1,-1,-1,-1,-1,120,3842,120,6371,0,718,0,642,120,98,1732,576,514,478,498.693,81738,244,TASKBR_VACANCY_V1,3173,2786,3173,530,6070,8.73147,0,1606,1163,11529,11529,1734,1715,1715,1715,1715,0,0,0,0,0,0,0,1715,19691,18,BOTTLENECK_TARGET_FRONTIER_CONTINUITY_V2,24.8157,1.18629,7.6543,1.28353,7.84653,10392,10368,4408,0,44,297,11186,1163,4539,0,0,0,4543.94,3029740,12268,611.318,29,29,6,,,,,,,,,,,,,,,,,,,,,,,,,,,,,,,,,,,,,,,,,,,,,,8601.73,8601.88,69f7337b0c89a01db74b471d5c6e30ffe22c79c838f8602feccf4b0837bffc0e,8.627,ok,
g6_dmedium_ascarce_pcross_heavy_gshared_pool_seed0,warehouse_random_factorial,carrier,0,,,,,,,,,,,,,,,,,,,,,,,,,,,,,,,,,,,,,,,,,,,,,,,9873,7619.95,1688283,3952,TASKBR_VACANCY_V1,733,172,733,741,1114,66.5171,0,,,,,,,,,,,,,,,,,,,,,,,,,,,,,,,,,,,,,,,,,,,,,,,,,,,,,,,,,,,,,,,,,,,,,,,,,,,,,,,,,,,,,,,,,,,,,8.769,timeout,ements=0 assignment_second_solution_ms=-1 assignment_first_soc=-1 assignment_second_soc=-1 assignment_first_makespan=-1 assignment_second_makespan=-1
g6_dmedium_ascarce_pcross_heavy_gsingleton_seed0,warehouse_random_factorial,carrier,1,198,857.0,857000000,427,386,42,1,0.2396,2042,202,861,861000000,198,857,857000000,1,0,0,9338,191,1906,0,0,SEARCH_CUTOFF,23,0,0,0,-1,-1,-1,-1,-1,312,7135,312,16999,2,1271,0,1570,430,224,11218,3882,795,1969,1763.8,336699,3127,TASKBR_VACANCY_V1,4087,3256,4087,1276,7760,16.4433,0,2591,1537,10133,10133,3033,3013,2746,2746,2746,0,0,0,0,0,0,0,2746,12995,18,BOTTLENECK_TARGET_FRONTIER_CONTINUITY_V2,17.7163,1.53472,9.58187,1.73283,9.62174,8692,8575,4298,0,231,248,9652,1537,7997,0,0,0,6019.21,3310972,11662,527.308,88,30,2,,,,,,,,,,,,,,,,,,,,,,,,,,,,,,,,,,,,,,,,,,,,,,8601.31,8601.53,f9a2fc1426b10ad6feafa2c2b89a3f9b5ae68bf3a6ba6d67a67fd134c4f0c385,8.632,ok,
g6_dmedium_ascarce_plocal_gshared_pool_seed0,warehouse_random_factorial,carrier,1,55,441.0,441000000,113,289,38,0,0.2283,6126,55,441,441000000,55,441,441000000,1,0,0,3977,312,1186,0,0,SEARCH_CUTOFF,22,1,0,0,-1,441,-1,55,-1,188,1717,188,33823,0,6087,6,1307,77,5,674,534,227,7300,6016.56,1248300,5321,TASKBR_VACANCY_V1,2935,133,2935,2891,3151,91.7487,0,3547,162,1945,1945,3595,3071,3023,3023,3023,0,0,0,0,0,0,0,3023,12349,18,BOTTLENECK_TARGET_FRONTIER_CONTINUITY_V2,4.82092,1.46636,10.4862,1.97611,15.7058,1683,52,1682,0,16,126,1801,162,4292,0,0,0,8196.6,359876,13149,169.418,35,0,0,,,,,,,,,,,,,,,,,,,,,,,,,,,,,,,,,,,,,,,,,,,,,,8523.18,8523.34,ddc5a542aed07c84ceaeb0b91068b644d9bcb28582bc5c8e635f19bcaf4ba5af,8.539,ok,
g6_dmedium_ascarce_plocal_gsingleton_seed0,warehouse_random_factorial,carrier,1,82,638.0,638000000,280,322,36,0,0.3794,1500,83,640,640000000,82,638,638000000,1,1,1,4,86,805,1,1,REFERENCE_SUFFIX_ACCEPTED,25,0,0,0,-1,-1,-1,-1,-1,149,12,149,10628,0,786,0,1380,319,177,15329,3991,354,862,802.947,147402,3821,TASKBR_VACANCY_V1,1391,553,1391,1220,2217,55.0293,0,1269,177,182,182,1601,1582,1319,1319,1319,0,0,0,0,0,0,0,1319,1413,18,BOTTLENECK_TARGET_FRONTIER_CONTINUITY_V2,1.26315,0.593648,6.56786,1.2227,17.7831,76,32,103,0,3,4,173,177,614,0,0,0,2927.65,1072207,1368,149.194,39,10,3,,,,,,,,,,,,,,,,,,,,,,,,,,,,,,,,,,,,,,,,,,,,,,3058.37,3058.49,62bb96857ca5f488185b28e944efae43a4c1b49df06b81f58b3a8a791d34d673,3.074,ok,
g6_dmedium_ascarce_pmixed_gshared_pool_seed0,warehouse_random_factorial,carrier,1,53,377.0,377000000,149,192,36,0,0.3124,6335,53,377,377000000,53,377,377000000,1,0,0,2,3,29,0,0,SEARCH_CUTOFF,0,1,0,0,-1,377,-1,53,-1,88,2290,88,48845,0,8348,29,952,30,29,12353,3217,88,6991,5647.89,1195461,9803,TASKBR_VACANCY_V1,16937,228,16937,16745,17189,97.417,0,16699,2866,2387,2387,16733,16716,16686,16686,16686,0,0,0,0,0,0,0,16686,18174,18,BOTTLENECK_TARGET_FRONTIER_CONTINUITY_V2,12.1444,5.23766,41.4433,6.26417,37.4479,1345,11,1352,0,4,2,2379,2866,2599,0,0,0,8127.55,2825035,19032,615.887,1607,0,0,,,,,,,,,,,,,,,,,,,,,,,,,,,,,,,,,,,,,,,,,,,,,,8525.88,8526.01,8f73923b794674a4637a89f14952d4aa97da15643f44e8b0c738ad9105a27ca1,8.542,ok,
g6_dmedium_ascarce_pmixed_gsingleton_seed0,warehouse_random_factorial,carrier,1,81,605.0,605000000,304,265,36,0,0.417,1312,81,605,605000000,81,605,605000000,1,0,0,5128,74,714,0,0,SEARCH_CUTOFF,8,0,0,0,-1,-1,-1,-1,-1,467,3387,467,17284,0,1331,0,2114,284,170,5304,1056,997,3783,3487.73,646893,250,TASKBR_VACANCY_V1,7403,3838,7403,5254,15104,34.7855,137,3234,4738,3869,3869,4164,4143,3942,3942,3942,0,0,0,0,0,0,0,3942,13434,18,BOTTLENECK_TARGET_FRONTIER_CONTINUITY_V2,9.25024,2.1782,12.325,2.33614,17.1143,424,79,439,0,6,10,3851,4738,13112,0,0,0,7894.56,1749908,29198,452.548,871,0,4,,,,,,,,,,,,,,,,,,,,,,,,,,,,,,,,,,,,,,,,,,,,,,8558.31,8558.45,6b40de91ffb5e85e68c3d49ea39c9f3be55162989403d40bf9cc59c27c6507e9,8.577,ok,
g6_dmedium_asurplus_pcross_heavy_gshared_pool_seed0,warehouse_random_factorial,carrier,1,39,480.0,480000000,104,297,70,12,0.0988,5650,39,480,480000000,39,480,480000000,1,0,0,6039,22,615,0,0,SEARCH_CUTOFF,6,1,0,0,-1,480,-1,39,-1,97,4060,97,35219,0,3353,0,793,165,38,1924,1191,69,7132,5498.09,1219572,3828,TASKBR_VACANCY_V1,11245,6176,11245,9336,19837,47.0636,0,5912,6094,4460,4460,7425,6676,6676,6676,6676,0,0,0,289,0,0,0,6676,115880,18,BOTTLENECK_TARGET_FRONTIER_CONTINUITY_V2,16.1357,5.59352,34.1962,4.76904,48.5173,770,759,536,0,18,115,4325,6094,7962,0,0,0,7632.7,320792,29849,283.107,42,11,0,,,,,,,,,,,,,,,,,,,,,,,,,,,,,,,,,,,,,,,,,,,,,,8543.3,8543.46,10b39346c64d982a8025d18812d659c1ecab974a2abb09e364c6d497d7d7ebf9,8.562,ok,
g6_dmedium_asurplus_pcross_heavy_gsingleton_seed0,warehouse_random_factorial,carrier,1,93,630.0,630000000,365,229,36,0,0.1454,1059,93,630,630000000,93,630,630000000,1,0,0,26066,67,1814,0,0,SEARCH_CUTOFF,4,0,0,0,-1,-1,-1,-1,-1,166,9609,166,7838,0,937,0,902,316,222,3090,1620,463,741,707.09,126711,992,TASKBR_VACANCY_V1,8003,3623,8003,4731,11940,39.6231,0,2402,2059,10649,10649,2726,2703,2703,2703,2703,0,0,0,0,0,0,0,2703,52874,18,BOTTLENECK_TARGET_FRONTIER_CONTINUITY_V2,28.0717,3.00586,16.0174,2.24193,23.2367,8617,8609,4016,0,55,177,10415,2059,15034,0,0,0,5102,6196276,20335,1034.68,30,249,27,,,,,,,,,,,,,,,,,,,,,,,,,,,,,,,,,,,,,,,,,,,,,,8606.5,8606.7,246444c4d7427fccb65b6ef9d3ce78a3e44b17cac38bfc96157ab7323e89991e,8.636,ok,
g6_dmedium_asurplus_plocal_gshared_pool_seed0,warehouse_random_factorial,carrier,1,26,292.0,292000000,113,140,38,0,0.161,4351,26,292,292000000,26,292,292000000,1,0,0,29598,64,1528,0,0,SEARCH_CUTOFF,0,1,0,0,-1,292,-1,26,-1,279,3725,279,22574,0,5135,0,694,18,0,102,450,620,5673,4735.17,970083,3019,TASKBR_VACANCY_V1,628,287,628,366,937,39.0608,0,464,89,4058,4058,494,423,423,423,423,0,0,0,0,0,0,0,423,1893,18,BOTTLENECK_TARGET_FRONTIER_CONTINUITY_V2,10.6071,0.327163,3.49463,0.355065,3.94148,3988,3982,2736,0,15,97,3944,89,11099,0,0,0,7639.25,2986578,26419,651.032,0,6,0,,,,,,,,,,,,,,,,,,,,,,,,,,,,,,,,,,,,,,,,,,,,,,8540.95,8541.07,8368404254c1a62657dfbf75600dc8348f2ea3294ad3bfc90be2f44e4aaaa923,8.561,ok,
g6_dmedium_asurplus_plocal_gsingleton_seed0,warehouse_random_factorial,carrier,1,65,556.0,556000000,304,216,36,0,0.1732,765,65,556,556000000,65,556,556000000,1,0,0,2594,66,1759,0,0,SEARCH_CUTOFF,11,0,0,0,-1,-1,-1,-1,-1,122,7327,122,4972,0,716,0,520,143,80,1308,322,518,450,456.149,76950,236,TASKBR_VACANCY_V1,7803,7551,7803,417,22812,1.82799,0,4729,13453,11777,11777,7045,7028,7028,7028,7028,0,0,0,0,0,0,0,7028,168912,18,BOTTLENECK_TARGET_FRONTIER_CONTINUITY_V2,34.8584,7.01266,41.1531,6.22086,72.942,1204,56,1200,0,35,251,11489,13453,7979,0,0,0,4356.76,1195631,16809,345.594,1965,63,19,,,,,,,,,,,,,,,,,,,,,,,,,,,,,,,,,,,,,,,,,,,,,,8604.4,8604.57,9cb93695b7059daaec95691aa44cd6ffdc576ca35480b316e5342a40210eaa58,8.631,ok,
g6_dmedium_asurplus_pmixed_gshared_pool_seed0,warehouse_random_factorial,carrier,1,37,319.0,319000000,135,144,39,1,0.1351,5766,37,320,320000000,37,319,319000000,1,1,1,160,38,1032,0,0,STRICT_IMPROVEMENT,7,1,1,1,6378,320,319,37,37,120,61,120,41659,0,6075,37,507,38,23,7167,1671,98,6700,5410.06,1145700,5892,TASKBR_VACANCY_V1,516,233,516,322,779,41.335,0,411,122,191,191,451,414,414,414,414,0,0,0,0,0,0,0,414,1653,18,BOTTLENECK_TARGET_FRONTIER_CONTINUITY_V2,0.920436,0.31424,2.69601,0.299796,4.79898,130,125,69,0,8,41,140,122,550,0,0,0,6281.14,291502,784,49.399,29,4,0,,,,,,,,,,,,,,,,,,,,,,,,,,,,,,,,,,,,,,,,,,,,,,6394.36,6394.49,a4da516476687a5df7734fc7c06d77acd8503e61ccbb8435ef4dac9a557f1f1b,6.409,ok,
g6_dmedium_asurplus_pmixed_gsingleton_seed0,warehouse_random_factorial,carrier,1,56,531.0,531000000,336,159,36,0,0.2222,687,56,531,531000000,56,531,531000000,1,0,0,9870,308,4458,0,0,SEARCH_CUTOFF,11,0,0,0,-1,-1,-1,-1,-1,169,9186,169,4497,0,864,0,573,136,80,738,227,668,586,623.632,100206,235,TASKBR_VACANCY_V1,9719,6202,9719,6935,25183,27.5384,0,5395,12197,11159,11159,7983,7964,7964,7964,7964,0,0,0,0,0,0,0,7964,187930,18,BOTTLENECK_TARGET_FRONTIER_CONTINUITY_V2,34.6569,7.08905,42.9285,6.57137,106.613,1658,149,1603,0,16,106,11035,12197,13878,0,0,0,4870.48,2068322,43383,569.915,2910,41,44,,,,,,,,,,,,,,,,,,,,,,,,,,,,,,,,,,,,,,,,,,,,,,8607.28,8607.45,de810f92d7972aea0411d96aa7ed8dfa015ff714107b993261a18ea519f54ceb,8.635,ok,
warehouse_blocks_h20w20_b3_a1_d25_r8_t12_seed0,warehouse_blocks,carrier,1,28,158.0,158000000,37,97,24,0,0.1652,114,28,158,158000000,28,158,158000000,1,0,0,0,22821,77926,0,0,SEARCH_CUTOFF,0,0,0,0,-1,-1,-1,-1,-1,39,12887,39,573,0,44,0,211,0,0,26,168,44,138,65.1096,24150,0,TASKBR_VACANCY_V1,35183,9214,35183,25969,44397,58.4927,0,37037,5977,18559,18559,37037,37033,37033,37033,37033,0,0,0,0,0,0,0,37033,123456,12,BOTTLENECK_TARGET_FRONTIER_CONTINUITY_V2,41.9231,16.1672,66.7738,11.2219,63.5891,9108,6,9103,0,7,140,18410,5977,12966,0,0,0,1814.97,1396898,111406,649.815,15,0,0,,,,,,,,,,,,,,,,,,,,,,,,,,,,,,,,,,,,,,,,,,,,,,8648.31,8648.39,8052d9149fcc966bc9f8287e9b604a26fc33526404f2361304fa87ac37968db5,8.667,ok,
warehouse_blocks_h20w20_b3_a1_d50_r8_t12_seed0,warehouse_blocks,carrier,1,26,157.0,157000000,33,100,24,0,0.1587,181,26,157,157000000,26,157,157000000,1,0,0,9252,31368,81772,0,0,SEARCH_CUTOFF,3,0,0,0,-1,-1,-1,-1,-1,39,5432,39,598,0,42,0,239,4,4,42,86,38,85,51.7536,14875,20,TASKBR_VACANCY_V1,5686,8,5686,5684,5696,99.7893,0,18732,55,18443,18443,18736,18736,18732,18732,18732,0,0,0,0,0,0,0,18732,123547,12,BOTTLENECK_TARGET_FRONTIER_CONTINUITY_V2,32.8854,12.1025,40.7841,8.83117,47.416,5879,3,5880,0,32,298,18111,55,5509,0,0,0,1854.11,169944,24209,206.556,7,0,0,,,,,,,,,,,,,,,,,,,,,,,,,,,,,,,,,,,,,,,,,,,,,,8645.7,8645.78,0aef572707e26a052309425986d3e9ff6bc98293dfb46c79e1522c8a8718a121,8.665,ok,
warehouse_blocks_h20w20_b3_a1_d75_r8_t12_seed0,warehouse_blocks,carrier,1,23,145.0,145000000,37,84,24,0,0.2011,188,23,145,145000000,23,145,145000000,1,0,0,14726,34607,80719,0,0,SEARCH_CUTOFF,1,0,0,0,-1,-1,-1,-1,-1,44,14677,44,497,0,60,0,211,0,0,3502,984,60,87,53.4075,15225,1297,TASKBR_VACANCY_V1,29542,0,29542,29542,29542,100,0,33377,10580,16594,16594,33377,33377,33377,33377,33377,0,0,0,0,0,0,0,33377,95617,12,BOTTLENECK_TARGET_FRONTIER_CONTINUITY_V2,38.8557,14.6124,60.8207,10.7478,38.7971,5194,9,5193,0,25,234,16333,10580,20807,0,0,0,2901.58,1399756,104222,706.395,5273,0,0,,,,,,,,,,,,,,,,,,,,,,,,,,,,,,,,,,,,,,,,,,,,,,8643.99,8644.09,71f3427fb964581f677420aba4eda38a76b88e0bf877e6d7a78fa4a63fd49286,8.662,ok,
warehouse_blocks_h20w20_b4_a1_d25_r8_t12_seed0,warehouse_blocks,carrier,1,23,130.0,130000000,31,75,24,0,0.1685,98,23,130,130000000,23,130,130000000,1,0,0,0,24875,82989,0,0,SEARCH_CUTOFF,10,0,0,0,-1,-1,-1,-1,-1,30,9,30,442,0,31,0,186,0,0,2072,300,31,105,44.8924,15120,242,TASKBR_VACANCY_V1,226,8,226,218,234,93.1624,0,20237,11719,19980,19980,20237,20229,20229,20229,20229,0,0,0,0,0,0,0,20229,152271,12,BOTTLENECK_TARGET_FRONTIER_CONTINUITY_V2,34.0785,12.4846,43.7782,9.79359,45.3106,13244,3,9824,0,4,30,19944,11719,79,0,0,0,1294.8,92962,20273,160.442,5821,0,0,,,,,,,,,,,,,,,,,,,,,,,,,,,,,,,,,,,,,,,,,,,,,,8642.22,8642.36,98ddcf1d4cb7953c1702f15ca69f34f402a6a50c836673adf0695c7524c47d4b,8.663,ok,
warehouse_blocks_h20w20_b4_a1_d50_r8_t12_seed0,warehouse_blocks,carrier,1,24,141.0,141000000,29,88,24,0,0.151,128,24,141,141000000,24,141,141000000,1,0,0,5442,27204,78623,0,0,SEARCH_CUTOFF,3,0,0,0,-1,-1,-1,-1,-1,51,16596,51,478,0,46,0,226,0,0,3734,694,46,123,65.3016,17712,870,TASKBR_VACANCY_V1,16813,3,16813,16810,16816,99.9643,0,18423,24066,18172,18172,18423,18420,18420,18420,18420,0,0,0,0,0,0,0,18420,104121,12,BOTTLENECK_TARGET_FRONTIER_CONTINUITY_V2,32.7711,11.1064,40.2306,8.06615,41.5603,5994,15,2413,0,3,7,18160,24066,24668,0,0,0,2098.28,603370,66087,378.473,12015,0,0,,,,,,,,,,,,,,,,,,,,,,,,,,,,,,,,,,,,,,,,,,,,,,8663.83,8663.9,fa0223e9051be09cf4bfcdceb619701c97fd4db69dfe839cb08782c45837a88e,8.682,ok,
warehouse_blocks_h20w20_b4_a1_d75_r8_t12_seed0,warehouse_blocks,carrier,1,27,189.0,189000000,45,111,26,0,0.2083,258,27,189,189000000,27,189,189000000,1,0,0,33882,52279,93489,0,0,SEARCH_CUTOFF,3,0,0,0,-1,-1,-1,-1,-1,78,14353,78,983,0,103,0,417,6,4,1415,498,97,203,100.884,29232,644,TASKBR_VACANCY_V1,46620,3046,46620,43580,49668,87.7426,0,36136,14203,15246,15246,36150,36147,36133,36133,36133,0,0,0,0,0,0,0,36133,77542,12,BOTTLENECK_TARGET_FRONTIER_CONTINUITY_V2,41.144,15.5189,65.6822,11.6705,32.6368,5020,21,5019,0,3,68,15173,14203,26509,0,0,0,3553.35,1984036,120698,898.556,1695,0,0,,,,,,,,,,,,,,,,,,,,,,,,,,,,,,,,,,,,,,,,,,,,,,8660.99,8661.08,0da859ba247efc7b236408b41909608048044d265b4b92896f93aaaf06d13797,8.682,ok,
warehouse_blocks_h20w20_b9_a1_d25_r8_t12_seed0,warehouse_blocks,carrier,1,23,160.0,160000000,35,101,24,0,0.1902,65,23,160,160000000,23,160,160000000,1,0,0,14573,30904,69932,0,0,SEARCH_CUTOFF,3,0,0,0,-1,-1,-1,-1,-1,1029,11414,1029,15536,0,1676,0,5674,226,226,39029,2471,1272,4925,810.707,374300,1585,TASKBR_VACANCY_V1,59785,14957,59785,46558,74771,62.2675,755,40170,7177,12519,12519,41907,39586,39548,39548,39548,0,0,0,0,0,0,0,39548,55420,11,BOTTLENECK_TARGET_FRONTIER_CONTINUITY_V2,39.1915,14.0764,60.0182,10.6477,37.0333,5741,7,5736,0,0,6,12511,7177,35682,0,0,0,5425.46,2774988,100112,955.926,14,0,0,,,,,,,,,,,,,,,,,,,,,,,,,,,,,,,,,,,,,,,,,,,,,,8626.11,8626.18,46d6f924e724ed3da519a27d7594da665d94cb103ccbd41adcf090e3d6563ac6,8.643,ok,
warehouse_blocks_h20w20_b9_a1_d50_r8_t12_seed0,warehouse_blocks,carrier,1,24,163.0,163000000,28,105,28,0,0.1458,47,24,163,163000000,24,163,163000000,1,0,0,12340,53,410,0,0,SEARCH_CUTOFF,2,0,0,0,-1,-1,-1,-1,-1,44,15452,44,496,0,54,0,232,23,5,2286,716,44,173,35.2943,13148,350,TASKBR_VACANCY_V1,46561,2896,46561,46580,49478,94.1429,0,43185,12473,16308,16308,45536,45533,45502,45502,45502,0,0,0,0,0,0,0,45502,100247,12,BOTTLENECK_TARGET_FRONTIER_CONTINUITY_V2,46.1568,17.5758,78.1096,13.8521,70.9532,8667,10,8692,0,22,253,16031,12473,25411,0,0,0,2888.59,2114718,129116,896.269,5872,0,0,,,,,,,,,,,,,,,,,,,,,,,,,,,,,,,,,,,,,,,,,,,,,,8660.89,8660.96,c31a7981a95b0a1d704b1057505c4c4a3f3b072d011012cd09e84355168cd3e4,8.68,ok,
warehouse_blocks_h20w20_b9_a1_d75_r8_t12_seed0,warehouse_blocks,carrier,1,23,157.0,157000000,25,108,24,0,0.1359,56,23,157,157000000,23,157,157000000,1,0,0,17106,236,949,0,0,SEARCH_CUTOFF,7,0,0,0,-1,-1,-1,-1,-1,95,14824,95,962,0,123,0,426,14,14,5412,3387,87,345,72.2846,26220,1653,TASKBR_VACANCY_V1,54207,16326,54207,39609,71871,55.1112,0,36052,7446,15504,15504,36721,36719,36719,36719,36719,0,0,0,0,0,0,0,36719,83544,12,BOTTLENECK_TARGET_FRONTIER_CONTINUITY_V2,42.3643,15.1096,68.8918,11.4756,55.8686,5948,15,7621,0,1,26,15475,7446,29694,0,0,0,3318.26,2102832,123982,864.758,16,0,0,,,,,,,,,,,,,,,,,,,,,,,,,,,,,,,,,,,,,,,,,,,,,,8671.08,8671.16,48c8907daf3f0fce5e86e5a9e82bbd9e6c3a2d7552e0ff4e5b3233089e78dd3a,8.692,ok,
