instance,family,method,success,executed_makespan,weighted_soc,weighted_work_scaled,loaded_moves,free_moves,lift_drop,shelf_switches,robot_utilization,first_solution_ms,first_solution_makespan,first_solution_soc,first_solution_work_scaled,best_makespan,best_soc,best_work_scaled,improvement_attempts,improvement_candidates,improvement_improvements,improvement_generator_failures,reference_checkpoint_hits,reference_action_hints,reference_suffix_attempts,reference_suffix_accepted,improvement_exit_reason,reversals,assignment_restarts,assignment_second_solved,assignment_improvements,assignment_second_solution_ms,assignment_first_soc,assignment_second_soc,assignment_first_makespan,assignment_second_makespan,upper_epoch_builds,pair_cache_hits,pair_cache_misses,pair_rollout_steps,pair_rollout_truncations,pair_rollout_stalls,tau_guide_changes_on_upper_move,joint_task_nodes,joint_task_edges,joint_shared_effects,joint_effect_conflicts,joint_candidate_backtracks,joint_paused_roots,vacancy_potential_builds,vacancy_potential_time_ms,vacancy_potential_unreachable_cells,clearance_first_choice_fallbacks,guidance_version,epoch_first_transfer_comparisons,epoch_first_transfer_flips,epoch_chain_overlap_samples,epoch_chain_overlap_intersection,epoch_chain_overlap_union,epoch_chain_overlap_pct,upper_epoch_cache_evictions,ready_task_count,rho_repairs,rho_match_calls_execute,rho_match_calls_prepare,rho_candidates_input,rho_candidates_after_claims,rho_candidates_after_key_dedupe,rho_candidates_after_shelf_preselect,rho_candidates_after_priority,rho_invalid_filtered,rho_duplicate_key_filtered,rho_same_shelf_filtered,rho_upstream_claim_filtered,rho_mode_ineligible_filtered,rho_no_reachable_robot_filtered,rho_priority_filtered,rho_matrix_rows_total,rho_matrix_cols_total,rho_matrix_max_rows,rho_objective_version,rho_candidate_time_ms,rho_matrix_time_ms,rho_bottleneck_time_ms,rho_secondary_full_time_ms,rho_canonical_time_ms,rho_column_identity_same,rho_column_value_same,rho_mode_or_conflict_same,rho_changed_rows_0,rho_changed_rows_1,rho_changed_rows_2,rho_changed_rows_gt2,rho_assignment_changes,custody_continuations,zero_empty_no_ready,rewire_guidance_rebuilds,tau_time_ms,guidance_time_ms,timed_transport_expansions,timed_transport_frames,timed_transport_time_ms,owner_handoffs,causal_waiting,traffic_waiting,brd_tau_ms,brd_upper_ms,brd_upper_nodes,brd_upper_constraints,brd_upper_steps,brd_upper_transfers,brd_vacancy_potential_builds,brd_vacancy_potential_time_ms,brd_vacancy_potential_unreachable_cells,brd_selected_clearance_pushes,brd_selected_clearance_loaded_steps,brd_clearance_first_choice_fallbacks,brd_guidance_version,brd_task_compile_ms,brd_waves,brd_tasks,brd_max_wave_width,brd_target_tasks,brd_anon_tasks,brd_match_calls,brd_match_ms,brd_match_max_cardinality_ms,brd_match_max_cardinality_cutoffs,brd_match_max_rows,brd_match_rows_without_finite_real_edge,brd_match_maximum_real_cardinality,brd_match_real_assignments,brd_match_hall_deficient_calls,brd_dispatch_epochs,brd_completion_events,brd_tasks_completed_per_event,brd_locked_carriers_max,brd_provisional_reassignments,brd_segments,brd_segment_ms,brd_segment_nodes,brd_segment_failures,brd_cleanup_ms,brd_replay_ms,brd_raw_ticks,brd_raw_work_scaled,brd_goal_prefix_removed,brd_incidental_goal_prefix_ms,brd_raw_plan_valid,brd_exit_reason,deliverable_ms,solver_runtime_ms,plan_sha256,runtime_sec,status,raw
brap_h10w10_a12_e3_B_seed0_pool,g10x10,carrier_brd,1,191,301.0,301000000,35,166,70,4,0.0916,82,191,301,301000000,191,301,301000000,0,0,0,0,0,0,0,0,NOT_ATTEMPTED,0,0,0,0,-1,-1,-1,-1,-1,0,0,0,0,0,0,0,0,0,0,0,0,0,,,,,,,,,,,,,0,0,0,0,0,0,0,0,0,0,0,0,0,0,0,0,0,0,0,BOTTLENECK_TARGET_FRONTIER_CONTINUITY_V2,0,0,0,0,0,0,0,0,0,0,0,0,0,0,0,0,0,0.139829,0,0,0,0,0,0,14.0719,33.3439,20,20,19,35,149,1.21323,596,30,30,10610,TASKBR_VACANCY_V1,0.869416,19,35,3,5,30,35,0.700628,0.02305,0,3,0,47,47,0,35,35,"1,1,1,1,1,1,1,1,1,1,1,1,1,1,1,1,1,1,1,1,1,1,1,1,1,1,1,1,1,1,1,1,1,1,1",1,0,35,17.4046,226,0,0.347055,1.83878,191,301000000,0,75,1,SOLVED,82,82.786,2ec92f04b2857379bec296d6d09bf6e713e0eb634e016ec2ab0daad4fd683a17,0.093,ok,
brap_h10w10_a12_e3_B_seed1_pool,g10x10,carrier_brd,1,500,921.0,921000000,129,432,258,69,0.129,251,500,921,921000000,500,921,921000000,0,0,0,0,0,0,0,0,NOT_ATTEMPTED,3,0,0,0,-1,-1,-1,-1,-1,0,0,0,0,0,0,0,0,0,0,0,0,0,,,,,,,,,,,,,0,0,0,0,0,0,0,0,0,0,0,0,0,0,0,0,0,0,0,BOTTLENECK_TARGET_FRONTIER_CONTINUITY_V2,0,0,0,0,0,0,0,0,0,0,0,0,0,0,0,0,0,0.410077,0,0,0,0,0,0,44.1912,108.19,52,52,51,129,715,6.06133,2860,102,102,56558,TASKBR_VACANCY_V1,2.49986,51,129,3,27,102,114,2.47746,0.087134,0,3,0,171,171,0,114,114,"1,1,1,1,1,1,1,1,1,1,1,1,1,1,1,1,1,1,1,1,1,1,1,1,1,1,1,1,1,1,1,1,1,1,1,1,1,1,1,1,1,1,1,1,1,1,1,1,1,1,1,1,1,1,1,1,1,1,1,1,1,1,1,1,1,1,2,1,1,1,1,2,1,1,1,1,1,1,1,1,1,1,1,1,1,1,1,2,2,2,2,1,1,1,1,1,1,1,1,1,2,2,2,2,2,2,2,2,2,1,1,1,1,1",1,3,114,50.7311,614,0,1.12024,4.73987,500,921000000,0,232,1,SOLVED,251,252.425,6d3637f3a846a52442d75155b48ab6c5d0ff19209cad07fbd3097ea6a39e6d26,0.267,ok,
brap_h10w10_a12_e3_R1_seed0,g10x10,carrier_brd,1,649,1081.0,1081000000,151,515,302,87,0.1163,137,649,1081,1081000000,649,1081,1081000000,0,0,0,0,0,0,0,0,NOT_ATTEMPTED,5,0,0,0,-1,-1,-1,-1,-1,0,0,0,0,0,0,0,0,0,0,0,0,0,,,,,,,,,,,,,0,0,0,0,0,0,0,0,0,0,0,0,0,0,0,0,0,0,0,BOTTLENECK_TARGET_FRONTIER_CONTINUITY_V2,0,0,0,0,0,0,0,0,0,0,0,0,0,0,0,0,0,0.279061,0,0,0,0,0,0,0.649422,60.7247,80,80,79,151,140,1.96402,560,113,113,26974,TASKBR_VACANCY_V1,2.46442,79,151,3,38,113,140,1.82009,0.061836,0,3,0,197,197,0,140,140,"1,1,1,1,1,1,1,2,1,1,1,1,1,1,1,1,1,1,1,1,1,1,1,1,1,1,1,1,1,1,1,1,2,1,1,1,1,1,1,1,2,1,1,1,1,1,1,1,1,1,1,1,1,1,1,1,1,1,1,1,1,1,1,1,1,1,1,1,1,1,1,1,1,1,1,1,1,1,1,1,1,1,1,1,1,1,1,2,2,2,1,1,1,1,1,1,1,1,2,1,1,2,2,2,2,1,1,1,1,1,1,1,1,1,1,1,1,1,1,1,1,1,1,1,1,1,1,1,1,1,1,1,1,1,1,1,1,1,1,1",1,4,140,37.4736,789,0,0.860711,3.77872,649,1081000000,0,122,1,SOLVED,137,137.488,1c17e02138e6345de2217c516c37ffa7b9b0b18a91a17592de324977b424903b,0.15,ok,
brap_h10w10_a12_e3_R1_seed1,g10x10,carrier_brd,1,588,1074.0,1074000000,153,502,306,94,0.1301,144,588,1074,1074000000,588,1074,1074000000,0,0,0,0,0,0,0,0,NOT_ATTEMPTED,4,0,0,0,-1,-1,-1,-1,-1,0,0,0,0,0,0,0,0,0,0,0,0,0,,,,,,,,,,,,,0,0,0,0,0,0,0,0,0,0,0,0,0,0,0,0,0,0,0,BOTTLENECK_TARGET_FRONTIER_CONTINUITY_V2,0,0,0,0,0,0,0,0,0,0,0,0,0,0,0,0,0,0.255112,0,0,0,0,0,0,0.680313,75.7722,66,66,65,153,134,1.71836,536,113,113,41050,TASKBR_VACANCY_V1,2.06664,65,153,3,40,113,130,1.70715,0.060763,0,3,0,195,195,0,130,130,"1,1,1,1,1,1,1,1,1,1,1,1,2,1,1,1,1,1,1,1,1,1,1,1,1,1,1,1,1,1,1,1,1,1,1,1,1,1,1,1,1,1,1,1,1,1,1,1,1,1,1,1,1,1,1,1,1,2,1,1,1,1,1,1,1,1,1,1,1,1,1,1,1,1,1,1,1,1,1,1,1,1,1,1,2,2,2,2,2,1,1,1,1,1,2,2,2,2,2,2,2,2,2,2,2,2,2,1,1,1,2,2,2,1,1,1,1,1,1,1,1,1,1,1,1,1,1,1,1,1",1,5,130,33.2739,718,0,0.776617,3.43884,588,1074000000,0,130,1,SOLVED,144,144.379,21b4a9ef4b109d6816ebd020e6220b4a577563526e21e4bc52cb94058d901786,0.156,ok,
brap_h10w10_a12_e8_B_seed0_pool,g10x10,carrier_brd,1,358,702.0,702000000,76,419,152,28,0.1061,77,358,702,702000000,358,702,702000000,0,0,0,0,0,0,0,0,NOT_ATTEMPTED,6,0,0,0,-1,-1,-1,-1,-1,0,0,0,0,0,0,0,0,0,0,0,0,0,,,,,,,,,,,,,0,0,0,0,0,0,0,0,0,0,0,0,0,0,0,0,0,0,0,BOTTLENECK_TARGET_FRONTIER_CONTINUITY_V2,0,0,0,0,0,0,0,0,0,0,0,0,0,0,0,0,0,0.153054,0,0,0,0,0,0,24.8662,12.4451,17,17,16,76,769,4.04408,3076,55,55,3896,TASKBR_VACANCY_V1,0.594629,16,76,7,21,55,69,1.96195,0.057162,0,7,0,108,108,0,69,69,"1,1,2,2,1,1,1,1,1,1,1,1,2,2,1,2,2,1,1,1,1,1,1,1,1,1,1,1,1,1,1,1,2,1,1,1,1,1,1,1,1,1,1,1,1,1,1,1,1,1,1,1,1,1,1,1,1,1,1,1,1,1,1,1,1,1,1,1,1",1,14,69,19.6202,427,0,0.44863,2.16838,358,702000000,0,69,1,SOLVED,77,78.1507,e4f2e18185362dae394a44ec9636b0a96e00847e34fd81523229e683e1a880b8,0.089,ok,
brap_h10w10_a12_e8_B_seed1_pool,g10x10,carrier_brd,1,379,683.0,683000000,79,387,158,33,0.1042,114,379,683,683000000,379,683,683000000,0,0,0,0,0,0,0,0,NOT_ATTEMPTED,4,0,0,0,-1,-1,-1,-1,-1,0,0,0,0,0,0,0,0,0,0,0,0,0,,,,,,,,,,,,,0,0,0,0,0,0,0,0,0,0,0,0,0,0,0,0,0,0,0,BOTTLENECK_TARGET_FRONTIER_CONTINUITY_V2,0,0,0,0,0,0,0,0,0,0,0,0,0,0,0,0,0,0.282301,0,0,0,0,0,0,31.5068,15.9572,30,30,29,79,813,5.14869,3252,59,59,2220,TASKBR_VACANCY_V1,1.42516,29,79,5,20,59,77,2.36083,0.074233,0,5,0,108,108,0,77,77,"1,1,1,1,1,1,1,1,1,1,1,1,1,1,1,1,1,1,1,1,1,2,1,1,2,1,1,1,1,1,1,1,1,1,1,1,1,1,1,1,1,1,1,1,1,1,1,1,1,1,1,1,1,1,1,1,1,1,1,1,1,1,1,1,1,1,1,1,1,1,1,1,1,1,1,1,1",1,8,77,34.2601,456,0,0.755896,3.23283,379,683000000,0,101,1,SOLVED,114,114.631,04f0535d55a13ec30dc892c78d8406278036c58b790d676c10427af3e5b32cd6,0.127,ok,
brap_h10w10_a12_e8_R1_seed0,g10x10,carrier_brd,1,1252,2334.0,2334000000,295,1244,590,220,0.1178,241,1252,2334,2334000000,1252,2334,2334000000,0,0,0,0,0,0,0,0,NOT_ATTEMPTED,10,0,0,0,-1,-1,-1,-1,-1,0,0,0,0,0,0,0,0,0,0,0,0,0,,,,,,,,,,,,,0,0,0,0,0,0,0,0,0,0,0,0,0,0,0,0,0,0,0,BOTTLENECK_TARGET_FRONTIER_CONTINUITY_V2,0,0,0,0,0,0,0,0,0,0,0,0,0,0,0,0,0,0.522646,0,0,0,0,0,0,1.81122,97.9649,123,195,114,295,285,4.69001,1140,205,205,12174,TASKBR_VACANCY_V1,5.00333,114,295,7,90,205,254,5.12601,0.15323,0,7,0,375,375,0,254,254,"1,2,1,1,1,1,1,1,1,1,1,1,1,1,1,1,1,1,1,1,1,1,1,1,1,1,1,1,1,1,1,1,1,1,1,1,1,2,1,1,1,2,1,1,1,1,1,1,1,1,1,1,1,1,1,1,1,1,1,1,1,1,1,1,1,1,1,1,1,1,1,1,1,1,1,1,1,1,2,2,1,2,1,1,1,1,1,1,1,1,1,1,1,1,1,1,1,1,1,1,1,1,1,1,1,1,1,2,1,1,1,1,1,2,1,1,1,2,1,1,1,1,1,1,1,1,1,1,1,1,1,1,1,1,1,1,1,1,2,1,2,1,1,1,1,1,2,1,1,1,1,1,1,1,1,1,1,1,1,2,2,1,1,2,2,2,2,2,2,2,1,2,1,2,1,1,1,1,1,1,1,1,1,1,1,1,1,1,2,2,1,1,1,2,1,1,1,1,1,2,2,2,1,1,1,1,1,1,2,2,2,2,2,2,2,2,2,1,1,1,1,1,1,1,1,1,1,1,1,2,2,2,1,1,1,1,1,1,1,1,1,1,1,1,1,1,1,1,1,1,1,1,1,1",1,24,254,67.2434,1506,0,1.50759,7.10887,1252,2334000000,0,213,1,SOLVED,241,241.317,78ba647630150c8c46d45e59b27a7dd2abd335bb990502df149c8f8bdfb1e48a,0.26,ok,
brap_h10w10_a12_e8_R1_seed1,g10x10,carrier_brd,1,926,1736.0,1736000000,198,996,396,125,0.1069,137,926,1736,1736000000,926,1736,1736000000,0,0,0,0,0,0,0,0,NOT_ATTEMPTED,12,0,0,0,-1,-1,-1,-1,-1,0,0,0,0,0,0,0,0,0,0,0,0,0,,,,,,,,,,,,,0,0,0,0,0,0,0,0,0,0,0,0,0,0,0,0,0,0,0,BOTTLENECK_TARGET_FRONTIER_CONTINUITY_V2,0,0,0,0,0,0,0,0,0,0,0,0,0,0,0,0,0,0.390801,0,0,0,0,0,0,1.07971,34.2572,57,57,56,198,194,1.85828,776,146,146,4629,TASKBR_VACANCY_V1,2.06787,56,198,8,52,146,187,5.23025,0.140928,0,8,0,273,273,0,187,187,"1,1,1,1,1,1,1,1,1,2,2,1,1,1,1,1,1,1,1,1,1,1,1,1,1,1,1,1,1,1,1,1,1,1,1,1,1,1,2,1,1,1,1,1,2,1,1,1,1,1,1,1,1,1,1,1,1,1,1,1,2,1,1,1,1,2,1,1,1,1,1,1,1,1,1,2,1,1,1,2,1,1,1,1,1,1,1,1,1,1,1,1,1,1,1,1,1,1,1,1,2,1,1,1,1,1,1,1,1,1,1,1,1,1,1,1,1,1,1,1,1,1,1,1,1,1,1,1,1,1,1,1,1,1,1,2,1,1,1,1,1,1,1,1,1,1,1,1,1,1,1,1,1,1,1,1,1,1,1,1,1,1,1,1,1,1,1,1,2,1,1,1,1,1,1,1,1,1,1,1,1,1,1,1,1,1,1",1,24,187,49.4482,1113,0,1.1326,5.00597,926,1736000000,0,117,1,SOLVED,137,137.906,319eba1c5d1a14d8348222798498b9f1493c0a79375f0628dbb99019ad31d6e9,0.152,ok,
brap_h10w10_a1_e1_B_seed0_pool,g10x10,carrier_brd,1,77,89.0,89000000,15,32,30,5,0.0974,11,77,89,89000000,77,89,89000000,0,0,0,0,0,0,0,0,NOT_ATTEMPTED,0,0,0,0,-1,-1,-1,-1,-1,0,0,0,0,0,0,0,0,0,0,0,0,0,,,,,,,,,,,,,0,0,0,0,0,0,0,0,0,0,0,0,0,0,0,0,0,0,0,BOTTLENECK_TARGET_FRONTIER_CONTINUITY_V2,0,0,0,0,0,0,0,0,0,0,0,0,0,0,0,0,0,0.027215,0,0,0,0,0,0,1.98551,1.12817,16,16,15,15,111,0.613888,444,12,12,558,TASKBR_VACANCY_V1,0.501136,15,15,1,3,12,15,0.126651,0.0037,0,1,0,15,15,0,15,15,"1,1,1,1,1,1,1,1,1,1,1,1,1,1,1",0,0,15,4.09743,92,0,0.091344,0.403703,77,89000000,0,10,1,SOLVED,11,11.912,bb131be9ee71431ef11f737683e76298a7881a5381435d46765e7ec508116645,0.021,ok,
brap_h10w10_a1_e1_B_seed1_pool,g10x10,carrier_brd,1,0,0.0,0,0,0,0,0,0.0,0,0,0,0,0,0,0,0,0,0,0,0,0,0,0,NOT_ATTEMPTED,0,0,0,0,-1,-1,-1,-1,-1,0,0,0,0,0,0,0,0,0,0,0,0,0,,,,,,,,,,,,,0,0,0,0,0,0,0,0,0,0,0,0,0,0,0,0,0,0,0,BOTTLENECK_TARGET_FRONTIER_CONTINUITY_V2,0,0,0,0,0,0,0,0,0,0,0,0,0,0,0,0,0,0,0,0,0,0,0,0,0,0,0,0,0,0,0,0,0,0,0,0,TASKBR_VACANCY_V1,0,0,0,0,0,0,0,0,0,0,0,0,0,0,0,0,0,,0,0,0,0,0,0,0,0,0,0,0,-1,1,SOLVED,0,0.006103,e3b0c44298fc1c149afbf4c8996fb92427ae41e4649b934ca495991b7852b855,0.008,ok,
brap_h10w10_a1_e1_R1_seed0,g10x10,carrier_brd,1,63,72.0,72000000,11,30,22,3,0.0873,9,63,72,72000000,63,72,72000000,0,0,0,0,0,0,0,0,NOT_ATTEMPTED,0,0,0,0,-1,-1,-1,-1,-1,0,0,0,0,0,0,0,0,0,0,0,0,0,,,,,,,,,,,,,0,0,0,0,0,0,0,0,0,0,0,0,0,0,0,0,0,0,0,BOTTLENECK_TARGET_FRONTIER_CONTINUITY_V2,0,0,0,0,0,0,0,0,0,0,0,0,0,0,0,0,0,0.024713,0,0,0,0,0,0,0.272216,1.69377,12,12,11,11,20,0.282358,80,9,9,539,TASKBR_VACANCY_V1,0.45788,11,11,1,2,9,11,0.09719,0.002824,0,1,0,11,11,0,11,11,"1,1,1,1,1,1,1,1,1,1,1",0,0,11,3.51738,74,0,0.070125,0.35327,63,72000000,0,7,1,SOLVED,9,9.37714,fba2150c7fae1b5b07713cb9c983d3838c537a1dbc2fe8d724e20640f31b8db7,0.019,ok,
brap_h10w10_a1_e1_R1_seed1,g10x10,carrier_brd,1,246,285.0,285000000,52,90,104,21,0.1057,35,246,285,285000000,246,285,285000000,0,0,0,0,0,0,0,0,NOT_ATTEMPTED,0,0,0,0,-1,-1,-1,-1,-1,0,0,0,0,0,0,0,0,0,0,0,0,0,,,,,,,,,,,,,0,0,0,0,0,0,0,0,0,0,0,0,0,0,0,0,0,0,0,BOTTLENECK_TARGET_FRONTIER_CONTINUITY_V2,0,0,0,0,0,0,0,0,0,0,0,0,0,0,0,0,0,0.095207,0,0,0,0,0,0,0.341751,3.75395,53,53,52,52,86,0.961217,344,39,39,132,TASKBR_VACANCY_V1,1.52199,52,52,1,13,39,52,0.459623,0.01356,0,1,0,52,52,0,52,52,"1,1,1,1,1,1,1,1,1,1,1,1,1,1,1,1,1,1,1,1,1,1,1,1,1,1,1,1,1,1,1,1,1,1,1,1,1,1,1,1,1,1,1,1,1,1,1,1,1,1,1,1",0,0,52,15.4153,298,0,0.350856,1.31564,246,285000000,0,30,1,SOLVED,35,35.6253,4a53957f107689cf414f235b12d48aa8cfe83c298ce697fa90f4e50044d5b6bd,0.045,ok,
brap_h20w20_a40_e100_B_seed0_pool,g20x20,carrier_brd,1,1236,5236.0,5236000000,529,3398,1058,389,0.0856,3832,1236,5236,5236000000,1236,5236,5236000000,0,0,0,0,0,0,0,0,NOT_ATTEMPTED,67,0,0,0,-1,-1,-1,-1,-1,0,0,0,0,0,0,0,0,0,0,0,0,0,,,,,,,,,,,,,0,0,0,0,0,0,0,0,0,0,0,0,0,0,0,0,0,0,0,BOTTLENECK_TARGET_FRONTIER_CONTINUITY_V2,0,0,0,0,0,0,0,0,0,0,0,0,0,0,0,0,0,1.18306,0,0,0,0,0,0,2875.03,100.297,147,978,69,529,53955,577.404,863280,251,251,9645,TASKBR_VACANCY_V1,7.2298,69,529,30,278,251,420,256.805,2.01125,0,30,0,1322,1322,0,420,420,"1,1,2,1,1,1,2,1,2,1,1,1,2,3,1,2,1,1,1,2,1,1,1,1,1,1,1,1,1,1,2,1,1,1,1,1,1,2,2,1,1,2,2,1,1,1,1,1,1,1,1,1,1,1,1,2,2,1,1,2,1,1,2,1,1,1,1,1,1,1,1,1,1,1,1,1,2,1,2,1,1,1,1,1,1,1,1,1,1,1,1,3,1,1,1,1,1,1,1,2,1,1,1,1,1,1,1,1,1,1,4,1,1,1,1,1,1,1,1,2,1,1,1,1,2,1,1,2,1,1,2,1,2,1,1,1,1,1,1,1,1,1,1,1,1,1,1,1,1,1,1,1,1,1,1,1,1,1,1,1,1,1,1,2,1,1,2,2,1,1,1,1,1,1,1,1,1,1,1,1,1,1,1,1,1,2,1,1,1,1,1,1,1,1,1,1,1,1,1,1,1,1,1,1,1,2,1,1,1,1,1,1,1,1,2,1,1,2,1,1,1,1,1,1,1,1,2,1,1,1,1,4,1,1,2,1,1,1,2,1,1,1,1,1,2,1,1,1,1,2,1,1,2,1,2,1,1,1,1,2,1,1,2,1,1,1,1,1,1,1,1,1,1,2,1,1,1,1,1,1,2,2,1,1,2,1,1,1,3,1,1,1,1,1,1,1,1,2,1,2,1,1,1,1,1,2,1,1,1,1,1,3,2,1,1,2,1,2,4,1,1,5,1,1,2,1,2,1,4,1,2,1,1,1,2,1,3,2,1,2,2,1,1,2,1,1,1,4,1,3,1,1,1,1,2,4,1,2,1,1,1,1,2,1,1,3,1,1,1,1,1,3,1,3,1,3,1,1,1,1,1,3,1,1,1,1,1,1,1,2,2,2,1,1,1,1,1,1,1,1,1,1,1,1,2,2,1,1,1,1,1,1,1,1,1,1,1,1,1,1",4,225,420,340.807,1656,0,8.87488,30.1189,1236,5236000000,0,3716,1,SOLVED,3832,3832.94,b8efb5aa8cb5b98a8dd99b6f55339e2042c62bd7c6cbd47380cc9f28ac371689,3.873,ok,
brap_h20w20_a40_e100_B_seed1_pool,g20x20,carrier_brd,1,1255,5630.0,5630000000,466,3993,932,291,0.0743,3050,1255,5630,5630000000,1255,5630,5630000000,0,0,0,0,0,0,0,0,NOT_ATTEMPTED,109,0,0,0,-1,-1,-1,-1,-1,0,0,0,0,0,0,0,0,0,0,0,0,0,,,,,,,,,,,,,0,0,0,0,0,0,0,0,0,0,0,0,0,0,0,0,0,0,0,BOTTLENECK_TARGET_FRONTIER_CONTINUITY_V2,0,0,0,0,0,0,0,0,0,0,0,0,0,0,0,0,0,1.19786,0,0,0,0,0,0,1701.66,193.865,130,3119,46,466,52936,566.798,846976,239,239,8959,TASKBR_VACANCY_V1,4.88944,46,466,33,227,239,390,568.387,2.99848,0,33,0,1386,1386,0,390,390,"1,2,2,1,1,1,1,1,1,1,1,1,1,2,2,1,1,1,1,2,1,2,1,1,1,2,1,1,1,1,1,1,1,1,1,1,1,1,1,1,2,2,1,1,1,1,1,2,2,1,1,1,1,2,1,1,2,1,1,1,1,1,1,1,1,1,1,1,1,1,1,1,1,1,1,1,1,2,1,2,1,1,1,1,1,2,1,2,1,1,1,1,1,1,1,1,3,1,1,1,1,1,1,2,2,1,1,1,1,2,1,1,1,1,3,1,1,2,1,1,2,4,1,1,1,1,1,1,1,1,1,1,1,1,1,1,2,1,1,1,1,2,1,1,1,2,1,1,3,1,1,1,1,2,2,1,1,2,1,1,1,1,2,1,1,1,2,1,1,1,1,1,1,1,1,1,1,1,1,1,2,2,1,1,1,1,1,1,1,1,1,1,1,1,1,1,2,1,1,1,1,1,1,1,1,1,1,1,1,1,1,1,1,1,1,1,1,2,1,1,1,1,1,1,1,1,1,1,1,1,1,1,1,2,1,1,2,1,1,2,1,1,1,1,1,1,1,2,1,1,1,1,1,1,1,3,1,1,1,1,1,1,2,1,1,1,1,1,1,1,1,2,2,3,1,1,1,1,1,1,1,1,1,1,1,1,3,1,2,1,1,1,1,1,1,1,1,1,1,1,1,1,1,1,1,1,1,1,2,2,2,1,1,1,1,1,1,1,1,1,1,2,1,1,1,1,1,1,1,1,3,1,1,1,1,1,1,2,1,1,1,1,1,2,1,1,2,1,1,4,1,1,1,1,1,1,1,2,1,1,1,1,1,1,1,1,1,1,1,1,1,1,1,1,1,2,1,1,1,1,2,2,3,1,1,1,1,2,1,1",4,317,390,330.381,1645,0,8.05499,29.6346,1255,5630000000,0,2936,1,SOLVED,3050,3051.52,56d9414d26354dd9ebe994c8fa33e58f61fa6cdb0d026955dc0b639f7b7b5d87,3.098,ok,
brap_h20w20_a40_e100_R1_seed0,g20x20,carrier_brd,1,1078,4343.0,4343000000,467,2694,934,292,0.0866,855,1078,4343,4343000000,1078,4343,4343000000,0,0,0,0,0,0,0,0,NOT_ATTEMPTED,62,0,0,0,-1,-1,-1,-1,-1,0,0,0,0,0,0,0,0,0,0,0,0,0,,,,,,,,,,,,,0,0,0,0,0,0,0,0,0,0,0,0,0,0,0,0,0,0,0,BOTTLENECK_TARGET_FRONTIER_CONTINUITY_V2,0,0,0,0,0,0,0,0,0,0,0,0,0,0,0,0,0,0.992445,0,0,0,0,0,0,8.58794,41.5605,74,74,73,467,428,12.2316,6848,248,248,1230,TASKBR_VACANCY_V1,7.20779,73,467,34,219,248,347,321.664,1.64946,0,34,0,1054,1054,0,347,347,"1,1,1,3,1,2,1,3,2,1,1,1,1,1,2,2,1,1,2,2,1,3,1,2,1,1,1,1,1,2,1,1,2,1,1,1,1,1,2,1,1,1,1,1,1,1,1,2,1,1,2,1,1,1,1,1,1,1,1,1,1,1,1,3,1,1,1,2,2,1,1,1,1,1,1,1,1,1,2,1,1,3,1,1,1,1,1,4,1,1,1,2,1,2,1,1,1,3,1,1,1,1,1,3,2,1,1,1,1,2,1,1,3,1,1,1,1,1,1,1,1,1,1,1,2,1,1,1,1,2,1,1,2,1,1,1,1,2,1,1,1,2,1,1,1,1,1,1,1,1,1,2,1,2,1,1,1,1,1,1,1,1,2,1,1,2,1,1,1,1,2,1,1,2,1,1,2,1,2,1,2,1,1,1,1,1,1,2,1,4,1,1,1,2,1,1,1,1,2,1,1,1,1,1,1,1,1,1,3,1,1,2,1,4,1,1,1,1,1,3,1,1,1,1,1,1,3,2,1,1,3,1,1,1,1,1,1,1,1,1,2,1,1,1,1,2,1,1,1,1,1,1,1,2,1,1,1,1,2,1,1,4,1,1,4,5,1,1,3,1,1,1,4,1,4,1,1,4,2,2,2,1,1,2,1,2,2,1,3,1,1,1,3,2,1,1,1,1,2,1,1,1,1,2,2,2,2,1,2,1,1,1,1,2,1,1,1,1,1,1,2,2,1,1,1,2,2,2,2,1,1,1,1,1,1,1,1,1,1,1,1,1,1,1,1,1,1",4,166,347,259.72,1425,0,7.08011,25.9811,1078,4343000000,0,756,1,SOLVED,855,856.287,c36323d09c9460d7221e894436cf1973cd3de2affc93984d4f89c99334ed96c1,0.892,ok,
brap_h20w20_a40_e100_R1_seed1,g20x20,carrier_brd,1,797,3178.0,3178000000,333,1989,666,190,0.0836,613,797,3178,3178000000,797,3178,3178000000,0,0,0,0,0,0,0,0,NOT_ATTEMPTED,47,0,0,0,-1,-1,-1,-1,-1,0,0,0,0,0,0,0,0,0,0,0,0,0,,,,,,,,,,,,,0,0,0,0,0,0,0,0,0,0,0,0,0,0,0,0,0,0,0,BOTTLENECK_TARGET_FRONTIER_CONTINUITY_V2,0,0,0,0,0,0,0,0,0,0,0,0,0,0,0,0,0,0.718047,0,0,0,0,0,0,7.12482,33.7955,71,82,68,333,345,10.6472,5520,190,190,1592,TASKBR_VACANCY_V1,6.58965,68,333,32,143,190,246,205.505,1.19927,0,32,0,732,732,0,246,246,"1,1,1,1,1,1,2,1,1,1,1,1,2,1,1,1,1,1,1,1,2,1,1,1,2,1,1,1,1,2,1,1,1,1,1,1,2,1,1,1,2,1,1,1,1,1,1,1,1,2,1,1,2,1,1,2,1,3,1,3,1,2,1,1,1,2,1,1,1,1,2,1,1,1,1,1,1,1,1,1,1,1,1,1,1,1,1,1,1,1,1,1,1,1,1,1,1,2,1,2,2,1,1,1,1,1,1,1,1,2,2,1,2,1,4,2,1,2,2,1,3,1,1,1,1,1,1,1,1,1,2,1,1,1,1,1,1,1,1,1,1,2,1,1,1,1,1,1,1,1,1,1,1,1,1,1,2,1,1,1,4,1,3,1,3,1,4,1,4,3,1,1,3,5,3,2,1,1,2,3,1,3,2,1,1,3,2,1,1,1,1,1,2,3,3,1,1,1,1,1,1,1,1,1,2,1,3,1,3,1,2,3,3,3,1,1,2,1,1,1,1,1,1,1,1,1,1,1,1,1,1,1,1,2,1,1,1,1,1,2,1,1,1,1,1,1",3,126,246,193.511,1043,0,5.05556,20.0154,797,3178000000,0,536,1,SOLVED,613,614.258,bb26ddf7a1d484f5305e83b8bc0cfbf78549b445eb416a1440633e78d84afd31,0.644,ok,
brap_h20w20_a40_e10_B_seed0_pool,g20x20,carrier_brd,1,2189,8942.0,8942000000,935,5416,1870,649,0.0854,3758,2189,8942,8942000000,2189,8942,8942000000,0,0,0,0,0,0,0,0,NOT_ATTEMPTED,70,0,0,0,-1,-1,-1,-1,-1,0,0,0,0,0,0,0,0,0,0,0,0,0,,,,,,,,,,,,,0,0,0,0,0,0,0,0,0,0,0,0,0,0,0,0,0,0,0,BOTTLENECK_TARGET_FRONTIER_CONTINUITY_V2,0,0,0,0,0,0,0,0,0,0,0,0,0,0,0,0,0,2.60693,0,0,0,0,0,0,1804.99,686.023,162,671,142,935,86511,1003.93,1384176,721,721,425864,TASKBR_VACANCY_V1,18.0103,142,935,10,214,721,679,51.3324,1.34622,0,10,0,2005,2005,0,679,679,"1,1,2,2,1,1,1,3,2,2,1,1,3,1,1,1,1,2,1,1,1,1,1,1,1,1,1,1,1,2,1,2,1,1,1,3,1,3,1,1,3,1,1,1,1,1,1,2,1,1,1,1,1,1,1,2,1,1,1,1,1,1,3,1,1,1,1,2,3,1,1,1,1,1,1,1,3,1,1,1,1,2,1,2,1,2,1,1,1,1,1,1,2,2,1,1,1,2,2,1,2,1,1,1,2,1,1,2,1,1,1,2,3,2,1,1,1,2,1,2,2,1,2,1,1,2,2,1,1,1,1,1,1,1,1,1,1,3,1,2,1,2,1,1,1,1,1,1,1,1,1,1,4,2,1,1,1,3,1,1,1,1,1,1,2,1,1,1,1,1,1,1,1,1,1,3,1,2,2,2,1,1,1,1,1,2,1,1,1,1,1,1,1,1,1,2,1,2,1,1,1,1,1,1,1,2,1,1,2,1,1,1,1,1,2,2,2,1,1,2,1,2,1,1,1,1,1,2,1,1,2,3,1,1,2,1,1,1,2,1,1,3,1,1,1,2,1,1,1,1,1,1,1,1,1,1,1,1,1,1,1,1,2,1,2,1,2,1,1,1,1,1,1,1,1,1,1,1,1,2,3,1,1,2,1,1,2,1,1,2,1,1,1,3,1,1,1,2,1,2,1,1,1,2,1,1,3,1,1,2,1,1,2,1,1,1,1,1,1,1,1,2,1,1,1,1,1,1,1,1,4,1,1,1,1,1,1,1,1,1,1,1,1,1,1,3,1,2,1,1,1,3,1,1,2,2,2,1,1,1,1,1,1,1,1,1,1,1,2,1,1,1,2,1,1,1,1,1,1,1,4,1,1,1,2,3,1,1,2,1,1,3,1,1,1,1,2,2,1,2,1,1,1,1,2,1,2,1,1,2,1,1,1,1,1,1,1,2,1,1,1,1,1,2,1,1,1,1,1,1,1,1,1,1,2,2,1,1,1,1,3,1,1,1,1,1,1,4,1,1,2,1,4,1,1,1,2,4,1,3,1,3,1,1,2,1,1,3,1,1,1,1,2,2,2,3,2,2,2,4,1,3,1,2,1,2,1,2,1,1,1,2,1,1,1,1,1,1,1,1,1,1,1,1,3,1,1,1,1,1,1,1,1,1,1,1,1,2,1,1,4,1,1,1,1,1,1,2,1,1,2,1,1,2,1,1,1,2,1,4,1,1,1,1,2,1,2,1,1,1,1,2,1,1,1,2,4,1,2,1,2,1,1,1,2,4,1,1,1,3,1,1,1,1,1,3,1,1,1,3,1,1,3,1,1,1,2,1,1,1,1,3,2,1,3,1,1,1,1,4,5,5,5,4,2,1,1,1,2,1,1,1,4,1,1,4,4,4,4,4,1,1,2,1,2,1,2,2,2,1,1,1,1,1,2,1,1,1,1,1,1,2,2,2,1,1,1,1,1,1,1,1,1,1,1,1,1,1,1,1,1,1,1,1,1,1,1,1,1,1,1,1,1,1,1,1,1,1,1",4,185,679,650.033,2868,0,14.0526,63.3978,2189,8942000000,0,3499,1,SOLVED,3758,3759.48,79377fecc96eccd353ee890b92b4674cf4a0514f4efb79566cb4f07ed8be04a0,3.861,ok,
brap_h20w20_a40_e10_B_seed1_pool,g20x20,carrier_brd,1,4059,14504.0,14504000000,1917,7608,3834,1600,0.0945,5768,4059,14504,14504000000,4059,14504,14504000000,0,0,0,0,0,0,0,0,NOT_ATTEMPTED,115,0,0,0,-1,-1,-1,-1,-1,0,0,0,0,0,0,0,0,0,0,0,0,0,,,,,,,,,,,,,0,0,0,0,0,0,0,0,0,0,0,0,0,0,0,0,0,0,0,BOTTLENECK_TARGET_FRONTIER_CONTINUITY_V2,0,0,0,0,0,0,0,0,0,0,0,0,0,0,0,0,0,4.67217,0,0,0,0,0,0,2425.53,965.918,583,1354,407,1917,107502,1306.76,1720032,1145,1145,448217,TASKBR_VACANCY_V1,48.799,407,1917,10,772,1145,1376,76.3864,1.90187,0,10,0,3458,3458,0,1376,1376,"1,1,1,1,2,1,1,1,1,3,1,1,1,1,1,1,1,1,1,1,1,1,1,2,1,1,1,1,2,1,1,1,1,1,4,1,1,1,3,3,1,1,1,1,2,4,1,1,1,1,1,1,2,1,1,1,1,1,1,1,1,1,2,1,2,2,1,1,1,1,1,1,1,1,1,1,1,1,3,1,1,1,1,1,1,1,1,1,1,1,1,1,1,1,1,2,2,1,1,1,1,1,2,1,1,1,1,1,1,1,1,2,1,2,1,1,1,1,1,3,1,1,1,1,1,1,1,2,1,2,1,1,2,1,2,1,1,1,2,1,1,2,1,1,2,1,1,1,1,1,1,2,1,1,2,1,1,2,1,1,1,1,1,1,1,1,1,1,2,1,1,3,1,1,1,1,1,3,1,2,1,1,1,1,2,1,2,1,1,1,1,1,1,2,1,1,1,1,1,1,1,1,1,1,1,2,1,2,1,1,1,1,2,1,2,2,1,1,1,2,1,1,1,1,1,1,1,1,1,2,1,1,1,2,1,1,1,1,1,1,1,1,1,1,1,1,2,1,1,1,1,1,1,2,2,1,1,1,1,1,1,3,1,1,1,1,1,1,1,2,1,2,1,1,1,1,2,1,1,1,2,1,1,3,1,1,1,1,1,1,1,2,1,1,1,2,1,3,1,4,1,2,1,2,1,1,1,1,1,2,1,1,2,1,1,2,2,1,1,2,1,1,1,1,3,1,1,2,1,2,1,1,1,3,1,1,3,1,1,1,1,1,1,1,1,3,2,1,1,1,2,1,1,1,1,1,1,1,1,1,1,1,2,1,2,1,1,2,1,1,2,1,1,1,1,2,1,3,1,1,1,1,1,1,1,2,2,1,1,1,1,2,1,1,1,1,1,1,3,1,1,2,1,1,1,1,2,1,1,1,1,1,1,1,2,1,1,1,1,1,1,1,1,1,1,1,1,3,1,1,1,1,1,1,2,1,1,1,1,1,2,1,1,1,1,1,1,1,1,1,1,1,2,1,1,1,1,3,2,1,1,1,1,1,1,1,1,2,1,2,1,2,1,1,1,1,2,1,1,2,1,2,3,1,1,1,1,2,1,1,1,2,1,1,1,1,1,2,1,1,1,1,2,1,1,1,2,1,1,1,1,1,1,1,1,1,1,2,2,1,1,1,1,1,2,1,1,1,1,1,1,1,2,1,2,1,1,1,1,3,1,1,2,1,2,1,1,3,1,1,1,1,1,1,3,1,1,1,1,3,1,2,1,3,1,1,1,1,1,2,1,1,2,1,1,3,1,3,2,1,1,3,1,1,3,1,1,1,1,2,1,1,1,1,1,4,1,1,5,1,3,1,2,1,1,1,1,2,1,3,1,1,1,4,1,1,2,1,1,1,3,1,1,1,3,1,1,1,1,2,2,1,1,3,1,1,1,1,1,1,1,1,1,1,1,1,3,1,5,1,3,1,3,1,4,1,3,3,1,1,3,1,1,1,4,5,2,3,1,2,2,2,1,4,1,3,4,2,3,1,2,1,2,1,3,1,2,1,3,1,3,2,1,3,1,1,2,1,1,2,1,1,3,2,2,2,1,1,1,1,1,1,2,1,1,2,1,1,3,2,2,2,1,1,1,2,1,2,1,1,2,1,1,3,2,2,2,1,1,1,1,1,1,2,2,2,1,1,3,2,2,2,1,1,2,1,1,3,1,2,1,4,2,2,2,1,1,3,2,2,1,1,2,1,2,1,2,3,2,2,1,2,2,1,1,1,2,1,2,1,3,1,2,1,1,1,1,1,1,1,1,1,1,2,1,1,3,2,1,3,1,2,1,1,1,1,2,3,1,1,1,1,1,2,2,1,3,1,2,1,1,1,1,2,3,1,1,1,1,3,2,1,3,1,2,1,1,1,1,2,3,1,1,1,1,1,2,2,1,3,1,1,3,1,2,1,1,1,1,1,1,2,1,2,2,1,1,1,1,1,1,2,1,1,2,1,1,1,1,1,1,2,1,1,1,1,2,1,1,1,1,1,2,1,1,2,1,1,1,1,1,1,1,2,1,1,1,2,1,1,1,1,1,2,1,1,2,1,1,1,1,1,1,1,2,1,1,1,2,3,1,1,2,1,1,2,1,1,2,1,1,3,1,1,1,2,1,1,1,1,1,1,1,1,1,2,1,1,1,2,1,1,2,1,1,1,2,3,1,2,1,1,1,1,2,1,1,1,2,1,2,2,2,1,3,1,2,1,1,1,2,1,1,1,2,1,1,2,1,1,1,2,3,1,2,1,1,1,2,1,1,1,3,1,2,1,1,3,2,1,1,3,1,1,2,1,1,2,1,1,1,2,3,1,1,1,1,3,1,1,2,1,1,2,2,1,1,2,1,1,2,1,1,2,1,1,2,1,1,2,1,1,2,1,1,1,2,1,1,1,1,2,1,2,3,1,1,1,1,2,1,2,4,1,3,1,2,1,1,1,2,2,2,1,1,1,2,5,3,1,2,1,1,1,2,1,1,2,1,1,1,2,1,3,1,2,1,1,1,1,1,1,1,3,1,2,1,1,3,1,2,1,1,2,1,1,1,1,1,1,3,1,1,2,3,1,3,1,2,1,1,1,1,1,2,1,2,2,4,2,1,1,1,1,2,1,2,2,4,2,1,1,1,1,2,1,2,1,1,1,3,2,2,1,2,2,2,1,1,1,1,2,2,2,1,2,2,2,1,1,1,1,2,2,2,1,2,2,2,1,1,1,1,2,2,2,1,2,2,2,1,1,1,1,2,2,2,1,2,2,2,1,1,1,1,2,2,2,1,2,2,2,1,1,1,1,2,2,2,1,2,2,2,1,1,1,1,2,2,2,1,2,2,2,1,1,1,1,2,2,2,1,2,2,2,1,1,1,1,2,2,2,1,1,3,1,3,1,1,1,1,1,1,1,1,2,1,1,2,1,2,1,1,1,1,1,1,1,1,1,1,2,2,1,1,1,2,1,2,1,1,1,1,3,2,1,1,1,2,1,2,1,1,2,1,1,1,1,1,1,1,1,1,1,1,1,1,1,2,2,1,1,1,1,1,1,2,1,2,1,1,1,1,1,1,1",4,269,1376,1241.05,5435,0,28.2583,118.044,4059,14504000000,0,5298,1,SOLVED,5768,5769.06,273a8d6f944b2f19f0adc29e0356f1c2121470698c341dcc5dc0af647cb85b52,5.898,ok,
brap_h20w20_a40_e10_R1_seed0,g20x20,carrier_brd,1,2149,7768.0,7768000000,906,4347,1812,603,0.0843,1507,2149,7768,7768000000,2149,7768,7768000000,0,0,0,0,0,0,0,0,NOT_ATTEMPTED,76,0,0,0,-1,-1,-1,-1,-1,0,0,0,0,0,0,0,0,0,0,0,0,0,,,,,,,,,,,,,0,0,0,0,0,0,0,0,0,0,0,0,0,0,0,0,0,0,0,BOTTLENECK_TARGET_FRONTIER_CONTINUITY_V2,0,0,0,0,0,0,0,0,0,0,0,0,0,0,0,0,0,2.34702,0,0,0,0,0,0,11.4058,336.352,189,189,188,906,645,25.0627,10320,703,703,99753,TASKBR_VACANCY_V1,22.8378,188,906,10,203,703,615,38.3732,0.998286,0,10,0,1670,1670,0,615,615,"1,1,1,1,1,1,1,1,1,3,1,1,1,1,2,3,1,1,1,1,1,1,2,1,1,4,2,2,2,2,1,2,1,1,3,2,1,1,1,1,4,1,1,1,1,2,2,1,1,1,2,1,1,2,1,1,2,1,1,2,3,1,2,1,1,1,1,1,2,1,1,2,2,1,1,1,1,1,1,1,1,1,1,1,2,1,1,2,1,2,1,3,1,1,1,1,2,1,1,1,1,1,1,1,1,2,2,1,1,2,1,1,1,1,1,1,1,2,1,1,1,1,1,3,1,1,1,1,1,1,1,1,1,2,1,1,2,1,1,2,1,1,1,1,1,2,1,1,2,1,1,1,1,1,1,1,2,3,1,1,1,1,2,1,1,1,1,1,2,1,1,2,1,2,1,1,3,1,2,1,1,1,2,1,1,1,1,1,1,1,1,1,1,1,2,1,1,1,1,1,1,1,1,1,1,1,1,1,1,1,2,1,1,1,1,1,1,1,1,2,2,1,1,2,1,3,1,1,1,1,1,1,1,1,1,2,1,3,1,1,2,1,1,2,1,1,1,2,2,1,1,1,2,2,1,2,1,1,2,1,1,1,1,2,1,1,1,1,1,1,1,2,1,1,1,1,1,1,2,2,1,2,3,1,1,2,2,1,3,2,3,2,1,1,4,1,1,1,1,1,1,2,1,1,1,1,1,2,1,1,2,3,1,1,2,3,1,1,2,3,1,1,1,1,4,1,1,1,3,1,1,1,1,3,1,1,1,1,3,1,1,1,1,2,1,2,1,4,1,1,1,1,3,1,1,1,1,1,4,1,1,1,2,1,1,1,1,4,1,1,4,1,1,2,1,2,5,1,4,1,1,1,2,1,1,1,1,5,3,1,1,2,1,3,1,1,2,1,2,1,1,1,1,1,1,1,1,3,1,1,2,1,2,1,1,1,1,1,2,1,1,1,1,1,2,1,2,1,3,1,1,4,1,1,4,1,1,4,2,1,1,1,1,3,1,1,1,2,1,1,1,5,1,5,1,5,4,1,1,1,2,1,1,1,1,4,2,2,1,4,4,3,1,4,1,1,2,1,2,1,2,4,3,1,5,4,4,5,5,1,3,1,2,1,1,4,3,1,3,1,3,2,3,1,1,3,1,1,1,1,3,1,1,2,1,1,3,1,1,1,2,1,1,2,1,2,1,1,3,1,2,1,2,2,2,2,2,2,2,2,2,2,1,1,2,2,2,2,2,2,2,2,2,2,1,1,1,1,1,1,2,1,1,1,2,1,1,1,2,1,2,2,1,1,2,2,2,2,1,1,1,1,1,1,1,1,1,1,1,1,1,1,1,1,1,1,1,1,1,1,1,1,1,1,1,1,1,1,1,1,1,1,1,1,1",4,156,615,559.342,2764,0,12.4256,63.6761,2149,7768000000,0,1249,1,SOLVED,1507,1508.01,a186ce160569c822253093dd6a7ea35fbc251cf3f53d308037939ef9005c1eba,1.585,ok,
brap_h20w20_a40_e10_R1_seed1,g20x20,carrier_brd,1,2147,8479.0,8479000000,1020,4620,2040,731,0.095,1697,2147,8479,8479000000,2147,8479,8479000000,0,0,0,0,0,0,0,0,NOT_ATTEMPTED,75,0,0,0,-1,-1,-1,-1,-1,0,0,0,0,0,0,0,0,0,0,0,0,0,,,,,,,,,,,,,0,0,0,0,0,0,0,0,0,0,0,0,0,0,0,0,0,0,0,BOTTLENECK_TARGET_FRONTIER_CONTINUITY_V2,0,0,0,0,0,0,0,0,0,0,0,0,0,0,0,0,0,2.51754,0,0,0,0,0,0,9.76648,491.358,180,180,179,1020,548,23.1862,8768,799,799,181285,TASKBR_VACANCY_V1,22.191,179,1020,10,221,799,687,45.2145,1.19366,0,10,0,1933,1933,0,687,687,"1,1,2,1,1,1,1,1,1,1,1,1,2,1,1,1,2,3,1,1,1,1,2,1,1,2,1,1,1,1,1,1,1,1,1,2,1,1,2,1,1,2,1,1,1,1,1,1,1,1,1,1,2,2,1,1,1,1,1,2,1,3,1,1,1,2,1,1,2,1,1,1,1,1,1,1,1,3,1,1,1,1,1,1,1,1,1,1,1,1,1,1,1,3,1,1,1,1,1,1,3,1,2,1,1,2,1,1,1,1,2,3,1,1,2,1,1,3,1,1,1,1,1,1,1,1,1,1,1,1,1,2,2,1,1,1,2,1,1,3,1,2,2,2,1,1,1,1,1,2,1,1,1,2,3,1,1,2,1,1,1,1,1,1,1,2,1,1,1,1,1,1,3,1,1,1,1,2,2,1,2,1,1,1,1,3,1,1,2,1,1,1,1,1,1,1,1,2,1,1,2,1,3,1,1,2,1,1,1,1,1,1,2,1,1,1,1,1,1,2,1,1,1,1,1,1,1,1,1,1,1,1,1,1,1,1,1,1,1,1,2,1,1,1,1,1,1,1,3,1,1,1,1,2,2,1,1,2,1,1,1,2,1,1,1,2,1,1,2,1,1,1,1,1,1,1,2,1,1,1,2,1,1,1,2,1,1,2,1,1,2,1,1,1,1,1,2,3,1,1,1,2,1,4,1,1,2,1,3,1,2,1,1,1,1,3,1,1,1,1,1,2,2,1,3,3,1,1,1,1,2,1,2,1,1,2,1,1,3,1,1,1,1,1,1,2,1,1,1,2,1,1,2,1,1,1,1,2,1,2,2,1,1,1,1,1,3,1,2,1,1,1,3,1,1,1,1,1,2,1,2,1,1,1,1,1,1,1,1,1,1,1,1,1,2,1,1,1,1,1,2,1,1,1,1,1,1,1,1,1,1,1,2,1,1,1,1,1,2,1,1,1,1,2,1,1,1,1,3,1,1,1,1,3,1,1,1,3,1,1,2,1,2,1,1,1,4,2,1,1,3,1,2,1,4,1,1,1,3,2,1,3,1,1,1,1,1,1,1,1,1,2,1,2,1,1,3,1,1,4,1,1,5,1,5,1,2,1,1,1,1,3,1,3,1,1,1,2,4,1,1,4,1,1,2,2,1,3,1,1,1,4,3,1,5,4,1,1,3,1,1,4,4,1,1,3,1,1,2,1,2,1,2,5,1,2,1,1,1,1,1,2,5,4,1,1,5,1,4,1,1,3,1,1,1,4,1,1,1,4,1,1,3,1,1,1,3,2,1,1,4,1,1,1,3,1,1,2,1,1,1,2,1,1,1,4,3,4,4,1,3,2,2,4,1,4,4,1,4,3,1,1,1,3,1,1,1,1,2,2,5,1,5,1,5,5,5,4,1,3,3,1,1,2,1,3,1,4,4,1,3,3,1,1,2,2,1,2,2,2,2,1,1,2,2,2,2,2,3,2,2,2,1,3,3,1,1,1,1,1,1,1,1,1,3,2,1,1,1,1,2,1,1,2,1,1,1,1,1,1,1,1,1,1,1,1,1",4,146,687,588.422,2834,0,14.0423,65.1767,2147,8479000000,0,1440,1,SOLVED,1697,1698.38,82fe76305bab7f3ee23006a2283566c037d681e956aed834463d28bb8972f86e,1.774,ok,
brap_h40w40_a160_e400_R1_seed0,g40x40,carrier_brd,0,,,,,,,,,,,,,,,,,,,,,,,,,,,,,,,,,,,,,,,,,,,,,,,,,,,,,,,,,,,,,,,,,,,,,,,,,,,,,,,,,,,,,,,,,,,,,,,,,,,,,,,167.278,163.538,146,146,145,1872,1594,124.904,102016,965,965,1745,TASKBR_VACANCY_V1,53.0606,145,1872,129,907,965,3,8081.19,3.06008,0,129,0,50,38,0,3,2,"2,2",8,4,2,6.88329,9,0,0.200696,0,7,-1,0,-1,0,DISPATCH_TIMEOUT,,,,8.515,timeout,d_raw_ticks=7 brd_raw_work_scaled=-1 brd_goal_prefix_removed=0 brd_incidental_goal_prefix_ms=-1 brd_raw_plan_valid=0 brd_exit_reason=DISPATCH_TIMEOUT
brap_h40w40_a160_e400_R1_seed1,g40x40,carrier_brd,0,,,,,,,,,,,,,,,,,,,,,,,,,,,,,,,,,,,,,,,,,,,,,,,,,,,,,,,,,,,,,,,,,,,,,,,,,,,,,,,,,,,,,,,,,,,,,,,,,,,,,,,186.655,207.349,169,169,168,2277,2075,153.776,132800,1210,1210,3571,TASKBR_VACANCY_V1,61.3292,168,2277,136,1067,1210,2,8010.48,2.70365,0,136,0,38,20,0,2,1,1,2,0,1,3.646,5,0,0.10498,0,4,-1,0,-1,0,DISPATCH_TIMEOUT,,,,8.515,timeout,d_raw_ticks=4 brd_raw_work_scaled=-1 brd_goal_prefix_removed=0 brd_incidental_goal_prefix_ms=-1 brd_raw_plan_valid=0 brd_exit_reason=DISPATCH_TIMEOUT
brap_h40w40_a160_e40_R1_seed0,g40x40,carrier_brd,0,,,,,,,,,,,,,,,,,,,,,,,,,,,,,,,,,,,,,,,,,,,,,,,,,,,,,,,,,,,,,,,,,,,,,,,,,,,,,,,,,,,,,,,,,,,,,,,,,,,,,,,246.396,8257.15,599,24390,0,0,3581,403.121,229184,0,0,497342,TASKBR_VACANCY_V1,0,0,0,0,0,0,0,0,0,0,0,0,0,0,0,0,0,,0,0,0,0,0,0,0,0,0,-1,0,-1,0,UPPER_TIMEOUT,,,,8.52,timeout, brd_raw_ticks=0 brd_raw_work_scaled=-1 brd_goal_prefix_removed=0 brd_incidental_goal_prefix_ms=-1 brd_raw_plan_valid=0 brd_exit_reason=UPPER_TIMEOUT
brap_h40w40_a160_e40_R1_seed1,g40x40,carrier_brd,0,,,,,,,,,,,,,,,,,,,,,,,,,,,,,,,,,,,,,,,,,,,,,,,,,,,,,,,,,,,,,,,,,,,,,,,,,,,,,,,,,,,,,,,,,,,,,,,,,,,,,,,268.829,3408.4,539,539,538,5918,4032,405.355,258048,4642,4642,903626,TASKBR_VACANCY_V1,258.71,538,5918,39,1276,4642,827,1526.83,30.5717,0,39,0,8152,8152,0,827,827,"1,3,3,1,1,1,1,3,1,1,3,1,1,3,1,2,2,2,2,1,1,1,2,1,11,2,1,2,1,2,1,1,1,2,3,1,4,1,2,2,13,1,3,1,2,1,2,1,3,1,3,4,1,1,1,1,10,2,1,1,3,4,1,1,1,2,4,4,1,1,1,1,9,1,1,1,1,1,2,2,2,2,1,2,3,1,3,2,1,1,1,1,1,11,1,1,1,2,3,3,1,2,1,2,1,1,1,1,3,1,1,1,10,1,1,4,1,2,1,2,3,1,1,1,4,4,1,7,2,3,1,1,2,2,4,3,1,2,1,2,2,2,1,1,2,9,1,1,1,1,4,2,1,1,4,2,2,2,1,2,2,1,7,2,3,3,1,4,1,2,1,2,1,5,1,2,1,1,1,1,11,1,4,2,2,2,1,1,1,2,1,3,1,2,1,1,11,2,1,2,1,2,1,2,1,1,2,1,1,1,2,1,1,2,1,2,2,1,8,1,2,1,3,4,1,1,2,2,2,3,3,1,11,1,1,1,2,1,2,4,1,2,2,3,1,1,1,2,1,10,1,3,3,1,1,1,1,1,1,6,1,3,1,2,1,1,10,1,2,1,2,4,2,2,2,1,1,1,1,1,2,2,2,1,8,4,2,2,1,1,1,1,1,3,2,1,2,3,2,1,12,1,1,2,2,2,1,3,4,2,1,1,1,1,1,1,1,2,1,8,1,1,1,5,1,4,3,1,2,2,1,3,9,1,3,3,1,1,2,2,1,2,2,1,1,2,3,1,1,1,1,9,1,3,2,1,1,4,1,1,1,2,2,1,2,2,1,1,2,1,1,9,1,3,1,1,1,3,2,2,4,2,1,2,1,2,14,1,1,2,2,2,4,1,1,1,2,1,2,1,1,9,1,1,2,2,1,1,3,3,1,1,1,1,3,2,3,1,10,1,1,1,3,4,1,1,2,1,4,1,1,2,1,3,9,1,3,4,1,1,1,1,1,2,3,4,1,7,1,2,1,4,4,2,2,1,2,2,1,1,1,1,2,3,7,1,1,1,4,4,1,3,3,1,1,2,1,1,10,2,3,2,1,4,1,1,1,2,1,1,3,11,4,1,3,3,1,1,2,2,2,2,1,1,10,2,1,1,2,1,1,3,1,4,2,1,1,1,9,1,4,1,2,1,4,2,1,3,1,1,1,10,1,2,1,4,3,1,2,4,2,12,1,1,2,1,4,2,1,2,1,3,3,1,13,1,1,3,2,3,1,2,2,2,1,1,1,1,14,1,1,1,2,2,4,1,1,1,1,1,2,10,2,1,1,4,1,4,1,1,2,2,1,10,2,1,2,1,2,1,4,1,3,1,1,1,1,1,13,1,1,3,1,2,2,2,2,1,1,1,1,1,10,1,3,1,2,3,1,2,1,2,1,2,1,1,11,1,1,1,3,1,2,1,2,1,1,1,1,12,1,1,2,1,2,2,2,1,1,2,1,1,1,10,2,3,2,1,2,1,3,3,1,2,11,1,1,1,1,4,2,1,1,3,1,1,1,2,9,2,2,1,1,1,1,3,1,2,1,1,1,13,2,2,1,2,1,6,1,1,1,1,2,10,5,1,1,1,1,2,2,2,2,1,1,9,1,1,1,2,2,2,2,3,1,1,1,1,11,3,1,1,2,1,1,2,2,1,1,1,2,1,12,2,2,1,2,2,2,1,15,1,2,1,2,3,1,2,1,10,1,1,2,2,3,4,1,1,2,1,1,11,1,1,2,1,1,3,2,1,3,1,10,3,2,1,3,1,2,1,1,1,15,1,1,1,1,1,1,3,2,15,2,1,1,1,1,2,1,2,16,1,2,1,3,1,1",15,710,827,2103.97,2135,0,65.2595,0,1308,-1,0,-1,0,SEARCH_TIMEOUT,,,,8.519,timeout,_raw_ticks=1308 brd_raw_work_scaled=-1 brd_goal_prefix_removed=0 brd_incidental_goal_prefix_ms=-1 brd_raw_plan_valid=0 brd_exit_reason=SEARCH_TIMEOUT
brap_h40w40_a80_e400_B_seed0_pool,g40x40,carrier_brd,0,,,,,,,,,,,,,,,,,,,,,,,,,,,,,,,,,,,,,,,,,,,,,,,,,,,,,,,,,,,,,,,,,,,,,,,,,,,,,,,,,,,,,,,,,,,,,,,,,,,,,,,8501.16,0,0,0,0,0,182867,7717.82,11703424,0,0,28851,TASKBR_VACANCY_V1,0,0,0,0,0,0,0,0,0,0,0,0,0,0,0,0,0,,0,0,0,0,0,0,0,0,0,-1,0,-1,0,SEARCH_TIMEOUT,,,,8.513,timeout,brd_raw_ticks=0 brd_raw_work_scaled=-1 brd_goal_prefix_removed=0 brd_incidental_goal_prefix_ms=-1 brd_raw_plan_valid=0 brd_exit_reason=SEARCH_TIMEOUT
brap_h40w40_a80_e400_B_seed1_pool,g40x40,carrier_brd,0,,,,,,,,,,,,,,,,,,,,,,,,,,,,,,,,,,,,,,,,,,,,,,,,,,,,,,,,,,,,,,,,,,,,,,,,,,,,,,,,,,,,,,,,,,,,,,,,,,,,,,,8501.16,0,0,0,0,0,181023,7725.01,11585408,0,0,22356,TASKBR_VACANCY_V1,0,0,0,0,0,0,0,0,0,0,0,0,0,0,0,0,0,,0,0,0,0,0,0,0,0,0,-1,0,-1,0,SEARCH_TIMEOUT,,,,8.513,timeout,brd_raw_ticks=0 brd_raw_work_scaled=-1 brd_goal_prefix_removed=0 brd_incidental_goal_prefix_ms=-1 brd_raw_plan_valid=0 brd_exit_reason=SEARCH_TIMEOUT
brap_h40w40_a80_e40_B_seed0_pool,g40x40,carrier_brd,0,,,,,,,,,,,,,,,,,,,,,,,,,,,,,,,,,,,,,,,,,,,,,,,,,,,,,,,,,,,,,,,,,,,,,,,,,,,,,,,,,,,,,,,,,,,,,,,,,,,,,,,8501.12,0,0,0,0,0,168968,7575.68,10814129,0,0,145449,TASKBR_VACANCY_V1,0,0,0,0,0,0,0,0,0,0,0,0,0,0,0,0,0,,0,0,0,0,0,0,0,0,0,-1,0,-1,0,SEARCH_TIMEOUT,,,,8.515,timeout,brd_raw_ticks=0 brd_raw_work_scaled=-1 brd_goal_prefix_removed=0 brd_incidental_goal_prefix_ms=-1 brd_raw_plan_valid=0 brd_exit_reason=SEARCH_TIMEOUT
brap_h40w40_a80_e40_B_seed1_pool,g40x40,carrier_brd,0,,,,,,,,,,,,,,,,,,,,,,,,,,,,,,,,,,,,,,,,,,,,,,,,,,,,,,,,,,,,,,,,,,,,,,,,,,,,,,,,,,,,,,,,,,,,,,,,,,,,,,,8501.13,0,0,0,0,0,166201,7588.7,10637708,0,0,154753,TASKBR_VACANCY_V1,0,0,0,0,0,0,0,0,0,0,0,0,0,0,0,0,0,,0,0,0,0,0,0,0,0,0,-1,0,-1,0,SEARCH_TIMEOUT,,,,8.516,timeout,brd_raw_ticks=0 brd_raw_work_scaled=-1 brd_goal_prefix_removed=0 brd_incidental_goal_prefix_ms=-1 brd_raw_plan_valid=0 brd_exit_reason=SEARCH_TIMEOUT
brap_h4w10_a5_e10_B_seed0_pool,g4x10,carrier_brd,1,27,38.0,38000000,5,21,10,0,0.0926,2,27,38,38000000,27,38,38000000,0,0,0,0,0,0,0,0,NOT_ATTEMPTED,0,0,0,0,-1,-1,-1,-1,-1,0,0,0,0,0,0,0,0,0,0,0,0,0,,,,,,,,,,,,,0,0,0,0,0,0,0,0,0,0,0,0,0,0,0,0,0,0,0,BOTTLENECK_TARGET_FRONTIER_CONTINUITY_V2,0,0,0,0,0,0,0,0,0,0,0,0,0,0,0,0,0,0.011844,0,0,0,0,0,0,1.35004,0.38693,4,4,3,5,121,0.257323,484,2,2,110,TASKBR_VACANCY_V1,0.042351,3,5,3,3,2,4,0.055783,0.001649,0,3,0,5,5,0,4,4,"2,1,1,1",0,0,4,0.615178,31,0,0.019927,0.057414,27,38000000,0,2,1,SOLVED,2,2.94774,e38cf9712a3f9cc854a17c9ac85ae519dbf25040ab12920e65064c956ed9e35a,0.011,ok,
brap_h4w10_a5_e10_B_seed1_pool,g4x10,carrier_brd,1,42,56.0,56000000,10,21,20,3,0.119,3,42,56,56000000,42,56,56000000,0,0,0,0,0,0,0,0,NOT_ATTEMPTED,0,0,0,0,-1,-1,-1,-1,-1,0,0,0,0,0,0,0,0,0,0,0,0,0,,,,,,,,,,,,,0,0,0,0,0,0,0,0,0,0,0,0,0,0,0,0,0,0,0,BOTTLENECK_TARGET_FRONTIER_CONTINUITY_V2,0,0,0,0,0,0,0,0,0,0,0,0,0,0,0,0,0,0.013948,0,0,0,0,0,0,1.50873,0.482507,9,9,8,10,136,0.315077,544,5,5,95,TASKBR_VACANCY_V1,0.097026,8,10,2,5,5,10,0.067654,0.002351,0,2,0,10,10,0,10,10,"1,1,1,1,1,1,1,1,1,1",1,0,10,0.980993,52,0,0.026607,0.10627,42,56000000,0,3,1,SOLVED,3,3.96818,017cf06acccb2f59af1b7930a608be28a7a0b5d33a498e87c54dc107e971ee10,0.012,ok,
brap_h4w10_a5_e10_R1_seed0,g4x10,carrier_brd,1,214,362.0,362000000,64,140,128,43,0.1495,14,214,362,362000000,214,362,362000000,0,0,0,0,0,0,0,0,NOT_ATTEMPTED,0,0,0,0,-1,-1,-1,-1,-1,0,0,0,0,0,0,0,0,0,0,0,0,0,,,,,,,,,,,,,0,0,0,0,0,0,0,0,0,0,0,0,0,0,0,0,0,0,0,BOTTLENECK_TARGET_FRONTIER_CONTINUITY_V2,0,0,0,0,0,0,0,0,0,0,0,0,0,0,0,0,0,0.074954,0,0,0,0,0,0,0.208765,4.0999,33,33,32,64,72,0.321413,288,30,30,200,TASKBR_VACANCY_V1,0.423125,32,64,4,34,30,54,0.542386,0.019891,0,4,0,69,69,0,54,54,"1,1,1,1,1,1,1,1,1,1,2,2,1,1,2,1,1,1,1,2,1,1,1,1,1,1,2,1,2,1,1,1,1,2,2,2,2,1,1,1,1,1,1,1,1,1,1,1,1,1,1,1,1,1",1,2,54,4.85262,268,0,0.139411,0.494628,214,362000000,0,12,1,SOLVED,14,14.2788,e9b766a85b99287d808085584bb09ae86fbed47d538b467b5750696ee0a2a9b1,0.022,ok,
brap_h4w10_a5_e10_R1_seed1,g4x10,carrier_brd,1,59,102.0,102000000,19,37,38,8,0.161,3,59,102,102000000,59,102,102000000,0,0,0,0,0,0,0,0,NOT_ATTEMPTED,0,0,0,0,-1,-1,-1,-1,-1,0,0,0,0,0,0,0,0,0,0,0,0,0,,,,,,,,,,,,,0,0,0,0,0,0,0,0,0,0,0,0,0,0,0,0,0,0,0,BOTTLENECK_TARGET_FRONTIER_CONTINUITY_V2,0,0,0,0,0,0,0,0,0,0,0,0,0,0,0,0,0,0.02204,0,0,0,0,0,0,0.129257,0.730826,12,12,11,19,28,0.116392,112,8,8,39,TASKBR_VACANCY_V1,0.143401,11,19,3,11,8,12,0.122286,0.004546,0,3,0,19,19,0,12,12,"2,1,2,2,2,2,2,2,1,1,1,1",0,0,12,1.37877,71,0,0.033761,0.135236,59,102000000,0,3,1,SOLVED,3,3.6252,59b0f259a670bdbe551082237e05478bbbd0f98ebc88ce387ac63019ab11ed01,0.011,ok,
brap_h4w10_a5_e1_B_seed0_pool,g4x10,carrier_brd,1,38,43.0,43000000,7,17,14,0,0.0921,4,38,43,43000000,38,43,43000000,0,0,0,0,0,0,0,0,NOT_ATTEMPTED,0,0,0,0,-1,-1,-1,-1,-1,0,0,0,0,0,0,0,0,0,0,0,0,0,,,,,,,,,,,,,0,0,0,0,0,0,0,0,0,0,0,0,0,0,0,0,0,0,0,BOTTLENECK_TARGET_FRONTIER_CONTINUITY_V2,0,0,0,0,0,0,0,0,0,0,0,0,0,0,0,0,0,0.011634,0,0,0,0,0,0,1.42689,1.25413,8,8,7,7,27,0.074827,108,5,5,1203,TASKBR_VACANCY_V1,0.102255,7,7,1,2,5,7,0.054147,0.001619,0,1,0,7,7,0,7,7,"1,1,1,1,1,1,1",0,0,7,0.921077,45,0,0.032637,0.091537,38,43000000,0,4,1,SOLVED,4,4.56023,6da11df9e439cbeb37cbe7d911a34b4466f702c200e2113e7b3341528784c607,0.012,ok,
brap_h4w10_a5_e1_B_seed1_pool,g4x10,carrier_brd,1,31,36.0,36000000,6,13,12,0,0.0968,3,31,36,36000000,31,36,36000000,0,0,0,0,0,0,0,0,NOT_ATTEMPTED,0,0,0,0,-1,-1,-1,-1,-1,0,0,0,0,0,0,0,0,0,0,0,0,0,,,,,,,,,,,,,0,0,0,0,0,0,0,0,0,0,0,0,0,0,0,0,0,0,0,BOTTLENECK_TARGET_FRONTIER_CONTINUITY_V2,0,0,0,0,0,0,0,0,0,0,0,0,0,0,0,0,0,0.009946,0,0,0,0,0,0,1.63759,0.753079,7,7,6,6,39,0.093336,156,5,5,899,TASKBR_VACANCY_V1,0.100351,6,6,1,1,5,6,0.045638,0.001418,0,1,0,6,6,0,6,6,"1,1,1,1,1,1",0,0,6,0.766009,37,0,0.019147,0.078485,31,36000000,0,3,1,SOLVED,3,3.95008,ff6e6dbb8660719d7aacb1a22b853bfe6296702334501778c73325f111b82d1f,0.011,ok,
brap_h4w10_a5_e1_R1_seed0,g4x10,carrier_brd,1,383,436.0,436000000,79,146,158,52,0.1031,131,383,436,436000000,383,436,436000000,0,0,0,0,0,0,0,0,NOT_ATTEMPTED,0,0,0,0,-1,-1,-1,-1,-1,0,0,0,0,0,0,0,0,0,0,0,0,0,,,,,,,,,,,,,0,0,0,0,0,0,0,0,0,0,0,0,0,0,0,0,0,0,0,BOTTLENECK_TARGET_FRONTIER_CONTINUITY_V2,0,0,0,0,0,0,0,0,0,0,0,0,0,0,0,0,0,0.103808,0,0,0,0,0,0,0.285648,114.219,115,766,79,79,138,0.836747,552,53,53,106430,TASKBR_VACANCY_V1,1.08994,79,79,1,26,53,79,0.422233,0.014717,0,1,0,79,79,0,79,79,"1,1,1,1,1,1,1,1,1,1,1,1,1,1,1,1,1,1,1,1,1,1,1,1,1,1,1,1,1,1,1,1,1,1,1,1,1,1,1,1,1,1,1,1,1,1,1,1,1,1,1,1,1,1,1,1,1,1,1,1,1,1,1,1,1,1,1,1,1,1,1,1,1,1,1,1,1,1,1",0,0,79,8.0065,462,0,0.18395,0.888957,383,436000000,0,127,1,SOLVED,131,131.518,e5c34cf3b218b8e94aa752029430ac4d9180be9b9e1dcd8c942ee21222f30191,0.141,ok,
brap_h4w10_a5_e1_R1_seed1,g4x10,carrier_brd,1,194,225.0,225000000,39,77,78,13,0.1005,73,194,225,225000000,194,225,225000000,0,0,0,0,0,0,0,0,NOT_ATTEMPTED,0,0,0,0,-1,-1,-1,-1,-1,0,0,0,0,0,0,0,0,0,0,0,0,0,,,,,,,,,,,,,0,0,0,0,0,0,0,0,0,0,0,0,0,0,0,0,0,0,0,BOTTLENECK_TARGET_FRONTIER_CONTINUITY_V2,0,0,0,0,0,0,0,0,0,0,0,0,0,0,0,0,0,0.053335,0,0,0,0,0,0,0.167376,64.4735,40,40,39,39,57,0.300727,228,31,31,65154,TASKBR_VACANCY_V1,0.504727,39,39,1,8,31,39,0.22924,0.007614,0,1,0,39,39,0,39,39,"1,1,1,1,1,1,1,1,1,1,1,1,1,1,1,1,1,1,1,1,1,1,1,1,1,1,1,1,1,1,1,1,1,1,1,1,1,1,1",0,0,39,4.11501,233,0,0.095337,0.525148,194,225000000,0,71,1,SOLVED,73,73.3927,70f27c60afdfb53b3ca279fb77f2125724835c0fccc67f5ee21db74bbedd9d7a,0.082,ok,
brap_h6w10_a6_e15_B_seed0_pool,g6x10,carrier_brd,1,106,169.0,169000000,26,81,52,11,0.1226,11,106,169,169000000,106,169,169000000,0,0,0,0,0,0,0,0,NOT_ATTEMPTED,2,0,0,0,-1,-1,-1,-1,-1,0,0,0,0,0,0,0,0,0,0,0,0,0,,,,,,,,,,,,,0,0,0,0,0,0,0,0,0,0,0,0,0,0,0,0,0,0,0,BOTTLENECK_TARGET_FRONTIER_CONTINUITY_V2,0,0,0,0,0,0,0,0,0,0,0,0,0,0,0,0,0,0.042217,0,0,0,0,0,0,3.18163,1.82936,12,12,11,26,246,0.802527,984,10,10,205,TASKBR_VACANCY_V1,0.208153,11,26,5,16,10,24,0.331338,0.011685,0,5,0,33,33,0,24,24,"1,1,1,1,1,1,1,1,1,2,1,1,1,1,1,1,1,1,1,1,2,1,1,1",1,2,24,3.74951,130,0,0.098292,0.309959,106,169000000,0,10,1,SOLVED,11,11.9305,d98e4f494397a68e7b552995c9bc6e2f31e9ac318b47d1c8b3df08c67f86be53,0.02,ok,
brap_h6w10_a6_e15_B_seed1_pool,g6x10,carrier_brd,1,61,87.0,87000000,14,38,28,6,0.1148,7,61,87,87000000,61,87,87000000,0,0,0,0,0,0,0,0,NOT_ATTEMPTED,0,0,0,0,-1,-1,-1,-1,-1,0,0,0,0,0,0,0,0,0,0,0,0,0,,,,,,,,,,,,,0,0,0,0,0,0,0,0,0,0,0,0,0,0,0,0,0,0,0,BOTTLENECK_TARGET_FRONTIER_CONTINUITY_V2,0,0,0,0,0,0,0,0,0,0,0,0,0,0,0,0,0,0.021618,0,0,0,0,0,0,2.68883,0.990584,9,9,8,14,216,0.685019,864,7,7,214,TASKBR_VACANCY_V1,0.142364,8,14,3,7,7,14,0.148675,0.005269,0,3,0,17,17,0,14,14,"1,1,1,1,1,1,1,1,1,1,1,1,1,1",1,0,14,2.10667,75,0,0.066785,0.176479,61,87000000,0,6,1,SOLVED,7,7.64834,3894e284cbfcbc67992054999a22ec2966120ea58efa505e406e310389f61764,0.015,ok,
brap_h6w10_a6_e15_R1_seed0,g6x10,carrier_brd,1,105,181.0,181000000,29,79,58,10,0.1381,8,105,181,181000000,105,181,181000000,0,0,0,0,0,0,0,0,NOT_ATTEMPTED,1,0,0,0,-1,-1,-1,-1,-1,0,0,0,0,0,0,0,0,0,0,0,0,0,,,,,,,,,,,,,0,0,0,0,0,0,0,0,0,0,0,0,0,0,0,0,0,0,0,BOTTLENECK_TARGET_FRONTIER_CONTINUITY_V2,0,0,0,0,0,0,0,0,0,0,0,0,0,0,0,0,0,0.04446,0,0,0,0,0,0,0.194535,1.60459,14,14,13,29,40,0.235976,160,15,15,89,TASKBR_VACANCY_V1,0.294318,13,29,4,14,15,28,0.299555,0.010521,0,4,0,34,34,0,28,28,"1,1,1,1,1,1,1,1,1,1,1,1,1,1,1,1,1,1,1,1,1,1,1,1,1,2,1,1",1,1,28,3.859,133,0,0.120751,0.310178,105,181000000,0,7,1,SOLVED,8,8.88923,ae834c38d52d0fb074389c116c611ba5fc56548a9f07641a7acfc459193c4894,0.016,ok,
brap_h6w10_a6_e15_R1_seed1,g6x10,carrier_brd,1,257,377.0,377000000,60,161,120,33,0.1167,20,257,377,377000000,257,377,377000000,0,0,0,0,0,0,0,0,NOT_ATTEMPTED,1,0,0,0,-1,-1,-1,-1,-1,0,0,0,0,0,0,0,0,0,0,0,0,0,,,,,,,,,,,,,0,0,0,0,0,0,0,0,0,0,0,0,0,0,0,0,0,0,0,BOTTLENECK_TARGET_FRONTIER_CONTINUITY_V2,0,0,0,0,0,0,0,0,0,0,0,0,0,0,0,0,0,0.088564,0,0,0,0,0,0,0.302723,3.5948,42,42,41,60,84,0.55903,336,36,36,93,TASKBR_VACANCY_V1,0.710307,41,60,4,24,36,57,0.559926,0.01849,0,4,0,66,66,0,57,57,"1,1,2,1,1,1,1,2,1,1,1,1,1,1,1,1,1,1,1,1,1,1,1,1,1,1,1,1,1,1,1,1,1,1,1,1,1,1,1,1,1,1,1,1,1,1,1,1,1,1,1,2,1,1,1,1,1",1,1,57,8.56222,314,0,0.24161,0.75742,257,377000000,0,17,1,SOLVED,20,20.1545,fb9c6c1ca865782b1ed182cb0dd974a5b483aedb7b93c3e87ac112a409cfdb60,0.029,ok,
brap_h6w10_a6_e1_B_seed0_pool,g6x10,carrier_brd,0,,,,,,,,,,,,,,,,,,,,,,,,,,,,,,,,,,,,,,,,,,,,,,,,,,,,,,,,,,,,,,,,,,,,,,,,,,,,,,,,,,,,,,,,,,,,,,,,,,,,,,,3.85036,8498.82,1150,4076,0,0,1203,14.2672,4812,0,0,8234237,TASKBR_VACANCY_V1,0,0,0,0,0,0,0,0,0,0,0,0,0,0,0,0,0,,0,0,0,0,0,0,0,0,0,-1,0,-1,0,UPPER_TIMEOUT,,,,8.508,timeout, brd_raw_ticks=0 brd_raw_work_scaled=-1 brd_goal_prefix_removed=0 brd_incidental_goal_prefix_ms=-1 brd_raw_plan_valid=0 brd_exit_reason=UPPER_TIMEOUT
brap_h6w10_a6_e1_B_seed1_pool,g6x10,carrier_brd,1,289,327.0,327000000,60,109,120,41,0.1038,517,289,327,327000000,289,327,327000000,0,0,0,0,0,0,0,0,NOT_ATTEMPTED,0,0,0,0,-1,-1,-1,-1,-1,0,0,0,0,0,0,0,0,0,0,0,0,0,,,,,,,,,,,,,0,0,0,0,0,0,0,0,0,0,0,0,0,0,0,0,0,0,0,BOTTLENECK_TARGET_FRONTIER_CONTINUITY_V2,0,0,0,0,0,0,0,0,0,0,0,0,0,0,0,0,0,0.084023,0,0,0,0,0,0,4.27773,492.846,168,870,60,60,223,1.96927,892,38,38,515508,TASKBR_VACANCY_V1,1.11761,60,60,1,22,38,60,0.389538,0.012605,0,1,0,60,60,0,60,60,"1,1,1,1,1,1,1,1,1,1,1,1,1,1,1,1,1,1,1,1,1,1,1,1,1,1,1,1,1,1,1,1,1,1,1,1,1,1,1,1,1,1,1,1,1,1,1,1,1,1,1,1,1,1,1,1,1,1,1,1",0,0,60,9.95524,349,0,0.225904,0.998671,289,327000000,0,512,1,SOLVED,517,517.298,18309fe82943a4196c2fee3340e3a716a45d4f077ff041aae4efa70012d9048e,0.526,ok,
brap_h6w10_a6_e1_R1_seed0,g6x10,carrier_brd,1,616,711.0,711000000,126,238,252,82,0.1023,723,616,711,711000000,616,711,711000000,0,0,0,0,0,0,0,0,NOT_ATTEMPTED,0,0,0,0,-1,-1,-1,-1,-1,0,0,0,0,0,0,0,0,0,0,0,0,0,,,,,,,,,,,,,0,0,0,0,0,0,0,0,0,0,0,0,0,0,0,0,0,0,0,BOTTLENECK_TARGET_FRONTIER_CONTINUITY_V2,0,0,0,0,0,0,0,0,0,0,0,0,0,0,0,0,0,0.172698,0,0,0,0,0,0,0.32448,682.001,203,406,126,126,243,2.40384,972,95,95,603560,TASKBR_VACANCY_V1,2.57619,126,126,1,31,95,126,0.778698,0.024687,0,1,0,126,126,0,126,126,"1,1,1,1,1,1,1,1,1,1,1,1,1,1,1,1,1,1,1,1,1,1,1,1,1,1,1,1,1,1,1,1,1,1,1,1,1,1,1,1,1,1,1,1,1,1,1,1,1,1,1,1,1,1,1,1,1,1,1,1,1,1,1,1,1,1,1,1,1,1,1,1,1,1,1,1,1,1,1,1,1,1,1,1,1,1,1,1,1,1,1,1,1,1,1,1,1,1,1,1,1,1,1,1,1,1,1,1,1,1,1,1,1,1,1,1,1,1,1,1,1,1,1,1,1,1",0,0,126,20.2573,742,0,0.462944,2.0656,616,711000000,0,715,1,SOLVED,723,723.665,1b0e7a9f7560e964dcdf051149009f80ba428077026dcc35a0af4c4d950c2890,0.734,ok,
brap_h6w10_a6_e1_R1_seed1,g6x10,carrier_brd,0,,,,,,,,,,,,,,,,,,,,,,,,,,,,,,,,,,,,,,,,,,,,,,,,,,,,,,,,,,,,,,,,,,,,,,,,,,,,,,,,,,,,,,,,,,,,,,,,,,,,,,,0.349964,8506.66,2955,33688,0,0,2990,34.2469,11960,0,0,6844277,TASKBR_VACANCY_V1,0,0,0,0,0,0,0,0,0,0,0,0,0,0,0,0,0,,0,0,0,0,0,0,0,0,0,-1,0,-1,0,UPPER_TIMEOUT,,,,8.513,timeout, brd_raw_ticks=0 brd_raw_work_scaled=-1 brd_goal_prefix_removed=0 brd_incidental_goal_prefix_ms=-1 brd_raw_plan_valid=0 brd_exit_reason=UPPER_TIMEOUT
brap_h80w80_a128_e1600_B_seed0_pool,g80x80,carrier_brd,0,,,,,,,,,,,,,,,,,,,,,,,,,,,,,,,,,,,,,,,,,,,,,,,,,,,,,,,,,,,,,,,,,,,,,,,,,,,,,,,,,,,,,,,,,,,,,,,,,,,,,,,8501.52,0,0,0,0,0,25142,7774.47,6441820,0,0,2496,TASKBR_VACANCY_V1,0,0,0,0,0,0,0,0,0,0,0,0,0,0,0,0,0,,0,0,0,0,0,0,0,0,0,-1,0,-1,0,SEARCH_TIMEOUT,,,,8.532,timeout,brd_raw_ticks=0 brd_raw_work_scaled=-1 brd_goal_prefix_removed=0 brd_incidental_goal_prefix_ms=-1 brd_raw_plan_valid=0 brd_exit_reason=SEARCH_TIMEOUT
brap_h80w80_a128_e1600_B_seed1_pool,g80x80,carrier_brd,0,,,,,,,,,,,,,,,,,,,,,,,,,,,,,,,,,,,,,,,,,,,,,,,,,,,,,,,,,,,,,,,,,,,,,,,,,,,,,,,,,,,,,,,,,,,,,,,,,,,,,,,8501.53,0,0,0,0,0,24897,7785.91,6374737,0,0,3730,TASKBR_VACANCY_V1,0,0,0,0,0,0,0,0,0,0,0,0,0,0,0,0,0,,0,0,0,0,0,0,0,0,0,-1,0,-1,0,SEARCH_TIMEOUT,,,,8.532,timeout,brd_raw_ticks=0 brd_raw_work_scaled=-1 brd_goal_prefix_removed=0 brd_incidental_goal_prefix_ms=-1 brd_raw_plan_valid=0 brd_exit_reason=SEARCH_TIMEOUT
brap_h80w80_a128_e1600_R1_seed0,g80x80,carrier_brd,0,,,,,,,,,,,,,,,,,,,,,,,,,,,,,,,,,,,,,,,,,,,,,,,,,,,,,,,,,,,,,,,,,,,,,,,,,,,,,,,,,,,,,,,,,,,,,,,,,,,,,,,1060.73,7446.13,911,5601,0,0,3835,2673.89,981504,0,0,9897,TASKBR_VACANCY_V1,0,0,0,0,0,0,0,0,0,0,0,0,0,0,0,0,0,,0,0,0,0,0,0,0,0,0,-1,0,-1,0,UPPER_TIMEOUT,,,,8.547,timeout, brd_raw_ticks=0 brd_raw_work_scaled=-1 brd_goal_prefix_removed=0 brd_incidental_goal_prefix_ms=-1 brd_raw_plan_valid=0 brd_exit_reason=UPPER_TIMEOUT
brap_h80w80_a128_e1600_R1_seed1,g80x80,carrier_brd,0,,,,,,,,,,,,,,,,,,,,,,,,,,,,,,,,,,,,,,,,,,,,,,,,,,,,,,,,,,,,,,,,,,,,,,,,,,,,,,,,,,,,,,,,,,,,,,,,,,,,,,,953.591,825.131,229,229,228,3046,2845,1275.15,728320,1711,1711,4232,TASKBR_VACANCY_V1,317.249,228,3046,124,1335,1711,4,6197.29,3.2551,0,124,0,60,46,0,4,3,"1,1,1",2,1,3,36.9635,14,0,1.73702,0,11,-1,0,-1,0,DISPATCH_TIMEOUT,,,,8.532,timeout,_raw_ticks=11 brd_raw_work_scaled=-1 brd_goal_prefix_removed=0 brd_incidental_goal_prefix_ms=-1 brd_raw_plan_valid=0 brd_exit_reason=DISPATCH_TIMEOUT
brap_h80w80_a128_e160_B_seed0_pool,g80x80,carrier_brd,0,,,,,,,,,,,,,,,,,,,,,,,,,,,,,,,,,,,,,,,,,,,,,,,,,,,,,,,,,,,,,,,,,,,,,,,,,,,,,,,,,,,,,,,,,,,,,,,,,,,,,,,8501.53,0,0,0,0,0,26840,7786.57,6874046,0,0,18716,TASKBR_VACANCY_V1,0,0,0,0,0,0,0,0,0,0,0,0,0,0,0,0,0,,0,0,0,0,0,0,0,0,0,-1,0,-1,0,SEARCH_TIMEOUT,,,,8.538,timeout,brd_raw_ticks=0 brd_raw_work_scaled=-1 brd_goal_prefix_removed=0 brd_incidental_goal_prefix_ms=-1 brd_raw_plan_valid=0 brd_exit_reason=SEARCH_TIMEOUT
brap_h80w80_a128_e160_B_seed1_pool,g80x80,carrier_brd,0,,,,,,,,,,,,,,,,,,,,,,,,,,,,,,,,,,,,,,,,,,,,,,,,,,,,,,,,,,,,,,,,,,,,,,,,,,,,,,,,,,,,,,,,,,,,,,,,,,,,,,,8501.58,0,0,0,0,0,27146,7782.96,6951823,0,0,11857,TASKBR_VACANCY_V1,0,0,0,0,0,0,0,0,0,0,0,0,0,0,0,0,0,,0,0,0,0,0,0,0,0,0,-1,0,-1,0,SEARCH_TIMEOUT,,,,8.537,timeout,brd_raw_ticks=0 brd_raw_work_scaled=-1 brd_goal_prefix_removed=0 brd_incidental_goal_prefix_ms=-1 brd_raw_plan_valid=0 brd_exit_reason=SEARCH_TIMEOUT
brap_h80w80_a128_e160_R1_seed0,g80x80,carrier_brd,0,,,,,,,,,,,,,,,,,,,,,,,,,,,,,,,,,,,,,,,,,,,,,,,,,,,,,,,,,,,,,,,,,,,,,,,,,,,,,,,,,,,,,,,,,,,,,,,,,,,,,,,1777.1,2495.41,480,480,479,8242,6103,2609.46,1562368,6589,6589,45935,TASKBR_VACANCY_V1,922.829,479,8242,101,1653,6589,3,2810.75,2.19394,0,100,0,48,32,0,3,2,"1,1",0,4,2,27.3742,9,0,1.25162,0,7,-1,0,-1,0,DISPATCH_TIMEOUT,,,,8.544,timeout,d_raw_ticks=7 brd_raw_work_scaled=-1 brd_goal_prefix_removed=0 brd_incidental_goal_prefix_ms=-1 brd_raw_plan_valid=0 brd_exit_reason=DISPATCH_TIMEOUT
brap_h80w80_a128_e160_R1_seed1,g80x80,carrier_brd,0,,,,,,,,,,,,,,,,,,,,,,,,,,,,,,,,,,,,,,,,,,,,,,,,,,,,,,,,,,,,,,,,,,,,,,,,,,,,,,,,,,,,,,,,,,,,,,,,,,,,,,,1777.28,3508.14,683,683,682,8178,5946,3020.18,1522176,6693,6693,128126,TASKBR_VACANCY_V1,1315.64,682,8178,100,1485,6693,1,1225.12,0.696296,0,98,0,16,0,0,1,0,,0,0,0,0,0,0,0,0,0,-1,0,-1,0,DISPATCH_TIMEOUT,,,,8.545,timeout,d_raw_ticks=0 brd_raw_work_scaled=-1 brd_goal_prefix_removed=0 brd_incidental_goal_prefix_ms=-1 brd_raw_plan_valid=0 brd_exit_reason=DISPATCH_TIMEOUT
brap_h80w80_a160_e1600_B_seed0_pool,g80x80,carrier_brd,0,,,,,,,,,,,,,,,,,,,,,,,,,,,,,,,,,,,,,,,,,,,,,,,,,,,,,,,,,,,,,,,,,,,,,,,,,,,,,,,,,,,,,,,,,,,,,,,,,,,,,,,8501.61,0,0,0,0,0,25165,7778.06,6443292,0,0,2988,TASKBR_VACANCY_V1,0,0,0,0,0,0,0,0,0,0,0,0,0,0,0,0,0,,0,0,0,0,0,0,0,0,0,-1,0,-1,0,SEARCH_TIMEOUT,,,,8.534,timeout,brd_raw_ticks=0 brd_raw_work_scaled=-1 brd_goal_prefix_removed=0 brd_incidental_goal_prefix_ms=-1 brd_raw_plan_valid=0 brd_exit_reason=SEARCH_TIMEOUT
brap_h80w80_a160_e1600_B_seed1_pool,g80x80,carrier_brd,0,,,,,,,,,,,,,,,,,,,,,,,,,,,,,,,,,,,,,,,,,,,,,,,,,,,,,,,,,,,,,,,,,,,,,,,,,,,,,,,,,,,,,,,,,,,,,,,,,,,,,,,8501.68,0,0,0,0,0,24555,7738.71,6285824,0,0,3097,TASKBR_VACANCY_V1,0,0,0,0,0,0,0,0,0,0,0,0,0,0,0,0,0,,0,0,0,0,0,0,0,0,0,-1,0,-1,0,SEARCH_TIMEOUT,,,,8.533,timeout,brd_raw_ticks=0 brd_raw_work_scaled=-1 brd_goal_prefix_removed=0 brd_incidental_goal_prefix_ms=-1 brd_raw_plan_valid=0 brd_exit_reason=SEARCH_TIMEOUT
brap_h80w80_a160_e160_B_seed0_pool,g80x80,carrier_brd,0,,,,,,,,,,,,,,,,,,,,,,,,,,,,,,,,,,,,,,,,,,,,,,,,,,,,,,,,,,,,,,,,,,,,,,,,,,,,,,,,,,,,,,,,,,,,,,,,,,,,,,,8501.53,0,0,0,0,0,26862,7740.12,6877747,0,0,8013,TASKBR_VACANCY_V1,0,0,0,0,0,0,0,0,0,0,0,0,0,0,0,0,0,,0,0,0,0,0,0,0,0,0,-1,0,-1,0,SEARCH_TIMEOUT,,,,8.538,timeout,brd_raw_ticks=0 brd_raw_work_scaled=-1 brd_goal_prefix_removed=0 brd_incidental_goal_prefix_ms=-1 brd_raw_plan_valid=0 brd_exit_reason=SEARCH_TIMEOUT
brap_h80w80_a160_e160_B_seed1_pool,g80x80,carrier_brd,0,,,,,,,,,,,,,,,,,,,,,,,,,,,,,,,,,,,,,,,,,,,,,,,,,,,,,,,,,,,,,,,,,,,,,,,,,,,,,,,,,,,,,,,,,,,,,,,,,,,,,,,8501.56,0,0,0,0,0,26638,7807.48,6824224,0,0,11925,TASKBR_VACANCY_V1,0,0,0,0,0,0,0,0,0,0,0,0,0,0,0,0,0,,0,0,0,0,0,0,0,0,0,-1,0,-1,0,SEARCH_TIMEOUT,,,,8.541,timeout,brd_raw_ticks=0 brd_raw_work_scaled=-1 brd_goal_prefix_removed=0 brd_incidental_goal_prefix_ms=-1 brd_raw_plan_valid=0 brd_exit_reason=SEARCH_TIMEOUT
brap_h80w80_a800_e1600_R1_seed0,g80x80,carrier_brd,0,,,,,,,,,,,,,,,,,,,,,,,,,,,,,,,,,,,,,,,,,,,,,,,,,,,,,,,,,,,,,,,,,,,,,,,,,,,,,,,,,,,,,,,,,,,,,,,,,,,,,,,8503.56,0,0,0,0,0,9023,2908.64,2309888,0,0,1193,TASKBR_VACANCY_V1,0,0,0,0,0,0,0,0,0,0,0,0,0,0,0,0,0,,0,0,0,0,0,0,0,0,0,-1,0,-1,0,SEARCH_TIMEOUT,,,,8.547,timeout,brd_raw_ticks=0 brd_raw_work_scaled=-1 brd_goal_prefix_removed=0 brd_incidental_goal_prefix_ms=-1 brd_raw_plan_valid=0 brd_exit_reason=SEARCH_TIMEOUT
brap_h80w80_a800_e1600_R1_seed1,g80x80,carrier_brd,0,,,,,,,,,,,,,,,,,,,,,,,,,,,,,,,,,,,,,,,,,,,,,,,,,,,,,,,,,,,,,,,,,,,,,,,,,,,,,,,,,,,,,,,,,,,,,,,,,,,,,,,8503.27,0,0,0,0,0,7199,2281.8,1842944,0,0,861,TASKBR_VACANCY_V1,0,0,0,0,0,0,0,0,0,0,0,0,0,0,0,0,0,,0,0,0,0,0,0,0,0,0,-1,0,-1,0,SEARCH_TIMEOUT,,,,8.543,timeout,brd_raw_ticks=0 brd_raw_work_scaled=-1 brd_goal_prefix_removed=0 brd_incidental_goal_prefix_ms=-1 brd_raw_plan_valid=0 brd_exit_reason=SEARCH_TIMEOUT
brap_h80w80_a800_e160_R1_seed0,g80x80,carrier_brd,0,,,,,,,,,,,,,,,,,,,,,,,,,,,,,,,,,,,,,,,,,,,,,,,,,,,,,,,,,,,,,,,,,,,,,,,,,,,,,,,,,,,,,,,,,,,,,,,,,,,,,,,8503.48,0,0,0,0,0,14919,4243.85,3819264,0,0,13165,TASKBR_VACANCY_V1,0,0,0,0,0,0,0,0,0,0,0,0,0,0,0,0,0,,0,0,0,0,0,0,0,0,0,-1,0,-1,0,SEARCH_TIMEOUT,,,,8.55,timeout,brd_raw_ticks=0 brd_raw_work_scaled=-1 brd_goal_prefix_removed=0 brd_incidental_goal_prefix_ms=-1 brd_raw_plan_valid=0 brd_exit_reason=SEARCH_TIMEOUT
brap_h80w80_a800_e160_R1_seed1,g80x80,carrier_brd,0,,,,,,,,,,,,,,,,,,,,,,,,,,,,,,,,,,,,,,,,,,,,,,,,,,,,,,,,,,,,,,,,,,,,,,,,,,,,,,,,,,,,,,,,,,,,,,,,,,,,,,,8506.22,0,0,0,0,0,14861,4360.51,3804416,0,0,14808,TASKBR_VACANCY_V1,0,0,0,0,0,0,0,0,0,0,0,0,0,0,0,0,0,,0,0,0,0,0,0,0,0,0,-1,0,-1,0,SEARCH_TIMEOUT,,,,8.553,timeout,brd_raw_ticks=0 brd_raw_work_scaled=-1 brd_goal_prefix_removed=0 brd_incidental_goal_prefix_ms=-1 brd_raw_plan_valid=0 brd_exit_reason=SEARCH_TIMEOUT
brap_h8w10_a10_e20_B_seed0_pool,g8x10,carrier_brd,1,74,129.0,129000000,16,76,32,6,0.1081,15,74,129,129000000,74,129,129000000,0,0,0,0,0,0,0,0,NOT_ATTEMPTED,0,0,0,0,-1,-1,-1,-1,-1,0,0,0,0,0,0,0,0,0,0,0,0,0,,,,,,,,,,,,,0,0,0,0,0,0,0,0,0,0,0,0,0,0,0,0,0,0,0,BOTTLENECK_TARGET_FRONTIER_CONTINUITY_V2,0,0,0,0,0,0,0,0,0,0,0,0,0,0,0,0,0,0.029189,0,0,0,0,0,0,8.63366,1.23125,6,6,5,16,363,1.36555,1452,5,5,262,TASKBR_VACANCY_V1,0.131294,5,16,4,11,5,15,0.265119,0.008953,0,4,0,23,23,0,15,15,"1,1,1,1,1,2,1,1,1,1,1,1,1,1,1",1,2,15,3.00522,89,0,0.077231,0.260963,74,129000000,0,14,1,SOLVED,15,15.4968,937441d460d0b5e58cc30a5df240c3afd86be5a971a8c7a27b8766661dd4e9ca,0.025,ok,
brap_h8w10_a10_e20_B_seed1_pool,g8x10,carrier_brd,1,180,346.0,346000000,45,188,90,22,0.125,25,180,346,346000000,180,346,346000000,0,0,0,0,0,0,0,0,NOT_ATTEMPTED,2,0,0,0,-1,-1,-1,-1,-1,0,0,0,0,0,0,0,0,0,0,0,0,0,,,,,,,,,,,,,0,0,0,0,0,0,0,0,0,0,0,0,0,0,0,0,0,0,0,BOTTLENECK_TARGET_FRONTIER_CONTINUITY_V2,0,0,0,0,0,0,0,0,0,0,0,0,0,0,0,0,0,0.075233,0,0,0,0,0,0,8.29231,2.82479,14,14,13,45,356,1.4756,1424,23,23,363,TASKBR_VACANCY_V1,0.324365,13,45,6,22,23,41,0.876152,0.026944,0,6,0,61,61,0,41,41,"1,1,1,1,2,2,1,1,1,1,1,1,1,1,1,1,1,1,1,1,1,1,1,1,1,1,1,1,1,1,1,1,1,2,1,1,2,1,1,1,1",1,5,41,7.61155,221,0,0.23027,0.648932,180,346000000,0,22,1,SOLVED,25,25.3969,4699a1e70bce5302bfb98e389429b13bd332d59f71566e75275e5402540c173a,0.034,ok,
brap_h8w10_a10_e20_R1_seed0,g8x10,carrier_brd,1,249,445.0,445000000,56,249,112,25,0.1124,23,249,445,445000000,249,445,445000000,0,0,0,0,0,0,0,0,NOT_ATTEMPTED,1,0,0,0,-1,-1,-1,-1,-1,0,0,0,0,0,0,0,0,0,0,0,0,0,,,,,,,,,,,,,0,0,0,0,0,0,0,0,0,0,0,0,0,0,0,0,0,0,0,BOTTLENECK_TARGET_FRONTIER_CONTINUITY_V2,0,0,0,0,0,0,0,0,0,0,0,0,0,0,0,0,0,0.091419,0,0,0,0,0,0,0.339808,4.19327,22,22,21,56,59,0.459113,236,28,28,294,TASKBR_VACANCY_V1,0.479089,21,56,7,28,28,52,0.976823,0.030393,0,7,0,73,73,0,52,52,"1,1,1,1,1,2,1,1,1,1,1,1,1,1,1,1,1,1,2,1,2,2,1,1,1,1,1,1,1,1,1,1,1,1,1,1,1,1,1,1,1,1,1,1,1,1,1,1,1,1,1,1",1,4,52,9.83843,301,0,0.266298,0.876782,249,445000000,0,19,1,SOLVED,23,23.1184,4c63bba7b835e4a8201c11eca90c2d2612be13b79fca9f09a32c65abafe41bba,0.032,ok,
brap_h8w10_a10_e20_R1_seed1,g8x10,carrier_brd,1,256,442.0,442000000,67,211,134,35,0.1309,25,256,442,442000000,256,442,442000000,0,0,0,0,0,0,0,0,NOT_ATTEMPTED,0,0,0,0,-1,-1,-1,-1,-1,0,0,0,0,0,0,0,0,0,0,0,0,0,,,,,,,,,,,,,0,0,0,0,0,0,0,0,0,0,0,0,0,0,0,0,0,0,0,BOTTLENECK_TARGET_FRONTIER_CONTINUITY_V2,0,0,0,0,0,0,0,0,0,0,0,0,0,0,0,0,0,0.093911,0,0,0,0,0,0,0.414864,5.65724,32,32,31,67,80,0.674777,320,30,30,512,TASKBR_VACANCY_V1,0.670549,31,67,7,37,30,55,1.00328,0.033011,0,7,0,77,77,0,55,55,"1,1,1,2,1,1,2,1,1,1,1,1,2,1,2,1,1,1,1,2,1,2,2,2,2,2,1,1,1,1,1,1,1,1,1,1,1,1,1,1,1,2,1,1,1,1,1,1,2,1,1,1,1,1,1",1,3,55,9.91138,311,0,0.261679,0.979163,256,442000000,0,21,1,SOLVED,25,25.1851,78a09dd20dd8e58e5a62cf7b0856b09c8a6cf7628742b10fbed33d9687177d06,0.034,ok,
brap_h8w10_a10_e2_B_seed0_pool,g8x10,carrier_brd,1,234,432.0,432000000,74,152,148,31,0.1581,68,234,432,432000000,234,432,432000000,0,0,0,0,0,0,0,0,NOT_ATTEMPTED,0,0,0,0,-1,-1,-1,-1,-1,0,0,0,0,0,0,0,0,0,0,0,0,0,,,,,,,,,,,,,0,0,0,0,0,0,0,0,0,0,0,0,0,0,0,0,0,0,0,BOTTLENECK_TARGET_FRONTIER_CONTINUITY_V2,0,0,0,0,0,0,0,0,0,0,0,0,0,0,0,0,0,0.089059,0,0,0,0,0,0,13.9038,34.378,47,47,46,74,190,1.23573,760,58,58,15446,TASKBR_VACANCY_V1,1.25597,46,74,2,16,58,48,0.456986,0.016423,0,2,0,74,74,0,48,48,"1,1,2,2,2,2,2,2,2,2,2,1,1,2,2,2,2,2,2,2,2,2,2,2,2,2,1,1,1,1,1,1,2,2,2,2,1,1,1,1,1,1,1,1,1,1,1,1",1,0,48,9.80008,282,0,0.231856,1.00687,234,432000000,0,64,1,SOLVED,68,68.1164,a33a581b074cd41e61509f0050b54611c301c49b1a5e3c2b4848abb9f3cec1b1,0.077,ok,
brap_h8w10_a10_e2_B_seed1_pool,g8x10,carrier_brd,1,183,392.0,392000000,67,138,134,28,0.1831,101,183,392,392000000,183,392,392000000,0,0,0,0,0,0,0,0,NOT_ATTEMPTED,0,0,0,0,-1,-1,-1,-1,-1,0,0,0,0,0,0,0,0,0,0,0,0,0,,,,,,,,,,,,,0,0,0,0,0,0,0,0,0,0,0,0,0,0,0,0,0,0,0,BOTTLENECK_TARGET_FRONTIER_CONTINUITY_V2,0,0,0,0,0,0,0,0,0,0,0,0,0,0,0,0,0,0.074419,0,0,0,0,0,0,13.7226,72.3598,37,37,36,67,174,1.08834,696,53,53,60807,TASKBR_VACANCY_V1,0.924399,36,67,2,14,53,37,0.40923,0.015122,0,2,0,67,67,0,37,37,"1,1,2,2,2,2,2,2,2,2,2,2,2,2,2,2,2,1,1,2,2,2,2,2,2,2,2,2,2,2,2,2,2,2,1,1,1",1,0,37,7.871,220,0,0.176494,0.744024,183,392000000,0,98,1,SOLVED,101,101.816,b2b08808ab544f5da786dd6e927a10a2ebc075afca87d352dddd99e1916c72c3,0.111,ok,
brap_h8w10_a10_e2_R1_seed0,g8x10,carrier_brd,1,536,1108.0,1108000000,191,381,382,123,0.1782,178,536,1108,1108000000,536,1108,1108000000,0,0,0,0,0,0,0,0,NOT_ATTEMPTED,0,0,0,0,-1,-1,-1,-1,-1,0,0,0,0,0,0,0,0,0,0,0,0,0,,,,,,,,,,,,,0,0,0,0,0,0,0,0,0,0,0,0,0,0,0,0,0,0,0,BOTTLENECK_TARGET_FRONTIER_CONTINUITY_V2,0,0,0,0,0,0,0,0,0,0,0,0,0,0,0,0,0,0.211759,0,0,0,0,0,0,0.625102,133.39,107,107,106,191,184,1.99562,736,154,154,80831,TASKBR_VACANCY_V1,2.68051,106,191,2,37,154,113,1.084,0.043206,0,2,0,191,191,0,113,113,"2,2,2,2,2,2,2,2,2,2,2,2,1,1,1,1,2,2,2,2,2,2,2,2,2,2,2,1,1,2,2,1,1,2,2,2,2,2,2,2,2,2,2,2,2,2,1,1,1,1,2,2,2,2,2,2,2,2,2,2,2,2,2,2,2,2,2,2,2,2,2,2,2,2,2,2,2,2,2,2,2,2,2,2,2,2,2,2,2,1,1,1,1,1,1,1,1,1,1,1,1,1,1,1,1,1,1,1,1,1,2,1,1",1,0,113,22.08,649,0,0.54477,2.1964,536,1108000000,0,169,1,SOLVED,178,178.708,ec1770d6c31159cab825102f9ba84cd1fa7e0021c5b4f4fd033cc813e5bebc6d,0.19,ok,
brap_h8w10_a10_e2_R1_seed1,g8x10,carrier_brd,1,507,867.0,867000000,152,297,304,96,0.1499,150,507,867,867000000,507,867,867000000,0,0,0,0,0,0,0,0,NOT_ATTEMPTED,0,0,0,0,-1,-1,-1,-1,-1,0,0,0,0,0,0,0,0,0,0,0,0,0,,,,,,,,,,,,,0,0,0,0,0,0,0,0,0,0,0,0,0,0,0,0,0,0,0,BOTTLENECK_TARGET_FRONTIER_CONTINUITY_V2,0,0,0,0,0,0,0,0,0,0,0,0,0,0,0,0,0,0.179035,0,0,0,0,0,0,0.615207,108.145,103,103,102,152,185,1.81355,740,114,114,80788,TASKBR_VACANCY_V1,2.55622,102,152,2,38,114,107,0.925383,0.032956,0,2,0,152,152,0,107,107,"1,1,1,1,2,2,2,2,2,1,1,2,2,2,2,2,2,2,2,2,2,2,2,2,2,2,2,2,2,2,2,2,2,2,2,2,2,2,1,1,1,1,1,1,2,1,1,1,1,1,1,2,2,2,2,2,1,1,2,2,2,2,2,2,2,1,1,1,1,1,1,1,1,1,1,1,1,1,1,1,1,1,1,1,1,1,1,1,1,1,1,1,1,1,1,1,1,1,1,1,1,1,1,1,1,1,1",1,0,107,20.9864,614,0,0.510238,2.12322,507,867000000,0,142,1,SOLVED,150,150.994,757026abd8671e8e6ba2c0118babded2b46f242f5f00ae650d3f0bc84eb02e18,0.162,ok,
g1_dhigh_abaseline_pcross_heavy_gshared_pool_seed0,warehouse_random_factorial,carrier_brd,1,12,30.0,30000000,7,15,8,0,0.1944,3,12,30,30000000,12,30,30000000,0,0,0,0,0,0,0,0,NOT_ATTEMPTED,0,0,0,0,-1,-1,-1,-1,-1,0,0,0,0,0,0,0,0,0,0,0,0,0,,,,,,,,,,,,,0,0,0,0,0,0,0,0,0,0,0,0,0,0,0,0,0,0,0,BOTTLENECK_TARGET_FRONTIER_CONTINUITY_V2,0,0,0,0,0,0,0,0,0,0,0,0,0,0,0,0,0,0.007923,0,0,0,0,0,0,0.852286,1.01789,2,2,1,4,14,0.197713,392,0,0,17,TASKBR_VACANCY_V1,0.109043,1,4,4,4,0,4,0.053576,0.00196,0,4,0,5,5,0,4,4,"1,1,1,1",2,0,4,1.28514,16,0,0.038848,0.032715,12,30000000,0,3,1,SOLVED,3,3.63884,9ca24b529cad58b15e2ae22d8023c64b9a091b5a60c017b183b0a74727bb9cd7,0.012,ok,
g1_dhigh_abaseline_pcross_heavy_gsingleton_seed0,warehouse_random_factorial,carrier_brd,1,27,61.0,61000000,26,23,12,2,0.321,5,27,61,61000000,27,61,61000000,0,0,0,0,0,0,0,0,NOT_ATTEMPTED,0,0,0,0,-1,-1,-1,-1,-1,0,0,0,0,0,0,0,0,0,0,0,0,0,,,,,,,,,,,,,0,0,0,0,0,0,0,0,0,0,0,0,0,0,0,0,0,0,0,BOTTLENECK_TARGET_FRONTIER_CONTINUITY_V2,0,0,0,0,0,0,0,0,0,0,0,0,0,0,0,0,0,0.014624,0,0,0,0,0,0,0.482418,1.50627,3,3,2,6,5,0.094353,140,0,0,66,TASKBR_VACANCY_V1,0.18005,2,6,4,6,0,6,0.078071,0.00305,0,4,0,8,8,0,6,6,"1,1,1,1,1,1",2,0,6,2.20384,33,0,0.059155,0.068797,27,61000000,0,4,1,SOLVED,5,5.12169,02bca0490b6b008edf00e9afa70584636be95025d4ad6883c5d1e984f6a246af,0.014,ok,
g1_dhigh_abaseline_plocal_gshared_pool_seed0,warehouse_random_factorial,carrier_brd,1,20,46.0,46000000,17,19,10,1,0.2833,4,20,46,46000000,20,46,46000000,0,0,0,0,0,0,0,0,NOT_ATTEMPTED,0,0,0,0,-1,-1,-1,-1,-1,0,0,0,0,0,0,0,0,0,0,0,0,0,,,,,,,,,,,,,0,0,0,0,0,0,0,0,0,0,0,0,0,0,0,0,0,0,0,BOTTLENECK_TARGET_FRONTIER_CONTINUITY_V2,0,0,0,0,0,0,0,0,0,0,0,0,0,0,0,0,0,0.009923,0,0,0,0,0,0,0.802738,1.12774,3,3,2,5,14,0.208907,392,0,0,7,TASKBR_VACANCY_V1,0.147976,2,5,4,5,0,4,0.059078,0.002302,0,4,0,6,6,0,4,4,"1,1,2,1",2,0,4,1.45879,24,0,0.042464,0.052569,20,46000000,0,3,1,SOLVED,4,4.09549,ddf8174b3d74367f2551e6f7b3e3277f06fe14b3aae821b44bb95ee3d8309225,0.012,ok,
g1_dhigh_abaseline_plocal_gsingleton_seed0,warehouse_random_factorial,carrier_brd,1,20,41.0,41000000,16,13,12,2,0.2667,4,20,41,41000000,20,41,41000000,0,0,0,0,0,0,0,0,NOT_ATTEMPTED,0,0,0,0,-1,-1,-1,-1,-1,0,0,0,0,0,0,0,0,0,0,0,0,0,,,,,,,,,,,,,0,0,0,0,0,0,0,0,0,0,0,0,0,0,0,0,0,0,0,BOTTLENECK_TARGET_FRONTIER_CONTINUITY_V2,0,0,0,0,0,0,0,0,0,0,0,0,0,0,0,0,0,0.012327,0,0,0,0,0,0,0.580939,1.38928,3,3,2,6,7,0.132466,196,0,0,42,TASKBR_VACANCY_V1,0.18292,2,6,4,6,0,5,0.069026,0.002627,0,4,0,7,7,0,5,5,"1,1,1,1,2",2,0,5,1.67739,25,0,0.040579,0.050425,20,41000000,0,4,1,SOLVED,4,4.41505,8cd1a2a440ffbb86b1cfe906297b40fbd4eed0d72127b5847acb7969648b3cd4,0.012,ok,
g1_dhigh_abaseline_pmixed_gshared_pool_seed0,warehouse_random_factorial,carrier_brd,1,14,38.0,38000000,10,20,8,0,0.2381,3,14,38,38000000,14,38,38000000,0,0,0,0,0,0,0,0,NOT_ATTEMPTED,0,0,0,0,-1,-1,-1,-1,-1,0,0,0,0,0,0,0,0,0,0,0,0,0,,,,,,,,,,,,,0,0,0,0,0,0,0,0,0,0,0,0,0,0,0,0,0,0,0,BOTTLENECK_TARGET_FRONTIER_CONTINUITY_V2,0,0,0,0,0,0,0,0,0,0,0,0,0,0,0,0,0,0.008823,0,0,0,0,0,0,0.788829,1.09413,2,2,1,4,12,0.177276,336,0,0,28,TASKBR_VACANCY_V1,0.110488,1,4,4,4,0,4,0.058231,0.002478,0,4,0,6,6,0,4,4,"1,1,1,1",1,1,4,1.34308,18,0,0.034144,0.04373,14,38000000,0,3,1,SOLVED,3,3.77804,8f4b174e4f439ec25a373ca68d4ae878cee7d3c493fd22384bd32549464bb057,0.012,ok,
g1_dhigh_abaseline_pmixed_gsingleton_seed0,warehouse_random_factorial,carrier_brd,1,32,68.0,68000000,28,28,12,2,0.2917,5,32,68,68000000,32,68,68000000,0,0,0,0,0,0,0,0,NOT_ATTEMPTED,0,0,0,0,-1,-1,-1,-1,-1,0,0,0,0,0,0,0,0,0,0,0,0,0,,,,,,,,,,,,,0,0,0,0,0,0,0,0,0,0,0,0,0,0,0,0,0,0,0,BOTTLENECK_TARGET_FRONTIER_CONTINUITY_V2,0,0,0,0,0,0,0,0,0,0,0,0,0,0,0,0,0,0.014172,0,0,0,0,0,0,0.523923,1.75536,3,3,2,6,7,0.122906,196,0,0,119,TASKBR_VACANCY_V1,0.176259,2,6,4,6,0,6,0.076986,0.002855,0,4,0,8,8,0,6,6,"1,1,1,1,1,1",2,0,6,2.22742,38,0,0.056828,0.082377,32,68000000,0,5,1,SOLVED,5,5.49267,b5aca9ac88c49f31ee8321cc4a9dec5cad1bb7421cec1cfd354f68cdd7c66eee,0.013,ok,
g1_dhigh_aequal_pcross_heavy_gshared_pool_seed0,warehouse_random_factorial,carrier_brd,1,10,33.0,33000000,7,18,8,0,0.175,3,10,33,33000000,10,33,33000000,0,0,0,0,0,0,0,0,NOT_ATTEMPTED,0,0,0,0,-1,-1,-1,-1,-1,0,0,0,0,0,0,0,0,0,0,0,0,0,,,,,,,,,,,,,0,0,0,0,0,0,0,0,0,0,0,0,0,0,0,0,0,0,0,BOTTLENECK_TARGET_FRONTIER_CONTINUITY_V2,0,0,0,0,0,0,0,0,0,0,0,0,0,0,0,0,0,0.007887,0,0,0,0,0,0,0.772001,1.03534,2,2,1,4,14,0.181434,392,0,0,17,TASKBR_VACANCY_V1,0.111753,1,4,4,4,0,3,0.056714,0.001826,0,4,0,6,6,0,3,3,"1,1,2",2,0,3,1.04874,13,0,0.027375,0.029668,10,33000000,0,3,1,SOLVED,3,3.33641,061a72fff58347f3d17b0d0b1116ac902c39915ad56fd056ce422b0fca0b2aac,0.012,ok,
g1_dhigh_aequal_pcross_heavy_gsingleton_seed0,warehouse_random_factorial,carrier_brd,1,19,53.0,53000000,26,15,12,2,0.3421,4,19,53,53000000,19,53,53000000,0,0,0,0,0,0,0,0,NOT_ATTEMPTED,0,0,0,0,-1,-1,-1,-1,-1,0,0,0,0,0,0,0,0,0,0,0,0,0,,,,,,,,,,,,,0,0,0,0,0,0,0,0,0,0,0,0,0,0,0,0,0,0,0,BOTTLENECK_TARGET_FRONTIER_CONTINUITY_V2,0,0,0,0,0,0,0,0,0,0,0,0,0,0,0,0,0,0.022974,0,0,0,0,0,0,0.456401,1.50835,3,3,2,6,5,0.092695,140,0,0,66,TASKBR_VACANCY_V1,0.202653,2,6,4,6,0,5,0.051794,0.001846,0,4,0,6,6,0,5,5,"1,1,1,1,2",3,0,5,1.68852,24,0,0.040507,0.050857,19,53000000,0,4,1,SOLVED,4,4.41711,200cd86690b00d811eb1fe6b970726d9831f16344ab98be2cd665d5837618620,0.013,ok,
g1_dhigh_aequal_plocal_gshared_pool_seed0,warehouse_random_factorial,carrier_brd,1,20,42.0,42000000,17,15,10,1,0.2125,4,20,42,42000000,20,42,42000000,0,0,0,0,0,0,0,0,NOT_ATTEMPTED,0,0,0,0,-1,-1,-1,-1,-1,0,0,0,0,0,0,0,0,0,0,0,0,0,,,,,,,,,,,,,0,0,0,0,0,0,0,0,0,0,0,0,0,0,0,0,0,0,0,BOTTLENECK_TARGET_FRONTIER_CONTINUITY_V2,0,0,0,0,0,0,0,0,0,0,0,0,0,0,0,0,0,0.009547,0,0,0,0,0,0,0.903297,1.09624,3,3,2,5,14,0.21715,392,0,0,7,TASKBR_VACANCY_V1,0.143327,2,5,4,5,0,5,0.112251,0.057141,0,4,0,5,5,0,5,5,"1,1,1,1,1",3,0,5,1.68776,25,0,0.047017,0.051945,20,42000000,0,4,1,SOLVED,4,4.47335,2232803f0656ab37ad2b0f275cbf08e8cb997df21294f8363d46c39a4bcf2a3e,0.013,ok,
g1_dhigh_aequal_plocal_gsingleton_seed0,warehouse_random_factorial,carrier_brd,1,19,42.0,42000000,16,14,12,2,0.2105,5,19,42,42000000,19,42,42000000,0,0,0,0,0,0,0,0,NOT_ATTEMPTED,0,0,0,0,-1,-1,-1,-1,-1,0,0,0,0,0,0,0,0,0,0,0,0,0,,,,,,,,,,,,,0,0,0,0,0,0,0,0,0,0,0,0,0,0,0,0,0,0,0,BOTTLENECK_TARGET_FRONTIER_CONTINUITY_V2,0,0,0,0,0,0,0,0,0,0,0,0,0,0,0,0,0,0.015553,0,0,0,0,0,0,0.740107,1.89162,3,3,2,6,7,0.178892,196,0,0,42,TASKBR_VACANCY_V1,0.231699,2,6,4,6,0,5,0.093027,0.003167,0,4,0,8,8,0,5,5,"1,1,1,1,2",2,0,5,2.27786,24,0,0.061147,0.067724,19,42000000,0,5,1,SOLVED,5,5.89291,44dab77fc2f114336656b6ca4daab6a5e348d08d2bbf4c514543d24befab6949,0.014,ok,
g1_dhigh_aequal_pmixed_gshared_pool_seed0,warehouse_random_factorial,carrier_brd,1,13,42.0,42000000,10,24,8,0,0.1923,3,13,42,42000000,13,42,42000000,0,0,0,0,0,0,0,0,NOT_ATTEMPTED,0,0,0,0,-1,-1,-1,-1,-1,0,0,0,0,0,0,0,0,0,0,0,0,0,,,,,,,,,,,,,0,0,0,0,0,0,0,0,0,0,0,0,0,0,0,0,0,0,0,BOTTLENECK_TARGET_FRONTIER_CONTINUITY_V2,0,0,0,0,0,0,0,0,0,0,0,0,0,0,0,0,0,0.009858,0,0,0,0,0,0,0.675905,1.08618,2,2,1,4,12,0.159227,336,0,0,28,TASKBR_VACANCY_V1,0.110529,1,4,4,4,0,4,0.057365,0.001976,0,4,0,6,6,0,4,4,"1,1,1,1",2,0,4,1.3312,17,0,0.034135,0.041181,13,42000000,0,3,1,SOLVED,3,3.62581,2645d0e448499cf9c352195a9820093da168ac6f52c13ddf9ca0dd5ac87fc33e,0.012,ok,
g1_dhigh_aequal_pmixed_gsingleton_seed0,warehouse_random_factorial,carrier_brd,1,17,56.0,56000000,28,16,12,2,0.4118,4,17,56,56000000,17,56,56000000,0,0,0,0,0,0,0,0,NOT_ATTEMPTED,0,0,0,0,-1,-1,-1,-1,-1,0,0,0,0,0,0,0,0,0,0,0,0,0,,,,,,,,,,,,,0,0,0,0,0,0,0,0,0,0,0,0,0,0,0,0,0,0,0,BOTTLENECK_TARGET_FRONTIER_CONTINUITY_V2,0,0,0,0,0,0,0,0,0,0,0,0,0,0,0,0,0,0.013056,0,0,0,0,0,0,0.503286,1.70858,3,3,2,6,7,0.142324,196,0,0,119,TASKBR_VACANCY_V1,0.173627,2,6,4,6,0,5,0.055819,0.001866,0,4,0,6,6,0,5,5,"1,1,1,1,2",3,0,5,1.64822,22,0,0.050887,0.047411,17,56000000,0,4,1,SOLVED,4,4.57903,582853ee4246bde2c0351b5c31165ddbae1987aa65224cc220c96f822975f38e,0.013,ok,
g1_dhigh_ascarce_pcross_heavy_gshared_pool_seed0,warehouse_random_factorial,carrier_brd,1,18,33.0,33000000,7,18,8,0,0.1944,3,18,33,33000000,18,33,33000000,0,0,0,0,0,0,0,0,NOT_ATTEMPTED,0,0,0,0,-1,-1,-1,-1,-1,0,0,0,0,0,0,0,0,0,0,0,0,0,,,,,,,,,,,,,0,0,0,0,0,0,0,0,0,0,0,0,0,0,0,0,0,0,0,BOTTLENECK_TARGET_FRONTIER_CONTINUITY_V2,0,0,0,0,0,0,0,0,0,0,0,0,0,0,0,0,0,0.008181,0,0,0,0,0,0,0.771856,0.979929,2,2,1,4,14,0.17449,392,0,0,17,TASKBR_VACANCY_V1,0.105704,1,4,4,4,0,4,0.071265,0.002583,0,4,0,6,6,0,4,4,"1,1,1,1",1,1,4,1.40211,22,0,0.039527,0.049738,18,33000000,0,3,1,SOLVED,3,3.75715,875e714e90821df7b0b176d553ffcdf56feb753911aaa68fdd3fd8e08980d45d,0.012,ok,
g1_dhigh_ascarce_pcross_heavy_gsingleton_seed0,warehouse_random_factorial,carrier_brd,1,32,61.0,61000000,26,23,12,2,0.4062,5,32,61,61000000,32,61,61000000,0,0,0,0,0,0,0,0,NOT_ATTEMPTED,0,0,0,0,-1,-1,-1,-1,-1,0,0,0,0,0,0,0,0,0,0,0,0,0,,,,,,,,,,,,,0,0,0,0,0,0,0,0,0,0,0,0,0,0,0,0,0,0,0,BOTTLENECK_TARGET_FRONTIER_CONTINUITY_V2,0,0,0,0,0,0,0,0,0,0,0,0,0,0,0,0,0,0.014709,0,0,0,0,0,0,0.476865,1.55997,3,3,2,6,5,0.095515,140,0,0,66,TASKBR_VACANCY_V1,0.189991,2,6,4,6,0,6,0.078418,0.003065,0,4,0,7,7,0,6,6,"1,1,1,1,1,1",1,0,6,2.33435,38,0,0.049301,0.074505,32,61000000,0,5,1,SOLVED,5,5.3647,5306904edeb524fc42191886608bbddbbdd744baedc6c23cff8c40b5122d0df7,0.013,ok,
g1_dhigh_ascarce_plocal_gshared_pool_seed0,warehouse_random_factorial,carrier_brd,1,29,48.0,48000000,17,21,10,1,0.2931,4,29,48,48000000,29,48,48000000,0,0,0,0,0,0,0,0,NOT_ATTEMPTED,0,0,0,0,-1,-1,-1,-1,-1,0,0,0,0,0,0,0,0,0,0,0,0,0,,,,,,,,,,,,,0,0,0,0,0,0,0,0,0,0,0,0,0,0,0,0,0,0,0,BOTTLENECK_TARGET_FRONTIER_CONTINUITY_V2,0,0,0,0,0,0,0,0,0,0,0,0,0,0,0,0,0,0.014233,0,0,0,0,0,0,0.791978,1.11529,3,3,2,5,14,0.202169,392,0,0,7,TASKBR_VACANCY_V1,0.175646,2,5,4,5,0,5,0.077581,0.002658,0,4,0,6,6,0,5,5,"1,1,1,1,1",1,0,5,1.84872,34,0,0.046993,0.077771,29,48000000,0,4,1,SOLVED,4,4.64591,9ee93c9883a95c7ef00b9dbc345d679c445628c63305e81e0cdc34bd366bb040,0.012,ok,
g1_dhigh_ascarce_plocal_gsingleton_seed0,warehouse_random_factorial,carrier_brd,1,23,44.0,44000000,16,16,12,2,0.3478,4,23,44,44000000,23,44,44000000,0,0,0,0,0,0,0,0,NOT_ATTEMPTED,0,0,0,0,-1,-1,-1,-1,-1,0,0,0,0,0,0,0,0,0,0,0,0,0,,,,,,,,,,,,,0,0,0,0,0,0,0,0,0,0,0,0,0,0,0,0,0,0,0,BOTTLENECK_TARGET_FRONTIER_CONTINUITY_V2,0,0,0,0,0,0,0,0,0,0,0,0,0,0,0,0,0,0.012085,0,0,0,0,0,0,0.520344,1.3947,3,3,2,6,7,0.12784,196,0,0,42,TASKBR_VACANCY_V1,0.172078,2,6,4,6,0,5,0.0765,0.002912,0,4,0,7,7,0,5,5,"1,1,1,1,2",1,0,5,1.71276,28,0,0.041424,0.055381,23,44000000,0,4,1,SOLVED,4,4.41138,74ebf8320cf1e7aa039f7adcf13bf0790a54624b612482669a91397c95edec1c,0.013,ok,
g1_dhigh_ascarce_pmixed_gshared_pool_seed0,warehouse_random_factorial,carrier_brd,1,20,38.0,38000000,10,20,8,0,0.25,3,20,38,38000000,20,38,38000000,0,0,0,0,0,0,0,0,NOT_ATTEMPTED,0,0,0,0,-1,-1,-1,-1,-1,0,0,0,0,0,0,0,0,0,0,0,0,0,,,,,,,,,,,,,0,0,0,0,0,0,0,0,0,0,0,0,0,0,0,0,0,0,0,BOTTLENECK_TARGET_FRONTIER_CONTINUITY_V2,0,0,0,0,0,0,0,0,0,0,0,0,0,0,0,0,0,0.017579,0,0,0,0,0,0,0.685958,1.09391,2,2,1,4,12,0.159549,336,0,0,28,TASKBR_VACANCY_V1,0.105345,1,4,4,4,0,4,0.059712,0.002738,0,4,0,5,5,0,4,4,"1,1,1,1",1,0,4,1.43567,24,0,0.040491,0.049891,20,38000000,0,3,1,SOLVED,3,3.82761,a83e4fcb2885002e6294eac9fa982a9a17a0c6a70de4cbe0da593608caee640c,0.012,ok,
g1_dhigh_ascarce_pmixed_gsingleton_seed0,warehouse_random_factorial,carrier_brd,1,38,70.0,70000000,28,30,12,2,0.3684,5,38,70,70000000,38,70,70000000,0,0,0,0,0,0,0,0,NOT_ATTEMPTED,1,0,0,0,-1,-1,-1,-1,-1,0,0,0,0,0,0,0,0,0,0,0,0,0,,,,,,,,,,,,,0,0,0,0,0,0,0,0,0,0,0,0,0,0,0,0,0,0,0,BOTTLENECK_TARGET_FRONTIER_CONTINUITY_V2,0,0,0,0,0,0,0,0,0,0,0,0,0,0,0,0,0,0.017154,0,0,0,0,0,0,0.54337,1.77977,3,3,2,6,7,0.128588,196,0,0,119,TASKBR_VACANCY_V1,0.186766,2,6,4,6,0,6,0.076448,0.003034,0,4,0,8,8,0,6,6,"1,1,1,1,1,1",1,1,6,2.20419,44,0,0.064535,0.084188,38,70000000,0,5,1,SOLVED,5,5.60149,43b741e1eb7c3c193712eb1f955005d9c55bab027103744d2728128d248d8d6a,0.015,ok,
g1_dhigh_asurplus_pcross_heavy_gshared_pool_seed0,warehouse_random_factorial,carrier_brd,1,10,30.0,30000000,7,15,8,0,0.1167,3,10,30,30000000,10,30,30000000,0,0,0,0,0,0,0,0,NOT_ATTEMPTED,0,0,0,0,-1,-1,-1,-1,-1,0,0,0,0,0,0,0,0,0,0,0,0,0,,,,,,,,,,,,,0,0,0,0,0,0,0,0,0,0,0,0,0,0,0,0,0,0,0,BOTTLENECK_TARGET_FRONTIER_CONTINUITY_V2,0,0,0,0,0,0,0,0,0,0,0,0,0,0,0,0,0,0.007271,0,0,0,0,0,0,0.776017,1.00882,2,2,1,4,14,0.181022,392,0,0,17,TASKBR_VACANCY_V1,0.107726,1,4,4,4,0,4,0.060019,0.001616,0,4,0,5,5,0,4,4,"1,1,1,1",2,0,4,1.30726,14,0,0.036553,0.031582,10,30000000,0,3,1,SOLVED,3,3.5699,97e59c4fd24ccfb3dda1f8de6f0aae736853d7a9af7f245dc7194ec6be812ed9,0.013,ok,
g1_dhigh_asurplus_pcross_heavy_gsingleton_seed0,warehouse_random_factorial,carrier_brd,1,17,47.0,47000000,26,9,12,2,0.2549,4,17,47,47000000,17,47,47000000,0,0,0,0,0,0,0,0,NOT_ATTEMPTED,0,0,0,0,-1,-1,-1,-1,-1,0,0,0,0,0,0,0,0,0,0,0,0,0,,,,,,,,,,,,,0,0,0,0,0,0,0,0,0,0,0,0,0,0,0,0,0,0,0,BOTTLENECK_TARGET_FRONTIER_CONTINUITY_V2,0,0,0,0,0,0,0,0,0,0,0,0,0,0,0,0,0,0.010265,0,0,0,0,0,0,0.46206,1.58278,3,3,2,6,5,0.096894,140,0,0,66,TASKBR_VACANCY_V1,0.173698,2,6,4,6,0,4,0.076505,0.002233,0,4,0,7,7,0,4,4,"1,1,2,2",2,0,4,1.46708,21,0,0.037372,0.06122,17,47000000,0,4,1,SOLVED,4,4.26391,2099186e2b9dc56a9404be882dbbc580e0cda4b7136e9b7fcd0a41a50d9b2d2c,0.012,ok,
g1_dhigh_asurplus_plocal_gshared_pool_seed0,warehouse_random_factorial,carrier_brd,1,18,39.0,39000000,17,12,10,1,0.1574,4,18,39,39000000,18,39,39000000,0,0,0,0,0,0,0,0,NOT_ATTEMPTED,0,0,0,0,-1,-1,-1,-1,-1,0,0,0,0,0,0,0,0,0,0,0,0,0,,,,,,,,,,,,,0,0,0,0,0,0,0,0,0,0,0,0,0,0,0,0,0,0,0,BOTTLENECK_TARGET_FRONTIER_CONTINUITY_V2,0,0,0,0,0,0,0,0,0,0,0,0,0,0,0,0,0,0.010648,0,0,0,0,0,0,0.795831,1.1261,3,3,2,5,14,0.206701,392,0,0,7,TASKBR_VACANCY_V1,0.162797,2,5,4,5,0,5,0.072318,0.001866,0,4,0,5,5,0,5,5,"1,1,1,1,1",3,0,5,1.68211,23,0,0.042102,0.05165,18,39000000,0,4,1,SOLVED,4,4.34038,edf4952a9be60b7d03dd1b39ab001d110d1845ae485cddded0d5ef567af8e9a0,0.013,ok,
g1_dhigh_asurplus_plocal_gsingleton_seed0,warehouse_random_factorial,carrier_brd,1,19,41.0,41000000,16,13,12,2,0.1404,4,19,41,41000000,19,41,41000000,0,0,0,0,0,0,0,0,NOT_ATTEMPTED,0,0,0,0,-1,-1,-1,-1,-1,0,0,0,0,0,0,0,0,0,0,0,0,0,,,,,,,,,,,,,0,0,0,0,0,0,0,0,0,0,0,0,0,0,0,0,0,0,0,BOTTLENECK_TARGET_FRONTIER_CONTINUITY_V2,0,0,0,0,0,0,0,0,0,0,0,0,0,0,0,0,0,0.008742,0,0,0,0,0,0,0.49551,1.36745,3,3,2,6,7,0.130429,196,0,0,42,TASKBR_VACANCY_V1,0.193839,2,6,4,6,0,4,0.103783,0.002312,0,4,0,7,7,0,4,4,"2,1,1,2",1,0,4,1.44391,23,0,0.033992,0.052778,19,41000000,0,3,1,SOLVED,4,4.11496,22acbf011c3963854d2c06d193f25030ae38594282750d5d16db72d5cc59110c,0.012,ok,
g1_dhigh_asurplus_pmixed_gshared_pool_seed0,warehouse_random_factorial,carrier_brd,1,13,38.0,38000000,10,20,8,0,0.1282,3,13,38,38000000,13,38,38000000,0,0,0,0,0,0,0,0,NOT_ATTEMPTED,0,0,0,0,-1,-1,-1,-1,-1,0,0,0,0,0,0,0,0,0,0,0,0,0,,,,,,,,,,,,,0,0,0,0,0,0,0,0,0,0,0,0,0,0,0,0,0,0,0,BOTTLENECK_TARGET_FRONTIER_CONTINUITY_V2,0,0,0,0,0,0,0,0,0,0,0,0,0,0,0,0,0,0.007909,0,0,0,0,0,0,0.668332,1.10906,2,2,1,4,12,0.158639,336,0,0,28,TASKBR_VACANCY_V1,0.106147,1,4,4,4,0,4,0.075759,0.001967,0,4,0,6,6,0,4,4,"1,1,1,1",2,0,4,1.4131,17,0,0.033621,0.041348,13,38000000,0,3,1,SOLVED,3,3.75068,847c093477d8c34112b29aec974eee4e476f7df16be2f1eba06ebc67f7c7e762,0.012,ok,
g1_dhigh_asurplus_pmixed_gsingleton_seed0,warehouse_random_factorial,carrier_brd,1,17,51.0,51000000,28,11,12,2,0.2745,4,17,51,51000000,17,51,51000000,0,0,0,0,0,0,0,0,NOT_ATTEMPTED,0,0,0,0,-1,-1,-1,-1,-1,0,0,0,0,0,0,0,0,0,0,0,0,0,,,,,,,,,,,,,0,0,0,0,0,0,0,0,0,0,0,0,0,0,0,0,0,0,0,BOTTLENECK_TARGET_FRONTIER_CONTINUITY_V2,0,0,0,0,0,0,0,0,0,0,0,0,0,0,0,0,0,0.010657,0,0,0,0,0,0,0.490964,1.6445,3,3,2,6,7,0.116477,196,0,0,119,TASKBR_VACANCY_V1,0.182587,2,6,4,6,0,4,0.07858,0.001887,0,4,0,6,6,0,4,4,"2,1,1,2",2,0,4,1.45917,21,0,0.041592,0.048487,17,51000000,0,4,1,SOLVED,4,4.3497,a44744606dcd4f5fc5f2a4cb6d65a56627c20fdb599dbd716f31c0468a9e98c0,0.013,ok,
g1_dlow_abaseline_pcross_heavy_gshared_pool_seed0,warehouse_random_factorial,carrier_brd,1,12,30.0,30000000,7,15,8,0,0.1944,3,12,30,30000000,12,30,30000000,0,0,0,0,0,0,0,0,NOT_ATTEMPTED,0,0,0,0,-1,-1,-1,-1,-1,0,0,0,0,0,0,0,0,0,0,0,0,0,,,,,,,,,,,,,0,0,0,0,0,0,0,0,0,0,0,0,0,0,0,0,0,0,0,BOTTLENECK_TARGET_FRONTIER_CONTINUITY_V2,0,0,0,0,0,0,0,0,0,0,0,0,0,0,0,0,0,0.007744,0,0,0,0,0,0,0.662384,0.76119,2,2,1,4,10,0.125672,280,0,0,0,TASKBR_VACANCY_V1,0.080762,1,4,4,4,0,4,0.055152,0.002112,0,4,0,5,5,0,4,4,"1,1,1,1",2,0,4,1.31513,16,0,0.034379,0.022452,12,30000000,0,3,1,SOLVED,3,3.10919,9ca24b529cad58b15e2ae22d8023c64b9a091b5a60c017b183b0a74727bb9cd7,0.011,ok,
g1_dlow_abaseline_pcross_heavy_gsingleton_seed0,warehouse_random_factorial,carrier_brd,1,24,55.0,55000000,24,19,12,2,0.3333,3,24,55,55000000,24,55,55000000,0,0,0,0,0,0,0,0,NOT_ATTEMPTED,0,0,0,0,-1,-1,-1,-1,-1,0,0,0,0,0,0,0,0,0,0,0,0,0,,,,,,,,,,,,,0,0,0,0,0,0,0,0,0,0,0,0,0,0,0,0,0,0,0,BOTTLENECK_TARGET_FRONTIER_CONTINUITY_V2,0,0,0,0,0,0,0,0,0,0,0,0,0,0,0,0,0,0.014533,0,0,0,0,0,0,0.537177,0.863829,3,3,2,6,5,0.092558,140,0,0,0,TASKBR_VACANCY_V1,0.161996,2,6,4,6,0,5,0.068715,0.002737,0,4,0,7,7,0,5,5,"1,2,1,1,1",2,0,5,1.7591,29,0,0.061193,0.06162,24,55000000,0,3,1,SOLVED,3,3.81237,d2cb2874e30c0eb7f08bc6ac83f0137ae7620e2911047f1158b93ee6f27475f0,0.012,ok,
g1_dlow_abaseline_plocal_gshared_pool_seed0,warehouse_random_factorial,carrier_brd,1,24,48.0,48000000,9,27,12,2,0.125,4,24,48,48000000,24,48,48000000,0,0,0,0,0,0,0,0,NOT_ATTEMPTED,0,0,0,0,-1,-1,-1,-1,-1,0,0,0,0,0,0,0,0,0,0,0,0,0,,,,,,,,,,,,,0,0,0,0,0,0,0,0,0,0,0,0,0,0,0,0,0,0,0,BOTTLENECK_TARGET_FRONTIER_CONTINUITY_V2,0,0,0,0,0,0,0,0,0,0,0,0,0,0,0,0,0,0.012466,0,0,0,0,0,0,0.719262,0.977514,3,3,2,6,12,0.158528,336,0,0,0,TASKBR_VACANCY_V1,0.133387,2,6,4,6,0,6,0.069695,0.002933,0,4,0,8,8,0,6,6,"1,1,1,1,1,1",2,0,6,1.93885,30,0,0.047846,0.040754,24,48000000,0,4,1,SOLVED,4,4.22257,21bcb11f14d20f179a73c1ca87138c581e235ff628336825b912a9ab27a1f8e6,0.011,ok,
g1_dlow_abaseline_plocal_gsingleton_seed0,warehouse_random_factorial,carrier_brd,1,16,37.0,37000000,12,13,12,2,0.25,3,16,37,37000000,16,37,37000000,0,0,0,0,0,0,0,0,NOT_ATTEMPTED,0,0,0,0,-1,-1,-1,-1,-1,0,0,0,0,0,0,0,0,0,0,0,0,0,,,,,,,,,,,,,0,0,0,0,0,0,0,0,0,0,0,0,0,0,0,0,0,0,0,BOTTLENECK_TARGET_FRONTIER_CONTINUITY_V2,0,0,0,0,0,0,0,0,0,0,0,0,0,0,0,0,0,0.02045,0,0,0,0,0,0,0.523076,0.887967,3,3,2,6,5,0.097868,140,0,0,0,TASKBR_VACANCY_V1,0.155968,2,6,4,6,0,5,0.078071,0.003145,0,4,0,7,7,0,5,5,"1,1,1,1,2",2,0,5,1.74516,21,0,0.041812,0.028495,16,37000000,0,3,1,SOLVED,3,3.70701,d094d202540a08e2df0250b5bd3d140a7ffd5d541d9af09074a7285851fdb13a,0.013,ok,
g1_dlow_abaseline_pmixed_gshared_pool_seed0,warehouse_random_factorial,carrier_brd,1,18,39.0,39000000,10,19,10,1,0.1852,4,18,39,39000000,18,39,39000000,0,0,0,0,0,0,0,0,NOT_ATTEMPTED,0,0,0,0,-1,-1,-1,-1,-1,0,0,0,0,0,0,0,0,0,0,0,0,0,,,,,,,,,,,,,0,0,0,0,0,0,0,0,0,0,0,0,0,0,0,0,0,0,0,BOTTLENECK_TARGET_FRONTIER_CONTINUITY_V2,0,0,0,0,0,0,0,0,0,0,0,0,0,0,0,0,0,0.015677,0,0,0,0,0,0,0.698699,0.848114,3,3,2,5,11,0.156996,308,0,0,0,TASKBR_VACANCY_V1,0.269337,2,5,4,5,0,5,0.071112,0.002781,0,4,0,7,7,0,5,5,"1,1,1,1,1",2,0,5,1.82704,23,0,0.053978,0.041836,18,39000000,0,3,1,SOLVED,4,4.09004,9651ece7c1af023ca03e1998d3cd512aedbe7df611cf18a1a2f249d8e97d7367,0.012,ok,
g1_dlow_abaseline_pmixed_gsingleton_seed0,warehouse_random_factorial,carrier_brd,1,28,60.0,60000000,22,26,12,2,0.2619,3,28,60,60000000,28,60,60000000,0,0,0,0,0,0,0,0,NOT_ATTEMPTED,0,0,0,0,-1,-1,-1,-1,-1,0,0,0,0,0,0,0,0,0,0,0,0,0,,,,,,,,,,,,,0,0,0,0,0,0,0,0,0,0,0,0,0,0,0,0,0,0,0,BOTTLENECK_TARGET_FRONTIER_CONTINUITY_V2,0,0,0,0,0,0,0,0,0,0,0,0,0,0,0,0,0,0.020423,0,0,0,0,0,0,0.512419,0.938612,3,3,2,6,5,0.087828,140,0,0,0,TASKBR_VACANCY_V1,0.153644,2,6,4,6,0,5,0.06917,0.002782,0,4,0,7,7,0,5,5,"2,1,1,1,1",1,0,5,1.74784,33,0,0.040434,0.047367,28,60000000,0,3,1,SOLVED,3,3.86164,568eb7f04184f90e52cc1739d268f94894cdc49cc8fac7863dc634ac79735cad,0.011,ok,
g1_dlow_aequal_pcross_heavy_gshared_pool_seed0,warehouse_random_factorial,carrier_brd,1,10,33.0,33000000,7,18,8,0,0.175,2,10,33,33000000,10,33,33000000,0,0,0,0,0,0,0,0,NOT_ATTEMPTED,0,0,0,0,-1,-1,-1,-1,-1,0,0,0,0,0,0,0,0,0,0,0,0,0,,,,,,,,,,,,,0,0,0,0,0,0,0,0,0,0,0,0,0,0,0,0,0,0,0,BOTTLENECK_TARGET_FRONTIER_CONTINUITY_V2,0,0,0,0,0,0,0,0,0,0,0,0,0,0,0,0,0,0.010564,0,0,0,0,0,0,0.67874,0.830558,2,2,1,4,10,0.136168,280,0,0,0,TASKBR_VACANCY_V1,0.093651,1,4,4,4,0,3,0.058024,0.001876,0,4,0,6,6,0,3,3,"1,1,2",2,0,3,1.00431,13,0,0.026827,0.02282,10,33000000,0,2,1,SOLVED,2,2.87933,061a72fff58347f3d17b0d0b1116ac902c39915ad56fd056ce422b0fca0b2aac,0.011,ok,
g1_dlow_aequal_pcross_heavy_gsingleton_seed0,warehouse_random_factorial,carrier_brd,1,19,51.0,51000000,24,15,12,2,0.3158,3,19,51,51000000,19,51,51000000,0,0,0,0,0,0,0,0,NOT_ATTEMPTED,0,0,0,0,-1,-1,-1,-1,-1,0,0,0,0,0,0,0,0,0,0,0,0,0,,,,,,,,,,,,,0,0,0,0,0,0,0,0,0,0,0,0,0,0,0,0,0,0,0,BOTTLENECK_TARGET_FRONTIER_CONTINUITY_V2,0,0,0,0,0,0,0,0,0,0,0,0,0,0,0,0,0,0.011621,0,0,0,0,0,0,0.461498,0.94655,3,3,2,6,5,0.09332,140,0,0,0,TASKBR_VACANCY_V1,0.130403,2,6,4,6,0,5,0.055851,0.001838,0,4,0,6,6,0,5,5,"1,1,1,1,2",3,0,5,1.61977,24,0,0.042007,0.034176,19,51000000,0,3,1,SOLVED,3,3.55918,7fcce3cd3f4e690826be9b05aaf9dfa5f70fa99f0d322550c9e418ce6c5d2dee,0.011,ok,
g1_dlow_aequal_plocal_gshared_pool_seed0,warehouse_random_factorial,carrier_brd,1,12,36.0,36000000,9,15,12,2,0.1875,3,12,36,36000000,12,36,36000000,0,0,0,0,0,0,0,0,NOT_ATTEMPTED,0,0,0,0,-1,-1,-1,-1,-1,0,0,0,0,0,0,0,0,0,0,0,0,0,,,,,,,,,,,,,0,0,0,0,0,0,0,0,0,0,0,0,0,0,0,0,0,0,0,BOTTLENECK_TARGET_FRONTIER_CONTINUITY_V2,0,0,0,0,0,0,0,0,0,0,0,0,0,0,0,0,0,0.01355,0,0,0,0,0,0,0.676079,0.953254,3,3,2,6,12,0.149805,336,0,0,0,TASKBR_VACANCY_V1,0.134712,2,6,4,6,0,5,0.056076,0.002004,0,4,0,6,6,0,5,5,"1,1,1,1,2",3,0,5,1.52314,17,0,0.041619,0.022636,12,36000000,0,3,1,SOLVED,3,3.60758,351fa99204d9d88f3a691ae76b40ffad3ff5e79da9e57794624b88ece445ee38,0.012,ok,
g1_dlow_aequal_plocal_gsingleton_seed0,warehouse_random_factorial,carrier_brd,1,15,38.0,38000000,12,14,12,2,0.2,4,15,38,38000000,15,38,38000000,0,0,0,0,0,0,0,0,NOT_ATTEMPTED,0,0,0,0,-1,-1,-1,-1,-1,0,0,0,0,0,0,0,0,0,0,0,0,0,,,,,,,,,,,,,0,0,0,0,0,0,0,0,0,0,0,0,0,0,0,0,0,0,0,BOTTLENECK_TARGET_FRONTIER_CONTINUITY_V2,0,0,0,0,0,0,0,0,0,0,0,0,0,0,0,0,0,0.011691,0,0,0,0,0,0,0.69669,1.16375,3,3,2,6,5,0.129674,140,0,0,0,TASKBR_VACANCY_V1,0.18313,2,6,4,6,0,5,0.093138,0.003127,0,4,0,8,8,0,5,5,"1,1,1,1,2",2,0,5,1.91783,20,0,0.050178,0.034276,15,38000000,0,4,1,SOLVED,4,4.42558,7747f079d94724cd1c085c8940511bbececbae22de19196241cf4f6713183f73,0.012,ok,
g1_dlow_aequal_pmixed_gshared_pool_seed0,warehouse_random_factorial,carrier_brd,1,14,44.0,44000000,10,24,10,1,0.1786,3,14,44,44000000,14,44,44000000,0,0,0,0,0,0,0,0,NOT_ATTEMPTED,0,0,0,0,-1,-1,-1,-1,-1,0,0,0,0,0,0,0,0,0,0,0,0,0,,,,,,,,,,,,,0,0,0,0,0,0,0,0,0,0,0,0,0,0,0,0,0,0,0,BOTTLENECK_TARGET_FRONTIER_CONTINUITY_V2,0,0,0,0,0,0,0,0,0,0,0,0,0,0,0,0,0,0.015533,0,0,0,0,0,0,0.655242,0.84923,3,3,2,5,11,0.155799,308,0,0,0,TASKBR_VACANCY_V1,0.090753,2,5,4,5,0,4,0.048506,0.00163,0,4,0,5,5,0,4,4,"1,1,2,1",3,0,4,1.24387,18,0,0.037782,0.026322,14,44000000,0,3,1,SOLVED,3,3.14972,82bb664038cd93bfb54f871f6878893801bd5fc5e45deb60f4c73673add45c50,0.011,ok,
g1_dlow_aequal_pmixed_gsingleton_seed0,warehouse_random_factorial,carrier_brd,1,16,50.0,50000000,22,16,12,2,0.3438,3,16,50,50000000,16,50,50000000,0,0,0,0,0,0,0,0,NOT_ATTEMPTED,0,0,0,0,-1,-1,-1,-1,-1,0,0,0,0,0,0,0,0,0,0,0,0,0,,,,,,,,,,,,,0,0,0,0,0,0,0,0,0,0,0,0,0,0,0,0,0,0,0,BOTTLENECK_TARGET_FRONTIER_CONTINUITY_V2,0,0,0,0,0,0,0,0,0,0,0,0,0,0,0,0,0,0.014214,0,0,0,0,0,0,0.51007,0.898382,3,3,2,6,5,0.090793,140,0,0,0,TASKBR_VACANCY_V1,0.130791,2,6,4,6,0,5,0.058724,0.00191,0,4,0,6,6,0,5,5,"1,1,1,1,2",3,0,5,1.60613,21,0,0.044236,0.031759,16,50000000,0,3,1,SOLVED,3,3.53446,c84cfebc47156a404bd753dc646c0fdd25e154eeec4cbe66b99903690fef89e0,0.011,ok,
g1_dlow_ascarce_pcross_heavy_gshared_pool_seed0,warehouse_random_factorial,carrier_brd,1,18,33.0,33000000,7,18,8,0,0.1944,3,18,33,33000000,18,33,33000000,0,0,0,0,0,0,0,0,NOT_ATTEMPTED,0,0,0,0,-1,-1,-1,-1,-1,0,0,0,0,0,0,0,0,0,0,0,0,0,,,,,,,,,,,,,0,0,0,0,0,0,0,0,0,0,0,0,0,0,0,0,0,0,0,BOTTLENECK_TARGET_FRONTIER_CONTINUITY_V2,0,0,0,0,0,0,0,0,0,0,0,0,0,0,0,0,0,0.011476,0,0,0,0,0,0,0.651973,0.76271,2,2,1,4,10,0.126464,280,0,0,0,TASKBR_VACANCY_V1,0.08294,1,4,4,4,0,4,0.06773,0.002509,0,4,0,6,6,0,4,4,"1,1,1,1",1,1,4,1.37995,22,0,0.039168,0.032321,18,33000000,0,3,1,SOLVED,3,3.21659,875e714e90821df7b0b176d553ffcdf56feb753911aaa68fdd3fd8e08980d45d,0.011,ok,
g1_dlow_ascarce_pcross_heavy_gsingleton_seed0,warehouse_random_factorial,carrier_brd,1,32,59.0,59000000,24,23,12,2,0.375,3,32,59,59000000,32,59,59000000,0,0,0,0,0,0,0,0,NOT_ATTEMPTED,0,0,0,0,-1,-1,-1,-1,-1,0,0,0,0,0,0,0,0,0,0,0,0,0,,,,,,,,,,,,,0,0,0,0,0,0,0,0,0,0,0,0,0,0,0,0,0,0,0,BOTTLENECK_TARGET_FRONTIER_CONTINUITY_V2,0,0,0,0,0,0,0,0,0,0,0,0,0,0,0,0,0,0.023234,0,0,0,0,0,0,0.490662,0.858812,3,3,2,6,5,0.088428,140,0,0,0,TASKBR_VACANCY_V1,0.132495,2,6,4,6,0,6,0.075585,0.002987,0,4,0,8,8,0,6,6,"1,1,1,1,1,1",1,0,6,1.94003,38,0,0.047926,0.045233,32,59000000,0,3,1,SOLVED,3,3.95099,7b43d4ed750449ef1daf6558a8178a59051cf6ed8c7eb7dcd4c90d8ab6c46f7e,0.012,ok,
g1_dlow_ascarce_plocal_gshared_pool_seed0,warehouse_random_factorial,carrier_brd,1,26,49.0,49000000,9,28,12,2,0.1731,4,26,49,49000000,26,49,49000000,0,0,0,0,0,0,0,0,NOT_ATTEMPTED,0,0,0,0,-1,-1,-1,-1,-1,0,0,0,0,0,0,0,0,0,0,0,0,0,,,,,,,,,,,,,0,0,0,0,0,0,0,0,0,0,0,0,0,0,0,0,0,0,0,BOTTLENECK_TARGET_FRONTIER_CONTINUITY_V2,0,0,0,0,0,0,0,0,0,0,0,0,0,0,0,0,0,0.014359,0,0,0,0,0,0,0.724289,1.01741,3,3,2,6,12,0.181481,336,0,0,0,TASKBR_VACANCY_V1,0.130327,2,6,4,6,0,6,0.067265,0.002793,0,4,0,7,7,0,6,6,"1,1,1,1,1,1",1,1,6,1.86632,32,0,0.052492,0.038587,26,49000000,0,4,1,SOLVED,4,4.18313,bdfeed711a0194a3705fc0395ce16b03c84da140fca1aa5a584e8ea88e803598,0.012,ok,
g1_dlow_ascarce_plocal_gsingleton_seed0,warehouse_random_factorial,carrier_brd,1,27,46.0,46000000,12,22,12,2,0.2222,3,27,46,46000000,27,46,46000000,0,0,0,0,0,0,0,0,NOT_ATTEMPTED,0,0,0,0,-1,-1,-1,-1,-1,0,0,0,0,0,0,0,0,0,0,0,0,0,,,,,,,,,,,,,0,0,0,0,0,0,0,0,0,0,0,0,0,0,0,0,0,0,0,BOTTLENECK_TARGET_FRONTIER_CONTINUITY_V2,0,0,0,0,0,0,0,0,0,0,0,0,0,0,0,0,0,0.016107,0,0,0,0,0,0,0.479455,0.813279,3,3,2,6,5,0.090679,140,0,0,0,TASKBR_VACANCY_V1,0.129013,2,6,4,6,0,6,0.080648,0.00306,0,4,0,8,8,0,6,6,"1,1,1,1,1,1",1,0,6,1.94519,33,0,0.047481,0.039898,27,46000000,0,3,1,SOLVED,3,3.8647,2769bd62a94d18e2ee5186ee409c2a600ea7963846e8b0247cd64d942a559194,0.011,ok,
g1_dlow_ascarce_pmixed_gshared_pool_seed0,warehouse_random_factorial,carrier_brd,1,22,40.0,40000000,10,20,10,1,0.2273,3,22,40,40000000,22,40,40000000,0,0,0,0,0,0,0,0,NOT_ATTEMPTED,0,0,0,0,-1,-1,-1,-1,-1,0,0,0,0,0,0,0,0,0,0,0,0,0,,,,,,,,,,,,,0,0,0,0,0,0,0,0,0,0,0,0,0,0,0,0,0,0,0,BOTTLENECK_TARGET_FRONTIER_CONTINUITY_V2,0,0,0,0,0,0,0,0,0,0,0,0,0,0,0,0,0,0.010474,0,0,0,0,0,0,0.697821,0.846024,3,3,2,5,11,0.160565,308,0,0,0,TASKBR_VACANCY_V1,0.111858,2,5,4,5,0,5,0.068239,0.002529,0,4,0,6,6,0,5,5,"1,1,1,1,1",1,1,5,1.56232,27,0,0.039562,0.031675,22,40000000,0,3,1,SOLVED,3,3.59103,2a299024dc8320212446d0b9a35d0b08e673261c002147561fc3c7aa9a6df31a,0.011,ok,
g1_dlow_ascarce_pmixed_gsingleton_seed0,warehouse_random_factorial,carrier_brd,1,33,62.0,62000000,22,28,12,2,0.3333,3,33,62,62000000,33,62,62000000,0,0,0,0,0,0,0,0,NOT_ATTEMPTED,1,0,0,0,-1,-1,-1,-1,-1,0,0,0,0,0,0,0,0,0,0,0,0,0,,,,,,,,,,,,,0,0,0,0,0,0,0,0,0,0,0,0,0,0,0,0,0,0,0,BOTTLENECK_TARGET_FRONTIER_CONTINUITY_V2,0,0,0,0,0,0,0,0,0,0,0,0,0,0,0,0,0,0.021437,0,0,0,0,0,0,0.460706,0.842273,3,3,2,6,5,0.080453,140,0,0,0,TASKBR_VACANCY_V1,0.131164,2,6,4,6,0,6,0.068175,0.002674,0,4,0,7,7,0,6,6,"1,1,1,1,1,1",1,1,6,1.97004,39,0,0.056351,0.052692,33,62000000,0,3,1,SOLVED,3,3.97192,043df1206a030d5441ee85d0ab195edf644c17e666a98770edd4c792825d9ac4,0.011,ok,
g1_dlow_asurplus_pcross_heavy_gshared_pool_seed0,warehouse_random_factorial,carrier_brd,1,10,30.0,30000000,7,15,8,0,0.1167,3,10,30,30000000,10,30,30000000,0,0,0,0,0,0,0,0,NOT_ATTEMPTED,0,0,0,0,-1,-1,-1,-1,-1,0,0,0,0,0,0,0,0,0,0,0,0,0,,,,,,,,,,,,,0,0,0,0,0,0,0,0,0,0,0,0,0,0,0,0,0,0,0,BOTTLENECK_TARGET_FRONTIER_CONTINUITY_V2,0,0,0,0,0,0,0,0,0,0,0,0,0,0,0,0,0,0.00895,0,0,0,0,0,0,0.702775,0.876095,2,2,1,4,10,0.137291,280,0,0,0,TASKBR_VACANCY_V1,0.084317,1,4,4,4,0,4,0.061052,0.001692,0,4,0,5,5,0,4,4,"1,1,1,1",2,0,4,1.40574,14,0,0.041685,0.033152,10,30000000,0,3,1,SOLVED,3,3.40544,97e59c4fd24ccfb3dda1f8de6f0aae736853d7a9af7f245dc7194ec6be812ed9,0.011,ok,
g1_dlow_asurplus_pcross_heavy_gsingleton_seed0,warehouse_random_factorial,carrier_brd,1,17,45.0,45000000,24,9,12,2,0.2353,3,17,45,45000000,17,45,45000000,0,0,0,0,0,0,0,0,NOT_ATTEMPTED,0,0,0,0,-1,-1,-1,-1,-1,0,0,0,0,0,0,0,0,0,0,0,0,0,,,,,,,,,,,,,0,0,0,0,0,0,0,0,0,0,0,0,0,0,0,0,0,0,0,BOTTLENECK_TARGET_FRONTIER_CONTINUITY_V2,0,0,0,0,0,0,0,0,0,0,0,0,0,0,0,0,0,0.014064,0,0,0,0,0,0,0.470694,0.8859,3,3,2,6,5,0.088461,140,0,0,0,TASKBR_VACANCY_V1,0.131089,2,6,4,6,0,4,0.0767,0.002234,0,4,0,7,7,0,4,4,"1,1,2,2",2,0,4,1.33656,21,0,0.032135,0.03567,17,45000000,0,3,1,SOLVED,3,3.25672,ad681669db8dc88f4a2b591e4f69949723006964331a8e8fd5e4dd4839f939f5,0.011,ok,
g1_dlow_asurplus_plocal_gshared_pool_seed0,warehouse_random_factorial,carrier_brd,1,12,33.0,33000000,9,12,12,2,0.125,4,12,33,33000000,12,33,33000000,0,0,0,0,0,0,0,0,NOT_ATTEMPTED,0,0,0,0,-1,-1,-1,-1,-1,0,0,0,0,0,0,0,0,0,0,0,0,0,,,,,,,,,,,,,0,0,0,0,0,0,0,0,0,0,0,0,0,0,0,0,0,0,0,BOTTLENECK_TARGET_FRONTIER_CONTINUITY_V2,0,0,0,0,0,0,0,0,0,0,0,0,0,0,0,0,0,0.016463,0,0,0,0,0,0,0.781234,0.972514,3,3,2,6,12,0.169358,336,0,0,0,TASKBR_VACANCY_V1,0.146756,2,6,4,6,0,5,0.065508,0.001864,0,4,0,6,6,0,5,5,"1,1,1,1,2",3,0,5,1.74721,17,0,0.047201,0.031816,12,33000000,0,3,1,SOLVED,4,4.01108,9fff0476eaced08edb0a4b628ccecce687be203a2a5e19c4415bdf64b40fd116,0.012,ok,
g1_dlow_asurplus_plocal_gsingleton_seed0,warehouse_random_factorial,carrier_brd,1,15,37.0,37000000,12,13,12,2,0.1333,3,15,37,37000000,15,37,37000000,0,0,0,0,0,0,0,0,NOT_ATTEMPTED,0,0,0,0,-1,-1,-1,-1,-1,0,0,0,0,0,0,0,0,0,0,0,0,0,,,,,,,,,,,,,0,0,0,0,0,0,0,0,0,0,0,0,0,0,0,0,0,0,0,BOTTLENECK_TARGET_FRONTIER_CONTINUITY_V2,0,0,0,0,0,0,0,0,0,0,0,0,0,0,0,0,0,0.010024,0,0,0,0,0,0,0.530835,0.814946,3,3,2,6,5,0.096994,140,0,0,0,TASKBR_VACANCY_V1,0.130181,2,6,4,6,0,4,0.09427,0.002116,0,4,0,7,7,0,4,4,"2,1,1,2",1,0,4,1.38086,19,0,0.031863,0.031357,15,37000000,0,3,1,SOLVED,3,3.25319,f5a44d2f5ffbc7e39eb021a0f2c751c8516a1759c0fd601e4ea0dee71d3b0ee9,0.012,ok,
g1_dlow_asurplus_pmixed_gshared_pool_seed0,warehouse_random_factorial,carrier_brd,1,14,42.0,42000000,10,22,10,1,0.119,2,14,42,42000000,14,42,42000000,0,0,0,0,0,0,0,0,NOT_ATTEMPTED,2,0,0,0,-1,-1,-1,-1,-1,0,0,0,0,0,0,0,0,0,0,0,0,0,,,,,,,,,,,,,0,0,0,0,0,0,0,0,0,0,0,0,0,0,0,0,0,0,0,BOTTLENECK_TARGET_FRONTIER_CONTINUITY_V2,0,0,0,0,0,0,0,0,0,0,0,0,0,0,0,0,0,0.01307,0,0,0,0,0,0,0.636081,0.873578,3,3,2,5,11,0.158056,308,0,0,0,TASKBR_VACANCY_V1,0.087471,2,5,4,5,0,3,0.076809,0.00216,0,4,0,7,7,0,3,3,"1,3,1",1,0,3,1.02599,17,0,0.024676,0.03136,14,42000000,0,2,1,SOLVED,2,2.9719,34fa2de3bcb69cb8ca4d417948e37a9915fc0b24c73531a8614c74b80d519b3e,0.011,ok,
g1_dlow_asurplus_pmixed_gsingleton_seed0,warehouse_random_factorial,carrier_brd,1,14,45.0,45000000,22,11,12,2,0.2619,3,14,45,45000000,14,45,45000000,0,0,0,0,0,0,0,0,NOT_ATTEMPTED,0,0,0,0,-1,-1,-1,-1,-1,0,0,0,0,0,0,0,0,0,0,0,0,0,,,,,,,,,,,,,0,0,0,0,0,0,0,0,0,0,0,0,0,0,0,0,0,0,0,BOTTLENECK_TARGET_FRONTIER_CONTINUITY_V2,0,0,0,0,0,0,0,0,0,0,0,0,0,0,0,0,0,0.011092,0,0,0,0,0,0,0.456497,0.861706,3,3,2,6,5,0.08146,140,0,0,0,TASKBR_VACANCY_V1,0.131531,2,6,4,6,0,4,0.069795,0.00191,0,4,0,6,6,0,4,4,"1,2,1,2",3,0,4,1.30424,18,0,0.037761,0.030751,14,45000000,0,3,1,SOLVED,3,3.12078,6048dcc15c87ce01a57c103349872e1d0f41e61796175ccb1f574debc1816498,0.011,ok,
g1_dmedium_abaseline_pcross_heavy_gshared_pool_seed0,warehouse_random_factorial,carrier_brd,1,12,30.0,30000000,7,15,8,0,0.1944,3,12,30,30000000,12,30,30000000,0,0,0,0,0,0,0,0,NOT_ATTEMPTED,0,0,0,0,-1,-1,-1,-1,-1,0,0,0,0,0,0,0,0,0,0,0,0,0,,,,,,,,,,,,,0,0,0,0,0,0,0,0,0,0,0,0,0,0,0,0,0,0,0,BOTTLENECK_TARGET_FRONTIER_CONTINUITY_V2,0,0,0,0,0,0,0,0,0,0,0,0,0,0,0,0,0,0.011138,0,0,0,0,0,0,0.655258,0.977168,2,2,1,4,10,0.141941,280,0,0,5,TASKBR_VACANCY_V1,0.088307,1,4,4,4,0,4,0.053206,0.001969,0,4,0,5,5,0,4,4,"1,1,1,1",2,0,4,1.29056,16,0,0.031831,0.033087,12,30000000,0,3,1,SOLVED,3,3.36269,9ca24b529cad58b15e2ae22d8023c64b9a091b5a60c017b183b0a74727bb9cd7,0.012,ok,
g1_dmedium_abaseline_pcross_heavy_gsingleton_seed0,warehouse_random_factorial,carrier_brd,1,27,61.0,61000000,26,23,12,2,0.321,4,27,61,61000000,27,61,61000000,0,0,0,0,0,0,0,0,NOT_ATTEMPTED,0,0,0,0,-1,-1,-1,-1,-1,0,0,0,0,0,0,0,0,0,0,0,0,0,,,,,,,,,,,,,0,0,0,0,0,0,0,0,0,0,0,0,0,0,0,0,0,0,0,BOTTLENECK_TARGET_FRONTIER_CONTINUITY_V2,0,0,0,0,0,0,0,0,0,0,0,0,0,0,0,0,0,0.019363,0,0,0,0,0,0,0.53533,1.16385,3,3,2,6,5,0.098506,140,0,0,0,TASKBR_VACANCY_V1,0.142985,2,6,4,6,0,6,0.072626,0.002788,0,4,0,8,8,0,6,6,"1,1,1,1,1,1",2,0,6,1.9991,33,0,0.053107,0.05872,27,61000000,0,4,1,SOLVED,4,4.46089,02bca0490b6b008edf00e9afa70584636be95025d4ad6883c5d1e984f6a246af,0.012,ok,
g1_dmedium_abaseline_plocal_gshared_pool_seed0,warehouse_random_factorial,carrier_brd,1,21,50.0,50000000,19,19,12,2,0.3016,4,21,50,50000000,21,50,50000000,0,0,0,0,0,0,0,0,NOT_ATTEMPTED,0,0,0,0,-1,-1,-1,-1,-1,0,0,0,0,0,0,0,0,0,0,0,0,0,,,,,,,,,,,,,0,0,0,0,0,0,0,0,0,0,0,0,0,0,0,0,0,0,0,BOTTLENECK_TARGET_FRONTIER_CONTINUITY_V2,0,0,0,0,0,0,0,0,0,0,0,0,0,0,0,0,0,0.010787,0,0,0,0,0,0,0.858385,1.20933,3,3,2,6,13,0.20385,364,0,0,9,TASKBR_VACANCY_V1,0.150044,2,6,4,6,0,5,0.06552,0.002724,0,4,0,7,7,0,5,5,"1,1,1,1,2",2,0,5,1.69976,26,0,0.047397,0.0458,21,50000000,0,4,1,SOLVED,4,4.45405,054824bbedeff7d2312f4731ebb4a93e6e602e61002942ba6ea974b0e687d73f,0.013,ok,
g1_dmedium_abaseline_plocal_gsingleton_seed0,warehouse_random_factorial,carrier_brd,1,16,37.0,37000000,12,13,12,2,0.25,3,16,37,37000000,16,37,37000000,0,0,0,0,0,0,0,0,NOT_ATTEMPTED,0,0,0,0,-1,-1,-1,-1,-1,0,0,0,0,0,0,0,0,0,0,0,0,0,,,,,,,,,,,,,0,0,0,0,0,0,0,0,0,0,0,0,0,0,0,0,0,0,0,BOTTLENECK_TARGET_FRONTIER_CONTINUITY_V2,0,0,0,0,0,0,0,0,0,0,0,0,0,0,0,0,0,0.009009,0,0,0,0,0,0,0.466927,1.0892,3,3,2,6,5,0.096072,140,0,0,6,TASKBR_VACANCY_V1,0.140106,2,6,4,6,0,5,0.068503,0.00283,0,4,0,7,7,0,5,5,"1,1,1,1,2",2,0,5,1.65785,21,0,0.044612,0.039399,16,37000000,0,3,1,SOLVED,3,3.82154,67fe3e2a131e76838b768461502ee0c063503d2b629631df0462046c3eabb910,0.012,ok,
g1_dmedium_abaseline_pmixed_gshared_pool_seed0,warehouse_random_factorial,carrier_brd,1,14,38.0,38000000,10,20,8,0,0.2381,3,14,38,38000000,14,38,38000000,0,0,0,0,0,0,0,0,NOT_ATTEMPTED,0,0,0,0,-1,-1,-1,-1,-1,0,0,0,0,0,0,0,0,0,0,0,0,0,,,,,,,,,,,,,0,0,0,0,0,0,0,0,0,0,0,0,0,0,0,0,0,0,0,BOTTLENECK_TARGET_FRONTIER_CONTINUITY_V2,0,0,0,0,0,0,0,0,0,0,0,0,0,0,0,0,0,0.00803,0,0,0,0,0,0,0.776602,0.925299,2,2,1,4,12,0.172454,336,0,0,21,TASKBR_VACANCY_V1,0.088556,1,4,4,4,0,4,0.059726,0.002385,0,4,0,6,6,0,4,4,"1,1,1,1",1,1,4,1.47266,18,0,0.036733,0.033927,14,38000000,0,3,1,SOLVED,3,3.65597,8f4b174e4f439ec25a373ca68d4ae878cee7d3c493fd22384bd32549464bb057,0.011,ok,
g1_dmedium_abaseline_pmixed_gsingleton_seed0,warehouse_random_factorial,carrier_brd,1,29,62.0,62000000,22,28,12,2,0.2529,4,29,62,62000000,29,62,62000000,0,0,0,0,0,0,0,0,NOT_ATTEMPTED,0,0,0,0,-1,-1,-1,-1,-1,0,0,0,0,0,0,0,0,0,0,0,0,0,,,,,,,,,,,,,0,0,0,0,0,0,0,0,0,0,0,0,0,0,0,0,0,0,0,BOTTLENECK_TARGET_FRONTIER_CONTINUITY_V2,0,0,0,0,0,0,0,0,0,0,0,0,0,0,0,0,0,0.01738,0,0,0,0,0,0,0.519776,1.24254,3,3,2,6,5,0.1155,140,0,0,5,TASKBR_VACANCY_V1,0.146321,2,6,4,6,0,5,0.062287,0.002498,0,4,0,7,7,0,5,5,"2,1,1,1,1",1,0,5,1.90335,34,0,0.048452,0.066143,29,62000000,0,4,1,SOLVED,4,4.4553,953257dc1270106324fb0ed6609dee50a9cf4423604cc19ac1d06f66e2e653b5,0.013,ok,
g1_dmedium_aequal_pcross_heavy_gshared_pool_seed0,warehouse_random_factorial,carrier_brd,1,10,33.0,33000000,7,18,8,0,0.175,3,10,33,33000000,10,33,33000000,0,0,0,0,0,0,0,0,NOT_ATTEMPTED,0,0,0,0,-1,-1,-1,-1,-1,0,0,0,0,0,0,0,0,0,0,0,0,0,,,,,,,,,,,,,0,0,0,0,0,0,0,0,0,0,0,0,0,0,0,0,0,0,0,BOTTLENECK_TARGET_FRONTIER_CONTINUITY_V2,0,0,0,0,0,0,0,0,0,0,0,0,0,0,0,0,0,0.005943,0,0,0,0,0,0,0.76279,1.03086,2,2,1,4,10,0.152902,280,0,0,5,TASKBR_VACANCY_V1,0.088115,1,4,4,4,0,3,0.055692,0.002011,0,4,0,6,6,0,3,3,"1,1,2",2,0,3,1.02519,13,0,0.02502,0.027101,10,33000000,0,3,1,SOLVED,3,3.22783,061a72fff58347f3d17b0d0b1116ac902c39915ad56fd056ce422b0fca0b2aac,0.011,ok,
g1_dmedium_aequal_pcross_heavy_gsingleton_seed0,warehouse_random_factorial,carrier_brd,1,19,53.0,53000000,26,15,12,2,0.3421,4,19,53,53000000,19,53,53000000,0,0,0,0,0,0,0,0,NOT_ATTEMPTED,0,0,0,0,-1,-1,-1,-1,-1,0,0,0,0,0,0,0,0,0,0,0,0,0,,,,,,,,,,,,,0,0,0,0,0,0,0,0,0,0,0,0,0,0,0,0,0,0,0,BOTTLENECK_TARGET_FRONTIER_CONTINUITY_V2,0,0,0,0,0,0,0,0,0,0,0,0,0,0,0,0,0,0.015584,0,0,0,0,0,0,0.48898,1.12935,3,3,2,6,5,0.098652,140,0,0,0,TASKBR_VACANCY_V1,0.160122,2,6,4,6,0,5,0.054651,0.001998,0,4,0,6,6,0,5,5,"1,1,1,1,2",3,0,5,1.73792,24,0,0.040428,0.0443,19,53000000,0,3,1,SOLVED,4,4.04686,200cd86690b00d811eb1fe6b970726d9831f16344ab98be2cd665d5837618620,0.012,ok,
g1_dmedium_aequal_plocal_gshared_pool_seed0,warehouse_random_factorial,carrier_brd,1,21,46.0,46000000,19,15,12,2,0.2262,4,21,46,46000000,21,46,46000000,0,0,0,0,0,0,0,0,NOT_ATTEMPTED,0,0,0,0,-1,-1,-1,-1,-1,0,0,0,0,0,0,0,0,0,0,0,0,0,,,,,,,,,,,,,0,0,0,0,0,0,0,0,0,0,0,0,0,0,0,0,0,0,0,BOTTLENECK_TARGET_FRONTIER_CONTINUITY_V2,0,0,0,0,0,0,0,0,0,0,0,0,0,0,0,0,0,0.011603,0,0,0,0,0,0,0.878819,1.19717,3,3,2,6,13,0.206163,364,0,0,9,TASKBR_VACANCY_V1,0.144114,2,6,4,6,0,5,0.063139,0.001968,0,4,0,6,6,0,5,5,"1,1,1,1,2",3,0,5,1.75945,26,0,0.049791,0.049435,21,46000000,0,4,1,SOLVED,4,4.56426,aaadb6bccf1dd504e0dd948ea3f5829abb80d786c6ca6b7f0a9a32acdfb8a5e1,0.012,ok,
g1_dmedium_aequal_plocal_gsingleton_seed0,warehouse_random_factorial,carrier_brd,1,15,38.0,38000000,12,14,12,2,0.2,3,15,38,38000000,15,38,38000000,0,0,0,0,0,0,0,0,NOT_ATTEMPTED,0,0,0,0,-1,-1,-1,-1,-1,0,0,0,0,0,0,0,0,0,0,0,0,0,,,,,,,,,,,,,0,0,0,0,0,0,0,0,0,0,0,0,0,0,0,0,0,0,0,BOTTLENECK_TARGET_FRONTIER_CONTINUITY_V2,0,0,0,0,0,0,0,0,0,0,0,0,0,0,0,0,0,0.01762,0,0,0,0,0,0,0.456773,1.09951,3,3,2,6,5,0.094634,140,0,0,6,TASKBR_VACANCY_V1,0.137542,2,6,4,6,0,5,0.074893,0.002428,0,4,0,8,8,0,5,5,"1,1,1,1,2",2,0,5,1.62665,20,0,0.044616,0.037589,15,38000000,0,3,1,SOLVED,3,3.78364,e6db2e34cc99797f0ba79063b4fd6965050021a7160b054d974b198be1e93677,0.012,ok,
g1_dmedium_aequal_pmixed_gshared_pool_seed0,warehouse_random_factorial,carrier_brd,1,13,42.0,42000000,10,24,8,0,0.1923,3,13,42,42000000,13,42,42000000,0,0,0,0,0,0,0,0,NOT_ATTEMPTED,0,0,0,0,-1,-1,-1,-1,-1,0,0,0,0,0,0,0,0,0,0,0,0,0,,,,,,,,,,,,,0,0,0,0,0,0,0,0,0,0,0,0,0,0,0,0,0,0,0,BOTTLENECK_TARGET_FRONTIER_CONTINUITY_V2,0,0,0,0,0,0,0,0,0,0,0,0,0,0,0,0,0,0.007551,0,0,0,0,0,0,0.674719,0.907078,2,2,1,4,12,0.163755,336,0,0,21,TASKBR_VACANCY_V1,0.086044,1,4,4,4,0,4,0.054311,0.001887,0,4,0,6,6,0,4,4,"1,1,1,1",2,0,4,1.42448,17,0,0.035361,0.033106,13,42000000,0,3,1,SOLVED,3,3.46773,2645d0e448499cf9c352195a9820093da168ac6f52c13ddf9ca0dd5ac87fc33e,0.011,ok,
g1_dmedium_aequal_pmixed_gsingleton_seed0,warehouse_random_factorial,carrier_brd,1,16,50.0,50000000,22,16,12,2,0.3438,3,16,50,50000000,16,50,50000000,0,0,0,0,0,0,0,0,NOT_ATTEMPTED,0,0,0,0,-1,-1,-1,-1,-1,0,0,0,0,0,0,0,0,0,0,0,0,0,,,,,,,,,,,,,0,0,0,0,0,0,0,0,0,0,0,0,0,0,0,0,0,0,0,BOTTLENECK_TARGET_FRONTIER_CONTINUITY_V2,0,0,0,0,0,0,0,0,0,0,0,0,0,0,0,0,0,0.010459,0,0,0,0,0,0,0.509781,1.15324,3,3,2,6,5,0.109101,140,0,0,5,TASKBR_VACANCY_V1,0.127334,2,6,4,6,0,5,0.05806,0.001951,0,4,0,6,6,0,5,5,"1,1,1,1,2",3,0,5,1.62414,21,0,0.045865,0.040083,16,50000000,0,3,1,SOLVED,3,3.86497,6890a073762e4e0787a3e6537f4e05e886aeb37db745e5e03dd298af16508196,0.011,ok,
g1_dmedium_ascarce_pcross_heavy_gshared_pool_seed0,warehouse_random_factorial,carrier_brd,1,18,33.0,33000000,7,18,8,0,0.1944,3,18,33,33000000,18,33,33000000,0,0,0,0,0,0,0,0,NOT_ATTEMPTED,0,0,0,0,-1,-1,-1,-1,-1,0,0,0,0,0,0,0,0,0,0,0,0,0,,,,,,,,,,,,,0,0,0,0,0,0,0,0,0,0,0,0,0,0,0,0,0,0,0,BOTTLENECK_TARGET_FRONTIER_CONTINUITY_V2,0,0,0,0,0,0,0,0,0,0,0,0,0,0,0,0,0,0.009058,0,0,0,0,0,0,0.65191,0.980625,2,2,1,4,10,0.143003,280,0,0,5,TASKBR_VACANCY_V1,0.089419,1,4,4,4,0,4,0.072822,0.002583,0,4,0,6,6,0,4,4,"1,1,1,1",1,1,4,1.39962,22,0,0.039189,0.0462,18,33000000,0,3,1,SOLVED,3,3.58718,875e714e90821df7b0b176d553ffcdf56feb753911aaa68fdd3fd8e08980d45d,0.012,ok,
g1_dmedium_ascarce_pcross_heavy_gsingleton_seed0,warehouse_random_factorial,carrier_brd,1,32,61.0,61000000,26,23,12,2,0.4062,4,32,61,61000000,32,61,61000000,0,0,0,0,0,0,0,0,NOT_ATTEMPTED,0,0,0,0,-1,-1,-1,-1,-1,0,0,0,0,0,0,0,0,0,0,0,0,0,,,,,,,,,,,,,0,0,0,0,0,0,0,0,0,0,0,0,0,0,0,0,0,0,0,BOTTLENECK_TARGET_FRONTIER_CONTINUITY_V2,0,0,0,0,0,0,0,0,0,0,0,0,0,0,0,0,0,0.02518,0,0,0,0,0,0,0.479932,1.07265,3,3,2,6,5,0.094616,140,0,0,0,TASKBR_VACANCY_V1,0.162849,2,6,4,6,0,6,0.074406,0.002995,0,4,0,7,7,0,6,6,"1,1,1,1,1,1",1,0,6,2.15523,38,0,0.049339,0.063466,32,61000000,0,4,1,SOLVED,4,4.55422,5306904edeb524fc42191886608bbddbbdd744baedc6c23cff8c40b5122d0df7,0.013,ok,
g1_dmedium_ascarce_plocal_gshared_pool_seed0,warehouse_random_factorial,carrier_brd,1,38,61.0,61000000,19,30,12,2,0.25,5,38,61,61000000,38,61,61000000,0,0,0,0,0,0,0,0,NOT_ATTEMPTED,0,0,0,0,-1,-1,-1,-1,-1,0,0,0,0,0,0,0,0,0,0,0,0,0,,,,,,,,,,,,,0,0,0,0,0,0,0,0,0,0,0,0,0,0,0,0,0,0,0,BOTTLENECK_TARGET_FRONTIER_CONTINUITY_V2,0,0,0,0,0,0,0,0,0,0,0,0,0,0,0,0,0,0.013215,0,0,0,0,0,0,0.848942,1.21615,3,3,2,6,13,0.204732,364,0,0,9,TASKBR_VACANCY_V1,0.143349,2,6,4,6,0,6,0.080084,0.003138,0,4,0,8,8,0,6,6,"1,1,1,1,1,1",1,0,6,2.12901,44,0,0.061399,0.075717,38,61000000,0,4,1,SOLVED,5,5.10034,16e34bb9ec97852d939574810dbde953728cb9cc7b4dfae8b1f00b1d71753802,0.013,ok,
g1_dmedium_ascarce_plocal_gsingleton_seed0,warehouse_random_factorial,carrier_brd,1,27,46.0,46000000,12,22,12,2,0.2222,4,27,46,46000000,27,46,46000000,0,0,0,0,0,0,0,0,NOT_ATTEMPTED,0,0,0,0,-1,-1,-1,-1,-1,0,0,0,0,0,0,0,0,0,0,0,0,0,,,,,,,,,,,,,0,0,0,0,0,0,0,0,0,0,0,0,0,0,0,0,0,0,0,BOTTLENECK_TARGET_FRONTIER_CONTINUITY_V2,0,0,0,0,0,0,0,0,0,0,0,0,0,0,0,0,0,0.010824,0,0,0,0,0,0,0.488336,1.19531,3,3,2,6,5,0.106163,140,0,0,6,TASKBR_VACANCY_V1,0.148634,2,6,4,6,0,6,0.0891,0.003246,0,4,0,8,8,0,6,6,"1,1,1,1,1,1",1,0,6,2.03142,33,0,0.052191,0.055491,27,46000000,0,4,1,SOLVED,4,4.47279,3fa0cb972dd3559978e4b8888bf209228d6e2814bbfaa2d2fa620f3ec8587800,0.012,ok,
g1_dmedium_ascarce_pmixed_gshared_pool_seed0,warehouse_random_factorial,carrier_brd,1,20,38.0,38000000,10,20,8,0,0.25,3,20,38,38000000,20,38,38000000,0,0,0,0,0,0,0,0,NOT_ATTEMPTED,0,0,0,0,-1,-1,-1,-1,-1,0,0,0,0,0,0,0,0,0,0,0,0,0,,,,,,,,,,,,,0,0,0,0,0,0,0,0,0,0,0,0,0,0,0,0,0,0,0,BOTTLENECK_TARGET_FRONTIER_CONTINUITY_V2,0,0,0,0,0,0,0,0,0,0,0,0,0,0,0,0,0,0.011155,0,0,0,0,0,0,0.692704,0.945194,2,2,1,4,12,0.17579,336,0,0,21,TASKBR_VACANCY_V1,0.095022,1,4,4,4,0,4,0.06376,0.002572,0,4,0,5,5,0,4,4,"1,1,1,1",1,0,4,1.42153,24,0,0.040078,0.043092,20,38000000,0,3,1,SOLVED,3,3.61417,a83e4fcb2885002e6294eac9fa982a9a17a0c6a70de4cbe0da593608caee640c,0.012,ok,
g1_dmedium_ascarce_pmixed_gsingleton_seed0,warehouse_random_factorial,carrier_brd,1,33,64.0,64000000,22,30,12,2,0.3333,4,33,64,64000000,33,64,64000000,0,0,0,0,0,0,0,0,NOT_ATTEMPTED,1,0,0,0,-1,-1,-1,-1,-1,0,0,0,0,0,0,0,0,0,0,0,0,0,,,,,,,,,,,,,0,0,0,0,0,0,0,0,0,0,0,0,0,0,0,0,0,0,0,BOTTLENECK_TARGET_FRONTIER_CONTINUITY_V2,0,0,0,0,0,0,0,0,0,0,0,0,0,0,0,0,0,0.015566,0,0,0,0,0,0,0.520436,1.22605,3,3,2,6,5,0.115969,140,0,0,5,TASKBR_VACANCY_V1,0.133615,2,6,4,6,0,5,0.066911,0.002706,0,4,0,7,7,0,5,5,"1,1,1,1,2",1,1,5,1.78936,38,0,0.046706,0.064316,33,64000000,0,4,1,SOLVED,4,4.34601,d04e72be05ded999cd4066482efaf2483e836829b92fcb93e78f24e9140f3517,0.014,ok,
g1_dmedium_asurplus_pcross_heavy_gshared_pool_seed0,warehouse_random_factorial,carrier_brd,1,10,30.0,30000000,7,15,8,0,0.1167,3,10,30,30000000,10,30,30000000,0,0,0,0,0,0,0,0,NOT_ATTEMPTED,0,0,0,0,-1,-1,-1,-1,-1,0,0,0,0,0,0,0,0,0,0,0,0,0,,,,,,,,,,,,,0,0,0,0,0,0,0,0,0,0,0,0,0,0,0,0,0,0,0,BOTTLENECK_TARGET_FRONTIER_CONTINUITY_V2,0,0,0,0,0,0,0,0,0,0,0,0,0,0,0,0,0,0.013402,0,0,0,0,0,0,0.71012,1.04138,2,2,1,4,10,0.155068,280,0,0,5,TASKBR_VACANCY_V1,0.087789,1,4,4,4,0,4,0.060077,0.001688,0,4,0,5,5,0,4,4,"1,1,1,1",2,0,4,1.25721,14,0,0.031302,0.028035,10,30000000,0,3,1,SOLVED,3,3.42115,97e59c4fd24ccfb3dda1f8de6f0aae736853d7a9af7f245dc7194ec6be812ed9,0.013,ok,
g1_dmedium_asurplus_pcross_heavy_gsingleton_seed0,warehouse_random_factorial,carrier_brd,1,17,47.0,47000000,26,9,12,2,0.2549,3,17,47,47000000,17,47,47000000,0,0,0,0,0,0,0,0,NOT_ATTEMPTED,0,0,0,0,-1,-1,-1,-1,-1,0,0,0,0,0,0,0,0,0,0,0,0,0,,,,,,,,,,,,,0,0,0,0,0,0,0,0,0,0,0,0,0,0,0,0,0,0,0,BOTTLENECK_TARGET_FRONTIER_CONTINUITY_V2,0,0,0,0,0,0,0,0,0,0,0,0,0,0,0,0,0,0.011647,0,0,0,0,0,0,0.467419,1.07293,3,3,2,6,5,0.092886,140,0,0,0,TASKBR_VACANCY_V1,0.170009,2,6,4,6,0,4,0.08054,0.002167,0,4,0,7,7,0,4,4,"1,1,2,2",2,0,4,1.46448,21,0,0.034091,0.043792,17,47000000,0,3,1,SOLVED,3,3.68668,2099186e2b9dc56a9404be882dbbc580e0cda4b7136e9b7fcd0a41a50d9b2d2c,0.014,ok,
g1_dmedium_asurplus_plocal_gshared_pool_seed0,warehouse_random_factorial,carrier_brd,1,19,43.0,43000000,19,12,12,2,0.1667,4,19,43,43000000,19,43,43000000,0,0,0,0,0,0,0,0,NOT_ATTEMPTED,0,0,0,0,-1,-1,-1,-1,-1,0,0,0,0,0,0,0,0,0,0,0,0,0,,,,,,,,,,,,,0,0,0,0,0,0,0,0,0,0,0,0,0,0,0,0,0,0,0,BOTTLENECK_TARGET_FRONTIER_CONTINUITY_V2,0,0,0,0,0,0,0,0,0,0,0,0,0,0,0,0,0,0.011567,0,0,0,0,0,0,0.876665,1.15018,3,3,2,6,13,0.215598,364,0,0,9,TASKBR_VACANCY_V1,0.1439,2,6,4,6,0,5,0.07667,0.001988,0,4,0,6,6,0,5,5,"1,1,1,1,2",3,0,5,1.79668,24,0,0.044933,0.04743,19,43000000,0,4,1,SOLVED,4,4.50717,edff8f0dfd3b88b4a0e3e643fbf6de7ce1f95fe182db75a10951c1f0b2c44dd1,0.012,ok,
g1_dmedium_asurplus_plocal_gsingleton_seed0,warehouse_random_factorial,carrier_brd,1,15,37.0,37000000,12,13,12,2,0.1333,4,15,37,37000000,15,37,37000000,0,0,0,0,0,0,0,0,NOT_ATTEMPTED,0,0,0,0,-1,-1,-1,-1,-1,0,0,0,0,0,0,0,0,0,0,0,0,0,,,,,,,,,,,,,0,0,0,0,0,0,0,0,0,0,0,0,0,0,0,0,0,0,0,BOTTLENECK_TARGET_FRONTIER_CONTINUITY_V2,0,0,0,0,0,0,0,0,0,0,0,0,0,0,0,0,0,0.010648,0,0,0,0,0,0,0.646895,1.58802,3,3,2,6,5,0.133276,140,0,0,6,TASKBR_VACANCY_V1,0.215138,2,6,4,6,0,4,0.130552,0.00303,0,4,0,7,7,0,4,4,"2,1,1,2",1,0,4,1.6024,19,0,0.037668,0.039992,15,37000000,0,4,1,SOLVED,4,4.64869,1b79b3b7a63b362c953c61bdd7ee560584f201cd9ddebcaf57522cdb8859ae14,0.013,ok,
g1_dmedium_asurplus_pmixed_gshared_pool_seed0,warehouse_random_factorial,carrier_brd,1,13,38.0,38000000,10,20,8,0,0.1282,3,13,38,38000000,13,38,38000000,0,0,0,0,0,0,0,0,NOT_ATTEMPTED,0,0,0,0,-1,-1,-1,-1,-1,0,0,0,0,0,0,0,0,0,0,0,0,0,,,,,,,,,,,,,0,0,0,0,0,0,0,0,0,0,0,0,0,0,0,0,0,0,0,BOTTLENECK_TARGET_FRONTIER_CONTINUITY_V2,0,0,0,0,0,0,0,0,0,0,0,0,0,0,0,0,0,0.009473,0,0,0,0,0,0,0.783766,0.912385,2,2,1,4,12,0.176448,336,0,0,21,TASKBR_VACANCY_V1,0.086943,1,4,4,4,0,4,0.071648,0.001856,0,4,0,6,6,0,4,4,"1,1,1,1",2,0,4,1.33789,17,0,0.032646,0.040752,13,38000000,0,3,1,SOLVED,3,3.53892,847c093477d8c34112b29aec974eee4e476f7df16be2f1eba06ebc67f7c7e762,0.011,ok,
g1_dmedium_asurplus_pmixed_gsingleton_seed0,warehouse_random_factorial,carrier_brd,1,14,45.0,45000000,22,11,12,2,0.2619,3,14,45,45000000,14,45,45000000,0,0,0,0,0,0,0,0,NOT_ATTEMPTED,0,0,0,0,-1,-1,-1,-1,-1,0,0,0,0,0,0,0,0,0,0,0,0,0,,,,,,,,,,,,,0,0,0,0,0,0,0,0,0,0,0,0,0,0,0,0,0,0,0,BOTTLENECK_TARGET_FRONTIER_CONTINUITY_V2,0,0,0,0,0,0,0,0,0,0,0,0,0,0,0,0,0,0.0091,0,0,0,0,0,0,0.512989,1.16853,3,3,2,6,5,0.11053,140,0,0,5,TASKBR_VACANCY_V1,0.133962,2,6,4,6,0,4,0.070429,0.001942,0,4,0,6,6,0,4,4,"1,2,1,2",3,0,4,1.35255,18,0,0.036588,0.04286,14,45000000,0,3,1,SOLVED,3,3.62453,4aec9476e92b614ddaf64b99f0a1a92ea55358cc528e8fd180c9b0be0c721efb,0.011,ok,
g2_dhigh_abaseline_pcross_heavy_gshared_pool_seed0,warehouse_random_factorial,carrier_brd,1,27,71.0,71000000,24,33,14,1,0.2222,21,27,71,71000000,27,71,71000000,0,0,0,0,0,0,0,0,NOT_ATTEMPTED,0,0,0,0,-1,-1,-1,-1,-1,0,0,0,0,0,0,0,0,0,0,0,0,0,,,,,,,,,,,,,0,0,0,0,0,0,0,0,0,0,0,0,0,0,0,0,0,0,0,BOTTLENECK_TARGET_FRONTIER_CONTINUITY_V2,0,0,0,0,0,0,0,0,0,0,0,0,0,0,0,0,0,0.015718,0,0,0,0,0,0,4.06635,3.68698,3,3,2,7,16,1.15609,1008,0,0,1,TASKBR_VACANCY_V1,0.48174,2,7,6,7,0,7,0.135847,0.005349,0,6,0,12,12,0,7,7,"1,1,1,1,1,1,1",3,3,7,11.5767,34,0,0.230632,0.11792,27,71000000,0,20,1,SOLVED,21,21.1186,f09a9386f42aa1ce16b4ab48b02aefd12829cdddefaf94a4dd31d3bac8d5e8fb,0.029,ok,
g2_dhigh_abaseline_pcross_heavy_gsingleton_seed0,warehouse_random_factorial,carrier_brd,0,,,,,,,,,,,,,,,,,,,,,,,,,,,,,,,,,,,,,,,,,,,,,,,,,,,,,,,,,,,,,,,,,,,,,,,,,,,,,,,,,,,,,,,,,,,,,,,,,,,,,,,3.17252,6.38647,5,5,4,13,14,1.03931,882,4,9,69,TASKBR_VACANCY_V1,0.871429,4,13,6,9,4,4,0.100671,0.004102,0,6,0,7,7,0,4,3,"1,1,2",3,0,4,8576.81,6851,1,1.42057,0,28,-1,0,-1,0,SEGMENT_TIMEOUT,,,,8.613,timeout,d_raw_ticks=28 brd_raw_work_scaled=-1 brd_goal_prefix_removed=0 brd_incidental_goal_prefix_ms=-1 brd_raw_plan_valid=0 brd_exit_reason=SEGMENT_TIMEOUT
g2_dhigh_abaseline_plocal_gshared_pool_seed0,warehouse_random_factorial,carrier_brd,1,26,74.0,74000000,20,40,14,1,0.1923,21,26,74,74000000,26,74,74000000,0,0,0,0,0,0,0,0,NOT_ATTEMPTED,0,0,0,0,-1,-1,-1,-1,-1,0,0,0,0,0,0,0,0,0,0,0,0,0,,,,,,,,,,,,,0,0,0,0,0,0,0,0,0,0,0,0,0,0,0,0,0,0,0,BOTTLENECK_TARGET_FRONTIER_CONTINUITY_V2,0,0,0,0,0,0,0,0,0,0,0,0,0,0,0,0,0,0.019423,0,0,0,0,0,0,4.31166,3.6497,3,3,2,7,21,1.35709,1323,0,0,4,TASKBR_VACANCY_V1,0.48781,2,7,6,7,0,7,0.151232,0.005276,0,6,0,12,12,0,7,7,"1,1,1,1,1,1,1",3,0,7,11.5472,33,0,0.232611,0.116148,26,74000000,0,20,1,SOLVED,21,21.3111,0b6c06e35d91e71e391ebe6d88b1a28078bfc5572fb0fbf0a23075f725cc68ec,0.03,ok,
g2_dhigh_abaseline_plocal_gsingleton_seed0,warehouse_random_factorial,carrier_brd,0,,,,,,,,,,,,,,,,,,,,,,,,,,,,,,,,,,,,,,,,,,,,,,,,,,,,,,,,,,,,,,,,,,,,,,,,,,,,,,,,,,,,,,,,,,,,,,,,,,,,,,,2.76294,4.66762,3,3,2,9,8,0.57622,504,0,0,32,TASKBR_VACANCY_V1,0.592372,2,9,6,9,0,4,0.104159,0.003729,0,6,0,7,7,0,4,3,"2,1,1",2,0,4,8639.26,10859,1,2.14245,0,24,-1,0,-1,0,SEGMENT_TIMEOUT,,,,8.683,timeout,d_raw_ticks=24 brd_raw_work_scaled=-1 brd_goal_prefix_removed=0 brd_incidental_goal_prefix_ms=-1 brd_raw_plan_valid=0 brd_exit_reason=SEGMENT_TIMEOUT
g2_dhigh_abaseline_pmixed_gshared_pool_seed0,warehouse_random_factorial,carrier_brd,1,34,101.0,101000000,39,48,14,1,0.2868,21,34,101,101000000,34,101,101000000,0,0,0,0,0,0,0,0,NOT_ATTEMPTED,0,0,0,0,-1,-1,-1,-1,-1,0,0,0,0,0,0,0,0,0,0,0,0,0,,,,,,,,,,,,,0,0,0,0,0,0,0,0,0,0,0,0,0,0,0,0,0,0,0,BOTTLENECK_TARGET_FRONTIER_CONTINUITY_V2,0,0,0,0,0,0,0,0,0,0,0,0,0,0,0,0,0,0.021259,0,0,0,0,0,0,5.4883,3.59198,3,3,2,7,25,1.59606,1575,0,0,24,TASKBR_VACANCY_V1,0.484966,2,7,6,7,0,6,0.138572,0.00451,0,6,0,9,9,0,6,6,"1,1,2,1,1,1",3,0,6,10.4025,40,0,0.206436,0.148941,34,101000000,0,20,1,SOLVED,21,21.5581,425725eed5aa9d20b618fbd8effe0a4ac759d4a426813b9defb9aa925adcc91c,0.032,ok,
g2_dhigh_abaseline_pmixed_gsingleton_seed0,warehouse_random_factorial,carrier_brd,0,,,,,,,,,,,,,,,,,,,,,,,,,,,,,,,,,,,,,,,,,,,,,,,,,,,,,,,,,,,,,,,,,,,,,,,,,,,,,,,,,,,,,,,,,,,,,,,,,,,,,,,2.7929,5.99189,5,5,4,10,9,0.862067,567,2,2,18,TASKBR_VACANCY_V1,0.709695,4,10,6,8,2,4,0.102609,0.003932,0,6,0,6,6,0,4,3,"1,1,1",3,0,4,1028.11,199,1,0.260547,0,55,-1,0,-1,0,SEGMENT_EXHAUSTED,,,,1.045,failed,raw_ticks=55 brd_raw_work_scaled=-1 brd_goal_prefix_removed=0 brd_incidental_goal_prefix_ms=-1 brd_raw_plan_valid=0 brd_exit_reason=SEGMENT_EXHAUSTED
g2_dhigh_aequal_pcross_heavy_gshared_pool_seed0,warehouse_random_factorial,carrier_brd,1,18,67.0,67000000,24,29,14,1,0.2222,19,18,67,67000000,18,67,67000000,0,0,0,0,0,0,0,0,NOT_ATTEMPTED,0,0,0,0,-1,-1,-1,-1,-1,0,0,0,0,0,0,0,0,0,0,0,0,0,,,,,,,,,,,,,0,0,0,0,0,0,0,0,0,0,0,0,0,0,0,0,0,0,0,BOTTLENECK_TARGET_FRONTIER_CONTINUITY_V2,0,0,0,0,0,0,0,0,0,0,0,0,0,0,0,0,0,0.018202,0,0,0,0,0,0,4.00706,3.73182,3,3,2,7,16,1.1129,1008,0,0,1,TASKBR_VACANCY_V1,0.580179,2,7,6,7,0,6,0.109621,0.003278,0,6,0,7,7,0,6,6,"1,2,1,1,1,1",5,0,6,9.94582,24,0,0.203158,0.089305,18,67000000,0,18,1,SOLVED,19,19.3066,4e2e1272553ad6514708ad53d658d936873241cc2618b3609641baf4e67331e9,0.028,ok,
g2_dhigh_aequal_pcross_heavy_gsingleton_seed0,warehouse_random_factorial,carrier_brd,0,,,,,,,,,,,,,,,,,,,,,,,,,,,,,,,,,,,,,,,,,,,,,,,,,,,,,,,,,,,,,,,,,,,,,,,,,,,,,,,,,,,,,,,,,,,,,,,,,,,,,,,3.07015,6.57814,5,5,4,13,14,1.05995,882,4,9,69,TASKBR_VACANCY_V1,0.895499,4,13,6,9,4,4,0.07032,0.002924,0,6,0,6,6,0,4,3,"2,1,1",4,0,4,8576.54,6941,1,1.47706,0,20,-1,0,-1,0,SEGMENT_TIMEOUT,,,,8.615,timeout,d_raw_ticks=20 brd_raw_work_scaled=-1 brd_goal_prefix_removed=0 brd_incidental_goal_prefix_ms=-1 brd_raw_plan_valid=0 brd_exit_reason=SEGMENT_TIMEOUT
g2_dhigh_aequal_plocal_gshared_pool_seed0,warehouse_random_factorial,carrier_brd,1,15,63.0,63000000,20,29,14,1,0.2222,19,15,63,63000000,15,63,63000000,0,0,0,0,0,0,0,0,NOT_ATTEMPTED,0,0,0,0,-1,-1,-1,-1,-1,0,0,0,0,0,0,0,0,0,0,0,0,0,,,,,,,,,,,,,0,0,0,0,0,0,0,0,0,0,0,0,0,0,0,0,0,0,0,BOTTLENECK_TARGET_FRONTIER_CONTINUITY_V2,0,0,0,0,0,0,0,0,0,0,0,0,0,0,0,0,0,0.017802,0,0,0,0,0,0,4.30965,3.56594,3,3,2,7,21,1.3351,1323,0,0,4,TASKBR_VACANCY_V1,0.485724,2,7,6,7,0,6,0.081696,0.003124,0,6,0,7,7,0,6,6,"1,1,2,1,1,1",5,0,6,9.76517,21,0,0.204297,0.073379,15,63000000,0,18,1,SOLVED,19,19.0409,0fd62100c02c7b68abe48ee39234ac1189775024aad7ad22f4b5ca8eb89aaa79,0.027,ok,
g2_dhigh_aequal_plocal_gsingleton_seed0,warehouse_random_factorial,carrier_brd,0,,,,,,,,,,,,,,,,,,,,,,,,,,,,,,,,,,,,,,,,,,,,,,,,,,,,,,,,,,,,,,,,,,,,,,,,,,,,,,,,,,,,,,,,,,,,,,,,,,,,,,,2.82746,4.70764,3,3,2,9,8,0.607828,504,0,0,32,TASKBR_VACANCY_V1,0.59322,2,9,6,9,0,4,0.085331,0.002893,0,6,0,6,6,0,4,3,"1,1,2",5,0,4,8665.05,11547,1,2.51626,0,12,-1,0,-1,0,SEGMENT_TIMEOUT,,,,8.718,timeout,d_raw_ticks=12 brd_raw_work_scaled=-1 brd_goal_prefix_removed=0 brd_incidental_goal_prefix_ms=-1 brd_raw_plan_valid=0 brd_exit_reason=SEGMENT_TIMEOUT
g2_dhigh_aequal_pmixed_gshared_pool_seed0,warehouse_random_factorial,carrier_brd,1,23,88.0,88000000,39,35,14,1,0.2826,18,23,88,88000000,23,88,88000000,0,0,0,0,0,0,0,0,NOT_ATTEMPTED,0,0,0,0,-1,-1,-1,-1,-1,0,0,0,0,0,0,0,0,0,0,0,0,0,,,,,,,,,,,,,0,0,0,0,0,0,0,0,0,0,0,0,0,0,0,0,0,0,0,BOTTLENECK_TARGET_FRONTIER_CONTINUITY_V2,0,0,0,0,0,0,0,0,0,0,0,0,0,0,0,0,0,0.014502,0,0,0,0,0,0,4.62109,3.58763,3,3,2,7,25,1.57466,1575,0,0,24,TASKBR_VACANCY_V1,0.47623,2,7,6,7,0,5,0.163395,0.004411,0,6,0,8,8,0,5,5,"1,3,1,1,1",4,0,5,8.72212,28,0,0.169071,0.10584,23,88000000,0,18,1,SOLVED,18,18.7222,5f4f8f5776f383670b79a35bc2d50d45ded1529646af0e91ac212a6c04d43a0a,0.027,ok,
g2_dhigh_aequal_pmixed_gsingleton_seed0,warehouse_random_factorial,carrier_brd,0,,,,,,,,,,,,,,,,,,,,,,,,,,,,,,,,,,,,,,,,,,,,,,,,,,,,,,,,,,,,,,,,,,,,,,,,,,,,,,,,,,,,,,,,,,,,,,,,,,,,,,,2.72463,4.55783,5,5,4,10,9,0.856929,567,2,2,18,TASKBR_VACANCY_V1,0.689514,4,10,6,8,2,4,0.112349,0.004057,0,6,0,10,10,0,4,3,"1,1,1",3,0,4,8563.98,1933,1,6.09636,0,14,-1,0,-1,0,SEGMENT_TIMEOUT,,,,8.622,timeout,d_raw_ticks=14 brd_raw_work_scaled=-1 brd_goal_prefix_removed=0 brd_incidental_goal_prefix_ms=-1 brd_raw_plan_valid=0 brd_exit_reason=SEGMENT_TIMEOUT
g2_dhigh_ascarce_pcross_heavy_gshared_pool_seed0,warehouse_random_factorial,carrier_brd,1,29,72.0,72000000,24,34,14,1,0.2759,21,29,72,72000000,29,72,72000000,0,0,0,0,0,0,0,0,NOT_ATTEMPTED,0,0,0,0,-1,-1,-1,-1,-1,0,0,0,0,0,0,0,0,0,0,0,0,0,,,,,,,,,,,,,0,0,0,0,0,0,0,0,0,0,0,0,0,0,0,0,0,0,0,BOTTLENECK_TARGET_FRONTIER_CONTINUITY_V2,0,0,0,0,0,0,0,0,0,0,0,0,0,0,0,0,0,0.016874,0,0,0,0,0,0,4.04064,3.67275,3,3,2,7,16,1.1118,1008,0,0,1,TASKBR_VACANCY_V1,0.481326,2,7,6,7,0,7,0.171902,0.005828,0,6,0,12,12,0,7,7,"1,1,1,1,1,1,1",2,1,7,11.8458,36,0,0.239062,0.126618,29,72000000,0,20,1,SOLVED,21,21.4428,f45264bb337746d428df10721364f444b8ad523a87e65d7f239c01704ff1c190,0.03,ok,
g2_dhigh_ascarce_pcross_heavy_gsingleton_seed0,warehouse_random_factorial,carrier_brd,1,57,154.0,154000000,58,61,26,3,0.3392,34,57,154,154000000,57,154,154000000,0,0,0,0,0,0,0,0,NOT_ATTEMPTED,0,0,0,0,-1,-1,-1,-1,-1,0,0,0,0,0,0,0,0,0,0,0,0,0,,,,,,,,,,,,,0,0,0,0,0,0,0,0,0,0,0,0,0,0,0,0,0,0,0,BOTTLENECK_TARGET_FRONTIER_CONTINUITY_V2,0,0,0,0,0,0,0,0,0,0,0,0,0,0,0,0,0,0.032075,0,0,0,0,0,0,3.16067,6.65788,5,5,4,13,14,1.05668,882,4,9,69,TASKBR_VACANCY_V1,0.859331,4,13,6,9,4,12,0.224207,0.008214,0,6,0,19,19,0,12,12,"1,1,1,1,2,1,1,1,1,1,1,1",2,1,12,20.7056,69,0,0.397726,0.251741,57,154000000,0,33,1,SOLVED,34,34.2064,fd33b951613968b2afdfb53d54b076e4f015e684ece522f947c58135fda2c506,0.043,ok,
g2_dhigh_ascarce_plocal_gshared_pool_seed0,warehouse_random_factorial,carrier_brd,1,34,72.0,72000000,20,38,14,1,0.1961,20,34,72,72000000,34,72,72000000,0,0,0,0,0,0,0,0,NOT_ATTEMPTED,0,0,0,0,-1,-1,-1,-1,-1,0,0,0,0,0,0,0,0,0,0,0,0,0,,,,,,,,,,,,,0,0,0,0,0,0,0,0,0,0,0,0,0,0,0,0,0,0,0,BOTTLENECK_TARGET_FRONTIER_CONTINUITY_V2,0,0,0,0,0,0,0,0,0,0,0,0,0,0,0,0,0,0.017089,0,0,0,0,0,0,4.32306,3.64901,3,3,2,7,21,1.30937,1323,0,0,4,TASKBR_VACANCY_V1,0.502562,2,7,6,7,0,6,0.159274,0.005539,0,6,0,9,9,0,6,6,"1,1,1,2,1,1",2,1,6,10.289,40,0,0.225129,0.140743,34,72000000,0,19,1,SOLVED,20,20.2647,649caec743c08cb71ba35407c23e8cddc5032b6584e1f0e1f3ab46756c1bf419,0.03,ok,
g2_dhigh_ascarce_plocal_gsingleton_seed0,warehouse_random_factorial,carrier_brd,1,38,98.0,98000000,31,49,18,3,0.2719,25,38,98,98000000,38,98,98000000,0,0,0,0,0,0,0,0,NOT_ATTEMPTED,1,0,0,0,-1,-1,-1,-1,-1,0,0,0,0,0,0,0,0,0,0,0,0,0,,,,,,,,,,,,,0,0,0,0,0,0,0,0,0,0,0,0,0,0,0,0,0,0,0,BOTTLENECK_TARGET_FRONTIER_CONTINUITY_V2,0,0,0,0,0,0,0,0,0,0,0,0,0,0,0,0,0,0.022164,0,0,0,0,0,0,2.72803,4.86425,3,3,2,9,8,0.577109,504,0,0,32,TASKBR_VACANCY_V1,0.613997,2,9,6,9,0,9,0.212063,0.007593,0,6,0,15,15,0,9,9,"1,1,1,1,1,1,1,1,1",2,1,9,15.1108,47,0,0.304615,0.165543,38,98000000,0,24,1,SOLVED,25,25.1957,645cd9ed9691b41b0f7fa28c0b6a491037fd365b8320c7220b2fc441e62f989b,0.034,ok,
g2_dhigh_ascarce_pmixed_gshared_pool_seed0,warehouse_random_factorial,carrier_brd,1,35,90.0,90000000,39,37,14,1,0.3714,20,35,90,90000000,35,90,90000000,0,0,0,0,0,0,0,0,NOT_ATTEMPTED,0,0,0,0,-1,-1,-1,-1,-1,0,0,0,0,0,0,0,0,0,0,0,0,0,,,,,,,,,,,,,0,0,0,0,0,0,0,0,0,0,0,0,0,0,0,0,0,0,0,BOTTLENECK_TARGET_FRONTIER_CONTINUITY_V2,0,0,0,0,0,0,0,0,0,0,0,0,0,0,0,0,0,0.022,0,0,0,0,0,0,4.70832,3.55722,3,3,2,7,25,1.56005,1575,0,0,24,TASKBR_VACANCY_V1,0.557457,2,7,6,7,0,6,0.149776,0.004941,0,6,0,8,8,0,6,6,"2,1,1,1,1,1",2,0,6,10.4877,41,0,0.204616,0.144787,35,90000000,0,20,1,SOLVED,20,20.9667,37358c6c8186367f3f2eb7b62b64c4255131e7c4ff4dfe1677b315d0cb4286a9,0.03,ok,
g2_dhigh_ascarce_pmixed_gsingleton_seed0,warehouse_random_factorial,carrier_brd,0,,,,,,,,,,,,,,,,,,,,,,,,,,,,,,,,,,,,,,,,,,,,,,,,,,,,,,,,,,,,,,,,,,,,,,,,,,,,,,,,,,,,,,,,,,,,,,,,,,,,,,,2.77809,4.4975,5,5,4,10,9,0.833932,567,2,2,18,TASKBR_VACANCY_V1,0.693794,4,10,6,8,2,5,0.119182,0.004068,0,6,0,6,6,0,5,4,"1,1,1,1",2,0,5,190.041,202,1,0.251883,0,56,-1,0,-1,0,SEGMENT_EXHAUSTED,,,,0.205,failed,raw_ticks=56 brd_raw_work_scaled=-1 brd_goal_prefix_removed=0 brd_incidental_goal_prefix_ms=-1 brd_raw_plan_valid=0 brd_exit_reason=SEGMENT_EXHAUSTED
g2_dhigh_asurplus_pcross_heavy_gshared_pool_seed0,warehouse_random_factorial,carrier_brd,1,16,58.0,58000000,24,20,14,1,0.1667,19,16,58,58000000,16,58,58000000,0,0,0,0,0,0,0,0,NOT_ATTEMPTED,0,0,0,0,-1,-1,-1,-1,-1,0,0,0,0,0,0,0,0,0,0,0,0,0,,,,,,,,,,,,,0,0,0,0,0,0,0,0,0,0,0,0,0,0,0,0,0,0,0,BOTTLENECK_TARGET_FRONTIER_CONTINUITY_V2,0,0,0,0,0,0,0,0,0,0,0,0,0,0,0,0,0,0.01883,0,0,0,0,0,0,4.17283,3.71705,3,3,2,7,16,1.18263,1008,0,0,1,TASKBR_VACANCY_V1,0.498855,2,7,6,7,0,6,0.145936,0.0036,0,6,0,8,8,0,6,6,"1,1,2,1,1,1",4,0,6,10.248,22,0,0.2246,0.092614,16,58000000,0,19,1,SOLVED,19,19.7306,844f41f834bdbd5c2d829b13cfa41e2be6c39aeff84daba9bc821a579d38a33f,0.028,ok,
g2_dhigh_asurplus_pcross_heavy_gsingleton_seed0,warehouse_random_factorial,carrier_brd,0,,,,,,,,,,,,,,,,,,,,,,,,,,,,,,,,,,,,,,,,,,,,,,,,,,,,,,,,,,,,,,,,,,,,,,,,,,,,,,,,,,,,,,,,,,,,,,,,,,,,,,,3.3669,6.55345,5,5,4,13,14,1.08572,882,4,9,69,TASKBR_VACANCY_V1,0.932499,4,13,6,9,4,4,0.106367,0.003141,0,6,0,6,6,0,4,3,"2,1,1",4,0,4,8573.91,6503,1,1.39435,0,20,-1,0,-1,0,SEGMENT_TIMEOUT,,,,8.61,timeout,d_raw_ticks=20 brd_raw_work_scaled=-1 brd_goal_prefix_removed=0 brd_incidental_goal_prefix_ms=-1 brd_raw_plan_valid=0 brd_exit_reason=SEGMENT_TIMEOUT
g2_dhigh_asurplus_plocal_gshared_pool_seed0,warehouse_random_factorial,carrier_brd,1,14,60.0,60000000,20,26,14,1,0.1587,17,14,60,60000000,14,60,60000000,0,0,0,0,0,0,0,0,NOT_ATTEMPTED,0,0,0,0,-1,-1,-1,-1,-1,0,0,0,0,0,0,0,0,0,0,0,0,0,,,,,,,,,,,,,0,0,0,0,0,0,0,0,0,0,0,0,0,0,0,0,0,0,0,BOTTLENECK_TARGET_FRONTIER_CONTINUITY_V2,0,0,0,0,0,0,0,0,0,0,0,0,0,0,0,0,0,0.013266,0,0,0,0,0,0,4.29581,3.63555,3,3,2,7,21,1.35713,1323,0,0,4,TASKBR_VACANCY_V1,0.479426,2,7,6,7,0,5,0.120847,0.003358,0,6,0,7,7,0,5,5,"2,1,2,1,1",4,0,5,8.33063,19,0,0.163663,0.073197,14,60000000,0,17,1,SOLVED,17,17.6675,129afcd712ab2b5ab602acdb6f58cca3280d3b23cb4f63592ad29e58d723ad25,0.027,ok,
g2_dhigh_asurplus_plocal_gsingleton_seed0,warehouse_random_factorial,carrier_brd,0,,,,,,,,,,,,,,,,,,,,,,,,,,,,,,,,,,,,,,,,,,,,,,,,,,,,,,,,,,,,,,,,,,,,,,,,,,,,,,,,,,,,,,,,,,,,,,,,,,,,,,,2.86634,4.70222,3,3,2,9,8,0.631001,504,0,0,32,TASKBR_VACANCY_V1,0.595843,2,9,6,9,0,3,0.11566,0.003004,0,6,0,6,6,0,3,2,"2,2",4,0,3,8625.93,10716,1,2.16676,0,12,-1,0,-1,0,SEGMENT_TIMEOUT,,,,8.67,timeout,d_raw_ticks=12 brd_raw_work_scaled=-1 brd_goal_prefix_removed=0 brd_incidental_goal_prefix_ms=-1 brd_raw_plan_valid=0 brd_exit_reason=SEGMENT_TIMEOUT
g2_dhigh_asurplus_pmixed_gshared_pool_seed0,warehouse_random_factorial,carrier_brd,1,19,79.0,79000000,39,26,14,1,0.2281,20,19,79,79000000,19,79,79000000,0,0,0,0,0,0,0,0,NOT_ATTEMPTED,0,0,0,0,-1,-1,-1,-1,-1,0,0,0,0,0,0,0,0,0,0,0,0,0,,,,,,,,,,,,,0,0,0,0,0,0,0,0,0,0,0,0,0,0,0,0,0,0,0,BOTTLENECK_TARGET_FRONTIER_CONTINUITY_V2,0,0,0,0,0,0,0,0,0,0,0,0,0,0,0,0,0,0.023588,0,0,0,0,0,0,4.83509,3.54298,3,3,2,7,25,1.60143,1575,0,0,24,TASKBR_VACANCY_V1,0.480994,2,7,6,7,0,6,0.155563,0.003456,0,6,0,7,7,0,6,6,"1,1,1,2,1,1",5,0,6,10.0418,25,0,0.218971,0.110608,19,79000000,0,19,1,SOLVED,20,20.1436,ebeca2ade1105f6899dbb63cfac63317d01ad6f359a9187262f4ed6fa710bb9b,0.029,ok,
g2_dhigh_asurplus_pmixed_gsingleton_seed0,warehouse_random_factorial,carrier_brd,0,,,,,,,,,,,,,,,,,,,,,,,,,,,,,,,,,,,,,,,,,,,,,,,,,,,,,,,,,,,,,,,,,,,,,,,,,,,,,,,,,,,,,,,,,,,,,,,,,,,,,,,2.81202,4.69702,5,5,4,10,9,0.790057,567,2,2,18,TASKBR_VACANCY_V1,0.728605,4,10,6,8,2,4,0.196529,0.004987,0,6,0,12,12,0,4,3,"1,1,1",3,0,4,8551.25,1849,1,4.90307,0,15,-1,0,-1,0,SEGMENT_TIMEOUT,,,,8.604,timeout,d_raw_ticks=15 brd_raw_work_scaled=-1 brd_goal_prefix_removed=0 brd_incidental_goal_prefix_ms=-1 brd_raw_plan_valid=0 brd_exit_reason=SEGMENT_TIMEOUT
g2_dlow_abaseline_pcross_heavy_gshared_pool_seed0,warehouse_random_factorial,carrier_brd,1,23,68.0,68000000,19,33,16,2,0.2065,19,23,68,68000000,23,68,68000000,0,0,0,0,0,0,0,0,NOT_ATTEMPTED,0,0,0,0,-1,-1,-1,-1,-1,0,0,0,0,0,0,0,0,0,0,0,0,0,,,,,,,,,,,,,0,0,0,0,0,0,0,0,0,0,0,0,0,0,0,0,0,0,0,BOTTLENECK_TARGET_FRONTIER_CONTINUITY_V2,0,0,0,0,0,0,0,0,0,0,0,0,0,0,0,0,0,0.014103,0,0,0,0,0,0,3.66567,3.19289,3,3,2,8,12,0.809054,756,0,0,0,TASKBR_VACANCY_V1,0.557066,2,8,6,8,0,7,0.150072,0.006512,0,6,0,14,14,0,7,7,"1,1,1,1,1,1,2",2,0,7,11.2204,30,0,0.239423,0.055235,23,68000000,0,19,1,SOLVED,19,19.4687,3550c56b32da34d83330ed739b4ef157129ce15d2066afa516f0c5e0c3ca61c7,0.029,ok,
g2_dlow_abaseline_pcross_heavy_gsingleton_seed0,warehouse_random_factorial,carrier_brd,1,30,98.0,98000000,49,31,18,3,0.4083,19,30,98,98000000,30,98,98000000,0,0,0,0,0,0,0,0,NOT_ATTEMPTED,0,0,0,0,-1,-1,-1,-1,-1,0,0,0,0,0,0,0,0,0,0,0,0,0,,,,,,,,,,,,,0,0,0,0,0,0,0,0,0,0,0,0,0,0,0,0,0,0,0,BOTTLENECK_TARGET_FRONTIER_CONTINUITY_V2,0,0,0,0,0,0,0,0,0,0,0,0,0,0,0,0,0,0.022358,0,0,0,0,0,0,2.62896,3.85921,3,3,2,9,6,0.437466,378,0,0,16,TASKBR_VACANCY_V1,0.63404,2,9,6,9,0,7,0.137897,0.005438,0,6,0,12,12,0,7,7,"1,1,1,2,1,1,2",3,1,7,11.3731,37,0,0.24569,0.073383,30,98000000,0,19,1,SOLVED,19,19.4967,91a4429b8655aafd3ed3bd52a1ddfb306feeadef594dab1160b3215a80eb3907,0.028,ok,
g2_dlow_abaseline_plocal_gshared_pool_seed0,warehouse_random_factorial,carrier_brd,1,29,78.0,78000000,15,45,18,3,0.1293,20,29,78,78000000,29,78,78000000,0,0,0,0,0,0,0,0,NOT_ATTEMPTED,0,0,0,0,-1,-1,-1,-1,-1,0,0,0,0,0,0,0,0,0,0,0,0,0,,,,,,,,,,,,,0,0,0,0,0,0,0,0,0,0,0,0,0,0,0,0,0,0,0,BOTTLENECK_TARGET_FRONTIER_CONTINUITY_V2,0,0,0,0,0,0,0,0,0,0,0,0,0,0,0,0,0,0.016194,0,0,0,0,0,0,3.7011,3.66599,3,3,2,9,15,0.850707,945,0,0,0,TASKBR_VACANCY_V1,0.547616,2,9,6,9,0,7,0.171034,0.006378,0,6,0,15,15,0,7,7,"1,1,1,1,2,2,1",3,1,7,11.3722,36,0,0.229748,0.065821,29,78000000,0,19,1,SOLVED,20,20.3021,6460e8d9ea65e1209a7dd3d58a1135558644731856161d780a325f7b63c97b7a,0.029,ok,
g2_dlow_abaseline_plocal_gsingleton_seed0,warehouse_random_factorial,carrier_brd,0,,,,,,,,,,,,,,,,,,,,,,,,,,,,,,,,,,,,,,,,,,,,,,,,,,,,,,,,,,,,,,,,,,,,,,,,,,,,,,,,,,,,,,,,,,,,,,,,,,,,,,,2.59757,3.83303,3,3,2,9,6,0.409676,378,0,0,4,TASKBR_VACANCY_V1,0.609797,2,9,6,9,0,5,0.142794,0.004876,0,6,0,8,8,0,5,4,"1,1,1,1",3,1,5,8659.87,12939,1,1.95487,0,20,-1,0,-1,0,SEGMENT_TIMEOUT,,,,8.704,timeout,d_raw_ticks=20 brd_raw_work_scaled=-1 brd_goal_prefix_removed=0 brd_incidental_goal_prefix_ms=-1 brd_raw_plan_valid=0 brd_exit_reason=SEGMENT_TIMEOUT
g2_dlow_abaseline_pmixed_gshared_pool_seed0,warehouse_random_factorial,carrier_brd,1,31,98.0,98000000,31,51,16,2,0.25,19,31,98,98000000,31,98,98000000,0,0,0,0,0,0,0,0,NOT_ATTEMPTED,0,0,0,0,-1,-1,-1,-1,-1,0,0,0,0,0,0,0,0,0,0,0,0,0,,,,,,,,,,,,,0,0,0,0,0,0,0,0,0,0,0,0,0,0,0,0,0,0,0,BOTTLENECK_TARGET_FRONTIER_CONTINUITY_V2,0,0,0,0,0,0,0,0,0,0,0,0,0,0,0,0,0,0.020493,0,0,0,0,0,0,3.74999,3.30554,3,3,2,8,17,0.955341,1071,0,0,0,TASKBR_VACANCY_V1,0.498086,2,8,6,8,0,7,0.158941,0.005584,0,6,0,13,13,0,7,7,"1,1,1,1,1,1,2",3,0,7,11.2963,38,0,0.232472,0.084236,31,98000000,0,19,1,SOLVED,19,19.9579,cd85aa833dd62376f99b4b0d0408671edc3f32e562aba25f5037c60c1bf4dc1e,0.028,ok,
g2_dlow_abaseline_pmixed_gsingleton_seed0,warehouse_random_factorial,carrier_brd,0,,,,,,,,,,,,,,,,,,,,,,,,,,,,,,,,,,,,,,,,,,,,,,,,,,,,,,,,,,,,,,,,,,,,,,,,,,,,,,,,,,,,,,,,,,,,,,,,,,,,,,,2.6719,3.35435,3,3,2,8,5,0.37935,315,0,0,1,TASKBR_VACANCY_V1,0.510431,2,8,6,8,0,5,0.127716,0.00424,0,6,0,8,8,0,5,4,"1,1,1,1",3,0,5,8632.05,10345,1,1.65472,0,29,-1,0,-1,0,SEGMENT_TIMEOUT,,,,8.675,timeout,d_raw_ticks=29 brd_raw_work_scaled=-1 brd_goal_prefix_removed=0 brd_incidental_goal_prefix_ms=-1 brd_raw_plan_valid=0 brd_exit_reason=SEGMENT_TIMEOUT
g2_dlow_aequal_pcross_heavy_gshared_pool_seed0,warehouse_random_factorial,carrier_brd,1,17,64.0,64000000,19,29,16,2,0.1863,19,17,64,64000000,17,64,64000000,0,0,0,0,0,0,0,0,NOT_ATTEMPTED,0,0,0,0,-1,-1,-1,-1,-1,0,0,0,0,0,0,0,0,0,0,0,0,0,,,,,,,,,,,,,0,0,0,0,0,0,0,0,0,0,0,0,0,0,0,0,0,0,0,BOTTLENECK_TARGET_FRONTIER_CONTINUITY_V2,0,0,0,0,0,0,0,0,0,0,0,0,0,0,0,0,0,0.013006,0,0,0,0,0,0,3.65211,3.17981,3,3,2,8,12,0.712685,756,0,0,0,TASKBR_VACANCY_V1,0.501344,2,8,6,8,0,7,0.16357,0.005232,0,6,0,12,12,0,7,7,"1,1,1,1,1,1,2",4,0,7,11.1415,24,0,0.22797,0.046107,17,64000000,0,19,1,SOLVED,19,19.2728,e7f3bdab1da9cd418ba6355e8f733ecf793f03ff35194ced9c27c201b52f03dd,0.029,ok,
g2_dlow_aequal_pcross_heavy_gsingleton_seed0,warehouse_random_factorial,carrier_brd,0,,,,,,,,,,,,,,,,,,,,,,,,,,,,,,,,,,,,,,,,,,,,,,,,,,,,,,,,,,,,,,,,,,,,,,,,,,,,,,,,,,,,,,,,,,,,,,,,,,,,,,,2.66587,3.83072,3,3,2,9,6,0.431139,378,0,0,16,TASKBR_VACANCY_V1,0.56027,2,9,6,9,0,5,0.081108,0.002876,0,6,0,6,6,0,5,4,"1,1,1,1",5,0,5,8641.61,12942,1,1.92863,0,20,-1,0,-1,0,SEGMENT_TIMEOUT,,,,8.69,timeout,d_raw_ticks=20 brd_raw_work_scaled=-1 brd_goal_prefix_removed=0 brd_incidental_goal_prefix_ms=-1 brd_raw_plan_valid=0 brd_exit_reason=SEGMENT_TIMEOUT
g2_dlow_aequal_plocal_gshared_pool_seed0,warehouse_random_factorial,carrier_brd,1,15,62.0,62000000,15,29,18,3,0.1667,19,15,62,62000000,15,62,62000000,0,0,0,0,0,0,0,0,NOT_ATTEMPTED,0,0,0,0,-1,-1,-1,-1,-1,0,0,0,0,0,0,0,0,0,0,0,0,0,,,,,,,,,,,,,0,0,0,0,0,0,0,0,0,0,0,0,0,0,0,0,0,0,0,BOTTLENECK_TARGET_FRONTIER_CONTINUITY_V2,0,0,0,0,0,0,0,0,0,0,0,0,0,0,0,0,0,0.014605,0,0,0,0,0,0,3.69874,3.66454,3,3,2,9,15,0.872299,945,0,0,0,TASKBR_VACANCY_V1,0.548211,2,9,6,9,0,7,0.168392,0.005412,0,6,0,15,15,0,7,7,"1,1,1,1,1,1,3",3,0,7,11.19,22,0,0.225638,0.041335,15,62000000,0,19,1,SOLVED,19,19.8841,55aad6a2226411faa144575ff2f6c621a82e414541dddea79e5b0cecbd5e1fd9,0.029,ok,
g2_dlow_aequal_plocal_gsingleton_seed0,warehouse_random_factorial,carrier_brd,0,,,,,,,,,,,,,,,,,,,,,,,,,,,,,,,,,,,,,,,,,,,,,,,,,,,,,,,,,,,,,,,,,,,,,,,,,,,,,,,,,,,,,,,,,,,,,,,,,,,,,,,2.66144,3.87489,3,3,2,9,6,0.419047,378,0,0,4,TASKBR_VACANCY_V1,0.549935,2,9,6,9,0,5,0.1139,0.00391,0,6,0,9,9,0,5,4,"1,1,1,1",4,0,5,8614.22,10330,1,1.57249,0,12,-1,0,-1,0,SEGMENT_TIMEOUT,,,,8.661,timeout,d_raw_ticks=12 brd_raw_work_scaled=-1 brd_goal_prefix_removed=0 brd_incidental_goal_prefix_ms=-1 brd_raw_plan_valid=0 brd_exit_reason=SEGMENT_TIMEOUT
g2_dlow_aequal_pmixed_gshared_pool_seed0,warehouse_random_factorial,carrier_brd,1,22,82.0,82000000,31,35,16,2,0.2348,16,22,82,82000000,22,82,82000000,0,0,0,0,0,0,0,0,NOT_ATTEMPTED,0,0,0,0,-1,-1,-1,-1,-1,0,0,0,0,0,0,0,0,0,0,0,0,0,,,,,,,,,,,,,0,0,0,0,0,0,0,0,0,0,0,0,0,0,0,0,0,0,0,BOTTLENECK_TARGET_FRONTIER_CONTINUITY_V2,0,0,0,0,0,0,0,0,0,0,0,0,0,0,0,0,0,0.013746,0,0,0,0,0,0,3.72297,3.26038,3,3,2,8,17,0.986154,1071,0,0,0,TASKBR_VACANCY_V1,0.539911,2,8,6,8,0,5,0.150222,0.003987,0,6,0,10,10,0,5,5,"2,2,1,1,2",2,0,5,8.22556,27,0,0.160652,0.058698,22,82000000,0,16,1,SOLVED,16,16.6398,87cecaa7185a816c52199c059cb970194c8f3ad9762a1fd079c26e002851ece9,0.026,ok,
g2_dlow_aequal_pmixed_gsingleton_seed0,warehouse_random_factorial,carrier_brd,0,,,,,,,,,,,,,,,,,,,,,,,,,,,,,,,,,,,,,,,,,,,,,,,,,,,,,,,,,,,,,,,,,,,,,,,,,,,,,,,,,,,,,,,,,,,,,,,,,,,,,,,2.70927,3.33868,3,3,2,8,5,0.391537,315,0,0,1,TASKBR_VACANCY_V1,0.518107,2,8,6,8,0,5,0.11941,0.004189,0,6,0,9,9,0,5,4,"1,1,1,1",4,2,5,8615.13,10227,1,1.57319,0,18,-1,0,-1,0,SEGMENT_TIMEOUT,,,,8.663,timeout,d_raw_ticks=18 brd_raw_work_scaled=-1 brd_goal_prefix_removed=0 brd_incidental_goal_prefix_ms=-1 brd_raw_plan_valid=0 brd_exit_reason=SEGMENT_TIMEOUT
g2_dlow_ascarce_pcross_heavy_gshared_pool_seed0,warehouse_random_factorial,carrier_brd,1,32,76.0,76000000,19,41,16,2,0.1979,21,32,76,76000000,32,76,76000000,0,0,0,0,0,0,0,0,NOT_ATTEMPTED,0,0,0,0,-1,-1,-1,-1,-1,0,0,0,0,0,0,0,0,0,0,0,0,0,,,,,,,,,,,,,0,0,0,0,0,0,0,0,0,0,0,0,0,0,0,0,0,0,0,BOTTLENECK_TARGET_FRONTIER_CONTINUITY_V2,0,0,0,0,0,0,0,0,0,0,0,0,0,0,0,0,0,0.016261,0,0,0,0,0,0,3.57577,3.28556,3,3,2,8,12,0.732548,756,0,0,0,TASKBR_VACANCY_V1,0.491991,2,8,6,8,0,8,0.142893,0.005784,0,6,0,12,12,0,8,8,"1,1,1,1,1,1,1,1",2,1,8,12.8003,40,0,0.261392,0.069803,32,76000000,0,20,1,SOLVED,21,21.0862,bd683be67691b58927c7261de533cdd00091876c45809501c5a2d9f787cf6a07,0.03,ok,
g2_dlow_ascarce_pcross_heavy_gsingleton_seed0,warehouse_random_factorial,carrier_brd,0,,,,,,,,,,,,,,,,,,,,,,,,,,,,,,,,,,,,,,,,,,,,,,,,,,,,,,,,,,,,,,,,,,,,,,,,,,,,,,,,,,,,,,,,,,,,,,,,,,,,,,,2.66078,3.85375,3,3,2,9,6,0.423396,378,0,0,16,TASKBR_VACANCY_V1,0.572017,2,9,6,9,0,5,0.135922,0.004841,0,6,0,9,9,0,5,4,"1,1,1,1",2,1,5,121.725,176,1,0.24703,0,30,-1,0,-1,0,SEGMENT_EXHAUSTED,,,,0.135,failed,raw_ticks=30 brd_raw_work_scaled=-1 brd_goal_prefix_removed=0 brd_incidental_goal_prefix_ms=-1 brd_raw_plan_valid=0 brd_exit_reason=SEGMENT_EXHAUSTED
g2_dlow_ascarce_plocal_gshared_pool_seed0,warehouse_random_factorial,carrier_brd,1,32,76.0,76000000,15,43,18,3,0.1562,21,32,76,76000000,32,76,76000000,0,0,0,0,0,0,0,0,NOT_ATTEMPTED,0,0,0,0,-1,-1,-1,-1,-1,0,0,0,0,0,0,0,0,0,0,0,0,0,,,,,,,,,,,,,0,0,0,0,0,0,0,0,0,0,0,0,0,0,0,0,0,0,0,BOTTLENECK_TARGET_FRONTIER_CONTINUITY_V2,0,0,0,0,0,0,0,0,0,0,0,0,0,0,0,0,0,0.021569,0,0,0,0,0,0,3.8454,3.6816,3,3,2,9,15,0.864931,945,0,0,0,TASKBR_VACANCY_V1,0.547957,2,9,6,9,0,8,0.183718,0.006604,0,6,0,15,15,0,8,8,"1,1,1,1,1,1,2,1",2,1,8,12.839,40,0,0.262158,0.080044,32,76000000,0,21,1,SOLVED,21,21.9637,ba20e92802c16dd5e843ad42ef36904c38b1d91186a1391c954924fbcf5e0fbd,0.031,ok,
g2_dlow_ascarce_plocal_gsingleton_seed0,warehouse_random_factorial,carrier_brd,0,,,,,,,,,,,,,,,,,,,,,,,,,,,,,,,,,,,,,,,,,,,,,,,,,,,,,,,,,,,,,,,,,,,,,,,,,,,,,,,,,,,,,,,,,,,,,,,,,,,,,,,2.69335,3.85828,3,3,2,9,6,0.417463,378,0,0,4,TASKBR_VACANCY_V1,0.595508,2,9,6,9,0,5,0.115225,0.003963,0,6,0,6,6,0,5,4,"1,1,1,1",2,0,5,119.413,195,1,0.247108,0,49,-1,0,-1,0,SEGMENT_EXHAUSTED,,,,0.133,failed,raw_ticks=49 brd_raw_work_scaled=-1 brd_goal_prefix_removed=0 brd_incidental_goal_prefix_ms=-1 brd_raw_plan_valid=0 brd_exit_reason=SEGMENT_EXHAUSTED
g2_dlow_ascarce_pmixed_gshared_pool_seed0,warehouse_random_factorial,carrier_brd,1,33,93.0,93000000,31,46,16,2,0.3131,20,33,93,93000000,33,93,93000000,0,0,0,0,0,0,0,0,NOT_ATTEMPTED,0,0,0,0,-1,-1,-1,-1,-1,0,0,0,0,0,0,0,0,0,0,0,0,0,,,,,,,,,,,,,0,0,0,0,0,0,0,0,0,0,0,0,0,0,0,0,0,0,0,BOTTLENECK_TARGET_FRONTIER_CONTINUITY_V2,0,0,0,0,0,0,0,0,0,0,0,0,0,0,0,0,0,0.016422,0,0,0,0,0,0,3.74152,3.31452,3,3,2,8,17,0.930947,1071,0,0,0,TASKBR_VACANCY_V1,0.567687,2,8,6,8,0,7,0.150284,0.005637,0,6,0,11,11,0,7,7,"1,1,1,1,1,1,2",2,2,7,11.3474,40,0,0.231692,0.073857,33,93000000,0,19,1,SOLVED,20,20.0812,5c301e1a2f238f81ff09ffbd4a057f1303f78ea748e677c3c72346fefb17a4de,0.029,ok,
g2_dlow_ascarce_pmixed_gsingleton_seed0,warehouse_random_factorial,carrier_brd,0,,,,,,,,,,,,,,,,,,,,,,,,,,,,,,,,,,,,,,,,,,,,,,,,,,,,,,,,,,,,,,,,,,,,,,,,,,,,,,,,,,,,,,,,,,,,,,,,,,,,,,,2.66397,3.41647,3,3,2,8,5,0.399366,315,0,0,1,TASKBR_VACANCY_V1,0.49927,2,8,6,8,0,5,0.120839,0.00403,0,6,0,6,6,0,5,4,"1,1,1,1",2,0,5,154.518,203,1,0.246313,0,57,-1,0,-1,0,SEGMENT_EXHAUSTED,,,,0.168,failed,raw_ticks=57 brd_raw_work_scaled=-1 brd_goal_prefix_removed=0 brd_incidental_goal_prefix_ms=-1 brd_raw_plan_valid=0 brd_exit_reason=SEGMENT_EXHAUSTED
g2_dlow_asurplus_pcross_heavy_gshared_pool_seed0,warehouse_random_factorial,carrier_brd,1,15,55.0,55000000,19,20,16,2,0.1407,17,15,55,55000000,15,55,55000000,0,0,0,0,0,0,0,0,NOT_ATTEMPTED,0,0,0,0,-1,-1,-1,-1,-1,0,0,0,0,0,0,0,0,0,0,0,0,0,,,,,,,,,,,,,0,0,0,0,0,0,0,0,0,0,0,0,0,0,0,0,0,0,0,BOTTLENECK_TARGET_FRONTIER_CONTINUITY_V2,0,0,0,0,0,0,0,0,0,0,0,0,0,0,0,0,0,0.013196,0,0,0,0,0,0,3.58045,3.32292,3,3,2,8,12,0.712726,756,0,0,0,TASKBR_VACANCY_V1,0.490584,2,8,6,8,0,6,0.147709,0.003689,0,6,0,9,9,0,6,6,"2,1,1,1,1,2",3,0,6,9.76237,21,0,0.193948,0.047614,15,55000000,0,17,1,SOLVED,17,17.9154,3a582d75676a0048197822a31a625259695b8dfd2142ac0fc30b7f6d0c41eba3,0.027,ok,
g2_dlow_asurplus_pcross_heavy_gsingleton_seed0,warehouse_random_factorial,carrier_brd,0,,,,,,,,,,,,,,,,,,,,,,,,,,,,,,,,,,,,,,,,,,,,,,,,,,,,,,,,,,,,,,,,,,,,,,,,,,,,,,,,,,,,,,,,,,,,,,,,,,,,,,,2.58687,3.8979,3,3,2,9,6,0.42104,378,0,0,16,TASKBR_VACANCY_V1,0.566729,2,9,6,9,0,5,0.129737,0.002861,0,6,0,6,6,0,5,4,"1,1,1,1",5,0,5,8636.53,11357,1,1.95303,0,20,-1,0,-1,0,SEGMENT_TIMEOUT,,,,8.685,timeout,d_raw_ticks=20 brd_raw_work_scaled=-1 brd_goal_prefix_removed=0 brd_incidental_goal_prefix_ms=-1 brd_raw_plan_valid=0 brd_exit_reason=SEGMENT_TIMEOUT
g2_dlow_asurplus_plocal_gshared_pool_seed0,warehouse_random_factorial,carrier_brd,1,14,57.0,57000000,15,24,18,3,0.119,19,14,57,57000000,14,57,57000000,0,0,0,0,0,0,0,0,NOT_ATTEMPTED,0,0,0,0,-1,-1,-1,-1,-1,0,0,0,0,0,0,0,0,0,0,0,0,0,,,,,,,,,,,,,0,0,0,0,0,0,0,0,0,0,0,0,0,0,0,0,0,0,0,BOTTLENECK_TARGET_FRONTIER_CONTINUITY_V2,0,0,0,0,0,0,0,0,0,0,0,0,0,0,0,0,0,0.013358,0,0,0,0,0,0,3.68809,3.69559,3,3,2,9,15,0.850163,945,0,0,0,TASKBR_VACANCY_V1,0.550372,2,9,6,9,0,7,0.204219,0.005014,0,6,0,13,13,0,7,7,"1,1,1,1,1,1,3",3,0,7,11.1987,21,0,0.225293,0.046547,14,57000000,0,19,1,SOLVED,19,19.9739,57d7101933f3666fbffe175e817c222477055a3a1d13c55753474b6b02164c3f,0.03,ok,
g2_dlow_asurplus_plocal_gsingleton_seed0,warehouse_random_factorial,carrier_brd,0,,,,,,,,,,,,,,,,,,,,,,,,,,,,,,,,,,,,,,,,,,,,,,,,,,,,,,,,,,,,,,,,,,,,,,,,,,,,,,,,,,,,,,,,,,,,,,,,,,,,,,,2.71252,3.84007,3,3,2,9,6,0.422425,378,0,0,4,TASKBR_VACANCY_V1,0.622246,2,9,6,9,0,4,0.115805,0.003209,0,6,0,7,7,0,4,3,"1,2,1",4,0,4,8630.57,11601,1,1.85987,0,12,-1,0,-1,0,SEGMENT_TIMEOUT,,,,8.677,timeout,d_raw_ticks=12 brd_raw_work_scaled=-1 brd_goal_prefix_removed=0 brd_incidental_goal_prefix_ms=-1 brd_raw_plan_valid=0 brd_exit_reason=SEGMENT_TIMEOUT
g2_dlow_asurplus_pmixed_gshared_pool_seed0,warehouse_random_factorial,carrier_brd,1,17,73.0,73000000,31,26,16,2,0.2026,16,17,73,73000000,17,73,73000000,0,0,0,0,0,0,0,0,NOT_ATTEMPTED,0,0,0,0,-1,-1,-1,-1,-1,0,0,0,0,0,0,0,0,0,0,0,0,0,,,,,,,,,,,,,0,0,0,0,0,0,0,0,0,0,0,0,0,0,0,0,0,0,0,BOTTLENECK_TARGET_FRONTIER_CONTINUITY_V2,0,0,0,0,0,0,0,0,0,0,0,0,0,0,0,0,0,0.01496,0,0,0,0,0,0,3.7596,3.26887,3,3,2,8,17,0.950111,1071,0,0,0,TASKBR_VACANCY_V1,0.506353,2,8,6,8,0,5,0.154996,0.003537,0,6,0,8,8,0,5,5,"2,1,2,1,2",4,0,5,8.10835,22,0,0.162895,0.054791,17,73000000,0,16,1,SOLVED,16,16.4928,739279382d8dac56530a07054b1489dccddfef184f111b11ea3fe6b090ed9069,0.025,ok,
g2_dlow_asurplus_pmixed_gsingleton_seed0,warehouse_random_factorial,carrier_brd,0,,,,,,,,,,,,,,,,,,,,,,,,,,,,,,,,,,,,,,,,,,,,,,,,,,,,,,,,,,,,,,,,,,,,,,,,,,,,,,,,,,,,,,,,,,,,,,,,,,,,,,,2.53744,3.33385,3,3,2,8,5,0.37596,315,0,0,1,TASKBR_VACANCY_V1,0.504753,2,8,6,8,0,5,0.162016,0.004299,0,6,0,10,10,0,5,4,"1,1,1,1",4,0,5,8610.95,9189,1,1.61706,0,18,-1,0,-1,0,SEGMENT_TIMEOUT,,,,8.656,timeout,d_raw_ticks=18 brd_raw_work_scaled=-1 brd_goal_prefix_removed=0 brd_incidental_goal_prefix_ms=-1 brd_raw_plan_valid=0 brd_exit_reason=SEGMENT_TIMEOUT
g2_dmedium_abaseline_pcross_heavy_gshared_pool_seed0,warehouse_random_factorial,carrier_brd,1,26,72.0,72000000,19,37,16,2,0.1827,22,26,72,72000000,26,72,72000000,0,0,0,0,0,0,0,0,NOT_ATTEMPTED,0,0,0,0,-1,-1,-1,-1,-1,0,0,0,0,0,0,0,0,0,0,0,0,0,,,,,,,,,,,,,0,0,0,0,0,0,0,0,0,0,0,0,0,0,0,0,0,0,0,BOTTLENECK_TARGET_FRONTIER_CONTINUITY_V2,0,0,0,0,0,0,0,0,0,0,0,0,0,0,0,0,0,0.016443,0,0,0,0,0,0,3.78078,3.64879,3,3,2,8,13,0.927437,819,0,0,3,TASKBR_VACANCY_V1,0.519205,2,8,6,8,0,8,0.153308,0.005982,0,6,0,14,14,0,8,8,"1,1,1,1,1,1,1,1",2,0,8,13.0298,34,0,0.265866,0.101792,26,72000000,0,21,1,SOLVED,22,22.2146,7ec3f08aab6116ca6eb3b83383ed5a01d01a3c494cb7970a685838198fbb2125,0.032,ok,
g2_dmedium_abaseline_pcross_heavy_gsingleton_seed0,warehouse_random_factorial,carrier_brd,1,32,100.0,100000000,49,33,18,3,0.3828,22,32,100,100000000,32,100,100000000,0,0,0,0,0,0,0,0,NOT_ATTEMPTED,0,0,0,0,-1,-1,-1,-1,-1,0,0,0,0,0,0,0,0,0,0,0,0,0,,,,,,,,,,,,,0,0,0,0,0,0,0,0,0,0,0,0,0,0,0,0,0,0,0,BOTTLENECK_TARGET_FRONTIER_CONTINUITY_V2,0,0,0,0,0,0,0,0,0,0,0,0,0,0,0,0,0,0.021777,0,0,0,0,0,0,2.66063,4.20692,3,3,2,9,6,0.491619,378,0,0,16,TASKBR_VACANCY_V1,0.622384,2,9,6,9,0,8,0.137281,0.005575,0,6,0,12,12,0,8,8,"1,1,1,2,1,1,1,1",3,1,8,13.3612,40,0,0.283259,0.115014,32,100000000,0,21,1,SOLVED,22,22.2313,29c6c1ab80ae4799199a4ee055f42fcdc3b6d2b9791759dd2490bf2da6a105b1,0.031,ok,
g2_dmedium_abaseline_plocal_gshared_pool_seed0,warehouse_random_factorial,carrier_brd,1,29,78.0,78000000,15,45,18,3,0.1293,21,29,78,78000000,29,78,78000000,0,0,0,0,0,0,0,0,NOT_ATTEMPTED,0,0,0,0,-1,-1,-1,-1,-1,0,0,0,0,0,0,0,0,0,0,0,0,0,,,,,,,,,,,,,0,0,0,0,0,0,0,0,0,0,0,0,0,0,0,0,0,0,0,BOTTLENECK_TARGET_FRONTIER_CONTINUITY_V2,0,0,0,0,0,0,0,0,0,0,0,0,0,0,0,0,0,0.017736,0,0,0,0,0,0,4.35436,4.0821,3,3,2,9,21,1.4608,1323,0,0,1,TASKBR_VACANCY_V1,0.581254,2,9,6,9,0,7,0.170694,0.007868,0,6,0,15,15,0,7,7,"1,1,1,1,2,2,1",3,1,7,11.4201,36,0,0.223264,0.112597,29,78000000,0,21,1,SOLVED,21,21.7996,5bfb9b81c4974b988acd1ad85f4d866eca1696aabfc0b2efe067c44681988c14,0.031,ok,
g2_dmedium_abaseline_plocal_gsingleton_seed0,warehouse_random_factorial,carrier_brd,0,,,,,,,,,,,,,,,,,,,,,,,,,,,,,,,,,,,,,,,,,,,,,,,,,,,,,,,,,,,,,,,,,,,,,,,,,,,,,,,,,,,,,,,,,,,,,,,,,,,,,,,2.83613,4.35403,3,3,2,9,8,0.605344,504,0,0,14,TASKBR_VACANCY_V1,0.602358,2,9,6,9,0,5,0.112974,0.004293,0,6,0,7,7,0,5,4,"1,1,1,1",3,0,5,8615.23,10100,1,1.88809,0,23,-1,0,-1,0,SEGMENT_TIMEOUT,,,,8.661,timeout,d_raw_ticks=23 brd_raw_work_scaled=-1 brd_goal_prefix_removed=0 brd_incidental_goal_prefix_ms=-1 brd_raw_plan_valid=0 brd_exit_reason=SEGMENT_TIMEOUT
g2_dmedium_abaseline_pmixed_gshared_pool_seed0,warehouse_random_factorial,carrier_brd,1,35,102.0,102000000,39,49,14,1,0.2786,18,35,102,102000000,35,102,102000000,0,0,0,0,0,0,0,0,NOT_ATTEMPTED,0,0,0,0,-1,-1,-1,-1,-1,0,0,0,0,0,0,0,0,0,0,0,0,0,,,,,,,,,,,,,0,0,0,0,0,0,0,0,0,0,0,0,0,0,0,0,0,0,0,BOTTLENECK_TARGET_FRONTIER_CONTINUITY_V2,0,0,0,0,0,0,0,0,0,0,0,0,0,0,0,0,0,0.020181,0,0,0,0,0,0,4.35095,3.72327,3,3,2,7,23,1.46507,1449,0,0,0,TASKBR_VACANCY_V1,0.465156,2,7,6,7,0,5,0.121725,0.004119,0,6,0,8,8,0,5,5,"2,2,1,1,1",2,0,5,8.69702,40,0,0.177556,0.123229,35,102000000,0,18,1,SOLVED,18,18.6119,45e0dcee7edfff37492cf554e8b45101393c0fa50ae42fd7f9807b2ecc5564c6,0.027,ok,
g2_dmedium_abaseline_pmixed_gsingleton_seed0,warehouse_random_factorial,carrier_brd,0,,,,,,,,,,,,,,,,,,,,,,,,,,,,,,,,,,,,,,,,,,,,,,,,,,,,,,,,,,,,,,,,,,,,,,,,,,,,,,,,,,,,,,,,,,,,,,,,,,,,,,,2.77844,3.97945,4,4,3,9,8,0.662523,504,1,1,22,TASKBR_VACANCY_V1,0.596848,3,9,6,8,1,4,0.114315,0.003782,0,6,0,6,6,0,4,3,"1,1,1",3,0,4,832.081,199,1,0.243423,0,55,-1,0,-1,0,SEGMENT_EXHAUSTED,,,,0.847,failed,raw_ticks=55 brd_raw_work_scaled=-1 brd_goal_prefix_removed=0 brd_incidental_goal_prefix_ms=-1 brd_raw_plan_valid=0 brd_exit_reason=SEGMENT_EXHAUSTED
g2_dmedium_aequal_pcross_heavy_gshared_pool_seed0,warehouse_random_factorial,carrier_brd,1,17,64.0,64000000,19,29,16,2,0.1863,20,17,64,64000000,17,64,64000000,0,0,0,0,0,0,0,0,NOT_ATTEMPTED,0,0,0,0,-1,-1,-1,-1,-1,0,0,0,0,0,0,0,0,0,0,0,0,0,,,,,,,,,,,,,0,0,0,0,0,0,0,0,0,0,0,0,0,0,0,0,0,0,0,BOTTLENECK_TARGET_FRONTIER_CONTINUITY_V2,0,0,0,0,0,0,0,0,0,0,0,0,0,0,0,0,0,0.014035,0,0,0,0,0,0,3.704,3.54631,3,3,2,8,13,0.87709,819,0,0,3,TASKBR_VACANCY_V1,0.52107,2,8,6,8,0,7,0.15649,0.006269,0,6,0,12,12,0,7,7,"1,1,1,1,1,1,2",4,0,7,11.3188,24,0,0.22991,0.067415,17,64000000,0,19,1,SOLVED,20,20.0536,1325d0369727654b7d268483fd1c13d6ca3f6e4b2cd91afd29b63d6b16d2fad8,0.029,ok,
g2_dmedium_aequal_pcross_heavy_gsingleton_seed0,warehouse_random_factorial,carrier_brd,0,,,,,,,,,,,,,,,,,,,,,,,,,,,,,,,,,,,,,,,,,,,,,,,,,,,,,,,,,,,,,,,,,,,,,,,,,,,,,,,,,,,,,,,,,,,,,,,,,,,,,,,2.7557,4.15619,3,3,2,9,6,0.5066,378,0,0,16,TASKBR_VACANCY_V1,0.585348,2,9,6,9,0,5,0.080275,0.002917,0,6,0,6,6,0,5,4,"1,1,1,1",5,0,5,8596.43,8460,1,2.49262,0,20,-1,0,-1,0,SEGMENT_TIMEOUT,,,,8.637,timeout,d_raw_ticks=20 brd_raw_work_scaled=-1 brd_goal_prefix_removed=0 brd_incidental_goal_prefix_ms=-1 brd_raw_plan_valid=0 brd_exit_reason=SEGMENT_TIMEOUT
g2_dmedium_aequal_plocal_gshared_pool_seed0,warehouse_random_factorial,carrier_brd,1,15,62.0,62000000,15,29,18,3,0.1667,21,15,62,62000000,15,62,62000000,0,0,0,0,0,0,0,0,NOT_ATTEMPTED,0,0,0,0,-1,-1,-1,-1,-1,0,0,0,0,0,0,0,0,0,0,0,0,0,,,,,,,,,,,,,0,0,0,0,0,0,0,0,0,0,0,0,0,0,0,0,0,0,0,BOTTLENECK_TARGET_FRONTIER_CONTINUITY_V2,0,0,0,0,0,0,0,0,0,0,0,0,0,0,0,0,0,0.017327,0,0,0,0,0,0,4.38066,4.16792,3,3,2,9,21,1.43351,1323,0,0,1,TASKBR_VACANCY_V1,0.597016,2,9,6,9,0,7,0.165808,0.005482,0,6,0,15,15,0,7,7,"1,1,1,1,1,1,3",3,0,7,11.351,22,0,0.24697,0.060522,15,62000000,0,21,1,SOLVED,21,21.4577,cc4d9400d5ef33eb9769ac939325495cbe9bd70b609cee14c5b3f573cc0c9243,0.03,ok,
g2_dmedium_aequal_plocal_gsingleton_seed0,warehouse_random_factorial,carrier_brd,0,,,,,,,,,,,,,,,,,,,,,,,,,,,,,,,,,,,,,,,,,,,,,,,,,,,,,,,,,,,,,,,,,,,,,,,,,,,,,,,,,,,,,,,,,,,,,,,,,,,,,,,2.89947,4.43751,3,3,2,9,8,0.605016,504,0,0,14,TASKBR_VACANCY_V1,0.607309,2,9,6,9,0,5,0.092113,0.003112,0,6,0,6,6,0,5,4,"1,1,1,1",5,0,5,8628.68,10174,1,2.33376,0,12,-1,0,-1,0,SEGMENT_TIMEOUT,,,,8.685,timeout,d_raw_ticks=12 brd_raw_work_scaled=-1 brd_goal_prefix_removed=0 brd_incidental_goal_prefix_ms=-1 brd_raw_plan_valid=0 brd_exit_reason=SEGMENT_TIMEOUT
g2_dmedium_aequal_pmixed_gshared_pool_seed0,warehouse_random_factorial,carrier_brd,1,22,88.0,88000000,39,35,14,1,0.2955,19,22,88,88000000,22,88,88000000,0,0,0,0,0,0,0,0,NOT_ATTEMPTED,0,0,0,0,-1,-1,-1,-1,-1,0,0,0,0,0,0,0,0,0,0,0,0,0,,,,,,,,,,,,,0,0,0,0,0,0,0,0,0,0,0,0,0,0,0,0,0,0,0,BOTTLENECK_TARGET_FRONTIER_CONTINUITY_V2,0,0,0,0,0,0,0,0,0,0,0,0,0,0,0,0,0,0.016262,0,0,0,0,0,0,4.44709,3.46909,3,3,2,7,23,1.47763,1449,0,0,0,TASKBR_VACANCY_V1,0.468905,2,7,6,7,0,6,0.13985,0.003843,0,6,0,8,8,0,6,6,"1,2,1,1,1,1",4,0,6,9.96238,28,0,0.200148,0.085903,22,88000000,0,19,1,SOLVED,19,19.4568,0bd486525388592275c2ead1de069cd618cf600dd7c94197ce5964674c66aa4d,0.028,ok,
g2_dmedium_aequal_pmixed_gsingleton_seed0,warehouse_random_factorial,carrier_brd,0,,,,,,,,,,,,,,,,,,,,,,,,,,,,,,,,,,,,,,,,,,,,,,,,,,,,,,,,,,,,,,,,,,,,,,,,,,,,,,,,,,,,,,,,,,,,,,,,,,,,,,,2.73345,4.02201,4,4,3,9,8,0.657726,504,1,1,22,TASKBR_VACANCY_V1,0.602462,3,9,6,8,1,4,0.122256,0.004349,0,6,0,11,11,0,4,3,"1,1,1",3,0,4,8569.03,2265,1,6.23497,0,14,-1,0,-1,0,SEGMENT_TIMEOUT,,,,8.642,timeout,d_raw_ticks=14 brd_raw_work_scaled=-1 brd_goal_prefix_removed=0 brd_incidental_goal_prefix_ms=-1 brd_raw_plan_valid=0 brd_exit_reason=SEGMENT_TIMEOUT
g2_dmedium_ascarce_pcross_heavy_gshared_pool_seed0,warehouse_random_factorial,carrier_brd,1,30,76.0,76000000,19,41,16,2,0.2111,22,30,76,76000000,30,76,76000000,0,0,0,0,0,0,0,0,NOT_ATTEMPTED,0,0,0,0,-1,-1,-1,-1,-1,0,0,0,0,0,0,0,0,0,0,0,0,0,,,,,,,,,,,,,0,0,0,0,0,0,0,0,0,0,0,0,0,0,0,0,0,0,0,BOTTLENECK_TARGET_FRONTIER_CONTINUITY_V2,0,0,0,0,0,0,0,0,0,0,0,0,0,0,0,0,0,0.016083,0,0,0,0,0,0,3.804,3.61552,3,3,2,8,13,0.895657,819,0,0,3,TASKBR_VACANCY_V1,0.520249,2,8,6,8,0,8,0.132401,0.005308,0,6,0,11,11,0,8,8,"1,1,1,1,1,1,1,1",2,1,8,13.0955,38,0,0.264828,0.108317,30,76000000,0,21,1,SOLVED,22,22.3297,2d4bfc6fa420058de8b270ca624b13d985419f8859f0df45fa1a04aac0feb07c,0.031,ok,
g2_dmedium_ascarce_pcross_heavy_gsingleton_seed0,warehouse_random_factorial,carrier_brd,0,,,,,,,,,,,,,,,,,,,,,,,,,,,,,,,,,,,,,,,,,,,,,,,,,,,,,,,,,,,,,,,,,,,,,,,,,,,,,,,,,,,,,,,,,,,,,,,,,,,,,,,2.70328,4.4733,3,3,2,9,6,0.50292,378,0,0,16,TASKBR_VACANCY_V1,0.588026,2,9,6,9,0,5,0.148902,0.005214,0,6,0,9,9,0,5,4,"1,1,1,1",2,1,5,205.227,176,1,0.261603,0,30,-1,0,-1,0,SEGMENT_EXHAUSTED,,,,0.219,failed,raw_ticks=30 brd_raw_work_scaled=-1 brd_goal_prefix_removed=0 brd_incidental_goal_prefix_ms=-1 brd_raw_plan_valid=0 brd_exit_reason=SEGMENT_EXHAUSTED
g2_dmedium_ascarce_plocal_gshared_pool_seed0,warehouse_random_factorial,carrier_brd,1,32,76.0,76000000,15,43,18,3,0.1562,23,32,76,76000000,32,76,76000000,0,0,0,0,0,0,0,0,NOT_ATTEMPTED,0,0,0,0,-1,-1,-1,-1,-1,0,0,0,0,0,0,0,0,0,0,0,0,0,,,,,,,,,,,,,0,0,0,0,0,0,0,0,0,0,0,0,0,0,0,0,0,0,0,BOTTLENECK_TARGET_FRONTIER_CONTINUITY_V2,0,0,0,0,0,0,0,0,0,0,0,0,0,0,0,0,0,0.01867,0,0,0,0,0,0,4.43811,4.11798,3,3,2,9,21,1.52726,1323,0,0,1,TASKBR_VACANCY_V1,0.598805,2,9,6,9,0,8,0.186399,0.006659,0,6,0,15,15,0,8,8,"1,1,1,1,1,1,2,1",2,1,8,13.1205,40,0,0.264236,0.125942,32,76000000,0,23,1,SOLVED,23,23.6552,cdeddace1908c78e65efcf6a49a3be22f8ea6ced170b22d023788dcc650df2f4,0.033,ok,
g2_dmedium_ascarce_plocal_gsingleton_seed0,warehouse_random_factorial,carrier_brd,1,38,100.0,100000000,31,51,18,3,0.2719,22,38,100,100000000,38,100,100000000,0,0,0,0,0,0,0,0,NOT_ATTEMPTED,1,0,0,0,-1,-1,-1,-1,-1,0,0,0,0,0,0,0,0,0,0,0,0,0,,,,,,,,,,,,,0,0,0,0,0,0,0,0,0,0,0,0,0,0,0,0,0,0,0,BOTTLENECK_TARGET_FRONTIER_CONTINUITY_V2,0,0,0,0,0,0,0,0,0,0,0,0,0,0,0,0,0,0.024069,0,0,0,0,0,0,2.88255,4.44893,3,3,2,9,8,0.617009,504,0,0,14,TASKBR_VACANCY_V1,0.586047,2,9,6,9,0,8,0.188964,0.006727,0,6,0,15,15,0,8,8,"1,1,1,1,1,1,1,2",2,1,8,13.4377,46,0,0.294815,0.126858,38,100000000,0,22,1,SOLVED,22,22.9281,96a844d4708d2c094f17d76019616ddc94662f75021e46dbd96396fdf90878e8,0.032,ok,
g2_dmedium_ascarce_pmixed_gshared_pool_seed0,warehouse_random_factorial,carrier_brd,1,37,92.0,92000000,39,39,14,1,0.3514,21,37,92,92000000,37,92,92000000,0,0,0,0,0,0,0,0,NOT_ATTEMPTED,0,0,0,0,-1,-1,-1,-1,-1,0,0,0,0,0,0,0,0,0,0,0,0,0,,,,,,,,,,,,,0,0,0,0,0,0,0,0,0,0,0,0,0,0,0,0,0,0,0,BOTTLENECK_TARGET_FRONTIER_CONTINUITY_V2,0,0,0,0,0,0,0,0,0,0,0,0,0,0,0,0,0,0.022671,0,0,0,0,0,0,4.38989,3.50177,3,3,2,7,23,1.49485,1449,0,0,0,TASKBR_VACANCY_V1,0.467757,2,7,6,7,0,7,0.152919,0.004966,0,6,0,9,9,0,7,7,"1,1,1,1,1,1,1",2,1,7,11.6153,44,0,0.235785,0.126042,37,92000000,0,20,1,SOLVED,21,21.448,e584ecf964a91349695104f191f8477de39791257ea6567026d7239eeef19810,0.03,ok,
g2_dmedium_ascarce_pmixed_gsingleton_seed0,warehouse_random_factorial,carrier_brd,0,,,,,,,,,,,,,,,,,,,,,,,,,,,,,,,,,,,,,,,,,,,,,,,,,,,,,,,,,,,,,,,,,,,,,,,,,,,,,,,,,,,,,,,,,,,,,,,,,,,,,,,2.79708,4.091,4,4,3,9,8,0.680052,504,1,1,22,TASKBR_VACANCY_V1,0.608349,3,9,6,8,1,5,0.1272,0.004244,0,6,0,6,6,0,5,4,"1,1,1,1",2,0,5,229.577,203,1,0.248201,0,57,-1,0,-1,0,SEGMENT_EXHAUSTED,,,,0.244,failed,raw_ticks=57 brd_raw_work_scaled=-1 brd_goal_prefix_removed=0 brd_incidental_goal_prefix_ms=-1 brd_raw_plan_valid=0 brd_exit_reason=SEGMENT_EXHAUSTED
g2_dmedium_asurplus_pcross_heavy_gshared_pool_seed0,warehouse_random_factorial,carrier_brd,1,15,55.0,55000000,19,20,16,2,0.1407,18,15,55,55000000,15,55,55000000,0,0,0,0,0,0,0,0,NOT_ATTEMPTED,0,0,0,0,-1,-1,-1,-1,-1,0,0,0,0,0,0,0,0,0,0,0,0,0,,,,,,,,,,,,,0,0,0,0,0,0,0,0,0,0,0,0,0,0,0,0,0,0,0,BOTTLENECK_TARGET_FRONTIER_CONTINUITY_V2,0,0,0,0,0,0,0,0,0,0,0,0,0,0,0,0,0,0.01412,0,0,0,0,0,0,3.79868,3.74088,3,3,2,8,13,0.955006,819,0,0,3,TASKBR_VACANCY_V1,0.639827,2,8,6,8,0,6,0.146279,0.00369,0,6,0,9,9,0,6,6,"2,1,1,1,1,2",3,0,6,9.59388,21,0,0.202332,0.066474,15,55000000,0,18,1,SOLVED,18,18.6999,e81e5723b7931691734ba0b8afac29dc36fcd6f872f4c7807decc982f2f01a50,0.027,ok,
g2_dmedium_asurplus_pcross_heavy_gsingleton_seed0,warehouse_random_factorial,carrier_brd,0,,,,,,,,,,,,,,,,,,,,,,,,,,,,,,,,,,,,,,,,,,,,,,,,,,,,,,,,,,,,,,,,,,,,,,,,,,,,,,,,,,,,,,,,,,,,,,,,,,,,,,,2.7768,4.13582,3,3,2,9,6,0.502363,378,0,0,16,TASKBR_VACANCY_V1,0.592297,2,9,6,9,0,5,0.128219,0.002894,0,6,0,6,6,0,5,4,"1,1,1,1",5,0,5,8582.72,7752,1,1.74756,0,20,-1,0,-1,0,SEGMENT_TIMEOUT,,,,8.622,timeout,d_raw_ticks=20 brd_raw_work_scaled=-1 brd_goal_prefix_removed=0 brd_incidental_goal_prefix_ms=-1 brd_raw_plan_valid=0 brd_exit_reason=SEGMENT_TIMEOUT
g2_dmedium_asurplus_plocal_gshared_pool_seed0,warehouse_random_factorial,carrier_brd,1,14,57.0,57000000,15,24,18,3,0.119,21,14,57,57000000,14,57,57000000,0,0,0,0,0,0,0,0,NOT_ATTEMPTED,0,0,0,0,-1,-1,-1,-1,-1,0,0,0,0,0,0,0,0,0,0,0,0,0,,,,,,,,,,,,,0,0,0,0,0,0,0,0,0,0,0,0,0,0,0,0,0,0,0,BOTTLENECK_TARGET_FRONTIER_CONTINUITY_V2,0,0,0,0,0,0,0,0,0,0,0,0,0,0,0,0,0,0.015386,0,0,0,0,0,0,4.32281,4.1457,3,3,2,9,21,1.46733,1323,0,0,1,TASKBR_VACANCY_V1,0.606108,2,9,6,9,0,7,0.212384,0.005278,0,6,0,13,13,0,7,7,"1,1,1,1,1,1,3",3,0,7,11.3189,21,0,0.233072,0.062648,14,57000000,0,21,1,SOLVED,21,21.4112,5f1e95c8e3ec90c31562cfc12ddfa508ecd40dd5613b1602e3bdd683ac590dd2,0.03,ok,
g2_dmedium_asurplus_plocal_gsingleton_seed0,warehouse_random_factorial,carrier_brd,0,,,,,,,,,,,,,,,,,,,,,,,,,,,,,,,,,,,,,,,,,,,,,,,,,,,,,,,,,,,,,,,,,,,,,,,,,,,,,,,,,,,,,,,,,,,,,,,,,,,,,,,2.78951,4.43627,3,3,2,9,8,0.599346,504,0,0,14,TASKBR_VACANCY_V1,0.625974,2,9,6,9,0,4,0.132571,0.003357,0,6,0,6,6,0,4,3,"2,1,1",4,0,4,8612.44,9894,1,2.15275,0,12,-1,0,-1,0,SEGMENT_TIMEOUT,,,,8.662,timeout,d_raw_ticks=12 brd_raw_work_scaled=-1 brd_goal_prefix_removed=0 brd_incidental_goal_prefix_ms=-1 brd_raw_plan_valid=0 brd_exit_reason=SEGMENT_TIMEOUT
g2_dmedium_asurplus_pmixed_gshared_pool_seed0,warehouse_random_factorial,carrier_brd,1,18,79.0,79000000,39,26,14,1,0.2407,19,18,79,79000000,18,79,79000000,0,0,0,0,0,0,0,0,NOT_ATTEMPTED,0,0,0,0,-1,-1,-1,-1,-1,0,0,0,0,0,0,0,0,0,0,0,0,0,,,,,,,,,,,,,0,0,0,0,0,0,0,0,0,0,0,0,0,0,0,0,0,0,0,BOTTLENECK_TARGET_FRONTIER_CONTINUITY_V2,0,0,0,0,0,0,0,0,0,0,0,0,0,0,0,0,0,0.017702,0,0,0,0,0,0,4.34621,3.48116,3,3,2,7,23,1.45299,1449,0,0,0,TASKBR_VACANCY_V1,0.47394,2,7,6,7,0,6,0.151889,0.004798,0,6,0,7,7,0,6,6,"1,1,1,1,2,1",5,0,6,9.94963,24,0,0.203804,0.08333,18,79000000,0,19,1,SOLVED,19,19.3127,f8fe4c4f604f885f004c6f73a3829d7d2e0a8b4cc7942b36b6904d2c269ec28d,0.028,ok,
g2_dmedium_asurplus_pmixed_gsingleton_seed0,warehouse_random_factorial,carrier_brd,0,,,,,,,,,,,,,,,,,,,,,,,,,,,,,,,,,,,,,,,,,,,,,,,,,,,,,,,,,,,,,,,,,,,,,,,,,,,,,,,,,,,,,,,,,,,,,,,,,,,,,,,2.75092,3.9906,4,4,3,9,8,0.698377,504,1,1,22,TASKBR_VACANCY_V1,0.603816,3,9,6,8,1,3,0.167109,0.004245,0,6,0,10,10,0,3,2,"2,1",3,0,3,8566.52,2173,1,6.38211,0,15,-1,0,-1,0,SEGMENT_TIMEOUT,,,,8.639,timeout,d_raw_ticks=15 brd_raw_work_scaled=-1 brd_goal_prefix_removed=0 brd_incidental_goal_prefix_ms=-1 brd_raw_plan_valid=0 brd_exit_reason=SEGMENT_TIMEOUT
g3_dhigh_abaseline_pcross_heavy_gshared_pool_seed0,warehouse_random_factorial,carrier_brd,1,33,139.0,139000000,33,86,20,2,0.1667,76,33,139,139000000,33,139,139000000,0,0,0,0,0,0,0,0,NOT_ATTEMPTED,0,0,0,0,-1,-1,-1,-1,-1,0,0,0,0,0,0,0,0,0,0,0,0,0,,,,,,,,,,,,,0,0,0,0,0,0,0,0,0,0,0,0,0,0,0,0,0,0,0,BOTTLENECK_TARGET_FRONTIER_CONTINUITY_V2,0,0,0,0,0,0,0,0,0,0,0,0,0,0,0,0,0,0.029449,0,0,0,0,0,0,12.8497,10.5167,3,3,2,10,18,3.02049,1890,0,0,0,TASKBR_VACANCY_V1,1.06392,2,10,8,10,0,10,0.459465,0.014741,0,8,0,24,24,0,10,10,"1,1,1,1,1,1,1,1,1,1",4,2,10,47.9558,43,0,1.36823,0.242425,33,139000000,0,76,1,SOLVED,76,76.9834,bc45689ed5ecb6e2410de536b7090e709bb45bd3604fe00143148c30b0210b4e,0.088,ok,
g3_dhigh_abaseline_pcross_heavy_gsingleton_seed0,warehouse_random_factorial,carrier_brd,0,,,,,,,,,,,,,,,,,,,,,,,,,,,,,,,,,,,,,,,,,,,,,,,,,,,,,,,,,,,,,,,,,,,,,,,,,,,,,,,,,,,,,,,,,,,,,,,,,,,,,,,8.44627,11.0977,4,4,3,13,10,1.92699,1050,1,3,2,TASKBR_VACANCY_V1,1.44782,3,13,8,12,1,5,0.250339,0.008974,0,8,0,11,11,0,5,4,"1,1,1,1",4,0,5,8535.41,391,1,1.78496,0,39,-1,0,-1,0,SEGMENT_TIMEOUT,,,,8.623,timeout,d_raw_ticks=39 brd_raw_work_scaled=-1 brd_goal_prefix_removed=0 brd_incidental_goal_prefix_ms=-1 brd_raw_plan_valid=0 brd_exit_reason=SEGMENT_TIMEOUT
g3_dhigh_abaseline_plocal_gshared_pool_seed0,warehouse_random_factorial,carrier_brd,1,25,104.0,104000000,19,63,22,3,0.1267,75,25,104,104000000,25,104,104000000,0,0,0,0,0,0,0,0,NOT_ATTEMPTED,1,0,0,0,-1,-1,-1,-1,-1,0,0,0,0,0,0,0,0,0,0,0,0,0,,,,,,,,,,,,,0,0,0,0,0,0,0,0,0,0,0,0,0,0,0,0,0,0,0,BOTTLENECK_TARGET_FRONTIER_CONTINUITY_V2,0,0,0,0,0,0,0,0,0,0,0,0,0,0,0,0,0,0.024148,0,0,0,0,0,0,13.236,10.5092,3,3,2,11,29,4.55097,3045,0,0,4,TASKBR_VACANCY_V1,1.30479,2,11,8,11,0,10,0.475928,0.016301,0,8,0,29,29,0,10,10,"1,1,1,1,1,1,1,1,2,1",2,2,10,46.7478,35,0,1.3406,0.192738,25,104000000,0,75,1,SOLVED,75,75.9416,5c13ee2a6008cbc6737f8c20803ef55df6161ccb1b541165ed46f1236ffaddbe,0.086,ok,
g3_dhigh_abaseline_plocal_gsingleton_seed0,warehouse_random_factorial,carrier_brd,0,,,,,,,,,,,,,,,,,,,,,,,,,,,,,,,,,,,,,,,,,,,,,,,,,,,,,,,,,,,,,,,,,,,,,,,,,,,,,,,,,,,,,,,,,,,,,,,,,,,,,,,8.50812,11.6895,5,5,4,14,11,2.41388,1155,2,2,15,TASKBR_VACANCY_V1,1.59445,4,14,8,12,2,7,0.207959,0.009128,0,8,0,14,14,0,7,6,"1,1,1,1,1,1",5,0,7,8542.28,4907,1,3.05176,0,24,-1,0,-1,0,SEGMENT_TIMEOUT,,,,8.595,timeout,d_raw_ticks=24 brd_raw_work_scaled=-1 brd_goal_prefix_removed=0 brd_incidental_goal_prefix_ms=-1 brd_raw_plan_valid=0 brd_exit_reason=SEGMENT_TIMEOUT
g3_dhigh_abaseline_pmixed_gshared_pool_seed0,warehouse_random_factorial,carrier_brd,1,30,112.0,112000000,27,63,22,3,0.15,68,30,112,112000000,30,112,112000000,0,0,0,0,0,0,0,0,NOT_ATTEMPTED,0,0,0,0,-1,-1,-1,-1,-1,0,0,0,0,0,0,0,0,0,0,0,0,0,,,,,,,,,,,,,0,0,0,0,0,0,0,0,0,0,0,0,0,0,0,0,0,0,0,BOTTLENECK_TARGET_FRONTIER_CONTINUITY_V2,0,0,0,0,0,0,0,0,0,0,0,0,0,0,0,0,0,0.023164,0,0,0,0,0,0,13.2389,11.4627,3,3,2,11,28,4.44219,2940,0,0,25,TASKBR_VACANCY_V1,1.31615,2,11,8,11,0,8,0.289529,0.010037,0,8,0,18,18,0,8,8,"1,2,2,1,1,1,1,2",5,0,8,38.4085,38,0,1.23047,0.231393,30,112000000,0,67,1,SOLVED,68,68.1981,99f19443ce6f0e6227690d56a4f76570adf71d57fde2f797ab3d6bb9411db814,0.078,ok,
g3_dhigh_abaseline_pmixed_gsingleton_seed0,warehouse_random_factorial,carrier_brd,1,31,110.0,110000000,36,50,24,4,0.1935,71,31,110,110000000,31,110,110000000,0,0,0,0,0,0,0,0,NOT_ATTEMPTED,0,0,0,0,-1,-1,-1,-1,-1,0,0,0,0,0,0,0,0,0,0,0,0,0,,,,,,,,,,,,,0,0,0,0,0,0,0,0,0,0,0,0,0,0,0,0,0,0,0,BOTTLENECK_TARGET_FRONTIER_CONTINUITY_V2,0,0,0,0,0,0,0,0,0,0,0,0,0,0,0,0,0,0.026232,0,0,0,0,0,0,7.83088,11.1727,3,3,2,12,7,1.32059,735,0,0,14,TASKBR_VACANCY_V1,1.38829,2,12,8,12,0,10,0.330698,0.012333,0,8,0,23,23,0,10,10,"1,1,1,1,1,1,1,1,3,1",4,0,10,47.1186,41,0,1.76468,0.226498,31,110000000,0,70,1,SOLVED,71,71.4723,7f3aa992fb1c6f5ab1fff67cc13516b5aa127673619ef3658acb837079d90fc0,0.081,ok,
g3_dhigh_aequal_pcross_heavy_gshared_pool_seed0,warehouse_random_factorial,carrier_brd,1,24,131.0,131000000,33,78,20,2,0.1719,61,24,131,131000000,24,131,131000000,0,0,0,0,0,0,0,0,NOT_ATTEMPTED,1,0,0,0,-1,-1,-1,-1,-1,0,0,0,0,0,0,0,0,0,0,0,0,0,,,,,,,,,,,,,0,0,0,0,0,0,0,0,0,0,0,0,0,0,0,0,0,0,0,BOTTLENECK_TARGET_FRONTIER_CONTINUITY_V2,0,0,0,0,0,0,0,0,0,0,0,0,0,0,0,0,0,0.02205,0,0,0,0,0,0,12.088,10.4331,3,3,2,10,18,3.08115,1890,0,0,0,TASKBR_VACANCY_V1,1.17783,2,10,8,10,0,7,0.466928,0.014088,0,8,0,27,27,0,7,7,"1,1,1,1,1,3,2",3,2,7,33.9147,31,0,1.0013,0.186774,24,131000000,0,60,1,SOLVED,61,61.1133,85ca46f23e0fd44beeae704924107cc00b3ca0eee581be0abd8b2f86012e605d,0.07,ok,
g3_dhigh_aequal_pcross_heavy_gsingleton_seed0,warehouse_random_factorial,carrier_brd,0,,,,,,,,,,,,,,,,,,,,,,,,,,,,,,,,,,,,,,,,,,,,,,,,,,,,,,,,,,,,,,,,,,,,,,,,,,,,,,,,,,,,,,,,,,,,,,,,,,,,,,,8.26782,11.2292,4,4,3,13,10,1.93352,1050,1,3,2,TASKBR_VACANCY_V1,1.44823,3,13,8,12,1,5,0.230155,0.006772,0,8,0,9,9,0,5,4,"1,1,1,1",6,0,5,8544.57,398,1,1.55336,0,25,-1,0,-1,0,SEGMENT_TIMEOUT,,,,8.643,timeout,d_raw_ticks=25 brd_raw_work_scaled=-1 brd_goal_prefix_removed=0 brd_incidental_goal_prefix_ms=-1 brd_raw_plan_valid=0 brd_exit_reason=SEGMENT_TIMEOUT
g3_dhigh_aequal_plocal_gshared_pool_seed0,warehouse_random_factorial,carrier_brd,1,20,92.0,92000000,19,51,22,3,0.1187,61,20,92,92000000,20,92,92000000,0,0,0,0,0,0,0,0,NOT_ATTEMPTED,0,0,0,0,-1,-1,-1,-1,-1,0,0,0,0,0,0,0,0,0,0,0,0,0,,,,,,,,,,,,,0,0,0,0,0,0,0,0,0,0,0,0,0,0,0,0,0,0,0,BOTTLENECK_TARGET_FRONTIER_CONTINUITY_V2,0,0,0,0,0,0,0,0,0,0,0,0,0,0,0,0,0,0.018455,0,0,0,0,0,0,13.1148,10.7827,3,3,2,11,29,4.5335,3045,0,0,4,TASKBR_VACANCY_V1,1.24198,2,11,8,11,0,7,0.338198,0.01169,0,8,0,22,22,0,7,7,"1,1,2,2,2,2,1",4,0,7,32.8988,27,0,1.08493,0.156441,20,92000000,0,60,1,SOLVED,61,61.3554,7989c1dd3f365d087a14d5698225368d083bf9fe3787bee4b376a604b6116fbc,0.075,ok,
g3_dhigh_aequal_plocal_gsingleton_seed0,warehouse_random_factorial,carrier_brd,0,,,,,,,,,,,,,,,,,,,,,,,,,,,,,,,,,,,,,,,,,,,,,,,,,,,,,,,,,,,,,,,,,,,,,,,,,,,,,,,,,,,,,,,,,,,,,,,,,,,,,,,8.41639,11.8918,5,5,4,14,11,2.29342,1155,2,2,15,TASKBR_VACANCY_V1,1.70886,4,14,8,12,2,6,0.171746,0.006405,0,8,0,11,11,0,6,5,"1,1,1,2,1",6,0,6,8536.41,4732,1,2.03654,0,15,-1,0,-1,0,SEGMENT_TIMEOUT,,,,8.587,timeout,d_raw_ticks=15 brd_raw_work_scaled=-1 brd_goal_prefix_removed=0 brd_incidental_goal_prefix_ms=-1 brd_raw_plan_valid=0 brd_exit_reason=SEGMENT_TIMEOUT
g3_dhigh_aequal_pmixed_gshared_pool_seed0,warehouse_random_factorial,carrier_brd,1,17,94.0,94000000,27,45,22,3,0.1985,66,17,94,94000000,17,94,94000000,0,0,0,0,0,0,0,0,NOT_ATTEMPTED,0,0,0,0,-1,-1,-1,-1,-1,0,0,0,0,0,0,0,0,0,0,0,0,0,,,,,,,,,,,,,0,0,0,0,0,0,0,0,0,0,0,0,0,0,0,0,0,0,0,BOTTLENECK_TARGET_FRONTIER_CONTINUITY_V2,0,0,0,0,0,0,0,0,0,0,0,0,0,0,0,0,0,0.023027,0,0,0,0,0,0,13.0254,11.3256,3,3,2,11,28,4.49028,2940,0,0,25,TASKBR_VACANCY_V1,1.23885,2,11,8,11,0,8,0.297177,0.009293,0,8,0,18,18,0,8,8,"1,1,1,1,1,2,1,3",5,0,8,37.4684,25,0,1.00933,0.136304,17,94000000,0,65,1,SOLVED,66,66.3972,8cb94ea1c5148830e06ba058a94c435d8560b5f98a51a9a440e30507bfd62d20,0.076,ok,
g3_dhigh_aequal_pmixed_gsingleton_seed0,warehouse_random_factorial,carrier_brd,1,19,96.0,96000000,36,36,24,4,0.2368,56,19,96,96000000,19,96,96000000,0,0,0,0,0,0,0,0,NOT_ATTEMPTED,0,0,0,0,-1,-1,-1,-1,-1,0,0,0,0,0,0,0,0,0,0,0,0,0,,,,,,,,,,,,,0,0,0,0,0,0,0,0,0,0,0,0,0,0,0,0,0,0,0,BOTTLENECK_TARGET_FRONTIER_CONTINUITY_V2,0,0,0,0,0,0,0,0,0,0,0,0,0,0,0,0,0,0.020254,0,0,0,0,0,0,7.86915,11.3227,3,3,2,12,7,1.32179,735,0,0,14,TASKBR_VACANCY_V1,1.34027,2,12,8,12,0,7,0.230161,0.00866,0,8,0,17,17,0,7,7,"1,3,1,1,1,1,4",3,0,7,32.9775,26,0,1.14434,0.160388,19,96000000,0,55,1,SOLVED,56,56.6145,65ba4932c245a49929235a3810dff02449f69e337298de04b1b4277b2994ea78,0.066,ok,
g3_dhigh_ascarce_pcross_heavy_gshared_pool_seed0,warehouse_random_factorial,carrier_brd,1,41,133.0,133000000,33,80,20,2,0.2012,76,41,133,133000000,41,133,133000000,0,0,0,0,0,0,0,0,NOT_ATTEMPTED,0,0,0,0,-1,-1,-1,-1,-1,0,0,0,0,0,0,0,0,0,0,0,0,0,,,,,,,,,,,,,0,0,0,0,0,0,0,0,0,0,0,0,0,0,0,0,0,0,0,BOTTLENECK_TARGET_FRONTIER_CONTINUITY_V2,0,0,0,0,0,0,0,0,0,0,0,0,0,0,0,0,0,0.028732,0,0,0,0,0,0,12.2431,10.2355,3,3,2,10,18,3.00894,1890,0,0,0,TASKBR_VACANCY_V1,1.16895,2,10,8,10,0,10,0.410932,0.012837,0,8,0,20,20,0,10,10,"1,1,1,1,1,1,1,1,1,1",2,1,10,47.4205,51,0,1.25562,0.319844,41,133000000,0,75,1,SOLVED,76,76.3045,110511bc81ef3683d17f8c76227b627d887330054a53c0a6af685591956a7aca,0.085,ok,
g3_dhigh_ascarce_pcross_heavy_gsingleton_seed0,warehouse_random_factorial,carrier_brd,0,,,,,,,,,,,,,,,,,,,,,,,,,,,,,,,,,,,,,,,,,,,,,,,,,,,,,,,,,,,,,,,,,,,,,,,,,,,,,,,,,,,,,,,,,,,,,,,,,,,,,,,8.27318,11.0353,4,4,3,13,10,1.90915,1050,1,3,2,TASKBR_VACANCY_V1,1.46794,3,13,8,12,1,2,0.274461,0.005496,0,8,0,5,5,0,2,1,1,3,0,2,2418.65,259,1,0.590943,0,20,-1,0,-1,0,SEGMENT_EXHAUSTED,,,,2.448,failed,raw_ticks=20 brd_raw_work_scaled=-1 brd_goal_prefix_removed=0 brd_incidental_goal_prefix_ms=-1 brd_raw_plan_valid=0 brd_exit_reason=SEGMENT_EXHAUSTED
g3_dhigh_ascarce_plocal_gshared_pool_seed0,warehouse_random_factorial,carrier_brd,1,36,100.0,100000000,19,59,22,3,0.1319,72,36,100,100000000,36,100,100000000,0,0,0,0,0,0,0,0,NOT_ATTEMPTED,1,0,0,0,-1,-1,-1,-1,-1,0,0,0,0,0,0,0,0,0,0,0,0,0,,,,,,,,,,,,,0,0,0,0,0,0,0,0,0,0,0,0,0,0,0,0,0,0,0,BOTTLENECK_TARGET_FRONTIER_CONTINUITY_V2,0,0,0,0,0,0,0,0,0,0,0,0,0,0,0,0,0,0.025428,0,0,0,0,0,0,13.5721,10.7797,3,3,2,11,29,4.65613,3045,0,0,4,TASKBR_VACANCY_V1,1.22186,2,11,8,11,0,9,0.427133,0.014166,0,8,0,21,21,0,9,9,"1,1,1,1,2,1,1,2,1",3,4,9,42.6743,45,0,1.42946,0.271313,36,100000000,0,71,1,SOLVED,72,72.5845,2e4ebc41972bf7ae61868979da88ccc0f41a0bb006ed908f5451da7145dd5475,0.082,ok,
g3_dhigh_ascarce_plocal_gsingleton_seed0,warehouse_random_factorial,carrier_brd,0,,,,,,,,,,,,,,,,,,,,,,,,,,,,,,,,,,,,,,,,,,,,,,,,,,,,,,,,,,,,,,,,,,,,,,,,,,,,,,,,,,,,,,,,,,,,,,,,,,,,,,,8.35563,11.6438,5,5,4,14,11,2.24951,1155,2,2,15,TASKBR_VACANCY_V1,1.70984,4,14,8,12,2,7,0.244372,0.008088,0,8,0,10,10,0,7,6,"1,1,1,1,1,1",3,1,7,8522.02,3599,1,14.0708,0,40,-1,0,-1,0,SEGMENT_TIMEOUT,,,,8.569,timeout,d_raw_ticks=40 brd_raw_work_scaled=-1 brd_goal_prefix_removed=0 brd_incidental_goal_prefix_ms=-1 brd_raw_plan_valid=0 brd_exit_reason=SEGMENT_TIMEOUT
g3_dhigh_ascarce_pmixed_gshared_pool_seed0,warehouse_random_factorial,carrier_brd,1,39,133.0,133000000,27,84,22,3,0.1731,72,39,133,133000000,39,133,133000000,0,0,0,0,0,0,0,0,NOT_ATTEMPTED,2,0,0,0,-1,-1,-1,-1,-1,0,0,0,0,0,0,0,0,0,0,0,0,0,,,,,,,,,,,,,0,0,0,0,0,0,0,0,0,0,0,0,0,0,0,0,0,0,0,BOTTLENECK_TARGET_FRONTIER_CONTINUITY_V2,0,0,0,0,0,0,0,0,0,0,0,0,0,0,0,0,0,0.025393,0,0,0,0,0,0,13.1026,11.0172,3,3,2,11,28,4.42357,2940,0,0,25,TASKBR_VACANCY_V1,1.27624,2,11,8,11,0,9,0.37699,0.011362,0,8,0,18,18,0,9,9,"1,1,1,1,2,1,1,2,1",3,2,9,42.7062,48,0,1.2447,0.266754,39,133000000,0,71,1,SOLVED,72,72.5917,be2d5f80f9027fac034d8d46dfa3b39b779b1fb937b1b3693f86e6e6bf923179,0.081,ok,
g3_dhigh_ascarce_pmixed_gsingleton_seed0,warehouse_random_factorial,carrier_brd,1,38,122.0,122000000,36,62,24,4,0.2368,72,38,122,122000000,38,122,122000000,0,0,0,0,0,0,0,0,NOT_ATTEMPTED,2,0,0,0,-1,-1,-1,-1,-1,0,0,0,0,0,0,0,0,0,0,0,0,0,,,,,,,,,,,,,0,0,0,0,0,0,0,0,0,0,0,0,0,0,0,0,0,0,0,BOTTLENECK_TARGET_FRONTIER_CONTINUITY_V2,0,0,0,0,0,0,0,0,0,0,0,0,0,0,0,0,0,0.027064,0,0,0,0,0,0,7.86406,11.0884,3,3,2,12,7,1.31608,735,0,0,14,TASKBR_VACANCY_V1,1.35195,2,12,8,12,0,10,0.396091,0.013109,0,8,0,22,22,0,10,10,"1,1,1,1,1,1,1,1,3,1",3,4,10,47.5648,48,0,1.67359,0.279938,38,122000000,0,71,1,SOLVED,72,72.5037,9bb765bbfe6bc9abe3ca093d8134026e2f9feb4a83de82e7fe4058ae3278d7f9,0.081,ok,
g3_dhigh_asurplus_pcross_heavy_gshared_pool_seed0,warehouse_random_factorial,carrier_brd,1,22,112.0,112000000,33,59,20,2,0.125,65,22,112,112000000,22,112,112000000,0,0,0,0,0,0,0,0,NOT_ATTEMPTED,0,0,0,0,-1,-1,-1,-1,-1,0,0,0,0,0,0,0,0,0,0,0,0,0,,,,,,,,,,,,,0,0,0,0,0,0,0,0,0,0,0,0,0,0,0,0,0,0,0,BOTTLENECK_TARGET_FRONTIER_CONTINUITY_V2,0,0,0,0,0,0,0,0,0,0,0,0,0,0,0,0,0,0.023703,0,0,0,0,0,0,11.9496,10.2809,3,3,2,10,18,2.90611,1890,0,0,0,TASKBR_VACANCY_V1,1.13862,2,10,8,10,0,8,0.752488,0.012724,0,8,0,25,25,0,8,8,"1,1,1,1,2,1,1,2",4,0,8,37.8936,30,0,0.984975,0.186758,22,112000000,0,64,1,SOLVED,65,65.3406,953089ae7222fcc83a2ff59a64e37597f89155e4564917e46dfcc7673f27d2c0,0.074,ok,
g3_dhigh_asurplus_pcross_heavy_gsingleton_seed0,warehouse_random_factorial,carrier_brd,0,,,,,,,,,,,,,,,,,,,,,,,,,,,,,,,,,,,,,,,,,,,,,,,,,,,,,,,,,,,,,,,,,,,,,,,,,,,,,,,,,,,,,,,,,,,,,,,,,,,,,,,8.14231,11.1726,4,4,3,13,10,1.98431,1050,1,3,2,TASKBR_VACANCY_V1,1.51094,3,13,8,12,1,4,0.380932,0.006256,0,8,0,11,11,0,4,3,"1,1,2",6,0,4,8544.34,362,1,1.70825,0,18,-1,0,-1,0,SEGMENT_TIMEOUT,,,,8.642,timeout,d_raw_ticks=18 brd_raw_work_scaled=-1 brd_goal_prefix_removed=0 brd_incidental_goal_prefix_ms=-1 brd_raw_plan_valid=0 brd_exit_reason=SEGMENT_TIMEOUT
g3_dhigh_asurplus_plocal_gshared_pool_seed0,warehouse_random_factorial,carrier_brd,1,14,78.0,78000000,19,37,22,3,0.1131,56,14,78,78000000,14,78,78000000,0,0,0,0,0,0,0,0,NOT_ATTEMPTED,0,0,0,0,-1,-1,-1,-1,-1,0,0,0,0,0,0,0,0,0,0,0,0,0,,,,,,,,,,,,,0,0,0,0,0,0,0,0,0,0,0,0,0,0,0,0,0,0,0,BOTTLENECK_TARGET_FRONTIER_CONTINUITY_V2,0,0,0,0,0,0,0,0,0,0,0,0,0,0,0,0,0,0.017112,0,0,0,0,0,0,13.0794,10.7278,3,3,2,11,29,4.59087,3045,0,0,4,TASKBR_VACANCY_V1,1.20861,2,11,8,11,0,6,0.492835,0.011654,0,8,0,23,23,0,6,6,"1,1,1,1,4,3",3,0,6,28.3912,20,0,1.11921,0.119292,14,78000000,0,55,1,SOLVED,56,56.0477,828348085c98c749b4d07c3b8818d3eca81a6b51fee772e16a466f452843b111,0.066,ok,
g3_dhigh_asurplus_plocal_gsingleton_seed0,warehouse_random_factorial,carrier_brd,0,,,,,,,,,,,,,,,,,,,,,,,,,,,,,,,,,,,,,,,,,,,,,,,,,,,,,,,,,,,,,,,,,,,,,,,,,,,,,,,,,,,,,,,,,,,,,,,,,,,,,,,8.29469,12.2361,5,5,4,14,11,2.28923,1155,2,2,15,TASKBR_VACANCY_V1,1.67025,4,14,8,12,2,6,0.216851,0.005315,0,8,0,8,8,0,6,5,"2,1,1,1,1",6,0,6,8534.66,4502,1,2.76832,0,15,-1,0,-1,0,SEGMENT_TIMEOUT,,,,8.586,timeout,d_raw_ticks=15 brd_raw_work_scaled=-1 brd_goal_prefix_removed=0 brd_incidental_goal_prefix_ms=-1 brd_raw_plan_valid=0 brd_exit_reason=SEGMENT_TIMEOUT
g3_dhigh_asurplus_pmixed_gshared_pool_seed0,warehouse_random_factorial,carrier_brd,1,16,88.0,88000000,27,39,22,3,0.1406,62,16,88,88000000,16,88,88000000,0,0,0,0,0,0,0,0,NOT_ATTEMPTED,0,0,0,0,-1,-1,-1,-1,-1,0,0,0,0,0,0,0,0,0,0,0,0,0,,,,,,,,,,,,,0,0,0,0,0,0,0,0,0,0,0,0,0,0,0,0,0,0,0,BOTTLENECK_TARGET_FRONTIER_CONTINUITY_V2,0,0,0,0,0,0,0,0,0,0,0,0,0,0,0,0,0,0.020877,0,0,0,0,0,0,13.7853,11.1863,3,3,2,11,28,4.47058,2940,0,0,25,TASKBR_VACANCY_V1,1.2766,2,11,8,11,0,7,0.364486,0.008234,0,8,0,16,16,0,7,7,"1,1,2,2,1,1,3",5,0,7,33.012,23,0,0.991472,0.151619,16,88000000,0,61,1,SOLVED,62,62.4679,316d2511637aeb23ac447b5d483c61d86dc731742f509cb556213719e7824bd0,0.073,ok,
g3_dhigh_asurplus_pmixed_gsingleton_seed0,warehouse_random_factorial,carrier_brd,1,17,83.0,83000000,36,23,24,4,0.1765,56,17,83,83000000,17,83,83000000,0,0,0,0,0,0,0,0,NOT_ATTEMPTED,0,0,0,0,-1,-1,-1,-1,-1,0,0,0,0,0,0,0,0,0,0,0,0,0,,,,,,,,,,,,,0,0,0,0,0,0,0,0,0,0,0,0,0,0,0,0,0,0,0,BOTTLENECK_TARGET_FRONTIER_CONTINUITY_V2,0,0,0,0,0,0,0,0,0,0,0,0,0,0,0,0,0,0.027667,0,0,0,0,0,0,8.2127,11.2686,3,3,2,12,7,1.34128,735,0,0,14,TASKBR_VACANCY_V1,1.33724,2,12,8,12,0,7,0.341848,0.006869,0,8,0,12,12,0,7,7,"1,3,1,1,1,1,4",7,0,7,33.0104,24,0,1.27371,0.143482,17,83000000,0,56,1,SOLVED,56,56.7415,fbb59b14f24b0ca708886a2e1dc75dcd9f4ece8a527467b88625d40f5e713052,0.066,ok,
g3_dlow_abaseline_pcross_heavy_gshared_pool_seed0,warehouse_random_factorial,carrier_brd,1,33,139.0,139000000,33,86,20,2,0.1667,70,33,139,139000000,33,139,139000000,0,0,0,0,0,0,0,0,NOT_ATTEMPTED,0,0,0,0,-1,-1,-1,-1,-1,0,0,0,0,0,0,0,0,0,0,0,0,0,,,,,,,,,,,,,0,0,0,0,0,0,0,0,0,0,0,0,0,0,0,0,0,0,0,BOTTLENECK_TARGET_FRONTIER_CONTINUITY_V2,0,0,0,0,0,0,0,0,0,0,0,0,0,0,0,0,0,0.0265,0,0,0,0,0,0,11.6361,8.74118,3,3,2,10,15,2.38652,1575,0,0,0,TASKBR_VACANCY_V1,1.09038,2,10,8,10,0,10,0.434282,0.013599,0,8,0,24,24,0,10,10,"1,1,1,1,1,1,1,1,1,1",4,2,10,47.3936,43,0,1.04787,0.103215,33,139000000,0,70,1,SOLVED,70,70.8583,bc45689ed5ecb6e2410de536b7090e709bb45bd3604fe00143148c30b0210b4e,0.079,ok,
g3_dlow_abaseline_pcross_heavy_gsingleton_seed0,warehouse_random_factorial,carrier_brd,0,,,,,,,,,,,,,,,,,,,,,,,,,,,,,,,,,,,,,,,,,,,,,,,,,,,,,,,,,,,,,,,,,,,,,,,,,,,,,,,,,,,,,,,,,,,,,,,,,,,,,,,8.12505,9.20795,3,3,2,12,7,1.26614,735,0,0,0,TASKBR_VACANCY_V1,1.29269,2,12,8,12,0,5,0.246614,0.007689,0,8,0,11,11,0,5,4,"1,1,1,1",4,0,5,8527.91,366,1,1.57024,0,39,-1,0,-1,0,SEGMENT_TIMEOUT,,,,8.606,timeout,d_raw_ticks=39 brd_raw_work_scaled=-1 brd_goal_prefix_removed=0 brd_incidental_goal_prefix_ms=-1 brd_raw_plan_valid=0 brd_exit_reason=SEGMENT_TIMEOUT
g3_dlow_abaseline_plocal_gshared_pool_seed0,warehouse_random_factorial,carrier_brd,1,25,106.0,106000000,19,63,24,4,0.1267,71,25,106,106000000,25,106,106000000,0,0,0,0,0,0,0,0,NOT_ATTEMPTED,1,0,0,0,-1,-1,-1,-1,-1,0,0,0,0,0,0,0,0,0,0,0,0,0,,,,,,,,,,,,,0,0,0,0,0,0,0,0,0,0,0,0,0,0,0,0,0,0,0,BOTTLENECK_TARGET_FRONTIER_CONTINUITY_V2,0,0,0,0,0,0,0,0,0,0,0,0,0,0,0,0,0,0.027136,0,0,0,0,0,0,11.6284,8.96917,3,3,2,12,21,3.09828,2205,0,0,0,TASKBR_VACANCY_V1,1.34877,2,12,8,12,0,10,0.504485,0.017645,0,8,0,30,30,0,10,10,"1,1,1,1,1,1,1,1,3,1",2,2,10,47.1838,35,0,1.19587,0.093413,25,106000000,0,70,1,SOLVED,71,71.2914,2e5e5a5e3b20343b76b2b3b6e64d6b576ccea80023c20da05ed636a9c61f9efb,0.08,ok,
g3_dlow_abaseline_plocal_gsingleton_seed0,warehouse_random_factorial,carrier_brd,0,,,,,,,,,,,,,,,,,,,,,,,,,,,,,,,,,,,,,,,,,,,,,,,,,,,,,,,,,,,,,,,,,,,,,,,,,,,,,,,,,,,,,,,,,,,,,,,,,,,,,,,7.93231,9.58178,3,3,2,12,7,1.25642,735,0,0,0,TASKBR_VACANCY_V1,1.29668,2,12,8,12,0,7,0.207928,0.00833,0,8,0,13,13,0,7,6,"1,1,1,1,1,1",5,0,7,8625.81,10375,1,2.73991,0,22,-1,0,-1,0,SEGMENT_TIMEOUT,,,,8.693,timeout,d_raw_ticks=22 brd_raw_work_scaled=-1 brd_goal_prefix_removed=0 brd_incidental_goal_prefix_ms=-1 brd_raw_plan_valid=0 brd_exit_reason=SEGMENT_TIMEOUT
g3_dlow_abaseline_pmixed_gshared_pool_seed0,warehouse_random_factorial,carrier_brd,1,30,110.0,110000000,27,61,22,3,0.15,66,30,110,110000000,30,110,110000000,0,0,0,0,0,0,0,0,NOT_ATTEMPTED,0,0,0,0,-1,-1,-1,-1,-1,0,0,0,0,0,0,0,0,0,0,0,0,0,,,,,,,,,,,,,0,0,0,0,0,0,0,0,0,0,0,0,0,0,0,0,0,0,0,BOTTLENECK_TARGET_FRONTIER_CONTINUITY_V2,0,0,0,0,0,0,0,0,0,0,0,0,0,0,0,0,0,0.024519,0,0,0,0,0,0,11.3245,9.47031,3,3,2,11,21,2.98621,2205,0,0,0,TASKBR_VACANCY_V1,1.304,2,11,8,11,0,9,0.290028,0.009987,0,8,0,18,18,0,9,9,"1,2,2,1,1,1,1,1,1",5,0,9,42.3247,39,0,1.04905,0.096422,30,110000000,0,65,1,SOLVED,66,66.2548,980ceb0db03f45f1c6b2a12abfd92485cf3fd4fdb5523214b5ae841f429984a4,0.075,ok,
g3_dlow_abaseline_pmixed_gsingleton_seed0,warehouse_random_factorial,carrier_brd,1,31,110.0,110000000,36,50,24,4,0.1935,67,31,110,110000000,31,110,110000000,0,0,0,0,0,0,0,0,NOT_ATTEMPTED,0,0,0,0,-1,-1,-1,-1,-1,0,0,0,0,0,0,0,0,0,0,0,0,0,,,,,,,,,,,,,0,0,0,0,0,0,0,0,0,0,0,0,0,0,0,0,0,0,0,BOTTLENECK_TARGET_FRONTIER_CONTINUITY_V2,0,0,0,0,0,0,0,0,0,0,0,0,0,0,0,0,0,0.027119,0,0,0,0,0,0,7.98368,9.06223,3,3,2,12,7,1.15927,735,0,0,0,TASKBR_VACANCY_V1,1.34377,2,12,8,12,0,10,0.320648,0.011588,0,8,0,23,23,0,10,10,"1,1,1,1,1,1,1,1,3,1",4,0,10,46.9605,41,0,1.20472,0.105528,31,110000000,0,66,1,SOLVED,67,67.3305,bb1e7e347c3a1e995776e3a0b699657eaffea315f450d747d913db3456649ab6,0.076,ok,
g3_dlow_aequal_pcross_heavy_gshared_pool_seed0,warehouse_random_factorial,carrier_brd,1,24,131.0,131000000,33,78,20,2,0.1719,55,24,131,131000000,24,131,131000000,0,0,0,0,0,0,0,0,NOT_ATTEMPTED,1,0,0,0,-1,-1,-1,-1,-1,0,0,0,0,0,0,0,0,0,0,0,0,0,,,,,,,,,,,,,0,0,0,0,0,0,0,0,0,0,0,0,0,0,0,0,0,0,0,BOTTLENECK_TARGET_FRONTIER_CONTINUITY_V2,0,0,0,0,0,0,0,0,0,0,0,0,0,0,0,0,0,0.022738,0,0,0,0,0,0,11.379,8.67894,3,3,2,10,15,2.36634,1575,0,0,0,TASKBR_VACANCY_V1,1.08792,2,10,8,10,0,7,0.457748,0.013475,0,8,0,27,27,0,7,7,"1,1,1,1,1,3,2",3,2,7,33.1528,31,0,0.87954,0.085503,24,131000000,0,55,1,SOLVED,55,56.1627,85ca46f23e0fd44beeae704924107cc00b3ca0eee581be0abd8b2f86012e605d,0.065,ok,
g3_dlow_aequal_pcross_heavy_gsingleton_seed0,warehouse_random_factorial,carrier_brd,0,,,,,,,,,,,,,,,,,,,,,,,,,,,,,,,,,,,,,,,,,,,,,,,,,,,,,,,,,,,,,,,,,,,,,,,,,,,,,,,,,,,,,,,,,,,,,,,,,,,,,,,8.06836,9.31836,3,3,2,12,7,1.29789,735,0,0,0,TASKBR_VACANCY_V1,1.28847,2,12,8,12,0,5,0.208766,0.005677,0,8,0,9,9,0,5,4,"1,1,1,1",6,0,5,8532.21,330,1,1.39479,0,25,-1,0,-1,0,SEGMENT_TIMEOUT,,,,8.616,timeout,d_raw_ticks=25 brd_raw_work_scaled=-1 brd_goal_prefix_removed=0 brd_incidental_goal_prefix_ms=-1 brd_raw_plan_valid=0 brd_exit_reason=SEGMENT_TIMEOUT
g3_dlow_aequal_plocal_gshared_pool_seed0,warehouse_random_factorial,carrier_brd,1,20,94.0,94000000,19,51,24,4,0.1187,56,20,94,94000000,20,94,94000000,0,0,0,0,0,0,0,0,NOT_ATTEMPTED,0,0,0,0,-1,-1,-1,-1,-1,0,0,0,0,0,0,0,0,0,0,0,0,0,,,,,,,,,,,,,0,0,0,0,0,0,0,0,0,0,0,0,0,0,0,0,0,0,0,BOTTLENECK_TARGET_FRONTIER_CONTINUITY_V2,0,0,0,0,0,0,0,0,0,0,0,0,0,0,0,0,0,0.019853,0,0,0,0,0,0,11.6037,8.97787,3,3,2,12,21,3.13101,2205,0,0,0,TASKBR_VACANCY_V1,1.36132,2,12,8,12,0,7,0.350495,0.011178,0,8,0,23,23,0,7,7,"1,1,3,1,2,3,1",3,0,7,32.7146,27,0,0.897228,0.071087,20,94000000,0,55,1,SOLVED,56,56.4591,59ea7762a8054c52de82e08e759f0dcb0a32b5250ee5c04b9d0b5c93ae78200e,0.065,ok,
g3_dlow_aequal_plocal_gsingleton_seed0,warehouse_random_factorial,carrier_brd,0,,,,,,,,,,,,,,,,,,,,,,,,,,,,,,,,,,,,,,,,,,,,,,,,,,,,,,,,,,,,,,,,,,,,,,,,,,,,,,,,,,,,,,,,,,,,,,,,,,,,,,,7.92309,9.42454,3,3,2,12,7,1.24964,735,0,0,0,TASKBR_VACANCY_V1,1.26945,2,12,8,12,0,6,0.200205,0.006636,0,8,0,10,10,0,6,5,"2,1,1,1,1",5,0,6,8600.13,9574,1,2.7504,0,16,-1,0,-1,0,SEGMENT_TIMEOUT,,,,8.664,timeout,d_raw_ticks=16 brd_raw_work_scaled=-1 brd_goal_prefix_removed=0 brd_incidental_goal_prefix_ms=-1 brd_raw_plan_valid=0 brd_exit_reason=SEGMENT_TIMEOUT
g3_dlow_aequal_pmixed_gshared_pool_seed0,warehouse_random_factorial,carrier_brd,1,17,94.0,94000000,27,45,22,3,0.1985,61,17,94,94000000,17,94,94000000,0,0,0,0,0,0,0,0,NOT_ATTEMPTED,0,0,0,0,-1,-1,-1,-1,-1,0,0,0,0,0,0,0,0,0,0,0,0,0,,,,,,,,,,,,,0,0,0,0,0,0,0,0,0,0,0,0,0,0,0,0,0,0,0,BOTTLENECK_TARGET_FRONTIER_CONTINUITY_V2,0,0,0,0,0,0,0,0,0,0,0,0,0,0,0,0,0,0.022406,0,0,0,0,0,0,12.2566,9.40433,3,3,2,11,21,3.05075,2205,0,0,0,TASKBR_VACANCY_V1,1.16134,2,11,8,11,0,8,0.299631,0.009103,0,8,0,18,18,0,8,8,"1,1,1,1,1,2,1,3",5,0,8,37.4187,25,0,0.888724,0.063642,17,94000000,0,61,1,SOLVED,61,61.8652,156915f8a75fc3f3e8616db587ee699f4d3457151a64c9e4bef3ced133813c5d,0.073,ok,
g3_dlow_aequal_pmixed_gsingleton_seed0,warehouse_random_factorial,carrier_brd,1,19,96.0,96000000,36,36,24,4,0.2368,60,19,96,96000000,19,96,96000000,0,0,0,0,0,0,0,0,NOT_ATTEMPTED,0,0,0,0,-1,-1,-1,-1,-1,0,0,0,0,0,0,0,0,0,0,0,0,0,,,,,,,,,,,,,0,0,0,0,0,0,0,0,0,0,0,0,0,0,0,0,0,0,0,BOTTLENECK_TARGET_FRONTIER_CONTINUITY_V2,0,0,0,0,0,0,0,0,0,0,0,0,0,0,0,0,0,0.026323,0,0,0,0,0,0,8.22235,9.60962,3,3,2,12,7,1.26632,735,0,0,0,TASKBR_VACANCY_V1,2.04514,2,12,8,12,0,7,0.309836,0.011489,0,8,0,17,17,0,7,7,"1,3,1,1,1,1,4",3,0,7,38.7583,26,0,1.13072,0.072407,19,96000000,0,60,1,SOLVED,60,60.639,530be02fc7add4252daed6adcb3ef7e83d61ae071982c77aabad702bf0781876,0.07,ok,
g3_dlow_ascarce_pcross_heavy_gshared_pool_seed0,warehouse_random_factorial,carrier_brd,1,41,133.0,133000000,33,80,20,2,0.2012,70,41,133,133000000,41,133,133000000,0,0,0,0,0,0,0,0,NOT_ATTEMPTED,0,0,0,0,-1,-1,-1,-1,-1,0,0,0,0,0,0,0,0,0,0,0,0,0,,,,,,,,,,,,,0,0,0,0,0,0,0,0,0,0,0,0,0,0,0,0,0,0,0,BOTTLENECK_TARGET_FRONTIER_CONTINUITY_V2,0,0,0,0,0,0,0,0,0,0,0,0,0,0,0,0,0,0.029928,0,0,0,0,0,0,11.2972,8.62998,3,3,2,10,15,2.37045,1575,0,0,0,TASKBR_VACANCY_V1,1.23755,2,10,8,10,0,10,0.395817,0.012669,0,8,0,20,20,0,10,10,"1,1,1,1,1,1,1,1,1,1",2,1,10,47.0979,51,0,1.10132,0.118725,41,133000000,0,69,1,SOLVED,70,70.4995,110511bc81ef3683d17f8c76227b627d887330054a53c0a6af685591956a7aca,0.08,ok,
g3_dlow_ascarce_pcross_heavy_gsingleton_seed0,warehouse_random_factorial,carrier_brd,0,,,,,,,,,,,,,,,,,,,,,,,,,,,,,,,,,,,,,,,,,,,,,,,,,,,,,,,,,,,,,,,,,,,,,,,,,,,,,,,,,,,,,,,,,,,,,,,,,,,,,,,8.12876,9.29776,3,3,2,12,7,1.29307,735,0,0,0,TASKBR_VACANCY_V1,1.46696,2,12,8,12,0,2,0.300985,0.005489,0,8,0,5,5,0,2,1,1,3,0,2,1415.67,259,1,0.66401,0,20,-1,0,-1,0,SEGMENT_EXHAUSTED,,,,1.443,failed,raw_ticks=20 brd_raw_work_scaled=-1 brd_goal_prefix_removed=0 brd_incidental_goal_prefix_ms=-1 brd_raw_plan_valid=0 brd_exit_reason=SEGMENT_EXHAUSTED
g3_dlow_ascarce_plocal_gshared_pool_seed0,warehouse_random_factorial,carrier_brd,1,30,106.0,106000000,19,63,24,4,0.1583,75,30,106,106000000,30,106,106000000,0,0,0,0,0,0,0,0,NOT_ATTEMPTED,0,0,0,0,-1,-1,-1,-1,-1,0,0,0,0,0,0,0,0,0,0,0,0,0,,,,,,,,,,,,,0,0,0,0,0,0,0,0,0,0,0,0,0,0,0,0,0,0,0,BOTTLENECK_TARGET_FRONTIER_CONTINUITY_V2,0,0,0,0,0,0,0,0,0,0,0,0,0,0,0,0,0,0.026206,0,0,0,0,0,0,11.2857,9.00741,3,3,2,12,21,3.05156,2205,0,0,0,TASKBR_VACANCY_V1,1.33016,2,12,8,12,0,11,0.443832,0.014993,0,8,0,24,24,0,11,11,"1,1,1,1,1,2,1,1,1,1,1",2,2,11,51.6852,41,0,1.30839,0.08858,30,106000000,0,75,1,SOLVED,75,75.4972,240a98731e350b6b597d86f56074a6553083d203f1a0720393729206e13d7183,0.084,ok,
g3_dlow_ascarce_plocal_gsingleton_seed0,warehouse_random_factorial,carrier_brd,1,36,122.0,122000000,40,58,24,4,0.2778,62,36,122,122000000,36,122,122000000,0,0,0,0,0,0,0,0,NOT_ATTEMPTED,1,0,0,0,-1,-1,-1,-1,-1,0,0,0,0,0,0,0,0,0,0,0,0,0,,,,,,,,,,,,,0,0,0,0,0,0,0,0,0,0,0,0,0,0,0,0,0,0,0,BOTTLENECK_TARGET_FRONTIER_CONTINUITY_V2,0,0,0,0,0,0,0,0,0,0,0,0,0,0,0,0,0,0.025732,0,0,0,0,0,0,7.97617,9.4278,3,3,2,12,7,1.23711,735,0,0,0,TASKBR_VACANCY_V1,1.276,2,12,8,12,0,9,0.309221,0.010965,0,8,0,19,19,0,9,9,"2,1,1,1,1,1,1,3,1",2,1,9,42.0805,45,0,1.25953,0.103352,36,122000000,0,62,1,SOLVED,62,62.7338,4fbd300c05bad7824ac9b47113456d0ded56bd01f5ad97b7de6124771737d43b,0.071,ok,
g3_dlow_ascarce_pmixed_gshared_pool_seed0,warehouse_random_factorial,carrier_brd,1,37,129.0,129000000,27,80,22,3,0.1824,70,37,129,129000000,37,129,129000000,0,0,0,0,0,0,0,0,NOT_ATTEMPTED,2,0,0,0,-1,-1,-1,-1,-1,0,0,0,0,0,0,0,0,0,0,0,0,0,,,,,,,,,,,,,0,0,0,0,0,0,0,0,0,0,0,0,0,0,0,0,0,0,0,BOTTLENECK_TARGET_FRONTIER_CONTINUITY_V2,0,0,0,0,0,0,0,0,0,0,0,0,0,0,0,0,0,0.028868,0,0,0,0,0,0,11.3179,9.57414,3,3,2,11,21,3.02579,2205,0,0,0,TASKBR_VACANCY_V1,1.18126,2,11,8,11,0,10,0.406882,0.011108,0,8,0,19,19,0,10,10,"1,1,1,1,1,1,1,1,2,1",3,2,10,46.6313,47,0,1.05686,0.10551,37,129000000,0,70,1,SOLVED,70,70.9686,a28adcb6106b10c4be5bb2c8d588bf709e0f5bf3ff087a8c45d42b06fa980d7a,0.08,ok,
g3_dlow_ascarce_pmixed_gsingleton_seed0,warehouse_random_factorial,carrier_brd,1,38,122.0,122000000,36,62,24,4,0.2368,67,38,122,122000000,38,122,122000000,0,0,0,0,0,0,0,0,NOT_ATTEMPTED,2,0,0,0,-1,-1,-1,-1,-1,0,0,0,0,0,0,0,0,0,0,0,0,0,,,,,,,,,,,,,0,0,0,0,0,0,0,0,0,0,0,0,0,0,0,0,0,0,0,BOTTLENECK_TARGET_FRONTIER_CONTINUITY_V2,0,0,0,0,0,0,0,0,0,0,0,0,0,0,0,0,0,0.026366,0,0,0,0,0,0,8.04131,9.01045,3,3,2,12,7,1.17776,735,0,0,0,TASKBR_VACANCY_V1,1.20464,2,12,8,12,0,10,0.380844,0.012515,0,8,0,22,22,0,10,10,"1,1,1,1,1,1,1,1,3,1",3,4,10,46.9457,48,0,1.08212,0.118061,38,122000000,0,66,1,SOLVED,67,67.2926,0a7a1e124a91a8f7b5873eab61eff9f58656a959350db65b9ebd1152d3c21cdd,0.076,ok,
g3_dlow_asurplus_pcross_heavy_gshared_pool_seed0,warehouse_random_factorial,carrier_brd,1,22,112.0,112000000,33,59,20,2,0.125,61,22,112,112000000,22,112,112000000,0,0,0,0,0,0,0,0,NOT_ATTEMPTED,0,0,0,0,-1,-1,-1,-1,-1,0,0,0,0,0,0,0,0,0,0,0,0,0,,,,,,,,,,,,,0,0,0,0,0,0,0,0,0,0,0,0,0,0,0,0,0,0,0,BOTTLENECK_TARGET_FRONTIER_CONTINUITY_V2,0,0,0,0,0,0,0,0,0,0,0,0,0,0,0,0,0,0.02484,0,0,0,0,0,0,11.4053,8.6441,3,3,2,10,15,2.34644,1575,0,0,0,TASKBR_VACANCY_V1,1.20411,2,10,8,10,0,8,0.742389,0.012866,0,8,0,25,25,0,8,8,"1,1,1,1,2,1,1,2",4,0,8,38.0197,30,0,0.954075,0.091814,22,112000000,0,60,1,SOLVED,61,61.4802,953089ae7222fcc83a2ff59a64e37597f89155e4564917e46dfcc7673f27d2c0,0.07,ok,
g3_dlow_asurplus_pcross_heavy_gsingleton_seed0,warehouse_random_factorial,carrier_brd,0,,,,,,,,,,,,,,,,,,,,,,,,,,,,,,,,,,,,,,,,,,,,,,,,,,,,,,,,,,,,,,,,,,,,,,,,,,,,,,,,,,,,,,,,,,,,,,,,,,,,,,,7.97889,9.12345,3,3,2,12,7,1.2541,735,0,0,0,TASKBR_VACANCY_V1,1.37319,2,12,8,12,0,5,0.424533,0.006055,0,8,0,10,10,0,5,4,"1,1,1,1",6,0,5,8538.24,379,1,1.87883,0,22,-1,0,-1,0,SEGMENT_TIMEOUT,,,,8.627,timeout,d_raw_ticks=22 brd_raw_work_scaled=-1 brd_goal_prefix_removed=0 brd_incidental_goal_prefix_ms=-1 brd_raw_plan_valid=0 brd_exit_reason=SEGMENT_TIMEOUT
g3_dlow_asurplus_plocal_gshared_pool_seed0,warehouse_random_factorial,carrier_brd,1,14,80.0,80000000,19,37,24,4,0.1131,48,14,80,80000000,14,80,80000000,0,0,0,0,0,0,0,0,NOT_ATTEMPTED,0,0,0,0,-1,-1,-1,-1,-1,0,0,0,0,0,0,0,0,0,0,0,0,0,,,,,,,,,,,,,0,0,0,0,0,0,0,0,0,0,0,0,0,0,0,0,0,0,0,BOTTLENECK_TARGET_FRONTIER_CONTINUITY_V2,0,0,0,0,0,0,0,0,0,0,0,0,0,0,0,0,0,0.017244,0,0,0,0,0,0,11.6253,8.96674,3,3,2,12,21,3.10417,2205,0,0,0,TASKBR_VACANCY_V1,1.57328,2,12,8,12,0,5,0.489414,0.011165,0,8,0,23,23,0,5,5,"1,1,2,4,4",3,0,5,25.0881,19,0,0.637224,0.059676,14,80000000,0,48,1,SOLVED,48,49.0786,c12565da2eec23aa84dcfd8aca3fb2d08347208c50bd3cfcb83f746512338f07,0.058,ok,
g3_dlow_asurplus_plocal_gsingleton_seed0,warehouse_random_factorial,carrier_brd,0,,,,,,,,,,,,,,,,,,,,,,,,,,,,,,,,,,,,,,,,,,,,,,,,,,,,,,,,,,,,,,,,,,,,,,,,,,,,,,,,,,,,,,,,,,,,,,,,,,,,,,,8.00351,9.63933,3,3,2,12,7,1.2706,735,0,0,0,TASKBR_VACANCY_V1,1.26468,2,12,8,12,0,6,0.243579,0.00664,0,8,0,9,9,0,6,5,"1,1,2,1,1",6,0,6,8594.22,8752,1,2.69935,0,15,-1,0,-1,0,SEGMENT_TIMEOUT,,,,8.654,timeout,d_raw_ticks=15 brd_raw_work_scaled=-1 brd_goal_prefix_removed=0 brd_incidental_goal_prefix_ms=-1 brd_raw_plan_valid=0 brd_exit_reason=SEGMENT_TIMEOUT
g3_dlow_asurplus_pmixed_gshared_pool_seed0,warehouse_random_factorial,carrier_brd,1,16,88.0,88000000,27,39,22,3,0.1406,56,16,88,88000000,16,88,88000000,0,0,0,0,0,0,0,0,NOT_ATTEMPTED,0,0,0,0,-1,-1,-1,-1,-1,0,0,0,0,0,0,0,0,0,0,0,0,0,,,,,,,,,,,,,0,0,0,0,0,0,0,0,0,0,0,0,0,0,0,0,0,0,0,BOTTLENECK_TARGET_FRONTIER_CONTINUITY_V2,0,0,0,0,0,0,0,0,0,0,0,0,0,0,0,0,0,0.018444,0,0,0,0,0,0,11.7841,9.51992,3,3,2,11,21,3.06869,2205,0,0,0,TASKBR_VACANCY_V1,1.17443,2,11,8,11,0,7,0.371569,0.008578,0,8,0,16,16,0,7,7,"1,1,2,2,1,1,3",5,0,7,32.7015,23,0,1.02951,0.065669,16,88000000,0,56,1,SOLVED,56,56.9004,ee4ebda3c449a8195c7eb2cabfa61477b864f649c721c7af48881cb1959fb761,0.066,ok,
g3_dlow_asurplus_pmixed_gsingleton_seed0,warehouse_random_factorial,carrier_brd,1,17,83.0,83000000,36,23,24,4,0.1765,52,17,83,83000000,17,83,83000000,0,0,0,0,0,0,0,0,NOT_ATTEMPTED,0,0,0,0,-1,-1,-1,-1,-1,0,0,0,0,0,0,0,0,0,0,0,0,0,,,,,,,,,,,,,0,0,0,0,0,0,0,0,0,0,0,0,0,0,0,0,0,0,0,BOTTLENECK_TARGET_FRONTIER_CONTINUITY_V2,0,0,0,0,0,0,0,0,0,0,0,0,0,0,0,0,0,0.018138,0,0,0,0,0,0,7.95463,8.94528,3,3,2,12,7,1.17934,735,0,0,0,TASKBR_VACANCY_V1,1.34072,2,12,8,12,0,7,0.353729,0.006971,0,8,0,12,12,0,7,7,"1,3,1,1,1,1,4",7,0,7,32.9935,24,0,1.07881,0.070144,17,83000000,0,52,1,SOLVED,52,52.881,18c2d558ec19f4b9611ac3f97f8ada5605bf53a63a88d1b4d92260f19066eb20,0.062,ok,
g3_dmedium_abaseline_pcross_heavy_gshared_pool_seed0,warehouse_random_factorial,carrier_brd,1,33,139.0,139000000,33,86,20,2,0.1667,72,33,139,139000000,33,139,139000000,0,0,0,0,0,0,0,0,NOT_ATTEMPTED,0,0,0,0,-1,-1,-1,-1,-1,0,0,0,0,0,0,0,0,0,0,0,0,0,,,,,,,,,,,,,0,0,0,0,0,0,0,0,0,0,0,0,0,0,0,0,0,0,0,BOTTLENECK_TARGET_FRONTIER_CONTINUITY_V2,0,0,0,0,0,0,0,0,0,0,0,0,0,0,0,0,0,0.028529,0,0,0,0,0,0,11.9039,9.5922,3,3,2,10,16,2.82844,1680,0,0,0,TASKBR_VACANCY_V1,1.24424,2,10,8,10,0,10,0.421826,0.013386,0,8,0,24,24,0,10,10,"1,1,1,1,1,1,1,1,1,1",4,2,10,47.442,43,0,1.00905,0.179914,33,139000000,0,71,1,SOLVED,72,72.5932,bc45689ed5ecb6e2410de536b7090e709bb45bd3604fe00143148c30b0210b4e,0.082,ok,
g3_dmedium_abaseline_pcross_heavy_gsingleton_seed0,warehouse_random_factorial,carrier_brd,0,,,,,,,,,,,,,,,,,,,,,,,,,,,,,,,,,,,,,,,,,,,,,,,,,,,,,,,,,,,,,,,,,,,,,,,,,,,,,,,,,,,,,,,,,,,,,,,,,,,,,,,8.03784,10.1431,3,3,2,12,7,1.33831,735,0,0,0,TASKBR_VACANCY_V1,1.3262,2,12,8,12,0,5,0.25193,0.007955,0,8,0,11,11,0,5,4,"1,1,1,1",4,0,5,8529.23,345,1,1.3232,0,39,-1,0,-1,0,SEGMENT_TIMEOUT,,,,8.613,timeout,d_raw_ticks=39 brd_raw_work_scaled=-1 brd_goal_prefix_removed=0 brd_incidental_goal_prefix_ms=-1 brd_raw_plan_valid=0 brd_exit_reason=SEGMENT_TIMEOUT
g3_dmedium_abaseline_plocal_gshared_pool_seed0,warehouse_random_factorial,carrier_brd,1,25,104.0,104000000,19,63,22,3,0.1267,73,25,104,104000000,25,104,104000000,0,0,0,0,0,0,0,0,NOT_ATTEMPTED,1,0,0,0,-1,-1,-1,-1,-1,0,0,0,0,0,0,0,0,0,0,0,0,0,,,,,,,,,,,,,0,0,0,0,0,0,0,0,0,0,0,0,0,0,0,0,0,0,0,BOTTLENECK_TARGET_FRONTIER_CONTINUITY_V2,0,0,0,0,0,0,0,0,0,0,0,0,0,0,0,0,0,0.025236,0,0,0,0,0,0,12.2583,10.3013,3,3,2,11,23,3.75892,2415,0,0,0,TASKBR_VACANCY_V1,1.29529,2,11,8,11,0,10,0.490343,0.016938,0,8,0,29,29,0,10,10,"1,1,1,1,1,1,1,1,2,1",2,2,10,47.6618,35,0,1.1706,0.139007,25,104000000,0,73,1,SOLVED,73,73.9691,5c13ee2a6008cbc6737f8c20803ef55df6161ccb1b541165ed46f1236ffaddbe,0.083,ok,
g3_dmedium_abaseline_plocal_gsingleton_seed0,warehouse_random_factorial,carrier_brd,0,,,,,,,,,,,,,,,,,,,,,,,,,,,,,,,,,,,,,,,,,,,,,,,,,,,,,,,,,,,,,,,,,,,,,,,,,,,,,,,,,,,,,,,,,,,,,,,,,,,,,,,8.82175,10.2083,3,3,2,12,7,1.39804,735,0,0,0,TASKBR_VACANCY_V1,1.37477,2,12,8,12,0,7,0.196173,0.008237,0,8,0,13,13,0,7,6,"1,1,1,1,1,1",5,0,7,8559.84,6414,1,2.35787,0,22,-1,0,-1,0,SEGMENT_TIMEOUT,,,,8.616,timeout,d_raw_ticks=22 brd_raw_work_scaled=-1 brd_goal_prefix_removed=0 brd_incidental_goal_prefix_ms=-1 brd_raw_plan_valid=0 brd_exit_reason=SEGMENT_TIMEOUT
g3_dmedium_abaseline_pmixed_gshared_pool_seed0,warehouse_random_factorial,carrier_brd,1,30,112.0,112000000,27,63,22,3,0.15,64,30,112,112000000,30,112,112000000,0,0,0,0,0,0,0,0,NOT_ATTEMPTED,0,0,0,0,-1,-1,-1,-1,-1,0,0,0,0,0,0,0,0,0,0,0,0,0,,,,,,,,,,,,,0,0,0,0,0,0,0,0,0,0,0,0,0,0,0,0,0,0,0,BOTTLENECK_TARGET_FRONTIER_CONTINUITY_V2,0,0,0,0,0,0,0,0,0,0,0,0,0,0,0,0,0,0.033834,0,0,0,0,0,0,12.4767,10.2009,3,3,2,11,24,3.90423,2520,0,0,0,TASKBR_VACANCY_V1,1.36247,2,11,8,11,0,8,0.291961,0.010199,0,8,0,18,18,0,8,8,"1,2,2,1,1,1,1,2",5,0,8,38.2773,38,0,0.979436,0.15921,30,112000000,0,63,1,SOLVED,64,64.505,99f19443ce6f0e6227690d56a4f76570adf71d57fde2f797ab3d6bb9411db814,0.074,ok,
g3_dmedium_abaseline_pmixed_gsingleton_seed0,warehouse_random_factorial,carrier_brd,1,31,110.0,110000000,36,50,24,4,0.1935,69,31,110,110000000,31,110,110000000,0,0,0,0,0,0,0,0,NOT_ATTEMPTED,0,0,0,0,-1,-1,-1,-1,-1,0,0,0,0,0,0,0,0,0,0,0,0,0,,,,,,,,,,,,,0,0,0,0,0,0,0,0,0,0,0,0,0,0,0,0,0,0,0,BOTTLENECK_TARGET_FRONTIER_CONTINUITY_V2,0,0,0,0,0,0,0,0,0,0,0,0,0,0,0,0,0,0.027512,0,0,0,0,0,0,8.02927,10.3175,3,3,2,12,7,1.38939,735,0,0,0,TASKBR_VACANCY_V1,1.22739,2,12,8,12,0,10,0.313062,0.011498,0,8,0,23,23,0,10,10,"1,1,1,1,1,1,1,1,3,1",4,0,10,47.5003,41,0,1.18604,0.170585,31,110000000,0,68,1,SOLVED,69,69.5218,7f3aa992fb1c6f5ab1fff67cc13516b5aa127673619ef3658acb837079d90fc0,0.079,ok,
g3_dmedium_aequal_pcross_heavy_gshared_pool_seed0,warehouse_random_factorial,carrier_brd,1,24,131.0,131000000,33,78,20,2,0.1719,58,24,131,131000000,24,131,131000000,0,0,0,0,0,0,0,0,NOT_ATTEMPTED,1,0,0,0,-1,-1,-1,-1,-1,0,0,0,0,0,0,0,0,0,0,0,0,0,,,,,,,,,,,,,0,0,0,0,0,0,0,0,0,0,0,0,0,0,0,0,0,0,0,BOTTLENECK_TARGET_FRONTIER_CONTINUITY_V2,0,0,0,0,0,0,0,0,0,0,0,0,0,0,0,0,0,0.021756,0,0,0,0,0,0,11.9452,9.72498,3,3,2,10,16,2.91036,1680,0,0,0,TASKBR_VACANCY_V1,1.10377,2,10,8,10,0,7,0.465827,0.013767,0,8,0,27,27,0,7,7,"1,1,1,1,1,3,2",3,2,7,33.1685,31,0,0.826035,0.134727,24,131000000,0,57,1,SOLVED,58,58.0589,85ca46f23e0fd44beeae704924107cc00b3ca0eee581be0abd8b2f86012e605d,0.068,ok,
g3_dmedium_aequal_pcross_heavy_gsingleton_seed0,warehouse_random_factorial,carrier_brd,0,,,,,,,,,,,,,,,,,,,,,,,,,,,,,,,,,,,,,,,,,,,,,,,,,,,,,,,,,,,,,,,,,,,,,,,,,,,,,,,,,,,,,,,,,,,,,,,,,,,,,,,7.95309,10.317,3,3,2,12,7,1.33864,735,0,0,0,TASKBR_VACANCY_V1,1.33309,2,12,8,12,0,5,0.218545,0.005808,0,8,0,9,9,0,5,4,"1,1,1,1",6,0,5,8534,333,1,1.36152,0,25,-1,0,-1,0,SEGMENT_TIMEOUT,,,,8.622,timeout,d_raw_ticks=25 brd_raw_work_scaled=-1 brd_goal_prefix_removed=0 brd_incidental_goal_prefix_ms=-1 brd_raw_plan_valid=0 brd_exit_reason=SEGMENT_TIMEOUT
g3_dmedium_aequal_plocal_gshared_pool_seed0,warehouse_random_factorial,carrier_brd,1,20,92.0,92000000,19,51,22,3,0.1187,58,20,92,92000000,20,92,92000000,0,0,0,0,0,0,0,0,NOT_ATTEMPTED,0,0,0,0,-1,-1,-1,-1,-1,0,0,0,0,0,0,0,0,0,0,0,0,0,,,,,,,,,,,,,0,0,0,0,0,0,0,0,0,0,0,0,0,0,0,0,0,0,0,BOTTLENECK_TARGET_FRONTIER_CONTINUITY_V2,0,0,0,0,0,0,0,0,0,0,0,0,0,0,0,0,0,0.019375,0,0,0,0,0,0,12.1665,10.3441,3,3,2,11,23,3.80973,2415,0,0,0,TASKBR_VACANCY_V1,1.21632,2,11,8,11,0,7,0.340743,0.011387,0,8,0,22,22,0,7,7,"1,1,2,2,2,2,1",4,0,7,33.2066,27,0,0.923554,0.112518,20,92000000,0,58,1,SOLVED,58,59.0629,7989c1dd3f365d087a14d5698225368d083bf9fe3787bee4b376a604b6116fbc,0.069,ok,
g3_dmedium_aequal_plocal_gsingleton_seed0,warehouse_random_factorial,carrier_brd,0,,,,,,,,,,,,,,,,,,,,,,,,,,,,,,,,,,,,,,,,,,,,,,,,,,,,,,,,,,,,,,,,,,,,,,,,,,,,,,,,,,,,,,,,,,,,,,,,,,,,,,,7.89057,10.3173,3,3,2,12,7,1.39634,735,0,0,0,TASKBR_VACANCY_V1,1.43522,2,12,8,12,0,6,0.179578,0.005956,0,8,0,10,10,0,6,5,"2,1,1,1,1",5,0,6,8545.23,5842,1,1.82075,0,16,-1,0,-1,0,SEGMENT_TIMEOUT,,,,8.598,timeout,d_raw_ticks=16 brd_raw_work_scaled=-1 brd_goal_prefix_removed=0 brd_incidental_goal_prefix_ms=-1 brd_raw_plan_valid=0 brd_exit_reason=SEGMENT_TIMEOUT
g3_dmedium_aequal_pmixed_gshared_pool_seed0,warehouse_random_factorial,carrier_brd,1,17,94.0,94000000,27,45,22,3,0.1985,62,17,94,94000000,17,94,94000000,0,0,0,0,0,0,0,0,NOT_ATTEMPTED,0,0,0,0,-1,-1,-1,-1,-1,0,0,0,0,0,0,0,0,0,0,0,0,0,,,,,,,,,,,,,0,0,0,0,0,0,0,0,0,0,0,0,0,0,0,0,0,0,0,BOTTLENECK_TARGET_FRONTIER_CONTINUITY_V2,0,0,0,0,0,0,0,0,0,0,0,0,0,0,0,0,0,0.018967,0,0,0,0,0,0,12.499,9.8522,3,3,2,11,24,3.90078,2520,0,0,0,TASKBR_VACANCY_V1,1.30665,2,11,8,11,0,8,0.294,0.009031,0,8,0,18,18,0,8,8,"1,1,1,1,1,2,1,3",5,0,8,37.2875,25,0,0.892852,0.105984,17,94000000,0,62,1,SOLVED,62,62.7061,8cb94ea1c5148830e06ba058a94c435d8560b5f98a51a9a440e30507bfd62d20,0.072,ok,
g3_dmedium_aequal_pmixed_gsingleton_seed0,warehouse_random_factorial,carrier_brd,1,19,96.0,96000000,36,36,24,4,0.2368,55,19,96,96000000,19,96,96000000,0,0,0,0,0,0,0,0,NOT_ATTEMPTED,0,0,0,0,-1,-1,-1,-1,-1,0,0,0,0,0,0,0,0,0,0,0,0,0,,,,,,,,,,,,,0,0,0,0,0,0,0,0,0,0,0,0,0,0,0,0,0,0,0,BOTTLENECK_TARGET_FRONTIER_CONTINUITY_V2,0,0,0,0,0,0,0,0,0,0,0,0,0,0,0,0,0,0.018764,0,0,0,0,0,0,8.01055,10.4064,3,3,2,12,7,1.38087,735,0,0,0,TASKBR_VACANCY_V1,1.48056,2,12,8,12,0,7,0.233802,0.00877,0,8,0,17,17,0,7,7,"1,3,1,1,1,1,4",3,0,7,33.3575,26,0,0.838825,0.110054,19,96000000,0,54,1,SOLVED,55,55.0293,65ba4932c245a49929235a3810dff02449f69e337298de04b1b4277b2994ea78,0.064,ok,
g3_dmedium_ascarce_pcross_heavy_gshared_pool_seed0,warehouse_random_factorial,carrier_brd,1,41,133.0,133000000,33,80,20,2,0.2012,74,41,133,133000000,41,133,133000000,0,0,0,0,0,0,0,0,NOT_ATTEMPTED,0,0,0,0,-1,-1,-1,-1,-1,0,0,0,0,0,0,0,0,0,0,0,0,0,,,,,,,,,,,,,0,0,0,0,0,0,0,0,0,0,0,0,0,0,0,0,0,0,0,BOTTLENECK_TARGET_FRONTIER_CONTINUITY_V2,0,0,0,0,0,0,0,0,0,0,0,0,0,0,0,0,0,0.032803,0,0,0,0,0,0,12.0747,9.7819,3,3,2,10,16,2.80708,1680,0,0,0,TASKBR_VACANCY_V1,1.12466,2,10,8,10,0,10,0.411863,0.012552,0,8,0,20,20,0,10,10,"1,1,1,1,1,1,1,1,1,1",2,1,10,48.6864,51,0,1.14414,0.192584,41,133000000,0,73,1,SOLVED,74,74.4431,110511bc81ef3683d17f8c76227b627d887330054a53c0a6af685591956a7aca,0.084,ok,
g3_dmedium_ascarce_pcross_heavy_gsingleton_seed0,warehouse_random_factorial,carrier_brd,0,,,,,,,,,,,,,,,,,,,,,,,,,,,,,,,,,,,,,,,,,,,,,,,,,,,,,,,,,,,,,,,,,,,,,,,,,,,,,,,,,,,,,,,,,,,,,,,,,,,,,,,8.11974,10.3493,3,3,2,12,7,1.38812,735,0,0,0,TASKBR_VACANCY_V1,1.31791,2,12,8,12,0,2,0.28613,0.005542,0,8,0,5,5,0,2,1,1,3,0,2,1981.09,259,1,0.51072,0,20,-1,0,-1,0,SEGMENT_EXHAUSTED,,,,2.009,failed,raw_ticks=20 brd_raw_work_scaled=-1 brd_goal_prefix_removed=0 brd_incidental_goal_prefix_ms=-1 brd_raw_plan_valid=0 brd_exit_reason=SEGMENT_EXHAUSTED
g3_dmedium_ascarce_plocal_gshared_pool_seed0,warehouse_random_factorial,carrier_brd,1,36,100.0,100000000,19,59,22,3,0.1319,70,36,100,100000000,36,100,100000000,0,0,0,0,0,0,0,0,NOT_ATTEMPTED,1,0,0,0,-1,-1,-1,-1,-1,0,0,0,0,0,0,0,0,0,0,0,0,0,,,,,,,,,,,,,0,0,0,0,0,0,0,0,0,0,0,0,0,0,0,0,0,0,0,BOTTLENECK_TARGET_FRONTIER_CONTINUITY_V2,0,0,0,0,0,0,0,0,0,0,0,0,0,0,0,0,0,0.025531,0,0,0,0,0,0,12.4245,10.5623,3,3,2,11,23,3.88522,2415,0,0,0,TASKBR_VACANCY_V1,1.40404,2,11,8,11,0,9,0.405851,0.013959,0,8,0,21,21,0,9,9,"1,1,1,1,2,1,1,2,1",3,4,9,43.2691,45,0,0.974117,0.17715,36,100000000,0,69,1,SOLVED,70,70.4306,2e4ebc41972bf7ae61868979da88ccc0f41a0bb006ed908f5451da7145dd5475,0.08,ok,
g3_dmedium_ascarce_plocal_gsingleton_seed0,warehouse_random_factorial,carrier_brd,1,36,122.0,122000000,40,58,24,4,0.2778,64,36,122,122000000,36,122,122000000,0,0,0,0,0,0,0,0,NOT_ATTEMPTED,1,0,0,0,-1,-1,-1,-1,-1,0,0,0,0,0,0,0,0,0,0,0,0,0,,,,,,,,,,,,,0,0,0,0,0,0,0,0,0,0,0,0,0,0,0,0,0,0,0,BOTTLENECK_TARGET_FRONTIER_CONTINUITY_V2,0,0,0,0,0,0,0,0,0,0,0,0,0,0,0,0,0,0.027877,0,0,0,0,0,0,8.07012,10.3546,3,3,2,12,7,1.38531,735,0,0,0,TASKBR_VACANCY_V1,1.32401,2,12,8,12,0,9,0.309421,0.011067,0,8,0,19,19,0,9,9,"2,1,1,1,1,1,1,3,1",2,1,9,42.4954,45,0,0.94177,0.200629,36,122000000,0,64,1,SOLVED,64,64.8735,4fbd300c05bad7824ac9b47113456d0ded56bd01f5ad97b7de6124771737d43b,0.074,ok,
g3_dmedium_ascarce_pmixed_gshared_pool_seed0,warehouse_random_factorial,carrier_brd,1,39,133.0,133000000,27,84,22,3,0.1731,69,39,133,133000000,39,133,133000000,0,0,0,0,0,0,0,0,NOT_ATTEMPTED,2,0,0,0,-1,-1,-1,-1,-1,0,0,0,0,0,0,0,0,0,0,0,0,0,,,,,,,,,,,,,0,0,0,0,0,0,0,0,0,0,0,0,0,0,0,0,0,0,0,BOTTLENECK_TARGET_FRONTIER_CONTINUITY_V2,0,0,0,0,0,0,0,0,0,0,0,0,0,0,0,0,0,0.029187,0,0,0,0,0,0,12.4576,10.05,3,3,2,11,24,3.87175,2520,0,0,0,TASKBR_VACANCY_V1,1.20765,2,11,8,11,0,9,0.375137,0.011092,0,8,0,18,18,0,9,9,"1,1,1,1,2,1,1,2,1",3,2,9,42.6865,48,0,1.02457,0.187498,39,133000000,0,68,1,SOLVED,69,69.1725,be2d5f80f9027fac034d8d46dfa3b39b779b1fb937b1b3693f86e6e6bf923179,0.078,ok,
g3_dmedium_ascarce_pmixed_gsingleton_seed0,warehouse_random_factorial,carrier_brd,1,38,122.0,122000000,36,62,24,4,0.2368,69,38,122,122000000,38,122,122000000,0,0,0,0,0,0,0,0,NOT_ATTEMPTED,2,0,0,0,-1,-1,-1,-1,-1,0,0,0,0,0,0,0,0,0,0,0,0,0,,,,,,,,,,,,,0,0,0,0,0,0,0,0,0,0,0,0,0,0,0,0,0,0,0,BOTTLENECK_TARGET_FRONTIER_CONTINUITY_V2,0,0,0,0,0,0,0,0,0,0,0,0,0,0,0,0,0,0.025615,0,0,0,0,0,0,8.08821,10.3103,3,3,2,12,7,1.39875,735,0,0,0,TASKBR_VACANCY_V1,1.34849,2,12,8,12,0,10,0.379569,0.01169,0,8,0,22,22,0,10,10,"1,1,1,1,1,1,1,1,3,1",3,4,10,47.3436,48,0,1.10525,0.221238,38,122000000,0,68,1,SOLVED,69,69.8801,9bb765bbfe6bc9abe3ca093d8134026e2f9feb4a83de82e7fe4058ae3278d7f9,0.079,ok,
g3_dmedium_asurplus_pcross_heavy_gshared_pool_seed0,warehouse_random_factorial,carrier_brd,1,22,112.0,112000000,33,59,20,2,0.125,63,22,112,112000000,22,112,112000000,0,0,0,0,0,0,0,0,NOT_ATTEMPTED,0,0,0,0,-1,-1,-1,-1,-1,0,0,0,0,0,0,0,0,0,0,0,0,0,,,,,,,,,,,,,0,0,0,0,0,0,0,0,0,0,0,0,0,0,0,0,0,0,0,BOTTLENECK_TARGET_FRONTIER_CONTINUITY_V2,0,0,0,0,0,0,0,0,0,0,0,0,0,0,0,0,0,0.022735,0,0,0,0,0,0,11.7197,9.82782,3,3,2,10,16,2.83756,1680,0,0,0,TASKBR_VACANCY_V1,1.13505,2,10,8,10,0,8,0.716522,0.012762,0,8,0,25,25,0,8,8,"1,1,1,1,2,1,1,2",4,0,8,38.2335,30,0,0.896483,0.13198,22,112000000,0,62,1,SOLVED,63,63.3592,953089ae7222fcc83a2ff59a64e37597f89155e4564917e46dfcc7673f27d2c0,0.073,ok,
g3_dmedium_asurplus_pcross_heavy_gsingleton_seed0,warehouse_random_factorial,carrier_brd,0,,,,,,,,,,,,,,,,,,,,,,,,,,,,,,,,,,,,,,,,,,,,,,,,,,,,,,,,,,,,,,,,,,,,,,,,,,,,,,,,,,,,,,,,,,,,,,,,,,,,,,,8.12778,10.4935,3,3,2,12,7,1.32655,735,0,0,0,TASKBR_VACANCY_V1,1.30125,2,12,8,12,0,5,0.415345,0.006117,0,8,0,10,10,0,5,4,"1,1,1,1",6,0,5,8527.8,338,1,1.56105,0,22,-1,0,-1,0,SEGMENT_TIMEOUT,,,,8.611,timeout,d_raw_ticks=22 brd_raw_work_scaled=-1 brd_goal_prefix_removed=0 brd_incidental_goal_prefix_ms=-1 brd_raw_plan_valid=0 brd_exit_reason=SEGMENT_TIMEOUT
g3_dmedium_asurplus_plocal_gshared_pool_seed0,warehouse_random_factorial,carrier_brd,1,14,78.0,78000000,19,37,22,3,0.1131,54,14,78,78000000,14,78,78000000,0,0,0,0,0,0,0,0,NOT_ATTEMPTED,0,0,0,0,-1,-1,-1,-1,-1,0,0,0,0,0,0,0,0,0,0,0,0,0,,,,,,,,,,,,,0,0,0,0,0,0,0,0,0,0,0,0,0,0,0,0,0,0,0,BOTTLENECK_TARGET_FRONTIER_CONTINUITY_V2,0,0,0,0,0,0,0,0,0,0,0,0,0,0,0,0,0,0.019845,0,0,0,0,0,0,11.9337,10.5021,3,3,2,11,23,3.71736,2415,0,0,0,TASKBR_VACANCY_V1,1.18832,2,11,8,11,0,6,0.501932,0.011208,0,8,0,23,23,0,6,6,"1,1,1,1,4,3",3,0,6,28.6455,20,0,0.702394,0.090455,14,78000000,0,53,1,SOLVED,54,54.308,828348085c98c749b4d07c3b8818d3eca81a6b51fee772e16a466f452843b111,0.064,ok,
g3_dmedium_asurplus_plocal_gsingleton_seed0,warehouse_random_factorial,carrier_brd,0,,,,,,,,,,,,,,,,,,,,,,,,,,,,,,,,,,,,,,,,,,,,,,,,,,,,,,,,,,,,,,,,,,,,,,,,,,,,,,,,,,,,,,,,,,,,,,,,,,,,,,,8.98115,10.2539,3,3,2,12,7,1.4089,735,0,0,0,TASKBR_VACANCY_V1,1.29786,2,12,8,12,0,6,0.246903,0.006479,0,8,0,9,9,0,6,5,"1,1,2,1,1",6,0,6,8542.54,5640,1,2.20398,0,15,-1,0,-1,0,SEGMENT_TIMEOUT,,,,8.596,timeout,d_raw_ticks=15 brd_raw_work_scaled=-1 brd_goal_prefix_removed=0 brd_incidental_goal_prefix_ms=-1 brd_raw_plan_valid=0 brd_exit_reason=SEGMENT_TIMEOUT
g3_dmedium_asurplus_pmixed_gshared_pool_seed0,warehouse_random_factorial,carrier_brd,1,16,88.0,88000000,27,39,22,3,0.1406,59,16,88,88000000,16,88,88000000,0,0,0,0,0,0,0,0,NOT_ATTEMPTED,0,0,0,0,-1,-1,-1,-1,-1,0,0,0,0,0,0,0,0,0,0,0,0,0,,,,,,,,,,,,,0,0,0,0,0,0,0,0,0,0,0,0,0,0,0,0,0,0,0,BOTTLENECK_TARGET_FRONTIER_CONTINUITY_V2,0,0,0,0,0,0,0,0,0,0,0,0,0,0,0,0,0,0.018936,0,0,0,0,0,0,12.8377,10.2188,3,3,2,11,24,4.02401,2520,0,0,0,TASKBR_VACANCY_V1,1.19976,2,11,8,11,0,7,0.378841,0.008392,0,8,0,16,16,0,7,7,"1,1,2,2,1,1,3",5,0,7,33.398,23,0,0.839195,0.102744,16,88000000,0,59,1,SOLVED,59,59.4849,316d2511637aeb23ac447b5d483c61d86dc731742f509cb556213719e7824bd0,0.069,ok,
g3_dmedium_asurplus_pmixed_gsingleton_seed0,warehouse_random_factorial,carrier_brd,1,17,83.0,83000000,36,23,24,4,0.1765,54,17,83,83000000,17,83,83000000,0,0,0,0,0,0,0,0,NOT_ATTEMPTED,0,0,0,0,-1,-1,-1,-1,-1,0,0,0,0,0,0,0,0,0,0,0,0,0,,,,,,,,,,,,,0,0,0,0,0,0,0,0,0,0,0,0,0,0,0,0,0,0,0,BOTTLENECK_TARGET_FRONTIER_CONTINUITY_V2,0,0,0,0,0,0,0,0,0,0,0,0,0,0,0,0,0,0.019732,0,0,0,0,0,0,8.08299,10.1887,3,3,2,12,7,1.42746,735,0,0,0,TASKBR_VACANCY_V1,1.29046,2,12,8,12,0,7,0.365829,0.007098,0,8,0,12,12,0,7,7,"1,3,1,1,1,1,4",7,0,7,33.0473,24,0,1.07388,0.10273,17,83000000,0,54,1,SOLVED,54,54.472,fbb59b14f24b0ca708886a2e1dc75dcd9f4ece8a527467b88625d40f5e713052,0.063,ok,
g4_dhigh_abaseline_pcross_heavy_gshared_pool_seed0,warehouse_random_factorial,carrier_brd,1,47,222.0,222000000,68,117,36,5,0.1809,258,47,222,222000000,47,222,222000000,0,0,0,0,0,0,0,0,NOT_ATTEMPTED,1,0,0,0,-1,-1,-1,-1,-1,0,0,0,0,0,0,0,0,0,0,0,0,0,,,,,,,,,,,,,0,0,0,0,0,0,0,0,0,0,0,0,0,0,0,0,0,0,0,BOTTLENECK_TARGET_FRONTIER_CONTINUITY_V2,0,0,0,0,0,0,0,0,0,0,0,0,0,0,0,0,0,0.051779,0,0,0,0,0,0,43.1485,23.7252,4,4,3,18,40,16.0616,5760,1,1,3,TASKBR_VACANCY_V1,3.07188,3,18,12,17,1,14,1.25342,0.036449,0,12,0,44,44,0,14,14,"2,2,1,1,1,1,1,2,1,2,1,1,1,1",4,3,14,176.756,61,0,9.48022,0.947374,47,222000000,0,254,1,SOLVED,258,258.565,95c0b708f414a03c1e9c970715795cd2f7d40ae42df5c49eae3664b26ababcac,0.269,ok,
g4_dhigh_abaseline_pcross_heavy_gsingleton_seed0,warehouse_random_factorial,carrier_brd,0,,,,,,,,,,,,,,,,,,,,,,,,,,,,,,,,,,,,,,,,,,,,,,,,,,,,,,,,,,,,,,,,,,,,,,,,,,,,,,,,,,,,,,,,,,,,,,,,,,,,,,,22.7826,24.4336,3,3,2,18,11,4.78225,1584,0,0,20,TASKBR_VACANCY_V1,3.43235,2,18,12,18,0,7,0.895212,0.021292,0,12,0,15,15,0,7,6,"1,1,1,1,1,1",7,1,7,8488.63,70,1,5.2764,0,58,-1,0,-1,0,SEGMENT_TIMEOUT,,,,8.622,timeout,d_raw_ticks=58 brd_raw_work_scaled=-1 brd_goal_prefix_removed=0 brd_incidental_goal_prefix_ms=-1 brd_raw_plan_valid=0 brd_exit_reason=SEGMENT_TIMEOUT
g4_dhigh_abaseline_plocal_gshared_pool_seed0,warehouse_random_factorial,carrier_brd,1,37,188.0,188000000,55,101,32,4,0.1858,212,37,188,188000000,37,188,188000000,0,0,0,0,0,0,0,0,NOT_ATTEMPTED,0,0,0,0,-1,-1,-1,-1,-1,0,0,0,0,0,0,0,0,0,0,0,0,0,,,,,,,,,,,,,0,0,0,0,0,0,0,0,0,0,0,0,0,0,0,0,0,0,0,BOTTLENECK_TARGET_FRONTIER_CONTINUITY_V2,0,0,0,0,0,0,0,0,0,0,0,0,0,0,0,0,0,0.039295,0,0,0,0,0,0,39.3218,23.7747,3,3,2,16,27,10.7649,3888,0,0,9,TASKBR_VACANCY_V1,2.96397,2,16,12,16,0,11,1.01831,0.032161,0,12,0,35,35,0,11,11,"1,1,3,1,3,2,1,1,1,1,1",4,0,11,136.771,48,0,7.36842,0.750316,37,188000000,0,209,1,SOLVED,212,212.383,43218d320da02f7b010afdc422414b7f2361b54d5647f2d86688a2a22972e946,0.223,ok,
g4_dhigh_abaseline_plocal_gsingleton_seed0,warehouse_random_factorial,carrier_brd,1,43,208.0,208000000,78,82,42,6,0.2267,262,43,208,208000000,43,208,208000000,0,0,0,0,0,0,0,0,NOT_ATTEMPTED,0,0,0,0,-1,-1,-1,-1,-1,0,0,0,0,0,0,0,0,0,0,0,0,0,,,,,,,,,,,,,0,0,0,0,0,0,0,0,0,0,0,0,0,0,0,0,0,0,0,BOTTLENECK_TARGET_FRONTIER_CONTINUITY_V2,0,0,0,0,0,0,0,0,0,0,0,0,0,0,0,0,0,0.055425,0,0,0,0,0,0,23.2731,25.0702,5,5,4,21,15,7.28651,2160,3,6,22,TASKBR_VACANCY_V1,3.37342,4,21,12,18,3,16,0.871365,0.0276,0,12,0,38,38,0,16,16,"1,1,2,2,1,1,1,2,1,2,1,1,2,1,1,1",7,1,16,199.744,59,0,10.5035,0.913049,43,208000000,0,259,1,SOLVED,262,262.65,cc97c9d9444bafc8f4005ac6cbc61465674eb82a8c5fbe2c07b83ed8dd41094a,0.274,ok,
g4_dhigh_abaseline_pmixed_gshared_pool_seed0,warehouse_random_factorial,carrier_brd,1,30,182.0,182000000,60,86,36,6,0.25,178,30,182,182000000,30,182,182000000,0,0,0,0,0,0,0,0,NOT_ATTEMPTED,2,0,0,0,-1,-1,-1,-1,-1,0,0,0,0,0,0,0,0,0,0,0,0,0,,,,,,,,,,,,,0,0,0,0,0,0,0,0,0,0,0,0,0,0,0,0,0,0,0,BOTTLENECK_TARGET_FRONTIER_CONTINUITY_V2,0,0,0,0,0,0,0,0,0,0,0,0,0,0,0,0,0,0.035106,0,0,0,0,0,0,41.8734,24.0436,3,3,2,18,38,14.5018,5472,0,0,43,TASKBR_VACANCY_V1,3.07358,2,18,12,18,0,8,0.855492,0.026372,0,12,0,29,29,0,8,8,"2,2,1,2,2,2,1,6",5,1,8,100.838,38,0,5.27005,0.609121,30,182000000,0,175,1,SOLVED,178,178.09,2f711a548f6c600fc73d790ab0f9ef4ea433fe71251dfb7bd532fb56c576f05c,0.189,ok,
g4_dhigh_abaseline_pmixed_gsingleton_seed0,warehouse_random_factorial,carrier_brd,0,,,,,,,,,,,,,,,,,,,,,,,,,,,,,,,,,,,,,,,,,,,,,,,,,,,,,,,,,,,,,,,,,,,,,,,,,,,,,,,,,,,,,,,,,,,,,,,,,,,,,,,21.8477,24.4715,3,3,2,18,9,4.12256,1296,0,0,68,TASKBR_VACANCY_V1,3.06288,2,18,12,18,0,9,0.918833,0.026847,0,12,0,26,26,0,9,8,"1,1,1,1,1,1,1,2",7,3,9,8501.47,1481,1,10.8571,0,37,-1,0,-1,0,SEGMENT_TIMEOUT,,,,8.613,timeout,d_raw_ticks=37 brd_raw_work_scaled=-1 brd_goal_prefix_removed=0 brd_incidental_goal_prefix_ms=-1 brd_raw_plan_valid=0 brd_exit_reason=SEGMENT_TIMEOUT
g4_dhigh_aequal_pcross_heavy_gshared_pool_seed0,warehouse_random_factorial,carrier_brd,1,37,192.0,192000000,68,87,36,5,0.1532,202,37,192,192000000,37,192,192000000,0,0,0,0,0,0,0,0,NOT_ATTEMPTED,0,0,0,0,-1,-1,-1,-1,-1,0,0,0,0,0,0,0,0,0,0,0,0,0,,,,,,,,,,,,,0,0,0,0,0,0,0,0,0,0,0,0,0,0,0,0,0,0,0,BOTTLENECK_TARGET_FRONTIER_CONTINUITY_V2,0,0,0,0,0,0,0,0,0,0,0,0,0,0,0,0,0,0.040553,0,0,0,0,0,0,42.2723,23.5484,4,4,3,18,40,15.8196,5760,1,1,3,TASKBR_VACANCY_V1,3.10632,3,18,12,17,1,10,0.819991,0.021079,0,12,0,30,30,0,10,10,"2,2,2,1,2,2,1,4,1,1",5,0,10,124.32,47,0,6.46328,0.727306,37,192000000,0,199,1,SOLVED,202,202.373,7d84ab62a09929ee1c6d76b5cd0e3cddc8683136ba53aac905fc79806c502835,0.213,ok,
g4_dhigh_aequal_pcross_heavy_gsingleton_seed0,warehouse_random_factorial,carrier_brd,0,,,,,,,,,,,,,,,,,,,,,,,,,,,,,,,,,,,,,,,,,,,,,,,,,,,,,,,,,,,,,,,,,,,,,,,,,,,,,,,,,,,,,,,,,,,,,,,,,,,,,,,22.7893,24.2786,3,3,2,18,11,4.85032,1584,0,0,20,TASKBR_VACANCY_V1,3.14955,2,18,12,18,0,9,0.650541,0.019053,0,12,0,22,22,0,9,8,"1,1,1,1,2,1,1,1",9,0,9,8460.66,430,1,7.57167,0,25,-1,0,-1,0,SEGMENT_TIMEOUT,,,,8.537,timeout,d_raw_ticks=25 brd_raw_work_scaled=-1 brd_goal_prefix_removed=0 brd_incidental_goal_prefix_ms=-1 brd_raw_plan_valid=0 brd_exit_reason=SEGMENT_TIMEOUT
g4_dhigh_aequal_plocal_gshared_pool_seed0,warehouse_random_factorial,carrier_brd,1,22,183.0,183000000,55,96,32,4,0.2083,186,22,183,183000000,22,183,183000000,0,0,0,0,0,0,0,0,NOT_ATTEMPTED,0,0,0,0,-1,-1,-1,-1,-1,0,0,0,0,0,0,0,0,0,0,0,0,0,,,,,,,,,,,,,0,0,0,0,0,0,0,0,0,0,0,0,0,0,0,0,0,0,0,BOTTLENECK_TARGET_FRONTIER_CONTINUITY_V2,0,0,0,0,0,0,0,0,0,0,0,0,0,0,0,0,0,0.033064,0,0,0,0,0,0,48.2742,29.8628,3,3,2,16,27,13.9605,3888,0,0,9,TASKBR_VACANCY_V1,2.90931,2,16,12,16,0,8,0.685287,0.020695,0,12,0,30,30,0,8,8,"2,1,2,1,2,2,2,4",5,0,8,98.5915,30,0,5.11965,0.464894,22,183000000,0,184,1,SOLVED,186,186.255,6057e723aff5447beabdbc6f6fa24e12fc704ea1d6f0877f4657197a04c7e5c4,0.197,ok,
g4_dhigh_aequal_plocal_gsingleton_seed0,warehouse_random_factorial,carrier_brd,1,33,195.0,195000000,78,69,42,6,0.197,246,33,195,195000000,33,195,195000000,0,0,0,0,0,0,0,0,NOT_ATTEMPTED,0,0,0,0,-1,-1,-1,-1,-1,0,0,0,0,0,0,0,0,0,0,0,0,0,,,,,,,,,,,,,0,0,0,0,0,0,0,0,0,0,0,0,0,0,0,0,0,0,0,BOTTLENECK_TARGET_FRONTIER_CONTINUITY_V2,0,0,0,0,0,0,0,0,0,0,0,0,0,0,0,0,0,0.051202,0,0,0,0,0,0,23.3973,24.9682,5,5,4,21,15,7.17864,2160,3,6,22,TASKBR_VACANCY_V1,3.33864,4,21,12,18,3,15,0.683111,0.020616,0,12,0,28,28,0,15,15,"1,1,2,1,1,1,2,2,1,4,1,1,1,1,1",9,0,15,185.523,48,0,10.4175,0.856068,33,195000000,0,243,1,SOLVED,246,246.544,9e2e026a4bc47e65659f0c60beadfdc904ab7143b4962c769282030851e47118,0.258,ok,
g4_dhigh_aequal_pmixed_gshared_pool_seed0,warehouse_random_factorial,carrier_brd,1,26,208.0,208000000,60,112,36,6,0.1923,213,26,208,208000000,26,208,208000000,0,0,0,0,0,0,0,0,NOT_ATTEMPTED,4,0,0,0,-1,-1,-1,-1,-1,0,0,0,0,0,0,0,0,0,0,0,0,0,,,,,,,,,,,,,0,0,0,0,0,0,0,0,0,0,0,0,0,0,0,0,0,0,0,BOTTLENECK_TARGET_FRONTIER_CONTINUITY_V2,0,0,0,0,0,0,0,0,0,0,0,0,0,0,0,0,0,0.041214,0,0,0,0,0,0,41.7972,24.3434,3,3,2,18,38,14.3961,5472,0,0,43,TASKBR_VACANCY_V1,3.14304,2,18,12,18,0,11,0.855762,0.023496,0,12,0,35,35,0,11,11,"2,2,1,1,1,1,1,1,1,1,6",5,0,11,136.296,37,0,7.54708,0.548078,26,208000000,0,211,1,SOLVED,213,213.48,4d139d6e78b5f2601e2e3e32c05fd06b08a4faf5fa82b73108e2e4e2ece89201,0.224,ok,
g4_dhigh_aequal_pmixed_gsingleton_seed0,warehouse_random_factorial,carrier_brd,0,,,,,,,,,,,,,,,,,,,,,,,,,,,,,,,,,,,,,,,,,,,,,,,,,,,,,,,,,,,,,,,,,,,,,,,,,,,,,,,,,,,,,,,,,,,,,,,,,,,,,,,21.5225,24.4304,3,3,2,18,9,4.01794,1296,0,0,68,TASKBR_VACANCY_V1,3.22304,2,18,12,18,0,6,0.647017,0.020764,0,12,0,25,25,0,6,5,"1,1,1,2,2",8,0,6,8550.53,133,1,4.8873,0,22,-1,0,-1,0,SEGMENT_TIMEOUT,,,,8.736,timeout,d_raw_ticks=22 brd_raw_work_scaled=-1 brd_goal_prefix_removed=0 brd_incidental_goal_prefix_ms=-1 brd_raw_plan_valid=0 brd_exit_reason=SEGMENT_TIMEOUT
g4_dhigh_ascarce_pcross_heavy_gshared_pool_seed0,warehouse_random_factorial,carrier_brd,1,49,213.0,213000000,68,108,36,5,0.2313,243,49,213,213000000,49,213,213000000,0,0,0,0,0,0,0,0,NOT_ATTEMPTED,0,0,0,0,-1,-1,-1,-1,-1,0,0,0,0,0,0,0,0,0,0,0,0,0,,,,,,,,,,,,,0,0,0,0,0,0,0,0,0,0,0,0,0,0,0,0,0,0,0,BOTTLENECK_TARGET_FRONTIER_CONTINUITY_V2,0,0,0,0,0,0,0,0,0,0,0,0,0,0,0,0,0,0.051291,0,0,0,0,0,0,42.2739,23.8524,4,4,3,18,40,16.0364,5760,1,1,3,TASKBR_VACANCY_V1,3.14664,3,18,12,17,1,13,1.21994,0.029912,0,12,0,38,38,0,13,13,"1,2,1,2,1,1,2,2,2,1,1,1,1",4,3,13,162.174,62,0,8.79844,1.04687,49,213000000,0,239,1,SOLVED,243,243.07,9d4fafe26fca9d22ad98afec05b6c9a41d515c7bef09fdd8fd437f9a2e15522d,0.254,ok,
g4_dhigh_ascarce_pcross_heavy_gsingleton_seed0,warehouse_random_factorial,carrier_brd,0,,,,,,,,,,,,,,,,,,,,,,,,,,,,,,,,,,,,,,,,,,,,,,,,,,,,,,,,,,,,,,,,,,,,,,,,,,,,,,,,,,,,,,,,,,,,,,,,,,,,,,,22.1863,23.7866,3,3,2,18,11,4.67458,1584,0,0,20,TASKBR_VACANCY_V1,3.22628,2,18,12,18,0,9,1.06229,0.019326,0,12,0,16,16,0,9,8,"1,1,1,1,1,1,1,1",5,2,9,8464.2,221,1,7.01014,0,78,-1,0,-1,0,SEGMENT_TIMEOUT,,,,8.554,timeout,d_raw_ticks=78 brd_raw_work_scaled=-1 brd_goal_prefix_removed=0 brd_incidental_goal_prefix_ms=-1 brd_raw_plan_valid=0 brd_exit_reason=SEGMENT_TIMEOUT
g4_dhigh_ascarce_plocal_gshared_pool_seed0,warehouse_random_factorial,carrier_brd,1,42,204.0,204000000,55,117,32,4,0.2183,248,42,204,204000000,42,204,204000000,0,0,0,0,0,0,0,0,NOT_ATTEMPTED,1,0,0,0,-1,-1,-1,-1,-1,0,0,0,0,0,0,0,0,0,0,0,0,0,,,,,,,,,,,,,0,0,0,0,0,0,0,0,0,0,0,0,0,0,0,0,0,0,0,BOTTLENECK_TARGET_FRONTIER_CONTINUITY_V2,0,0,0,0,0,0,0,0,0,0,0,0,0,0,0,0,0,0.048312,0,0,0,0,0,0,38.5989,23.4104,3,3,2,16,27,10.6259,3888,0,0,9,TASKBR_VACANCY_V1,2.81645,2,16,12,16,0,14,1.03894,0.036078,0,12,0,41,41,0,14,14,"1,1,1,1,1,2,1,1,1,1,1,1,1,2",4,5,14,173.294,56,0,9.5292,0.840503,42,204000000,0,245,1,SOLVED,248,248.342,67ee5e5f0c260a7023255ab0c1d527c5eb79af39649aefbe08b250a15933d87b,0.259,ok,
g4_dhigh_ascarce_plocal_gsingleton_seed0,warehouse_random_factorial,carrier_brd,1,54,243.0,243000000,78,117,42,6,0.2407,292,54,243,243000000,54,243,243000000,0,0,0,0,0,0,0,0,NOT_ATTEMPTED,3,0,0,0,-1,-1,-1,-1,-1,0,0,0,0,0,0,0,0,0,0,0,0,0,,,,,,,,,,,,,0,0,0,0,0,0,0,0,0,0,0,0,0,0,0,0,0,0,0,BOTTLENECK_TARGET_FRONTIER_CONTINUITY_V2,0,0,0,0,0,0,0,0,0,0,0,0,0,0,0,0,0,0.061333,0,0,0,0,0,0,23.5285,25.6257,5,5,4,21,15,7.14232,2160,3,6,22,TASKBR_VACANCY_V1,3.57859,4,21,12,18,3,18,1.16213,0.034431,0,12,0,47,47,0,18,18,"1,1,1,2,1,1,1,2,1,1,1,1,2,1,1,1,1,1",4,5,18,226.83,72,0,11.842,1.06419,54,243000000,0,288,1,SOLVED,292,292.74,828290388074947f1d97d202ed9cab5b730d0547c70b951d01b3c3b965f31f87,0.304,ok,
g4_dhigh_ascarce_pmixed_gshared_pool_seed0,warehouse_random_factorial,carrier_brd,1,44,229.0,229000000,60,133,36,6,0.2273,244,44,229,229000000,44,229,229000000,0,0,0,0,0,0,0,0,NOT_ATTEMPTED,4,0,0,0,-1,-1,-1,-1,-1,0,0,0,0,0,0,0,0,0,0,0,0,0,,,,,,,,,,,,,0,0,0,0,0,0,0,0,0,0,0,0,0,0,0,0,0,0,0,BOTTLENECK_TARGET_FRONTIER_CONTINUITY_V2,0,0,0,0,0,0,0,0,0,0,0,0,0,0,0,0,0,0.048105,0,0,0,0,0,0,42.3275,24.4039,3,3,2,18,38,14.7484,5472,0,0,43,TASKBR_VACANCY_V1,3.42947,2,18,12,18,0,13,1.18283,0.030814,0,12,0,38,38,0,13,13,"1,1,1,2,1,1,2,2,1,1,1,1,3",4,3,13,164.086,57,0,9.11796,0.839725,44,229000000,0,241,1,SOLVED,244,245.014,cf61ce90794220b19113f6955a5a17e4d453b60a5f4be703100ba3e15c11fad4,0.256,ok,
g4_dhigh_ascarce_pmixed_gsingleton_seed0,warehouse_random_factorial,carrier_brd,1,57,282.0,282000000,108,138,36,6,0.3158,263,57,282,282000000,57,282,282000000,0,0,0,0,0,0,0,0,NOT_ATTEMPTED,1,0,0,0,-1,-1,-1,-1,-1,0,0,0,0,0,0,0,0,0,0,0,0,0,,,,,,,,,,,,,0,0,0,0,0,0,0,0,0,0,0,0,0,0,0,0,0,0,0,BOTTLENECK_TARGET_FRONTIER_CONTINUITY_V2,0,0,0,0,0,0,0,0,0,0,0,0,0,0,0,0,0,0.063074,0,0,0,0,0,0,21.497,24.2409,3,3,2,18,9,3.9207,1296,0,0,68,TASKBR_VACANCY_V1,3.2162,2,18,12,18,0,16,1.47583,0.04936,0,12,0,42,42,0,16,16,"1,1,1,2,1,2,1,1,1,1,1,1,1,1,1,1",5,3,16,200.852,73,0,10.7722,1.05764,57,282000000,0,258,1,SOLVED,263,263.044,e4998764fe7eb6b6d1c46e3d95f26f089a5f4f5942fd0bd9e30a48199d66570a,0.274,ok,
g4_dhigh_asurplus_pcross_heavy_gshared_pool_seed0,warehouse_random_factorial,carrier_brd,1,35,174.0,174000000,68,69,36,5,0.1079,216,35,174,174000000,35,174,174000000,0,0,0,0,0,0,0,0,NOT_ATTEMPTED,0,0,0,0,-1,-1,-1,-1,-1,0,0,0,0,0,0,0,0,0,0,0,0,0,,,,,,,,,,,,,0,0,0,0,0,0,0,0,0,0,0,0,0,0,0,0,0,0,0,BOTTLENECK_TARGET_FRONTIER_CONTINUITY_V2,0,0,0,0,0,0,0,0,0,0,0,0,0,0,0,0,0,0.043496,0,0,0,0,0,0,42.6486,23.7748,4,4,3,18,40,15.9517,5760,1,1,3,TASKBR_VACANCY_V1,3.08832,3,18,12,17,1,11,1.46802,0.022783,0,12,0,34,34,0,11,11,"1,2,1,1,3,1,1,2,4,1,1",6,0,11,136.968,46,0,7.53003,0.766931,35,174000000,0,213,1,SOLVED,216,216.362,e32c2c2106f9aa858da0192ad7b1f4bfa4a9737d65f7af3ad7c0a4c51c913ead,0.228,ok,
g4_dhigh_asurplus_pcross_heavy_gsingleton_seed0,warehouse_random_factorial,carrier_brd,0,,,,,,,,,,,,,,,,,,,,,,,,,,,,,,,,,,,,,,,,,,,,,,,,,,,,,,,,,,,,,,,,,,,,,,,,,,,,,,,,,,,,,,,,,,,,,,,,,,,,,,,32.5589,33.6621,3,3,2,18,11,6.30234,1584,0,0,20,TASKBR_VACANCY_V1,3.14361,2,18,12,18,0,7,0.671075,0.014163,0,12,0,13,13,0,7,6,"1,1,2,1,1,1",10,0,7,8476.23,73,1,5.46968,0,22,-1,0,-1,0,SEGMENT_TIMEOUT,,,,8.618,timeout,d_raw_ticks=22 brd_raw_work_scaled=-1 brd_goal_prefix_removed=0 brd_incidental_goal_prefix_ms=-1 brd_raw_plan_valid=0 brd_exit_reason=SEGMENT_TIMEOUT
g4_dhigh_asurplus_plocal_gshared_pool_seed0,warehouse_random_factorial,carrier_brd,1,22,151.0,151000000,55,64,32,4,0.1389,195,22,151,151000000,22,151,151000000,0,0,0,0,0,0,0,0,NOT_ATTEMPTED,0,0,0,0,-1,-1,-1,-1,-1,0,0,0,0,0,0,0,0,0,0,0,0,0,,,,,,,,,,,,,0,0,0,0,0,0,0,0,0,0,0,0,0,0,0,0,0,0,0,BOTTLENECK_TARGET_FRONTIER_CONTINUITY_V2,0,0,0,0,0,0,0,0,0,0,0,0,0,0,0,0,0,0.03475,0,0,0,0,0,0,38.6662,23.3517,3,3,2,16,27,10.8441,3888,0,0,9,TASKBR_VACANCY_V1,2.8672,2,16,12,16,0,10,1.07073,0.019891,0,12,0,27,27,0,10,10,"1,3,1,1,1,1,2,1,1,4",6,0,10,123.325,32,0,6.65209,0.475773,22,151000000,0,193,1,SOLVED,195,195.58,07a33f0815019cd35c2fb5ff241e47ac8638ec80577bbaa0081e02f6ab13cb5d,0.206,ok,
g4_dhigh_asurplus_plocal_gsingleton_seed0,warehouse_random_factorial,carrier_brd,1,32,175.0,175000000,78,49,42,6,0.1354,247,32,175,175000000,32,175,175000000,0,0,0,0,0,0,0,0,NOT_ATTEMPTED,0,0,0,0,-1,-1,-1,-1,-1,0,0,0,0,0,0,0,0,0,0,0,0,0,,,,,,,,,,,,,0,0,0,0,0,0,0,0,0,0,0,0,0,0,0,0,0,0,0,BOTTLENECK_TARGET_FRONTIER_CONTINUITY_V2,0,0,0,0,0,0,0,0,0,0,0,0,0,0,0,0,0,0.049498,0,0,0,0,0,0,23.4472,25.606,5,5,4,21,15,7.47328,2160,3,6,22,TASKBR_VACANCY_V1,3.3041,4,21,12,18,3,15,1.05928,0.018423,0,12,0,24,24,0,15,15,"1,1,1,2,1,1,3,1,1,4,1,1,1,1,1",10,0,15,185.475,47,0,10.022,0.747222,32,175000000,0,244,1,SOLVED,247,247.31,6f1260165d0fc39d0c955a209043153854e640faabd6e13422c76009573c688c,0.258,ok,
g4_dhigh_asurplus_pmixed_gshared_pool_seed0,warehouse_random_factorial,carrier_brd,1,22,151.0,151000000,60,55,36,6,0.1515,176,22,151,151000000,22,151,151000000,0,0,0,0,0,0,0,0,NOT_ATTEMPTED,0,0,0,0,-1,-1,-1,-1,-1,0,0,0,0,0,0,0,0,0,0,0,0,0,,,,,,,,,,,,,0,0,0,0,0,0,0,0,0,0,0,0,0,0,0,0,0,0,0,BOTTLENECK_TARGET_FRONTIER_CONTINUITY_V2,0,0,0,0,0,0,0,0,0,0,0,0,0,0,0,0,0,0.03308,0,0,0,0,0,0,42.0844,24.3333,3,3,2,18,38,14.5084,5472,0,0,43,TASKBR_VACANCY_V1,3.21492,2,18,12,18,0,8,1.02492,0.022955,0,12,0,25,25,0,8,8,"2,1,2,2,1,2,2,6",7,0,8,99.4315,30,0,5.48147,0.492903,22,151000000,0,174,1,SOLVED,176,176.149,0da03391c5f8a19b52ea9facb352c82ec2af76c552294e8806b4f36fa3221fa4,0.188,ok,
g4_dhigh_asurplus_pmixed_gsingleton_seed0,warehouse_random_factorial,carrier_brd,0,,,,,,,,,,,,,,,,,,,,,,,,,,,,,,,,,,,,,,,,,,,,,,,,,,,,,,,,,,,,,,,,,,,,,,,,,,,,,,,,,,,,,,,,,,,,,,,,,,,,,,,21.8355,24.8309,3,3,2,18,9,4.15552,1296,0,0,68,TASKBR_VACANCY_V1,3.45003,2,18,12,18,0,8,0.673502,0.014913,0,12,0,16,16,0,8,7,"1,1,1,1,1,2,2",10,0,8,8493.13,1429,1,9.61289,0,20,-1,0,-1,0,SEGMENT_TIMEOUT,,,,8.594,timeout,d_raw_ticks=20 brd_raw_work_scaled=-1 brd_goal_prefix_removed=0 brd_incidental_goal_prefix_ms=-1 brd_raw_plan_valid=0 brd_exit_reason=SEGMENT_TIMEOUT
g4_dlow_abaseline_pcross_heavy_gshared_pool_seed0,warehouse_random_factorial,carrier_brd,1,37,208.0,208000000,63,109,36,6,0.2128,213,37,208,208000000,37,208,208000000,0,0,0,0,0,0,0,0,NOT_ATTEMPTED,0,0,0,0,-1,-1,-1,-1,-1,0,0,0,0,0,0,0,0,0,0,0,0,0,,,,,,,,,,,,,0,0,0,0,0,0,0,0,0,0,0,0,0,0,0,0,0,0,0,BOTTLENECK_TARGET_FRONTIER_CONTINUITY_V2,0,0,0,0,0,0,0,0,0,0,0,0,0,0,0,0,0,0.041457,0,0,0,0,0,0,36.2416,22.0292,3,3,2,18,30,10.8182,4320,0,0,0,TASKBR_VACANCY_V1,3.09932,2,18,12,18,0,12,1.10893,0.028931,0,12,0,41,41,0,12,12,"2,2,1,1,1,1,1,1,2,4,1,1",4,1,12,147.678,49,0,7.6493,0.192582,37,208000000,0,212,1,SOLVED,213,213.654,0ac352d012dc1057d3049e18ec8fa04ac5a47dc99cd3ba9fb5a95de5b038be92,0.224,ok,
g4_dlow_abaseline_pcross_heavy_gsingleton_seed0,warehouse_random_factorial,carrier_brd,0,,,,,,,,,,,,,,,,,,,,,,,,,,,,,,,,,,,,,,,,,,,,,,,,,,,,,,,,,,,,,,,,,,,,,,,,,,,,,,,,,,,,,,,,,,,,,,,,,,,,,,,22.0614,22.0084,3,3,2,18,11,4.5253,1584,0,0,0,TASKBR_VACANCY_V1,3.15915,2,18,12,18,0,7,0.887525,0.019361,0,12,0,15,15,0,7,6,"1,1,1,1,1,1",7,1,7,8516.72,75,1,5.23815,0,58,-1,0,-1,0,SEGMENT_TIMEOUT,,,,8.661,timeout,d_raw_ticks=58 brd_raw_work_scaled=-1 brd_goal_prefix_removed=0 brd_incidental_goal_prefix_ms=-1 brd_raw_plan_valid=0 brd_exit_reason=SEGMENT_TIMEOUT
g4_dlow_abaseline_plocal_gshared_pool_seed0,warehouse_random_factorial,carrier_brd,1,34,188.0,188000000,51,103,34,5,0.1875,211,34,188,188000000,34,188,188000000,0,0,0,0,0,0,0,0,NOT_ATTEMPTED,2,0,0,0,-1,-1,-1,-1,-1,0,0,0,0,0,0,0,0,0,0,0,0,0,,,,,,,,,,,,,0,0,0,0,0,0,0,0,0,0,0,0,0,0,0,0,0,0,0,BOTTLENECK_TARGET_FRONTIER_CONTINUITY_V2,0,0,0,0,0,0,0,0,0,0,0,0,0,0,0,0,0,0.038542,0,0,0,0,0,0,35.207,21.482,3,3,2,17,21,7.90656,3024,0,0,4,TASKBR_VACANCY_V1,2.90658,2,17,12,17,0,12,1.10684,0.036488,0,12,0,47,47,0,12,12,"1,2,1,1,1,1,1,2,2,2,2,1",4,3,12,147.418,46,0,7.6691,0.179783,34,188000000,0,210,1,SOLVED,211,211.663,c104177db5c91f77f2c97f3bf6aff449f24738d17c4629e713eb199bea0e48d3,0.221,ok,
g4_dlow_abaseline_plocal_gsingleton_seed0,warehouse_random_factorial,carrier_brd,1,33,182.0,182000000,72,74,36,6,0.2727,196,33,182,182000000,33,182,182000000,0,0,0,0,0,0,0,0,NOT_ATTEMPTED,0,0,0,0,-1,-1,-1,-1,-1,0,0,0,0,0,0,0,0,0,0,0,0,0,,,,,,,,,,,,,0,0,0,0,0,0,0,0,0,0,0,0,0,0,0,0,0,0,0,BOTTLENECK_TARGET_FRONTIER_CONTINUITY_V2,0,0,0,0,0,0,0,0,0,0,0,0,0,0,0,0,0,0.039698,0,0,0,0,0,0,21.4286,21.3683,3,3,2,18,9,3.63984,1296,0,0,19,TASKBR_VACANCY_V1,2.57868,2,18,12,18,0,12,0.856722,0.027138,0,12,0,33,33,0,12,12,"1,1,2,2,1,1,1,2,1,4,1,1",7,1,12,147.111,45,0,8.16348,0.195997,33,182000000,0,195,1,SOLVED,196,196.678,370373d665275819362d30a5592ad8b4b25a7f4cbae42861c64a8e3cbe6a7f57,0.206,ok,
g4_dlow_abaseline_pmixed_gshared_pool_seed0,warehouse_random_factorial,carrier_brd,1,36,199.0,199000000,57,104,38,7,0.1979,215,36,199,199000000,36,199,199000000,0,0,0,0,0,0,0,0,NOT_ATTEMPTED,6,0,0,0,-1,-1,-1,-1,-1,0,0,0,0,0,0,0,0,0,0,0,0,0,,,,,,,,,,,,,0,0,0,0,0,0,0,0,0,0,0,0,0,0,0,0,0,0,0,BOTTLENECK_TARGET_FRONTIER_CONTINUITY_V2,0,0,0,0,0,0,0,0,0,0,0,0,0,0,0,0,0,0.040764,0,0,0,0,0,0,36.9226,21.8226,4,4,3,19,30,11.1017,4320,0,0,0,TASKBR_VACANCY_V1,2.97309,3,19,12,19,0,12,1.04813,0.03542,0,12,0,42,42,0,12,12,"2,1,2,1,1,1,1,1,2,5,1,1",4,3,12,148.684,48,0,7.99429,0.195294,36,199000000,0,214,1,SOLVED,215,215.313,f8c9a8be7a13f281ae9d051526fd44d3300d36c27147b7f0cf8f8bcd571aa3c6,0.225,ok,
g4_dlow_abaseline_pmixed_gsingleton_seed0,warehouse_random_factorial,carrier_brd,0,,,,,,,,,,,,,,,,,,,,,,,,,,,,,,,,,,,,,,,,,,,,,,,,,,,,,,,,,,,,,,,,,,,,,,,,,,,,,,,,,,,,,,,,,,,,,,,,,,,,,,,21.3008,21.6267,3,3,2,18,9,3.74305,1296,0,0,0,TASKBR_VACANCY_V1,3.0817,2,18,12,18,0,7,0.837018,0.024923,0,12,0,19,19,0,7,6,"1,1,1,1,1,1",7,0,7,8524.25,66,1,5.22758,0,48,-1,0,-1,0,SEGMENT_TIMEOUT,,,,8.675,timeout,d_raw_ticks=48 brd_raw_work_scaled=-1 brd_goal_prefix_removed=0 brd_incidental_goal_prefix_ms=-1 brd_raw_plan_valid=0 brd_exit_reason=SEGMENT_TIMEOUT
g4_dlow_aequal_pcross_heavy_gshared_pool_seed0,warehouse_random_factorial,carrier_brd,1,24,183.0,183000000,63,84,36,6,0.2188,177,24,183,183000000,24,183,183000000,0,0,0,0,0,0,0,0,NOT_ATTEMPTED,0,0,0,0,-1,-1,-1,-1,-1,0,0,0,0,0,0,0,0,0,0,0,0,0,,,,,,,,,,,,,0,0,0,0,0,0,0,0,0,0,0,0,0,0,0,0,0,0,0,BOTTLENECK_TARGET_FRONTIER_CONTINUITY_V2,0,0,0,0,0,0,0,0,0,0,0,0,0,0,0,0,0,0.036167,0,0,0,0,0,0,36.2759,22.8869,3,3,2,18,30,10.829,4320,0,0,0,TASKBR_VACANCY_V1,3.0455,2,18,12,18,0,9,0.785451,0.021768,0,12,0,32,32,0,9,9,"1,1,1,3,3,1,1,1,6",6,0,9,111.649,33,0,5.76635,0.138927,24,183000000,0,177,1,SOLVED,177,177.65,3fe56c0086984663a56455fd81db0feb18d594061e728b0b5fdb36aaa3c9f2a3,0.187,ok,
g4_dlow_aequal_pcross_heavy_gsingleton_seed0,warehouse_random_factorial,carrier_brd,0,,,,,,,,,,,,,,,,,,,,,,,,,,,,,,,,,,,,,,,,,,,,,,,,,,,,,,,,,,,,,,,,,,,,,,,,,,,,,,,,,,,,,,,,,,,,,,,,,,,,,,,22.1903,21.856,3,3,2,18,11,4.49884,1584,0,0,0,TASKBR_VACANCY_V1,3.16451,2,18,12,18,0,9,0.684729,0.018735,0,12,0,22,22,0,9,8,"1,1,1,1,2,1,1,1",9,0,9,8485.37,1098,1,9.19788,0,25,-1,0,-1,0,SEGMENT_TIMEOUT,,,,8.574,timeout,d_raw_ticks=25 brd_raw_work_scaled=-1 brd_goal_prefix_removed=0 brd_incidental_goal_prefix_ms=-1 brd_raw_plan_valid=0 brd_exit_reason=SEGMENT_TIMEOUT
g4_dlow_aequal_plocal_gshared_pool_seed0,warehouse_random_factorial,carrier_brd,1,26,181.0,181000000,51,96,34,5,0.1635,184,26,181,181000000,26,181,181000000,0,0,0,0,0,0,0,0,NOT_ATTEMPTED,0,0,0,0,-1,-1,-1,-1,-1,0,0,0,0,0,0,0,0,0,0,0,0,0,,,,,,,,,,,,,0,0,0,0,0,0,0,0,0,0,0,0,0,0,0,0,0,0,0,BOTTLENECK_TARGET_FRONTIER_CONTINUITY_V2,0,0,0,0,0,0,0,0,0,0,0,0,0,0,0,0,0,0.03288,0,0,0,0,0,0,35.0421,21.3163,3,3,2,17,21,7.85151,3024,0,0,4,TASKBR_VACANCY_V1,2.64654,2,17,12,17,0,10,0.787903,0.020589,0,12,0,29,29,0,10,10,"2,3,2,1,1,1,1,1,4,1",5,0,10,121.567,36,0,6.49831,0.150032,26,181000000,0,183,1,SOLVED,184,184.564,3f8de2e1c233bf55bff4aee8bb830a564eb55d511fdd901f8b54367e6fa4bf00,0.195,ok,
g4_dlow_aequal_plocal_gsingleton_seed0,warehouse_random_factorial,carrier_brd,1,20,169.0,169000000,72,61,36,6,0.3,170,20,169,169000000,20,169,169000000,0,0,0,0,0,0,0,0,NOT_ATTEMPTED,0,0,0,0,-1,-1,-1,-1,-1,0,0,0,0,0,0,0,0,0,0,0,0,0,,,,,,,,,,,,,0,0,0,0,0,0,0,0,0,0,0,0,0,0,0,0,0,0,0,BOTTLENECK_TARGET_FRONTIER_CONTINUITY_V2,0,0,0,0,0,0,0,0,0,0,0,0,0,0,0,0,0,0.035223,0,0,0,0,0,0,21.0411,21.1461,3,3,2,18,9,3.6336,1296,0,0,19,TASKBR_VACANCY_V1,2.70662,2,18,12,18,0,10,0.590899,0.019098,0,12,0,24,24,0,10,10,"2,1,1,1,1,1,2,2,1,6",8,0,10,122.582,30,0,6.61571,0.142491,20,169000000,0,170,1,SOLVED,170,171.022,cd8b766cdfd452fdd0991cb304608e56b1bd683aab0575a4389e2586aaf9c518,0.181,ok,
g4_dlow_aequal_pmixed_gshared_pool_seed0,warehouse_random_factorial,carrier_brd,1,28,205.0,205000000,57,110,38,7,0.1696,214,28,205,205000000,28,205,205000000,0,0,0,0,0,0,0,0,NOT_ATTEMPTED,4,0,0,0,-1,-1,-1,-1,-1,0,0,0,0,0,0,0,0,0,0,0,0,0,,,,,,,,,,,,,0,0,0,0,0,0,0,0,0,0,0,0,0,0,0,0,0,0,0,BOTTLENECK_TARGET_FRONTIER_CONTINUITY_V2,0,0,0,0,0,0,0,0,0,0,0,0,0,0,0,0,0,0.046422,0,0,0,0,0,0,37.3691,21.9561,4,4,3,19,30,11.3668,4320,0,0,0,TASKBR_VACANCY_V1,2.98833,3,19,12,19,0,12,0.907875,0.024043,0,12,0,36,36,0,12,12,"3,1,1,1,1,1,1,1,1,1,6,1",5,0,12,147.703,40,0,8.0738,0.164031,28,205000000,0,213,1,SOLVED,214,214.419,04fb78b5ff361febdd4b24c5845cdcceed3e600ebbc33c305f8a6aaa35f58170,0.224,ok,
g4_dlow_aequal_pmixed_gsingleton_seed0,warehouse_random_factorial,carrier_brd,0,,,,,,,,,,,,,,,,,,,,,,,,,,,,,,,,,,,,,,,,,,,,,,,,,,,,,,,,,,,,,,,,,,,,,,,,,,,,,,,,,,,,,,,,,,,,,,,,,,,,,,,21.4919,21.7395,3,3,2,18,9,3.75301,1296,0,0,0,TASKBR_VACANCY_V1,3.0549,2,18,12,18,0,6,0.681054,0.021502,0,12,0,25,25,0,6,5,"1,1,1,1,2",8,0,6,8515.58,39,1,4.73648,0,22,-1,0,-1,0,SEGMENT_TIMEOUT,,,,8.657,timeout,d_raw_ticks=22 brd_raw_work_scaled=-1 brd_goal_prefix_removed=0 brd_incidental_goal_prefix_ms=-1 brd_raw_plan_valid=0 brd_exit_reason=SEGMENT_TIMEOUT
g4_dlow_ascarce_pcross_heavy_gshared_pool_seed0,warehouse_random_factorial,carrier_brd,1,51,216.0,216000000,63,117,36,6,0.2059,189,51,216,216000000,51,216,216000000,0,0,0,0,0,0,0,0,NOT_ATTEMPTED,1,0,0,0,-1,-1,-1,-1,-1,0,0,0,0,0,0,0,0,0,0,0,0,0,,,,,,,,,,,,,0,0,0,0,0,0,0,0,0,0,0,0,0,0,0,0,0,0,0,BOTTLENECK_TARGET_FRONTIER_CONTINUITY_V2,0,0,0,0,0,0,0,0,0,0,0,0,0,0,0,0,0,0.04086,0,0,0,0,0,0,36.2474,21.7435,3,3,2,18,30,10.738,4320,0,0,0,TASKBR_VACANCY_V1,3.10933,2,18,12,18,0,10,1.07739,0.029197,0,12,0,36,36,0,10,10,"3,1,1,1,1,1,1,3,5,1",3,2,10,122.95,61,0,6.43127,0.252348,51,216000000,0,188,1,SOLVED,189,189.494,aefc080e66a5a650d085c6ad82069ca8c5ec3f2b6704c61e3c70a91af390c364,0.199,ok,
g4_dlow_ascarce_pcross_heavy_gsingleton_seed0,warehouse_random_factorial,carrier_brd,0,,,,,,,,,,,,,,,,,,,,,,,,,,,,,,,,,,,,,,,,,,,,,,,,,,,,,,,,,,,,,,,,,,,,,,,,,,,,,,,,,,,,,,,,,,,,,,,,,,,,,,,22.0826,22.2024,3,3,2,18,11,4.52026,1584,0,0,0,TASKBR_VACANCY_V1,3.02565,2,18,12,18,0,9,1.05556,0.018951,0,12,0,16,16,0,9,8,"1,1,1,1,1,1,1,1",5,2,9,8495.01,366,1,7.12666,0,78,-1,0,-1,0,SEGMENT_TIMEOUT,,,,8.604,timeout,d_raw_ticks=78 brd_raw_work_scaled=-1 brd_goal_prefix_removed=0 brd_incidental_goal_prefix_ms=-1 brd_raw_plan_valid=0 brd_exit_reason=SEGMENT_TIMEOUT
g4_dlow_ascarce_plocal_gshared_pool_seed0,warehouse_random_factorial,carrier_brd,1,45,222.0,222000000,51,137,34,5,0.1889,259,45,222,222000000,45,222,222000000,0,0,0,0,0,0,0,0,NOT_ATTEMPTED,7,0,0,0,-1,-1,-1,-1,-1,0,0,0,0,0,0,0,0,0,0,0,0,0,,,,,,,,,,,,,0,0,0,0,0,0,0,0,0,0,0,0,0,0,0,0,0,0,0,BOTTLENECK_TARGET_FRONTIER_CONTINUITY_V2,0,0,0,0,0,0,0,0,0,0,0,0,0,0,0,0,0,0.056712,0,0,0,0,0,0,35.3248,21.254,3,3,2,17,21,7.75977,3024,0,0,4,TASKBR_VACANCY_V1,2.72095,2,17,12,17,0,16,1.34857,0.040939,0,12,0,51,51,0,16,16,"1,1,1,1,1,1,1,1,1,2,1,1,1,1,1,1",3,11,16,194.542,61,0,10.8179,0.213775,45,222000000,0,258,1,SOLVED,259,259.168,52ad7207cc19015c44025c3ef255173e16ffb02a6b55102a8f888b9bd3970573,0.269,ok,
g4_dlow_ascarce_plocal_gsingleton_seed0,warehouse_random_factorial,carrier_brd,1,45,221.0,221000000,72,113,36,6,0.2667,220,45,221,221000000,45,221,221000000,0,0,0,0,0,0,0,0,NOT_ATTEMPTED,4,0,0,0,-1,-1,-1,-1,-1,0,0,0,0,0,0,0,0,0,0,0,0,0,,,,,,,,,,,,,0,0,0,0,0,0,0,0,0,0,0,0,0,0,0,0,0,0,0,BOTTLENECK_TARGET_FRONTIER_CONTINUITY_V2,0,0,0,0,0,0,0,0,0,0,0,0,0,0,0,0,0,0.046869,0,0,0,0,0,0,21.1812,21.1045,3,3,2,18,9,3.62222,1296,0,0,19,TASKBR_VACANCY_V1,2.73887,2,18,12,18,0,14,1.12132,0.03286,0,12,0,41,41,0,14,14,"1,1,1,2,1,1,1,1,2,1,3,1,1,1",4,6,14,171.019,59,0,9.7651,0.222115,45,221000000,0,219,1,SOLVED,220,220.907,0bf6e92ac13796e82f85d617be674df144ba9fabf8b50f68986c8792e21d257b,0.231,ok,
g4_dlow_ascarce_pmixed_gshared_pool_seed0,warehouse_random_factorial,carrier_brd,1,46,204.0,204000000,57,109,38,7,0.2065,263,46,204,204000000,46,204,204000000,0,0,0,0,0,0,0,0,NOT_ATTEMPTED,5,0,0,0,-1,-1,-1,-1,-1,0,0,0,0,0,0,0,0,0,0,0,0,0,,,,,,,,,,,,,0,0,0,0,0,0,0,0,0,0,0,0,0,0,0,0,0,0,0,BOTTLENECK_TARGET_FRONTIER_CONTINUITY_V2,0,0,0,0,0,0,0,0,0,0,0,0,0,0,0,0,0,0.048571,0,0,0,0,0,0,36.7875,21.8148,4,4,3,19,30,11.2651,4320,0,0,0,TASKBR_VACANCY_V1,2.9483,3,19,12,19,0,16,1.15737,0.036095,0,12,0,43,43,0,16,16,"1,1,1,1,1,1,1,1,1,1,1,1,4,1,1,1",4,4,16,196.304,62,0,10.6814,0.221817,46,204000000,0,262,1,SOLVED,263,263.254,f48dd3570d7fb2775b9e45615d71ccac08b09598fd5e8bcc39e38aea4208d8aa,0.273,ok,
g4_dlow_ascarce_pmixed_gsingleton_seed0,warehouse_random_factorial,carrier_brd,0,,,,,,,,,,,,,,,,,,,,,,,,,,,,,,,,,,,,,,,,,,,,,,,,,,,,,,,,,,,,,,,,,,,,,,,,,,,,,,,,,,,,,,,,,,,,,,,,,,,,,,,21.3499,22.0495,3,3,2,18,9,3.77719,1296,0,0,0,TASKBR_VACANCY_V1,3.0622,2,18,12,18,0,10,1.10757,0.020908,0,12,0,21,21,0,10,9,"1,1,1,1,1,1,1,1,1",5,1,10,8490.1,1199,1,10.7101,0,56,-1,0,-1,0,SEGMENT_TIMEOUT,,,,8.585,timeout,d_raw_ticks=56 brd_raw_work_scaled=-1 brd_goal_prefix_removed=0 brd_incidental_goal_prefix_ms=-1 brd_raw_plan_valid=0 brd_exit_reason=SEGMENT_TIMEOUT
g4_dlow_asurplus_pcross_heavy_gshared_pool_seed0,warehouse_random_factorial,carrier_brd,1,22,164.0,164000000,63,65,36,6,0.1591,166,22,164,164000000,22,164,164000000,0,0,0,0,0,0,0,0,NOT_ATTEMPTED,0,0,0,0,-1,-1,-1,-1,-1,0,0,0,0,0,0,0,0,0,0,0,0,0,,,,,,,,,,,,,0,0,0,0,0,0,0,0,0,0,0,0,0,0,0,0,0,0,0,BOTTLENECK_TARGET_FRONTIER_CONTINUITY_V2,0,0,0,0,0,0,0,0,0,0,0,0,0,0,0,0,0,0.032451,0,0,0,0,0,0,36.948,21.9752,3,3,2,18,30,10.79,4320,0,0,0,TASKBR_VACANCY_V1,3.0769,2,18,12,18,0,8,1.33276,0.023084,0,12,0,32,32,0,8,8,"1,1,2,4,2,1,1,6",6,0,8,99.5671,30,0,5.45519,0.162091,22,164000000,0,165,1,SOLVED,166,166.4,fbb52d0232538427b5c9ea2f014f906d2064d0aa436992086c43e6a5cadfdac3,0.176,ok,
g4_dlow_asurplus_pcross_heavy_gsingleton_seed0,warehouse_random_factorial,carrier_brd,0,,,,,,,,,,,,,,,,,,,,,,,,,,,,,,,,,,,,,,,,,,,,,,,,,,,,,,,,,,,,,,,,,,,,,,,,,,,,,,,,,,,,,,,,,,,,,,,,,,,,,,,22.1259,21.9107,3,3,2,18,11,4.50898,1584,0,0,0,TASKBR_VACANCY_V1,3.02939,2,18,12,18,0,7,0.989896,0.021363,0,12,0,13,13,0,7,6,"1,1,2,1,1,1",10,0,7,8509.15,89,1,5.23527,0,22,-1,0,-1,0,SEGMENT_TIMEOUT,,,,8.645,timeout,d_raw_ticks=22 brd_raw_work_scaled=-1 brd_goal_prefix_removed=0 brd_incidental_goal_prefix_ms=-1 brd_raw_plan_valid=0 brd_exit_reason=SEGMENT_TIMEOUT
g4_dlow_asurplus_plocal_gshared_pool_seed0,warehouse_random_factorial,carrier_brd,1,24,149.0,149000000,51,64,34,5,0.1181,198,24,149,149000000,24,149,149000000,0,0,0,0,0,0,0,0,NOT_ATTEMPTED,0,0,0,0,-1,-1,-1,-1,-1,0,0,0,0,0,0,0,0,0,0,0,0,0,,,,,,,,,,,,,0,0,0,0,0,0,0,0,0,0,0,0,0,0,0,0,0,0,0,BOTTLENECK_TARGET_FRONTIER_CONTINUITY_V2,0,0,0,0,0,0,0,0,0,0,0,0,0,0,0,0,0,0.03471,0,0,0,0,0,0,35.6212,21.1999,3,3,2,17,21,7.82829,3024,0,0,4,TASKBR_VACANCY_V1,2.73934,2,17,12,17,0,11,1.2622,0.025879,0,12,0,33,33,0,11,11,"1,1,2,1,2,1,1,1,1,1,5",7,0,11,134.156,35,0,7.60916,0.163169,24,149000000,0,197,1,SOLVED,198,198.347,1401e4eb699c25dcd41bc17c137fc65d96ed1d654a70f1a276cbd3be4eec5fbf,0.209,ok,
g4_dlow_asurplus_plocal_gsingleton_seed0,warehouse_random_factorial,carrier_brd,1,19,149.0,149000000,72,41,36,6,0.2105,146,19,149,149000000,19,149,149000000,0,0,0,0,0,0,0,0,NOT_ATTEMPTED,0,0,0,0,-1,-1,-1,-1,-1,0,0,0,0,0,0,0,0,0,0,0,0,0,,,,,,,,,,,,,0,0,0,0,0,0,0,0,0,0,0,0,0,0,0,0,0,0,0,BOTTLENECK_TARGET_FRONTIER_CONTINUITY_V2,0,0,0,0,0,0,0,0,0,0,0,0,0,0,0,0,0,0.029373,0,0,0,0,0,0,21.2462,21.2528,3,3,2,18,9,3.63182,1296,0,0,19,TASKBR_VACANCY_V1,2.63728,2,18,12,18,0,8,0.853164,0.019796,0,12,0,19,19,0,8,8,"2,2,2,1,3,1,1,6",9,0,8,97.8937,27,0,5.57317,0.156186,19,149000000,0,146,1,SOLVED,146,146.689,d120d57327e62a2ad682d5280e9bb5800bf2cbd6dff30d0dbdd7802a7e75f8ce,0.157,ok,
g4_dlow_asurplus_pmixed_gshared_pool_seed0,warehouse_random_factorial,carrier_brd,1,25,150.0,150000000,57,55,38,7,0.1267,189,25,150,150000000,25,150,150000000,0,0,0,0,0,0,0,0,NOT_ATTEMPTED,0,0,0,0,-1,-1,-1,-1,-1,0,0,0,0,0,0,0,0,0,0,0,0,0,,,,,,,,,,,,,0,0,0,0,0,0,0,0,0,0,0,0,0,0,0,0,0,0,0,BOTTLENECK_TARGET_FRONTIER_CONTINUITY_V2,0,0,0,0,0,0,0,0,0,0,0,0,0,0,0,0,0,0.035183,0,0,0,0,0,0,37.3723,22.1062,4,4,3,19,30,11.4159,4320,0,0,0,TASKBR_VACANCY_V1,3.09347,3,19,12,19,0,10,1.08114,0.019836,0,12,0,26,26,0,10,10,"2,1,2,2,1,2,1,1,6,1",7,0,10,122.907,35,0,6.81683,0.189993,25,150000000,0,189,1,SOLVED,189,189.872,1d1d08452f6f71bae26d81c2c93b72bc25d3f2e115b85b2e49530f2d169e7936,0.2,ok,
g4_dlow_asurplus_pmixed_gsingleton_seed0,warehouse_random_factorial,carrier_brd,0,,,,,,,,,,,,,,,,,,,,,,,,,,,,,,,,,,,,,,,,,,,,,,,,,,,,,,,,,,,,,,,,,,,,,,,,,,,,,,,,,,,,,,,,,,,,,,,,,,,,,,,21.4387,21.8896,3,3,2,18,9,3.74735,1296,0,0,0,TASKBR_VACANCY_V1,3.08376,2,18,12,18,0,6,0.585708,0.014556,0,12,0,15,15,0,6,5,"1,1,1,1,2",10,0,6,8498.43,33,1,4.66626,0,20,-1,0,-1,0,SEGMENT_TIMEOUT,,,,8.624,timeout,d_raw_ticks=20 brd_raw_work_scaled=-1 brd_goal_prefix_removed=0 brd_incidental_goal_prefix_ms=-1 brd_raw_plan_valid=0 brd_exit_reason=SEGMENT_TIMEOUT
g4_dmedium_abaseline_pcross_heavy_gshared_pool_seed0,warehouse_random_factorial,carrier_brd,1,40,220.0,220000000,67,119,34,5,0.2094,223,40,220,220000000,40,220,220000000,0,0,0,0,0,0,0,0,NOT_ATTEMPTED,1,0,0,0,-1,-1,-1,-1,-1,0,0,0,0,0,0,0,0,0,0,0,0,0,,,,,,,,,,,,,0,0,0,0,0,0,0,0,0,0,0,0,0,0,0,0,0,0,0,BOTTLENECK_TARGET_FRONTIER_CONTINUITY_V2,0,0,0,0,0,0,0,0,0,0,0,0,0,0,0,0,0,0.042903,0,0,0,0,0,0,44.1263,22.2405,3,3,2,17,39,14.9723,5616,0,0,0,TASKBR_VACANCY_V1,2.82561,2,17,12,17,0,12,1.11483,0.032575,0,12,0,43,43,0,12,12,"2,1,1,1,1,1,2,2,1,3,1,1",4,7,12,147.311,52,0,7.74667,0.384624,40,220000000,0,222,1,SOLVED,223,223.851,ebfd72c151b359e99758268a5b8f921520978a771448a61b57a98d624c5cfb5f,0.234,ok,
g4_dmedium_abaseline_pcross_heavy_gsingleton_seed0,warehouse_random_factorial,carrier_brd,0,,,,,,,,,,,,,,,,,,,,,,,,,,,,,,,,,,,,,,,,,,,,,,,,,,,,,,,,,,,,,,,,,,,,,,,,,,,,,,,,,,,,,,,,,,,,,,,,,,,,,,,22.3014,22.634,3,3,2,18,11,4.69277,1584,0,0,0,TASKBR_VACANCY_V1,3.16635,2,18,12,18,0,7,0.875569,0.018905,0,12,0,15,15,0,7,6,"1,1,1,1,1,1",7,1,7,8505.08,73,1,5.34121,0,58,-1,0,-1,0,SEGMENT_TIMEOUT,,,,8.653,timeout,d_raw_ticks=58 brd_raw_work_scaled=-1 brd_goal_prefix_removed=0 brd_incidental_goal_prefix_ms=-1 brd_raw_plan_valid=0 brd_exit_reason=SEGMENT_TIMEOUT
g4_dmedium_abaseline_plocal_gshared_pool_seed0,warehouse_random_factorial,carrier_brd,1,34,189.0,189000000,53,102,34,5,0.1949,204,34,189,189000000,34,189,189000000,0,0,0,0,0,0,0,0,NOT_ATTEMPTED,4,0,0,0,-1,-1,-1,-1,-1,0,0,0,0,0,0,0,0,0,0,0,0,0,,,,,,,,,,,,,0,0,0,0,0,0,0,0,0,0,0,0,0,0,0,0,0,0,0,BOTTLENECK_TARGET_FRONTIER_CONTINUITY_V2,0,0,0,0,0,0,0,0,0,0,0,0,0,0,0,0,0,0.0386,0,0,0,0,0,0,36.2747,22.4617,3,3,2,17,22,8.86488,3168,0,0,5,TASKBR_VACANCY_V1,3.01602,2,17,12,17,0,11,0.926846,0.031454,0,12,0,35,35,0,11,11,"1,1,1,2,3,2,1,1,3,1,1",4,4,11,135.815,45,0,7.27522,0.320216,34,189000000,0,202,1,SOLVED,204,204.123,8d276c0ae8c0ebab7d8767f90e5732bda41fb02c5677de81cf46d6cd2bfb787e,0.214,ok,
g4_dmedium_abaseline_plocal_gsingleton_seed0,warehouse_random_factorial,carrier_brd,1,41,194.0,194000000,74,78,40,6,0.2256,242,41,194,194000000,41,194,194000000,0,0,0,0,0,0,0,0,NOT_ATTEMPTED,0,0,0,0,-1,-1,-1,-1,-1,0,0,0,0,0,0,0,0,0,0,0,0,0,,,,,,,,,,,,,0,0,0,0,0,0,0,0,0,0,0,0,0,0,0,0,0,0,0,BOTTLENECK_TARGET_FRONTIER_CONTINUITY_V2,0,0,0,0,0,0,0,0,0,0,0,0,0,0,0,0,0,0.051985,0,0,0,0,0,0,22.3677,23.6419,5,5,4,20,13,6.41782,1872,2,2,19,TASKBR_VACANCY_V1,3.05439,4,20,12,18,2,15,0.911253,0.030003,0,12,0,36,36,0,15,15,"1,1,2,2,1,1,1,2,1,3,1,1,1,1,1",7,1,15,185.947,56,0,9.8282,0.374305,41,194000000,0,241,1,SOLVED,242,242.613,f46a7f384ef8b27b49881d7ce597b1f7e8a491cd9d36b49bcd37e2a25f11caf4,0.253,ok,
g4_dmedium_abaseline_pmixed_gshared_pool_seed0,warehouse_random_factorial,carrier_brd,1,36,199.0,199000000,57,104,38,7,0.1979,224,36,199,199000000,36,199,199000000,0,0,0,0,0,0,0,0,NOT_ATTEMPTED,6,0,0,0,-1,-1,-1,-1,-1,0,0,0,0,0,0,0,0,0,0,0,0,0,,,,,,,,,,,,,0,0,0,0,0,0,0,0,0,0,0,0,0,0,0,0,0,0,0,BOTTLENECK_TARGET_FRONTIER_CONTINUITY_V2,0,0,0,0,0,0,0,0,0,0,0,0,0,0,0,0,0,0.040269,0,0,0,0,0,0,42.3212,24.084,4,4,3,19,30,14.1937,4320,0,0,0,TASKBR_VACANCY_V1,3.00821,3,19,12,19,0,12,1.00655,0.03226,0,12,0,42,42,0,12,12,"2,1,2,1,1,1,1,1,2,5,1,1",4,3,12,148.639,48,0,8.10219,0.345021,36,199000000,0,223,1,SOLVED,224,224.902,f8c9a8be7a13f281ae9d051526fd44d3300d36c27147b7f0cf8f8bcd571aa3c6,0.235,ok,
g4_dmedium_abaseline_pmixed_gsingleton_seed0,warehouse_random_factorial,carrier_brd,0,,,,,,,,,,,,,,,,,,,,,,,,,,,,,,,,,,,,,,,,,,,,,,,,,,,,,,,,,,,,,,,,,,,,,,,,,,,,,,,,,,,,,,,,,,,,,,,,,,,,,,,22.0786,22.9863,3,3,2,18,9,4.16285,1296,0,0,0,TASKBR_VACANCY_V1,3.21303,2,18,12,18,0,9,0.928189,0.028649,0,12,0,26,26,0,9,8,"1,1,1,1,1,1,1,2",7,3,9,8472.15,719,1,7.88071,0,37,-1,0,-1,0,SEGMENT_TIMEOUT,,,,8.559,timeout,d_raw_ticks=37 brd_raw_work_scaled=-1 brd_goal_prefix_removed=0 brd_incidental_goal_prefix_ms=-1 brd_raw_plan_valid=0 brd_exit_reason=SEGMENT_TIMEOUT
g4_dmedium_aequal_pcross_heavy_gshared_pool_seed0,warehouse_random_factorial,carrier_brd,1,26,185.0,185000000,67,84,34,5,0.2147,202,26,185,185000000,26,185,185000000,0,0,0,0,0,0,0,0,NOT_ATTEMPTED,0,0,0,0,-1,-1,-1,-1,-1,0,0,0,0,0,0,0,0,0,0,0,0,0,,,,,,,,,,,,,0,0,0,0,0,0,0,0,0,0,0,0,0,0,0,0,0,0,0,BOTTLENECK_TARGET_FRONTIER_CONTINUITY_V2,0,0,0,0,0,0,0,0,0,0,0,0,0,0,0,0,0,0.039781,0,0,0,0,0,0,45.1016,22.1549,3,3,2,17,39,15.1586,5616,0,0,0,TASKBR_VACANCY_V1,2.73127,2,17,12,17,0,10,0.754108,0.021787,0,12,0,32,32,0,10,10,"1,1,1,3,1,2,1,1,1,5",6,2,10,126.616,36,0,6.71309,0.259157,26,185000000,0,201,1,SOLVED,202,202.327,8791ade453b68290bed5ff61c1ba4cce00ebd7f94d380b74fd990beac9cf3569,0.212,ok,
g4_dmedium_aequal_pcross_heavy_gsingleton_seed0,warehouse_random_factorial,carrier_brd,0,,,,,,,,,,,,,,,,,,,,,,,,,,,,,,,,,,,,,,,,,,,,,,,,,,,,,,,,,,,,,,,,,,,,,,,,,,,,,,,,,,,,,,,,,,,,,,,,,,,,,,,22.5015,22.7506,3,3,2,18,11,4.77381,1584,0,0,0,TASKBR_VACANCY_V1,3.17999,2,18,12,18,0,9,0.692329,0.021344,0,12,0,22,22,0,9,8,"1,1,1,1,2,1,1,1",9,0,9,8470.79,720,1,8.03582,0,25,-1,0,-1,0,SEGMENT_TIMEOUT,,,,8.553,timeout,d_raw_ticks=25 brd_raw_work_scaled=-1 brd_goal_prefix_removed=0 brd_incidental_goal_prefix_ms=-1 brd_raw_plan_valid=0 brd_exit_reason=SEGMENT_TIMEOUT
g4_dmedium_aequal_plocal_gshared_pool_seed0,warehouse_random_factorial,carrier_brd,1,22,183.0,183000000,53,96,34,5,0.2008,165,22,183,183000000,22,183,183000000,0,0,0,0,0,0,0,0,NOT_ATTEMPTED,0,0,0,0,-1,-1,-1,-1,-1,0,0,0,0,0,0,0,0,0,0,0,0,0,,,,,,,,,,,,,0,0,0,0,0,0,0,0,0,0,0,0,0,0,0,0,0,0,0,BOTTLENECK_TARGET_FRONTIER_CONTINUITY_V2,0,0,0,0,0,0,0,0,0,0,0,0,0,0,0,0,0,0.035076,0,0,0,0,0,0,36.4008,22.2697,3,3,2,17,22,8.7796,3168,0,0,5,TASKBR_VACANCY_V1,3.07375,2,17,12,17,0,8,0.745674,0.023617,0,12,0,31,31,0,8,8,"3,1,1,1,2,2,2,5",5,0,8,98.8287,30,0,5.59931,0.223709,22,183000000,0,164,1,SOLVED,165,165.624,d6e5f6aa39ef6c90498b3151e059af499b619856b6631b48a20bceda116cf299,0.176,ok,
g4_dmedium_aequal_plocal_gsingleton_seed0,warehouse_random_factorial,carrier_brd,1,30,181.0,181000000,74,65,40,6,0.2056,214,30,181,181000000,30,181,181000000,0,0,0,0,0,0,0,0,NOT_ATTEMPTED,0,0,0,0,-1,-1,-1,-1,-1,0,0,0,0,0,0,0,0,0,0,0,0,0,,,,,,,,,,,,,0,0,0,0,0,0,0,0,0,0,0,0,0,0,0,0,0,0,0,BOTTLENECK_TARGET_FRONTIER_CONTINUITY_V2,0,0,0,0,0,0,0,0,0,0,0,0,0,0,0,0,0,0.045272,0,0,0,0,0,0,22.2064,24.3526,5,5,4,20,13,6.2857,1872,2,2,19,TASKBR_VACANCY_V1,2.99558,4,20,12,18,2,13,0.65265,0.019682,0,12,0,26,26,0,13,13,"2,1,1,1,1,1,2,2,1,5,1,1,1",8,0,13,159.293,43,0,9.31473,0.331308,30,181000000,0,213,1,SOLVED,214,214.941,2f100c93e62f4648560b31285ca3cd8fcaecf42d5aae850c5e59d8d92432a173,0.225,ok,
g4_dmedium_aequal_pmixed_gshared_pool_seed0,warehouse_random_factorial,carrier_brd,1,28,205.0,205000000,57,110,38,7,0.1696,219,28,205,205000000,28,205,205000000,0,0,0,0,0,0,0,0,NOT_ATTEMPTED,4,0,0,0,-1,-1,-1,-1,-1,0,0,0,0,0,0,0,0,0,0,0,0,0,,,,,,,,,,,,,0,0,0,0,0,0,0,0,0,0,0,0,0,0,0,0,0,0,0,BOTTLENECK_TARGET_FRONTIER_CONTINUITY_V2,0,0,0,0,0,0,0,0,0,0,0,0,0,0,0,0,0,0.040541,0,0,0,0,0,0,38.5982,23.8803,4,4,3,19,30,12.2457,4320,0,0,0,TASKBR_VACANCY_V1,3.06348,3,19,12,19,0,12,0.888404,0.024525,0,12,0,36,36,0,12,12,"3,1,1,1,1,1,1,1,1,1,6,1",5,0,12,147.417,40,0,8.20825,0.278696,28,205000000,0,218,1,SOLVED,219,219.207,04fb78b5ff361febdd4b24c5845cdcceed3e600ebbc33c305f8a6aaa35f58170,0.229,ok,
g4_dmedium_aequal_pmixed_gsingleton_seed0,warehouse_random_factorial,carrier_brd,0,,,,,,,,,,,,,,,,,,,,,,,,,,,,,,,,,,,,,,,,,,,,,,,,,,,,,,,,,,,,,,,,,,,,,,,,,,,,,,,,,,,,,,,,,,,,,,,,,,,,,,,21.5343,22.654,3,3,2,18,9,4.07623,1296,0,0,0,TASKBR_VACANCY_V1,3.41416,2,18,12,18,0,6,0.658488,0.021268,0,12,0,25,25,0,6,5,"1,1,1,2,2",8,0,6,8486.86,62,1,4.75347,0,22,-1,0,-1,0,SEGMENT_TIMEOUT,,,,8.599,timeout,d_raw_ticks=22 brd_raw_work_scaled=-1 brd_goal_prefix_removed=0 brd_incidental_goal_prefix_ms=-1 brd_raw_plan_valid=0 brd_exit_reason=SEGMENT_TIMEOUT
g4_dmedium_ascarce_pcross_heavy_gshared_pool_seed0,warehouse_random_factorial,carrier_brd,1,55,234.0,234000000,67,133,34,5,0.203,213,55,234,234000000,55,234,234000000,0,0,0,0,0,0,0,0,NOT_ATTEMPTED,1,0,0,0,-1,-1,-1,-1,-1,0,0,0,0,0,0,0,0,0,0,0,0,0,,,,,,,,,,,,,0,0,0,0,0,0,0,0,0,0,0,0,0,0,0,0,0,0,0,BOTTLENECK_TARGET_FRONTIER_CONTINUITY_V2,0,0,0,0,0,0,0,0,0,0,0,0,0,0,0,0,0,0.046159,0,0,0,0,0,0,44.215,21.8825,3,3,2,17,39,14.8941,5616,0,0,0,TASKBR_VACANCY_V1,2.79155,2,17,12,17,0,11,1.21855,0.031158,0,12,0,36,36,0,11,11,"1,1,1,1,2,1,3,2,3,1,1",4,3,11,136.587,66,0,7.44199,0.464881,55,234000000,0,211,1,SOLVED,213,213.763,9aadafb54ab46353d5fbcb526db73d8370cf458866b34399601c89ec070f0b22,0.224,ok,
g4_dmedium_ascarce_pcross_heavy_gsingleton_seed0,warehouse_random_factorial,carrier_brd,0,,,,,,,,,,,,,,,,,,,,,,,,,,,,,,,,,,,,,,,,,,,,,,,,,,,,,,,,,,,,,,,,,,,,,,,,,,,,,,,,,,,,,,,,,,,,,,,,,,,,,,,22.856,22.8073,3,3,2,18,11,4.94208,1584,0,0,0,TASKBR_VACANCY_V1,3.12365,2,18,12,18,0,9,1.07243,0.018958,0,12,0,16,16,0,9,8,"1,1,1,1,1,1,1,1",5,2,9,8475.93,284,1,6.96848,0,78,-1,0,-1,0,SEGMENT_TIMEOUT,,,,8.581,timeout,d_raw_ticks=78 brd_raw_work_scaled=-1 brd_goal_prefix_removed=0 brd_incidental_goal_prefix_ms=-1 brd_raw_plan_valid=0 brd_exit_reason=SEGMENT_TIMEOUT
g4_dmedium_ascarce_plocal_gshared_pool_seed0,warehouse_random_factorial,carrier_brd,1,41,202.0,202000000,53,115,34,5,0.2154,228,41,202,202000000,41,202,202000000,0,0,0,0,0,0,0,0,NOT_ATTEMPTED,2,0,0,0,-1,-1,-1,-1,-1,0,0,0,0,0,0,0,0,0,0,0,0,0,,,,,,,,,,,,,0,0,0,0,0,0,0,0,0,0,0,0,0,0,0,0,0,0,0,BOTTLENECK_TARGET_FRONTIER_CONTINUITY_V2,0,0,0,0,0,0,0,0,0,0,0,0,0,0,0,0,0,0.044656,0,0,0,0,0,0,36.4791,22.2399,3,3,2,17,22,8.71629,3168,0,0,5,TASKBR_VACANCY_V1,2.88041,2,17,12,17,0,13,1.17608,0.033788,0,12,0,41,41,0,13,13,"1,1,2,1,1,1,1,1,1,2,2,2,1",3,6,13,159.247,54,0,8.82058,0.361236,41,202000000,0,227,1,SOLVED,228,228.567,ae7c590e779fdf0870cbdfc648f65a2c59e1946ff673ec510cda735cfc84b9e8,0.239,ok,
g4_dmedium_ascarce_plocal_gsingleton_seed0,warehouse_random_factorial,carrier_brd,1,54,233.0,233000000,74,117,40,6,0.2284,266,54,233,233000000,54,233,233000000,0,0,0,0,0,0,0,0,NOT_ATTEMPTED,3,0,0,0,-1,-1,-1,-1,-1,0,0,0,0,0,0,0,0,0,0,0,0,0,,,,,,,,,,,,,0,0,0,0,0,0,0,0,0,0,0,0,0,0,0,0,0,0,0,BOTTLENECK_TARGET_FRONTIER_CONTINUITY_V2,0,0,0,0,0,0,0,0,0,0,0,0,0,0,0,0,0,0.057576,0,0,0,0,0,0,22.2683,23.3199,5,5,4,20,13,6.22079,1872,2,2,19,TASKBR_VACANCY_V1,3.03646,4,20,12,18,2,17,1.1601,0.033823,0,12,0,46,46,0,17,17,"1,1,1,2,1,1,1,1,2,1,2,1,1,1,1,1,1",4,5,17,208.604,71,0,11.234,0.498083,54,233000000,0,264,1,SOLVED,266,266.392,b41a7ca8416ff4e168b7f266ce34cf917b6e47e2a0617eac4ca68469a8d349f8,0.277,ok,
g4_dmedium_ascarce_pmixed_gshared_pool_seed0,warehouse_random_factorial,carrier_brd,1,46,204.0,204000000,57,109,38,7,0.2065,271,46,204,204000000,46,204,204000000,0,0,0,0,0,0,0,0,NOT_ATTEMPTED,5,0,0,0,-1,-1,-1,-1,-1,0,0,0,0,0,0,0,0,0,0,0,0,0,,,,,,,,,,,,,0,0,0,0,0,0,0,0,0,0,0,0,0,0,0,0,0,0,0,BOTTLENECK_TARGET_FRONTIER_CONTINUITY_V2,0,0,0,0,0,0,0,0,0,0,0,0,0,0,0,0,0,0.051902,0,0,0,0,0,0,38.7907,23.8193,4,4,3,19,30,12.4708,4320,0,0,0,TASKBR_VACANCY_V1,3.03245,3,19,12,19,0,16,1.18121,0.035991,0,12,0,43,43,0,16,16,"1,1,1,1,1,1,1,1,1,1,1,1,4,1,1,1",4,4,16,197.681,62,0,10.7346,0.449887,46,204000000,0,269,1,SOLVED,271,271.204,f48dd3570d7fb2775b9e45615d71ccac08b09598fd5e8bcc39e38aea4208d8aa,0.281,ok,
g4_dmedium_ascarce_pmixed_gsingleton_seed0,warehouse_random_factorial,carrier_brd,1,57,282.0,282000000,108,138,36,6,0.3158,270,57,282,282000000,57,282,282000000,0,0,0,0,0,0,0,0,NOT_ATTEMPTED,1,0,0,0,-1,-1,-1,-1,-1,0,0,0,0,0,0,0,0,0,0,0,0,0,,,,,,,,,,,,,0,0,0,0,0,0,0,0,0,0,0,0,0,0,0,0,0,0,0,BOTTLENECK_TARGET_FRONTIER_CONTINUITY_V2,0,0,0,0,0,0,0,0,0,0,0,0,0,0,0,0,0,0.069294,0,0,0,0,0,0,21.9408,23.5784,3,3,2,18,9,4.06006,1296,0,0,0,TASKBR_VACANCY_V1,3.27793,2,18,12,18,0,16,1.53378,0.032889,0,12,0,42,42,0,16,16,"1,1,1,2,1,2,1,1,1,1,1,1,1,1,1,1",5,3,16,211.867,73,0,11.2187,0.501556,57,282000000,0,268,1,SOLVED,270,270.828,e4998764fe7eb6b6d1c46e3d95f26f089a5f4f5942fd0bd9e30a48199d66570a,0.281,ok,
g4_dmedium_asurplus_pcross_heavy_gshared_pool_seed0,warehouse_random_factorial,carrier_brd,1,26,166.0,166000000,67,65,34,5,0.1432,173,26,166,166000000,26,166,166000000,0,0,0,0,0,0,0,0,NOT_ATTEMPTED,0,0,0,0,-1,-1,-1,-1,-1,0,0,0,0,0,0,0,0,0,0,0,0,0,,,,,,,,,,,,,0,0,0,0,0,0,0,0,0,0,0,0,0,0,0,0,0,0,0,BOTTLENECK_TARGET_FRONTIER_CONTINUITY_V2,0,0,0,0,0,0,0,0,0,0,0,0,0,0,0,0,0,0.033175,0,0,0,0,0,0,43.8177,21.9309,3,3,2,17,39,15.0832,5616,0,0,0,TASKBR_VACANCY_V1,2.86519,2,17,12,17,0,8,1.37068,0.022696,0,12,0,30,30,0,8,8,"1,1,2,5,1,1,1,5",6,0,8,98.6426,34,0,5.18999,0.278877,26,166000000,0,172,1,SOLVED,173,173.334,995abc79c476604242519b7cbdf0936480f05c29f0aadbcf567020825d4974d6,0.183,ok,
g4_dmedium_asurplus_pcross_heavy_gsingleton_seed0,warehouse_random_factorial,carrier_brd,0,,,,,,,,,,,,,,,,,,,,,,,,,,,,,,,,,,,,,,,,,,,,,,,,,,,,,,,,,,,,,,,,,,,,,,,,,,,,,,,,,,,,,,,,,,,,,,,,,,,,,,,22.2406,23.2273,3,3,2,18,11,4.68797,1584,0,0,0,TASKBR_VACANCY_V1,3.09573,2,18,12,18,0,7,0.749403,0.014119,0,12,0,13,13,0,7,6,"1,1,2,1,1,1",10,0,7,8490.58,65,1,5.36198,0,22,-1,0,-1,0,SEGMENT_TIMEOUT,,,,8.611,timeout,d_raw_ticks=22 brd_raw_work_scaled=-1 brd_goal_prefix_removed=0 brd_incidental_goal_prefix_ms=-1 brd_raw_plan_valid=0 brd_exit_reason=SEGMENT_TIMEOUT
g4_dmedium_asurplus_plocal_gshared_pool_seed0,warehouse_random_factorial,carrier_brd,1,22,151.0,151000000,53,64,34,5,0.1338,181,22,151,151000000,22,151,151000000,0,0,0,0,0,0,0,0,NOT_ATTEMPTED,0,0,0,0,-1,-1,-1,-1,-1,0,0,0,0,0,0,0,0,0,0,0,0,0,,,,,,,,,,,,,0,0,0,0,0,0,0,0,0,0,0,0,0,0,0,0,0,0,0,BOTTLENECK_TARGET_FRONTIER_CONTINUITY_V2,0,0,0,0,0,0,0,0,0,0,0,0,0,0,0,0,0,0.032074,0,0,0,0,0,0,37.1117,24.5024,3,3,2,17,22,8.77436,3168,0,0,5,TASKBR_VACANCY_V1,2.945,2,17,12,17,0,9,1.09197,0.020366,0,12,0,28,28,0,9,9,"1,3,2,1,1,2,1,1,5",6,0,9,110.787,31,0,5.95664,0.255838,22,151000000,0,180,1,SOLVED,181,181.325,6b9f8712490fa94d43594aa9c7d4a14b7366253be508d09159cecbd49013a751,0.192,ok,
g4_dmedium_asurplus_plocal_gsingleton_seed0,warehouse_random_factorial,carrier_brd,1,29,161.0,161000000,74,45,40,6,0.1418,203,29,161,161000000,29,161,161000000,0,0,0,0,0,0,0,0,NOT_ATTEMPTED,0,0,0,0,-1,-1,-1,-1,-1,0,0,0,0,0,0,0,0,0,0,0,0,0,,,,,,,,,,,,,0,0,0,0,0,0,0,0,0,0,0,0,0,0,0,0,0,0,0,BOTTLENECK_TARGET_FRONTIER_CONTINUITY_V2,0,0,0,0,0,0,0,0,0,0,0,0,0,0,0,0,0,0.041367,0,0,0,0,0,0,22.0289,23.8808,5,5,4,20,13,6.31877,1872,2,2,19,TASKBR_VACANCY_V1,3.18657,4,20,12,18,2,12,0.965704,0.018214,0,12,0,22,22,0,12,12,"1,1,2,2,1,3,1,1,5,1,1,1",10,0,12,147.844,41,0,7.83172,0.339901,29,161000000,0,202,1,SOLVED,203,203.437,43e30a663d18dbc0f82869d938f2ab205daaccfb7f1dc0e168da1d22440e288a,0.213,ok,
g4_dmedium_asurplus_pmixed_gshared_pool_seed0,warehouse_random_factorial,carrier_brd,1,25,150.0,150000000,57,55,38,7,0.1267,194,25,150,150000000,25,150,150000000,0,0,0,0,0,0,0,0,NOT_ATTEMPTED,0,0,0,0,-1,-1,-1,-1,-1,0,0,0,0,0,0,0,0,0,0,0,0,0,,,,,,,,,,,,,0,0,0,0,0,0,0,0,0,0,0,0,0,0,0,0,0,0,0,BOTTLENECK_TARGET_FRONTIER_CONTINUITY_V2,0,0,0,0,0,0,0,0,0,0,0,0,0,0,0,0,0,0.03458,0,0,0,0,0,0,38.7831,23.7145,4,4,3,19,30,12.5262,4320,0,0,0,TASKBR_VACANCY_V1,3.08833,3,19,12,19,0,10,1.05649,0.019544,0,12,0,26,26,0,10,10,"2,1,2,2,1,2,1,1,6,1",7,0,10,122.736,35,0,6.64206,0.268972,25,150000000,0,193,1,SOLVED,194,194.179,1d1d08452f6f71bae26d81c2c93b72bc25d3f2e115b85b2e49530f2d169e7936,0.205,ok,
g4_dmedium_asurplus_pmixed_gsingleton_seed0,warehouse_random_factorial,carrier_brd,0,,,,,,,,,,,,,,,,,,,,,,,,,,,,,,,,,,,,,,,,,,,,,,,,,,,,,,,,,,,,,,,,,,,,,,,,,,,,,,,,,,,,,,,,,,,,,,,,,,,,,,,21.3778,23.0909,3,3,2,18,9,4.24453,1296,0,0,0,TASKBR_VACANCY_V1,3.12813,2,18,12,18,0,8,0.705176,0.015064,0,12,0,16,16,0,8,7,"1,1,1,1,1,2,2",10,0,8,8468.87,706,1,7.2898,0,20,-1,0,-1,0,SEGMENT_TIMEOUT,,,,8.547,timeout,d_raw_ticks=20 brd_raw_work_scaled=-1 brd_goal_prefix_removed=0 brd_incidental_goal_prefix_ms=-1 brd_raw_plan_valid=0 brd_exit_reason=SEGMENT_TIMEOUT
g5_dhigh_abaseline_pcross_heavy_gshared_pool_seed0,warehouse_random_factorial,carrier_brd,1,44,318.0,318000000,102,168,48,8,0.1932,548,44,318,318000000,44,318,318000000,0,0,0,0,0,0,0,0,NOT_ATTEMPTED,1,0,0,0,-1,-1,-1,-1,-1,0,0,0,0,0,0,0,0,0,0,0,0,0,,,,,,,,,,,,,0,0,0,0,0,0,0,0,0,0,0,0,0,0,0,0,0,0,0,BOTTLENECK_TARGET_FRONTIER_CONTINUITY_V2,0,0,0,0,0,0,0,0,0,0,0,0,0,0,0,0,0,0.078469,0,0,0,0,0,0,105.271,40.4437,3,3,2,24,50,33.8402,8800,0,0,17,TASKBR_VACANCY_V1,5.72642,2,24,16,24,0,17,2.32736,0.062646,0,16,0,67,67,0,17,17,"1,1,1,1,1,3,1,1,1,1,2,1,1,5,1,1,1",9,4,17,374.995,61,0,17.7044,1.28779,44,318000000,0,543,1,SOLVED,548,548.932,ee0b0da59a261c60f1a059a9e9a536115fbaa20fba4b5339ceaedaf1b09a6b02,0.561,ok,
g5_dhigh_abaseline_pcross_heavy_gsingleton_seed0,warehouse_random_factorial,carrier_brd,0,,,,,,,,,,,,,,,,,,,,,,,,,,,,,,,,,,,,,,,,,,,,,,,,,,,,,,,,,,,,,,,,,,,,,,,,,,,,,,,,,,,,,,,,,,,,,,,,,,,,,,,42.7399,43.4523,5,5,4,27,18,14.2323,3168,3,3,25,TASKBR_VACANCY_V1,6.63798,4,27,16,24,3,10,2.10473,0.046687,0,16,0,31,31,0,10,9,"1,1,1,1,1,2,1,2,1",10,2,10,8447.31,117,1,12.5017,0,40,-1,0,-1,0,SEGMENT_TIMEOUT,,,,8.659,timeout,d_raw_ticks=40 brd_raw_work_scaled=-1 brd_goal_prefix_removed=0 brd_incidental_goal_prefix_ms=-1 brd_raw_plan_valid=0 brd_exit_reason=SEGMENT_TIMEOUT
g5_dhigh_abaseline_plocal_gshared_pool_seed0,warehouse_random_factorial,carrier_brd,1,38,306.0,306000000,81,183,42,5,0.1776,546,38,306,306000000,38,306,306000000,0,0,0,0,0,0,0,0,NOT_ATTEMPTED,1,0,0,0,-1,-1,-1,-1,-1,0,0,0,0,0,0,0,0,0,0,0,0,0,,,,,,,,,,,,,0,0,0,0,0,0,0,0,0,0,0,0,0,0,0,0,0,0,0,BOTTLENECK_TARGET_FRONTIER_CONTINUITY_V2,0,0,0,0,0,0,0,0,0,0,0,0,0,0,0,0,0,0.073381,0,0,0,0,0,0,107.076,39.4439,3,3,2,21,66,41.8599,11616,0,0,25,TASKBR_VACANCY_V1,5.17328,2,21,16,21,0,17,3.3514,0.096471,0,16,0,77,77,0,17,17,"1,1,1,1,1,1,1,1,2,1,2,1,1,1,3,1,1",7,17,17,373.014,55,0,17.9315,1.22702,38,306000000,0,541,1,SOLVED,546,546.504,2442d706cc422900d511c55ca6700d231f7dade0341170b5337dad8157263d87,0.559,ok,
g5_dhigh_abaseline_plocal_gsingleton_seed0,warehouse_random_factorial,carrier_brd,0,,,,,,,,,,,,,,,,,,,,,,,,,,,,,,,,,,,,,,,,,,,,,,,,,,,,,,,,,,,,,,,,,,,,,,,,,,,,,,,,,,,,,,,,,,,,,,,,,,,,,,,40.9506,44.7789,5,5,4,26,15,12.0255,2640,2,2,62,TASKBR_VACANCY_V1,6.46365,4,26,16,24,2,11,2.27838,0.051146,0,16,0,38,38,0,11,10,"1,2,1,2,1,1,1,3,1,1",8,4,11,8421.72,2051,1,15.4345,0,28,-1,0,-1,0,SEGMENT_TIMEOUT,,,,8.548,timeout,d_raw_ticks=28 brd_raw_work_scaled=-1 brd_goal_prefix_removed=0 brd_incidental_goal_prefix_ms=-1 brd_raw_plan_valid=0 brd_exit_reason=SEGMENT_TIMEOUT
g5_dhigh_abaseline_pmixed_gshared_pool_seed0,warehouse_random_factorial,carrier_brd,1,37,278.0,278000000,93,141,44,6,0.2095,458,37,278,278000000,37,278,278000000,0,0,0,0,0,0,0,0,NOT_ATTEMPTED,1,0,0,0,-1,-1,-1,-1,-1,0,0,0,0,0,0,0,0,0,0,0,0,0,,,,,,,,,,,,,0,0,0,0,0,0,0,0,0,0,0,0,0,0,0,0,0,0,0,BOTTLENECK_TARGET_FRONTIER_CONTINUITY_V2,0,0,0,0,0,0,0,0,0,0,0,0,0,0,0,0,0,0.065538,0,0,0,0,0,0,86.5808,39.6394,3,3,2,22,35,22.8258,6160,0,0,22,TASKBR_VACANCY_V1,5.35016,2,22,16,22,0,14,1.51007,0.051795,0,16,0,47,47,0,14,14,"2,1,2,1,1,3,1,1,1,2,1,4,1,1",9,4,14,307.674,51,0,14.5504,1.09611,37,278000000,0,454,1,SOLVED,458,458.63,99cddbbcd43e90efcaf0c523df9c2ea1efef26b452aceaa09fe9f9b59634d7ae,0.471,ok,
g5_dhigh_abaseline_pmixed_gsingleton_seed0,warehouse_random_factorial,carrier_brd,0,,,,,,,,,,,,,,,,,,,,,,,,,,,,,,,,,,,,,,,,,,,,,,,,,,,,,,,,,,,,,,,,,,,,,,,,,,,,,,,,,,,,,,,,,,,,,,,,,,,,,,,41.0932,41.7223,4,4,3,25,14,11.0908,2464,1,2,4,TASKBR_VACANCY_V1,5.94412,3,25,16,24,1,11,2.75532,0.069466,0,16,0,40,40,0,11,10,"1,1,1,1,3,1,1,1,1,1",10,3,11,8410.75,166,1,12.7593,0,41,-1,0,-1,0,SEGMENT_TIMEOUT,,,,8.543,timeout,d_raw_ticks=41 brd_raw_work_scaled=-1 brd_goal_prefix_removed=0 brd_incidental_goal_prefix_ms=-1 brd_raw_plan_valid=0 brd_exit_reason=SEGMENT_TIMEOUT
g5_dhigh_aequal_pcross_heavy_gshared_pool_seed0,warehouse_random_factorial,carrier_brd,1,30,309.0,309000000,102,159,48,8,0.2125,450,30,309,309000000,30,309,309000000,0,0,0,0,0,0,0,0,NOT_ATTEMPTED,3,0,0,0,-1,-1,-1,-1,-1,0,0,0,0,0,0,0,0,0,0,0,0,0,,,,,,,,,,,,,0,0,0,0,0,0,0,0,0,0,0,0,0,0,0,0,0,0,0,BOTTLENECK_TARGET_FRONTIER_CONTINUITY_V2,0,0,0,0,0,0,0,0,0,0,0,0,0,0,0,0,0,0.063643,0,0,0,0,0,0,103.517,39.8946,3,3,2,24,50,33.6022,8800,0,0,17,TASKBR_VACANCY_V1,5.92516,2,24,16,24,0,13,2.25897,0.063,0,16,0,61,61,0,13,13,"1,1,1,1,2,1,1,2,2,1,3,7,1",8,0,13,283.658,43,0,13.807,0.893864,30,309000000,0,446,1,SOLVED,450,450.574,0f237dde8a084c65b5d80017fac8f9c67f99e9e6317cfd61d6c18505deb86e0e,0.462,ok,
g5_dhigh_aequal_pcross_heavy_gsingleton_seed0,warehouse_random_factorial,carrier_brd,0,,,,,,,,,,,,,,,,,,,,,,,,,,,,,,,,,,,,,,,,,,,,,,,,,,,,,,,,,,,,,,,,,,,,,,,,,,,,,,,,,,,,,,,,,,,,,,,,,,,,,,,42.5573,43.1093,5,5,4,27,18,14.2462,3168,3,3,25,TASKBR_VACANCY_V1,6.51291,4,27,16,24,3,11,1.87611,0.039589,0,16,0,38,38,0,11,10,"1,1,1,1,1,1,1,1,2,1",10,0,11,8440.87,98,1,13.3157,0,40,-1,0,-1,0,SEGMENT_TIMEOUT,,,,8.637,timeout,d_raw_ticks=40 brd_raw_work_scaled=-1 brd_goal_prefix_removed=0 brd_incidental_goal_prefix_ms=-1 brd_raw_plan_valid=0 brd_exit_reason=SEGMENT_TIMEOUT
g5_dhigh_aequal_plocal_gshared_pool_seed0,warehouse_random_factorial,carrier_brd,1,28,290.0,290000000,81,167,42,5,0.1808,476,28,290,290000000,28,290,290000000,0,0,0,0,0,0,0,0,NOT_ATTEMPTED,0,0,0,0,-1,-1,-1,-1,-1,0,0,0,0,0,0,0,0,0,0,0,0,0,,,,,,,,,,,,,0,0,0,0,0,0,0,0,0,0,0,0,0,0,0,0,0,0,0,BOTTLENECK_TARGET_FRONTIER_CONTINUITY_V2,0,0,0,0,0,0,0,0,0,0,0,0,0,0,0,0,0,0.066792,0,0,0,0,0,0,106.988,39.4967,3,3,2,21,66,42.1433,11616,0,0,25,TASKBR_VACANCY_V1,5.1758,2,21,16,21,0,14,3.18247,0.068732,0,16,0,65,65,0,14,14,"1,1,1,1,2,2,1,1,1,1,1,2,1,5",7,0,14,308.245,42,0,16.2099,0.822223,28,290000000,0,473,1,SOLVED,476,477.04,fcba126d4e57ed2264bcfc546dd4e1bfc92c44071448410e0c4415906b2d9ccc,0.49,ok,
g5_dhigh_aequal_plocal_gsingleton_seed0,warehouse_random_factorial,carrier_brd,0,,,,,,,,,,,,,,,,,,,,,,,,,,,,,,,,,,,,,,,,,,,,,,,,,,,,,,,,,,,,,,,,,,,,,,,,,,,,,,,,,,,,,,,,,,,,,,,,,,,,,,,41.1784,44.1677,5,5,4,26,15,11.8287,2640,2,2,62,TASKBR_VACANCY_V1,6.46257,4,26,16,24,2,11,1.59509,0.037355,0,16,0,31,31,0,11,10,"1,1,1,1,1,3,2,2,1,1",12,0,11,8422.88,2061,1,14.6823,0,21,-1,0,-1,0,SEGMENT_TIMEOUT,,,,8.546,timeout,d_raw_ticks=21 brd_raw_work_scaled=-1 brd_goal_prefix_removed=0 brd_incidental_goal_prefix_ms=-1 brd_raw_plan_valid=0 brd_exit_reason=SEGMENT_TIMEOUT
g5_dhigh_aequal_pmixed_gshared_pool_seed0,warehouse_random_factorial,carrier_brd,1,22,269.0,269000000,93,132,44,6,0.2642,362,22,269,269000000,22,269,269000000,0,0,0,0,0,0,0,0,NOT_ATTEMPTED,0,0,0,0,-1,-1,-1,-1,-1,0,0,0,0,0,0,0,0,0,0,0,0,0,,,,,,,,,,,,,0,0,0,0,0,0,0,0,0,0,0,0,0,0,0,0,0,0,0,BOTTLENECK_TARGET_FRONTIER_CONTINUITY_V2,0,0,0,0,0,0,0,0,0,0,0,0,0,0,0,0,0,0.052212,0,0,0,0,0,0,86.2521,40.1575,3,3,2,22,35,22.7852,6160,0,0,22,TASKBR_VACANCY_V1,5.41908,2,22,16,22,0,10,1.50351,0.036035,0,16,0,31,31,0,10,10,"1,1,1,2,1,3,1,2,4,6",13,0,10,218.976,32,0,11.8201,0.669678,22,269000000,0,360,1,SOLVED,362,362.918,f88e1bace537abc652546a2ca168423829adc306e07e035937cf5104ef3982c6,0.376,ok,
g5_dhigh_aequal_pmixed_gsingleton_seed0,warehouse_random_factorial,carrier_brd,0,,,,,,,,,,,,,,,,,,,,,,,,,,,,,,,,,,,,,,,,,,,,,,,,,,,,,,,,,,,,,,,,,,,,,,,,,,,,,,,,,,,,,,,,,,,,,,,,,,,,,,,40.6685,40.9476,4,4,3,25,14,11.1729,2464,1,2,4,TASKBR_VACANCY_V1,6.08179,3,25,16,24,1,11,1.71333,0.044145,0,16,0,40,40,0,11,10,"1,1,2,1,1,1,1,1,1,3",10,2,11,8424.02,906,1,14.4393,0,27,-1,0,-1,0,SEGMENT_TIMEOUT,,,,8.555,timeout,d_raw_ticks=27 brd_raw_work_scaled=-1 brd_goal_prefix_removed=0 brd_incidental_goal_prefix_ms=-1 brd_raw_plan_valid=0 brd_exit_reason=SEGMENT_TIMEOUT
g5_dhigh_ascarce_pcross_heavy_gshared_pool_seed0,warehouse_random_factorial,carrier_brd,1,59,385.0,385000000,102,235,48,8,0.2161,656,59,385,385000000,59,385,385000000,0,0,0,0,0,0,0,0,NOT_ATTEMPTED,3,0,0,0,-1,-1,-1,-1,-1,0,0,0,0,0,0,0,0,0,0,0,0,0,,,,,,,,,,,,,0,0,0,0,0,0,0,0,0,0,0,0,0,0,0,0,0,0,0,BOTTLENECK_TARGET_FRONTIER_CONTINUITY_V2,0,0,0,0,0,0,0,0,0,0,0,0,0,0,0,0,0,0.088559,0,0,0,0,0,0,103.711,40.5092,3,3,2,24,50,33.5541,8800,0,0,17,TASKBR_VACANCY_V1,5.75487,2,24,16,24,0,22,3.8579,0.088016,0,16,0,83,83,0,22,22,"1,1,1,1,1,1,1,1,1,1,2,1,1,1,1,1,2,1,1,1,1,1",5,10,22,478.489,81,0,23.2205,1.71103,59,385000000,0,650,1,SOLVED,656,656.956,a7ed2e8087effcfc5d6fc7b6a7205c3c218ce31f21fc2b4b10dead0cbbae1b20,0.67,ok,
g5_dhigh_ascarce_pcross_heavy_gsingleton_seed0,warehouse_random_factorial,carrier_brd,0,,,,,,,,,,,,,,,,,,,,,,,,,,,,,,,,,,,,,,,,,,,,,,,,,,,,,,,,,,,,,,,,,,,,,,,,,,,,,,,,,,,,,,,,,,,,,,,,,,,,,,,42.4732,43.3171,5,5,4,27,18,14.1496,3168,3,3,25,TASKBR_VACANCY_V1,6.53416,4,27,16,24,3,13,2.91011,0.044895,0,16,0,31,31,0,13,12,"1,1,1,1,1,1,1,1,2,1,1,1",7,2,13,8404.8,563,1,15.1086,0,70,-1,0,-1,0,SEGMENT_TIMEOUT,,,,8.543,timeout,d_raw_ticks=70 brd_raw_work_scaled=-1 brd_goal_prefix_removed=0 brd_incidental_goal_prefix_ms=-1 brd_raw_plan_valid=0 brd_exit_reason=SEGMENT_TIMEOUT
g5_dhigh_ascarce_plocal_gshared_pool_seed0,warehouse_random_factorial,carrier_brd,1,53,321.0,321000000,81,198,42,5,0.191,549,53,321,321000000,53,321,321000000,0,0,0,0,0,0,0,0,NOT_ATTEMPTED,6,0,0,0,-1,-1,-1,-1,-1,0,0,0,0,0,0,0,0,0,0,0,0,0,,,,,,,,,,,,,0,0,0,0,0,0,0,0,0,0,0,0,0,0,0,0,0,0,0,BOTTLENECK_TARGET_FRONTIER_CONTINUITY_V2,0,0,0,0,0,0,0,0,0,0,0,0,0,0,0,0,0,0.073539,0,0,0,0,0,0,107.154,39.44,3,3,2,21,66,42.1664,11616,0,0,25,TASKBR_VACANCY_V1,5.13899,2,21,16,21,0,17,4.50615,0.098296,0,16,0,73,73,0,17,17,"1,1,1,1,1,1,1,1,1,2,1,2,2,2,1,1,1",4,17,17,372.381,70,0,18.1774,1.6253,53,321000000,0,543,1,SOLVED,549,550.043,b80fe5a32fcc8d51a93ce6fc0bb89198d9a4de7fbd1cca19ee2e6d34545b7582,0.563,ok,
g5_dhigh_ascarce_plocal_gsingleton_seed0,warehouse_random_factorial,carrier_brd,0,,,,,,,,,,,,,,,,,,,,,,,,,,,,,,,,,,,,,,,,,,,,,,,,,,,,,,,,,,,,,,,,,,,,,,,,,,,,,,,,,,,,,,,,,,,,,,,,,,,,,,,39.7578,43.4812,5,5,4,26,15,11.8733,2640,2,2,62,TASKBR_VACANCY_V1,6.23957,4,26,16,24,2,13,3.00707,0.048235,0,16,0,36,36,0,13,12,"1,1,1,1,1,2,2,1,1,1,1,1",6,7,13,8422.59,2049,1,17.2203,0,45,-1,0,-1,0,SEGMENT_TIMEOUT,,,,8.548,timeout,d_raw_ticks=45 brd_raw_work_scaled=-1 brd_goal_prefix_removed=0 brd_incidental_goal_prefix_ms=-1 brd_raw_plan_valid=0 brd_exit_reason=SEGMENT_TIMEOUT
g5_dhigh_ascarce_pmixed_gshared_pool_seed0,warehouse_random_factorial,carrier_brd,1,55,310.0,310000000,93,173,44,6,0.2114,462,55,310,310000000,55,310,310000000,0,0,0,0,0,0,0,0,NOT_ATTEMPTED,5,0,0,0,-1,-1,-1,-1,-1,0,0,0,0,0,0,0,0,0,0,0,0,0,,,,,,,,,,,,,0,0,0,0,0,0,0,0,0,0,0,0,0,0,0,0,0,0,0,BOTTLENECK_TARGET_FRONTIER_CONTINUITY_V2,0,0,0,0,0,0,0,0,0,0,0,0,0,0,0,0,0,0.069235,0,0,0,0,0,0,86.1513,40.1468,3,3,2,22,35,22.7448,6160,0,0,22,TASKBR_VACANCY_V1,5.25753,2,22,16,22,0,14,2.57039,0.06182,0,16,0,48,48,0,14,14,"2,1,1,2,3,1,1,1,2,1,1,3,2,1",4,4,14,309.022,69,0,15.0997,1.57244,55,310000000,0,456,1,SOLVED,462,462.653,475e6105dfd0240af537e92f733fb497b9ea274896c329963586da3cc00bab1f,0.476,ok,
g5_dhigh_ascarce_pmixed_gsingleton_seed0,warehouse_random_factorial,carrier_brd,0,,,,,,,,,,,,,,,,,,,,,,,,,,,,,,,,,,,,,,,,,,,,,,,,,,,,,,,,,,,,,,,,,,,,,,,,,,,,,,,,,,,,,,,,,,,,,,,,,,,,,,,40.5885,41.1538,4,4,3,25,14,11.0949,2464,1,2,4,TASKBR_VACANCY_V1,6.14897,3,25,16,24,1,9,2.48405,0.038516,0,16,0,26,26,0,9,8,"2,2,1,2,1,1,1,2",7,4,9,8409.72,202,1,11.1389,0,73,-1,0,-1,0,SEGMENT_TIMEOUT,,,,8.542,timeout,d_raw_ticks=73 brd_raw_work_scaled=-1 brd_goal_prefix_removed=0 brd_incidental_goal_prefix_ms=-1 brd_raw_plan_valid=0 brd_exit_reason=SEGMENT_TIMEOUT
g5_dhigh_asurplus_pcross_heavy_gshared_pool_seed0,warehouse_random_factorial,carrier_brd,1,24,250.0,250000000,102,100,48,8,0.1771,384,24,250,250000000,24,250,250000000,0,0,0,0,0,0,0,0,NOT_ATTEMPTED,0,0,0,0,-1,-1,-1,-1,-1,0,0,0,0,0,0,0,0,0,0,0,0,0,,,,,,,,,,,,,0,0,0,0,0,0,0,0,0,0,0,0,0,0,0,0,0,0,0,BOTTLENECK_TARGET_FRONTIER_CONTINUITY_V2,0,0,0,0,0,0,0,0,0,0,0,0,0,0,0,0,0,0.054082,0,0,0,0,0,0,103.868,40.6734,3,3,2,24,50,33.4912,8800,0,0,17,TASKBR_VACANCY_V1,5.71775,2,24,16,24,0,10,2.95558,0.039125,0,16,0,36,36,0,10,10,"2,3,2,1,3,1,1,1,2,8",9,0,10,219.508,34,0,11.0124,0.76982,24,250000000,0,381,1,SOLVED,384,384.811,871cf85070e83db2ba4afcc9091440a2265aa8c78868b064322201f6eca80fab,0.397,ok,
g5_dhigh_asurplus_pcross_heavy_gsingleton_seed0,warehouse_random_factorial,carrier_brd,0,,,,,,,,,,,,,,,,,,,,,,,,,,,,,,,,,,,,,,,,,,,,,,,,,,,,,,,,,,,,,,,,,,,,,,,,,,,,,,,,,,,,,,,,,,,,,,,,,,,,,,,43.3231,43.3011,5,5,4,27,18,14.2716,3168,3,3,25,TASKBR_VACANCY_V1,6.58221,4,27,16,24,3,12,1.99401,0.030204,0,16,0,21,21,0,12,11,"1,1,1,1,1,1,2,1,1,1,1",14,0,12,8414.18,195,1,14.8681,0,31,-1,0,-1,0,SEGMENT_TIMEOUT,,,,8.559,timeout,d_raw_ticks=31 brd_raw_work_scaled=-1 brd_goal_prefix_removed=0 brd_incidental_goal_prefix_ms=-1 brd_raw_plan_valid=0 brd_exit_reason=SEGMENT_TIMEOUT
g5_dhigh_asurplus_plocal_gshared_pool_seed0,warehouse_random_factorial,carrier_brd,1,25,242.0,242000000,81,119,42,5,0.135,426,25,242,242000000,25,242,242000000,0,0,0,0,0,0,0,0,NOT_ATTEMPTED,0,0,0,0,-1,-1,-1,-1,-1,0,0,0,0,0,0,0,0,0,0,0,0,0,,,,,,,,,,,,,0,0,0,0,0,0,0,0,0,0,0,0,0,0,0,0,0,0,0,BOTTLENECK_TARGET_FRONTIER_CONTINUITY_V2,0,0,0,0,0,0,0,0,0,0,0,0,0,0,0,0,0,0.057169,0,0,0,0,0,0,106.245,39.1846,3,3,2,21,66,42.1218,11616,0,0,25,TASKBR_VACANCY_V1,5.08173,2,21,16,21,0,12,3.50377,0.050932,0,16,0,53,53,0,12,12,"2,1,2,1,2,1,1,2,1,2,1,5",6,0,12,260.838,37,0,13.5937,0.778719,25,242000000,0,423,1,SOLVED,426,427.017,d4663945fe8c4d18186a1d03c05d1f56bdc142cff10e859ace8d0d40ed799bfc,0.439,ok,
g5_dhigh_asurplus_plocal_gsingleton_seed0,warehouse_random_factorial,carrier_brd,0,,,,,,,,,,,,,,,,,,,,,,,,,,,,,,,,,,,,,,,,,,,,,,,,,,,,,,,,,,,,,,,,,,,,,,,,,,,,,,,,,,,,,,,,,,,,,,,,,,,,,,,39.7888,44.2168,5,5,4,26,15,11.824,2640,2,2,62,TASKBR_VACANCY_V1,6.07722,4,26,16,24,2,9,2.4304,0.029671,0,16,0,20,20,0,9,8,"1,1,1,1,2,4,2,2",13,0,9,8416.16,1092,1,11.7579,0,17,-1,0,-1,0,SEGMENT_TIMEOUT,,,,8.531,timeout,d_raw_ticks=17 brd_raw_work_scaled=-1 brd_goal_prefix_removed=0 brd_incidental_goal_prefix_ms=-1 brd_raw_plan_valid=0 brd_exit_reason=SEGMENT_TIMEOUT
g5_dhigh_asurplus_pmixed_gshared_pool_seed0,warehouse_random_factorial,carrier_brd,1,21,244.0,244000000,93,107,44,6,0.1845,361,21,244,244000000,21,244,244000000,0,0,0,0,0,0,0,0,NOT_ATTEMPTED,0,0,0,0,-1,-1,-1,-1,-1,0,0,0,0,0,0,0,0,0,0,0,0,0,,,,,,,,,,,,,0,0,0,0,0,0,0,0,0,0,0,0,0,0,0,0,0,0,0,BOTTLENECK_TARGET_FRONTIER_CONTINUITY_V2,0,0,0,0,0,0,0,0,0,0,0,0,0,0,0,0,0,0.056728,0,0,0,0,0,0,84.8866,40.1677,3,3,2,22,35,22.615,6160,0,0,22,TASKBR_VACANCY_V1,5.32885,2,22,16,22,0,10,2.18997,0.042376,0,16,0,35,35,0,10,10,"1,2,1,2,2,2,2,2,2,6",12,0,10,217.838,31,0,10.6212,0.694753,21,244000000,0,358,1,SOLVED,361,361.165,451dd0af56211c6e55fe92f536c2d7954eb67a3bd38c8c1de06862e0fb51f681,0.373,ok,
g5_dhigh_asurplus_pmixed_gsingleton_seed0,warehouse_random_factorial,carrier_brd,0,,,,,,,,,,,,,,,,,,,,,,,,,,,,,,,,,,,,,,,,,,,,,,,,,,,,,,,,,,,,,,,,,,,,,,,,,,,,,,,,,,,,,,,,,,,,,,,,,,,,,,,40.9817,40.9864,4,4,3,25,14,11.2174,2464,1,2,4,TASKBR_VACANCY_V1,6.17083,3,25,16,24,1,15,5.97284,0.039033,0,16,0,35,35,0,15,14,"1,1,1,1,1,1,1,1,1,1,1,1,1,1",11,0,15,8426.82,2673,1,19.9679,0,27,-1,0,-1,0,SEGMENT_TIMEOUT,,,,8.552,timeout,d_raw_ticks=27 brd_raw_work_scaled=-1 brd_goal_prefix_removed=0 brd_incidental_goal_prefix_ms=-1 brd_raw_plan_valid=0 brd_exit_reason=SEGMENT_TIMEOUT
g5_dlow_abaseline_pcross_heavy_gshared_pool_seed0,warehouse_random_factorial,carrier_brd,1,38,304.0,304000000,96,160,48,8,0.2105,464,38,304,304000000,38,304,304000000,0,0,0,0,0,0,0,0,NOT_ATTEMPTED,1,0,0,0,-1,-1,-1,-1,-1,0,0,0,0,0,0,0,0,0,0,0,0,0,,,,,,,,,,,,,0,0,0,0,0,0,0,0,0,0,0,0,0,0,0,0,0,0,0,BOTTLENECK_TARGET_FRONTIER_CONTINUITY_V2,0,0,0,0,0,0,0,0,0,0,0,0,0,0,0,0,0,0.056131,0,0,0,0,0,0,87.8726,37.3188,3,3,2,24,40,24.4379,7040,0,0,0,TASKBR_VACANCY_V1,5.74885,2,24,16,24,0,15,1.76662,0.055927,0,16,0,57,57,0,15,15,"1,2,2,1,3,1,1,1,1,2,1,4,1,1,2",10,2,15,321.965,53,0,16.0917,0.307322,38,304000000,0,463,1,SOLVED,464,464.562,ad323d544c7fb5cc4d772f3924bbc25ccadf6bf5318fbd5bc833c55aa035749d,0.475,ok,
g5_dlow_abaseline_pcross_heavy_gsingleton_seed0,warehouse_random_factorial,carrier_brd,0,,,,,,,,,,,,,,,,,,,,,,,,,,,,,,,,,,,,,,,,,,,,,,,,,,,,,,,,,,,,,,,,,,,,,,,,,,,,,,,,,,,,,,,,,,,,,,,,,,,,,,,40.3121,39.7741,4,4,3,26,15,10.2691,2640,2,2,1,TASKBR_VACANCY_V1,6.14735,3,26,16,24,2,10,2.21683,0.047321,0,16,0,33,33,0,10,9,"1,1,1,1,1,2,1,1,2",10,3,10,8451.38,96,1,11.9363,0,40,-1,0,-1,0,SEGMENT_TIMEOUT,,,,8.63,timeout,d_raw_ticks=40 brd_raw_work_scaled=-1 brd_goal_prefix_removed=0 brd_incidental_goal_prefix_ms=-1 brd_raw_plan_valid=0 brd_exit_reason=SEGMENT_TIMEOUT
g5_dlow_abaseline_plocal_gshared_pool_seed0,warehouse_random_factorial,carrier_brd,1,34,291.0,291000000,69,180,42,5,0.1691,469,34,291,291000000,34,291,291000000,0,0,0,0,0,0,0,0,NOT_ATTEMPTED,0,0,0,0,-1,-1,-1,-1,-1,0,0,0,0,0,0,0,0,0,0,0,0,0,,,,,,,,,,,,,0,0,0,0,0,0,0,0,0,0,0,0,0,0,0,0,0,0,0,BOTTLENECK_TARGET_FRONTIER_CONTINUITY_V2,0,0,0,0,0,0,0,0,0,0,0,0,0,0,0,0,0,0.058582,0,0,0,0,0,0,87.1535,39.0574,3,3,2,21,44,27.3675,7744,0,0,0,TASKBR_VACANCY_V1,4.60625,2,21,16,21,0,15,3.06576,0.09186,0,16,0,82,82,0,15,15,"1,1,1,1,1,1,1,1,1,2,2,3,3,1,1",5,14,15,327.4,49,0,17.5609,0.282128,34,291000000,0,468,1,SOLVED,469,470.03,d06712307eae2802c358c9a7e4ca76e573c51df149b532f2d2aa504846bb4cac,0.482,ok,
g5_dlow_abaseline_plocal_gsingleton_seed0,warehouse_random_factorial,carrier_brd,0,,,,,,,,,,,,,,,,,,,,,,,,,,,,,,,,,,,,,,,,,,,,,,,,,,,,,,,,,,,,,,,,,,,,,,,,,,,,,,,,,,,,,,,,,,,,,,,,,,,,,,,39.0519,39.2735,4,4,3,25,13,9.09054,2288,1,1,36,TASKBR_VACANCY_V1,5.89201,3,25,16,24,1,11,2.17327,0.050114,0,16,0,38,38,0,11,10,"1,2,1,2,1,1,2,2,1,1",8,4,11,8442.91,2817,1,22.9645,0,28,-1,0,-1,0,SEGMENT_TIMEOUT,,,,8.558,timeout,d_raw_ticks=28 brd_raw_work_scaled=-1 brd_goal_prefix_removed=0 brd_incidental_goal_prefix_ms=-1 brd_raw_plan_valid=0 brd_exit_reason=SEGMENT_TIMEOUT
g5_dlow_abaseline_pmixed_gshared_pool_seed0,warehouse_random_factorial,carrier_brd,1,31,262.0,262000000,89,129,44,6,0.2392,392,31,262,262000000,31,262,262000000,0,0,0,0,0,0,0,0,NOT_ATTEMPTED,1,0,0,0,-1,-1,-1,-1,-1,0,0,0,0,0,0,0,0,0,0,0,0,0,,,,,,,,,,,,,0,0,0,0,0,0,0,0,0,0,0,0,0,0,0,0,0,0,0,BOTTLENECK_TARGET_FRONTIER_CONTINUITY_V2,0,0,0,0,0,0,0,0,0,0,0,0,0,0,0,0,0,0.049028,0,0,0,0,0,0,83.1924,35.9393,3,3,2,22,32,19.6276,5632,0,0,0,TASKBR_VACANCY_V1,4.7303,2,22,16,22,0,12,1.73195,0.054576,0,16,0,46,46,0,12,12,"2,2,2,1,1,2,2,1,2,1,5,1",9,5,12,258.63,43,0,12.8105,0.255012,31,262000000,0,391,1,SOLVED,392,392.941,6273f93b3525bc565e95400ad17a591388a89f67f3beb2bc6dc047ea084fbb2a,0.404,ok,
g5_dlow_abaseline_pmixed_gsingleton_seed0,warehouse_random_factorial,carrier_brd,0,,,,,,,,,,,,,,,,,,,,,,,,,,,,,,,,,,,,,,,,,,,,,,,,,,,,,,,,,,,,,,,,,,,,,,,,,,,,,,,,,,,,,,,,,,,,,,,,,,,,,,,38.8509,37.303,3,3,2,24,11,7.90196,1936,0,0,0,TASKBR_VACANCY_V1,5.4282,2,24,16,24,0,12,3.38381,0.056483,0,16,0,36,36,0,12,11,"1,1,1,2,2,1,2,1,1,1,1",9,5,12,8447.38,3469,1,23.0375,0,40,-1,0,-1,0,SEGMENT_TIMEOUT,,,,8.57,timeout,d_raw_ticks=40 brd_raw_work_scaled=-1 brd_goal_prefix_removed=0 brd_incidental_goal_prefix_ms=-1 brd_raw_plan_valid=0 brd_exit_reason=SEGMENT_TIMEOUT
g5_dlow_aequal_pcross_heavy_gshared_pool_seed0,warehouse_random_factorial,carrier_brd,1,30,297.0,297000000,96,153,48,8,0.2,468,30,297,297000000,30,297,297000000,0,0,0,0,0,0,0,0,NOT_ATTEMPTED,1,0,0,0,-1,-1,-1,-1,-1,0,0,0,0,0,0,0,0,0,0,0,0,0,,,,,,,,,,,,,0,0,0,0,0,0,0,0,0,0,0,0,0,0,0,0,0,0,0,BOTTLENECK_TARGET_FRONTIER_CONTINUITY_V2,0,0,0,0,0,0,0,0,0,0,0,0,0,0,0,0,0,0.058689,0,0,0,0,0,0,88.331,38.1477,3,3,2,24,40,24.6039,7040,0,0,0,TASKBR_VACANCY_V1,5.50795,2,24,16,24,0,15,2.33586,0.067053,0,16,0,66,66,0,15,15,"1,1,1,1,2,1,1,1,1,2,1,1,2,7,1",8,0,15,326.143,45,0,18.1366,0.276371,30,297000000,0,467,1,SOLVED,468,468.952,3208b0e7b0457fcdd6e1646e86fca4746ec8b0b513a8c8b98c2f07eb0b52fab4,0.479,ok,
g5_dlow_aequal_pcross_heavy_gsingleton_seed0,warehouse_random_factorial,carrier_brd,0,,,,,,,,,,,,,,,,,,,,,,,,,,,,,,,,,,,,,,,,,,,,,,,,,,,,,,,,,,,,,,,,,,,,,,,,,,,,,,,,,,,,,,,,,,,,,,,,,,,,,,,40.2266,40.1029,4,4,3,26,15,10.2288,2640,2,2,1,TASKBR_VACANCY_V1,5.81575,3,26,16,24,2,10,2.0409,0.039149,0,16,0,35,35,0,10,9,"1,1,2,1,1,1,1,2,1",10,0,10,8439.85,80,1,13.1049,0,42,-1,0,-1,0,SEGMENT_TIMEOUT,,,,8.598,timeout,d_raw_ticks=42 brd_raw_work_scaled=-1 brd_goal_prefix_removed=0 brd_incidental_goal_prefix_ms=-1 brd_raw_plan_valid=0 brd_exit_reason=SEGMENT_TIMEOUT
g5_dlow_aequal_plocal_gshared_pool_seed0,warehouse_random_factorial,carrier_brd,1,25,274.0,274000000,69,163,42,5,0.1725,376,25,274,274000000,25,274,274000000,0,0,0,0,0,0,0,0,NOT_ATTEMPTED,0,0,0,0,-1,-1,-1,-1,-1,0,0,0,0,0,0,0,0,0,0,0,0,0,,,,,,,,,,,,,0,0,0,0,0,0,0,0,0,0,0,0,0,0,0,0,0,0,0,BOTTLENECK_TARGET_FRONTIER_CONTINUITY_V2,0,0,0,0,0,0,0,0,0,0,0,0,0,0,0,0,0,0.046446,0,0,0,0,0,0,85.214,38.129,3,3,2,21,44,26.3551,7744,0,0,0,TASKBR_VACANCY_V1,4.74054,2,21,16,21,0,11,2.45729,0.058931,0,16,0,55,55,0,11,11,"1,1,1,4,2,2,1,2,1,1,5",6,2,11,238.322,36,0,12.3301,0.220261,25,274000000,0,375,1,SOLVED,376,376.195,be80bd634695593e795410d5656d124c800bd4589ce11d17ed2db6df82e48ade,0.386,ok,
g5_dlow_aequal_plocal_gsingleton_seed0,warehouse_random_factorial,carrier_brd,0,,,,,,,,,,,,,,,,,,,,,,,,,,,,,,,,,,,,,,,,,,,,,,,,,,,,,,,,,,,,,,,,,,,,,,,,,,,,,,,,,,,,,,,,,,,,,,,,,,,,,,,40.5253,39.2456,4,4,3,25,13,9.02886,2288,1,1,36,TASKBR_VACANCY_V1,5.97155,3,25,16,24,1,10,1.41923,0.03131,0,16,0,23,23,0,10,9,"2,1,1,1,3,2,2,1,1",12,0,10,8436.48,2663,1,17.4952,0,21,-1,0,-1,0,SEGMENT_TIMEOUT,,,,8.553,timeout,d_raw_ticks=21 brd_raw_work_scaled=-1 brd_goal_prefix_removed=0 brd_incidental_goal_prefix_ms=-1 brd_raw_plan_valid=0 brd_exit_reason=SEGMENT_TIMEOUT
g5_dlow_aequal_pmixed_gshared_pool_seed0,warehouse_random_factorial,carrier_brd,1,21,271.0,271000000,89,138,44,6,0.2649,304,21,271,271000000,21,271,271000000,0,0,0,0,0,0,0,0,NOT_ATTEMPTED,0,0,0,0,-1,-1,-1,-1,-1,0,0,0,0,0,0,0,0,0,0,0,0,0,,,,,,,,,,,,,0,0,0,0,0,0,0,0,0,0,0,0,0,0,0,0,0,0,0,BOTTLENECK_TARGET_FRONTIER_CONTINUITY_V2,0,0,0,0,0,0,0,0,0,0,0,0,0,0,0,0,0,0.038421,0,0,0,0,0,0,82.6468,36.4026,3,3,2,22,32,19.7006,5632,0,0,0,TASKBR_VACANCY_V1,4.5422,2,22,16,22,0,8,1.31759,0.03775,0,16,0,31,31,0,8,8,"1,1,2,2,2,3,5,6",12,0,8,173.672,29,0,9.39888,0.191538,21,271000000,0,303,1,SOLVED,304,304.689,c614aedcdad8ba898a6c7a6a5e900cea29f43a17d50281d8c17bae039ed582c1,0.316,ok,
g5_dlow_aequal_pmixed_gsingleton_seed0,warehouse_random_factorial,carrier_brd,0,,,,,,,,,,,,,,,,,,,,,,,,,,,,,,,,,,,,,,,,,,,,,,,,,,,,,,,,,,,,,,,,,,,,,,,,,,,,,,,,,,,,,,,,,,,,,,,,,,,,,,,38.7339,37.0692,3,3,2,24,11,7.85338,1936,0,0,0,TASKBR_VACANCY_V1,5.38451,2,24,16,24,0,11,1.90917,0.041758,0,16,0,38,38,0,11,10,"1,1,2,2,1,1,1,1,3,1",10,0,11,8441.4,2685,1,18.9456,0,40,-1,0,-1,0,SEGMENT_TIMEOUT,,,,8.553,timeout,d_raw_ticks=40 brd_raw_work_scaled=-1 brd_goal_prefix_removed=0 brd_incidental_goal_prefix_ms=-1 brd_raw_plan_valid=0 brd_exit_reason=SEGMENT_TIMEOUT
g5_dlow_ascarce_pcross_heavy_gshared_pool_seed0,warehouse_random_factorial,carrier_brd,1,55,341.0,341000000,96,197,48,8,0.2182,535,55,341,341000000,55,341,341000000,0,0,0,0,0,0,0,0,NOT_ATTEMPTED,2,0,0,0,-1,-1,-1,-1,-1,0,0,0,0,0,0,0,0,0,0,0,0,0,,,,,,,,,,,,,0,0,0,0,0,0,0,0,0,0,0,0,0,0,0,0,0,0,0,BOTTLENECK_TARGET_FRONTIER_CONTINUITY_V2,0,0,0,0,0,0,0,0,0,0,0,0,0,0,0,0,0,0.065945,0,0,0,0,0,0,87.6402,37.9985,3,3,2,24,40,24.4461,7040,0,0,0,TASKBR_VACANCY_V1,5.30405,2,24,16,24,0,18,2.76381,0.071222,0,16,0,64,64,0,18,18,"1,1,1,2,1,1,1,1,1,2,1,1,1,1,5,1,1,1",5,7,18,389.294,73,0,20.0434,0.410922,55,341000000,0,533,1,SOLVED,535,535.538,36b9dc6e6adf767ce7bb19d4821574dc44639c05e4032da13b2995720fb0e396,0.547,ok,
g5_dlow_ascarce_pcross_heavy_gsingleton_seed0,warehouse_random_factorial,carrier_brd,0,,,,,,,,,,,,,,,,,,,,,,,,,,,,,,,,,,,,,,,,,,,,,,,,,,,,,,,,,,,,,,,,,,,,,,,,,,,,,,,,,,,,,,,,,,,,,,,,,,,,,,,40.7538,39.8691,4,4,3,26,15,10.2518,2640,2,2,1,TASKBR_VACANCY_V1,6.37321,3,26,16,24,2,13,2.83289,0.044931,0,16,0,32,32,0,13,12,"1,1,1,1,1,1,1,1,2,1,1,1",7,2,13,8423.21,697,1,17.5223,0,70,-1,0,-1,0,SEGMENT_TIMEOUT,,,,8.552,timeout,d_raw_ticks=70 brd_raw_work_scaled=-1 brd_goal_prefix_removed=0 brd_incidental_goal_prefix_ms=-1 brd_raw_plan_valid=0 brd_exit_reason=SEGMENT_TIMEOUT
g5_dlow_ascarce_plocal_gshared_pool_seed0,warehouse_random_factorial,carrier_brd,1,50,290.0,290000000,69,179,42,5,0.1725,531,50,290,290000000,50,290,290000000,0,0,0,0,0,0,0,0,NOT_ATTEMPTED,1,0,0,0,-1,-1,-1,-1,-1,0,0,0,0,0,0,0,0,0,0,0,0,0,,,,,,,,,,,,,0,0,0,0,0,0,0,0,0,0,0,0,0,0,0,0,0,0,0,BOTTLENECK_TARGET_FRONTIER_CONTINUITY_V2,0,0,0,0,0,0,0,0,0,0,0,0,0,0,0,0,0,0.062696,0,0,0,0,0,0,86.0823,37.1181,3,3,2,21,44,26.7744,7744,0,0,0,TASKBR_VACANCY_V1,4.66155,2,21,16,21,0,18,3.5597,0.080328,0,16,0,71,71,0,18,18,"1,1,1,1,1,1,1,1,1,1,2,1,2,1,2,1,1,1",4,10,18,388.734,68,0,20.4052,0.359697,50,290000000,0,529,1,SOLVED,531,531.085,4cec260543e90e8e399bc75ff3f900c679242ffba67172412a8bbb58b05429a4,0.542,ok,
g5_dlow_ascarce_plocal_gsingleton_seed0,warehouse_random_factorial,carrier_brd,0,,,,,,,,,,,,,,,,,,,,,,,,,,,,,,,,,,,,,,,,,,,,,,,,,,,,,,,,,,,,,,,,,,,,,,,,,,,,,,,,,,,,,,,,,,,,,,,,,,,,,,,39.0209,39.6126,4,4,3,25,13,9.10057,2288,1,1,36,TASKBR_VACANCY_V1,5.77808,3,25,16,24,1,12,2.99356,0.047378,0,16,0,35,35,0,12,11,"1,1,1,1,1,2,2,1,1,1,2",6,7,12,8440.98,2900,1,21.6821,0,44,-1,0,-1,0,SEGMENT_TIMEOUT,,,,8.559,timeout,d_raw_ticks=44 brd_raw_work_scaled=-1 brd_goal_prefix_removed=0 brd_incidental_goal_prefix_ms=-1 brd_raw_plan_valid=0 brd_exit_reason=SEGMENT_TIMEOUT
g5_dlow_ascarce_pmixed_gshared_pool_seed0,warehouse_random_factorial,carrier_brd,1,56,315.0,315000000,89,182,44,6,0.1987,567,56,315,315000000,56,315,315000000,0,0,0,0,0,0,0,0,NOT_ATTEMPTED,1,0,0,0,-1,-1,-1,-1,-1,0,0,0,0,0,0,0,0,0,0,0,0,0,,,,,,,,,,,,,0,0,0,0,0,0,0,0,0,0,0,0,0,0,0,0,0,0,0,BOTTLENECK_TARGET_FRONTIER_CONTINUITY_V2,0,0,0,0,0,0,0,0,0,0,0,0,0,0,0,0,0,0.072016,0,0,0,0,0,0,84.8438,37.4083,3,3,2,22,32,20.1299,5632,0,0,0,TASKBR_VACANCY_V1,4.82861,2,22,16,22,0,19,2.9754,0.07465,0,16,0,69,69,0,19,19,"2,1,1,2,1,1,1,1,1,1,1,1,1,1,2,1,1,1,1",4,10,19,426.141,75,0,21.7667,0.403723,56,315000000,0,566,1,SOLVED,567,567.913,e2558d819719d17a95338313f1f1f3b2df53c7ca4b8728a2f4ee7776a960c2de,0.579,ok,
g5_dlow_ascarce_pmixed_gsingleton_seed0,warehouse_random_factorial,carrier_brd,0,,,,,,,,,,,,,,,,,,,,,,,,,,,,,,,,,,,,,,,,,,,,,,,,,,,,,,,,,,,,,,,,,,,,,,,,,,,,,,,,,,,,,,,,,,,,,,,,,,,,,,,39.4296,37.4635,3,3,2,24,11,7.85499,1936,0,0,0,TASKBR_VACANCY_V1,5.10548,2,24,16,24,0,14,3.32938,0.048149,0,16,0,40,40,0,14,13,"1,1,2,1,1,1,1,1,1,1,1,1,1",7,8,14,8440.1,2910,1,24.5687,0,61,-1,0,-1,0,SEGMENT_TIMEOUT,,,,8.559,timeout,d_raw_ticks=61 brd_raw_work_scaled=-1 brd_goal_prefix_removed=0 brd_incidental_goal_prefix_ms=-1 brd_raw_plan_valid=0 brd_exit_reason=SEGMENT_TIMEOUT
g5_dlow_asurplus_pcross_heavy_gshared_pool_seed0,warehouse_random_factorial,carrier_brd,1,23,248.0,248000000,96,104,48,8,0.1739,360,23,248,248000000,23,248,248000000,0,0,0,0,0,0,0,0,NOT_ATTEMPTED,0,0,0,0,-1,-1,-1,-1,-1,0,0,0,0,0,0,0,0,0,0,0,0,0,,,,,,,,,,,,,0,0,0,0,0,0,0,0,0,0,0,0,0,0,0,0,0,0,0,BOTTLENECK_TARGET_FRONTIER_CONTINUITY_V2,0,0,0,0,0,0,0,0,0,0,0,0,0,0,0,0,0,0.046953,0,0,0,0,0,0,88.1294,38.0674,3,3,2,24,40,24.4369,7040,0,0,0,TASKBR_VACANCY_V1,5.44531,2,24,16,24,0,10,2.79764,0.039084,0,16,0,35,35,0,10,10,"1,3,1,1,2,2,3,2,1,8",11,0,10,217.253,33,0,10.852,0.252859,23,248000000,0,359,1,SOLVED,360,360.12,e97f784eda4e090a590d432ffeeb57593dda5b9cd0f1cfef325ea334f9152763,0.37,ok,
g5_dlow_asurplus_pcross_heavy_gsingleton_seed0,warehouse_random_factorial,carrier_brd,0,,,,,,,,,,,,,,,,,,,,,,,,,,,,,,,,,,,,,,,,,,,,,,,,,,,,,,,,,,,,,,,,,,,,,,,,,,,,,,,,,,,,,,,,,,,,,,,,,,,,,,,40.4371,39.8285,4,4,3,26,15,10.204,2640,2,2,1,TASKBR_VACANCY_V1,6.04287,3,26,16,24,2,12,2.51232,0.03182,0,16,0,22,22,0,12,11,"1,1,1,1,1,1,2,1,1,1,1",13,0,12,8423.75,182,1,14.847,0,31,-1,0,-1,0,SEGMENT_TIMEOUT,,,,8.551,timeout,d_raw_ticks=31 brd_raw_work_scaled=-1 brd_goal_prefix_removed=0 brd_incidental_goal_prefix_ms=-1 brd_raw_plan_valid=0 brd_exit_reason=SEGMENT_TIMEOUT
g5_dlow_asurplus_plocal_gshared_pool_seed0,warehouse_random_factorial,carrier_brd,1,22,234.0,234000000,69,123,42,5,0.1307,381,22,234,234000000,22,234,234000000,0,0,0,0,0,0,0,0,NOT_ATTEMPTED,1,0,0,0,-1,-1,-1,-1,-1,0,0,0,0,0,0,0,0,0,0,0,0,0,,,,,,,,,,,,,0,0,0,0,0,0,0,0,0,0,0,0,0,0,0,0,0,0,0,BOTTLENECK_TARGET_FRONTIER_CONTINUITY_V2,0,0,0,0,0,0,0,0,0,0,0,0,0,0,0,0,0,0.046811,0,0,0,0,0,0,89.4621,37.3703,3,3,2,21,44,26.3867,7744,0,0,0,TASKBR_VACANCY_V1,5.05031,2,21,16,21,0,11,2.91003,0.057337,0,16,0,54,54,0,11,11,"1,1,1,2,2,1,2,4,1,1,5",8,0,11,240.153,33,0,13.3286,0.228824,22,234000000,0,380,1,SOLVED,381,381.33,5b3cfe9c15a0092016f45d107c35d80ea15c9f22ecec496e63dd402fff66928e,0.392,ok,
g5_dlow_asurplus_plocal_gsingleton_seed0,warehouse_random_factorial,carrier_brd,0,,,,,,,,,,,,,,,,,,,,,,,,,,,,,,,,,,,,,,,,,,,,,,,,,,,,,,,,,,,,,,,,,,,,,,,,,,,,,,,,,,,,,,,,,,,,,,,,,,,,,,,39.7533,41.1106,4,4,3,25,13,9.14129,2288,1,1,36,TASKBR_VACANCY_V1,5.48747,3,25,16,24,1,8,2.41763,0.028594,0,16,0,17,17,0,8,7,"2,1,1,2,4,2,2",13,0,8,8435.63,2543,1,15.7257,0,17,-1,0,-1,0,SEGMENT_TIMEOUT,,,,8.55,timeout,d_raw_ticks=17 brd_raw_work_scaled=-1 brd_goal_prefix_removed=0 brd_incidental_goal_prefix_ms=-1 brd_raw_plan_valid=0 brd_exit_reason=SEGMENT_TIMEOUT
g5_dlow_asurplus_pmixed_gshared_pool_seed0,warehouse_random_factorial,carrier_brd,1,21,236.0,236000000,89,103,44,6,0.1766,332,21,236,236000000,21,236,236000000,0,0,0,0,0,0,0,0,NOT_ATTEMPTED,0,0,0,0,-1,-1,-1,-1,-1,0,0,0,0,0,0,0,0,0,0,0,0,0,,,,,,,,,,,,,0,0,0,0,0,0,0,0,0,0,0,0,0,0,0,0,0,0,0,BOTTLENECK_TARGET_FRONTIER_CONTINUITY_V2,0,0,0,0,0,0,0,0,0,0,0,0,0,0,0,0,0,0.04508,0,0,0,0,0,0,83.4279,36.9637,3,3,2,22,32,19.8849,5632,0,0,0,TASKBR_VACANCY_V1,4.81561,2,22,16,22,0,9,2.04741,0.036709,0,16,0,31,31,0,9,9,"1,3,2,2,2,2,1,3,6",11,0,9,198.123,30,0,10.3117,0.217445,21,236000000,0,331,1,SOLVED,332,332.143,ef5a59494aeea86e93bba2605f23b47bdb587c78d43f40f84426d49006d89524,0.343,ok,
g5_dlow_asurplus_pmixed_gsingleton_seed0,warehouse_random_factorial,carrier_brd,0,,,,,,,,,,,,,,,,,,,,,,,,,,,,,,,,,,,,,,,,,,,,,,,,,,,,,,,,,,,,,,,,,,,,,,,,,,,,,,,,,,,,,,,,,,,,,,,,,,,,,,,38.5165,36.9922,3,3,2,24,11,7.9238,1936,0,0,0,TASKBR_VACANCY_V1,5.41166,2,24,16,24,0,13,5.67869,0.043827,0,16,0,35,35,0,13,12,"1,1,2,1,1,1,1,1,1,1,2,1",11,3,13,8441.56,3045,1,22.6623,0,40,-1,0,-1,0,SEGMENT_TIMEOUT,,,,8.56,timeout,d_raw_ticks=40 brd_raw_work_scaled=-1 brd_goal_prefix_removed=0 brd_incidental_goal_prefix_ms=-1 brd_raw_plan_valid=0 brd_exit_reason=SEGMENT_TIMEOUT
g5_dmedium_abaseline_pcross_heavy_gshared_pool_seed0,warehouse_random_factorial,carrier_brd,1,44,318.0,318000000,102,168,48,8,0.1932,539,44,318,318000000,44,318,318000000,0,0,0,0,0,0,0,0,NOT_ATTEMPTED,1,0,0,0,-1,-1,-1,-1,-1,0,0,0,0,0,0,0,0,0,0,0,0,0,,,,,,,,,,,,,0,0,0,0,0,0,0,0,0,0,0,0,0,0,0,0,0,0,0,BOTTLENECK_TARGET_FRONTIER_CONTINUITY_V2,0,0,0,0,0,0,0,0,0,0,0,0,0,0,0,0,0,0.065978,0,0,0,0,0,0,102.431,37.9664,3,3,2,24,47,31.3012,8272,0,0,17,TASKBR_VACANCY_V1,5.72702,2,24,16,24,0,17,2.25426,0.062061,0,16,0,67,67,0,17,17,"1,1,1,1,1,3,1,1,1,1,2,1,1,5,1,1,1",9,4,17,372.706,61,0,17.7733,1.02089,44,318000000,0,535,1,SOLVED,539,539.115,ee0b0da59a261c60f1a059a9e9a536115fbaa20fba4b5339ceaedaf1b09a6b02,0.553,ok,
g5_dmedium_abaseline_pcross_heavy_gsingleton_seed0,warehouse_random_factorial,carrier_brd,0,,,,,,,,,,,,,,,,,,,,,,,,,,,,,,,,,,,,,,,,,,,,,,,,,,,,,,,,,,,,,,,,,,,,,,,,,,,,,,,,,,,,,,,,,,,,,,,,,,,,,,,42.6037,42.1609,4,4,3,26,17,12.943,2992,2,5,5,TASKBR_VACANCY_V1,6.01054,3,26,16,24,2,11,2.15671,0.051033,0,16,0,33,33,0,11,10,"1,1,1,1,1,2,1,1,1,1",10,1,11,8452.8,113,1,13.108,0,42,-1,0,-1,0,SEGMENT_TIMEOUT,,,,8.648,timeout,d_raw_ticks=42 brd_raw_work_scaled=-1 brd_goal_prefix_removed=0 brd_incidental_goal_prefix_ms=-1 brd_raw_plan_valid=0 brd_exit_reason=SEGMENT_TIMEOUT
g5_dmedium_abaseline_plocal_gshared_pool_seed0,warehouse_random_factorial,carrier_brd,1,34,291.0,291000000,69,180,42,5,0.1691,484,34,291,291000000,34,291,291000000,0,0,0,0,0,0,0,0,NOT_ATTEMPTED,0,0,0,0,-1,-1,-1,-1,-1,0,0,0,0,0,0,0,0,0,0,0,0,0,,,,,,,,,,,,,0,0,0,0,0,0,0,0,0,0,0,0,0,0,0,0,0,0,0,BOTTLENECK_TARGET_FRONTIER_CONTINUITY_V2,0,0,0,0,0,0,0,0,0,0,0,0,0,0,0,0,0,0.059595,0,0,0,0,0,0,93.4039,39.0196,3,3,2,21,50,32.7204,8800,0,0,5,TASKBR_VACANCY_V1,4.99407,2,21,16,21,0,15,3.03967,0.09513,0,16,0,82,82,0,15,15,"1,1,1,1,1,1,1,1,1,2,2,3,3,1,1",5,14,15,328.72,49,0,16.0333,0.773539,34,291000000,0,481,1,SOLVED,484,484.191,d06712307eae2802c358c9a7e4ca76e573c51df149b532f2d2aa504846bb4cac,0.496,ok,
g5_dmedium_abaseline_plocal_gsingleton_seed0,warehouse_random_factorial,carrier_brd,0,,,,,,,,,,,,,,,,,,,,,,,,,,,,,,,,,,,,,,,,,,,,,,,,,,,,,,,,,,,,,,,,,,,,,,,,,,,,,,,,,,,,,,,,,,,,,,,,,,,,,,,39.8564,41.6447,4,4,3,25,13,9.90761,2288,1,1,40,TASKBR_VACANCY_V1,5.70576,3,25,16,24,1,11,2.20702,0.049762,0,16,0,38,38,0,11,10,"1,2,1,2,1,1,2,2,1,1",8,4,11,8428.22,2034,1,18.7709,0,28,-1,0,-1,0,SEGMENT_TIMEOUT,,,,8.548,timeout,d_raw_ticks=28 brd_raw_work_scaled=-1 brd_goal_prefix_removed=0 brd_incidental_goal_prefix_ms=-1 brd_raw_plan_valid=0 brd_exit_reason=SEGMENT_TIMEOUT
g5_dmedium_abaseline_pmixed_gshared_pool_seed0,warehouse_random_factorial,carrier_brd,1,31,262.0,262000000,89,129,44,6,0.2392,403,31,262,262000000,31,262,262000000,0,0,0,0,0,0,0,0,NOT_ATTEMPTED,1,0,0,0,-1,-1,-1,-1,-1,0,0,0,0,0,0,0,0,0,0,0,0,0,,,,,,,,,,,,,0,0,0,0,0,0,0,0,0,0,0,0,0,0,0,0,0,0,0,BOTTLENECK_TARGET_FRONTIER_CONTINUITY_V2,0,0,0,0,0,0,0,0,0,0,0,0,0,0,0,0,0,0.049587,0,0,0,0,0,0,86.3524,37.714,3,3,2,22,32,22.1719,5632,0,0,22,TASKBR_VACANCY_V1,4.67951,2,22,16,22,0,12,1.62688,0.049841,0,16,0,46,46,0,12,12,"2,2,2,1,1,2,2,1,2,1,5,1",9,5,12,260.69,43,0,12.4823,0.799166,31,262000000,0,401,1,SOLVED,403,404.003,fe2e8f4a44c42776b3bb8bf5e89727d543bfbfd8684433df4c93e36ec882fb3d,0.416,ok,
g5_dmedium_abaseline_pmixed_gsingleton_seed0,warehouse_random_factorial,carrier_brd,0,,,,,,,,,,,,,,,,,,,,,,,,,,,,,,,,,,,,,,,,,,,,,,,,,,,,,,,,,,,,,,,,,,,,,,,,,,,,,,,,,,,,,,,,,,,,,,,,,,,,,,,40.5704,41.7974,4,4,3,25,13,10.8165,2288,1,1,0,TASKBR_VACANCY_V1,5.38254,3,25,16,24,1,11,2.67279,0.059625,0,16,0,36,36,0,11,10,"1,1,1,1,1,2,3,1,2,1",9,5,11,8421.77,1697,1,17.6185,0,40,-1,0,-1,0,SEGMENT_TIMEOUT,,,,8.542,timeout,d_raw_ticks=40 brd_raw_work_scaled=-1 brd_goal_prefix_removed=0 brd_incidental_goal_prefix_ms=-1 brd_raw_plan_valid=0 brd_exit_reason=SEGMENT_TIMEOUT
g5_dmedium_aequal_pcross_heavy_gshared_pool_seed0,warehouse_random_factorial,carrier_brd,1,30,309.0,309000000,102,159,48,8,0.2125,441,30,309,309000000,30,309,309000000,0,0,0,0,0,0,0,0,NOT_ATTEMPTED,3,0,0,0,-1,-1,-1,-1,-1,0,0,0,0,0,0,0,0,0,0,0,0,0,,,,,,,,,,,,,0,0,0,0,0,0,0,0,0,0,0,0,0,0,0,0,0,0,0,BOTTLENECK_TARGET_FRONTIER_CONTINUITY_V2,0,0,0,0,0,0,0,0,0,0,0,0,0,0,0,0,0,0.053689,0,0,0,0,0,0,101.306,38.0722,3,3,2,24,47,30.759,8272,0,0,17,TASKBR_VACANCY_V1,5.71805,2,24,16,24,0,13,2.30672,0.061193,0,16,0,61,61,0,13,13,"1,1,1,1,2,1,1,2,2,1,3,7,1",8,0,13,281.924,43,0,13.7246,0.713921,30,309000000,0,438,1,SOLVED,441,441.147,0f237dde8a084c65b5d80017fac8f9c67f99e9e6317cfd61d6c18505deb86e0e,0.453,ok,
g5_dmedium_aequal_pcross_heavy_gsingleton_seed0,warehouse_random_factorial,carrier_brd,0,,,,,,,,,,,,,,,,,,,,,,,,,,,,,,,,,,,,,,,,,,,,,,,,,,,,,,,,,,,,,,,,,,,,,,,,,,,,,,,,,,,,,,,,,,,,,,,,,,,,,,,42.2606,40.9935,4,4,3,26,17,12.769,2992,2,5,5,TASKBR_VACANCY_V1,5.87106,3,26,16,24,2,10,1.95578,0.039288,0,16,0,35,35,0,10,9,"1,1,1,1,2,1,1,2,1",11,0,10,8438.46,86,1,12.9241,0,42,-1,0,-1,0,SEGMENT_TIMEOUT,,,,8.602,timeout,d_raw_ticks=42 brd_raw_work_scaled=-1 brd_goal_prefix_removed=0 brd_incidental_goal_prefix_ms=-1 brd_raw_plan_valid=0 brd_exit_reason=SEGMENT_TIMEOUT
g5_dmedium_aequal_plocal_gshared_pool_seed0,warehouse_random_factorial,carrier_brd,1,25,274.0,274000000,69,163,42,5,0.1725,387,25,274,274000000,25,274,274000000,0,0,0,0,0,0,0,0,NOT_ATTEMPTED,0,0,0,0,-1,-1,-1,-1,-1,0,0,0,0,0,0,0,0,0,0,0,0,0,,,,,,,,,,,,,0,0,0,0,0,0,0,0,0,0,0,0,0,0,0,0,0,0,0,BOTTLENECK_TARGET_FRONTIER_CONTINUITY_V2,0,0,0,0,0,0,0,0,0,0,0,0,0,0,0,0,0,0.04457,0,0,0,0,0,0,92.8258,38.7584,3,3,2,21,50,32.3577,8800,0,0,5,TASKBR_VACANCY_V1,5.07213,2,21,16,21,0,11,2.56991,0.059351,0,16,0,55,55,0,11,11,"1,1,1,4,2,2,1,2,1,1,5",6,2,11,237.554,36,0,11.5451,0.577216,25,274000000,0,385,1,SOLVED,387,387.914,be80bd634695593e795410d5656d124c800bd4589ce11d17ed2db6df82e48ade,0.399,ok,
g5_dmedium_aequal_plocal_gsingleton_seed0,warehouse_random_factorial,carrier_brd,0,,,,,,,,,,,,,,,,,,,,,,,,,,,,,,,,,,,,,,,,,,,,,,,,,,,,,,,,,,,,,,,,,,,,,,,,,,,,,,,,,,,,,,,,,,,,,,,,,,,,,,,39.5018,41.5708,4,4,3,25,13,9.92552,2288,1,1,40,TASKBR_VACANCY_V1,5.70524,3,25,16,24,1,10,1.41554,0.031347,0,16,0,23,23,0,10,9,"2,1,1,1,3,2,2,1,1",12,0,10,8431.09,1995,1,17.4649,0,21,-1,0,-1,0,SEGMENT_TIMEOUT,,,,8.547,timeout,d_raw_ticks=21 brd_raw_work_scaled=-1 brd_goal_prefix_removed=0 brd_incidental_goal_prefix_ms=-1 brd_raw_plan_valid=0 brd_exit_reason=SEGMENT_TIMEOUT
g5_dmedium_aequal_pmixed_gshared_pool_seed0,warehouse_random_factorial,carrier_brd,1,21,271.0,271000000,89,138,44,6,0.2649,313,21,271,271000000,21,271,271000000,0,0,0,0,0,0,0,0,NOT_ATTEMPTED,0,0,0,0,-1,-1,-1,-1,-1,0,0,0,0,0,0,0,0,0,0,0,0,0,,,,,,,,,,,,,0,0,0,0,0,0,0,0,0,0,0,0,0,0,0,0,0,0,0,BOTTLENECK_TARGET_FRONTIER_CONTINUITY_V2,0,0,0,0,0,0,0,0,0,0,0,0,0,0,0,0,0,0.040362,0,0,0,0,0,0,85.8519,38.0071,3,3,2,22,32,22.0453,5632,0,0,22,TASKBR_VACANCY_V1,5.06855,2,22,16,22,0,8,1.24481,0.036324,0,16,0,31,31,0,8,8,"1,1,2,2,2,3,5,6",12,0,8,174.333,29,0,9.06592,0.488946,21,271000000,0,311,1,SOLVED,313,313.544,3d637b3edc4a5f242b028d7c2b796da95c5fbe5b0438f3355926640cf2db31e6,0.325,ok,
g5_dmedium_aequal_pmixed_gsingleton_seed0,warehouse_random_factorial,carrier_brd,0,,,,,,,,,,,,,,,,,,,,,,,,,,,,,,,,,,,,,,,,,,,,,,,,,,,,,,,,,,,,,,,,,,,,,,,,,,,,,,,,,,,,,,,,,,,,,,,,,,,,,,,39.2697,40.4189,4,4,3,25,13,10.2273,2288,1,1,0,TASKBR_VACANCY_V1,5.44967,3,25,16,24,1,11,1.73369,0.043472,0,16,0,42,42,0,11,10,"1,1,2,1,1,1,1,3,2,1",10,6,11,8424.94,1602,1,16.6187,0,40,-1,0,-1,0,SEGMENT_TIMEOUT,,,,8.538,timeout,d_raw_ticks=40 brd_raw_work_scaled=-1 brd_goal_prefix_removed=0 brd_incidental_goal_prefix_ms=-1 brd_raw_plan_valid=0 brd_exit_reason=SEGMENT_TIMEOUT
g5_dmedium_ascarce_pcross_heavy_gshared_pool_seed0,warehouse_random_factorial,carrier_brd,1,59,385.0,385000000,102,235,48,8,0.2161,648,59,385,385000000,59,385,385000000,0,0,0,0,0,0,0,0,NOT_ATTEMPTED,3,0,0,0,-1,-1,-1,-1,-1,0,0,0,0,0,0,0,0,0,0,0,0,0,,,,,,,,,,,,,0,0,0,0,0,0,0,0,0,0,0,0,0,0,0,0,0,0,0,BOTTLENECK_TARGET_FRONTIER_CONTINUITY_V2,0,0,0,0,0,0,0,0,0,0,0,0,0,0,0,0,0,0.080701,0,0,0,0,0,0,100.91,38.4465,3,3,2,24,47,30.9698,8272,0,0,17,TASKBR_VACANCY_V1,5.63367,2,24,16,24,0,22,3.82772,0.08739,0,16,0,83,83,0,22,22,"1,1,1,1,1,1,1,1,1,1,2,1,1,1,1,1,2,1,1,1,1,1",5,10,22,478.155,81,0,23.54,1.26757,59,385000000,0,643,1,SOLVED,648,648.212,a7ed2e8087effcfc5d6fc7b6a7205c3c218ce31f21fc2b4b10dead0cbbae1b20,0.661,ok,
g5_dmedium_ascarce_pcross_heavy_gsingleton_seed0,warehouse_random_factorial,carrier_brd,0,,,,,,,,,,,,,,,,,,,,,,,,,,,,,,,,,,,,,,,,,,,,,,,,,,,,,,,,,,,,,,,,,,,,,,,,,,,,,,,,,,,,,,,,,,,,,,,,,,,,,,,42.3961,41.4153,4,4,3,26,17,13.0079,2992,2,5,5,TASKBR_VACANCY_V1,5.93169,3,26,16,24,2,13,2.68989,0.051492,0,16,0,32,32,0,13,12,"1,1,1,1,1,1,1,1,2,1,1,1",7,2,13,8409.74,463,1,15.8103,0,70,-1,0,-1,0,SEGMENT_TIMEOUT,,,,8.538,timeout,d_raw_ticks=70 brd_raw_work_scaled=-1 brd_goal_prefix_removed=0 brd_incidental_goal_prefix_ms=-1 brd_raw_plan_valid=0 brd_exit_reason=SEGMENT_TIMEOUT
g5_dmedium_ascarce_plocal_gshared_pool_seed0,warehouse_random_factorial,carrier_brd,1,50,290.0,290000000,69,179,42,5,0.1725,558,50,290,290000000,50,290,290000000,0,0,0,0,0,0,0,0,NOT_ATTEMPTED,1,0,0,0,-1,-1,-1,-1,-1,0,0,0,0,0,0,0,0,0,0,0,0,0,,,,,,,,,,,,,0,0,0,0,0,0,0,0,0,0,0,0,0,0,0,0,0,0,0,BOTTLENECK_TARGET_FRONTIER_CONTINUITY_V2,0,0,0,0,0,0,0,0,0,0,0,0,0,0,0,0,0,0.066763,0,0,0,0,0,0,94.3611,40.5475,3,3,2,21,50,32.2827,8800,0,0,5,TASKBR_VACANCY_V1,5.07366,2,21,16,21,0,18,3.52494,0.085277,0,16,0,71,71,0,18,18,"1,1,1,1,1,1,1,1,1,1,2,1,2,1,2,1,1,1",4,10,18,397.516,68,0,19.7581,1.07063,50,290000000,0,554,1,SOLVED,558,558.596,4cec260543e90e8e399bc75ff3f900c679242ffba67172412a8bbb58b05429a4,0.571,ok,
g5_dmedium_ascarce_plocal_gsingleton_seed0,warehouse_random_factorial,carrier_brd,0,,,,,,,,,,,,,,,,,,,,,,,,,,,,,,,,,,,,,,,,,,,,,,,,,,,,,,,,,,,,,,,,,,,,,,,,,,,,,,,,,,,,,,,,,,,,,,,,,,,,,,,39.6292,41.4192,4,4,3,25,13,9.91659,2288,1,1,40,TASKBR_VACANCY_V1,5.69448,3,25,16,24,1,12,2.96752,0.046407,0,16,0,35,35,0,12,11,"1,1,1,1,1,2,2,1,1,1,2",6,7,12,8430.11,2057,1,21.2201,0,44,-1,0,-1,0,SEGMENT_TIMEOUT,,,,8.552,timeout,d_raw_ticks=44 brd_raw_work_scaled=-1 brd_goal_prefix_removed=0 brd_incidental_goal_prefix_ms=-1 brd_raw_plan_valid=0 brd_exit_reason=SEGMENT_TIMEOUT
g5_dmedium_ascarce_pmixed_gshared_pool_seed0,warehouse_random_factorial,carrier_brd,1,56,314.0,314000000,89,181,44,6,0.1987,562,56,314,314000000,56,314,314000000,0,0,0,0,0,0,0,0,NOT_ATTEMPTED,1,0,0,0,-1,-1,-1,-1,-1,0,0,0,0,0,0,0,0,0,0,0,0,0,,,,,,,,,,,,,0,0,0,0,0,0,0,0,0,0,0,0,0,0,0,0,0,0,0,BOTTLENECK_TARGET_FRONTIER_CONTINUITY_V2,0,0,0,0,0,0,0,0,0,0,0,0,0,0,0,0,0,0.067916,0,0,0,0,0,0,85.3276,37.4448,3,3,2,22,32,21.8064,5632,0,0,22,TASKBR_VACANCY_V1,5.00859,2,22,16,22,0,19,2.69726,0.069794,0,16,0,69,69,0,19,19,"2,1,1,2,1,1,1,1,1,1,1,1,1,1,2,1,1,1,1",4,10,19,412.216,75,0,20.3021,1.33499,56,314000000,0,557,1,SOLVED,562,562.293,bc831a67b927ea43c7c345ac8c8c2cc2cdba9686096d8f0de4b21faaa9521351,0.575,ok,
g5_dmedium_ascarce_pmixed_gsingleton_seed0,warehouse_random_factorial,carrier_brd,0,,,,,,,,,,,,,,,,,,,,,,,,,,,,,,,,,,,,,,,,,,,,,,,,,,,,,,,,,,,,,,,,,,,,,,,,,,,,,,,,,,,,,,,,,,,,,,,,,,,,,,,39.4016,40.4257,4,4,3,25,13,10.1866,2288,1,1,0,TASKBR_VACANCY_V1,5.46912,3,25,16,24,1,11,2.84789,0.047796,0,16,0,38,38,0,11,10,"1,2,2,1,1,1,1,1,3,1",6,7,11,8425.55,1798,1,17.8004,0,65,-1,0,-1,0,SEGMENT_TIMEOUT,,,,8.543,timeout,d_raw_ticks=65 brd_raw_work_scaled=-1 brd_goal_prefix_removed=0 brd_incidental_goal_prefix_ms=-1 brd_raw_plan_valid=0 brd_exit_reason=SEGMENT_TIMEOUT
g5_dmedium_asurplus_pcross_heavy_gshared_pool_seed0,warehouse_random_factorial,carrier_brd,1,24,250.0,250000000,102,100,48,8,0.1771,377,24,250,250000000,24,250,250000000,0,0,0,0,0,0,0,0,NOT_ATTEMPTED,0,0,0,0,-1,-1,-1,-1,-1,0,0,0,0,0,0,0,0,0,0,0,0,0,,,,,,,,,,,,,0,0,0,0,0,0,0,0,0,0,0,0,0,0,0,0,0,0,0,BOTTLENECK_TARGET_FRONTIER_CONTINUITY_V2,0,0,0,0,0,0,0,0,0,0,0,0,0,0,0,0,0,0.048334,0,0,0,0,0,0,101.288,39.2913,3,3,2,24,47,31.2821,8272,0,0,17,TASKBR_VACANCY_V1,5.62135,2,24,16,24,0,10,3.01158,0.038927,0,16,0,36,36,0,10,10,"2,3,2,1,3,1,1,1,2,8",9,0,10,218.974,34,0,11.9508,0.573793,24,250000000,0,375,1,SOLVED,377,377.857,871cf85070e83db2ba4afcc9091440a2265aa8c78868b064322201f6eca80fab,0.389,ok,
g5_dmedium_asurplus_pcross_heavy_gsingleton_seed0,warehouse_random_factorial,carrier_brd,0,,,,,,,,,,,,,,,,,,,,,,,,,,,,,,,,,,,,,,,,,,,,,,,,,,,,,,,,,,,,,,,,,,,,,,,,,,,,,,,,,,,,,,,,,,,,,,,,,,,,,,,42.4558,40.5111,4,4,3,26,17,12.7646,2992,2,5,5,TASKBR_VACANCY_V1,6.22712,3,26,16,24,2,11,2.08085,0.035295,0,16,0,22,22,0,11,10,"1,1,1,1,2,2,1,1,1,1",13,0,11,8419.52,156,1,14.5723,0,31,-1,0,-1,0,SEGMENT_TIMEOUT,,,,8.545,timeout,d_raw_ticks=31 brd_raw_work_scaled=-1 brd_goal_prefix_removed=0 brd_incidental_goal_prefix_ms=-1 brd_raw_plan_valid=0 brd_exit_reason=SEGMENT_TIMEOUT
g5_dmedium_asurplus_plocal_gshared_pool_seed0,warehouse_random_factorial,carrier_brd,1,22,234.0,234000000,69,123,42,5,0.1307,387,22,234,234000000,22,234,234000000,0,0,0,0,0,0,0,0,NOT_ATTEMPTED,1,0,0,0,-1,-1,-1,-1,-1,0,0,0,0,0,0,0,0,0,0,0,0,0,,,,,,,,,,,,,0,0,0,0,0,0,0,0,0,0,0,0,0,0,0,0,0,0,0,BOTTLENECK_TARGET_FRONTIER_CONTINUITY_V2,0,0,0,0,0,0,0,0,0,0,0,0,0,0,0,0,0,0.047155,0,0,0,0,0,0,92.4693,38.7416,3,3,2,21,50,32.4031,8800,0,0,5,TASKBR_VACANCY_V1,4.99454,2,21,16,21,0,11,2.97844,0.052218,0,16,0,54,54,0,11,11,"1,1,1,2,2,1,2,4,1,1,5",8,0,11,237.898,33,0,12.3962,0.575821,22,234000000,0,385,1,SOLVED,387,387.53,5b3cfe9c15a0092016f45d107c35d80ea15c9f22ecec496e63dd402fff66928e,0.399,ok,
g5_dmedium_asurplus_plocal_gsingleton_seed0,warehouse_random_factorial,carrier_brd,0,,,,,,,,,,,,,,,,,,,,,,,,,,,,,,,,,,,,,,,,,,,,,,,,,,,,,,,,,,,,,,,,,,,,,,,,,,,,,,,,,,,,,,,,,,,,,,,,,,,,,,,40.1341,40.5985,4,4,3,25,13,9.99045,2288,1,1,40,TASKBR_VACANCY_V1,5.93438,3,25,16,24,1,8,2.3537,0.028627,0,16,0,17,17,0,8,7,"2,1,1,2,4,2,2",13,0,8,8422.75,1304,1,13.0164,0,17,-1,0,-1,0,SEGMENT_TIMEOUT,,,,8.532,timeout,d_raw_ticks=17 brd_raw_work_scaled=-1 brd_goal_prefix_removed=0 brd_incidental_goal_prefix_ms=-1 brd_raw_plan_valid=0 brd_exit_reason=SEGMENT_TIMEOUT
g5_dmedium_asurplus_pmixed_gshared_pool_seed0,warehouse_random_factorial,carrier_brd,1,21,236.0,236000000,89,103,44,6,0.1766,336,21,236,236000000,21,236,236000000,0,0,0,0,0,0,0,0,NOT_ATTEMPTED,0,0,0,0,-1,-1,-1,-1,-1,0,0,0,0,0,0,0,0,0,0,0,0,0,,,,,,,,,,,,,0,0,0,0,0,0,0,0,0,0,0,0,0,0,0,0,0,0,0,BOTTLENECK_TARGET_FRONTIER_CONTINUITY_V2,0,0,0,0,0,0,0,0,0,0,0,0,0,0,0,0,0,0.045609,0,0,0,0,0,0,85.5011,37.8081,3,3,2,22,32,22.0383,5632,0,0,22,TASKBR_VACANCY_V1,5.00328,2,22,16,22,0,9,1.97168,0.036919,0,16,0,31,31,0,9,9,"1,3,2,2,2,2,1,3,6",11,0,9,196.823,30,0,10.3052,0.542942,21,236000000,0,334,1,SOLVED,336,336.527,9015801e3f572dc6efa0f82eb4f81db2a956622e0c3af5cbf6bc86af293ad46e,0.348,ok,
g5_dmedium_asurplus_pmixed_gsingleton_seed0,warehouse_random_factorial,carrier_brd,1,55,335.0,335000000,188,96,50,8,0.1424,526,55,335,335000000,55,335,335000000,0,0,0,0,0,0,0,0,NOT_ATTEMPTED,0,0,0,0,-1,-1,-1,-1,-1,0,0,0,0,0,0,0,0,0,0,0,0,0,,,,,,,,,,,,,0,0,0,0,0,0,0,0,0,0,0,0,0,0,0,0,0,0,0,BOTTLENECK_TARGET_FRONTIER_CONTINUITY_V2,0,0,0,0,0,0,0,0,0,0,0,0,0,0,0,0,0,0.088325,0,0,0,0,0,0,40.1752,40.7204,4,4,3,25,13,10.1934,2288,1,1,0,TASKBR_VACANCY_V1,5.64422,3,25,16,24,1,19,6.56268,0.050913,0,16,0,42,42,0,19,19,"1,2,1,1,1,1,1,1,1,1,1,1,1,1,1,6,1,1,1",11,0,19,415.632,74,0,21.5175,1.66761,55,335000000,0,520,1,SOLVED,526,526.519,626189fc58cdb7c7bba3ba7b1f455686ab5275b0d8028444039e6c535ef30507,0.539,ok,
g6_dhigh_abaseline_pcross_heavy_gshared_pool_seed0,warehouse_random_factorial,carrier_brd,1,92,517.0,517000000,144,290,74,13,0.1304,1195,92,517,517000000,92,517,517000000,0,0,0,0,0,0,0,0,NOT_ATTEMPTED,1,0,0,0,-1,-1,-1,-1,-1,0,0,0,0,0,0,0,0,0,0,0,0,0,,,,,,,,,,,,,0,0,0,0,0,0,0,0,0,0,0,0,0,0,0,0,0,0,0,BOTTLENECK_TARGET_FRONTIER_CONTINUITY_V2,0,0,0,0,0,0,0,0,0,0,0,0,0,0,0,0,0,0.137037,0,0,0,0,0,0,342.374,64.0183,10,10,9,37,284,232.109,48564,6,9,56,TASKBR_VACANCY_V1,8.16835,9,37,18,31,6,28,6.40141,0.142336,0,18,0,95,95,0,28,28,"1,1,1,1,1,5,1,1,1,1,1,1,1,1,4,1,1,2,1,1,2,1,1,1,1,1,1,1",7,9,28,722.236,120,0,34.3107,4.37041,92,517000000,0,1178,1,SOLVED,1195,1195.87,a22efbfb81da11e1f0108decd494c527740847ecb70b64042732873d46e78ed7,1.215,ok,
g6_dhigh_abaseline_pcross_heavy_gsingleton_seed0,warehouse_random_factorial,carrier_brd,0,,,,,,,,,,,,,,,,,,,,,,,,,,,,,,,,,,,,,,,,,,,,,,,,,,,,,,,,,,,,,,,,,,,,,,,,,,,,,,,,,,,,,,,,,,,,,,,,,,,,,,,46.8424,48.191,4,4,3,28,15,13.5541,2565,1,5,7,TASKBR_VACANCY_V1,6.93641,3,28,18,27,1,3,1.84106,0.045653,0,18,0,15,15,0,3,2,"1,1",11,0,3,8536.62,79,1,4.16072,0,43,-1,0,-1,0,SEGMENT_TIMEOUT,,,,8.875,timeout,d_raw_ticks=43 brd_raw_work_scaled=-1 brd_goal_prefix_removed=0 brd_incidental_goal_prefix_ms=-1 brd_raw_plan_valid=0 brd_exit_reason=SEGMENT_TIMEOUT
g6_dhigh_abaseline_plocal_gshared_pool_seed0,warehouse_random_factorial,carrier_brd,1,52,404.0,404000000,115,232,56,9,0.1843,754,52,404,404000000,52,404,404000000,0,0,0,0,0,0,0,0,NOT_ATTEMPTED,1,0,0,0,-1,-1,-1,-1,-1,0,0,0,0,0,0,0,0,0,0,0,0,0,,,,,,,,,,,,,0,0,0,0,0,0,0,0,0,0,0,0,0,0,0,0,0,0,0,BOTTLENECK_TARGET_FRONTIER_CONTINUITY_V2,0,0,0,0,0,0,0,0,0,0,0,0,0,0,0,0,0,0.091811,0,0,0,0,0,0,200.431,50.629,4,4,3,28,117,98.6407,20007,1,1,27,TASKBR_VACANCY_V1,6.53167,3,28,18,27,1,18,4.80808,0.132448,0,18,0,84,84,0,18,18,"1,1,1,1,1,1,1,3,2,3,2,1,4,1,2,1,1,1",8,10,18,460.547,70,0,21.8348,2.48818,52,404000000,0,745,1,SOLVED,754,754.927,d2499f6230d0a82b2b5159d33a0458175245c23d5e19d4e0da5d906789fcd0a9,0.77,ok,
g6_dhigh_abaseline_plocal_gsingleton_seed0,warehouse_random_factorial,carrier_brd,0,,,,,,,,,,,,,,,,,,,,,,,,,,,,,,,,,,,,,,,,,,,,,,,,,,,,,,,,,,,,,,,,,,,,,,,,,,,,,,,,,,,,,,,,,,,,,,,,,,,,,,,48.8184,50.6131,5,5,4,29,15,14.9361,2565,2,2,6,TASKBR_VACANCY_V1,7.66882,4,29,18,27,2,10,3.89466,0.085031,0,18,0,37,37,0,10,9,"1,1,1,1,1,1,2,1,1",11,5,10,8443.67,71,1,15.9644,0,61,-1,0,-1,0,SEGMENT_TIMEOUT,,,,8.712,timeout,d_raw_ticks=61 brd_raw_work_scaled=-1 brd_goal_prefix_removed=0 brd_incidental_goal_prefix_ms=-1 brd_raw_plan_valid=0 brd_exit_reason=SEGMENT_TIMEOUT
g6_dhigh_abaseline_pmixed_gshared_pool_seed0,warehouse_random_factorial,carrier_brd,1,51,391.0,391000000,131,210,50,7,0.2141,695,51,391,391000000,51,391,391000000,0,0,0,0,0,0,0,0,NOT_ATTEMPTED,1,0,0,0,-1,-1,-1,-1,-1,0,0,0,0,0,0,0,0,0,0,0,0,0,,,,,,,,,,,,,0,0,0,0,0,0,0,0,0,0,0,0,0,0,0,0,0,0,0,BOTTLENECK_TARGET_FRONTIER_CONTINUITY_V2,0,0,0,0,0,0,0,0,0,0,0,0,0,0,0,0,0,0.083899,0,0,0,0,0,0,189.943,47.8007,3,3,2,25,88,73.0852,15048,0,0,12,TASKBR_VACANCY_V1,6.13988,2,25,18,25,0,16,4.12524,0.113306,0,18,0,77,77,0,16,16,"1,1,1,3,1,1,1,1,1,4,1,1,1,4,1,2",7,7,16,416.592,67,0,19.8108,2.4805,51,391000000,0,685,1,SOLVED,695,695.664,058b07b86cea467609f3c276102fefc896170200038368fc851138d07269ba58,0.711,ok,
g6_dhigh_abaseline_pmixed_gsingleton_seed0,warehouse_random_factorial,carrier_brd,0,,,,,,,,,,,,,,,,,,,,,,,,,,,,,,,,,,,,,,,,,,,,,,,,,,,,,,,,,,,,,,,,,,,,,,,,,,,,,,,,,,,,,,,,,,,,,,,,,,,,,,,45.3812,47.4411,3,3,2,27,12,11.3565,2052,0,0,1,TASKBR_VACANCY_V1,6.74169,2,27,18,27,0,13,2.45157,0.071427,0,18,0,41,41,0,13,12,"1,1,1,1,1,1,1,1,2,1,1,1",10,5,13,8420.17,147,1,19.1815,0,68,-1,0,-1,0,SEGMENT_TIMEOUT,,,,8.615,timeout,d_raw_ticks=68 brd_raw_work_scaled=-1 brd_goal_prefix_removed=0 brd_incidental_goal_prefix_ms=-1 brd_raw_plan_valid=0 brd_exit_reason=SEGMENT_TIMEOUT
g6_dhigh_aequal_pcross_heavy_gshared_pool_seed0,warehouse_random_factorial,carrier_brd,1,74,515.0,515000000,144,288,74,13,0.1081,1192,74,515,515000000,74,515,515000000,0,0,0,0,0,0,0,0,NOT_ATTEMPTED,1,0,0,0,-1,-1,-1,-1,-1,0,0,0,0,0,0,0,0,0,0,0,0,0,,,,,,,,,,,,,0,0,0,0,0,0,0,0,0,0,0,0,0,0,0,0,0,0,0,BOTTLENECK_TARGET_FRONTIER_CONTINUITY_V2,0,0,0,0,0,0,0,0,0,0,0,0,0,0,0,0,0,0.141436,0,0,0,0,0,0,342.762,62.8163,10,10,9,37,284,231.236,48564,6,9,56,TASKBR_VACANCY_V1,8.49584,9,37,18,31,6,28,5.43175,0.113756,0,18,0,106,106,0,28,28,"1,1,1,1,1,1,1,1,1,1,4,1,1,2,6,1,1,1,1,1,1,1,1,1,1,1,1,1",7,0,28,728.367,102,0,37.6103,3.65101,74,515000000,0,1178,1,SOLVED,1192,1193.18,27d86d2b09dea8488d494ba732eed610b41ed0f6c63a1281ca22f4b0e2972568,1.21,ok,
g6_dhigh_aequal_pcross_heavy_gsingleton_seed0,warehouse_random_factorial,carrier_brd,0,,,,,,,,,,,,,,,,,,,,,,,,,,,,,,,,,,,,,,,,,,,,,,,,,,,,,,,,,,,,,,,,,,,,,,,,,,,,,,,,,,,,,,,,,,,,,,,,,,,,,,,47.905,46.872,4,4,3,28,15,13.634,2565,1,5,7,TASKBR_VACANCY_V1,7.31661,3,28,18,27,1,6,1.58378,0.03949,0,18,0,19,19,0,6,5,"1,1,1,1,1",16,0,6,8471.2,50,1,9.80149,0,44,-1,0,-1,0,SEGMENT_TIMEOUT,,,,8.738,timeout,d_raw_ticks=44 brd_raw_work_scaled=-1 brd_goal_prefix_removed=0 brd_incidental_goal_prefix_ms=-1 brd_raw_plan_valid=0 brd_exit_reason=SEGMENT_TIMEOUT
g6_dhigh_aequal_plocal_gshared_pool_seed0,warehouse_random_factorial,carrier_brd,1,35,359.0,359000000,115,187,56,9,0.1825,663,35,359,359000000,35,359,359000000,0,0,0,0,0,0,0,0,NOT_ATTEMPTED,0,0,0,0,-1,-1,-1,-1,-1,0,0,0,0,0,0,0,0,0,0,0,0,0,,,,,,,,,,,,,0,0,0,0,0,0,0,0,0,0,0,0,0,0,0,0,0,0,0,BOTTLENECK_TARGET_FRONTIER_CONTINUITY_V2,0,0,0,0,0,0,0,0,0,0,0,0,0,0,0,0,0,0.07931,0,0,0,0,0,0,197.629,49.0121,4,4,3,28,117,97.6898,20007,1,1,27,TASKBR_VACANCY_V1,8.02165,3,28,18,27,1,15,2.77989,0.089104,0,18,0,62,62,0,15,15,"1,1,2,1,1,4,1,1,1,3,1,1,8,1,1",11,0,15,383.949,50,0,21.0145,1.77587,35,359000000,0,656,1,SOLVED,663,663.432,35fa0cf5d5cfe9c2b98d4cd1962dd6d2e640a7d3c7472605f3a7947c969fe647,0.678,ok,
g6_dhigh_aequal_plocal_gsingleton_seed0,warehouse_random_factorial,carrier_brd,0,,,,,,,,,,,,,,,,,,,,,,,,,,,,,,,,,,,,,,,,,,,,,,,,,,,,,,,,,,,,,,,,,,,,,,,,,,,,,,,,,,,,,,,,,,,,,,,,,,,,,,,46.0749,50.6426,5,5,4,29,15,15.0664,2565,2,2,6,TASKBR_VACANCY_V1,7.72317,4,29,18,27,2,8,3.74798,0.053762,0,18,0,36,36,0,8,7,"1,1,2,1,1,1,1",13,4,8,8501.63,50,1,13.4729,0,42,-1,0,-1,0,SEGMENT_TIMEOUT,,,,8.833,timeout,d_raw_ticks=42 brd_raw_work_scaled=-1 brd_goal_prefix_removed=0 brd_incidental_goal_prefix_ms=-1 brd_raw_plan_valid=0 brd_exit_reason=SEGMENT_TIMEOUT
g6_dhigh_aequal_pmixed_gshared_pool_seed0,warehouse_random_factorial,carrier_brd,1,33,350.0,350000000,131,169,50,7,0.2205,651,33,350,350000000,33,350,350000000,0,0,0,0,0,0,0,0,NOT_ATTEMPTED,0,0,0,0,-1,-1,-1,-1,-1,0,0,0,0,0,0,0,0,0,0,0,0,0,,,,,,,,,,,,,0,0,0,0,0,0,0,0,0,0,0,0,0,0,0,0,0,0,0,BOTTLENECK_TARGET_FRONTIER_CONTINUITY_V2,0,0,0,0,0,0,0,0,0,0,0,0,0,0,0,0,0,0.080337,0,0,0,0,0,0,188.921,46.8009,3,3,2,25,88,72.1748,15048,0,0,12,TASKBR_VACANCY_V1,6.60185,2,25,18,25,0,15,3.48144,0.101434,0,18,0,68,68,0,15,15,"1,1,1,1,2,1,2,1,2,1,1,1,2,1,7",12,2,15,384.809,48,0,21.0162,1.5855,33,350000000,0,645,1,SOLVED,651,652.1,26a37420bc023ee2afde9b0993cf987c69d16f0ec27c6e5fd7c5c9baad8ae9df,0.667,ok,
g6_dhigh_aequal_pmixed_gsingleton_seed0,warehouse_random_factorial,carrier_brd,0,,,,,,,,,,,,,,,,,,,,,,,,,,,,,,,,,,,,,,,,,,,,,,,,,,,,,,,,,,,,,,,,,,,,,,,,,,,,,,,,,,,,,,,,,,,,,,,,,,,,,,,45.6316,47.2849,3,3,2,27,12,11.0094,2052,0,0,1,TASKBR_VACANCY_V1,6.63801,2,27,18,27,0,9,1.94225,0.043317,0,18,0,29,29,0,9,8,"1,2,1,1,1,1,2,1",13,0,9,8522.06,55,1,14.3347,0,46,-1,0,-1,0,SEGMENT_TIMEOUT,,,,8.883,timeout,d_raw_ticks=46 brd_raw_work_scaled=-1 brd_goal_prefix_removed=0 brd_incidental_goal_prefix_ms=-1 brd_raw_plan_valid=0 brd_exit_reason=SEGMENT_TIMEOUT
g6_dhigh_ascarce_pcross_heavy_gshared_pool_seed0,warehouse_random_factorial,carrier_brd,1,114,549.0,549000000,144,322,74,13,0.1404,1221,114,549,549000000,114,549,549000000,0,0,0,0,0,0,0,0,NOT_ATTEMPTED,5,0,0,0,-1,-1,-1,-1,-1,0,0,0,0,0,0,0,0,0,0,0,0,0,,,,,,,,,,,,,0,0,0,0,0,0,0,0,0,0,0,0,0,0,0,0,0,0,0,BOTTLENECK_TARGET_FRONTIER_CONTINUITY_V2,0,0,0,0,0,0,0,0,0,0,0,0,0,0,0,0,0,0.146542,0,0,0,0,0,0,343.124,63.5099,10,10,9,37,284,232.5,48564,6,9,56,TASKBR_VACANCY_V1,8.67279,9,37,18,31,6,28,6.2403,0.128618,0,18,0,95,95,0,28,28,"1,1,1,1,1,1,1,1,1,4,1,2,2,3,1,2,1,1,1,1,2,1,1,1,1,1,1,1",6,16,28,740.539,142,0,34.792,5.49333,114,549000000,0,1200,1,SOLVED,1221,1222.25,73354fef4a625066be7b89ffcff571557648c485153d5a8b0e76896e8c14a78c,1.241,ok,
g6_dhigh_ascarce_pcross_heavy_gsingleton_seed0,warehouse_random_factorial,carrier_brd,0,,,,,,,,,,,,,,,,,,,,,,,,,,,,,,,,,,,,,,,,,,,,,,,,,,,,,,,,,,,,,,,,,,,,,,,,,,,,,,,,,,,,,,,,,,,,,,,,,,,,,,,46.1894,49.122,4,4,3,28,15,14.0594,2565,1,5,7,TASKBR_VACANCY_V1,8.43855,3,28,18,27,1,8,2.90568,0.048473,0,18,0,22,22,0,8,7,"1,2,1,1,1,1,1",8,3,8,8424.87,153,1,11.7765,0,136,-1,0,-1,0,SEGMENT_TIMEOUT,,,,8.637,timeout,_raw_ticks=136 brd_raw_work_scaled=-1 brd_goal_prefix_removed=0 brd_incidental_goal_prefix_ms=-1 brd_raw_plan_valid=0 brd_exit_reason=SEGMENT_TIMEOUT
g6_dhigh_ascarce_plocal_gshared_pool_seed0,warehouse_random_factorial,carrier_brd,1,63,418.0,418000000,115,246,56,9,0.2028,922,63,418,418000000,63,418,418000000,0,0,0,0,0,0,0,0,NOT_ATTEMPTED,5,0,0,0,-1,-1,-1,-1,-1,0,0,0,0,0,0,0,0,0,0,0,0,0,,,,,,,,,,,,,0,0,0,0,0,0,0,0,0,0,0,0,0,0,0,0,0,0,0,BOTTLENECK_TARGET_FRONTIER_CONTINUITY_V2,0,0,0,0,0,0,0,0,0,0,0,0,0,0,0,0,0,0.103672,0,0,0,0,0,0,205.026,49.6495,4,4,3,28,117,98.1677,20007,1,1,27,TASKBR_VACANCY_V1,6.51916,3,28,18,27,1,24,5.88907,0.122883,0,18,0,102,102,0,24,24,"1,1,1,1,1,1,1,1,1,1,1,1,1,1,1,1,1,1,3,1,2,2,1,1",6,13,24,616.539,87,0,31.8148,3.08314,63,418000000,0,908,1,SOLVED,922,922.408,125215f32ce304805e17ea6b917b92630a31cb884745ebe4dc3adb14eede5f0f,0.939,ok,
g6_dhigh_ascarce_plocal_gsingleton_seed0,warehouse_random_factorial,carrier_brd,0,,,,,,,,,,,,,,,,,,,,,,,,,,,,,,,,,,,,,,,,,,,,,,,,,,,,,,,,,,,,,,,,,,,,,,,,,,,,,,,,,,,,,,,,,,,,,,,,,,,,,,,45.9239,51.3123,5,5,4,29,15,14.9056,2565,2,2,6,TASKBR_VACANCY_V1,7.86086,4,29,18,27,2,10,4.44058,0.049043,0,18,0,24,24,0,10,9,"1,1,1,1,1,1,1,2,1",8,4,10,8420.21,164,1,15.4635,0,145,-1,0,-1,0,SEGMENT_TIMEOUT,,,,8.653,timeout,_raw_ticks=145 brd_raw_work_scaled=-1 brd_goal_prefix_removed=0 brd_incidental_goal_prefix_ms=-1 brd_raw_plan_valid=0 brd_exit_reason=SEGMENT_TIMEOUT
g6_dhigh_ascarce_pmixed_gshared_pool_seed0,warehouse_random_factorial,carrier_brd,1,67,470.0,470000000,131,289,50,7,0.2172,773,67,470,470000000,67,470,470000000,0,0,0,0,0,0,0,0,NOT_ATTEMPTED,4,0,0,0,-1,-1,-1,-1,-1,0,0,0,0,0,0,0,0,0,0,0,0,0,,,,,,,,,,,,,0,0,0,0,0,0,0,0,0,0,0,0,0,0,0,0,0,0,0,BOTTLENECK_TARGET_FRONTIER_CONTINUITY_V2,0,0,0,0,0,0,0,0,0,0,0,0,0,0,0,0,0,0.095306,0,0,0,0,0,0,189.084,46.0402,3,3,2,25,88,72.0128,15048,0,0,12,TASKBR_VACANCY_V1,6.3701,2,25,18,25,0,19,5.52902,0.105501,0,18,0,82,82,0,19,19,"1,2,1,2,2,1,1,1,1,2,1,2,1,1,1,2,1,1,1",5,11,19,489.036,86,0,23.8792,3.19918,67,470000000,0,760,1,SOLVED,773,773.797,45893a509017e724358e1ce33cbb9f4a10146727822d5fceb0dfbd576f2326e3,0.789,ok,
g6_dhigh_ascarce_pmixed_gsingleton_seed0,warehouse_random_factorial,carrier_brd,0,,,,,,,,,,,,,,,,,,,,,,,,,,,,,,,,,,,,,,,,,,,,,,,,,,,,,,,,,,,,,,,,,,,,,,,,,,,,,,,,,,,,,,,,,,,,,,,,,,,,,,,45.5263,46.9599,3,3,2,27,12,11.0381,2052,0,0,1,TASKBR_VACANCY_V1,6.69606,2,27,18,27,0,12,3.5313,0.068079,0,18,0,40,40,0,12,11,"1,2,1,1,1,1,1,1,1,1,1",8,8,12,8511.09,121,1,16.6579,0,88,-1,0,-1,0,SEGMENT_TIMEOUT,,,,8.821,timeout,d_raw_ticks=88 brd_raw_work_scaled=-1 brd_goal_prefix_removed=0 brd_incidental_goal_prefix_ms=-1 brd_raw_plan_valid=0 brd_exit_reason=SEGMENT_TIMEOUT
g6_dhigh_asurplus_pcross_heavy_gshared_pool_seed0,warehouse_random_factorial,carrier_brd,0,,,,,,,,,,,,,,,,,,,,,,,,,,,,,,,,,,,,,,,,,,,,,,,,,,,,,,,,,,,,,,,,,,,,,,,,,,,,,,,,,,,,,,,,,,,,,,,,,,,,,,,342.11,64.421,10,10,9,37,284,230.816,48564,6,9,56,TASKBR_VACANCY_V1,8.30504,9,37,18,31,6,13,7.21721,0.100119,0,18,0,67,67,0,13,12,"2,1,1,1,1,2,1,2,1,1,1,2",10,0,13,8074.54,679,1,19.3686,0,33,-1,0,-1,0,SEGMENT_TIMEOUT,,,,8.525,timeout,d_raw_ticks=33 brd_raw_work_scaled=-1 brd_goal_prefix_removed=0 brd_incidental_goal_prefix_ms=-1 brd_raw_plan_valid=0 brd_exit_reason=SEGMENT_TIMEOUT
g6_dhigh_asurplus_pcross_heavy_gsingleton_seed0,warehouse_random_factorial,carrier_brd,0,,,,,,,,,,,,,,,,,,,,,,,,,,,,,,,,,,,,,,,,,,,,,,,,,,,,,,,,,,,,,,,,,,,,,,,,,,,,,,,,,,,,,,,,,,,,,,,,,,,,,,,48.9135,47.5657,4,4,3,28,15,13.7296,2565,1,5,7,TASKBR_VACANCY_V1,6.9968,3,28,18,27,1,5,3.76819,0.066862,0,18,0,34,34,0,5,4,"1,1,1,1",16,2,5,8461.54,49,1,7.42491,0,44,-1,0,-1,0,SEGMENT_TIMEOUT,,,,8.745,timeout,d_raw_ticks=44 brd_raw_work_scaled=-1 brd_goal_prefix_removed=0 brd_incidental_goal_prefix_ms=-1 brd_raw_plan_valid=0 brd_exit_reason=SEGMENT_TIMEOUT
g6_dhigh_asurplus_plocal_gshared_pool_seed0,warehouse_random_factorial,carrier_brd,1,34,304.0,304000000,115,132,56,9,0.1253,666,34,304,304000000,34,304,304000000,0,0,0,0,0,0,0,0,NOT_ATTEMPTED,0,0,0,0,-1,-1,-1,-1,-1,0,0,0,0,0,0,0,0,0,0,0,0,0,,,,,,,,,,,,,0,0,0,0,0,0,0,0,0,0,0,0,0,0,0,0,0,0,0,BOTTLENECK_TARGET_FRONTIER_CONTINUITY_V2,0,0,0,0,0,0,0,0,0,0,0,0,0,0,0,0,0,0.079794,0,0,0,0,0,0,197.945,49.6023,4,4,3,28,117,98.054,20007,1,1,27,TASKBR_VACANCY_V1,6.97401,3,28,18,27,1,15,3.56242,0.062854,0,18,0,54,54,0,15,15,"1,1,2,1,2,3,1,1,2,2,1,1,8,1,1",11,0,15,386.05,49,0,20.6261,1.70061,34,304000000,0,660,1,SOLVED,666,667.116,b6e2bceeedc1677b1e7a14552777790b46a4f8b05301d43d43cac1375b4fccb3,0.682,ok,
g6_dhigh_asurplus_plocal_gsingleton_seed0,warehouse_random_factorial,carrier_brd,0,,,,,,,,,,,,,,,,,,,,,,,,,,,,,,,,,,,,,,,,,,,,,,,,,,,,,,,,,,,,,,,,,,,,,,,,,,,,,,,,,,,,,,,,,,,,,,,,,,,,,,,46.0758,51.5981,5,5,4,29,15,14.9927,2565,2,2,6,TASKBR_VACANCY_V1,7.34903,4,29,18,27,2,9,5.76939,0.061077,0,18,0,46,46,0,9,8,"1,1,1,2,2,1,1,1",12,2,9,8480.33,49,1,14.2197,0,40,-1,0,-1,0,SEGMENT_TIMEOUT,,,,8.833,timeout,d_raw_ticks=40 brd_raw_work_scaled=-1 brd_goal_prefix_removed=0 brd_incidental_goal_prefix_ms=-1 brd_raw_plan_valid=0 brd_exit_reason=SEGMENT_TIMEOUT
g6_dhigh_asurplus_pmixed_gshared_pool_seed0,warehouse_random_factorial,carrier_brd,1,33,297.0,297000000,131,116,50,7,0.147,631,33,297,297000000,33,297,297000000,0,0,0,0,0,0,0,0,NOT_ATTEMPTED,2,0,0,0,-1,-1,-1,-1,-1,0,0,0,0,0,0,0,0,0,0,0,0,0,,,,,,,,,,,,,0,0,0,0,0,0,0,0,0,0,0,0,0,0,0,0,0,0,0,BOTTLENECK_TARGET_FRONTIER_CONTINUITY_V2,0,0,0,0,0,0,0,0,0,0,0,0,0,0,0,0,0,0.074946,0,0,0,0,0,0,188.721,49.4747,3,3,2,25,88,72.0268,15048,0,0,12,TASKBR_VACANCY_V1,6.27048,2,25,18,25,0,14,4.6389,0.070474,0,18,0,59,59,0,14,14,"1,1,1,1,2,2,3,2,1,1,1,1,1,7",11,0,14,362.319,47,0,19.742,1.61133,33,297000000,0,624,1,SOLVED,631,631.185,0a0713718a5e8bc7face5c5d17bff463e7d9a7afc145b7f0a3eb1e7b28b44109,0.647,ok,
g6_dhigh_asurplus_pmixed_gsingleton_seed0,warehouse_random_factorial,carrier_brd,0,,,,,,,,,,,,,,,,,,,,,,,,,,,,,,,,,,,,,,,,,,,,,,,,,,,,,,,,,,,,,,,,,,,,,,,,,,,,,,,,,,,,,,,,,,,,,,,,,,,,,,,45.8747,47.7647,3,3,2,27,12,11.4637,2052,0,0,1,TASKBR_VACANCY_V1,6.62593,2,27,18,27,0,9,5.47529,0.04376,0,18,0,30,30,0,9,8,"1,3,1,1,1,1,1,1",12,0,9,8490.25,52,1,13.1345,0,42,-1,0,-1,0,SEGMENT_TIMEOUT,,,,8.845,timeout,d_raw_ticks=42 brd_raw_work_scaled=-1 brd_goal_prefix_removed=0 brd_incidental_goal_prefix_ms=-1 brd_raw_plan_valid=0 brd_exit_reason=SEGMENT_TIMEOUT
g6_dlow_abaseline_pcross_heavy_gshared_pool_seed0,warehouse_random_factorial,carrier_brd,1,65,441.0,441000000,94,280,66,14,0.1205,825,65,441,441000000,65,441,441000000,0,0,0,0,0,0,0,0,NOT_ATTEMPTED,4,0,0,0,-1,-1,-1,-1,-1,0,0,0,0,0,0,0,0,0,0,0,0,0,,,,,,,,,,,,,0,0,0,0,0,0,0,0,0,0,0,0,0,0,0,0,0,0,0,BOTTLENECK_TARGET_FRONTIER_CONTINUITY_V2,0,0,0,0,0,0,0,0,0,0,0,0,0,0,0,0,0,0.092672,0,0,0,0,0,0,138.363,50.4772,6,6,5,33,73,56.9457,12483,1,1,2,TASKBR_VACANCY_V1,6.53851,5,33,17,32,1,24,5.05153,0.132045,0,17,0,107,107,0,24,24,"1,1,1,1,1,2,1,2,1,1,1,3,1,3,1,1,1,1,2,3,1,1,1,1",5,16,24,603.334,89,0,30.91,1.33198,65,441000000,0,820,1,SOLVED,825,826.036,427689df3e410232467016ee68a9291f7fc02dbcad519bdb84e4ce45d319a627,0.838,ok,
g6_dlow_abaseline_pcross_heavy_gsingleton_seed0,warehouse_random_factorial,carrier_brd,0,,,,,,,,,,,,,,,,,,,,,,,,,,,,,,,,,,,,,,,,,,,,,,,,,,,,,,,,,,,,,,,,,,,,,,,,,,,,,,,,,,,,,,,,,,,,,,,,,,,,,,,47.8942,44.8352,4,4,3,28,14,12.7135,2394,1,1,24,TASKBR_VACANCY_V1,7.87394,3,28,18,27,1,3,1.84802,0.05317,0,18,0,15,15,0,3,2,"1,1",11,0,3,8441.71,79,1,5.56837,0,43,-1,0,-1,0,SEGMENT_TIMEOUT,,,,8.655,timeout,d_raw_ticks=43 brd_raw_work_scaled=-1 brd_goal_prefix_removed=0 brd_incidental_goal_prefix_ms=-1 brd_raw_plan_valid=0 brd_exit_reason=SEGMENT_TIMEOUT
g6_dlow_abaseline_plocal_gshared_pool_seed0,warehouse_random_factorial,carrier_brd,1,57,409.0,409000000,109,242,58,11,0.1594,728,57,409,409000000,57,409,409000000,0,0,0,0,0,0,0,0,NOT_ATTEMPTED,1,0,0,0,-1,-1,-1,-1,-1,0,0,0,0,0,0,0,0,0,0,0,0,0,,,,,,,,,,,,,0,0,0,0,0,0,0,0,0,0,0,0,0,0,0,0,0,0,0,BOTTLENECK_TARGET_FRONTIER_CONTINUITY_V2,0,0,0,0,0,0,0,0,0,0,0,0,0,0,0,0,0,0.082368,0,0,0,0,0,0,147.395,43.3139,4,4,3,29,76,58.4816,12996,0,0,0,TASKBR_VACANCY_V1,6.44915,3,29,18,29,0,20,4.46653,0.120214,0,18,0,96,96,0,20,20,"1,1,1,1,1,2,1,1,1,2,1,1,2,1,1,7,1,1,1,1",7,6,20,509.21,77,0,26.5083,1.17878,57,409000000,0,724,1,SOLVED,728,729.048,4fd86e6d0bba7b3d19e3392f9a1c3f449e8a42de7da87a0290f9af1edc630233,0.741,ok,
g6_dlow_abaseline_plocal_gsingleton_seed0,warehouse_random_factorial,carrier_brd,0,,,,,,,,,,,,,,,,,,,,,,,,,,,,,,,,,,,,,,,,,,,,,,,,,,,,,,,,,,,,,,,,,,,,,,,,,,,,,,,,,,,,,,,,,,,,,,,,,,,,,,,45.5207,45.5521,3,3,2,27,12,10.2568,2052,0,0,5,TASKBR_VACANCY_V1,7.69901,2,27,18,27,0,10,4.71393,0.091188,0,18,0,46,46,0,10,9,"1,1,1,1,2,1,1,1,1",9,7,10,8448.48,77,1,12.7728,0,61,-1,0,-1,0,SEGMENT_TIMEOUT,,,,8.688,timeout,d_raw_ticks=61 brd_raw_work_scaled=-1 brd_goal_prefix_removed=0 brd_incidental_goal_prefix_ms=-1 brd_raw_plan_valid=0 brd_exit_reason=SEGMENT_TIMEOUT
g6_dlow_abaseline_pmixed_gshared_pool_seed0,warehouse_random_factorial,carrier_brd,1,57,437.0,437000000,125,258,54,9,0.1827,792,57,437,437000000,57,437,437000000,0,0,0,0,0,0,0,0,NOT_ATTEMPTED,0,0,0,0,-1,-1,-1,-1,-1,0,0,0,0,0,0,0,0,0,0,0,0,0,,,,,,,,,,,,,0,0,0,0,0,0,0,0,0,0,0,0,0,0,0,0,0,0,0,BOTTLENECK_TARGET_FRONTIER_CONTINUITY_V2,0,0,0,0,0,0,0,0,0,0,0,0,0,0,0,0,0,0.086713,0,0,0,0,0,0,155.829,46.8633,4,4,3,27,77,56.5979,13167,0,0,0,TASKBR_VACANCY_V1,6.26959,3,27,18,27,0,22,5.13258,0.137864,0,18,0,97,97,0,22,22,"1,1,1,1,2,1,1,1,3,1,1,1,1,1,1,3,1,1,1,1,1,1",6,12,22,555.736,79,0,29.199,1.22816,57,437000000,0,788,1,SOLVED,792,792.937,2dcbcdf47b97c373b3c55f7557016fd14e1b237c9c4f667dc4276c89002e82ae,0.805,ok,
g6_dlow_abaseline_pmixed_gsingleton_seed0,warehouse_random_factorial,carrier_brd,0,,,,,,,,,,,,,,,,,,,,,,,,,,,,,,,,,,,,,,,,,,,,,,,,,,,,,,,,,,,,,,,,,,,,,,,,,,,,,,,,,,,,,,,,,,,,,,,,,,,,,,,45.4229,45.8661,3,3,2,27,12,10.3591,2052,0,0,1,TASKBR_VACANCY_V1,6.5156,2,27,18,27,0,13,2.47385,0.075407,0,18,0,41,41,0,13,12,"1,1,1,1,1,1,1,1,2,1,1,1",10,5,13,8417.12,132,1,18.4349,0,68,-1,0,-1,0,SEGMENT_TIMEOUT,,,,8.583,timeout,d_raw_ticks=68 brd_raw_work_scaled=-1 brd_goal_prefix_removed=0 brd_incidental_goal_prefix_ms=-1 brd_raw_plan_valid=0 brd_exit_reason=SEGMENT_TIMEOUT
g6_dlow_aequal_pcross_heavy_gshared_pool_seed0,warehouse_random_factorial,carrier_brd,1,56,409.0,409000000,94,248,66,14,0.0933,757,56,409,409000000,56,409,409000000,0,0,0,0,0,0,0,0,NOT_ATTEMPTED,0,0,0,0,-1,-1,-1,-1,-1,0,0,0,0,0,0,0,0,0,0,0,0,0,,,,,,,,,,,,,0,0,0,0,0,0,0,0,0,0,0,0,0,0,0,0,0,0,0,BOTTLENECK_TARGET_FRONTIER_CONTINUITY_V2,0,0,0,0,0,0,0,0,0,0,0,0,0,0,0,0,0,0.090008,0,0,0,0,0,0,139.379,50.3488,6,6,5,33,73,57.2935,12483,1,1,2,TASKBR_VACANCY_V1,6.99906,5,33,17,32,1,21,6.52645,0.113339,0,17,0,109,109,0,21,21,"1,1,1,1,1,1,2,1,2,1,1,2,1,1,7,2,3,1,1,1,1",6,0,21,537.55,77,0,30.9285,1.23544,56,409000000,0,753,1,SOLVED,757,758.021,a6e0bd7865d06da69376e8a95c5223aedaade4d5e82617724a21bb623520a9d8,0.77,ok,
g6_dlow_aequal_pcross_heavy_gsingleton_seed0,warehouse_random_factorial,carrier_brd,0,,,,,,,,,,,,,,,,,,,,,,,,,,,,,,,,,,,,,,,,,,,,,,,,,,,,,,,,,,,,,,,,,,,,,,,,,,,,,,,,,,,,,,,,,,,,,,,,,,,,,,,46.3705,46.4841,4,4,3,28,14,12.7038,2394,1,1,24,TASKBR_VACANCY_V1,7.99944,3,28,18,27,1,7,1.60526,0.050053,0,18,0,22,22,0,7,6,"1,1,1,1,1,1",15,0,7,8431.4,51,1,11.8649,0,44,-1,0,-1,0,SEGMENT_TIMEOUT,,,,8.63,timeout,d_raw_ticks=44 brd_raw_work_scaled=-1 brd_goal_prefix_removed=0 brd_incidental_goal_prefix_ms=-1 brd_raw_plan_valid=0 brd_exit_reason=SEGMENT_TIMEOUT
g6_dlow_aequal_plocal_gshared_pool_seed0,warehouse_random_factorial,carrier_brd,1,32,343.0,343000000,109,176,58,11,0.1892,570,32,343,343000000,32,343,343000000,0,0,0,0,0,0,0,0,NOT_ATTEMPTED,0,0,0,0,-1,-1,-1,-1,-1,0,0,0,0,0,0,0,0,0,0,0,0,0,,,,,,,,,,,,,0,0,0,0,0,0,0,0,0,0,0,0,0,0,0,0,0,0,0,BOTTLENECK_TARGET_FRONTIER_CONTINUITY_V2,0,0,0,0,0,0,0,0,0,0,0,0,0,0,0,0,0,0.067191,0,0,0,0,0,0,147.428,43.8919,4,4,3,29,76,57.9633,12996,0,0,0,TASKBR_VACANCY_V1,6.67467,3,29,18,29,0,14,2.98333,0.088532,0,18,0,67,67,0,14,14,"1,1,2,1,2,1,3,1,1,1,2,2,10,1",10,0,14,354.995,46,0,17.632,0.715068,32,343000000,0,567,1,SOLVED,570,570.571,79ad85b399fd8961dbf91a9d3791831f59da809764ee1806d06de51638ca744c,0.582,ok,
g6_dlow_aequal_plocal_gsingleton_seed0,warehouse_random_factorial,carrier_brd,0,,,,,,,,,,,,,,,,,,,,,,,,,,,,,,,,,,,,,,,,,,,,,,,,,,,,,,,,,,,,,,,,,,,,,,,,,,,,,,,,,,,,,,,,,,,,,,,,,,,,,,,44.2911,45.3673,3,3,2,27,12,9.96005,2052,0,0,5,TASKBR_VACANCY_V1,6.91998,2,27,18,27,0,7,3.89286,0.051682,0,18,0,32,32,0,7,6,"1,2,1,1,1,2",13,4,7,8441.73,51,1,9.29041,0,44,-1,0,-1,0,SEGMENT_TIMEOUT,,,,8.674,timeout,d_raw_ticks=44 brd_raw_work_scaled=-1 brd_goal_prefix_removed=0 brd_incidental_goal_prefix_ms=-1 brd_raw_plan_valid=0 brd_exit_reason=SEGMENT_TIMEOUT
g6_dlow_aequal_pmixed_gshared_pool_seed0,warehouse_random_factorial,carrier_brd,1,36,362.0,362000000,125,183,54,9,0.1929,590,36,362,362000000,36,362,362000000,0,0,0,0,0,0,0,0,NOT_ATTEMPTED,0,0,0,0,-1,-1,-1,-1,-1,0,0,0,0,0,0,0,0,0,0,0,0,0,,,,,,,,,,,,,0,0,0,0,0,0,0,0,0,0,0,0,0,0,0,0,0,0,0,BOTTLENECK_TARGET_FRONTIER_CONTINUITY_V2,0,0,0,0,0,0,0,0,0,0,0,0,0,0,0,0,0,0.066231,0,0,0,0,0,0,159.14,46.8237,4,4,3,27,77,57.5524,13167,0,0,0,TASKBR_VACANCY_V1,7.71208,3,27,18,27,0,14,3.50826,0.104325,0,18,0,70,70,0,14,14,"1,1,1,3,1,1,1,2,1,2,3,1,8,1",11,4,14,357.304,50,0,18.4396,0.783709,36,362000000,0,587,1,SOLVED,590,590.729,e353a97096b1bfce1df7d0a05667399e8c766dd6762f8c026cce00b9ac9cb9e8,0.603,ok,
g6_dlow_aequal_pmixed_gsingleton_seed0,warehouse_random_factorial,carrier_brd,0,,,,,,,,,,,,,,,,,,,,,,,,,,,,,,,,,,,,,,,,,,,,,,,,,,,,,,,,,,,,,,,,,,,,,,,,,,,,,,,,,,,,,,,,,,,,,,,,,,,,,,,45.6446,46.071,3,3,2,27,12,10.3174,2052,0,0,1,TASKBR_VACANCY_V1,6.785,2,27,18,27,0,9,1.96038,0.043741,0,18,0,29,29,0,9,8,"1,2,1,1,1,1,2,1",13,0,9,8442.44,55,1,13.0033,0,46,-1,0,-1,0,SEGMENT_TIMEOUT,,,,8.679,timeout,d_raw_ticks=46 brd_raw_work_scaled=-1 brd_goal_prefix_removed=0 brd_incidental_goal_prefix_ms=-1 brd_raw_plan_valid=0 brd_exit_reason=SEGMENT_TIMEOUT
g6_dlow_ascarce_pcross_heavy_gshared_pool_seed0,warehouse_random_factorial,carrier_brd,1,81,427.0,427000000,94,266,66,14,0.1289,832,81,427,427000000,81,427,427000000,0,0,0,0,0,0,0,0,NOT_ATTEMPTED,2,0,0,0,-1,-1,-1,-1,-1,0,0,0,0,0,0,0,0,0,0,0,0,0,,,,,,,,,,,,,0,0,0,0,0,0,0,0,0,0,0,0,0,0,0,0,0,0,0,BOTTLENECK_TARGET_FRONTIER_CONTINUITY_V2,0,0,0,0,0,0,0,0,0,0,0,0,0,0,0,0,0,0.094866,0,0,0,0,0,0,138.665,49.9883,6,6,5,33,73,56.8141,12483,1,1,2,TASKBR_VACANCY_V1,7.13229,5,33,17,32,1,24,5.26113,0.123538,0,17,0,98,98,0,24,24,"1,1,1,1,2,1,1,1,1,3,1,1,2,4,1,1,1,1,1,3,1,1,1,1",5,9,24,609.31,105,0,33.0958,1.69116,81,427000000,0,826,1,SOLVED,832,833.003,7ef288df6d2f46c79797bbcb95946c39b9e8b53ed90e96be93bf1aef3637a589,0.845,ok,
g6_dlow_ascarce_pcross_heavy_gsingleton_seed0,warehouse_random_factorial,carrier_brd,0,,,,,,,,,,,,,,,,,,,,,,,,,,,,,,,,,,,,,,,,,,,,,,,,,,,,,,,,,,,,,,,,,,,,,,,,,,,,,,,,,,,,,,,,,,,,,,,,,,,,,,,47.7934,46.2936,4,4,3,28,14,12.6266,2394,1,1,24,TASKBR_VACANCY_V1,8.02581,3,28,18,27,1,9,2.85603,0.048191,0,18,0,23,23,0,9,8,"1,2,1,1,1,1,1,1",8,3,9,8420.11,164,1,12.7345,0,149,-1,0,-1,0,SEGMENT_TIMEOUT,,,,8.654,timeout,_raw_ticks=149 brd_raw_work_scaled=-1 brd_goal_prefix_removed=0 brd_incidental_goal_prefix_ms=-1 brd_raw_plan_valid=0 brd_exit_reason=SEGMENT_TIMEOUT
g6_dlow_ascarce_plocal_gshared_pool_seed0,warehouse_random_factorial,carrier_brd,1,64,408.0,408000000,109,241,58,11,0.1892,763,64,408,408000000,64,408,408000000,0,0,0,0,0,0,0,0,NOT_ATTEMPTED,1,0,0,0,-1,-1,-1,-1,-1,0,0,0,0,0,0,0,0,0,0,0,0,0,,,,,,,,,,,,,0,0,0,0,0,0,0,0,0,0,0,0,0,0,0,0,0,0,0,BOTTLENECK_TARGET_FRONTIER_CONTINUITY_V2,0,0,0,0,0,0,0,0,0,0,0,0,0,0,0,0,0,0.084095,0,0,0,0,0,0,146.305,46.2754,4,4,3,29,76,58.5279,12996,0,0,0,TASKBR_VACANCY_V1,6.35291,3,29,18,29,0,21,5.14446,0.10665,0,18,0,84,84,0,21,21,"1,1,1,2,1,2,2,1,1,1,1,1,1,2,5,1,1,1,1,1,1",5,3,21,538.752,85,0,28.9352,1.25081,64,408000000,0,758,1,SOLVED,763,763.99,c3f9f923a0fe62ae552d98176254dfb07461c62425fbf2c9295c285f2c52da89,0.776,ok,
g6_dlow_ascarce_plocal_gsingleton_seed0,warehouse_random_factorial,carrier_brd,0,,,,,,,,,,,,,,,,,,,,,,,,,,,,,,,,,,,,,,,,,,,,,,,,,,,,,,,,,,,,,,,,,,,,,,,,,,,,,,,,,,,,,,,,,,,,,,,,,,,,,,,44.9936,45.5781,3,3,2,27,12,10.1087,2052,0,0,5,TASKBR_VACANCY_V1,6.79321,2,27,18,27,0,10,5.06606,0.062044,0,18,0,30,30,0,10,9,"1,1,2,1,1,2,1,1,1",8,5,10,8421.62,110,1,15.0151,0,99,-1,0,-1,0,SEGMENT_TIMEOUT,,,,8.629,timeout,d_raw_ticks=99 brd_raw_work_scaled=-1 brd_goal_prefix_removed=0 brd_incidental_goal_prefix_ms=-1 brd_raw_plan_valid=0 brd_exit_reason=SEGMENT_TIMEOUT
g6_dlow_ascarce_pmixed_gshared_pool_seed0,warehouse_random_factorial,carrier_brd,1,67,439.0,439000000,125,260,54,9,0.2073,831,67,439,439000000,67,439,439000000,0,0,0,0,0,0,0,0,NOT_ATTEMPTED,1,0,0,0,-1,-1,-1,-1,-1,0,0,0,0,0,0,0,0,0,0,0,0,0,,,,,,,,,,,,,0,0,0,0,0,0,0,0,0,0,0,0,0,0,0,0,0,0,0,BOTTLENECK_TARGET_FRONTIER_CONTINUITY_V2,0,0,0,0,0,0,0,0,0,0,0,0,0,0,0,0,0,0.091167,0,0,0,0,0,0,157.03,47.0451,4,4,3,27,77,57.3299,13167,0,0,0,TASKBR_VACANCY_V1,6.27747,3,27,18,27,0,23,7.51476,0.144859,0,18,0,103,103,0,23,23,"1,1,1,1,1,1,1,1,1,1,2,1,1,1,1,1,1,2,1,2,1,2,1",6,11,23,589.569,90,0,32.4603,2.15073,67,439000000,0,823,1,SOLVED,831,831.734,7b6fa5d2177777eae2680c3ff987cb7d15a9d118a0c76bcff06c4e81cc6397f3,0.845,ok,
g6_dlow_ascarce_pmixed_gsingleton_seed0,warehouse_random_factorial,carrier_brd,0,,,,,,,,,,,,,,,,,,,,,,,,,,,,,,,,,,,,,,,,,,,,,,,,,,,,,,,,,,,,,,,,,,,,,,,,,,,,,,,,,,,,,,,,,,,,,,,,,,,,,,,46.5826,45.1204,3,3,2,27,12,11.1892,2052,0,0,1,TASKBR_VACANCY_V1,7.84249,2,27,18,27,0,12,3.58439,0.078325,0,18,0,40,40,0,12,11,"1,2,1,1,1,1,1,1,1,1,1",8,8,12,8438.58,109,1,17.0177,0,88,-1,0,-1,0,SEGMENT_TIMEOUT,,,,8.647,timeout,d_raw_ticks=88 brd_raw_work_scaled=-1 brd_goal_prefix_removed=0 brd_incidental_goal_prefix_ms=-1 brd_raw_plan_valid=0 brd_exit_reason=SEGMENT_TIMEOUT
g6_dlow_asurplus_pcross_heavy_gshared_pool_seed0,warehouse_random_factorial,carrier_brd,1,48,353.0,353000000,94,192,66,14,0.0725,657,48,353,353000000,48,353,353000000,0,0,0,0,0,0,0,0,NOT_ATTEMPTED,0,0,0,0,-1,-1,-1,-1,-1,0,0,0,0,0,0,0,0,0,0,0,0,0,,,,,,,,,,,,,0,0,0,0,0,0,0,0,0,0,0,0,0,0,0,0,0,0,0,BOTTLENECK_TARGET_FRONTIER_CONTINUITY_V2,0,0,0,0,0,0,0,0,0,0,0,0,0,0,0,0,0,0.078216,0,0,0,0,0,0,138.521,50.8917,6,6,5,33,73,56.7645,12483,1,1,2,TASKBR_VACANCY_V1,6.58268,5,33,17,32,1,17,6.33493,0.08657,0,17,0,78,78,0,17,17,"2,1,1,2,1,1,3,2,1,3,8,1,3,1,1,1,1",8,0,17,436.028,65,0,22.6029,1.08881,48,353000000,0,653,1,SOLVED,657,657.417,413dd369c5cbe17937741aa01e57a5a8eb819366c65becdcb7cdae215a368849,0.67,ok,
g6_dlow_asurplus_pcross_heavy_gsingleton_seed0,warehouse_random_factorial,carrier_brd,0,,,,,,,,,,,,,,,,,,,,,,,,,,,,,,,,,,,,,,,,,,,,,,,,,,,,,,,,,,,,,,,,,,,,,,,,,,,,,,,,,,,,,,,,,,,,,,,,,,,,,,,46.0448,45.8741,4,4,3,28,14,12.5608,2394,1,1,24,TASKBR_VACANCY_V1,7.86598,3,28,18,27,1,6,3.78684,0.072743,0,18,0,36,36,0,6,5,"1,1,1,1,1",15,2,6,8415.82,50,1,7.54371,0,44,-1,0,-1,0,SEGMENT_TIMEOUT,,,,8.606,timeout,d_raw_ticks=44 brd_raw_work_scaled=-1 brd_goal_prefix_removed=0 brd_incidental_goal_prefix_ms=-1 brd_raw_plan_valid=0 brd_exit_reason=SEGMENT_TIMEOUT
g6_dlow_asurplus_plocal_gshared_pool_seed0,warehouse_random_factorial,carrier_brd,1,30,297.0,297000000,109,130,58,11,0.1346,593,30,297,297000000,30,297,297000000,0,0,0,0,0,0,0,0,NOT_ATTEMPTED,0,0,0,0,-1,-1,-1,-1,-1,0,0,0,0,0,0,0,0,0,0,0,0,0,,,,,,,,,,,,,0,0,0,0,0,0,0,0,0,0,0,0,0,0,0,0,0,0,0,BOTTLENECK_TARGET_FRONTIER_CONTINUITY_V2,0,0,0,0,0,0,0,0,0,0,0,0,0,0,0,0,0,0.066944,0,0,0,0,0,0,144.366,46.1062,4,4,3,29,76,57.8807,12996,0,0,0,TASKBR_VACANCY_V1,6.21013,3,29,18,29,0,15,3.47109,0.066793,0,18,0,55,55,0,15,15,"1,1,2,3,1,3,1,1,1,1,1,1,1,10,1",9,0,15,380.275,45,0,20.3101,0.686707,30,297000000,0,590,1,SOLVED,593,593.54,710cf90db88b89ca516982579f293b53d5197417931c7b4904a9428f0d869c22,0.605,ok,
g6_dlow_asurplus_plocal_gsingleton_seed0,warehouse_random_factorial,carrier_brd,0,,,,,,,,,,,,,,,,,,,,,,,,,,,,,,,,,,,,,,,,,,,,,,,,,,,,,,,,,,,,,,,,,,,,,,,,,,,,,,,,,,,,,,,,,,,,,,,,,,,,,,,44.5947,45.5292,3,3,2,27,12,10.1144,2052,0,0,5,TASKBR_VACANCY_V1,6.57806,2,27,18,27,0,9,6.24616,0.064095,0,18,0,44,44,0,9,8,"1,1,1,1,1,1,1,1",12,2,9,8441.4,49,1,13.3196,0,40,-1,0,-1,0,SEGMENT_TIMEOUT,,,,8.684,timeout,d_raw_ticks=40 brd_raw_work_scaled=-1 brd_goal_prefix_removed=0 brd_incidental_goal_prefix_ms=-1 brd_raw_plan_valid=0 brd_exit_reason=SEGMENT_TIMEOUT
g6_dlow_asurplus_pmixed_gshared_pool_seed0,warehouse_random_factorial,carrier_brd,1,36,295.0,295000000,125,116,54,9,0.1286,586,36,295,295000000,36,295,295000000,0,0,0,0,0,0,0,0,NOT_ATTEMPTED,2,0,0,0,-1,-1,-1,-1,-1,0,0,0,0,0,0,0,0,0,0,0,0,0,,,,,,,,,,,,,0,0,0,0,0,0,0,0,0,0,0,0,0,0,0,0,0,0,0,BOTTLENECK_TARGET_FRONTIER_CONTINUITY_V2,0,0,0,0,0,0,0,0,0,0,0,0,0,0,0,0,0,0.071395,0,0,0,0,0,0,158.237,45.5785,4,4,3,27,77,57.3925,13167,0,0,0,TASKBR_VACANCY_V1,6.43207,3,27,18,27,0,14,4.74243,0.071908,0,18,0,62,62,0,14,14,"1,1,1,1,1,1,3,3,2,2,1,1,8,1",12,0,14,356.103,50,0,18.7157,0.830308,36,295000000,0,583,1,SOLVED,586,586.223,21b56cfc74ba02cea88c00b1fd9775b1c896c46f6e05c9b4f1708f874847d949,0.598,ok,
g6_dlow_asurplus_pmixed_gsingleton_seed0,warehouse_random_factorial,carrier_brd,0,,,,,,,,,,,,,,,,,,,,,,,,,,,,,,,,,,,,,,,,,,,,,,,,,,,,,,,,,,,,,,,,,,,,,,,,,,,,,,,,,,,,,,,,,,,,,,,,,,,,,,,44.995,44.7343,3,3,2,27,12,10.4402,2052,0,0,1,TASKBR_VACANCY_V1,7.66777,2,27,18,27,0,9,5.46059,0.044559,0,18,0,30,30,0,9,8,"1,3,1,1,1,1,1,1",12,0,9,8438.68,51,1,15.0687,0,42,-1,0,-1,0,SEGMENT_TIMEOUT,,,,8.673,timeout,d_raw_ticks=42 brd_raw_work_scaled=-1 brd_goal_prefix_removed=0 brd_incidental_goal_prefix_ms=-1 brd_raw_plan_valid=0 brd_exit_reason=SEGMENT_TIMEOUT
g6_dmedium_abaseline_pcross_heavy_gshared_pool_seed0,warehouse_random_factorial,carrier_brd,1,85,507.0,507000000,105,304,88,20,0.1029,1191,85,507,507000000,85,507,507000000,0,0,0,0,0,0,0,0,NOT_ATTEMPTED,1,0,0,0,-1,-1,-1,-1,-1,0,0,0,0,0,0,0,0,0,0,0,0,0,,,,,,,,,,,,,0,0,0,0,0,0,0,0,0,0,0,0,0,0,0,0,0,0,0,BOTTLENECK_TARGET_FRONTIER_CONTINUITY_V2,0,0,0,0,0,0,0,0,0,0,0,0,0,0,0,0,0,0.145863,0,0,0,0,0,0,251.871,62.6459,10,10,9,44,178,147.649,30438,10,10,52,TASKBR_VACANCY_V1,8.06979,9,44,18,34,10,32,6.65857,0.159161,0,18,0,128,128,0,32,32,"1,1,1,2,1,2,1,1,1,1,2,3,1,3,1,1,1,1,2,2,1,2,1,1,2,2,1,1,1,1,1,1",4,9,32,818.241,117,0,43.3439,3.24518,85,507000000,0,1178,1,SOLVED,1191,1191.94,4c33a1ddcf36ced3a62ff6b32a5a39f253c0753ef624536fcd25688efc65c8f4,1.208,ok,
g6_dmedium_abaseline_pcross_heavy_gsingleton_seed0,warehouse_random_factorial,carrier_brd,0,,,,,,,,,,,,,,,,,,,,,,,,,,,,,,,,,,,,,,,,,,,,,,,,,,,,,,,,,,,,,,,,,,,,,,,,,,,,,,,,,,,,,,,,,,,,,,,,,,,,,,,47.2083,49.8586,5,5,4,29,16,16.0234,2736,2,2,5,TASKBR_VACANCY_V1,7.11571,4,29,18,27,2,3,1.85522,0.045782,0,18,0,15,15,0,3,2,"1,1",11,0,3,8504.67,79,1,5.12091,0,43,-1,0,-1,0,SEGMENT_TIMEOUT,,,,8.843,timeout,d_raw_ticks=43 brd_raw_work_scaled=-1 brd_goal_prefix_removed=0 brd_incidental_goal_prefix_ms=-1 brd_raw_plan_valid=0 brd_exit_reason=SEGMENT_TIMEOUT
g6_dmedium_abaseline_plocal_gshared_pool_seed0,warehouse_random_factorial,carrier_brd,1,59,424.0,424000000,113,248,62,12,0.1596,749,59,424,424000000,59,424,424000000,0,0,0,0,0,0,0,0,NOT_ATTEMPTED,2,0,0,0,-1,-1,-1,-1,-1,0,0,0,0,0,0,0,0,0,0,0,0,0,,,,,,,,,,,,,0,0,0,0,0,0,0,0,0,0,0,0,0,0,0,0,0,0,0,BOTTLENECK_TARGET_FRONTIER_CONTINUITY_V2,0,0,0,0,0,0,0,0,0,0,0,0,0,0,0,0,0,0.097107,0,0,0,0,0,0,168.724,51.8859,5,5,4,31,88,76.5645,15048,1,1,25,TASKBR_VACANCY_V1,6.46804,4,31,18,30,1,19,5.04194,0.14828,0,18,0,93,93,0,19,19,"1,1,1,1,1,1,2,2,2,4,1,1,5,1,2,1,1,2,1",8,11,19,488.615,78,0,26.0895,2.25409,59,424000000,0,740,1,SOLVED,749,749.268,f594984bf04b231962cb072ef8b2c20fbce102d91e2bd6be58464d24a25a5168,0.763,ok,
g6_dmedium_abaseline_plocal_gsingleton_seed0,warehouse_random_factorial,carrier_brd,0,,,,,,,,,,,,,,,,,,,,,,,,,,,,,,,,,,,,,,,,,,,,,,,,,,,,,,,,,,,,,,,,,,,,,,,,,,,,,,,,,,,,,,,,,,,,,,,,,,,,,,,45.9559,44.8282,3,3,2,27,12,11.0754,2052,0,0,5,TASKBR_VACANCY_V1,7.78704,2,27,18,27,0,10,4.6378,0.072666,0,18,0,46,46,0,10,9,"1,1,1,1,2,1,1,1,1",9,7,10,8446.12,77,1,12.8512,0,61,-1,0,-1,0,SEGMENT_TIMEOUT,,,,8.691,timeout,d_raw_ticks=61 brd_raw_work_scaled=-1 brd_goal_prefix_removed=0 brd_incidental_goal_prefix_ms=-1 brd_raw_plan_valid=0 brd_exit_reason=SEGMENT_TIMEOUT
g6_dmedium_abaseline_pmixed_gshared_pool_seed0,warehouse_random_factorial,carrier_brd,1,56,406.0,406000000,129,227,50,7,0.192,701,56,406,406000000,56,406,406000000,0,0,0,0,0,0,0,0,NOT_ATTEMPTED,2,0,0,0,-1,-1,-1,-1,-1,0,0,0,0,0,0,0,0,0,0,0,0,0,,,,,,,,,,,,,0,0,0,0,0,0,0,0,0,0,0,0,0,0,0,0,0,0,0,BOTTLENECK_TARGET_FRONTIER_CONTINUITY_V2,0,0,0,0,0,0,0,0,0,0,0,0,0,0,0,0,0,0.088986,0,0,0,0,0,0,180.476,44.5997,3,3,2,25,88,73.7994,15048,0,0,0,TASKBR_VACANCY_V1,7.29366,2,25,18,25,0,17,4.13528,0.103325,0,18,0,74,74,0,17,17,"1,1,1,3,2,1,1,1,2,1,2,1,1,4,1,1,1",8,8,17,433.734,73,0,19.3907,2.03427,56,406000000,0,692,1,SOLVED,701,701.253,cd4fd70b6983e04523ac5682d09a6b52bfc445b9c59f5b2bac55a5fd226b457b,0.715,ok,
g6_dmedium_abaseline_pmixed_gsingleton_seed0,warehouse_random_factorial,carrier_brd,0,,,,,,,,,,,,,,,,,,,,,,,,,,,,,,,,,,,,,,,,,,,,,,,,,,,,,,,,,,,,,,,,,,,,,,,,,,,,,,,,,,,,,,,,,,,,,,,,,,,,,,,45.7906,44.8896,3,3,2,27,12,11.8229,2052,0,0,1,TASKBR_VACANCY_V1,7.7757,2,27,18,27,0,13,2.39229,0.069347,0,18,0,41,41,0,13,12,"1,1,1,1,1,1,1,1,2,1,1,1",10,5,13,8397.75,116,1,18.4028,0,68,-1,0,-1,0,SEGMENT_TIMEOUT,,,,8.565,timeout,d_raw_ticks=68 brd_raw_work_scaled=-1 brd_goal_prefix_removed=0 brd_incidental_goal_prefix_ms=-1 brd_raw_plan_valid=0 brd_exit_reason=SEGMENT_TIMEOUT
g6_dmedium_aequal_pcross_heavy_gshared_pool_seed0,warehouse_random_factorial,carrier_brd,1,76,494.0,494000000,105,291,88,20,0.0768,1245,76,494,494000000,76,494,494000000,0,0,0,0,0,0,0,0,NOT_ATTEMPTED,1,0,0,0,-1,-1,-1,-1,-1,0,0,0,0,0,0,0,0,0,0,0,0,0,,,,,,,,,,,,,0,0,0,0,0,0,0,0,0,0,0,0,0,0,0,0,0,0,0,BOTTLENECK_TARGET_FRONTIER_CONTINUITY_V2,0,0,0,0,0,0,0,0,0,0,0,0,0,0,0,0,0,0.153665,0,0,0,0,0,0,249.203,81.1814,10,10,9,44,178,150.876,30438,10,10,52,TASKBR_VACANCY_V1,13.3312,9,44,18,34,10,33,8.51678,0.139034,0,18,0,132,132,0,33,33,"1,1,1,1,1,1,1,2,2,1,2,1,1,1,1,5,1,1,1,1,2,1,2,1,1,2,2,1,1,1,1,1,1",6,1,33,850.68,109,0,42.2381,3.04558,76,494000000,0,1233,1,SOLVED,1245,1245.29,03919964684bee136844e808c3e25f75310e2e1001c94fee79d8a7b8ca2baed7,1.261,ok,
g6_dmedium_aequal_pcross_heavy_gsingleton_seed0,warehouse_random_factorial,carrier_brd,0,,,,,,,,,,,,,,,,,,,,,,,,,,,,,,,,,,,,,,,,,,,,,,,,,,,,,,,,,,,,,,,,,,,,,,,,,,,,,,,,,,,,,,,,,,,,,,,,,,,,,,,47.2358,49.4368,5,5,4,29,16,16.1068,2736,2,2,5,TASKBR_VACANCY_V1,7.09272,4,29,18,27,2,7,1.60755,0.040394,0,18,0,20,20,0,7,6,"1,1,1,1,1,1",16,0,7,8492.83,51,1,11.9206,0,44,-1,0,-1,0,SEGMENT_TIMEOUT,,,,8.856,timeout,d_raw_ticks=44 brd_raw_work_scaled=-1 brd_goal_prefix_removed=0 brd_incidental_goal_prefix_ms=-1 brd_raw_plan_valid=0 brd_exit_reason=SEGMENT_TIMEOUT
g6_dmedium_aequal_plocal_gshared_pool_seed0,warehouse_random_factorial,carrier_brd,1,38,363.0,363000000,113,187,62,12,0.1652,682,38,363,363000000,38,363,363000000,0,0,0,0,0,0,0,0,NOT_ATTEMPTED,0,0,0,0,-1,-1,-1,-1,-1,0,0,0,0,0,0,0,0,0,0,0,0,0,,,,,,,,,,,,,0,0,0,0,0,0,0,0,0,0,0,0,0,0,0,0,0,0,0,BOTTLENECK_TARGET_FRONTIER_CONTINUITY_V2,0,0,0,0,0,0,0,0,0,0,0,0,0,0,0,0,0,0.084592,0,0,0,0,0,0,167.916,52.1437,5,5,4,31,88,75.9246,15048,1,1,25,TASKBR_VACANCY_V1,7.0274,4,31,18,30,1,17,2.92027,0.099212,0,18,0,72,72,0,17,17,"1,1,1,2,1,1,3,1,1,1,3,1,1,9,1,2,1",10,0,17,433.859,55,0,25.2256,1.49487,38,363000000,0,677,1,SOLVED,682,683.046,2fe0b0929620e67a7a9f6fa5bb30600746eb289d09b7f2c96ef9b22a99c90bf3,0.696,ok,
g6_dmedium_aequal_plocal_gsingleton_seed0,warehouse_random_factorial,carrier_brd,0,,,,,,,,,,,,,,,,,,,,,,,,,,,,,,,,,,,,,,,,,,,,,,,,,,,,,,,,,,,,,,,,,,,,,,,,,,,,,,,,,,,,,,,,,,,,,,,,,,,,,,,45.5041,45.4213,3,3,2,27,12,10.9585,2052,0,0,5,TASKBR_VACANCY_V1,6.54021,2,27,18,27,0,7,3.76468,0.052107,0,18,0,32,32,0,7,6,"1,2,1,1,1,2",13,4,7,8472.26,51,1,9.85886,0,44,-1,0,-1,0,SEGMENT_TIMEOUT,,,,8.789,timeout,d_raw_ticks=44 brd_raw_work_scaled=-1 brd_goal_prefix_removed=0 brd_incidental_goal_prefix_ms=-1 brd_raw_plan_valid=0 brd_exit_reason=SEGMENT_TIMEOUT
g6_dmedium_aequal_pmixed_gshared_pool_seed0,warehouse_random_factorial,carrier_brd,1,33,348.0,348000000,129,169,50,7,0.2172,641,33,348,348000000,33,348,348000000,0,0,0,0,0,0,0,0,NOT_ATTEMPTED,0,0,0,0,-1,-1,-1,-1,-1,0,0,0,0,0,0,0,0,0,0,0,0,0,,,,,,,,,,,,,0,0,0,0,0,0,0,0,0,0,0,0,0,0,0,0,0,0,0,BOTTLENECK_TARGET_FRONTIER_CONTINUITY_V2,0,0,0,0,0,0,0,0,0,0,0,0,0,0,0,0,0,0.078422,0,0,0,0,0,0,180.231,43.7935,3,3,2,25,88,73.0993,15048,0,0,0,TASKBR_VACANCY_V1,6.14386,2,25,18,25,0,15,3.37735,0.104127,0,18,0,68,68,0,15,15,"1,1,1,1,3,1,1,1,1,2,2,1,1,1,7",11,2,15,386.737,48,0,20.0426,1.30844,33,348000000,0,636,1,SOLVED,641,641.567,c9654d0c4d11e3c6e44930efd52a6e50f72ec5f0d4ec3f02220566cb0c0a5886,0.655,ok,
g6_dmedium_aequal_pmixed_gsingleton_seed0,warehouse_random_factorial,carrier_brd,0,,,,,,,,,,,,,,,,,,,,,,,,,,,,,,,,,,,,,,,,,,,,,,,,,,,,,,,,,,,,,,,,,,,,,,,,,,,,,,,,,,,,,,,,,,,,,,,,,,,,,,,48.3128,47.8471,3,3,2,27,12,12.801,2052,0,0,1,TASKBR_VACANCY_V1,6.52559,2,27,18,27,0,9,2.00246,0.049307,0,18,0,29,29,0,9,8,"1,2,1,1,1,1,2,1",13,0,9,8450.81,55,1,13.5309,0,46,-1,0,-1,0,SEGMENT_TIMEOUT,,,,8.726,timeout,d_raw_ticks=46 brd_raw_work_scaled=-1 brd_goal_prefix_removed=0 brd_incidental_goal_prefix_ms=-1 brd_raw_plan_valid=0 brd_exit_reason=SEGMENT_TIMEOUT
g6_dmedium_ascarce_pcross_heavy_gshared_pool_seed0,warehouse_random_factorial,carrier_brd,1,89,471.0,471000000,105,268,88,20,0.1311,1289,89,471,471000000,89,471,471000000,0,0,0,0,0,0,0,0,NOT_ATTEMPTED,2,0,0,0,-1,-1,-1,-1,-1,0,0,0,0,0,0,0,0,0,0,0,0,0,,,,,,,,,,,,,0,0,0,0,0,0,0,0,0,0,0,0,0,0,0,0,0,0,0,BOTTLENECK_TARGET_FRONTIER_CONTINUITY_V2,0,0,0,0,0,0,0,0,0,0,0,0,0,0,0,0,0,0.146183,0,0,0,0,0,0,251.325,61.9033,10,10,9,44,178,147.208,30438,10,10,52,TASKBR_VACANCY_V1,8.1266,9,44,18,34,10,36,7.05786,0.155538,0,18,0,126,126,0,36,36,"1,1,1,1,1,1,1,1,1,1,1,1,1,1,3,1,3,1,1,1,1,1,1,2,1,2,1,2,1,2,1,1,1,1,1,1",4,13,36,917.57,125,0,49.4071,3.30939,89,471000000,0,1275,1,SOLVED,1289,1289.23,c724ac5b23eb85110250816f08db3db9e39b5131d4d08f1d393678c562cb74c1,1.305,ok,
g6_dmedium_ascarce_pcross_heavy_gsingleton_seed0,warehouse_random_factorial,carrier_brd,0,,,,,,,,,,,,,,,,,,,,,,,,,,,,,,,,,,,,,,,,,,,,,,,,,,,,,,,,,,,,,,,,,,,,,,,,,,,,,,,,,,,,,,,,,,,,,,,,,,,,,,,47.1422,49.9812,5,5,4,29,16,15.8856,2736,2,2,5,TASKBR_VACANCY_V1,7.2002,4,29,18,27,2,10,2.77158,0.049124,0,18,0,23,23,0,10,9,"1,2,1,1,1,1,1,1,1",8,3,10,8409.92,172,1,14.6328,0,162,-1,0,-1,0,SEGMENT_TIMEOUT,,,,8.661,timeout,_raw_ticks=162 brd_raw_work_scaled=-1 brd_goal_prefix_removed=0 brd_incidental_goal_prefix_ms=-1 brd_raw_plan_valid=0 brd_exit_reason=SEGMENT_TIMEOUT
g6_dmedium_ascarce_plocal_gshared_pool_seed0,warehouse_random_factorial,carrier_brd,1,66,418.0,418000000,113,242,62,12,0.1902,905,66,418,418000000,66,418,418000000,0,0,0,0,0,0,0,0,NOT_ATTEMPTED,3,0,0,0,-1,-1,-1,-1,-1,0,0,0,0,0,0,0,0,0,0,0,0,0,,,,,,,,,,,,,0,0,0,0,0,0,0,0,0,0,0,0,0,0,0,0,0,0,0,BOTTLENECK_TARGET_FRONTIER_CONTINUITY_V2,0,0,0,0,0,0,0,0,0,0,0,0,0,0,0,0,0,0.109732,0,0,0,0,0,0,167.974,52.387,5,5,4,31,88,76.3366,15048,1,1,25,TASKBR_VACANCY_V1,6.58717,4,31,18,30,1,25,5.92505,0.115359,0,18,0,95,95,0,25,25,"1,1,1,1,1,1,1,1,2,1,1,1,1,1,2,1,4,1,1,1,1,1,1,2,1",5,11,25,640.703,91,0,35.1717,2.52954,66,418000000,0,896,1,SOLVED,905,905.983,663cee865da5a00ceaac3d0f9104ae28b9a5d6ea0c8d453719e00808c295a4f1,0.92,ok,
g6_dmedium_ascarce_plocal_gsingleton_seed0,warehouse_random_factorial,carrier_brd,0,,,,,,,,,,,,,,,,,,,,,,,,,,,,,,,,,,,,,,,,,,,,,,,,,,,,,,,,,,,,,,,,,,,,,,,,,,,,,,,,,,,,,,,,,,,,,,,,,,,,,,,46.0464,43.9224,3,3,2,27,12,10.9573,2052,0,0,5,TASKBR_VACANCY_V1,7.82542,2,27,18,27,0,10,5.09156,0.055435,0,18,0,30,30,0,10,9,"1,1,2,1,1,2,1,1,1",8,5,10,8400.87,109,1,16.3575,0,99,-1,0,-1,0,SEGMENT_TIMEOUT,,,,8.571,timeout,d_raw_ticks=99 brd_raw_work_scaled=-1 brd_goal_prefix_removed=0 brd_incidental_goal_prefix_ms=-1 brd_raw_plan_valid=0 brd_exit_reason=SEGMENT_TIMEOUT
g6_dmedium_ascarce_pmixed_gshared_pool_seed0,warehouse_random_factorial,carrier_brd,1,63,421.0,421000000,129,242,50,7,0.2275,807,63,421,421000000,63,421,421000000,0,0,0,0,0,0,0,0,NOT_ATTEMPTED,3,0,0,0,-1,-1,-1,-1,-1,0,0,0,0,0,0,0,0,0,0,0,0,0,,,,,,,,,,,,,0,0,0,0,0,0,0,0,0,0,0,0,0,0,0,0,0,0,0,BOTTLENECK_TARGET_FRONTIER_CONTINUITY_V2,0,0,0,0,0,0,0,0,0,0,0,0,0,0,0,0,0,0.097213,0,0,0,0,0,0,180.401,44.0043,3,3,2,25,88,72.9182,15048,0,0,0,TASKBR_VACANCY_V1,6.47663,2,25,18,25,0,21,6.53174,0.124482,0,18,0,95,95,0,21,21,"1,1,1,1,1,1,1,1,1,1,2,1,1,1,1,1,1,2,1,2,2",6,8,21,535.954,84,0,26.0215,2.41334,63,421000000,0,798,1,SOLVED,807,807.751,9f339307337f47afe9562cf9e721d5b53ff25b42421a863597fdea05713f3179,0.822,ok,
g6_dmedium_ascarce_pmixed_gsingleton_seed0,warehouse_random_factorial,carrier_brd,0,,,,,,,,,,,,,,,,,,,,,,,,,,,,,,,,,,,,,,,,,,,,,,,,,,,,,,,,,,,,,,,,,,,,,,,,,,,,,,,,,,,,,,,,,,,,,,,,,,,,,,,46.1024,46.2098,3,3,2,27,12,11.7484,2052,0,0,1,TASKBR_VACANCY_V1,6.51927,2,27,18,27,0,12,3.65179,0.069844,0,18,0,40,40,0,12,11,"1,2,1,1,1,1,1,1,1,1,1",8,8,12,8418.1,108,1,17.5308,0,88,-1,0,-1,0,SEGMENT_TIMEOUT,,,,8.618,timeout,d_raw_ticks=88 brd_raw_work_scaled=-1 brd_goal_prefix_removed=0 brd_incidental_goal_prefix_ms=-1 brd_raw_plan_valid=0 brd_exit_reason=SEGMENT_TIMEOUT
g6_dmedium_asurplus_pcross_heavy_gshared_pool_seed0,warehouse_random_factorial,carrier_brd,1,65,415.0,415000000,105,212,88,20,0.0598,1035,65,415,415000000,65,415,415000000,0,0,0,0,0,0,0,0,NOT_ATTEMPTED,0,0,0,0,-1,-1,-1,-1,-1,0,0,0,0,0,0,0,0,0,0,0,0,0,,,,,,,,,,,,,0,0,0,0,0,0,0,0,0,0,0,0,0,0,0,0,0,0,0,BOTTLENECK_TARGET_FRONTIER_CONTINUITY_V2,0,0,0,0,0,0,0,0,0,0,0,0,0,0,0,0,0,0.12855,0,0,0,0,0,0,249.726,62.2653,10,10,9,44,178,146.316,30438,10,10,52,TASKBR_VACANCY_V1,8.02578,9,44,18,34,10,26,7.2717,0.109233,0,18,0,94,94,0,26,26,"2,1,2,2,2,1,1,2,1,1,3,7,1,1,3,2,1,2,1,2,1,1,1,1,1,1",8,0,26,676.075,91,0,39.6254,2.63828,65,415000000,0,1025,1,SOLVED,1035,1035.9,932cf2e5981b00806d431811a025a2b8cb09ed14037b6034e6e4c3aba7b16f57,1.051,ok,
g6_dmedium_asurplus_pcross_heavy_gsingleton_seed0,warehouse_random_factorial,carrier_brd,0,,,,,,,,,,,,,,,,,,,,,,,,,,,,,,,,,,,,,,,,,,,,,,,,,,,,,,,,,,,,,,,,,,,,,,,,,,,,,,,,,,,,,,,,,,,,,,,,,,,,,,,48.4882,50.5476,5,5,4,29,16,16.3502,2736,2,2,5,TASKBR_VACANCY_V1,7.20034,4,29,18,27,2,6,3.82197,0.073663,0,18,0,36,36,0,6,5,"1,1,1,1,1",15,2,6,8433.62,50,1,9.60622,0,44,-1,0,-1,0,SEGMENT_TIMEOUT,,,,8.689,timeout,d_raw_ticks=44 brd_raw_work_scaled=-1 brd_goal_prefix_removed=0 brd_incidental_goal_prefix_ms=-1 brd_raw_plan_valid=0 brd_exit_reason=SEGMENT_TIMEOUT
g6_dmedium_asurplus_plocal_gshared_pool_seed0,warehouse_random_factorial,carrier_brd,1,37,308.0,308000000,113,132,62,12,0.1131,660,37,308,308000000,37,308,308000000,0,0,0,0,0,0,0,0,NOT_ATTEMPTED,0,0,0,0,-1,-1,-1,-1,-1,0,0,0,0,0,0,0,0,0,0,0,0,0,,,,,,,,,,,,,0,0,0,0,0,0,0,0,0,0,0,0,0,0,0,0,0,0,0,BOTTLENECK_TARGET_FRONTIER_CONTINUITY_V2,0,0,0,0,0,0,0,0,0,0,0,0,0,0,0,0,0,0.080973,0,0,0,0,0,0,168.75,52.2041,5,5,4,31,88,76.8994,15048,1,1,25,TASKBR_VACANCY_V1,6.93546,4,31,18,30,1,16,3.69083,0.064435,0,18,0,57,57,0,16,16,"1,1,2,2,2,3,1,1,1,2,1,1,9,1,2,1",10,0,16,405.976,53,0,19.6165,1.43883,37,308000000,0,654,1,SOLVED,660,660.859,f2129995e0f77960e06d72a503cb1bdd5015488953cc0bd7c332eab1f816faf4,0.674,ok,
g6_dmedium_asurplus_plocal_gsingleton_seed0,warehouse_random_factorial,carrier_brd,0,,,,,,,,,,,,,,,,,,,,,,,,,,,,,,,,,,,,,,,,,,,,,,,,,,,,,,,,,,,,,,,,,,,,,,,,,,,,,,,,,,,,,,,,,,,,,,,,,,,,,,,45.9547,46.3968,3,3,2,27,12,10.9148,2052,0,0,5,TASKBR_VACANCY_V1,6.41235,2,27,18,27,0,9,6.27962,0.059784,0,18,0,44,44,0,9,8,"1,1,1,1,1,1,1,1",12,2,9,8427.38,49,1,15.7812,0,40,-1,0,-1,0,SEGMENT_TIMEOUT,,,,8.651,timeout,d_raw_ticks=40 brd_raw_work_scaled=-1 brd_goal_prefix_removed=0 brd_incidental_goal_prefix_ms=-1 brd_raw_plan_valid=0 brd_exit_reason=SEGMENT_TIMEOUT
g6_dmedium_asurplus_pmixed_gshared_pool_seed0,warehouse_random_factorial,carrier_brd,1,33,295.0,295000000,129,116,50,7,0.1448,587,33,295,295000000,33,295,295000000,0,0,0,0,0,0,0,0,NOT_ATTEMPTED,2,0,0,0,-1,-1,-1,-1,-1,0,0,0,0,0,0,0,0,0,0,0,0,0,,,,,,,,,,,,,0,0,0,0,0,0,0,0,0,0,0,0,0,0,0,0,0,0,0,BOTTLENECK_TARGET_FRONTIER_CONTINUITY_V2,0,0,0,0,0,0,0,0,0,0,0,0,0,0,0,0,0,0.070591,0,0,0,0,0,0,205.49,45.0179,3,3,2,25,88,82.0529,15048,0,0,0,TASKBR_VACANCY_V1,6.24875,2,25,18,25,0,12,4.27039,0.06648,0,18,0,53,53,0,12,12,"1,1,1,1,1,3,4,2,2,1,1,7",13,0,12,310.24,45,0,18.2509,1.3498,33,295000000,0,581,1,SOLVED,587,587.26,e17fdf960384bb46d7ff83ec09fc3521eddbcefb9f5265d062b3e638eaad04db,0.601,ok,
g6_dmedium_asurplus_pmixed_gsingleton_seed0,warehouse_random_factorial,carrier_brd,0,,,,,,,,,,,,,,,,,,,,,,,,,,,,,,,,,,,,,,,,,,,,,,,,,,,,,,,,,,,,,,,,,,,,,,,,,,,,,,,,,,,,,,,,,,,,,,,,,,,,,,,45.9724,46.7258,3,3,2,27,12,11.8449,2052,0,0,1,TASKBR_VACANCY_V1,6.55559,2,27,18,27,0,9,5.35825,0.04421,0,18,0,30,30,0,9,8,"1,3,1,1,1,1,1,1",12,0,9,8444.49,52,1,13.5049,0,42,-1,0,-1,0,SEGMENT_TIMEOUT,,,,8.756,timeout,d_raw_ticks=42 brd_raw_work_scaled=-1 brd_goal_prefix_removed=0 brd_incidental_goal_prefix_ms=-1 brd_raw_plan_valid=0 brd_exit_reason=SEGMENT_TIMEOUT
warehouse_blocks_h20w20_b3_a1_d25_r8_t12_seed0,warehouse_blocks,carrier_brd,1,28,156.0,156000000,37,91,28,2,0.1652,187,28,156,156000000,28,156,156000000,0,0,0,0,0,0,0,0,NOT_ATTEMPTED,0,0,0,0,-1,-1,-1,-1,-1,0,0,0,0,0,0,0,0,0,0,0,0,0,,,,,,,,,,,,,0,0,0,0,0,0,0,0,0,0,0,0,0,0,0,0,0,0,0,BOTTLENECK_TARGET_FRONTIER_CONTINUITY_V2,0,0,0,0,0,0,0,0,0,0,0,0,0,0,0,0,0,0.034146,0,0,0,0,0,0,24.2248,25.9326,3,3,2,14,5,2.70554,875,0,0,0,TASKBR_VACANCY_V1,2.35698,2,14,12,14,0,9,0.921805,0.029059,0,12,0,36,36,0,9,9,"3,1,1,1,2,1,1,2,2",3,3,9,130.676,37,0,6.47989,0.152899,28,156000000,0,186,1,SOLVED,187,187.244,4a94f7f91dddab23a62407d376a569e6051f219632f7fc1797fad8f486354f77,0.197,ok,
warehouse_blocks_h20w20_b3_a1_d50_r8_t12_seed0,warehouse_blocks,carrier_brd,1,26,157.0,157000000,33,100,24,0,0.1587,184,26,157,157000000,26,157,157000000,0,0,0,0,0,0,0,0,NOT_ATTEMPTED,4,0,0,0,-1,-1,-1,-1,-1,0,0,0,0,0,0,0,0,0,0,0,0,0,,,,,,,,,,,,,0,0,0,0,0,0,0,0,0,0,0,0,0,0,0,0,0,0,0,BOTTLENECK_TARGET_FRONTIER_CONTINUITY_V2,0,0,0,0,0,0,0,0,0,0,0,0,0,0,0,0,0,0.036454,0,0,0,0,0,0,22.6954,24.2822,2,2,1,12,2,1.32598,350,0,0,0,TASKBR_VACANCY_V1,2.30219,1,12,12,12,0,9,1.05839,0.035364,0,12,0,37,37,0,9,9,"1,2,1,1,1,2,2,1,1",4,8,9,129.181,35,0,6.51499,0.239069,26,157000000,0,183,1,SOLVED,184,184.015,93aac27a71958ac7d38d4ca3efdce62cb0014f76de3a3894206a37ad413f06ad,0.193,ok,
warehouse_blocks_h20w20_b3_a1_d75_r8_t12_seed0,warehouse_blocks,carrier_brd,1,21,130.0,130000000,37,69,24,0,0.2202,171,21,130,130000000,21,130,130000000,0,0,0,0,0,0,0,0,NOT_ATTEMPTED,1,0,0,0,-1,-1,-1,-1,-1,0,0,0,0,0,0,0,0,0,0,0,0,0,,,,,,,,,,,,,0,0,0,0,0,0,0,0,0,0,0,0,0,0,0,0,0,0,0,BOTTLENECK_TARGET_FRONTIER_CONTINUITY_V2,0,0,0,0,0,0,0,0,0,0,0,0,0,0,0,0,0,0.029746,0,0,0,0,0,0,22.4608,24.4474,2,2,1,12,2,1.20869,350,0,0,23,TASKBR_VACANCY_V1,2.33612,1,12,12,12,0,8,0.811995,0.023799,0,12,0,27,27,0,8,8,"3,2,1,1,1,2,1,1",3,2,8,115.726,29,0,5.64604,0.398238,21,130000000,0,169,1,SOLVED,171,171.122,0b1d5bb5534d9c2486a2b3bb373fd51cf6a6950130093219142b6a521c71ea0a,0.181,ok,
warehouse_blocks_h20w20_b4_a1_d25_r8_t12_seed0,warehouse_blocks,carrier_brd,1,27,126.0,126000000,31,65,30,3,0.1435,170,27,126,126000000,27,126,126000000,0,0,0,0,0,0,0,0,NOT_ATTEMPTED,2,0,0,0,-1,-1,-1,-1,-1,0,0,0,0,0,0,0,0,0,0,0,0,0,,,,,,,,,,,,,0,0,0,0,0,0,0,0,0,0,0,0,0,0,0,0,0,0,0,BOTTLENECK_TARGET_FRONTIER_CONTINUITY_V2,0,0,0,0,0,0,0,0,0,0,0,0,0,0,0,0,0,0.035534,0,0,0,0,0,0,20.0259,21.1605,4,4,3,15,7,3.47113,1008,0,0,1,TASKBR_VACANCY_V1,2.24117,3,15,12,15,0,10,1.05392,0.030476,0,12,0,32,32,0,10,10,"1,2,2,2,2,1,2,1,1,1",3,6,10,123.253,37,0,6.57082,0.179094,27,126000000,0,169,1,SOLVED,170,170.389,f11514b40bb4dc0a87eac305281415187794daa0438c4769e00a1ce2a593adf7,0.18,ok,
warehouse_blocks_h20w20_b4_a1_d50_r8_t12_seed0,warehouse_blocks,carrier_brd,1,28,148.0,148000000,29,93,26,1,0.1295,184,28,148,148000000,28,148,148000000,0,0,0,0,0,0,0,0,NOT_ATTEMPTED,4,0,0,0,-1,-1,-1,-1,-1,0,0,0,0,0,0,0,0,0,0,0,0,0,,,,,,,,,,,,,0,0,0,0,0,0,0,0,0,0,0,0,0,0,0,0,0,0,0,BOTTLENECK_TARGET_FRONTIER_CONTINUITY_V2,0,0,0,0,0,0,0,0,0,0,0,0,0,0,0,0,0,0.036736,0,0,0,0,0,0,19.5872,22.1959,3,3,2,13,4,2.35848,576,0,0,13,TASKBR_VACANCY_V1,2.57259,2,13,12,13,0,10,1.03238,0.030312,0,12,0,35,35,0,10,10,"1,2,2,1,1,2,1,1,1,1",4,4,10,134.953,38,0,7.58838,0.271653,28,148000000,0,183,1,SOLVED,184,184.98,a32ece450f3dcd758bf3efbe8fa686f9801a17541c6091e125181300cdc4a3cd,0.195,ok,
warehouse_blocks_h20w20_b4_a1_d75_r8_t12_seed0,warehouse_blocks,carrier_brd,1,34,160.0,160000000,45,80,28,1,0.1654,178,34,160,160000000,34,160,160000000,0,0,0,0,0,0,0,0,NOT_ATTEMPTED,0,0,0,0,-1,-1,-1,-1,-1,0,0,0,0,0,0,0,0,0,0,0,0,0,,,,,,,,,,,,,0,0,0,0,0,0,0,0,0,0,0,0,0,0,0,0,0,0,0,BOTTLENECK_TARGET_FRONTIER_CONTINUITY_V2,0,0,0,0,0,0,0,0,0,0,0,0,0,0,0,0,0,0.039649,0,0,0,0,0,0,21.0087,23.2887,4,4,3,14,8,4.23159,1152,1,7,20,TASKBR_VACANCY_V1,2.64112,3,14,12,13,1,10,0.811395,0.025394,0,12,0,28,28,0,10,10,"3,1,3,1,1,1,1,1,1,1",4,0,10,123.624,44,0,6.52367,0.669285,34,160000000,0,176,1,SOLVED,178,178.914,19b92d552f5495a270b10135cc580144401473be2507d728e3bc9d0e64132402,0.19,ok,
warehouse_blocks_h20w20_b9_a1_d25_r8_t12_seed0,warehouse_blocks,carrier_brd,1,26,159.0,159000000,37,86,36,6,0.1779,64,26,159,159000000,26,159,159000000,0,0,0,0,0,0,0,0,NOT_ATTEMPTED,3,0,0,0,-1,-1,-1,-1,-1,0,0,0,0,0,0,0,0,0,0,0,0,0,,,,,,,,,,,,,0,0,0,0,0,0,0,0,0,0,0,0,0,0,0,0,0,0,0,BOTTLENECK_TARGET_FRONTIER_CONTINUITY_V2,0,0,0,0,0,0,0,0,0,0,0,0,0,0,0,0,0,0.031896,0,0,0,0,0,0,6.92685,8.51781,4,4,3,18,10,1.83944,760,0,0,14,TASKBR_VACANCY_V1,1.32899,3,18,12,18,0,11,1.15867,0.035377,0,12,0,38,38,0,11,11,"1,2,1,1,2,1,1,3,3,1,2",4,3,11,42.9058,37,0,1.31167,0.17565,26,159000000,0,63,1,SOLVED,64,64.4891,77c6b517f88d59fdde9cce65e16b031de43e099a8e9320e570ba8787c12cb624,0.074,ok,
warehouse_blocks_h20w20_b9_a1_d50_r8_t12_seed0,warehouse_blocks,carrier_brd,1,38,160.0,160000000,33,94,30,2,0.1086,74,38,160,160000000,38,160,160000000,0,0,0,0,0,0,0,0,NOT_ATTEMPTED,2,0,0,0,-1,-1,-1,-1,-1,0,0,0,0,0,0,0,0,0,0,0,0,0,,,,,,,,,,,,,0,0,0,0,0,0,0,0,0,0,0,0,0,0,0,0,0,0,0,BOTTLENECK_TARGET_FRONTIER_CONTINUITY_V2,0,0,0,0,0,0,0,0,0,0,0,0,0,0,0,0,0,0.033645,0,0,0,0,0,0,6.69425,8.51358,4,4,3,15,7,1.79069,532,1,3,13,TASKBR_VACANCY_V1,1.40232,3,15,12,14,1,12,1.27402,0.035766,0,12,0,44,44,0,12,12,"1,2,1,1,2,1,1,2,1,1,1,1",4,8,12,49.4331,50,0,1.32274,0.641945,38,160000000,0,71,1,SOLVED,74,74.4252,3477f6a873074a55f8c6f6aed75c07549df159b871e2583ce9289bd4d91fcbde,0.084,ok,
warehouse_blocks_h20w20_b9_a1_d75_r8_t12_seed0,warehouse_blocks,carrier_brd,1,25,140.0,140000000,25,89,26,1,0.125,59,25,140,140000000,25,140,140000000,0,0,0,0,0,0,0,0,NOT_ATTEMPTED,3,0,0,0,-1,-1,-1,-1,-1,0,0,0,0,0,0,0,0,0,0,0,0,0,,,,,,,,,,,,,0,0,0,0,0,0,0,0,0,0,0,0,0,0,0,0,0,0,0,BOTTLENECK_TARGET_FRONTIER_CONTINUITY_V2,0,0,0,0,0,0,0,0,0,0,0,0,0,0,0,0,0,0.027725,0,0,0,0,0,0,6.3801,7.53059,3,3,2,13,4,1.00114,304,0,0,26,TASKBR_VACANCY_V1,1.2141,2,13,12,13,0,9,0.928848,0.02955,0,12,0,32,32,0,9,9,"1,3,1,1,2,1,2,1,1",3,7,9,37.287,34,0,1.13938,0.554248,25,140000000,0,57,1,SOLVED,59,59.4894,cf7375f937a84f588e34f302a41fc34afec24a029597c6ce26fe2b758e21fa61,0.069,ok,
