instance,family,method,success,executed_makespan,weighted_soc,weighted_work_scaled,loaded_moves,free_moves,lift_drop,shelf_switches,robot_utilization,first_solution_ms,first_solution_makespan,first_solution_soc,first_solution_work_scaled,best_makespan,best_soc,best_work_scaled,improvement_attempts,improvement_candidates,improvement_improvements,improvement_generator_failures,reference_checkpoint_hits,reference_action_hints,reference_suffix_attempts,reference_suffix_accepted,improvement_exit_reason,reversals,assignment_restarts,assignment_second_solved,assignment_improvements,assignment_second_solution_ms,assignment_first_soc,assignment_second_soc,assignment_first_makespan,assignment_second_makespan,upper_epoch_builds,pair_cache_hits,pair_cache_misses,pair_rollout_steps,pair_rollout_truncations,pair_rollout_stalls,tau_guide_changes_on_upper_move,joint_task_nodes,joint_task_edges,joint_shared_effects,joint_effect_conflicts,joint_candidate_backtracks,joint_paused_roots,vacancy_potential_builds,vacancy_potential_time_ms,vacancy_potential_unreachable_cells,clearance_first_choice_fallbacks,guidance_version,epoch_first_transfer_comparisons,epoch_first_transfer_flips,epoch_chain_overlap_samples,epoch_chain_overlap_intersection,epoch_chain_overlap_union,epoch_chain_overlap_pct,upper_epoch_cache_evictions,ready_task_count,rho_repairs,rho_match_calls_execute,rho_match_calls_prepare,rho_candidates_input,rho_candidates_after_claims,rho_candidates_after_key_dedupe,rho_candidates_after_shelf_preselect,rho_candidates_after_priority,rho_invalid_filtered,rho_duplicate_key_filtered,rho_same_shelf_filtered,rho_upstream_claim_filtered,rho_mode_ineligible_filtered,rho_no_reachable_robot_filtered,rho_priority_filtered,rho_matrix_rows_total,rho_matrix_cols_total,rho_matrix_max_rows,rho_objective_version,rho_candidate_time_ms,rho_matrix_time_ms,rho_bottleneck_time_ms,rho_secondary_full_time_ms,rho_canonical_time_ms,rho_column_identity_same,rho_column_value_same,rho_mode_or_conflict_same,rho_changed_rows_0,rho_changed_rows_1,rho_changed_rows_2,rho_changed_rows_gt2,rho_assignment_changes,custody_continuations,zero_empty_no_ready,rewire_guidance_rebuilds,tau_time_ms,guidance_time_ms,timed_transport_expansions,timed_transport_frames,timed_transport_time_ms,owner_handoffs,causal_waiting,traffic_waiting,brd_tau_ms,brd_upper_ms,brd_upper_nodes,brd_upper_constraints,brd_upper_steps,brd_upper_transfers,brd_vacancy_potential_builds,brd_vacancy_potential_time_ms,brd_vacancy_potential_unreachable_cells,brd_selected_clearance_pushes,brd_selected_clearance_loaded_steps,brd_clearance_first_choice_fallbacks,brd_guidance_version,brd_task_compile_ms,brd_waves,brd_tasks,brd_max_wave_width,brd_target_tasks,brd_anon_tasks,brd_match_calls,brd_match_ms,brd_match_max_cardinality_ms,brd_match_max_cardinality_cutoffs,brd_match_max_rows,brd_match_rows_without_finite_real_edge,brd_match_maximum_real_cardinality,brd_match_real_assignments,brd_match_hall_deficient_calls,brd_dispatch_epochs,brd_completion_events,brd_tasks_completed_per_event,brd_locked_carriers_max,brd_provisional_reassignments,brd_segments,brd_segment_ms,brd_segment_nodes,brd_segment_failures,brd_cleanup_ms,brd_replay_ms,brd_raw_ticks,brd_raw_work_scaled,brd_goal_prefix_removed,brd_incidental_goal_prefix_ms,brd_raw_plan_valid,brd_exit_reason,deliverable_ms,solver_runtime_ms,plan_sha256,runtime_sec,status,raw
brap_h10w10_a12_e3_B_seed0_pool,g10x10,carrier,1,161,351.0,351000000,43,186,84,12,0.1335,163,171,379,379000000,161,351,351000000,1,0,0,9093,443,528,0,0,SEARCH_CUTOFF,26,1,0,0,-1,351,-1,161,-1,224,4021,224,4313,0,0,0,3139,2647,234,47752,21573,8,1514,17.3989,6056,30732,TASKBR_VACANCY_V1,8429,4305,8429,26425,36631,72.1384,0,79401,34518,40803,40803,128220,125972,67038,67038,67038,0,0,0,9,0,0,0,67038,67160,3,BOTTLENECK_TARGET_FRONTIER_CONTINUITY_V2,117.054,19.8939,52.0559,15.4774,27.5508,17112,431,19487,0,4873,35928,0,34518,3731,0,10970,0,3016.43,185672,55224,723.538,8588,0,0,,,,,,,,,,,,,,,,,,,,,,,,,,,,,,,,,,,,,,,,,,,,,,9019.74,9019.8,693d15dc813399c3b2cffec11699b29ce1a78cdd6e4eddbe84e77c73c0f58e47,9.046,ok,
brap_h10w10_a12_e3_B_seed1_pool,g10x10,carrier,1,691,1562.0,1562000000,237,698,432,152,0.1715,664,739,1690,1690000000,691,1562,1562000000,1,0,0,4849,1,3,0,0,SEARCH_CUTOFF,81,1,0,0,-1,1562,-1,691,-1,540,3651,540,52810,0,0,10,25447,23849,14600,460252,195800,316,13675,122.02,54700,229937,TASKBR_VACANCY_V1,31177,25413,31177,180469,666719,27.0682,67,72206,23222,24856,24856,105023,103465,60665,60665,60665,0,0,0,436,0,0,0,60665,60671,3,BOTTLENECK_TARGET_FRONTIER_CONTINUITY_V2,129.508,34.2504,78.1346,17.1067,35.8446,9172,526,11338,0,2476,22378,0,23222,2571,0,5811,0,5034.5,111259,33045,1972.29,4946,0,9,,,,,,,,,,,,,,,,,,,,,,,,,,,,,,,,,,,,,,,,,,,,,,8850.68,8850.75,3811759de4f1aff41b353216556164ed9e3928ea8fb82d85edd30d9714bac8eb,8.875,ok,
brap_h10w10_a12_e3_R1_seed0,g10x10,carrier,1,541,1208.0,1208000000,189,550,332,102,0.1747,321,577,1290,1290000000,541,1208,1208000000,1,0,0,7202,83,249,0,0,SEARCH_CUTOFF,65,0,0,0,-1,-1,-1,-1,-1,417,3417,417,16238,0,0,0,12275,11194,5567,247041,99020,50,7801,67.9767,31204,135572,TASKBR_VACANCY_V1,11566,7236,11566,39435,91598,43.0523,0,72723,30921,37736,37736,114210,111772,63193,63193,63193,0,0,0,139,0,0,0,63193,64183,3,BOTTLENECK_TARGET_FRONTIER_CONTINUITY_V2,115.091,22.9504,55.1015,16.118,23.0233,16164,445,17956,0,4828,32906,0,30921,3593,0,8875,0,3549.34,173609,52478,892.733,7542,176,0,,,,,,,,,,,,,,,,,,,,,,,,,,,,,,,,,,,,,,,,,,,,,,8972.05,8972.12,c29d9ca19208072641928f82b9ef95d6d6bc1e6dba2b6c72c4e244ab3caed264,8.999,ok,
brap_h10w10_a12_e3_R1_seed1,g10x10,carrier,1,995,2200.0,2200000000,390,990,558,211,0.196,782,1167,2614,2614000000,995,2200,2200000000,1,0,0,6909,48,144,0,0,SEARCH_CUTOFF,201,0,0,0,-1,-1,-1,-1,-1,773,4623,773,45124,0,0,0,26646,24681,10975,595369,255800,164,19631,184.893,78524,315003,TASKBR_VACANCY_V1,14531,11214,14531,35622,161552,22.0499,261,55572,33864,41142,41142,93203,90972,59701,59701,59701,0,0,0,123,0,0,0,59701,70909,3,BOTTLENECK_TARGET_FRONTIER_CONTINUITY_V2,111.743,20.0011,50.3964,15.7102,18.8363,17150,572,19018,0,4771,36369,0,33864,3982,0,8636,0,3864.54,146566,57336,734.477,8391,1899,20,,,,,,,,,,,,,,,,,,,,,,,,,,,,,,,,,,,,,,,,,,,,,,9010.53,9010.61,c17afe0c740bacedd0a84ed1a1c58148f5d1c6edc89d12b40aa47d54c83ecfff,9.042,ok,
brap_h10w10_a12_e8_B_seed0_pool,g10x10,carrier,1,400,856.0,856000000,95,510,186,48,0.1187,1042,1411,2776,2776000000,400,856,856000000,1,1,1,0,1,3,0,0,STRICT_IMPROVEMENT,143,1,1,1,1216,1012,856,516,400,223,444,223,159377,0,0,1,3289,2198,312,32247,10681,0,21687,124.683,86748,59323,TASKBR_VACANCY_V1,4418,1270,4418,9221,13784,66.8964,0,12638,2652,2656,2656,16901,16410,11728,11728,11728,0,0,0,5,0,0,0,11728,11744,7,BOTTLENECK_TARGET_FRONTIER_CONTINUITY_V2,24.6244,3.24405,17.0113,3.91737,11.0345,1096,43,1195,0,128,2526,0,2652,681,0,0,0,1088.84,21440,4624,88.294,90,0,57,,,,,,,,,,,,,,,,,,,,,,,,,,,,,,,,,,,,,,,,,,,,,,1241.48,1241.55,4b4a21ed27c6ceeddbdf700e3cdd43ea5f91fdee77e4532e3ae69202e5bb1d38,1.254,ok,
brap_h10w10_a12_e8_B_seed1_pool,g10x10,carrier,1,414,844.0,844000000,88,514,176,42,0.1063,1010,1316,2730,2730000000,414,844,844000000,1,0,0,4968,2,6,0,0,SEARCH_CUTOFF,78,1,0,0,-1,844,-1,414,-1,303,4287,303,48474,0,0,5,3726,2280,157,25126,11647,0,12131,68.3933,48524,33120,TASKBR_VACANCY_V1,19027,4271,19027,36019,46585,77.3189,0,166321,38740,39931,39931,212197,209759,145461,145461,145461,0,0,0,10,0,0,0,145461,145468,7,BOTTLENECK_TARGET_FRONTIER_CONTINUITY_V2,241.202,32.8222,172.311,41.4097,100.92,17812,389,20497,0,3747,36182,0,38740,518,0,8541,0,3945.21,179186,53302,808.959,9313,0,0,,,,,,,,,,,,,,,,,,,,,,,,,,,,,,,,,,,,,,,,,,,,,,8993.83,8993.95,2f8068e840db5ff7c4136bd910697fcf6f666cccb4fde832bfcbda8f69b66603,9.029,ok,
brap_h10w10_a12_e8_R1_seed0,g10x10,carrier,1,1099,2360.0,2360000000,297,1294,568,209,0.1351,779,1869,4058,4058000000,1099,2360,2360000000,1,1,1,15,28,84,0,0,STRICT_IMPROVEMENT,206,0,0,0,-1,-1,-1,-1,-1,636,264,636,75924,0,0,0,10637,7847,2718,163397,53202,0,40815,255.139,163260,106734,TASKBR_VACANCY_V1,5617,2387,5617,10508,28575,36.7734,124,16751,3503,3682,3682,22533,22184,15722,15722,15722,0,0,0,38,0,0,0,15722,15758,8,BOTTLENECK_TARGET_FRONTIER_CONTINUITY_V2,32.8774,4.77751,23.99,5.35514,15.9962,1516,82,1909,0,69,3611,0,3503,962,0,0,0,1210.62,24704,6414,133.261,235,18,12,,,,,,,,,,,,,,,,,,,,,,,,,,,,,,,,,,,,,,,,,,,,,,1475.34,1475.43,fb1ce9643833da0c39af559542e8cfe97a5ad2c9d3e9fca2709c89f3e699333d,1.492,ok,
brap_h10w10_a12_e8_R1_seed1,g10x10,carrier,1,1168,2448.0,2448000000,245,1536,486,163,0.1049,805,1816,3816,3816000000,1168,2448,2448000000,1,0,0,4369,86,258,0,0,SEARCH_CUTOFF,201,0,0,0,-1,-1,-1,-1,-1,626,4752,626,42829,0,0,0,17747,13337,3790,182394,53241,10,22594,133.327,90376,141849,TASKBR_VACANCY_V1,48943,8889,48943,120196,157417,76.3552,138,220251,32522,31591,31591,261391,258309,188433,188433,188433,0,0,0,75,0,0,0,188433,188437,8,BOTTLENECK_TARGET_FRONTIER_CONTINUITY_V2,338.422,57.7284,321.261,79.442,263.05,13114,621,15910,0,2858,28731,0,32522,1187,0,6887,0,4951.75,140638,41827,1206.45,6684,0,0,,,,,,,,,,,,,,,,,,,,,,,,,,,,,,,,,,,,,,,,,,,,,,8917.45,8917.55,11a6d00c0922bba3cdeae6ec4daf2897d4f5fa87947f58bf4b4c380de41139ee,8.945,ok,
brap_h10w10_a1_e1_B_seed0_pool,g10x10,carrier,1,49,101.0,101000000,15,45,29,5,0.1531,24,49,102,102000000,49,101,101000000,1,1,1,3,49,145,0,0,STRICT_IMPROVEMENT,0,1,1,1,33,102,101,49,49,33,1,33,6415,0,0,0,92,61,0,89,45,0,653,8.95732,2612,2895,TASKBR_VACANCY_V1,29,29,29,61,110,55.4545,0,66,62,105,105,147,147,125,125,125,0,0,0,0,0,0,0,125,163,1,BOTTLENECK_TARGET_FRONTIER_CONTINUITY_V2,0.316009,0.054356,0.125485,0.042336,0.041303,27,7,23,0,9,94,0,62,32,0,0,0,28.2857,322,159,1.44294,4,4,0,,,,,,,,,,,,,,,,,,,,,,,,,,,,,,,,,,,,,,,,,,,,,,36.4268,36.4529,475bd6ca948f18705ff96531af6189d4540b05cf65a80473c6aed2f7f84526e1,0.047,ok,
brap_h10w10_a1_e1_B_seed1_pool,g10x10,carrier,1,0,0.0,0,0,0,0,0,0.0,0,0,0,0,0,0,0,1,0,0,0,0,0,0,0,SEARCH_EXHAUSTED,0,1,0,0,-1,0,-1,0,-1,2,0,2,0,0,0,0,0,0,0,0,0,0,2,0.034986,8,0,TASKBR_VACANCY_V1,0,0,0,0,0,0,0,0,0,2,2,0,0,0,0,0,0,0,0,0,0,0,0,0,0,0,BOTTLENECK_TARGET_FRONTIER_CONTINUITY_V2,0.002236,0,0,0,0,0,0,0,0,0,0,0,0,0,0,0,0,0.184138,0,0,0.002062,0,0,0,,,,,,,,,,,,,,,,,,,,,,,,,,,,,,,,,,,,,,,,,,,,,,0.469081,0.501123,e3b0c44298fc1c149afbf4c8996fb92427ae41e4649b934ca495991b7852b855,0.009,ok,
brap_h10w10_a1_e1_R1_seed0,g10x10,carrier,1,40,80.0,80000000,11,39,21,3,0.1375,5,40,81,81000000,40,80,80000000,1,1,1,4,42,121,0,0,STRICT_IMPROVEMENT,0,0,0,0,-1,-1,-1,-1,-1,25,1,25,182,0,0,0,86,63,0,2000,1321,0,139,1.38965,556,1217,TASKBR_VACANCY_V1,21,21,21,49,108,45.3704,0,56,43,87,87,127,127,111,111,111,0,0,0,0,0,0,0,111,147,1,BOTTLENECK_TARGET_FRONTIER_CONTINUITY_V2,0.244725,0.041906,0.095371,0.032484,0.024679,32,6,28,0,9,76,0,43,24,0,0,0,8.13471,278,137,1.2085,0,10,0,,,,,,,,,,,,,,,,,,,,,,,,,,,,,,,,,,,,,,,,,,,,,,15.1485,15.1701,8be569b292efa6624174856d52c2bcf8cf48c5e5c047680f4e23b29c1abe4de5,0.024,ok,
brap_h10w10_a1_e1_R1_seed1,g10x10,carrier,1,163,332.0,332000000,52,138,103,21,0.1595,30,163,333,333000000,163,332,332000000,1,1,1,4,163,487,0,0,STRICT_IMPROVEMENT,12,0,0,0,-1,-1,-1,-1,-1,107,1,107,4210,0,0,0,338,233,0,53,183,0,1905,21.6526,7620,1581,TASKBR_VACANCY_V1,103,103,103,233,416,56.0096,0,220,241,334,334,488,488,412,412,412,0,0,0,0,0,0,0,412,530,1,BOTTLENECK_TARGET_FRONTIER_CONTINUITY_V2,1.01017,0.173564,0.392655,0.135464,0.108148,81,7,77,0,13,319,0,241,106,0,0,0,52.2252,1046,521,4.79552,32,30,0,,,,,,,,,,,,,,,,,,,,,,,,,,,,,,,,,,,,,,,,,,,,,,77.744,77.774,f4231244c7fdd3f5e8f986d44ffd8e0599065af2aa841be9927620952c798c7f,0.088,ok,
brap_h20w20_a40_e100_B_seed0_pool,g20x20,carrier,0,,,,,,,,,,,,,,,,,,,,,,,,,,,,,,,,,,,,,,,,,,,,,,,237857,1300.43,3805712,44609,TASKBR_VACANCY_V1,1496,80,1496,2738,2991,91.5413,0,,,,,,,,,,,,,,,,,,,,,,,,,,,,,,,,,,,,,,,,,,,,,,,,,,,,,,,,,,,,,,,,,,,,,,,,,,,,,,,,,,,,,,,,,,,,,8.587,timeout,ements=0 assignment_second_solution_ms=-1 assignment_first_soc=-1 assignment_second_soc=-1 assignment_first_makespan=-1 assignment_second_makespan=-1
brap_h20w20_a40_e100_B_seed1_pool,g20x20,carrier,0,,,,,,,,,,,,,,,,,,,,,,,,,,,,,,,,,,,,,,,,,,,,,,,349562,1944.9,5592992,81345,TASKBR_VACANCY_V1,2678,165,2678,5225,5806,89.9931,0,,,,,,,,,,,,,,,,,,,,,,,,,,,,,,,,,,,,,,,,,,,,,,,,,,,,,,,,,,,,,,,,,,,,,,,,,,,,,,,,,,,,,,,,,,,,,8.537,timeout,ements=0 assignment_second_solution_ms=-1 assignment_first_soc=-1 assignment_second_soc=-1 assignment_first_makespan=-1 assignment_second_makespan=-1
brap_h20w20_a40_e100_R1_seed0,g20x20,carrier,1,947,4934.0,4934000000,513,3235,914,279,0.1083,5213,949,4944,4944000000,947,4934,4934000000,1,0,0,0,21,126,0,0,SEARCH_CUTOFF,563,0,0,0,-1,-1,-1,-1,-1,534,218,534,33494,0,0,0,24470,11764,1197,11097,2622,0,23036,195.33,368576,12768,TASKBR_VACANCY_V1,17949,1796,17949,31075,37073,83.8211,154,38344,3599,1630,1630,43565,43383,38303,38303,38303,0,0,0,23,0,0,0,38303,38469,37,BOTTLENECK_TARGET_FRONTIER_CONTINUITY_V2,192.684,25.2093,595.425,140.642,5245.32,225,3,427,0,5,3,1620,3599,921,0,0,0,8127.79,111030,12637,425.273,245,15,0,,,,,,,,,,,,,,,,,,,,,,,,,,,,,,,,,,,,,,,,,,,,,,8572.28,8572.41,ac47730cffadee4d6370ed83af2f10388ad1c753446d4c3256cb5b752fb8926d,8.607,ok,
brap_h20w20_a40_e100_R1_seed1,g20x20,carrier,1,876,4413.0,4413000000,359,3168,680,190,0.082,2568,941,4800,4800000000,876,4413,4413000000,1,1,1,0,78,468,0,0,STRICT_IMPROVEMENT,714,0,0,0,-1,-1,-1,-1,-1,595,152,595,33531,0,0,0,14254,5241,527,12702,9949,0,24808,208.146,396928,20458,TASKBR_VACANCY_V1,11312,1145,11312,16320,19256,84.7528,83,35317,4578,2098,2098,40719,40640,35731,35731,35731,0,0,0,10,0,0,0,35731,36544,32,BOTTLENECK_TARGET_FRONTIER_CONTINUITY_V2,181.406,19.3813,373.915,85.2519,1950.79,576,7,782,0,8,19,2069,4578,929,0,0,0,4497.65,137960,15906,374.899,508,48,0,,,,,,,,,,,,,,,,,,,,,,,,,,,,,,,,,,,,,,,,,,,,,,5109.87,5110.08,049115152a1189e894eedb78ebc3199f5f0e645cc17690bdb847688f1cbea17b,5.145,ok,
brap_h20w20_a40_e10_B_seed0_pool,g20x20,carrier,0,,,,,,,,,,,,,,,,,,,,,,,,,,,,,,,,,,,,,,,,,,,,,,,285839,4247.97,4573424,373245,TASKBR_VACANCY_V1,8650,5593,8650,82537,328068,25.1585,0,,,,,,,,,,,,,,,,,,,,,,,,,,,,,,,,,,,,,,,,,,,,,,,,,,,,,,,,,,,,,,,,,,,,,,,,,,,,,,,,,,,,,,,,,,,,,8.562,timeout,ements=0 assignment_second_solution_ms=-1 assignment_first_soc=-1 assignment_second_soc=-1 assignment_first_makespan=-1 assignment_second_makespan=-1
brap_h20w20_a40_e10_B_seed1_pool,g20x20,carrier,0,,,,,,,,,,,,,,,,,,,,,,,,,,,,,,,,,,,,,,,,,,,,,,,314096,5340.64,5025536,603276,TASKBR_VACANCY_V1,3405,2180,3405,24730,95931,25.7789,0,,,,,,,,,,,,,,,,,,,,,,,,,,,,,,,,,,,,,,,,,,,,,,,,,,,,,,,,,,,,,,,,,,,,,,,,,,,,,,,,,,,,,,,,,,,,,8.539,timeout,ements=0 assignment_second_solution_ms=-1 assignment_first_soc=-1 assignment_second_soc=-1 assignment_first_makespan=-1 assignment_second_makespan=-1
brap_h20w20_a40_e10_R1_seed0,g20x20,carrier,0,,,,,,,,,,,,,,,,,,,,,,,,,,,,,,,,,,,,,,,,,,,,,,,117831,1817.75,1885296,627919,TASKBR_VACANCY_V1,33364,20776,33364,218436,887870,24.6023,604,,,,,,,,,,,,,,,,,,,,,,,,,,,,,,,,,,,,,,,,,,,,,,,,,,,,,,,,,,,,,,,,,,,,,,,,,,,,,,,,,,,,,,,,,,,,,8.569,timeout,ements=0 assignment_second_solution_ms=-1 assignment_first_soc=-1 assignment_second_soc=-1 assignment_first_makespan=-1 assignment_second_makespan=-1
brap_h20w20_a40_e10_R1_seed1,g20x20,carrier,0,,,,,,,,,,,,,,,,,,,,,,,,,,,,,,,,,,,,,,,,,,,,,,,104881,1618.67,1678096,562347,TASKBR_VACANCY_V1,34425,22087,34425,241016,910740,26.4638,623,,,,,,,,,,,,,,,,,,,,,,,,,,,,,,,,,,,,,,,,,,,,,,,,,,,,,,,,,,,,,,,,,,,,,,,,,,,,,,,,,,,,,,,,,,,,,8.575,timeout,ements=0 assignment_second_solution_ms=-1 assignment_first_soc=-1 assignment_second_soc=-1 assignment_first_makespan=-1 assignment_second_makespan=-1
brap_h40w40_a160_e400_R1_seed0,g40x40,carrier,0,,,,,,,,,,,,,,,,,,,,,,,,,,,,,,,,,,,,,,,,,,,,,,,1802,31.676,115328,304,TASKBR_VACANCY_V1,0,0,0,0,0,0,0,,,,,,,,,,,,,,,,,,,,,,,,,,,,,,,,,,,,,,,,,,,,,,,,,,,,,,,,,,,,,,,,,,,,,,,,,,,,,,,,,,,,,,,,,,,,,9.115,timeout,ements=0 assignment_second_solution_ms=-1 assignment_first_soc=-1 assignment_second_soc=-1 assignment_first_makespan=-1 assignment_second_makespan=-1
brap_h40w40_a160_e400_R1_seed1,g40x40,carrier,0,,,,,,,,,,,,,,,,,,,,,,,,,,,,,,,,,,,,,,,,,,,,,,,,,,,,,,,,,,,,,,,,,,,,,,,,,,,,,,,,,,,,,,,,,,,,,,,,,,,,,,,,,,,,,,,,,,,,,,,,,,,,,,,,,,,,,,,,,,,,,,,,,,,,,,,10.014,timeout,
brap_h40w40_a160_e40_R1_seed0,g40x40,carrier,0,,,,,,,,,,,,,,,,,,,,,,,,,,,,,,,,,,,,,,,,,,,,,,,12618,432.905,807552,32943,TASKBR_VACANCY_V1,275,49,275,2887,3930,73.4606,0,,,,,,,,,,,,,,,,,,,,,,,,,,,,,,,,,,,,,,,,,,,,,,,,,,,,,,,,,,,,,,,,,,,,,,,,,,,,,,,,,,,,,,,,,,,,,8.537,timeout,ements=0 assignment_second_solution_ms=-1 assignment_first_soc=-1 assignment_second_soc=-1 assignment_first_makespan=-1 assignment_second_makespan=-1
brap_h40w40_a160_e40_R1_seed1,g40x40,carrier,0,,,,,,,,,,,,,,,,,,,,,,,,,,,,,,,,,,,,,,,,,,,,,,,4220,144.637,270080,4348,TASKBR_VACANCY_V1,0,0,0,0,0,0,0,,,,,,,,,,,,,,,,,,,,,,,,,,,,,,,,,,,,,,,,,,,,,,,,,,,,,,,,,,,,,,,,,,,,,,,,,,,,,,,,,,,,,,,,,,,,,8.535,timeout,ements=0 assignment_second_solution_ms=-1 assignment_first_soc=-1 assignment_second_soc=-1 assignment_first_makespan=-1 assignment_second_makespan=-1
brap_h40w40_a80_e400_B_seed0_pool,g40x40,carrier,0,,,,,,,,,,,,,,,,,,,,,,,,,,,,,,,,,,,,,,,,,,,,,,,,,,,,,,,,,,,,,,,,,,,,,,,,,,,,,,,,,,,,,,,,,,,,,,,,,,,,,,,,,,,,,,,,,,,,,,,,,,,,,,,,,,,,,,,,,,,,,,,,,,,,,,,10.011,timeout,
brap_h40w40_a80_e400_B_seed1_pool,g40x40,carrier,0,,,,,,,,,,,,,,,,,,,,,,,,,,,,,,,,,,,,,,,,,,,,,,,,,,,,,,,,,,,,,,,,,,,,,,,,,,,,,,,,,,,,,,,,,,,,,,,,,,,,,,,,,,,,,,,,,,,,,,,,,,,,,,,,,,,,,,,,,,,,,,,,,,,,,,,10.013,timeout,
brap_h40w40_a80_e40_B_seed0_pool,g40x40,carrier,0,,,,,,,,,,,,,,,,,,,,,,,,,,,,,,,,,,,,,,,,,,,,,,,,,,,,,,,,,,,,,,,,,,,,,,,,,,,,,,,,,,,,,,,,,,,,,,,,,,,,,,,,,,,,,,,,,,,,,,,,,,,,,,,,,,,,,,,,,,,,,,,,,,,,,,,10.011,timeout,
brap_h40w40_a80_e40_B_seed1_pool,g40x40,carrier,0,,,,,,,,,,,,,,,,,,,,,,,,,,,,,,,,,,,,,,,,,,,,,,,,,,,,,,,,,,,,,,,,,,,,,,,,,,,,,,,,,,,,,,,,,,,,,,,,,,,,,,,,,,,,,,,,,,,,,,,,,,,,,,,,,,,,,,,,,,,,,,,,,,,,,,,10.014,timeout,
brap_h4w10_a5_e10_B_seed0_pool,g4x10,carrier,1,18,36.0,36000000,5,19,10,0,0.1389,5,18,38,38000000,18,36,36000000,1,1,1,8,89,75,0,0,STRICT_IMPROVEMENT,1,1,1,1,13,38,36,18,18,12,13,12,438,0,0,0,32,11,0,61,51,0,154,0.574728,616,99,TASKBR_VACANCY_V1,41,17,41,50,67,74.6269,0,340,92,180,180,415,415,332,332,332,0,0,0,0,0,0,0,332,332,3,BOTTLENECK_TARGET_FRONTIER_CONTINUITY_V2,0.377857,0.077265,0.262013,0.067876,0.111258,111,4,122,0,39,139,0,92,24,0,5,0,9.98531,1164,310,1.59431,24,0,0,,,,,,,,,,,,,,,,,,,,,,,,,,,,,,,,,,,,,,,,,,,,,,13.7584,13.7752,323dbf889e470387f09f157364edd426eaa62947e8d40aee60c63f49b0720c75,0.023,ok,
brap_h4w10_a5_e10_B_seed1_pool,g4x10,carrier,1,34,65.0,65000000,10,31,19,3,0.1471,6,34,66,66000000,34,65,65000000,1,1,1,2,34,100,0,0,STRICT_IMPROVEMENT,3,1,1,1,9,66,65,34,34,23,5,23,419,0,0,0,56,29,4,51,28,0,155,0.498901,620,53,TASKBR_VACANCY_V1,28,19,28,43,80,53.75,0,67,50,80,80,122,122,93,93,93,0,0,0,0,0,0,0,93,119,2,BOTTLENECK_TARGET_FRONTIER_CONTINUITY_V2,0.161084,0.034798,0.088995,0.028594,0.029852,25,7,21,0,11,67,0,50,26,0,0,0,7.61804,284,116,0.656662,6,4,0,,,,,,,,,,,,,,,,,,,,,,,,,,,,,,,,,,,,,,,,,,,,,,10.2004,10.2137,8b07c607629b128be6f7cf30e96f8bc3d280a1daa0eb6dad8a1d9f44e1a6428d,0.018,ok,
brap_h4w10_a5_e10_R1_seed0,g4x10,carrier,1,231,488.0,488000000,66,264,124,39,0.1429,74,497,1002,1002000000,231,488,488000000,1,0,0,7255,22,65,0,0,SEARCH_CUTOFF,48,0,0,0,-1,-1,-1,-1,-1,4615,21269,4615,158981,0,0,0,40521,27885,3463,283638,115558,0,77543,275.91,310172,230362,TASKBR_VACANCY_V1,74082,29799,74082,179973,306616,58.6965,4299,213444,65002,85976,85976,314588,301628,176414,176414,176414,0,0,0,107,0,0,0,176414,176617,4,BOTTLENECK_TARGET_FRONTIER_CONTINUITY_V2,196.48,47.4805,154.18,39.6857,79.2648,39300,4631,48158,0,10854,75120,0,65002,7072,0,15778,0,5185.57,455024,115603,1169.85,17957,0,108,,,,,,,,,,,,,,,,,,,,,,,,,,,,,,,,,,,,,,,,,,,,,,9530.9,9530.95,08f7fc935332a5b7c0321c7a25728c14a2dbbc5288faea409cfd9f43ef22f317,9.581,ok,
brap_h4w10_a5_e10_R1_seed1,g4x10,carrier,1,62,130.0,130000000,21,59,40,8,0.1694,6,67,142,142000000,62,130,130000000,1,1,1,4904,319,264,0,0,STRICT_IMPROVEMENT,5,0,0,0,-1,-1,-1,-1,-1,1744,14343,1744,7656,0,0,0,6531,2834,24,6123,5869,0,8508,32.1545,34032,8869,TASKBR_VACANCY_V1,33321,9074,33321,55134,72433,76.1172,1470,123992,45529,61589,61589,193444,187403,106395,106395,106395,0,0,0,0,0,0,0,106395,106399,3,BOTTLENECK_TARGET_FRONTIER_CONTINUITY_V2,111.272,25.4574,81.797,22.683,32.0707,31929,2502,35814,0,8325,53262,0,45529,2501,0,11153,0,2061.5,293147,85424,551.385,13119,0,0,,,,,,,,,,,,,,,,,,,,,,,,,,,,,,,,,,,,,,,,,,,,,,4899.7,4899.73,7bad220734a2da76caeb292d2456b797095206cf4a5dc20d5142c8e80cc873db,4.927,ok,
brap_h4w10_a5_e1_B_seed0_pool,g4x10,carrier,1,24,49.0,49000000,7,24,13,0,0.1458,4,24,50,50000000,24,49,49000000,1,1,1,3,25,71,0,0,STRICT_IMPROVEMENT,0,1,1,1,8,50,49,24,24,17,1,17,324,0,0,0,66,51,6,2849,1685,0,82,0.470388,328,1709,TASKBR_VACANCY_V1,15,15,15,41,80,51.25,0,32,25,54,54,74,74,64,64,64,0,0,0,0,0,0,0,64,84,1,BOTTLENECK_TARGET_FRONTIER_CONTINUITY_V2,0.116746,0.027089,0.060275,0.021529,0.022252,21,7,17,0,5,47,0,25,16,0,0,0,6.81581,166,81,0.585223,0,2,0,,,,,,,,,,,,,,,,,,,,,,,,,,,,,,,,,,,,,,,,,,,,,,8.92991,8.94301,e9848782f9f8d7c393bf622034c7f6c87bbd8f93e34fd1d81e14aed019465081,0.016,ok,
brap_h4w10_a5_e1_B_seed1_pool,g4x10,carrier,1,25,49.0,49000000,6,27,11,0,0.12,4,25,50,50000000,25,49,49000000,1,1,1,3,27,75,0,0,STRICT_IMPROVEMENT,3,1,1,1,7,50,49,25,25,15,1,15,223,0,0,0,44,31,0,1657,1006,0,71,0.415465,284,1024,TASKBR_VACANCY_V1,11,11,11,31,42,73.8095,0,36,25,56,56,80,80,72,72,72,0,0,0,0,0,0,0,72,98,1,BOTTLENECK_TARGET_FRONTIER_CONTINUITY_V2,0.118994,0.027102,0.063198,0.021983,0.016255,25,7,21,0,9,45,0,25,14,0,0,0,5.95452,178,87,0.506907,4,6,0,,,,,,,,,,,,,,,,,,,,,,,,,,,,,,,,,,,,,,,,,,,,,,8.08092,8.09411,1b6567c763f0dd7c94ec877a6f4981060dccc28737c336828a4cd485dac88bab,0.016,ok,
brap_h4w10_a5_e1_R1_seed0,g4x10,carrier,1,511,965.0,965000000,139,475,262,101,0.136,2739,14934,25025,25025000000,511,965,965000000,1,0,0,17364,1341,656,0,0,SEARCH_CUTOFF,58,0,0,0,-1,-1,-1,-1,-1,315,7377,315,13639,0,0,0,3149,2835,1308,478113,264072,28,3917,21.4672,15668,251962,TASKBR_VACANCY_V1,10282,10282,10282,16341,72500,22.5393,0,101427,74424,113630,113630,172712,168453,136126,136126,136126,0,0,0,14,0,0,0,136126,191604,1,BOTTLENECK_TARGET_FRONTIER_CONTINUITY_V2,171.047,41.866,98.2616,36.4033,31.5759,52534,1670,53108,0,26800,86828,0,74424,6851,0,21188,0,3628.1,309771,152843,964.92,18356,6401,172,,,,,,,,,,,,,,,,,,,,,,,,,,,,,,,,,,,,,,,,,,,,,,9208.02,9208.09,d3eadadc25cf2bf3b147b2a3d349b8c16e40bd7dfaa0ec1a4caac75444d05800,9.233,ok,
brap_h4w10_a5_e1_R1_seed1,g4x10,carrier,1,389,769.0,769000000,109,397,178,61,0.1401,1874,7403,14083,14083000000,389,769,769000000,1,0,0,13350,717,271,0,0,SEARCH_CUTOFF,82,0,0,0,-1,-1,-1,-1,-1,309,4533,309,15641,0,0,0,5911,5603,3006,1340678,680444,16,3197,18.0686,12788,637131,TASKBR_VACANCY_V1,14049,14049,14049,102903,254366,40.4547,0,67853,60221,74060,74060,132643,130273,96693,96693,96693,0,0,0,27,0,0,0,96693,128682,1,BOTTLENECK_TARGET_FRONTIER_CONTINUITY_V2,131.922,62.8929,86.0763,30.6627,27.8849,30343,442,31295,0,8049,66009,0,60221,4152,0,17870,0,4488.15,211077,105301,1647.63,14506,6716,23,,,,,,,,,,,,,,,,,,,,,,,,,,,,,,,,,,,,,,,,,,,,,,9148.21,9148.29,eaddb256e2ce2b19adfb39cab89002c353edaaf938d5ee3e1654e5326139dcc3,9.174,ok,
brap_h6w10_a6_e15_B_seed0_pool,g6x10,carrier,1,88,181.0,181000000,24,103,44,6,0.1364,48,171,345,345000000,88,181,181000000,1,0,0,8461,369,142,0,0,SEARCH_CUTOFF,18,1,0,0,-1,181,-1,88,-1,3317,19132,3317,51722,0,0,1,14971,3047,639,158274,20747,0,40723,154.619,162892,85617,TASKBR_VACANCY_V1,84276,15658,84276,80885,116214,69.6,3037,281878,66164,81359,81359,313087,306231,242281,242281,242281,0,0,0,154,0,0,0,242281,242281,5,BOTTLENECK_TARGET_FRONTIER_CONTINUITY_V2,300.282,48.1901,244.055,58.0356,134.89,37069,3741,45330,0,10263,71094,0,66164,6822,0,14511,0,4630.41,381570,110777,915.708,11479,0,20,,,,,,,,,,,,,,,,,,,,,,,,,,,,,,,,,,,,,,,,,,,,,,9397.84,9397.88,66e9802aff1b545844224582918789351376c7b07d87c0d05848103dad34ddfc,9.451,ok,
brap_h6w10_a6_e15_B_seed1_pool,g6x10,carrier,1,35,70.0,70000000,10,36,18,0,0.1429,11,35,70,70000000,35,70,70000000,1,0,0,6532,5,14,0,0,SEARCH_CUTOFF,2,1,0,0,-1,70,-1,35,-1,2714,20254,2714,9622,0,0,1,13294,5994,112,12834,12990,0,10097,56.5873,40388,16722,TASKBR_VACANCY_V1,60857,9018,60857,102595,117673,87.1865,2449,240554,68877,92757,92757,336857,331300,207889,207889,207889,0,0,0,0,0,0,0,207889,207995,4,BOTTLENECK_TARGET_FRONTIER_CONTINUITY_V2,243.855,44.6736,174.77,43.7711,85.6299,47884,4212,52150,0,13587,79168,0,68877,1397,0,17133,0,4110.14,405180,121625,1005.31,16774,12,0,,,,,,,,,,,,,,,,,,,,,,,,,,,,,,,,,,,,,,,,,,,,,,9055,9055.03,233c12e708347c31fe79f247e6869208a2b04d2f45da11d011d807d57624e5e4,9.09,ok,
brap_h6w10_a6_e15_R1_seed0,g6x10,carrier,1,158,315.0,315000000,34,195,66,12,0.1076,48,307,605,605000000,158,315,315000000,1,0,0,7010,69,110,0,0,SEARCH_CUTOFF,49,0,0,0,-1,-1,-1,-1,-1,2378,18803,2378,29817,0,0,0,14795,5496,237,51912,7473,0,27657,112.141,110628,27434,TASKBR_VACANCY_V1,83331,12736,83331,118211,147374,80.2116,2089,319438,71685,82165,82165,395945,389847,274737,274737,274737,0,0,0,0,0,0,0,274737,274748,5,BOTTLENECK_TARGET_FRONTIER_CONTINUITY_V2,323.696,55.1704,272.733,65.5522,167.882,39402,3175,45346,0,10340,71823,0,71685,3212,0,15757,0,4522.49,369149,108272,1043.6,16258,3,0,,,,,,,,,,,,,,,,,,,,,,,,,,,,,,,,,,,,,,,,,,,,,,9399.33,9399.37,c25005f3aefb4372ebe8accc850917f27b8133b4ddb35dabd7c6de6c510dc696,9.454,ok,
brap_h6w10_a6_e15_R1_seed1,g6x10,carrier,1,251,537.0,537000000,65,309,122,34,0.1295,58,384,803,803000000,251,537,537000000,1,0,0,6804,71,211,0,0,SEARCH_CUTOFF,54,0,0,0,-1,-1,-1,-1,-1,2076,15513,2076,29666,0,0,0,17219,9509,439,70907,23384,0,21982,99.2131,87928,54991,TASKBR_VACANCY_V1,64879,18616,64879,111193,166580,66.7505,1756,293306,64940,80907,80907,371164,365532,255385,255385,255385,0,0,0,131,0,0,0,255385,255385,5,BOTTLENECK_TARGET_FRONTIER_CONTINUITY_V2,306.703,55.3714,237.683,60.4251,140.392,37993,2186,44059,0,9721,71184,0,64940,5264,0,14796,0,4556.76,399693,112043,1169.03,15813,0,81,,,,,,,,,,,,,,,,,,,,,,,,,,,,,,,,,,,,,,,,,,,,,,9433.77,9433.83,aa43737ecdc4f339cd2ebf60b1808c4b01ec844f0b8c1470c7c6edfa20d2c1a6,9.465,ok,
brap_h6w10_a6_e1_B_seed0_pool,g6x10,carrier,1,147,321.0,321000000,44,153,88,9,0.1497,6225,12077,22580,22580000000,147,321,321000000,1,1,1,0,15,45,0,0,STRICT_IMPROVEMENT,6,1,1,1,6797,794,321,396,147,274,3447,274,12774,0,0,0,7411,7139,4623,2468807,1300430,15,3461,29.2573,13844,1226188,TASKBR_VACANCY_V1,13867,13867,13867,76507,382794,19.9865,0,27156,24064,35960,35960,62851,60146,57041,57041,57041,0,0,0,5,0,0,0,57041,78327,1,BOTTLENECK_TARGET_FRONTIER_CONTINUITY_V2,99.6578,50.9744,62.0705,20.3253,21.5101,16412,138,18946,0,4283,31675,0,24064,3770,0,0,0,5430.18,137552,68609,1322.18,6833,3924,29,,,,,,,,,,,,,,,,,,,,,,,,,,,,,,,,,,,,,,,,,,,,,,6803.78,6803.84,0b30bf05dae9f7f76f3e9428b22c9c87be05c0551c5d357d9c30985511d45402,6.821,ok,
brap_h6w10_a6_e1_B_seed1_pool,g6x10,carrier,1,120,249.0,249000000,38,107,78,19,0.1583,400,976,1811,1811000000,120,249,249000000,1,0,0,11657,7,20,0,0,SEARCH_CUTOFF,4,1,0,0,-1,249,-1,120,-1,114,3241,114,4683,0,0,0,2212,2099,1076,503971,262920,0,927,8.2679,3708,257334,TASKBR_VACANCY_V1,13167,13167,13167,50713,307327,16.5013,0,50838,47091,52860,52860,95783,94696,64891,64891,64891,0,0,0,63,0,0,0,64891,84949,1,BOTTLENECK_TARGET_FRONTIER_CONTINUITY_V2,106.201,52.1499,56.9803,19.7117,18.2098,19942,475,21177,0,5117,47741,0,47091,1710,0,14717,0,4074.91,137112,67964,1621.01,11391,4337,29,,,,,,,,,,,,,,,,,,,,,,,,,,,,,,,,,,,,,,,,,,,,,,9110.34,9110.39,fab258053faccc7dc4b9bd47e45985411f8567b3c46746e961451c5a3bfdd7ed,9.148,ok,
brap_h6w10_a6_e1_R1_seed0,g6x10,carrier,1,628,1339.0,1339000000,180,646,366,137,0.1433,4089,5778,11073,11073000000,628,1339,1339000000,1,0,0,5259,69,112,0,0,SEARCH_CUTOFF,51,0,0,0,-1,-1,-1,-1,-1,325,3161,325,27801,0,0,0,11615,11291,8714,7863153,4238076,169,7535,59.1962,30140,3827641,TASKBR_VACANCY_V1,14724,14724,14724,91306,458029,19.9345,5,32285,29654,36774,36774,65820,63065,50346,50346,50346,0,0,0,2,0,0,0,50346,67326,1,BOTTLENECK_TARGET_FRONTIER_CONTINUITY_V2,81.3781,39.7652,46.5246,16.0187,15.1096,14837,188,17127,0,3642,33130,0,29654,3153,0,6298,0,6143.13,115313,57596,1195.31,7359,3083,1,,,,,,,,,,,,,,,,,,,,,,,,,,,,,,,,,,,,,,,,,,,,,,8704.15,8704.21,c95f6be47cfd40a675988814750278bfca5377d799d4485fee22e34c9e4381af,8.723,ok,
brap_h6w10_a6_e1_R1_seed1,g6x10,carrier,1,938,2026.0,2026000000,260,1026,530,227,0.1386,1294,2667,5312,5312000000,938,2026,2026000000,1,0,0,10469,48,142,0,0,SEARCH_CUTOFF,79,0,0,0,-1,-1,-1,-1,-1,499,2539,499,47860,0,0,0,12011,11513,7028,1945460,1011548,11,12859,99.0433,51436,987984,TASKBR_VACANCY_V1,7859,7859,7859,45715,215924,21.1718,52,46016,43925,48385,48385,87472,85802,60421,60421,60421,0,0,0,1,0,0,0,60421,79390,1,BOTTLENECK_TARGET_FRONTIER_CONTINUITY_V2,98.5582,47.6746,53.4441,18.9498,16.6578,18607,151,20138,0,3958,44425,0,43925,2257,0,13681,0,4647.62,128964,64461,1506.09,10712,2983,0,,,,,,,,,,,,,,,,,,,,,,,,,,,,,,,,,,,,,,,,,,,,,,8969.13,8969.2,cb1e59066bdb8ac9783d47a217ee6435e1f4442219f8776fd71938468ecf4ff7,8.996,ok,
brap_h80w80_a128_e1600_B_seed0_pool,g80x80,carrier,0,,,,,,,,,,,,,,,,,,,,,,,,,,,,,,,,,,,,,,,,,,,,,,,,,,,,,,,,,,,,,,,,,,,,,,,,,,,,,,,,,,,,,,,,,,,,,,,,,,,,,,,,,,,,,,,,,,,,,,,,,,,,,,,,,,,,,,,,,,,,,,,,,,,,,,,10.011,timeout,
brap_h80w80_a128_e1600_B_seed1_pool,g80x80,carrier,0,,,,,,,,,,,,,,,,,,,,,,,,,,,,,,,,,,,,,,,,,,,,,,,,,,,,,,,,,,,,,,,,,,,,,,,,,,,,,,,,,,,,,,,,,,,,,,,,,,,,,,,,,,,,,,,,,,,,,,,,,,,,,,,,,,,,,,,,,,,,,,,,,,,,,,,10.012,timeout,
brap_h80w80_a128_e1600_R1_seed0,g80x80,carrier,0,,,,,,,,,,,,,,,,,,,,,,,,,,,,,,,,,,,,,,,,,,,,,,,3476,206.955,889856,364,TASKBR_VACANCY_V1,0,0,0,0,0,0,0,,,,,,,,,,,,,,,,,,,,,,,,,,,,,,,,,,,,,,,,,,,,,,,,,,,,,,,,,,,,,,,,,,,,,,,,,,,,,,,,,,,,,,,,,,,,,8.743,timeout,ements=0 assignment_second_solution_ms=-1 assignment_first_soc=-1 assignment_second_soc=-1 assignment_first_makespan=-1 assignment_second_makespan=-1
brap_h80w80_a128_e1600_R1_seed1,g80x80,carrier,0,,,,,,,,,,,,,,,,,,,,,,,,,,,,,,,,,,,,,,,,,,,,,,,3169,206.164,811264,336,TASKBR_VACANCY_V1,0,0,0,0,0,0,0,,,,,,,,,,,,,,,,,,,,,,,,,,,,,,,,,,,,,,,,,,,,,,,,,,,,,,,,,,,,,,,,,,,,,,,,,,,,,,,,,,,,,,,,,,,,,8.619,timeout,ements=0 assignment_second_solution_ms=-1 assignment_first_soc=-1 assignment_second_soc=-1 assignment_first_makespan=-1 assignment_second_makespan=-1
brap_h80w80_a128_e160_B_seed0_pool,g80x80,carrier,0,,,,,,,,,,,,,,,,,,,,,,,,,,,,,,,,,,,,,,,,,,,,,,,,,,,,,,,,,,,,,,,,,,,,,,,,,,,,,,,,,,,,,,,,,,,,,,,,,,,,,,,,,,,,,,,,,,,,,,,,,,,,,,,,,,,,,,,,,,,,,,,,,,,,,,,10.01,timeout,
brap_h80w80_a128_e160_B_seed1_pool,g80x80,carrier,0,,,,,,,,,,,,,,,,,,,,,,,,,,,,,,,,,,,,,,,,,,,,,,,,,,,,,,,,,,,,,,,,,,,,,,,,,,,,,,,,,,,,,,,,,,,,,,,,,,,,,,,,,,,,,,,,,,,,,,,,,,,,,,,,,,,,,,,,,,,,,,,,,,,,,,,10.018,timeout,
brap_h80w80_a128_e160_R1_seed0,g80x80,carrier,0,,,,,,,,,,,,,,,,,,,,,,,,,,,,,,,,,,,,,,,,,,,,,,,8407,595.709,2152192,7457,TASKBR_VACANCY_V1,478,34,478,3664,4211,87.0102,0,,,,,,,,,,,,,,,,,,,,,,,,,,,,,,,,,,,,,,,,,,,,,,,,,,,,,,,,,,,,,,,,,,,,,,,,,,,,,,,,,,,,,,,,,,,,,8.569,timeout,ements=0 assignment_second_solution_ms=-1 assignment_first_soc=-1 assignment_second_soc=-1 assignment_first_makespan=-1 assignment_second_makespan=-1
brap_h80w80_a128_e160_R1_seed1,g80x80,carrier,0,,,,,,,,,,,,,,,,,,,,,,,,,,,,,,,,,,,,,,,,,,,,,,,14256,1074.84,3649536,27978,TASKBR_VACANCY_V1,1262,83,1262,9361,10676,87.6827,0,,,,,,,,,,,,,,,,,,,,,,,,,,,,,,,,,,,,,,,,,,,,,,,,,,,,,,,,,,,,,,,,,,,,,,,,,,,,,,,,,,,,,,,,,,,,,8.541,timeout,ements=0 assignment_second_solution_ms=-1 assignment_first_soc=-1 assignment_second_soc=-1 assignment_first_makespan=-1 assignment_second_makespan=-1
brap_h80w80_a160_e1600_B_seed0_pool,g80x80,carrier,0,,,,,,,,,,,,,,,,,,,,,,,,,,,,,,,,,,,,,,,,,,,,,,,,,,,,,,,,,,,,,,,,,,,,,,,,,,,,,,,,,,,,,,,,,,,,,,,,,,,,,,,,,,,,,,,,,,,,,,,,,,,,,,,,,,,,,,,,,,,,,,,,,,,,,,,10.017,timeout,
brap_h80w80_a160_e1600_B_seed1_pool,g80x80,carrier,0,,,,,,,,,,,,,,,,,,,,,,,,,,,,,,,,,,,,,,,,,,,,,,,,,,,,,,,,,,,,,,,,,,,,,,,,,,,,,,,,,,,,,,,,,,,,,,,,,,,,,,,,,,,,,,,,,,,,,,,,,,,,,,,,,,,,,,,,,,,,,,,,,,,,,,,10.017,timeout,
brap_h80w80_a160_e160_B_seed0_pool,g80x80,carrier,0,,,,,,,,,,,,,,,,,,,,,,,,,,,,,,,,,,,,,,,,,,,,,,,,,,,,,,,,,,,,,,,,,,,,,,,,,,,,,,,,,,,,,,,,,,,,,,,,,,,,,,,,,,,,,,,,,,,,,,,,,,,,,,,,,,,,,,,,,,,,,,,,,,,,,,,10.01,timeout,
brap_h80w80_a160_e160_B_seed1_pool,g80x80,carrier,0,,,,,,,,,,,,,,,,,,,,,,,,,,,,,,,,,,,,,,,,,,,,,,,,,,,,,,,,,,,,,,,,,,,,,,,,,,,,,,,,,,,,,,,,,,,,,,,,,,,,,,,,,,,,,,,,,,,,,,,,,,,,,,,,,,,,,,,,,,,,,,,,,,,,,,,10.019,timeout,
brap_h80w80_a800_e1600_R1_seed0,g80x80,carrier,0,,,,,,,,,,,,,,,,,,,,,,,,,,,,,,,,,,,,,,,,,,,,,,,10415,589.486,2666240,1417,TASKBR_VACANCY_V1,0,0,0,0,0,0,0,,,,,,,,,,,,,,,,,,,,,,,,,,,,,,,,,,,,,,,,,,,,,,,,,,,,,,,,,,,,,,,,,,,,,,,,,,,,,,,,,,,,,,,,,,,,,8.641,timeout,ements=0 assignment_second_solution_ms=-1 assignment_first_soc=-1 assignment_second_soc=-1 assignment_first_makespan=-1 assignment_second_makespan=-1
brap_h80w80_a800_e1600_R1_seed1,g80x80,carrier,0,,,,,,,,,,,,,,,,,,,,,,,,,,,,,,,,,,,,,,,,,,,,,,,8455,501.71,2164480,1046,TASKBR_VACANCY_V1,0,0,0,0,0,0,0,,,,,,,,,,,,,,,,,,,,,,,,,,,,,,,,,,,,,,,,,,,,,,,,,,,,,,,,,,,,,,,,,,,,,,,,,,,,,,,,,,,,,,,,,,,,,8.602,timeout,ements=0 assignment_second_solution_ms=-1 assignment_first_soc=-1 assignment_second_soc=-1 assignment_first_makespan=-1 assignment_second_makespan=-1
brap_h80w80_a800_e160_R1_seed0,g80x80,carrier,0,,,,,,,,,,,,,,,,,,,,,,,,,,,,,,,,,,,,,,,,,,,,,,,17768,1241.46,4548608,14771,TASKBR_VACANCY_V1,0,0,0,0,0,0,0,,,,,,,,,,,,,,,,,,,,,,,,,,,,,,,,,,,,,,,,,,,,,,,,,,,,,,,,,,,,,,,,,,,,,,,,,,,,,,,,,,,,,,,,,,,,,8.586,timeout,ements=0 assignment_second_solution_ms=-1 assignment_first_soc=-1 assignment_second_soc=-1 assignment_first_makespan=-1 assignment_second_makespan=-1
brap_h80w80_a800_e160_R1_seed1,g80x80,carrier,0,,,,,,,,,,,,,,,,,,,,,,,,,,,,,,,,,,,,,,,,,,,,,,,17689,1248.01,4528384,16466,TASKBR_VACANCY_V1,0,0,0,0,0,0,0,,,,,,,,,,,,,,,,,,,,,,,,,,,,,,,,,,,,,,,,,,,,,,,,,,,,,,,,,,,,,,,,,,,,,,,,,,,,,,,,,,,,,,,,,,,,,8.633,timeout,ements=0 assignment_second_solution_ms=-1 assignment_first_soc=-1 assignment_second_soc=-1 assignment_first_makespan=-1 assignment_second_makespan=-1
brap_h8w10_a10_e20_B_seed0_pool,g8x10,carrier,1,60,117.0,117000000,16,72,24,2,0.1333,40,87,173,173000000,60,117,117000000,1,0,0,5144,484,231,0,0,SEARCH_CUTOFF,7,1,0,0,-1,117,-1,60,-1,2038,16461,2038,12894,0,0,0,8463,562,167,43130,9587,0,11638,74.1547,46552,22882,TASKBR_VACANCY_V1,70199,8126,70199,66186,80185,82.5416,1765,267463,50851,72561,72561,272308,265992,231518,231518,231518,0,0,0,1,0,0,0,231518,231522,5,BOTTLENECK_TARGET_FRONTIER_CONTINUITY_V2,333.652,51.516,221.943,56.6444,99.4736,36450,2718,41428,0,10965,61594,0,50851,4598,0,12497,0,4493.89,340468,99521,912.734,8811,2,0,,,,,,,,,,,,,,,,,,,,,,,,,,,,,,,,,,,,,,,,,,,,,,9393.36,9393.42,8d497cf6834bcfb703e5285fbc1aea796ef68cb4d7249664b5ded3188931b494,9.425,ok,
brap_h8w10_a10_e20_B_seed1_pool,g8x10,carrier,1,177,358.0,358000000,46,219,72,12,0.1299,133,219,454,454000000,177,358,358000000,1,0,0,4522,36,107,0,0,SEARCH_CUTOFF,44,1,0,0,-1,358,-1,177,-1,4687,19612,4687,50996,0,0,30,23369,9051,118,126744,34447,0,37372,193.8,149488,69474,TASKBR_VACANCY_V1,72487,14628,72487,103758,134440,77.1779,4388,196028,46786,66967,66967,262056,250771,161098,161098,161098,0,0,0,2,0,0,0,161098,161102,6,BOTTLENECK_TARGET_FRONTIER_CONTINUITY_V2,237.086,38.1515,151.383,36.2535,86.4084,34923,4649,39381,0,8417,58548,0,46786,3002,0,11494,0,4822.18,286467,86058,874.568,12172,0,0,,,,,,,,,,,,,,,,,,,,,,,,,,,,,,,,,,,,,,,,,,,,,,9344.5,9344.56,65aa62cd09700f4bc069ddf0d384ddda1a439d6731994a332b2bc3fba5a8b4a5,9.377,ok,
brap_h8w10_a10_e20_R1_seed0,g8x10,carrier,1,354,726.0,726000000,73,468,140,36,0.1031,157,622,1266,1266000000,354,726,726000000,1,0,0,7286,29,87,0,0,SEARCH_CUTOFF,103,0,0,0,-1,-1,-1,-1,-1,1634,13015,1634,49102,0,0,0,13827,4856,620,150847,83988,0,28751,125,115004,135352,TASKBR_VACANCY_V1,85240,16229,85240,102437,143139,71.5647,1306,319366,50769,56591,56591,358787,351078,267235,267235,267235,0,0,0,153,0,0,0,267235,267240,8,BOTTLENECK_TARGET_FRONTIER_CONTINUITY_V2,371.841,68.0218,340.847,88.6861,260.334,23357,2324,29241,0,6197,50392,0,50769,1590,0,12083,0,4898.3,233083,71039,953.26,10666,2,10,,,,,,,,,,,,,,,,,,,,,,,,,,,,,,,,,,,,,,,,,,,,,,9191.09,9191.17,6e5060d02faba1cfe7aacce4ac30c0a6b9a95462b88b5757a9fc11aed8e5d43a,9.221,ok,
brap_h8w10_a10_e20_R1_seed1,g8x10,carrier,1,366,709.0,709000000,80,442,148,40,0.1093,402,1294,2537,2537000000,366,709,709000000,1,0,0,5304,15,45,0,0,SEARCH_CUTOFF,68,0,0,0,-1,-1,-1,-1,-1,2485,14544,2485,60647,0,0,0,18430,6106,3638,155564,17921,0,42036,190.7,168144,98686,TASKBR_VACANCY_V1,99681,21171,99681,107245,176931,60.614,2151,281884,50268,58618,58618,328033,323494,244551,244551,244551,0,0,0,394,0,0,0,244551,244566,8,BOTTLENECK_TARGET_FRONTIER_CONTINUITY_V2,354.017,59.1331,304.886,76.7868,224.053,27912,2749,33925,0,6822,51794,0,50268,5631,0,10017,0,5126.49,286691,81639,962.037,9993,9,2,,,,,,,,,,,,,,,,,,,,,,,,,,,,,,,,,,,,,,,,,,,,,,9203.96,9204.05,5e12c4e6b679cb75900b2c5a7f3c761db7179531551d67a3eaf09d0723340e61,9.233,ok,
brap_h8w10_a10_e2_B_seed0_pool,g8x10,carrier,1,245,566.0,566000000,94,212,180,46,0.1918,250,249,574,574000000,245,566,566000000,1,0,0,8371,30,89,0,0,SEARCH_CUTOFF,14,1,0,0,-1,566,-1,245,-1,277,4009,277,19905,0,0,0,9423,8885,5057,1136227,558539,2,5248,45.2856,20992,565354,TASKBR_VACANCY_V1,25545,22089,25545,80707,506054,15.9483,0,80843,39254,41411,41411,133716,131670,67220,67220,67220,0,0,0,235,0,0,0,67220,67241,2,BOTTLENECK_TARGET_FRONTIER_CONTINUITY_V2,113.434,34.3905,58.2182,16.2245,28.4869,16024,475,18224,0,5207,36202,0,39254,2693,0,10801,0,4645.38,183546,53699,1802.97,11054,1,124,,,,,,,,,,,,,,,,,,,,,,,,,,,,,,,,,,,,,,,,,,,,,,9058.26,9058.33,00ba492600070ab5a2bee9e785841904dd40273497812682465921f5ca061354,9.086,ok,
brap_h8w10_a10_e2_B_seed1_pool,g8x10,carrier,1,359,831.0,831000000,147,297,264,87,0.2047,1482,800,1875,1875000000,359,831,831000000,1,1,1,4,15,45,0,0,STRICT_IMPROVEMENT,28,1,1,1,2226,1411,831,609,359,481,175,481,18397,0,0,0,17263,16315,8912,3444185,1729989,13,7777,66.9778,31108,1692288,TASKBR_VACANCY_V1,3265,3021,3265,11266,73310,15.3676,36,2656,1514,1664,1664,5249,4963,2193,2193,2193,0,0,0,163,0,0,0,2193,2212,2,BOTTLENECK_TARGET_FRONTIER_CONTINUITY_V2,5.90216,1.56502,2.55008,0.630408,1.25008,483,114,576,0,14,1648,0,1514,761,0,0,0,2143.96,9590,2677,91.6932,156,1,0,,,,,,,,,,,,,,,,,,,,,,,,,,,,,,,,,,,,,,,,,,,,,,2248.43,2248.51,8ef0f2f0c82bebc2f32c9a235b22d6e1a45bd6a16e76a39e95ecf1b39fe6430a,2.262,ok,
brap_h8w10_a10_e2_R1_seed0,g8x10,carrier,1,889,2014.0,2014000000,379,739,620,253,0.2132,1745,1315,2976,2976000000,889,2014,2014000000,1,0,0,4237,9,27,0,0,SEARCH_CUTOFF,106,0,0,0,-1,-1,-1,-1,-1,804,3625,804,88696,0,0,0,31795,30213,20316,7497307,3682982,193,27524,229.542,110096,3484991,TASKBR_VACANCY_V1,28058,23830,28058,133973,704629,19.0133,292,41894,21819,24904,24904,73238,70950,36872,36872,36872,0,0,0,477,0,0,0,36872,38808,2,BOTTLENECK_TARGET_FRONTIER_CONTINUITY_V2,70.9776,25.4135,34.2524,9.77563,14.356,9338,657,11281,0,1996,22906,0,21819,3999,0,5125,0,6507.44,113736,34463,1395.81,5196,405,16,,,,,,,,,,,,,,,,,,,,,,,,,,,,,,,,,,,,,,,,,,,,,,8785.04,8785.11,925bd66e6f1789dc2065fb87c1b2a9a90df1babd0c43a86cca8c81f62caf14c3,8.81,ok,
brap_h8w10_a10_e2_R1_seed1,g8x10,carrier,1,960,2151.0,2151000000,372,819,670,278,0.1938,2232,2458,5559,5559000000,960,2151,2151000000,1,0,0,7750,40,120,0,0,SEARCH_CUTOFF,99,0,0,0,-1,-1,-1,-1,-1,1044,3285,1044,80991,0,0,0,32141,30154,16479,3724120,1835664,31,25869,219.2,103476,1889609,TASKBR_VACANCY_V1,15188,14435,15188,36631,230724,15.8765,532,54956,35384,41874,41874,99051,97128,58687,58687,58687,0,0,0,306,0,0,0,58687,69181,2,BOTTLENECK_TARGET_FRONTIER_CONTINUITY_V2,97.3773,24.0598,46.8781,15.1686,17.2694,16687,556,17808,0,4381,37491,0,35384,3574,0,9035,0,5304.46,144932,57220,939.004,8263,1601,0,,,,,,,,,,,,,,,,,,,,,,,,,,,,,,,,,,,,,,,,,,,,,,8953.66,8953.74,11e64f148a3a7f91cc5433fa16e9ee90475347ced815b2420698f8d1f585a903,8.981,ok,
dense_channel_bedge_h40w40_b3_a1_s8of9_r16_t24_seed0,dense_channel_block_edge_40x40,carrier,1,35,466.0,466000000,39,334,78,0,0.0696,1218,35,466,466000000,35,466,466000000,1,0,0,0,9056,110692,0,0,SEARCH_CUTOFF,13,1,0,0,-1,466,-1,35,-1,41,16,41,7636,0,0,0,934,264,0,1339,161,0,2516,74.6402,1761200,1539,TASKBR_VACANCY_V1,914,45,914,1262,1307,96.557,0,16305,4639,7607,7607,16741,16741,16347,16347,16347,0,0,0,0,0,0,0,16347,115965,24,BOTTLENECK_TARGET_FRONTIER_CONTINUITY_V2,37.0518,12.8182,55.9688,8.22011,68.5591,3141,2,3140,0,23,217,7365,4639,105,0,0,0,5157.13,76160,15684,570.869,2251,0,0,,,,,,,,,,,,,,,,,,,,,,,,,,,,,,,,,,,,,,,,,,,,,,8599.04,8599.27,cf15ffc4d0311c7d7f24ddc57a81505a543db49175f6a98c46b23807255269e8,8.632,ok,
dense_channel_bedge_h40w40_b3_a1_s8of9_r32_t48_seed0,dense_channel_block_edge_40x40,carrier,1,27,646.0,646000000,71,411,141,0,0.0822,2147,27,647,647000000,27,646,646000000,1,1,1,3,29,921,0,0,STRICT_IMPROVEMENT,15,1,1,1,2778,647,646,27,27,45,21,45,8783,0,1,0,1217,231,0,156,0,1,3161,91.7619,2212700,879,TASKBR_VACANCY_V1,1318,71,1318,1592,1663,95.7306,0,1724,478,87,87,2171,2171,1763,1763,1763,0,0,0,0,0,0,0,1763,2736,48,BOTTLENECK_TARGET_FRONTIER_CONTINUITY_V2,1.74112,1.58489,44.3858,5.4084,187.961,19,11,14,0,4,7,74,478,228,0,0,0,2185.69,23250,547,55.7832,106,3,0,,,,,,,,,,,,,,,,,,,,,,,,,,,,,,,,,,,,,,,,,,,,,,2832.65,2833.1,516ffa47dd2e47716c90a8b6f062dc31ed86a2cd16e43624a134d6c467f771f0,2.864,ok,
dense_channel_bedge_h40w40_b3_a1_s8of9_r8_t12_seed0,dense_channel_block_edge_40x40,carrier,1,39,249.0,249000000,18,189,36,0,0.0577,636,39,249,249000000,39,249,249000000,1,0,0,1955,14330,46091,0,0,SEARCH_CUTOFF,2,1,0,0,-1,249,-1,39,-1,31,10,31,2359,0,0,0,294,82,0,0,0,0,851,31.0536,595700,210,TASKBR_VACANCY_V1,266,17,266,365,382,95.5497,0,10832,107,10346,10346,11031,11031,10886,10886,10886,0,0,0,0,0,0,0,10886,76883,12,BOTTLENECK_TARGET_FRONTIER_CONTINUITY_V2,38.9686,9.25314,26.8893,5.42013,18.3814,5493,2,5492,0,24,194,10126,107,47,0,0,0,4519.89,27646,10891,455.553,25,0,0,,,,,,,,,,,,,,,,,,,,,,,,,,,,,,,,,,,,,,,,,,,,,,8622.95,8623.18,b10b6b66f655dac73ddc4f79a6e1571dd826417cd1afa3dc96e92b675a406f7a,8.659,ok,
dense_channel_bedge_h40w40_b4_a1_s15of16_r16_t24_seed0,dense_channel_block_edge_40x40,carrier,1,48,751.0,751000000,116,419,124,0,0.151,2498,48,751,751000000,48,751,751000000,1,0,0,5188,5,84,0,0,SEARCH_CUTOFF,15,1,0,0,-1,751,-1,48,-1,98,3922,98,24935,0,0,2,2703,1186,4,13807,3546,0,5886,195.348,3390336,10839,TASKBR_VACANCY_V1,33071,4586,33071,40451,45293,89.3096,0,25911,16587,4040,4040,35138,35132,34347,34347,34347,0,0,0,6,0,0,0,34347,72935,24,BOTTLENECK_TARGET_FRONTIER_CONTINUITY_V2,37.5799,16.9442,122.18,18.6026,176.962,9,3,7,0,1,2,4035,16587,9123,0,0,0,6660.74,940228,32266,1529.56,10687,1420,0,,,,,,,,,,,,,,,,,,,,,,,,,,,,,,,,,,,,,,,,,,,,,,8587.16,8587.41,8843e21417c58576873ae6fde3622142b6f9a76c60179b22dcb56fbe98f263a0,8.621,ok,
dense_channel_bedge_h40w40_b4_a1_s15of16_r32_t48_seed0,dense_channel_block_edge_40x40,carrier,1,61,1753.0,1753000000,297,955,253,2,0.1522,7952,61,1753,1753000000,61,1753,1753000000,1,0,0,0,5,163,0,0,SEARCH_CUTOFF,42,1,0,0,-1,1753,-1,61,-1,58,48,58,55870,0,0,48,3600,1992,159,20693,5962,1,15838,420.204,9122688,17243,TASKBR_VACANCY_V1,2717,425,2717,5553,7660,72.4935,0,2841,928,120,120,4296,4265,3172,3172,3172,0,0,0,18,0,0,0,3172,4770,47,BOTTLENECK_TARGET_FRONTIER_CONTINUITY_V2,2.98949,2.99792,69.7894,9.47386,799.221,8,2,8,0,0,0,118,928,602,0,0,0,7982.22,385936,945,145.379,252,4,0,,,,,,,,,,,,,,,,,,,,,,,,,,,,,,,,,,,,,,,,,,,,,,8580.5,8580.73,164858975bb592ca23c47d77afdd42a4c9162b43558f472ec16782b5968bd97c,8.616,ok,
dense_channel_bedge_h40w40_b4_a1_s15of16_r8_t12_seed0,dense_channel_block_edge_40x40,carrier,1,57,461.0,461000000,50,309,64,0,0.1096,1179,57,461,461000000,57,461,461000000,1,0,0,12412,15,134,0,0,SEARCH_CUTOFF,9,1,0,0,-1,461,-1,57,-1,67,6049,67,9586,0,0,3,1185,605,0,3091,1526,0,2229,88.711,1283904,4353,TASKBR_VACANCY_V1,31605,397,31605,38351,38788,98.8734,0,33978,11587,6678,6678,41569,41569,39081,39081,39081,0,0,0,0,0,0,0,39081,45331,12,BOTTLENECK_TARGET_FRONTIER_CONTINUITY_V2,42.3049,14.1375,73.7192,12.7115,48.9556,151,2,2556,0,2,0,6674,11587,7236,0,0,0,6110.6,547876,53346,1415.96,6900,1244,0,,,,,,,,,,,,,,,,,,,,,,,,,,,,,,,,,,,,,,,,,,,,,,8608.1,8608.33,f7795935056b1fad088fc832a791a4b9a1ee2bf725a408f54ad0f504d2427832,8.644,ok,
dense_channel_bedge_h40w40_b9_a1_s76of81_r16_t24_seed0,dense_channel_block_edge_40x40,carrier,1,115,1725.0,1725000000,229,972,350,55,0.1245,8202,115,1725,1725000000,115,1725,1725000000,1,0,0,0,9,152,0,0,SEARCH_CUTOFF,80,1,0,0,-1,1725,-1,115,-1,98,84,98,179790,1,9,8,3807,2142,51,1821,2044,0,68281,1489.56,20757424,43053,TASKBR_VACANCY_V1,2991,370,2991,6432,7493,85.8401,0,3202,1185,223,223,5017,4977,3449,3449,3449,0,0,0,0,0,0,0,3449,4398,24,BOTTLENECK_TARGET_FRONTIER_CONTINUITY_V2,3.06046,1.98566,29.7505,3.76847,57.1913,13,2,14,0,2,2,217,1185,457,0,0,0,8168.21,99888,1716,105.908,291,13,0,,,,,,,,,,,,,,,,,,,,,,,,,,,,,,,,,,,,,,,,,,,,,,8552.08,8552.32,8c39b2f74851c15e3da685637452baf3940b3cf8d1660aada0a14be805ae376e,8.594,ok,
dense_channel_bedge_h40w40_b9_a1_s76of81_r32_t48_seed0,dense_channel_block_edge_40x40,carrier,0,,,,,,,,,,,,,,,,,,,,,,,,,,,,,,,,,,,,,,,,,,,,,,,80910,1668.67,24596640,39920,TASKBR_VACANCY_V1,1508,364,1508,4044,5962,67.8296,0,,,,,,,,,,,,,,,,,,,,,,,,,,,,,,,,,,,,,,,,,,,,,,,,,,,,,,,,,,,,,,,,,,,,,,,,,,,,,,,,,,,,,,,,,,,,,8.88,timeout,ements=0 assignment_second_solution_ms=-1 assignment_first_soc=-1 assignment_second_soc=-1 assignment_first_makespan=-1 assignment_second_makespan=-1
dense_channel_bedge_h40w40_b9_a1_s76of81_r8_t12_seed0,dense_channel_block_edge_40x40,carrier,1,99,820.0,820000000,96,517,138,18,0.1212,2293,137,980,980000000,99,820,820000000,1,1,1,0,11,98,0,0,STRICT_IMPROVEMENT,52,1,1,1,2801,980,820,137,99,139,50,139,69518,0,0,2,2216,1188,0,500,1817,0,21883,555.428,6652432,16327,TASKBR_VACANCY_V1,1327,216,1327,2657,3293,80.6863,0,1953,860,312,312,3099,3070,2309,2309,2309,0,0,0,0,0,0,0,2309,3003,12,BOTTLENECK_TARGET_FRONTIER_CONTINUITY_V2,2.45651,1.0559,6.91896,1.01016,6.2291,34,4,40,0,7,0,303,860,275,0,0,0,2443.31,49046,2329,74.0011,247,0,0,,,,,,,,,,,,,,,,,,,,,,,,,,,,,,,,,,,,,,,,,,,,,,2897.03,2897.39,aebd301139353d3615ad71d1e595b1b2621d2890b7d4dbb64c73ace604782df3,2.929,ok,
g1_dhigh_abaseline_pcross_heavy_gshared_pool_seed0,warehouse_random_factorial,carrier,1,15,35.0,35000000,7,20,8,0,0.1556,2,15,35,35000000,15,35,35000000,1,0,0,37285,1254,435,0,0,SEARCH_CUTOFF,0,1,0,0,-1,35,-1,15,-1,2984,26531,2984,12972,7,3072,0,8389,775,600,94757,48398,3556,6912,40.9484,193536,58227,TASKBR_VACANCY_V1,77798,12206,77798,71937,92340,77.9045,2722,116290,30301,47644,47644,119999,119226,110427,110427,110427,0,0,0,0,0,0,0,110427,114409,4,BOTTLENECK_TARGET_FRONTIER_CONTINUITY_V2,60.0968,27.7687,114.596,25.9717,59.9383,26170,2869,27836,0,1518,13033,33091,30301,38787,0,2620,0,5014.24,5135721,217985,1424.63,6248,16,0,,,,,,,,,,,,,,,,,,,,,,,,,,,,,,,,,,,,,,,,,,,,,,8817.9,8817.93,8c25443c33b72725dca4da39e828261cd9b2a247ab6d0c31e53cff9738f7de72,8.846,ok,
g1_dhigh_abaseline_pcross_heavy_gsingleton_seed0,warehouse_random_factorial,carrier,1,17,48.0,48000000,24,16,8,0,0.4706,7,17,48,48000000,17,48,48000000,1,0,0,43358,1313,446,0,0,SEARCH_CUTOFF,0,0,0,0,-1,-1,-1,-1,-1,5930,19515,5930,29414,0,9493,0,13942,2567,1116,48320,28183,10659,17355,83.8226,485940,24773,TASKBR_VACANCY_V1,55896,10390,55896,63391,89969,70.4587,5661,52989,15145,28688,28688,65243,63064,43207,43207,43207,0,0,0,1218,0,0,0,43207,43351,4,BOTTLENECK_TARGET_FRONTIER_CONTINUITY_V2,30.2167,12.0416,39.1321,10.816,18.7442,17434,5225,19916,0,1809,9922,16955,15145,39379,0,2178,0,6488.55,21838420,150981,2915.53,2748,0,868,,,,,,,,,,,,,,,,,,,,,,,,,,,,,,,,,,,,,,,,,,,,,,8685.74,8685.77,1bfbea296dd544ddf233b4715ebb52798d7c49d75ac7783ed11c7cec7e749296,8.706,ok,
g1_dhigh_abaseline_plocal_gshared_pool_seed0,warehouse_random_factorial,carrier,1,18,44.0,44000000,17,19,8,0,0.3148,4,18,44,44000000,18,44,44000000,1,0,0,63863,1540,509,0,0,SEARCH_CUTOFF,0,1,0,0,-1,44,-1,18,-1,4443,29675,4443,16131,0,6342,0,7745,414,209,8935,25145,7187,12493,57.291,349804,16758,TASKBR_VACANCY_V1,54742,6240,54742,50935,64797,78.607,4173,67133,22048,43572,43572,69955,68957,59936,59936,59936,0,0,0,157,0,0,0,59936,67133,4,BOTTLENECK_TARGET_FRONTIER_CONTINUITY_V2,43.6629,16.6319,53.0816,15.533,23.9447,27202,4647,27595,0,2012,14509,27049,22048,44992,0,4026,0,4898.84,15218528,177681,2368.1,6067,119,9,,,,,,,,,,,,,,,,,,,,,,,,,,,,,,,,,,,,,,,,,,,,,,8793.63,8793.66,3306ae3b49580fdcde1039f56e1fdce27e4fa45d7e0930d67823d63b400bc43d,8.819,ok,
g1_dhigh_abaseline_plocal_gsingleton_seed0,warehouse_random_factorial,carrier,1,16,42.0,42000000,12,17,11,0,0.25,4,16,43,43000000,16,42,42000000,1,1,1,115,837,324,0,0,STRICT_IMPROVEMENT,2,0,0,0,-1,-1,-1,-1,-1,66,741,66,331,0,33,0,116,13,0,106,66,33,166,1.09579,4648,108,TASKBR_VACANCY_V1,1097,246,1097,883,1362,64.8311,0,1348,483,1116,1116,1367,1316,1254,1254,1254,0,0,0,0,0,0,0,1254,1859,4,BOTTLENECK_TARGET_FRONTIER_CONTINUITY_V2,1.43508,0.588112,1.7722,0.52965,0.867518,670,62,665,0,40,334,740,483,940,0,13,0,84.8901,98598,2918,34.4388,113,0,0,,,,,,,,,,,,,,,,,,,,,,,,,,,,,,,,,,,,,,,,,,,,,,121.663,121.683,b25158a711d084bb7e65511af163a5cfbb17ca193d053e3f3aea26a485a08db8,0.132,ok,
g1_dhigh_abaseline_pmixed_gshared_pool_seed0,warehouse_random_factorial,carrier,1,14,38.0,38000000,10,20,8,0,0.2381,3,14,38,38000000,14,38,38000000,1,0,0,62921,1313,447,0,0,SEARCH_CUTOFF,0,1,0,0,-1,38,-1,14,-1,4215,27784,4215,12192,0,4054,0,11050,498,70,40877,35725,5067,9400,54.317,263200,18365,TASKBR_VACANCY_V1,75729,4577,75729,74448,81386,91.4752,3949,101928,21635,42651,42651,103535,101136,88792,88792,88792,0,0,0,0,0,0,0,88792,88887,4,BOTTLENECK_TARGET_FRONTIER_CONTINUITY_V2,48.8811,22.0583,84.0585,19.8897,36.876,26613,4398,28354,0,2268,15538,24843,21635,40406,0,3786,0,5087.3,8895872,194061,1717.09,3278,0,0,,,,,,,,,,,,,,,,,,,,,,,,,,,,,,,,,,,,,,,,,,,,,,8790.11,8790.13,8f4b174e4f439ec25a373ca68d4ae878cee7d3c493fd22384bd32549464bb057,8.816,ok,
g1_dhigh_abaseline_pmixed_gsingleton_seed0,warehouse_random_factorial,carrier,1,24,59.0,59000000,28,23,8,0,0.3889,10,27,63,63000000,24,59,59000000,1,1,1,1,26,94,1,1,REFERENCE_SUFFIX_ACCEPTED,4,0,0,0,-1,-1,-1,-1,-1,38,4,38,164,0,48,0,52,4,0,966,210,51,111,0.548446,3108,580,TASKBR_VACANCY_V1,39,3,39,36,48,75,0,87,29,59,59,87,83,83,83,83,0,0,0,0,0,0,0,83,91,4,BOTTLENECK_TARGET_FRONTIER_CONTINUITY_V2,0.081859,0.02829,0.11453,0.022455,0.048314,42,22,39,0,4,22,31,29,68,0,0,0,18.4233,26148,201,3.67613,5,0,2,,,,,,,,,,,,,,,,,,,,,,,,,,,,,,,,,,,,,,,,,,,,,,21.0385,21.0562,314486f5f2f4a8d1c2651d88d464ec821d1d3eddc2f227b06054eaee4079c42e,0.031,ok,
g1_dhigh_aequal_pcross_heavy_gshared_pool_seed0,warehouse_random_factorial,carrier,1,10,33.0,33000000,7,18,8,0,0.175,2,10,33,33000000,10,33,33000000,1,0,0,19489,3769,1751,0,0,SEARCH_CUTOFF,0,1,0,0,-1,33,-1,10,-1,499,37563,499,2185,0,483,0,1441,98,30,15613,10592,496,1095,6.56035,30660,7556,TASKBR_VACANCY_V1,103333,14147,103333,93979,118227,79.4903,237,127619,45122,52187,52187,128574,126767,125117,125117,125117,0,0,0,125,0,0,0,125117,137758,4,BOTTLENECK_TARGET_FRONTIER_CONTINUITY_V2,65.7175,28.0366,113.656,25.8523,54.6255,24131,363,24170,0,127,1942,50116,45122,51380,0,425,0,3902.4,11007031,348910,2196.7,12085,0,0,,,,,,,,,,,,,,,,,,,,,,,,,,,,,,,,,,,,,,,,,,,,,,8838.75,8838.77,c4cf247fa0a3b4a48a6ab5fb2877a64d718178e3bca7d8fdfd2d321b827eef05,8.868,ok,
g1_dhigh_aequal_pcross_heavy_gsingleton_seed0,warehouse_random_factorial,carrier,1,16,47.0,47000000,24,15,8,0,0.375,5,16,47,47000000,16,47,47000000,1,0,0,115602,1321,397,0,0,SEARCH_CUTOFF,0,0,0,0,-1,-1,-1,-1,-1,3933,19749,3933,26420,0,7583,0,7508,1747,692,13540,13213,8567,12276,57.8806,343728,11734,TASKBR_VACANCY_V1,33099,10900,33099,34013,65501,51.9275,3665,26430,23149,25739,25739,34341,33329,29084,29084,29084,0,0,0,8,0,0,0,29084,36446,4,BOTTLENECK_TARGET_FRONTIER_CONTINUITY_V2,25.3241,9.30831,26.5383,7.95876,12.2851,11241,6817,10666,0,269,3140,22328,23149,44930,0,640,0,5711.59,31574674,170207,3724.29,5603,0,2336,,,,,,,,,,,,,,,,,,,,,,,,,,,,,,,,,,,,,,,,,,,,,,8680.38,8680.41,bd7edd3b6d8a35528947afabca6b8dd53ea8f3ba49bffe1c95059c396f07ffb7,8.7,ok,
g1_dhigh_aequal_plocal_gshared_pool_seed0,warehouse_random_factorial,carrier,1,17,40.0,40000000,17,15,8,0,0.25,4,17,40,40000000,17,40,40000000,1,0,0,126408,1279,641,0,0,SEARCH_CUTOFF,0,1,0,0,-1,40,-1,17,-1,412,39049,412,670,0,614,0,384,0,0,733,439,752,826,4.23708,23128,642,TASKBR_VACANCY_V1,3532,1366,3532,2166,4898,44.2221,143,7356,2860,48588,48588,7356,2889,2889,2889,2889,0,0,0,0,0,0,0,2889,6408,4,BOTTLENECK_TARGET_FRONTIER_CONTINUITY_V2,26.4685,1.07657,3.45986,0.909238,1.58352,45782,45776,24091,0,722,6298,41566,2860,51443,0,1166,0,2165.09,6720105,78498,989.155,0,0,0,,,,,,,,,,,,,,,,,,,,,,,,,,,,,,,,,,,,,,,,,,,,,,8852.52,8852.54,ae8667867a98d3363ab6bc6606ef8df74416cb5efa1064bff2dfac848e6d6c36,8.882,ok,
g1_dhigh_aequal_plocal_gsingleton_seed0,warehouse_random_factorial,carrier,1,16,41.0,41000000,12,16,11,0,0.1875,3,16,42,42000000,16,41,41000000,1,1,1,2,11,53,0,0,STRICT_IMPROVEMENT,1,0,0,0,-1,-1,-1,-1,-1,29,9,29,175,0,7,0,42,9,0,74,27,7,78,0.403219,2184,70,TASKBR_VACANCY_V1,30,16,30,25,53,47.1698,0,55,27,55,55,74,67,55,55,55,0,0,0,0,0,0,0,55,78,4,BOTTLENECK_TARGET_FRONTIER_CONTINUITY_V2,0.070444,0.021444,0.066835,0.01585,0.051717,35,31,21,0,10,18,25,27,54,0,0,0,5.9454,1432,155,0.806646,3,2,0,,,,,,,,,,,,,,,,,,,,,,,,,,,,,,,,,,,,,,,,,,,,,,8.0173,8.03399,6eb089ecfd20d98923883cd304f95d9bd68296667d5d31d7d5b298a2957ee9a9,0.017,ok,
g1_dhigh_aequal_pmixed_gshared_pool_seed0,warehouse_random_factorial,carrier,1,13,42.0,42000000,10,24,8,0,0.1923,3,13,42,42000000,13,42,42000000,1,0,0,86733,2736,966,0,0,SEARCH_CUTOFF,0,1,0,0,-1,42,-1,13,-1,397,40543,397,949,0,340,0,911,62,3,1424,1968,417,910,5.24909,25480,980,TASKBR_VACANCY_V1,77450,4708,77450,76086,82356,92.3867,132,95448,45856,49682,49682,96492,89387,87336,87336,87336,0,0,0,45,0,0,0,87336,109726,4,BOTTLENECK_TARGET_FRONTIER_CONTINUITY_V2,51.9768,21.5249,77.0096,19.3024,36.4483,26629,228,23244,0,283,3370,46027,45856,46234,0,794,0,3263.01,9858785,267703,1810.79,22547,0,0,,,,,,,,,,,,,,,,,,,,,,,,,,,,,,,,,,,,,,,,,,,,,,8841.12,8841.15,2645d0e448499cf9c352195a9820093da168ac6f52c13ddf9ca0dd5ac87fc33e,8.871,ok,
g1_dhigh_aequal_pmixed_gsingleton_seed0,warehouse_random_factorial,carrier,1,21,56.0,56000000,28,20,8,0,0.3333,10,21,56,56000000,21,56,56000000,1,0,0,170822,594,468,0,0,SEARCH_CUTOFF,0,0,0,0,-1,-1,-1,-1,-1,288,36310,288,285,0,411,0,293,10,6,1018,316,374,596,3.07195,16688,606,TASKBR_VACANCY_V1,34,14,34,28,56,50,14,2372,11,44957,44957,2386,61,53,53,53,0,0,0,0,0,0,0,53,53,4,BOTTLENECK_TARGET_FRONTIER_CONTINUITY_V2,22.8729,0.019868,0.069506,0.016509,0.050356,44940,44930,20378,0,239,3262,41454,11,44637,0,1286,0,1561.22,2925022,60794,552.553,0,4,0,,,,,,,,,,,,,,,,,,,,,,,,,,,,,,,,,,,,,,,,,,,,,,8839.16,8839.2,7e273fe6e900da2bb8a8d56c45e20d6a998aa37b952a2d5327b370a2a41a7f22,8.869,ok,
g1_dhigh_ascarce_pcross_heavy_gshared_pool_seed0,warehouse_random_factorial,carrier,1,18,33.0,33000000,7,18,8,0,0.1944,2,18,33,33000000,18,33,33000000,1,0,0,5847,368,145,0,0,SEARCH_CUTOFF,0,1,0,0,-1,33,-1,18,-1,6017,17435,6017,56656,224,3188,0,21651,1747,459,265885,125852,3390,14717,87.9592,412076,195851,TASKBR_VACANCY_V1,73462,6588,73462,71908,83840,85.7681,5754,152146,22465,49014,49014,156660,153929,124465,124465,124465,0,0,0,51,0,0,0,124465,124474,4,BOTTLENECK_TARGET_FRONTIER_CONTINUITY_V2,56.6843,25.7113,122.888,27.6347,60.4372,32330,6486,34750,0,7971,41041,0,22465,22417,0,8666,0,6574.67,1853759,80147,621.858,4817,0,7,,,,,,,,,,,,,,,,,,,,,,,,,,,,,,,,,,,,,,,,,,,,,,8751.91,8751.93,be83b67eede257f39be7ecc45400920592e1d67fe87c02989a406afdd27ab6ca,8.775,ok,
g1_dhigh_ascarce_pcross_heavy_gsingleton_seed0,warehouse_random_factorial,carrier,1,29,56.0,56000000,24,24,8,0,0.4138,14,29,56,56000000,29,56,56000000,1,0,0,6965,443,194,0,0,SEARCH_CUTOFF,1,0,0,0,-1,-1,-1,-1,-1,5853,18521,5853,42209,0,4023,0,21674,3742,531,173211,81703,3935,18976,97.1924,531328,87962,TASKBR_VACANCY_V1,71183,8605,71183,76299,99321,76.8206,5581,148156,25101,50169,50169,163900,161836,121573,121573,121573,0,0,0,1139,0,0,0,121573,121573,4,BOTTLENECK_TARGET_FRONTIER_CONTINUITY_V2,56.61,24.2164,116.541,26.5173,53.6968,32083,6719,35479,0,8246,41921,0,25101,24050,0,9245,0,6519.7,3837696,82335,838.434,5812,0,1,,,,,,,,,,,,,,,,,,,,,,,,,,,,,,,,,,,,,,,,,,,,,,9079.44,9079.47,d3249df87232273d94cd4da20771721a688db743a542bf9b5815b81e3e647953,9.104,ok,
g1_dhigh_ascarce_plocal_gshared_pool_seed0,warehouse_random_factorial,carrier,1,26,48.0,48000000,17,23,8,0,0.3269,5,26,50,50000000,26,48,48000000,1,1,1,284,294,157,0,0,STRICT_IMPROVEMENT,0,1,1,1,174,50,48,26,26,130,768,130,501,0,86,0,314,18,4,432,783,72,396,1.95472,11088,502,TASKBR_VACANCY_V1,1846,176,1846,1670,2138,78.1104,0,4645,1042,2146,2146,4737,4690,4118,4118,4118,0,0,0,18,0,0,0,4118,4118,4,BOTTLENECK_TARGET_FRONTIER_CONTINUITY_V2,1.93907,0.839631,3.33258,0.845736,1.49669,1504,162,1577,0,403,1741,0,1042,833,0,271,0,108.97,42902,3654,21.8298,290,0,0,,,,,,,,,,,,,,,,,,,,,,,,,,,,,,,,,,,,,,,,,,,,,,181.412,181.434,461a502634bf260583a9e5a3af461f66cc1501087e8ed11a848fb15a245e3646,0.192,ok,
g1_dhigh_ascarce_plocal_gsingleton_seed0,warehouse_random_factorial,carrier,1,24,45.0,45000000,12,19,12,0,0.25,5,24,45,45000000,24,45,45000000,1,0,0,5287,442,190,0,0,SEARCH_CUTOFF,0,0,0,0,-1,-1,-1,-1,-1,7638,19166,7638,55356,4,3359,0,25468,2036,84,78382,51177,3176,21084,115.412,590352,64120,TASKBR_VACANCY_V1,73245,8996,73245,67588,91032,74.2464,7371,139535,23778,50229,50229,147967,146034,114749,114749,114749,0,0,0,262,0,0,0,114749,114784,4,BOTTLENECK_TARGET_FRONTIER_CONTINUITY_V2,54.8316,22.77,108.245,24.4408,49.9676,32669,7679,37176,0,7844,42383,0,23778,27254,0,8331,0,6611.22,4969871,86257,955.93,3059,0,47,,,,,,,,,,,,,,,,,,,,,,,,,,,,,,,,,,,,,,,,,,,,,,9103.27,9103.3,e6ddf593846549690430818e09ac9e4397f10eb9069554cc15ce28d3f02b7b45,9.129,ok,
g1_dhigh_ascarce_pmixed_gshared_pool_seed0,warehouse_random_factorial,carrier,1,20,36.0,36000000,10,18,8,0,0.25,4,20,38,38000000,20,36,36000000,1,1,1,16,169,105,1,1,REFERENCE_SUFFIX_ACCEPTED,0,1,1,1,40,38,36,20,20,26,128,26,92,0,18,0,68,0,0,297,107,12,55,0.358837,1540,127,TASKBR_VACANCY_V1,298,6,298,292,304,96.0526,0,1185,197,566,566,1185,1174,1117,1117,1117,0,0,0,0,0,0,0,1117,1117,4,BOTTLENECK_TARGET_FRONTIER_CONTINUITY_V2,0.496583,0.232177,0.872286,0.22528,0.300932,424,16,423,0,110,454,0,197,143,0,42,0,28.1163,6639,985,4.98757,44,0,0,,,,,,,,,,,,,,,,,,,,,,,,,,,,,,,,,,,,,,,,,,,,,,42.0657,42.0845,181a60b6b8f02ce91cbec094956d4e571c1a0f684e213861be184c534ffbdefa,0.05,ok,
g1_dhigh_ascarce_pmixed_gsingleton_seed0,warehouse_random_factorial,carrier,1,40,82.0,82000000,27,43,9,0,0.3375,18,44,77,77000000,40,82,82000000,1,1,1,346,174,160,0,0,STRICT_IMPROVEMENT,12,0,0,0,-1,-1,-1,-1,-1,192,430,192,432,0,107,0,215,22,2,2192,617,131,395,2.11097,11060,1390,TASKBR_VACANCY_V1,331,93,331,280,445,62.9213,0,1125,498,1631,1631,1164,1082,1033,1033,1033,0,0,0,36,0,0,0,1033,1570,4,BOTTLENECK_TARGET_FRONTIER_CONTINUITY_V2,0.92147,0.275564,0.924467,0.294967,0.288185,1242,626,1100,0,474,1155,0,498,602,0,208,0,91.2155,109821,1830,20.6408,125,0,2,,,,,,,,,,,,,,,,,,,,,,,,,,,,,,,,,,,,,,,,,,,,,,146.803,146.83,720a12e7ebf0df02b46d3c445fbb052108f6cdd7361350e35c7b778eec94c224,0.156,ok,
g1_dhigh_asurplus_pcross_heavy_gshared_pool_seed0,warehouse_random_factorial,carrier,1,10,30.0,30000000,7,15,8,0,0.1167,2,10,30,30000000,10,30,30000000,1,0,0,29298,778,1922,0,0,SEARCH_CUTOFF,0,1,0,0,-1,30,-1,10,-1,102,22970,102,394,0,74,0,264,6,6,2669,1292,78,233,1.4319,6524,1383,TASKBR_VACANCY_V1,46669,10890,46669,37309,57919,64.4158,0,48789,9928,30216,30216,48789,48789,48789,48789,48789,0,0,0,0,0,0,0,48789,132491,4,BOTTLENECK_TARGET_FRONTIER_CONTINUITY_V2,41.9485,16.1227,64.6124,13.9981,35.137,16352,64,16347,0,46,496,29672,9928,34603,0,12,0,2208.6,4781494,170466,1180.58,60,0,0,,,,,,,,,,,,,,,,,,,,,,,,,,,,,,,,,,,,,,,,,,,,,,8782.64,8782.66,d44f072373478812dab2fb4f39d2ed15cea6f1dc8c3f82d9cd0187043c2b327c,8.801,ok,
g1_dhigh_asurplus_pcross_heavy_gsingleton_seed0,warehouse_random_factorial,carrier,1,15,42.0,42000000,24,10,8,0,0.2667,5,15,42,42000000,15,42,42000000,1,0,0,121948,8,54,0,0,SEARCH_CUTOFF,0,0,0,0,-1,-1,-1,-1,-1,77,27079,77,274,0,111,0,66,2,0,176,122,140,199,0.968692,5572,92,TASKBR_VACANCY_V1,5427,2857,5427,2570,8287,31.0124,0,2883,2864,29406,29406,2883,2879,2879,2879,2879,0,0,0,0,0,0,0,2879,10844,4,BOTTLENECK_TARGET_FRONTIER_CONTINUITY_V2,22.3518,1.3413,4.7013,1.07099,1.39985,26545,26541,18498,0,43,565,28796,2864,47481,0,29,0,3136.15,17039321,102873,2310.86,0,0,0,,,,,,,,,,,,,,,,,,,,,,,,,,,,,,,,,,,,,,,,,,,,,,8780.51,8780.53,7af51515cd65ca17602eaf267cfd3caa1280e8d912351afaf092fd0bb3302fce,8.8,ok,
g1_dhigh_asurplus_plocal_gshared_pool_seed0,warehouse_random_factorial,carrier,1,15,37.0,37000000,17,12,8,0,0.1889,4,15,37,37000000,15,37,37000000,1,0,0,24776,10,68,0,0,SEARCH_CUTOFF,0,1,0,0,-1,37,-1,15,-1,25,25056,25,122,0,29,0,30,0,0,122,12,19,54,0.275602,1512,84,TASKBR_VACANCY_V1,33,21,33,12,54,22.2222,0,36,11,33464,33464,36,33,33,33,33,0,0,0,0,0,0,0,33,55,4,BOTTLENECK_TARGET_FRONTIER_CONTINUITY_V2,21.8459,0.01374,0.054062,0.010427,0.048048,33454,33450,17147,0,48,453,32961,11,31608,0,9,0,1494.72,3586772,43455,626.386,0,0,0,,,,,,,,,,,,,,,,,,,,,,,,,,,,,,,,,,,,,,,,,,,,,,8758.97,8759,89510f40fd31b8f73b634da9ff412d582c354f6e76c7fd88aa77da0ffdbd8199,8.778,ok,
g1_dhigh_asurplus_plocal_gsingleton_seed0,warehouse_random_factorial,carrier,1,15,41.0,41000000,12,15,12,0,0.1333,3,15,41,41000000,15,41,41000000,1,0,0,750,29403,13705,0,0,SEARCH_CUTOFF,0,0,0,0,-1,-1,-1,-1,-1,15,5,15,158,0,2,0,36,8,0,74,24,2,50,0.253139,1400,70,TASKBR_VACANCY_V1,29,12,29,29,47,61.7021,0,36597,6765,20462,20462,36609,36605,36605,36605,36605,0,0,0,0,0,0,0,36605,106712,4,BOTTLENECK_TARGET_FRONTIER_CONTINUITY_V2,37.2575,15.214,51.0725,11.3961,40.9075,8809,8,8806,0,30,256,20174,6765,24,0,0,0,1233.45,1881296,40978,435.379,1372,5,0,,,,,,,,,,,,,,,,,,,,,,,,,,,,,,,,,,,,,,,,,,,,,,8631.72,8631.74,6e9303283c92d578b9c728b129d56796a9b5ea1bf4750c56486cf39d1d93846b,8.647,ok,
g1_dhigh_asurplus_pmixed_gshared_pool_seed0,warehouse_random_factorial,carrier,1,13,38.0,38000000,10,20,8,0,0.1282,5,13,38,38000000,13,38,38000000,1,0,0,19325,52,230,0,0,SEARCH_CUTOFF,0,1,0,0,-1,38,-1,13,-1,41,26602,41,145,0,43,0,68,1,1,379,130,38,86,0.54745,2408,115,TASKBR_VACANCY_V1,36480,1696,36480,35624,38176,93.3152,0,43506,5816,32468,32468,43926,43926,43926,43926,43926,0,0,0,0,0,0,0,43926,146325,4,BOTTLENECK_TARGET_FRONTIER_CONTINUITY_V2,43.0266,16.5632,62.8017,13.7125,47.328,20746,27,20741,0,45,463,31958,5816,33785,0,6,0,2101.17,5264440,142699,1082.17,336,0,0,,,,,,,,,,,,,,,,,,,,,,,,,,,,,,,,,,,,,,,,,,,,,,8752.09,8752.12,847c093477d8c34112b29aec974eee4e476f7df16be2f1eba06ebc67f7c7e762,8.771,ok,
g1_dhigh_asurplus_pmixed_gsingleton_seed0,warehouse_random_factorial,carrier,1,17,61.0,61000000,24,24,11,0,0.2353,6,17,62,62000000,17,61,61000000,1,1,1,370,16175,6938,0,0,STRICT_IMPROVEMENT,0,0,0,0,-1,-1,-1,-1,-1,30,19,30,121,0,32,0,54,17,6,662,195,26,91,0.454084,2548,370,TASKBR_VACANCY_V1,48,28,48,38,95,40,0,11578,4828,11588,11588,11606,11597,11597,11597,11597,0,0,0,3,0,0,0,11597,61034,4,BOTTLENECK_TARGET_FRONTIER_CONTINUITY_V2,13.1876,5.24405,19.0714,4.48688,18.9726,5234,17,3926,0,33,214,11339,4828,85,0,2,0,391.499,49641,11773,49.1391,2400,0,0,,,,,,,,,,,,,,,,,,,,,,,,,,,,,,,,,,,,,,,,,,,,,,2448.92,2448.95,aa014399c4632cc7086d2ddd7766c56db00221fdd903cab7799baf9e31962f2d,2.461,ok,
g1_dlow_abaseline_pcross_heavy_gshared_pool_seed0,warehouse_random_factorial,carrier,1,15,35.0,35000000,7,20,8,0,0.1556,2,15,35,35000000,15,35,35000000,1,0,0,15961,998,416,0,0,SEARCH_CUTOFF,0,1,0,0,-1,35,-1,15,-1,6548,34609,6548,42301,0,5548,0,19047,1121,1110,126440,48340,5565,17546,83.2307,491288,30674,TASKBR_VACANCY_V1,111267,26713,111267,92087,140839,65.3846,6286,131048,28906,57017,57017,133278,132612,127284,127284,127284,0,0,0,0,0,0,0,127284,131218,4,BOTTLENECK_TARGET_FRONTIER_CONTINUITY_V2,69.0483,31.7196,129.808,31.3033,68.2767,34410,5279,36323,0,1630,15507,39878,28906,58467,0,2341,0,5970.11,10663229,306053,2309.74,4346,0,0,,,,,,,,,,,,,,,,,,,,,,,,,,,,,,,,,,,,,,,,,,,,,,8861.33,8861.36,0bef3e62c2566a726c6a9094c211c96c95756417cf315e7efa9cbcfb6a167aaf,8.889,ok,
g1_dlow_abaseline_pcross_heavy_gsingleton_seed0,warehouse_random_factorial,carrier,1,16,44.0,44000000,20,16,8,0,0.4167,5,16,44,44000000,16,44,44000000,1,0,0,18935,1279,520,0,0,SEARCH_CUTOFF,0,0,0,0,-1,-1,-1,-1,-1,10813,21558,10813,66984,0,13390,0,28938,1894,1765,85789,60948,13110,31650,140.744,886200,18557,TASKBR_VACANCY_V1,72368,20346,72368,55751,98930,56.354,10545,57470,13328,34589,34589,59538,58116,50080,50080,50080,0,0,0,0,0,0,0,50080,51030,4,BOTTLENECK_TARGET_FRONTIER_CONTINUITY_V2,34.5067,14.8508,46.3515,13.246,18.5928,22871,7332,23658,0,1136,9658,23793,13328,55809,0,1374,0,7046.58,16073077,195150,2477,992,23,10,,,,,,,,,,,,,,,,,,,,,,,,,,,,,,,,,,,,,,,,,,,,,,8727.32,8727.34,7b55484132b67736f389e884242ee689ace251e63323c7387a85acbb56bbda83,8.749,ok,
g1_dlow_abaseline_plocal_gshared_pool_seed0,warehouse_random_factorial,carrier,1,15,37.0,37000000,7,22,8,0,0.1556,2,15,39,39000000,15,37,37000000,1,1,1,5612,1061,482,1,1,REFERENCE_SUFFIX_ACCEPTED,4,1,1,1,6175,39,37,15,15,1943,29160,1943,9998,0,1704,0,5755,88,88,16749,12002,1738,5836,26.8601,163408,3311,TASKBR_VACANCY_V1,93460,16378,93460,78636,110124,71.4068,1681,157962,32291,56414,56414,158412,156722,155494,155494,155494,0,0,0,0,0,0,0,155494,157434,4,BOTTLENECK_TARGET_FRONTIER_CONTINUITY_V2,72.5476,32.3699,151.972,35.1058,78.2113,38806,1071,39646,0,1342,14334,40736,32291,38456,0,2253,0,3717.63,4824038,312623,1595.56,8186,0,0,,,,,,,,,,,,,,,,,,,,,,,,,,,,,,,,,,,,,,,,,,,,,,6545.01,6545.03,e81716ed056626f5505cde97430c74250d6c14842beff96ee8121f430b3bc977,6.573,ok,
g1_dlow_abaseline_plocal_gsingleton_seed0,warehouse_random_factorial,carrier,1,12,31.0,31000000,10,13,8,0,0.2778,2,12,31,31000000,12,31,31000000,1,0,0,5113,1562,680,0,0,SEARCH_CUTOFF,0,0,0,0,-1,-1,-1,-1,-1,3096,29610,3096,25050,0,2594,0,9420,257,233,10510,12003,2523,10398,44.0018,291144,2863,TASKBR_VACANCY_V1,105491,26505,105491,80280,132756,60.4718,2831,150926,35097,51521,51521,151754,151239,147023,147023,147023,0,0,0,34,0,0,0,147023,147380,4,BOTTLENECK_TARGET_FRONTIER_CONTINUITY_V2,70.3707,31.2499,150.235,35.71,80.9121,30688,2328,36252,0,862,10675,39982,35097,41561,0,2864,0,5313.46,19181936,277681,2992.58,6413,0,185,,,,,,,,,,,,,,,,,,,,,,,,,,,,,,,,,,,,,,,,,,,,,,8843.83,8843.85,20f7710fa194984b06d55d61fac58c2db60a0d54e03fc01c01226f5328715b76,8.871,ok,
g1_dlow_abaseline_pmixed_gshared_pool_seed0,warehouse_random_factorial,carrier,1,20,53.0,53000000,10,35,8,0,0.1667,4,20,53,53000000,20,53,53000000,1,0,0,4568,828,390,0,0,SEARCH_CUTOFF,4,1,0,0,-1,53,-1,20,-1,685,31461,685,2983,0,247,0,2239,9,2,19892,4541,183,1908,9.49969,53424,9041,TASKBR_VACANCY_V1,91744,5634,91744,86156,97479,88.3842,418,203622,45621,70626,70626,203684,196189,195693,195693,195693,0,0,0,30,0,0,0,195693,196248,4,BOTTLENECK_TARGET_FRONTIER_CONTINUITY_V2,88.5573,39.1303,179.783,43.9664,96.0107,55112,652,55127,0,2693,19184,48747,45621,25637,0,5894,0,3104.61,2379608,333329,1323.46,24590,0,0,,,,,,,,,,,,,,,,,,,,,,,,,,,,,,,,,,,,,,,,,,,,,,9027.28,9027.31,8c3b89ac173a771172f04bbfea395940dd23754043e67127f2149b14a239d4c4,9.063,ok,
g1_dlow_abaseline_pmixed_gsingleton_seed0,warehouse_random_factorial,carrier,1,19,45.0,45000000,18,19,8,0,0.3158,4,19,45,45000000,19,45,45000000,1,0,0,18847,1194,542,0,0,SEARCH_CUTOFF,0,0,0,0,-1,-1,-1,-1,-1,7205,36557,7205,45721,0,7032,0,17336,176,111,85275,33328,7234,23971,102.073,671188,22597,TASKBR_VACANCY_V1,85305,20104,85305,65713,105893,62.056,6938,87108,25064,51650,51650,87505,84226,79533,79533,79533,0,0,0,0,0,0,0,79533,83268,4,BOTTLENECK_TARGET_FRONTIER_CONTINUITY_V2,50.5041,21.5297,69.2014,20.4922,32.5399,33578,5438,35084,0,1672,13239,36737,25064,61662,0,2604,0,5812.27,17780515,260161,2829.55,5405,0,0,,,,,,,,,,,,,,,,,,,,,,,,,,,,,,,,,,,,,,,,,,,,,,8861.14,8861.16,3e797370e1e6529acff2d8c221ffefe7fdcdc0d9588c34e4d601472c5be2fb43,8.887,ok,
g1_dlow_aequal_pcross_heavy_gshared_pool_seed0,warehouse_random_factorial,carrier,1,10,33.0,33000000,7,18,8,0,0.175,2,10,33,33000000,10,33,33000000,1,0,0,13228,3562,1754,0,0,SEARCH_CUTOFF,0,1,0,0,-1,33,-1,10,-1,357,40163,357,1793,0,311,0,981,45,45,2670,1883,340,883,4.39355,24724,619,TASKBR_VACANCY_V1,112772,17286,112772,97194,130160,74.6727,95,136755,28596,55636,55636,136755,136755,136755,136755,136755,0,0,0,0,0,0,0,136755,150313,4,BOTTLENECK_TARGET_FRONTIER_CONTINUITY_V2,68.7387,29.1749,120.038,29.0944,61.781,34833,362,34064,0,175,3029,52430,28596,54577,0,487,0,4192.95,17015932,403999,2864.78,5684,0,0,,,,,,,,,,,,,,,,,,,,,,,,,,,,,,,,,,,,,,,,,,,,,,9178.28,9178.31,70e0ff0ec60c379d8e623976a845e5b56573cc74c3927125b2411e7547070763,9.215,ok,
g1_dlow_aequal_pcross_heavy_gsingleton_seed0,warehouse_random_factorial,carrier,1,15,43.0,43000000,20,15,8,0,0.3333,5,15,43,43000000,15,43,43000000,1,0,0,10826,1561,1052,0,0,SEARCH_CUTOFF,0,0,0,0,-1,-1,-1,-1,-1,4019,22890,4019,31092,0,5236,0,10330,262,187,44469,25199,5531,12012,54.3495,336336,9812,TASKBR_VACANCY_V1,60536,17570,60536,43523,79910,54.465,3752,46463,13517,28772,28772,46862,46529,46311,46311,46311,0,0,0,0,0,0,0,46311,50129,4,BOTTLENECK_TARGET_FRONTIER_CONTINUITY_V2,32.5244,12.7729,41.556,11.663,17.0443,16584,1771,17165,0,162,1810,26798,13517,56811,0,145,0,6839.07,37832899,220405,4602.78,140,0,0,,,,,,,,,,,,,,,,,,,,,,,,,,,,,,,,,,,,,,,,,,,,,,8671.6,8671.63,48ac1445fd14c087c1968ee04c9392f133b170b92d568fff8caf7a375c6f3f2e,8.69,ok,
g1_dlow_aequal_plocal_gshared_pool_seed0,warehouse_random_factorial,carrier,1,9,30.0,30000000,7,15,8,0,0.1944,1,9,30,30000000,9,30,30000000,1,0,0,65,2108,1041,0,0,SEARCH_CUTOFF,0,1,0,0,-1,30,-1,9,-1,85,20291,85,467,0,62,0,250,0,0,917,820,62,287,1.26333,8036,170,TASKBR_VACANCY_V1,68809,11343,68809,57466,80152,71.6963,0,187439,21843,54901,54901,187439,184484,184484,184484,184484,0,0,0,0,0,0,0,184484,184484,4,BOTTLENECK_TARGET_FRONTIER_CONTINUITY_V2,80.3345,34.094,162.888,35.1278,88.9588,43514,82,43511,0,227,4721,49951,21843,24021,0,886,0,3042.31,6478783,437804,1849.68,9392,0,0,,,,,,,,,,,,,,,,,,,,,,,,,,,,,,,,,,,,,,,,,,,,,,8903.12,8903.14,78bac1c434d1aa20dfc302bd2329ca858facffeffce84e02c1f645df00e7ed6c,8.935,ok,
g1_dlow_aequal_plocal_gsingleton_seed0,warehouse_random_factorial,carrier,1,11,32.0,32000000,10,14,8,0,0.2273,2,11,32,32000000,11,32,32000000,1,0,0,6699,2519,1529,0,0,SEARCH_CUTOFF,0,0,0,0,-1,-1,-1,-1,-1,3424,43659,3424,24762,0,3349,0,9943,364,364,6976,9176,3065,10955,48.0389,306740,2130,TASKBR_VACANCY_V1,124836,47123,124836,80134,176243,45.4679,3160,90538,30918,52076,52076,91276,89795,89795,89795,89795,0,0,0,0,0,0,0,89795,111379,4,BOTTLENECK_TARGET_FRONTIER_CONTINUITY_V2,54.9813,21.9086,79.6389,20.709,35.667,26534,1319,26741,0,233,3074,48767,30918,83657,0,253,0,5262.11,19597792,359634,3031.25,2836,0,574,,,,,,,,,,,,,,,,,,,,,,,,,,,,,,,,,,,,,,,,,,,,,,8822.44,8822.47,694c89b22d07bf9ad5b9f6859d77f6dcba910ee891e8edd1fdd8c0f224641890,8.847,ok,
g1_dlow_aequal_pmixed_gshared_pool_seed0,warehouse_random_factorial,carrier,1,12,42.0,42000000,10,24,8,0,0.2083,3,12,42,42000000,12,42,42000000,1,0,0,16265,2166,793,0,0,SEARCH_CUTOFF,0,1,0,0,-1,42,-1,12,-1,1290,33816,1290,6227,0,1318,0,3343,97,97,6110,5227,1480,3719,16.7425,104132,2262,TASKBR_VACANCY_V1,103466,18900,103466,85169,122940,69.2769,1026,104880,16023,42968,42968,105400,104514,104514,104514,104514,0,0,0,0,0,0,0,104514,106502,4,BOTTLENECK_TARGET_FRONTIER_CONTINUITY_V2,52.841,20.2262,87.7454,21.4178,47.4951,28932,1645,28628,0,129,2983,39854,16023,50589,0,369,0,5373.78,30138854,331010,3963.19,1169,0,0,,,,,,,,,,,,,,,,,,,,,,,,,,,,,,,,,,,,,,,,,,,,,,8772.73,8772.76,591cb1450cbcc73687c82ef8b5a0b0a00a655fb2d8b3a04bf758c6d11ac2274f,8.797,ok,
g1_dlow_aequal_pmixed_gsingleton_seed0,warehouse_random_factorial,carrier,1,13,40.0,40000000,16,16,8,0,0.3077,4,13,42,42000000,13,40,40000000,1,1,1,48,10,43,0,0,STRICT_IMPROVEMENT,0,0,0,0,-1,-1,-1,-1,-1,125,36,125,507,0,139,0,232,0,0,120,157,156,276,1.3258,7728,0,TASKBR_VACANCY_V1,30,12,30,18,42,42.8571,0,49,10,171,171,49,40,40,40,40,0,0,0,0,0,0,0,40,40,4,BOTTLENECK_TARGET_FRONTIER_CONTINUITY_V2,0.123389,0.011634,0.051404,0.01079,0.040215,162,156,119,0,11,33,125,10,444,0,0,0,35.7201,68050,925,10.7439,0,0,0,,,,,,,,,,,,,,,,,,,,,,,,,,,,,,,,,,,,,,,,,,,,,,39.2184,39.237,c839ace39c5179e88893cbfaac79b6f04f7f4943d959fe8a7af36be76c262a2c,0.049,ok,
g1_dlow_ascarce_pcross_heavy_gshared_pool_seed0,warehouse_random_factorial,carrier,1,18,31.0,31000000,7,16,8,0,0.1944,2,18,33,33000000,18,31,31000000,1,1,1,3719,350,152,0,0,STRICT_IMPROVEMENT,0,1,1,1,7437,33,31,18,18,7776,24163,7776,47829,6,4437,0,25940,1049,712,77369,46218,4190,18827,96.0322,527156,16878,TASKBR_VACANCY_V1,100821,13430,100821,91186,116124,78.5247,7513,238684,24894,74778,74778,241917,237834,216611,216611,216611,0,0,0,8,0,0,0,216611,216620,4,BOTTLENECK_TARGET_FRONTIER_CONTINUITY_V2,90.3142,41.7588,208.546,48.8307,109.724,56930,7420,59603,0,13030,61746,0,24894,29522,0,13265,0,5382.6,5360517,134640,1164.76,5533,0,3,,,,,,,,,,,,,,,,,,,,,,,,,,,,,,,,,,,,,,,,,,,,,,7882.69,7882.72,9792a77ffdd5a172175b18c0e36a1ac82f1223bc1d1ad40c7df7fbfc3f7021b3,7.909,ok,
g1_dlow_ascarce_pcross_heavy_gsingleton_seed0,warehouse_random_factorial,carrier,1,27,49.0,49000000,20,19,10,1,0.3704,5,27,50,50000000,27,49,49000000,1,1,1,3069,320,163,0,0,STRICT_IMPROVEMENT,0,0,0,0,-1,-1,-1,-1,-1,10482,25124,10482,73641,0,5110,0,32812,823,589,128039,39564,4106,35539,156.35,995092,26834,TASKBR_VACANCY_V1,101521,17106,101521,86704,119403,72.6146,10211,213364,28245,75178,75178,215019,210910,189837,189837,189837,0,0,0,137,0,0,0,189837,189837,4,BOTTLENECK_TARGET_FRONTIER_CONTINUITY_V2,85.1418,35.397,170.748,42.8204,86.8864,56314,9250,59597,0,12111,63065,0,28245,35346,0,12008,0,6253.27,4425691,135850,1095.85,5450,0,0,,,,,,,,,,,,,,,,,,,,,,,,,,,,,,,,,,,,,,,,,,,,,,8629.39,8629.41,cc5e408673393d5726bc05214f85f5cc5751de05f7199697d290be16c6c40061,8.656,ok,
g1_dlow_ascarce_plocal_gshared_pool_seed0,warehouse_random_factorial,carrier,1,29,52.0,52000000,7,37,8,0,0.1207,3,29,54,54000000,29,52,52000000,1,1,1,12,220,148,0,0,STRICT_IMPROVEMENT,7,1,1,1,148,54,52,29,29,61,640,61,218,0,17,0,145,0,0,40,24,14,178,0.863393,4984,4,TASKBR_VACANCY_V1,1535,194,1535,1341,1729,77.5593,0,7150,898,2937,2937,7150,7015,7012,7012,7012,0,0,0,0,0,0,0,7012,7021,4,BOTTLENECK_TARGET_FRONTIER_CONTINUITY_V2,2.82248,1.23112,5.48518,1.45159,2.48968,2593,76,2591,0,605,2330,0,898,539,0,460,0,84.4612,40053,5559,25.5892,219,0,0,,,,,,,,,,,,,,,,,,,,,,,,,,,,,,,,,,,,,,,,,,,,,,157.306,157.328,0f8019385020e31a8b1b14aece71689455adecbe44a5d110e63d4e13c50f4ee7,0.167,ok,
g1_dlow_ascarce_plocal_gsingleton_seed0,warehouse_random_factorial,carrier,1,21,37.0,37000000,10,19,8,0,0.2381,2,21,37,37000000,21,37,37000000,1,0,0,5229,389,177,0,0,SEARCH_CUTOFF,0,0,0,0,-1,-1,-1,-1,-1,7518,27264,7518,43760,0,4624,0,25267,462,390,69284,32734,4410,22629,105.351,633612,19847,TASKBR_VACANCY_V1,112999,15277,112999,99854,129960,76.8344,7252,301813,41550,91017,91017,305918,303081,283913,283913,283913,0,0,0,111,0,0,0,283913,283913,4,BOTTLENECK_TARGET_FRONTIER_CONTINUITY_V2,113.57,51.2499,277.311,66.2437,146.084,72722,6701,75471,0,14704,76311,0,41550,34498,0,15464,0,6062.69,6175115,171897,1393.33,9478,0,209,,,,,,,,,,,,,,,,,,,,,,,,,,,,,,,,,,,,,,,,,,,,,,8964.18,8964.21,5561294f0ab0b7e4d0e86af486903d22939d6e1a292350ca329669396367116f,8.994,ok,
g1_dlow_ascarce_pmixed_gshared_pool_seed0,warehouse_random_factorial,carrier,1,20,36.0,36000000,10,18,8,0,0.25,2,20,38,38000000,20,36,36000000,1,1,1,785,270,134,0,0,STRICT_IMPROVEMENT,1,1,1,1,1254,38,36,20,20,1321,5740,1321,6718,0,519,0,3808,90,1,34713,8317,495,3873,17.0762,108444,12997,TASKBR_VACANCY_V1,17034,1689,17034,15562,18963,82.0651,1055,40034,6359,16179,16179,40360,39762,36705,36705,36705,0,0,0,47,0,0,0,36705,36705,4,BOTTLENECK_TARGET_FRONTIER_CONTINUITY_V2,15.3482,6.76546,30.1862,7.81279,14.3805,12853,1588,13257,0,2954,13223,0,6359,7170,0,2457,0,877.331,1032743,30162,231.517,1216,0,35,,,,,,,,,,,,,,,,,,,,,,,,,,,,,,,,,,,,,,,,,,,,,,1366.95,1366.97,15453e9172462f29a0035751ed7e3394e550458482606c504de8b70bcad8e3cc,1.38,ok,
g1_dlow_ascarce_pmixed_gsingleton_seed0,warehouse_random_factorial,carrier,1,34,64.0,64000000,18,36,10,1,0.2647,6,35,62,62000000,34,64,64000000,1,1,1,96,222,164,0,0,STRICT_IMPROVEMENT,13,0,0,0,-1,-1,-1,-1,-1,194,797,194,1096,0,115,0,419,0,0,1106,298,100,622,2.65747,17416,255,TASKBR_VACANCY_V1,1490,443,1490,1047,1933,54.1645,0,3214,659,2099,2099,3214,3116,2900,2900,2900,0,0,0,0,0,0,0,2900,3007,4,BOTTLENECK_TARGET_FRONTIER_CONTINUITY_V2,1.55372,0.645504,2.14146,0.64432,0.826886,1605,232,1659,0,448,1649,0,659,972,0,260,0,88.1746,109426,3773,26.2067,137,0,0,,,,,,,,,,,,,,,,,,,,,,,,,,,,,,,,,,,,,,,,,,,,,,136.53,136.55,607d5a71688ac0b66be2662e45adbd4eaf122b7209b1f2a69c9a4d21df518327,0.146,ok,
g1_dlow_asurplus_pcross_heavy_gshared_pool_seed0,warehouse_random_factorial,carrier,1,10,30.0,30000000,7,15,8,0,0.1167,2,10,30,30000000,10,30,30000000,1,0,0,3672,142,631,0,0,SEARCH_CUTOFF,0,1,0,0,-1,30,-1,10,-1,218,30668,218,1098,0,89,0,676,16,16,1441,834,90,569,2.82287,15932,148,TASKBR_VACANCY_V1,55849,16287,55849,39892,72406,55.0949,0,42024,8133,33877,33877,42024,42024,42024,42024,42024,0,0,0,0,0,0,0,42024,135225,4,BOTTLENECK_TARGET_FRONTIER_CONTINUITY_V2,43.442,15.5887,57.0972,13.3317,20.0591,20354,120,20349,0,43,494,33338,8133,53758,0,5,0,2128.86,6529923,192654,1283.67,0,0,0,,,,,,,,,,,,,,,,,,,,,,,,,,,,,,,,,,,,,,,,,,,,,,8765.01,8765.03,97c8baa88a06986b0282f8e4015ca4521a4f1f4152a8addf79b69d39fc607d06,8.784,ok,
g1_dlow_asurplus_pcross_heavy_gsingleton_seed0,warehouse_random_factorial,carrier,1,15,47.0,47000000,30,9,8,0,0.3333,4,16,37,37000000,15,47,47000000,1,1,1,242,19,103,0,0,STRICT_IMPROVEMENT,4,0,0,0,-1,-1,-1,-1,-1,387,153,387,1609,0,434,0,791,67,67,874,231,265,1000,4.73203,28000,238,TASKBR_VACANCY_V1,746,527,746,287,1312,21.875,117,170,158,558,558,208,187,187,187,187,0,0,0,0,0,0,0,187,660,4,BOTTLENECK_TARGET_FRONTIER_CONTINUITY_V2,0.64601,0.096865,0.358068,0.080853,0.171609,407,405,333,0,37,186,333,158,1139,0,0,0,108.041,235696,2619,38.1056,0,6,0,,,,,,,,,,,,,,,,,,,,,,,,,,,,,,,,,,,,,,,,,,,,,,120.268,120.287,f51bbea4a42aea7ba38e2ac150eb6ead262555b9bd288d4f22253cc18ca4c728,0.13,ok,
g1_dlow_asurplus_plocal_gshared_pool_seed0,warehouse_random_factorial,carrier,1,7,27.0,27000000,7,12,8,0,0.1667,2,7,27,27000000,7,27,27000000,1,0,0,1200,22737,10204,0,0,SEARCH_CUTOFF,0,1,0,0,-1,27,-1,7,-1,9,10399,9,65,0,2,0,29,0,0,13,0,2,26,0.142043,728,0,TASKBR_VACANCY_V1,36414,5206,36414,31208,41620,74.9832,0,80858,16280,24737,24737,80858,78254,78254,78254,78254,0,0,0,0,0,0,0,78254,127718,4,BOTTLENECK_TARGET_FRONTIER_CONTINUITY_V2,52.5393,21.8816,92.7085,18.3339,70.8243,15847,3,15844,0,5,180,24550,16280,10414,0,1,0,1729.03,2842600,197868,997.966,6006,0,0,,,,,,,,,,,,,,,,,,,,,,,,,,,,,,,,,,,,,,,,,,,,,,8685.6,8685.62,76b0b060c5adf4397fa6caf680af7918d3d31d652b0fa00edf1f8745b0a965fb,8.702,ok,
g1_dlow_asurplus_plocal_gsingleton_seed0,warehouse_random_factorial,carrier,1,11,31.0,31000000,10,13,8,0,0.1515,2,11,31,31000000,11,31,31000000,1,0,0,2094,52,266,0,0,SEARCH_CUTOFF,0,0,0,0,-1,-1,-1,-1,-1,72,23247,72,473,0,26,0,178,6,6,294,108,23,233,1.04073,6524,71,TASKBR_VACANCY_V1,50399,19704,50399,31500,70689,44.5614,0,33479,7118,26376,26376,33504,33499,33499,33499,33499,0,0,0,0,0,0,0,33499,110288,4,BOTTLENECK_TARGET_FRONTIER_CONTINUITY_V2,37.2616,14.3365,48.4262,11.1543,34.4601,14019,35,14014,0,30,354,25990,7118,35846,0,1,0,1368.09,2542123,136820,682.673,0,0,13,,,,,,,,,,,,,,,,,,,,,,,,,,,,,,,,,,,,,,,,,,,,,,8701.37,8701.4,e7bfbe102845adbbf2c2cd6c3db16d9b99f281ad29565ba733b92cbc2fbb3ead,8.718,ok,
g1_dlow_asurplus_pmixed_gshared_pool_seed0,warehouse_random_factorial,carrier,1,12,40.0,40000000,10,22,8,0,0.1389,3,12,40,40000000,12,40,40000000,1,0,0,9402,15280,7667,0,0,SEARCH_CUTOFF,2,1,0,0,-1,40,-1,12,-1,94,28889,94,378,0,85,0,167,4,4,339,216,96,231,1.29625,6468,110,TASKBR_VACANCY_V1,52061,9491,52061,42570,61888,68.7855,0,48566,7055,34377,34377,48566,45657,45657,45657,45657,0,0,0,0,0,0,0,45657,124008,4,BOTTLENECK_TARGET_FRONTIER_CONTINUITY_V2,43.8548,14.6104,59.9769,12.4637,46.8238,23900,6727,22778,0,49,509,33817,7055,41181,0,4,0,2649.11,12038709,199545,1810.67,0,0,0,,,,,,,,,,,,,,,,,,,,,,,,,,,,,,,,,,,,,,,,,,,,,,8755.51,8755.53,41b9f57e391f5a83e2bb6a67b0531f0049af3ad49255dcb700b4522bf3e1ecd1,8.774,ok,
g1_dlow_asurplus_pmixed_gsingleton_seed0,warehouse_random_factorial,carrier,1,12,35.0,35000000,16,11,8,0,0.2222,3,12,37,37000000,12,35,35000000,1,1,1,2,10,61,1,1,REFERENCE_SUFFIX_ACCEPTED,0,0,0,0,-1,-1,-1,-1,-1,29,2,29,123,0,18,0,41,0,0,0,2,22,70,0.321507,1960,0,TASKBR_VACANCY_V1,18,12,18,6,30,20,0,35,8,38,38,35,30,30,30,30,0,0,0,0,0,0,0,30,54,4,BOTTLENECK_TARGET_FRONTIER_CONTINUITY_V2,0.054696,0.012474,0.054053,0.008817,0.038186,32,24,26,0,4,7,25,8,66,0,0,0,7.76362,23111,151,3.08308,0,0,0,,,,,,,,,,,,,,,,,,,,,,,,,,,,,,,,,,,,,,,,,,,,,,9.25166,9.26715,1b44b51a6a1a9d5f18ca4bcfdad71d03b17557ab53260635fb53d30a9fe61167,0.018,ok,
g1_dmedium_abaseline_pcross_heavy_gshared_pool_seed0,warehouse_random_factorial,carrier,1,15,35.0,35000000,7,20,8,0,0.1556,2,15,35,35000000,15,35,35000000,1,0,0,32327,1105,455,0,0,SEARCH_CUTOFF,0,1,0,0,-1,35,-1,15,-1,5088,29829,5088,24281,0,4588,0,14971,1465,946,73919,41595,5302,13623,70.602,381444,20175,TASKBR_VACANCY_V1,91501,19160,91501,82799,115479,71.7005,4826,123552,30695,51371,51371,129176,128577,117256,117256,117256,0,0,0,0,0,0,0,117256,121268,4,BOTTLENECK_TARGET_FRONTIER_CONTINUITY_V2,63.4251,28.8914,116.838,26.7787,62.3669,28635,3966,31961,0,1569,13812,35988,30695,46664,0,2498,0,5596.2,6773810,250377,1672.59,6149,0,67,,,,,,,,,,,,,,,,,,,,,,,,,,,,,,,,,,,,,,,,,,,,,,8829.41,8829.43,8c25443c33b72725dca4da39e828261cd9b2a247ab6d0c31e53cff9738f7de72,8.857,ok,
g1_dmedium_abaseline_pcross_heavy_gsingleton_seed0,warehouse_random_factorial,carrier,1,23,62.0,62000000,22,26,14,3,0.3188,9,24,55,55000000,23,62,62000000,1,1,1,21512,1488,641,0,0,STRICT_IMPROVEMENT,0,0,0,0,-1,-1,-1,-1,-1,3682,32805,3682,14872,0,2525,0,7576,86,71,1016,5329,2492,7699,42.2514,215572,1154,TASKBR_VACANCY_V1,53161,4139,53161,49024,57333,85.5075,3413,95469,32105,62004,62004,95469,92298,87520,87520,87520,0,0,0,0,0,0,0,87520,115617,4,BOTTLENECK_TARGET_FRONTIER_CONTINUITY_V2,57.4466,24.9877,75.534,22.0097,31.7694,37268,3630,35749,0,2238,17333,42431,32105,37886,0,3844,0,3246.3,3168427,159360,1064.77,10494,0,0,,,,,,,,,,,,,,,,,,,,,,,,,,,,,,,,,,,,,,,,,,,,,,8533.93,8533.95,945197d89e8912143a215b64a3d86b3264db9bfbde87c5db8f5a604484fc30e7,8.567,ok,
g1_dmedium_abaseline_plocal_gshared_pool_seed0,warehouse_random_factorial,carrier,1,17,46.0,46000000,10,25,10,0,0.1961,4,17,48,48000000,17,46,46000000,1,1,1,268,894,412,0,0,STRICT_IMPROVEMENT,4,1,1,1,346,48,46,17,17,41,1307,41,165,0,24,0,112,2,0,43,266,25,122,0.705718,3416,20,TASKBR_VACANCY_V1,3299,199,3299,3102,3498,88.6792,0,11341,2480,4304,4304,11353,11285,11229,11229,11229,0,0,0,0,0,0,0,11229,11499,4,BOTTLENECK_TARGET_FRONTIER_CONTINUITY_V2,5.45636,2.40351,10.2251,2.25108,4.62245,2781,22,2860,0,220,1485,2597,2480,1177,0,109,0,204.715,137380,19710,83.725,843,0,0,,,,,,,,,,,,,,,,,,,,,,,,,,,,,,,,,,,,,,,,,,,,,,372.14,372.161,38a0cf014eb3e2a5707b38c142227f64d19f1a84517c129c9f47f0c7377159e5,0.383,ok,
g1_dmedium_abaseline_plocal_gsingleton_seed0,warehouse_random_factorial,carrier,1,14,33.0,33000000,12,13,8,0,0.2857,3,14,33,33000000,14,33,33000000,1,0,0,30067,848,381,0,0,SEARCH_CUTOFF,0,0,0,0,-1,-1,-1,-1,-1,4735,28764,4735,25797,0,5698,0,11796,801,465,13260,14352,5435,14160,70.2093,396480,9110,TASKBR_VACANCY_V1,69557,15626,69557,57785,93921,61.5251,4468,79044,26856,42935,42935,82526,80089,72368,72368,72368,0,0,0,43,0,0,0,72368,76991,4,BOTTLENECK_TARGET_FRONTIER_CONTINUITY_V2,46.1208,20.215,66.3967,17.3138,31.6203,23254,4205,25630,0,1507,12286,29140,26856,45539,0,2119,0,6265.12,21866188,202203,3009.48,5017,7,202,,,,,,,,,,,,,,,,,,,,,,,,,,,,,,,,,,,,,,,,,,,,,,8757.75,8757.78,8f41e901053630883eda637c8802cc243c441ff3355f941d38d57a8abf02aadb,8.782,ok,
g1_dmedium_abaseline_pmixed_gshared_pool_seed0,warehouse_random_factorial,carrier,1,14,38.0,38000000,10,20,8,0,0.2381,3,14,38,38000000,14,38,38000000,1,0,0,38206,1242,460,0,0,SEARCH_CUTOFF,0,1,0,0,-1,38,-1,14,-1,4934,31271,4934,19475,0,4176,0,13016,444,152,36189,33058,4913,11627,62.5488,325556,17582,TASKBR_VACANCY_V1,86800,7302,86800,80713,94632,85.2914,4668,109223,21807,46720,46720,110037,107929,98412,98412,98412,0,0,0,0,0,0,0,98412,98547,4,BOTTLENECK_TARGET_FRONTIER_CONTINUITY_V2,52.3276,24.0628,90.4356,21.3975,40.7392,30754,4512,31858,0,2213,15601,28904,21807,45317,0,3152,0,5476.16,13629273,219886,2222.72,3410,0,0,,,,,,,,,,,,,,,,,,,,,,,,,,,,,,,,,,,,,,,,,,,,,,8812.8,8812.82,8f4b174e4f439ec25a373ca68d4ae878cee7d3c493fd22384bd32549464bb057,8.839,ok,
g1_dmedium_abaseline_pmixed_gsingleton_seed0,warehouse_random_factorial,carrier,1,21,46.0,46000000,22,16,8,0,0.3492,6,21,47,47000000,21,46,46000000,1,1,1,453,738,378,0,0,STRICT_IMPROVEMENT,0,0,0,0,-1,-1,-1,-1,-1,58,1281,58,222,0,41,0,111,0,0,92,143,41,166,0.905378,4648,96,TASKBR_VACANCY_V1,1484,8,1484,1476,1492,98.9276,0,4108,1475,3770,3770,4108,4056,3955,3955,3955,0,0,0,0,0,0,0,3955,8032,4,BOTTLENECK_TARGET_FRONTIER_CONTINUITY_V2,3.00662,1.13496,3.75124,1.17329,0.994431,2224,58,2190,0,137,1083,2548,1475,1338,0,123,0,119.639,52403,5981,35.682,571,0,0,,,,,,,,,,,,,,,,,,,,,,,,,,,,,,,,,,,,,,,,,,,,,,286.01,286.031,77a69902fb556696597240ce55f38c82f657c2f8d277c1dc9206cd1096f27083,0.296,ok,
g1_dmedium_aequal_pcross_heavy_gshared_pool_seed0,warehouse_random_factorial,carrier,1,10,33.0,33000000,7,18,8,0,0.175,2,10,33,33000000,10,33,33000000,1,0,0,18004,3753,1796,0,0,SEARCH_CUTOFF,0,1,0,0,-1,33,-1,10,-1,1091,41506,1091,5168,0,916,0,3411,242,46,12077,15787,941,2696,15.3729,75488,2831,TASKBR_VACANCY_V1,116627,19164,116627,104031,136712,76.095,829,128257,43465,54660,54660,129351,127387,125104,125104,125104,0,0,0,125,0,0,0,125104,137910,4,BOTTLENECK_TARGET_FRONTIER_CONTINUITY_V2,66.7506,28.6007,112.309,25.521,52.95,26039,611,26446,0,162,2384,52112,43465,59836,0,403,0,4299.86,12848623,371582,2429.75,9904,0,0,,,,,,,,,,,,,,,,,,,,,,,,,,,,,,,,,,,,,,,,,,,,,,8860.29,8860.32,c4cf247fa0a3b4a48a6ab5fb2877a64d718178e3bca7d8fdfd2d321b827eef05,8.889,ok,
g1_dmedium_aequal_pcross_heavy_gsingleton_seed0,warehouse_random_factorial,carrier,1,15,45.0,45000000,22,15,8,0,0.3667,5,15,45,45000000,15,45,45000000,1,0,0,66228,6236,1669,0,0,SEARCH_CUTOFF,0,0,0,0,-1,-1,-1,-1,-1,6477,29093,6477,36885,0,10876,0,11876,645,571,36668,20750,12103,18451,85.5382,516628,10257,TASKBR_VACANCY_V1,20501,8597,20501,12524,29948,41.8192,6210,12490,11160,36456,36456,12805,11303,11204,11204,11204,0,0,0,0,0,0,0,11204,20072,4,BOTTLENECK_TARGET_FRONTIER_CONTINUITY_V2,21.8062,4.29495,12.2958,3.50358,6.95591,26368,26362,21863,0,241,2483,33730,11160,79204,0,431,0,5295.67,17788587,182145,2453,0,0,0,,,,,,,,,,,,,,,,,,,,,,,,,,,,,,,,,,,,,,,,,,,,,,8751.28,8751.3,f06d5ee67bc20f3dbabb7e009427adc29d84d75985979ba3359930f021f926e1,8.774,ok,
g1_dmedium_aequal_plocal_gshared_pool_seed0,warehouse_random_factorial,carrier,1,13,37.0,37000000,10,16,10,0,0.1923,2,13,37,37000000,13,37,37000000,1,0,0,45682,3697,1172,0,0,SEARCH_CUTOFF,0,1,0,0,-1,37,-1,13,-1,5295,33061,5295,25682,0,4830,0,13345,359,267,28939,42499,5371,19544,86.0908,547232,13602,TASKBR_VACANCY_V1,58253,20068,58253,39136,78922,49.5882,5032,55285,37209,42351,42351,56375,56371,52296,52296,52296,0,0,0,0,0,0,0,52296,77765,4,BOTTLENECK_TARGET_FRONTIER_CONTINUITY_V2,40.4842,14.5906,46.9784,13.486,24.0962,14352,3410,20679,0,269,2862,39218,37209,71071,0,422,0,5516.56,11082554,226410,1804.69,7054,0,0,,,,,,,,,,,,,,,,,,,,,,,,,,,,,,,,,,,,,,,,,,,,,,8774.8,8774.82,77325aa4baeaad5608db09f7c99d710f8dc283e36d922d02d74378cf9efaf76e,8.799,ok,
g1_dmedium_aequal_plocal_gsingleton_seed0,warehouse_random_factorial,carrier,1,13,34.0,34000000,12,14,8,0,0.2308,3,13,34,34000000,13,34,34000000,1,0,0,80382,1137,448,0,0,SEARCH_CUTOFF,0,0,0,0,-1,-1,-1,-1,-1,3234,40229,3234,7935,0,4964,0,5510,27,27,2705,3176,5488,7494,38.8262,209832,2204,TASKBR_VACANCY_V1,68322,7434,68322,60967,75836,80.3932,2968,65444,17357,49495,49495,65484,60545,60545,60545,60545,0,0,0,0,0,0,0,60545,87858,4,BOTTLENECK_TARGET_FRONTIER_CONTINUITY_V2,44.602,16.025,53.4442,14.1312,25.1821,29741,4390,29009,0,587,5439,43467,17357,68548,0,656,0,4927.79,19743786,268748,2785.24,171,0,0,,,,,,,,,,,,,,,,,,,,,,,,,,,,,,,,,,,,,,,,,,,,,,8822.28,8822.31,f1c6bc0ca908e4641effc7b7dbb07c39a974dd8443ebf3d050f2c571915cdd25,8.849,ok,
g1_dmedium_aequal_pmixed_gshared_pool_seed0,warehouse_random_factorial,carrier,1,13,42.0,42000000,10,24,8,0,0.1923,3,13,42,42000000,13,42,42000000,1,0,0,41262,2646,829,0,0,SEARCH_CUTOFF,0,1,0,0,-1,42,-1,13,-1,279,42673,279,971,0,211,0,604,5,1,1467,1082,236,634,3.53488,17752,668,TASKBR_VACANCY_V1,84082,6574,84082,77868,90674,85.8769,14,104371,43103,54379,54379,104707,99095,98267,98267,98267,0,0,0,0,0,0,0,98267,128285,4,BOTTLENECK_TARGET_FRONTIER_CONTINUITY_V2,55.808,23.1526,85.232,21.2749,42.5229,32936,244,28258,0,331,4263,49783,43103,47572,0,557,0,3860.46,16664344,302132,2500.32,21436,0,0,,,,,,,,,,,,,,,,,,,,,,,,,,,,,,,,,,,,,,,,,,,,,,9296.32,9296.35,2645d0e448499cf9c352195a9820093da168ac6f52c13ddf9ca0dd5ac87fc33e,9.325,ok,
g1_dmedium_aequal_pmixed_gsingleton_seed0,warehouse_random_factorial,carrier,1,13,44.0,44000000,20,16,8,0,0.3846,5,13,46,46000000,13,44,44000000,1,1,1,14021,1126,387,1,1,REFERENCE_SUFFIX_ACCEPTED,0,0,0,0,-1,-1,-1,-1,-1,2899,5902,2899,12406,0,4453,0,4934,75,75,5635,11528,5802,6785,33.9562,189980,11849,TASKBR_VACANCY_V1,5591,2088,5591,3503,7895,44.3699,2633,3493,2820,8984,8984,3493,2850,2850,2850,2850,0,0,0,0,0,0,0,2850,3998,4,BOTTLENECK_TARGET_FRONTIER_CONTINUITY_V2,5.46008,1.1735,3.20111,0.98214,1.1834,6441,6435,5366,0,120,1083,7779,2820,21179,0,87,0,1945.34,6068933,57075,826.536,0,0,0,,,,,,,,,,,,,,,,,,,,,,,,,,,,,,,,,,,,,,,,,,,,,,2549.07,2549.09,688531f8fc59adfa4170ab8d026f8ac35acca55ceb9a1c10057107dd6585b6b0,2.563,ok,
g1_dmedium_ascarce_pcross_heavy_gshared_pool_seed0,warehouse_random_factorial,carrier,1,18,33.0,33000000,7,18,8,0,0.1944,2,18,33,33000000,18,33,33000000,1,0,0,5974,361,146,0,0,SEARCH_CUTOFF,0,1,0,0,-1,33,-1,18,-1,8475,22273,8475,47117,22,4062,0,30973,2385,584,92891,53878,4095,21931,120.745,614068,20404,TASKBR_VACANCY_V1,97870,10548,97870,94472,114650,82.4003,8212,195140,26118,61552,61552,202104,198421,162716,162716,162716,0,0,0,34,0,0,0,162716,162725,4,BOTTLENECK_TARGET_FRONTIER_CONTINUITY_V2,72.1833,32.4857,157.442,35.7807,79.6764,41856,8233,45595,0,9738,51812,0,26118,28213,0,10308,0,6464.68,2778769,102790,797.158,5322,0,3,,,,,,,,,,,,,,,,,,,,,,,,,,,,,,,,,,,,,,,,,,,,,,8824.42,8824.44,be83b67eede257f39be7ecc45400920592e1d67fe87c02989a406afdd27ab6ca,8.851,ok,
g1_dmedium_ascarce_pcross_heavy_gsingleton_seed0,warehouse_random_factorial,carrier,1,34,62.0,62000000,22,32,8,0,0.3235,8,34,62,62000000,34,62,62000000,1,0,0,13284,553,237,0,0,SEARCH_CUTOFF,8,0,0,0,-1,-1,-1,-1,-1,14433,25983,14433,94673,0,10878,0,37007,2584,1106,127958,38067,9365,48687,216.018,1363236,26007,TASKBR_VACANCY_V1,88949,18313,88949,74720,111631,66.9348,14158,132648,22187,61959,61959,138319,136128,106064,106064,106064,0,0,0,578,0,0,0,106064,106210,4,BOTTLENECK_TARGET_FRONTIER_CONTINUITY_V2,57.9816,22.9427,91.685,22.1175,43.7506,42139,14201,47034,0,13299,48658,0,22187,44548,0,9528,0,6595.3,8911148,112157,1504.36,3081,0,33,,,,,,,,,,,,,,,,,,,,,,,,,,,,,,,,,,,,,,,,,,,,,,8830.93,8830.95,e00dec4887d1da2bf110fae468a8ed721b19ffa832b30c7d0515ce36684bee1d,8.859,ok,
g1_dmedium_ascarce_plocal_gshared_pool_seed0,warehouse_random_factorial,carrier,1,33,60.0,60000000,19,33,8,0,0.2879,6,33,62,62000000,33,60,60000000,1,1,1,102,272,165,0,0,STRICT_IMPROVEMENT,7,1,1,1,408,62,60,33,33,416,1836,416,1385,0,96,0,1079,2,0,261,1436,78,1181,5.65262,33068,200,TASKBR_VACANCY_V1,4966,125,4966,4841,5093,95.052,140,11764,2092,5258,5258,11772,11671,10447,10447,10447,0,0,0,0,0,0,0,10447,10456,4,BOTTLENECK_TARGET_FRONTIER_CONTINUITY_V2,4.7383,1.96526,8.11554,1.9795,2.94766,3977,536,3977,0,830,4426,0,2092,1767,0,734,0,257.33,58215,8813,45.3811,522,0,0,,,,,,,,,,,,,,,,,,,,,,,,,,,,,,,,,,,,,,,,,,,,,,441.985,442.007,4f9bf37bdf2fbb5cb293df96e74b88c36d207b97912b6055d6c24e44371b2c38,0.453,ok,
g1_dmedium_ascarce_plocal_gsingleton_seed0,warehouse_random_factorial,carrier,1,24,40.0,40000000,12,20,8,0,0.25,4,24,41,41000000,24,40,40000000,1,1,1,10,136,109,0,0,STRICT_IMPROVEMENT,0,0,0,0,-1,-1,-1,-1,-1,32,76,32,127,0,10,0,71,0,0,61,0,10,74,0.430224,2072,61,TASKBR_VACANCY_V1,151,22,151,129,173,74.5665,0,409,97,345,345,409,405,386,386,386,0,0,0,0,0,0,0,386,531,4,BOTTLENECK_TARGET_FRONTIER_CONTINUITY_V2,0.24501,0.095334,0.303379,0.104158,0.092021,257,10,255,0,75,268,0,97,106,0,25,0,14.9619,6508,453,2.6293,32,0,0,,,,,,,,,,,,,,,,,,,,,,,,,,,,,,,,,,,,,,,,,,,,,,21.8681,21.888,0c346231b90ac8e387f75b3309928e0a31f6552a3c4cd2661244b1833b2010c4,0.031,ok,
g1_dmedium_ascarce_pmixed_gshared_pool_seed0,warehouse_random_factorial,carrier,1,20,36.0,36000000,10,18,8,0,0.25,4,20,38,38000000,20,36,36000000,1,1,1,13,170,107,1,1,REFERENCE_SUFFIX_ACCEPTED,0,1,1,1,43,38,36,20,20,30,172,30,115,0,18,0,79,0,0,209,112,12,64,0.413267,1792,71,TASKBR_VACANCY_V1,401,28,401,373,429,86.9464,0,1500,214,704,704,1500,1476,1432,1432,1432,0,0,0,0,0,0,0,1432,1432,4,BOTTLENECK_TARGET_FRONTIER_CONTINUITY_V2,0.616097,0.290486,1.10947,0.274143,0.392477,562,22,561,0,139,563,0,214,178,0,62,0,28.8684,8844,1265,6.00708,66,0,0,,,,,,,,,,,,,,,,,,,,,,,,,,,,,,,,,,,,,,,,,,,,,,44.5645,44.583,181a60b6b8f02ce91cbec094956d4e571c1a0f684e213861be184c534ffbdefa,0.054,ok,
g1_dmedium_ascarce_pmixed_gsingleton_seed0,warehouse_random_factorial,carrier,1,37,65.0,65000000,22,35,8,0,0.2973,11,37,65,65000000,37,65,65000000,1,0,0,8041,411,213,0,0,SEARCH_CUTOFF,13,0,0,0,-1,-1,-1,-1,-1,9730,22884,9730,73864,0,4555,0,26899,2987,937,81425,56394,4279,33874,155.34,948472,31250,TASKBR_VACANCY_V1,78279,15848,78279,68724,99800,68.8617,9456,149384,26317,63898,63898,157432,154326,125301,125301,125301,0,0,0,1444,0,0,0,125301,125731,4,BOTTLENECK_TARGET_FRONTIER_CONTINUITY_V2,62.0192,25.5374,107.772,25.5466,57.8917,41509,9501,47156,0,11679,52217,0,26317,30918,0,10131,0,6491.79,10639229,106251,1570.58,5283,12,10,,,,,,,,,,,,,,,,,,,,,,,,,,,,,,,,,,,,,,,,,,,,,,8843.75,8843.77,a8f17576f65ddc0dffae889d6cff981fe375d7ec8de72054b482d542a684ce43,8.87,ok,
g1_dmedium_asurplus_pcross_heavy_gshared_pool_seed0,warehouse_random_factorial,carrier,1,10,30.0,30000000,7,15,8,0,0.1167,2,10,30,30000000,10,30,30000000,1,0,0,19815,239,884,0,0,SEARCH_CUTOFF,0,1,0,0,-1,30,-1,10,-1,182,27552,182,773,0,125,0,515,16,16,1575,932,128,455,2.55601,12740,156,TASKBR_VACANCY_V1,52013,12700,52013,40663,65118,62.4451,0,47339,10106,33247,33247,47339,47339,47339,47339,47339,0,0,0,0,0,0,0,47339,137438,4,BOTTLENECK_TARGET_FRONTIER_CONTINUITY_V2,44.1727,16.4132,63.9905,14.0709,28.6142,18935,119,18930,0,44,553,32648,10106,46302,0,10,0,2310.59,5726390,193088,1294.94,0,0,0,,,,,,,,,,,,,,,,,,,,,,,,,,,,,,,,,,,,,,,,,,,,,,8796,8796.02,d44f072373478812dab2fb4f39d2ed15cea6f1dc8c3f82d9cd0187043c2b327c,8.816,ok,
g1_dmedium_asurplus_pcross_heavy_gsingleton_seed0,warehouse_random_factorial,carrier,1,15,39.0,39000000,22,9,8,0,0.2444,5,15,39,39000000,15,39,39000000,1,0,0,53958,9,60,0,0,SEARCH_CUTOFF,0,0,0,0,-1,-1,-1,-1,-1,73,39732,73,327,0,74,0,61,1,1,274,60,94,178,0.830085,4984,78,TASKBR_VACANCY_V1,30,17,30,13,48,27.0833,0,7700,11,42418,42418,7700,28,28,28,28,0,0,0,0,0,0,0,28,61,4,BOTTLENECK_TARGET_FRONTIER_CONTINUITY_V2,30.0016,0.012576,0.053557,0.009416,0.035339,42404,42400,28295,0,85,873,41458,11,63759,0,16,0,1807.08,4775549,84909,856.665,0,0,0,,,,,,,,,,,,,,,,,,,,,,,,,,,,,,,,,,,,,,,,,,,,,,8865.22,8865.24,8e73b56a983ab9a83a1e6ee70bd9483b31e7041f5dff16a4bec583abd913c175,8.887,ok,
g1_dmedium_asurplus_plocal_gshared_pool_seed0,warehouse_random_factorial,carrier,1,19,47.0,47000000,12,22,12,1,0.1053,4,19,47,47000000,19,47,47000000,1,0,0,1400,50699,22522,0,0,SEARCH_CUTOFF,0,1,0,0,-1,47,-1,19,-1,15,4,15,123,0,6,0,33,4,0,86,12,3,43,0.231201,1204,64,TASKBR_VACANCY_V1,30,18,30,15,54,27.7778,0,23723,6168,23709,23709,23734,23729,23729,23729,23729,0,0,0,0,0,0,0,23729,130211,4,BOTTLENECK_TARGET_FRONTIER_CONTINUITY_V2,34.1005,13.6645,46.5169,10.9873,26.5888,13623,9,11756,0,42,267,23398,6168,31,0,0,0,863.037,52471,23809,109.568,3072,6,0,,,,,,,,,,,,,,,,,,,,,,,,,,,,,,,,,,,,,,,,,,,,,,8646.59,8646.62,ad7316bbb2a7dabf74d08133c8e17338d6f0c369162759dedc2bd1df24097ea7,8.663,ok,
g1_dmedium_asurplus_plocal_gsingleton_seed0,warehouse_random_factorial,carrier,1,13,33.0,33000000,12,13,8,0,0.1538,3,13,33,33000000,13,33,33000000,1,0,0,30589,11,74,0,0,SEARCH_CUTOFF,0,0,0,0,-1,-1,-1,-1,-1,30,26037,30,85,0,22,0,29,0,0,10,0,26,68,0.36598,1904,10,TASKBR_VACANCY_V1,1943,9,1943,1934,1952,99.0779,0,1481,1450,34401,34401,1481,1477,1477,1477,1477,0,0,0,0,0,0,0,1477,6752,4,BOTTLENECK_TARGET_FRONTIER_CONTINUITY_V2,24.602,0.55743,2.3632,0.53888,1.69378,32945,32941,17158,0,56,535,33808,1450,32518,0,6,0,1359.82,2975268,45642,552.598,0,0,0,,,,,,,,,,,,,,,,,,,,,,,,,,,,,,,,,,,,,,,,,,,,,,8727.23,8727.25,6454c07f49781981e23225ec9da5527c592f4ffbc0dc9d2b6eb23a2ca95c5250,8.747,ok,
g1_dmedium_asurplus_pmixed_gshared_pool_seed0,warehouse_random_factorial,carrier,1,13,38.0,38000000,10,20,8,0,0.1282,3,13,38,38000000,13,38,38000000,1,0,0,5265,15,89,0,0,SEARCH_CUTOFF,0,1,0,0,-1,38,-1,13,-1,47,21097,47,197,0,36,0,89,0,0,410,142,34,98,0.571004,2744,108,TASKBR_VACANCY_V1,26356,2700,26356,23656,29056,81.4152,0,30831,3375,27446,27446,30831,30831,30831,30831,30831,0,0,0,0,0,0,0,30831,121787,4,BOTTLENECK_TARGET_FRONTIER_CONTINUITY_V2,36.0768,13.1807,46.9499,10.7947,33.658,17576,31,17571,0,47,519,26878,3375,28175,0,2,0,1709.17,5268168,98139,933.828,0,0,0,,,,,,,,,,,,,,,,,,,,,,,,,,,,,,,,,,,,,,,,,,,,,,8698.52,8698.54,847c093477d8c34112b29aec974eee4e476f7df16be2f1eba06ebc67f7c7e762,8.717,ok,
g1_dmedium_asurplus_pmixed_gsingleton_seed0,warehouse_random_factorial,carrier,1,12,39.0,39000000,20,11,8,0,0.2778,4,12,41,41000000,12,39,39000000,1,1,1,4,10,61,1,1,REFERENCE_SUFFIX_ACCEPTED,0,0,0,0,-1,-1,-1,-1,-1,27,2,27,92,0,36,0,29,0,0,2,27,40,66,0.328364,1848,13,TASKBR_VACANCY_V1,13,7,13,6,20,30,0,35,8,36,36,35,30,30,30,30,0,0,0,0,0,0,0,30,54,4,BOTTLENECK_TARGET_FRONTIER_CONTINUITY_V2,0.059532,0.012766,0.053759,0.008495,0.039254,30,22,24,0,3,1,30,8,78,0,0,0,8.52922,28140,173,3.84305,0,0,0,,,,,,,,,,,,,,,,,,,,,,,,,,,,,,,,,,,,,,,,,,,,,,10.3966,10.4133,bb9d9941e072ce62554342184eb3c1d6dea08fdd3e994c8c54bd104b7ba21b25,0.019,ok,
g2_dhigh_abaseline_pcross_heavy_gshared_pool_seed0,warehouse_random_factorial,carrier,1,20,69.0,69000000,24,33,12,0,0.3,15,20,69,69000000,20,69,69000000,1,0,0,7928,2249,918,0,0,SEARCH_CUTOFF,2,1,0,0,-1,69,-1,20,-1,47,18818,47,352,0,40,0,152,2,2,642,450,23,126,1.69371,7938,234,TASKBR_VACANCY_V1,45894,4066,45894,41828,49964,83.7163,0,111699,36289,43450,43450,111699,110929,110742,110742,110742,0,0,0,0,0,0,0,110742,134320,6,BOTTLENECK_TARGET_FRONTIER_CONTINUITY_V2,60.5293,25.9596,102.287,23.7406,52.2405,23091,70,22225,0,316,3712,39420,36289,19020,0,340,0,2801.11,2447062,243181,1182.88,15457,0,0,,,,,,,,,,,,,,,,,,,,,,,,,,,,,,,,,,,,,,,,,,,,,,8827.53,8827.56,5706c473674569b2707007162447db04b1875eb5603557b884f05c73c8e99eed,8.86,ok,
g2_dhigh_abaseline_pcross_heavy_gsingleton_seed0,warehouse_random_factorial,carrier,1,39,125.0,125000000,54,48,16,0,0.3462,48,39,125,125000000,39,125,125000000,1,0,0,56006,1331,443,0,0,SEARCH_CUTOFF,6,0,0,0,-1,-1,-1,-1,-1,313,20547,313,2767,0,468,0,594,129,48,996,209,407,1090,11.1518,68670,805,TASKBR_VACANCY_V1,24998,6769,24998,21912,37622,58.2425,23,25984,21949,29041,29041,30456,30452,29837,29837,29837,0,0,0,0,0,0,0,29837,57867,6,BOTTLENECK_TARGET_FRONTIER_CONTINUITY_V2,30.4065,9.60093,32.9468,8.57114,18.9605,11759,6970,9450,0,424,3780,24835,21949,28260,0,418,0,4665.08,27544159,107050,3431.93,3206,256,0,,,,,,,,,,,,,,,,,,,,,,,,,,,,,,,,,,,,,,,,,,,,,,8856.43,8856.47,918adc0a98c7d76ead7f6e9527a98e0354481abdd5ad77c5d13edbc676995e8e,8.881,ok,
g2_dhigh_abaseline_plocal_gshared_pool_seed0,warehouse_random_factorial,carrier,1,27,80.0,80000000,20,48,12,0,0.1852,14,27,80,80000000,27,80,80000000,1,0,0,40105,5279,2126,0,0,SEARCH_CUTOFF,2,1,0,0,-1,80,-1,27,-1,73,24686,73,318,0,58,2,151,4,0,478,193,46,237,2.67549,14931,356,TASKBR_VACANCY_V1,25801,20,25801,25782,25826,99.8296,0,53976,9336,46389,46389,53984,53003,52985,52985,52985,0,0,0,0,0,0,0,52985,137870,6,BOTTLENECK_TARGET_FRONTIER_CONTINUITY_V2,48.0806,14.7157,57.3359,14.278,19.6314,26506,61,26507,0,227,3334,42826,9336,26210,0,500,0,2053.59,592013,87322,540.942,1884,0,0,,,,,,,,,,,,,,,,,,,,,,,,,,,,,,,,,,,,,,,,,,,,,,9129.28,9129.32,b565eb86b7cbfc20f74d5a50fe285ffcc889df7d4ed05361630c79e400236c33,9.162,ok,
g2_dhigh_abaseline_plocal_gsingleton_seed0,warehouse_random_factorial,carrier,1,24,88.0,88000000,30,39,14,0,0.3125,57,24,88,88000000,24,88,88000000,1,0,0,22515,3011,1163,0,0,SEARCH_CUTOFF,5,0,0,0,-1,-1,-1,-1,-1,111,27469,111,843,2,66,0,320,8,6,338,1613,67,344,4.00538,21672,1197,TASKBR_VACANCY_V1,59421,3665,59421,55766,63090,88.3912,0,83937,16245,40017,40017,83949,83943,83889,83889,83889,0,0,0,0,0,0,0,83889,112619,6,BOTTLENECK_TARGET_FRONTIER_CONTINUITY_V2,48.6593,17.8904,77.2649,15.8558,36.2675,27558,137,25886,0,356,4317,35342,16245,28358,0,375,0,3334.16,9650579,231642,1798.6,5857,0,0,,,,,,,,,,,,,,,,,,,,,,,,,,,,,,,,,,,,,,,,,,,,,,9013.12,9013.16,14adff458f66900990c94fa10f420030817a396014040afb424316411ea0ed54,9.044,ok,
g2_dhigh_abaseline_pmixed_gshared_pool_seed0,warehouse_random_factorial,carrier,1,30,110.0,110000000,41,57,12,0,0.3417,23,30,112,112000000,30,110,110000000,1,1,1,0,6,29,0,0,STRICT_IMPROVEMENT,9,1,1,1,82,112,110,30,30,45,0,45,1325,0,75,5,157,11,10,964,35,29,227,1.98117,14301,330,TASKBR_VACANCY_V1,138,52,138,99,197,50.2538,0,185,44,62,62,193,191,186,186,186,0,0,0,0,0,0,0,186,188,6,BOTTLENECK_TARGET_FRONTIER_CONTINUITY_V2,0.152381,0.056216,0.352346,0.065069,0.2234,42,14,40,0,2,2,56,44,82,0,0,0,76.6991,101987,412,13.2706,11,0,0,,,,,,,,,,,,,,,,,,,,,,,,,,,,,,,,,,,,,,,,,,,,,,83.3053,83.3386,c9cafc101c7dd0a6c0bfe76277bfb86fbdbf2b7bb16b1fec87c690c971b8496c,0.092,ok,
g2_dhigh_abaseline_pmixed_gsingleton_seed0,warehouse_random_factorial,carrier,1,35,117.0,117000000,43,57,15,0,0.3071,54,35,118,118000000,35,117,117000000,1,1,1,44899,1584,573,0,0,STRICT_IMPROVEMENT,4,0,0,0,-1,-1,-1,-1,-1,1188,21496,1188,8547,0,1155,0,1895,276,24,3714,2056,1257,3571,39.0312,224973,1635,TASKBR_VACANCY_V1,17246,7281,17246,11778,27075,43.5014,906,12371,9406,25906,25906,13332,10337,10134,10134,10134,0,0,0,98,0,0,0,10134,22632,6,BOTTLENECK_TARGET_FRONTIER_CONTINUITY_V2,19.5112,3.66058,11.8726,3.18957,5.54023,17094,16793,11748,0,234,2205,23465,9406,36755,0,315,0,2516.84,7611688,76807,1162.23,8,0,0,,,,,,,,,,,,,,,,,,,,,,,,,,,,,,,,,,,,,,,,,,,,,,6628.95,6628.99,2fa0123786b7d632c063e79006378b2418702a7ffbd397e30961106ac2ef7cde,6.652,ok,
g2_dhigh_aequal_pcross_heavy_gshared_pool_seed0,warehouse_random_factorial,carrier,1,15,65.0,65000000,24,29,12,0,0.2667,11,15,65,65000000,15,65,65000000,1,0,0,18065,22,115,0,0,SEARCH_CUTOFF,0,1,0,0,-1,65,-1,15,-1,35,21696,35,326,0,50,0,67,2,2,233,449,38,92,1.01132,5796,237,TASKBR_VACANCY_V1,64,25,64,39,92,42.3913,0,76,13,25313,25313,76,74,74,74,74,0,0,0,0,0,0,0,74,74,6,BOTTLENECK_TARGET_FRONTIER_CONTINUITY_V2,19.4594,0.024522,0.13744,0.019996,0.099151,25302,25294,9376,0,34,359,24918,13,31011,0,2,0,1451.59,1528763,39328,390.918,0,0,0,,,,,,,,,,,,,,,,,,,,,,,,,,,,,,,,,,,,,,,,,,,,,,8676.79,8676.83,9b2fa38be1ca6e1ddf6854166b60ba2858e9e01bcc34e2dc91053d85a199ba87,8.696,ok,
g2_dhigh_aequal_pcross_heavy_gsingleton_seed0,warehouse_random_factorial,carrier,1,27,122.0,122000000,56,37,20,1,0.3457,30,27,122,122000000,27,122,122000000,1,0,0,35803,64,259,0,0,SEARCH_CUTOFF,0,0,0,0,-1,-1,-1,-1,-1,86,22098,86,948,0,137,0,197,62,12,400,288,122,345,3.34014,21735,203,TASKBR_VACANCY_V1,22231,8298,22231,27854,52705,52.8489,0,16430,30611,24641,24641,24646,24640,24591,24591,24591,0,0,0,0,0,0,0,24591,82700,6,BOTTLENECK_TARGET_FRONTIER_CONTINUITY_V2,31.9617,10.7385,38.1458,9.09783,24.9075,3942,52,3576,0,35,386,24218,30611,34868,0,5,0,3441.55,14052843,133938,2278.08,10329,0,0,,,,,,,,,,,,,,,,,,,,,,,,,,,,,,,,,,,,,,,,,,,,,,8696.98,8697.02,8a31bca5439f53a316b9424d57035425225b6366063c44c355ea53d035fc9109,8.716,ok,
g2_dhigh_aequal_plocal_gshared_pool_seed0,warehouse_random_factorial,carrier,1,12,63.0,63000000,20,31,12,0,0.2778,11,12,63,63000000,12,63,63000000,1,0,0,18716,191,525,0,0,SEARCH_CUTOFF,1,1,0,0,-1,63,-1,12,-1,223,21816,223,860,0,418,0,686,0,0,4036,1293,511,466,6.73057,29358,1703,TASKBR_VACANCY_V1,68809,21,68809,68788,68830,99.939,0,62243,18626,22939,22939,62243,60377,60165,60165,60165,0,0,0,0,0,0,0,60165,60629,6,BOTTLENECK_TARGET_FRONTIER_CONTINUITY_V2,40.4281,16.2124,65.7944,14.0693,33.1413,10253,61,10246,0,9,204,22724,18626,48594,0,3,0,3772.92,8663355,183278,2075.98,3413,0,0,,,,,,,,,,,,,,,,,,,,,,,,,,,,,,,,,,,,,,,,,,,,,,8678.64,8678.68,51014172d5aebf2d9923a7ac8a70fd37612a515474327265feec84ef8f549a17,8.698,ok,
g2_dhigh_aequal_plocal_gsingleton_seed0,warehouse_random_factorial,carrier,1,15,79.0,79000000,30,30,14,0,0.3333,30,15,79,79000000,15,79,79000000,1,0,0,22886,55,208,0,0,SEARCH_CUTOFF,2,0,0,0,-1,-1,-1,-1,-1,2387,15118,2387,9992,2,5686,0,3766,40,38,13686,7267,6422,5543,70.1403,349209,14278,TASKBR_VACANCY_V1,28161,6371,28161,21809,34574,63.0792,2118,12428,12090,17790,17790,12435,12124,12118,12118,12118,0,0,0,0,0,0,0,12118,25841,6,BOTTLENECK_TARGET_FRONTIER_CONTINUITY_V2,21.7131,5.85012,18.5393,4.2027,12.8052,8211,8207,7268,0,23,267,17498,12090,49845,0,2,0,5213,14296028,132139,2446.7,6,0,8,,,,,,,,,,,,,,,,,,,,,,,,,,,,,,,,,,,,,,,,,,,,,,8637.41,8637.45,79d3d4f68e1bf5141feb9cb818b2f440d3dd360a27bd0f56f81b6d532e218451,8.654,ok,
g2_dhigh_aequal_pmixed_gshared_pool_seed0,warehouse_random_factorial,carrier,1,21,87.0,87000000,40,35,12,0,0.3175,15,21,87,87000000,21,87,87000000,1,0,0,8186,273,655,0,0,SEARCH_CUTOFF,0,1,0,0,-1,87,-1,21,-1,81,17701,81,930,0,181,2,128,0,0,604,65,155,247,2.69124,15561,398,TASKBR_VACANCY_V1,17284,5235,17284,12049,22519,53.5059,0,9212,9137,22108,22108,9212,9206,9206,9206,9206,0,0,0,0,0,0,0,9206,35817,6,BOTTLENECK_TARGET_FRONTIER_CONTINUITY_V2,23.4036,4.73127,17.1099,3.7955,13.6726,14051,14039,6593,0,31,334,21741,9137,23677,0,1,0,2276.46,7960594,40390,1202.29,0,0,0,,,,,,,,,,,,,,,,,,,,,,,,,,,,,,,,,,,,,,,,,,,,,,8648.14,8648.17,6d34704a2afd67e4148ee7e0bcbac6f798aefa9a602a58842e5ca57f5efcbf0a,8.666,ok,
g2_dhigh_aequal_pmixed_gsingleton_seed0,warehouse_random_factorial,carrier,1,24,104.0,104000000,43,43,16,0,0.2986,24,24,104,104000000,24,104,104000000,1,0,0,10825,62,270,0,0,SEARCH_CUTOFF,3,0,0,0,-1,-1,-1,-1,-1,55,17072,55,510,0,111,0,110,30,12,1692,359,95,174,1.84135,10962,504,TASKBR_VACANCY_V1,16178,4319,16178,11891,20527,57.9286,0,10551,10498,22811,22811,10588,10581,10568,10568,10568,0,0,0,2,0,0,0,10568,41686,6,BOTTLENECK_TARGET_FRONTIER_CONTINUITY_V2,25.5141,5.47819,20.191,4.41824,10.3642,13483,13473,6752,0,33,330,22446,10498,22464,0,1,0,1637.34,2992780,41166,585.271,11,0,0,,,,,,,,,,,,,,,,,,,,,,,,,,,,,,,,,,,,,,,,,,,,,,8641.55,8641.58,7def55fd1d5d77e8eca34833744046a808007a3c6972a934de905f83f72668d8,8.658,ok,
g2_dhigh_ascarce_pcross_heavy_gshared_pool_seed0,warehouse_random_factorial,carrier,1,25,68.0,68000000,24,32,12,0,0.32,14,25,68,68000000,25,68,68000000,1,0,0,2581,1034,432,0,0,SEARCH_CUTOFF,1,1,0,0,-1,68,-1,25,-1,221,16088,221,1175,0,81,0,685,38,28,3711,2103,58,655,8.02769,41265,1186,TASKBR_VACANCY_V1,45511,3152,45511,44471,49195,90.3974,0,118483,36812,42341,42341,119389,118725,115649,115649,115649,0,0,0,0,0,0,0,115649,117173,6,BOTTLENECK_TARGET_FRONTIER_CONTINUITY_V2,61.1596,24.8101,113.037,24.598,49.4168,22985,231,23628,0,1192,12404,28743,36812,13997,0,2170,0,3031.42,1505313,167953,1052.56,14349,0,0,,,,,,,,,,,,,,,,,,,,,,,,,,,,,,,,,,,,,,,,,,,,,,8847.92,8847.95,230ffbd555a09cf6d26982a51a4e26702c37d1fca2379861b61aea6760b33273,8.88,ok,
g2_dhigh_ascarce_pcross_heavy_gsingleton_seed0,warehouse_random_factorial,carrier,1,49,148.0,148000000,56,73,14,0,0.381,73,49,148,148000000,49,148,148000000,1,0,0,34663,1106,494,0,0,SEARCH_CUTOFF,15,0,0,0,-1,-1,-1,-1,-1,3203,16812,3203,22891,0,4763,0,5456,1023,364,2770,1211,5177,10744,108.592,676872,1370,TASKBR_VACANCY_V1,39346,14960,39346,32850,69542,47.2376,2905,40793,15313,25737,25737,52273,50474,40060,40060,40060,0,0,0,1536,0,0,0,40060,43174,6,BOTTLENECK_TARGET_FRONTIER_CONTINUITY_V2,29.9343,11.8254,38.0458,10.1483,17.142,13355,3204,15294,0,1098,8019,16618,15313,29136,0,1759,0,5373.46,22378467,130093,3071.81,3159,266,31,,,,,,,,,,,,,,,,,,,,,,,,,,,,,,,,,,,,,,,,,,,,,,8876.92,8876.97,5b9e86dcb0ef4ee1edcc4f5a6dc47e89b8637fb16b0fad9bf2c9d8e47d9c2c5a,8.9,ok,
g2_dhigh_ascarce_plocal_gshared_pool_seed0,warehouse_random_factorial,carrier,1,26,68.0,68000000,20,36,12,0,0.2564,17,26,68,68000000,26,68,68000000,1,0,0,5188,1392,627,0,0,SEARCH_CUTOFF,2,1,0,0,-1,68,-1,26,-1,361,18605,361,1111,0,167,0,999,14,0,495,259,160,766,12.129,48258,191,TASKBR_VACANCY_V1,49703,1719,49703,48677,51428,94.6508,88,136763,33195,50192,50192,137225,136061,134465,134465,134465,0,0,0,382,0,0,0,134465,137065,6,BOTTLENECK_TARGET_FRONTIER_CONTINUITY_V2,67.555,29.2788,129.643,28.9546,60.0107,32062,184,32601,0,1356,12953,35881,33195,17517,0,1908,0,3481,1364334,210080,1197.93,13737,0,0,,,,,,,,,,,,,,,,,,,,,,,,,,,,,,,,,,,,,,,,,,,,,,9139.92,9139.98,84a6e3c1139f3aaf70456f6783ed892968ca673c90e7429b76662346c852e412,9.171,ok,
g2_dhigh_ascarce_plocal_gsingleton_seed0,warehouse_random_factorial,carrier,1,29,85.0,85000000,30,36,14,0,0.3448,54,29,87,87000000,29,85,85000000,1,1,1,2545,1029,491,0,0,STRICT_IMPROVEMENT,1,0,0,0,-1,-1,-1,-1,-1,116,5137,116,840,2,112,0,348,12,6,809,1267,118,357,4.30667,22491,1308,TASKBR_VACANCY_V1,12017,452,12017,11581,12478,92.8113,0,23148,4658,9393,9393,23171,23060,22814,22814,22814,0,0,0,0,0,0,0,22814,23270,6,BOTTLENECK_TARGET_FRONTIER_CONTINUITY_V2,12.0112,4.76003,20.1613,4.67658,9.32427,6437,118,6436,0,367,3127,5897,4658,5541,0,263,0,1014.58,2189806,45446,440.776,1157,0,0,,,,,,,,,,,,,,,,,,,,,,,,,,,,,,,,,,,,,,,,,,,,,,1713.09,1713.13,3e6ed245743aad017edd8692c09d5546ac8c976520956a92a60e85e6588971b9,1.727,ok,
g2_dhigh_ascarce_pmixed_gshared_pool_seed0,warehouse_random_factorial,carrier,1,51,146.0,146000000,39,95,12,0,0.2549,36,51,146,146000000,51,146,146000000,1,0,0,20223,747,471,0,0,SEARCH_CUTOFF,28,1,0,0,-1,146,-1,51,-1,2633,16389,2633,24923,0,3947,14,5126,590,522,7372,2101,3144,6992,84.3991,440496,5643,TASKBR_VACANCY_V1,38071,7184,38071,33562,46303,72.4834,2346,58504,20189,29591,29591,60733,58650,55166,55166,55166,0,0,0,76,0,0,0,55166,55935,6,BOTTLENECK_TARGET_FRONTIER_CONTINUITY_V2,36.3128,14.6162,52.7334,12.7821,25.1783,16225,2904,16777,0,1220,8981,19388,20189,24653,0,1681,0,5217.8,19651518,137091,2780.52,6471,0,195,,,,,,,,,,,,,,,,,,,,,,,,,,,,,,,,,,,,,,,,,,,,,,8909.85,8909.9,556a828e8d7c8670da1c809560eedd11b24feef5754b15f4186ec1cc68e07304,8.934,ok,
g2_dhigh_ascarce_pmixed_gsingleton_seed0,warehouse_random_factorial,carrier,1,41,115.0,115000000,43,60,12,0,0.3496,93,41,117,117000000,41,115,115000000,1,1,1,10588,1253,588,1,1,REFERENCE_SUFFIX_ACCEPTED,11,0,0,0,-1,-1,-1,-1,-1,259,12310,259,1509,2,336,0,673,42,16,3412,1293,306,612,8.13532,38556,1922,TASKBR_VACANCY_V1,25995,53,25995,25980,26086,99.5937,0,66901,18507,29108,29108,66943,66682,65866,65866,65866,0,0,0,0,0,0,0,65866,70416,6,BOTTLENECK_TARGET_FRONTIER_CONTINUITY_V2,37.4438,15.4245,58.975,14.3901,30.2659,18123,287,18157,0,657,7898,20551,18507,14210,0,1459,0,2715.74,6040716,118606,1257.41,7881,0,0,,,,,,,,,,,,,,,,,,,,,,,,,,,,,,,,,,,,,,,,,,,,,,6338.32,6338.36,e721cc186ec86015d5feb292f754d361291e8b9946b1d899d9e0b087df3a7d31,6.362,ok,
g2_dhigh_asurplus_pcross_heavy_gshared_pool_seed0,warehouse_random_factorial,carrier,1,13,56.0,56000000,24,20,12,0,0.2051,11,13,56,56000000,13,56,56000000,1,0,0,299258,16,126,0,0,SEARCH_CUTOFF,0,1,0,0,-1,56,-1,13,-1,72,16889,72,362,0,132,0,107,2,2,108,570,136,166,2.1457,10458,247,TASKBR_VACANCY_V1,68,28,68,40,100,40,0,62,22,17285,17285,62,60,60,60,60,0,0,0,0,0,0,0,60,116,6,BOTTLENECK_TARGET_FRONTIER_CONTINUITY_V2,16.5317,0.030596,0.143953,0.022158,0.140256,17270,17266,8790,0,17,152,17114,22,43190,0,0,0,2005.41,8057555,103995,1164.79,3,0,0,,,,,,,,,,,,,,,,,,,,,,,,,,,,,,,,,,,,,,,,,,,,,,8649.33,8649.36,ad285fafb57598d662501ec73134a9123702d66d648efbd0fa8fb88cc42a7648,8.682,ok,
g2_dhigh_asurplus_pcross_heavy_gsingleton_seed0,warehouse_random_factorial,carrier,1,34,145.0,145000000,54,57,23,1,0.1765,37,34,146,146000000,34,145,145000000,1,1,1,25,33,326,0,0,STRICT_IMPROVEMENT,3,0,0,0,-1,-1,-1,-1,-1,66,12,66,742,0,75,0,205,88,32,412,239,36,271,2.44067,17073,220,TASKBR_VACANCY_V1,152,98,152,126,379,33.2454,0,108,70,92,92,216,206,204,204,204,0,0,0,0,0,0,0,204,589,6,BOTTLENECK_TARGET_FRONTIER_CONTINUITY_V2,0.25779,0.0966,0.420305,0.074744,0.241436,47,29,41,0,12,28,50,70,139,0,0,0,69.0211,102932,452,13.3054,2,38,0,,,,,,,,,,,,,,,,,,,,,,,,,,,,,,,,,,,,,,,,,,,,,,77.887,77.9257,797443f53d87e5b07532064919c24644c2a3b495bab90913d0d447469b0fdd41,0.089,ok,
g2_dhigh_asurplus_plocal_gshared_pool_seed0,warehouse_random_factorial,carrier,1,11,60.0,60000000,20,28,12,0,0.202,10,11,60,60000000,11,60,60000000,1,0,0,34906,55940,113709,0,0,SEARCH_CUTOFF,1,1,0,0,-1,60,-1,11,-1,253,16929,253,689,0,575,0,649,0,0,670,188,748,517,7.45826,32571,248,TASKBR_VACANCY_V1,34391,18,34391,34373,34409,99.8954,0,28788,5767,17259,17259,28788,28786,28786,28786,28786,0,0,0,0,0,0,0,28786,87461,6,BOTTLENECK_TARGET_FRONTIER_CONTINUITY_V2,33.868,14.2717,41.3282,8.24474,34.8255,6013,5,6008,0,1,23,17233,5767,46354,0,0,0,2378.4,4480377,138036,1120.91,0,0,0,,,,,,,,,,,,,,,,,,,,,,,,,,,,,,,,,,,,,,,,,,,,,,8648.95,8648.98,ebb6c8b1506d74f88e075abc16c371f47b4f862ffefaf99bfcf11ae9061115e8,8.669,ok,
g2_dhigh_asurplus_plocal_gsingleton_seed0,warehouse_random_factorial,carrier,1,15,71.0,71000000,30,22,14,0,0.2222,23,15,71,71000000,15,71,71000000,1,0,0,29452,55,307,0,0,SEARCH_CUTOFF,0,0,0,0,-1,-1,-1,-1,-1,134,17721,134,823,2,215,0,181,19,17,546,776,218,332,3.7167,20916,810,TASKBR_VACANCY_V1,9821,3646,9821,6193,13487,45.9183,0,10304,3357,18411,18411,10310,3404,3404,3404,3404,0,0,0,0,0,0,0,3404,22720,6,BOTTLENECK_TARGET_FRONTIER_CONTINUITY_V2,19.3449,2.30637,6.71086,1.44441,2.25596,15060,15056,8296,0,28,256,18125,3357,38114,0,0,0,1569.52,4478325,89275,744.428,0,0,13,,,,,,,,,,,,,,,,,,,,,,,,,,,,,,,,,,,,,,,,,,,,,,8639.85,8639.89,122bc130c6b90b93b996626b5374cd719764b0d5d77e00beaf79d9029ca0360b,8.659,ok,
g2_dhigh_asurplus_pmixed_gshared_pool_seed0,warehouse_random_factorial,carrier,1,16,79.0,79000000,41,26,12,0,0.2847,15,16,79,79000000,16,79,79000000,1,0,0,163089,18,152,0,0,SEARCH_CUTOFF,1,1,0,0,-1,79,-1,16,-1,6411,8362,6411,9893,0,20097,0,6365,510,510,5672,9488,25654,13937,170.64,878031,2890,TASKBR_VACANCY_V1,136,80,136,60,259,23.166,6142,3746,17,14800,14800,3746,73,73,73,73,0,0,0,0,0,0,0,73,133,6,BOTTLENECK_TARGET_FRONTIER_CONTINUITY_V2,17.1524,0.031989,0.192305,0.027057,0.157007,14784,14778,10274,0,16,159,14623,17,58452,0,0,0,3992.39,5903134,118378,1264.44,0,0,114,,,,,,,,,,,,,,,,,,,,,,,,,,,,,,,,,,,,,,,,,,,,,,8666.5,8666.54,6c687a5a138660539adab9ee48d2f25cba7d190bd017ca86533d063229159465,8.691,ok,
g2_dhigh_asurplus_pmixed_gsingleton_seed0,warehouse_random_factorial,carrier,1,21,97.0,97000000,43,36,16,0,0.2275,21,21,97,97000000,21,97,97000000,1,0,0,80560,17,167,0,0,SEARCH_CUTOFF,0,0,0,0,-1,-1,-1,-1,-1,144,17425,144,666,0,317,0,183,23,11,744,180,327,355,4.19488,22365,281,TASKBR_VACANCY_V1,18039,37,18039,18029,18098,99.6187,0,13887,9023,17866,17866,13904,9105,9105,9105,9105,0,0,0,0,0,0,0,9105,46671,6,BOTTLENECK_TARGET_FRONTIER_CONTINUITY_V2,23.0578,5.89947,17.3145,3.60159,14.3036,9830,9822,5212,0,19,187,17658,9023,43821,0,0,0,1898.74,5636390,124923,1020.96,0,6,5,,,,,,,,,,,,,,,,,,,,,,,,,,,,,,,,,,,,,,,,,,,,,,8649.96,8650,6f1b0b0cf92c97e256d958ca2c97e0cd99a4866c0a355f85495358ae04fe6e19,8.674,ok,
g2_dlow_abaseline_pcross_heavy_gshared_pool_seed0,warehouse_random_factorial,carrier,1,18,54.0,54000000,15,27,12,0,0.2083,7,18,54,54000000,18,54,54000000,1,0,0,4901,4094,1768,0,0,SEARCH_CUTOFF,2,1,0,0,-1,54,-1,18,-1,77,23807,77,463,0,22,0,234,4,4,815,213,19,177,2.4414,11151,0,TASKBR_VACANCY_V1,51206,4343,51206,47079,55549,84.7522,0,141143,43022,68421,68421,141143,137682,137678,137678,137678,0,0,0,0,0,0,0,137678,224549,6,BOTTLENECK_TARGET_FRONTIER_CONTINUITY_V2,86.6064,32.6835,131.211,31.1815,54.0261,45299,10,38783,0,162,3003,65254,43022,21246,0,492,0,2753.13,2432829,225799,1154.32,24330,0,0,,,,,,,,,,,,,,,,,,,,,,,,,,,,,,,,,,,,,,,,,,,,,,8975.37,8975.41,5fc6cbc8d791f5e25eff1af9708eb04b886ef5c9bdb866114d7b5b7f80c6456f,9.01,ok,
g2_dlow_abaseline_pcross_heavy_gsingleton_seed0,warehouse_random_factorial,carrier,1,27,92.0,92000000,41,39,12,0,0.3796,33,27,92,92000000,27,92,92000000,1,0,0,7727,3940,1542,0,0,SEARCH_CUTOFF,12,0,0,0,-1,-1,-1,-1,-1,629,45810,629,7152,0,400,0,1972,130,130,8188,3443,356,1823,19.6672,114849,1543,TASKBR_VACANCY_V1,114085,25184,114085,91808,141041,65.0931,351,118404,18005,56616,56616,120539,115169,115165,115165,115165,0,0,0,0,0,0,0,115165,147374,6,BOTTLENECK_TARGET_FRONTIER_CONTINUITY_V2,75.19,28.982,110.386,26.0373,53.1205,35548,305,35772,0,357,3921,52336,18005,63326,0,328,0,4551.71,13362912,362904,2656.2,2621,549,0,,,,,,,,,,,,,,,,,,,,,,,,,,,,,,,,,,,,,,,,,,,,,,8841.69,8841.73,b2899e55219082217cdb6a51412fc8655fdb0c129804e0ace18682b0c175079b,8.87,ok,
g2_dlow_abaseline_plocal_gshared_pool_seed0,warehouse_random_factorial,carrier,1,23,77.0,77000000,13,52,12,0,0.1413,9,23,77,77000000,23,77,77000000,1,0,0,14056,2834,1288,0,0,SEARCH_CUTOFF,8,1,0,0,-1,77,-1,23,-1,87,31731,87,437,0,50,0,232,1,1,39,5,53,218,2.53834,13734,1,TASKBR_VACANCY_V1,62221,11577,62221,50644,73966,68.4693,0,97170,26069,56586,56586,97170,97162,97162,97162,97162,0,0,0,0,0,0,0,97162,172848,6,BOTTLENECK_TARGET_FRONTIER_CONTINUITY_V2,65.9899,23.4517,96.5903,22.2093,58.0564,40912,113,35957,0,465,4124,51995,26069,37684,0,557,0,2590.45,4143797,236373,1282.18,8181,0,0,,,,,,,,,,,,,,,,,,,,,,,,,,,,,,,,,,,,,,,,,,,,,,9393.87,9393.91,27881deda2d58b5d56c8c5e25b3550af2425dc9d40a164c23dad3a6f5fb99e1b,9.425,ok,
g2_dlow_abaseline_plocal_gsingleton_seed0,warehouse_random_factorial,carrier,1,19,64.0,64000000,17,35,12,0,0.2237,10,19,64,64000000,19,64,64000000,1,0,0,5677,4135,1823,0,0,SEARCH_CUTOFF,1,0,0,0,-1,-1,-1,-1,-1,449,41211,449,2780,0,296,0,1337,17,16,1432,2061,311,1764,15.8681,111132,405,TASKBR_VACANCY_V1,115533,19422,115533,96474,135325,71.2906,179,163420,24661,64395,64395,163445,161098,161098,161098,161098,0,0,0,0,0,0,0,161098,187988,6,BOTTLENECK_TARGET_FRONTIER_CONTINUITY_V2,88.5655,31.8512,139.071,29.8043,65.9423,44891,155,43231,0,287,4090,60016,24661,55877,0,397,0,4057.26,6706640,437231,2150.2,6049,0,0,,,,,,,,,,,,,,,,,,,,,,,,,,,,,,,,,,,,,,,,,,,,,,9366.09,9366.13,a5806e3299b91265aaf5088c263965244daf4c7c25afe10a23b9f1ae6f737867,9.399,ok,
g2_dlow_abaseline_pmixed_gshared_pool_seed0,warehouse_random_factorial,carrier,1,25,85.0,85000000,21,52,12,0,0.21,11,25,85,85000000,25,85,85000000,1,0,0,11203,2963,1333,0,0,SEARCH_CUTOFF,5,1,0,0,-1,85,-1,25,-1,7323,13670,7323,44892,0,9126,0,20363,303,303,8609,142066,12183,23118,226.517,1456434,2489,TASKBR_VACANCY_V1,37518,8048,37518,29898,46043,64.935,7053,29611,8917,21888,21888,29863,29860,25194,25194,25194,0,0,0,0,0,0,0,25194,32803,6,BOTTLENECK_TARGET_FRONTIER_CONTINUITY_V2,23.6008,7.60675,24.1025,6.60802,11.8715,13054,4465,13116,0,189,1890,19807,8917,46804,0,184,0,7095.81,4741242,140607,1128.15,1135,0,0,,,,,,,,,,,,,,,,,,,,,,,,,,,,,,,,,,,,,,,,,,,,,,8651.01,8651.05,59918cc4f1dc7bd5757304c7304cfe5f159413156a68e81c8d730f13231a6966,8.67,ok,
g2_dlow_abaseline_pmixed_gsingleton_seed0,warehouse_random_factorial,carrier,1,23,75.0,75000000,27,36,12,0,0.2935,20,23,76,76000000,23,75,75000000,1,1,1,4197,3055,1544,0,0,STRICT_IMPROVEMENT,0,0,0,0,-1,-1,-1,-1,-1,61,14863,61,597,0,37,0,175,2,2,146,301,35,154,1.8532,9702,42,TASKBR_VACANCY_V1,26046,5367,26046,20684,31413,65.8454,0,53192,10430,32071,32071,53194,53190,53186,53186,53186,0,0,0,0,0,0,0,53186,104712,6,BOTTLENECK_TARGET_FRONTIER_CONTINUITY_V2,35.1179,13.0228,49.2896,11.8408,32.2968,26414,117,24432,0,151,2571,29347,10430,17023,0,187,0,1284.13,1641693,102978,566.546,3727,0,0,,,,,,,,,,,,,,,,,,,,,,,,,,,,,,,,,,,,,,,,,,,,,,3400.89,3400.93,7726d9ffe8c34df5fa02845f484436ccd8362bbc4764a29c9bec933fca77983b,3.422,ok,
g2_dlow_aequal_pcross_heavy_gshared_pool_seed0,warehouse_random_factorial,carrier,1,12,56.0,56000000,15,29,12,0,0.2083,6,12,56,56000000,12,56,56000000,1,0,0,4873,1313,4233,0,0,SEARCH_CUTOFF,0,1,0,0,-1,56,-1,12,-1,1113,18843,1113,8094,0,1241,0,3675,0,0,29986,34881,1454,2531,34.0545,159453,6588,TASKBR_VACANCY_V1,39485,8771,39485,30714,48256,63.648,848,27312,10623,20288,20288,27312,27089,27089,27089,27089,0,0,0,0,0,0,0,27089,51079,6,BOTTLENECK_TARGET_FRONTIER_CONTINUITY_V2,33.8862,14.0483,38.372,9.15483,23.3048,9198,34,9193,0,19,199,20068,10623,51050,0,0,0,3269.41,6756549,156684,1530.81,3131,0,0,,,,,,,,,,,,,,,,,,,,,,,,,,,,,,,,,,,,,,,,,,,,,,8659.82,8659.86,873a2b494274ecda9b116d15965a0b46d10290e0ccbdfa25539e2efd38a8d636,8.677,ok,
g2_dlow_aequal_pcross_heavy_gsingleton_seed0,warehouse_random_factorial,carrier,1,19,77.0,77000000,41,24,12,0,0.3596,14,19,77,77000000,19,77,77000000,1,0,0,13503,1348,3226,0,0,SEARCH_CUTOFF,0,0,0,0,-1,-1,-1,-1,-1,824,13139,824,5894,0,2167,0,2000,446,446,5058,3910,1660,2258,23.97,142254,1531,TASKBR_VACANCY_V1,22301,18811,22301,8989,54798,16.4039,553,981,2829,14095,14095,2934,2875,2875,2875,2875,0,0,0,0,0,0,0,2875,8185,6,BOTTLENECK_TARGET_FRONTIER_CONTINUITY_V2,14.6335,1.65857,4.77429,1.09663,2.52562,11272,11266,6272,0,25,251,13817,2829,38622,0,1,0,6246.55,46380787,99015,5253.61,0,0,0,,,,,,,,,,,,,,,,,,,,,,,,,,,,,,,,,,,,,,,,,,,,,,8596.54,8596.58,7848e44facb527ae2ae7b39104cf23e559dc5809b70b6e3276392dccd2acaebf,8.612,ok,
g2_dlow_aequal_plocal_gshared_pool_seed0,warehouse_random_factorial,carrier,1,11,54.0,54000000,13,29,12,0,0.197,6,11,54,54000000,11,54,54000000,1,0,0,2691,1350,3989,0,0,SEARCH_CUTOFF,0,1,0,0,-1,54,-1,11,-1,205,19482,205,2106,0,74,0,998,27,27,369,276,57,725,7.0713,45675,111,TASKBR_VACANCY_V1,67563,15548,67563,52277,83671,62.4792,0,43710,10906,20398,20398,43740,43732,43732,43732,43732,0,0,0,0,0,0,0,43732,61023,6,BOTTLENECK_TARGET_FRONTIER_CONTINUITY_V2,43.4928,17.3222,57.9422,11.7972,24.684,9191,12,9186,0,4,106,20286,10906,42791,0,0,0,2311.57,4275808,161114,1274.63,0,0,5,,,,,,,,,,,,,,,,,,,,,,,,,,,,,,,,,,,,,,,,,,,,,,8646.73,8646.77,c088c933a0a3a5e790e8d26acbf8dcbadd5c2de06d4017cef237529ccc199203,8.663,ok,
g2_dlow_aequal_plocal_gsingleton_seed0,warehouse_random_factorial,carrier,1,13,53.0,53000000,17,24,12,0,0.2179,6,13,53,53000000,13,53,53000000,1,0,0,4608,42,203,0,0,SEARCH_CUTOFF,0,0,0,0,-1,-1,-1,-1,-1,1684,14354,1684,23232,0,2242,0,7144,661,133,6294,28397,2284,7421,64.4189,467523,1319,TASKBR_VACANCY_V1,42376,11882,42376,37349,67424,55.3942,1418,29717,20389,16080,16080,33693,30687,28187,28187,28187,0,0,0,0,0,0,0,28187,31717,6,BOTTLENECK_TARGET_FRONTIER_CONTINUITY_V2,29.2651,12.0079,32.882,8.25751,14.6768,2350,11,6309,0,6,70,16002,20389,53626,0,0,0,5258.14,9267439,128197,1660.05,3536,0,0,,,,,,,,,,,,,,,,,,,,,,,,,,,,,,,,,,,,,,,,,,,,,,8622.68,8622.72,e0138c10410910403b35df3b0fad3cd3bce035705e3e3aed851ed5e5be425ee2,8.638,ok,
g2_dlow_aequal_pmixed_gshared_pool_seed0,warehouse_random_factorial,carrier,1,17,69.0,69000000,21,36,12,0,0.2059,10,17,69,69000000,17,69,69000000,1,0,0,1743,55,277,0,0,SEARCH_CUTOFF,0,1,0,0,-1,69,-1,17,-1,43,16176,43,997,0,24,0,119,1,1,10,0,19,118,1.25987,7434,3,TASKBR_VACANCY_V1,16290,574,16290,16256,16864,96.3947,0,20073,30,20547,20547,20613,20608,20608,20608,20608,0,0,0,0,0,0,0,20608,92588,6,BOTTLENECK_TARGET_FRONTIER_CONTINUITY_V2,33.7402,11.6021,37.7862,8.34673,10.0479,11625,8,11623,0,25,273,20247,30,16245,0,0,0,1312.93,3791873,41293,632.523,6,0,0,,,,,,,,,,,,,,,,,,,,,,,,,,,,,,,,,,,,,,,,,,,,,,8634.4,8634.44,7272db742a04f94e0f6ce1c171d5ab59eb10c410f44101350d851c0d9c540564,8.65,ok,
g2_dlow_aequal_pmixed_gsingleton_seed0,warehouse_random_factorial,carrier,1,17,70.0,70000000,27,31,12,0,0.2647,12,17,70,70000000,17,70,70000000,1,0,0,2298,53,260,0,0,SEARCH_CUTOFF,1,0,0,0,-1,-1,-1,-1,-1,786,13261,786,16369,0,920,0,3043,247,175,8196,3017,570,3490,29.7979,219870,1895,TASKBR_VACANCY_V1,46616,20266,46616,28483,68317,41.6924,517,20909,10108,14277,14277,23042,23040,23040,23040,23040,0,0,0,0,0,0,0,23040,36172,6,BOTTLENECK_TARGET_FRONTIER_CONTINUITY_V2,27.6472,11.3508,33.5773,7.4688,20.3377,4711,106,4706,0,24,260,13991,10108,36909,0,0,0,5409.29,34026082,112487,4007.19,1264,0,0,,,,,,,,,,,,,,,,,,,,,,,,,,,,,,,,,,,,,,,,,,,,,,8613.39,8613.43,7fb44b14ff83a7d280f56a5776e284d9839d4bd4917e6bbbac6c9bb9828f1813,8.628,ok,
g2_dlow_ascarce_pcross_heavy_gshared_pool_seed0,warehouse_random_factorial,carrier,1,25,70.0,70000000,17,39,14,1,0.2267,7,26,68,68000000,25,70,70000000,1,1,1,150,712,380,0,0,STRICT_IMPROVEMENT,6,1,1,1,479,68,70,26,25,116,2458,116,521,0,45,0,327,4,4,743,1156,42,336,3.87553,21168,117,TASKBR_VACANCY_V1,5611,623,5611,5069,6234,81.3122,0,10417,1890,5145,5145,10417,10168,10152,10152,10152,0,0,0,0,0,0,0,10152,11991,6,BOTTLENECK_TARGET_FRONTIER_CONTINUITY_V2,6.20899,2.28923,8.76594,2.0929,3.75159,3711,54,3725,0,169,1410,3564,1890,2848,0,146,0,261.653,130132,18701,93.0127,578,0,0,,,,,,,,,,,,,,,,,,,,,,,,,,,,,,,,,,,,,,,,,,,,,,503.13,503.165,a0cc152f2bbebded91db21f60a7e120dc8d2cf16fe9598af9252949dc5f56fd7,0.514,ok,
g2_dlow_ascarce_pcross_heavy_gsingleton_seed0,warehouse_random_factorial,carrier,1,43,122.0,122000000,41,69,12,0,0.3178,52,43,124,124000000,43,122,122000000,1,1,1,839,1037,563,1,1,REFERENCE_SUFFIX_ACCEPTED,29,0,0,0,-1,-1,-1,-1,-1,178,9757,178,2629,0,96,0,644,17,17,3266,1420,94,571,6.18529,35973,817,TASKBR_VACANCY_V1,30785,2493,30785,28755,33482,85.882,0,86728,10984,27373,27373,87185,85960,85626,85626,85626,0,0,0,0,0,0,0,85626,86016,6,BOTTLENECK_TARGET_FRONTIER_CONTINUITY_V2,41.9444,16.8182,81.5154,17.7253,42.4097,21102,151,21279,0,1408,9518,16445,10984,8184,0,1047,0,2097.9,5689703,138348,1162.76,2774,95,0,,,,,,,,,,,,,,,,,,,,,,,,,,,,,,,,,,,,,,,,,,,,,,3758.09,3758.14,37fca9758e258b0e76edc1f585b890c456b25bf26da54e38a3c0b8c2f338bda9,3.777,ok,
g2_dlow_ascarce_plocal_gshared_pool_seed0,warehouse_random_factorial,carrier,1,25,70.0,70000000,15,43,12,0,0.2,8,25,72,72000000,25,70,70000000,1,1,1,2856,903,468,0,0,STRICT_IMPROVEMENT,2,1,1,1,7821,72,70,25,25,396,17382,396,2231,0,181,0,1105,10,10,185,216,167,1354,13.7609,85302,57,TASKBR_VACANCY_V1,58386,6107,58386,52379,64538,81.1599,127,205199,27432,59773,59773,205299,202968,202816,202816,202816,0,0,0,0,0,0,0,202816,202816,6,BOTTLENECK_TARGET_FRONTIER_CONTINUITY_V2,95.0735,36.5376,196.398,41.5522,101.251,49073,525,49052,0,2496,17971,39304,27432,14401,0,3661,0,3362.72,4338613,317185,1634.25,7571,0,0,,,,,,,,,,,,,,,,,,,,,,,,,,,,,,,,,,,,,,,,,,,,,,8252.33,8252.37,cc8391d1dfc754d5c698677640f113936e0ddd6f2373f5a097bfb34f7aa8f287,8.286,ok,
g2_dlow_ascarce_plocal_gsingleton_seed0,warehouse_random_factorial,carrier,1,27,67.0,67000000,17,38,12,0,0.2099,10,27,68,68000000,27,67,67000000,1,1,1,4724,811,436,0,0,STRICT_IMPROVEMENT,7,0,0,0,-1,-1,-1,-1,-1,468,12640,468,2731,0,296,0,1035,0,0,810,269,347,1862,15.918,117306,42,TASKBR_VACANCY_V1,25687,6583,25687,19104,32270,59.2005,195,37744,9389,22105,22105,37744,37498,36978,36978,36978,0,0,0,0,0,0,0,36978,46344,6,BOTTLENECK_TARGET_FRONTIER_CONTINUITY_V2,25.1585,8.8599,31.557,8.14364,13.0068,15842,410,16664,0,610,6115,15378,9389,15434,0,875,0,1271.61,2302459,85691,602.323,3162,0,0,,,,,,,,,,,,,,,,,,,,,,,,,,,,,,,,,,,,,,,,,,,,,,2610.32,2610.35,90f0998aaf5bc9c86fd53235b562bf084e95854d96494a4a73f6ba2007ee87de,2.627,ok,
g2_dlow_ascarce_pmixed_gshared_pool_seed0,warehouse_random_factorial,carrier,1,35,90.0,90000000,21,57,12,0,0.2,15,35,91,91000000,35,90,90000000,1,1,1,1203,552,391,0,0,STRICT_IMPROVEMENT,8,1,1,1,388,91,90,35,35,144,2546,144,1642,0,82,4,355,4,3,24,332,97,483,4.7645,30429,10,TASKBR_VACANCY_V1,3691,497,3691,3196,4230,75.5556,0,5529,1766,4566,4566,5558,5485,5410,5410,5410,0,0,0,0,0,0,0,5410,8895,6,BOTTLENECK_TARGET_FRONTIER_CONTINUITY_V2,4.51618,1.50673,4.89032,1.50093,2.38243,3540,137,3359,0,194,1426,2944,1766,3481,0,149,0,246.622,239274,14764,91.2583,719,0,0,,,,,,,,,,,,,,,,,,,,,,,,,,,,,,,,,,,,,,,,,,,,,,415.577,415.614,f5531dec8b72ecd6ed0088720093c0fb8e5217de6fbaed216d61f4288406c837,0.426,ok,
g2_dlow_ascarce_pmixed_gsingleton_seed0,warehouse_random_factorial,carrier,1,31,81.0,81000000,27,42,12,0,0.2903,22,31,81,81000000,31,81,81000000,1,0,0,2298,1296,579,0,0,SEARCH_CUTOFF,6,0,0,0,-1,-1,-1,-1,-1,1166,31502,1166,6896,0,653,0,3289,13,2,693,3542,563,2869,35.7749,180747,365,TASKBR_VACANCY_V1,72021,9333,72021,62692,81555,76.8708,890,145174,34108,64567,64567,145377,141221,138912,138912,138912,0,0,0,0,0,0,0,138912,155586,6,BOTTLENECK_TARGET_FRONTIER_CONTINUITY_V2,83.9725,33.2515,123.681,29.8208,64.6816,44459,748,45526,0,1487,15702,47376,34108,29032,0,3565,0,3602.87,3127848,234659,1349.82,13830,0,0,,,,,,,,,,,,,,,,,,,,,,,,,,,,,,,,,,,,,,,,,,,,,,9489.99,9490.03,b718ae8e8c2c4cab725b321b9592e8e5b611aeef8fc6742f7dc7345a7290649e,9.525,ok,
g2_dlow_asurplus_pcross_heavy_gshared_pool_seed0,warehouse_random_factorial,carrier,1,10,47.0,47000000,15,20,12,0,0.1667,7,10,47,47000000,10,47,47000000,1,0,0,216,1349,7303,0,0,SEARCH_CUTOFF,0,1,0,0,-1,47,-1,10,-1,534,17522,534,5559,0,409,0,2027,0,0,811,162,406,1408,17.1864,88704,0,TASKBR_VACANCY_V1,57378,22255,57378,35123,79633,44.1061,270,26330,31188,18791,18791,26330,26141,26141,26141,26141,0,0,0,0,0,0,0,26141,113344,6,BOTTLENECK_TARGET_FRONTIER_CONTINUITY_V2,33.7939,14.9879,46.8779,9.2287,39.6576,8675,104,3698,0,24,221,18544,31188,37700,0,0,0,2394,7029164,144326,1229.16,11929,0,0,,,,,,,,,,,,,,,,,,,,,,,,,,,,,,,,,,,,,,,,,,,,,,8658.97,8659.01,df1ca39653a2e5829be525a0f1faa33483f312ad1b1d63079b54272ac294e627,8.677,ok,
g2_dlow_asurplus_pcross_heavy_gsingleton_seed0,warehouse_random_factorial,carrier,1,19,77.0,77000000,41,24,12,0,0.2398,14,19,77,77000000,19,77,77000000,1,0,0,42864,1348,5599,0,0,SEARCH_CUTOFF,0,0,0,0,-1,-1,-1,-1,-1,674,12482,674,4399,0,1927,0,1660,401,401,4788,3106,1450,1808,19.5992,113904,1456,TASKBR_VACANCY_V1,21489,17627,21489,9706,52059,18.6442,403,741,2589,13288,13288,2694,2635,2635,2635,2635,0,0,0,0,0,0,0,2635,15203,6,BOTTLENECK_TARGET_FRONTIER_CONTINUITY_V2,14.8596,1.57842,5.06517,1.0715,2.50114,10705,10699,5983,0,23,219,13044,2589,36031,0,0,0,5725.68,44144611,94383,4864.59,0,0,0,,,,,,,,,,,,,,,,,,,,,,,,,,,,,,,,,,,,,,,,,,,,,,8617.59,8617.63,f73f21b910f4b463d922063a52d2f96908a219df13c6a60a53175940cdcdfe0a,8.634,ok,
g2_dlow_asurplus_plocal_gshared_pool_seed0,warehouse_random_factorial,carrier,1,10,49.0,49000000,13,24,12,0,0.1444,6,10,49,49000000,10,49,49000000,1,0,0,5862,26233,97048,0,0,SEARCH_CUTOFF,0,1,0,0,-1,49,-1,10,-1,1789,14669,1789,13690,0,1382,0,7102,249,249,4401,1844,1300,5570,61.1756,350910,1093,TASKBR_VACANCY_V1,48014,16684,48014,31332,65492,47.841,1526,24419,13272,16656,16656,24419,24413,24413,24413,24413,0,0,0,0,0,0,0,24413,80695,6,BOTTLENECK_TARGET_FRONTIER_CONTINUITY_V2,35.5029,14.1816,46.4871,8.48573,37.5712,4486,182,4483,0,0,31,16623,13272,50438,0,0,0,3332.1,3852258,131768,977,2771,0,4,,,,,,,,,,,,,,,,,,,,,,,,,,,,,,,,,,,,,,,,,,,,,,8651.94,8651.98,727bec21547d14d19136138b5a2215ec049eb2b49cfb0480a425d1d60eee7be6,8.67,ok,
g2_dlow_asurplus_plocal_gsingleton_seed0,warehouse_random_factorial,carrier,1,13,47.0,47000000,17,18,12,0,0.1453,7,13,47,47000000,13,47,47000000,1,0,0,4433,13993,49278,0,0,SEARCH_CUTOFF,0,0,0,0,-1,-1,-1,-1,-1,4308,3636,4308,71615,0,6736,0,17271,812,812,189796,64917,5964,15032,142.82,947016,45834,TASKBR_VACANCY_V1,28695,12870,28695,17175,41565,41.3208,4042,12337,4121,7959,7959,13687,12092,12092,12092,12092,0,0,0,0,0,0,0,12092,37739,6,BOTTLENECK_TARGET_FRONTIER_CONTINUITY_V2,19.574,6.74238,24.0462,4.59234,11.199,3608,157,3603,0,5,2,7950,4121,28868,0,0,0,7425.22,5408403,63601,977.826,0,0,0,,,,,,,,,,,,,,,,,,,,,,,,,,,,,,,,,,,,,,,,,,,,,,8593.88,8593.93,1e82cb0b0764a2f8d65904e4351d5bb69fe73d99d3110a0c1d0c712d1d8d9c98,8.609,ok,
g2_dlow_asurplus_pmixed_gshared_pool_seed0,warehouse_random_factorial,carrier,1,13,59.0,59000000,21,26,12,0,0.1795,8,13,59,59000000,13,59,59000000,1,0,0,8503,1306,5157,0,0,SEARCH_CUTOFF,0,1,0,0,-1,59,-1,13,-1,1367,15398,1367,14424,0,1894,0,4185,225,225,144,1982,2105,3427,40.3638,215901,226,TASKBR_VACANCY_V1,34581,10648,34581,27233,45229,60.2114,1101,17972,3808,16827,16827,21272,20664,20664,20664,20664,0,0,0,0,0,0,0,20664,87824,6,BOTTLENECK_TARGET_FRONTIER_CONTINUITY_V2,31.2672,12.79,38.7322,7.44219,32.3913,8559,213,8555,0,23,255,16547,3808,50523,0,0,0,3895.31,14831624,130753,2095.3,0,0,0,,,,,,,,,,,,,,,,,,,,,,,,,,,,,,,,,,,,,,,,,,,,,,8648.19,8648.23,0ed690c6345af6caf218cbd0b7ad1cc2e4951b8c8c6953d5b06d18ff7f82c936,8.665,ok,
g2_dlow_asurplus_pmixed_gsingleton_seed0,warehouse_random_factorial,carrier,1,17,67.0,67000000,27,28,12,0,0.1765,12,17,67,67000000,17,67,67000000,1,0,0,12671,41,340,0,0,SEARCH_CUTOFF,0,0,0,0,-1,-1,-1,-1,-1,845,12548,845,18361,0,1127,0,3066,214,144,4383,4883,1033,3692,31.8606,232596,865,TASKBR_VACANCY_V1,37569,16586,37569,23983,54155,44.2858,576,17294,7197,13538,13538,20294,20292,20292,20292,20292,0,0,0,0,0,0,0,20292,76802,6,BOTTLENECK_TARGET_FRONTIER_CONTINUITY_V2,27.2904,11.1454,35.3953,6.77258,21.5356,4908,106,4904,0,23,210,13303,7197,36435,0,0,0,5493.54,34584181,108249,4027.19,300,0,0,,,,,,,,,,,,,,,,,,,,,,,,,,,,,,,,,,,,,,,,,,,,,,8609.39,8609.42,74e586185adf5277a3458e1d0107e140964547bad910b3bdf0db7a09f67b5eb6,8.625,ok,
g2_dmedium_abaseline_pcross_heavy_gshared_pool_seed0,warehouse_random_factorial,carrier,1,18,56.0,56000000,17,27,12,0,0.2361,10,18,56,56000000,18,56,56000000,1,0,0,18119,4449,1771,0,0,SEARCH_CUTOFF,2,1,0,0,-1,56,-1,18,-1,147,25947,147,741,0,96,0,405,15,15,2493,668,90,337,4.90869,21231,158,TASKBR_VACANCY_V1,53497,2954,53497,51540,56451,91.3004,0,108699,33203,54787,54787,108699,108146,108058,108058,108058,0,0,0,0,0,0,0,108058,164196,6,BOTTLENECK_TARGET_FRONTIER_CONTINUITY_V2,64.4475,26.4173,102.486,23.9972,40.6261,31368,25,28694,0,258,3181,51346,33203,28146,0,412,0,2842.85,2243847,211853,1101.72,18450,0,0,,,,,,,,,,,,,,,,,,,,,,,,,,,,,,,,,,,,,,,,,,,,,,9219.37,9219.41,4de46c4ab5e0ac994fd54fc8e0f30c977c9ba201f50be079433ac7414a504e91,9.251,ok,
g2_dmedium_abaseline_pcross_heavy_gsingleton_seed0,warehouse_random_factorial,carrier,1,27,92.0,92000000,41,39,12,0,0.3796,34,27,92,92000000,27,92,92000000,1,0,0,13658,4441,1573,0,0,SEARCH_CUTOFF,12,0,0,0,-1,-1,-1,-1,-1,729,38665,729,8247,0,433,0,2212,126,124,11305,7123,457,1990,25.6217,125370,3326,TASKBR_VACANCY_V1,90432,14620,90432,78430,107074,73.2484,451,103232,30032,48548,48548,105398,100942,99490,99490,99490,0,0,0,0,0,0,0,99490,120281,6,BOTTLENECK_TARGET_FRONTIER_CONTINUITY_V2,59.2574,24.6553,89.1197,20.9107,42.1047,24696,329,25538,0,249,2924,45373,30032,56571,0,279,0,4255.61,8464917,302185,2030,8477,537,2,,,,,,,,,,,,,,,,,,,,,,,,,,,,,,,,,,,,,,,,,,,,,,8820.79,8820.82,c20f6e0eae3b7cc9c0440ed0267adee9168af84aadc36eabb98dfa75b19e0b7a,8.849,ok,
g2_dmedium_abaseline_plocal_gshared_pool_seed0,warehouse_random_factorial,carrier,1,23,75.0,75000000,15,48,12,0,0.163,11,23,75,75000000,23,75,75000000,1,0,0,11440,4887,1851,0,0,SEARCH_CUTOFF,5,1,0,0,-1,75,-1,23,-1,436,37764,436,1850,0,482,0,1099,4,2,354,329,516,1500,15.888,94500,205,TASKBR_VACANCY_V1,75508,2667,75508,72845,78179,93.1772,166,116729,32437,57537,57537,116729,115233,115209,115209,115209,0,0,0,0,0,0,0,115209,160144,6,BOTTLENECK_TARGET_FRONTIER_CONTINUITY_V2,68.7363,26.1853,106.281,24.522,48.1635,34412,128,31893,0,267,3182,54086,32437,50430,0,364,0,3484.29,2377126,295922,1355.91,13862,0,0,,,,,,,,,,,,,,,,,,,,,,,,,,,,,,,,,,,,,,,,,,,,,,8894.1,8894.14,1072f63f6c91a4049a076fd1f29ef886e2c815389a1662f4062c5d47180e4e8f,8.926,ok,
g2_dmedium_abaseline_plocal_gsingleton_seed0,warehouse_random_factorial,carrier,1,21,75.0,75000000,29,34,12,0,0.3452,25,21,76,76000000,21,75,75000000,1,1,1,13250,1932,854,0,0,STRICT_IMPROVEMENT,4,0,0,0,-1,-1,-1,-1,-1,206,11503,206,688,0,236,0,371,12,0,966,797,287,556,6.16377,35028,273,TASKBR_VACANCY_V1,20206,1359,20206,18855,21577,87.3847,0,21559,3499,13822,13822,21565,20973,20967,20967,20967,0,0,0,0,0,0,0,20967,30963,6,BOTTLENECK_TARGET_FRONTIER_CONTINUITY_V2,15.1046,4.79661,19.0754,4.40496,6.47141,9871,840,9533,0,109,1234,12477,3499,15265,0,114,0,1277.23,4496054,82888,746.51,525,0,0,,,,,,,,,,,,,,,,,,,,,,,,,,,,,,,,,,,,,,,,,,,,,,2467.15,2467.19,5e5f0a2c1b31897111ecf3de4fa5c70d5e51892e1fbc7efcdbf5591e11b03273,2.482,ok,
g2_dmedium_abaseline_pmixed_gshared_pool_seed0,warehouse_random_factorial,carrier,1,29,99.0,99000000,37,50,12,0,0.319,22,29,99,99000000,29,99,99000000,1,0,0,31980,3135,988,0,0,SEARCH_CUTOFF,3,1,0,0,-1,99,-1,29,-1,800,28202,800,6243,0,1419,6,1310,174,172,2600,558,1185,2029,23.3013,127827,926,TASKBR_VACANCY_V1,44171,18343,44171,27581,66418,41.5264,524,22561,11469,30645,30645,23472,23470,23279,23279,23279,0,0,0,0,0,0,0,23279,37992,6,BOTTLENECK_TARGET_FRONTIER_CONTINUITY_V2,26.6928,7.41124,23.532,6.44872,11.3167,18576,10976,15356,0,187,2337,28119,11469,54186,0,251,0,5273.06,32578405,163193,3969.61,1004,0,0,,,,,,,,,,,,,,,,,,,,,,,,,,,,,,,,,,,,,,,,,,,,,,8864.54,8864.58,cec57f6e28d22977ed824231b7eaa416a76c8ac4f7005759f463e37038785ec8,8.887,ok,
g2_dmedium_abaseline_pmixed_gsingleton_seed0,warehouse_random_factorial,carrier,1,29,100.0,100000000,39,49,12,0,0.3362,37,29,100,100000000,29,100,100000000,1,0,0,31449,4440,1351,0,0,SEARCH_CUTOFF,4,0,0,0,-1,-1,-1,-1,-1,304,40235,304,1657,0,368,0,664,28,10,961,840,385,773,9.48677,48699,351,TASKBR_VACANCY_V1,71450,7858,71450,63611,79344,80.1712,26,73396,23050,45266,45266,73419,68811,68186,68186,68186,0,0,0,0,0,0,0,68186,99154,6,BOTTLENECK_TARGET_FRONTIER_CONTINUITY_V2,48.804,17.8876,61.8445,15.5752,31.5328,27833,351,26018,0,212,3081,41971,23050,57734,0,344,0,4068.41,14839649,261389,2418.03,6981,0,14,,,,,,,,,,,,,,,,,,,,,,,,,,,,,,,,,,,,,,,,,,,,,,8814.32,8814.36,c79769999acdb92f06cc3fc56c77d6108a1e755a7410d8eb0857fa3d4bcff1b6,8.842,ok,
g2_dmedium_aequal_pcross_heavy_gshared_pool_seed0,warehouse_random_factorial,carrier,1,12,58.0,58000000,17,29,12,0,0.2361,8,12,58,58000000,12,58,58000000,1,0,0,13391,10,68,0,0,SEARCH_CUTOFF,0,1,0,0,-1,58,-1,12,-1,1235,17458,1235,5573,0,1879,0,2613,0,0,14298,12318,2179,2484,35.7939,156492,5492,TASKBR_VACANCY_V1,11151,3828,11151,7323,14979,48.8884,970,3847,3783,18939,18939,3847,3842,3842,3842,3842,0,0,0,0,0,0,0,3842,10922,6,BOTTLENECK_TARGET_FRONTIER_CONTINUITY_V2,19.5842,2.60573,7.22943,1.62585,5.05458,15159,15151,7207,0,24,274,18639,3783,51476,0,1,0,3239.59,7791696,121500,1502.44,0,0,0,,,,,,,,,,,,,,,,,,,,,,,,,,,,,,,,,,,,,,,,,,,,,,8655.66,8655.7,b71355a2296800b5bab818014b56e5a1fc840954ed9caea3b2a667d1c7c4e9d8,8.671,ok,
g2_dmedium_aequal_pcross_heavy_gsingleton_seed0,warehouse_random_factorial,carrier,1,20,77.0,77000000,41,24,12,0,0.3417,17,20,77,77000000,20,77,77000000,1,0,0,29013,268,820,0,0,SEARCH_CUTOFF,0,0,0,0,-1,-1,-1,-1,-1,304,14375,304,3189,0,678,0,751,170,101,616,1127,532,1128,10.9919,71064,416,TASKBR_VACANCY_V1,19426,7971,19426,18254,45916,39.7552,32,10239,22444,15359,15359,13973,13907,13907,13907,13907,0,0,0,0,0,0,0,13907,36599,6,BOTTLENECK_TARGET_FRONTIER_CONTINUITY_V2,19.9548,6.28594,21.0933,5.10557,11.7246,2283,148,1675,0,17,161,15179,22444,32206,0,3,0,6031.67,44323410,104636,5104.65,4904,0,2,,,,,,,,,,,,,,,,,,,,,,,,,,,,,,,,,,,,,,,,,,,,,,8606.14,8606.17,bdb8a619314c3445f040528ffdf928f838e9cb64ac44fdaaccd45395f293dfe8,8.621,ok,
g2_dmedium_aequal_plocal_gshared_pool_seed0,warehouse_random_factorial,carrier,1,13,58.0,58000000,15,31,12,0,0.1923,8,13,58,58000000,13,58,58000000,1,0,0,22060,1564,3994,0,0,SEARCH_CUTOFF,2,1,0,0,-1,58,-1,13,-1,419,23607,419,1847,0,741,0,1134,26,22,1281,681,769,1104,13.9232,69552,667,TASKBR_VACANCY_V1,51786,4881,51786,47123,57293,82.2491,154,38916,20279,24759,24759,38952,38872,38610,38610,38610,0,0,0,0,0,0,0,38610,62299,6,BOTTLENECK_TARGET_FRONTIER_CONTINUITY_V2,37.0661,15.021,49.3737,11.3607,20.0503,7164,131,7161,0,28,308,24421,20279,57580,0,2,0,3163.13,4922968,192966,1477.22,3559,0,10,,,,,,,,,,,,,,,,,,,,,,,,,,,,,,,,,,,,,,,,,,,,,,8732.55,8732.6,b2408be010b59002eba9fb9cd866ce38b41527cabc4d33d80fce1fdd4ffabb52,8.754,ok,
g2_dmedium_aequal_plocal_gsingleton_seed0,warehouse_random_factorial,carrier,1,20,74.0,74000000,30,29,14,0,0.25,19,20,74,74000000,20,74,74000000,1,0,0,6706,24,151,0,0,SEARCH_CUTOFF,2,0,0,0,-1,-1,-1,-1,-1,36,17286,36,238,0,41,0,79,12,6,444,264,35,130,1.18964,8190,134,TASKBR_VACANCY_V1,73,26,73,64,111,57.6577,0,89,28,23897,23897,109,104,93,93,93,0,0,0,0,0,0,0,93,115,6,BOTTLENECK_TARGET_FRONTIER_CONTINUITY_V2,19.7531,0.034907,0.169562,0.031735,0.148959,23871,23867,11155,0,52,406,23437,28,17359,0,0,0,1293.28,1879269,24101,371.436,0,5,0,,,,,,,,,,,,,,,,,,,,,,,,,,,,,,,,,,,,,,,,,,,,,,8664.69,8664.73,bf808f2c60b2552d922d7a0682a3a73e0be41fb1de009f0203461a119438c024,8.686,ok,
g2_dmedium_aequal_pmixed_gshared_pool_seed0,warehouse_random_factorial,carrier,1,19,84.0,84000000,37,35,12,0,0.3246,16,19,84,84000000,19,84,84000000,1,0,0,6589,18,122,0,0,SEARCH_CUTOFF,0,1,0,0,-1,84,-1,19,-1,75,21336,75,1238,0,64,2,191,13,12,416,73,40,259,2.6562,16317,109,TASKBR_VACANCY_V1,16774,11934,16774,7127,30164,23.6275,0,3443,4214,23337,23337,4286,4284,4284,4284,4284,0,0,0,0,0,0,0,4284,17094,6,BOTTLENECK_TARGET_FRONTIER_CONTINUITY_V2,22.6832,2.37809,8.2074,1.75144,5.42992,19119,19108,7375,0,30,323,22982,4214,38283,0,1,0,1893.39,4526562,63631,871.706,0,0,0,,,,,,,,,,,,,,,,,,,,,,,,,,,,,,,,,,,,,,,,,,,,,,8737.49,8737.53,96daf30269ac8c50e34b96c17009692de7930747440939accf39ad734cab233b,8.755,ok,
g2_dmedium_aequal_pmixed_gsingleton_seed0,warehouse_random_factorial,carrier,1,18,82.0,82000000,36,31,14,0,0.3333,34,18,82,82000000,18,82,82000000,1,0,0,31823,271,734,0,0,SEARCH_CUTOFF,0,0,0,0,-1,-1,-1,-1,-1,2337,10740,2337,27873,0,4562,0,7161,1583,585,58569,15358,4909,10426,97.2343,656838,17500,TASKBR_VACANCY_V1,27905,17015,27905,15672,62520,25.0672,2066,9637,18235,13139,13139,13279,11800,11789,11789,11789,0,0,0,1477,0,0,0,11789,18014,6,BOTTLENECK_TARGET_FRONTIER_CONTINUITY_V2,18.4753,6.02155,17.2797,4.32819,9.24871,1887,755,1998,0,15,132,12990,18235,43317,0,4,0,6591.26,21520279,104315,3219.02,2066,0,324,,,,,,,,,,,,,,,,,,,,,,,,,,,,,,,,,,,,,,,,,,,,,,8640.71,8640.75,20b8786226d691897461c5a250ef052377c0e99cd38ae3610f5834c2c086f9c4,8.659,ok,
g2_dmedium_ascarce_pcross_heavy_gshared_pool_seed0,warehouse_random_factorial,carrier,1,26,68.0,68000000,17,39,12,0,0.2179,12,26,70,70000000,26,68,68000000,1,1,1,716,750,358,1,1,REFERENCE_SUFFIX_ACCEPTED,4,1,1,1,639,70,68,26,26,86,2537,86,411,0,77,0,240,0,0,1300,1076,71,277,3.05566,17451,149,TASKBR_VACANCY_V1,6074,665,6074,5409,6739,80.2641,0,10546,3133,4832,4832,10546,10537,10337,10337,10337,0,0,0,0,0,0,0,10337,11076,6,BOTTLENECK_TARGET_FRONTIER_CONTINUITY_V2,5.80727,2.29482,8.96757,2.15388,3.96514,2803,18,2801,0,159,1219,3452,3133,3170,0,132,0,347.296,178902,20361,113.738,888,0,0,,,,,,,,,,,,,,,,,,,,,,,,,,,,,,,,,,,,,,,,,,,,,,671.799,671.834,6f0a84685e83a9303a3144a98a718bfd20d7fdf1dea5a1e762f61eba7ca5b37b,0.685,ok,
g2_dmedium_ascarce_pcross_heavy_gsingleton_seed0,warehouse_random_factorial,carrier,1,38,98.0,98000000,41,45,12,0,0.3596,53,38,98,98000000,38,98,98000000,1,0,0,19187,969,491,0,0,SEARCH_CUTOFF,7,0,0,0,-1,-1,-1,-1,-1,2424,26223,2424,18543,0,2614,0,6557,1323,1293,19467,3485,1631,6766,79.417,426258,4434,TASKBR_VACANCY_V1,66929,22091,66929,56342,103409,54.4846,2142,80118,22607,46116,46116,100823,98502,90129,90129,90129,0,0,0,0,0,0,0,90129,106887,6,BOTTLENECK_TARGET_FRONTIER_CONTINUITY_V2,57.4317,25.2719,82.6108,22.6786,38.3646,23753,1669,26155,0,1164,11874,33076,22607,33752,0,1877,0,4772.37,7316169,205379,1738.15,4790,2400,2,,,,,,,,,,,,,,,,,,,,,,,,,,,,,,,,,,,,,,,,,,,,,,8927.53,8927.58,3abecdadf3c16c27fcb7b73df7cbb629e6cc66d836c36103e7f3de45d444065e,9.007,ok,
g2_dmedium_ascarce_plocal_gshared_pool_seed0,warehouse_random_factorial,carrier,1,31,86.0,86000000,15,59,12,0,0.1613,11,31,86,86000000,31,86,86000000,1,0,0,4910,1026,495,0,0,SEARCH_CUTOFF,4,1,0,0,-1,86,-1,31,-1,1001,24321,1001,3822,0,209,0,3109,6,2,3402,1999,206,2848,37.3503,179424,91,TASKBR_VACANCY_V1,70640,3695,70640,66949,74357,90.0373,731,135667,33397,48009,48009,135714,133124,128730,128730,128730,0,0,0,47,0,0,0,128730,129761,6,BOTTLENECK_TARGET_FRONTIER_CONTINUITY_V2,66.6545,27.6308,125.164,27.8297,56.605,30939,957,32298,0,1128,11493,35386,33397,20311,0,2345,0,3537.49,1170553,190573,1040.51,12172,0,0,,,,,,,,,,,,,,,,,,,,,,,,,,,,,,,,,,,,,,,,,,,,,,9012.67,9012.72,b3c333199a070575c80bd2e0428dadf94077b17187e43690ef2d0c386f46fb97,9.062,ok,
g2_dmedium_ascarce_plocal_gsingleton_seed0,warehouse_random_factorial,carrier,1,33,90.0,90000000,29,49,12,0,0.2929,35,33,90,90000000,33,90,90000000,1,0,0,6411,1089,606,0,0,SEARCH_CUTOFF,0,0,0,0,-1,-1,-1,-1,-1,370,16667,370,2000,0,204,0,1066,26,6,761,891,212,1018,13.2314,64134,431,TASKBR_VACANCY_V1,40668,2302,40668,38386,42994,89.2822,93,139161,24198,52457,52457,139181,137928,137813,137813,137813,0,0,0,2,0,0,0,137813,141808,6,BOTTLENECK_TARGET_FRONTIER_CONTINUITY_V2,74.8463,29.8086,126.579,28.7774,64.1774,39819,325,39891,0,1514,14387,36554,24198,15398,0,2345,0,3698.8,4699160,246380,1630.64,10296,0,0,,,,,,,,,,,,,,,,,,,,,,,,,,,,,,,,,,,,,,,,,,,,,,9069.19,9069.23,e89e92c2a76bf75195e2c344f3b07fe3342f030e00b237411e9e52fb3a185432,9.118,ok,
g2_dmedium_ascarce_pmixed_gshared_pool_seed0,warehouse_random_factorial,carrier,1,44,126.0,126000000,41,65,18,2,0.3106,25,45,114,114000000,44,126,126000000,1,1,1,2634,492,354,0,0,STRICT_IMPROVEMENT,19,1,1,1,1044,114,126,45,44,340,4365,340,2862,0,359,2,648,7,7,1706,619,236,949,10.859,59787,1015,TASKBR_VACANCY_V1,4464,2740,4464,1730,7211,23.9911,59,4096,1820,7264,7264,4325,3113,3098,3098,3098,0,0,0,222,0,0,0,3098,6473,6,BOTTLENECK_TARGET_FRONTIER_CONTINUITY_V2,5.55407,1.11632,3.68367,1.11929,1.25795,5275,4172,4113,0,271,1978,5013,1820,5074,0,264,0,518.607,801480,9999,165.336,68,0,0,,,,,,,,,,,,,,,,,,,,,,,,,,,,,,,,,,,,,,,,,,,,,,1104.41,1104.45,08f38e2c7be7aafbe4b5fb72f45266afb0ad0bba89c2df9cb636472b1a116ad0,1.117,ok,
g2_dmedium_ascarce_pmixed_gsingleton_seed0,warehouse_random_factorial,carrier,1,39,99.0,99000000,37,50,12,0,0.3162,47,39,99,99000000,39,99,99000000,1,0,0,11777,1260,701,0,0,SEARCH_CUTOFF,8,0,0,0,-1,-1,-1,-1,-1,364,21380,364,1463,0,340,0,753,25,9,996,586,293,797,12.1576,50211,264,TASKBR_VACANCY_V1,29843,5107,29843,24757,35048,70.6374,85,64381,19575,47554,47554,64399,63164,62176,62176,62176,0,0,0,0,0,0,0,62176,102437,6,BOTTLENECK_TARGET_FRONTIER_CONTINUITY_V2,57.1324,21.2561,66.4147,19.3526,23.9072,34068,715,32534,0,1329,13293,32930,19575,23451,0,2613,0,2880.33,2299720,103929,1047.06,7886,0,0,,,,,,,,,,,,,,,,,,,,,,,,,,,,,,,,,,,,,,,,,,,,,,9038,9038.05,c9645e41eed0ca4c3097b2f47cce1b5455e2f43775d8c47fe1cd8e77935a7704,9.088,ok,
g2_dmedium_asurplus_pcross_heavy_gshared_pool_seed0,warehouse_random_factorial,carrier,1,12,49.0,49000000,17,20,12,0,0.1574,9,12,49,49000000,12,49,49000000,1,0,0,12707,16,126,0,0,SEARCH_CUTOFF,0,1,0,0,-1,49,-1,12,-1,80,17337,80,420,0,73,0,136,4,4,155,185,82,177,2.24649,11151,7,TASKBR_VACANCY_V1,68,26,68,42,94,44.6809,0,67,23,18382,18382,67,61,61,61,61,0,0,0,0,0,0,0,61,124,6,BOTTLENECK_TARGET_FRONTIER_CONTINUITY_V2,20.2154,0.027641,0.127864,0.021253,0.133381,18363,18361,12441,0,27,206,18147,23,28133,0,0,0,1149.34,1840994,33173,379.237,3,0,0,,,,,,,,,,,,,,,,,,,,,,,,,,,,,,,,,,,,,,,,,,,,,,8674.67,8674.71,aed63edee9cf22c66e86e3a111ec3e77949e38befc29d177e93a77292740b2b4,8.694,ok,
g2_dmedium_asurplus_pcross_heavy_gsingleton_seed0,warehouse_random_factorial,carrier,1,20,77.0,77000000,41,24,12,0,0.2278,17,20,77,77000000,20,77,77000000,1,0,0,95045,268,1315,0,0,SEARCH_CUTOFF,0,0,0,0,-1,-1,-1,-1,-1,195,11350,195,1715,0,494,0,478,106,74,616,1023,372,673,7.00253,42399,389,TASKBR_VACANCY_V1,17153,6018,17153,16753,37580,44.5796,0,8801,17296,11777,11777,11722,11669,11669,11669,11669,0,0,0,0,0,0,0,11669,56049,6,BOTTLENECK_TARGET_FRONTIER_CONTINUITY_V2,24.3115,8.06445,25.9821,5.02131,12.2542,1710,139,1393,0,16,119,11640,17296,29762,0,0,0,5440.39,37238357,87182,4595.71,3532,0,2,,,,,,,,,,,,,,,,,,,,,,,,,,,,,,,,,,,,,,,,,,,,,,8646.7,8646.75,4ebfd03a1751584086a851ae3108f78ef3b1938d2664cf5a4ebdaaa05830512c,8.673,ok,
g2_dmedium_asurplus_plocal_gshared_pool_seed0,warehouse_random_factorial,carrier,1,12,52.0,52000000,15,25,12,0,0.1389,8,12,52,52000000,12,52,52000000,1,0,0,26172,1566,5774,0,0,SEARCH_CUTOFF,0,1,0,0,-1,52,-1,12,-1,1522,14655,1522,6756,0,2562,0,3847,166,116,2665,2685,2894,4266,52.2771,268758,1256,TASKBR_VACANCY_V1,28143,5677,28143,22718,34328,66.1792,1258,19676,8479,16258,16258,19701,19641,19641,19641,19641,0,0,0,0,0,0,0,19641,82606,6,BOTTLENECK_TARGET_FRONTIER_CONTINUITY_V2,38.7292,17.6119,44.5719,8.10993,40.489,10128,217,10123,0,22,241,15993,8479,47563,0,0,0,3553.34,3097627,125204,1029.43,2559,0,8,,,,,,,,,,,,,,,,,,,,,,,,,,,,,,,,,,,,,,,,,,,,,,8722.71,8722.76,424710a35953bee4bc9989d3fa6bb8344a4e393f6d476e071ef8dc6c1d7c7e20,8.746,ok,
g2_dmedium_asurplus_plocal_gsingleton_seed0,warehouse_random_factorial,carrier,1,20,71.0,71000000,30,26,14,0,0.1667,16,20,71,71000000,20,71,71000000,1,0,0,19968,24,220,0,0,SEARCH_CUTOFF,1,0,0,0,-1,-1,-1,-1,-1,36,13314,36,172,0,41,0,63,12,6,790,198,35,108,1.04273,6804,208,TASKBR_VACANCY_V1,45,22,45,38,77,49.3506,0,67,27,18756,18756,85,79,79,79,79,0,0,0,0,0,0,0,79,203,6,BOTTLENECK_TARGET_FRONTIER_CONTINUITY_V2,20.989,0.039523,0.18798,0.027776,0.157416,18736,18732,8700,0,32,251,18471,27,13387,0,0,0,1077.33,1565599,18922,295.508,0,6,0,,,,,,,,,,,,,,,,,,,,,,,,,,,,,,,,,,,,,,,,,,,,,,8645.72,8645.76,2837de6004aa036b81d0a3dce47c739611faa0ec4aaa9c6ea97b18b79202d93a,8.665,ok,
g2_dmedium_asurplus_pmixed_gshared_pool_seed0,warehouse_random_factorial,carrier,1,15,75.0,75000000,37,26,12,0,0.2741,15,15,75,75000000,15,75,75000000,1,0,0,147893,43,290,0,0,SEARCH_CUTOFF,0,1,0,0,-1,75,-1,15,-1,2072,12695,2072,4182,0,5330,0,1907,628,337,1527,681,7699,5210,58.9352,328230,968,TASKBR_VACANCY_V1,168,128,168,46,359,12.8134,1804,793,1459,14788,14788,1516,1515,1515,1515,1515,0,0,0,0,0,0,0,1515,4896,6,BOTTLENECK_TARGET_FRONTIER_CONTINUITY_V2,20.5333,0.719379,2.45898,0.510157,1.868,14050,14044,11243,0,17,128,14641,1459,56939,0,0,0,3137.2,8454346,116111,1686.17,0,0,0,,,,,,,,,,,,,,,,,,,,,,,,,,,,,,,,,,,,,,,,,,,,,,8704.22,8704.27,b347eb3a1044ef1735ec947ba771a2e8b96145e493a6caafc4872c15f5d2dc82,8.732,ok,
g2_dmedium_asurplus_pmixed_gsingleton_seed0,warehouse_random_factorial,carrier,1,17,82.0,82000000,36,31,14,0,0.2353,14,17,82,82000000,17,82,82000000,1,0,0,53199,19,163,0,0,SEARCH_CUTOFF,0,0,0,0,-1,-1,-1,-1,-1,2228,11611,2228,8652,0,4498,0,3591,155,149,11914,5185,5459,5370,69.8647,338310,3982,TASKBR_VACANCY_V1,152,142,152,18,310,5.80645,1960,86,20,13898,13898,97,79,79,79,79,0,0,0,3,0,0,0,79,147,6,BOTTLENECK_TARGET_FRONTIER_CONTINUITY_V2,21.6337,0.035921,0.151198,0.028427,0.135528,13883,13879,6404,0,19,197,13680,20,46910,0,0,0,3695.49,8458796,99735,1634.87,0,0,0,,,,,,,,,,,,,,,,,,,,,,,,,,,,,,,,,,,,,,,,,,,,,,8671.2,8671.25,f02a676f4bb14906f9da860dfc92cbb2db3b3c6e86fefd17a739183732c14ef0,8.695,ok,
g3_dhigh_abaseline_pcross_heavy_gshared_pool_seed0,warehouse_random_factorial,carrier,1,29,132.0,132000000,33,83,16,0,0.1897,29,29,132,132000000,29,132,132000000,1,0,0,1296,29279,15733,0,0,SEARCH_CUTOFF,0,1,0,0,-1,132,-1,29,-1,29,4936,29,439,0,48,0,119,0,0,332,26,25,84,1.79929,8820,50,TASKBR_VACANCY_V1,5046,31,5046,5015,5077,98.7788,0,18142,31,17955,17955,18142,18138,18138,18138,18138,0,0,0,0,0,0,0,18138,84930,8,BOTTLENECK_TARGET_FRONTIER_CONTINUITY_V2,46.4255,15.6419,45.2872,9.37138,13.6775,5886,3,5885,0,32,322,17599,31,5007,0,0,0,1606.62,150535,23200,236.195,4,0,0,,,,,,,,,,,,,,,,,,,,,,,,,,,,,,,,,,,,,,,,,,,,,,8643.83,8643.89,b9ce77f07bdbcfdd018c9c858a2591680785d9e98b31239a49036d53bdf9ced9,8.661,ok,
g3_dhigh_abaseline_pcross_heavy_gsingleton_seed0,warehouse_random_factorial,carrier,1,43,182.0,182000000,72,94,16,0,0.2791,76,43,182,182000000,43,182,182000000,1,0,0,12719,33,226,0,0,SEARCH_CUTOFF,6,0,0,0,-1,-1,-1,-1,-1,79,8296,79,751,0,176,0,204,61,27,1002,328,104,260,4.79112,27300,516,TASKBR_VACANCY_V1,14216,7662,14216,12360,31469,39.2767,0,12842,22083,12699,12699,17902,17893,17855,17855,17855,0,0,0,0,0,0,0,17855,55902,8,BOTTLENECK_TARGET_FRONTIER_CONTINUITY_V2,35.2714,12.0349,35.1944,8.75973,20.2928,1869,45,1068,0,15,98,12584,22083,12094,0,1,0,5064.34,25367758,70322,3735.69,7425,0,0,,,,,,,,,,,,,,,,,,,,,,,,,,,,,,,,,,,,,,,,,,,,,,8613.54,8613.6,0a66cf25909a769445d6bc1ee839ec84f3379faf3f56b9abb2fe375605ae8093,8.631,ok,
g3_dhigh_abaseline_plocal_gshared_pool_seed0,warehouse_random_factorial,carrier,1,19,92.0,92000000,19,57,16,0,0.1667,27,19,92,92000000,19,92,92000000,1,0,0,1555,21237,18767,0,0,SEARCH_CUTOFF,6,1,0,0,-1,92,-1,19,-1,29,15095,29,326,0,18,0,132,0,0,84,105,10,114,1.96406,11970,24,TASKBR_VACANCY_V1,15223,20,15223,15203,15243,99.7376,0,16572,4359,16430,16430,16572,16564,16563,16563,16563,0,0,0,0,0,0,0,16563,69843,8,BOTTLENECK_TARGET_FRONTIER_CONTINUITY_V2,55.0738,17.984,48.4914,9.6204,39.6837,7247,5,7246,0,25,228,16175,4359,15140,0,0,0,2048.84,158936,25269,301.534,2163,0,0,,,,,,,,,,,,,,,,,,,,,,,,,,,,,,,,,,,,,,,,,,,,,,8628.04,8628.12,0093396a6000192ac3bb76787587af1d86c7c116748594f4341544c7a7e8fc38,8.647,ok,
g3_dhigh_abaseline_plocal_gsingleton_seed0,warehouse_random_factorial,carrier,1,23,112.0,112000000,44,52,16,0,0.3188,73,23,112,112000000,23,112,112000000,1,0,0,3891,41319,12592,0,0,SEARCH_CUTOFF,1,0,0,0,-1,-1,-1,-1,-1,32,2013,32,364,0,60,0,136,18,2,278,1652,62,145,2.95485,15225,1214,TASKBR_VACANCY_V1,4130,12,4130,4132,4163,99.2553,0,30116,5066,15017,15017,30127,30121,30110,30110,30110,0,0,0,0,0,0,0,30110,71860,8,BOTTLENECK_TARGET_FRONTIER_CONTINUITY_V2,73.7359,23.816,80.793,16.2659,36.3413,4293,4,4294,0,25,262,14728,5066,2100,0,0,0,2318.06,276031,38293,458.013,2697,0,4,,,,,,,,,,,,,,,,,,,,,,,,,,,,,,,,,,,,,,,,,,,,,,8650.26,8650.32,cbabd0ccbbfaaf28b6b50d1adacf0013d86a8a77d1751a8e609250f575186f28,8.668,ok,
g3_dhigh_abaseline_pmixed_gshared_pool_seed0,warehouse_random_factorial,carrier,1,22,102.0,102000000,27,59,16,0,0.2045,86,22,102,102000000,22,102,102000000,1,0,0,3902,63,296,0,0,SEARCH_CUTOFF,2,1,0,0,-1,102,-1,22,-1,29,6492,29,283,0,32,0,140,0,0,592,44,16,103,2.71232,10815,310,TASKBR_VACANCY_V1,6633,23,6633,6610,6656,99.3089,0,23368,5123,18114,18114,23368,23363,23363,23363,23363,0,0,0,0,0,0,0,23363,83813,8,BOTTLENECK_TARGET_FRONTIER_CONTINUITY_V2,46.0017,14.622,49.6614,9.75061,25.0749,6285,4,6283,0,4,77,18031,5123,6545,0,0,0,1943.47,213766,36469,330.275,4,0,0,,,,,,,,,,,,,,,,,,,,,,,,,,,,,,,,,,,,,,,,,,,,,,8642.47,8642.55,7aa19d13f9082de0e0931925345498b1afa6a836a592baebb1c80d7fde6e7cd5,8.673,ok,
g3_dhigh_abaseline_pmixed_gsingleton_seed0,warehouse_random_factorial,carrier,1,21,102.0,102000000,36,50,16,0,0.2857,136,21,102,102000000,21,102,102000000,1,0,0,0,18449,17225,0,0,SEARCH_CUTOFF,2,0,0,0,-1,-1,-1,-1,-1,29,8,29,316,0,44,0,121,0,0,572,1492,44,118,2.91406,12390,698,TASKBR_VACANCY_V1,130,10,130,120,140,85.7143,0,35715,8860,14831,14831,35715,35706,35706,35706,35706,0,0,0,0,0,0,0,35706,73386,8,BOTTLENECK_TARGET_FRONTIER_CONTINUITY_V2,76.3823,24.8074,86.8752,16.4456,53.3396,4531,5,4526,0,25,237,14567,8860,84,0,0,0,2644.22,615314,89020,721.933,8,0,0,,,,,,,,,,,,,,,,,,,,,,,,,,,,,,,,,,,,,,,,,,,,,,8654.81,8654.89,fa144676fac39dc1f35652338e78b1745cfd6d9c29e4d789a7fedd8e327bc359,8.695,ok,
g3_dhigh_aequal_pcross_heavy_gshared_pool_seed0,warehouse_random_factorial,carrier,1,21,125.0,125000000,33,76,16,0,0.1964,45,21,125,125000000,21,125,125000000,1,0,0,90502,62,356,0,0,SEARCH_CUTOFF,0,1,0,0,-1,125,-1,21,-1,109,16905,109,775,0,182,0,238,0,0,443,34,182,248,8.72935,26040,57,TASKBR_VACANCY_V1,11353,32,11353,11321,11385,99.4379,0,5923,5784,17314,17314,5923,5913,5913,5913,5913,0,0,0,0,0,0,0,5913,28164,8,BOTTLENECK_TARGET_FRONTIER_CONTINUITY_V2,25.0026,4.44771,13.4396,2.79134,12.0124,11536,11522,4814,0,20,192,17100,5784,39945,0,0,0,2200.06,2755631,108244,847.136,10,0,0,,,,,,,,,,,,,,,,,,,,,,,,,,,,,,,,,,,,,,,,,,,,,,8654.66,8654.74,d24f3463d33308b0a23d79c8c8839ef6622ce3ad1757c20232e9d5cf30a75358,8.689,ok,
g3_dhigh_aequal_pcross_heavy_gsingleton_seed0,warehouse_random_factorial,carrier,1,33,200.0,200000000,73,106,18,0,0.2765,110,33,200,200000000,33,200,200000000,1,0,0,83762,34,263,0,0,SEARCH_CUTOFF,9,0,0,0,-1,-1,-1,-1,-1,945,12584,945,5881,0,1841,0,1872,36,26,2794,354,2226,2190,67.4021,229950,1660,TASKBR_VACANCY_V1,11112,5873,11112,5271,17024,30.9622,668,2695,2484,13601,13601,2749,2729,2695,2695,2695,0,0,0,0,0,0,0,2695,10023,8,BOTTLENECK_TARGET_FRONTIER_CONTINUITY_V2,18.9188,1.85432,5.67973,1.24952,3.55231,11131,11107,5534,0,20,164,13415,2484,45628,0,0,0,4744.79,14182678,105166,2151.66,8,13,0,,,,,,,,,,,,,,,,,,,,,,,,,,,,,,,,,,,,,,,,,,,,,,8640.94,8641.02,ea137c3604feada256ddbc866b02e296478dc2f7f719b66631f11e946ab5bc19,8.675,ok,
g3_dhigh_aequal_plocal_gshared_pool_seed0,warehouse_random_factorial,carrier,1,13,80.0,80000000,19,45,16,0,0.1827,20,13,80,80000000,13,80,80000000,1,0,0,169606,11,96,0,0,SEARCH_CUTOFF,0,1,0,0,-1,80,-1,13,-1,1682,5368,1682,7665,0,3572,0,3651,0,0,4710,2836,3999,3428,128.321,359940,1962,TASKBR_VACANCY_V1,4321,1440,4321,2881,5761,50.0087,1416,3284,1432,7088,7088,3284,1519,1519,1519,1519,0,0,0,0,0,0,0,1519,5430,8,BOTTLENECK_TARGET_FRONTIER_CONTINUITY_V2,16.0881,1.87031,4.96033,1.00779,4.63929,5663,5657,2096,0,16,144,6926,1432,24405,0,0,0,6228,2733834,51274,895.233,0,0,0,,,,,,,,,,,,,,,,,,,,,,,,,,,,,,,,,,,,,,,,,,,,,,8614.56,8614.62,5baf80cb890a867ab75e34c1b325480e56e5f6bf5d1bd880381ef0206aef1c89,8.651,ok,
g3_dhigh_aequal_plocal_gsingleton_seed0,warehouse_random_factorial,carrier,1,19,118.0,118000000,40,56,20,0,0.2632,52,19,118,118000000,19,118,118000000,1,0,0,10998,28583,68243,0,0,SEARCH_CUTOFF,0,0,0,0,-1,-1,-1,-1,-1,34,11016,34,323,0,60,0,129,26,4,110,359,58,153,3.3572,16065,349,TASKBR_VACANCY_V1,22130,25,22130,22137,22185,99.7836,0,29381,5747,14662,14662,29409,29402,29386,29386,29386,0,0,0,0,0,0,0,29386,90888,8,BOTTLENECK_TARGET_FRONTIER_CONTINUITY_V2,63.7217,23.1636,82.8813,15.2625,45.8871,5512,4,4411,0,24,239,14397,5747,14263,0,0,0,2510.85,600851,79896,757.953,2861,0,2,,,,,,,,,,,,,,,,,,,,,,,,,,,,,,,,,,,,,,,,,,,,,,8649.2,8649.28,156aa03e0d50fa61f48ec23b9bdfc4e0fc3d43fb0f17b818ade6f8f415a68918,8.675,ok,
g3_dhigh_aequal_pmixed_gshared_pool_seed0,warehouse_random_factorial,carrier,1,15,88.0,88000000,27,45,16,0,0.225,21,15,88,88000000,15,88,88000000,1,0,0,12571,16367,26236,0,0,SEARCH_CUTOFF,0,1,0,0,-1,88,-1,15,-1,1477,1544,1477,12892,0,2850,0,5171,320,320,7907,3326,2871,3920,106.693,411600,4648,TASKBR_VACANCY_V1,6952,1413,6952,5539,8645,64.0717,1209,4368,1261,3036,3036,4368,4361,4361,4361,4361,0,0,0,0,0,0,0,4361,10268,8,BOTTLENECK_TARGET_FRONTIER_CONTINUITY_V2,10.7697,3.81796,10.5362,2.30179,5.43414,444,6,440,0,2,0,3032,1261,10552,0,0,0,8146.36,2721900,24249,687.667,0,0,0,,,,,,,,,,,,,,,,,,,,,,,,,,,,,,,,,,,,,,,,,,,,,,8532.49,8532.54,f64deaf9952b2a3a1c0be378d1cc398e76483d75efa32f9cd976abdc2e516aae,8.546,ok,
g3_dhigh_aequal_pmixed_gsingleton_seed0,warehouse_random_factorial,carrier,1,16,88.0,88000000,36,36,16,0,0.2812,57,16,88,88000000,16,88,88000000,1,0,0,121593,273,830,0,0,SEARCH_CUTOFF,0,0,0,0,-1,-1,-1,-1,-1,166,15575,166,373,0,340,0,160,0,0,992,508,411,382,11.4046,40110,576,TASKBR_VACANCY_V1,116,34,116,82,150,54.6667,0,120,35,16035,16035,120,111,111,111,111,0,0,0,0,0,0,0,111,180,8,BOTTLENECK_TARGET_FRONTIER_CONTINUITY_V2,26.7075,0.061186,0.340359,0.072418,0.273914,16002,15996,4998,0,23,191,15819,35,38212,0,0,0,2469.27,3253180,75551,967.761,0,0,0,,,,,,,,,,,,,,,,,,,,,,,,,,,,,,,,,,,,,,,,,,,,,,8653.26,8653.33,f80c1e62ca23b36e6ace0304b04f90b9f4d406b5589f06c1e86bcade7181acf4,8.682,ok,
g3_dhigh_ascarce_pcross_heavy_gshared_pool_seed0,warehouse_random_factorial,carrier,1,36,135.0,135000000,33,86,16,0,0.2292,45,36,135,135000000,36,135,135000000,1,0,0,286,2639,1601,0,0,SEARCH_CUTOFF,2,1,0,0,-1,135,-1,36,-1,55,7414,55,476,0,46,0,278,1,0,404,104,23,141,3.36515,14805,63,TASKBR_VACANCY_V1,22496,1171,22496,22471,23667,94.9466,0,106571,30569,36428,36428,107107,106407,106273,106273,106273,0,0,0,270,0,0,0,106273,123173,8,BOTTLENECK_TARGET_FRONTIER_CONTINUITY_V2,64.8299,26.8359,103.701,21.2246,54.821,19158,19,19155,0,155,2461,33810,30569,5614,0,163,0,3489.66,1374348,210396,1137.4,13870,0,0,,,,,,,,,,,,,,,,,,,,,,,,,,,,,,,,,,,,,,,,,,,,,,8899.87,8899.93,0fe291d8a0a4f35d3b8049b8ca88ebb675b02146ebb222431aec483905286b22,8.928,ok,
g3_dhigh_ascarce_pcross_heavy_gsingleton_seed0,warehouse_random_factorial,carrier,1,53,188.0,188000000,68,104,16,0,0.3208,189,53,188,188000000,53,188,188000000,1,0,0,33377,1647,732,0,0,SEARCH_CUTOFF,8,0,0,0,-1,-1,-1,-1,-1,184,19762,184,1063,0,331,0,495,74,30,3246,1036,255,485,10.1055,50925,1998,TASKBR_VACANCY_V1,14696,2165,14696,12610,16930,74.4832,0,25379,10801,34266,34266,25441,24136,24062,24062,24062,0,0,0,0,0,0,0,24062,59767,8,BOTTLENECK_TARGET_FRONTIER_CONTINUITY_V2,36.4065,8.15397,28.9063,6.95356,12.1195,20059,13683,13965,0,328,3283,30653,10801,24480,0,262,0,2827.81,2731840,60452,753.253,432,0,0,,,,,,,,,,,,,,,,,,,,,,,,,,,,,,,,,,,,,,,,,,,,,,8888.28,8888.34,eda1b0b1400d5fb5bee8ca6378d5e3beecaf1eaa968bfdf22aad168d7ce0d477,8.917,ok,
g3_dhigh_ascarce_plocal_gshared_pool_seed0,warehouse_random_factorial,carrier,1,31,108.0,108000000,19,73,16,0,0.1532,31,31,108,108000000,31,108,108000000,1,0,0,9527,5584,1903,0,0,SEARCH_CUTOFF,11,1,0,0,-1,108,-1,31,-1,101,22252,101,491,0,101,0,288,0,0,81,138,93,320,6.54432,33600,120,TASKBR_VACANCY_V1,42341,1164,42341,41177,43505,94.6489,0,66155,17884,32881,32881,66155,65328,65199,65199,65199,0,0,0,0,0,0,0,65199,89627,8,BOTTLENECK_TARGET_FRONTIER_CONTINUITY_V2,59.4254,21.2915,81.4712,17.1509,41.7339,17600,33,17599,0,141,2016,30722,17884,26167,0,154,0,3520.23,1725933,168363,1206.13,7104,0,0,,,,,,,,,,,,,,,,,,,,,,,,,,,,,,,,,,,,,,,,,,,,,,8872.94,8873,600507b828a17e2c526c87796b8e8be7b54b69604dc8af7b24979fc1fd625b83,8.9,ok,
g3_dhigh_ascarce_plocal_gsingleton_seed0,warehouse_random_factorial,carrier,1,35,129.0,129000000,44,69,16,0,0.3143,127,35,129,129000000,35,129,129000000,1,0,0,33813,2624,909,0,0,SEARCH_CUTOFF,9,0,0,0,-1,-1,-1,-1,-1,1229,23467,1229,2214,0,2086,0,1379,48,4,965,4318,2452,3249,62.9068,341145,4019,TASKBR_VACANCY_V1,31317,4923,31317,26435,36286,72.8518,949,29946,11317,27743,27743,29987,26376,26139,26139,26139,0,0,0,24,0,0,0,26139,41568,8,BOTTLENECK_TARGET_FRONTIER_CONTINUITY_V2,31.1552,8.53125,28.3382,7.65698,9.7184,16070,7491,14151,0,65,1646,26030,11317,40463,0,277,0,4119.83,10194634,143162,1733.28,1032,0,2,,,,,,,,,,,,,,,,,,,,,,,,,,,,,,,,,,,,,,,,,,,,,,8811,8811.05,dfcab269e7da1f64059dac62c2619db28358caec223e6e8a0b0630cdd7568e15,8.839,ok,
g3_dhigh_ascarce_pmixed_gshared_pool_seed0,warehouse_random_factorial,carrier,1,41,141.0,141000000,27,98,16,0,0.1646,33,41,141,141000000,41,141,141000000,1,0,0,8866,3621,1558,0,0,SEARCH_CUTOFF,14,1,0,0,-1,141,-1,41,-1,63,13037,63,442,0,42,0,229,0,0,969,67,26,220,4.0724,23100,549,TASKBR_VACANCY_V1,22955,1328,22955,21627,24283,89.0623,0,65101,10470,34791,34791,65101,64106,64106,64106,64106,0,0,0,0,0,0,0,64106,113536,8,BOTTLENECK_TARGET_FRONTIER_CONTINUITY_V2,48.4097,18.4624,64.4307,14.3851,23.7329,23915,30,23914,0,311,3249,31229,10470,13955,0,273,0,2557.54,844128,107986,722.72,4337,0,0,,,,,,,,,,,,,,,,,,,,,,,,,,,,,,,,,,,,,,,,,,,,,,8928.95,8929.01,70c6ffb38ca7b8f88d8e330b8cc5fe7df766065fae355d38cb39ae4249fc02f4,8.961,ok,
g3_dhigh_ascarce_pmixed_gsingleton_seed0,warehouse_random_factorial,carrier,1,31,108.0,108000000,36,56,16,0,0.2903,118,31,108,108000000,31,108,108000000,1,0,0,19327,5417,1910,0,0,SEARCH_CUTOFF,3,0,0,0,-1,-1,-1,-1,-1,450,26450,450,1917,0,667,0,943,0,0,1376,1380,744,1548,26.8492,162540,1460,TASKBR_VACANCY_V1,49920,5813,49920,44107,55733,79.1398,175,53072,19701,32524,32524,53072,52907,51871,51871,51871,0,0,0,0,0,0,0,51871,73832,8,BOTTLENECK_TARGET_FRONTIER_CONTINUITY_V2,43.3255,14.6798,53.5998,12.4056,21.627,13967,163,13966,0,244,2275,30003,19701,43677,0,215,0,3699.98,2202546,172759,1126.01,2854,0,0,,,,,,,,,,,,,,,,,,,,,,,,,,,,,,,,,,,,,,,,,,,,,,8865.77,8865.82,b7312aa67377c5e784c7b2aedee505ae8dd8ef83ef1aa9125731edaa32c0be76,8.894,ok,
g3_dhigh_asurplus_pcross_heavy_gshared_pool_seed0,warehouse_random_factorial,carrier,1,19,108.0,108000000,33,59,16,0,0.1447,23,19,108,108000000,19,108,108000000,1,0,0,98578,121710,245735,0,0,SEARCH_CUTOFF,0,1,0,0,-1,108,-1,19,-1,46,16159,46,553,0,75,0,131,0,0,168,146,57,124,2.5404,13020,13,TASKBR_VACANCY_V1,23364,30,23364,23334,23394,99.7435,0,22710,4490,18138,18138,22710,22706,22706,22706,22706,0,0,0,0,0,0,0,22706,175376,8,BOTTLENECK_TARGET_FRONTIER_CONTINUITY_V2,38.2565,15.1866,50.636,9.72917,44.05,7887,10,7886,0,23,187,17926,4490,25450,0,0,0,1746.26,856506,83330,472.1,2,0,0,,,,,,,,,,,,,,,,,,,,,,,,,,,,,,,,,,,,,,,,,,,,,,8669.04,8669.09,6b9ff2e5910c13497fdb36cd81400b10ac2c485e6ab44b9cbd32aef567d77825,8.698,ok,
g3_dhigh_asurplus_pcross_heavy_gsingleton_seed0,warehouse_random_factorial,carrier,1,37,202.0,202000000,72,114,16,0,0.1622,162,37,202,202000000,37,202,202000000,1,0,0,86908,34,399,0,0,SEARCH_CUTOFF,5,0,0,0,-1,-1,-1,-1,-1,67,11801,67,629,0,168,0,214,63,29,3860,635,95,224,5.32998,23520,2296,TASKBR_VACANCY_V1,11975,4689,11975,14550,28527,51.0043,0,11014,12560,15480,15480,13237,13229,13229,13229,13229,0,0,0,0,0,0,0,13229,128181,8,BOTTLENECK_TARGET_FRONTIER_CONTINUITY_V2,39.5626,11.5894,46.7064,9.00701,34.0491,6048,28,6042,0,27,204,15247,12560,15123,0,0,0,3106.34,9396025,74486,1548.97,3611,16,8646,,,,,,,,,,,,,,,,,,,,,,,,,,,,,,,,,,,,,,,,,,,,,,8646.77,8646.85,cdc5fd7aaf9e9e8593176797454c864268fc3ff7806c3078ca1e34589a644891,8.675,ok,
g3_dhigh_asurplus_plocal_gshared_pool_seed0,warehouse_random_factorial,carrier,1,12,72.0,72000000,19,37,16,0,0.1319,18,12,72,72000000,12,72,72000000,1,0,0,40686,60826,181526,0,0,SEARCH_CUTOFF,0,1,0,0,-1,72,-1,12,-1,50,15877,50,473,0,76,0,169,0,0,592,150,76,183,3.07435,19215,152,TASKBR_VACANCY_V1,39032,20,39032,39012,39052,99.8976,0,34286,13741,16795,16795,34286,34281,34281,34281,34281,0,0,0,0,0,0,0,34281,152128,8,BOTTLENECK_TARGET_FRONTIER_CONTINUITY_V2,48.1945,18.2788,73.8483,12.5973,80.7076,4506,14,4504,0,3,81,16709,13741,29041,0,0,0,2892.18,6689578,134338,1410.33,4788,0,0,,,,,,,,,,,,,,,,,,,,,,,,,,,,,,,,,,,,,,,,,,,,,,8661.83,8661.88,2916786ca2e4e360f7796b1f28409225f3835dae9df831f78a561e7bd5510028,8.691,ok,
g3_dhigh_asurplus_plocal_gsingleton_seed0,warehouse_random_factorial,carrier,1,15,107.0,107000000,40,46,19,0,0.2222,41,15,108,108000000,15,107,107000000,1,1,1,8255,22,240,0,0,STRICT_IMPROVEMENT,0,0,0,0,-1,-1,-1,-1,-1,192,651,192,442,0,251,0,288,23,4,417,211,249,438,9.9229,45990,499,TASKBR_VACANCY_V1,74,31,74,73,132,55.303,0,116,44,881,881,144,127,127,127,127,0,0,0,0,0,0,0,127,362,8,BOTTLENECK_TARGET_FRONTIER_CONTINUITY_V2,1.24972,0.074521,0.430016,0.053624,0.311922,850,844,176,0,11,85,783,44,2068,0,0,0,232.678,101948,3382,35.0701,6,5,3,,,,,,,,,,,,,,,,,,,,,,,,,,,,,,,,,,,,,,,,,,,,,,309.634,309.683,09900281b583062579da66f62078a5d1331c027735f5704a3cca72b81b58e800,0.321,ok,
g3_dhigh_asurplus_pmixed_gshared_pool_seed0,warehouse_random_factorial,carrier,1,13,82.0,82000000,27,39,16,0,0.1731,17,13,82,82000000,13,82,82000000,1,0,0,178636,1565,7112,0,0,SEARCH_CUTOFF,0,1,0,0,-1,82,-1,13,-1,2072,4875,2072,10568,0,4801,0,6263,389,389,8858,5025,5529,4789,115.216,502845,5700,TASKBR_VACANCY_V1,11995,3693,11995,9845,18008,54.6701,1806,7475,975,6969,6969,8004,7998,7998,7998,7998,0,0,0,0,0,0,0,7998,50328,8,BOTTLENECK_TARGET_FRONTIER_CONTINUITY_V2,17.3662,6.59634,19.5874,3.87626,12.5237,3169,201,3165,0,5,62,6900,975,25712,0,0,0,7529.19,3101873,55719,775.783,0,0,0,,,,,,,,,,,,,,,,,,,,,,,,,,,,,,,,,,,,,,,,,,,,,,8592.28,8592.33,20a1cb29be12d160bad538cb3fecf86f36b787655c619f621508a599c6411d17,8.621,ok,
g3_dhigh_asurplus_pmixed_gsingleton_seed0,warehouse_random_factorial,carrier,1,14,75.0,75000000,36,23,16,0,0.2143,35,14,75,75000000,14,75,75000000,1,0,0,45488,18,191,0,0,SEARCH_CUTOFF,0,0,0,0,-1,-1,-1,-1,-1,79,15393,79,178,0,146,0,52,0,0,152,70,182,168,4.12169,17640,110,TASKBR_VACANCY_V1,27,9,27,18,36,50,0,70,22,15598,15598,70,60,60,60,60,0,0,0,0,0,0,0,60,92,8,BOTTLENECK_TARGET_FRONTIER_CONTINUITY_V2,28.4822,0.031045,0.216659,0.027575,0.357531,15591,15587,11531,0,19,191,15386,22,35357,0,0,0,2329.07,3297754,68401,895.779,0,0,0,,,,,,,,,,,,,,,,,,,,,,,,,,,,,,,,,,,,,,,,,,,,,,8656.22,8656.29,01d16372bc8c23eaa9248dfddc303ab4c4807217094ba99a3f162e6e5de6c5cc,8.684,ok,
g3_dlow_abaseline_pcross_heavy_gshared_pool_seed0,warehouse_random_factorial,carrier,1,27,118.0,118000000,23,79,16,0,0.142,31,27,118,118000000,27,118,118000000,1,0,0,720,25536,13728,0,0,SEARCH_CUTOFF,0,1,0,0,-1,118,-1,27,-1,25,3,25,589,0,6,0,113,0,0,16,0,3,94,2.06677,9870,0,TASKBR_VACANCY_V1,110,33,110,77,143,53.8462,0,18609,34,18429,18429,18609,18604,18604,18604,18604,0,0,0,0,0,0,0,18604,99139,8,BOTTLENECK_TARGET_FRONTIER_CONTINUITY_V2,49.6321,17.512,51.1533,10.9585,23.9591,9377,2,9376,0,28,196,18203,34,56,0,0,0,1071.3,97183,18719,187.817,6,0,0,,,,,,,,,,,,,,,,,,,,,,,,,,,,,,,,,,,,,,,,,,,,,,8622.14,8622.2,3e985262280b9053648d2ef36c52a75989dce4c8737ae6998749bfaeb23adfa6,8.644,ok,
g3_dlow_abaseline_pcross_heavy_gsingleton_seed0,warehouse_random_factorial,carrier,1,35,165.0,165000000,58,91,16,0,0.2762,55,35,165,165000000,35,165,165000000,1,0,0,905,27694,11138,0,0,SEARCH_CUTOFF,2,0,0,0,-1,-1,-1,-1,-1,58,18211,58,805,0,63,0,201,14,12,164,354,50,233,3.21228,24465,60,TASKBR_VACANCY_V1,32100,9061,32100,23045,41182,55.9589,0,29611,1305,19343,19343,29611,20831,20831,20831,20831,0,0,0,0,0,0,0,20831,72370,8,BOTTLENECK_TARGET_FRONTIER_CONTINUITY_V2,33.352,10.949,32.5354,7.5104,22.5223,12547,16,12544,0,30,276,19035,1305,29143,0,0,0,1579.37,3035155,116129,773.941,3,0,8,,,,,,,,,,,,,,,,,,,,,,,,,,,,,,,,,,,,,,,,,,,,,,8652.48,8652.55,cbaf566bec76921a630fab94efd6be3d3f72c473935e4a6e68aa7cac415ef5e9,8.673,ok,
g3_dlow_abaseline_plocal_gshared_pool_seed0,warehouse_random_factorial,carrier,1,17,90.0,90000000,17,57,16,0,0.1667,15,17,90,90000000,17,90,90000000,1,0,0,2346,32369,14480,0,0,SEARCH_CUTOFF,4,1,0,0,-1,90,-1,17,-1,37,17732,37,371,0,18,0,149,0,0,0,81,18,138,2.15503,14490,0,TASKBR_VACANCY_V1,45593,3886,45593,41707,49479,84.2923,0,38130,8377,19343,19343,38130,38121,38121,38121,38121,0,0,0,0,0,0,0,38121,70567,8,BOTTLENECK_TARGET_FRONTIER_CONTINUITY_V2,42.3421,15.1258,49.5901,9.88967,32.7758,8427,8,8426,0,27,295,19019,8377,27051,0,0,0,1631.9,1699643,137604,789.862,6,0,0,,,,,,,,,,,,,,,,,,,,,,,,,,,,,,,,,,,,,,,,,,,,,,8632.23,8632.28,d73af6962de0110de453b52a8b144ac127c3d89bcecf0dbbf9c0fc70dd5ec55b,8.649,ok,
g3_dlow_abaseline_plocal_gsingleton_seed0,warehouse_random_factorial,carrier,1,21,88.0,88000000,28,44,16,0,0.2222,20,21,88,88000000,21,88,88000000,1,0,0,0,25025,17219,0,0,SEARCH_CUTOFF,0,0,0,0,-1,-1,-1,-1,-1,28,14649,28,390,0,14,0,102,0,0,262,124,14,119,1.66424,12495,70,TASKBR_VACANCY_V1,22081,7373,22081,14708,29454,49.9355,0,26888,2832,20307,20307,26888,23208,23204,23204,23204,0,0,0,0,0,0,0,23204,94228,8,BOTTLENECK_TARGET_FRONTIER_CONTINUITY_V2,35.554,12.1153,38.1898,7.99239,17.7732,10141,6,10142,0,7,121,20177,2832,14709,0,0,0,1011.77,315336,40771,270.064,2,0,0,,,,,,,,,,,,,,,,,,,,,,,,,,,,,,,,,,,,,,,,,,,,,,8644.56,8644.61,484cd94efa35748de9a63b1b772e1a2d9836bda2198ef503dca5adde30d9758e,8.662,ok,
g3_dlow_abaseline_pmixed_gshared_pool_seed0,warehouse_random_factorial,carrier,1,22,102.0,102000000,27,59,16,0,0.2045,19,22,102,102000000,22,102,102000000,1,0,0,1296,63,354,0,0,SEARCH_CUTOFF,2,1,0,0,-1,102,-1,22,-1,33,12638,33,339,0,26,0,153,0,0,0,38,13,119,1.88494,12495,0,TASKBR_VACANCY_V1,24335,11563,24335,12772,35898,35.5786,0,21510,1116,20255,20255,21510,21505,21505,21505,21505,0,0,0,0,0,0,0,21505,89438,8,BOTTLENECK_TARGET_FRONTIER_CONTINUITY_V2,34.998,11.758,37.4361,7.68792,17.1714,9460,6,9458,0,6,117,20130,1116,12695,0,0,0,1069.21,653370,40799,313.442,4,0,0,,,,,,,,,,,,,,,,,,,,,,,,,,,,,,,,,,,,,,,,,,,,,,8632.46,8632.52,57842787947b7d667e58c6c7c460f5afbfc12fb3c118137b81eb698801bc9e7d,8.653,ok,
g3_dlow_abaseline_pmixed_gsingleton_seed0,warehouse_random_factorial,carrier,1,19,91.0,91000000,30,45,16,0,0.2632,28,19,91,91000000,19,91,91000000,1,0,0,0,27058,15058,0,0,SEARCH_CUTOFF,1,0,0,0,-1,-1,-1,-1,-1,50,17780,50,492,0,25,0,188,2,0,16,44,25,177,2.72393,18585,2,TASKBR_VACANCY_V1,42218,15990,42218,26228,58210,45.0576,0,28569,11182,19698,19698,28569,23880,23880,23880,23880,0,0,0,0,0,0,0,23880,76924,8,BOTTLENECK_TARGET_FRONTIER_CONTINUITY_V2,35.8833,12.4211,36.847,8.46065,21.664,11261,12,8758,0,6,116,19574,11182,27348,0,0,0,1387.41,1205969,105027,563.606,3548,0,0,,,,,,,,,,,,,,,,,,,,,,,,,,,,,,,,,,,,,,,,,,,,,,8648.65,8648.7,332a8eed51b7b4d1f8586445efa92634ace020f6209fdffc886b6ab1bbe7d908,8.665,ok,
g3_dlow_aequal_pcross_heavy_gshared_pool_seed0,warehouse_random_factorial,carrier,1,19,115.0,115000000,23,76,16,0,0.1513,20,19,115,115000000,19,115,115000000,1,0,0,1087,23262,74303,0,0,SEARCH_CUTOFF,0,1,0,0,-1,115,-1,19,-1,46,16619,46,903,0,21,0,183,0,0,165,0,22,150,2.46804,15750,0,TASKBR_VACANCY_V1,43598,6029,43598,37569,49627,75.7027,0,36308,6782,18477,18477,36308,36303,36303,36303,36303,0,0,0,0,0,0,0,36303,104248,8,BOTTLENECK_TARGET_FRONTIER_CONTINUITY_V2,44.0682,18.5424,60.6766,10.887,57.0849,8706,11,8705,0,27,293,18155,6782,25520,0,0,0,1868.6,3154643,140920,978.073,10,0,0,,,,,,,,,,,,,,,,,,,,,,,,,,,,,,,,,,,,,,,,,,,,,,8655.48,8655.53,ed20ef3a4efa53550338047df5d15e0a052543b9d5d12455968e564a82d3ab88,8.674,ok,
g3_dlow_aequal_pcross_heavy_gsingleton_seed0,warehouse_random_factorial,carrier,1,29,173.0,173000000,58,99,16,0,0.25,45,29,173,173000000,29,173,173000000,1,0,0,11247,283,1341,0,0,SEARCH_CUTOFF,2,0,0,0,-1,-1,-1,-1,-1,1343,16314,1343,8741,0,1751,0,3182,12,10,650,180,1791,3313,75.2032,347865,184,TASKBR_VACANCY_V1,22697,10001,22697,12710,32709,38.8578,1070,9583,6470,17783,17783,9592,6678,6678,6678,6678,0,0,0,0,0,0,0,6678,29585,8,BOTTLENECK_TARGET_FRONTIER_CONTINUITY_V2,26.1773,4.44966,13.6601,2.70159,11.44,11910,11888,6878,0,37,285,17459,6470,49932,0,0,0,3102.27,8079933,124005,1449.48,0,8,9,,,,,,,,,,,,,,,,,,,,,,,,,,,,,,,,,,,,,,,,,,,,,,8667.94,8667.99,3ab20d911632a8080d262d003b712220dc596fea06917df5cba1c7705b52efc7,8.688,ok,
g3_dlow_aequal_plocal_gshared_pool_seed0,warehouse_random_factorial,carrier,1,13,78.0,78000000,17,45,16,0,0.1635,14,13,78,78000000,13,78,78000000,1,0,0,2630,9342,38616,0,0,SEARCH_CUTOFF,0,1,0,0,-1,78,-1,13,-1,2965,8699,2965,21322,0,5502,0,10620,0,0,48463,39699,6084,9603,159.981,1008315,14027,TASKBR_VACANCY_V1,52716,11046,52716,41670,63762,65.3524,2699,38906,9418,12535,12535,38906,37061,37061,37061,37061,0,0,0,0,0,0,0,37061,62090,8,BOTTLENECK_TARGET_FRONTIER_CONTINUITY_V2,37.9809,14.3638,57.7185,10.2445,45.8046,5508,6,5503,0,2,0,12531,9418,27338,0,0,0,7068.46,4500909,100236,1290.64,0,0,0,,,,,,,,,,,,,,,,,,,,,,,,,,,,,,,,,,,,,,,,,,,,,,8626.8,8626.85,2a896be9d5632218b749501a2a5cc621d5849bce3ff5d911fbaa4256d808d3a0,8.644,ok,
g3_dlow_aequal_plocal_gsingleton_seed0,warehouse_random_factorial,carrier,1,17,85.0,85000000,28,41,16,0,0.2059,23,17,85,85000000,17,85,85000000,1,0,0,3887,27404,82291,0,0,SEARCH_CUTOFF,0,0,0,0,-1,-1,-1,-1,-1,24,15268,24,325,0,13,0,78,0,0,304,68,13,84,1.58237,8820,70,TASKBR_VACANCY_V1,15342,33,15342,15309,15375,99.5707,0,19699,19,19621,19621,19699,19690,19690,19690,19690,0,0,0,0,0,0,0,19690,124690,8,BOTTLENECK_TARGET_FRONTIER_CONTINUITY_V2,38.3133,13.0769,42.1925,8.88327,47.5781,9738,5,9737,0,26,228,19365,19,15333,0,0,0,1086.4,286838,35061,257.106,0,0,0,,,,,,,,,,,,,,,,,,,,,,,,,,,,,,,,,,,,,,,,,,,,,,8637.25,8637.31,45b2ca8eba3a1fb10eef169604ef1c8059db668ec34e5104f7996efbed1b8fb0,8.657,ok,
g3_dlow_aequal_pmixed_gshared_pool_seed0,warehouse_random_factorial,carrier,1,15,88.0,88000000,27,45,16,0,0.225,18,15,88,88000000,15,88,88000000,1,0,0,1944,9242,32753,0,0,SEARCH_CUTOFF,0,1,0,0,-1,88,-1,15,-1,3361,2660,3361,34452,0,4509,0,14272,602,602,0,3471,4145,8907,173.979,935235,602,TASKBR_VACANCY_V1,14595,4390,14595,10205,19411,52.5733,3093,8187,2088,6028,6028,8187,8180,8180,8180,8180,0,0,0,0,0,0,0,8180,16205,8,BOTTLENECK_TARGET_FRONTIER_CONTINUITY_V2,15.0228,5.68511,14.5137,3.26705,6.86653,2855,6,2851,0,2,0,6024,2088,26602,0,0,0,7839.09,8006615,48185,1287.93,0,0,0,,,,,,,,,,,,,,,,,,,,,,,,,,,,,,,,,,,,,,,,,,,,,,8568.76,8568.82,666849e2df6d66a7125f1635e80eddf0fc08f38b6092e3e3ab549f0b1dacdfc5,8.583,ok,
g3_dlow_aequal_pmixed_gsingleton_seed0,warehouse_random_factorial,carrier,1,14,82.0,82000000,30,36,16,0,0.2679,36,14,82,82000000,14,82,82000000,1,0,0,7070,9344,24191,0,0,SEARCH_CUTOFF,0,0,0,0,-1,-1,-1,-1,-1,1411,14447,1411,19807,0,1721,0,6140,255,170,2002,36340,1575,4614,85.4932,484470,595,TASKBR_VACANCY_V1,39510,12953,39510,26557,54678,48.5698,1144,22924,8512,16012,16012,23554,23545,23545,23545,23545,0,0,0,0,0,0,0,23545,78947,8,BOTTLENECK_TARGET_FRONTIER_CONTINUITY_V2,31.8146,11.0513,38.1634,7.81503,14.8726,7173,70,7166,0,20,220,15770,8512,38494,0,0,0,5600.57,14141132,124802,2130.39,1023,0,0,,,,,,,,,,,,,,,,,,,,,,,,,,,,,,,,,,,,,,,,,,,,,,8636.46,8636.53,289d9da3cf19ca04da69c4a5746ced9072fff3882927d71389d35b4745a473eb,8.658,ok,
g3_dlow_ascarce_pcross_heavy_gshared_pool_seed0,warehouse_random_factorial,carrier,1,36,121.0,121000000,23,82,16,0,0.1597,24,36,121,121000000,36,121,121000000,1,0,0,375,4559,2211,0,0,SEARCH_CUTOFF,3,1,0,0,-1,121,-1,36,-1,108,23551,108,1052,0,34,0,339,0,0,4,0,31,293,5.47837,30765,0,TASKBR_VACANCY_V1,31898,6360,31898,25538,38258,66.7521,0,87084,3680,58407,58407,87084,84840,84840,84840,84840,0,0,0,0,0,0,0,84840,191776,8,BOTTLENECK_TARGET_FRONTIER_CONTINUITY_V2,70.2842,22.4947,86.1191,20.0321,26.1748,41790,44,41789,0,367,4340,53698,3680,22549,0,429,0,2365.32,580256,111561,742.727,6,0,0,,,,,,,,,,,,,,,,,,,,,,,,,,,,,,,,,,,,,,,,,,,,,,8874.3,8874.36,cd74a57d54e4e81dc1c198c074c854f4a3f0e4ace0290810fd188d905e191fe1,8.909,ok,
g3_dlow_ascarce_pcross_heavy_gsingleton_seed0,warehouse_random_factorial,carrier,1,45,145.0,145000000,58,71,16,0,0.3222,49,45,145,145000000,45,145,145000000,1,0,0,6577,50,213,0,0,SEARCH_CUTOFF,1,0,0,0,-1,-1,-1,-1,-1,917,27109,917,9962,0,599,0,2145,14,8,222,333,649,3631,52.3154,381255,46,TASKBR_VACANCY_V1,52262,14548,52262,37733,66823,56.4671,630,45928,13439,31768,31768,45937,45423,45367,45367,45367,0,0,0,0,0,0,0,45367,76177,8,BOTTLENECK_TARGET_FRONTIER_CONTINUITY_V2,41.2325,12.8128,46.5401,11.4601,20.193,15778,758,15776,0,359,2585,28822,13439,41363,0,193,0,6226.08,39212183,167482,4638.32,0,0,0,,,,,,,,,,,,,,,,,,,,,,,,,,,,,,,,,,,,,,,,,,,,,,8916.15,8916.21,495cb5973238f4a0bb7e9bb0bed8a758383520834e8e1421b37c4d1a497f157e,8.938,ok,
g3_dlow_ascarce_plocal_gshared_pool_seed0,warehouse_random_factorial,carrier,1,37,132.0,132000000,17,99,16,0,0.1149,19,37,132,132000000,37,132,132000000,1,0,0,3633,3610,2009,0,0,SEARCH_CUTOFF,20,1,0,0,-1,132,-1,37,-1,135,38273,135,730,0,77,0,373,0,0,0,25,74,391,7.06551,41055,0,TASKBR_VACANCY_V1,81953,17229,81953,64724,99182,65.2578,0,115771,25400,57198,57198,115771,114010,114010,114010,114010,0,0,0,0,0,0,0,114010,169856,8,BOTTLENECK_TARGET_FRONTIER_CONTINUITY_V2,77.8103,27.0311,104.568,23.6083,41.8312,39373,128,37784,0,579,5049,51568,25400,48860,0,308,0,3530.98,4443430,315171,1797.51,5026,0,0,,,,,,,,,,,,,,,,,,,,,,,,,,,,,,,,,,,,,,,,,,,,,,8862.5,8862.55,3f368e8a8372f6f09063d37c90d0aca3db350fbb6c5f30775fc11871fa27a048,8.895,ok,
g3_dlow_ascarce_plocal_gsingleton_seed0,warehouse_random_factorial,carrier,1,33,110.0,110000000,28,66,16,0,0.2121,38,33,110,110000000,33,110,110000000,1,0,0,300,5474,2143,0,0,SEARCH_CUTOFF,7,0,0,0,-1,-1,-1,-1,-1,120,29940,120,761,0,76,0,340,0,0,176,688,76,440,6.72839,46200,48,TASKBR_VACANCY_V1,49957,10594,49957,39363,60551,65.008,0,104537,11454,62146,62146,104537,99766,99750,99750,99750,0,0,0,0,0,0,0,99750,197536,8,BOTTLENECK_TARGET_FRONTIER_CONTINUITY_V2,76.601,24.9691,96.8718,22.7732,47.4925,42393,59,42396,0,337,4267,57540,11454,30220,0,331,0,2798.22,1250787,166918,1003.61,1111,0,0,,,,,,,,,,,,,,,,,,,,,,,,,,,,,,,,,,,,,,,,,,,,,,9392.27,9392.33,e6e75c18b951b28f0d09a03acdd6e51d2bb09c550eb7954ed73a513981c3d996,9.425,ok,
g3_dlow_ascarce_pmixed_gshared_pool_seed0,warehouse_random_factorial,carrier,1,41,141.0,141000000,27,98,16,0,0.1646,23,41,141,141000000,41,141,141000000,1,0,0,335,3435,1735,0,0,SEARCH_CUTOFF,14,1,0,0,-1,141,-1,41,-1,120,31787,120,846,0,74,0,360,0,0,0,137,61,446,6.84772,46830,0,TASKBR_VACANCY_V1,65085,10879,65085,54206,75964,71.3575,0,107475,8638,56322,56322,107475,105830,105830,105830,105830,0,0,0,0,0,0,0,105830,181291,8,BOTTLENECK_TARGET_FRONTIER_CONTINUITY_V2,74.3109,25.1402,96.9494,21.6819,35.5936,44546,100,44545,0,422,4853,51045,8638,37009,0,397,0,3046.9,3122386,245076,1418.65,23,0,0,,,,,,,,,,,,,,,,,,,,,,,,,,,,,,,,,,,,,,,,,,,,,,9332.03,9332.08,fc002b0df4ae50af75bde0db7d9a341d67e7b96dd531953c54f2c22b2704cfc0,9.364,ok,
g3_dlow_ascarce_pmixed_gsingleton_seed0,warehouse_random_factorial,carrier,1,29,98.0,98000000,30,52,16,0,0.2586,25,29,98,98000000,29,98,98000000,1,0,0,5201,4145,1912,0,0,SEARCH_CUTOFF,2,0,0,0,-1,-1,-1,-1,-1,1753,43716,1753,8814,0,1648,0,4732,4,2,56,110,1735,6426,96.2802,674730,2,TASKBR_VACANCY_V1,84051,18247,84051,65806,102302,64.3252,1480,73046,19019,50720,50720,73046,72986,72297,72297,72297,0,0,0,0,0,0,0,72297,107415,8,BOTTLENECK_TARGET_FRONTIER_CONTINUITY_V2,58.8346,18.61,66.273,17.0653,25.8031,27389,428,27388,0,224,2773,47721,19019,81065,0,190,0,4724.21,4082941,284965,1706.55,1051,0,4,,,,,,,,,,,,,,,,,,,,,,,,,,,,,,,,,,,,,,,,,,,,,,8786.22,8786.27,e2d1f8d0da51acf5c9463ff21f793c7178e20e9fa4692db4b7f6991e420fe995,8.814,ok,
g3_dlow_asurplus_pcross_heavy_gshared_pool_seed0,warehouse_random_factorial,carrier,1,19,98.0,98000000,23,59,16,0,0.1009,18,19,98,98000000,19,98,98000000,1,0,0,5105,29491,177938,0,0,SEARCH_CUTOFF,0,1,0,0,-1,98,-1,19,-1,26,12848,26,638,0,7,0,104,0,0,44,0,4,97,1.45662,10185,0,TASKBR_VACANCY_V1,16421,3507,16421,12914,19928,64.8033,0,23433,9504,19846,19846,23433,23429,23429,23429,23429,0,0,0,0,0,0,0,23429,215296,8,BOTTLENECK_TARGET_FRONTIER_CONTINUITY_V2,41.4622,17.2896,57.5412,10.4495,54.3658,11514,3,9513,0,26,240,19578,9504,12896,0,0,0,1039.78,233147,33978,220.198,3002,0,0,,,,,,,,,,,,,,,,,,,,,,,,,,,,,,,,,,,,,,,,,,,,,,8654.46,8654.51,62f0d522522bd64cef1a4490bd7ffcb32550a5580d62c01bb17ad45fea4a7423,8.674,ok,
g3_dlow_asurplus_pcross_heavy_gsingleton_seed0,warehouse_random_factorial,carrier,1,31,163.0,163000000,58,89,16,0,0.1559,52,31,163,163000000,31,163,163000000,1,0,0,2760,7132,39093,0,0,SEARCH_CUTOFF,0,0,0,0,-1,-1,-1,-1,-1,2578,1034,2578,56448,0,5167,0,13739,1347,1215,18224,96459,3656,11088,153.964,1164240,2402,TASKBR_VACANCY_V1,14277,7979,14277,7556,26054,29.0013,2299,8268,1228,3629,3629,8571,4993,4993,4993,4993,0,0,0,0,0,0,0,4993,24853,8,BOTTLENECK_TARGET_FRONTIER_CONTINUITY_V2,10.9814,4.08677,13.7031,2.41686,13.8682,2502,15,2496,0,8,1,3618,1228,17087,0,0,0,8223.39,13387374,28950,1757.82,0,6,0,,,,,,,,,,,,,,,,,,,,,,,,,,,,,,,,,,,,,,,,,,,,,,8544.42,8544.49,fffe00c0533732557df70442674a21b6e39e24cd35b6c64a458e323504b59f32,8.56,ok,
g3_dlow_asurplus_plocal_gshared_pool_seed0,warehouse_random_factorial,carrier,1,12,70.0,70000000,17,37,16,0,0.1181,13,12,70,70000000,12,70,70000000,1,0,0,1303,23065,161570,0,0,SEARCH_CUTOFF,0,1,0,0,-1,70,-1,12,-1,114,16866,114,1152,0,64,0,469,0,0,444,35,61,444,6.58662,46620,147,TASKBR_VACANCY_V1,55626,11616,55626,44010,67242,65.4502,0,38985,8739,18124,18124,38985,38977,38977,38977,38977,0,0,0,0,0,0,0,38977,169713,8,BOTTLENECK_TARGET_FRONTIER_CONTINUITY_V2,46.2339,19.8882,77.3585,12.9437,80.1002,6070,62,6068,0,5,139,17978,8739,32572,0,0,0,2237.15,4997597,140642,1157.2,0,0,0,,,,,,,,,,,,,,,,,,,,,,,,,,,,,,,,,,,,,,,,,,,,,,8648.17,8648.22,0d87c909b2e2e1054798de8cc507fd268bdc6e5d0572c389f2ca7d8f99b973de,8.667,ok,
g3_dlow_asurplus_plocal_gsingleton_seed0,warehouse_random_factorial,carrier,1,14,77.0,77000000,28,33,16,0,0.1667,14,14,77,77000000,14,77,77000000,1,0,0,27156,53,605,0,0,SEARCH_CUTOFF,0,0,0,0,-1,-1,-1,-1,-1,1375,15836,1375,5033,0,1946,0,2427,5,5,4852,4811,2542,3083,62.9173,323715,1282,TASKBR_VACANCY_V1,404,213,404,197,617,31.9287,1109,3719,104,17303,17303,3719,169,169,169,169,0,0,0,0,0,0,0,169,894,8,BOTTLENECK_TARGET_FRONTIER_CONTINUITY_V2,22.6967,0.103377,0.492068,0.07297,0.437344,17208,17202,9826,0,25,290,16986,104,50650,0,0,0,3111.38,11506262,114020,1627.92,0,0,0,,,,,,,,,,,,,,,,,,,,,,,,,,,,,,,,,,,,,,,,,,,,,,8660.28,8660.33,c678b55e59cfbbb637c71710baef49288754b38471a74828751d6b7b0ac03d7c,8.681,ok,
g3_dlow_asurplus_pmixed_gshared_pool_seed0,warehouse_random_factorial,carrier,1,13,82.0,82000000,27,39,16,0,0.1731,14,13,82,82000000,13,82,82000000,1,0,0,1693,1566,9640,0,0,SEARCH_CUTOFF,0,1,0,0,-1,82,-1,13,-1,3422,2155,3422,31027,0,4141,0,16279,80,80,16919,29713,4632,8375,173.031,879375,4255,TASKBR_VACANCY_V1,15075,7223,15075,7902,22373,35.3194,3156,6783,1164,5584,5584,6808,6802,6802,6802,6802,0,0,0,0,0,0,0,6802,36567,8,BOTTLENECK_TARGET_FRONTIER_CONTINUITY_V2,15.1647,5.25332,16.3213,3.25565,10.1729,3161,5,3157,0,1,1,5580,1164,25591,0,0,0,8034.85,3412138,44639,723.14,0,0,0,,,,,,,,,,,,,,,,,,,,,,,,,,,,,,,,,,,,,,,,,,,,,,8576.45,8576.5,951bb9f98833345030b82e4bbe535b875f3475c672ccd3569976abf7603a9c01,8.591,ok,
g3_dlow_asurplus_pmixed_gsingleton_seed0,warehouse_random_factorial,carrier,1,12,68.0,68000000,30,22,16,0,0.2083,17,12,68,68000000,12,68,68000000,1,0,0,0,41,459,0,0,SEARCH_CUTOFF,0,0,0,0,-1,-1,-1,-1,-1,15,11549,15,327,0,7,0,77,0,0,8,87,7,57,0.896545,5985,2,TASKBR_VACANCY_V1,88468,15526,88468,72942,103994,70.1406,0,59822,24658,11602,11602,59822,48266,48266,48266,48266,0,0,0,0,0,0,0,48266,94622,8,BOTTLENECK_TARGET_FRONTIER_CONTINUITY_V2,43.5284,19.5229,85.3958,14.3305,123.632,15,11,6,0,1,2,11597,24658,19509,0,0,0,6170.61,43623138,92770,5325.92,0,0,0,,,,,,,,,,,,,,,,,,,,,,,,,,,,,,,,,,,,,,,,,,,,,,8599.34,8599.39,a119a636e23929950c396c8fa9341b1c365209b68fb762e2dab3d510631126f5,8.616,ok,
g3_dmedium_abaseline_pcross_heavy_gshared_pool_seed0,warehouse_random_factorial,carrier,1,27,120.0,120000000,25,79,16,0,0.1543,23,27,120,120000000,27,120,120000000,1,0,0,864,27681,16440,0,0,SEARCH_CUTOFF,0,1,0,0,-1,120,-1,27,-1,25,3,25,551,0,20,0,110,0,0,65,22,10,82,1.53542,8610,35,TASKBR_VACANCY_V1,108,31,108,77,139,55.3957,0,20222,1906,20042,20042,20222,20217,20217,20217,20217,0,0,0,0,0,0,0,20217,106706,8,BOTTLENECK_TARGET_FRONTIER_CONTINUITY_V2,32.2183,11.6138,34.3257,7.7313,15.1014,9559,2,9558,0,33,253,19754,1906,60,0,0,0,1008.06,94626,20340,148.783,942,0,0,,,,,,,,,,,,,,,,,,,,,,,,,,,,,,,,,,,,,,,,,,,,,,8628.79,8628.85,0a2aba95086bee66e3d823261e9a8c304e81f1ca301f7b714387f00fb053aaae,8.646,ok,
g3_dmedium_abaseline_pcross_heavy_gsingleton_seed0,warehouse_random_factorial,carrier,1,35,171.0,171000000,62,93,16,0,0.2952,72,35,171,171000000,35,171,171000000,1,0,0,2227,35786,12450,0,0,SEARCH_CUTOFF,2,0,0,0,-1,-1,-1,-1,-1,50,16287,50,708,0,88,0,151,8,6,860,1082,76,202,3.04163,21210,474,TASKBR_VACANCY_V1,35495,9302,35495,26199,44804,58.4747,0,35901,12964,19481,19481,35901,26626,26616,26616,26616,0,0,0,0,0,0,0,26616,75491,8,BOTTLENECK_TARGET_FRONTIER_CONTINUITY_V2,33.1583,10.9268,36.0071,8.3953,16.6068,7543,11,7540,0,29,259,19191,12964,22902,0,0,0,1700.42,2281516,116957,689.593,3005,0,0,,,,,,,,,,,,,,,,,,,,,,,,,,,,,,,,,,,,,,,,,,,,,,8632.94,8633,6a887328819931e4b024b326dc30bc3ce2ca34f5a1b5791fa59017ad8d3f87bf,8.65,ok,
g3_dmedium_abaseline_plocal_gshared_pool_seed0,warehouse_random_factorial,carrier,1,19,92.0,92000000,19,57,16,0,0.1667,20,19,92,92000000,19,92,92000000,1,0,0,1296,25599,15663,0,0,SEARCH_CUTOFF,6,1,0,0,-1,92,-1,19,-1,29,19160,29,310,0,18,0,132,0,0,0,85,10,98,1.67051,10290,0,TASKBR_VACANCY_V1,19288,20,19288,19268,19308,99.7928,0,20421,40,20279,20279,20421,20413,20413,20413,20413,0,0,0,0,0,0,0,20413,88454,8,BOTTLENECK_TARGET_FRONTIER_CONTINUITY_V2,31.0084,10.1887,32.6403,6.80454,24.7235,10095,5,10094,0,25,228,20024,40,19205,0,0,0,1181.5,240596,34264,232.021,4,0,0,,,,,,,,,,,,,,,,,,,,,,,,,,,,,,,,,,,,,,,,,,,,,,8640.74,8640.79,0093396a6000192ac3bb76787587af1d86c7c116748594f4341544c7a7e8fc38,8.659,ok,
g3_dmedium_abaseline_plocal_gsingleton_seed0,warehouse_random_factorial,carrier,1,23,98.0,98000000,36,46,16,0,0.2609,37,23,98,98000000,23,98,98000000,1,0,0,2592,26697,14129,0,0,SEARCH_CUTOFF,0,0,0,0,-1,-1,-1,-1,-1,29,12511,29,364,0,32,0,101,0,0,688,196,32,114,1.85599,11970,202,TASKBR_VACANCY_V1,12594,20,12594,12574,12614,99.6829,0,20218,23,20117,20117,20218,20211,20207,20207,20207,0,0,0,0,0,0,0,20207,93954,8,BOTTLENECK_TARGET_FRONTIER_CONTINUITY_V2,30.526,10.3758,33.3465,7.14755,29.863,6759,5,6758,0,27,214,19874,23,12585,0,0,0,1164.74,183997,32835,221.657,0,0,0,,,,,,,,,,,,,,,,,,,,,,,,,,,,,,,,,,,,,,,,,,,,,,8644.05,8644.1,19dcdade5d9767a8c3385868258d606fad8fcfd48b612eb87d82c13a3b5ea3b8,8.662,ok,
g3_dmedium_abaseline_pmixed_gshared_pool_seed0,warehouse_random_factorial,carrier,1,22,102.0,102000000,27,59,16,0,0.2045,19,22,102,102000000,22,102,102000000,1,0,0,2599,63,325,0,0,SEARCH_CUTOFF,2,1,0,0,-1,102,-1,22,-1,31,12827,31,331,0,24,0,149,0,0,182,24,12,115,1.90104,12075,0,TASKBR_VACANCY_V1,19310,6357,19310,12953,25667,50.4656,0,21692,1115,20442,20442,21692,21687,21687,21687,21687,0,0,0,0,0,0,0,21687,90023,8,BOTTLENECK_TARGET_FRONTIER_CONTINUITY_V2,31.8674,10.95,35.2364,7.05553,15.4498,9415,5,9413,0,5,102,20333,1115,12882,0,0,0,1236.63,400482,41149,286.816,4,0,0,,,,,,,,,,,,,,,,,,,,,,,,,,,,,,,,,,,,,,,,,,,,,,8651.67,8651.73,f49a74c0246249dcae6166cf9c7efb3a8671424cf9e4e17fe2e8e39a581900e9,8.669,ok,
g3_dmedium_abaseline_pmixed_gsingleton_seed0,warehouse_random_factorial,carrier,1,21,102.0,102000000,36,50,16,0,0.2857,43,21,102,102000000,21,102,102000000,1,0,0,0,24520,17225,0,0,SEARCH_CUTOFF,2,0,0,0,-1,-1,-1,-1,-1,29,8,29,320,0,42,0,123,0,0,56,628,42,120,1.7379,12600,14,TASKBR_VACANCY_V1,132,12,132,120,144,83.3333,0,49149,9580,19549,19549,49149,49140,49140,49140,49140,0,0,0,0,0,0,0,49140,98394,8,BOTTLENECK_TARGET_FRONTIER_CONTINUITY_V2,44.8762,16.9625,63.9604,11.835,33.911,6708,5,6703,0,25,242,19280,9580,84,0,0,0,1535.1,803240,117328,524.275,8,0,0,,,,,,,,,,,,,,,,,,,,,,,,,,,,,,,,,,,,,,,,,,,,,,8638.46,8638.51,19071e39dbb2c0f917566951b83985e631626823e7f69313d2a20ffe30dbbf3e,8.656,ok,
g3_dmedium_aequal_pcross_heavy_gshared_pool_seed0,warehouse_random_factorial,carrier,1,19,117.0,117000000,25,76,16,0,0.1645,23,19,117,117000000,19,117,117000000,1,0,0,10997,32120,78867,0,0,SEARCH_CUTOFF,0,1,0,0,-1,117,-1,19,-1,41,16655,41,773,0,35,0,160,0,0,221,136,32,125,2.41067,13125,119,TASKBR_VACANCY_V1,33460,29,33460,33431,33489,99.8268,0,31720,3632,17608,17608,31720,31715,31715,31715,31715,0,0,0,0,0,0,0,31715,96204,8,BOTTLENECK_TARGET_FRONTIER_CONTINUITY_V2,36.2793,15.955,50.5812,8.94679,46.3591,9728,17,9727,0,25,259,17322,3632,27085,0,0,0,2401.22,7437403,140848,1386.96,10,0,0,,,,,,,,,,,,,,,,,,,,,,,,,,,,,,,,,,,,,,,,,,,,,,8638.04,8638.09,45ab00b9de67dbebf5adb354990054643053bebb54d649f24f618aa2898e622c,8.657,ok,
g3_dmedium_aequal_pcross_heavy_gsingleton_seed0,warehouse_random_factorial,carrier,1,29,177.0,177000000,62,99,16,0,0.2672,57,29,177,177000000,29,177,177000000,1,0,0,76722,65,398,0,0,SEARCH_CUTOFF,2,0,0,0,-1,-1,-1,-1,-1,421,16928,421,1701,0,821,0,544,10,8,244,138,1068,963,19.7005,101115,206,TASKBR_VACANCY_V1,9341,3945,9341,5412,13297,40.7009,148,5975,1844,17697,17697,5986,2053,2053,2053,2053,0,0,0,0,0,0,0,2053,9175,8,BOTTLENECK_TARGET_FRONTIER_CONTINUITY_V2,18.1172,0.932414,3.55505,0.761723,3.6153,15856,15834,8680,0,30,320,17345,1844,41558,0,0,0,2468.41,8357296,115280,1319.5,0,10,0,,,,,,,,,,,,,,,,,,,,,,,,,,,,,,,,,,,,,,,,,,,,,,8652.95,8653,166da20e3198ab714d66ada0c18513841032724d263f8d9f9ab62280bcf57074,8.679,ok,
g3_dmedium_aequal_plocal_gshared_pool_seed0,warehouse_random_factorial,carrier,1,13,80.0,80000000,19,45,16,0,0.1827,16,13,80,80000000,13,80,80000000,1,0,0,34754,11,96,0,0,SEARCH_CUTOFF,0,1,0,0,-1,80,-1,13,-1,3179,4533,3179,15913,0,6163,0,8555,0,0,0,15229,6948,6412,156.736,673260,0,TASKBR_VACANCY_V1,4713,1564,4713,3149,6277,50.1673,2913,4160,1564,7726,7726,4160,1651,1651,1651,1651,0,0,0,0,0,0,0,1651,5806,8,BOTTLENECK_TARGET_FRONTIER_CONTINUITY_V2,10.5964,1.39888,3.58544,0.724528,3.24329,6169,6163,2855,0,16,144,7564,1564,29775,0,0,0,7290.75,3863025,58750,736.502,0,0,0,,,,,,,,,,,,,,,,,,,,,,,,,,,,,,,,,,,,,,,,,,,,,,8577.43,8577.48,5baf80cb890a867ab75e34c1b325480e56e5f6bf5d1bd880381ef0206aef1c89,8.597,ok,
g3_dmedium_aequal_plocal_gsingleton_seed0,warehouse_random_factorial,carrier,1,17,93.0,93000000,36,41,16,0,0.2647,25,17,93,93000000,17,93,93000000,1,0,0,25038,46987,95051,0,0,SEARCH_CUTOFF,0,0,0,0,-1,-1,-1,-1,-1,100,17826,100,503,0,141,0,203,0,0,202,71,175,301,5.60676,31605,82,TASKBR_VACANCY_V1,24807,25,24807,24782,24832,99.7986,0,21972,3619,18294,18294,21972,21962,21962,21962,21962,0,0,0,0,0,0,0,21962,88921,8,BOTTLENECK_TARGET_FRONTIER_CONTINUITY_V2,33.7972,12.8782,39.2169,7.41486,33.2611,10174,39,10171,0,27,261,18004,3619,39558,0,0,0,1884.58,2178129,129229,795.744,0,0,0,,,,,,,,,,,,,,,,,,,,,,,,,,,,,,,,,,,,,,,,,,,,,,8649.68,8649.74,aaae56cba888f19ac115573972e5b46565db3995b560d0ab60af9c40479a63b6,8.671,ok,
g3_dmedium_aequal_pmixed_gshared_pool_seed0,warehouse_random_factorial,carrier,1,15,88.0,88000000,27,45,16,0,0.225,17,15,88,88000000,15,88,88000000,1,0,0,9260,15917,33062,0,0,SEARCH_CUTOFF,0,1,0,0,-1,88,-1,15,-1,3094,2299,3094,28750,0,5358,0,11651,556,556,18793,7262,5504,8030,167.804,843150,696,TASKBR_VACANCY_V1,12725,3223,12725,9502,16340,58.1518,2826,7518,2043,5404,5404,7518,7511,7511,7511,7511,0,0,0,0,0,0,0,7511,17569,8,BOTTLENECK_TARGET_FRONTIER_CONTINUITY_V2,13.4878,4.89444,13.2844,2.87219,6.18141,932,6,928,0,2,0,5400,2043,20383,0,0,0,7905.73,5379645,43193,981.599,0,0,0,,,,,,,,,,,,,,,,,,,,,,,,,,,,,,,,,,,,,,,,,,,,,,8537.01,8537.06,929a90a228958a9cd875a0c4c9dd139b30abc51ccbd538773c9d21faf3a0f3ae,8.552,ok,
g3_dmedium_aequal_pmixed_gsingleton_seed0,warehouse_random_factorial,carrier,1,16,88.0,88000000,36,36,16,0,0.2812,38,16,88,88000000,16,88,88000000,1,0,0,154352,57,256,0,0,SEARCH_CUTOFF,0,0,0,0,-1,-1,-1,-1,-1,173,17365,173,395,0,319,0,186,0,0,222,154,388,374,7.31692,39270,66,TASKBR_VACANCY_V1,70,12,70,58,82,70.7317,0,108,23,18552,18552,108,99,99,99,99,0,0,0,0,0,0,0,99,120,8,BOTTLENECK_TARGET_FRONTIER_CONTINUITY_V2,18.9695,0.043739,0.259085,0.040085,0.216015,18531,18525,6105,0,30,286,18234,23,38358,0,0,0,1581.93,3290087,71757,654.69,0,0,0,,,,,,,,,,,,,,,,,,,,,,,,,,,,,,,,,,,,,,,,,,,,,,8655.3,8655.36,a05a5d753e57bb66146979977179b6beb9f9e2c4ac8e36111c6ac4d0d1f6cf3c,8.685,ok,
g3_dmedium_ascarce_pcross_heavy_gshared_pool_seed0,warehouse_random_factorial,carrier,1,37,132.0,132000000,25,91,16,0,0.1689,28,37,132,132000000,37,132,132000000,1,0,0,8356,3983,1612,0,0,SEARCH_CUTOFF,5,1,0,0,-1,132,-1,37,-1,73,27167,73,686,0,44,0,284,0,0,15,30,34,192,4.26126,20160,9,TASKBR_VACANCY_V1,49199,6730,49199,42469,55929,75.9338,0,95740,20838,49508,49508,95740,95736,95552,95552,95552,0,0,0,0,0,0,0,95552,143500,8,BOTTLENECK_TARGET_FRONTIER_CONTINUITY_V2,64.839,23.7429,91.9344,19.8127,49.0034,26395,17,26394,0,368,3598,45540,20838,32883,0,214,0,3165.33,1545886,220662,1191.63,7101,0,0,,,,,,,,,,,,,,,,,,,,,,,,,,,,,,,,,,,,,,,,,,,,,,9048.99,9049.06,24af16adbb33ae41cc3e8120f4d746b447938410aaade8758b88cddbafc4a7ba,9.08,ok,
g3_dmedium_ascarce_pcross_heavy_gsingleton_seed0,warehouse_random_factorial,carrier,1,92,290.0,290000000,172,102,16,0,0.4674,158,96,306,306000000,92,290,290000000,1,0,0,50623,134,500,0,0,SEARCH_CUTOFF,114,0,0,0,-1,-1,-1,-1,-1,658,31203,658,3657,0,998,0,886,143,95,1334,421,964,1651,31.5442,173355,850,TASKBR_VACANCY_V1,12662,6031,12662,8032,21535,37.2974,352,6109,6043,34153,34153,7120,6549,6438,6438,6438,0,0,0,0,0,0,0,6438,15453,8,BOTTLENECK_TARGET_FRONTIER_CONTINUITY_V2,26.1798,2.22791,7.88119,2.03145,2.73843,28129,27999,19304,0,351,3565,30235,6043,54299,0,352,0,4313.25,19586927,90537,2559.99,8,39,0,,,,,,,,,,,,,,,,,,,,,,,,,,,,,,,,,,,,,,,,,,,,,,8958.38,8958.44,cb5c24ce9c66db1e43e23a73267b349dc5b80911c546e028aaee8bff22842a37,8.993,ok,
g3_dmedium_ascarce_plocal_gshared_pool_seed0,warehouse_random_factorial,carrier,1,31,108.0,108000000,19,73,16,0,0.1532,25,31,108,108000000,31,108,108000000,1,0,0,9812,5482,1909,0,0,SEARCH_CUTOFF,11,1,0,0,-1,108,-1,31,-1,123,25714,123,548,0,112,0,340,0,0,0,23,109,362,7.03134,38010,0,TASKBR_VACANCY_V1,49607,1424,49607,48183,51031,94.4191,0,110011,19223,48724,48724,110011,108954,108836,108836,108836,0,0,0,0,0,0,0,108836,145665,8,BOTTLENECK_TARGET_FRONTIER_CONTINUITY_V2,67.3341,24.2838,101.279,21.7069,51.5573,29760,43,29759,0,336,3335,45051,19223,30055,0,241,0,3569.99,2751984,265242,1471.54,7289,0,0,,,,,,,,,,,,,,,,,,,,,,,,,,,,,,,,,,,,,,,,,,,,,,9036.94,9036.99,600507b828a17e2c526c87796b8e8be7b54b69604dc8af7b24979fc1fd625b83,9.067,ok,
g3_dmedium_ascarce_plocal_gsingleton_seed0,warehouse_random_factorial,carrier,1,33,116.0,116000000,36,64,16,0,0.2727,92,33,116,116000000,33,116,116000000,1,0,0,8297,4254,1587,0,0,SEARCH_CUTOFF,7,0,0,0,-1,-1,-1,-1,-1,86,23317,86,657,0,81,0,281,0,0,706,1056,81,333,5.50571,34965,212,TASKBR_VACANCY_V1,50720,4285,50720,46435,55005,84.4196,0,98917,21054,42297,42297,98917,96906,96858,96858,96858,0,0,0,0,0,0,0,96858,128111,8,BOTTLENECK_TARGET_FRONTIER_CONTINUITY_V2,61.9208,22.7795,93.0197,19.7513,47.4736,25232,48,25229,0,173,2715,39407,21054,25075,0,280,0,3209.75,2151434,236927,1283.41,7502,0,0,,,,,,,,,,,,,,,,,,,,,,,,,,,,,,,,,,,,,,,,,,,,,,9071.34,9071.39,6c28c2ad8be340daae8dc411f270731aa6f685d481e8369acb297a4f92c3eadb,9.102,ok,
g3_dmedium_ascarce_pmixed_gshared_pool_seed0,warehouse_random_factorial,carrier,1,41,141.0,141000000,27,98,16,0,0.1646,26,41,141,141000000,41,141,141000000,1,0,0,6435,3639,1697,0,0,SEARCH_CUTOFF,14,1,0,0,-1,141,-1,41,-1,94,21472,94,760,0,53,0,303,0,0,191,129,41,358,5.98728,37590,43,TASKBR_VACANCY_V1,40750,3749,40750,37001,44499,83.1502,0,83700,15450,44350,44350,83700,82422,82422,82422,82422,0,0,0,0,0,0,0,82422,141428,8,BOTTLENECK_TARGET_FRONTIER_CONTINUITY_V2,57.7663,19.7367,76.4648,17.4607,28.4847,31778,50,31777,0,328,3659,40361,15450,23897,0,321,0,2785.69,1657076,166476,1036.27,5719,0,0,,,,,,,,,,,,,,,,,,,,,,,,,,,,,,,,,,,,,,,,,,,,,,9125.08,9125.15,26c2c8f5f8a21050087d031473092f8a4d0b868076f0d9cd7914c95862562fc9,9.157,ok,
g3_dmedium_ascarce_pmixed_gsingleton_seed0,warehouse_random_factorial,carrier,1,31,108.0,108000000,36,56,16,0,0.2903,62,31,108,108000000,31,108,108000000,1,0,0,12311,5020,1972,0,0,SEARCH_CUTOFF,3,0,0,0,-1,-1,-1,-1,-1,824,36490,824,3841,0,984,0,1996,0,0,144,398,1079,2807,46.3008,294735,36,TASKBR_VACANCY_V1,67762,9818,67762,57944,77580,74.6894,549,65198,22821,42722,42722,65198,65061,63577,63577,63577,0,0,0,0,0,0,0,63577,91317,8,BOTTLENECK_TARGET_FRONTIER_CONTINUITY_V2,50.3334,16.8491,59.3795,14.9028,23.7182,20205,326,20204,0,253,2740,39727,22821,64064,0,189,0,4344.59,3005710,233200,1455.23,3254,0,0,,,,,,,,,,,,,,,,,,,,,,,,,,,,,,,,,,,,,,,,,,,,,,9053.16,9053.21,db6b415d9698c33707e95c9639e599d52eaea069d08538d583ba182f37a53b50,9.081,ok,
g3_dmedium_asurplus_pcross_heavy_gshared_pool_seed0,warehouse_random_factorial,carrier,1,19,100.0,100000000,25,59,16,0,0.1096,20,19,100,100000000,19,100,100000000,1,0,0,5081,28771,173738,0,0,SEARCH_CUTOFF,0,1,0,0,-1,100,-1,19,-1,26,12295,26,613,0,21,0,101,0,0,98,43,11,86,1.55415,9030,53,TASKBR_VACANCY_V1,15864,3504,15864,12360,19368,63.8166,0,22880,9503,19293,19293,22880,22876,22876,22876,22876,0,0,0,0,0,0,0,22876,209431,8,BOTTLENECK_TARGET_FRONTIER_CONTINUITY_V2,41.5866,17.3603,56.2511,10.422,52.6525,11164,3,9163,0,26,240,19025,9503,12346,0,0,0,1267.58,217772,33420,237.646,3002,0,0,,,,,,,,,,,,,,,,,,,,,,,,,,,,,,,,,,,,,,,,,,,,,,8659.12,8659.18,cd4b36e930b312ea14789087b742db72b74972a0933eb14657e2a3f08f561948,8.68,ok,
g3_dmedium_asurplus_pcross_heavy_gsingleton_seed0,warehouse_random_factorial,carrier,1,33,167.0,167000000,62,89,16,0,0.1566,84,33,167,167000000,33,167,167000000,1,0,0,78531,34,419,0,0,SEARCH_CUTOFF,0,0,0,0,-1,-1,-1,-1,-1,65,15841,65,919,0,101,0,163,22,14,2568,668,79,225,3.42628,23625,1286,TASKBR_VACANCY_V1,4473,84,4473,4423,4580,96.5721,0,3095,2901,18406,18406,3117,3108,3108,3108,3108,0,0,0,0,0,0,0,3108,31207,8,BOTTLENECK_TARGET_FRONTIER_CONTINUITY_V2,24.5134,2.33523,8.14501,1.48398,10.1645,15498,15482,10914,0,29,230,18145,2901,24649,0,0,0,1736.33,4681212,37100,717.934,0,21,0,,,,,,,,,,,,,,,,,,,,,,,,,,,,,,,,,,,,,,,,,,,,,,8648.53,8648.58,ae19a37f947a09c338f096ab87d07cfe9ad7e5023be9ee637e57ccd99b4eb940,8.674,ok,
g3_dmedium_asurplus_plocal_gshared_pool_seed0,warehouse_random_factorial,carrier,1,12,72.0,72000000,19,37,16,0,0.1319,16,12,72,72000000,12,72,72000000,1,0,0,15805,35669,160106,0,0,SEARCH_CUTOFF,0,1,0,0,-1,72,-1,12,-1,78,15621,78,751,0,106,0,268,0,0,0,7,113,281,4.7613,29505,0,TASKBR_VACANCY_V1,40304,3260,40304,37044,43564,85.0335,0,33668,13785,16567,16567,33668,33663,33663,33663,33663,0,0,0,0,0,0,0,33663,148549,8,BOTTLENECK_TARGET_FRONTIER_CONTINUITY_V2,46.5848,18.3097,74.4479,12.3485,81.3082,5806,34,5804,0,4,106,16455,13785,30601,0,0,0,3057.36,8757843,132514,1715.93,5024,0,0,,,,,,,,,,,,,,,,,,,,,,,,,,,,,,,,,,,,,,,,,,,,,,8645.24,8645.29,2916786ca2e4e360f7796b1f28409225f3835dae9df831f78a561e7bd5510028,8.665,ok,
g3_dmedium_asurplus_plocal_gsingleton_seed0,warehouse_random_factorial,carrier,1,15,86.0,86000000,36,34,16,0,0.2,19,15,86,86000000,15,86,86000000,1,0,0,53088,18,202,0,0,SEARCH_CUTOFF,0,0,0,0,-1,-1,-1,-1,-1,199,17127,199,851,0,255,0,358,0,0,146,87,333,419,10.1798,43995,116,TASKBR_VACANCY_V1,54,27,54,27,81,33.3333,0,101,21,17478,17478,101,86,86,86,86,0,0,0,0,0,0,0,86,150,8,BOTTLENECK_TARGET_FRONTIER_CONTINUITY_V2,22.2946,0.038412,0.273587,0.034258,0.241194,17465,17459,8636,0,22,222,17232,21,48208,0,0,0,2506.62,9124752,106669,1393.7,0,0,0,,,,,,,,,,,,,,,,,,,,,,,,,,,,,,,,,,,,,,,,,,,,,,8634.25,8634.3,734a99656f75b82f1393eb5c0c255bbfdecebb6099f01f84ae7684bc0945aa58,8.655,ok,
g3_dmedium_asurplus_pmixed_gshared_pool_seed0,warehouse_random_factorial,carrier,1,13,82.0,82000000,27,39,16,0,0.1731,17,13,82,82000000,13,82,82000000,1,0,0,12223,1565,8112,0,0,SEARCH_CUTOFF,0,1,0,0,-1,82,-1,13,-1,2985,3148,2985,25129,0,4395,0,12241,278,278,27274,29511,4425,7219,162.763,757995,3171,TASKBR_VACANCY_V1,16011,6242,16011,9819,22568,43.5085,2719,8052,1862,6155,6155,8077,8071,8071,8071,8071,0,0,0,0,0,0,0,8071,42050,8,BOTTLENECK_TARGET_FRONTIER_CONTINUITY_V2,17.1395,6.15735,20.1004,3.48404,13.165,2498,5,2494,0,1,17,6135,1862,23457,0,0,0,7833.97,3154762,49207,711.563,0,0,0,,,,,,,,,,,,,,,,,,,,,,,,,,,,,,,,,,,,,,,,,,,,,,8584.14,8584.2,fd67c09c818ebdad324f34e21bf36b15d842fe1d4ee90d9235cce0f5649b44ce,8.604,ok,
g3_dmedium_asurplus_pmixed_gsingleton_seed0,warehouse_random_factorial,carrier,1,14,75.0,75000000,36,23,16,0,0.2143,19,14,75,75000000,14,75,75000000,1,0,0,47048,18,191,0,0,SEARCH_CUTOFF,0,0,0,0,-1,-1,-1,-1,-1,79,18361,79,182,0,144,0,54,0,0,40,52,180,170,3.10605,17850,10,TASKBR_VACANCY_V1,30,12,30,18,42,42.8571,0,70,22,18566,18566,70,60,60,60,60,0,0,0,0,0,0,0,60,92,8,BOTTLENECK_TARGET_FRONTIER_CONTINUITY_V2,22.5562,0.025383,0.193784,0.024628,0.313608,18559,18555,13491,0,19,191,18354,22,42567,0,0,0,1668.3,3842528,73761,724.316,0,0,0,,,,,,,,,,,,,,,,,,,,,,,,,,,,,,,,,,,,,,,,,,,,,,8657.85,8657.91,34b8ca0b2e710c446f4c91b624f52f078407a4b71c27184cb0d21c0075f49c8b,8.682,ok,
g4_dhigh_abaseline_pcross_heavy_gshared_pool_seed0,warehouse_random_factorial,carrier,1,34,219.0,219000000,75,120,24,0,0.2757,108,34,219,219000000,34,219,219000000,1,0,0,83966,3,26,0,0,SEARCH_CUTOFF,7,1,0,0,-1,219,-1,34,-1,61,14015,61,2437,0,205,15,399,22,12,1948,1314,60,378,7.92246,54432,1728,TASKBR_VACANCY_V1,14405,110,14405,14311,14534,98.4657,0,17008,5267,16677,16677,17033,17024,17001,17001,17001,0,0,0,0,0,0,0,17001,92913,12,BOTTLENECK_TARGET_FRONTIER_CONTINUITY_V2,34.6733,9.82612,33.8827,7.02291,10.8955,6146,5,6152,0,27,241,16407,5267,20427,0,0,0,2520.64,997573,69047,519.251,2606,0,0,,,,,,,,,,,,,,,,,,,,,,,,,,,,,,,,,,,,,,,,,,,,,,8666.29,8666.37,41460ac6006aab2c6103fb8ee54bd2b7efaf965dde3313d7fe517ae4c666931b,8.692,ok,
g4_dhigh_abaseline_pcross_heavy_gsingleton_seed0,warehouse_random_factorial,carrier,1,44,273.0,273000000,111,132,26,0,0.3153,295,44,273,273000000,44,273,273000000,1,0,0,142399,43,368,0,0,SEARCH_CUTOFF,17,0,0,0,-1,-1,-1,-1,-1,227,12041,227,3486,0,508,0,660,74,42,378,1006,505,621,22.5418,89424,190,TASKBR_VACANCY_V1,17607,8344,17607,9357,26010,35.9746,0,5056,4729,12420,12420,5139,5128,5053,5053,5053,0,0,0,0,0,0,0,5053,20317,12,BOTTLENECK_TARGET_FRONTIER_CONTINUITY_V2,19.8276,2.8821,10.7148,1.93061,10.5246,8169,8149,5296,0,9,93,12316,4729,30697,0,0,0,5090.92,25764499,92994,3077.7,26,6,0,,,,,,,,,,,,,,,,,,,,,,,,,,,,,,,,,,,,,,,,,,,,,,8627.11,8627.19,4fcdb5e1ecbc46724185059b20642d23f241ad17381e175fa9f47b23cf9b9ddc,8.656,ok,
g4_dhigh_abaseline_plocal_gshared_pool_seed0,warehouse_random_factorial,carrier,1,25,169.0,169000000,55,90,24,0,0.275,71,25,169,169000000,25,169,169000000,1,0,0,29436,49433,91433,0,0,SEARCH_CUTOFF,4,1,0,0,-1,169,-1,25,-1,83,15816,83,1553,0,152,0,356,2,2,569,192,105,288,9.15061,41472,69,TASKBR_VACANCY_V1,22997,2223,22997,20778,25220,82.387,0,23764,2757,16627,16627,23766,19607,19605,19605,19605,0,0,0,0,0,0,0,19605,86534,12,BOTTLENECK_TARGET_FRONTIER_CONTINUITY_V2,35.6088,11.4987,40.1488,7.24181,31.5265,5766,26,5765,0,6,120,16499,2757,29667,0,0,0,2789.44,1157880,98022,697.272,5,0,0,,,,,,,,,,,,,,,,,,,,,,,,,,,,,,,,,,,,,,,,,,,,,,8648.55,8648.62,78d31fee97a3ee24653d02bdb96ac7ba6e8776ef63b8d5d6a9a1e631199cd040,8.671,ok,
g4_dhigh_abaseline_plocal_gsingleton_seed0,warehouse_random_factorial,carrier,1,31,190.0,190000000,78,82,26,0,0.3145,211,31,190,190000000,31,190,190000000,1,0,0,67644,34,274,0,0,SEARCH_CUTOFF,4,0,0,0,-1,-1,-1,-1,-1,244,14558,244,2150,0,386,0,661,84,6,380,458,423,1076,27.961,154944,342,TASKBR_VACANCY_V1,21123,6637,21123,14570,28873,50.4624,0,11042,7888,15384,15384,11525,8216,8165,8165,8165,0,0,0,216,0,0,0,8165,34914,12,BOTTLENECK_TARGET_FRONTIER_CONTINUITY_V2,25.8748,4.49378,17.2648,3.28942,12.3412,8708,8700,4060,0,26,234,15122,7888,33109,0,0,0,3464.33,6141411,93493,1154.24,8,0,0,,,,,,,,,,,,,,,,,,,,,,,,,,,,,,,,,,,,,,,,,,,,,,8650.9,8650.98,4f4c2eeec145c2549d856639203a27f87778c73fac1d36724ee0b2a8d76d8ab5,8.676,ok,
g4_dhigh_abaseline_pmixed_gshared_pool_seed0,warehouse_random_factorial,carrier,1,27,174.0,174000000,60,90,24,0,0.2778,77,27,174,174000000,27,174,174000000,1,0,0,90468,25,223,0,0,SEARCH_CUTOFF,10,1,0,0,-1,174,-1,27,-1,70,15924,70,1877,0,106,0,314,0,0,899,704,70,318,8.21252,45792,846,TASKBR_VACANCY_V1,8717,2010,8717,6707,10727,62.5245,0,4027,3746,16869,16869,4027,4005,4005,4005,4005,0,0,0,0,0,0,0,4005,21198,12,BOTTLENECK_TARGET_FRONTIER_CONTINUITY_V2,25.114,2.606,9.20146,1.87159,7.05933,13164,13146,5372,0,21,242,16604,3746,27282,0,0,0,2516.36,2191761,44004,538.507,6,0,0,,,,,,,,,,,,,,,,,,,,,,,,,,,,,,,,,,,,,,,,,,,,,,8654.41,8654.48,5611d3bc3944a3e2b63d5e26bac0cc33126dcdfd9a15c3b19f6695cfb3f554e0,8.681,ok,
g4_dhigh_abaseline_pmixed_gsingleton_seed0,warehouse_random_factorial,carrier,1,37,220.0,220000000,108,88,24,0,0.3649,276,37,220,220000000,37,220,220000000,1,0,0,40261,73,468,0,0,SEARCH_CUTOFF,5,0,0,0,-1,-1,-1,-1,-1,140,15294,140,4142,14,303,0,460,58,42,1754,699,303,582,14.9974,83808,3113,TASKBR_VACANCY_V1,13141,7433,13141,5776,20632,27.9953,0,8991,2668,15874,15874,9036,2985,2932,2932,2932,0,0,0,0,0,0,0,2932,14670,12,BOTTLENECK_TARGET_FRONTIER_CONTINUITY_V2,23.5197,1.73568,6.46544,1.21743,3.70232,13223,13209,7427,0,24,254,15594,2668,31413,0,0,0,3308.76,6092637,95370,1167.44,16,0,52,,,,,,,,,,,,,,,,,,,,,,,,,,,,,,,,,,,,,,,,,,,,,,8643.5,8643.58,000bbb2f43117fb13aacbbdcb5cd8a5b7d7a653f1dcd6b4fa88282c3f47a0f38,8.667,ok,
g4_dhigh_aequal_pcross_heavy_gshared_pool_seed0,warehouse_random_factorial,carrier,1,39,199.0,199000000,79,93,26,0,0.1688,107,45,213,213000000,39,199,199000000,1,1,1,1,6,77,0,0,STRICT_IMPROVEMENT,4,1,1,1,277,213,199,45,39,77,9,77,2604,0,181,15,299,26,15,356,336,52,436,10.0531,62784,601,TASKBR_VACANCY_V1,296,114,296,208,432,48.1481,0,250,58,96,96,278,264,249,249,249,0,0,0,0,0,0,0,249,416,12,BOTTLENECK_TARGET_FRONTIER_CONTINUITY_V2,0.387914,0.121179,0.739589,0.11039,0.933098,59,50,49,0,31,16,47,58,187,0,0,0,243.282,229716,446,32.0264,4,0,34,,,,,,,,,,,,,,,,,,,,,,,,,,,,,,,,,,,,,,,,,,,,,,285.768,285.857,65f58e96cf72651e9c7a554c198d4cb6502ae6ee38034872641d1cd71436dae3,0.298,ok,
g4_dhigh_aequal_pcross_heavy_gsingleton_seed0,warehouse_random_factorial,carrier,1,36,263.0,263000000,109,124,26,0,0.2523,170,36,263,263000000,36,263,263000000,1,0,0,39827,38,439,0,0,SEARCH_CUTOFF,6,0,0,0,-1,-1,-1,-1,-1,78,14962,78,1693,0,205,0,278,52,32,80,508,147,285,8.22302,41040,124,TASKBR_VACANCY_V1,235,94,235,199,375,53.0667,0,282,55,16070,16070,341,329,312,312,312,0,0,0,0,0,0,0,312,523,12,BOTTLENECK_TARGET_FRONTIER_CONTINUITY_V2,26.0594,0.158392,1.11791,0.198726,1.96592,16033,16017,8781,0,29,256,15783,55,20717,0,0,0,2805.24,3717551,32467,721.426,11,20,0,,,,,,,,,,,,,,,,,,,,,,,,,,,,,,,,,,,,,,,,,,,,,,8645.72,8645.79,620904b13bb0caef47e914bec5d1a796fb68ec2b778122671e54bba3d8bfdc41,8.67,ok,
g4_dhigh_aequal_plocal_gshared_pool_seed0,warehouse_random_factorial,carrier,1,20,175.0,175000000,55,96,24,0,0.2292,58,20,175,175000000,20,175,175000000,1,0,0,29484,1572,3958,0,0,SEARCH_CUTOFF,0,1,0,0,-1,175,-1,20,-1,1062,8531,1062,6129,0,1684,0,3377,4,4,1045,3675,2092,2727,112.45,392688,554,TASKBR_VACANCY_V1,15151,1868,15151,13294,17019,78.1127,790,13506,4943,9602,9602,13512,11596,11596,11596,11596,0,0,0,0,0,0,0,11596,60667,12,BOTTLENECK_TARGET_FRONTIER_CONTINUITY_V2,26.091,8.74667,29.4535,5.54725,19.6408,4653,367,4646,0,2,23,9575,4943,41872,0,0,0,6428.68,3348140,75564,1051.33,1563,0,0,,,,,,,,,,,,,,,,,,,,,,,,,,,,,,,,,,,,,,,,,,,,,,8624.77,8624.85,5bc40133a9500b6928036fce5276720e1e2d9ed7adc34b55ea87e446cfe34704,8.646,ok,
g4_dhigh_aequal_plocal_gsingleton_seed0,warehouse_random_factorial,carrier,1,19,193.0,193000000,74,83,30,0,0.3246,139,19,193,193000000,19,193,193000000,1,0,0,125422,232,1225,0,0,SEARCH_CUTOFF,5,0,0,0,-1,-1,-1,-1,-1,87,14154,87,1295,0,243,0,444,32,0,314,1451,262,546,11.8996,78624,820,TASKBR_VACANCY_V1,52222,25,52222,52233,52290,99.891,0,41083,22555,14248,14248,41127,41040,41002,41002,41002,0,0,0,0,0,0,0,41002,89161,12,BOTTLENECK_TARGET_FRONTIER_CONTINUITY_V2,48.8928,18.3371,70.7632,12.3043,60.2403,3896,23,2351,0,1,0,14245,22555,56915,0,0,0,3918.25,2480702,113946,1416.97,5674,0,0,,,,,,,,,,,,,,,,,,,,,,,,,,,,,,,,,,,,,,,,,,,,,,8691.57,8691.66,ae6245e79ef1fa946a25bb82b9d18ae5ca47eebf8848b8236e11667a6f21eda0,8.722,ok,
g4_dhigh_aequal_pmixed_gshared_pool_seed0,warehouse_random_factorial,carrier,1,24,196.0,196000000,60,112,24,0,0.2083,69,24,196,196000000,24,196,196000000,1,0,0,129859,62,498,0,0,SEARCH_CUTOFF,4,1,0,0,-1,196,-1,24,-1,349,13064,349,3884,0,473,0,961,2,2,3311,291,500,1074,36.8432,154656,1684,TASKBR_VACANCY_V1,18870,8238,18870,10635,27110,39.2291,73,5627,5288,13517,13517,5627,5526,5526,5526,5526,0,0,0,0,0,0,0,5526,39351,12,BOTTLENECK_TARGET_FRONTIER_CONTINUITY_V2,26.0739,4.71433,15.6814,2.72946,8.04073,8749,8737,3909,0,19,166,13330,5288,40968,0,0,0,4390.31,9548656,98372,1863.84,0,0,0,,,,,,,,,,,,,,,,,,,,,,,,,,,,,,,,,,,,,,,,,,,,,,8643.88,8643.95,185a1a7d13dad14be29815ac94fddaccc154e006c0b0ac068e3d97a977b12570,8.673,ok,
g4_dhigh_aequal_pmixed_gsingleton_seed0,warehouse_random_factorial,carrier,1,32,253.0,253000000,100,123,28,1,0.2604,216,32,253,253000000,32,253,253000000,1,0,0,19946,40383,162642,0,0,SEARCH_CUTOFF,7,0,0,0,-1,-1,-1,-1,-1,66,14722,66,2105,0,153,0,341,50,18,5406,1578,131,301,7.84601,43344,1490,TASKBR_VACANCY_V1,321,88,321,292,476,61.3445,0,5136,103,16234,16234,5187,314,310,310,310,0,0,0,0,0,0,0,310,449,12,BOTTLENECK_TARGET_FRONTIER_CONTINUITY_V2,24.5297,0.153007,0.852045,0.173959,0.980589,16180,16174,6386,0,24,204,16004,103,19648,0,0,0,2507.58,622665,22800,279.469,38,0,57,,,,,,,,,,,,,,,,,,,,,,,,,,,,,,,,,,,,,,,,,,,,,,8651.08,8651.16,d0c7498c25424f98545f3539b285a131c390f0a8e4402f9935c0b1841856842e,8.674,ok,
g4_dhigh_ascarce_pcross_heavy_gshared_pool_seed0,warehouse_random_factorial,carrier,1,44,236.0,236000000,68,141,26,0,0.2576,121,44,236,236000000,44,236,236000000,1,0,0,10236,11,76,0,0,SEARCH_CUTOFF,16,1,0,0,-1,236,-1,44,-1,266,12139,266,4893,0,618,11,1528,68,44,2976,12148,542,1473,34.6902,212112,11749,TASKBR_VACANCY_V1,60696,2340,60696,60640,63061,96.1609,0,51208,14116,12565,12565,53130,52687,50369,50369,50369,0,0,0,0,0,0,0,50369,50391,12,BOTTLENECK_TARGET_FRONTIER_CONTINUITY_V2,41.7257,14.4174,80.8888,15.926,42.5374,4236,53,5143,0,25,234,12304,14116,32195,0,0,0,5280.84,7541438,99873,1794.48,4441,0,0,,,,,,,,,,,,,,,,,,,,,,,,,,,,,,,,,,,,,,,,,,,,,,8591.74,8591.83,3345ad51c36628087f17acf30d14c010b384b6a19de504941ac5b0b7a698f980,8.61,ok,
g4_dhigh_ascarce_pcross_heavy_gsingleton_seed0,warehouse_random_factorial,carrier,1,48,267.0,267000000,107,130,26,0,0.3715,390,48,267,267000000,48,267,267000000,1,0,0,11758,45,313,0,0,SEARCH_CUTOFF,6,0,0,0,-1,-1,-1,-1,-1,171,17361,171,3406,0,326,0,680,66,34,485,897,284,670,18.6683,96480,266,TASKBR_VACANCY_V1,11748,1748,11748,10091,13548,74.4833,0,5291,4789,18117,18117,5371,5361,5283,5283,5283,0,0,0,0,0,0,0,5283,16768,12,BOTTLENECK_TARGET_FRONTIER_CONTINUITY_V2,23.9331,2.74901,9.59058,2.17372,5.2269,13540,13518,8008,0,40,403,17672,4789,36174,0,0,0,3932.02,6500235,94022,1326.54,23,0,0,,,,,,,,,,,,,,,,,,,,,,,,,,,,,,,,,,,,,,,,,,,,,,8642.56,8642.64,01786dbf08ac6132eb3d7b13c1ce0da909cdb1dc2b07273ae696290bd3d14efb,8.663,ok,
g4_dhigh_ascarce_plocal_gshared_pool_seed0,warehouse_random_factorial,carrier,1,44,230.0,230000000,55,151,24,0,0.2083,99,44,230,230000000,44,230,230000000,1,0,0,2172,21584,12049,0,0,SEARCH_CUTOFF,18,1,0,0,-1,230,-1,44,-1,59,15228,59,1834,0,110,0,405,4,4,3336,189,35,269,7.3695,38736,1062,TASKBR_VACANCY_V1,30864,61,30864,30811,30925,99.6314,0,30158,9230,16214,16214,30162,30155,30151,30151,30151,0,0,0,0,0,0,0,30151,70150,12,BOTTLENECK_TARGET_FRONTIER_CONTINUITY_V2,43.7852,13.6289,49.0447,9.7709,36.4719,7612,6,5830,0,22,188,16002,9230,15337,0,0,0,3177.49,1710270,75809,757.883,3240,0,0,,,,,,,,,,,,,,,,,,,,,,,,,,,,,,,,,,,,,,,,,,,,,,8623.47,8623.56,50971eaeb0254faa7eeeddddcc4570236ae22e06323fa68df2770a8a9672ac1c,8.644,ok,
g4_dhigh_ascarce_plocal_gsingleton_seed0,warehouse_random_factorial,carrier,1,54,262.0,262000000,81,148,28,0,0.25,308,54,262,262000000,54,262,262000000,1,0,0,4113,65,416,0,0,SEARCH_CUTOFF,19,0,0,0,-1,-1,-1,-1,-1,91,10836,91,1809,0,108,0,734,178,6,888,592,102,588,11.8364,84672,328,TASKBR_VACANCY_V1,565,38,565,708,794,89.1688,0,646,154,16354,16354,718,705,641,641,641,0,0,0,0,0,0,0,641,690,12,BOTTLENECK_TARGET_FRONTIER_CONTINUITY_V2,21.268,0.257436,1.99616,0.36262,1.74827,16297,16257,9466,0,43,286,16023,154,10998,0,0,0,2781.65,476949,16965,211.516,40,0,0,,,,,,,,,,,,,,,,,,,,,,,,,,,,,,,,,,,,,,,,,,,,,,8595.93,8596,c6d0dc71184b37e77465eb37fd508a12ce104436579f6a2722d73ca542e7da6a,8.614,ok,
g4_dhigh_ascarce_pmixed_gshared_pool_seed0,warehouse_random_factorial,carrier,1,39,213.0,213000000,60,129,24,0,0.2564,105,39,213,213000000,39,213,213000000,1,0,0,17107,46741,10737,0,0,SEARCH_CUTOFF,20,1,0,0,-1,213,-1,39,-1,150,15852,150,2286,0,210,0,663,0,0,300,114,183,618,17.356,88992,320,TASKBR_VACANCY_V1,28126,4257,28126,23869,32383,73.7084,0,28807,4153,16734,16734,28807,21235,21235,21235,21235,0,0,0,0,0,0,0,21235,51810,12,BOTTLENECK_TARGET_FRONTIER_CONTINUITY_V2,31.2156,9.13763,31.0012,7.10209,12.3783,6795,47,6792,0,5,92,16635,4153,32018,0,2,0,3230.11,1404363,119420,870.977,6,0,0,,,,,,,,,,,,,,,,,,,,,,,,,,,,,,,,,,,,,,,,,,,,,,8640.63,8640.7,6bf3b6f56a62ab98b720c05ebb86616a38d3a90de0dd22f42b940f045596bdd6,8.66,ok,
g4_dhigh_ascarce_pmixed_gsingleton_seed0,warehouse_random_factorial,carrier,1,48,235.0,235000000,106,105,24,0,0.3681,319,48,235,235000000,48,235,235000000,1,0,0,6623,38937,10727,0,0,SEARCH_CUTOFF,2,0,0,0,-1,-1,-1,-1,-1,82,11634,82,2854,4,189,0,555,68,36,968,1664,145,351,9.5406,50544,1514,TASKBR_VACANCY_V1,12133,94,12133,12113,12287,98.5839,0,17568,80,17135,17135,17610,17598,17520,17520,17520,0,0,0,0,0,0,0,17520,76652,12,BOTTLENECK_TARGET_FRONTIER_CONTINUITY_V2,37.4946,10.5538,34.591,7.41766,27.5678,10111,10,10126,0,25,292,16816,80,12396,0,1,0,2949.47,1140309,38140,439.886,22,0,32,,,,,,,,,,,,,,,,,,,,,,,,,,,,,,,,,,,,,,,,,,,,,,8619.64,8619.72,44ba8595cd6ec9d0f44a1308cc0497c12c149e23e2b47fa400f68bdc96137667,8.64,ok,
g4_dhigh_asurplus_pcross_heavy_gshared_pool_seed0,warehouse_random_factorial,carrier,1,22,166.0,166000000,70,69,26,0,0.1768,71,22,166,166000000,22,166,166000000,1,0,0,98573,19,358,0,0,SEARCH_CUTOFF,1,1,0,0,-1,166,-1,22,-1,167,13386,167,2159,0,329,0,382,12,4,995,375,341,577,17.8007,83088,512,TASKBR_VACANCY_V1,19631,4870,19631,14776,24513,60.2782,0,9491,6937,13653,13653,9506,7109,7109,7109,7109,0,0,0,0,0,0,0,7109,91019,12,BOTTLENECK_TARGET_FRONTIER_CONTINUITY_V2,32.3066,6.57976,25.933,4.1358,37.6036,7511,7503,5244,0,18,143,13490,6937,33253,0,0,0,4018.14,13046383,100101,2027.99,0,9,0,,,,,,,,,,,,,,,,,,,,,,,,,,,,,,,,,,,,,,,,,,,,,,8641.22,8641.31,9b50eef06bf28aee30b54e5670883a6091e40e914ce753267b9b0f6ffbbed56e,8.669,ok,
g4_dhigh_asurplus_pcross_heavy_gsingleton_seed0,warehouse_random_factorial,carrier,1,26,214.0,214000000,109,75,26,0,0.2329,128,26,214,214000000,26,214,214000000,1,0,0,84443,280,2256,0,0,SEARCH_CUTOFF,0,0,0,0,-1,-1,-1,-1,-1,252,14397,252,1318,0,660,0,358,42,22,773,454,717,622,23.9094,89568,353,TASKBR_VACANCY_V1,6531,961,6531,5616,7535,74.5322,0,1930,1784,14801,14801,1972,1957,1957,1957,1957,0,0,0,0,0,0,0,1957,26543,12,BOTTLENECK_TARGET_FRONTIER_CONTINUITY_V2,28.6653,1.70623,6.92245,1.22072,3.68953,13032,13026,7317,0,22,193,14584,1784,41448,0,0,0,3541.12,8024448,100996,1469.74,0,27,3,,,,,,,,,,,,,,,,,,,,,,,,,,,,,,,,,,,,,,,,,,,,,,8650.07,8650.17,17af9754367b7f22bc7871e308bea6c289a0f1d35784e0f909934b9d518ca2da,8.677,ok,
g4_dhigh_asurplus_plocal_gshared_pool_seed0,warehouse_random_factorial,carrier,1,20,143.0,143000000,55,64,24,0,0.1528,56,20,143,143000000,20,143,143000000,1,0,0,86108,1351,5979,0,0,SEARCH_CUTOFF,0,1,0,0,-1,143,-1,20,-1,954,11728,954,7284,0,2817,0,2018,2,2,529,6026,3192,2657,102.092,382608,4939,TASKBR_VACANCY_V1,20906,683,20906,20223,21594,93.651,681,18872,7487,12729,12729,18872,16974,16974,16974,16974,0,0,0,0,0,0,0,16974,171378,12,BOTTLENECK_TARGET_FRONTIER_CONTINUITY_V2,40.5248,13.5189,61.2217,9.27044,72.7824,5632,131,5624,0,14,131,12582,7487,41437,0,0,0,5713.64,10798100,101773,2064.67,1949,0,0,,,,,,,,,,,,,,,,,,,,,,,,,,,,,,,,,,,,,,,,,,,,,,8653.58,8653.67,70b4a5806a1a43a3070b4b84c4d12dfa9a6d5d967affe01fc1cc208da08b6a17,8.681,ok,
g4_dhigh_asurplus_plocal_gsingleton_seed0,warehouse_random_factorial,carrier,1,23,176.0,176000000,81,62,28,0,0.1957,98,23,176,176000000,23,176,176000000,1,0,0,41496,36,509,0,0,SEARCH_CUTOFF,0,0,0,0,-1,-1,-1,-1,-1,37,11352,37,591,0,102,0,140,22,2,472,682,100,202,4.56561,29088,218,TASKBR_VACANCY_V1,121,31,121,108,185,58.3784,0,160,66,15715,15715,194,175,175,175,175,0,0,0,3,0,0,0,175,465,12,BOTTLENECK_TARGET_FRONTIER_CONTINUITY_V2,30.4173,0.117072,0.72588,0.076959,0.765137,15684,15680,9011,0,33,236,15444,66,11573,0,0,0,2520.83,438831,15994,221.465,3,0,15,,,,,,,,,,,,,,,,,,,,,,,,,,,,,,,,,,,,,,,,,,,,,,8627.13,8627.2,bf54e6ba2d966d666803b9f70f38b1417e0b35090952762eefdfd19cac66978c,8.653,ok,
g4_dhigh_asurplus_pmixed_gshared_pool_seed0,warehouse_random_factorial,carrier,1,21,139.0,139000000,60,55,24,0,0.1587,53,21,139,139000000,21,139,139000000,1,0,0,76397,17,284,0,0,SEARCH_CUTOFF,0,1,0,0,-1,139,-1,21,-1,171,13383,171,2318,0,330,4,367,13,13,299,29,293,570,17.9425,82080,330,TASKBR_VACANCY_V1,6494,1729,6494,6421,8223,78.0859,0,2648,3345,13848,13848,3478,3463,3463,3463,3463,0,0,0,0,0,0,0,3463,50231,12,BOTTLENECK_TARGET_FRONTIER_CONTINUITY_V2,28.338,2.93604,12.3311,2.26097,4.73787,10512,10506,4903,0,22,222,13602,3345,33233,0,0,0,4066.7,16511651,81917,2180.5,0,2,0,,,,,,,,,,,,,,,,,,,,,,,,,,,,,,,,,,,,,,,,,,,,,,8638.44,8638.51,7e9a70e94a9df07910dc94a415f6e5344ddeaf7ae8f0f16b326aa363f9d9e371,8.663,ok,
g4_dhigh_asurplus_pmixed_gsingleton_seed0,warehouse_random_factorial,carrier,1,27,222.0,222000000,107,88,26,0,0.2202,178,27,222,222000000,27,222,222000000,1,0,0,46024,30,508,0,0,SEARCH_CUTOFF,3,0,0,0,-1,-1,-1,-1,-1,81,15170,81,1624,0,215,0,282,48,24,2850,651,200,321,8.81721,46224,643,TASKBR_VACANCY_V1,9448,104,9448,9398,9621,97.6822,0,4898,4788,15555,15555,4945,4932,4932,4932,4932,0,0,0,0,0,0,0,4932,74278,12,BOTTLENECK_TARGET_FRONTIER_CONTINUITY_V2,31.6465,5.18464,17.5898,3.16955,34.6885,10829,10825,8013,0,21,191,15341,4788,31071,0,0,0,3098.54,6292288,74175,1056.33,27,0,37,,,,,,,,,,,,,,,,,,,,,,,,,,,,,,,,,,,,,,,,,,,,,,8649.58,8649.67,3df213c8f8b7aeb182ea48ecfd2095b02a0ebed0f89af5a44830b9087c2e4559,8.676,ok,
g4_dlow_abaseline_pcross_heavy_gshared_pool_seed0,warehouse_random_factorial,carrier,1,32,194.0,194000000,53,117,24,0,0.207,73,32,194,194000000,32,194,194000000,1,0,0,0,23654,76975,0,0,SEARCH_CUTOFF,8,1,0,0,-1,194,-1,32,-1,54,13288,54,2670,0,56,8,373,6,6,1314,19,16,410,6.89725,59040,31,TASKBR_VACANCY_V1,20078,6492,20078,13596,26572,51.1666,0,23055,3207,19602,19602,23062,23051,23044,23044,23044,0,0,0,0,0,0,0,23044,133299,12,BOTTLENECK_TARGET_FRONTIER_CONTINUITY_V2,38.4149,12.3981,41.51,8.69824,26.3331,11052,4,11053,0,29,279,19292,3207,13402,0,0,0,1421.08,363132,35783,311.009,21,0,0,,,,,,,,,,,,,,,,,,,,,,,,,,,,,,,,,,,,,,,,,,,,,,8638.41,8638.49,420f28036d65faa8ee82be2afc4591dfd26dc25d975c6b1962cd4be65f8d6b23,8.659,ok,
g4_dlow_abaseline_pcross_heavy_gsingleton_seed0,warehouse_random_factorial,carrier,1,34,238.0,238000000,92,117,28,1,0.3382,180,35,240,240000000,34,238,238000000,1,1,1,4,37,313,0,0,STRICT_IMPROVEMENT,3,0,0,0,-1,-1,-1,-1,-1,70,15,70,2694,0,103,0,470,50,28,132,16,55,360,7.59427,51840,68,TASKBR_VACANCY_V1,445,140,445,371,625,59.36,0,446,98,100,100,498,480,428,428,428,0,0,0,0,0,0,0,428,470,12,BOTTLENECK_TARGET_FRONTIER_CONTINUITY_V2,0.470255,0.175324,1.28407,0.225659,1.83014,40,22,42,0,9,13,76,98,238,0,0,0,331.096,467990,584,62.054,20,0,11,,,,,,,,,,,,,,,,,,,,,,,,,,,,,,,,,,,,,,,,,,,,,,359.874,359.943,746a7dda20c700e8b392c1912432e1c1fe510dac1dc236262121a6bf4c2c2ff4,0.371,ok,
g4_dlow_abaseline_plocal_gshared_pool_seed0,warehouse_random_factorial,carrier,1,25,164.0,164000000,45,95,24,0,0.225,56,25,164,164000000,25,164,164000000,1,0,0,0,9907,39735,0,0,SEARCH_CUTOFF,2,1,0,0,-1,164,-1,25,-1,1643,6322,1643,19176,0,2445,0,6535,0,0,238,413,2433,6051,167.175,871344,55,TASKBR_VACANCY_V1,21507,7462,21507,14045,28969,48.4829,1367,12645,3062,8016,8016,12645,11295,11295,11295,11295,0,0,0,0,0,0,0,11295,31609,12,BOTTLENECK_TARGET_FRONTIER_CONTINUITY_V2,19.3831,5.95068,21.1381,4.02241,13.8033,3148,5,3144,0,2,26,7986,3062,27367,0,0,0,7346.31,4466365,64081,1007.67,6,0,0,,,,,,,,,,,,,,,,,,,,,,,,,,,,,,,,,,,,,,,,,,,,,,8571.22,8571.29,e64603dbe745a4778654158f6b63d5fb02a142e88dae428cc9ecc4c4e330f872,8.587,ok,
g4_dlow_abaseline_plocal_gsingleton_seed0,warehouse_random_factorial,carrier,1,24,154.0,154000000,52,76,26,1,0.2708,58,24,154,154000000,24,154,154000000,1,0,0,10711,32722,81739,0,0,SEARCH_CUTOFF,2,0,0,0,-1,-1,-1,-1,-1,114,17529,114,1597,0,40,0,505,0,0,126,2,55,548,12.1799,78912,40,TASKBR_VACANCY_V1,45785,14605,45785,31180,60390,51.6311,0,29541,7317,18252,18252,29541,25780,25780,25780,25780,0,0,0,0,0,0,0,25780,95584,12,BOTTLENECK_TARGET_FRONTIER_CONTINUITY_V2,38.3742,12.9653,44.0595,8.67743,19.8364,9750,27,9747,0,27,262,17961,7317,36441,0,0,0,2113.3,1898565,129781,918.64,8,0,0,,,,,,,,,,,,,,,,,,,,,,,,,,,,,,,,,,,,,,,,,,,,,,8650.85,8650.94,a6ddf3b56b1b9e972c59782d411ec0548d492f0e290d37ac492d614e3772b99c,8.67,ok,
g4_dlow_abaseline_pmixed_gshared_pool_seed0,warehouse_random_factorial,carrier,1,25,163.0,163000000,45,94,24,0,0.225,52,25,163,163000000,25,163,163000000,1,0,0,10905,65,415,0,0,SEARCH_CUTOFF,9,1,0,0,-1,163,-1,25,-1,147,18015,147,2235,0,107,0,438,0,0,552,240,118,545,13.8138,78480,143,TASKBR_VACANCY_V1,12321,6220,12321,6101,18541,32.9055,0,3385,3115,18319,18319,3385,3352,3352,3352,3352,0,0,0,0,0,0,0,3352,17209,12,BOTTLENECK_TARGET_FRONTIER_CONTINUITY_V2,26.0924,2.19064,7.5278,1.26244,6.61579,15239,15221,8585,0,20,219,18078,3115,42504,0,0,0,2222.11,6040610,91445,1099.89,5,0,0,,,,,,,,,,,,,,,,,,,,,,,,,,,,,,,,,,,,,,,,,,,,,,8650.51,8650.58,c5ca519ade6db0c4fdb172e3dc4ef219ed001c12d092aef068d868db493f61bb,8.672,ok,
g4_dlow_abaseline_pmixed_gsingleton_seed0,warehouse_random_factorial,carrier,1,33,221.0,221000000,82,109,30,3,0.3106,133,33,221,221000000,33,221,221000000,1,0,0,1080,40,344,0,0,SEARCH_CUTOFF,5,0,0,0,-1,-1,-1,-1,-1,77,18006,77,2876,0,52,0,518,20,12,2888,826,42,393,8.24287,56592,556,TASKBR_VACANCY_V1,36185,10787,36185,25419,47002,54.0807,0,23338,4247,18817,18817,23346,23330,23322,23322,23322,0,0,0,0,0,0,0,23322,108167,12,BOTTLENECK_TARGET_FRONTIER_CONTINUITY_V2,38.5611,13.4029,43.0434,8.36431,39.0888,8724,14,8729,0,1,38,18776,4247,29219,0,0,0,2206.59,3633954,100030,924.333,21,0,0,,,,,,,,,,,,,,,,,,,,,,,,,,,,,,,,,,,,,,,,,,,,,,8668.04,8668.12,f133ff07f2c61574858507c28ed2f6ba11f80e4094e7bb942ae633eef8b2797f,8.689,ok,
g4_dlow_aequal_pcross_heavy_gshared_pool_seed0,warehouse_random_factorial,carrier,1,20,163.0,163000000,53,86,24,0,0.2208,57,24,165,165000000,20,163,163000000,1,1,1,0,6,77,0,0,STRICT_IMPROVEMENT,0,1,1,1,119,165,163,24,20,38,10,38,1820,0,50,6,214,3,3,254,20,18,231,4.60339,33264,22,TASKBR_VACANCY_V1,228,85,228,147,317,46.3722,0,228,42,56,56,232,217,217,217,217,0,0,0,0,0,0,0,217,421,12,BOTTLENECK_TARGET_FRONTIER_CONTINUITY_V2,0.269005,0.097326,0.778176,0.107837,0.863003,18,7,14,0,2,10,42,42,138,0,0,0,95.4168,131286,323,19.7758,4,0,0,,,,,,,,,,,,,,,,,,,,,,,,,,,,,,,,,,,,,,,,,,,,,,121.316,121.375,d01e5426f1fd1f824a05c036a4eedb12b403ef22d5f4d1697f9795edd95f2e63,0.132,ok,
g4_dlow_aequal_pcross_heavy_gsingleton_seed0,warehouse_random_factorial,carrier,1,42,245.0,245000000,88,128,28,1,0.1746,106,42,245,245000000,42,245,245000000,1,0,0,1320,23480,164259,0,0,SEARCH_CUTOFF,3,0,0,0,-1,-1,-1,-1,-1,48,14,48,1918,0,100,0,278,42,28,230,8,48,266,5.09565,38304,54,TASKBR_VACANCY_V1,302,152,302,197,505,39.0099,0,18670,69,18461,18461,18708,18692,18675,18675,18675,0,0,0,0,0,0,0,18675,209440,12,BOTTLENECK_TARGET_FRONTIER_CONTINUITY_V2,39.5812,14.7141,55.4851,10.2039,80.0638,9254,23,9242,0,60,231,18168,69,235,0,0,0,1617.96,532159,18866,257.581,15,0,6,,,,,,,,,,,,,,,,,,,,,,,,,,,,,,,,,,,,,,,,,,,,,,8639.97,8640.05,512426fa05df542a892ad49e26eef221b04702c3d028eab2fa898f1133529cef,8.663,ok,
g4_dlow_aequal_plocal_gshared_pool_seed0,warehouse_random_factorial,carrier,1,19,163.0,163000000,43,96,24,0,0.1886,46,19,163,163000000,19,163,163000000,1,0,0,0,15038,114818,0,0,SEARCH_CUTOFF,0,1,0,0,-1,163,-1,19,-1,1311,11208,1311,21209,0,1138,0,5835,0,0,2665,942,1127,5474,137.816,788256,341,TASKBR_VACANCY_V1,57497,28052,57497,29445,85549,34.4189,1040,23659,8363,12528,12528,23659,21063,21063,21063,21063,0,0,0,0,0,0,0,21063,96054,12,BOTTLENECK_TARGET_FRONTIER_CONTINUITY_V2,36.1027,13.7199,48.3498,8.71613,32.3987,6042,524,6039,0,0,8,12518,8363,45730,0,0,0,5677.29,6511536,100190,1614.55,6,0,0,,,,,,,,,,,,,,,,,,,,,,,,,,,,,,,,,,,,,,,,,,,,,,8628.94,8629.02,fef0a39e9bea92d05242660b8e01672d5bb04de932fc7274231a2fac02681ec9,8.65,ok,
g4_dlow_aequal_plocal_gsingleton_seed0,warehouse_random_factorial,carrier,1,17,138.0,138000000,52,60,26,1,0.2549,48,17,138,138000000,17,138,138000000,1,0,0,10086,275,2505,0,0,SEARCH_CUTOFF,0,0,0,0,-1,-1,-1,-1,-1,225,15594,225,2483,0,121,0,873,0,0,705,63,146,756,23.0568,108864,134,TASKBR_VACANCY_V1,37814,10438,37814,27376,48252,56.7355,0,23167,20461,16828,16828,23167,23150,23150,23150,23150,0,0,0,0,0,0,0,23150,150243,12,BOTTLENECK_TARGET_FRONTIER_CONTINUITY_V2,42.3617,16.5655,57.5582,10.2346,65.0745,6140,44,4059,0,5,96,16725,20461,31113,0,0,0,3205.21,5749548,113229,1491.54,7023,0,0,,,,,,,,,,,,,,,,,,,,,,,,,,,,,,,,,,,,,,,,,,,,,,8670.59,8670.67,75b129964875b67e4c558bafffa0f8b184945db4d565b3d64a12d2099df57512,8.693,ok,
g4_dlow_aequal_pmixed_gshared_pool_seed0,warehouse_random_factorial,carrier,1,22,179.0,179000000,45,110,24,0,0.1705,52,22,179,179000000,22,179,179000000,1,0,0,2970,275,2446,0,0,SEARCH_CUTOFF,4,1,0,0,-1,179,-1,22,-1,1474,10876,1474,20060,0,2297,0,5753,0,0,10,2477,2556,6215,151.705,894960,12,TASKBR_VACANCY_V1,41984,17029,41984,24955,59013,42.2873,1200,25629,6126,12396,12396,25629,19112,19112,19112,19112,0,0,0,0,0,0,0,19112,93887,12,BOTTLENECK_TARGET_FRONTIER_CONTINUITY_V2,36.5283,12.4582,47.6673,8.67988,31.4766,6708,234,6699,0,2,29,12363,6126,41733,0,0,0,5800.61,6010122,99120,1645.48,0,0,0,,,,,,,,,,,,,,,,,,,,,,,,,,,,,,,,,,,,,,,,,,,,,,8656.73,8656.8,568a3fe2a348a12183ce893d218c79e51f4d21edbb2f26470f9273374ebfc995,8.679,ok,
g4_dlow_aequal_pmixed_gsingleton_seed0,warehouse_random_factorial,carrier,1,26,207.0,207000000,82,99,26,1,0.2628,98,26,209,209000000,26,207,207000000,1,1,1,0,25,308,1,1,REFERENCE_SUFFIX_ACCEPTED,3,0,0,0,-1,-1,-1,-1,-1,48,13,48,2372,0,28,0,330,14,8,1058,508,22,335,5.82539,48240,38,TASKBR_VACANCY_V1,350,149,350,215,521,41.2668,0,271,82,66,66,276,261,261,261,261,0,0,0,0,0,0,0,261,392,12,BOTTLENECK_TARGET_FRONTIER_CONTINUITY_V2,0.346245,0.125405,0.80441,0.153862,0.759181,14,10,7,0,3,1,60,82,219,0,0,0,169.033,372037,453,51.0885,16,3,0,,,,,,,,,,,,,,,,,,,,,,,,,,,,,,,,,,,,,,,,,,,,,,196.504,196.569,5c2a25a7353f4e9782f113ca00c846a066c762c252071e3c03888f9456d7cbbc,0.207,ok,
g4_dlow_ascarce_pcross_heavy_gshared_pool_seed0,warehouse_random_factorial,carrier,1,37,203.0,203000000,53,126,24,0,0.2387,77,37,203,203000000,37,203,203000000,1,0,0,2195,23752,14881,0,0,SEARCH_CUTOFF,5,1,0,0,-1,203,-1,37,-1,2102,11488,2102,14866,0,2623,8,6931,251,251,24756,15662,2582,8751,225.862,1260144,26,TASKBR_VACANCY_V1,47541,15707,47541,32919,63791,51.6045,1818,23770,9510,13849,13849,23774,23759,23755,23755,23755,0,0,0,0,0,0,0,23755,36217,12,BOTTLENECK_TARGET_FRONTIER_CONTINUITY_V2,36.022,11.8143,40.1351,8.05335,18.969,5394,19,5395,0,6,92,13749,9510,35215,0,0,0,5135.31,2706963,107709,1204.69,8,0,2,,,,,,,,,,,,,,,,,,,,,,,,,,,,,,,,,,,,,,,,,,,,,,8638.61,8638.69,ee265864c53836fa9f57f4ff7230b9847a7edcd0bfdecfca390898df25af1f77,8.659,ok,
g4_dlow_ascarce_pcross_heavy_gsingleton_seed0,warehouse_random_factorial,carrier,1,47,245.0,245000000,88,130,26,0,0.3121,207,47,247,247000000,47,245,245000000,1,1,1,22,55,348,0,0,STRICT_IMPROVEMENT,10,0,0,0,-1,-1,-1,-1,-1,110,22,110,3722,0,99,0,598,54,18,424,98,59,563,11.728,81072,104,TASKBR_VACANCY_V1,522,124,522,455,694,65.562,0,607,114,153,153,655,624,576,576,576,0,0,0,0,0,0,0,576,636,12,BOTTLENECK_TARGET_FRONTIER_CONTINUITY_V2,0.628114,0.209351,1.61314,0.320419,2.15707,84,52,81,0,15,38,98,114,260,0,0,0,392.49,452798,812,57.7419,26,0,0,,,,,,,,,,,,,,,,,,,,,,,,,,,,,,,,,,,,,,,,,,,,,,423.785,423.854,b85e018c414a142d490272d528bc89d1b4749bff98551dc75cb88ec72ac07356,0.434,ok,
g4_dlow_ascarce_plocal_gshared_pool_seed0,warehouse_random_factorial,carrier,1,39,184.0,184000000,43,117,24,0,0.1838,69,39,184,184000000,39,184,184000000,1,0,0,0,22736,17338,0,0,SEARCH_CUTOFF,10,1,0,0,-1,184,-1,39,-1,49,4,49,2364,0,21,0,380,0,0,388,207,10,319,5.99961,45936,42,TASKBR_VACANCY_V1,383,50,383,333,433,76.9053,0,19426,80,18999,18999,19426,19417,19417,19417,19417,0,0,0,0,0,0,0,19417,99501,12,BOTTLENECK_TARGET_FRONTIER_CONTINUITY_V2,36.6309,11.7752,39.5497,9.09848,26.8695,8161,4,8160,0,30,242,18725,80,89,0,0,0,1603.02,215376,19458,219.831,17,0,0,,,,,,,,,,,,,,,,,,,,,,,,,,,,,,,,,,,,,,,,,,,,,,8635.59,8635.67,983ca3122407e4274863643f511c371b34bcb28b76a6a95f7b74756b67d507cd,8.654,ok,
g4_dlow_ascarce_plocal_gsingleton_seed0,warehouse_random_factorial,carrier,1,36,178.0,178000000,52,100,26,1,0.2407,76,36,178,178000000,36,178,178000000,1,0,0,1115,26760,13794,0,0,SEARCH_CUTOFF,9,0,0,0,-1,-1,-1,-1,-1,57,11301,57,2265,0,18,0,433,0,0,166,10,18,369,6.58579,53136,50,TASKBR_VACANCY_V1,18960,7258,18960,11702,26218,44.6335,0,22612,3693,18573,18573,22612,22598,22598,22598,22598,0,0,0,0,0,0,0,22598,87743,12,BOTTLENECK_TARGET_FRONTIER_CONTINUITY_V2,40.1056,12.3311,47.3624,10.6749,17.4257,8864,4,8863,0,25,211,18335,3693,11412,0,0,0,1888.07,334891,33453,353.925,18,0,0,,,,,,,,,,,,,,,,,,,,,,,,,,,,,,,,,,,,,,,,,,,,,,8638.6,8638.68,f43e9946a70afdbf047d4521022140b31ec49db598cb9904afc8f02fe056163a,8.657,ok,
g4_dlow_ascarce_pmixed_gshared_pool_seed0,warehouse_random_factorial,carrier,1,35,191.0,191000000,45,122,24,0,0.2143,71,35,191,191000000,35,191,191000000,1,0,0,5871,42,274,0,0,SEARCH_CUTOFF,34,1,0,0,-1,191,-1,35,-1,333,16886,333,4191,0,176,0,1080,0,0,1992,1844,229,965,30.5364,138960,503,TASKBR_VACANCY_V1,389,61,389,328,450,72.8889,51,519,129,17742,17742,519,502,502,502,502,0,0,0,0,0,0,0,502,502,12,BOTTLENECK_TARGET_FRONTIER_CONTINUITY_V2,21.591,0.181418,1.61569,0.290202,1.78732,17705,17675,7753,0,32,300,17408,129,36203,0,0,0,2719.54,3869912,62768,1130.48,24,0,0,,,,,,,,,,,,,,,,,,,,,,,,,,,,,,,,,,,,,,,,,,,,,,8623.12,8623.2,f174f861b6cf2b68313388e0e72383a4d4ef01c4d05adfd188cc61fc6844ac84,8.641,ok,
g4_dlow_ascarce_pmixed_gsingleton_seed0,warehouse_random_factorial,carrier,1,44,230.0,230000000,82,120,28,2,0.3106,157,44,230,230000000,44,230,230000000,1,0,0,0,22402,14673,0,0,SEARCH_CUTOFF,10,0,0,0,-1,-1,-1,-1,-1,68,8,68,3498,0,36,0,619,20,12,3626,940,28,409,7.99792,58896,980,TASKBR_VACANCY_V1,625,128,625,521,770,67.6623,0,33709,7832,18169,18169,33719,33707,33697,33697,33697,0,0,0,0,0,0,0,33697,100077,12,BOTTLENECK_TARGET_FRONTIER_CONTINUITY_V2,43.9748,16.0472,49.6923,10.9967,27.5712,10520,5,9180,0,26,227,17914,7832,175,0,0,0,2106.11,1111301,36797,468.55,2363,0,0,,,,,,,,,,,,,,,,,,,,,,,,,,,,,,,,,,,,,,,,,,,,,,8627.07,8627.14,cef1597c05bbc2033acd07bb361c6da3d69131cf847aa0e1242e7dcf7d8f347a,8.644,ok,
g4_dlow_asurplus_pcross_heavy_gshared_pool_seed0,warehouse_random_factorial,carrier,1,23,149.0,149000000,53,72,24,0,0.128,57,23,149,149000000,23,149,149000000,1,0,0,936,21737,277438,0,0,SEARCH_CUTOFF,2,1,0,0,-1,149,-1,23,-1,41,12888,41,1789,0,50,4,210,4,4,308,81,18,218,4.65836,31392,18,TASKBR_VACANCY_V1,13126,91,13126,13040,13220,98.6384,0,16692,45,16533,16533,16698,16682,16682,16682,16682,0,0,0,0,0,0,0,16682,272255,12,BOTTLENECK_TARGET_FRONTIER_CONTINUITY_V2,46.022,16.1708,69.9947,12.8575,107.315,9246,7,9243,0,25,227,16279,45,13015,0,0,0,2093.22,603984,33281,416.316,8,0,0,,,,,,,,,,,,,,,,,,,,,,,,,,,,,,,,,,,,,,,,,,,,,,8623.94,8624.03,c96a8394b78d2099392c7095b08fab85d3d237847f84f6fece3d605b72a25615,8.647,ok,
g4_dlow_asurplus_pcross_heavy_gsingleton_seed0,warehouse_random_factorial,carrier,1,29,193.0,193000000,90,74,28,1,0.1724,75,29,193,193000000,29,193,193000000,1,0,0,17227,25,473,0,0,SEARCH_CUTOFF,2,0,0,0,-1,-1,-1,-1,-1,56,15630,56,1309,0,116,0,243,48,28,50,148,56,230,5.36244,33120,54,TASKBR_VACANCY_V1,11431,5237,11431,6247,16718,37.3669,0,3654,3507,17327,17327,3703,3688,3688,3688,3688,0,0,0,0,0,0,0,3688,57514,12,BOTTLENECK_TARGET_FRONTIER_CONTINUITY_V2,34.8602,3.75178,14.4693,2.62922,27.3298,13814,13808,6179,0,29,276,17020,3507,23196,0,0,0,2124.75,4650180,31131,863.187,0,34,5,,,,,,,,,,,,,,,,,,,,,,,,,,,,,,,,,,,,,,,,,,,,,,8622.86,8622.94,7073d1da15bf06054a5bcf06a7b60aee20d80a0224b1a5fa05d8d883b04b3d87,8.647,ok,
g4_dlow_asurplus_plocal_gshared_pool_seed0,warehouse_random_factorial,carrier,1,19,131.0,131000000,43,64,24,0,0.1257,46,19,131,131000000,19,131,131000000,1,0,0,8908,21,384,0,0,SEARCH_CUTOFF,0,1,0,0,-1,131,-1,19,-1,149,14157,149,2291,0,89,0,520,0,0,508,36,99,360,14.396,51840,132,TASKBR_VACANCY_V1,26310,7366,26310,18944,33676,56.2537,0,17216,2439,14607,14607,17216,17201,17201,17201,17201,0,0,0,0,0,0,0,17201,219924,12,BOTTLENECK_TARGET_FRONTIER_CONTINUITY_V2,45.1342,16.3215,63.518,10.5517,84.6278,9533,81,9530,0,21,242,14342,2439,31679,0,0,0,4088.53,14848914,107674,2594.01,0,0,0,,,,,,,,,,,,,,,,,,,,,,,,,,,,,,,,,,,,,,,,,,,,,,8623.36,8623.44,e30dc3f6e3fb21dd2c95910e245e49f08645fddf6e231d3a3efdcfa8bb071401,8.645,ok,
g4_dlow_asurplus_plocal_gsingleton_seed0,warehouse_random_factorial,carrier,1,14,117.0,117000000,52,41,24,0,0.2063,41,14,119,119000000,14,117,117000000,1,1,1,6347,13,226,0,0,STRICT_IMPROVEMENT,1,0,0,0,-1,-1,-1,-1,-1,4405,5344,4405,18062,0,4420,0,12954,0,0,2743,24,4420,9424,414.798,1357056,0,TASKBR_VACANCY_V1,6461,3066,6461,3395,9527,35.6356,4138,5516,1800,9787,9787,5516,1877,1877,1877,1877,0,0,0,0,0,0,0,1877,23962,12,BOTTLENECK_TARGET_FRONTIER_CONTINUITY_V2,22.8211,1.75066,7.80923,1.13814,9.18039,8134,8130,3650,0,27,291,9467,1800,32303,0,0,0,6531.85,1000850,61378,610.676,0,0,0,,,,,,,,,,,,,,,,,,,,,,,,,,,,,,,,,,,,,,,,,,,,,,7663.92,7664,f5f61af85a68131322374b11cd91cb745a7cbee7a490c79f37dd672d4d5969f7,7.683,ok,
g4_dlow_asurplus_pmixed_gshared_pool_seed0,warehouse_random_factorial,carrier,1,18,124.0,124000000,45,55,24,0,0.1389,40,18,124,124000000,18,124,124000000,1,0,0,5386,17220,167196,0,0,SEARCH_CUTOFF,0,1,0,0,-1,124,-1,18,-1,1096,8311,1096,24407,0,2055,0,5261,0,0,4143,162,2407,6614,129.53,952416,0,TASKBR_VACANCY_V1,34539,12570,34539,21969,47109,46.6344,825,18595,3483,9414,9414,18595,18581,18581,18581,18581,0,0,0,0,0,0,0,18581,117940,12,BOTTLENECK_TARGET_FRONTIER_CONTINUITY_V2,38.6483,12.962,60.458,9.09352,20.0358,3054,10,3048,0,1,6,9405,3483,40649,0,0,0,6687.38,13415710,75243,2356.41,0,0,0,,,,,,,,,,,,,,,,,,,,,,,,,,,,,,,,,,,,,,,,,,,,,,8589.27,8589.36,8d19a0de7068bc95deff40252a41a76f572797f1ab7672e5ae8be43f2510fb34,8.612,ok,
g4_dlow_asurplus_pmixed_gsingleton_seed0,warehouse_random_factorial,carrier,1,23,184.0,184000000,84,72,28,2,0.2029,100,23,186,186000000,23,184,184000000,1,1,1,16,28,469,0,0,STRICT_IMPROVEMENT,2,0,0,0,-1,-1,-1,-1,-1,82,26,82,1723,0,43,0,317,20,10,1234,908,35,365,8.25474,52560,70,TASKBR_VACANCY_V1,277,146,277,144,458,31.441,0,233,82,119,119,239,209,209,209,209,0,0,0,0,0,0,0,209,659,12,BOTTLENECK_TARGET_FRONTIER_CONTINUITY_V2,0.420297,0.139996,0.90948,0.138045,1.00145,71,65,53,0,17,50,50,82,300,0,0,0,183.703,322352,468,47.4387,4,3,5,,,,,,,,,,,,,,,,,,,,,,,,,,,,,,,,,,,,,,,,,,,,,,213.314,213.4,0287993484155e3e3b69242ad67951a011c6264099d9699e50ffdd76da19ae2d,0.224,ok,
g4_dmedium_abaseline_pcross_heavy_gshared_pool_seed0,warehouse_random_factorial,carrier,1,35,218.0,218000000,63,131,24,0,0.225,93,35,218,218000000,35,218,218000000,1,0,0,10704,32552,82752,0,0,SEARCH_CUTOFF,10,1,0,0,-1,218,-1,35,-1,56,9363,56,2281,0,90,6,393,8,7,1393,404,36,388,7.54279,55872,457,TASKBR_VACANCY_V1,14428,4761,14428,9681,19189,50.4508,0,26662,5497,17674,17674,26671,21981,21972,21972,21972,0,0,0,0,0,0,0,21972,121134,12,BOTTLENECK_TARGET_FRONTIER_CONTINUITY_V2,41.4432,13.8115,46.6096,9.42709,36.8889,9169,5,9176,0,5,92,17575,5497,9491,0,0,0,1999.74,368659,35715,367.383,747,0,0,,,,,,,,,,,,,,,,,,,,,,,,,,,,,,,,,,,,,,,,,,,,,,8662.69,8662.77,bf35031286de9bb863283894eba277f4d0c4e86257969a13ac9afb32a2fe3771,8.686,ok,
g4_dmedium_abaseline_pcross_heavy_gsingleton_seed0,warehouse_random_factorial,carrier,1,39,257.0,257000000,104,124,28,1,0.3333,313,39,257,257000000,39,257,257000000,1,0,0,56533,79,477,0,0,SEARCH_CUTOFF,11,0,0,0,-1,-1,-1,-1,-1,99,15061,99,2769,0,201,0,481,62,40,334,80,151,411,12.5635,59184,138,TASKBR_VACANCY_V1,11665,3828,11665,7921,15547,50.9487,0,6718,3780,16036,16036,6787,4170,4110,4110,4110,0,0,0,0,0,0,0,4110,21301,12,BOTTLENECK_TARGET_FRONTIER_CONTINUITY_V2,25.1202,2.76368,9.58255,1.82504,7.80938,12309,12293,5149,0,24,225,15785,3780,25849,0,0,0,3144.81,8838470,68680,1326.08,21,0,12,,,,,,,,,,,,,,,,,,,,,,,,,,,,,,,,,,,,,,,,,,,,,,8668.53,8668.63,67f34d90a2e71234630f9ec008d472fba22e23729d652ee992f24febc4b2cc3c,8.704,ok,
g4_dmedium_abaseline_plocal_gshared_pool_seed0,warehouse_random_factorial,carrier,1,24,164.0,164000000,53,87,24,0,0.276,74,24,164,164000000,24,164,164000000,1,0,0,14388,31699,72441,0,0,SEARCH_CUTOFF,4,1,0,0,-1,164,-1,24,-1,258,13500,258,3398,0,388,0,1206,0,0,9231,212,356,895,32.5467,128880,72,TASKBR_VACANCY_V1,61487,12599,61487,48888,74086,65.9882,0,37075,17796,14102,14102,37075,34568,34568,34568,34568,0,0,0,0,0,0,0,34568,60345,12,BOTTLENECK_TARGET_FRONTIER_CONTINUITY_V2,44.4976,14.6318,55.4692,10.297,36.1052,4328,13,4323,0,2,17,14081,17796,33743,0,0,0,4444.09,4778122,112760,1525.28,2348,0,0,,,,,,,,,,,,,,,,,,,,,,,,,,,,,,,,,,,,,,,,,,,,,,8648.2,8648.28,33511c18be99f7ef698d7b743839e6e49c9100613d027bf8b0fad29518f22f7a,8.67,ok,
g4_dmedium_abaseline_plocal_gsingleton_seed0,warehouse_random_factorial,carrier,1,29,199.0,199000000,64,105,28,0,0.2759,142,29,199,199000000,29,199,199000000,1,0,0,14810,34614,80680,0,0,SEARCH_CUTOFF,12,0,0,0,-1,-1,-1,-1,-1,58,16028,58,1288,0,74,0,404,68,4,184,23,73,357,7.64393,51408,172,TASKBR_VACANCY_V1,45145,6633,45145,38596,51865,74.4163,0,33813,11249,16530,16530,33853,33838,33810,33810,33810,0,0,0,0,0,0,0,33810,92020,12,BOTTLENECK_TARGET_FRONTIER_CONTINUITY_V2,47.334,16.6885,62.2605,11.0025,39.1141,6575,11,6572,0,22,170,16336,11249,25419,0,0,0,2836.81,2750828,125604,1099.76,2547,0,0,,,,,,,,,,,,,,,,,,,,,,,,,,,,,,,,,,,,,,,,,,,,,,8653.35,8653.45,4d8781b638cf7a87833dbe60a572328992e328df590b06f92500424d46b1d0cf,8.677,ok,
g4_dmedium_abaseline_pmixed_gshared_pool_seed0,warehouse_random_factorial,carrier,1,25,177.0,177000000,51,102,24,0,0.255,66,25,177,177000000,25,177,177000000,1,0,0,26837,29,237,0,0,SEARCH_CUTOFF,10,1,0,0,-1,177,-1,25,-1,2373,9097,2373,10197,0,3612,0,5349,0,0,0,9624,4214,6358,241.539,915552,5,TASKBR_VACANCY_V1,14491,5706,14491,8785,20197,43.4966,2096,4696,4394,11534,11534,4696,4669,4669,4669,4669,0,0,0,0,0,0,0,4669,16815,12,BOTTLENECK_TARGET_FRONTIER_CONTINUITY_V2,20.7132,3.5289,11.9865,2.14313,9.54209,7579,7563,4864,0,24,248,11260,4394,37254,0,0,0,5831.18,4674927,82067,1077.35,5,0,0,,,,,,,,,,,,,,,,,,,,,,,,,,,,,,,,,,,,,,,,,,,,,,8632.83,8632.92,598d961d824a9af69be9f4a3984e1969d647ce3de24b38f06e339ba2a4c1c332,8.657,ok,
g4_dmedium_abaseline_pmixed_gsingleton_seed0,warehouse_random_factorial,carrier,1,51,251.0,251000000,105,115,30,2,0.2574,190,51,251,251000000,51,251,251000000,1,0,0,20219,56,475,0,0,SEARCH_CUTOFF,19,0,0,0,-1,-1,-1,-1,-1,90,5640,90,3142,0,98,0,550,85,30,1606,40,48,539,11.4201,77616,112,TASKBR_VACANCY_V1,6119,5773,6119,425,17618,2.41231,0,12111,18771,17417,17417,17757,17745,17715,17715,17715,0,0,0,0,0,0,0,17715,115337,12,BOTTLENECK_TARGET_FRONTIER_CONTINUITY_V2,33.0514,9.83397,33.8964,8.05084,17.9698,2924,30,2936,0,47,256,17112,18771,5852,0,0,0,2350.63,5050568,29617,780.217,5852,0,35,,,,,,,,,,,,,,,,,,,,,,,,,,,,,,,,,,,,,,,,,,,,,,8654.65,8654.73,1daec027049a352946f4275ddcab8794ce46adfd4e4b86383d5140f1e58b1532,8.683,ok,
g4_dmedium_aequal_pcross_heavy_gshared_pool_seed0,warehouse_random_factorial,carrier,1,21,169.0,169000000,61,84,24,0,0.2421,56,21,169,169000000,21,169,169000000,1,0,0,17462,279,1243,0,0,SEARCH_CUTOFF,0,1,0,0,-1,169,-1,21,-1,84,15146,84,1524,0,133,0,283,6,6,705,82,128,337,9.05345,48528,136,TASKBR_VACANCY_V1,15388,77,15388,15314,15474,98.966,0,16484,37,16315,16315,16484,16474,16474,16474,16474,0,0,0,0,0,0,0,16474,154902,12,BOTTLENECK_TARGET_FRONTIER_CONTINUITY_V2,36.994,14.5209,46.4655,8.64783,22.136,9475,19,9473,0,21,241,16051,37,24949,0,0,0,3061.49,5740397,98014,1348.45,6,0,5,,,,,,,,,,,,,,,,,,,,,,,,,,,,,,,,,,,,,,,,,,,,,,8655.92,8656,e8324cd060dd203a1932dc299a8ab8a6d6b15d2b18033075a5dd71264dbbdf03,8.681,ok,
g4_dmedium_aequal_pcross_heavy_gsingleton_seed0,warehouse_random_factorial,carrier,1,33,249.0,249000000,100,120,28,1,0.2525,144,34,251,251000000,33,249,249000000,1,1,1,110,292,2043,1,1,REFERENCE_SUFFIX_ACCEPTED,5,0,0,0,-1,-1,-1,-1,-1,112,59,112,2072,0,208,0,432,60,30,232,952,160,395,11.5569,56880,124,TASKBR_VACANCY_V1,381,118,381,325,562,57.8292,0,418,190,194,194,477,466,447,447,447,0,0,0,0,0,0,0,447,1636,12,BOTTLENECK_TARGET_FRONTIER_CONTINUITY_V2,0.675463,0.248179,1.60178,0.262974,2.15007,31,15,31,0,5,12,175,190,430,0,0,0,326.629,522626,1112,75.2852,10,28,15,,,,,,,,,,,,,,,,,,,,,,,,,,,,,,,,,,,,,,,,,,,,,,365.482,365.545,6aab1f1b3c4c3f84a805f6401d07d528109d82aed5652f3376c6de793b6509b1,0.377,ok,
g4_dmedium_aequal_plocal_gshared_pool_seed0,warehouse_random_factorial,carrier,1,20,173.0,173000000,53,96,24,0,0.2208,58,20,173,173000000,20,173,173000000,1,0,0,5057,1574,4504,0,0,SEARCH_CUTOFF,0,1,0,0,-1,173,-1,20,-1,2716,423,2716,13904,0,4430,0,8211,2,2,362,819,6029,6220,268.932,895680,91,TASKBR_VACANCY_V1,3508,129,3508,3383,3637,93.0162,2444,4221,97,3148,3148,4223,3412,3412,3412,3412,0,0,0,0,0,0,0,3412,19573,12,BOTTLENECK_TARGET_FRONTIER_CONTINUITY_V2,9.97903,2.96231,10.4522,1.90655,4.12654,2509,7,2502,0,1,3,3142,97,14907,0,0,0,8192.52,1518015,25012,426.787,3,0,0,,,,,,,,,,,,,,,,,,,,,,,,,,,,,,,,,,,,,,,,,,,,,,8549.87,8549.94,17bb66f8f5f44ead36cae2fc55864640f3ab52c24260dfdfd6824e56d6c3bf80,8.565,ok,
g4_dmedium_aequal_plocal_gsingleton_seed0,warehouse_random_factorial,carrier,1,19,160.0,160000000,69,64,26,0,0.3026,70,19,160,160000000,19,160,160000000,1,0,0,58093,276,1807,0,0,SEARCH_CUTOFF,2,0,0,0,-1,-1,-1,-1,-1,276,15451,276,1774,0,628,0,725,20,0,2260,759,732,986,29.4575,141984,1112,TASKBR_VACANCY_V1,24974,3291,24974,21705,28289,76.7259,4,18940,27171,15873,15873,18957,18927,18910,18910,18910,0,0,0,0,0,0,0,18910,126361,12,BOTTLENECK_TARGET_FRONTIER_CONTINUITY_V2,38.9916,13.4945,44.1082,8.28787,50.0398,7666,77,1987,0,18,143,15710,27171,44114,0,0,0,3379.55,4328739,125217,1362.22,12114,0,0,,,,,,,,,,,,,,,,,,,,,,,,,,,,,,,,,,,,,,,,,,,,,,8669.24,8669.32,badea7831c27d93bcb1b4b85bb4e1e246527c88da5a585c60830e6688c1e4f50,8.694,ok,
g4_dmedium_aequal_pmixed_gshared_pool_seed0,warehouse_random_factorial,carrier,1,22,185.0,185000000,51,110,24,0,0.1932,57,22,185,185000000,22,185,185000000,1,0,0,47104,1573,5686,0,0,SEARCH_CUTOFF,4,1,0,0,-1,185,-1,22,-1,1782,10536,1782,12367,0,2290,0,6560,1200,0,681,17080,2712,6052,195.337,871488,16887,TASKBR_VACANCY_V1,28119,11654,28119,31753,63615,49.9143,1508,11503,12333,12518,12518,19339,12565,12565,12565,12565,0,0,0,3933,0,0,0,12565,84772,12,BOTTLENECK_TARGET_FRONTIER_CONTINUITY_V2,30.242,8.90733,33.076,5.82131,20.7862,5855,5841,3368,0,20,228,12268,12333,34816,0,0,0,5750.88,2709606,93620,1039.39,0,0,0,,,,,,,,,,,,,,,,,,,,,,,,,,,,,,,,,,,,,,,,,,,,,,8651.09,8651.17,50ce2c8975decbb216eda42ed4c255257d1aab966ded5961bccfd9b682e65a3e,8.674,ok,
g4_dmedium_aequal_pmixed_gsingleton_seed0,warehouse_random_factorial,carrier,1,34,230.0,230000000,98,104,26,0,0.2402,134,34,230,230000000,34,230,230000000,1,0,0,24243,33,414,0,0,SEARCH_CUTOFF,4,0,0,0,-1,-1,-1,-1,-1,78,17059,78,2018,0,132,0,339,50,26,1260,46,92,384,8.56543,55296,72,TASKBR_VACANCY_V1,294,131,294,218,482,45.2282,0,3297,87,17861,17861,3328,255,253,253,253,0,0,0,0,0,0,0,253,410,12,BOTTLENECK_TARGET_FRONTIER_CONTINUITY_V2,25.661,0.127267,0.743405,0.144834,0.785238,17818,17810,11627,0,24,220,17615,87,29861,0,0,0,1965.36,1207111,36013,411.439,35,0,14,,,,,,,,,,,,,,,,,,,,,,,,,,,,,,,,,,,,,,,,,,,,,,8666.98,8667.08,b7dc293b9df4b93f5290eb75cfd83d9a50bf1e1dd29c7fe4137d24030cc6a0d0,8.693,ok,
g4_dmedium_ascarce_pcross_heavy_gshared_pool_seed0,warehouse_random_factorial,carrier,1,47,248.0,248000000,63,161,24,0,0.2234,108,47,248,248000000,47,248,248000000,1,0,0,2377,25602,14583,0,0,SEARCH_CUTOFF,23,1,0,0,-1,248,-1,47,-1,85,15826,85,2053,0,90,2,544,2,1,2111,517,47,443,10.3693,63792,663,TASKBR_VACANCY_V1,16354,68,16354,16288,16422,99.184,0,18188,124,17609,17609,18190,18179,18177,18177,18177,0,0,0,0,0,0,0,18177,67724,12,BOTTLENECK_TARGET_FRONTIER_CONTINUITY_V2,35.0827,10.7124,36.5308,8.06909,26.4471,7289,18,7292,0,30,265,17312,124,21728,0,0,0,2545.5,868129,56610,512.264,30,0,0,,,,,,,,,,,,,,,,,,,,,,,,,,,,,,,,,,,,,,,,,,,,,,8648.48,8648.56,1ce71e509c0d721c8f01079aa816753f5520e3493138cc6441a920203f01f427,8.666,ok,
g4_dmedium_ascarce_pcross_heavy_gsingleton_seed0,warehouse_random_factorial,carrier,1,54,274.0,274000000,102,145,26,0,0.3148,337,54,274,274000000,54,274,274000000,1,0,0,4147,50,348,0,0,SEARCH_CUTOFF,17,0,0,0,-1,-1,-1,-1,-1,104,14252,104,3696,0,169,0,686,106,44,318,220,85,513,12.1792,73872,162,TASKBR_VACANCY_V1,10546,4492,10546,6183,15129,40.8685,0,4324,3840,16791,16791,4423,4409,4313,4313,4313,0,0,0,0,0,0,0,4313,17148,12,BOTTLENECK_TARGET_FRONTIER_CONTINUITY_V2,23.5208,2.61356,9.3613,2.01331,7.69298,12999,12975,6055,0,30,299,16460,3840,20088,0,0,0,2915.23,3919749,28691,800.756,24,0,0,,,,,,,,,,,,,,,,,,,,,,,,,,,,,,,,,,,,,,,,,,,,,,8627.4,8627.49,0ae6d9d4e082ea78673cf983d0584e9942da8fde8c37c9d4ed9662edff7a01cc,8.648,ok,
g4_dmedium_ascarce_plocal_gshared_pool_seed0,warehouse_random_factorial,carrier,1,40,194.0,194000000,53,117,24,0,0.2208,89,40,194,194000000,40,194,194000000,1,0,0,2161,31863,11929,0,0,SEARCH_CUTOFF,12,1,0,0,-1,194,-1,40,-1,71,15582,71,1731,0,83,0,446,2,2,679,159,37,311,8.38859,44784,94,TASKBR_VACANCY_V1,15999,47,15999,15956,16046,99.4391,0,17916,93,17475,17475,17918,17909,17907,17907,17907,0,0,0,0,0,0,0,17907,67953,12,BOTTLENECK_TARGET_FRONTIER_CONTINUITY_V2,35.6452,10.0676,35.455,7.77483,18.6005,9633,12,9636,0,30,261,17182,93,23191,0,0,0,2553.58,1233647,63524,620.975,9,0,0,,,,,,,,,,,,,,,,,,,,,,,,,,,,,,,,,,,,,,,,,,,,,,8629.34,8629.41,79448e53e9284a574d104d77b232eb7ec5db514d1f536cb4b51eb0d50652b255,8.648,ok,
g4_dmedium_ascarce_plocal_gsingleton_seed0,warehouse_random_factorial,carrier,1,39,218.0,218000000,64,124,28,0,0.2735,174,39,218,218000000,39,218,218000000,1,0,0,11958,48249,12926,0,0,SEARCH_CUTOFF,9,0,0,0,-1,-1,-1,-1,-1,184,17423,184,2721,0,186,0,957,100,6,178,43,180,871,22.5535,125424,166,TASKBR_VACANCY_V1,46699,10145,46699,36667,56956,64.3778,0,39528,12569,18573,18573,39574,33166,33000,33000,33000,0,0,0,0,0,0,0,33000,52481,12,BOTTLENECK_TARGET_FRONTIER_CONTINUITY_V2,41.7628,14.1995,48.7171,10.7383,22.3502,5627,47,5630,0,2,37,18532,12569,36323,0,1,0,3578.51,1661520,140758,1177.99,3077,0,0,,,,,,,,,,,,,,,,,,,,,,,,,,,,,,,,,,,,,,,,,,,,,,8666.64,8666.71,44f6604f59b967cb86fb27ab57b2bdca7c5d64884b14cd2032d4248fb36d5aa8,8.686,ok,
g4_dmedium_ascarce_pmixed_gshared_pool_seed0,warehouse_random_factorial,carrier,1,37,203.0,203000000,51,128,24,0,0.2297,127,37,203,203000000,37,203,203000000,1,0,0,14609,38,256,0,0,SEARCH_CUTOFF,39,1,0,0,-1,203,-1,37,-1,1508,12641,1508,7426,0,1220,0,4217,0,0,425,19097,1580,3513,150.884,505872,8539,TASKBR_VACANCY_V1,8433,2331,8433,6102,10764,56.689,1224,3595,3136,14376,14376,3595,3521,3521,3521,3521,0,0,0,0,0,0,0,3521,8752,12,BOTTLENECK_TARGET_FRONTIER_CONTINUITY_V2,20.5537,2.51722,8.37908,1.84526,5.70557,11344,11308,5309,0,23,252,14099,3136,39290,0,1,0,5384.35,4517240,84300,1220.62,28,0,0,,,,,,,,,,,,,,,,,,,,,,,,,,,,,,,,,,,,,,,,,,,,,,8623.26,8623.35,149d943752a2e726096bbccd1b9b88d70f28ccca60fb74e8224a634d2e01e274,8.644,ok,
g4_dmedium_ascarce_pmixed_gsingleton_seed0,warehouse_random_factorial,carrier,1,43,233.0,233000000,94,115,24,0,0.3643,215,43,233,233000000,43,233,233000000,1,0,0,1296,23685,15862,0,0,SEARCH_CUTOFF,6,0,0,0,-1,-1,-1,-1,-1,98,15541,98,3018,0,134,0,651,50,36,1524,68,84,427,10.6581,61488,198,TASKBR_VACANCY_V1,16142,140,16142,16057,16328,98.3403,0,17361,99,16908,16908,17399,17386,17348,17348,17348,0,0,0,0,0,0,0,17348,65365,12,BOTTLENECK_TARGET_FRONTIER_CONTINUITY_V2,34.3643,10.3307,34.9219,7.88003,17.3485,7004,6,7025,0,23,230,16653,99,24031,0,0,0,3029.37,3516445,76378,1013.38,25,0,0,,,,,,,,,,,,,,,,,,,,,,,,,,,,,,,,,,,,,,,,,,,,,,8649.62,8649.71,b04f59dfba4177def8d9ef9494fe7b89c4dd988916083cf9e9ebb497f2d428bd,8.671,ok,
g4_dmedium_asurplus_pcross_heavy_gshared_pool_seed0,warehouse_random_factorial,carrier,1,21,150.0,150000000,61,65,24,0,0.1614,61,21,150,150000000,21,150,150000000,1,0,0,10762,24,410,0,0,SEARCH_CUTOFF,0,1,0,0,-1,150,-1,21,-1,57,15346,57,1805,0,100,0,225,3,2,473,214,68,247,6.302,35568,111,TASKBR_VACANCY_V1,15587,82,15587,15508,15674,98.9409,0,16420,4837,16270,16270,16420,16408,16408,16408,16408,0,0,0,0,0,0,0,16408,252367,12,BOTTLENECK_TARGET_FRONTIER_CONTINUITY_V2,43.8345,15.401,60.6613,11.3058,83.1163,9635,21,9633,0,23,208,16037,4837,25059,0,0,0,2912.88,3995827,97654,1090.51,2400,0,3,,,,,,,,,,,,,,,,,,,,,,,,,,,,,,,,,,,,,,,,,,,,,,8650.26,8650.35,cdf3c598fedbffe7f2b2a2b3403a9e7c266c6fd31a26fdf0ee0ace0152bb6e5f,8.682,ok,
g4_dmedium_asurplus_pcross_heavy_gsingleton_seed0,warehouse_random_factorial,carrier,1,26,213.0,213000000,100,84,28,1,0.2137,128,26,215,215000000,26,213,213000000,1,1,1,2,31,526,1,1,REFERENCE_SUFFIX_ACCEPTED,3,0,0,0,-1,-1,-1,-1,-1,46,11,46,1421,0,130,0,251,60,32,760,526,76,236,5.25236,33984,178,TASKBR_VACANCY_V1,217,139,217,133,432,30.787,0,196,82,66,66,250,237,237,237,237,0,0,0,0,0,0,0,237,745,12,BOTTLENECK_TARGET_FRONTIER_CONTINUITY_V2,0.34324,0.148991,1.07454,0.134741,1.53133,25,19,15,0,2,6,56,82,254,0,0,0,221.301,397983,429,55.5292,17,28,5,,,,,,,,,,,,,,,,,,,,,,,,,,,,,,,,,,,,,,,,,,,,,,253.929,254.023,a5391bcc36b6cadf868ad9c4fc2051e6a42ad4b6db1a872db4fa9c14d603434b,0.266,ok,
g4_dmedium_asurplus_plocal_gshared_pool_seed0,warehouse_random_factorial,carrier,1,20,141.0,141000000,53,64,24,0,0.1472,53,20,141,141000000,20,141,141000000,1,0,0,12751,1351,8275,0,0,SEARCH_CUTOFF,0,1,0,0,-1,141,-1,20,-1,1045,7696,1045,12046,0,1803,0,3600,0,0,342,354,2194,3284,115.529,472896,51,TASKBR_VACANCY_V1,17436,378,17436,17058,17814,95.7561,772,15776,1432,8770,8770,15776,15766,15766,15766,15766,0,0,0,0,0,0,0,15766,122771,12,BOTTLENECK_TARGET_FRONTIER_CONTINUITY_V2,30.9672,10.7202,52.7836,7.3987,50.9815,5786,121,5780,0,9,105,8654,1432,25760,0,0,0,7140.96,15921209,70101,2362.12,0,0,0,,,,,,,,,,,,,,,,,,,,,,,,,,,,,,,,,,,,,,,,,,,,,,8596.66,8596.74,1742b9674f09a2e432e5fd7bfabb704d5dd5af09aa1b919e6b2847730d6b3a35,8.617,ok,
g4_dmedium_asurplus_plocal_gsingleton_seed0,warehouse_random_factorial,carrier,1,19,148.0,148000000,69,52,26,0,0.2018,63,19,148,148000000,19,148,148000000,1,0,0,69907,1570,14556,0,0,SEARCH_CUTOFF,0,0,0,0,-1,-1,-1,-1,-1,671,13774,671,2952,0,1410,0,1507,26,2,596,41,1554,1595,63.7341,229680,95,TASKBR_VACANCY_V1,25440,9320,25440,16144,35117,45.972,399,9191,8547,14595,14595,9373,8639,8639,8639,8639,0,0,0,0,0,0,0,8639,106652,12,BOTTLENECK_TARGET_FRONTIER_CONTINUITY_V2,35.0203,7.59422,30.1442,5.07566,47.1452,7633,7629,6225,0,22,184,14387,8547,38977,0,0,0,4423.16,9922864,110716,1859.56,0,0,0,,,,,,,,,,,,,,,,,,,,,,,,,,,,,,,,,,,,,,,,,,,,,,8635.69,8635.78,138efa9525785ab4328a002f5e6499c686d61667e6689792a0128c23cc9a53d2,8.662,ok,
g4_dmedium_asurplus_pmixed_gshared_pool_seed0,warehouse_random_factorial,carrier,1,19,132.0,132000000,53,55,24,0,0.155,45,20,130,130000000,19,132,132000000,1,1,1,174,20,299,1,1,REFERENCE_SUFFIX_ACCEPTED,4,1,1,1,142,130,132,20,19,66,52,66,1105,0,144,0,180,0,0,40,33,115,257,7.0946,37008,35,TASKBR_VACANCY_V1,183,85,183,98,268,36.5672,0,176,38,125,125,176,155,155,155,155,0,0,0,0,0,0,0,155,347,12,BOTTLENECK_TARGET_FRONTIER_CONTINUITY_V2,0.377044,0.087486,0.753123,0.088616,0.92331,96,92,45,0,4,9,110,38,490,0,0,0,112.418,141222,762,22.9532,0,0,0,,,,,,,,,,,,,,,,,,,,,,,,,,,,,,,,,,,,,,,,,,,,,,145.998,146.069,b4ebdc6d9e0e8b7d793e63b408b3be911bf7b27cda22ec053643531f81e401fd,0.156,ok,
g4_dmedium_asurplus_pmixed_gsingleton_seed0,warehouse_random_factorial,carrier,1,31,214.0,214000000,100,84,28,1,0.1792,145,31,214,214000000,31,214,214000000,1,0,0,27158,34,581,0,0,SEARCH_CUTOFF,7,0,0,0,-1,-1,-1,-1,-1,87,16109,87,1810,0,147,0,312,50,28,1188,252,115,401,9.11337,57744,86,TASKBR_VACANCY_V1,289,135,289,209,498,41.9679,0,6437,104,17100,17100,6469,242,242,242,242,0,0,0,0,0,0,0,242,739,12,BOTTLENECK_TARGET_FRONTIER_CONTINUITY_V2,29.2241,0.149819,0.869289,0.143078,1.0829,17057,17055,11536,0,33,264,16801,104,27092,0,0,0,2025.83,975763,34481,406.042,39,6,16,,,,,,,,,,,,,,,,,,,,,,,,,,,,,,,,,,,,,,,,,,,,,,8651.36,8651.44,2d1944be3f03890a34e7fd5a33de29b659f9ce833ded2e8e81f6b38992e5416e,8.682,ok,
g5_dhigh_abaseline_pcross_heavy_gshared_pool_seed0,warehouse_random_factorial,carrier,1,33,304.0,304000000,102,170,32,0,0.2576,169,33,304,304000000,33,304,304000000,1,0,0,153162,1588,3579,0,0,SEARCH_CUTOFF,11,1,0,0,-1,304,-1,33,-1,248,12110,248,2888,0,592,0,741,18,18,1824,116,577,909,42.0054,159984,1736,TASKBR_VACANCY_V1,18281,2495,18281,15816,20796,76.0531,0,8694,8213,12642,12642,8718,8670,8646,8646,8646,0,0,0,0,0,0,0,8646,57637,16,BOTTLENECK_TARGET_FRONTIER_CONTINUITY_V2,32.0509,7.53673,25.3224,4.37241,24.8412,6158,6140,3799,0,22,202,12416,8213,32225,0,0,0,4145.04,2280421,72741,964.565,26,0,0,,,,,,,,,,,,,,,,,,,,,,,,,,,,,,,,,,,,,,,,,,,,,,8660.91,8661.03,feef476f1f3ed250853b7215b0981c3e876249d51e72d813d423f5078c5911ac,8.693,ok,
g5_dhigh_abaseline_pcross_heavy_gsingleton_seed0,warehouse_random_factorial,carrier,1,55,520.0,520000000,225,233,52,5,0.3409,634,55,520,520000000,55,520,520000000,1,0,0,18144,53,687,0,0,SEARCH_CUTOFF,23,0,0,0,-1,-1,-1,-1,-1,109,9951,109,6077,0,387,0,926,294,62,1590,4278,289,1150,25.015,202400,3810,TASKBR_VACANCY_V1,7641,4154,7641,3785,12144,31.1677,0,3649,3256,13090,13090,3860,3838,3772,3772,3772,0,0,0,2,0,0,0,3772,32641,15,BOTTLENECK_TARGET_FRONTIER_CONTINUITY_V2,26.9063,3.45649,12.2519,2.18601,11.6357,9959,9951,4650,0,26,275,12787,3256,14346,0,0,0,4073.14,1437295,20792,436.503,66,16,0,,,,,,,,,,,,,,,,,,,,,,,,,,,,,,,,,,,,,,,,,,,,,,8635.95,8636.08,52f90a90e9425435b39bc77d896b1844ddba23d372706f00d5aa16b9b6a70b08,8.66,ok,
g5_dhigh_abaseline_plocal_gshared_pool_seed0,warehouse_random_factorial,carrier,1,32,310.0,310000000,89,189,32,0,0.2318,192,33,302,302000000,32,310,310000000,1,1,1,0,6,77,0,0,STRICT_IMPROVEMENT,0,1,1,1,560,302,310,33,32,57,13,57,4934,0,145,4,474,4,4,776,283,65,688,15.3667,121088,276,TASKBR_VACANCY_V1,568,120,568,454,690,65.7971,0,586,102,80,80,589,576,573,573,573,0,0,0,0,0,0,0,573,665,16,BOTTLENECK_TARGET_FRONTIER_CONTINUITY_V2,0.620389,0.275719,2.30981,0.376341,4.0372,27,11,22,0,3,2,73,102,222,0,0,0,505.739,297585,569,47.3601,32,0,1,,,,,,,,,,,,,,,,,,,,,,,,,,,,,,,,,,,,,,,,,,,,,,572.108,572.238,7ab3e3c00d694f091065ed55d29a3b837d571ee2423d41caa2db3713a7af5cb3,0.586,ok,
g5_dhigh_abaseline_plocal_gsingleton_seed0,warehouse_random_factorial,carrier,1,36,299.0,299000000,111,150,36,0,0.2569,283,36,299,299000000,36,299,299000000,1,0,0,16921,87,747,0,0,SEARCH_CUTOFF,6,0,0,0,-1,-1,-1,-1,-1,65,4729,65,2043,0,165,0,423,47,24,2469,1245,130,381,12.2073,67056,744,TASKBR_VACANCY_V1,9837,9479,9837,423,28746,1.47151,0,20943,16937,12651,12651,29473,29457,29421,29421,29421,0,0,0,0,0,0,0,29421,216653,16,BOTTLENECK_TARGET_FRONTIER_CONTINUITY_V2,43.8095,20.4666,84.3984,14.8894,60.7639,2310,5,2310,0,5,103,12541,16937,4991,0,0,0,4288.14,4719873,75838,1192.71,7779,10,8,,,,,,,,,,,,,,,,,,,,,,,,,,,,,,,,,,,,,,,,,,,,,,8640.41,8640.52,83b4c67843a74154147b866f1254fd0edcb12fbbd79010dccbe6fdeb4c0ed2d1,8.665,ok,
g5_dhigh_abaseline_pmixed_gshared_pool_seed0,warehouse_random_factorial,carrier,1,34,280.0,280000000,98,150,32,0,0.2402,189,34,280,280000000,34,280,280000000,1,0,0,1296,17706,124109,0,0,SEARCH_CUTOFF,2,1,0,0,-1,280,-1,34,-1,59,9729,59,3683,0,181,10,470,11,9,66,1885,64,457,13.2661,80432,1921,TASKBR_VACANCY_V1,10257,1220,10257,10127,11488,88.1529,0,13083,80,13725,13725,14172,14155,14147,14147,14147,0,0,0,0,0,0,0,14147,142482,16,BOTTLENECK_TARGET_FRONTIER_CONTINUITY_V2,37.4135,12.2592,42.815,7.97606,52.7191,6421,8,6420,0,29,293,13401,80,9957,0,0,0,3660.38,1396748,27810,486.542,16,0,2,,,,,,,,,,,,,,,,,,,,,,,,,,,,,,,,,,,,,,,,,,,,,,8653.44,8653.55,addef5c0d7780bf12ee28f8bdd6fd156697637b8dbca22727685b8633b1467cd,8.676,ok,
g5_dhigh_abaseline_pmixed_gsingleton_seed0,warehouse_random_factorial,carrier,1,42,382.0,382000000,189,157,34,0,0.375,354,42,382,382000000,42,382,382000000,1,0,0,48211,44,528,0,0,SEARCH_CUTOFF,6,0,0,0,-1,-1,-1,-1,-1,236,10584,236,3867,2,653,0,701,96,60,8856,3204,620,767,38.2865,134992,3302,TASKBR_VACANCY_V1,8515,2892,8515,5728,11506,49.7827,0,3144,2832,10970,10970,3244,3228,3198,3198,3198,0,0,0,0,0,0,0,3198,24341,16,BOTTLENECK_TARGET_FRONTIER_CONTINUITY_V2,23.976,3.12695,10.9812,1.94996,12.9418,8210,8200,4583,0,20,201,10747,2832,29272,0,0,0,5112.07,9272413,73653,2093.25,46,0,0,,,,,,,,,,,,,,,,,,,,,,,,,,,,,,,,,,,,,,,,,,,,,,8620,8620.14,413fcf14e470f74cc44de701725d896950f77d4d5e22d1c5646d4172d033ff1c,8.645,ok,
g5_dhigh_aequal_pcross_heavy_gshared_pool_seed0,warehouse_random_factorial,carrier,1,27,298.0,298000000,102,164,32,0,0.2361,176,27,298,298000000,27,298,298000000,1,0,0,36807,41826,93693,0,0,SEARCH_CUTOFF,5,1,0,0,-1,298,-1,27,-1,3236,801,3236,15117,0,9066,6,5110,6,2,10214,8192,11632,9049,521.738,1592624,6828,TASKBR_VACANCY_V1,2904,1104,2904,1803,4014,44.9178,2956,1151,802,4044,4044,1157,1143,1143,1143,1143,0,0,0,0,0,0,0,1143,7486,16,BOTTLENECK_TARGET_FRONTIER_CONTINUITY_V2,10.5815,0.943112,4.60467,0.749813,2.92435,3268,3257,1961,0,2,0,4040,802,24829,0,0,0,7702.57,3861601,32313,950.275,6,0,3,,,,,,,,,,,,,,,,,,,,,,,,,,,,,,,,,,,,,,,,,,,,,,8575.46,8575.59,75bf97e01fbb196988a4d54e82d1997a5c2b1ba63ae31525eac31ebd28bb1f31,8.597,ok,
g5_dhigh_aequal_pcross_heavy_gsingleton_seed0,warehouse_random_factorial,carrier,1,46,497.0,497000000,225,210,52,5,0.3057,534,46,497,497000000,46,497,497000000,1,0,0,217885,86,1046,0,0,SEARCH_CUTOFF,8,0,0,0,-1,-1,-1,-1,-1,223,11390,223,6896,0,655,0,923,170,44,2648,2315,584,1133,41.968,199408,2451,TASKBR_VACANCY_V1,17002,7429,17002,9770,24630,39.6671,0,5799,5423,12289,12289,5953,5898,5883,5883,5883,0,0,0,0,0,0,0,5883,59660,15,BOTTLENECK_TARGET_FRONTIER_CONTINUITY_V2,32.0325,5.31168,20.9871,3.44207,9.26268,7513,7499,2516,0,21,192,12074,5423,30143,0,0,0,4311.19,3724500,73456,1121.2,56,38,7,,,,,,,,,,,,,,,,,,,,,,,,,,,,,,,,,,,,,,,,,,,,,,8643.36,8643.49,098a4dd2a3418eea00662bb7972c92dfa2020cabb80b560b1d34e3b436677e2d,8.683,ok,
g5_dhigh_aequal_plocal_gshared_pool_seed0,warehouse_random_factorial,carrier,1,32,291.0,291000000,81,178,32,0,0.1582,199,32,291,291000000,32,291,291000000,1,0,0,12461,35,506,0,0,SEARCH_CUTOFF,2,1,0,0,-1,291,-1,32,-1,51,10388,51,5740,0,137,13,368,9,6,449,165,48,720,14.616,126720,272,TASKBR_VACANCY_V1,5623,5311,5623,324,10942,2.96107,0,1318,949,14083,14083,1330,1320,1320,1320,1320,0,0,0,0,0,0,0,1320,14120,16,BOTTLENECK_TARGET_FRONTIER_CONTINUITY_V2,27.8939,0.933624,4.86068,0.762299,6.30622,13170,13161,6497,0,35,270,13776,949,10582,0,0,0,3337.4,1521061,14470,402.911,18,0,0,,,,,,,,,,,,,,,,,,,,,,,,,,,,,,,,,,,,,,,,,,,,,,8618.84,8618.93,0a578f73d002fa1f905b61bd23978c7fe3030d5b8578beb039d7d41939100afd,8.643,ok,
g5_dhigh_aequal_plocal_gsingleton_seed0,warehouse_random_factorial,carrier,1,30,289.0,289000000,111,140,36,0,0.2313,224,30,289,289000000,30,289,289000000,1,0,0,20499,67,801,0,0,SEARCH_CUTOFF,5,0,0,0,-1,-1,-1,-1,-1,77,12441,77,1562,0,199,0,292,46,26,2074,1104,173,371,14.1736,65296,814,TASKBR_VACANCY_V1,284,104,284,254,430,59.0698,0,360,113,13824,13824,418,401,386,386,386,0,0,0,0,0,0,0,386,546,16,BOTTLENECK_TARGET_FRONTIER_CONTINUITY_V2,27.479,0.19701,1.80652,0.207037,2.57608,13780,13772,6739,0,29,271,13522,113,19472,0,0,0,3617.6,4752253,28009,912.521,37,3,2,,,,,,,,,,,,,,,,,,,,,,,,,,,,,,,,,,,,,,,,,,,,,,8630.67,8630.79,977cee3023b8f60d7176bcb3a09f38ab775f0b2bf186f1078c67b10189776ceb,8.656,ok,
g5_dhigh_aequal_pmixed_gshared_pool_seed0,warehouse_random_factorial,carrier,1,27,277.0,277000000,101,144,32,0,0.2338,141,27,277,277000000,27,277,277000000,1,0,0,46055,1576,6837,0,0,SEARCH_CUTOFF,6,1,0,0,-1,277,-1,27,-1,1741,3123,1741,14676,0,7772,6,4312,622,425,735,3285,7373,6049,296.001,1064624,1697,TASKBR_VACANCY_V1,6788,4890,6788,2193,15268,14.3634,1462,1531,1380,4873,4873,1694,1680,1677,1677,1677,0,0,0,0,0,0,0,1677,11006,16,BOTTLENECK_TARGET_FRONTIER_CONTINUITY_V2,13.0849,1.474,6.81644,1.08823,5.31486,3840,3834,1518,0,6,4,4861,1380,27344,0,0,0,7747.15,9731447,38933,1578.05,31,3,0,,,,,,,,,,,,,,,,,,,,,,,,,,,,,,,,,,,,,,,,,,,,,,8573.65,8573.78,6a62363a82f7a4c281525130a37bf11bd644ebdda890952374ee6de5900ef0b7,8.596,ok,
g5_dhigh_aequal_pmixed_gsingleton_seed0,warehouse_random_factorial,carrier,1,41,378.0,378000000,197,145,34,0,0.3003,300,41,378,378000000,41,378,378000000,1,0,0,52309,38,628,0,0,SEARCH_CUTOFF,2,0,0,0,-1,-1,-1,-1,-1,103,12206,103,2906,0,406,0,458,94,74,6946,3028,303,483,18.4792,85008,2408,TASKBR_VACANCY_V1,444,195,444,360,731,49.2476,0,2307,112,13827,13827,2399,436,422,422,422,0,0,0,0,0,0,0,422,853,16,BOTTLENECK_TARGET_FRONTIER_CONTINUITY_V2,26.88,0.247819,1.60428,0.254354,2.0056,13759,13751,5646,0,27,307,13491,112,20910,0,0,0,3628.95,4766646,41109,922.009,36,33,24,,,,,,,,,,,,,,,,,,,,,,,,,,,,,,,,,,,,,,,,,,,,,,8650.11,8650.23,f58ddac159a49c66f022441d4a9dc8510f21c6eed5d646b78a760d5856ceca8e,8.677,ok,
g5_dhigh_ascarce_pcross_heavy_gshared_pool_seed0,warehouse_random_factorial,carrier,1,48,334.0,334000000,102,200,32,0,0.2656,261,48,338,338000000,48,334,334000000,1,1,1,0,18,152,1,1,REFERENCE_SUFFIX_ACCEPTED,12,1,1,1,788,338,334,48,48,86,12,86,5123,0,192,18,901,15,15,3165,11,63,732,19.8632,128832,3324,TASKBR_VACANCY_V1,953,138,953,834,1099,75.8872,0,938,140,105,105,954,939,923,923,923,0,0,0,0,0,0,0,923,975,16,BOTTLENECK_TARGET_FRONTIER_CONTINUITY_V2,0.814165,0.408941,3.98345,0.818801,5.95473,44,5,48,0,1,2,100,140,229,0,0,0,728.701,329784,787,51.1138,26,0,0,,,,,,,,,,,,,,,,,,,,,,,,,,,,,,,,,,,,,,,,,,,,,,802.988,803.089,dfb4da96539280b33436990253a166da89f564bb8d31473532cd2f364c139fa9,0.816,ok,
g5_dhigh_ascarce_pcross_heavy_gsingleton_seed0,warehouse_random_factorial,carrier,1,72,509.0,509000000,221,250,36,0,0.3837,1048,72,509,509000000,72,509,509000000,1,0,0,84083,74,649,0,0,SEARCH_CUTOFF,21,0,0,0,-1,-1,-1,-1,-1,213,11960,213,6313,0,607,0,1449,412,102,4028,7308,487,1055,38.6287,185680,9874,TASKBR_VACANCY_V1,1134,319,1134,1243,1870,66.4706,0,3218,181,12539,12539,3424,1160,977,977,977,0,0,0,0,0,0,0,977,1028,15,BOTTLENECK_TARGET_FRONTIER_CONTINUITY_V2,20.6261,0.448163,3.34425,0.675478,7.2413,12447,12411,6837,0,26,233,12278,181,26897,0,0,0,4859.29,4869775,59601,978.473,39,0,0,,,,,,,,,,,,,,,,,,,,,,,,,,,,,,,,,,,,,,,,,,,,,,8630.64,8630.77,e6573ad86ff54c3fa77b114df102fd66e6873ff2c622b653b704a5cba49b8d1b,8.659,ok,
g5_dhigh_ascarce_plocal_gshared_pool_seed0,warehouse_random_factorial,carrier,1,44,293.0,293000000,81,180,32,0,0.2301,256,44,293,293000000,44,293,293000000,1,0,0,19527,50,416,0,0,SEARCH_CUTOFF,4,1,0,0,-1,293,-1,44,-1,78,10743,78,6111,0,124,0,671,8,8,1036,322,56,807,19.428,142032,297,TASKBR_VACANCY_V1,709,95,709,625,814,76.7813,0,1676,1017,15498,15498,1685,1674,1674,1674,1674,0,0,0,0,0,0,0,1674,7574,16,BOTTLENECK_TARGET_FRONTIER_CONTINUITY_V2,25.116,0.859476,5.09153,1.02734,7.90928,14542,14512,7193,0,30,260,15206,1017,10915,0,0,0,3133.67,668483,16079,256.084,41,0,0,,,,,,,,,,,,,,,,,,,,,,,,,,,,,,,,,,,,,,,,,,,,,,8652.86,8652.97,094a53b720c211f5bc6d441d829a8ba0a606546293d30e775d4e1741e0e60608,8.677,ok,
g5_dhigh_ascarce_plocal_gsingleton_seed0,warehouse_random_factorial,carrier,1,54,354.0,354000000,109,207,36,0,0.2523,448,54,354,354000000,54,354,354000000,1,0,0,24983,50,448,0,0,SEARCH_CUTOFF,18,0,0,0,-1,-1,-1,-1,-1,95,13318,95,2979,0,176,0,857,136,42,3518,1440,118,584,18.5019,102784,1106,TASKBR_VACANCY_V1,5453,133,5453,5473,5716,95.7488,0,2740,2021,14916,14916,2835,2819,2724,2724,2724,0,0,0,0,0,0,0,2724,13080,16,BOTTLENECK_TARGET_FRONTIER_CONTINUITY_V2,25.1049,1.7002,7.45148,1.61187,9.34429,12992,12964,7550,0,24,266,14624,2021,20027,0,0,0,3590.71,2661605,30417,617.355,43,0,7,,,,,,,,,,,,,,,,,,,,,,,,,,,,,,,,,,,,,,,,,,,,,,8657.87,8657.97,3552aecb5201fbfeec2703d1c46dcf1891de7f19b1be343cafe2f478ec73e8c9,8.685,ok,
g5_dhigh_ascarce_pmixed_gshared_pool_seed0,warehouse_random_factorial,carrier,1,42,294.0,294000000,99,163,32,0,0.2946,236,42,294,294000000,42,294,294000000,1,0,0,57219,73017,97593,0,0,SEARCH_CUTOFF,17,1,0,0,-1,294,-1,42,-1,262,12872,262,4947,0,650,22,948,15,12,676,2836,676,1068,44.9938,187968,3081,TASKBR_VACANCY_V1,13806,136,13806,13687,13950,98.1147,0,13825,142,13170,13170,13841,13827,13811,13811,13811,0,0,0,0,0,0,0,13811,49434,16,BOTTLENECK_TARGET_FRONTIER_CONTINUITY_V2,31.0853,7.71306,30.7158,6.33248,26.8204,9713,113,9716,0,22,166,12980,142,42580,0,0,0,4539.99,5730457,103393,1563.02,19,0,0,,,,,,,,,,,,,,,,,,,,,,,,,,,,,,,,,,,,,,,,,,,,,,8673.19,8673.29,41ffbf8c335bfad27594057d099ebf17a3bb9fbf2f4d829e4e8c06b24487dbbd,8.699,ok,
g5_dhigh_ascarce_pmixed_gsingleton_seed0,warehouse_random_factorial,carrier,1,65,427.0,427000000,195,196,34,0,0.375,633,65,427,427000000,65,427,427000000,1,0,0,20249,68,572,0,0,SEARCH_CUTOFF,10,0,0,0,-1,-1,-1,-1,-1,128,9084,128,3707,0,405,0,1087,160,74,7666,9214,271,655,23.6534,115280,9156,TASKBR_VACANCY_V1,1004,182,1004,998,1337,74.6447,0,951,140,14793,14793,1067,1049,940,940,940,0,0,0,0,0,0,0,940,1023,16,BOTTLENECK_TARGET_FRONTIER_CONTINUITY_V2,23.6575,0.407758,3.77581,0.696887,4.90892,14715,14671,6451,0,33,298,14460,140,9510,0,0,0,3705.63,2566113,15663,449.679,29,0,14,,,,,,,,,,,,,,,,,,,,,,,,,,,,,,,,,,,,,,,,,,,,,,8650.81,8650.92,12e76482801fc124bd98a2693a47ad7b817ddcbdde2f760e5088555408b8cab4,8.675,ok,
g5_dhigh_asurplus_pcross_heavy_gshared_pool_seed0,warehouse_random_factorial,carrier,1,22,234.0,234000000,102,100,32,0,0.1932,132,22,234,234000000,22,234,234000000,1,0,0,607057,1315,6381,0,0,SEARCH_CUTOFF,0,1,0,0,-1,234,-1,22,-1,275,10735,275,2394,0,902,0,531,26,26,684,20,961,904,45.4532,159104,860,TASKBR_VACANCY_V1,5660,175,5660,5511,5851,94.189,0,3098,2676,11080,11080,3118,2915,2915,2915,2915,0,0,0,0,0,0,0,2915,53612,16,BOTTLENECK_TARGET_FRONTIER_CONTINUITY_V2,29.6375,3.21261,15.5977,2.467,17.3793,8416,8410,6136,0,15,133,10930,2676,32086,0,0,0,4253.03,9965834,84000,1813.84,0,3,0,,,,,,,,,,,,,,,,,,,,,,,,,,,,,,,,,,,,,,,,,,,,,,8651.68,8651.79,003edbb1b4e0c54b52f6faee2e451c342e19bafb2fb0ab32f9fa8e1b51bcf805,8.704,ok,
g5_dhigh_asurplus_pcross_heavy_gsingleton_seed0,warehouse_random_factorial,carrier,1,41,416.0,416000000,220,131,54,5,0.2236,385,41,416,416000000,41,416,416000000,1,0,0,122876,75,1101,0,0,SEARCH_CUTOFF,2,0,0,0,-1,-1,-1,-1,-1,141,11203,141,3576,0,518,0,565,156,58,916,2176,422,754,25.6767,132704,1646,TASKBR_VACANCY_V1,15996,6256,15996,9923,22448,44.2044,0,6516,6337,13078,13078,6684,6658,6658,6658,6658,0,0,0,0,0,0,0,6658,117451,15,BOTTLENECK_TARGET_FRONTIER_CONTINUITY_V2,38.9293,6.81464,31.9523,4.97431,47.0897,7557,7551,3319,0,24,242,12810,6337,21818,0,0,0,3789.23,2788629,55936,881.198,3,81,15,,,,,,,,,,,,,,,,,,,,,,,,,,,,,,,,,,,,,,,,,,,,,,8665.03,8665.17,93544cb9e7d0b9b4d555c865857b690a38d7a8ff5775efe0fe13792757706449,8.701,ok,
g5_dhigh_asurplus_plocal_gshared_pool_seed0,warehouse_random_factorial,carrier,1,22,235.0,235000000,82,121,32,0,0.1553,147,22,235,235000000,22,235,235000000,1,0,0,139046,3,74,0,0,SEARCH_CUTOFF,0,1,0,0,-1,235,-1,22,-1,695,6744,695,5718,0,2052,6,2009,2,2,605,2507,2757,1768,114.82,311168,195,TASKBR_VACANCY_V1,15151,109,15151,15042,15263,98.5521,420,15148,48,7446,7446,15148,15134,15134,15134,15134,0,0,0,0,0,0,0,15134,134651,16,BOTTLENECK_TARGET_FRONTIER_CONTINUITY_V2,33.5342,12.6373,66.8786,7.79608,75.7114,6707,61,6701,0,0,5,7439,48,33881,0,0,0,6869.57,13565756,59546,2513.62,0,0,0,,,,,,,,,,,,,,,,,,,,,,,,,,,,,,,,,,,,,,,,,,,,,,8619.18,8619.31,95ffe08c328873c52f1c6f83ce18e5fb38a0ab4e3bab71c2bee8b0897fa5cbae,8.661,ok,
g5_dhigh_asurplus_plocal_gsingleton_seed0,warehouse_random_factorial,carrier,1,25,256.0,256000000,109,109,36,0,0.1817,200,25,256,256000000,25,256,256000000,1,0,0,74882,279,2092,0,0,SEARCH_CUTOFF,0,0,0,0,-1,-1,-1,-1,-1,227,11176,227,1320,0,521,0,407,40,14,3222,1368,625,611,35.1799,107536,1324,TASKBR_VACANCY_V1,5681,78,5681,5659,5806,97.4681,0,2081,1828,11481,11481,2123,2052,2052,2052,2052,0,0,0,0,0,0,0,2052,37034,16,BOTTLENECK_TARGET_FRONTIER_CONTINUITY_V2,30.1164,2.17093,11.1014,1.65222,15.9039,9698,9692,6068,0,25,193,11261,1828,32492,0,0,0,4666.09,10946920,76713,2042.74,3,15,0,,,,,,,,,,,,,,,,,,,,,,,,,,,,,,,,,,,,,,,,,,,,,,8644.04,8644.17,b6d719181b6fe4fc49fd78ef45a14a181fba0a9877c1bbcda784daadb9cce794,8.671,ok,
g5_dhigh_asurplus_pmixed_gshared_pool_seed0,warehouse_random_factorial,carrier,1,25,272.0,272000000,100,134,36,0,0.1667,133,26,258,258000000,25,272,272000000,1,1,1,0,4,99,0,0,STRICT_IMPROVEMENT,3,1,1,1,346,258,272,26,25,45,12,45,2391,0,214,10,338,30,8,285,719,66,345,9.6891,60720,957,TASKBR_VACANCY_V1,370,149,370,250,548,45.6204,0,337,96,65,65,365,348,348,348,348,0,0,0,0,0,0,0,348,1134,16,BOTTLENECK_TARGET_FRONTIER_CONTINUITY_V2,0.489978,0.240407,2.20941,0.239126,3.00771,19,15,10,0,6,3,54,96,255,0,0,0,296.173,271003,408,42.9567,31,7,0,,,,,,,,,,,,,,,,,,,,,,,,,,,,,,,,,,,,,,,,,,,,,,355.444,355.538,5d30d09c8b90b53ad21e7501b5a42fae04372d90c1ba67e4847b2c96831a32f1,0.368,ok,
g5_dhigh_asurplus_pmixed_gsingleton_seed0,warehouse_random_factorial,carrier,1,41,331.0,331000000,189,106,34,0,0.1921,257,41,331,331000000,41,331,331000000,1,0,0,33482,49032,326140,0,0,SEARCH_CUTOFF,1,0,0,0,-1,-1,-1,-1,-1,85,11906,85,2691,0,367,0,388,96,78,3294,1218,244,395,14.9793,69520,1396,TASKBR_VACANCY_V1,399,228,399,286,736,38.8587,0,256,69,12656,12656,358,340,340,340,340,0,0,0,0,0,0,0,340,1421,16,BOTTLENECK_TARGET_FRONTIER_CONTINUITY_V2,31.4555,0.252559,1.90243,0.229347,8.973,12602,12594,9731,0,1,27,12626,69,20946,0,0,0,3586.1,1311610,25760,509.724,4,60,15,,,,,,,,,,,,,,,,,,,,,,,,,,,,,,,,,,,,,,,,,,,,,,8629.44,8629.55,0fcf527ee340da2a4977c895a3fd4476a4a477c54ae4d5f8f84c8778a4e27140,8.658,ok,
g5_dlow_abaseline_pcross_heavy_gshared_pool_seed0,warehouse_random_factorial,carrier,1,34,277.0,277000000,74,171,32,0,0.1814,154,34,277,277000000,34,277,277000000,1,0,0,1296,22003,154188,0,0,SEARCH_CUTOFF,3,1,0,0,-1,277,-1,34,-1,59,11365,59,4464,0,55,6,511,15,15,295,0,16,516,12.1422,90816,28,TASKBR_VACANCY_V1,11931,143,11931,11812,12088,97.7167,0,17301,102,16830,16830,17322,17306,17291,17291,17291,0,0,0,0,0,0,0,17291,176693,16,BOTTLENECK_TARGET_FRONTIER_CONTINUITY_V2,45.6195,13.9538,51.4624,9.8514,16.5636,9751,8,9750,0,30,299,16499,102,11535,0,0,0,2392.21,1163736,34011,550.926,25,0,0,,,,,,,,,,,,,,,,,,,,,,,,,,,,,,,,,,,,,,,,,,,,,,8651.09,8651.2,14985bbb67cc6a646c33947c7b358adc7225eab3591c6edcb18ce4e36c416884,8.677,ok,
g5_dlow_abaseline_pcross_heavy_gsingleton_seed0,warehouse_random_factorial,carrier,1,45,402.0,402000000,180,187,34,0,0.3333,310,45,404,404000000,45,402,402000000,1,1,1,0,47,588,1,1,REFERENCE_SUFFIX_ACCEPTED,6,0,0,0,-1,-1,-1,-1,-1,87,13,87,7068,0,191,0,789,168,44,226,384,105,715,16.4369,125840,140,TASKBR_VACANCY_V1,718,326,718,541,1276,42.3981,0,529,128,107,107,644,616,580,580,580,0,0,0,0,0,0,0,580,811,15,BOTTLENECK_TARGET_FRONTIER_CONTINUITY_V2,0.685231,0.286165,2.21186,0.349764,4.41672,36,20,33,0,3,4,98,128,432,0,0,0,570.463,893818,764,117.312,28,5,0,,,,,,,,,,,,,,,,,,,,,,,,,,,,,,,,,,,,,,,,,,,,,,624.233,624.344,2b0d11dfc1916c352af72960770c8076ee84450f50bfdef01ebe4eaaec1d091e,0.636,ok,
g5_dlow_abaseline_plocal_gshared_pool_seed0,warehouse_random_factorial,carrier,1,29,268.0,268000000,59,177,32,0,0.1695,125,29,268,268000000,29,268,268000000,1,0,0,2694,17492,114692,0,0,SEARCH_CUTOFF,2,1,0,0,-1,268,-1,29,-1,794,11388,794,11229,0,914,0,3503,0,0,992,76,1043,2929,127.276,515504,48,TASKBR_VACANCY_V1,40883,8902,40883,31981,49785,64.2382,513,25463,9139,12191,12191,25463,23027,23027,23027,23027,0,0,0,0,0,0,0,23027,89134,16,BOTTLENECK_TARGET_FRONTIER_CONTINUITY_V2,41.762,14.4889,50.6545,8.88687,48.9823,1900,25,1895,0,3,5,12181,9139,42490,0,0,0,5580.03,4849296,97473,1764.58,29,0,0,,,,,,,,,,,,,,,,,,,,,,,,,,,,,,,,,,,,,,,,,,,,,,8633.5,8633.6,8d58cc298adb7cb67d1f261c25f17a7694f56a207093cb544ad2ed6d0b4e57e2,8.653,ok,
g5_dlow_abaseline_plocal_gsingleton_seed0,warehouse_random_factorial,carrier,1,32,265.0,265000000,80,148,36,1,0.2083,128,32,265,265000000,32,265,265000000,1,0,0,0,19855,146936,0,0,SEARCH_CUTOFF,1,0,0,0,-1,-1,-1,-1,-1,45,14,45,2083,0,39,0,390,12,4,462,524,33,322,8.36219,56672,110,TASKBR_VACANCY_V1,483,121,483,377,622,60.6109,0,30567,3131,16593,16593,30588,30570,30549,30549,30549,0,0,0,0,0,0,0,30549,188189,16,BOTTLENECK_TARGET_FRONTIER_CONTINUITY_V2,54.0267,18.5809,78.3584,12.3888,85.5662,8145,5,8143,0,24,234,16333,3131,204,0,0,0,2563.16,2255236,33533,691.813,27,0,0,,,,,,,,,,,,,,,,,,,,,,,,,,,,,,,,,,,,,,,,,,,,,,8646.77,8646.9,1ac097e43b36c731c56da707ff2ec36d9d1b2a0f39a31f888e841554890982cc,8.67,ok,
g5_dlow_abaseline_pmixed_gshared_pool_seed0,warehouse_random_factorial,carrier,1,24,228.0,228000000,69,127,32,0,0.2396,127,24,228,228000000,24,228,228000000,1,0,0,4063,1362,10800,0,0,SEARCH_CUTOFF,2,1,0,0,-1,228,-1,24,-1,155,14441,155,5486,0,122,0,902,2,2,31,26,96,1047,28.6611,184272,14,TASKBR_VACANCY_V1,62678,18699,62678,43983,81377,54.0484,0,38666,9356,15099,15099,38668,35389,35387,35387,35387,0,0,0,0,0,0,0,35387,139272,16,BOTTLENECK_TARGET_FRONTIER_CONTINUITY_V2,53.9966,21.1918,83.7973,12.9016,97.6974,7527,66,7522,0,0,36,15061,9356,30396,0,0,0,4347.35,6283090,120752,2204.09,22,0,0,,,,,,,,,,,,,,,,,,,,,,,,,,,,,,,,,,,,,,,,,,,,,,8644.2,8644.31,413d01432296d22125a0dacbec2865c0353a66abc4ca590f75a0a3ae45050b3f,8.666,ok,
g5_dlow_abaseline_pmixed_gsingleton_seed0,warehouse_random_factorial,carrier,1,40,342.0,342000000,151,153,38,3,0.3146,236,40,344,344000000,40,342,342000000,1,1,1,0,41,516,1,1,REFERENCE_SUFFIX_ACCEPTED,2,0,0,0,-1,-1,-1,-1,-1,76,16,76,4466,0,157,0,590,86,42,4398,1332,67,527,13.3728,92752,1190,TASKBR_VACANCY_V1,622,304,622,415,1016,40.8465,0,437,128,99,99,510,490,470,470,470,0,0,0,0,0,0,0,470,689,16,BOTTLENECK_TARGET_FRONTIER_CONTINUITY_V2,0.58206,0.22341,1.76958,0.281683,5.36379,32,20,26,0,3,12,82,128,369,0,0,0,415.436,705119,655,94.055,25,11,0,,,,,,,,,,,,,,,,,,,,,,,,,,,,,,,,,,,,,,,,,,,,,,465.427,465.518,1aae76464997cb6091fb6f96a287516680dec466ff520ac0b1d87fc4200f0d1d,0.476,ok,
g5_dlow_aequal_pcross_heavy_gshared_pool_seed0,warehouse_random_factorial,carrier,1,24,254.0,254000000,74,148,32,0,0.1927,127,24,254,254000000,24,254,254000000,1,0,0,1763,3821,27594,0,0,SEARCH_CUTOFF,2,1,0,0,-1,254,-1,24,-1,1164,531,1164,17134,0,2261,4,6467,703,451,90872,29578,2641,5751,203.784,1012176,18007,TASKBR_VACANCY_V1,5232,2155,5232,3083,7817,39.4397,887,3919,927,1702,1702,3924,2884,2884,2884,2884,0,0,0,0,0,0,0,2884,16632,16,BOTTLENECK_TARGET_FRONTIER_CONTINUITY_V2,7.69437,2.80513,10.7709,1.60055,9.9107,564,7,558,0,1,2,1697,927,8766,0,0,0,8327.68,2708470,13569,523.445,19,0,0,,,,,,,,,,,,,,,,,,,,,,,,,,,,,,,,,,,,,,,,,,,,,,8527.62,8527.71,943ae7324f10ec8bd7803e239b21867cbc41aed04b9cf2b08a7b922bce10ee64,8.541,ok,
g5_dlow_aequal_pcross_heavy_gsingleton_seed0,warehouse_random_factorial,carrier,1,43,397.0,397000000,181,176,38,1,0.2631,276,43,397,397000000,43,397,397000000,1,0,0,21242,40503,238785,0,0,SEARCH_CUTOFF,2,0,0,0,-1,-1,-1,-1,-1,164,15687,164,7284,0,238,0,722,102,30,496,268,236,800,25.9503,140800,156,TASKBR_VACANCY_V1,649,298,649,468,1068,43.8202,0,452,96,16108,16108,563,531,528,528,528,0,0,0,0,0,0,0,528,835,15,BOTTLENECK_TARGET_FRONTIER_CONTINUITY_V2,31.5756,0.25728,1.95516,0.31943,3.59209,16053,16043,7452,0,4,22,16080,96,37535,0,0,0,2809.35,2855644,67557,943.262,24,18,0,,,,,,,,,,,,,,,,,,,,,,,,,,,,,,,,,,,,,,,,,,,,,,8637.21,8637.32,9b65d09cb61579c67a1299c728f5d94ebf1a462dd1f14b3a4c1720f5f8f5655e,8.661,ok,
g5_dlow_aequal_plocal_gshared_pool_seed0,warehouse_random_factorial,carrier,1,22,251.0,251000000,59,160,32,0,0.1676,101,22,251,251000000,22,251,251000000,1,0,0,7644,12282,62916,0,0,SEARCH_CUTOFF,0,1,0,0,-1,251,-1,22,-1,1745,1759,1745,23970,0,1769,0,11963,0,0,536,2997,2340,5571,283.138,980496,2425,TASKBR_VACANCY_V1,14531,1998,14531,12533,16529,75.8243,1472,4818,7930,3515,3515,4818,4806,4806,4806,4806,0,0,0,0,0,0,0,4806,28936,16,BOTTLENECK_TARGET_FRONTIER_CONTINUITY_V2,14.1352,4.3896,15.9367,2.75171,18.0041,19,7,14,0,0,3,3510,7930,16221,0,0,0,8095.13,3746478,28070,870.393,9,0,0,,,,,,,,,,,,,,,,,,,,,,,,,,,,,,,,,,,,,,,,,,,,,,8549.21,8549.31,c20821d7650828b5ee6689006c1b1f6993787200587d8ef808f06b8578c5551e,8.567,ok,
g5_dlow_aequal_plocal_gsingleton_seed0,warehouse_random_factorial,carrier,1,22,247.0,247000000,80,130,36,1,0.2273,109,23,247,247000000,22,247,247000000,1,1,1,1105,66,903,0,0,STRICT_IMPROVEMENT,4,0,0,0,-1,-1,-1,-1,-1,690,696,690,3735,0,455,0,1942,18,10,1978,646,451,1898,102.313,334048,504,TASKBR_VACANCY_V1,1328,694,1328,661,2043,32.3544,416,766,297,1412,1412,793,591,573,573,573,0,0,0,0,0,0,0,573,3151,16,BOTTLENECK_TARGET_FRONTIER_CONTINUITY_V2,3.49329,0.401309,2.42864,0.32011,3.66632,1172,1164,644,0,20,149,1241,297,3829,0,0,0,1195.46,321006,7375,113.551,18,0,6,,,,,,,,,,,,,,,,,,,,,,,,,,,,,,,,,,,,,,,,,,,,,,1334.51,1334.63,29122b56964fc513e7f4a59e8c6632fd9ba0f3186c5f0bf454192b31c8f0a5ab,1.349,ok,
g5_dlow_aequal_pmixed_gshared_pool_seed0,warehouse_random_factorial,carrier,1,18,239.0,239000000,69,138,32,0,0.2396,102,18,239,239000000,18,239,239000000,1,0,0,2016,5374,43769,0,0,SEARCH_CUTOFF,0,1,0,0,-1,239,-1,18,-1,2208,503,2208,29171,0,8723,0,11060,2,2,49,9528,9946,6793,348.312,1195568,4,TASKBR_VACANCY_V1,5733,126,5733,5611,5859,95.7672,1937,5713,2726,2718,2718,5715,3021,3021,3021,3021,0,0,0,0,0,0,0,3021,12279,16,BOTTLENECK_TARGET_FRONTIER_CONTINUITY_V2,10.1325,3.13003,10.6681,1.94292,6.18133,11,5,9,0,0,0,2716,2726,26297,0,0,0,8210.41,8010029,21728,1385.4,0,0,0,,,,,,,,,,,,,,,,,,,,,,,,,,,,,,,,,,,,,,,,,,,,,,8546.94,8547.07,94fb6f94376a55aa6ed2ed5a2559622eedcb33e5a54548c099403cb48e411f99,8.567,ok,
g5_dlow_aequal_pmixed_gsingleton_seed0,warehouse_random_factorial,carrier,1,35,316.0,316000000,153,127,36,2,0.2732,196,39,320,320000000,35,316,316000000,1,0,0,16006,1583,12663,0,0,SEARCH_CUTOFF,0,0,0,0,-1,-1,-1,-1,-1,989,10026,989,18087,0,848,0,3972,210,26,21747,6522,919,4393,170.468,773168,5898,TASKBR_VACANCY_V1,21833,6835,21833,15052,30489,49.3686,699,15229,8522,11115,11115,15267,15249,15249,15249,15249,0,0,0,0,0,0,0,15249,137074,16,BOTTLENECK_TARGET_FRONTIER_CONTINUITY_V2,37.4887,12.8776,51.0279,8.7927,38.9851,3522,51,3512,0,22,120,10971,8522,30914,0,0,0,6377.86,13016233,83705,2343.01,2304,6,3,,,,,,,,,,,,,,,,,,,,,,,,,,,,,,,,,,,,,,,,,,,,,,8613.8,8613.96,d76abe24b47a045c12bb500fa5bfd0a8113a586ca49ed0d629416c43872a220d,8.636,ok,
g5_dlow_ascarce_pcross_heavy_gshared_pool_seed0,warehouse_random_factorial,carrier,1,42,289.0,289000000,74,183,32,0,0.2202,187,42,289,289000000,42,289,289000000,1,0,0,4008,25526,76250,0,0,SEARCH_CUTOFF,15,1,0,0,-1,289,-1,42,-1,66,15988,66,5674,0,57,8,638,15,15,258,0,15,602,14.8671,105952,31,TASKBR_VACANCY_V1,16623,119,16623,16522,16753,98.6211,0,18542,5897,17838,17838,18559,18541,18524,18524,18524,0,0,0,0,0,0,0,18524,110588,16,BOTTLENECK_TARGET_FRONTIER_CONTINUITY_V2,42.174,12.7771,39.9578,8.48973,43.5105,7302,5,7308,0,23,213,17600,5897,16141,0,0,0,2092.43,751875,36127,460.292,2898,0,0,,,,,,,,,,,,,,,,,,,,,,,,,,,,,,,,,,,,,,,,,,,,,,8680.73,8680.84,8113238707d087bff87f833be5035c3073940202739d6b54ba8c124ca932ffe7,8.7,ok,
g5_dlow_ascarce_pcross_heavy_gsingleton_seed0,warehouse_random_factorial,carrier,1,67,459.0,459000000,181,238,38,1,0.3377,434,69,461,461000000,67,459,459000000,1,1,1,1,70,609,1,1,REFERENCE_SUFFIX_ACCEPTED,13,0,0,0,-1,-1,-1,-1,-1,129,12,129,11360,0,198,0,1381,292,62,998,188,118,1061,25.2402,186736,152,TASKBR_VACANCY_V1,1171,353,1171,1099,1835,59.891,0,987,159,151,151,1126,1101,962,962,962,0,0,0,0,0,0,0,962,1029,15,BOTTLENECK_TARGET_FRONTIER_CONTINUITY_V2,0.984963,0.448311,3.59118,0.688725,6.98404,56,20,79,0,12,3,134,159,392,0,0,0,805.374,959304,1046,130.25,28,0,0,,,,,,,,,,,,,,,,,,,,,,,,,,,,,,,,,,,,,,,,,,,,,,863.133,863.247,bbc87ec54482e6fa874daada6859c781e5f6645f23528126bf064af3123e7419,0.876,ok,
g5_dlow_ascarce_plocal_gshared_pool_seed0,warehouse_random_factorial,carrier,1,36,241.0,241000000,59,150,32,0,0.2049,155,36,241,241000000,36,241,241000000,1,0,0,0,21846,73626,0,0,SEARCH_CUTOFF,4,1,0,0,-1,241,-1,36,-1,79,17021,79,4122,0,51,0,580,0,0,656,177,30,532,15.2731,93632,158,TASKBR_VACANCY_V1,38965,14953,38965,24012,53918,44.5343,0,22153,3938,17714,17714,22153,22142,22142,22142,22142,0,0,0,0,0,0,0,22142,107453,16,BOTTLENECK_TARGET_FRONTIER_CONTINUITY_V2,40.8323,13.1994,46.0225,8.28789,40.8328,11657,12,11656,0,7,120,17585,3938,27731,0,0,0,2337.44,1131866,78892,721.692,19,0,0,,,,,,,,,,,,,,,,,,,,,,,,,,,,,,,,,,,,,,,,,,,,,,8682.51,8682.63,6445d129e0a0c0bd0ff243ea7814b623742485d2800faf2ca40d722fb44562d7,8.702,ok,
g5_dlow_ascarce_plocal_gsingleton_seed0,warehouse_random_factorial,carrier,1,44,303.0,303000000,78,188,36,1,0.2216,147,44,303,303000000,44,303,303000000,1,0,0,6696,86,681,0,0,SEARCH_CUTOFF,7,0,0,0,-1,-1,-1,-1,-1,88,14915,88,3547,0,49,0,712,30,0,810,894,49,539,15.8857,94864,174,TASKBR_VACANCY_V1,34762,11338,34762,23462,46135,50.8551,0,24733,4041,17190,17190,24761,21831,21803,21803,21803,0,0,0,0,0,0,0,21803,101609,16,BOTTLENECK_TARGET_FRONTIER_CONTINUITY_V2,40.3198,13.3817,43.2686,8.37431,40.8355,9334,16,9330,0,1,32,17155,4041,22152,0,0,0,2630.63,3541162,103337,1106.3,32,0,2,,,,,,,,,,,,,,,,,,,,,,,,,,,,,,,,,,,,,,,,,,,,,,8653.82,8653.93,c356a3603192dde802358d9bb2dccc051a5ead4cb642661a2ccf1cc16268532f,8.675,ok,
g5_dlow_ascarce_pmixed_gshared_pool_seed0,warehouse_random_factorial,carrier,1,36,253.0,253000000,69,152,32,0,0.2396,164,36,253,253000000,36,253,253000000,1,0,0,0,17173,61167,0,0,SEARCH_CUTOFF,13,1,0,0,-1,253,-1,36,-1,336,13979,336,9105,0,304,0,1877,4,4,4287,3286,277,1739,58.1887,306064,243,TASKBR_VACANCY_V1,68618,24776,68618,43846,93484,46.9021,50,33689,9365,14330,14330,33691,33678,33676,33676,33676,0,0,0,0,0,0,0,33676,62208,16,BOTTLENECK_TARGET_FRONTIER_CONTINUITY_V2,43.9799,13.7166,53.7263,9.9425,38.866,7036,41,7033,0,1,14,14313,9365,42307,0,0,0,4558.26,8583556,114586,2221.86,20,0,0,,,,,,,,,,,,,,,,,,,,,,,,,,,,,,,,,,,,,,,,,,,,,,8621.41,8621.52,321d0b8bc251d4da8039017f41f9c163196f2db5d511b0ecba5825d36b06c842,8.641,ok,
g5_dlow_ascarce_pmixed_gsingleton_seed0,warehouse_random_factorial,carrier,1,69,399.0,399000000,151,210,38,3,0.2736,306,69,399,399000000,69,399,399000000,1,0,0,13478,22359,72651,0,0,SEARCH_CUTOFF,3,0,0,0,-1,-1,-1,-1,-1,128,17717,128,7155,0,162,0,1109,140,64,1370,328,44,819,22.7405,144144,560,TASKBR_VACANCY_V1,18830,18077,18830,918,43293,2.12044,0,5421,9583,22392,22392,6638,6621,6491,6491,6491,0,0,0,0,0,0,0,6491,39403,16,BOTTLENECK_TARGET_FRONTIER_CONTINUITY_V2,32.9835,2.68347,13.3226,2.83303,16.4509,13308,12774,6706,0,35,109,22246,9583,18028,0,0,0,2283.86,1411304,26341,437.146,673,0,862,,,,,,,,,,,,,,,,,,,,,,,,,,,,,,,,,,,,,,,,,,,,,,8687.35,8687.47,3d1f0f373a5f904db74132f2db045b96700e198bf43d4070d91933b519a6076d,8.712,ok,
g5_dlow_asurplus_pcross_heavy_gshared_pool_seed0,warehouse_random_factorial,carrier,1,22,232.0,232000000,90,108,34,1,0.1705,117,23,213,213000000,22,232,232000000,1,1,1,5235,3,74,0,0,STRICT_IMPROVEMENT,9,1,1,1,4170,213,232,23,22,1772,2434,1772,9867,0,1082,7,5591,97,94,15691,10338,1047,4242,260.795,746592,3375,TASKBR_VACANCY_V1,1519,654,1519,997,2198,45.3594,1496,1405,700,4250,4250,1522,939,939,939,939,0,0,0,0,0,0,0,939,12915,16,BOTTLENECK_TARGET_FRONTIER_CONTINUITY_V2,11.6459,0.861035,5.16446,0.716885,4.47949,3643,3636,1255,0,20,159,4069,700,12922,0,0,0,3757.14,592612,23486,299.618,4,20,23,,,,,,,,,,,,,,,,,,,,,,,,,,,,,,,,,,,,,,,,,,,,,,4235.58,4235.67,a4f66dadfc9ca0a98fbd691b0b07fece9a2d709c466a34ff0a654ff450014b84,4.252,ok,
g5_dlow_asurplus_pcross_heavy_gsingleton_seed0,warehouse_random_factorial,carrier,1,35,334.0,334000000,181,113,38,1,0.2155,212,35,334,334000000,35,334,334000000,1,0,0,720,20660,386150,0,0,SEARCH_CUTOFF,2,0,0,0,-1,-1,-1,-1,-1,66,12966,66,4322,0,140,0,458,80,28,490,178,104,465,11.6843,81840,90,TASKBR_VACANCY_V1,9066,8919,9066,220,18081,1.21675,0,994,788,16512,16512,1075,1044,1044,1044,1044,0,0,0,0,0,0,0,1044,17959,15,BOTTLENECK_TARGET_FRONTIER_CONTINUITY_V2,35.3128,0.812298,4.29348,0.684101,8.95663,15755,15747,9386,0,6,31,16473,788,13388,0,0,0,2033.88,811599,12629,263.874,3,37,0,,,,,,,,,,,,,,,,,,,,,,,,,,,,,,,,,,,,,,,,,,,,,,8627.89,8628,9bb221bca37afe32f807e8acd26e45c4c6880cf03005f9f61d5ab1597ef2d705,8.652,ok,
g5_dlow_asurplus_plocal_gshared_pool_seed0,warehouse_random_factorial,carrier,1,19,214.0,214000000,59,123,32,0,0.1294,85,19,214,214000000,19,214,214000000,1,0,0,6880,12559,119467,0,0,SEARCH_CUTOFF,0,1,0,0,-1,214,-1,19,-1,3153,1391,3153,16176,0,3563,0,11417,0,0,158,399,5300,8539,465.05,1502864,39,TASKBR_VACANCY_V1,4810,91,4810,4719,4901,96.2865,2882,4849,44,4553,4553,4849,4835,4835,4835,4835,0,0,0,0,0,0,0,4835,81543,16,BOTTLENECK_TARGET_FRONTIER_CONTINUITY_V2,18.98,5.84489,25.6972,3.85187,17.0731,1510,2,1509,0,0,2,4549,44,22688,0,0,0,7897.1,793154,35728,515.765,0,0,0,,,,,,,,,,,,,,,,,,,,,,,,,,,,,,,,,,,,,,,,,,,,,,8574.12,8574.22,a4c6db65833ac302424f073d2e37d67f2bbed1f94c9c78e5eb0ce6bfe2917432,8.594,ok,
g5_dlow_asurplus_plocal_gsingleton_seed0,warehouse_random_factorial,carrier,1,17,214.0,214000000,76,101,36,1,0.1863,90,17,214,214000000,17,214,214000000,1,0,0,4825,1569,23844,0,0,SEARCH_CUTOFF,0,0,0,0,-1,-1,-1,-1,-1,1991,2629,1991,17411,0,2083,0,9575,14,2,18258,3123,2149,7165,319.878,1261040,3382,TASKBR_VACANCY_V1,13776,9514,13776,4281,23306,18.3687,1721,7149,2106,4627,4627,7170,2321,2321,2321,2321,0,0,0,0,0,0,0,2321,33500,16,BOTTLENECK_TARGET_FRONTIER_CONTINUITY_V2,14.7994,2.54047,12.8132,1.71979,14.3082,2800,2794,1958,0,0,2,4623,2106,25542,0,0,0,8056.65,1067410,36764,566.687,0,12,3,,,,,,,,,,,,,,,,,,,,,,,,,,,,,,,,,,,,,,,,,,,,,,8561.84,8561.95,63c56ee0f1a0f6a4ed085cf6def712f326b9e8aaa6da413a9911610976e88f3f,8.58,ok,
g5_dlow_asurplus_pmixed_gshared_pool_seed0,warehouse_random_factorial,carrier,1,18,204.0,204000000,69,103,32,0,0.1597,84,18,204,204000000,18,204,204000000,1,0,0,1639,4460,59506,0,0,SEARCH_CUTOFF,0,1,0,0,-1,204,-1,18,-1,1996,284,1996,34129,0,8024,0,14104,801,801,83,10137,7921,10450,348.728,1839200,822,TASKBR_VACANCY_V1,12418,5526,12418,6892,17948,38.3998,1726,4780,4545,2289,2289,4780,2517,2517,2517,2517,0,0,0,0,0,0,0,2517,30974,16,BOTTLENECK_TARGET_FRONTIER_CONTINUITY_V2,10.5888,3.40983,13.2967,1.82764,6.12247,15,9,10,0,0,3,2284,4545,17329,0,0,0,8232.58,6846997,18266,1217.02,0,0,0,,,,,,,,,,,,,,,,,,,,,,,,,,,,,,,,,,,,,,,,,,,,,,8544.48,8544.6,097fd50cb7b1aa3447e6791872aa162dedd160ee03ad962e40f05609a04af600,8.562,ok,
g5_dlow_asurplus_pmixed_gsingleton_seed0,warehouse_random_factorial,carrier,1,35,295.0,295000000,149,110,36,2,0.1774,191,39,301,301000000,35,295,295000000,1,1,1,1,39,916,1,1,REFERENCE_SUFFIX_ACCEPTED,2,0,0,0,-1,-1,-1,-1,-1,76,14,76,3702,0,122,0,450,54,28,1215,500,70,477,13.4701,83952,392,TASKBR_VACANCY_V1,463,258,463,262,788,33.2487,0,288,104,98,98,326,308,308,308,308,0,0,0,0,0,0,0,308,1252,16,BOTTLENECK_TARGET_FRONTIER_CONTINUITY_V2,0.562464,0.225627,1.74271,0.222734,8.13176,41,37,31,0,10,12,74,104,383,0,0,0,327.57,640865,589,88.4655,27,0,4,,,,,,,,,,,,,,,,,,,,,,,,,,,,,,,,,,,,,,,,,,,,,,380.306,380.406,ac3612c36e0a537c6e1f41eca6d3c96b9d3f7add2e1e9f1f75ddebdfea7197a8,0.391,ok,
g5_dmedium_abaseline_pcross_heavy_gshared_pool_seed0,warehouse_random_factorial,carrier,1,34,292.0,292000000,92,168,32,0,0.2255,168,34,292,292000000,34,292,292000000,1,0,0,31107,48379,153613,0,0,SEARCH_CUTOFF,8,1,0,0,-1,292,-1,34,-1,64,13234,64,3513,0,116,0,524,18,18,1241,10,56,523,14.0035,92048,1106,TASKBR_VACANCY_V1,13837,177,13837,13690,14037,97.528,0,14865,110,14387,14387,14889,14871,14847,14847,14847,0,0,0,0,0,0,0,14847,136726,16,BOTTLENECK_TARGET_FRONTIER_CONTINUITY_V2,42.611,12.7368,43.7376,8.41849,21.6011,8371,14,8367,0,26,238,14121,110,21293,0,0,0,3719.89,4869913,86421,1377.08,24,0,0,,,,,,,,,,,,,,,,,,,,,,,,,,,,,,,,,,,,,,,,,,,,,,8644.35,8644.45,02659f776e6a96369bda0fc198915703834f3e3ef96797ddbbdc640b1e7e4098,8.668,ok,
g5_dmedium_abaseline_pcross_heavy_gsingleton_seed0,warehouse_random_factorial,carrier,1,57,476.0,476000000,208,221,42,3,0.3041,430,57,476,476000000,57,476,476000000,1,0,0,124178,311,2583,0,0,SEARCH_CUTOFF,16,0,0,0,-1,-1,-1,-1,-1,233,12359,233,7365,0,517,0,1051,234,88,1340,927,406,1262,41.4676,222112,536,TASKBR_VACANCY_V1,973,381,973,831,1634,50.8568,0,728,228,12958,12958,921,891,813,813,813,0,0,0,0,0,0,0,813,2212,15,BOTTLENECK_TARGET_FRONTIER_CONTINUITY_V2,22.6327,0.416538,2.87053,0.48362,5.23526,12808,12721,6957,0,27,238,12691,228,28593,0,0,0,4644.8,15239087,60741,2236.49,51,23,3,,,,,,,,,,,,,,,,,,,,,,,,,,,,,,,,,,,,,,,,,,,,,,8632.5,8632.62,d3756638fc85a55acc8049d5e6024ccbf772f3a226c04b14792ebc9e0a2c79cb,8.661,ok,
g5_dmedium_abaseline_plocal_gshared_pool_seed0,warehouse_random_factorial,carrier,1,28,273.0,273000000,65,176,32,0,0.1935,154,28,273,273000000,28,273,273000000,1,0,0,4573,20186,121797,0,0,SEARCH_CUTOFF,1,1,0,0,-1,273,-1,28,-1,61,11113,61,3360,0,107,6,530,3,3,344,143,50,524,13.7473,92224,147,TASKBR_VACANCY_V1,56102,91,56102,56015,56195,99.6797,0,55758,12550,13055,13055,55761,53050,53047,53047,53047,0,0,0,0,0,0,0,53047,124531,16,BOTTLENECK_TARGET_FRONTIER_CONTINUITY_V2,62.0223,25.1561,103.045,16.0401,107.481,891,6,888,0,2,4,13047,12550,13872,0,0,0,4541.27,3366028,104396,1827.69,35,0,0,,,,,,,,,,,,,,,,,,,,,,,,,,,,,,,,,,,,,,,,,,,,,,8630.57,8630.67,a02240569f0b49ca1faf394179ea72b7c9786b9a5416424e7a4b179476f981a9,8.652,ok,
g5_dmedium_abaseline_plocal_gsingleton_seed0,warehouse_random_factorial,carrier,1,32,274.0,274000000,102,137,34,0,0.2656,214,32,274,274000000,32,274,274000000,1,0,0,20756,71,657,0,0,SEARCH_CUTOFF,2,0,0,0,-1,-1,-1,-1,-1,121,13425,121,2281,0,181,0,489,24,8,1916,902,187,521,20.5195,91696,629,TASKBR_VACANCY_V1,18507,8017,18507,10516,26556,39.5993,0,5917,5524,14420,14420,5947,5925,5895,5895,5895,0,0,0,0,0,0,0,5895,47759,16,BOTTLENECK_TARGET_FRONTIER_CONTINUITY_V2,30.968,4.80311,17.7098,2.98094,20.6665,9448,9434,5566,0,26,273,14119,5524,26222,0,0,0,3644.75,4081808,77146,1189.95,24,0,2,,,,,,,,,,,,,,,,,,,,,,,,,,,,,,,,,,,,,,,,,,,,,,8657.89,8658,758d001e6185207b374d6655f55336492ba571c0d55267d40f2fe235a543f5f8,8.684,ok,
g5_dmedium_abaseline_pmixed_gshared_pool_seed0,warehouse_random_factorial,carrier,1,29,268.0,268000000,94,140,34,1,0.2701,168,29,268,268000000,29,268,268000000,1,0,0,30660,47526,151549,0,0,SEARCH_CUTOFF,1,1,0,0,-1,268,-1,29,-1,86,13272,86,4411,0,154,8,549,13,7,130,42,81,580,18.1939,102080,179,TASKBR_VACANCY_V1,21365,3005,21365,18369,24390,75.3137,0,17213,2809,14084,14084,17223,17207,17203,17203,17203,0,0,0,0,0,0,0,17203,129720,16,BOTTLENECK_TARGET_FRONTIER_CONTINUITY_V2,39.9218,13.59,47.9297,8.46812,21.7782,5014,22,5014,0,24,240,13818,2809,24665,0,0,0,3822.86,4963564,83872,1414.51,22,2,0,,,,,,,,,,,,,,,,,,,,,,,,,,,,,,,,,,,,,,,,,,,,,,8650.66,8650.76,c40d7aa3c7ebacdf76b811a033beebc64956af31d7195976061dcca703041112,8.676,ok,
g5_dmedium_abaseline_pmixed_gsingleton_seed0,warehouse_random_factorial,carrier,1,48,370.0,370000000,172,159,38,2,0.2986,297,48,370,370000000,48,370,370000000,1,0,0,160751,46,583,0,0,SEARCH_CUTOFF,3,0,0,0,-1,-1,-1,-1,-1,102,13320,102,3546,0,358,0,568,154,66,8786,2816,226,441,16.7152,77616,2394,TASKBR_VACANCY_V1,576,281,576,484,1021,47.4045,0,423,144,14904,14904,564,544,498,498,498,0,0,0,0,0,0,0,498,681,16,BOTTLENECK_TARGET_FRONTIER_CONTINUITY_V2,24.3152,0.225389,1.77159,0.276206,3.91185,14839,14831,6433,0,27,269,14606,144,22202,0,0,0,3175.33,3917427,38146,868.126,44,12,4,,,,,,,,,,,,,,,,,,,,,,,,,,,,,,,,,,,,,,,,,,,,,,8648.12,8648.23,aa9fec95dc34d7417c83786525b691204ea5665b2d65f717e421b6e797eb3c7e,8.681,ok,
g5_dmedium_aequal_pcross_heavy_gshared_pool_seed0,warehouse_random_factorial,carrier,1,25,275.0,275000000,92,151,32,0,0.23,135,25,277,277000000,25,275,275000000,1,1,1,872,1324,6974,0,0,STRICT_IMPROVEMENT,3,1,1,1,734,277,275,25,25,236,117,236,3577,0,1031,0,919,71,71,745,21,947,751,38.3311,132176,797,TASKBR_VACANCY_V1,418,136,418,292,562,51.9573,0,389,54,361,361,396,377,377,377,377,0,0,0,0,0,0,0,377,492,16,BOTTLENECK_TARGET_FRONTIER_CONTINUITY_V2,1.08497,0.178848,1.83659,0.271354,1.9235,331,319,210,0,2,2,355,54,2210,0,0,0,656.457,640323,2824,126.707,8,0,2,,,,,,,,,,,,,,,,,,,,,,,,,,,,,,,,,,,,,,,,,,,,,,746.762,746.857,8b93a9945e58118ac25e8cb17861bc0e0a5ffac4a95648e85f1c25bee07744ed,0.759,ok,
g5_dmedium_aequal_pcross_heavy_gsingleton_seed0,warehouse_random_factorial,carrier,1,46,439.0,439000000,204,192,38,1,0.2772,387,46,439,439000000,46,439,439000000,1,0,0,10536,294,1696,0,0,SEARCH_CUTOFF,9,0,0,0,-1,-1,-1,-1,-1,2103,1897,2103,26633,0,8072,0,6693,1708,1436,10927,2353,5742,7255,350.037,1276880,4141,TASKBR_VACANCY_V1,10610,8711,10610,4353,25001,17.4113,1803,1321,2231,4005,4005,2716,2691,2680,2680,2680,0,0,0,0,0,0,0,2680,22937,15,BOTTLENECK_TARGET_FRONTIER_CONTINUITY_V2,12.1782,2.47698,10.4732,1.58014,9.37016,2178,2172,1994,0,6,40,3957,2231,17211,0,0,0,8027.99,26471001,31987,3548.46,25,35,2,,,,,,,,,,,,,,,,,,,,,,,,,,,,,,,,,,,,,,,,,,,,,,8564.96,8565.08,43c4f0d901b274cf516837360ac1ce2cd5d36f82fbd495edf77f947caa3c39bf,8.583,ok,
g5_dmedium_aequal_plocal_gshared_pool_seed0,warehouse_random_factorial,carrier,1,22,259.0,259000000,67,160,32,0,0.1903,110,22,259,259000000,22,259,259000000,1,0,0,20391,33245,167712,0,0,SEARCH_CUTOFF,0,1,0,0,-1,259,-1,22,-1,797,8430,797,7761,0,2373,2,2397,0,0,197,165,2588,2998,135.951,527648,67,TASKBR_VACANCY_V1,25831,5460,25831,20371,31291,65.1018,524,13344,6932,9238,9238,13344,13334,13334,13334,13334,0,0,0,0,0,0,0,13334,82333,16,BOTTLENECK_TARGET_FRONTIER_CONTINUITY_V2,32.1649,9.8447,38.1318,6.29408,40.0014,3058,97,3054,0,0,0,9236,6932,46879,0,0,0,6122.58,6236264,73878,1773.56,9,0,0,,,,,,,,,,,,,,,,,,,,,,,,,,,,,,,,,,,,,,,,,,,,,,8617.52,8617.63,6b39ee79ba4bce8407ac0dfddf1ab5d221594f49e4742de83911f31246114339,8.639,ok,
g5_dmedium_aequal_plocal_gsingleton_seed0,warehouse_random_factorial,carrier,1,42,267.0,267000000,87,140,38,1,0.1295,172,42,267,267000000,42,267,267000000,1,0,0,0,18794,215213,0,0,SEARCH_CUTOFF,0,0,0,0,-1,-1,-1,-1,-1,44,13,44,1666,0,82,0,304,32,18,1536,488,60,286,8.79226,50336,516,TASKBR_VACANCY_V1,348,121,348,274,505,54.2574,0,15840,89,15555,15555,15873,15852,15837,15837,15837,0,0,0,0,0,0,0,15837,239021,16,BOTTLENECK_TARGET_FRONTIER_CONTINUITY_V2,43.7029,13.4036,49.0139,9.21766,30.6909,8178,22,8163,0,59,235,15259,89,242,0,0,0,2721.26,360214,15948,268.21,14,6,71,,,,,,,,,,,,,,,,,,,,,,,,,,,,,,,,,,,,,,,,,,,,,,8629.3,8629.42,ae098e287ae76a53b32026620def7977cd18f156b270cffbb2f86080481d99a3,8.65,ok,
g5_dmedium_aequal_pmixed_gshared_pool_seed0,warehouse_random_factorial,carrier,1,26,268.0,268000000,92,144,32,0,0.2212,136,26,268,268000000,26,268,268000000,1,0,0,41845,9350,28682,0,0,SEARCH_CUTOFF,1,1,0,0,-1,268,-1,26,-1,1199,6605,1199,7471,0,3832,12,3649,9,5,749,4441,4039,3772,199.572,663872,4647,TASKBR_VACANCY_V1,8171,155,8171,8022,8335,96.2448,920,8546,2188,7849,7849,8552,8158,8157,8157,8157,0,0,0,0,0,0,0,8157,86688,16,BOTTLENECK_TARGET_FRONTIER_CONTINUITY_V2,23.7829,6.93095,28.7505,5.00944,15.0727,3157,195,3155,0,19,132,7696,2188,28768,0,0,0,7251.3,6063933,58288,1301.31,1081,0,0,,,,,,,,,,,,,,,,,,,,,,,,,,,,,,,,,,,,,,,,,,,,,,8608.56,8608.67,16b3790fa5c3036713699e653d5ac64e908727f8c8a380b4c4fab7eba3ef6e44,8.631,ok,
g5_dmedium_aequal_pmixed_gsingleton_seed0,warehouse_random_factorial,carrier,1,37,340.0,340000000,174,129,36,1,0.2939,233,41,344,344000000,37,340,340000000,1,0,0,216278,30,508,0,0,SEARCH_CUTOFF,1,0,0,0,-1,-1,-1,-1,-1,311,12365,311,4646,0,701,0,769,95,55,4434,4466,717,915,48.1312,161040,2125,TASKBR_VACANCY_V1,375,205,375,288,668,43.1138,20,309,106,12793,12793,402,371,363,363,363,0,0,0,0,0,0,0,363,630,16,BOTTLENECK_TARGET_FRONTIER_CONTINUITY_V2,25.5303,0.18767,1.47159,0.197591,2.04082,12744,12738,4702,0,27,198,12566,106,37147,0,0,0,4328.4,11448318,82724,2042.88,35,15,0,,,,,,,,,,,,,,,,,,,,,,,,,,,,,,,,,,,,,,,,,,,,,,8635.93,8636.04,51d57e8fc3c6ef4788bab8c3eea716be78d132aaad8f4da572f0b4fe339c7ed2,8.672,ok,
g5_dmedium_ascarce_pcross_heavy_gshared_pool_seed0,warehouse_random_factorial,carrier,1,44,321.0,321000000,92,197,32,0,0.2614,231,44,321,321000000,44,321,321000000,1,0,0,22165,264,1398,0,0,SEARCH_CUTOFF,9,1,0,0,-1,321,-1,44,-1,138,14175,138,6071,0,160,4,1049,18,18,2660,22,89,821,27.3358,144496,2607,TASKBR_VACANCY_V1,30137,3149,30137,27013,33303,81.1128,0,22911,6799,15180,15180,22932,22912,22891,22891,22891,0,0,0,0,0,0,0,22891,78782,16,BOTTLENECK_TARGET_FRONTIER_CONTINUITY_V2,38.5406,12.1287,45.457,8.64774,25.2716,6113,35,6119,0,3,26,15149,6799,27694,0,0,0,3670.51,3266009,103322,1149.23,20,0,0,,,,,,,,,,,,,,,,,,,,,,,,,,,,,,,,,,,,,,,,,,,,,,8677.12,8677.22,0f53b35359df77551b3e99342fa96ada5babd8784028dce26516ba4c2894b128,8.699,ok,
g5_dmedium_ascarce_pcross_heavy_gsingleton_seed0,warehouse_random_factorial,carrier,1,75,535.0,535000000,207,290,34,0,0.345,728,75,535,535000000,75,535,535000000,1,0,0,25922,73,647,0,0,SEARCH_CUTOFF,30,0,0,0,-1,-1,-1,-1,-1,155,13827,155,10024,0,390,0,1505,340,110,1370,728,217,1218,31.658,214368,516,TASKBR_VACANCY_V1,1330,405,1330,1275,2087,61.0925,0,1090,224,15301,15301,1324,1305,1081,1081,1081,0,0,0,0,0,0,0,1081,1132,15,BOTTLENECK_TARGET_FRONTIER_CONTINUITY_V2,24.7064,0.4905,4.13289,0.748372,7.58337,15190,15152,7080,0,27,272,15000,224,22056,0,0,0,3574.63,3018954,26713,611.427,62,0,6,,,,,,,,,,,,,,,,,,,,,,,,,,,,,,,,,,,,,,,,,,,,,,8665.7,8665.81,29c41a8e64a42d2aa5eed3d39755f6376dda89164ce768f2725574fa7a28987e,8.689,ok,
g5_dmedium_ascarce_plocal_gshared_pool_seed0,warehouse_random_factorial,carrier,1,36,259.0,259000000,72,155,32,0,0.25,176,40,266,266000000,36,259,259000000,1,1,1,0,10,89,0,0,STRICT_IMPROVEMENT,3,1,1,1,417,266,259,40,36,62,10,62,3743,0,88,2,564,6,2,432,50,39,572,14.6605,100672,91,TASKBR_VACANCY_V1,598,88,598,514,698,73.639,0,714,103,89,89,716,703,702,702,702,0,0,0,0,0,0,0,702,746,16,BOTTLENECK_TARGET_FRONTIER_CONTINUITY_V2,0.645671,0.300022,2.96327,0.530364,3.90784,37,9,35,0,6,0,81,103,169,0,0,0,365.987,197195,624,31.5585,26,0,0,,,,,,,,,,,,,,,,,,,,,,,,,,,,,,,,,,,,,,,,,,,,,,426.324,426.416,67b43a1a1d9c0329b6ae06ae0ec9bb8931ed895ba263daaa2d07bedfb2dd283d,0.438,ok,
g5_dmedium_ascarce_plocal_gsingleton_seed0,warehouse_random_factorial,carrier,1,59,361.0,361000000,110,216,34,0,0.2331,411,59,361,361000000,59,361,361000000,1,0,0,18670,80,624,0,0,SEARCH_CUTOFF,39,0,0,0,-1,-1,-1,-1,-1,94,9086,94,3769,0,110,0,823,72,10,2854,1382,130,591,17.673,104016,644,TASKBR_VACANCY_V1,8547,7875,8547,735,16492,4.45671,0,2283,1470,16461,16461,2313,2297,2267,2267,2267,0,0,0,0,0,0,0,2267,10502,16,BOTTLENECK_TARGET_FRONTIER_CONTINUITY_V2,28.4606,1.07475,6.84502,1.35465,10.2599,15091,15059,6645,0,35,318,16106,1470,9317,0,0,0,2787.43,1240089,17207,338.866,33,0,70,,,,,,,,,,,,,,,,,,,,,,,,,,,,,,,,,,,,,,,,,,,,,,8638.72,8638.83,420b3c52bf57aae687b567093eb0c8d2aa151e3499b973e4d8a9cee75f4af2df,8.662,ok,
g5_dmedium_ascarce_pmixed_gshared_pool_seed0,warehouse_random_factorial,carrier,1,40,264.0,264000000,81,151,32,0,0.2531,189,40,264,264000000,40,264,264000000,1,0,0,19659,37602,77592,0,0,SEARCH_CUTOFF,14,1,0,0,-1,264,-1,40,-1,70,12764,70,4875,0,117,14,645,14,9,159,23,43,562,15.4038,98912,237,TASKBR_VACANCY_V1,26209,116,26209,26102,26344,99.0814,0,28065,2610,15006,15006,28074,28062,28053,28053,28053,0,0,0,0,0,0,0,28053,88250,16,BOTTLENECK_TARGET_FRONTIER_CONTINUITY_V2,41.6275,14.4196,51.6278,9.10987,50.0144,5563,14,5566,0,27,252,14725,2610,16363,0,0,0,3687.29,6278022,98408,1440.43,17,0,0,,,,,,,,,,,,,,,,,,,,,,,,,,,,,,,,,,,,,,,,,,,,,,8644.74,8644.85,2592963abd5c7ab37d24bff04702a89caa55c54b4a9121426b30d4bc89c95790,8.667,ok,
g5_dmedium_ascarce_pmixed_gsingleton_seed0,warehouse_random_factorial,carrier,1,64,444.0,444000000,173,235,36,2,0.3379,560,64,444,444000000,64,444,444000000,1,0,0,7596,25815,70413,0,0,SEARCH_CUTOFF,17,0,0,0,-1,-1,-1,-1,-1,134,13968,134,4964,0,369,0,1212,244,86,1994,658,192,795,24.7575,139920,772,TASKBR_VACANCY_V1,22578,3198,22578,19660,26007,75.595,0,18969,4905,15263,15263,19177,19163,18959,18959,18959,0,0,0,0,0,0,0,18959,86808,16,BOTTLENECK_TARGET_FRONTIER_CONTINUITY_V2,36.4554,10.1963,39.3765,7.39219,16.2952,6953,12,6975,0,23,215,15023,4905,21803,0,0,0,3569.17,1990342,77381,793.017,976,0,5,,,,,,,,,,,,,,,,,,,,,,,,,,,,,,,,,,,,,,,,,,,,,,8660.66,8660.77,e28679a07df27385d8aa0d9cc8a198743abce008bc97fdfe2ec9cf51e796cb03,8.683,ok,
g5_dmedium_asurplus_pcross_heavy_gshared_pool_seed0,warehouse_random_factorial,carrier,1,22,224.0,224000000,92,100,32,0,0.1742,117,22,224,224000000,22,224,224000000,1,0,0,201510,234,2593,0,0,SEARCH_CUTOFF,0,1,0,0,-1,224,-1,22,-1,281,11985,281,2634,0,513,0,796,26,26,539,13,550,928,46.0572,163328,568,TASKBR_VACANCY_V1,9393,3417,9393,6012,12834,46.8443,6,3136,2767,12432,12432,3161,3000,3000,3000,3000,0,0,0,0,0,0,0,3000,56581,16,BOTTLENECK_TARGET_FRONTIER_CONTINUITY_V2,32.6333,2.97872,14.8146,2.33993,18.3896,9683,9677,5865,0,17,164,12249,2767,36558,0,0,0,4319.39,10922808,93646,1987.55,3,3,0,,,,,,,,,,,,,,,,,,,,,,,,,,,,,,,,,,,,,,,,,,,,,,8639.85,8639.99,ad8d4dbea6c71d4bcf7a94b18df9218cfdba01d0f16a30a0261ac4ab7ac34ae4,8.672,ok,
g5_dmedium_asurplus_pcross_heavy_gsingleton_seed0,warehouse_random_factorial,carrier,1,42,380.0,380000000,203,131,40,1,0.2014,249,43,376,376000000,42,380,380000000,1,1,1,182,71,1502,0,0,STRICT_IMPROVEMENT,8,0,0,0,-1,-1,-1,-1,-1,158,25,158,5442,0,451,0,642,179,108,480,613,327,873,27.7402,153648,436,TASKBR_VACANCY_V1,598,388,598,406,1199,33.8616,0,361,184,191,191,549,515,515,515,515,0,0,0,0,0,0,0,515,3426,15,BOTTLENECK_TARGET_FRONTIER_CONTINUITY_V2,1.01378,0.385641,2.38849,0.313737,3.95379,55,44,47,0,2,36,151,184,734,0,0,0,594.341,1132517,1332,158.646,28,94,0,,,,,,,,,,,,,,,,,,,,,,,,,,,,,,,,,,,,,,,,,,,,,,670.634,670.75,faca9217892e0d3f9ae552caecbe0f95ca2334cb77f2498ad12f64969b36d383,0.683,ok,
g5_dmedium_asurplus_plocal_gshared_pool_seed0,warehouse_random_factorial,carrier,1,19,222.0,222000000,67,123,32,0,0.1469,98,19,222,222000000,19,222,222000000,1,0,0,7613,11187,79137,0,0,SEARCH_CUTOFF,0,1,0,0,-1,222,-1,19,-1,1348,1497,1348,12016,0,2690,4,4849,0,0,970,463,3049,3652,220.577,642752,833,TASKBR_VACANCY_V1,6993,1818,6993,5175,8811,58.7334,1077,4227,1135,2854,2854,4227,4215,4215,4215,4215,0,0,0,0,0,0,0,4215,48854,16,BOTTLENECK_TARGET_FRONTIER_CONTINUITY_V2,12.4829,4.10621,19.5716,2.86327,11.781,813,3,810,0,0,0,2852,1135,16540,0,0,0,8087.88,896462,22804,408.98,7,0,0,,,,,,,,,,,,,,,,,,,,,,,,,,,,,,,,,,,,,,,,,,,,,,8543.19,8543.28,34f2148332d89944283816e5b0dac2b812d5641dd9f1f7b64013c5bcf751b9af,8.559,ok,
g5_dmedium_asurplus_plocal_gsingleton_seed0,warehouse_random_factorial,carrier,1,43,233.0,233000000,96,102,34,0,0.093,190,43,233,233000000,43,233,233000000,1,0,0,9382,64,1376,0,0,SEARCH_CUTOFF,0,0,0,0,-1,-1,-1,-1,-1,72,7395,72,1613,0,100,0,335,28,14,3326,1188,88,309,12.7218,54384,1206,TASKBR_VACANCY_V1,1255,1026,1255,281,2303,12.2015,0,1349,1134,14433,14433,1382,1361,1361,1361,1361,0,0,0,0,0,0,0,1361,26039,16,BOTTLENECK_TARGET_FRONTIER_CONTINUITY_V2,36.3938,1.20567,6.48963,1.04488,13.8985,13329,13323,6803,0,69,255,14107,1134,7638,0,0,0,2930.58,776280,14828,333.6,0,21,109,,,,,,,,,,,,,,,,,,,,,,,,,,,,,,,,,,,,,,,,,,,,,,8626.19,8626.32,3df5a3baaa062e1a627537489babaa8e66b1080ff8c99f5efa73a85e89a34829,8.651,ok,
g5_dmedium_asurplus_pmixed_gshared_pool_seed0,warehouse_random_factorial,carrier,1,24,230.0,230000000,91,107,32,0,0.158,110,26,230,230000000,24,230,230000000,1,1,1,0,6,149,0,0,STRICT_IMPROVEMENT,2,1,1,1,234,230,230,26,24,42,10,42,1808,0,144,1,247,8,4,168,35,54,247,8.30703,43472,171,TASKBR_VACANCY_V1,285,131,285,157,431,36.4269,0,291,75,62,62,296,281,281,281,281,0,0,0,0,0,0,0,281,575,16,BOTTLENECK_TARGET_FRONTIER_CONTINUITY_V2,0.412316,0.189047,2.09912,0.196867,2.64116,36,30,20,0,14,3,43,75,232,0,0,0,186.978,265161,328,41.5877,20,1,0,,,,,,,,,,,,,,,,,,,,,,,,,,,,,,,,,,,,,,,,,,,,,,241.845,241.93,ebb7556404889c7e0f51a3fed184d999343a8344568d6bc89e9808c675f9da7f,0.254,ok,
g5_dmedium_asurplus_pmixed_gsingleton_seed0,warehouse_random_factorial,carrier,1,44,314.0,314000000,172,105,36,1,0.1629,231,44,316,316000000,44,314,314000000,1,1,1,0,43,1046,1,1,REFERENCE_SUFFIX_ACCEPTED,1,0,0,0,-1,-1,-1,-1,-1,84,18,84,2600,0,305,0,399,104,74,2806,846,179,389,13.7003,68464,1022,TASKBR_VACANCY_V1,437,267,437,302,838,36.0382,0,258,89,107,107,386,367,367,367,367,0,0,0,0,0,0,0,367,1760,16,BOTTLENECK_TARGET_FRONTIER_CONTINUITY_V2,0.617774,0.264935,1.87482,0.229939,8.59668,40,36,36,0,5,26,74,89,441,0,0,0,392.538,639341,614,89.9428,15,67,0,,,,,,,,,,,,,,,,,,,,,,,,,,,,,,,,,,,,,,,,,,,,,,458.859,458.977,89273641f9a2777b19574beee85e14839c7ed75cf6185ab2b37cb06c8438fa3a,0.471,ok,
g6_dhigh_abaseline_pcross_heavy_gshared_pool_seed0,warehouse_random_factorial,carrier,1,56,554.0,554000000,135,351,60,5,0.2009,503,66,582,582000000,56,554,554000000,1,1,1,0,21,272,0,0,STRICT_IMPROVEMENT,11,1,1,1,1050,582,554,66,56,98,20,98,13630,0,360,18,1182,253,124,4526,988,74,2665,61.2426,455715,2089,TASKBR_VACANCY_V1,1114,274,1114,1173,1760,66.6477,0,1059,340,148,148,1246,1218,1126,1126,1126,0,0,0,4,0,0,0,1126,1800,18,BOTTLENECK_TARGET_FRONTIER_CONTINUITY_V2,1.20717,0.544644,5.01438,0.840301,7.32975,31,4,36,0,9,1,136,340,339,0,0,0,955.464,456880,994,77.1078,114,2,0,,,,,,,,,,,,,,,,,,,,,,,,,,,,,,,,,,,,,,,,,,,,,,1077.27,1077.42,e2a5ecc089fc43eece47a960e90ccb8886c89c57376220b1e94c516bd4182faf,1.094,ok,
g6_dhigh_abaseline_pcross_heavy_gsingleton_seed0,warehouse_random_factorial,carrier,1,194,1159.0,1159000000,424,588,104,13,0.1821,1363,194,1159,1159000000,194,1159,1159000000,1,0,0,6665,207,2635,0,0,SEARCH_CUTOFF,54,0,0,0,-1,-1,-1,-1,-1,290,4714,290,19442,6,924,0,2403,960,228,9392,3492,644,6089,144.343,1041219,4854,TASKBR_VACANCY_V1,1890,863,1890,2052,3852,53.271,0,1469,590,9603,9603,2054,2037,1776,1776,1776,0,0,0,0,0,0,0,1776,3424,18,BOTTLENECK_TARGET_FRONTIER_CONTINUITY_V2,23.4085,0.939298,7.43232,1.14659,7.86564,9317,9231,5585,0,83,286,9232,590,5607,0,0,0,5511.23,4615595,12161,765.537,198,18,998,,,,,,,,,,,,,,,,,,,,,,,,,,,,,,,,,,,,,,,,,,,,,,8619.22,8619.42,65de2ac84ae929e469ac8682fa4384ab5c9209d9b73dd845c32d856fd8adafd9,8.654,ok,
g6_dhigh_abaseline_plocal_gshared_pool_seed0,warehouse_random_factorial,carrier,1,39,379.0,379000000,115,226,37,0,0.2457,317,39,380,380000000,39,379,379000000,1,1,1,31,38,491,0,0,STRICT_IMPROVEMENT,4,1,1,1,798,380,379,39,39,73,24,73,7238,0,171,0,742,59,0,881,370,84,1083,34.338,185193,571,TASKBR_VACANCY_V1,799,154,799,718,1022,70.2544,0,788,116,112,112,824,800,791,791,791,0,0,0,0,0,0,0,791,1054,18,BOTTLENECK_TARGET_FRONTIER_CONTINUITY_V2,0.873713,0.385098,4.05867,0.584203,6.71387,41,21,26,0,4,10,96,116,309,0,0,0,718.303,366213,717,62.9545,30,3,0,,,,,,,,,,,,,,,,,,,,,,,,,,,,,,,,,,,,,,,,,,,,,,818.569,818.724,0d525d77d421837e967e94e059c74eba7d9325af18ba9e6e9f7bade6da850ca0,0.834,ok,
g6_dhigh_abaseline_plocal_gsingleton_seed0,warehouse_random_factorial,carrier,1,1008,1616.0,1616000000,309,1228,64,5,0.0255,5412,3016,3648,3648000000,1008,1616,1616000000,1,1,1,405,10,130,0,0,STRICT_IMPROVEMENT,37,0,0,0,-1,-1,-1,-1,-1,347,4076,347,11636,0,721,0,1392,352,170,13698,3894,353,1511,106.711,258381,4086,TASKBR_VACANCY_V1,1777,1071,1777,1063,3226,32.951,0,7823,1975,12521,12521,8097,7938,7799,7799,7799,0,0,0,0,0,0,0,7799,82315,18,BOTTLENECK_TARGET_FRONTIER_CONTINUITY_V2,32.1441,5.45454,27.227,4.87197,34.8207,10891,4301,10794,0,12011,343,165,1975,4823,0,0,0,5137.38,3932429,13658,654.392,195,21,207,,,,,,,,,,,,,,,,,,,,,,,,,,,,,,,,,,,,,,,,,,,,,,8723.53,8723.86,0dc7bff7e6d70ccb6d16fda906fcf8ea1eda9b9836c46e6a9a05e3bfd0733739,8.789,ok,
g6_dhigh_abaseline_pmixed_gshared_pool_seed0,warehouse_random_factorial,carrier,1,42,395.0,395000000,131,228,36,0,0.2599,364,42,395,395000000,42,395,395000000,1,0,0,49603,23,298,0,0,SEARCH_CUTOFF,11,1,0,0,-1,395,-1,42,-1,2454,2222,2454,26373,0,7290,32,5109,628,215,39264,9242,7988,7737,726.459,1323027,8884,TASKBR_VACANCY_V1,7120,3157,7120,4469,10813,41.3299,2159,2720,2610,4698,4698,3245,3226,3198,3198,3198,0,0,0,2,0,0,0,3198,16688,18,BOTTLENECK_TARGET_FRONTIER_CONTINUITY_V2,15.1796,2.74183,11.4136,1.90298,12.0433,2686,2669,1633,0,6,73,4617,2610,17299,0,0,0,7189.57,8364763,37160,1690.57,61,0,6,,,,,,,,,,,,,,,,,,,,,,,,,,,,,,,,,,,,,,,,,,,,,,8585.52,8585.68,90adebff207fddd1ea04e1233ffb72fcbebf2ab607869f2a5d8d6f1a27f25b28,8.611,ok,
g6_dhigh_abaseline_pmixed_gsingleton_seed0,warehouse_random_factorial,carrier,1,742,2418.0,2418000000,1432,860,112,17,0.1608,6756,1304,3942,3942000000,742,2418,2418000000,1,1,1,0,24,299,1,1,REFERENCE_SUFFIX_ACCEPTED,908,0,0,0,-1,-1,-1,-1,-1,203,4550,203,9230,1,730,0,1420,420,215,10810,2822,513,1631,73.5079,278901,3008,TASKBR_VACANCY_V1,14737,480,14737,23628,24574,96.1504,0,3541,389,4946,4946,12805,10319,10134,10134,10134,0,0,0,0,0,0,0,10134,39099,18,BOTTLENECK_TARGET_FRONTIER_CONTINUITY_V2,18.9926,5.45129,28.6527,4.15756,31.8958,4725,108,4728,0,194,1563,3187,389,9734,0,0,0,6801.36,30139699,38287,3680.74,108,5921,9621,,,,,,,,,,,,,,,,,,,,,,,,,,,,,,,,,,,,,,,,,,,,,,8448.12,8448.32,75dac0529cf1477ef9c472a76ea0f24302c848cc31f4e2453ac78b1cccb911bb,8.5,ok,
g6_dhigh_aequal_pcross_heavy_gshared_pool_seed0,warehouse_random_factorial,carrier,1,61,581.0,581000000,142,366,62,6,0.1293,469,61,581,581000000,61,581,581000000,1,0,0,1260,14405,182237,0,0,SEARCH_CUTOFF,17,1,0,0,-1,581,-1,61,-1,84,16,84,12747,0,374,14,839,151,64,3422,993,100,2739,56.7304,468369,1413,TASKBR_VACANCY_V1,830,243,830,790,1279,61.767,0,11667,4627,11012,11012,11807,11791,11775,11775,11775,0,0,0,0,0,0,0,11775,190377,18,BOTTLENECK_TARGET_FRONTIER_CONTINUITY_V2,39.2362,11.8421,49.2336,7.87335,32.4021,4769,3,4150,0,27,212,10771,4627,352,0,0,0,4404.58,479470,11790,333.58,2294,5,0,,,,,,,,,,,,,,,,,,,,,,,,,,,,,,,,,,,,,,,,,,,,,,8608.86,8609.02,6ee9f2b9c6d7fca4990261f930821d76c28d037010c9184c31e56035d49c5cb0,8.647,ok,
g6_dhigh_aequal_pcross_heavy_gsingleton_seed0,warehouse_random_factorial,carrier,1,136,985.0,985000000,406,432,106,14,0.1658,1076,136,985,985000000,136,985,985000000,1,0,0,1311,152,2729,0,0,SEARCH_CUTOFF,31,0,0,0,-1,-1,-1,-1,-1,215,6983,215,13215,6,777,0,1525,664,208,6022,2918,413,3889,99.2073,665019,4468,TASKBR_VACANCY_V1,7044,6510,7044,1271,14390,8.83252,0,1932,1620,9418,9418,2305,2277,2277,2277,2277,0,0,0,4,0,0,0,2277,23582,18,BOTTLENECK_TARGET_FRONTIER_CONTINUITY_V2,26.2169,1.91803,9.95934,1.59175,14.0279,8108,8072,4646,0,65,242,9109,1620,7862,0,0,0,5335.93,4865127,11303,842.932,175,83,649,,,,,,,,,,,,,,,,,,,,,,,,,,,,,,,,,,,,,,,,,,,,,,8619.41,8619.67,098a331c95db8e9a36bcb596b16856854bc9aef59b2dac416ede2de4ef620070,8.656,ok,
g6_dhigh_aequal_plocal_gshared_pool_seed0,warehouse_random_factorial,carrier,1,27,348.0,348000000,115,194,38,0,0.2366,229,27,348,348000000,27,348,348000000,1,0,0,74307,48235,85237,0,0,SEARCH_CUTOFF,2,1,0,0,-1,348,-1,27,-1,2741,1628,2741,11765,0,11624,0,3440,18,0,17492,6164,14364,6640,780.839,1135440,6490,TASKBR_VACANCY_V1,1867,172,1867,1715,2056,83.4144,2461,1290,751,4376,4376,1315,1142,1122,1122,1122,0,0,0,0,0,0,0,1122,9329,18,BOTTLENECK_TARGET_FRONTIER_CONTINUITY_V2,13.6407,0.983743,5.86425,0.817234,7.62157,3681,3667,2251,0,5,56,4313,751,21204,0,0,0,7422.1,6003733,34958,1436.71,27,0,0,,,,,,,,,,,,,,,,,,,,,,,,,,,,,,,,,,,,,,,,,,,,,,8587.82,8587.98,4e51a0a105f7f6fa6a58da6e9bfed9e5c20b76b1a61769860c1fc0dbd6e02bc1,8.615,ok,
g6_dhigh_aequal_plocal_gsingleton_seed0,warehouse_random_factorial,carrier,1,494,1123.0,1123000000,389,647,68,7,0.0437,1444,561,1195,1195000000,494,1123,1123000000,1,0,0,14155,35,665,0,0,SEARCH_CUTOFF,18,0,0,0,-1,-1,-1,-1,-1,278,6110,278,8432,0,691,0,1039,283,146,10698,2879,361,1162,84.8215,198702,2874,TASKBR_VACANCY_V1,1232,741,1232,768,2323,33.0607,0,2673,1369,10494,10494,2895,2844,2820,2820,2820,0,0,0,3,0,0,0,2820,36345,18,BOTTLENECK_TARGET_FRONTIER_CONTINUITY_V2,28.5805,2.1705,12.1048,2.07732,17.6279,9259,8236,6226,0,2004,185,8303,1369,6841,0,0,0,5073.37,3777062,11478,728.1,91,65,2127,,,,,,,,,,,,,,,,,,,,,,,,,,,,,,,,,,,,,,,,,,,,,,8683.66,8683.99,9b263695bd4892174f55db023d2062f570fa9c7fba7ea76d07607507d668d5f5,8.743,ok,
g6_dhigh_aequal_pmixed_gshared_pool_seed0,warehouse_random_factorial,carrier,1,30,344.0,344000000,129,179,36,0,0.2389,274,30,344,344000000,30,344,344000000,1,0,0,201482,8057,19609,0,0,SEARCH_CUTOFF,1,1,0,0,-1,344,-1,30,-1,2906,1593,2906,13479,0,14750,0,3056,722,720,6337,4680,17934,8280,861.064,1415880,3370,TASKBR_VACANCY_V1,1508,177,1508,1333,1700,78.4118,2623,1976,783,4506,4506,1976,1187,1187,1187,1187,0,0,0,0,0,0,0,1187,8883,18,BOTTLENECK_TARGET_FRONTIER_CONTINUITY_V2,15.1966,1.33049,6.28573,0.919007,7.76914,3738,3730,2322,0,5,26,4473,783,25167,0,0,0,6927.29,8732968,36001,1882.26,0,0,18,,,,,,,,,,,,,,,,,,,,,,,,,,,,,,,,,,,,,,,,,,,,,,8600.57,8600.71,59a2020fac76c7f7957c6f36df34acdaf5212a77b971ffe4dfb7094e53586dad,8.636,ok,
g6_dhigh_aequal_pmixed_gsingleton_seed0,warehouse_random_factorial,carrier,1,292,949.0,949000000,399,463,70,4,0.0759,1251,367,1051,1051000000,292,949,949000000,1,1,1,0,73,1368,1,1,REFERENCE_SUFFIX_ACCEPTED,23,0,0,0,-1,-1,-1,-1,-1,215,311,215,7744,2,667,0,972,178,107,4048,1034,617,1197,69.5732,204687,934,TASKBR_VACANCY_V1,1093,491,1093,830,1847,44.9377,0,1028,363,929,929,1094,1037,1032,1032,1032,0,0,0,0,0,0,0,1032,7187,18,BOTTLENECK_TARGET_FRONTIER_CONTINUITY_V2,3.18135,0.670893,4.81628,0.85499,6.89723,673,384,683,0,634,164,129,363,1108,0,0,0,1771.44,2997249,3772,395.099,71,3,1047,,,,,,,,,,,,,,,,,,,,,,,,,,,,,,,,,,,,,,,,,,,,,,2262.39,2262.62,669a49ab458a13b8f606afb570a4a7a83f057a51a0a1367500b59ee822a527a3,2.29,ok,
g6_dhigh_ascarce_pcross_heavy_gshared_pool_seed0,warehouse_random_factorial,carrier,1,63,550.0,550000000,147,333,58,4,0.2593,562,75,560,560000000,63,550,550000000,1,1,1,0,6,59,0,0,STRICT_IMPROVEMENT,19,1,1,1,1237,560,550,75,63,109,19,109,15419,0,622,25,1449,278,138,3060,1261,77,3293,70.998,563103,1866,TASKBR_VACANCY_V1,1352,274,1352,1464,2027,72.225,0,1381,285,161,161,1581,1554,1403,1403,1403,0,0,0,4,0,0,0,1403,1665,18,BOTTLENECK_TARGET_FRONTIER_CONTINUITY_V2,1.27952,0.650001,5.883,1.13382,10.6304,43,6,55,0,2,6,151,285,347,0,0,0,1137.69,472416,1188,79.9057,68,0,0,,,,,,,,,,,,,,,,,,,,,,,,,,,,,,,,,,,,,,,,,,,,,,1267.89,1268.06,1774373066203707dc415be2cf2fffb0aeaa68fa141b3a38cd4afb800961019d,1.285,ok,
g6_dhigh_ascarce_pcross_heavy_gsingleton_seed0,warehouse_random_factorial,carrier,1,198,1061.0,1061000000,399,521,103,13,0.2239,1339,198,1063,1063000000,198,1061,1061000000,1,1,1,2,206,2034,0,0,STRICT_IMPROVEMENT,46,0,0,0,-1,-1,-1,-1,-1,278,26,278,23685,4,877,0,2863,942,230,13250,3932,469,7162,154.81,1224702,4850,TASKBR_VACANCY_V1,2308,804,2308,2454,4177,58.7503,0,2070,513,436,436,2601,2580,2234,2234,2234,0,0,0,2,0,0,0,2234,3522,18,BOTTLENECK_TARGET_FRONTIER_CONTINUITY_V2,2.55291,1.03133,8.38094,1.54949,9.21981,130,12,199,0,18,29,387,513,846,0,0,0,2545.39,2747668,3194,369.14,134,19,780,,,,,,,,,,,,,,,,,,,,,,,,,,,,,,,,,,,,,,,,,,,,,,2824.29,2824.47,8f718a1ab3b08050d67664405a657084cf31e0ac41944b28e084a17e7ba2aa69,2.849,ok,
g6_dhigh_ascarce_plocal_gshared_pool_seed0,warehouse_random_factorial,carrier,1,56,431.0,431000000,115,277,38,0,0.2282,392,56,431,431000000,56,431,431000000,1,0,0,3891,17715,64164,0,0,SEARCH_CUTOFF,21,1,0,0,-1,431,-1,56,-1,92,4680,92,5520,0,167,0,1074,72,4,2308,478,78,1058,41.6526,180918,1944,TASKBR_VACANCY_V1,10451,136,10451,10399,10664,97.515,0,23487,2696,11268,11268,23524,23504,23467,23467,23467,0,0,0,0,0,0,0,23467,90863,18,BOTTLENECK_TARGET_FRONTIER_CONTINUITY_V2,43.6647,14.0554,55.2766,8.53205,62.7979,3794,6,3797,0,20,177,11069,2696,4918,0,0,0,4707.01,1222533,41864,762.494,1309,0,0,,,,,,,,,,,,,,,,,,,,,,,,,,,,,,,,,,,,,,,,,,,,,,8613.39,8613.56,955434a594939a88e806a07b150521e925f3fe4a8fd54c910db4a9df9e720c76,8.641,ok,
g6_dhigh_ascarce_plocal_gsingleton_seed0,warehouse_random_factorial,carrier,1,380,942.0,942000000,394,466,64,6,0.1152,1536,470,1038,1038000000,380,942,942000000,1,1,1,2,61,600,1,1,REFERENCE_SUFFIX_ACCEPTED,33,0,0,0,-1,-1,-1,-1,-1,277,414,277,11020,2,767,0,1673,476,198,24154,6804,317,1315,87.3152,224865,7043,TASKBR_VACANCY_V1,1562,744,1562,1311,2799,46.8382,0,1710,414,1310,1310,2010,1977,1713,1713,1713,0,0,0,5,0,0,0,1713,5582,18,BOTTLENECK_TARGET_FRONTIER_CONTINUITY_V2,3.71117,0.917425,7.52241,1.37256,19.6738,1036,549,1064,0,1067,70,171,414,1043,0,0,0,2309.19,1755079,2604,239.549,70,4,281,,,,,,,,,,,,,,,,,,,,,,,,,,,,,,,,,,,,,,,,,,,,,,2933.99,2934.19,71cc38a70610b0b66d60f5cf0959c1a0b5abbe25b78e4b2120cf4f8c5ea358d8,2.968,ok,
g6_dhigh_ascarce_pmixed_gshared_pool_seed0,warehouse_random_factorial,carrier,1,52,390.0,390000000,129,225,36,0,0.2756,409,57,404,404000000,52,390,390000000,1,1,1,0,14,139,0,0,STRICT_IMPROVEMENT,11,1,1,1,891,404,390,57,52,101,12,101,12318,0,299,23,937,27,12,15960,3524,85,1087,42.2759,185877,3732,TASKBR_VACANCY_V1,955,178,955,797,1154,69.0641,0,955,159,123,123,969,954,940,940,940,0,0,0,0,0,0,0,940,1033,18,BOTTLENECK_TARGET_FRONTIER_CONTINUITY_V2,0.925288,0.421611,4.52888,0.825335,7.49193,51,17,55,0,3,10,108,159,289,0,0,0,804.3,507374,847,77.1668,44,0,2,,,,,,,,,,,,,,,,,,,,,,,,,,,,,,,,,,,,,,,,,,,,,,916.509,916.649,11224ae08d6677c6e7a6c266eb9042feb52f3087e3ff5a8ce65da1994251c7c9,0.932,ok,
g6_dhigh_ascarce_pmixed_gsingleton_seed0,warehouse_random_factorial,carrier,1,187,834.0,834000000,384,357,81,11,0.2282,1200,197,853,853000000,187,834,834000000,1,1,1,8,190,1870,0,0,STRICT_IMPROVEMENT,70,0,0,0,-1,-1,-1,-1,-1,247,56,247,13298,4,690,0,1646,253,162,8956,1754,435,1558,88.3297,266418,2193,TASKBR_VACANCY_V1,1548,457,1548,1353,2239,60.4288,0,1516,318,459,459,1762,1685,1520,1520,1520,0,0,0,0,0,0,0,1520,3133,18,BOTTLENECK_TARGET_FRONTIER_CONTINUITY_V2,2.15919,0.796931,6.9523,1.25905,13.8066,225,95,247,0,76,114,267,318,868,0,0,0,2262.55,1763076,2225,248.12,63,20,247,,,,,,,,,,,,,,,,,,,,,,,,,,,,,,,,,,,,,,,,,,,,,,2552.92,2553.08,2b69d9bc8b65984018030aba85bc58c12f26ce92d789313f1fae88d202bdc56b,2.576,ok,
g6_dhigh_asurplus_pcross_heavy_gshared_pool_seed0,warehouse_random_factorial,carrier,1,45,493.0,493000000,144,274,64,8,0.1185,428,45,493,493000000,45,493,493000000,1,0,0,13568,20,559,0,0,SEARCH_CUTOFF,9,1,0,0,-1,493,-1,45,-1,83,7659,83,12390,0,237,2,710,138,45,3052,1335,98,2347,50.7673,401337,1598,TASKBR_VACANCY_V1,21116,5061,21116,18676,36909,50.6001,0,13138,5530,10158,10158,15246,15207,15207,15207,15207,0,0,0,2,0,0,0,15207,305079,18,BOTTLENECK_TARGET_FRONTIER_CONTINUITY_V2,48.9423,16.5098,81.8811,12.1396,74.3061,4221,4,4222,0,23,226,9907,5530,10600,0,0,0,4553.42,705875,41631,707.844,927,13,0,,,,,,,,,,,,,,,,,,,,,,,,,,,,,,,,,,,,,,,,,,,,,,8607.8,8607.95,547eb49762562c31f2e07ca9cbaa248a2353fc37d2386a82bace4a384d989d86,8.638,ok,
g6_dhigh_asurplus_pcross_heavy_gsingleton_seed0,warehouse_random_factorial,carrier,1,170,910.0,910000000,419,363,96,9,0.0913,1061,174,914,914000000,170,910,910000000,1,0,0,11654,177,4882,0,0,SEARCH_CUTOFF,19,0,0,0,-1,-1,-1,-1,-1,240,7765,240,11988,2,810,0,1307,462,144,6738,2902,636,2509,95.3203,429039,2914,TASKBR_VACANCY_V1,1032,492,1032,1004,2029,49.4825,0,641,338,9388,9388,937,918,918,918,918,0,0,0,0,0,0,0,918,6945,18,BOTTLENECK_TARGET_FRONTIER_CONTINUITY_V2,32.1203,0.806391,5.79564,0.801968,7.41012,9170,9116,4492,0,122,226,9038,338,8659,0,0,0,5251.73,3947933,11359,758.404,99,90,755,,,,,,,,,,,,,,,,,,,,,,,,,,,,,,,,,,,,,,,,,,,,,,8616.47,8616.69,7ec352da69ee0be7ebfeb2b149ef7478edd2e86b34dfd748a100991e9049c1bb,8.652,ok,
g6_dhigh_asurplus_plocal_gshared_pool_seed0,warehouse_random_factorial,carrier,1,26,294.0,294000000,115,140,38,0,0.1638,194,26,294,294000000,26,294,294000000,1,0,0,99849,64,1226,0,0,SEARCH_CUTOFF,0,1,0,0,-1,294,-1,26,-1,162,9671,162,4743,0,377,0,524,18,0,435,254,341,928,53.118,158688,402,TASKBR_VACANCY_V1,493,197,493,321,712,45.0843,0,425,69,10127,10127,455,403,403,403,403,0,0,0,0,0,0,0,403,1437,18,BOTTLENECK_TARGET_FRONTIER_CONTINUITY_V2,32.8429,0.292477,3.34965,0.338569,3.69423,10076,10070,4912,0,17,137,9971,69,24132,0,0,0,4844.37,7756928,57195,1620.38,0,6,0,,,,,,,,,,,,,,,,,,,,,,,,,,,,,,,,,,,,,,,,,,,,,,8623.65,8623.82,f368787ae791594d9b9cb6a803fc964ecc025c8e68cfbcaeb021b95a6a2db636,8.658,ok,
g6_dhigh_asurplus_plocal_gsingleton_seed0,warehouse_random_factorial,carrier,1,205,722.0,722000000,325,326,60,4,0.0587,709,227,748,748000000,205,722,722000000,1,0,0,12456,227,5920,0,0,SEARCH_CUTOFF,12,0,0,0,-1,-1,-1,-1,-1,209,2731,209,6920,0,758,0,900,344,156,3174,1350,368,1069,67.4079,182799,1760,TASKBR_VACANCY_V1,831,494,831,685,1708,40.1054,0,702,325,9847,9847,964,938,938,938,938,0,0,0,3,0,0,0,938,9396,18,BOTTLENECK_TARGET_FRONTIER_CONTINUITY_V2,31.8981,0.78955,5.93391,0.893836,17.6815,9671,9465,4795,0,430,344,9071,325,3413,0,0,0,4867.4,3704562,10846,723.948,92,106,214,,,,,,,,,,,,,,,,,,,,,,,,,,,,,,,,,,,,,,,,,,,,,,8630.17,8630.42,6ccfac1248d09b28d9b7ce906eacd6eb8285f4e3f173e5b414a019ce64fcaf80,8.672,ok,
g6_dhigh_asurplus_pmixed_gshared_pool_seed0,warehouse_random_factorial,carrier,1,33,296.0,296000000,143,117,36,0,0.1605,250,34,294,294000000,33,296,296000000,1,1,1,0,4,111,0,0,STRICT_IMPROVEMENT,3,1,1,1,475,294,296,34,33,63,14,63,7387,0,345,6,376,6,4,6627,1553,107,747,26.379,127737,1874,TASKBR_VACANCY_V1,502,216,502,289,729,39.6433,0,374,65,83,83,374,352,352,352,352,0,0,0,0,0,0,0,352,819,18,BOTTLENECK_TARGET_FRONTIER_CONTINUITY_V2,0.579848,0.2517,2.57271,0.246962,4.34999,40,38,26,0,7,10,64,65,383,0,0,0,402.529,485329,503,74.4573,6,0,1,,,,,,,,,,,,,,,,,,,,,,,,,,,,,,,,,,,,,,,,,,,,,,493.054,493.211,5e3239608068c2a32d9ec7d0f2df2d5d6a03ad7965d4e8c8bc50f0c8cd2e9459,0.508,ok,
g6_dhigh_asurplus_pmixed_gsingleton_seed0,warehouse_random_factorial,carrier,1,323,899.0,899000000,400,375,100,10,0.0459,2021,379,957,957000000,323,899,899000000,1,0,0,35557,45,1260,0,0,SEARCH_CUTOFF,36,0,0,0,-1,-1,-1,-1,-1,391,2890,391,14568,1,1248,0,1826,657,304,9590,4463,984,3513,156.385,600723,4723,TASKBR_VACANCY_V1,12486,6391,12486,10591,24231,43.7085,0,2612,4565,3857,3857,6655,6622,6622,6622,6622,0,0,0,0,0,0,0,6622,100124,18,BOTTLENECK_TARGET_FRONTIER_CONTINUITY_V2,20.269,6.61063,37.952,5.04799,74.9361,1032,215,1024,0,659,173,3023,4565,8287,0,0,0,7294.31,29365362,29189,3830.92,62,1326,6077,,,,,,,,,,,,,,,,,,,,,,,,,,,,,,,,,,,,,,,,,,,,,,8600.16,8600.45,8b326b67fd029d2cee44ff9ec189205e2450613ecfe976550da207d3a80854e9,8.641,ok,
g6_dlow_abaseline_pcross_heavy_gshared_pool_seed0,warehouse_random_factorial,carrier,1,38,375.0,375000000,88,248,38,0,0.193,276,38,375,375000000,38,375,375000000,1,0,0,3366,20151,128085,0,0,SEARCH_CUTOFF,1,1,0,0,-1,375,-1,38,-1,161,12717,161,5582,0,127,0,1017,74,38,2015,156,95,1442,55.3621,246582,4,TASKBR_VACANCY_V1,36926,11105,36926,25910,48102,53.8647,0,21940,5620,13488,13488,22021,19737,19663,19663,19663,0,0,0,2,0,0,0,19663,127040,17,BOTTLENECK_TARGET_FRONTIER_CONTINUITY_V2,48.1474,16.8746,57.1402,9.27434,67.2722,8529,47,8526,0,5,112,13369,5620,26212,0,0,0,4196.44,1554853,93467,1487.91,27,2,0,,,,,,,,,,,,,,,,,,,,,,,,,,,,,,,,,,,,,,,,,,,,,,8641.35,8641.51,f2e81111078767c81c4e47bb619564516c224e0345b7eca3b15041b0b1cc376f,8.663,ok,
g6_dlow_abaseline_pcross_heavy_gsingleton_seed0,warehouse_random_factorial,carrier,1,68,673.0,673000000,320,302,50,6,0.3922,660,69,675,675000000,68,673,673000000,1,1,1,0,75,952,1,1,REFERENCE_SUFFIX_ACCEPTED,20,0,0,0,-1,-1,-1,-1,-1,122,23,122,14028,0,258,0,1338,138,56,2694,612,126,2096,55.6948,358416,860,TASKBR_VACANCY_V1,1410,629,1410,950,2184,43.4982,0,1167,269,166,166,1265,1243,1169,1169,1169,0,0,0,0,0,0,0,1169,1511,18,BOTTLENECK_TARGET_FRONTIER_CONTINUITY_V2,1.44177,0.606627,7.03481,1.0293,8.53029,52,6,63,0,2,0,162,269,763,0,0,0,1222.88,1892658,1226,288.502,72,0,30,,,,,,,,,,,,,,,,,,,,,,,,,,,,,,,,,,,,,,,,,,,,,,1315.73,1315.87,13b668a35c5e696206ba93b551db24569dc348b9e4064a016d12421a332494c8,1.33,ok,
g6_dlow_abaseline_plocal_gshared_pool_seed0,warehouse_random_factorial,carrier,1,40,374.0,374000000,97,241,36,0,0.2021,252,40,374,374000000,40,374,374000000,1,0,0,0,17902,134860,0,0,SEARCH_CUTOFF,7,1,0,0,-1,374,-1,40,-1,68,12739,68,5677,0,81,0,706,4,4,92,84,36,887,31.0568,151677,27,TASKBR_VACANCY_V1,25194,11805,25194,13389,37007,36.1796,0,16830,1180,14980,14980,16830,16806,16806,16806,16806,0,0,0,0,0,0,0,16806,156902,18,BOTTLENECK_TARGET_FRONTIER_CONTINUITY_V2,51.3214,14.9156,54.881,9.5211,71.2479,7139,7,7138,0,5,124,14849,1180,12967,0,0,0,3285.12,1016339,30450,664.897,26,0,0,,,,,,,,,,,,,,,,,,,,,,,,,,,,,,,,,,,,,,,,,,,,,,8647.45,8647.61,28b6f958e51b76611acd89c65b99ca9f97deed53f16f866085cca9424d879951,8.67,ok,
g6_dlow_abaseline_plocal_gsingleton_seed0,warehouse_random_factorial,carrier,1,73,607.0,607000000,211,349,46,4,0.2409,651,73,608,608000000,73,607,607000000,1,1,1,0,63,816,0,0,STRICT_IMPROVEMENT,11,0,0,0,-1,-1,-1,-1,-1,134,21,134,16752,0,72,0,1446,124,22,5888,1310,42,2204,66.8092,376884,1392,TASKBR_VACANCY_V1,1492,413,1492,1212,2061,58.8064,0,1327,209,169,169,1350,1327,1309,1309,1309,0,0,0,0,0,0,0,1309,1428,18,BOTTLENECK_TARGET_FRONTIER_CONTINUITY_V2,1.60532,0.721766,10.2996,1.77449,24.1411,68,34,74,0,24,8,135,209,491,0,0,0,1083.33,1549215,1070,262.031,49,4,99,,,,,,,,,,,,,,,,,,,,,,,,,,,,,,,,,,,,,,,,,,,,,,1190.69,1190.88,01771d7a087092b2f6119166b63b4f00a60232daf49dc60a01cc7c505ce537f4,1.206,ok,
g6_dlow_abaseline_pmixed_gshared_pool_seed0,warehouse_random_factorial,carrier,1,41,385.0,385000000,117,232,36,0,0.2378,388,41,385,385000000,41,385,385000000,1,0,0,8757,80,896,0,0,SEARCH_CUTOFF,7,1,0,0,-1,385,-1,41,-1,186,13823,186,13210,0,207,5,945,13,12,8665,1930,153,1088,63.2009,186048,2031,TASKBR_VACANCY_V1,22680,10737,22680,11951,33437,35.7418,0,6556,5945,14303,14303,6563,6544,6544,6544,6544,0,0,0,0,0,0,0,6544,51414,18,BOTTLENECK_TARGET_FRONTIER_CONTINUITY_V2,36.0168,5.31591,21.0845,3.50996,21.9624,9038,9018,5133,0,23,231,14047,5945,29328,0,0,0,4040.88,4456687,78987,1523.52,80,0,0,,,,,,,,,,,,,,,,,,,,,,,,,,,,,,,,,,,,,,,,,,,,,,8645.52,8645.67,2872387f8521770a43c751a3faf9daf290f54fcd0a8c5fd89412103cc5535df3,8.668,ok,
g6_dlow_abaseline_pmixed_gsingleton_seed0,warehouse_random_factorial,carrier,1,56,559.0,559000000,242,273,44,4,0.3601,478,56,559,559000000,56,559,559000000,1,0,0,9761,309,2888,0,0,SEARCH_CUTOFF,6,0,0,0,-1,-1,-1,-1,-1,207,12965,207,11118,0,316,0,1376,26,22,1484,126,280,1800,75.1615,307800,86,TASKBR_VACANCY_V1,14222,381,14222,13870,14635,94.7728,0,14752,128,13830,13830,14774,14756,14742,14742,14742,0,0,0,0,0,0,0,14742,134019,18,BOTTLENECK_TARGET_FRONTIER_CONTINUITY_V2,42.115,11.8665,44.0975,8.48204,28.7709,9042,22,9050,0,26,245,13557,128,22246,0,0,0,4211.03,2670835,72459,1273.45,26,0,0,,,,,,,,,,,,,,,,,,,,,,,,,,,,,,,,,,,,,,,,,,,,,,8632.78,8632.94,7591628018cc4db5f501c46bb94b6cdfacf0a3856595f0f049f5e2ddc73e821d,8.655,ok,
g6_dlow_aequal_pcross_heavy_gshared_pool_seed0,warehouse_random_factorial,carrier,1,31,403.0,403000000,88,276,38,0,0.1577,284,31,403,403000000,31,403,403000000,1,0,0,3859,16750,178595,0,0,SEARCH_CUTOFF,1,1,0,0,-1,403,-1,31,-1,1173,9193,1173,8511,0,1216,10,4011,48,30,1201,1,1403,3491,333.804,596961,19,TASKBR_VACANCY_V1,17739,3665,17739,14128,21450,65.8648,890,15076,1832,10614,10614,15147,12986,12986,12986,12986,0,0,0,0,0,0,0,12986,156857,17,BOTTLENECK_TARGET_FRONTIER_CONTINUITY_V2,40.0047,12.5978,50.009,8.08335,69.2534,3047,42,3044,0,28,270,10314,1832,24449,0,0,0,5657.8,1260349,73486,1163.52,14,0,0,,,,,,,,,,,,,,,,,,,,,,,,,,,,,,,,,,,,,,,,,,,,,,8610.73,8610.89,b2eb145de4a15345b3b6f5ef7e7be9bd4ebc845c6cac5241e8a69c8568a30251,8.633,ok,
g6_dlow_aequal_pcross_heavy_gsingleton_seed0,warehouse_random_factorial,carrier,1,52,623.0,623000000,325,248,50,7,0.3472,452,52,623,623000000,52,623,623000000,1,0,0,1082,62,1139,0,0,SEARCH_CUTOFF,3,0,0,0,-1,-1,-1,-1,-1,81,11718,81,8678,0,265,0,715,60,36,1334,1426,165,1571,37.4176,268641,586,TASKBR_VACANCY_V1,7107,6850,7107,301,14065,2.14006,0,1504,1012,14810,14810,1531,1511,1511,1511,1511,0,0,0,0,0,0,0,1511,16665,18,BOTTLENECK_TARGET_FRONTIER_CONTINUITY_V2,36.7196,0.944952,7.07923,1.09757,6.42729,13843,13825,8218,0,31,228,14549,1012,12508,0,0,0,3170.17,2244196,15501,612.548,9,6,0,,,,,,,,,,,,,,,,,,,,,,,,,,,,,,,,,,,,,,,,,,,,,,8612.23,8612.41,47ef0b4bf9eb5cff5ea57104217af2d5ed468159e7a07b21436f3594b62116b1,8.637,ok,
g6_dlow_aequal_plocal_gshared_pool_seed0,warehouse_random_factorial,carrier,1,28,309.0,309000000,97,176,36,0,0.1925,201,28,309,309000000,28,309,309000000,1,0,0,4210,7539,51902,0,0,SEARCH_CUTOFF,0,1,0,0,-1,309,-1,28,-1,1554,1156,1554,41368,0,4429,3,7325,5,5,25,3765,4878,10956,509.927,1873476,44,TASKBR_VACANCY_V1,8001,4926,8001,3081,12930,23.8283,1273,4443,1393,2717,2717,4448,1765,1765,1765,1765,0,0,0,0,0,0,0,1765,13405,18,BOTTLENECK_TARGET_FRONTIER_CONTINUITY_V2,9.90731,1.64546,8.12365,1.20037,7.8397,1553,1544,1243,0,5,2,2708,1393,17210,0,0,0,8109.12,7510563,21659,1416.67,3,0,0,,,,,,,,,,,,,,,,,,,,,,,,,,,,,,,,,,,,,,,,,,,,,,8541.66,8541.85,0c2639b9d2d0e22449b95db3057ae90b9f510a8e8db262a64d9361ea6811b86c,8.56,ok,
g6_dlow_aequal_plocal_gsingleton_seed0,warehouse_random_factorial,carrier,1,48,607.0,607000000,209,351,46,4,0.2419,372,48,607,607000000,48,607,607000000,1,0,0,3455,41,776,0,0,SEARCH_CUTOFF,2,0,0,0,-1,-1,-1,-1,-1,2832,2788,2832,43667,0,2097,0,10853,164,18,3218,805,2096,17152,887.841,2932992,744,TASKBR_VACANCY_V1,10780,6190,10780,4676,17200,27.186,2534,5939,2328,5633,5633,5954,3021,3011,3011,3011,0,0,0,0,0,0,0,3011,29085,18,BOTTLENECK_TARGET_FRONTIER_CONTINUITY_V2,18.3716,2.37902,13.1318,2.27359,24.1091,3604,3586,2588,0,14,136,5481,2328,20162,0,0,0,7873.97,5835873,40889,1228.62,33,0,45,,,,,,,,,,,,,,,,,,,,,,,,,,,,,,,,,,,,,,,,,,,,,,8575.67,8575.83,9c81afc9a89c4e74bc684bca36a7f9f71b77f8a9fb54608e26eb8b03455ec49b,8.595,ok,
g6_dlow_aequal_pmixed_gshared_pool_seed0,warehouse_random_factorial,carrier,1,32,328.0,328000000,115,177,36,0,0.1997,248,32,328,328000000,32,328,328000000,1,0,0,11703,1579,14874,0,0,SEARCH_CUTOFF,0,1,0,0,-1,328,-1,32,-1,423,10865,423,11508,0,1040,0,1252,14,14,4069,1154,994,1585,115.759,271035,996,TASKBR_VACANCY_V1,15441,8004,15441,9021,23474,38.4298,138,4308,4412,11582,11582,4813,4783,4783,4783,4783,0,0,0,0,0,0,0,4783,63424,18,BOTTLENECK_TARGET_FRONTIER_CONTINUITY_V2,33.0615,4.58416,19.0554,3.19958,25.2382,7566,7558,4133,0,27,200,11353,4412,25154,0,0,0,5572.23,15684346,58243,2885.58,18,0,0,,,,,,,,,,,,,,,,,,,,,,,,,,,,,,,,,,,,,,,,,,,,,,8610.35,8610.5,4eefd1bd4076c9f669ed32813b67142e430ea9d8d8f26c3eb90a2e8354bfbe1d,8.633,ok,
g6_dlow_aequal_pmixed_gsingleton_seed0,warehouse_random_factorial,carrier,1,48,565.0,565000000,239,281,44,3,0.2766,344,52,569,569000000,48,565,565000000,1,0,0,15848,44,832,0,0,SEARCH_CUTOFF,0,0,0,0,-1,-1,-1,-1,-1,143,11082,143,9381,0,186,0,998,59,18,926,6,171,1715,53.3001,293265,62,TASKBR_VACANCY_V1,19338,12029,19338,10709,42559,25.1627,0,6319,10838,11654,11654,6875,6852,6852,6852,6852,0,0,0,0,0,0,0,6852,85142,18,BOTTLENECK_TARGET_FRONTIER_CONTINUITY_V2,33.7965,5.59273,24.361,4.46941,23.4262,1922,28,1912,0,29,192,11431,10838,23757,0,0,0,5305.59,19584989,71007,3300.17,561,9,20,,,,,,,,,,,,,,,,,,,,,,,,,,,,,,,,,,,,,,,,,,,,,,8614.62,8614.77,c0be36f3778ea211d6750961ae3f5aaa8d43157d5768865c52f2bb839f81be4a,8.638,ok,
g6_dlow_ascarce_pcross_heavy_gshared_pool_seed0,warehouse_random_factorial,carrier,1,55,402.0,402000000,88,275,38,0,0.1778,347,55,402,402000000,55,402,402000000,1,0,0,1123,96,817,0,0,SEARCH_CUTOFF,10,1,0,0,-1,402,-1,55,-1,113,15249,113,5589,0,67,0,1063,127,73,2231,8,31,1520,46.6987,259920,24,TASKBR_VACANCY_V1,26166,25212,26166,10927,60437,18.08,0,12817,5560,16273,16273,17339,17300,17222,17222,17222,0,0,0,5,0,0,0,17222,122757,17,BOTTLENECK_TARGET_FRONTIER_CONTINUITY_V2,45.119,11.2282,41.3858,8.54211,29.3332,2799,5,2804,0,15,164,16092,5560,15458,0,0,0,3034.35,932450,33254,616.732,32,2699,0,,,,,,,,,,,,,,,,,,,,,,,,,,,,,,,,,,,,,,,,,,,,,,8654.57,8654.73,3f2570bab1a419431418c715f6ade2a079e2fb6d0df9a6274f8a05fe8aa74694,8.677,ok,
g6_dlow_ascarce_pcross_heavy_gsingleton_seed0,warehouse_random_factorial,carrier,1,94,755.0,755000000,326,378,50,6,0.3853,651,94,757,757000000,94,755,755000000,1,1,1,0,94,925,1,1,REFERENCE_SUFFIX_ACCEPTED,40,0,0,0,-1,-1,-1,-1,-1,171,20,171,19005,0,254,0,2040,188,58,2394,718,138,2521,69.6664,431091,786,TASKBR_VACANCY_V1,1968,552,1968,1598,2729,58.5562,0,1787,245,210,210,1885,1861,1779,1779,1779,0,0,0,4,0,0,0,1779,1865,18,BOTTLENECK_TARGET_FRONTIER_CONTINUITY_V2,1.77133,0.791884,8.20558,1.53074,12.8987,84,20,111,0,5,13,190,245,699,0,0,0,1223.61,1663075,1524,233.894,51,0,12,,,,,,,,,,,,,,,,,,,,,,,,,,,,,,,,,,,,,,,,,,,,,,1319.46,1319.59,5ee9718142cee9085b7c19eeb8b4c679a81290b2ccb1268e261c7a7fd4581431,1.333,ok,
g6_dlow_ascarce_plocal_gshared_pool_seed0,warehouse_random_factorial,carrier,1,52,395.0,395000000,97,262,36,0,0.2073,270,52,395,395000000,52,395,395000000,1,0,0,3666,22323,86382,0,0,SEARCH_CUTOFF,11,1,0,0,-1,395,-1,52,-1,100,12973,100,5456,0,92,0,895,0,0,283,124,45,1007,36.9313,172197,57,TASKBR_VACANCY_V1,28177,7015,28177,21162,35192,60.133,0,20562,4093,15613,15613,20562,20540,20540,20540,20540,0,0,0,0,0,0,0,20540,106468,18,BOTTLENECK_TARGET_FRONTIER_CONTINUITY_V2,46.42,12.6932,45.3718,8.60654,26.383,7070,12,7068,0,29,308,15274,4093,18792,0,0,0,3410.66,1613312,80887,1115.72,34,0,0,,,,,,,,,,,,,,,,,,,,,,,,,,,,,,,,,,,,,,,,,,,,,,8643.69,8643.86,d87e2fb23c9e646d246f21f27ce7c4ec4aeb6608e6ddfcb71b4b4acff39bd609,8.665,ok,
g6_dlow_ascarce_plocal_gsingleton_seed0,warehouse_random_factorial,carrier,1,85,644.0,644000000,207,388,48,5,0.2706,574,85,644,644000000,85,644,644000000,1,0,0,3204,341,2453,0,0,SEARCH_CUTOFF,19,0,0,0,-1,-1,-1,-1,-1,353,12693,353,18766,0,203,0,2539,166,44,5701,807,183,3584,127.56,612864,1595,TASKBR_VACANCY_V1,25022,15049,25022,10119,40215,25.1623,23,6362,4842,13356,13356,6374,6355,6343,6343,6343,0,0,0,0,0,0,0,6343,29759,18,BOTTLENECK_TARGET_FRONTIER_CONTINUITY_V2,31.5121,4.04072,20.7163,3.92779,31.3442,9023,8959,5812,0,22,221,13111,4842,29025,0,0,0,4871.95,10330598,72120,1916.38,56,0,118,,,,,,,,,,,,,,,,,,,,,,,,,,,,,,,,,,,,,,,,,,,,,,8631.86,8632.03,cfdafa24c4ff446b06e7a8ddc9e05d5a21547b6480fbec84fa03954c8b47d14d,8.655,ok,
g6_dlow_ascarce_pmixed_gshared_pool_seed0,warehouse_random_factorial,carrier,1,54,373.0,373000000,115,222,36,0,0.2366,349,54,373,373000000,54,373,373000000,1,0,0,6372,25010,85860,0,0,SEARCH_CUTOFF,11,1,0,0,-1,373,-1,54,-1,94,10882,94,13302,0,78,9,950,13,12,9891,2214,26,890,35.2426,152190,2328,TASKBR_VACANCY_V1,11878,181,11878,11705,12076,96.9278,0,16336,150,15484,15484,16344,16323,16315,16315,16315,0,0,0,0,0,0,0,16315,119071,18,BOTTLENECK_TARGET_FRONTIER_CONTINUITY_V2,42.4273,11.5844,39.2379,7.87835,41.397,10849,9,10849,0,28,263,15191,150,11122,0,0,0,3571.76,7125692,31525,1257.24,41,0,0,,,,,,,,,,,,,,,,,,,,,,,,,,,,,,,,,,,,,,,,,,,,,,8639.35,8639.48,da8001650b52a9afc7e060fcfa67f7b9167f65a1fbb456b240640aee4bc0bbc9,8.662,ok,
g6_dlow_ascarce_pmixed_gsingleton_seed0,warehouse_random_factorial,carrier,1,79,621.0,621000000,242,335,44,4,0.3404,584,79,621,621000000,79,621,621000000,1,0,0,0,18908,85418,0,0,SEARCH_CUTOFF,10,0,0,0,-1,-1,-1,-1,-1,134,14,134,13694,0,146,0,1670,30,22,1130,68,112,1697,50.9267,290187,86,TASKBR_VACANCY_V1,1712,355,1712,1389,2096,66.2691,0,26552,6632,15862,15862,26574,26555,26533,26533,26533,0,0,0,0,0,0,0,26533,126950,18,BOTTLENECK_TARGET_FRONTIER_CONTINUITY_V2,47.9156,14.6144,55.3879,10.5109,53.6139,5012,2,5033,0,24,248,15588,6632,522,0,0,0,3315.14,1377643,32658,688.795,29,0,0,,,,,,,,,,,,,,,,,,,,,,,,,,,,,,,,,,,,,,,,,,,,,,8632.41,8632.58,1661688c2ac9379c609bfa6d64309ccea6bb695ff20b6ee85b293d3d1db4d191,8.655,ok,
g6_dlow_asurplus_pcross_heavy_gshared_pool_seed0,warehouse_random_factorial,carrier,1,25,345.0,345000000,88,216,40,1,0.1304,197,25,345,345000000,25,345,345000000,1,0,0,3923,6066,54097,0,0,SEARCH_CUTOFF,0,1,0,0,-1,345,-1,25,-1,1138,663,1138,18343,0,1140,0,6988,44,22,5711,367,1546,5298,340.166,905958,4,TASKBR_VACANCY_V1,7302,2914,7302,4444,10261,43.3096,860,2854,2071,1808,1808,2921,2532,2532,2532,2532,0,0,0,4,0,0,0,2532,37911,17,BOTTLENECK_TARGET_FRONTIER_CONTINUITY_V2,10.035,3.20888,16.8102,2.12859,27.631,15,5,10,0,0,1,1805,2071,7944,0,0,0,8232.49,811420,14424,422.439,5,0,0,,,,,,,,,,,,,,,,,,,,,,,,,,,,,,,,,,,,,,,,,,,,,,8532.85,8532.99,b17eeb18ff92d4717a67249de38b77cf359252d7ab4d1bae524416c5b63b4ff7,8.549,ok,
g6_dlow_asurplus_pcross_heavy_gsingleton_seed0,warehouse_random_factorial,carrier,1,53,599.0,599000000,319,232,48,6,0.2229,435,57,603,603000000,53,599,599000000,1,0,0,780,45,1249,0,0,SEARCH_CUTOFF,1,0,0,0,-1,-1,-1,-1,-1,1115,852,1115,61003,0,1563,0,5302,300,58,2846,1113,1393,14646,435.065,2504466,1130,TASKBR_VACANCY_V1,6942,4257,6942,2762,11678,23.6513,809,3878,1610,1979,1979,3934,2057,2057,2057,2057,0,0,0,0,0,0,0,2057,26393,18,BOTTLENECK_TARGET_FRONTIER_CONTINUITY_V2,9.30997,2.11625,12.688,1.71123,12.8545,783,767,778,0,10,6,1961,1610,9398,0,0,0,8221.46,9288187,15401,1359,12,9,3,,,,,,,,,,,,,,,,,,,,,,,,,,,,,,,,,,,,,,,,,,,,,,8556.03,8556.24,5a6cb50b0ce105518f0fd60f9287a97e66cc88acd3bca9cdfde70629cdb7f58e,8.577,ok,
g6_dlow_asurplus_plocal_gshared_pool_seed0,warehouse_random_factorial,carrier,1,26,263.0,263000000,97,130,36,0,0.1382,162,26,263,263000000,26,263,263000000,1,0,0,3156,58,1239,0,0,SEARCH_CUTOFF,0,1,0,0,-1,263,-1,26,-1,1469,4359,1469,45766,0,1072,4,9068,5,5,698,297,1018,10634,500.584,1818414,43,TASKBR_VACANCY_V1,19673,12244,19673,7436,31920,23.2957,1190,10472,756,5835,5835,10478,6834,6834,6834,6834,0,0,0,0,0,0,0,6834,119764,18,BOTTLENECK_TARGET_FRONTIER_CONTINUITY_V2,27.1465,7.13189,40.4348,5.47383,16.388,3110,117,3100,0,5,2,5826,756,33615,0,0,0,7752.47,10693512,46569,2177.71,4,1,0,,,,,,,,,,,,,,,,,,,,,,,,,,,,,,,,,,,,,,,,,,,,,,8574.95,8575.11,ed400ea3327225410d3bbf189cf4ed3622dcc55aebaf04276a765cf961079bae,8.597,ok,
g6_dlow_asurplus_plocal_gsingleton_seed0,warehouse_random_factorial,carrier,1,48,492.0,492000000,207,240,44,3,0.1597,311,48,494,494000000,48,492,492000000,1,1,1,0,39,1061,1,1,REFERENCE_SUFFIX_ACCEPTED,0,0,0,0,-1,-1,-1,-1,-1,80,18,80,9647,0,117,0,808,122,36,1736,206,31,1547,36.0858,264537,408,TASKBR_VACANCY_V1,841,484,841,491,1483,33.1086,0,526,132,107,107,607,584,584,584,584,0,0,0,0,0,0,0,584,1809,18,BOTTLENECK_TARGET_FRONTIER_CONTINUITY_V2,0.892199,0.415614,3.96203,0.66921,14.7899,41,23,30,0,9,3,93,132,499,0,0,0,537.945,1161420,728,165.338,31,14,41,,,,,,,,,,,,,,,,,,,,,,,,,,,,,,,,,,,,,,,,,,,,,,613.461,613.582,8ed4f2193ea7c9b708a0f1158a00cee21efe1cac73573b3feb6a41779af1c5c2,0.627,ok,
g6_dlow_asurplus_pmixed_gshared_pool_seed0,warehouse_random_factorial,carrier,1,32,272.0,272000000,116,120,36,0,0.1343,211,32,272,272000000,32,272,272000000,1,0,0,4676,30,804,0,0,SEARCH_CUTOFF,5,1,0,0,-1,272,-1,32,-1,71,11682,71,8035,0,93,20,434,10,10,2823,417,33,531,24.1469,90801,449,TASKBR_VACANCY_V1,8318,8028,8318,299,16366,1.82696,0,1038,728,14214,14214,1044,1017,1017,1017,1017,0,0,0,0,0,0,0,1017,18323,18,BOTTLENECK_TARGET_FRONTIER_CONTINUITY_V2,41.4426,0.903864,5.77455,0.766717,9.71006,13515,13513,6690,0,35,206,13971,728,12015,0,0,0,3270.21,4099380,14602,722.518,8,3,0,,,,,,,,,,,,,,,,,,,,,,,,,,,,,,,,,,,,,,,,,,,,,,8616.91,8617.07,1e23ed97e43ddc55893b6b983c0f567cd0a87bcbd449140a915830c1015f4b74,8.642,ok,
g6_dlow_asurplus_pmixed_gsingleton_seed0,warehouse_random_factorial,carrier,1,40,447.0,447000000,240,165,42,3,0.2222,307,42,449,449000000,40,447,447000000,1,1,1,0,49,1332,1,1,REFERENCE_SUFFIX_ACCEPTED,1,0,0,0,-1,-1,-1,-1,-1,81,14,81,8480,0,164,0,689,54,30,1308,280,98,1297,32.9156,221787,282,TASKBR_VACANCY_V1,759,425,759,378,1258,30.0477,0,435,99,106,106,467,446,446,446,446,0,0,0,0,0,0,0,446,1540,18,BOTTLENECK_TARGET_FRONTIER_CONTINUITY_V2,0.782316,0.32294,2.67824,0.391157,10.4866,36,30,27,0,5,9,90,99,589,0,0,0,525.821,1243777,712,173.291,9,3,0,,,,,,,,,,,,,,,,,,,,,,,,,,,,,,,,,,,,,,,,,,,,,,597.23,597.342,5935951c20ce2b607dd502ceb9a9e259387f31934a85771f7d73889c19f74737,0.609,ok,
g6_dmedium_abaseline_pcross_heavy_gshared_pool_seed0,warehouse_random_factorial,carrier,1,58,511.0,511000000,113,312,78,16,0.1624,435,58,515,515000000,58,511,511000000,1,1,1,0,43,558,0,0,STRICT_IMPROVEMENT,8,1,1,1,850,515,511,58,58,92,32,92,13928,0,189,5,968,225,59,2858,1097,50,2817,55.683,481707,1357,TASKBR_VACANCY_V1,1010,262,1010,1015,1607,63.1612,0,1021,338,155,155,1294,1244,1126,1126,1126,0,0,0,2,0,0,0,1126,1979,18,BOTTLENECK_TARGET_FRONTIER_CONTINUITY_V2,1.20224,0.556633,4.90767,0.762761,8.25094,25,6,22,0,3,10,140,338,309,0,0,0,769.227,266489,1089,55.06,94,10,0,,,,,,,,,,,,,,,,,,,,,,,,,,,,,,,,,,,,,,,,,,,,,,873.261,873.417,4f0cdf7dc8b3bb5563d4fc4786d43f38490d422bd09975b8830c68fcb692897d,0.888,ok,
g6_dmedium_abaseline_pcross_heavy_gsingleton_seed0,warehouse_random_factorial,carrier,1,202,1013.0,1013000000,405,501,83,13,0.1671,846,206,1018,1018000000,202,1013,1013000000,1,1,1,1,208,2687,0,0,STRICT_IMPROVEMENT,143,0,0,0,-1,-1,-1,-1,-1,274,24,274,20776,4,694,0,2004,575,240,4356,1348,186,3519,107.195,601749,1720,TASKBR_VACANCY_V1,1885,1033,1885,1500,3517,42.65,0,1358,582,432,432,1758,1738,1581,1581,1581,0,0,0,2,0,0,0,1581,4014,18,BOTTLENECK_TARGET_FRONTIER_CONTINUITY_V2,2.22279,0.811683,7.63601,1.14069,8.82145,193,107,222,0,115,66,249,582,864,0,0,0,1588.63,2537131,2371,345.635,217,62,380,,,,,,,,,,,,,,,,,,,,,,,,,,,,,,,,,,,,,,,,,,,,,,1823.92,1824.11,13f1392cacb3667f38003d5091f3b5da76c6a4b5a10f976fb92a5efaaa2140dc,1.845,ok,
g6_dmedium_abaseline_plocal_gshared_pool_seed0,warehouse_random_factorial,carrier,1,40,366.0,366000000,105,222,38,0,0.2188,251,40,366,366000000,40,366,366000000,1,0,0,259,15729,116230,0,0,SEARCH_CUTOFF,1,1,0,0,-1,366,-1,40,-1,62,7,62,7295,0,115,0,721,54,0,344,306,55,1065,29.8368,182115,77,TASKBR_VACANCY_V1,697,124,697,634,879,72.1274,0,25828,102,12638,12638,25864,25841,25819,25819,25819,0,0,0,0,0,0,0,25819,145398,18,BOTTLENECK_TARGET_FRONTIER_CONTINUITY_V2,46.1301,15.7732,70.6831,10.3806,37.6513,7359,3,7358,0,23,223,12390,102,227,0,0,0,3929.3,429872,25712,517.864,22,0,0,,,,,,,,,,,,,,,,,,,,,,,,,,,,,,,,,,,,,,,,,,,,,,8614.8,8614.95,c5c04f9f44695cd4746c76e3042268f5127df6012a264f26fa7f2f577a24ac6e,8.638,ok,
g6_dmedium_abaseline_plocal_gsingleton_seed0,warehouse_random_factorial,carrier,1,290,1023.0,1023000000,298,647,68,10,0.0856,1737,306,1051,1051000000,290,1023,1023000000,1,1,1,0,72,923,1,1,REFERENCE_SUFFIX_ACCEPTED,180,0,0,0,-1,-1,-1,-1,-1,200,138,200,14280,1,393,0,1911,467,103,11988,2717,193,1916,72.7838,327636,3190,TASKBR_VACANCY_V1,1860,524,1860,1980,3072,64.4531,0,2497,343,1021,1021,3408,2586,2495,2495,2495,0,0,0,788,0,0,0,2495,9066,18,BOTTLENECK_TARGET_FRONTIER_CONTINUITY_V2,4.16943,1.37254,10.0454,1.72381,20.2046,767,63,788,0,149,691,179,343,667,0,0,0,2452.55,6224796,7412,755.042,65,15,1931,,,,,,,,,,,,,,,,,,,,,,,,,,,,,,,,,,,,,,,,,,,,,,2833.89,2834.07,dda3252622956f75c0225d14673fb93f8c2e9fcb3d93fb060f3cca1d62824bff,2.858,ok,
g6_dmedium_abaseline_pmixed_gshared_pool_seed0,warehouse_random_factorial,carrier,1,51,372.0,372000000,139,197,36,0,0.2271,370,51,372,372000000,51,372,372000000,1,0,0,58997,3,38,0,0,SEARCH_CUTOFF,1,1,0,0,-1,372,-1,51,-1,225,7942,225,11992,0,717,20,829,46,34,8837,1565,493,1450,73.2948,247950,2576,TASKBR_VACANCY_V1,5529,1892,5529,3687,7469,49.364,0,2191,1647,8245,8245,2227,2212,2193,2193,2193,0,0,0,0,0,0,0,2193,14021,18,BOTTLENECK_TARGET_FRONTIER_CONTINUITY_V2,21.9064,1.95854,8.24323,1.57747,12.3515,6665,6645,4439,0,28,185,8030,1647,23770,0,0,0,6298,19021216,62524,3585.63,30,7,2,,,,,,,,,,,,,,,,,,,,,,,,,,,,,,,,,,,,,,,,,,,,,,8594.43,8594.59,04b40cf799f5e4b92044ae36375829e082995dccaf09447bcb474b4ccb1ab17c,8.62,ok,
g6_dmedium_abaseline_pmixed_gsingleton_seed0,warehouse_random_factorial,carrier,1,197,994.0,994000000,422,505,59,4,0.1785,1282,225,1077,1077000000,197,994,994000000,1,1,1,5,202,2587,0,0,STRICT_IMPROVEMENT,245,0,0,0,-1,-1,-1,-1,-1,256,290,256,13858,0,474,0,2297,530,94,2450,562,238,2749,97.743,470079,630,TASKBR_VACANCY_V1,2437,953,2437,2110,4439,47.5332,0,1940,655,648,648,2036,2015,1942,1942,1942,0,0,0,0,0,0,0,1942,4871,18,BOTTLENECK_TARGET_FRONTIER_CONTINUITY_V2,3.03001,1.0151,8.42957,1.506,10.6296,217,104,236,0,172,52,422,655,1131,0,0,0,2266.87,3359581,3364,434.137,41,0,672,,,,,,,,,,,,,,,,,,,,,,,,,,,,,,,,,,,,,,,,,,,,,,2531.24,2531.42,1c4857b4ca4eaaccce7d4096899fd0247788c4ac3eb3890ce9d11c66872246e4,2.552,ok,
g6_dmedium_aequal_pcross_heavy_gshared_pool_seed0,warehouse_random_factorial,carrier,1,45,542.0,542000000,115,343,74,13,0.142,382,45,542,542000000,45,542,542000000,1,0,0,151642,23,436,0,0,SEARCH_CUTOFF,7,1,0,0,-1,542,-1,45,-1,98,8702,98,12122,1,173,8,858,162,33,2262,1076,75,2474,53.7719,423054,1283,TASKBR_VACANCY_V1,18247,11250,18247,15271,48665,31.3798,0,18297,30635,12855,12855,26573,20320,20272,20272,20272,0,0,0,1,0,0,0,20272,254865,18,BOTTLENECK_TARGET_FRONTIER_CONTINUITY_V2,49.0235,16.0189,71.2653,11.6287,81.6705,1007,22,1002,0,3,33,12817,30635,8346,0,0,0,3904.74,531919,55645,695.238,11189,2201,15,,,,,,,,,,,,,,,,,,,,,,,,,,,,,,,,,,,,,,,,,,,,,,8639.71,8639.88,e7462f54755fb43f0acb9593c0b4956ded64113d5891c01b3d06e4595adc7448,8.674,ok,
g6_dmedium_aequal_pcross_heavy_gsingleton_seed0,warehouse_random_factorial,carrier,1,89,701.0,701000000,370,276,50,4,0.231,575,93,705,705000000,89,701,701000000,1,0,0,6997,73,1367,0,0,SEARCH_CUTOFF,7,0,0,0,-1,-1,-1,-1,-1,141,5855,141,9443,2,605,0,962,284,158,3172,824,265,1845,55.4959,315495,1328,TASKBR_VACANCY_V1,6785,6504,6785,596,19459,3.06285,0,6228,11380,11635,11635,8751,8729,8729,8729,8729,0,0,0,0,0,0,0,8729,134261,18,BOTTLENECK_TARGET_FRONTIER_CONTINUITY_V2,35.9489,7.58875,34.6629,6.11395,60.6898,1720,62,1713,0,69,253,11311,11380,6661,0,0,0,4588.37,5167196,18156,1042.42,2613,96,182,,,,,,,,,,,,,,,,,,,,,,,,,,,,,,,,,,,,,,,,,,,,,,8615.21,8615.37,21b316d94d3e4f41edaa071aced91e73998c3a7af4e7950ab79153dffad482b7,8.643,ok,
g6_dmedium_aequal_plocal_gshared_pool_seed0,warehouse_random_factorial,carrier,1,27,336.0,336000000,105,192,38,0,0.216,207,27,336,336000000,27,336,336000000,1,0,0,14802,67,892,0,0,SEARCH_CUTOFF,0,1,0,0,-1,336,-1,27,-1,2350,2921,2350,21572,0,4445,0,6206,18,0,2752,294,4854,5843,649.035,999153,486,TASKBR_VACANCY_V1,7680,1270,7680,6430,8967,71.7074,2070,4577,3105,5278,5278,4602,3508,3492,3492,3492,0,0,0,0,0,0,0,3492,34157,18,BOTTLENECK_TARGET_FRONTIER_CONTINUITY_V2,18.9927,3.50881,15.4925,2.23041,19.537,2749,2737,2000,0,4,45,5227,3105,21419,0,0,0,7348.4,7183242,40261,1442.51,6,0,0,,,,,,,,,,,,,,,,,,,,,,,,,,,,,,,,,,,,,,,,,,,,,,8589.11,8589.31,e768594e4be34e5951c296484988dd49c3e1259db1ffcb162484cb2aa3a887d0,8.613,ok,
g6_dmedium_aequal_plocal_gsingleton_seed0,warehouse_random_factorial,carrier,1,333,1075.0,1075000000,318,681,62,5,0.0531,1931,365,1113,1113000000,333,1075,1075000000,1,1,1,17,51,950,1,1,REFERENCE_SUFFIX_ACCEPTED,183,0,0,0,-1,-1,-1,-1,-1,199,203,199,10513,2,375,0,1489,387,95,8727,2556,172,1780,71.4188,304380,3213,TASKBR_VACANCY_V1,1758,594,1758,1721,2940,58.5374,0,2227,288,1234,1234,3257,2332,2332,2332,2332,0,0,0,901,0,0,0,2332,15464,18,BOTTLENECK_TARGET_FRONTIER_CONTINUITY_V2,5.01433,1.5003,9.52706,1.88516,24.4289,1005,161,998,0,400,689,143,288,740,0,0,0,2339.69,8368098,8520,1000.58,68,50,3155,,,,,,,,,,,,,,,,,,,,,,,,,,,,,,,,,,,,,,,,,,,,,,2814.86,2815.06,dc8f2b0e5e2d81ddffa1710a15bb924c83f1e9951f0121dfae8977d039872597,2.84,ok,
g6_dmedium_aequal_pmixed_gshared_pool_seed0,warehouse_random_factorial,carrier,1,30,330.0,330000000,125,169,36,0,0.2315,282,30,330,330000000,30,330,330000000,1,0,0,48082,53310,115443,0,0,SEARCH_CUTOFF,0,1,0,0,-1,330,-1,30,-1,4038,13,4038,19110,0,17446,0,4365,1494,1494,4900,561,22258,12235,1120.56,2092185,3866,TASKBR_VACANCY_V1,521,190,521,336,721,46.6019,3755,446,62,4058,4058,446,430,430,430,430,0,0,0,0,0,0,0,430,500,18,BOTTLENECK_TARGET_FRONTIER_CONTINUITY_V2,12.0439,0.210956,2.42141,0.330491,3.36236,4026,4018,4008,0,4,2,4050,62,21358,0,0,0,7545.18,12504450,32404,2136.56,9,0,0,,,,,,,,,,,,,,,,,,,,,,,,,,,,,,,,,,,,,,,,,,,,,,8604.82,8604.96,33d0dd59a277e9a4aec69f347334579770d7a35603a9357885884eeded1fa91e,8.628,ok,
g6_dmedium_aequal_pmixed_gsingleton_seed0,warehouse_random_factorial,carrier,1,147,778.0,778000000,297,412,60,3,0.1122,1067,153,786,786000000,147,778,778000000,1,0,0,3519,160,2859,0,0,SEARCH_CUTOFF,20,0,0,0,-1,-1,-1,-1,-1,219,3935,219,11966,0,488,0,1632,288,94,14234,3606,262,1543,74.4457,263853,3478,TASKBR_VACANCY_V1,1629,463,1629,1490,2415,61.6977,0,993,250,11046,11046,1070,1046,1026,1026,1026,0,0,0,0,0,0,0,1026,2503,18,BOTTLENECK_TARGET_FRONTIER_CONTINUITY_V2,28.2757,0.553086,4.59209,0.829409,6.90016,10921,10833,4962,0,179,372,10493,250,4593,0,0,0,4950.79,5046161,12917,943.304,89,0,983,,,,,,,,,,,,,,,,,,,,,,,,,,,,,,,,,,,,,,,,,,,,,,8615.69,8615.92,53c88016ffdbe4ef2c9cc32ba42b8d1cfb93c58087cc95b49137302184d8d428,8.645,ok,
g6_dmedium_ascarce_pcross_heavy_gshared_pool_seed0,warehouse_random_factorial,carrier,1,70,541.0,541000000,111,346,76,15,0.1762,493,71,541,541000000,70,541,541000000,1,1,1,40,80,765,0,0,STRICT_IMPROVEMENT,17,1,1,1,996,541,541,71,70,128,51,128,15529,0,191,10,1308,279,52,2914,975,55,3280,70.7652,560880,1166,TASKBR_VACANCY_V1,1260,270,1260,1315,1891,69.5399,0,1364,410,228,228,1621,1560,1431,1431,1431,0,0,0,0,0,0,0,1431,2092,18,BOTTLENECK_TARGET_FRONTIER_CONTINUITY_V2,1.47978,0.661341,6.2706,1.04917,8.4568,69,32,66,0,1,23,202,410,365,0,0,0,902.62,265657,1464,58.8409,123,9,0,,,,,,,,,,,,,,,,,,,,,,,,,,,,,,,,,,,,,,,,,,,,,,1023.59,1023.74,a85f191a96441d1722272bec9ff3c86fb21a7f339dc613dcd5835fc2fb0c8dce,1.04,ok,
g6_dmedium_ascarce_pcross_heavy_gsingleton_seed0,warehouse_random_factorial,carrier,1,205,970.0,970000000,371,490,85,14,0.2011,1043,207,973,973000000,205,970,970000000,1,1,1,0,209,2086,0,0,STRICT_IMPROVEMENT,62,0,0,0,-1,-1,-1,-1,-1,249,15,249,25045,2,584,0,2715,608,172,5568,1742,196,3698,107.109,632358,1854,TASKBR_VACANCY_V1,2346,805,2346,2166,3768,57.4841,0,2024,416,434,434,2338,2316,2123,2123,2123,0,0,0,6,0,0,0,2123,3746,18,BOTTLENECK_TARGET_FRONTIER_CONTINUITY_V2,2.44101,1.00351,9.22529,1.71691,12.8213,180,38,234,0,80,75,277,416,780,0,0,0,1955.64,2473710,2494,340.402,108,10,406,,,,,,,,,,,,,,,,,,,,,,,,,,,,,,,,,,,,,,,,,,,,,,2199,2199.19,c889f95fa2e98d7be7aca8b08e266493ce84a1e469d0f442420c803ccd83c427,2.22,ok,
g6_dmedium_ascarce_plocal_gshared_pool_seed0,warehouse_random_factorial,carrier,1,53,410.0,410000000,105,266,38,0,0.2201,363,53,410,410000000,53,410,410000000,1,0,0,8749,26,259,0,0,SEARCH_CUTOFF,16,1,0,0,-1,410,-1,53,-1,94,7201,94,6520,0,113,4,1083,78,5,549,345,56,1392,43.2506,238032,264,TASKBR_VACANCY_V1,22647,136,22647,22600,22867,98.8324,0,38907,11377,12706,12706,38954,38932,38895,38895,38895,0,0,0,0,0,0,0,38895,95771,18,BOTTLENECK_TARGET_FRONTIER_CONTINUITY_V2,49.0106,17.7604,80.0408,12.9656,67.7653,7427,8,7428,0,26,221,12457,11377,7420,0,0,0,4608.01,1499949,101582,1427.55,7084,0,0,,,,,,,,,,,,,,,,,,,,,,,,,,,,,,,,,,,,,,,,,,,,,,8634.29,8634.47,1b8d1daf0ae7f4c25d6c8558d225b4060820f83e2af8350c2d3363c2c69278f1,8.66,ok,
g6_dmedium_ascarce_plocal_gsingleton_seed0,warehouse_random_factorial,carrier,1,268,870.0,870000000,277,513,69,9,0.1148,1366,294,897,897000000,268,870,870000000,1,1,1,7,253,2526,0,0,STRICT_IMPROVEMENT,73,0,0,0,-1,-1,-1,-1,-1,306,107,306,18687,0,390,0,2805,584,86,10672,2628,252,2969,113.229,507699,2648,TASKBR_VACANCY_V1,2493,491,2493,2689,3694,72.7937,0,2519,433,824,824,3117,2599,2514,2514,2514,0,0,0,492,0,0,0,2514,4936,18,BOTTLENECK_TARGET_FRONTIER_CONTINUITY_V2,3.53893,1.20739,12.2238,2.33298,24.3175,583,187,593,0,496,91,235,433,682,0,0,0,2468.1,3159237,3341,420.47,81,9,1169,,,,,,,,,,,,,,,,,,,,,,,,,,,,,,,,,,,,,,,,,,,,,,2834.74,2834.93,3665f4214409a92ec73f69132df1c5745714cfef5b33530729bbb8388dbac101,2.858,ok,
g6_dmedium_ascarce_pmixed_gshared_pool_seed0,warehouse_random_factorial,carrier,1,48,403.0,403000000,139,228,36,0,0.3218,380,52,394,394000000,48,403,403000000,1,1,1,0,13,129,0,0,STRICT_IMPROVEMENT,7,1,1,1,888,394,403,52,48,92,11,92,10939,0,416,15,1010,33,33,15250,2979,71,1077,38.5462,184167,3805,TASKBR_VACANCY_V1,1024,226,1024,838,1276,65.674,0,944,121,114,114,974,956,929,929,929,0,0,0,0,0,0,0,929,1033,18,BOTTLENECK_TARGET_FRONTIER_CONTINUITY_V2,0.894997,0.432373,4.07496,0.770141,7.24701,40,5,44,0,5,2,105,121,313,0,0,0,812.327,639687,819,91.6643,25,0,0,,,,,,,,,,,,,,,,,,,,,,,,,,,,,,,,,,,,,,,,,,,,,,907.348,907.512,72589662fd8af194d7d98edf3eb6cbf344d67ff42d22125be4c019a8175914a6,0.922,ok,
g6_dmedium_ascarce_pmixed_gsingleton_seed0,warehouse_random_factorial,carrier,1,258,1072.0,1072000000,396,604,64,6,0.1705,1568,260,1080,1080000000,258,1072,1072000000,1,0,0,1295,15157,67895,0,0,SEARCH_CUTOFF,267,0,0,0,-1,-1,-1,-1,-1,357,65,357,20905,0,522,0,3781,759,134,22278,5344,218,3369,130.13,576099,5414,TASKBR_VACANCY_V1,3283,767,3283,3204,4984,64.2857,0,14154,6245,11751,11751,14298,14271,14155,14155,14155,0,0,0,0,0,0,0,14155,96996,18,BOTTLENECK_TARGET_FRONTIER_CONTINUITY_V2,33.7226,9.38674,40.2587,7.61336,46.8523,5534,23,4565,0,119,216,11414,6245,867,0,0,0,5271.4,4213601,14744,767.515,2880,7,1271,,,,,,,,,,,,,,,,,,,,,,,,,,,,,,,,,,,,,,,,,,,,,,8637.95,8638.16,d2632cd6cdaeae70c1e07c2237fca1d488ba90647c6ef996269ee8b14c3a97fe,8.669,ok,
g6_dmedium_asurplus_pcross_heavy_gshared_pool_seed0,warehouse_random_factorial,carrier,1,39,472.0,472000000,102,292,69,12,0.0969,319,39,473,473000000,39,472,472000000,1,1,1,10,40,1064,0,0,STRICT_IMPROVEMENT,7,1,1,1,567,473,472,39,39,64,21,64,10212,0,141,0,694,154,45,1461,1045,48,1955,38.9877,334305,1234,TASKBR_VACANCY_V1,718,216,718,689,1181,58.3404,0,647,235,107,107,841,810,810,810,810,0,0,0,0,0,0,0,810,3498,18,BOTTLENECK_TARGET_FRONTIER_CONTINUITY_V2,1.05691,0.590478,4.74897,0.593814,7.46485,22,12,16,0,6,6,93,235,286,0,0,0,495.298,290273,732,56.0297,42,21,0,,,,,,,,,,,,,,,,,,,,,,,,,,,,,,,,,,,,,,,,,,,,,,584.722,584.853,a151d4ade74c2f7b37e3cab717e9a294573e07f01556e360d0e84d7cf0670380,0.599,ok,
g6_dmedium_asurplus_pcross_heavy_gsingleton_seed0,warehouse_random_factorial,carrier,1,95,709.0,709000000,360,288,56,5,0.1404,596,95,709,709000000,95,709,709000000,1,0,0,6927,80,2184,0,0,SEARCH_CUTOFF,3,0,0,0,-1,-1,-1,-1,-1,160,5789,160,12623,2,619,0,1210,338,166,4074,932,237,1903,61.4789,325413,1484,TASKBR_VACANCY_V1,6929,6473,6929,841,19557,4.30025,0,6349,12198,11710,11710,9420,9396,9396,9396,9396,0,0,0,2,0,0,0,9396,225963,18,BOTTLENECK_TARGET_FRONTIER_CONTINUITY_V2,42.5868,9.4059,51.1936,7.64145,47.0446,1715,61,1713,0,65,242,11401,12198,6578,0,0,0,4468.31,5027752,18454,949.122,3081,99,212,,,,,,,,,,,,,,,,,,,,,,,,,,,,,,,,,,,,,,,,,,,,,,8645.93,8646.12,0163daaab07dc7e250ff1ce1acfb32a3f1b96bce231d1b902c04124e3b29a114,8.675,ok,
g6_dmedium_asurplus_plocal_gshared_pool_seed0,warehouse_random_factorial,carrier,1,26,284.0,284000000,105,140,38,0,0.1496,174,26,284,284000000,26,284,284000000,1,0,0,36018,280,6238,0,0,SEARCH_CUTOFF,0,1,0,0,-1,284,-1,26,-1,353,9526,353,6165,0,448,0,1064,18,0,258,420,391,1390,102.608,237690,201,TASKBR_VACANCY_V1,6459,2369,6459,4115,8850,46.4972,74,2494,2156,10318,10318,2524,2490,2490,2490,2490,0,0,0,0,0,0,0,2490,51925,18,BOTTLENECK_TARGET_FRONTIER_CONTINUITY_V2,34.0122,3.05273,16.0666,2.18517,32.1876,8196,8190,4644,0,28,215,10073,2156,22210,0,0,0,4947.55,7404849,44062,1639.66,0,6,0,,,,,,,,,,,,,,,,,,,,,,,,,,,,,,,,,,,,,,,,,,,,,,8616.59,8616.73,1375df21b170ac99b5b3f29b45ad6615f19136f713ff2496492586a92dc95dc3,8.643,ok,
g6_dmedium_asurplus_plocal_gsingleton_seed0,warehouse_random_factorial,carrier,1,287,833.0,833000000,316,453,56,4,0.0408,2003,405,1017,1017000000,287,833,833000000,1,1,1,4,46,1260,1,1,REFERENCE_SUFFIX_ACCEPTED,109,0,0,0,-1,-1,-1,-1,-1,196,286,196,10279,2,380,0,1263,378,87,4357,707,185,1926,70.636,329346,1249,TASKBR_VACANCY_V1,1535,669,1535,1448,2860,50.6294,0,2078,292,1416,1416,3275,2202,2202,2202,2202,0,0,0,1053,0,0,0,2202,27744,18,BOTTLENECK_TARGET_FRONTIER_CONTINUITY_V2,6.04943,1.83912,11.8628,1.83047,29.3731,1185,241,1177,0,588,702,124,292,838,0,0,0,2321.75,8788618,9232,1038.02,38,66,3272,,,,,,,,,,,,,,,,,,,,,,,,,,,,,,,,,,,,,,,,,,,,,,2800.47,2800.69,74397024b67f20a13a0979843d9690f4da7ddbdbf0e0718ca47196f7b068c305,2.825,ok,
g6_dmedium_asurplus_pmixed_gshared_pool_seed0,warehouse_random_factorial,carrier,1,31,285.0,285000000,126,123,36,0,0.1505,249,31,285,285000000,31,285,285000000,1,0,0,41404,278,3591,0,0,SEARCH_CUTOFF,6,1,0,0,-1,285,-1,31,-1,1373,4031,1373,17499,0,2841,22,2798,18,17,5378,1089,3127,3508,388.544,599868,1584,TASKBR_VACANCY_V1,3965,1927,3965,2054,5905,34.7841,1088,1323,1028,5444,5444,1337,1318,1318,1318,1318,0,0,0,0,0,0,0,1318,23145,18,BOTTLENECK_TARGET_FRONTIER_CONTINUITY_V2,18.9006,1.49151,8.51406,1.11396,12.2606,4449,4447,2391,0,30,228,5184,1028,16958,0,0,0,7208.96,19714879,38338,3047.84,18,0,0,,,,,,,,,,,,,,,,,,,,,,,,,,,,,,,,,,,,,,,,,,,,,,8569.09,8569.27,56746f46ac5ab71596ea39e3a8fdd94edf6a3bda21dd42d321b04eec68d2138b,8.593,ok,
g6_dmedium_asurplus_pmixed_gsingleton_seed0,warehouse_random_factorial,carrier,1,191,664.0,664000000,324,264,66,5,0.0628,999,211,690,690000000,191,664,664000000,1,0,0,9083,190,5291,0,0,SEARCH_CUTOFF,32,0,0,0,-1,-1,-1,-1,-1,243,4621,243,12260,0,464,0,1316,214,106,15210,3686,222,1687,84.2007,288477,3936,TASKBR_VACANCY_V1,1650,646,1650,1279,2593,49.3251,0,633,274,11475,11475,734,711,711,711,711,0,0,0,0,0,0,0,711,5852,18,BOTTLENECK_TARGET_FRONTIER_CONTINUITY_V2,33.328,0.639702,4.28482,0.631425,12.6485,11302,11202,6018,0,304,384,10785,274,5328,0,0,0,4630.08,4126285,13998,797.953,68,25,1131,,,,,,,,,,,,,,,,,,,,,,,,,,,,,,,,,,,,,,,,,,,,,,8622.63,8622.88,2e1d88fe3e8650af4049ecd690658b69283caecd2a0769b27e7a057794260ba7,8.657,ok,
warehouse_blocks_h20w20_b3_a1_d25_r8_t12_seed0,warehouse_blocks,carrier,1,24,151.0,151000000,31,96,24,0,0.1615,54,24,151,151000000,24,151,151000000,1,0,0,4230,52,404,0,0,SEARCH_CUTOFF,3,0,0,0,-1,-1,-1,-1,-1,39,14055,39,634,0,23,0,238,0,0,10,160,23,139,3.49895,24325,0,TASKBR_VACANCY_V1,42402,18,42402,42384,42420,99.9151,0,49635,3527,17637,17637,49635,49630,49630,49630,49630,0,0,0,0,0,0,0,49630,117093,12,BOTTLENECK_TARGET_FRONTIER_CONTINUITY_V2,51.7404,20.5877,77.7306,12.5779,56.7531,11926,7,11922,0,24,265,17346,3527,14117,0,0,0,2343.79,4274582,134020,1238.63,19,0,0,,,,,,,,,,,,,,,,,,,,,,,,,,,,,,,,,,,,,,,,,,,,,,8641.14,8641.21,95608eb8600dbbf8af0f4b3a47c69430df4a4e087ceeb01f8d3aee5fe6ef438f,8.66,ok,
warehouse_blocks_h20w20_b3_a1_d50_r8_t12_seed0,warehouse_blocks,carrier,1,26,151.0,151000000,29,98,24,0,0.1394,102,26,151,151000000,26,151,151000000,1,0,0,9252,31256,81436,0,0,SEARCH_CUTOFF,4,0,0,0,-1,-1,-1,-1,-1,35,5330,35,502,0,30,0,203,0,0,24,8,30,69,3.08334,12075,8,TASKBR_VACANCY_V1,5522,5,5522,5517,5527,99.8191,0,18611,54,18342,18342,18611,18611,18611,18611,18611,0,0,0,0,0,0,0,18611,122919,12,BOTTLENECK_TARGET_FRONTIER_CONTINUITY_V2,37.4967,13.2173,38.2287,8.02363,44.7144,5844,3,5843,0,32,298,18010,54,5392,0,0,0,1778.96,219316,23973,246.499,11,0,0,,,,,,,,,,,,,,,,,,,,,,,,,,,,,,,,,,,,,,,,,,,,,,8646.47,8646.54,d101cc256f7ad04651a7bf7350d7f9f4a54145d518e08b8a5bbc296a89168699,8.666,ok,
warehouse_blocks_h20w20_b3_a1_d75_r8_t12_seed0,warehouse_blocks,carrier,1,26,145.0,145000000,35,86,24,0,0.1683,163,26,145,145000000,26,145,145000000,1,0,0,1555,22982,75293,0,0,SEARCH_CUTOFF,2,0,0,0,-1,-1,-1,-1,-1,36,16545,36,436,0,45,0,180,0,0,3360,888,47,71,3.34391,12425,1275,TASKBR_VACANCY_V1,16726,2,16726,16724,16728,99.9761,0,18145,4379,17895,17895,18145,18145,18145,18145,18145,0,0,0,0,0,0,0,18145,112013,12,BOTTLENECK_TARGET_FRONTIER_CONTINUITY_V2,37.9717,12.0822,38.5481,8.45313,35.2241,7956,5,7955,0,26,228,17639,4379,16621,0,0,0,2364.93,245320,28259,275.733,2175,0,2,,,,,,,,,,,,,,,,,,,,,,,,,,,,,,,,,,,,,,,,,,,,,,8660.93,8661,b275e81d4192b12ab9cc9f38f9af3fc056eb6cae4f3a650d041a871e57852527,8.682,ok,
warehouse_blocks_h20w20_b4_a1_d25_r8_t12_seed0,warehouse_blocks,carrier,1,24,135.0,135000000,29,82,24,0,0.151,77,24,135,135000000,24,135,135000000,1,0,0,3639,27046,80080,0,0,SEARCH_CUTOFF,9,0,0,0,-1,-1,-1,-1,-1,36,14301,36,476,0,25,0,202,0,0,1348,250,25,117,4.97709,16848,176,TASKBR_VACANCY_V1,14542,15,14542,14527,14557,99.7939,0,19660,86,19390,19390,19660,19651,19651,19651,19651,0,0,0,0,0,0,0,19651,125871,12,BOTTLENECK_TARGET_FRONTIER_CONTINUITY_V2,40.3712,12.3856,42.3368,9.38289,34.9132,11065,5,11064,0,30,298,19060,86,14366,0,0,0,1506.55,357764,33993,324.601,6,0,0,,,,,,,,,,,,,,,,,,,,,,,,,,,,,,,,,,,,,,,,,,,,,,8635.86,8635.97,7fc1c586b958c7ca0db3de822a433dee1bebbe264c111834a2916ba7fb720938,8.656,ok,
warehouse_blocks_h20w20_b4_a1_d50_r8_t12_seed0,warehouse_blocks,carrier,1,24,141.0,141000000,29,88,24,0,0.151,96,24,141,141000000,24,141,141000000,1,0,0,5442,27102,78317,0,0,SEARCH_CUTOFF,3,0,0,0,-1,-1,-1,-1,-1,51,16511,51,478,0,41,0,228,0,0,3742,706,44,123,4.96846,17712,874,TASKBR_VACANCY_V1,16731,6,16731,16725,16737,99.9283,0,18338,23896,18087,18087,18338,18335,18335,18335,18335,0,0,0,0,0,0,0,18335,103641,12,BOTTLENECK_TARGET_FRONTIER_CONTINUITY_V2,37.3722,12.2434,38.2854,7.24548,38.4248,5937,15,2413,0,3,7,18075,23896,24583,0,0,0,2127.88,724507,65577,482.084,11930,0,0,,,,,,,,,,,,,,,,,,,,,,,,,,,,,,,,,,,,,,,,,,,,,,8663.21,8663.29,65b8a5a5b3fb83351e0f1786c7cd2cc9fab3ccec1bdb5ab3550de4a19185157c,8.683,ok,
warehouse_blocks_h20w20_b4_a1_d75_r8_t12_seed0,warehouse_blocks,carrier,1,27,190.0,190000000,43,114,26,0,0.1991,188,27,190,190000000,27,190,190000000,1,0,0,61329,79833,111350,0,0,SEARCH_CUTOFF,4,0,0,0,-1,-1,-1,-1,-1,112,14307,112,951,0,175,0,515,6,4,1851,434,184,269,11.7183,38736,494,TASKBR_VACANCY_V1,46687,3028,46687,43665,49717,87.8271,0,35758,13379,15084,15084,35772,35769,35755,35755,35755,0,0,0,0,0,0,0,35755,72722,12,BOTTLENECK_TARGET_FRONTIER_CONTINUITY_V2,43.3827,15.1647,56.6634,10.349,27.8617,2020,27,2019,0,3,59,15020,13379,28929,0,0,0,3596.48,2434764,119626,1132.53,1373,0,0,,,,,,,,,,,,,,,,,,,,,,,,,,,,,,,,,,,,,,,,,,,,,,8666.56,8666.64,9b8ffadeb48a6366056d0e08fbd05bd164a616fa48c9f08c01fb3a85ff2b8801,8.69,ok,
warehouse_blocks_h20w20_b9_a1_d25_r8_t12_seed0,warehouse_blocks,carrier,1,24,156.0,156000000,33,99,24,0,0.1719,36,24,156,156000000,24,156,156000000,1,0,0,903,22891,78171,0,0,SEARCH_CUTOFF,4,0,0,0,-1,-1,-1,-1,-1,50,13661,50,667,0,34,0,253,18,16,1060,179,34,226,6.76445,17176,175,TASKBR_VACANCY_V1,38246,8872,38246,29400,47137,62.3714,0,35659,11784,17760,17760,35697,35684,35646,35646,35646,0,0,0,0,0,0,0,35646,106562,11,BOTTLENECK_TARGET_FRONTIER_CONTINUITY_V2,44.8288,17.2116,57.3422,10.686,28.1748,5596,6,5595,0,2,28,17728,11784,17501,0,0,0,2217.51,2862319,117824,959.705,2893,0,0,,,,,,,,,,,,,,,,,,,,,,,,,,,,,,,,,,,,,,,,,,,,,,8653.81,8653.89,ff58949b7807f7aef2e7034b23222e9ac3697b78c7302f489303b5eb96f4b59c,8.673,ok,
warehouse_blocks_h20w20_b9_a1_d50_r8_t12_seed0,warehouse_blocks,carrier,1,24,163.0,163000000,28,105,28,0,0.1458,40,24,163,163000000,24,163,163000000,1,0,0,12250,53,410,0,0,SEARCH_CUTOFF,2,0,0,0,-1,-1,-1,-1,-1,44,15215,44,441,0,47,0,232,23,5,2311,731,44,160,5.81486,12160,370,TASKBR_VACANCY_V1,45850,2872,45850,43005,51607,83.3317,0,42498,12359,16071,16071,44825,44822,44791,44791,44791,0,0,0,0,0,0,0,44791,98771,12,BOTTLENECK_TARGET_FRONTIER_CONTINUITY_V2,47.598,18.2052,72.8637,13.2024,64.6231,8488,10,8513,0,22,253,15794,12359,24982,0,0,0,3070.67,2422449,127220,1146.97,5110,0,0,,,,,,,,,,,,,,,,,,,,,,,,,,,,,,,,,,,,,,,,,,,,,,8657.94,8658.02,c31a7981a95b0a1d704b1057505c4c4a3f3b072d011012cd09e84355168cd3e4,8.678,ok,
warehouse_blocks_h20w20_b9_a1_d75_r8_t12_seed0,warehouse_blocks,carrier,1,23,157.0,157000000,25,108,24,0,0.1359,46,23,157,157000000,23,157,157000000,1,0,0,16782,236,949,0,0,SEARCH_CUTOFF,7,0,0,0,-1,-1,-1,-1,-1,95,14454,95,949,0,108,0,426,14,14,5444,3357,87,344,13.189,26144,1639,TASKBR_VACANCY_V1,53157,16141,53157,37406,71894,52.0294,0,35248,7362,15134,15134,35897,35895,35895,35895,35895,0,0,0,0,0,0,0,35895,81608,12,BOTTLENECK_TARGET_FRONTIER_CONTINUITY_V2,44.3217,15.8971,65.7148,10.7326,51.2693,5720,15,7393,0,1,26,15105,7362,28849,0,0,0,3610.65,3540781,121022,1274.48,16,0,0,,,,,,,,,,,,,,,,,,,,,,,,,,,,,,,,,,,,,,,,,,,,,,8655.85,8655.92,48c8907daf3f0fce5e86e5a9e82bbd9e6c3a2d7552e0ff4e5b3233089e78dd3a,8.676,ok,
