instance,family,method,success,executed_makespan,weighted_soc,weighted_work_scaled,loaded_moves,free_moves,lift_drop,shelf_switches,robot_utilization,first_solution_ms,first_solution_makespan,first_solution_soc,first_solution_work_scaled,best_makespan,best_soc,best_work_scaled,improvement_attempts,improvement_candidates,improvement_improvements,improvement_generator_failures,reference_checkpoint_hits,reference_action_hints,reference_suffix_attempts,reference_suffix_accepted,improvement_exit_reason,reversals,assignment_restarts,assignment_second_solved,assignment_improvements,assignment_second_solution_ms,assignment_first_soc,assignment_second_soc,assignment_first_makespan,assignment_second_makespan,upper_epoch_builds,pair_cache_hits,pair_cache_misses,pair_rollout_steps,pair_rollout_truncations,pair_rollout_stalls,tau_guide_changes_on_upper_move,joint_task_nodes,joint_task_edges,joint_shared_effects,joint_effect_conflicts,joint_candidate_backtracks,joint_paused_roots,vacancy_potential_builds,vacancy_potential_time_ms,vacancy_potential_unreachable_cells,clearance_first_choice_fallbacks,guidance_version,epoch_first_transfer_comparisons,epoch_first_transfer_flips,epoch_chain_overlap_samples,epoch_chain_overlap_intersection,epoch_chain_overlap_union,epoch_chain_overlap_pct,upper_epoch_cache_evictions,ready_task_count,rho_repairs,rho_match_calls_execute,rho_match_calls_prepare,rho_candidates_input,rho_candidates_after_claims,rho_candidates_after_key_dedupe,rho_candidates_after_shelf_preselect,rho_candidates_after_priority,rho_invalid_filtered,rho_duplicate_key_filtered,rho_same_shelf_filtered,rho_upstream_claim_filtered,rho_mode_ineligible_filtered,rho_no_reachable_robot_filtered,rho_priority_filtered,rho_matrix_rows_total,rho_matrix_cols_total,rho_matrix_max_rows,rho_objective_version,rho_candidate_time_ms,rho_matrix_time_ms,rho_bottleneck_time_ms,rho_secondary_full_time_ms,rho_canonical_time_ms,rho_column_identity_same,rho_column_value_same,rho_mode_or_conflict_same,rho_changed_rows_0,rho_changed_rows_1,rho_changed_rows_2,rho_changed_rows_gt2,rho_assignment_changes,custody_continuations,zero_empty_no_ready,rewire_guidance_rebuilds,tau_time_ms,guidance_time_ms,timed_transport_expansions,timed_transport_frames,timed_transport_time_ms,owner_handoffs,causal_waiting,traffic_waiting,brd_tau_ms,brd_upper_ms,brd_upper_nodes,brd_upper_constraints,brd_upper_steps,brd_upper_transfers,brd_vacancy_potential_builds,brd_vacancy_potential_time_ms,brd_vacancy_potential_unreachable_cells,brd_selected_clearance_pushes,brd_selected_clearance_loaded_steps,brd_clearance_first_choice_fallbacks,brd_guidance_version,brd_task_compile_ms,brd_waves,brd_tasks,brd_max_wave_width,brd_target_tasks,brd_anon_tasks,brd_match_calls,brd_match_ms,brd_match_max_cardinality_ms,brd_match_max_cardinality_cutoffs,brd_match_max_rows,brd_match_rows_without_finite_real_edge,brd_match_maximum_real_cardinality,brd_match_real_assignments,brd_match_hall_deficient_calls,brd_dispatch_epochs,brd_completion_events,brd_tasks_completed_per_event,brd_locked_carriers_max,brd_provisional_reassignments,brd_segments,brd_segment_ms,brd_segment_nodes,brd_segment_failures,brd_cleanup_ms,brd_replay_ms,brd_raw_ticks,brd_raw_work_scaled,brd_goal_prefix_removed,brd_incidental_goal_prefix_ms,brd_raw_plan_valid,brd_exit_reason,deliverable_ms,solver_runtime_ms,plan_sha256,runtime_sec,status,raw
brap_h10w10_a12_e3_B_seed0_pool,g10x10,carrier_brd,1,191,301.0,301000000,35,166,70,4,0.0916,49,191,301,301000000,191,301,301000000,0,0,0,0,0,0,0,0,NOT_ATTEMPTED,0,0,0,0,-1,-1,-1,-1,-1,0,0,0,0,0,0,0,0,0,0,0,0,0,,,,,,,,,,,,,0,0,0,0,0,0,0,0,0,0,0,0,0,0,0,0,0,0,0,BOTTLENECK_TARGET_FRONTIER_CONTINUITY_V2,0,0,0,0,0,0,0,0,0,0,0,0,0,0,0,0,0,0.12444,0,0,0,0,0,0,8.94016,21.197,20,20,19,35,132,1.49806,528,30,30,9862,TASKBR_VACANCY_V1,0.641165,19,35,3,5,30,35,0.481114,0.015632,0,3,0,47,47,0,35,35,"1,1,1,1,1,1,1,1,1,1,1,1,1,1,1,1,1,1,1,1,1,1,1,1,1,1,1,1,1,1,1,1,1,1,1",1,0,35,10.5826,318,0,0.244241,1.10978,191,301000000,0,45,1,SOLVED,49,49.5719,2ec92f04b2857379bec296d6d09bf6e713e0eb634e016ec2ab0daad4fd683a17,0.059,ok,
brap_h10w10_a12_e3_B_seed1_pool,g10x10,carrier_brd,1,500,921.0,921000000,129,432,258,69,0.129,168,500,921,921000000,500,921,921000000,0,0,0,0,0,0,0,0,NOT_ATTEMPTED,3,0,0,0,-1,-1,-1,-1,-1,0,0,0,0,0,0,0,0,0,0,0,0,0,,,,,,,,,,,,,0,0,0,0,0,0,0,0,0,0,0,0,0,0,0,0,0,0,0,BOTTLENECK_TARGET_FRONTIER_CONTINUITY_V2,0,0,0,0,0,0,0,0,0,0,0,0,0,0,0,0,0,0.325431,0,0,0,0,0,0,23.772,91.9901,52,52,51,129,706,7.15787,2824,102,102,56533,TASKBR_VACANCY_V1,1.66387,51,129,3,27,102,114,1.54909,0.053496,0,3,0,171,171,0,114,114,"1,1,1,1,1,1,1,1,1,1,1,1,1,1,1,1,1,1,1,1,1,1,1,1,1,1,1,1,1,1,1,1,1,1,1,1,1,1,1,1,1,1,1,1,1,1,1,1,1,1,1,1,1,1,1,1,1,1,1,1,1,1,1,1,1,1,2,1,1,1,1,2,1,1,1,1,1,1,1,1,1,1,1,1,1,1,1,2,2,2,2,1,1,1,1,1,1,1,1,1,2,2,2,2,2,2,2,2,2,1,1,1,1,1",1,3,114,28.421,868,0,0.70647,2.89466,500,921000000,0,156,1,SOLVED,168,168.953,6d3637f3a846a52442d75155b48ab6c5d0ff19209cad07fbd3097ea6a39e6d26,0.181,ok,
brap_h10w10_a12_e3_R1_seed0,g10x10,carrier_brd,1,649,1081.0,1081000000,151,515,302,87,0.1163,123,649,1081,1081000000,649,1081,1081000000,0,0,0,0,0,0,0,0,NOT_ATTEMPTED,5,0,0,0,-1,-1,-1,-1,-1,0,0,0,0,0,0,0,0,0,0,0,0,0,,,,,,,,,,,,,0,0,0,0,0,0,0,0,0,0,0,0,0,0,0,0,0,0,0,BOTTLENECK_TARGET_FRONTIER_CONTINUITY_V2,0,0,0,0,0,0,0,0,0,0,0,0,0,0,0,0,0,0.369088,0,0,0,0,0,0,1.13758,58.5158,80,80,79,151,140,2.35882,560,113,113,26977,TASKBR_VACANCY_V1,2.4097,79,151,3,38,113,140,1.72153,0.058594,0,3,0,198,198,0,140,140,"1,1,1,1,1,1,1,2,1,1,1,1,1,1,1,1,1,1,1,1,1,1,1,1,1,1,1,1,1,1,1,1,2,1,1,1,1,1,1,1,2,1,1,1,1,1,1,1,1,1,1,1,1,1,1,1,1,1,1,1,1,1,1,1,1,1,1,1,1,1,1,1,1,1,1,1,1,1,1,1,1,1,1,1,1,1,1,2,2,2,1,1,1,1,1,1,1,1,2,1,1,2,2,2,2,1,1,1,1,1,1,1,1,1,1,1,1,1,1,1,1,1,1,1,1,1,1,1,1,1,1,1,1,1,1,1,1,1,1,1",1,4,140,33.1605,1037,0,0.854647,3.69809,649,1081000000,0,108,1,SOLVED,123,123.653,647f0533537c8883e7d274254b03d330edf6d15ea036f8dce6d5ff84398c6621,0.136,ok,
brap_h10w10_a12_e3_R1_seed1,g10x10,carrier_brd,1,588,1074.0,1074000000,153,502,306,94,0.1301,136,588,1074,1074000000,588,1074,1074000000,0,0,0,0,0,0,0,0,NOT_ATTEMPTED,4,0,0,0,-1,-1,-1,-1,-1,0,0,0,0,0,0,0,0,0,0,0,0,0,,,,,,,,,,,,,0,0,0,0,0,0,0,0,0,0,0,0,0,0,0,0,0,0,0,BOTTLENECK_TARGET_FRONTIER_CONTINUITY_V2,0,0,0,0,0,0,0,0,0,0,0,0,0,0,0,0,0,0.368198,0,0,0,0,0,0,1.24953,75.4503,66,66,65,153,134,2.19873,536,113,113,41072,TASKBR_VACANCY_V1,2.08796,65,153,3,40,113,130,1.68543,0.060333,0,3,0,195,195,0,130,130,"1,1,1,1,1,1,1,1,1,1,1,1,2,1,1,1,1,1,1,1,1,1,1,1,1,1,1,1,1,1,1,1,1,1,1,1,1,1,1,1,1,1,1,1,1,1,1,1,1,1,1,1,1,1,1,1,1,2,1,1,1,1,1,1,1,1,1,1,1,1,1,1,1,1,1,1,1,1,1,1,1,1,1,1,2,2,2,2,2,1,1,1,1,1,2,2,2,2,2,2,2,2,2,2,2,2,2,1,1,1,2,2,2,1,1,1,1,1,1,1,1,1,1,1,1,1,1,1,1,1",1,5,130,31.5581,985,0,0.795369,3.3279,588,1074000000,0,123,1,SOLVED,136,136.691,21b4a9ef4b109d6816ebd020e6220b4a577563526e21e4bc52cb94058d901786,0.149,ok,
brap_h10w10_a12_e8_B_seed0_pool,g10x10,carrier_brd,1,358,702.0,702000000,76,419,152,28,0.1061,64,358,702,702000000,358,702,702000000,0,0,0,0,0,0,0,0,NOT_ATTEMPTED,6,0,0,0,-1,-1,-1,-1,-1,0,0,0,0,0,0,0,0,0,0,0,0,0,,,,,,,,,,,,,0,0,0,0,0,0,0,0,0,0,0,0,0,0,0,0,0,0,0,BOTTLENECK_TARGET_FRONTIER_CONTINUITY_V2,0,0,0,0,0,0,0,0,0,0,0,0,0,0,0,0,0,0.239881,0,0,0,0,0,0,17.1209,12.2143,17,17,16,76,741,5.12768,2964,55,55,3697,TASKBR_VACANCY_V1,0.574485,16,76,7,21,55,69,1.95412,0.054664,0,7,0,108,108,0,69,69,"1,1,2,2,1,1,1,1,1,1,1,1,2,2,1,2,2,1,1,1,1,1,1,1,1,1,1,1,1,1,1,1,2,1,1,1,1,1,1,1,1,1,1,1,1,1,1,1,1,1,1,1,1,1,1,1,1,1,1,1,1,1,1,1,1,1,1,1,1",1,14,69,19.0717,644,0,0.494535,1.93317,358,702000000,0,56,1,SOLVED,64,65.1374,e4f2e18185362dae394a44ec9636b0a96e00847e34fd81523229e683e1a880b8,0.075,ok,
brap_h10w10_a12_e8_B_seed1_pool,g10x10,carrier_brd,1,379,683.0,683000000,79,387,158,33,0.1042,65,379,683,683000000,379,683,683000000,0,0,0,0,0,0,0,0,NOT_ATTEMPTED,4,0,0,0,-1,-1,-1,-1,-1,0,0,0,0,0,0,0,0,0,0,0,0,0,,,,,,,,,,,,,0,0,0,0,0,0,0,0,0,0,0,0,0,0,0,0,0,0,0,BOTTLENECK_TARGET_FRONTIER_CONTINUITY_V2,0,0,0,0,0,0,0,0,0,0,0,0,0,0,0,0,0,0.235648,0,0,0,0,0,0,18.7245,10.235,30,30,29,79,757,5.69633,3028,59,59,1704,TASKBR_VACANCY_V1,0.902079,29,79,5,20,59,77,1.52248,0.046681,0,5,0,108,108,0,77,77,"1,1,1,1,1,1,1,1,1,1,1,1,1,1,1,1,1,1,1,1,1,2,1,1,2,1,1,1,1,1,1,1,1,1,1,1,1,1,1,1,1,1,1,1,1,1,1,1,1,1,1,1,1,1,1,1,1,1,1,1,1,1,1,1,1,1,1,1,1,1,1,1,1,1,1,1,1",1,8,77,19.5884,660,0,0.482554,1.94429,379,683000000,0,57,1,SOLVED,65,65.8571,04f0535d55a13ec30dc892c78d8406278036c58b790d676c10427af3e5b32cd6,0.077,ok,
brap_h10w10_a12_e8_R1_seed0,g10x10,carrier_brd,1,1253,2344.0,2344000000,295,1254,590,220,0.1177,195,1253,2344,2344000000,1253,2344,2344000000,0,0,0,0,0,0,0,0,NOT_ATTEMPTED,6,0,0,0,-1,-1,-1,-1,-1,0,0,0,0,0,0,0,0,0,0,0,0,0,,,,,,,,,,,,,0,0,0,0,0,0,0,0,0,0,0,0,0,0,0,0,0,0,0,BOTTLENECK_TARGET_FRONTIER_CONTINUITY_V2,0,0,0,0,0,0,0,0,0,0,0,0,0,0,0,0,0,0.753343,0,0,0,0,0,0,1.80465,67.4233,123,195,114,295,285,3.85354,1140,205,205,12200,TASKBR_VACANCY_V1,3.57411,114,295,7,90,205,253,4.91768,0.14969,0,7,0,374,374,0,253,253,"1,2,1,1,1,1,1,1,2,1,1,1,1,1,1,1,1,1,1,1,1,1,1,1,1,1,1,1,1,1,1,1,1,1,1,1,2,1,1,1,2,1,1,1,1,1,1,1,1,1,1,1,1,1,1,1,1,1,1,1,1,1,1,1,1,1,1,1,1,1,1,1,1,1,1,1,1,2,2,1,2,1,1,1,1,1,1,1,1,1,1,1,1,1,1,1,1,1,1,1,1,1,1,1,1,1,2,1,1,1,1,1,2,1,1,1,2,1,1,1,1,1,1,1,1,1,1,1,1,1,1,1,1,1,1,1,1,2,1,2,1,1,1,1,1,2,1,1,1,1,1,1,1,1,1,1,1,1,2,2,1,1,2,2,2,2,2,2,2,1,2,1,2,1,1,1,1,1,1,1,1,1,1,1,1,1,1,2,2,1,1,1,2,1,1,1,1,1,2,2,2,1,1,1,1,1,1,2,2,2,2,2,2,2,2,2,1,1,1,1,1,1,1,1,1,1,1,1,2,2,2,1,1,1,1,1,1,1,1,1,1,1,1,1,1,1,1,1,1,1,1,1,1",1,22,253,65.7387,2066,0,1.55749,6.44196,1253,2344000000,0,168,1,SOLVED,195,195.874,510f808bb8817a0e96fe2c375b01cddfd1d394e6f3059a70c6421de10a86e277,0.212,ok,
brap_h10w10_a12_e8_R1_seed1,g10x10,carrier_brd,1,905,1696.0,1696000000,198,956,396,125,0.1094,131,905,1696,1696000000,905,1696,1696000000,0,0,0,0,0,0,0,0,NOT_ATTEMPTED,11,0,0,0,-1,-1,-1,-1,-1,0,0,0,0,0,0,0,0,0,0,0,0,0,,,,,,,,,,,,,0,0,0,0,0,0,0,0,0,0,0,0,0,0,0,0,0,0,0,BOTTLENECK_TARGET_FRONTIER_CONTINUITY_V2,0,0,0,0,0,0,0,0,0,0,0,0,0,0,0,0,0,0.609755,0,0,0,0,0,0,1.59932,36.0209,57,57,56,198,194,2.19476,776,146,146,4654,TASKBR_VACANCY_V1,1.96185,56,198,8,52,146,188,5.19498,0.139868,0,8,0,270,270,0,188,188,"1,1,1,1,1,1,1,1,1,2,2,1,1,1,1,1,1,1,1,1,1,1,1,1,1,1,1,1,1,1,1,1,1,1,1,1,1,1,2,1,1,1,1,1,2,1,1,1,1,1,1,1,1,1,1,1,1,1,1,1,2,1,1,1,1,1,1,1,1,1,2,1,1,1,1,1,1,1,1,1,1,1,1,1,1,1,1,1,1,1,1,1,1,1,2,1,1,1,1,1,1,1,1,1,1,2,1,1,1,1,1,1,1,1,1,1,1,1,1,1,1,1,1,1,1,1,1,1,1,1,1,1,1,1,1,1,2,1,1,1,1,1,1,1,1,1,1,1,1,1,1,1,1,1,1,1,1,1,1,1,1,1,1,1,1,1,1,1,1,2,1,1,1,1,1,1,1,1,1,1,1,1,1,1,1,1,1,1",1,25,188,49.7761,1662,0,1.16042,4.69769,905,1696000000,0,112,1,SOLVED,131,131.537,a8315e215f8b92390dfe7be789281509c46f93fbe3fac5951c66b8ea06b83ad3,0.146,ok,
brap_h10w10_a1_e1_B_seed0_pool,g10x10,carrier_brd,1,77,89.0,89000000,15,32,30,5,0.0974,13,77,89,89000000,77,89,89000000,0,0,0,0,0,0,0,0,NOT_ATTEMPTED,0,0,0,0,-1,-1,-1,-1,-1,0,0,0,0,0,0,0,0,0,0,0,0,0,,,,,,,,,,,,,0,0,0,0,0,0,0,0,0,0,0,0,0,0,0,0,0,0,0,BOTTLENECK_TARGET_FRONTIER_CONTINUITY_V2,0,0,0,0,0,0,0,0,0,0,0,0,0,0,0,0,0,0.039788,0,0,0,0,0,0,3.24945,1.16153,16,16,15,15,111,1.53076,444,12,12,558,TASKBR_VACANCY_V1,0.440677,15,15,1,3,12,15,0.179463,0.005267,0,1,0,15,15,0,15,15,"1,1,1,1,1,1,1,1,1,1,1,1,1,1,1",0,0,15,4.22281,92,0,0.129562,0.813189,77,89000000,0,10,1,SOLVED,13,13.5836,bb131be9ee71431ef11f737683e76298a7881a5381435d46765e7ec508116645,0.023,ok,
brap_h10w10_a1_e1_B_seed1_pool,g10x10,carrier_brd,1,0,0.0,0,0,0,0,0,0.0,0,0,0,0,0,0,0,0,0,0,0,0,0,0,0,NOT_ATTEMPTED,0,0,0,0,-1,-1,-1,-1,-1,0,0,0,0,0,0,0,0,0,0,0,0,0,,,,,,,,,,,,,0,0,0,0,0,0,0,0,0,0,0,0,0,0,0,0,0,0,0,BOTTLENECK_TARGET_FRONTIER_CONTINUITY_V2,0,0,0,0,0,0,0,0,0,0,0,0,0,0,0,0,0,0,0,0,0,0,0,0,0,0,0,0,0,0,0,0,0,0,0,0,TASKBR_VACANCY_V1,0,0,0,0,0,0,0,0,0,0,0,0,0,0,0,0,0,,0,0,0,0,0,0,0,0,0,0,0,-1,1,SOLVED,0,0.01776,e3b0c44298fc1c149afbf4c8996fb92427ae41e4649b934ca495991b7852b855,0.009,ok,
brap_h10w10_a1_e1_R1_seed0,g10x10,carrier_brd,1,63,72.0,72000000,11,30,22,3,0.0873,6,63,72,72000000,63,72,72000000,0,0,0,0,0,0,0,0,NOT_ATTEMPTED,0,0,0,0,-1,-1,-1,-1,-1,0,0,0,0,0,0,0,0,0,0,0,0,0,,,,,,,,,,,,,0,0,0,0,0,0,0,0,0,0,0,0,0,0,0,0,0,0,0,BOTTLENECK_TARGET_FRONTIER_CONTINUITY_V2,0,0,0,0,0,0,0,0,0,0,0,0,0,0,0,0,0,0.021512,0,0,0,0,0,0,0.276334,1.27935,12,12,11,11,20,0.254716,80,9,9,556,TASKBR_VACANCY_V1,0.355919,11,11,1,2,9,11,0.083903,0.002382,0,1,0,11,11,0,11,11,"1,1,1,1,1,1,1,1,1,1,1",0,0,11,2.18965,74,0,0.063986,0.347373,63,72000000,0,4,1,SOLVED,6,6.43583,fba2150c7fae1b5b07713cb9c983d3838c537a1dbc2fe8d724e20640f31b8db7,0.015,ok,
brap_h10w10_a1_e1_R1_seed1,g10x10,carrier_brd,1,246,285.0,285000000,52,90,104,21,0.1057,24,246,285,285000000,246,285,285000000,0,0,0,0,0,0,0,0,NOT_ATTEMPTED,0,0,0,0,-1,-1,-1,-1,-1,0,0,0,0,0,0,0,0,0,0,0,0,0,,,,,,,,,,,,,0,0,0,0,0,0,0,0,0,0,0,0,0,0,0,0,0,0,0,BOTTLENECK_TARGET_FRONTIER_CONTINUITY_V2,0,0,0,0,0,0,0,0,0,0,0,0,0,0,0,0,0,0.084762,0,0,0,0,0,0,0.6861,3.56132,53,53,52,52,86,1.25591,344,39,39,132,TASKBR_VACANCY_V1,1.56029,52,52,1,13,39,52,0.379713,0.010497,0,1,0,52,52,0,52,52,"1,1,1,1,1,1,1,1,1,1,1,1,1,1,1,1,1,1,1,1,1,1,1,1,1,1,1,1,1,1,1,1,1,1,1,1,1,1,1,1,1,1,1,1,1,1,1,1,1,1,1,1",0,0,52,9.5422,298,0,0.289329,1.34772,246,285000000,0,19,1,SOLVED,24,25.009,4a53957f107689cf414f235b12d48aa8cfe83c298ce697fa90f4e50044d5b6bd,0.035,ok,
brap_h20w20_a40_e100_B_seed0_pool,g20x20,carrier_brd,1,1252,5324.0,5324000000,529,3486,1058,389,0.0845,2413,1252,5324,5324000000,1252,5324,5324000000,0,0,0,0,0,0,0,0,NOT_ATTEMPTED,91,0,0,0,-1,-1,-1,-1,-1,0,0,0,0,0,0,0,0,0,0,0,0,0,,,,,,,,,,,,,0,0,0,0,0,0,0,0,0,0,0,0,0,0,0,0,0,0,0,BOTTLENECK_TARGET_FRONTIER_CONTINUITY_V2,0,0,0,0,0,0,0,0,0,0,0,0,0,0,0,0,0,3.0796,0,0,0,0,0,0,1224.19,101.262,147,978,69,529,45875,256.518,734000,251,251,9299,TASKBR_VACANCY_V1,6.78243,69,529,30,278,251,420,282.243,2.11858,0,30,0,1396,1396,0,420,420,"1,1,2,1,1,1,2,1,2,1,1,1,2,3,1,2,1,1,1,2,1,1,1,1,1,1,1,1,1,1,2,1,1,1,1,1,1,2,2,1,1,2,2,1,1,1,1,1,2,1,2,1,1,1,1,1,1,1,1,1,1,1,1,1,2,2,1,1,1,1,1,1,2,2,1,2,1,3,1,1,1,2,2,1,1,2,1,2,1,2,1,1,1,1,1,1,1,1,1,1,1,2,1,1,1,1,1,1,1,1,2,1,1,1,2,1,2,1,1,1,1,1,1,1,1,1,1,1,1,1,1,1,1,1,1,1,1,2,1,1,1,1,1,2,1,1,1,1,2,2,1,1,1,1,1,1,1,1,1,1,1,1,1,1,1,1,1,1,1,1,1,1,1,1,1,1,1,1,1,1,1,2,1,1,1,1,1,1,1,1,2,1,2,1,2,1,1,1,1,1,1,1,1,1,2,2,1,2,1,1,1,1,1,1,1,1,2,2,1,1,1,1,1,1,1,1,1,1,1,1,2,1,1,1,1,1,1,1,1,2,1,4,1,1,1,1,1,1,1,1,1,1,3,2,1,1,1,1,1,1,1,2,2,3,1,1,1,2,1,1,1,1,1,1,1,3,1,1,2,1,1,2,1,2,2,1,1,1,1,1,1,1,1,1,1,1,1,1,2,1,1,1,1,1,3,1,1,1,1,3,1,2,3,1,1,1,5,1,1,1,1,1,1,1,1,1,2,1,2,1,1,2,2,1,3,2,1,2,2,1,1,2,1,1,2,3,1,1,3,1,1,1,1,1,1,2,1,1,2,1,1,1,1,2,1,1,3,1,1,1,1,1,2,1,1,3,1,3,1,2,1,1,3,1,1,1,1,1,1,1,2,2,2,1,1,1,1,1,1,1,1,1,1,1,1,2,2,1,1,1,1,1,1,1,1,1,1,1,2,1",3,254,420,505.489,4877,0,9.07367,30.8514,1252,5324000000,0,2294,1,SOLVED,2413,2414.38,9c1a499b5f832fa5b36ca402875dee2983463b727fa5dd1d35882d8cafd63d17,2.456,ok,
brap_h20w20_a40_e100_B_seed1_pool,g20x20,carrier_brd,1,1201,5426.0,5426000000,466,3789,932,291,0.0776,2430,1201,5426,5426000000,1201,5426,5426000000,0,0,0,0,0,0,0,0,NOT_ATTEMPTED,95,0,0,0,-1,-1,-1,-1,-1,0,0,0,0,0,0,0,0,0,0,0,0,0,,,,,,,,,,,,,0,0,0,0,0,0,0,0,0,0,0,0,0,0,0,0,0,0,0,BOTTLENECK_TARGET_FRONTIER_CONTINUITY_V2,0,0,0,0,0,0,0,0,0,0,0,0,0,0,0,0,0,3.07955,0,0,0,0,0,0,855.036,197.248,130,3119,46,466,46566,252.461,745056,239,239,8248,TASKBR_VACANCY_V1,4.85069,46,466,33,227,239,376,619.651,2.84143,0,33,0,1377,1377,0,376,376,"1,2,2,1,1,1,1,1,1,1,1,1,1,2,2,1,1,1,1,2,1,2,1,1,1,1,2,1,1,1,1,1,1,4,1,2,1,2,1,1,1,1,1,1,1,1,1,3,2,1,1,1,1,1,1,1,1,2,1,2,3,1,1,1,1,1,1,1,1,1,1,1,1,1,2,1,2,1,1,1,1,2,1,1,2,1,2,1,2,1,2,2,1,3,1,1,2,1,3,1,1,1,1,1,1,1,1,1,2,1,1,2,1,1,1,1,1,2,1,1,1,1,1,1,1,1,1,1,1,1,1,1,1,1,1,1,1,2,1,1,2,1,1,1,1,1,1,1,1,1,1,1,1,1,1,1,1,1,1,2,2,2,1,1,1,1,1,1,1,1,2,1,1,1,1,1,1,2,1,1,1,1,1,1,1,2,2,1,1,1,2,1,1,1,4,1,1,1,1,1,2,1,1,1,1,1,1,1,2,1,1,1,1,3,1,1,1,1,1,1,2,2,1,1,3,2,1,1,1,1,2,1,2,1,1,1,2,1,2,1,1,1,1,1,2,1,1,1,1,1,1,1,1,1,1,2,1,1,1,1,1,1,1,1,1,1,1,1,1,1,1,1,2,1,2,2,1,2,1,2,1,1,1,1,1,1,4,1,1,2,1,1,1,1,1,2,1,1,1,2,1,1,1,1,1,1,1,1,1,1,1,1,1,1,2,1,2,1,1,1,1,1,1,1,2,1,2,1,1,2,1,1,2,1,1,4,1,1,1,1,1,1,1,2,1,1,1,1,1,1,1,1,1,1,1,1,1,1,1,1,1,2,1,1,1,1,2,2,3,1,1,1,1,2,1,1",4,295,376,474.807,4766,0,8.10605,29.1071,1201,5426000000,0,2315,1,SOLVED,2430,2431.45,c6e53167954b6b3366c7bc5c7dc89e2cd61e0fe39568c6ea54c5f87e1a2410b7,2.47,ok,
brap_h20w20_a40_e100_R1_seed0,g20x20,carrier_brd,1,1123,4558.0,4558000000,467,2909,934,292,0.0832,990,1123,4558,4558000000,1123,4558,4558000000,0,0,0,0,0,0,0,0,NOT_ATTEMPTED,71,0,0,0,-1,-1,-1,-1,-1,0,0,0,0,0,0,0,0,0,0,0,0,0,,,,,,,,,,,,,0,0,0,0,0,0,0,0,0,0,0,0,0,0,0,0,0,0,0,BOTTLENECK_TARGET_FRONTIER_CONTINUITY_V2,0,0,0,0,0,0,0,0,0,0,0,0,0,0,0,0,0,2.40266,0,0,0,0,0,0,7.38067,43.8228,74,74,73,467,428,11.083,6848,248,248,1238,TASKBR_VACANCY_V1,7.30761,73,467,34,219,248,349,309.027,1.73921,0,34,0,1095,1095,0,349,349,"1,1,1,3,1,2,1,3,2,1,1,1,1,1,2,2,1,1,2,2,1,3,1,2,2,1,1,1,1,1,1,1,1,1,1,1,2,2,1,1,4,1,2,1,1,1,1,1,1,1,1,1,1,1,2,1,1,1,1,1,1,1,1,1,2,2,3,1,1,1,1,1,1,1,1,1,2,2,2,1,1,1,1,1,1,2,1,2,1,1,1,1,1,2,1,1,1,1,1,1,1,1,2,2,1,2,1,1,1,1,1,1,1,1,1,1,1,1,1,1,1,1,1,1,1,1,1,3,2,2,2,1,2,1,1,1,1,1,1,1,2,1,1,1,1,1,1,1,1,1,1,1,1,1,1,1,2,1,2,1,1,2,1,1,1,2,1,1,2,1,1,1,1,2,1,1,1,1,1,2,1,1,1,1,2,1,1,1,1,1,1,1,1,1,1,2,3,1,2,1,1,1,3,1,1,1,1,1,1,1,1,3,1,1,2,1,1,1,1,1,2,1,1,4,2,1,1,1,1,2,2,1,1,1,1,1,1,1,1,1,1,1,1,4,1,1,1,1,2,1,1,1,2,3,2,1,1,1,1,2,1,1,4,1,1,4,5,1,1,3,1,1,1,4,1,4,1,1,4,2,2,2,1,1,2,1,2,2,1,3,1,1,1,3,2,1,1,1,1,1,1,1,1,1,1,2,2,2,2,1,2,1,1,1,1,1,1,2,1,1,1,1,2,2,1,1,1,1,1,2,2,2,2,1,1,1,1,1,1,1,1,1,1,1,1,1,1,1,1",4,199,349,375.481,3747,0,7.41264,28.3898,1123,4558000000,0,879,1,SOLVED,990,990.953,01459175a2f198029d408a9c6f4965b2c8a8f97a01dd39ba84fabb5a91130a02,1.033,ok,
brap_h20w20_a40_e100_R1_seed1,g20x20,carrier_brd,1,797,3173.0,3173000000,333,1984,666,190,0.0836,724,797,3173,3173000000,797,3173,3173000000,0,0,0,0,0,0,0,0,NOT_ATTEMPTED,54,0,0,0,-1,-1,-1,-1,-1,0,0,0,0,0,0,0,0,0,0,0,0,0,,,,,,,,,,,,,0,0,0,0,0,0,0,0,0,0,0,0,0,0,0,0,0,0,0,BOTTLENECK_TARGET_FRONTIER_CONTINUITY_V2,0,0,0,0,0,0,0,0,0,0,0,0,0,0,0,0,0,1.65167,0,0,0,0,0,0,6.83109,47.1953,71,82,68,333,345,12.1694,5520,190,190,1602,TASKBR_VACANCY_V1,9.13504,68,333,32,143,190,247,232.839,1.1965,0,32,0,739,739,0,247,247,"1,1,1,1,1,1,2,1,1,1,1,1,2,1,1,1,1,1,1,1,2,1,1,1,2,1,1,1,2,1,1,1,1,1,1,1,1,1,1,1,3,1,2,1,2,1,1,1,1,1,1,3,2,2,1,1,1,1,1,2,1,1,1,1,1,1,1,1,1,1,1,1,1,2,2,1,1,2,1,1,1,1,1,1,1,1,1,1,2,1,1,1,1,1,1,1,2,1,1,1,1,1,1,1,3,1,1,1,1,1,2,2,1,1,3,2,1,1,1,1,1,2,1,2,3,1,1,1,1,1,1,1,1,1,1,1,2,1,1,1,1,1,2,1,1,1,1,1,1,2,1,1,1,1,1,1,1,1,1,2,4,1,3,1,3,1,4,1,4,3,1,1,3,5,3,2,1,1,2,3,1,3,2,1,1,3,2,1,1,1,1,1,2,3,3,1,1,1,1,1,1,1,1,2,1,1,3,1,3,1,2,3,3,3,1,1,2,1,1,1,1,1,1,1,1,1,1,1,1,1,1,1,1,2,1,1,1,1,1,1,1,1,1,1,1,1,1",4,145,247,258.263,2542,0,5.25904,19.9271,797,3173000000,0,646,1,SOLVED,724,724.591,a2f23c4ecde4ef202ed03dbf3f04a35e6aff820d0dbea8cd34246d5cc5cd9a3f,0.755,ok,
brap_h20w20_a40_e10_B_seed0_pool,g20x20,carrier_brd,1,2231,8967.0,8967000000,935,5441,1870,649,0.0838,4020,2231,8967,8967000000,2231,8967,8967000000,0,0,0,0,0,0,0,0,NOT_ATTEMPTED,96,0,0,0,-1,-1,-1,-1,-1,0,0,0,0,0,0,0,0,0,0,0,0,0,,,,,,,,,,,,,0,0,0,0,0,0,0,0,0,0,0,0,0,0,0,0,0,0,0,BOTTLENECK_TARGET_FRONTIER_CONTINUITY_V2,0,0,0,0,0,0,0,0,0,0,0,0,0,0,0,0,0,6.0588,0,0,0,0,0,0,1759.19,683.921,162,671,142,935,84428,1257.86,1350848,721,721,420373,TASKBR_VACANCY_V1,17.4814,142,935,10,214,721,697,53.8838,1.39525,0,10,0,2110,2110,0,697,697,"1,1,2,2,1,1,1,3,3,1,1,1,3,1,1,1,1,2,1,1,1,1,1,1,1,1,1,1,1,2,1,2,1,1,1,3,1,3,1,1,3,1,1,1,1,1,1,1,1,2,1,1,1,2,1,2,1,1,1,1,1,2,1,1,2,1,1,1,1,1,1,2,1,1,2,1,2,1,1,1,2,1,1,1,1,2,1,1,1,2,1,1,2,1,1,2,1,1,2,1,1,1,1,1,1,1,1,1,2,1,1,2,1,1,3,2,1,1,1,1,2,1,1,2,1,1,1,1,3,1,1,1,1,1,1,1,1,1,1,1,1,1,1,1,2,1,2,3,1,3,1,1,1,1,2,3,2,1,1,1,1,2,1,1,1,2,1,1,1,1,1,2,1,1,1,1,2,1,1,2,2,1,1,1,1,1,1,1,1,1,1,4,1,1,1,1,1,1,2,1,1,1,1,1,1,1,1,1,1,1,1,1,1,1,1,1,2,1,1,1,1,1,1,1,1,1,1,1,2,1,1,1,1,3,1,1,1,3,1,2,2,1,2,1,1,1,1,1,1,1,1,2,1,2,1,2,3,2,1,1,1,1,2,2,1,1,1,2,2,1,1,2,1,1,1,1,1,2,2,1,2,1,1,1,3,1,1,1,1,3,1,1,1,1,1,1,1,1,1,1,1,1,1,1,1,3,2,1,1,1,1,3,1,2,1,1,1,2,1,1,1,1,2,1,1,2,1,1,1,1,1,1,1,1,2,1,1,1,1,1,1,1,1,2,1,1,1,1,2,3,1,1,1,1,1,1,3,1,1,2,2,3,1,1,1,1,1,1,1,2,1,1,2,1,1,1,2,1,1,1,1,2,1,1,3,1,1,1,1,1,1,1,1,1,1,1,1,1,1,2,1,3,1,1,1,1,1,1,1,2,1,1,2,1,1,1,1,1,2,1,1,1,1,1,1,1,2,1,1,2,1,1,1,3,1,1,2,1,1,1,1,2,1,1,1,2,1,1,1,1,1,1,1,1,1,3,1,1,1,1,1,1,2,1,2,1,2,1,4,1,1,2,1,1,3,1,1,1,1,1,3,1,2,1,1,1,2,1,2,1,2,1,2,1,1,1,1,1,1,1,3,1,1,2,1,1,1,2,1,1,1,2,1,1,1,2,2,1,1,1,1,1,3,1,1,1,1,1,1,1,1,1,1,2,2,1,1,4,1,1,1,1,1,1,3,1,1,1,1,1,3,1,1,1,2,3,1,1,1,1,1,3,1,1,3,1,2,1,1,1,1,1,3,1,2,1,1,3,1,1,2,1,1,1,1,2,1,2,1,1,1,1,1,1,3,1,1,1,3,1,1,3,1,1,1,2,1,1,1,1,3,2,1,1,1,1,1,2,5,5,5,5,4,2,1,1,1,3,1,1,4,1,1,4,4,4,4,1,3,1,2,1,1,2,1,2,2,2,1,1,1,1,1,2,1,1,1,1,1,1,2,2,2,1,1,1,1,1,1,1,1,1,1,1,1,1,1,1,1,1,1,1,2,1,1,1,1,1,1,1,1,1,1,1,1,1,1",4,234,697,907.001,7238,0,14.8559,67.9689,2231,8967000000,0,3751,1,SOLVED,4020,4021.52,1a338afe6f68ea005a1f52f6ae30b522898ed4b14f18c379b97b769e901a4b0f,4.101,ok,
brap_h20w20_a40_e10_B_seed1_pool,g20x20,carrier_brd,1,4033,14396.0,14396000000,1917,7500,3834,1600,0.0951,6463,4033,14396,14396000000,4033,14396,14396000000,0,0,0,0,0,0,0,0,NOT_ATTEMPTED,113,0,0,0,-1,-1,-1,-1,-1,0,0,0,0,0,0,0,0,0,0,0,0,0,,,,,,,,,,,,,0,0,0,0,0,0,0,0,0,0,0,0,0,0,0,0,0,0,0,BOTTLENECK_TARGET_FRONTIER_CONTINUITY_V2,0,0,0,0,0,0,0,0,0,0,0,0,0,0,0,0,0,10.0128,0,0,0,0,0,0,2463.75,953.317,583,1354,407,1917,106072,1786.46,1697152,1145,1145,443611,TASKBR_VACANCY_V1,47.1688,407,1917,10,772,1145,1408,78.6048,1.95519,0,10,0,3630,3630,0,1408,1408,"1,1,1,1,2,1,1,1,1,3,1,2,2,1,1,2,1,1,1,1,2,1,1,1,1,1,1,1,2,1,1,3,1,1,1,1,1,2,1,1,2,1,1,1,1,1,2,1,1,1,1,1,1,1,1,2,2,1,1,2,1,1,1,2,1,2,2,1,1,1,1,1,1,1,1,1,1,2,3,1,1,1,1,1,1,1,1,1,1,2,1,1,1,1,1,2,1,1,1,1,1,1,3,1,1,1,1,1,1,1,1,2,1,1,1,1,2,1,1,1,1,1,1,2,1,1,1,1,1,1,1,1,1,1,1,1,1,1,3,1,1,2,1,3,1,1,1,2,1,2,1,1,1,1,1,1,1,1,1,1,2,2,1,1,1,2,1,2,2,1,3,1,1,1,1,1,4,1,2,1,1,1,1,1,2,1,1,1,1,1,1,1,1,2,2,3,1,2,1,1,1,1,1,1,1,1,1,1,1,1,3,2,1,1,1,1,2,1,1,1,1,1,1,3,1,2,1,1,1,1,2,1,1,2,1,2,1,1,1,1,1,1,1,1,1,1,1,1,2,1,1,1,1,1,1,1,1,2,2,1,2,1,1,1,2,2,2,1,1,1,1,1,1,2,1,1,1,2,1,1,1,1,1,2,3,1,1,1,2,1,2,1,1,1,1,2,1,2,1,1,1,1,1,1,1,1,2,1,1,1,1,2,2,1,1,2,1,1,1,1,1,1,2,2,1,1,1,1,1,1,1,1,1,1,1,1,1,2,1,1,1,1,1,2,1,3,1,1,1,2,1,1,2,1,1,1,1,1,1,1,1,1,2,3,2,1,1,3,1,2,1,1,1,1,1,3,2,1,1,1,1,1,1,1,3,1,1,1,1,4,1,1,1,2,1,1,1,2,1,1,2,1,1,1,1,2,1,1,1,1,1,2,3,1,1,1,1,1,1,1,2,1,1,2,1,1,1,2,1,4,1,1,1,1,1,2,1,3,1,1,1,1,1,2,1,1,1,1,1,2,1,1,1,1,1,1,1,2,1,1,1,1,2,3,1,1,1,1,1,1,1,2,1,1,1,4,1,1,1,1,1,1,1,1,1,2,1,1,3,1,2,1,1,3,1,4,3,2,1,1,1,1,2,1,1,3,1,1,1,1,1,1,1,1,2,1,1,1,1,1,1,1,1,1,2,1,1,1,1,1,1,1,2,1,1,1,1,1,1,2,2,1,3,1,1,1,1,3,1,2,1,3,1,1,1,1,1,2,1,1,2,1,1,3,1,3,2,1,1,3,1,1,3,1,1,1,1,2,1,1,1,1,1,4,1,1,5,1,3,1,2,1,1,1,1,2,1,3,1,1,1,4,1,2,2,1,1,4,1,1,1,2,1,1,1,1,1,3,1,1,1,4,1,1,1,1,1,1,1,1,1,1,3,1,5,1,3,1,3,1,4,1,3,3,1,1,3,1,1,1,4,5,2,3,1,2,2,2,1,4,1,3,4,2,3,1,2,1,2,1,3,1,2,1,3,1,3,2,1,3,1,1,2,1,1,2,1,1,3,2,2,2,1,1,1,1,1,1,1,2,1,2,1,3,1,2,2,2,1,1,1,2,1,2,1,1,2,1,1,3,2,2,2,1,1,1,1,1,1,2,2,2,1,1,3,2,2,2,1,1,2,1,1,3,1,2,1,4,2,2,2,1,1,3,2,2,1,1,2,1,2,1,1,1,3,1,1,1,1,1,1,1,2,1,1,1,1,1,1,1,1,1,2,2,1,1,1,1,1,1,1,1,1,1,1,1,2,1,2,1,1,1,1,1,1,3,1,2,1,1,1,1,1,1,1,2,1,1,1,2,1,1,1,1,1,2,1,1,1,1,1,1,1,1,1,1,2,1,1,1,1,1,1,1,2,1,1,3,1,2,2,1,2,1,1,2,1,1,1,1,2,1,1,1,3,1,1,2,1,1,2,1,1,1,2,1,2,2,1,1,2,2,1,1,1,1,2,1,2,1,1,1,2,1,2,2,1,1,2,2,1,1,1,2,1,1,2,1,1,1,1,1,1,2,1,1,1,1,2,2,1,1,1,2,1,1,2,1,1,1,1,1,1,2,1,1,1,1,2,2,1,1,1,2,1,1,2,1,1,1,2,1,1,1,1,1,1,2,1,4,1,2,1,1,2,1,1,1,2,1,1,1,1,1,1,2,1,4,1,2,1,1,2,1,1,1,1,1,1,2,2,1,2,1,1,3,1,2,1,1,2,1,1,1,1,1,1,2,2,1,2,1,1,3,1,2,1,1,2,1,1,1,1,2,2,2,1,3,2,1,1,2,1,1,1,1,1,2,2,1,1,1,2,3,1,1,1,1,1,2,1,1,2,1,1,3,2,2,1,1,1,1,1,1,1,1,1,1,1,1,3,2,1,1,2,1,1,1,1,2,1,1,1,1,1,1,2,1,1,2,1,1,2,1,1,1,1,4,1,2,1,1,1,1,1,1,1,1,1,2,2,1,1,1,2,1,4,3,1,1,1,1,1,1,1,1,1,1,2,1,1,1,2,1,3,1,2,1,1,1,1,1,1,1,3,1,2,1,1,3,1,2,1,1,2,1,1,1,1,1,1,3,1,1,2,3,1,1,3,2,1,1,1,1,1,2,1,1,1,1,1,3,1,1,1,1,1,1,1,1,1,1,2,2,2,2,2,1,1,1,1,1,1,1,2,2,2,2,2,1,1,1,1,1,1,1,2,2,2,2,2,1,1,1,1,1,1,1,2,2,2,2,2,1,1,1,1,1,1,1,2,2,2,2,2,1,1,1,1,1,1,1,2,2,2,2,2,1,1,1,1,1,1,1,2,2,2,2,2,1,1,1,1,2,1,2,1,1,2,1,1,2,1,1,1,1,2,1,2,1,1,2,1,1,1,1,1,1,1,1,2,1,2,1,1,2,2,1,1,1,1,1,1,2,1,2,1,1,2,1,1,1,1,1,1,1,1,3,1,1,1,1,1,2,1,2,1,1,1,1,1,1,2,1,2,1,1,2,1,1,1,1,1,1,2,1,1,2,1,1,1,1,2,1,2,1,2,1,2,3,3,2,2,2,1,1,1,1,1,1,1,1,1,1,1,1,1,1,2,1,1,1,1,1,1,1,1,1,1,1,2,1,1,1,1,1,1,1",4,268,1408,1748.61,12146,0,29.5759,119.402,4033,14396000000,0,5995,1,SOLVED,6463,6464.46,381e9531e49bc2e10f109a9615409cd1e97681c3fc9a9dd5bb22c324609b7917,6.593,ok,
brap_h20w20_a40_e10_R1_seed0,g20x20,carrier_brd,1,2097,7584.0,7584000000,906,4163,1812,603,0.0864,1635,2097,7584,7584000000,2097,7584,7584000000,0,0,0,0,0,0,0,0,NOT_ATTEMPTED,64,0,0,0,-1,-1,-1,-1,-1,0,0,0,0,0,0,0,0,0,0,0,0,0,,,,,,,,,,,,,0,0,0,0,0,0,0,0,0,0,0,0,0,0,0,0,0,0,0,BOTTLENECK_TARGET_FRONTIER_CONTINUITY_V2,0,0,0,0,0,0,0,0,0,0,0,0,0,0,0,0,0,4.6857,0,0,0,0,0,0,15.5181,333.865,189,189,188,906,645,28.567,10320,703,703,99806,TASKBR_VACANCY_V1,22.1917,188,906,10,203,703,612,38.5446,0.99593,0,10,0,1670,1670,0,612,612,"1,1,1,1,1,1,1,1,1,3,1,1,1,1,2,3,1,1,1,1,1,1,2,1,1,4,2,2,2,2,1,2,1,1,2,2,1,1,1,1,1,4,1,1,2,1,1,3,1,1,1,1,1,1,1,2,3,1,2,1,2,1,2,1,1,1,1,1,3,1,1,1,1,1,1,1,3,1,2,1,1,1,1,1,3,1,1,1,2,1,3,1,1,1,2,1,3,1,1,2,1,1,1,1,2,1,1,1,1,3,1,1,1,2,1,1,1,2,1,3,1,1,2,1,1,4,1,1,2,1,1,1,2,1,1,1,1,2,1,3,1,1,1,1,1,1,1,1,3,2,3,1,1,2,1,1,1,2,2,2,1,1,2,1,3,1,1,1,1,1,1,2,1,2,1,2,1,1,1,1,1,1,1,2,1,1,2,1,2,1,2,1,2,1,1,1,1,2,1,1,2,1,1,1,1,1,1,1,1,1,1,1,1,2,1,1,1,1,2,1,1,1,1,2,1,2,2,1,1,1,1,1,1,1,1,1,3,1,1,1,1,3,1,1,1,1,2,1,1,1,1,2,1,1,1,1,1,1,1,1,1,1,1,2,1,1,2,1,1,1,1,1,1,1,2,1,1,1,1,1,1,2,2,1,2,1,2,1,1,3,1,2,1,1,1,2,1,1,1,1,1,2,2,1,2,3,1,1,2,3,1,1,1,1,3,1,1,2,4,2,1,3,2,1,1,2,1,1,1,1,1,3,1,1,1,1,2,1,2,1,4,1,1,1,1,2,1,1,1,1,1,1,3,1,1,1,1,3,2,1,4,1,1,4,1,1,4,1,5,1,4,1,1,1,3,1,2,5,3,1,1,2,1,3,1,1,2,1,2,1,1,1,1,1,1,1,1,3,1,1,1,1,1,1,2,1,1,1,1,3,2,1,1,2,1,2,1,3,1,1,3,1,1,1,4,2,4,2,1,1,1,1,3,1,1,1,2,2,1,1,3,1,1,4,1,1,5,4,1,1,1,2,1,1,1,1,4,1,2,1,1,4,4,3,1,4,1,2,1,1,2,1,2,4,3,1,5,4,4,5,5,1,3,1,2,1,1,2,2,3,1,3,1,3,1,1,1,3,1,3,1,1,1,1,3,1,1,2,1,1,3,1,1,1,2,1,1,2,1,2,1,1,3,3,1,2,2,2,2,2,2,2,2,2,1,1,2,2,2,2,2,2,1,1,2,2,1,1,2,1,1,1,1,1,1,1,1,1,1,1,2,1,1,1,2,1,2,1,1,1,1,2,2,2,2,1,1,1,1,1,1,1,1,1,1,1,1,1,1,1,1,1,1,1,1,1,1,1,1,1,1,1,1,1,1,1,1,1,1,1,1,1",4,149,612,701.131,5672,0,12.6977,63.844,2097,7584000000,0,1380,1,SOLVED,1635,1636.57,9c9711238c99057b82cc1870cc7c6c4275fffe77853ec4d0d39f7cd9183a1e68,1.712,ok,
brap_h20w20_a40_e10_R1_seed1,g20x20,carrier_brd,1,2139,8395.0,8395000000,1020,4536,2040,731,0.0954,1868,2139,8395,8395000000,2139,8395,8395000000,0,0,0,0,0,0,0,0,NOT_ATTEMPTED,63,0,0,0,-1,-1,-1,-1,-1,0,0,0,0,0,0,0,0,0,0,0,0,0,,,,,,,,,,,,,0,0,0,0,0,0,0,0,0,0,0,0,0,0,0,0,0,0,0,BOTTLENECK_TARGET_FRONTIER_CONTINUITY_V2,0,0,0,0,0,0,0,0,0,0,0,0,0,0,0,0,0,5.23042,0,0,0,0,0,0,12.9376,447.943,180,180,179,1020,548,25.5417,8768,799,799,181339,TASKBR_VACANCY_V1,21.5151,179,1020,10,221,799,689,46.0015,1.20725,0,10,0,1956,1956,0,689,689,"1,1,2,1,1,1,1,1,1,1,1,1,2,1,1,1,2,3,1,1,1,1,2,1,1,2,1,1,1,1,1,1,1,1,1,2,1,1,2,1,1,2,1,1,1,1,1,1,1,1,1,1,2,2,1,1,1,1,1,2,1,3,1,1,1,2,1,1,2,1,2,1,1,1,1,1,3,2,2,1,1,1,2,1,1,1,1,1,1,4,2,2,1,2,1,1,1,1,1,1,1,1,1,1,1,1,1,1,3,1,1,1,1,1,1,2,1,1,1,2,1,3,1,1,1,2,2,3,1,1,1,1,1,1,2,1,1,1,1,2,1,1,1,1,1,1,1,1,1,1,1,1,1,2,1,1,2,2,1,1,1,1,1,1,1,1,1,3,1,1,1,2,1,1,1,1,1,1,1,3,1,1,1,1,1,1,3,1,1,1,1,1,1,1,1,1,1,1,2,1,1,1,2,1,2,1,1,1,1,2,1,1,1,1,2,1,1,1,1,3,1,1,1,2,1,1,1,1,1,1,1,4,1,1,1,1,1,1,2,1,1,2,1,1,1,1,1,1,2,1,3,2,1,1,1,1,1,1,1,1,1,1,1,2,1,1,1,3,1,1,2,1,1,3,1,1,1,1,1,1,1,1,1,1,1,1,2,1,2,1,3,1,2,3,1,1,1,1,1,1,3,1,1,1,1,2,1,1,1,1,2,1,1,1,1,1,1,1,1,2,1,1,1,1,1,1,1,1,1,1,2,1,1,1,1,2,1,1,2,1,2,2,1,2,1,1,1,3,1,3,1,1,1,3,2,1,1,2,1,1,1,2,2,1,1,1,1,1,3,1,2,1,1,1,3,1,1,1,1,1,2,1,2,1,1,1,1,1,1,1,1,1,1,1,1,1,2,1,1,1,1,1,2,1,1,1,1,1,1,1,1,1,1,1,2,1,1,1,1,1,2,1,1,1,1,2,1,1,1,1,3,1,1,1,1,3,1,1,1,3,1,1,2,1,2,1,1,1,4,2,1,1,3,1,2,1,4,1,1,1,3,2,1,3,1,1,1,1,1,1,1,1,1,2,1,2,1,1,3,1,1,5,1,4,1,1,5,1,2,1,1,1,1,3,1,3,1,1,1,2,4,1,1,4,1,1,2,2,1,3,1,1,1,4,3,1,5,4,1,1,3,1,1,4,4,1,1,3,1,1,2,1,2,1,2,5,1,2,1,1,1,1,1,2,5,4,1,1,5,1,4,1,1,3,1,1,1,4,1,1,1,4,1,1,3,1,1,1,3,2,1,1,4,1,1,1,3,1,1,2,1,1,1,2,1,1,1,4,3,4,4,4,4,1,3,3,2,4,1,4,3,1,1,1,3,1,1,1,2,2,1,5,1,5,1,5,5,5,4,1,3,3,1,1,2,1,3,1,4,4,1,3,3,1,1,2,2,1,2,2,2,2,2,2,2,2,2,2,2,1,2,1,1,1,2,3,3,1,1,1,1,1,1,1,1,1,3,2,1,1,1,1,2,1,1,2,1,1,1,1,1,1,1,1,1,1,1,1,1",4,141,689,780.941,6157,0,14.4519,64.647,2139,8395000000,0,1610,1,SOLVED,1868,1868.89,19538466b788590d031077b3e8dda892e67e515e530cd2f320f5c3be72c1b4d4,1.945,ok,
brap_h40w40_a160_e400_R1_seed0,g40x40,carrier_brd,0,,,,,,,,,,,,,,,,,,,,,,,,,,,,,,,,,,,,,,,,,,,,,,,,,,,,,,,,,,,,,,,,,,,,,,,,,,,,,,,,,,,,,,,,,,,,,,,,,,,,,,,131.209,162.878,146,146,145,1872,1946,90.6123,124544,965,965,1791,TASKBR_VACANCY_V1,51.0712,145,1872,129,907,965,2,9113.34,3.11448,0,129,0,50,38,0,2,2,"2,2",8,4,2,12.5015,37,0,0.288831,0,7,-1,0,-1,0,DISPATCH_TIMEOUT,,,,9.517,timeout,d_raw_ticks=7 brd_raw_work_scaled=-1 brd_goal_prefix_removed=0 brd_incidental_goal_prefix_ms=-1 brd_raw_plan_valid=0 brd_exit_reason=DISPATCH_TIMEOUT
brap_h40w40_a160_e400_R1_seed1,g40x40,carrier_brd,0,,,,,,,,,,,,,,,,,,,,,,,,,,,,,,,,,,,,,,,,,,,,,,,,,,,,,,,,,,,,,,,,,,,,,,,,,,,,,,,,,,,,,,,,,,,,,,,,,,,,,,,137.702,205.974,169,169,168,2277,2396,107.1,153344,1210,1210,3605,TASKBR_VACANCY_V1,59.9909,168,2277,136,1067,1210,1,9059.12,2.76111,0,136,0,38,20,0,1,1,1,2,0,1,6.24248,18,0,0.125199,0,4,-1,0,-1,0,DISPATCH_TIMEOUT,,,,9.516,timeout,d_raw_ticks=4 brd_raw_work_scaled=-1 brd_goal_prefix_removed=0 brd_incidental_goal_prefix_ms=-1 brd_raw_plan_valid=0 brd_exit_reason=DISPATCH_TIMEOUT
brap_h40w40_a160_e40_R1_seed0,g40x40,carrier_brd,0,,,,,,,,,,,,,,,,,,,,,,,,,,,,,,,,,,,,,,,,,,,,,,,,,,,,,,,,,,,,,,,,,,,,,,,,,,,,,,,,,,,,,,,,,,,,,,,,,,,,,,,223.161,9280.72,624,28054,0,0,4097,384.746,262208,0,0,501013,TASKBR_VACANCY_V1,0,0,0,0,0,0,0,0,0,0,0,0,0,0,0,0,0,,0,0,0,0,0,0,0,0,0,-1,0,-1,0,UPPER_TIMEOUT,,,,9.522,timeout, brd_raw_ticks=0 brd_raw_work_scaled=-1 brd_goal_prefix_removed=0 brd_incidental_goal_prefix_ms=-1 brd_raw_plan_valid=0 brd_exit_reason=UPPER_TIMEOUT
brap_h40w40_a160_e40_R1_seed1,g40x40,carrier_brd,0,,,,,,,,,,,,,,,,,,,,,,,,,,,,,,,,,,,,,,,,,,,,,,,,,,,,,,,,,,,,,,,,,,,,,,,,,,,,,,,,,,,,,,,,,,,,,,,,,,,,,,,232.293,3386.01,539,539,538,5918,4499,359.409,287936,4642,4642,903943,TASKBR_VACANCY_V1,250.923,538,5918,39,1276,4642,501,1408.66,25.9331,0,38,0,5625,5605,0,501,501,"1,3,3,1,1,1,1,3,1,1,3,1,1,3,1,2,2,2,2,1,1,1,2,1,12,2,1,2,1,1,1,2,1,3,1,4,1,4,1,11,3,1,3,1,1,1,1,3,1,3,2,1,2,2,2,12,1,3,1,5,1,2,1,2,2,2,2,1,1,2,3,5,3,1,5,1,3,3,2,1,3,2,1,1,3,1,2,8,5,2,1,1,2,3,1,3,1,1,2,5,1,1,12,1,1,4,5,1,3,2,1,3,2,1,2,8,2,5,1,1,2,2,1,1,2,3,2,2,2,1,1,1,1,1,7,1,1,2,4,3,1,2,2,4,1,3,1,1,1,1,1,1,8,2,1,1,3,2,4,3,3,1,2,4,1,1,1,1,6,1,1,3,3,1,1,4,1,1,4,2,4,1,1,1,1,2,1,8,1,1,4,1,2,4,2,1,3,2,2,3,2,1,1,2,6,1,1,1,1,2,1,1,3,3,6,1,3,2,1,1,2,7,1,1,1,1,1,2,5,1,2,2,5,1,2,1,1,1,10,1,1,2,1,3,2,1,3,1,1,3,2,1,2,1,1,1,1,10,1,1,5,1,2,2,1,6,1,1,1,2,1,1,11,2,2,2,1,1,3,2,5,1,4,1,1,11,1,1,2,2,1,1,1,3,2,2,1,1,3,1,2,2,1,1,9,2,2,2,2,1,1,2,1,4,2,3,1,1,1,1,1,10,2,1,2,1,1,1,1,4,2,1,3,1,1,2,1,1,1,6,2,2,1,1,3,1,4,1,1,1,2,1,2,1,1,2,2,2,1,1,1,10,1,4,2,1,4,3,2,1,4,1,2,9,1,3,1,3,4,3,2,1,2,1,2,2,1,1,2,5,3,2,1,2,1,2,2,2,1,2,2,2,2,1,1,1,1,1,1,1,11,2,1,1,1,1,1,2,4,1,1,1,2,2,1,2,5,1,1,2,6,2,3,2,2,2,1,3,1,1,8,2,3,1,2,1,3,2,2,5,1,3,2,1,13,3,2,1,5,3,1,2,1,1,1,10,2,2,1,1,1,5,2,3,1,1,2,1,13,2,1,2,3,3,4,1,3,1,1,11,1,1,1,2,3,2,4,1,1,2,1",13,477,501,2889.73,6253,0,48.4643,0,777,-1,0,-1,0,DISPATCH_TIMEOUT,,,,9.519,timeout,raw_ticks=777 brd_raw_work_scaled=-1 brd_goal_prefix_removed=0 brd_incidental_goal_prefix_ms=-1 brd_raw_plan_valid=0 brd_exit_reason=DISPATCH_TIMEOUT
brap_h40w40_a80_e400_B_seed0_pool,g40x40,carrier_brd,0,,,,,,,,,,,,,,,,,,,,,,,,,,,,,,,,,,,,,,,,,,,,,,,,,,,,,,,,,,,,,,,,,,,,,,,,,,,,,,,,,,,,,,,,,,,,,,,,,,,,,,,9501.23,0,0,0,0,0,434067,6813.18,27780288,0,0,91836,TASKBR_VACANCY_V1,0,0,0,0,0,0,0,0,0,0,0,0,0,0,0,0,0,,0,0,0,0,0,0,0,0,0,-1,0,-1,0,SEARCH_TIMEOUT,,,,9.514,timeout,brd_raw_ticks=0 brd_raw_work_scaled=-1 brd_goal_prefix_removed=0 brd_incidental_goal_prefix_ms=-1 brd_raw_plan_valid=0 brd_exit_reason=SEARCH_TIMEOUT
brap_h40w40_a80_e400_B_seed1_pool,g40x40,carrier_brd,0,,,,,,,,,,,,,,,,,,,,,,,,,,,,,,,,,,,,,,,,,,,,,,,,,,,,,,,,,,,,,,,,,,,,,,,,,,,,,,,,,,,,,,,,,,,,,,,,,,,,,,,9501.27,0,0,0,0,0,477281,7355.03,30545920,0,0,80119,TASKBR_VACANCY_V1,0,0,0,0,0,0,0,0,0,0,0,0,0,0,0,0,0,,0,0,0,0,0,0,0,0,0,-1,0,-1,0,SEARCH_TIMEOUT,,,,9.515,timeout,brd_raw_ticks=0 brd_raw_work_scaled=-1 brd_goal_prefix_removed=0 brd_incidental_goal_prefix_ms=-1 brd_raw_plan_valid=0 brd_exit_reason=SEARCH_TIMEOUT
brap_h40w40_a80_e40_B_seed0_pool,g40x40,carrier_brd,0,,,,,,,,,,,,,,,,,,,,,,,,,,,,,,,,,,,,,,,,,,,,,,,,,,,,,,,,,,,,,,,,,,,,,,,,,,,,,,,,,,,,,,,,,,,,,,,,,,,,,,,9501.16,0,0,0,0,0,283827,7794.2,18164981,0,0,329015,TASKBR_VACANCY_V1,0,0,0,0,0,0,0,0,0,0,0,0,0,0,0,0,0,,0,0,0,0,0,0,0,0,0,-1,0,-1,0,SEARCH_TIMEOUT,,,,9.516,timeout,brd_raw_ticks=0 brd_raw_work_scaled=-1 brd_goal_prefix_removed=0 brd_incidental_goal_prefix_ms=-1 brd_raw_plan_valid=0 brd_exit_reason=SEARCH_TIMEOUT
brap_h40w40_a80_e40_B_seed1_pool,g40x40,carrier_brd,0,,,,,,,,,,,,,,,,,,,,,,,,,,,,,,,,,,,,,,,,,,,,,,,,,,,,,,,,,,,,,,,,,,,,,,,,,,,,,,,,,,,,,,,,,,,,,,,,,,,,,,,9501.18,0,0,0,0,0,276309,7840.74,17683712,0,0,345245,TASKBR_VACANCY_V1,0,0,0,0,0,0,0,0,0,0,0,0,0,0,0,0,0,,0,0,0,0,0,0,0,0,0,-1,0,-1,0,SEARCH_TIMEOUT,,,,9.516,timeout,brd_raw_ticks=0 brd_raw_work_scaled=-1 brd_goal_prefix_removed=0 brd_incidental_goal_prefix_ms=-1 brd_raw_plan_valid=0 brd_exit_reason=SEARCH_TIMEOUT
brap_h4w10_a5_e10_B_seed0_pool,g4x10,carrier_brd,1,27,38.0,38000000,5,21,10,0,0.0926,2,27,38,38000000,27,38,38000000,0,0,0,0,0,0,0,0,NOT_ATTEMPTED,0,0,0,0,-1,-1,-1,-1,-1,0,0,0,0,0,0,0,0,0,0,0,0,0,,,,,,,,,,,,,0,0,0,0,0,0,0,0,0,0,0,0,0,0,0,0,0,0,0,BOTTLENECK_TARGET_FRONTIER_CONTINUITY_V2,0,0,0,0,0,0,0,0,0,0,0,0,0,0,0,0,0,0.011169,0,0,0,0,0,0,0.753205,0.399094,4,4,3,5,45,0.130871,180,2,2,30,TASKBR_VACANCY_V1,0.04391,3,5,3,3,2,4,0.070969,0.00195,0,3,0,5,5,0,4,4,"2,1,1,1",0,0,4,0.524531,31,0,0.013855,0.06354,27,38000000,0,1,1,SOLVED,2,2.19322,e38cf9712a3f9cc854a17c9ac85ae519dbf25040ab12920e65064c956ed9e35a,0.01,ok,
brap_h4w10_a5_e10_B_seed1_pool,g4x10,carrier_brd,1,42,56.0,56000000,10,21,20,3,0.119,3,42,56,56000000,42,56,56000000,0,0,0,0,0,0,0,0,NOT_ATTEMPTED,0,0,0,0,-1,-1,-1,-1,-1,0,0,0,0,0,0,0,0,0,0,0,0,0,,,,,,,,,,,,,0,0,0,0,0,0,0,0,0,0,0,0,0,0,0,0,0,0,0,BOTTLENECK_TARGET_FRONTIER_CONTINUITY_V2,0,0,0,0,0,0,0,0,0,0,0,0,0,0,0,0,0,0.017771,0,0,0,0,0,0,1.02748,0.507477,9,9,8,10,49,0.166824,196,5,5,21,TASKBR_VACANCY_V1,0.100749,8,10,2,5,5,10,0.068552,0.002442,0,2,0,10,10,0,10,10,"1,1,1,1,1,1,1,1,1,1",1,0,10,0.838429,55,0,0.02744,0.092668,42,56000000,0,2,1,SOLVED,3,3.16916,017cf06acccb2f59af1b7930a608be28a7a0b5d33a498e87c54dc107e971ee10,0.011,ok,
brap_h4w10_a5_e10_R1_seed0,g4x10,carrier_brd,1,207,362.0,362000000,64,140,128,43,0.1546,14,207,362,362000000,207,362,362000000,0,0,0,0,0,0,0,0,NOT_ATTEMPTED,2,0,0,0,-1,-1,-1,-1,-1,0,0,0,0,0,0,0,0,0,0,0,0,0,,,,,,,,,,,,,0,0,0,0,0,0,0,0,0,0,0,0,0,0,0,0,0,0,0,BOTTLENECK_TARGET_FRONTIER_CONTINUITY_V2,0,0,0,0,0,0,0,0,0,0,0,0,0,0,0,0,0,0.098206,0,0,0,0,0,0,0.310528,4.04551,33,33,32,64,72,0.381964,288,30,30,200,TASKBR_VACANCY_V1,0.414401,32,64,4,34,30,53,0.539542,0.02056,0,4,0,70,70,0,53,53,"1,1,1,1,1,1,1,1,2,1,1,2,1,1,1,1,1,1,1,1,1,2,2,1,2,2,1,2,1,1,1,1,2,2,2,2,1,1,1,1,1,1,1,1,1,1,1,1,1,1,1,1,1",1,3,53,5.18522,316,0,0.148268,0.4384,207,362000000,0,12,1,SOLVED,14,14.0907,acdeef737fe81e6a02cf13caf1903a3b88d0198d8cf2e933cb54f0fb975eb24a,0.022,ok,
brap_h4w10_a5_e10_R1_seed1,g4x10,carrier_brd,1,59,102.0,102000000,19,37,38,8,0.161,3,59,102,102000000,59,102,102000000,0,0,0,0,0,0,0,0,NOT_ATTEMPTED,0,0,0,0,-1,-1,-1,-1,-1,0,0,0,0,0,0,0,0,0,0,0,0,0,,,,,,,,,,,,,0,0,0,0,0,0,0,0,0,0,0,0,0,0,0,0,0,0,0,BOTTLENECK_TARGET_FRONTIER_CONTINUITY_V2,0,0,0,0,0,0,0,0,0,0,0,0,0,0,0,0,0,0.02638,0,0,0,0,0,0,0.183931,0.745851,12,12,11,19,28,0.136463,112,8,8,39,TASKBR_VACANCY_V1,0.142345,11,19,3,11,8,12,0.122443,0.004803,0,3,0,19,19,0,12,12,"2,1,2,2,2,2,2,2,1,1,1,1",0,0,12,1.09826,71,0,0.033882,0.136046,59,102000000,0,2,1,SOLVED,3,3.15945,59b0f259a670bdbe551082237e05478bbbd0f98ebc88ce387ac63019ab11ed01,0.01,ok,
brap_h4w10_a5_e1_B_seed0_pool,g4x10,carrier_brd,1,38,43.0,43000000,7,17,14,0,0.0921,3,38,43,43000000,38,43,43000000,0,0,0,0,0,0,0,0,NOT_ATTEMPTED,0,0,0,0,-1,-1,-1,-1,-1,0,0,0,0,0,0,0,0,0,0,0,0,0,,,,,,,,,,,,,0,0,0,0,0,0,0,0,0,0,0,0,0,0,0,0,0,0,0,BOTTLENECK_TARGET_FRONTIER_CONTINUITY_V2,0,0,0,0,0,0,0,0,0,0,0,0,0,0,0,0,0,0.012548,0,0,0,0,0,0,0.968924,1.25927,8,8,7,7,24,0.159627,96,5,5,899,TASKBR_VACANCY_V1,0.099627,7,7,1,2,5,7,0.053701,0.001711,0,1,0,7,7,0,7,7,"1,1,1,1,1,1,1",0,0,7,0.737228,45,0,0.032652,0.092456,38,43000000,0,3,1,SOLVED,3,3.71491,6da11df9e439cbeb37cbe7d911a34b4466f702c200e2113e7b3341528784c607,0.011,ok,
brap_h4w10_a5_e1_B_seed1_pool,g4x10,carrier_brd,1,31,36.0,36000000,6,13,12,0,0.0968,2,31,36,36000000,31,36,36000000,0,0,0,0,0,0,0,0,NOT_ATTEMPTED,0,0,0,0,-1,-1,-1,-1,-1,0,0,0,0,0,0,0,0,0,0,0,0,0,,,,,,,,,,,,,0,0,0,0,0,0,0,0,0,0,0,0,0,0,0,0,0,0,0,BOTTLENECK_TARGET_FRONTIER_CONTINUITY_V2,0,0,0,0,0,0,0,0,0,0,0,0,0,0,0,0,0,0.011016,0,0,0,0,0,0,0.872077,0.784707,7,7,6,6,26,0.149665,104,5,5,523,TASKBR_VACANCY_V1,0.087747,6,6,1,1,5,6,0.058509,0.001539,0,1,0,6,6,0,6,6,"1,1,1,1,1,1",0,0,6,0.616593,37,0,0.017861,0.08267,31,36000000,0,2,1,SOLVED,2,2.92525,ff6e6dbb8660719d7aacb1a22b853bfe6296702334501778c73325f111b82d1f,0.01,ok,
brap_h4w10_a5_e1_R1_seed0,g4x10,carrier_brd,1,383,436.0,436000000,79,146,158,52,0.1031,128,383,436,436000000,383,436,436000000,0,0,0,0,0,0,0,0,NOT_ATTEMPTED,0,0,0,0,-1,-1,-1,-1,-1,0,0,0,0,0,0,0,0,0,0,0,0,0,,,,,,,,,,,,,0,0,0,0,0,0,0,0,0,0,0,0,0,0,0,0,0,0,0,BOTTLENECK_TARGET_FRONTIER_CONTINUITY_V2,0,0,0,0,0,0,0,0,0,0,0,0,0,0,0,0,0,0.112585,0,0,0,0,0,0,0.291608,112.224,115,766,79,79,138,0.923333,552,53,53,106439,TASKBR_VACANCY_V1,1.03599,79,79,1,26,53,79,0.465853,0.015897,0,1,0,79,79,0,79,79,"1,1,1,1,1,1,1,1,1,1,1,1,1,1,1,1,1,1,1,1,1,1,1,1,1,1,1,1,1,1,1,1,1,1,1,1,1,1,1,1,1,1,1,1,1,1,1,1,1,1,1,1,1,1,1,1,1,1,1,1,1,1,1,1,1,1,1,1,1,1,1,1,1,1,1,1,1,1,1",0,0,79,7.5761,462,0,0.199026,0.978066,383,436000000,0,124,1,SOLVED,128,128.201,e5c34cf3b218b8e94aa752029430ac4d9180be9b9e1dcd8c942ee21222f30191,0.136,ok,
brap_h4w10_a5_e1_R1_seed1,g4x10,carrier_brd,1,194,225.0,225000000,39,77,78,13,0.1005,72,194,225,225000000,194,225,225000000,0,0,0,0,0,0,0,0,NOT_ATTEMPTED,0,0,0,0,-1,-1,-1,-1,-1,0,0,0,0,0,0,0,0,0,0,0,0,0,,,,,,,,,,,,,0,0,0,0,0,0,0,0,0,0,0,0,0,0,0,0,0,0,0,BOTTLENECK_TARGET_FRONTIER_CONTINUITY_V2,0,0,0,0,0,0,0,0,0,0,0,0,0,0,0,0,0,0.067369,0,0,0,0,0,0,0.253168,64.3748,40,40,39,39,57,0.380225,228,31,31,65162,TASKBR_VACANCY_V1,0.528101,39,39,1,8,31,39,0.243532,0.0082,0,1,0,39,39,0,39,39,"1,1,1,1,1,1,1,1,1,1,1,1,1,1,1,1,1,1,1,1,1,1,1,1,1,1,1,1,1,1,1,1,1,1,1,1,1,1,1",0,0,39,3.78132,233,0,0.102803,0.494386,194,225000000,0,70,1,SOLVED,72,72.4727,70f27c60afdfb53b3ca279fb77f2125724835c0fccc67f5ee21db74bbedd9d7a,0.082,ok,
brap_h6w10_a6_e15_B_seed0_pool,g6x10,carrier_brd,1,106,169.0,169000000,26,81,52,11,0.1226,10,106,169,169000000,106,169,169000000,0,0,0,0,0,0,0,0,NOT_ATTEMPTED,2,0,0,0,-1,-1,-1,-1,-1,0,0,0,0,0,0,0,0,0,0,0,0,0,,,,,,,,,,,,,0,0,0,0,0,0,0,0,0,0,0,0,0,0,0,0,0,0,0,BOTTLENECK_TARGET_FRONTIER_CONTINUITY_V2,0,0,0,0,0,0,0,0,0,0,0,0,0,0,0,0,0,0.056428,0,0,0,0,0,0,2.40074,1.77178,12,12,11,26,210,0.724564,840,10,10,181,TASKBR_VACANCY_V1,0.205277,11,26,5,16,10,24,0.335585,0.011618,0,5,0,33,33,0,24,24,"1,1,1,1,1,1,1,1,1,2,1,1,1,1,1,1,1,1,1,1,2,1,1,1",1,2,24,3.66517,177,0,0.127603,0.330853,106,169000000,0,9,1,SOLVED,10,10.6283,d98e4f494397a68e7b552995c9bc6e2f31e9ac318b47d1c8b3df08c67f86be53,0.019,ok,
brap_h6w10_a6_e15_B_seed1_pool,g6x10,carrier_brd,1,61,87.0,87000000,14,38,28,6,0.1148,6,61,87,87000000,61,87,87000000,0,0,0,0,0,0,0,0,NOT_ATTEMPTED,0,0,0,0,-1,-1,-1,-1,-1,0,0,0,0,0,0,0,0,0,0,0,0,0,,,,,,,,,,,,,0,0,0,0,0,0,0,0,0,0,0,0,0,0,0,0,0,0,0,BOTTLENECK_TARGET_FRONTIER_CONTINUITY_V2,0,0,0,0,0,0,0,0,0,0,0,0,0,0,0,0,0,0.039629,0,0,0,0,0,0,2.28829,0.992746,9,9,8,14,168,0.5754,672,7,7,113,TASKBR_VACANCY_V1,0.152539,8,14,3,7,7,14,0.157022,0.005507,0,3,0,17,17,0,14,14,"1,1,1,1,1,1,1,1,1,1,1,1,1,1",1,0,14,2.20305,97,0,0.072174,0.173507,61,87000000,0,6,1,SOLVED,6,7.05717,3894e284cbfcbc67992054999a22ec2966120ea58efa505e406e310389f61764,0.015,ok,
brap_h6w10_a6_e15_R1_seed0,g6x10,carrier_brd,1,105,181.0,181000000,29,79,58,10,0.1381,8,105,181,181000000,105,181,181000000,0,0,0,0,0,0,0,0,NOT_ATTEMPTED,1,0,0,0,-1,-1,-1,-1,-1,0,0,0,0,0,0,0,0,0,0,0,0,0,,,,,,,,,,,,,0,0,0,0,0,0,0,0,0,0,0,0,0,0,0,0,0,0,0,BOTTLENECK_TARGET_FRONTIER_CONTINUITY_V2,0,0,0,0,0,0,0,0,0,0,0,0,0,0,0,0,0,0.062779,0,0,0,0,0,0,0.270346,1.53741,14,14,13,29,40,0.229561,160,15,15,91,TASKBR_VACANCY_V1,0.233226,13,29,4,14,15,28,0.305472,0.010785,0,4,0,35,35,0,28,28,"1,1,1,1,1,1,1,1,1,1,1,1,1,1,1,1,1,1,1,1,1,1,1,1,1,2,1,1",1,1,28,3.97813,186,0,0.112889,0.341101,105,181000000,0,7,1,SOLVED,8,8.69578,4c0791d55daedbee0aa84274c52867435b683eba5b197b5ad71e63afafc06902,0.017,ok,
brap_h6w10_a6_e15_R1_seed1,g6x10,carrier_brd,1,257,377.0,377000000,60,161,120,33,0.1167,18,257,377,377000000,257,377,377000000,0,0,0,0,0,0,0,0,NOT_ATTEMPTED,1,0,0,0,-1,-1,-1,-1,-1,0,0,0,0,0,0,0,0,0,0,0,0,0,,,,,,,,,,,,,0,0,0,0,0,0,0,0,0,0,0,0,0,0,0,0,0,0,0,BOTTLENECK_TARGET_FRONTIER_CONTINUITY_V2,0,0,0,0,0,0,0,0,0,0,0,0,0,0,0,0,0,0.104288,0,0,0,0,0,0,0.308077,3.59552,42,42,41,60,84,0.567532,336,36,36,93,TASKBR_VACANCY_V1,0.769636,41,60,4,24,36,57,0.572478,0.018739,0,4,0,67,67,0,57,57,"1,1,2,1,1,1,1,2,1,1,1,1,1,1,1,1,1,1,1,1,1,1,1,1,1,1,1,1,1,1,1,1,1,1,1,1,1,1,1,1,1,1,1,1,1,1,1,1,1,1,1,2,1,1,1,1,1",1,1,57,7.48942,362,0,0.221887,0.755456,257,377000000,0,15,1,SOLVED,18,18.1875,03ac049fde5a0ef0e5380a099df3c974a79248ff340f6f9239bdb19c26638e40,0.027,ok,
brap_h6w10_a6_e1_B_seed0_pool,g6x10,carrier_brd,0,,,,,,,,,,,,,,,,,,,,,,,,,,,,,,,,,,,,,,,,,,,,,,,,,,,,,,,,,,,,,,,,,,,,,,,,,,,,,,,,,,,,,,,,,,,,,,,,,,,,,,,2.9868,9500.26,1304,4637,0,0,1357,16.7115,5428,0,0,9295498,TASKBR_VACANCY_V1,0,0,0,0,0,0,0,0,0,0,0,0,0,0,0,0,0,,0,0,0,0,0,0,0,0,0,-1,0,-1,0,UPPER_TIMEOUT,,,,9.508,timeout, brd_raw_ticks=0 brd_raw_work_scaled=-1 brd_goal_prefix_removed=0 brd_incidental_goal_prefix_ms=-1 brd_raw_plan_valid=0 brd_exit_reason=UPPER_TIMEOUT
brap_h6w10_a6_e1_B_seed1_pool,g6x10,carrier_brd,1,289,327.0,327000000,60,109,120,41,0.1038,507,289,327,327000000,289,327,327000000,0,0,0,0,0,0,0,0,NOT_ATTEMPTED,0,0,0,0,-1,-1,-1,-1,-1,0,0,0,0,0,0,0,0,0,0,0,0,0,,,,,,,,,,,,,0,0,0,0,0,0,0,0,0,0,0,0,0,0,0,0,0,0,0,BOTTLENECK_TARGET_FRONTIER_CONTINUITY_V2,0,0,0,0,0,0,0,0,0,0,0,0,0,0,0,0,0,0.085866,0,0,0,0,0,0,3.88053,487.831,168,870,60,60,223,2.30884,892,38,38,515425,TASKBR_VACANCY_V1,1.07996,60,60,1,22,38,60,0.387566,0.012665,0,1,0,60,60,0,60,60,"1,1,1,1,1,1,1,1,1,1,1,1,1,1,1,1,1,1,1,1,1,1,1,1,1,1,1,1,1,1,1,1,1,1,1,1,1,1,1,1,1,1,1,1,1,1,1,1,1,1,1,1,1,1,1,1,1,1,1,1",0,0,60,7.8067,349,0,0.224019,0.96364,289,327000000,0,503,1,SOLVED,507,507.728,18309fe82943a4196c2fee3340e3a716a45d4f077ff041aae4efa70012d9048e,0.516,ok,
brap_h6w10_a6_e1_R1_seed0,g6x10,carrier_brd,1,616,711.0,711000000,126,238,252,82,0.1023,699,616,711,711000000,616,711,711000000,0,0,0,0,0,0,0,0,NOT_ATTEMPTED,0,0,0,0,-1,-1,-1,-1,-1,0,0,0,0,0,0,0,0,0,0,0,0,0,,,,,,,,,,,,,0,0,0,0,0,0,0,0,0,0,0,0,0,0,0,0,0,0,0,BOTTLENECK_TARGET_FRONTIER_CONTINUITY_V2,0,0,0,0,0,0,0,0,0,0,0,0,0,0,0,0,0,0.184505,0,0,0,0,0,0,0.651971,665.126,203,406,126,126,243,2.65584,972,95,95,603565,TASKBR_VACANCY_V1,2.25774,126,126,1,31,95,126,0.804597,0.026079,0,1,0,126,126,0,126,126,"1,1,1,1,1,1,1,1,1,1,1,1,1,1,1,1,1,1,1,1,1,1,1,1,1,1,1,1,1,1,1,1,1,1,1,1,1,1,1,1,1,1,1,1,1,1,1,1,1,1,1,1,1,1,1,1,1,1,1,1,1,1,1,1,1,1,1,1,1,1,1,1,1,1,1,1,1,1,1,1,1,1,1,1,1,1,1,1,1,1,1,1,1,1,1,1,1,1,1,1,1,1,1,1,1,1,1,1,1,1,1,1,1,1,1,1,1,1,1,1,1,1,1,1,1,1",0,0,126,16.3072,742,0,0.452789,2.09963,616,711000000,0,691,1,SOLVED,699,699.941,1b0e7a9f7560e964dcdf051149009f80ba428077026dcc35a0af4c4d950c2890,0.71,ok,
brap_h6w10_a6_e1_R1_seed1,g6x10,carrier_brd,1,1687,1959.0,1959000000,350,637,700,311,0.1037,8874,1687,1959,1959000000,1687,1959,1959000000,0,0,0,0,0,0,0,0,NOT_ATTEMPTED,0,0,0,0,-1,-1,-1,-1,-1,0,0,0,0,0,0,0,0,0,0,0,0,0,,,,,,,,,,,,,0,0,0,0,0,0,0,0,0,0,0,0,0,0,0,0,0,0,0,BOTTLENECK_TARGET_FRONTIER_CONTINUITY_V2,0,0,0,0,0,0,0,0,0,0,0,0,0,0,0,0,0,0.50376,0,0,0,0,0,0,0.632255,8768.36,2988,44987,350,350,3022,36.3488,12088,272,272,6864601,TASKBR_VACANCY_V1,6.3707,350,350,1,78,272,350,2.26522,0.071792,0,1,0,350,350,0,350,350,"1,1,1,1,1,1,1,1,1,1,1,1,1,1,1,1,1,1,1,1,1,1,1,1,1,1,1,1,1,1,1,1,1,1,1,1,1,1,1,1,1,1,1,1,1,1,1,1,1,1,1,1,1,1,1,1,1,1,1,1,1,1,1,1,1,1,1,1,1,1,1,1,1,1,1,1,1,1,1,1,1,1,1,1,1,1,1,1,1,1,1,1,1,1,1,1,1,1,1,1,1,1,1,1,1,1,1,1,1,1,1,1,1,1,1,1,1,1,1,1,1,1,1,1,1,1,1,1,1,1,1,1,1,1,1,1,1,1,1,1,1,1,1,1,1,1,1,1,1,1,1,1,1,1,1,1,1,1,1,1,1,1,1,1,1,1,1,1,1,1,1,1,1,1,1,1,1,1,1,1,1,1,1,1,1,1,1,1,1,1,1,1,1,1,1,1,1,1,1,1,1,1,1,1,1,1,1,1,1,1,1,1,1,1,1,1,1,1,1,1,1,1,1,1,1,1,1,1,1,1,1,1,1,1,1,1,1,1,1,1,1,1,1,1,1,1,1,1,1,1,1,1,1,1,1,1,1,1,1,1,1,1,1,1,1,1,1,1,1,1,1,1,1,1,1,1,1,1,1,1,1,1,1,1,1,1,1,1,1,1,1,1,1,1,1,1,1,1,1,1,1,1,1,1,1,1,1,1,1,1,1,1,1,1,1,1,1,1,1,1,1,1,1,1,1,1,1,1,1,1,1,1,1,1,1,1,1,1,1,1,1,1,1,1,1,1,1,1,1,1",0,0,350,50.2945,2037,0,1.32442,5.89803,1687,1959000000,0,8851,1,SOLVED,8874,8874.98,71a6ada87700eae4897096c8fadd54728e865c6dfce94b283b3ed92ff1949cda,8.891,ok,
brap_h80w80_a128_e1600_B_seed0_pool,g80x80,carrier_brd,0,,,,,,,,,,,,,,,,,,,,,,,,,,,,,,,,,,,,,,,,,,,,,,,,,,,,,,,,,,,,,,,,,,,,,,,,,,,,,,,,,,,,,,,,,,,,,,,,,,,,,,,9502.18,0,0,0,0,0,101121,7297.67,25886976,0,0,10206,TASKBR_VACANCY_V1,0,0,0,0,0,0,0,0,0,0,0,0,0,0,0,0,0,,0,0,0,0,0,0,0,0,0,-1,0,-1,0,SEARCH_TIMEOUT,,,,9.54,timeout,brd_raw_ticks=0 brd_raw_work_scaled=-1 brd_goal_prefix_removed=0 brd_incidental_goal_prefix_ms=-1 brd_raw_plan_valid=0 brd_exit_reason=SEARCH_TIMEOUT
brap_h80w80_a128_e1600_B_seed1_pool,g80x80,carrier_brd,0,,,,,,,,,,,,,,,,,,,,,,,,,,,,,,,,,,,,,,,,,,,,,,,,,,,,,,,,,,,,,,,,,,,,,,,,,,,,,,,,,,,,,,,,,,,,,,,,,,,,,,,9501.85,0,0,0,0,0,98730,7288.31,25274880,0,0,9116,TASKBR_VACANCY_V1,0,0,0,0,0,0,0,0,0,0,0,0,0,0,0,0,0,,0,0,0,0,0,0,0,0,0,-1,0,-1,0,SEARCH_TIMEOUT,,,,9.538,timeout,brd_raw_ticks=0 brd_raw_work_scaled=-1 brd_goal_prefix_removed=0 brd_incidental_goal_prefix_ms=-1 brd_raw_plan_valid=0 brd_exit_reason=SEARCH_TIMEOUT
brap_h80w80_a128_e1600_R1_seed0,g80x80,carrier_brd,0,,,,,,,,,,,,,,,,,,,,,,,,,,,,,,,,,,,,,,,,,,,,,,,,,,,,,,,,,,,,,,,,,,,,,,,,,,,,,,,,,,,,,,,,,,,,,,,,,,,,,,,330.584,9178.05,1000,7066,0,0,4475,2184.77,1145600,0,0,11158,TASKBR_VACANCY_V1,0,0,0,0,0,0,0,0,0,0,0,0,0,0,0,0,0,,0,0,0,0,0,0,0,0,0,-1,0,-1,0,UPPER_TIMEOUT,,,,9.555,timeout, brd_raw_ticks=0 brd_raw_work_scaled=-1 brd_goal_prefix_removed=0 brd_incidental_goal_prefix_ms=-1 brd_raw_plan_valid=0 brd_exit_reason=UPPER_TIMEOUT
brap_h80w80_a128_e1600_R1_seed1,g80x80,carrier_brd,0,,,,,,,,,,,,,,,,,,,,,,,,,,,,,,,,,,,,,,,,,,,,,,,,,,,,,,,,,,,,,,,,,,,,,,,,,,,,,,,,,,,,,,,,,,,,,,,,,,,,,,,348.916,839.287,229,229,228,3046,3396,681.92,869376,1711,1711,4279,TASKBR_VACANCY_V1,309.221,228,3046,124,1335,1711,3,7697.72,3.29759,0,124,0,60,46,0,3,3,"1,1,1",2,1,3,111.45,121,0,2.22067,0,11,-1,0,-1,0,DISPATCH_TIMEOUT,,,,9.534,timeout,_raw_ticks=11 brd_raw_work_scaled=-1 brd_goal_prefix_removed=0 brd_incidental_goal_prefix_ms=-1 brd_raw_plan_valid=0 brd_exit_reason=DISPATCH_TIMEOUT
brap_h80w80_a128_e160_B_seed0_pool,g80x80,carrier_brd,0,,,,,,,,,,,,,,,,,,,,,,,,,,,,,,,,,,,,,,,,,,,,,,,,,,,,,,,,,,,,,,,,,,,,,,,,,,,,,,,,,,,,,,,,,,,,,,,,,,,,,,,9501.8,0,0,0,0,0,83684,7237.95,21423104,0,0,47347,TASKBR_VACANCY_V1,0,0,0,0,0,0,0,0,0,0,0,0,0,0,0,0,0,,0,0,0,0,0,0,0,0,0,-1,0,-1,0,SEARCH_TIMEOUT,,,,9.544,timeout,brd_raw_ticks=0 brd_raw_work_scaled=-1 brd_goal_prefix_removed=0 brd_incidental_goal_prefix_ms=-1 brd_raw_plan_valid=0 brd_exit_reason=SEARCH_TIMEOUT
brap_h80w80_a128_e160_B_seed1_pool,g80x80,carrier_brd,0,,,,,,,,,,,,,,,,,,,,,,,,,,,,,,,,,,,,,,,,,,,,,,,,,,,,,,,,,,,,,,,,,,,,,,,,,,,,,,,,,,,,,,,,,,,,,,,,,,,,,,,9501.8,0,0,0,0,0,84278,7250.31,21574912,0,0,56253,TASKBR_VACANCY_V1,0,0,0,0,0,0,0,0,0,0,0,0,0,0,0,0,0,,0,0,0,0,0,0,0,0,0,-1,0,-1,0,SEARCH_TIMEOUT,,,,9.546,timeout,brd_raw_ticks=0 brd_raw_work_scaled=-1 brd_goal_prefix_removed=0 brd_incidental_goal_prefix_ms=-1 brd_raw_plan_valid=0 brd_exit_reason=SEARCH_TIMEOUT
brap_h80w80_a128_e160_R1_seed0,g80x80,carrier_brd,0,,,,,,,,,,,,,,,,,,,,,,,,,,,,,,,,,,,,,,,,,,,,,,,,,,,,,,,,,,,,,,,,,,,,,,,,,,,,,,,,,,,,,,,,,,,,,,,,,,,,,,,729.117,2492.81,480,480,479,8242,6867,1522.21,1757952,6589,6589,46248,TASKBR_VACANCY_V1,897.731,479,8242,101,1653,6589,3,4755.18,2.70179,0,100,0,62,48,0,3,3,"1,1,1",2,6,3,128.476,108,0,2.53986,0,12,-1,0,-1,0,DISPATCH_TIMEOUT,,,,9.549,timeout,_raw_ticks=12 brd_raw_work_scaled=-1 brd_goal_prefix_removed=0 brd_incidental_goal_prefix_ms=-1 brd_raw_plan_valid=0 brd_exit_reason=DISPATCH_TIMEOUT
brap_h80w80_a128_e160_R1_seed1,g80x80,carrier_brd,0,,,,,,,,,,,,,,,,,,,,,,,,,,,,,,,,,,,,,,,,,,,,,,,,,,,,,,,,,,,,,,,,,,,,,,,,,,,,,,,,,,,,,,,,,,,,,,,,,,,,,,,698.21,3533.09,683,683,682,8178,6675,1936.63,1708800,6693,6693,128509,TASKBR_VACANCY_V1,1267.38,682,8178,100,1485,6693,2,3262.66,1.68198,0,98,0,42,28,0,2,2,"1,2",4,2,2,82.591,71,0,1.70584,0,10,-1,0,-1,0,DISPATCH_TIMEOUT,,,,9.549,timeout,_raw_ticks=10 brd_raw_work_scaled=-1 brd_goal_prefix_removed=0 brd_incidental_goal_prefix_ms=-1 brd_raw_plan_valid=0 brd_exit_reason=DISPATCH_TIMEOUT
brap_h80w80_a160_e1600_B_seed0_pool,g80x80,carrier_brd,0,,,,,,,,,,,,,,,,,,,,,,,,,,,,,,,,,,,,,,,,,,,,,,,,,,,,,,,,,,,,,,,,,,,,,,,,,,,,,,,,,,,,,,,,,,,,,,,,,,,,,,,9501.92,0,0,0,0,0,99137,7203.66,25379072,0,0,8137,TASKBR_VACANCY_V1,0,0,0,0,0,0,0,0,0,0,0,0,0,0,0,0,0,,0,0,0,0,0,0,0,0,0,-1,0,-1,0,SEARCH_TIMEOUT,,,,9.543,timeout,brd_raw_ticks=0 brd_raw_work_scaled=-1 brd_goal_prefix_removed=0 brd_incidental_goal_prefix_ms=-1 brd_raw_plan_valid=0 brd_exit_reason=SEARCH_TIMEOUT
brap_h80w80_a160_e1600_B_seed1_pool,g80x80,carrier_brd,0,,,,,,,,,,,,,,,,,,,,,,,,,,,,,,,,,,,,,,,,,,,,,,,,,,,,,,,,,,,,,,,,,,,,,,,,,,,,,,,,,,,,,,,,,,,,,,,,,,,,,,,9501.87,0,0,0,0,0,96391,7240.95,24675840,0,0,7128,TASKBR_VACANCY_V1,0,0,0,0,0,0,0,0,0,0,0,0,0,0,0,0,0,,0,0,0,0,0,0,0,0,0,-1,0,-1,0,SEARCH_TIMEOUT,,,,9.543,timeout,brd_raw_ticks=0 brd_raw_work_scaled=-1 brd_goal_prefix_removed=0 brd_incidental_goal_prefix_ms=-1 brd_raw_plan_valid=0 brd_exit_reason=SEARCH_TIMEOUT
brap_h80w80_a160_e160_B_seed0_pool,g80x80,carrier_brd,0,,,,,,,,,,,,,,,,,,,,,,,,,,,,,,,,,,,,,,,,,,,,,,,,,,,,,,,,,,,,,,,,,,,,,,,,,,,,,,,,,,,,,,,,,,,,,,,,,,,,,,,9501.76,0,0,0,0,0,81771,7128.66,20933120,0,0,36987,TASKBR_VACANCY_V1,0,0,0,0,0,0,0,0,0,0,0,0,0,0,0,0,0,,0,0,0,0,0,0,0,0,0,-1,0,-1,0,SEARCH_TIMEOUT,,,,9.546,timeout,brd_raw_ticks=0 brd_raw_work_scaled=-1 brd_goal_prefix_removed=0 brd_incidental_goal_prefix_ms=-1 brd_raw_plan_valid=0 brd_exit_reason=SEARCH_TIMEOUT
brap_h80w80_a160_e160_B_seed1_pool,g80x80,carrier_brd,0,,,,,,,,,,,,,,,,,,,,,,,,,,,,,,,,,,,,,,,,,,,,,,,,,,,,,,,,,,,,,,,,,,,,,,,,,,,,,,,,,,,,,,,,,,,,,,,,,,,,,,,9501.75,0,0,0,0,0,82480,7183.44,21114906,0,0,41195,TASKBR_VACANCY_V1,0,0,0,0,0,0,0,0,0,0,0,0,0,0,0,0,0,,0,0,0,0,0,0,0,0,0,-1,0,-1,0,SEARCH_TIMEOUT,,,,9.546,timeout,brd_raw_ticks=0 brd_raw_work_scaled=-1 brd_goal_prefix_removed=0 brd_incidental_goal_prefix_ms=-1 brd_raw_plan_valid=0 brd_exit_reason=SEARCH_TIMEOUT
brap_h80w80_a800_e1600_R1_seed0,g80x80,carrier_brd,0,,,,,,,,,,,,,,,,,,,,,,,,,,,,,,,,,,,,,,,,,,,,,,,,,,,,,,,,,,,,,,,,,,,,,,,,,,,,,,,,,,,,,,,,,,,,,,,,,,,,,,,9504.17,0,0,0,0,0,10414,633.344,2665984,0,0,1344,TASKBR_VACANCY_V1,0,0,0,0,0,0,0,0,0,0,0,0,0,0,0,0,0,,0,0,0,0,0,0,0,0,0,-1,0,-1,0,SEARCH_TIMEOUT,,,,9.546,timeout,brd_raw_ticks=0 brd_raw_work_scaled=-1 brd_goal_prefix_removed=0 brd_incidental_goal_prefix_ms=-1 brd_raw_plan_valid=0 brd_exit_reason=SEARCH_TIMEOUT
brap_h80w80_a800_e1600_R1_seed1,g80x80,carrier_brd,0,,,,,,,,,,,,,,,,,,,,,,,,,,,,,,,,,,,,,,,,,,,,,,,,,,,,,,,,,,,,,,,,,,,,,,,,,,,,,,,,,,,,,,,,,,,,,,,,,,,,,,,9504.3,0,0,0,0,0,8454,575.962,2164224,0,0,993,TASKBR_VACANCY_V1,0,0,0,0,0,0,0,0,0,0,0,0,0,0,0,0,0,,0,0,0,0,0,0,0,0,0,-1,0,-1,0,SEARCH_TIMEOUT,,,,9.545,timeout,brd_raw_ticks=0 brd_raw_work_scaled=-1 brd_goal_prefix_removed=0 brd_incidental_goal_prefix_ms=-1 brd_raw_plan_valid=0 brd_exit_reason=SEARCH_TIMEOUT
brap_h80w80_a800_e160_R1_seed0,g80x80,carrier_brd,0,,,,,,,,,,,,,,,,,,,,,,,,,,,,,,,,,,,,,,,,,,,,,,,,,,,,,,,,,,,,,,,,,,,,,,,,,,,,,,,,,,,,,,,,,,,,,,,,,,,,,,,9506.25,0,0,0,0,0,17767,1273.52,4548352,0,0,14545,TASKBR_VACANCY_V1,0,0,0,0,0,0,0,0,0,0,0,0,0,0,0,0,0,,0,0,0,0,0,0,0,0,0,-1,0,-1,0,SEARCH_TIMEOUT,,,,9.553,timeout,brd_raw_ticks=0 brd_raw_work_scaled=-1 brd_goal_prefix_removed=0 brd_incidental_goal_prefix_ms=-1 brd_raw_plan_valid=0 brd_exit_reason=SEARCH_TIMEOUT
brap_h80w80_a800_e160_R1_seed1,g80x80,carrier_brd,0,,,,,,,,,,,,,,,,,,,,,,,,,,,,,,,,,,,,,,,,,,,,,,,,,,,,,,,,,,,,,,,,,,,,,,,,,,,,,,,,,,,,,,,,,,,,,,,,,,,,,,,9503.59,0,0,0,0,0,17688,1529.83,4528128,0,0,16112,TASKBR_VACANCY_V1,0,0,0,0,0,0,0,0,0,0,0,0,0,0,0,0,0,,0,0,0,0,0,0,0,0,0,-1,0,-1,0,SEARCH_TIMEOUT,,,,9.551,timeout,brd_raw_ticks=0 brd_raw_work_scaled=-1 brd_goal_prefix_removed=0 brd_incidental_goal_prefix_ms=-1 brd_raw_plan_valid=0 brd_exit_reason=SEARCH_TIMEOUT
brap_h8w10_a10_e20_B_seed0_pool,g8x10,carrier_brd,1,74,129.0,129000000,16,76,32,6,0.1081,13,74,129,129000000,74,129,129000000,0,0,0,0,0,0,0,0,NOT_ATTEMPTED,0,0,0,0,-1,-1,-1,-1,-1,0,0,0,0,0,0,0,0,0,0,0,0,0,,,,,,,,,,,,,0,0,0,0,0,0,0,0,0,0,0,0,0,0,0,0,0,0,0,BOTTLENECK_TARGET_FRONTIER_CONTINUITY_V2,0,0,0,0,0,0,0,0,0,0,0,0,0,0,0,0,0,0.047553,0,0,0,0,0,0,6.82505,1.21999,6,6,5,16,194,0.800646,776,5,5,126,TASKBR_VACANCY_V1,0.132321,5,16,4,11,5,15,0.284773,0.009818,0,4,0,23,23,0,15,15,"1,1,1,1,1,2,1,1,1,1,1,1,1,1,1",1,2,15,3.29599,138,0,0.08046,0.26477,74,129000000,0,12,1,SOLVED,13,13.6559,937441d460d0b5e58cc30a5df240c3afd86be5a971a8c7a27b8766661dd4e9ca,0.024,ok,
brap_h8w10_a10_e20_B_seed1_pool,g8x10,carrier_brd,1,180,346.0,346000000,45,188,90,22,0.125,22,180,346,346000000,180,346,346000000,0,0,0,0,0,0,0,0,NOT_ATTEMPTED,2,0,0,0,-1,-1,-1,-1,-1,0,0,0,0,0,0,0,0,0,0,0,0,0,,,,,,,,,,,,,0,0,0,0,0,0,0,0,0,0,0,0,0,0,0,0,0,0,0,BOTTLENECK_TARGET_FRONTIER_CONTINUITY_V2,0,0,0,0,0,0,0,0,0,0,0,0,0,0,0,0,0,0.119642,0,0,0,0,0,0,5.49624,2.80122,14,14,13,45,269,1.16113,1076,23,23,292,TASKBR_VACANCY_V1,0.322804,13,45,6,22,23,41,0.908234,0.026965,0,6,0,61,61,0,41,41,"1,1,1,1,2,2,1,1,1,1,1,1,1,1,1,1,1,1,1,1,1,1,1,1,1,1,1,1,1,1,1,1,1,2,1,1,2,1,1,1,1",1,5,41,7.95188,335,0,0.253189,0.650199,180,346000000,0,19,1,SOLVED,22,22.4434,4699a1e70bce5302bfb98e389429b13bd332d59f71566e75275e5402540c173a,0.032,ok,
brap_h8w10_a10_e20_R1_seed0,g8x10,carrier_brd,1,248,445.0,445000000,56,249,112,25,0.1129,21,248,445,445000000,248,445,445000000,0,0,0,0,0,0,0,0,NOT_ATTEMPTED,1,0,0,0,-1,-1,-1,-1,-1,0,0,0,0,0,0,0,0,0,0,0,0,0,,,,,,,,,,,,,0,0,0,0,0,0,0,0,0,0,0,0,0,0,0,0,0,0,0,BOTTLENECK_TARGET_FRONTIER_CONTINUITY_V2,0,0,0,0,0,0,0,0,0,0,0,0,0,0,0,0,0,0.137071,0,0,0,0,0,0,0.382507,4.16762,22,22,21,56,59,0.459403,236,28,28,299,TASKBR_VACANCY_V1,0.522785,21,56,7,28,28,52,0.974915,0.030116,0,7,0,74,74,0,52,52,"1,1,1,1,1,2,1,1,1,1,1,1,1,1,1,1,1,1,2,1,2,2,1,1,1,1,1,1,1,1,1,1,1,1,1,1,1,1,1,1,1,1,1,1,1,1,1,1,1,1,1,1",1,5,52,9.55366,425,0,0.265348,0.852023,248,445000000,0,18,1,SOLVED,21,22.0364,ee42920deb42a77b8e2d1b65dc99016cee61ad9a50ce66913760d44dbce63883,0.032,ok,
brap_h8w10_a10_e20_R1_seed1,g8x10,carrier_brd,1,256,442.0,442000000,67,211,134,35,0.1309,23,256,442,442000000,256,442,442000000,0,0,0,0,0,0,0,0,NOT_ATTEMPTED,0,0,0,0,-1,-1,-1,-1,-1,0,0,0,0,0,0,0,0,0,0,0,0,0,,,,,,,,,,,,,0,0,0,0,0,0,0,0,0,0,0,0,0,0,0,0,0,0,0,BOTTLENECK_TARGET_FRONTIER_CONTINUITY_V2,0,0,0,0,0,0,0,0,0,0,0,0,0,0,0,0,0,0.129638,0,0,0,0,0,0,0.443314,5.51555,32,32,31,67,80,0.692513,320,30,30,516,TASKBR_VACANCY_V1,0.654377,31,67,7,37,30,55,0.993208,0.029306,0,7,0,78,78,0,55,55,"1,1,1,2,1,1,2,1,1,1,1,1,2,1,2,1,1,1,1,2,1,2,2,2,2,2,1,1,1,1,1,1,1,1,1,1,1,1,1,1,1,2,1,1,1,1,1,1,2,1,1,1,1,1,1",1,3,55,9.39336,390,0,0.272544,0.971742,256,442000000,0,20,1,SOLVED,23,23.7652,251af4fe076e4cea6ab9c9ff47c2442c6a8dd37dcc63b8fa5b22697bd171f21b,0.034,ok,
brap_h8w10_a10_e2_B_seed0_pool,g8x10,carrier_brd,1,234,432.0,432000000,74,152,148,31,0.1581,59,234,432,432000000,234,432,432000000,0,0,0,0,0,0,0,0,NOT_ATTEMPTED,0,0,0,0,-1,-1,-1,-1,-1,0,0,0,0,0,0,0,0,0,0,0,0,0,,,,,,,,,,,,,0,0,0,0,0,0,0,0,0,0,0,0,0,0,0,0,0,0,0,BOTTLENECK_TARGET_FRONTIER_CONTINUITY_V2,0,0,0,0,0,0,0,0,0,0,0,0,0,0,0,0,0,0.094711,0,0,0,0,0,0,8.68435,34.5336,47,47,46,74,190,2.17018,760,58,58,14938,TASKBR_VACANCY_V1,1.26924,46,74,2,16,58,48,0.460101,0.016913,0,2,0,74,74,0,48,48,"1,1,2,2,2,2,2,2,2,2,2,1,1,2,2,2,2,2,2,2,2,2,2,2,2,2,1,1,1,1,1,1,2,2,2,2,1,1,1,1,1,1,1,1,1,1,1,1",1,0,48,8.11595,286,0,0.239263,0.950486,234,432000000,0,55,1,SOLVED,59,59.8688,a33a581b074cd41e61509f0050b54611c301c49b1a5e3c2b4848abb9f3cec1b1,0.07,ok,
brap_h8w10_a10_e2_B_seed1_pool,g8x10,carrier_brd,1,183,392.0,392000000,67,138,134,28,0.1831,94,183,392,392000000,183,392,392000000,0,0,0,0,0,0,0,0,NOT_ATTEMPTED,0,0,0,0,-1,-1,-1,-1,-1,0,0,0,0,0,0,0,0,0,0,0,0,0,,,,,,,,,,,,,0,0,0,0,0,0,0,0,0,0,0,0,0,0,0,0,0,0,0,BOTTLENECK_TARGET_FRONTIER_CONTINUITY_V2,0,0,0,0,0,0,0,0,0,0,0,0,0,0,0,0,0,0.082607,0,0,0,0,0,0,8.31253,72.6389,37,37,36,67,174,1.96592,696,53,53,60397,TASKBR_VACANCY_V1,0.933741,36,67,2,14,53,37,0.421467,0.016613,0,2,0,67,67,0,37,37,"1,1,2,2,2,2,2,2,2,2,2,2,2,2,2,2,2,1,1,2,2,2,2,2,2,2,2,2,2,2,2,2,2,2,1,1,1",1,0,37,6.4474,222,0,0.19175,0.796102,183,392000000,0,91,1,SOLVED,94,94.3235,b2b08808ab544f5da786dd6e927a10a2ebc075afca87d352dddd99e1916c72c3,0.104,ok,
brap_h8w10_a10_e2_R1_seed0,g8x10,carrier_brd,1,536,1108.0,1108000000,191,381,382,123,0.1782,173,536,1108,1108000000,536,1108,1108000000,0,0,0,0,0,0,0,0,NOT_ATTEMPTED,0,0,0,0,-1,-1,-1,-1,-1,0,0,0,0,0,0,0,0,0,0,0,0,0,,,,,,,,,,,,,0,0,0,0,0,0,0,0,0,0,0,0,0,0,0,0,0,0,0,BOTTLENECK_TARGET_FRONTIER_CONTINUITY_V2,0,0,0,0,0,0,0,0,0,0,0,0,0,0,0,0,0,0.228977,0,0,0,0,0,0,1.24282,132.347,107,107,106,191,184,2.51865,736,154,154,80840,TASKBR_VACANCY_V1,2.67584,106,191,2,37,154,113,1.15616,0.043037,0,2,0,193,193,0,113,113,"2,2,2,2,2,2,2,2,2,2,2,2,1,1,1,1,2,2,2,2,2,2,2,2,2,2,2,1,1,2,2,1,1,2,2,2,2,2,2,2,2,2,2,2,2,2,1,1,1,1,2,2,2,2,2,2,2,2,2,2,2,2,2,2,2,2,2,2,2,2,2,2,2,2,2,2,2,2,2,2,2,2,2,2,2,2,2,2,2,1,1,1,1,1,1,1,1,1,1,1,1,1,1,1,1,1,1,1,1,1,2,1,1",1,0,113,19.1276,669,0,0.558721,2.30634,536,1108000000,0,164,1,SOLVED,173,173.227,1d2cd95970c5201db2a56f632d9f2e61a337791df2ea8ea3348b056170df7f91,0.184,ok,
brap_h8w10_a10_e2_R1_seed1,g8x10,carrier_brd,1,507,867.0,867000000,152,297,304,96,0.1499,144,507,867,867000000,507,867,867000000,0,0,0,0,0,0,0,0,NOT_ATTEMPTED,0,0,0,0,-1,-1,-1,-1,-1,0,0,0,0,0,0,0,0,0,0,0,0,0,,,,,,,,,,,,,0,0,0,0,0,0,0,0,0,0,0,0,0,0,0,0,0,0,0,BOTTLENECK_TARGET_FRONTIER_CONTINUITY_V2,0,0,0,0,0,0,0,0,0,0,0,0,0,0,0,0,0,0.196976,0,0,0,0,0,0,1.2566,107.198,103,103,102,152,185,2.3699,740,114,114,80812,TASKBR_VACANCY_V1,2.50826,102,152,2,38,114,107,0.945918,0.033293,0,2,0,152,152,0,107,107,"1,1,1,1,2,2,2,2,2,1,1,2,2,2,2,2,2,2,2,2,2,2,2,2,2,2,2,2,2,2,2,2,2,2,2,2,2,2,1,1,1,1,1,1,2,1,1,1,1,1,1,2,2,2,2,2,1,1,2,2,2,2,2,2,2,1,1,1,1,1,1,1,1,1,1,1,1,1,1,1,1,1,1,1,1,1,1,1,1,1,1,1,1,1,1,1,1,1,1,1,1,1,1,1,1,1,1",1,0,107,17.424,622,0,0.517598,2.12934,507,867000000,0,136,1,SOLVED,144,144.596,757026abd8671e8e6ba2c0118babded2b46f242f5f00ae650d3f0bc84eb02e18,0.156,ok,
dense_channel_bedge_h40w40_b3_a1_s8of9_r16_t24_seed0,dense_channel_block_edge_40x40,carrier_brd,1,42,444.0,444000000,39,312,78,0,0.058,7345,42,444,444000000,42,444,444000000,0,0,0,0,0,0,0,0,NOT_ATTEMPTED,5,0,0,0,-1,-1,-1,-1,-1,0,0,0,0,0,0,0,0,0,0,0,0,0,,,,,,,,,,,,,0,0,0,0,0,0,0,0,0,0,0,0,0,0,0,0,0,0,0,BOTTLENECK_TARGET_FRONTIER_CONTINUITY_V2,0,0,0,0,0,0,0,0,0,0,0,0,0,0,0,0,0,0.552632,0,0,0,0,0,0,440.723,364.564,3,3,2,39,203,8.48867,142100,15,15,73,TASKBR_VACANCY_V1,13.1956,2,39,24,24,15,25,11.7795,0.363877,0,24,0,187,187,0,25,25,"1,2,2,1,2,1,2,1,1,1,2,1,1,1,2,1,2,7,1,2,1,1,1,1,1",4,12,25,6472.29,273,0,640.354,3.1177,42,444000000,0,7332,1,SOLVED,7345,7345.59,c5e743d4b81c8bbb7af945f5adf3b9cbc12ebb827c1e716fd6d59e9ada51dd01,7.369,ok,
dense_channel_bedge_h40w40_b3_a1_s8of9_r32_t48_seed0,dense_channel_block_edge_40x40,carrier_brd,1,35,669.0,669000000,71,433,142,0,0.0634,6351,35,669,669000000,35,669,669000000,0,0,0,0,0,0,0,0,NOT_ATTEMPTED,7,0,0,0,-1,-1,-1,-1,-1,0,0,0,0,0,0,0,0,0,0,0,0,0,,,,,,,,,,,,,0,0,0,0,0,0,0,0,0,0,0,0,0,0,0,0,0,0,0,BOTTLENECK_TARGET_FRONTIER_CONTINUITY_V2,0,0,0,0,0,0,0,0,0,0,0,0,0,0,0,0,0,0.592457,0,0,0,0,0,0,588.286,369.337,3,3,2,71,397,12.551,277900,23,23,78,TASKBR_VACANCY_V1,19.4004,2,71,48,48,23,20,74.1535,1.60217,0,48,0,258,258,0,20,20,"1,6,10,1,3,2,2,2,4,5,4,4,2,1,1,16,1,3,1,2",16,27,20,5260.61,195,0,515.147,2.77555,35,669000000,0,6340,1,SOLVED,6351,6351.6,cb9cf6501922ae8222966398a8777f10b8bc9aa7cff06daa18ac2ce257adb21b,6.376,ok,
dense_channel_bedge_h40w40_b3_a1_s8of9_r8_t12_seed0,dense_channel_block_edge_40x40,carrier_brd,1,43,241.0,241000000,18,181,36,0,0.0523,3926,43,241,241000000,43,241,241000000,0,0,0,0,0,0,0,0,NOT_ATTEMPTED,3,0,0,0,-1,-1,-1,-1,-1,0,0,0,0,0,0,0,0,0,0,0,0,0,,,,,,,,,,,,,0,0,0,0,0,0,0,0,0,0,0,0,0,0,0,0,0,0,0,BOTTLENECK_TARGET_FRONTIER_CONTINUITY_V2,0,0,0,0,0,0,0,0,0,0,0,0,0,0,0,0,0,0.176093,0,0,0,0,0,0,415.185,357.072,3,3,2,18,101,4.9231,70700,6,6,23,TASKBR_VACANCY_V1,5.46532,2,18,12,12,6,12,1.35031,0.047756,0,12,0,56,56,0,12,12,"2,1,1,1,1,1,2,1,2,4,1,1",2,8,12,3120.35,149,0,308.339,2.99991,43,241000000,0,3914,1,SOLVED,3926,3926.35,9def22796d61a13efd56cfe4f3505481e53b841e228757f066dd1f93fe71b8e8,3.949,ok,
dense_channel_bedge_h40w40_b4_a1_s15of16_r16_t24_seed0,dense_channel_block_edge_40x40,carrier_brd,1,76,733.0,733000000,108,418,124,1,0.0888,8575,76,733,733000000,76,733,733000000,0,0,0,0,0,0,0,0,NOT_ATTEMPTED,2,0,0,0,-1,-1,-1,-1,-1,0,0,0,0,0,0,0,0,0,0,0,0,0,,,,,,,,,,,,,0,0,0,0,0,0,0,0,0,0,0,0,0,0,0,0,0,0,0,BOTTLENECK_TARGET_FRONTIER_CONTINUITY_V2,0,0,0,0,0,0,0,0,0,0,0,0,0,0,0,0,0,0.773247,0,0,0,0,0,0,453.585,337.542,6,6,5,62,516,17.158,297216,37,83,346,TASKBR_VACANCY_V1,26.8343,5,62,24,25,37,34,13.0563,0.367074,0,24,0,201,201,0,34,34,"2,1,2,4,1,1,1,3,2,2,2,1,1,1,4,4,2,2,3,1,1,1,2,1,1,5,2,1,1,1,1,3,1,1",6,8,34,7667.7,395,0,804.093,6.35922,76,733000000,0,8549,1,SOLVED,8575,8575.89,cd5ad4383556140436378961bf6ea0709bf92016b18ea59245b3d1c3a528ae89,8.603,ok,
dense_channel_bedge_h40w40_b4_a1_s15of16_r32_t48_seed0,dense_channel_block_edge_40x40,carrier_brd,0,,,,,,,,,,,,,,,,,,,,,,,,,,,,,,,,,,,,,,,,,,,,,,,,,,,,,,,,,,,,,,,,,,,,,,,,,,,,,,,,,,,,,,,,,,,,,,,,,,,,,,,802.236,426.288,6,6,5,128,1609,38.5799,926784,79,172,1326,TASKBR_VACANCY_V1,51.1475,5,128,46,49,79,36,98.5761,2.53333,0,46,0,470,470,0,36,35,"5,3,2,4,3,1,1,6,1,1,4,1,2,1,3,3,2,1,2,1,1,9,4,2,3,2,2,4,3,2,5,1,1,2,1",16,41,36,8182.3,376,1,868.46,0,43,-1,0,-1,0,SEGMENT_TIMEOUT,,,,9.649,timeout,d_raw_ticks=43 brd_raw_work_scaled=-1 brd_goal_prefix_removed=0 brd_incidental_goal_prefix_ms=-1 brd_raw_plan_valid=0 brd_exit_reason=SEGMENT_TIMEOUT
dense_channel_bedge_h40w40_b4_a1_s15of16_r8_t12_seed0,dense_channel_block_edge_40x40,carrier_brd,1,80,469.0,469000000,57,305,62,0,0.0891,6430,80,469,469000000,80,469,469000000,0,0,0,0,0,0,0,0,NOT_ATTEMPTED,1,0,0,0,-1,-1,-1,-1,-1,0,0,0,0,0,0,0,0,0,0,0,0,0,,,,,,,,,,,,,0,0,0,0,0,0,0,0,0,0,0,0,0,0,0,0,0,0,0,BOTTLENECK_TARGET_FRONTIER_CONTINUITY_V2,0,0,0,0,0,0,0,0,0,0,0,0,0,0,0,0,0,0.45464,0,0,0,0,0,0,376.053,320.69,4,4,3,31,159,8.29799,91584,19,45,223,TASKBR_VACANCY_V1,15.3645,3,31,12,12,19,25,2.25384,0.081081,0,12,0,102,102,0,25,25,"1,1,1,1,1,1,1,2,1,1,1,1,2,1,1,2,1,1,1,1,4,1,1,1,1",3,7,25,5650.08,362,0,592.533,6.48268,80,469000000,0,6404,1,SOLVED,6430,6430.59,4e61450e343a29264ebb165cf496f2c41741cfa1cdc8c8b75f3cfc1893bc234a,6.457,ok,
dense_channel_bedge_h40w40_b9_a1_s76of81_r16_t24_seed0,dense_channel_block_edge_40x40,carrier_brd,1,181,1511.0,1511000000,208,832,312,35,0.0718,7513,181,1511,1511000000,181,1511,1511000000,0,0,0,0,0,0,0,0,NOT_ATTEMPTED,10,0,0,0,-1,-1,-1,-1,-1,0,0,0,0,0,0,0,0,0,0,0,0,0,,,,,,,,,,,,,0,0,0,0,0,0,0,0,0,0,0,0,0,0,0,0,0,0,0,BOTTLENECK_TARGET_FRONTIER_CONTINUITY_V2,0,0,0,0,0,0,0,0,0,0,0,0,0,0,0,0,0,1.38882,0,0,0,0,0,0,688.279,134.294,14,14,13,156,6161,133.227,1872944,107,159,3072,TASKBR_VACANCY_V1,18.2166,13,156,24,49,107,78,26.362,0.868791,0,24,0,479,479,0,78,78,"1,1,1,2,2,1,2,2,1,1,1,1,1,1,2,1,3,2,8,1,1,1,3,3,1,1,2,1,9,1,1,1,3,1,2,2,1,1,2,7,2,1,2,3,1,1,7,3,1,1,1,2,2,1,1,5,1,1,1,2,1,1,2,6,1,2,1,1,5,1,1,4,4,3,1,2,1,1",11,27,78,6466.62,874,0,666.697,17.747,181,1511000000,0,7440,1,SOLVED,7513,7513.53,232c598ed08c2c3a7012f3dff3a56f3c2b40b908db39862f298883a4b6e91149,7.556,ok,
dense_channel_bedge_h40w40_b9_a1_s76of81_r32_t48_seed0,dense_channel_block_edge_40x40,carrier_brd,1,155,2244.0,2244000000,395,1016,522,53,0.0796,9007,155,2244,2244000000,155,2244,2244000000,0,0,0,0,0,0,0,0,NOT_ATTEMPTED,11,0,0,0,-1,-1,-1,-1,-1,0,0,0,0,0,0,0,0,0,0,0,0,0,,,,,,,,,,,,,0,0,0,0,0,0,0,0,0,0,0,0,0,0,0,0,0,0,0,BOTTLENECK_TARGET_FRONTIER_CONTINUITY_V2,0,0,0,0,0,0,0,0,0,0,0,0,0,0,0,0,0,2.2041,0,0,0,0,0,0,1485.92,175.411,14,14,13,261,9908,208.705,3012032,177,307,4305,TASKBR_VACANCY_V1,41.0727,13,261,44,84,177,85,182.07,3.22076,0,44,0,696,696,0,85,85,"5,3,1,4,3,2,4,3,3,1,4,2,1,1,3,1,1,2,1,2,12,3,3,2,4,2,1,3,3,2,1,1,1,3,4,11,2,4,3,2,2,2,3,3,1,11,5,3,2,2,2,1,2,3,1,15,2,1,3,1,1,2,11,1,4,3,1,12,2,1,1,13,1,11,1,1,6,1,1,1,3,1,1,1,1",16,19,85,6928.91,890,0,642.413,16.4307,155,2244000000,0,8941,1,SOLVED,9007,9007.52,1bb5eb2335ae6900d86500c2c8f93615845b7231010d886f91b205a51936b492,9.052,ok,
dense_channel_bedge_h40w40_b9_a1_s76of81_r8_t12_seed0,dense_channel_block_edge_40x40,carrier_brd,1,153,728.0,728000000,92,426,146,22,0.0752,4485,153,728,728000000,153,728,728000000,0,0,0,0,0,0,0,0,NOT_ATTEMPTED,7,0,0,0,-1,-1,-1,-1,-1,0,0,0,0,0,0,0,0,0,0,0,0,0,,,,,,,,,,,,,0,0,0,0,0,0,0,0,0,0,0,0,0,0,0,0,0,0,0,BOTTLENECK_TARGET_FRONTIER_CONTINUITY_V2,0,0,0,0,0,0,0,0,0,0,0,0,0,0,0,0,0,0.596142,0,0,0,0,0,0,280.729,121.962,12,12,11,73,2794,66.5483,849376,45,64,1413,TASKBR_VACANCY_V1,9.46265,11,73,12,28,45,48,3.87385,0.137839,0,12,0,174,174,0,48,48,"1,1,2,1,1,2,1,2,1,3,1,1,1,1,1,1,1,1,4,2,1,1,2,5,1,1,1,1,3,1,1,1,1,2,3,2,1,1,4,1,3,1,1,1,1,1,1,1",3,10,48,3952.41,538,0,400.079,14.0285,153,728000000,0,4427,1,SOLVED,4485,4485.41,9f6bff0e8ab37ed30ec9fa065f5eb5f68d192a222ba25b94e93e7cceb1542dc5,4.521,ok,
g1_dhigh_abaseline_pcross_heavy_gshared_pool_seed0,warehouse_random_factorial,carrier_brd,1,12,30.0,30000000,7,15,8,0,0.1944,3,12,30,30000000,12,30,30000000,0,0,0,0,0,0,0,0,NOT_ATTEMPTED,0,0,0,0,-1,-1,-1,-1,-1,0,0,0,0,0,0,0,0,0,0,0,0,0,,,,,,,,,,,,,0,0,0,0,0,0,0,0,0,0,0,0,0,0,0,0,0,0,0,BOTTLENECK_TARGET_FRONTIER_CONTINUITY_V2,0,0,0,0,0,0,0,0,0,0,0,0,0,0,0,0,0,0.012171,0,0,0,0,0,0,0.50328,0.970983,2,2,1,4,2,0.020528,56,0,0,15,TASKBR_VACANCY_V1,0.113725,1,4,4,4,0,4,0.055698,0.001923,0,4,0,5,5,0,4,4,"1,1,1,1",2,0,4,1.27683,26,0,0.031393,0.035071,12,30000000,0,3,1,SOLVED,3,3.22252,9ca24b529cad58b15e2ae22d8023c64b9a091b5a60c017b183b0a74727bb9cd7,0.012,ok,
g1_dhigh_abaseline_pcross_heavy_gsingleton_seed0,warehouse_random_factorial,carrier_brd,1,26,61.0,61000000,26,23,12,2,0.3333,4,26,61,61000000,26,61,61000000,0,0,0,0,0,0,0,0,NOT_ATTEMPTED,0,0,0,0,-1,-1,-1,-1,-1,0,0,0,0,0,0,0,0,0,0,0,0,0,,,,,,,,,,,,,0,0,0,0,0,0,0,0,0,0,0,0,0,0,0,0,0,0,0,BOTTLENECK_TARGET_FRONTIER_CONTINUITY_V2,0,0,0,0,0,0,0,0,0,0,0,0,0,0,0,0,0,0.022986,0,0,0,0,0,0,0.417844,1.47622,3,3,2,6,5,0.036633,140,0,0,66,TASKBR_VACANCY_V1,0.176617,2,6,4,6,0,6,0.081487,0.003244,0,4,0,9,9,0,6,6,"1,1,1,1,1,1",2,0,6,2.21127,58,0,0.052665,0.066809,26,61000000,0,4,1,SOLVED,4,4.93223,302a0a47cfe4571d3f3270fd3ded11ddd2fd3d1283536648e5c9520dd7d72b73,0.013,ok,
g1_dhigh_abaseline_plocal_gshared_pool_seed0,warehouse_random_factorial,carrier_brd,1,20,46.0,46000000,17,19,10,1,0.2833,3,20,46,46000000,20,46,46000000,0,0,0,0,0,0,0,0,NOT_ATTEMPTED,0,0,0,0,-1,-1,-1,-1,-1,0,0,0,0,0,0,0,0,0,0,0,0,0,,,,,,,,,,,,,0,0,0,0,0,0,0,0,0,0,0,0,0,0,0,0,0,0,0,BOTTLENECK_TARGET_FRONTIER_CONTINUITY_V2,0,0,0,0,0,0,0,0,0,0,0,0,0,0,0,0,0,0.026419,0,0,0,0,0,0,0.541765,1.09879,3,3,2,5,8,0.04219,224,0,0,6,TASKBR_VACANCY_V1,0.178585,2,5,4,5,0,4,0.066713,0.002491,0,4,0,6,6,0,4,4,"1,1,2,1",2,0,4,1.45102,42,0,0.032643,0.053371,20,46000000,0,3,1,SOLVED,3,3.79391,ddf8174b3d74367f2551e6f7b3e3277f06fe14b3aae821b44bb95ee3d8309225,0.012,ok,
g1_dhigh_abaseline_plocal_gsingleton_seed0,warehouse_random_factorial,carrier_brd,1,20,41.0,41000000,16,13,12,2,0.2667,4,20,41,41000000,20,41,41000000,0,0,0,0,0,0,0,0,NOT_ATTEMPTED,0,0,0,0,-1,-1,-1,-1,-1,0,0,0,0,0,0,0,0,0,0,0,0,0,,,,,,,,,,,,,0,0,0,0,0,0,0,0,0,0,0,0,0,0,0,0,0,0,0,BOTTLENECK_TARGET_FRONTIER_CONTINUITY_V2,0,0,0,0,0,0,0,0,0,0,0,0,0,0,0,0,0,0.028112,0,0,0,0,0,0,0.451022,1.34149,3,3,2,6,7,0.052464,196,0,0,42,TASKBR_VACANCY_V1,0.173163,2,6,4,6,0,6,0.0709,0.002571,0,4,0,7,7,0,6,6,"1,1,1,1,1,1",2,0,6,2.01966,56,0,0.045944,0.052314,20,41000000,0,4,1,SOLVED,4,4.56626,94d1ecace6cfa8de6e02f03142f67d46d054cbc3549fdba0088d29fbbb9f8367,0.012,ok,
g1_dhigh_abaseline_pmixed_gshared_pool_seed0,warehouse_random_factorial,carrier_brd,1,14,38.0,38000000,10,20,8,0,0.2381,3,14,38,38000000,14,38,38000000,0,0,0,0,0,0,0,0,NOT_ATTEMPTED,0,0,0,0,-1,-1,-1,-1,-1,0,0,0,0,0,0,0,0,0,0,0,0,0,,,,,,,,,,,,,0,0,0,0,0,0,0,0,0,0,0,0,0,0,0,0,0,0,0,BOTTLENECK_TARGET_FRONTIER_CONTINUITY_V2,0,0,0,0,0,0,0,0,0,0,0,0,0,0,0,0,0,0.014617,0,0,0,0,0,0,0.5149,1.02031,2,2,1,4,6,0.031402,168,0,0,28,TASKBR_VACANCY_V1,0.113585,1,4,4,4,0,4,0.060041,0.002423,0,4,0,6,6,0,4,4,"1,1,1,1",1,1,4,1.35703,29,0,0.030248,0.039884,14,38000000,0,3,1,SOLVED,3,3.39175,8f4b174e4f439ec25a373ca68d4ae878cee7d3c493fd22384bd32549464bb057,0.011,ok,
g1_dhigh_abaseline_pmixed_gsingleton_seed0,warehouse_random_factorial,carrier_brd,1,32,68.0,68000000,28,28,12,2,0.2917,5,32,68,68000000,32,68,68000000,0,0,0,0,0,0,0,0,NOT_ATTEMPTED,0,0,0,0,-1,-1,-1,-1,-1,0,0,0,0,0,0,0,0,0,0,0,0,0,,,,,,,,,,,,,0,0,0,0,0,0,0,0,0,0,0,0,0,0,0,0,0,0,0,BOTTLENECK_TARGET_FRONTIER_CONTINUITY_V2,0,0,0,0,0,0,0,0,0,0,0,0,0,0,0,0,0,0.032431,0,0,0,0,0,0,0.41915,1.52355,3,3,2,6,7,0.041066,196,0,0,109,TASKBR_VACANCY_V1,0.177258,2,6,4,6,0,6,0.077661,0.002738,0,4,0,8,8,0,6,6,"1,1,1,1,1,1",2,0,6,2.19214,67,0,0.070654,0.081373,32,68000000,0,4,1,SOLVED,5,5.02997,b5aca9ac88c49f31ee8321cc4a9dec5cad1bb7421cec1cfd354f68cdd7c66eee,0.013,ok,
g1_dhigh_aequal_pcross_heavy_gshared_pool_seed0,warehouse_random_factorial,carrier_brd,1,10,33.0,33000000,7,18,8,0,0.175,3,10,33,33000000,10,33,33000000,0,0,0,0,0,0,0,0,NOT_ATTEMPTED,0,0,0,0,-1,-1,-1,-1,-1,0,0,0,0,0,0,0,0,0,0,0,0,0,,,,,,,,,,,,,0,0,0,0,0,0,0,0,0,0,0,0,0,0,0,0,0,0,0,BOTTLENECK_TARGET_FRONTIER_CONTINUITY_V2,0,0,0,0,0,0,0,0,0,0,0,0,0,0,0,0,0,0.011368,0,0,0,0,0,0,0.55882,1.0847,2,2,1,4,2,0.021572,56,0,0,15,TASKBR_VACANCY_V1,0.111401,1,4,4,4,0,3,0.053744,0.001854,0,4,0,6,6,0,3,3,"1,1,2",2,0,3,1.03196,20,0,0.032209,0.030332,10,33000000,0,2,1,SOLVED,3,3.11497,061a72fff58347f3d17b0d0b1116ac902c39915ad56fd056ce422b0fca0b2aac,0.012,ok,
g1_dhigh_aequal_pcross_heavy_gsingleton_seed0,warehouse_random_factorial,carrier_brd,1,17,53.0,53000000,26,15,12,2,0.3824,4,17,53,53000000,17,53,53000000,0,0,0,0,0,0,0,0,NOT_ATTEMPTED,0,0,0,0,-1,-1,-1,-1,-1,0,0,0,0,0,0,0,0,0,0,0,0,0,,,,,,,,,,,,,0,0,0,0,0,0,0,0,0,0,0,0,0,0,0,0,0,0,0,BOTTLENECK_TARGET_FRONTIER_CONTINUITY_V2,0,0,0,0,0,0,0,0,0,0,0,0,0,0,0,0,0,0.024289,0,0,0,0,0,0,0.504827,1.60206,3,3,2,6,5,0.040034,140,0,0,66,TASKBR_VACANCY_V1,0.189136,2,6,4,6,0,6,0.058112,0.002419,0,4,0,6,6,0,6,6,"1,1,1,1,1,1",3,0,6,1.94832,44,0,0.046631,0.048109,17,53000000,0,4,1,SOLVED,4,4.75751,e09e70d8acf087f825cca1803a58e3b59973e6fd2c94f551dd2243a7625746e5,0.013,ok,
g1_dhigh_aequal_plocal_gshared_pool_seed0,warehouse_random_factorial,carrier_brd,1,17,42.0,42000000,17,15,10,1,0.25,3,17,42,42000000,17,42,42000000,0,0,0,0,0,0,0,0,NOT_ATTEMPTED,0,0,0,0,-1,-1,-1,-1,-1,0,0,0,0,0,0,0,0,0,0,0,0,0,,,,,,,,,,,,,0,0,0,0,0,0,0,0,0,0,0,0,0,0,0,0,0,0,0,BOTTLENECK_TARGET_FRONTIER_CONTINUITY_V2,0,0,0,0,0,0,0,0,0,0,0,0,0,0,0,0,0,0.022923,0,0,0,0,0,0,0.598685,1.06904,3,3,2,5,8,0.044217,224,0,0,6,TASKBR_VACANCY_V1,0.150785,2,5,4,5,0,4,0.048106,0.001639,0,4,0,5,5,0,4,4,"1,1,2,1",3,0,4,1.57688,50,0,0.031798,0.045981,17,42000000,0,3,1,SOLVED,3,3.87665,072928fad5443d3763d97b3363181663e25841ae4c364ceda1e85dae3e872257,0.012,ok,
g1_dhigh_aequal_plocal_gsingleton_seed0,warehouse_random_factorial,carrier_brd,1,19,42.0,42000000,16,14,12,2,0.2105,4,19,42,42000000,19,42,42000000,0,0,0,0,0,0,0,0,NOT_ATTEMPTED,0,0,0,0,-1,-1,-1,-1,-1,0,0,0,0,0,0,0,0,0,0,0,0,0,,,,,,,,,,,,,0,0,0,0,0,0,0,0,0,0,0,0,0,0,0,0,0,0,0,BOTTLENECK_TARGET_FRONTIER_CONTINUITY_V2,0,0,0,0,0,0,0,0,0,0,0,0,0,0,0,0,0,0.029566,0,0,0,0,0,0,0.53715,1.35138,3,3,2,6,7,0.048545,196,0,0,42,TASKBR_VACANCY_V1,0.179987,2,6,4,6,0,6,0.07463,0.002511,0,4,0,8,8,0,6,6,"1,1,1,1,1,1",2,0,6,2.04504,57,0,0.04697,0.0511,19,42000000,0,4,1,SOLVED,4,4.7019,e5dda7df847a4412c2b299e17792ae68b4d2cdea5aed3b970f5fd02ba79253de,0.013,ok,
g1_dhigh_aequal_pmixed_gshared_pool_seed0,warehouse_random_factorial,carrier_brd,1,13,42.0,42000000,10,24,8,0,0.1923,3,13,42,42000000,13,42,42000000,0,0,0,0,0,0,0,0,NOT_ATTEMPTED,0,0,0,0,-1,-1,-1,-1,-1,0,0,0,0,0,0,0,0,0,0,0,0,0,,,,,,,,,,,,,0,0,0,0,0,0,0,0,0,0,0,0,0,0,0,0,0,0,0,BOTTLENECK_TARGET_FRONTIER_CONTINUITY_V2,0,0,0,0,0,0,0,0,0,0,0,0,0,0,0,0,0,0.014432,0,0,0,0,0,0,0.518043,1.03945,2,2,1,4,6,0.03186,168,0,0,28,TASKBR_VACANCY_V1,0.111043,1,4,4,4,0,4,0.055362,0.001847,0,4,0,6,6,0,4,4,"1,1,1,1",2,0,4,1.33014,27,0,0.031315,0.036662,13,42000000,0,3,1,SOLVED,3,3.36378,2645d0e448499cf9c352195a9820093da168ac6f52c13ddf9ca0dd5ac87fc33e,0.011,ok,
g1_dhigh_aequal_pmixed_gsingleton_seed0,warehouse_random_factorial,carrier_brd,1,17,56.0,56000000,28,16,12,2,0.4118,4,17,56,56000000,17,56,56000000,0,0,0,0,0,0,0,0,NOT_ATTEMPTED,0,0,0,0,-1,-1,-1,-1,-1,0,0,0,0,0,0,0,0,0,0,0,0,0,,,,,,,,,,,,,0,0,0,0,0,0,0,0,0,0,0,0,0,0,0,0,0,0,0,BOTTLENECK_TARGET_FRONTIER_CONTINUITY_V2,0,0,0,0,0,0,0,0,0,0,0,0,0,0,0,0,0,0.023207,0,0,0,0,0,0,0.447152,1.79361,3,3,2,6,7,0.043313,196,0,0,109,TASKBR_VACANCY_V1,0.183642,2,6,4,6,0,5,0.057211,0.001902,0,4,0,6,6,0,5,5,"1,1,1,2,1",3,0,5,1.54404,28,0,0.038655,0.047865,17,56000000,0,4,1,SOLVED,4,4.43311,7c67a77a3abcd31ec20ccab3cb29c559515761252deeb465bff72eaa76d28f97,0.013,ok,
g1_dhigh_ascarce_pcross_heavy_gshared_pool_seed0,warehouse_random_factorial,carrier_brd,1,18,33.0,33000000,7,18,8,0,0.1944,3,18,33,33000000,18,33,33000000,0,0,0,0,0,0,0,0,NOT_ATTEMPTED,0,0,0,0,-1,-1,-1,-1,-1,0,0,0,0,0,0,0,0,0,0,0,0,0,,,,,,,,,,,,,0,0,0,0,0,0,0,0,0,0,0,0,0,0,0,0,0,0,0,BOTTLENECK_TARGET_FRONTIER_CONTINUITY_V2,0,0,0,0,0,0,0,0,0,0,0,0,0,0,0,0,0,0.014914,0,0,0,0,0,0,0.505519,1.01129,2,2,1,4,2,0.020935,56,0,0,15,TASKBR_VACANCY_V1,0.11379,1,4,4,4,0,4,0.071216,0.002626,0,4,0,6,6,0,4,4,"1,1,1,1",1,1,4,1.36913,34,0,0.040572,0.044409,18,33000000,0,3,1,SOLVED,3,3.43639,875e714e90821df7b0b176d553ffcdf56feb753911aaa68fdd3fd8e08980d45d,0.012,ok,
g1_dhigh_ascarce_pcross_heavy_gsingleton_seed0,warehouse_random_factorial,carrier_brd,1,32,63.0,63000000,26,25,12,2,0.4062,5,32,63,63000000,32,63,63000000,0,0,0,0,0,0,0,0,NOT_ATTEMPTED,1,0,0,0,-1,-1,-1,-1,-1,0,0,0,0,0,0,0,0,0,0,0,0,0,,,,,,,,,,,,,0,0,0,0,0,0,0,0,0,0,0,0,0,0,0,0,0,0,0,BOTTLENECK_TARGET_FRONTIER_CONTINUITY_V2,0,0,0,0,0,0,0,0,0,0,0,0,0,0,0,0,0,0.023081,0,0,0,0,0,0,0.508066,1.51606,3,3,2,6,5,0.041162,140,0,0,66,TASKBR_VACANCY_V1,0.180012,2,6,4,6,0,6,0.084921,0.003376,0,4,0,8,8,0,6,6,"1,1,1,1,1,1",1,1,6,2.14447,62,0,0.050645,0.073741,32,63000000,0,4,1,SOLVED,5,5.03818,a5e21d0b05a8ab64b884d81f139db1dfd6587efb5c3a0ecc44412825e1174cdc,0.013,ok,
g1_dhigh_ascarce_plocal_gshared_pool_seed0,warehouse_random_factorial,carrier_brd,1,29,48.0,48000000,17,21,10,1,0.2931,4,29,48,48000000,29,48,48000000,0,0,0,0,0,0,0,0,NOT_ATTEMPTED,0,0,0,0,-1,-1,-1,-1,-1,0,0,0,0,0,0,0,0,0,0,0,0,0,,,,,,,,,,,,,0,0,0,0,0,0,0,0,0,0,0,0,0,0,0,0,0,0,0,BOTTLENECK_TARGET_FRONTIER_CONTINUITY_V2,0,0,0,0,0,0,0,0,0,0,0,0,0,0,0,0,0,0.019065,0,0,0,0,0,0,0.583046,1.08496,3,3,2,5,8,0.04284,224,0,0,6,TASKBR_VACANCY_V1,0.154055,2,5,4,5,0,5,0.067411,0.002508,0,4,0,6,6,0,5,5,"1,1,1,1,1",1,0,5,1.72558,50,0,0.039082,0.079162,29,48000000,0,3,1,SOLVED,4,4.16346,9ee93c9883a95c7ef00b9dbc345d679c445628c63305e81e0cdc34bd366bb040,0.012,ok,
g1_dhigh_ascarce_plocal_gsingleton_seed0,warehouse_random_factorial,carrier_brd,1,23,44.0,44000000,16,16,12,2,0.3478,4,23,44,44000000,23,44,44000000,0,0,0,0,0,0,0,0,NOT_ATTEMPTED,0,0,0,0,-1,-1,-1,-1,-1,0,0,0,0,0,0,0,0,0,0,0,0,0,,,,,,,,,,,,,0,0,0,0,0,0,0,0,0,0,0,0,0,0,0,0,0,0,0,BOTTLENECK_TARGET_FRONTIER_CONTINUITY_V2,0,0,0,0,0,0,0,0,0,0,0,0,0,0,0,0,0,0.027532,0,0,0,0,0,0,0.455474,1.435,3,3,2,6,7,0.04609,196,0,0,42,TASKBR_VACANCY_V1,0.187969,2,6,4,6,0,6,0.084253,0.003221,0,4,0,7,7,0,6,6,"1,1,1,1,1,1",1,0,6,2.11384,53,0,0.051675,0.053947,23,44000000,0,4,1,SOLVED,4,4.77056,422da2fbdb5e351a55d75e9f373c6c86c638800d2e25e61a234959a554219365,0.013,ok,
g1_dhigh_ascarce_pmixed_gshared_pool_seed0,warehouse_random_factorial,carrier_brd,1,20,38.0,38000000,10,20,8,0,0.25,3,20,38,38000000,20,38,38000000,0,0,0,0,0,0,0,0,NOT_ATTEMPTED,0,0,0,0,-1,-1,-1,-1,-1,0,0,0,0,0,0,0,0,0,0,0,0,0,,,,,,,,,,,,,0,0,0,0,0,0,0,0,0,0,0,0,0,0,0,0,0,0,0,BOTTLENECK_TARGET_FRONTIER_CONTINUITY_V2,0,0,0,0,0,0,0,0,0,0,0,0,0,0,0,0,0,0.016538,0,0,0,0,0,0,0.601138,1.06133,2,2,1,4,6,0.037906,168,0,0,28,TASKBR_VACANCY_V1,0.111806,1,4,4,4,0,4,0.058027,0.002399,0,4,0,5,5,0,4,4,"1,1,1,1",1,0,4,1.31744,34,0,0.033479,0.048873,20,38000000,0,3,1,SOLVED,3,3.53005,a83e4fcb2885002e6294eac9fa982a9a17a0c6a70de4cbe0da593608caee640c,0.011,ok,
g1_dhigh_ascarce_pmixed_gsingleton_seed0,warehouse_random_factorial,carrier_brd,1,37,70.0,70000000,28,30,12,2,0.3784,5,37,70,70000000,37,70,70000000,0,0,0,0,0,0,0,0,NOT_ATTEMPTED,1,0,0,0,-1,-1,-1,-1,-1,0,0,0,0,0,0,0,0,0,0,0,0,0,,,,,,,,,,,,,0,0,0,0,0,0,0,0,0,0,0,0,0,0,0,0,0,0,0,BOTTLENECK_TARGET_FRONTIER_CONTINUITY_V2,0,0,0,0,0,0,0,0,0,0,0,0,0,0,0,0,0,0.029365,0,0,0,0,0,0,0.470087,1.61219,3,3,2,6,7,0.042644,196,0,0,109,TASKBR_VACANCY_V1,0.17738,2,6,4,6,0,6,0.082913,0.003494,0,4,0,9,9,0,6,6,"1,1,1,1,1,1",1,1,6,2.19987,75,0,0.044289,0.08158,37,70000000,0,4,1,SOLVED,5,5.191,6216a96ed5c929b206c77f0fba5cc24347d37f421923043b4ee93a89c3e8a45f,0.014,ok,
g1_dhigh_asurplus_pcross_heavy_gshared_pool_seed0,warehouse_random_factorial,carrier_brd,1,10,30.0,30000000,7,15,8,0,0.1167,3,10,30,30000000,10,30,30000000,0,0,0,0,0,0,0,0,NOT_ATTEMPTED,0,0,0,0,-1,-1,-1,-1,-1,0,0,0,0,0,0,0,0,0,0,0,0,0,,,,,,,,,,,,,0,0,0,0,0,0,0,0,0,0,0,0,0,0,0,0,0,0,0,BOTTLENECK_TARGET_FRONTIER_CONTINUITY_V2,0,0,0,0,0,0,0,0,0,0,0,0,0,0,0,0,0,0.015742,0,0,0,0,0,0,0.451219,0.929965,2,2,1,4,2,0.018512,56,0,0,15,TASKBR_VACANCY_V1,0.113982,1,4,4,4,0,4,0.05911,0.001571,0,4,0,5,5,0,4,4,"1,1,1,1",2,0,4,1.27347,24,0,0.035802,0.032453,10,30000000,0,2,1,SOLVED,3,3.11571,97e59c4fd24ccfb3dda1f8de6f0aae736853d7a9af7f245dc7194ec6be812ed9,0.011,ok,
g1_dhigh_asurplus_pcross_heavy_gsingleton_seed0,warehouse_random_factorial,carrier_brd,1,17,47.0,47000000,26,9,12,2,0.2549,4,17,47,47000000,17,47,47000000,0,0,0,0,0,0,0,0,NOT_ATTEMPTED,0,0,0,0,-1,-1,-1,-1,-1,0,0,0,0,0,0,0,0,0,0,0,0,0,,,,,,,,,,,,,0,0,0,0,0,0,0,0,0,0,0,0,0,0,0,0,0,0,0,BOTTLENECK_TARGET_FRONTIER_CONTINUITY_V2,0,0,0,0,0,0,0,0,0,0,0,0,0,0,0,0,0,0.024462,0,0,0,0,0,0,0.419367,1.42882,3,3,2,6,5,0.034596,140,0,0,66,TASKBR_VACANCY_V1,0.176373,2,6,4,6,0,5,0.103004,0.00216,0,4,0,7,7,0,5,5,"1,1,1,2,1",2,0,5,1.69802,39,0,0.040138,0.052287,17,47000000,0,4,1,SOLVED,4,4.27228,afe542ed12d9975b1543bf82a6598b92ba7f7b588b19835d4ee4df23d2cf0584,0.013,ok,
g1_dhigh_asurplus_plocal_gshared_pool_seed0,warehouse_random_factorial,carrier_brd,1,15,39.0,39000000,17,12,10,1,0.1889,4,15,39,39000000,15,39,39000000,0,0,0,0,0,0,0,0,NOT_ATTEMPTED,0,0,0,0,-1,-1,-1,-1,-1,0,0,0,0,0,0,0,0,0,0,0,0,0,,,,,,,,,,,,,0,0,0,0,0,0,0,0,0,0,0,0,0,0,0,0,0,0,0,BOTTLENECK_TARGET_FRONTIER_CONTINUITY_V2,0,0,0,0,0,0,0,0,0,0,0,0,0,0,0,0,0,0.022541,0,0,0,0,0,0,0.636064,1.09102,3,3,2,5,8,0.048689,224,0,0,6,TASKBR_VACANCY_V1,0.152669,2,5,4,5,0,5,0.062258,0.001703,0,4,0,5,5,0,5,5,"1,1,1,1,1",3,0,5,1.86807,51,0,0.039789,0.045608,15,39000000,0,4,1,SOLVED,4,4.25184,2c46d5a4aaa9a46e0b902ebec2efafa4651e7719c352b018dc42348d7604affa,0.012,ok,
g1_dhigh_asurplus_plocal_gsingleton_seed0,warehouse_random_factorial,carrier_brd,1,19,41.0,41000000,16,13,12,2,0.1404,4,19,41,41000000,19,41,41000000,0,0,0,0,0,0,0,0,NOT_ATTEMPTED,0,0,0,0,-1,-1,-1,-1,-1,0,0,0,0,0,0,0,0,0,0,0,0,0,,,,,,,,,,,,,0,0,0,0,0,0,0,0,0,0,0,0,0,0,0,0,0,0,0,BOTTLENECK_TARGET_FRONTIER_CONTINUITY_V2,0,0,0,0,0,0,0,0,0,0,0,0,0,0,0,0,0,0.024241,0,0,0,0,0,0,0.489418,1.29878,3,3,2,6,7,0.041163,196,0,0,42,TASKBR_VACANCY_V1,0.174596,2,6,4,6,0,5,0.098455,0.002283,0,4,0,7,7,0,5,5,"2,1,1,1,1",1,0,5,1.78718,46,0,0.041265,0.058765,19,41000000,0,4,1,SOLVED,4,4.32566,78f4001f31049813a3dec649f30c38ce3751a6cf84cbbb4b3f72dad91ae23914,0.013,ok,
g1_dhigh_asurplus_pmixed_gshared_pool_seed0,warehouse_random_factorial,carrier_brd,1,13,38.0,38000000,10,20,8,0,0.1282,4,13,38,38000000,13,38,38000000,0,0,0,0,0,0,0,0,NOT_ATTEMPTED,0,0,0,0,-1,-1,-1,-1,-1,0,0,0,0,0,0,0,0,0,0,0,0,0,,,,,,,,,,,,,0,0,0,0,0,0,0,0,0,0,0,0,0,0,0,0,0,0,0,BOTTLENECK_TARGET_FRONTIER_CONTINUITY_V2,0,0,0,0,0,0,0,0,0,0,0,0,0,0,0,0,0,0.019525,0,0,0,0,0,0,0.563151,1.04191,2,2,1,4,6,0.030044,168,0,0,28,TASKBR_VACANCY_V1,0.125046,1,4,4,4,0,4,0.073062,0.001841,0,4,0,6,6,0,4,4,"1,1,1,1",2,0,4,1.88606,31,0,0.042939,0.060761,13,38000000,0,3,1,SOLVED,4,4.14821,847c093477d8c34112b29aec974eee4e476f7df16be2f1eba06ebc67f7c7e762,0.012,ok,
g1_dhigh_asurplus_pmixed_gsingleton_seed0,warehouse_random_factorial,carrier_brd,1,17,51.0,51000000,28,11,12,2,0.2745,4,17,51,51000000,17,51,51000000,0,0,0,0,0,0,0,0,NOT_ATTEMPTED,0,0,0,0,-1,-1,-1,-1,-1,0,0,0,0,0,0,0,0,0,0,0,0,0,,,,,,,,,,,,,0,0,0,0,0,0,0,0,0,0,0,0,0,0,0,0,0,0,0,BOTTLENECK_TARGET_FRONTIER_CONTINUITY_V2,0,0,0,0,0,0,0,0,0,0,0,0,0,0,0,0,0,0.018089,0,0,0,0,0,0,0.496015,1.56138,3,3,2,6,7,0.047267,196,0,0,109,TASKBR_VACANCY_V1,0.213078,2,6,4,6,0,4,0.080716,0.001947,0,4,0,6,6,0,4,4,"2,1,2,1",2,0,4,1.37185,28,0,0.033521,0.05169,17,51000000,0,3,1,SOLVED,4,4.13842,c83689dff376e09fe0e8d76bc2b214c77fe29550c469dd9bf4c378e7b70d1205,0.012,ok,
g1_dlow_abaseline_pcross_heavy_gshared_pool_seed0,warehouse_random_factorial,carrier_brd,1,12,30.0,30000000,7,15,8,0,0.1944,2,12,30,30000000,12,30,30000000,0,0,0,0,0,0,0,0,NOT_ATTEMPTED,0,0,0,0,-1,-1,-1,-1,-1,0,0,0,0,0,0,0,0,0,0,0,0,0,,,,,,,,,,,,,0,0,0,0,0,0,0,0,0,0,0,0,0,0,0,0,0,0,0,BOTTLENECK_TARGET_FRONTIER_CONTINUITY_V2,0,0,0,0,0,0,0,0,0,0,0,0,0,0,0,0,0,0.011907,0,0,0,0,0,0,0.451684,0.752692,2,2,1,4,2,0.018409,56,0,0,0,TASKBR_VACANCY_V1,0.083664,1,4,4,4,0,4,0.053477,0.001942,0,4,0,5,5,0,4,4,"1,1,1,1",2,0,4,1.24186,26,0,0.030817,0.022429,12,30000000,0,2,1,SOLVED,2,2.80001,9ca24b529cad58b15e2ae22d8023c64b9a091b5a60c017b183b0a74727bb9cd7,0.011,ok,
g1_dlow_abaseline_pcross_heavy_gsingleton_seed0,warehouse_random_factorial,carrier_brd,1,21,55.0,55000000,24,19,12,2,0.381,3,21,55,55000000,21,55,55000000,0,0,0,0,0,0,0,0,NOT_ATTEMPTED,0,0,0,0,-1,-1,-1,-1,-1,0,0,0,0,0,0,0,0,0,0,0,0,0,,,,,,,,,,,,,0,0,0,0,0,0,0,0,0,0,0,0,0,0,0,0,0,0,0,BOTTLENECK_TARGET_FRONTIER_CONTINUITY_V2,0,0,0,0,0,0,0,0,0,0,0,0,0,0,0,0,0,0.015259,0,0,0,0,0,0,0.409953,0.81597,3,3,2,6,5,0.034475,140,0,0,0,TASKBR_VACANCY_V1,0.134177,2,6,4,6,0,4,0.060816,0.00259,0,4,0,7,7,0,4,4,"1,2,2,1",2,0,4,1.32395,41,0,0.031657,0.034366,21,55000000,0,2,1,SOLVED,3,3.06272,fdb48e7749f14fb5a597847689f6a7ace68c12b406397e0a9107ea2f1aef261d,0.01,ok,
g1_dlow_abaseline_plocal_gshared_pool_seed0,warehouse_random_factorial,carrier_brd,1,24,48.0,48000000,9,27,12,2,0.125,3,24,48,48000000,24,48,48000000,0,0,0,0,0,0,0,0,NOT_ATTEMPTED,0,0,0,0,-1,-1,-1,-1,-1,0,0,0,0,0,0,0,0,0,0,0,0,0,,,,,,,,,,,,,0,0,0,0,0,0,0,0,0,0,0,0,0,0,0,0,0,0,0,BOTTLENECK_TARGET_FRONTIER_CONTINUITY_V2,0,0,0,0,0,0,0,0,0,0,0,0,0,0,0,0,0,0.030252,0,0,0,0,0,0,0.461723,0.917865,3,3,2,6,5,0.033241,140,0,0,0,TASKBR_VACANCY_V1,0.134886,2,6,4,6,0,6,0.068694,0.002791,0,4,0,8,8,0,6,6,"1,1,1,1,1,1",2,0,6,1.91214,49,0,0.058713,0.039125,24,48000000,0,3,1,SOLVED,3,3.84735,21bcb11f14d20f179a73c1ca87138c581e235ff628336825b912a9ab27a1f8e6,0.012,ok,
g1_dlow_abaseline_plocal_gsingleton_seed0,warehouse_random_factorial,carrier_brd,1,16,37.0,37000000,12,13,12,2,0.25,3,16,37,37000000,16,37,37000000,0,0,0,0,0,0,0,0,NOT_ATTEMPTED,0,0,0,0,-1,-1,-1,-1,-1,0,0,0,0,0,0,0,0,0,0,0,0,0,,,,,,,,,,,,,0,0,0,0,0,0,0,0,0,0,0,0,0,0,0,0,0,0,0,BOTTLENECK_TARGET_FRONTIER_CONTINUITY_V2,0,0,0,0,0,0,0,0,0,0,0,0,0,0,0,0,0,0.016022,0,0,0,0,0,0,0.462153,0.836472,3,3,2,6,5,0.038657,140,0,0,0,TASKBR_VACANCY_V1,0.131914,2,6,4,6,0,6,0.064127,0.002472,0,4,0,7,7,0,6,6,"1,1,1,1,1,1",2,0,6,1.78033,41,0,0.043231,0.030116,16,37000000,0,3,1,SOLVED,3,3.57924,2c69a644a3f5d23caebb830ece2324882b46427c8180ce5bf7e742ffcd6b7bf1,0.011,ok,
g1_dlow_abaseline_pmixed_gshared_pool_seed0,warehouse_random_factorial,carrier_brd,1,18,39.0,39000000,10,19,10,1,0.1852,3,18,39,39000000,18,39,39000000,0,0,0,0,0,0,0,0,NOT_ATTEMPTED,0,0,0,0,-1,-1,-1,-1,-1,0,0,0,0,0,0,0,0,0,0,0,0,0,,,,,,,,,,,,,0,0,0,0,0,0,0,0,0,0,0,0,0,0,0,0,0,0,0,BOTTLENECK_TARGET_FRONTIER_CONTINUITY_V2,0,0,0,0,0,0,0,0,0,0,0,0,0,0,0,0,0,0.014849,0,0,0,0,0,0,0.560096,0.793441,3,3,2,5,5,0.033635,140,0,0,0,TASKBR_VACANCY_V1,0.090529,2,5,4,5,0,5,0.064028,0.002517,0,4,0,7,7,0,5,5,"1,1,1,1,1",2,0,5,1.56872,39,0,0.046766,0.034768,18,39000000,0,3,1,SOLVED,3,3.37115,9651ece7c1af023ca03e1998d3cd512aedbe7df611cf18a1a2f249d8e97d7367,0.012,ok,
g1_dlow_abaseline_pmixed_gsingleton_seed0,warehouse_random_factorial,carrier_brd,1,28,60.0,60000000,22,26,12,2,0.2619,3,28,60,60000000,28,60,60000000,0,0,0,0,0,0,0,0,NOT_ATTEMPTED,0,0,0,0,-1,-1,-1,-1,-1,0,0,0,0,0,0,0,0,0,0,0,0,0,,,,,,,,,,,,,0,0,0,0,0,0,0,0,0,0,0,0,0,0,0,0,0,0,0,BOTTLENECK_TARGET_FRONTIER_CONTINUITY_V2,0,0,0,0,0,0,0,0,0,0,0,0,0,0,0,0,0,0.015195,0,0,0,0,0,0,0.496951,0.797732,3,3,2,6,5,0.038898,140,0,0,0,TASKBR_VACANCY_V1,0.131769,2,6,4,6,0,5,0.077168,0.002485,0,4,0,7,7,0,5,5,"2,1,1,1,1",1,0,5,1.54419,42,0,0.036404,0.046809,28,60000000,0,3,1,SOLVED,3,3.40601,568eb7f04184f90e52cc1739d268f94894cdc49cc8fac7863dc634ac79735cad,0.012,ok,
g1_dlow_aequal_pcross_heavy_gshared_pool_seed0,warehouse_random_factorial,carrier_brd,1,10,33.0,33000000,7,18,8,0,0.175,2,10,33,33000000,10,33,33000000,0,0,0,0,0,0,0,0,NOT_ATTEMPTED,0,0,0,0,-1,-1,-1,-1,-1,0,0,0,0,0,0,0,0,0,0,0,0,0,,,,,,,,,,,,,0,0,0,0,0,0,0,0,0,0,0,0,0,0,0,0,0,0,0,BOTTLENECK_TARGET_FRONTIER_CONTINUITY_V2,0,0,0,0,0,0,0,0,0,0,0,0,0,0,0,0,0,0.010062,0,0,0,0,0,0,0.499883,0.75987,2,2,1,4,2,0.018321,56,0,0,0,TASKBR_VACANCY_V1,0.083933,1,4,4,4,0,3,0.050678,0.001813,0,4,0,6,6,0,3,3,"1,1,2",2,0,3,0.906657,20,0,0.022021,0.019338,10,33000000,0,2,1,SOLVED,2,2.49004,061a72fff58347f3d17b0d0b1116ac902c39915ad56fd056ce422b0fca0b2aac,0.01,ok,
g1_dlow_aequal_pcross_heavy_gsingleton_seed0,warehouse_random_factorial,carrier_brd,1,17,51.0,51000000,24,15,12,2,0.3529,3,17,51,51000000,17,51,51000000,0,0,0,0,0,0,0,0,NOT_ATTEMPTED,0,0,0,0,-1,-1,-1,-1,-1,0,0,0,0,0,0,0,0,0,0,0,0,0,,,,,,,,,,,,,0,0,0,0,0,0,0,0,0,0,0,0,0,0,0,0,0,0,0,BOTTLENECK_TARGET_FRONTIER_CONTINUITY_V2,0,0,0,0,0,0,0,0,0,0,0,0,0,0,0,0,0,0.023445,0,0,0,0,0,0,0.444907,0.882056,3,3,2,6,5,0.041741,140,0,0,0,TASKBR_VACANCY_V1,0.136248,2,6,4,6,0,6,0.055954,0.00189,0,4,0,6,6,0,6,6,"1,1,1,1,1,1",3,0,6,1.90514,48,0,0.044929,0.036775,17,51000000,0,3,1,SOLVED,3,3.76626,b572ab10627207ef0c4a98761d076bb40d0ca6e2869a8b7b619ffbe344c2d847,0.012,ok,
g1_dlow_aequal_plocal_gshared_pool_seed0,warehouse_random_factorial,carrier_brd,1,11,36.0,36000000,9,15,12,2,0.2045,3,11,36,36000000,11,36,36000000,0,0,0,0,0,0,0,0,NOT_ATTEMPTED,0,0,0,0,-1,-1,-1,-1,-1,0,0,0,0,0,0,0,0,0,0,0,0,0,,,,,,,,,,,,,0,0,0,0,0,0,0,0,0,0,0,0,0,0,0,0,0,0,0,BOTTLENECK_TARGET_FRONTIER_CONTINUITY_V2,0,0,0,0,0,0,0,0,0,0,0,0,0,0,0,0,0,0.01584,0,0,0,0,0,0,0.481193,0.957393,3,3,2,6,5,0.032983,140,0,0,0,TASKBR_VACANCY_V1,0.138015,2,6,4,6,0,5,0.050373,0.001829,0,4,0,6,6,0,5,5,"1,1,1,2,1",3,0,5,1.43789,24,0,0.04311,0.021369,11,36000000,0,3,1,SOLVED,3,3.30664,440b4908629978e143e1224467e8cbd8767505453eb65c2fec18db065b1f01f0,0.011,ok,
g1_dlow_aequal_plocal_gsingleton_seed0,warehouse_random_factorial,carrier_brd,1,15,38.0,38000000,12,14,12,2,0.2,3,15,38,38000000,15,38,38000000,0,0,0,0,0,0,0,0,NOT_ATTEMPTED,0,0,0,0,-1,-1,-1,-1,-1,0,0,0,0,0,0,0,0,0,0,0,0,0,,,,,,,,,,,,,0,0,0,0,0,0,0,0,0,0,0,0,0,0,0,0,0,0,0,BOTTLENECK_TARGET_FRONTIER_CONTINUITY_V2,0,0,0,0,0,0,0,0,0,0,0,0,0,0,0,0,0,0.023399,0,0,0,0,0,0,0.466509,0.803447,3,3,2,6,5,0.036757,140,0,0,0,TASKBR_VACANCY_V1,0.132014,2,6,4,6,0,5,0.07672,0.005225,0,4,0,8,8,0,5,5,"1,1,1,2,1",2,0,5,1.55234,36,0,0.038938,0.032792,15,38000000,0,3,1,SOLVED,3,3.3343,33f263cf77f7ec738638f4d82a92e8aca7c9c0b377c537ef760dd8646d85cc5a,0.011,ok,
g1_dlow_aequal_pmixed_gshared_pool_seed0,warehouse_random_factorial,carrier_brd,1,14,44.0,44000000,10,24,10,1,0.1786,2,14,44,44000000,14,44,44000000,0,0,0,0,0,0,0,0,NOT_ATTEMPTED,0,0,0,0,-1,-1,-1,-1,-1,0,0,0,0,0,0,0,0,0,0,0,0,0,,,,,,,,,,,,,0,0,0,0,0,0,0,0,0,0,0,0,0,0,0,0,0,0,0,BOTTLENECK_TARGET_FRONTIER_CONTINUITY_V2,0,0,0,0,0,0,0,0,0,0,0,0,0,0,0,0,0,0.017802,0,0,0,0,0,0,0.555881,0.838385,3,3,2,5,5,0.033686,140,0,0,0,TASKBR_VACANCY_V1,0.090853,2,5,4,5,0,4,0.047651,0.001682,0,4,0,5,5,0,4,4,"1,1,2,1",3,0,4,1.16512,21,0,0.031763,0.025863,14,44000000,0,2,1,SOLVED,2,2.928,82bb664038cd93bfb54f871f6878893801bd5fc5e45deb60f4c73673add45c50,0.01,ok,
g1_dlow_aequal_pmixed_gsingleton_seed0,warehouse_random_factorial,carrier_brd,1,14,50.0,50000000,22,16,12,2,0.3929,3,14,50,50000000,14,50,50000000,0,0,0,0,0,0,0,0,NOT_ATTEMPTED,0,0,0,0,-1,-1,-1,-1,-1,0,0,0,0,0,0,0,0,0,0,0,0,0,,,,,,,,,,,,,0,0,0,0,0,0,0,0,0,0,0,0,0,0,0,0,0,0,0,BOTTLENECK_TARGET_FRONTIER_CONTINUITY_V2,0,0,0,0,0,0,0,0,0,0,0,0,0,0,0,0,0,0.024916,0,0,0,0,0,0,0.455922,0.870004,3,3,2,6,5,0.034088,140,0,0,0,TASKBR_VACANCY_V1,0.13354,2,6,4,6,0,5,0.050534,0.001859,0,4,0,6,6,0,5,5,"1,2,1,1,1",3,0,5,1.43143,29,0,0.036468,0.026958,14,50000000,0,3,1,SOLVED,3,3.20931,541a520d323157f7dfc164f45869108e45fb672bae426a785b0e33256841c0c5,0.011,ok,
g1_dlow_ascarce_pcross_heavy_gshared_pool_seed0,warehouse_random_factorial,carrier_brd,1,18,33.0,33000000,7,18,8,0,0.1944,2,18,33,33000000,18,33,33000000,0,0,0,0,0,0,0,0,NOT_ATTEMPTED,0,0,0,0,-1,-1,-1,-1,-1,0,0,0,0,0,0,0,0,0,0,0,0,0,,,,,,,,,,,,,0,0,0,0,0,0,0,0,0,0,0,0,0,0,0,0,0,0,0,BOTTLENECK_TARGET_FRONTIER_CONTINUITY_V2,0,0,0,0,0,0,0,0,0,0,0,0,0,0,0,0,0,0.020274,0,0,0,0,0,0,0.432497,0.763053,2,2,1,4,2,0.01887,56,0,0,0,TASKBR_VACANCY_V1,0.0855,1,4,4,4,0,4,0.067403,0.002497,0,4,0,6,6,0,4,4,"1,1,1,1",1,1,4,1.23034,34,0,0.029219,0.027456,18,33000000,0,2,1,SOLVED,2,2.81487,875e714e90821df7b0b176d553ffcdf56feb753911aaa68fdd3fd8e08980d45d,0.01,ok,
g1_dlow_ascarce_pcross_heavy_gsingleton_seed0,warehouse_random_factorial,carrier_brd,1,32,59.0,59000000,24,23,12,2,0.375,3,32,59,59000000,32,59,59000000,0,0,0,0,0,0,0,0,NOT_ATTEMPTED,0,0,0,0,-1,-1,-1,-1,-1,0,0,0,0,0,0,0,0,0,0,0,0,0,,,,,,,,,,,,,0,0,0,0,0,0,0,0,0,0,0,0,0,0,0,0,0,0,0,BOTTLENECK_TARGET_FRONTIER_CONTINUITY_V2,0,0,0,0,0,0,0,0,0,0,0,0,0,0,0,0,0,0.038007,0,0,0,0,0,0,0.462486,0.892817,3,3,2,6,5,0.036089,140,0,0,0,TASKBR_VACANCY_V1,0.146362,2,6,4,6,0,6,0.074714,0.003049,0,4,0,8,8,0,6,6,"1,1,1,1,1,1",1,0,6,1.81945,53,0,0.042261,0.044418,32,59000000,0,3,1,SOLVED,3,3.7767,7b43d4ed750449ef1daf6558a8178a59051cf6ed8c7eb7dcd4c90d8ab6c46f7e,0.012,ok,
g1_dlow_ascarce_plocal_gshared_pool_seed0,warehouse_random_factorial,carrier_brd,1,26,49.0,49000000,9,28,12,2,0.1731,3,26,49,49000000,26,49,49000000,0,0,0,0,0,0,0,0,NOT_ATTEMPTED,0,0,0,0,-1,-1,-1,-1,-1,0,0,0,0,0,0,0,0,0,0,0,0,0,,,,,,,,,,,,,0,0,0,0,0,0,0,0,0,0,0,0,0,0,0,0,0,0,0,BOTTLENECK_TARGET_FRONTIER_CONTINUITY_V2,0,0,0,0,0,0,0,0,0,0,0,0,0,0,0,0,0,0.018919,0,0,0,0,0,0,0.515385,0.903378,3,3,2,6,5,0.034545,140,0,0,0,TASKBR_VACANCY_V1,0.133525,2,6,4,6,0,6,0.082829,0.00352,0,4,0,9,9,0,6,6,"1,1,1,1,1,1",1,1,6,1.95618,56,0,0.045842,0.036716,26,49000000,0,3,1,SOLVED,3,3.95008,c5e66ace89d79b29cba9aff13bfb1a2bec3efb038058acc305585603f1916fc1,0.012,ok,
g1_dlow_ascarce_plocal_gsingleton_seed0,warehouse_random_factorial,carrier_brd,1,27,46.0,46000000,12,22,12,2,0.2222,3,27,46,46000000,27,46,46000000,0,0,0,0,0,0,0,0,NOT_ATTEMPTED,0,0,0,0,-1,-1,-1,-1,-1,0,0,0,0,0,0,0,0,0,0,0,0,0,,,,,,,,,,,,,0,0,0,0,0,0,0,0,0,0,0,0,0,0,0,0,0,0,0,BOTTLENECK_TARGET_FRONTIER_CONTINUITY_V2,0,0,0,0,0,0,0,0,0,0,0,0,0,0,0,0,0,0.025424,0,0,0,0,0,0,0.455756,1.16925,3,3,2,6,5,0.052906,140,0,0,0,TASKBR_VACANCY_V1,0.13437,2,6,4,6,0,6,0.081726,0.003206,0,4,0,8,8,0,6,6,"1,1,1,1,1,1",1,0,6,1.80876,52,0,0.042949,0.039758,27,46000000,0,3,1,SOLVED,3,4.00298,2769bd62a94d18e2ee5186ee409c2a600ea7963846e8b0247cd64d942a559194,0.012,ok,
g1_dlow_ascarce_pmixed_gshared_pool_seed0,warehouse_random_factorial,carrier_brd,1,22,40.0,40000000,10,20,10,1,0.2273,3,22,40,40000000,22,40,40000000,0,0,0,0,0,0,0,0,NOT_ATTEMPTED,0,0,0,0,-1,-1,-1,-1,-1,0,0,0,0,0,0,0,0,0,0,0,0,0,,,,,,,,,,,,,0,0,0,0,0,0,0,0,0,0,0,0,0,0,0,0,0,0,0,BOTTLENECK_TARGET_FRONTIER_CONTINUITY_V2,0,0,0,0,0,0,0,0,0,0,0,0,0,0,0,0,0,0.012834,0,0,0,0,0,0,0.586473,0.930036,3,3,2,5,5,0.039436,140,0,0,0,TASKBR_VACANCY_V1,0.112306,2,5,4,5,0,5,0.0636,0.002698,0,4,0,6,6,0,5,5,"1,1,1,1,1",1,1,5,1.48127,39,0,0.042102,0.031819,22,40000000,0,3,1,SOLVED,3,3.45258,2a299024dc8320212446d0b9a35d0b08e673261c002147561fc3c7aa9a6df31a,0.011,ok,
g1_dlow_ascarce_pmixed_gsingleton_seed0,warehouse_random_factorial,carrier_brd,1,33,62.0,62000000,22,28,12,2,0.3333,3,33,62,62000000,33,62,62000000,0,0,0,0,0,0,0,0,NOT_ATTEMPTED,1,0,0,0,-1,-1,-1,-1,-1,0,0,0,0,0,0,0,0,0,0,0,0,0,,,,,,,,,,,,,0,0,0,0,0,0,0,0,0,0,0,0,0,0,0,0,0,0,0,BOTTLENECK_TARGET_FRONTIER_CONTINUITY_V2,0,0,0,0,0,0,0,0,0,0,0,0,0,0,0,0,0,0.022659,0,0,0,0,0,0,0.507256,0.890281,3,3,2,6,5,0.051884,140,0,0,0,TASKBR_VACANCY_V1,0.142458,2,6,4,6,0,6,0.084455,0.003554,0,4,0,9,9,0,6,6,"1,1,1,1,1,1",1,1,6,1.93499,66,0,0.043707,0.046478,33,62000000,0,3,1,SOLVED,3,3.98475,5a5a8046703fa3a238ca24f37f2d02ca6d8aa9eaaead06efe24bcf82e33b307c,0.012,ok,
g1_dlow_asurplus_pcross_heavy_gshared_pool_seed0,warehouse_random_factorial,carrier_brd,1,10,30.0,30000000,7,15,8,0,0.1167,2,10,30,30000000,10,30,30000000,0,0,0,0,0,0,0,0,NOT_ATTEMPTED,0,0,0,0,-1,-1,-1,-1,-1,0,0,0,0,0,0,0,0,0,0,0,0,0,,,,,,,,,,,,,0,0,0,0,0,0,0,0,0,0,0,0,0,0,0,0,0,0,0,BOTTLENECK_TARGET_FRONTIER_CONTINUITY_V2,0,0,0,0,0,0,0,0,0,0,0,0,0,0,0,0,0,0.019876,0,0,0,0,0,0,0.429109,0.758331,2,2,1,4,2,0.017743,56,0,0,0,TASKBR_VACANCY_V1,0.098222,1,4,4,4,0,4,0.065788,0.0018,0,4,0,5,5,0,4,4,"1,1,1,1",2,0,4,1.24594,24,0,0.029415,0.02218,10,30000000,0,2,1,SOLVED,2,2.81601,97e59c4fd24ccfb3dda1f8de6f0aae736853d7a9af7f245dc7194ec6be812ed9,0.01,ok,
g1_dlow_asurplus_pcross_heavy_gsingleton_seed0,warehouse_random_factorial,carrier_brd,1,17,45.0,45000000,24,9,12,2,0.2353,3,17,45,45000000,17,45,45000000,0,0,0,0,0,0,0,0,NOT_ATTEMPTED,0,0,0,0,-1,-1,-1,-1,-1,0,0,0,0,0,0,0,0,0,0,0,0,0,,,,,,,,,,,,,0,0,0,0,0,0,0,0,0,0,0,0,0,0,0,0,0,0,0,BOTTLENECK_TARGET_FRONTIER_CONTINUITY_V2,0,0,0,0,0,0,0,0,0,0,0,0,0,0,0,0,0,0.025095,0,0,0,0,0,0,0.436755,0.826219,3,3,2,6,5,0.033831,140,0,0,0,TASKBR_VACANCY_V1,0.134658,2,6,4,6,0,5,0.08088,0.002184,0,4,0,7,7,0,5,5,"1,1,1,2,1",2,0,5,1.74404,43,0,0.039864,0.053681,17,45000000,0,3,1,SOLVED,3,3.5826,9a8b884c83092cfaa605adfe4cc0670192f6034c9756de1da32fe2d5358149a5,0.011,ok,
g1_dlow_asurplus_plocal_gshared_pool_seed0,warehouse_random_factorial,carrier_brd,1,9,33.0,33000000,9,12,12,2,0.1667,3,9,33,33000000,9,33,33000000,0,0,0,0,0,0,0,0,NOT_ATTEMPTED,0,0,0,0,-1,-1,-1,-1,-1,0,0,0,0,0,0,0,0,0,0,0,0,0,,,,,,,,,,,,,0,0,0,0,0,0,0,0,0,0,0,0,0,0,0,0,0,0,0,BOTTLENECK_TARGET_FRONTIER_CONTINUITY_V2,0,0,0,0,0,0,0,0,0,0,0,0,0,0,0,0,0,0.019777,0,0,0,0,0,0,0.559677,0.945983,3,3,2,6,5,0.037431,140,0,0,0,TASKBR_VACANCY_V1,0.137148,2,6,4,6,0,5,0.063172,0.001941,0,4,0,6,6,0,5,5,"1,1,1,1,2",3,0,5,1.43978,24,0,0.037186,0.020549,9,33000000,0,3,1,SOLVED,3,3.39247,0ce2ac6bebf2b591bf51a08cdc9debeecf0619913d6f9135f3b6f929a354853d,0.011,ok,
g1_dlow_asurplus_plocal_gsingleton_seed0,warehouse_random_factorial,carrier_brd,1,15,37.0,37000000,12,13,12,2,0.1333,2,15,37,37000000,15,37,37000000,0,0,0,0,0,0,0,0,NOT_ATTEMPTED,0,0,0,0,-1,-1,-1,-1,-1,0,0,0,0,0,0,0,0,0,0,0,0,0,,,,,,,,,,,,,0,0,0,0,0,0,0,0,0,0,0,0,0,0,0,0,0,0,0,BOTTLENECK_TARGET_FRONTIER_CONTINUITY_V2,0,0,0,0,0,0,0,0,0,0,0,0,0,0,0,0,0,0.018822,0,0,0,0,0,0,0.439278,0.759119,3,3,2,6,5,0.033593,140,0,0,0,TASKBR_VACANCY_V1,0.129379,2,6,4,6,0,4,0.096541,0.002129,0,4,0,7,7,0,4,4,"2,1,2,1",1,0,4,1.26535,29,0,0.032937,0.031866,15,37000000,0,2,1,SOLVED,2,2.97438,8316376e526cb8e8fcc0d08a2c2e39d5b5ba5bc1544741f6203c150d86992ac4,0.011,ok,
g1_dlow_asurplus_pmixed_gshared_pool_seed0,warehouse_random_factorial,carrier_brd,1,14,42.0,42000000,10,22,10,1,0.119,2,14,42,42000000,14,42,42000000,0,0,0,0,0,0,0,0,NOT_ATTEMPTED,2,0,0,0,-1,-1,-1,-1,-1,0,0,0,0,0,0,0,0,0,0,0,0,0,,,,,,,,,,,,,0,0,0,0,0,0,0,0,0,0,0,0,0,0,0,0,0,0,0,BOTTLENECK_TARGET_FRONTIER_CONTINUITY_V2,0,0,0,0,0,0,0,0,0,0,0,0,0,0,0,0,0,0.021564,0,0,0,0,0,0,0.607232,0.846472,3,3,2,5,5,0.037009,140,0,0,0,TASKBR_VACANCY_V1,0.092912,2,5,4,5,0,3,0.079821,0.002199,0,4,0,7,7,0,3,3,"1,3,1",1,0,3,1.03563,22,0,0.024678,0.029799,14,42000000,0,2,1,SOLVED,2,2.90583,34fa2de3bcb69cb8ca4d417948e37a9915fc0b24c73531a8614c74b80d519b3e,0.011,ok,
g1_dlow_asurplus_pmixed_gsingleton_seed0,warehouse_random_factorial,carrier_brd,1,14,45.0,45000000,22,11,12,2,0.2619,4,14,45,45000000,14,45,45000000,0,0,0,0,0,0,0,0,NOT_ATTEMPTED,0,0,0,0,-1,-1,-1,-1,-1,0,0,0,0,0,0,0,0,0,0,0,0,0,,,,,,,,,,,,,0,0,0,0,0,0,0,0,0,0,0,0,0,0,0,0,0,0,0,BOTTLENECK_TARGET_FRONTIER_CONTINUITY_V2,0,0,0,0,0,0,0,0,0,0,0,0,0,0,0,0,0,0.017247,0,0,0,0,0,0,0.528447,1.1817,3,3,2,6,5,0.046177,140,0,0,0,TASKBR_VACANCY_V1,0.191895,2,6,4,6,0,4,0.092335,0.002571,0,4,0,6,6,0,4,4,"1,2,2,1",3,0,4,1.67785,22,0,0.049127,0.044448,14,45000000,0,3,1,SOLVED,4,4.04619,9f4f33f859d28a21533f49cb86b8c1753a5cbe736217370f54d8c47f85ec9e1d,0.012,ok,
g1_dmedium_abaseline_pcross_heavy_gshared_pool_seed0,warehouse_random_factorial,carrier_brd,1,12,30.0,30000000,7,15,8,0,0.1944,3,12,30,30000000,12,30,30000000,0,0,0,0,0,0,0,0,NOT_ATTEMPTED,0,0,0,0,-1,-1,-1,-1,-1,0,0,0,0,0,0,0,0,0,0,0,0,0,,,,,,,,,,,,,0,0,0,0,0,0,0,0,0,0,0,0,0,0,0,0,0,0,0,BOTTLENECK_TARGET_FRONTIER_CONTINUITY_V2,0,0,0,0,0,0,0,0,0,0,0,0,0,0,0,0,0,0.012767,0,0,0,0,0,0,0.485086,0.975571,2,2,1,4,2,0.020489,56,0,0,5,TASKBR_VACANCY_V1,0.090146,1,4,4,4,0,4,0.058476,0.002169,0,4,0,5,5,0,4,4,"1,1,1,1",2,0,4,1.20405,26,0,0.035771,0.028005,12,30000000,0,2,1,SOLVED,3,3.08239,9ca24b529cad58b15e2ae22d8023c64b9a091b5a60c017b183b0a74727bb9cd7,0.011,ok,
g1_dmedium_abaseline_pcross_heavy_gsingleton_seed0,warehouse_random_factorial,carrier_brd,1,26,61.0,61000000,26,23,12,2,0.3333,4,26,61,61000000,26,61,61000000,0,0,0,0,0,0,0,0,NOT_ATTEMPTED,0,0,0,0,-1,-1,-1,-1,-1,0,0,0,0,0,0,0,0,0,0,0,0,0,,,,,,,,,,,,,0,0,0,0,0,0,0,0,0,0,0,0,0,0,0,0,0,0,0,BOTTLENECK_TARGET_FRONTIER_CONTINUITY_V2,0,0,0,0,0,0,0,0,0,0,0,0,0,0,0,0,0,0.023538,0,0,0,0,0,0,0.402302,1.01492,3,3,2,6,5,0.035275,140,0,0,0,TASKBR_VACANCY_V1,0.143432,2,6,4,6,0,6,0.074071,0.002939,0,4,0,9,9,0,6,6,"1,1,1,1,1,1",2,0,6,2.02685,58,0,0.045675,0.056595,26,61000000,0,3,1,SOLVED,4,4.19782,302a0a47cfe4571d3f3270fd3ded11ddd2fd3d1283536648e5c9520dd7d72b73,0.012,ok,
g1_dmedium_abaseline_plocal_gshared_pool_seed0,warehouse_random_factorial,carrier_brd,1,21,50.0,50000000,19,19,12,2,0.3016,4,21,50,50000000,21,50,50000000,0,0,0,0,0,0,0,0,NOT_ATTEMPTED,0,0,0,0,-1,-1,-1,-1,-1,0,0,0,0,0,0,0,0,0,0,0,0,0,,,,,,,,,,,,,0,0,0,0,0,0,0,0,0,0,0,0,0,0,0,0,0,0,0,BOTTLENECK_TARGET_FRONTIER_CONTINUITY_V2,0,0,0,0,0,0,0,0,0,0,0,0,0,0,0,0,0,0.028399,0,0,0,0,0,0,0.509402,1.07692,3,3,2,6,6,0.035117,168,0,0,9,TASKBR_VACANCY_V1,0.143777,2,6,4,6,0,6,0.065517,0.002551,0,4,0,7,7,0,6,6,"1,1,1,1,1,1",2,0,6,1.98923,51,0,0.046219,0.047762,21,50000000,0,4,1,SOLVED,4,4.20833,faafc309ce15f8c3aef157308d89d0711462c37058615a19439ad22029701332,0.012,ok,
g1_dmedium_abaseline_plocal_gsingleton_seed0,warehouse_random_factorial,carrier_brd,1,16,37.0,37000000,12,13,12,2,0.25,3,16,37,37000000,16,37,37000000,0,0,0,0,0,0,0,0,NOT_ATTEMPTED,0,0,0,0,-1,-1,-1,-1,-1,0,0,0,0,0,0,0,0,0,0,0,0,0,,,,,,,,,,,,,0,0,0,0,0,0,0,0,0,0,0,0,0,0,0,0,0,0,0,BOTTLENECK_TARGET_FRONTIER_CONTINUITY_V2,0,0,0,0,0,0,0,0,0,0,0,0,0,0,0,0,0,0.026786,0,0,0,0,0,0,0.408701,1.03064,3,3,2,6,5,0.033271,140,0,0,6,TASKBR_VACANCY_V1,0.140209,2,6,4,6,0,6,0.063091,0.002455,0,4,0,7,7,0,6,6,"1,1,1,1,1,1",2,0,6,1.83657,41,0,0.048051,0.037415,16,37000000,0,3,1,SOLVED,3,3.83815,90e15ff7eda28b20282b8dff336579e03ccf278dceff8015fc96c5dfbdc6ff9c,0.011,ok,
g1_dmedium_abaseline_pmixed_gshared_pool_seed0,warehouse_random_factorial,carrier_brd,1,14,38.0,38000000,10,20,8,0,0.2381,4,14,38,38000000,14,38,38000000,0,0,0,0,0,0,0,0,NOT_ATTEMPTED,0,0,0,0,-1,-1,-1,-1,-1,0,0,0,0,0,0,0,0,0,0,0,0,0,,,,,,,,,,,,,0,0,0,0,0,0,0,0,0,0,0,0,0,0,0,0,0,0,0,BOTTLENECK_TARGET_FRONTIER_CONTINUITY_V2,0,0,0,0,0,0,0,0,0,0,0,0,0,0,0,0,0,0.018932,0,0,0,0,0,0,0.663697,1.09101,2,2,1,4,6,0.033149,168,0,0,21,TASKBR_VACANCY_V1,0.12144,1,4,4,4,0,4,0.077156,0.003082,0,4,0,6,6,0,4,4,"1,1,1,1",1,1,4,1.70898,29,0,0.046697,0.048232,14,38000000,0,3,1,SOLVED,4,4.06067,8f4b174e4f439ec25a373ca68d4ae878cee7d3c493fd22384bd32549464bb057,0.013,ok,
g1_dmedium_abaseline_pmixed_gsingleton_seed0,warehouse_random_factorial,carrier_brd,1,29,62.0,62000000,22,28,12,2,0.2529,3,29,62,62000000,29,62,62000000,0,0,0,0,0,0,0,0,NOT_ATTEMPTED,0,0,0,0,-1,-1,-1,-1,-1,0,0,0,0,0,0,0,0,0,0,0,0,0,,,,,,,,,,,,,0,0,0,0,0,0,0,0,0,0,0,0,0,0,0,0,0,0,0,BOTTLENECK_TARGET_FRONTIER_CONTINUITY_V2,0,0,0,0,0,0,0,0,0,0,0,0,0,0,0,0,0,0.017937,0,0,0,0,0,0,0.444283,1.08879,3,3,2,6,5,0.037957,140,0,0,5,TASKBR_VACANCY_V1,0.129355,2,6,4,6,0,5,0.060859,0.00255,0,4,0,7,7,0,5,5,"2,1,1,1,1",1,0,5,1.59862,43,0,0.037171,0.088023,29,62000000,0,3,1,SOLVED,3,3.83633,953257dc1270106324fb0ed6609dee50a9cf4423604cc19ac1d06f66e2e653b5,0.012,ok,
g1_dmedium_aequal_pcross_heavy_gshared_pool_seed0,warehouse_random_factorial,carrier_brd,1,10,33.0,33000000,7,18,8,0,0.175,2,10,33,33000000,10,33,33000000,0,0,0,0,0,0,0,0,NOT_ATTEMPTED,0,0,0,0,-1,-1,-1,-1,-1,0,0,0,0,0,0,0,0,0,0,0,0,0,,,,,,,,,,,,,0,0,0,0,0,0,0,0,0,0,0,0,0,0,0,0,0,0,0,BOTTLENECK_TARGET_FRONTIER_CONTINUITY_V2,0,0,0,0,0,0,0,0,0,0,0,0,0,0,0,0,0,0.014207,0,0,0,0,0,0,0.504861,0.97592,2,2,1,4,2,0.020312,56,0,0,5,TASKBR_VACANCY_V1,0.091135,1,4,4,4,0,3,0.051561,0.001942,0,4,0,6,6,0,3,3,"1,1,2",2,0,3,0.95607,20,0,0.023808,0.025402,10,33000000,0,2,1,SOLVED,2,2.80494,061a72fff58347f3d17b0d0b1116ac902c39915ad56fd056ce422b0fca0b2aac,0.01,ok,
g1_dmedium_aequal_pcross_heavy_gsingleton_seed0,warehouse_random_factorial,carrier_brd,1,17,53.0,53000000,26,15,12,2,0.3824,4,17,53,53000000,17,53,53000000,0,0,0,0,0,0,0,0,NOT_ATTEMPTED,0,0,0,0,-1,-1,-1,-1,-1,0,0,0,0,0,0,0,0,0,0,0,0,0,,,,,,,,,,,,,0,0,0,0,0,0,0,0,0,0,0,0,0,0,0,0,0,0,0,BOTTLENECK_TARGET_FRONTIER_CONTINUITY_V2,0,0,0,0,0,0,0,0,0,0,0,0,0,0,0,0,0,0.026631,0,0,0,0,0,0,0.415626,1.0053,3,3,2,6,5,0.035149,140,0,0,0,TASKBR_VACANCY_V1,0.145261,2,6,4,6,0,6,0.056086,0.001906,0,4,0,6,6,0,6,6,"1,1,1,1,1,1",3,0,6,2.25799,44,0,0.062989,0.072038,17,53000000,0,4,1,SOLVED,4,4.38671,e09e70d8acf087f825cca1803a58e3b59973e6fd2c94f551dd2243a7625746e5,0.012,ok,
g1_dmedium_aequal_plocal_gshared_pool_seed0,warehouse_random_factorial,carrier_brd,1,21,46.0,46000000,19,15,12,2,0.2262,4,21,46,46000000,21,46,46000000,0,0,0,0,0,0,0,0,NOT_ATTEMPTED,0,0,0,0,-1,-1,-1,-1,-1,0,0,0,0,0,0,0,0,0,0,0,0,0,,,,,,,,,,,,,0,0,0,0,0,0,0,0,0,0,0,0,0,0,0,0,0,0,0,BOTTLENECK_TARGET_FRONTIER_CONTINUITY_V2,0,0,0,0,0,0,0,0,0,0,0,0,0,0,0,0,0,0.029428,0,0,0,0,0,0,0.532458,1.11471,3,3,2,6,6,0.035444,168,0,0,9,TASKBR_VACANCY_V1,0.16983,2,6,4,6,0,5,0.06374,0.003558,0,4,0,6,6,0,5,5,"1,1,2,1,1",3,0,5,1.79074,58,0,0.039629,0.04958,21,46000000,0,3,1,SOLVED,4,4.12988,2c8e7981f35ec1cb9f526efe407b6abff5aa2eee9591dd1ce6c0774ad2d3b039,0.012,ok,
g1_dmedium_aequal_plocal_gsingleton_seed0,warehouse_random_factorial,carrier_brd,1,15,38.0,38000000,12,14,12,2,0.2,3,15,38,38000000,15,38,38000000,0,0,0,0,0,0,0,0,NOT_ATTEMPTED,0,0,0,0,-1,-1,-1,-1,-1,0,0,0,0,0,0,0,0,0,0,0,0,0,,,,,,,,,,,,,0,0,0,0,0,0,0,0,0,0,0,0,0,0,0,0,0,0,0,BOTTLENECK_TARGET_FRONTIER_CONTINUITY_V2,0,0,0,0,0,0,0,0,0,0,0,0,0,0,0,0,0,0.015046,0,0,0,0,0,0,0.471073,1.03674,3,3,2,6,5,0.035375,140,0,0,6,TASKBR_VACANCY_V1,0.141586,2,6,4,6,0,5,0.070097,0.00236,0,4,0,8,8,0,5,5,"1,1,1,2,1",2,0,5,1.55818,36,0,0.037046,0.036482,15,38000000,0,3,1,SOLVED,3,3.63625,ccaedea253e66e4ae8c9decbcb723450895b9ccb2e61c6d436b99bf26890c0aa,0.012,ok,
g1_dmedium_aequal_pmixed_gshared_pool_seed0,warehouse_random_factorial,carrier_brd,1,13,42.0,42000000,10,24,8,0,0.1923,3,13,42,42000000,13,42,42000000,0,0,0,0,0,0,0,0,NOT_ATTEMPTED,0,0,0,0,-1,-1,-1,-1,-1,0,0,0,0,0,0,0,0,0,0,0,0,0,,,,,,,,,,,,,0,0,0,0,0,0,0,0,0,0,0,0,0,0,0,0,0,0,0,BOTTLENECK_TARGET_FRONTIER_CONTINUITY_V2,0,0,0,0,0,0,0,0,0,0,0,0,0,0,0,0,0,0.013656,0,0,0,0,0,0,0.594974,0.92667,2,2,1,4,6,0.039249,168,0,0,21,TASKBR_VACANCY_V1,0.089052,1,4,4,4,0,4,0.053074,0.00189,0,4,0,6,6,0,4,4,"1,1,1,1",2,0,4,1.23444,27,0,0.029796,0.032155,13,42000000,0,3,1,SOLVED,3,3.17049,2645d0e448499cf9c352195a9820093da168ac6f52c13ddf9ca0dd5ac87fc33e,0.012,ok,
g1_dmedium_aequal_pmixed_gsingleton_seed0,warehouse_random_factorial,carrier_brd,1,14,50.0,50000000,22,16,12,2,0.3929,3,14,50,50000000,14,50,50000000,0,0,0,0,0,0,0,0,NOT_ATTEMPTED,0,0,0,0,-1,-1,-1,-1,-1,0,0,0,0,0,0,0,0,0,0,0,0,0,,,,,,,,,,,,,0,0,0,0,0,0,0,0,0,0,0,0,0,0,0,0,0,0,0,BOTTLENECK_TARGET_FRONTIER_CONTINUITY_V2,0,0,0,0,0,0,0,0,0,0,0,0,0,0,0,0,0,0.014687,0,0,0,0,0,0,0.404474,1.0172,3,3,2,6,5,0.034313,140,0,0,5,TASKBR_VACANCY_V1,0.128307,2,6,4,6,0,5,0.050517,0.001796,0,4,0,6,6,0,5,5,"1,2,1,1,1",3,0,5,1.53254,29,0,0.037324,0.041251,14,50000000,0,3,1,SOLVED,3,3.45462,59dbc8456add024a8c52cde68691443e6d67610ca44698c60d4d66f5ff6148bc,0.012,ok,
g1_dmedium_ascarce_pcross_heavy_gshared_pool_seed0,warehouse_random_factorial,carrier_brd,1,18,33.0,33000000,7,18,8,0,0.1944,3,18,33,33000000,18,33,33000000,0,0,0,0,0,0,0,0,NOT_ATTEMPTED,0,0,0,0,-1,-1,-1,-1,-1,0,0,0,0,0,0,0,0,0,0,0,0,0,,,,,,,,,,,,,0,0,0,0,0,0,0,0,0,0,0,0,0,0,0,0,0,0,0,BOTTLENECK_TARGET_FRONTIER_CONTINUITY_V2,0,0,0,0,0,0,0,0,0,0,0,0,0,0,0,0,0,0.016764,0,0,0,0,0,0,0.471272,0.939646,2,2,1,4,2,0.018383,56,0,0,5,TASKBR_VACANCY_V1,0.089656,1,4,4,4,0,4,0.068334,0.002474,0,4,0,6,6,0,4,4,"1,1,1,1",1,1,4,1.2773,34,0,0.030522,0.036715,18,33000000,0,2,1,SOLVED,3,3.14175,875e714e90821df7b0b176d553ffcdf56feb753911aaa68fdd3fd8e08980d45d,0.011,ok,
g1_dmedium_ascarce_pcross_heavy_gsingleton_seed0,warehouse_random_factorial,carrier_brd,1,32,63.0,63000000,26,25,12,2,0.4062,4,32,63,63000000,32,63,63000000,0,0,0,0,0,0,0,0,NOT_ATTEMPTED,1,0,0,0,-1,-1,-1,-1,-1,0,0,0,0,0,0,0,0,0,0,0,0,0,,,,,,,,,,,,,0,0,0,0,0,0,0,0,0,0,0,0,0,0,0,0,0,0,0,BOTTLENECK_TARGET_FRONTIER_CONTINUITY_V2,0,0,0,0,0,0,0,0,0,0,0,0,0,0,0,0,0,0.02268,0,0,0,0,0,0,0.415433,1.01636,3,3,2,6,5,0.035447,140,0,0,0,TASKBR_VACANCY_V1,0.146005,2,6,4,6,0,6,0.078158,0.003186,0,4,0,8,8,0,6,6,"1,1,1,1,1,1",1,1,6,1.99828,62,0,0.046325,0.065548,32,63000000,0,3,1,SOLVED,4,4.17263,a5e21d0b05a8ab64b884d81f139db1dfd6587efb5c3a0ecc44412825e1174cdc,0.013,ok,
g1_dmedium_ascarce_plocal_gshared_pool_seed0,warehouse_random_factorial,carrier_brd,1,38,61.0,61000000,19,30,12,2,0.25,4,38,61,61000000,38,61,61000000,0,0,0,0,0,0,0,0,NOT_ATTEMPTED,0,0,0,0,-1,-1,-1,-1,-1,0,0,0,0,0,0,0,0,0,0,0,0,0,,,,,,,,,,,,,0,0,0,0,0,0,0,0,0,0,0,0,0,0,0,0,0,0,0,BOTTLENECK_TARGET_FRONTIER_CONTINUITY_V2,0,0,0,0,0,0,0,0,0,0,0,0,0,0,0,0,0,0.026752,0,0,0,0,0,0,0.511133,1.18318,3,3,2,6,6,0.038375,168,0,0,9,TASKBR_VACANCY_V1,0.150143,2,6,4,6,0,6,0.078316,0.002988,0,4,0,8,8,0,6,6,"1,1,1,1,1,1",1,0,6,2.16389,69,0,0.048902,0.07493,38,61000000,0,4,1,SOLVED,4,4.64398,16e34bb9ec97852d939574810dbde953728cb9cc7b4dfae8b1f00b1d71753802,0.012,ok,
g1_dmedium_ascarce_plocal_gsingleton_seed0,warehouse_random_factorial,carrier_brd,1,27,46.0,46000000,12,22,12,2,0.2222,5,27,46,46000000,27,46,46000000,0,0,0,0,0,0,0,0,NOT_ATTEMPTED,0,0,0,0,-1,-1,-1,-1,-1,0,0,0,0,0,0,0,0,0,0,0,0,0,,,,,,,,,,,,,0,0,0,0,0,0,0,0,0,0,0,0,0,0,0,0,0,0,0,BOTTLENECK_TARGET_FRONTIER_CONTINUITY_V2,0,0,0,0,0,0,0,0,0,0,0,0,0,0,0,0,0,0.022431,0,0,0,0,0,0,0.609979,1.47693,3,3,2,6,5,0.047959,140,0,0,6,TASKBR_VACANCY_V1,0.193014,2,6,4,6,0,6,0.110697,0.004104,0,4,0,8,8,0,6,6,"1,1,1,1,1,1",1,0,6,2.35495,52,0,0.057097,0.054948,27,46000000,0,5,1,SOLVED,5,5.26421,3fa0cb972dd3559978e4b8888bf209228d6e2814bbfaa2d2fa620f3ec8587800,0.014,ok,
g1_dmedium_ascarce_pmixed_gshared_pool_seed0,warehouse_random_factorial,carrier_brd,1,20,38.0,38000000,10,20,8,0,0.25,3,20,38,38000000,20,38,38000000,0,0,0,0,0,0,0,0,NOT_ATTEMPTED,0,0,0,0,-1,-1,-1,-1,-1,0,0,0,0,0,0,0,0,0,0,0,0,0,,,,,,,,,,,,,0,0,0,0,0,0,0,0,0,0,0,0,0,0,0,0,0,0,0,BOTTLENECK_TARGET_FRONTIER_CONTINUITY_V2,0,0,0,0,0,0,0,0,0,0,0,0,0,0,0,0,0,0.019254,0,0,0,0,0,0,0.521212,0.862152,2,2,1,4,6,0.028079,168,0,0,21,TASKBR_VACANCY_V1,0.091104,1,4,4,4,0,4,0.054886,0.002361,0,4,0,5,5,0,4,4,"1,1,1,1",1,0,4,1.2786,34,0,0.031126,0.043169,20,38000000,0,2,1,SOLVED,3,3.15641,a83e4fcb2885002e6294eac9fa982a9a17a0c6a70de4cbe0da593608caee640c,0.011,ok,
g1_dmedium_ascarce_pmixed_gsingleton_seed0,warehouse_random_factorial,carrier_brd,1,33,64.0,64000000,22,30,12,2,0.3333,4,33,64,64000000,33,64,64000000,0,0,0,0,0,0,0,0,NOT_ATTEMPTED,1,0,0,0,-1,-1,-1,-1,-1,0,0,0,0,0,0,0,0,0,0,0,0,0,,,,,,,,,,,,,0,0,0,0,0,0,0,0,0,0,0,0,0,0,0,0,0,0,0,BOTTLENECK_TARGET_FRONTIER_CONTINUITY_V2,0,0,0,0,0,0,0,0,0,0,0,0,0,0,0,0,0,0.026373,0,0,0,0,0,0,0.460875,1.06162,3,3,2,6,5,0.035691,140,0,0,5,TASKBR_VACANCY_V1,0.127387,2,6,4,6,0,6,0.079126,0.003388,0,4,0,8,8,0,6,6,"1,1,1,1,1,1",1,1,6,2.15966,66,0,0.047904,0.0643,33,64000000,0,4,1,SOLVED,4,4.42594,af6b81a69e01add01c2d6883d2d14146ce4e160671a86f0c8ab7e1b629a39534,0.013,ok,
g1_dmedium_asurplus_pcross_heavy_gshared_pool_seed0,warehouse_random_factorial,carrier_brd,1,10,30.0,30000000,7,15,8,0,0.1167,3,10,30,30000000,10,30,30000000,0,0,0,0,0,0,0,0,NOT_ATTEMPTED,0,0,0,0,-1,-1,-1,-1,-1,0,0,0,0,0,0,0,0,0,0,0,0,0,,,,,,,,,,,,,0,0,0,0,0,0,0,0,0,0,0,0,0,0,0,0,0,0,0,BOTTLENECK_TARGET_FRONTIER_CONTINUITY_V2,0,0,0,0,0,0,0,0,0,0,0,0,0,0,0,0,0,0.01092,0,0,0,0,0,0,0.502328,1.00867,2,2,1,4,2,0.020392,56,0,0,5,TASKBR_VACANCY_V1,0.095759,1,4,4,4,0,4,0.058206,0.001679,0,4,0,5,5,0,4,4,"1,1,1,1",2,0,4,1.27274,24,0,0.036085,0.028257,10,30000000,0,3,1,SOLVED,3,3.1863,97e59c4fd24ccfb3dda1f8de6f0aae736853d7a9af7f245dc7194ec6be812ed9,0.011,ok,
g1_dmedium_asurplus_pcross_heavy_gsingleton_seed0,warehouse_random_factorial,carrier_brd,1,17,47.0,47000000,26,9,12,2,0.2549,3,17,47,47000000,17,47,47000000,0,0,0,0,0,0,0,0,NOT_ATTEMPTED,0,0,0,0,-1,-1,-1,-1,-1,0,0,0,0,0,0,0,0,0,0,0,0,0,,,,,,,,,,,,,0,0,0,0,0,0,0,0,0,0,0,0,0,0,0,0,0,0,0,BOTTLENECK_TARGET_FRONTIER_CONTINUITY_V2,0,0,0,0,0,0,0,0,0,0,0,0,0,0,0,0,0,0.020872,0,0,0,0,0,0,0.447815,1.00254,3,3,2,6,5,0.034471,140,0,0,0,TASKBR_VACANCY_V1,0.145693,2,6,4,6,0,5,0.077413,0.003346,0,4,0,7,7,0,5,5,"1,1,1,2,1",2,0,5,1.66115,39,0,0.037793,0.0452,17,47000000,0,3,1,SOLVED,3,3.72214,afe542ed12d9975b1543bf82a6598b92ba7f7b588b19835d4ee4df23d2cf0584,0.011,ok,
g1_dmedium_asurplus_plocal_gshared_pool_seed0,warehouse_random_factorial,carrier_brd,1,19,43.0,43000000,19,12,12,2,0.1667,4,19,43,43000000,19,43,43000000,0,0,0,0,0,0,0,0,NOT_ATTEMPTED,0,0,0,0,-1,-1,-1,-1,-1,0,0,0,0,0,0,0,0,0,0,0,0,0,,,,,,,,,,,,,0,0,0,0,0,0,0,0,0,0,0,0,0,0,0,0,0,0,0,BOTTLENECK_TARGET_FRONTIER_CONTINUITY_V2,0,0,0,0,0,0,0,0,0,0,0,0,0,0,0,0,0,0.025106,0,0,0,0,0,0,0.527821,1.12088,3,3,2,6,6,0.036238,168,0,0,9,TASKBR_VACANCY_V1,0.147807,2,6,4,6,0,6,0.077974,0.001884,0,4,0,6,6,0,6,6,"1,1,1,1,1,1",3,0,6,2.18313,60,0,0.047681,0.070307,19,43000000,0,4,1,SOLVED,4,4.53516,a277fbad00add73e2a6e903862d9e21d7a1d4c0fb0b78f11373d8833c61c77fa,0.012,ok,
g1_dmedium_asurplus_plocal_gsingleton_seed0,warehouse_random_factorial,carrier_brd,1,15,37.0,37000000,12,13,12,2,0.1333,3,15,37,37000000,15,37,37000000,0,0,0,0,0,0,0,0,NOT_ATTEMPTED,0,0,0,0,-1,-1,-1,-1,-1,0,0,0,0,0,0,0,0,0,0,0,0,0,,,,,,,,,,,,,0,0,0,0,0,0,0,0,0,0,0,0,0,0,0,0,0,0,0,BOTTLENECK_TARGET_FRONTIER_CONTINUITY_V2,0,0,0,0,0,0,0,0,0,0,0,0,0,0,0,0,0,0.013943,0,0,0,0,0,0,0.466346,1.14221,3,3,2,6,5,0.0375,140,0,0,6,TASKBR_VACANCY_V1,0.142851,2,6,4,6,0,4,0.094339,0.002041,0,4,0,7,7,0,4,4,"2,1,2,1",1,0,4,1.28851,29,0,0.030292,0.039424,15,37000000,0,3,1,SOLVED,3,3.48956,1d9cfbaf6db1f2b8290c9f9c45eb0ca24e5933d41cfe00d16dda2012eaf517e0,0.011,ok,
g1_dmedium_asurplus_pmixed_gshared_pool_seed0,warehouse_random_factorial,carrier_brd,1,13,38.0,38000000,10,20,8,0,0.1282,3,13,38,38000000,13,38,38000000,0,0,0,0,0,0,0,0,NOT_ATTEMPTED,0,0,0,0,-1,-1,-1,-1,-1,0,0,0,0,0,0,0,0,0,0,0,0,0,,,,,,,,,,,,,0,0,0,0,0,0,0,0,0,0,0,0,0,0,0,0,0,0,0,BOTTLENECK_TARGET_FRONTIER_CONTINUITY_V2,0,0,0,0,0,0,0,0,0,0,0,0,0,0,0,0,0,0.02197,0,0,0,0,0,0,0.578792,0.88823,2,2,1,4,6,0.029917,168,0,0,21,TASKBR_VACANCY_V1,0.088409,1,4,4,4,0,4,0.070959,0.001852,0,4,0,6,6,0,4,4,"1,1,1,1",2,0,4,1.40438,31,0,0.032918,0.038702,13,38000000,0,3,1,SOLVED,3,3.33992,847c093477d8c34112b29aec974eee4e476f7df16be2f1eba06ebc67f7c7e762,0.011,ok,
g1_dmedium_asurplus_pmixed_gsingleton_seed0,warehouse_random_factorial,carrier_brd,1,14,45.0,45000000,22,11,12,2,0.2619,3,14,45,45000000,14,45,45000000,0,0,0,0,0,0,0,0,NOT_ATTEMPTED,0,0,0,0,-1,-1,-1,-1,-1,0,0,0,0,0,0,0,0,0,0,0,0,0,,,,,,,,,,,,,0,0,0,0,0,0,0,0,0,0,0,0,0,0,0,0,0,0,0,BOTTLENECK_TARGET_FRONTIER_CONTINUITY_V2,0,0,0,0,0,0,0,0,0,0,0,0,0,0,0,0,0,0.015693,0,0,0,0,0,0,0.423544,1.07028,3,3,2,6,5,0.034558,140,0,0,5,TASKBR_VACANCY_V1,0.127791,2,6,4,6,0,4,0.066473,0.001838,0,4,0,6,6,0,4,4,"1,2,2,1",3,0,4,1.19888,22,0,0.037128,0.036607,14,45000000,0,3,1,SOLVED,3,3.18479,e4ef71ed82e883b4e44ebae893c9f27ef79e375632a129287736360ef2ac9c8b,0.011,ok,
g2_dhigh_abaseline_pcross_heavy_gshared_pool_seed0,warehouse_random_factorial,carrier_brd,1,26,71.0,71000000,24,33,14,1,0.2308,17,26,71,71000000,26,71,71000000,0,0,0,0,0,0,0,0,NOT_ATTEMPTED,0,0,0,0,-1,-1,-1,-1,-1,0,0,0,0,0,0,0,0,0,0,0,0,0,,,,,,,,,,,,,0,0,0,0,0,0,0,0,0,0,0,0,0,0,0,0,0,0,0,BOTTLENECK_TARGET_FRONTIER_CONTINUITY_V2,0,0,0,0,0,0,0,0,0,0,0,0,0,0,0,0,0,0.037818,0,0,0,0,0,0,2.67139,3.16479,3,3,2,7,12,0.115597,756,0,0,1,TASKBR_VACANCY_V1,0.48865,2,7,6,7,0,7,0.142743,0.005673,0,6,0,13,13,0,7,7,"1,1,1,1,1,1,1",3,3,7,9.97185,84,0,0.325766,0.113388,26,71000000,0,17,1,SOLVED,17,17.6825,0af38f4fa5ff36da85813d4b985fccb02a54653696b2d3394be980e0f781fbee,0.026,ok,
g2_dhigh_abaseline_pcross_heavy_gsingleton_seed0,warehouse_random_factorial,carrier_brd,1,57,157.0,157000000,58,64,26,3,0.2544,29,57,157,157000000,57,157,157000000,0,0,0,0,0,0,0,0,NOT_ATTEMPTED,0,0,0,0,-1,-1,-1,-1,-1,0,0,0,0,0,0,0,0,0,0,0,0,0,,,,,,,,,,,,,0,0,0,0,0,0,0,0,0,0,0,0,0,0,0,0,0,0,0,BOTTLENECK_TARGET_FRONTIER_CONTINUITY_V2,0,0,0,0,0,0,0,0,0,0,0,0,0,0,0,0,0,0.062508,0,0,0,0,0,0,2.16696,5.58667,5,5,4,13,14,0.163509,882,4,9,64,TASKBR_VACANCY_V1,0.853976,4,13,6,9,4,13,0.245732,0.008639,0,6,0,22,22,0,13,13,"1,1,1,1,1,1,1,1,1,1,1,1,1",3,1,13,18.575,146,0,0.478565,0.26363,57,157000000,0,28,1,SOLVED,29,29.8646,9e42b13e448f48592789b3c85e48d33cfd1e2d36273cabeed8dd274b35d69316,0.038,ok,
g2_dhigh_abaseline_plocal_gshared_pool_seed0,warehouse_random_factorial,carrier_brd,1,26,74.0,74000000,20,40,14,1,0.1923,17,26,74,74000000,26,74,74000000,0,0,0,0,0,0,0,0,NOT_ATTEMPTED,0,0,0,0,-1,-1,-1,-1,-1,0,0,0,0,0,0,0,0,0,0,0,0,0,,,,,,,,,,,,,0,0,0,0,0,0,0,0,0,0,0,0,0,0,0,0,0,0,0,BOTTLENECK_TARGET_FRONTIER_CONTINUITY_V2,0,0,0,0,0,0,0,0,0,0,0,0,0,0,0,0,0,0.031083,0,0,0,0,0,0,2.45244,3.1021,3,3,2,7,12,0.116688,756,0,0,4,TASKBR_VACANCY_V1,0.504592,2,7,6,7,0,7,0.147348,0.005421,0,6,0,12,12,0,7,7,"1,1,1,1,1,1,1",3,0,7,9.83961,74,0,0.238469,0.120066,26,74000000,0,16,1,SOLVED,17,17.1491,0b6c06e35d91e71e391ebe6d88b1a28078bfc5572fb0fbf0a23075f725cc68ec,0.025,ok,
g2_dhigh_abaseline_plocal_gsingleton_seed0,warehouse_random_factorial,carrier_brd,1,30,88.0,88000000,39,31,18,3,0.325,22,30,88,88000000,30,88,88000000,0,0,0,0,0,0,0,0,NOT_ATTEMPTED,5,0,0,0,-1,-1,-1,-1,-1,0,0,0,0,0,0,0,0,0,0,0,0,0,,,,,,,,,,,,,0,0,0,0,0,0,0,0,0,0,0,0,0,0,0,0,0,0,0,BOTTLENECK_TARGET_FRONTIER_CONTINUITY_V2,0,0,0,0,0,0,0,0,0,0,0,0,0,0,0,0,0,0.04957,0,0,0,0,0,0,2.14435,4.66028,3,3,2,9,8,0.096239,504,0,0,32,TASKBR_VACANCY_V1,0.587858,2,9,6,9,0,9,0.184831,0.006947,0,6,0,17,17,0,9,9,"1,1,1,1,1,1,1,1,1",3,1,9,13.2163,97,0,0.351069,0.141618,30,88000000,0,21,1,SOLVED,22,22.2417,9a7a2ebecb3abba626612ee48433f6fc52c85cc758e9bc32067f5e3573636c54,0.031,ok,
g2_dhigh_abaseline_pmixed_gshared_pool_seed0,warehouse_random_factorial,carrier_brd,1,34,101.0,101000000,39,48,14,1,0.2868,16,34,101,101000000,34,101,101000000,0,0,0,0,0,0,0,0,NOT_ATTEMPTED,0,0,0,0,-1,-1,-1,-1,-1,0,0,0,0,0,0,0,0,0,0,0,0,0,,,,,,,,,,,,,0,0,0,0,0,0,0,0,0,0,0,0,0,0,0,0,0,0,0,BOTTLENECK_TARGET_FRONTIER_CONTINUITY_V2,0,0,0,0,0,0,0,0,0,0,0,0,0,0,0,0,0,0.034393,0,0,0,0,0,0,2.79204,2.98235,3,3,2,7,24,0.190196,1512,0,0,24,TASKBR_VACANCY_V1,0.488904,2,7,6,7,0,6,0.146056,0.005047,0,6,0,9,9,0,6,6,"1,1,2,1,1,1",3,0,6,9.07315,76,0,0.215114,0.149531,34,101000000,0,16,1,SOLVED,16,16.738,425725eed5aa9d20b618fbd8effe0a4ac759d4a426813b9defb9aa925adcc91c,0.025,ok,
g2_dhigh_abaseline_pmixed_gsingleton_seed0,warehouse_random_factorial,carrier_brd,1,45,112.0,112000000,45,45,20,2,0.25,21,45,112,112000000,45,112,112000000,0,0,0,0,0,0,0,0,NOT_ATTEMPTED,1,0,0,0,-1,-1,-1,-1,-1,0,0,0,0,0,0,0,0,0,0,0,0,0,,,,,,,,,,,,,0,0,0,0,0,0,0,0,0,0,0,0,0,0,0,0,0,0,0,BOTTLENECK_TARGET_FRONTIER_CONTINUITY_V2,0,0,0,0,0,0,0,0,0,0,0,0,0,0,0,0,0,0.036616,0,0,0,0,0,0,2.09677,3.83097,5,5,4,10,9,0.131111,567,2,2,18,TASKBR_VACANCY_V1,0.696117,4,10,6,8,2,9,0.177425,0.006578,0,6,0,14,14,0,9,9,"1,1,2,1,1,1,1,1,1",3,0,9,12.7884,80,0,0.327621,0.194393,45,112000000,0,20,1,SOLVED,21,21.312,5c8e6225ad66eca090247eb78d0cf417f17445725295a11d0d5f773485f2cad9,0.03,ok,
g2_dhigh_aequal_pcross_heavy_gshared_pool_seed0,warehouse_random_factorial,carrier_brd,1,15,67.0,67000000,24,29,14,1,0.2667,15,15,67,67000000,15,67,67000000,0,0,0,0,0,0,0,0,NOT_ATTEMPTED,0,0,0,0,-1,-1,-1,-1,-1,0,0,0,0,0,0,0,0,0,0,0,0,0,,,,,,,,,,,,,0,0,0,0,0,0,0,0,0,0,0,0,0,0,0,0,0,0,0,BOTTLENECK_TARGET_FRONTIER_CONTINUITY_V2,0,0,0,0,0,0,0,0,0,0,0,0,0,0,0,0,0,0.026811,0,0,0,0,0,0,2.53949,3.10613,3,3,2,7,12,0.134119,756,0,0,1,TASKBR_VACANCY_V1,0.479001,2,7,6,7,0,6,0.09985,0.003111,0,6,0,7,7,0,6,6,"1,2,1,1,1,1",5,0,6,8.26767,45,0,0.220223,0.077875,15,67000000,0,15,1,SOLVED,15,15.3056,49266bc7ae764b1513921b3c8213abddee11700247baff6dc6f854b5bb91ab0a,0.024,ok,
g2_dhigh_aequal_pcross_heavy_gsingleton_seed0,warehouse_random_factorial,carrier_brd,1,47,129.0,129000000,58,36,26,3,0.2057,28,47,129,129000000,47,129,129000000,0,0,0,0,0,0,0,0,NOT_ATTEMPTED,0,0,0,0,-1,-1,-1,-1,-1,0,0,0,0,0,0,0,0,0,0,0,0,0,,,,,,,,,,,,,0,0,0,0,0,0,0,0,0,0,0,0,0,0,0,0,0,0,0,BOTTLENECK_TARGET_FRONTIER_CONTINUITY_V2,0,0,0,0,0,0,0,0,0,0,0,0,0,0,0,0,0,0.059297,0,0,0,0,0,0,2.3287,5.5741,5,5,4,13,14,0.169787,882,4,9,64,TASKBR_VACANCY_V1,0.857188,4,13,6,9,4,12,0.159956,0.004853,0,6,0,13,13,0,12,12,"2,1,1,1,1,1,1,1,1,1,1,1",4,0,12,17.1166,120,0,0.432448,0.213853,47,129000000,0,27,1,SOLVED,28,28.0877,20bc71a1d3550dbe32336be28a0d0eddc2b7c8fdb82a673becc12bdba5253561,0.037,ok,
g2_dhigh_aequal_plocal_gshared_pool_seed0,warehouse_random_factorial,carrier_brd,1,13,63.0,63000000,20,29,14,1,0.2564,15,13,63,63000000,13,63,63000000,0,0,0,0,0,0,0,0,NOT_ATTEMPTED,0,0,0,0,-1,-1,-1,-1,-1,0,0,0,0,0,0,0,0,0,0,0,0,0,,,,,,,,,,,,,0,0,0,0,0,0,0,0,0,0,0,0,0,0,0,0,0,0,0,BOTTLENECK_TARGET_FRONTIER_CONTINUITY_V2,0,0,0,0,0,0,0,0,0,0,0,0,0,0,0,0,0,0.019373,0,0,0,0,0,0,2.43939,3.29167,3,3,2,7,12,0.110513,756,0,0,4,TASKBR_VACANCY_V1,0.480447,2,7,6,7,0,6,0.081671,0.003321,0,6,0,7,7,0,6,6,"1,1,2,1,1,1",5,0,6,8.06855,31,0,0.228695,0.066997,13,63000000,0,14,1,SOLVED,15,15.0734,75298725f19b99f80e037c96305fc29d882d9951783bc72b71c6c2f227a2e102,0.023,ok,
g2_dhigh_aequal_plocal_gsingleton_seed0,warehouse_random_factorial,carrier_brd,1,17,79.0,79000000,37,24,18,3,0.3627,19,17,79,79000000,17,79,79000000,0,0,0,0,0,0,0,0,NOT_ATTEMPTED,4,0,0,0,-1,-1,-1,-1,-1,0,0,0,0,0,0,0,0,0,0,0,0,0,,,,,,,,,,,,,0,0,0,0,0,0,0,0,0,0,0,0,0,0,0,0,0,0,0,BOTTLENECK_TARGET_FRONTIER_CONTINUITY_V2,0,0,0,0,0,0,0,0,0,0,0,0,0,0,0,0,0,0.03238,0,0,0,0,0,0,2.13667,4.32135,3,3,2,9,8,0.093023,504,0,0,32,TASKBR_VACANCY_V1,0.617392,2,9,6,9,0,8,0.136927,0.00397,0,6,0,9,9,0,8,8,"1,1,2,1,1,1,1,1",5,0,8,11.1205,49,0,0.277312,0.096811,17,79000000,0,18,1,SOLVED,19,19.3457,49f566553623633f684111d8104ffd72014015baedd5a2ea5524d71514db5383,0.029,ok,
g2_dhigh_aequal_pmixed_gshared_pool_seed0,warehouse_random_factorial,carrier_brd,1,20,88.0,88000000,39,35,14,1,0.325,14,20,88,88000000,20,88,88000000,0,0,0,0,0,0,0,0,NOT_ATTEMPTED,0,0,0,0,-1,-1,-1,-1,-1,0,0,0,0,0,0,0,0,0,0,0,0,0,,,,,,,,,,,,,0,0,0,0,0,0,0,0,0,0,0,0,0,0,0,0,0,0,0,BOTTLENECK_TARGET_FRONTIER_CONTINUITY_V2,0,0,0,0,0,0,0,0,0,0,0,0,0,0,0,0,0,0.028486,0,0,0,0,0,0,2.78898,3.14916,3,3,2,7,24,0.184885,1512,0,0,24,TASKBR_VACANCY_V1,0.50572,2,7,6,7,0,5,0.13825,0.003633,0,6,0,8,8,0,5,5,"1,3,1,1,1",4,0,5,7.16418,47,0,0.172253,0.096313,20,88000000,0,14,1,SOLVED,14,14.6464,67d262e4376299e93b8eb3ba8a4f2897d224c6ea1bafaed7c02f0b04578c6e07,0.023,ok,
g2_dhigh_aequal_pmixed_gsingleton_seed0,warehouse_random_factorial,carrier_brd,1,36,98.0,98000000,45,31,20,2,0.2083,22,36,98,98000000,36,98,98000000,0,0,0,0,0,0,0,0,NOT_ATTEMPTED,1,0,0,0,-1,-1,-1,-1,-1,0,0,0,0,0,0,0,0,0,0,0,0,0,,,,,,,,,,,,,0,0,0,0,0,0,0,0,0,0,0,0,0,0,0,0,0,0,0,BOTTLENECK_TARGET_FRONTIER_CONTINUITY_V2,0,0,0,0,0,0,0,0,0,0,0,0,0,0,0,0,0,0.045417,0,0,0,0,0,0,2.26147,3.71987,5,5,4,10,9,0.130684,567,2,2,18,TASKBR_VACANCY_V1,0.680719,4,10,6,8,2,10,0.191548,0.005783,0,6,0,15,15,0,10,10,"1,1,1,1,1,1,1,1,1,1",3,0,10,14.2147,89,0,0.346448,0.162986,36,98000000,0,22,1,SOLVED,22,22.6593,342daaa8438c297fc365515a158f3ce8c6bf2dcc6e27cdf4f73401c18edcf258,0.036,ok,
g2_dhigh_ascarce_pcross_heavy_gshared_pool_seed0,warehouse_random_factorial,carrier_brd,1,29,72.0,72000000,24,34,14,1,0.2759,17,29,72,72000000,29,72,72000000,0,0,0,0,0,0,0,0,NOT_ATTEMPTED,0,0,0,0,-1,-1,-1,-1,-1,0,0,0,0,0,0,0,0,0,0,0,0,0,,,,,,,,,,,,,0,0,0,0,0,0,0,0,0,0,0,0,0,0,0,0,0,0,0,BOTTLENECK_TARGET_FRONTIER_CONTINUITY_V2,0,0,0,0,0,0,0,0,0,0,0,0,0,0,0,0,0,0.027573,0,0,0,0,0,0,2.6776,3.10985,3,3,2,7,12,0.122787,756,0,0,1,TASKBR_VACANCY_V1,0.479875,2,7,6,7,0,7,0.155083,0.005575,0,6,0,12,12,0,7,7,"1,1,1,1,1,1,1",2,1,7,9.85583,70,0,0.260584,0.122325,29,72000000,0,16,1,SOLVED,17,17.3688,f45264bb337746d428df10721364f444b8ad523a87e65d7f239c01704ff1c190,0.026,ok,
g2_dhigh_ascarce_pcross_heavy_gsingleton_seed0,warehouse_random_factorial,carrier_brd,1,57,154.0,154000000,58,61,26,3,0.3392,28,57,154,154000000,57,154,154000000,0,0,0,0,0,0,0,0,NOT_ATTEMPTED,0,0,0,0,-1,-1,-1,-1,-1,0,0,0,0,0,0,0,0,0,0,0,0,0,,,,,,,,,,,,,0,0,0,0,0,0,0,0,0,0,0,0,0,0,0,0,0,0,0,BOTTLENECK_TARGET_FRONTIER_CONTINUITY_V2,0,0,0,0,0,0,0,0,0,0,0,0,0,0,0,0,0,0.049949,0,0,0,0,0,0,2.2181,5.55993,5,5,4,13,14,0.163823,882,4,9,64,TASKBR_VACANCY_V1,0.933494,4,13,6,9,4,12,0.207851,0.007605,0,6,0,19,19,0,12,12,"1,1,1,1,2,1,1,1,1,1,1,1",2,1,12,16.9934,125,0,0.488861,0.240878,57,154000000,0,27,1,SOLVED,28,28.0882,03a98ff7ad04ae055109003d73a6451ae920c4a34d10b2b1f0cc83ce2ad730b2,0.037,ok,
g2_dhigh_ascarce_plocal_gshared_pool_seed0,warehouse_random_factorial,carrier_brd,1,34,72.0,72000000,20,38,14,1,0.1961,15,34,72,72000000,34,72,72000000,0,0,0,0,0,0,0,0,NOT_ATTEMPTED,0,0,0,0,-1,-1,-1,-1,-1,0,0,0,0,0,0,0,0,0,0,0,0,0,,,,,,,,,,,,,0,0,0,0,0,0,0,0,0,0,0,0,0,0,0,0,0,0,0,BOTTLENECK_TARGET_FRONTIER_CONTINUITY_V2,0,0,0,0,0,0,0,0,0,0,0,0,0,0,0,0,0,0.029453,0,0,0,0,0,0,2.49704,3.00942,3,3,2,7,12,0.109905,756,0,0,4,TASKBR_VACANCY_V1,0.471734,2,7,6,7,0,6,0.143383,0.004779,0,6,0,9,9,0,6,6,"1,1,1,2,1,1",2,1,6,8.68335,70,0,0.224157,0.139642,34,72000000,0,15,1,SOLVED,15,15.9411,649caec743c08cb71ba35407c23e8cddc5032b6584e1f0e1f3ab46756c1bf419,0.024,ok,
g2_dhigh_ascarce_plocal_gsingleton_seed0,warehouse_random_factorial,carrier_brd,1,35,98.0,98000000,31,49,18,3,0.2952,21,35,98,98000000,35,98,98000000,0,0,0,0,0,0,0,0,NOT_ATTEMPTED,1,0,0,0,-1,-1,-1,-1,-1,0,0,0,0,0,0,0,0,0,0,0,0,0,,,,,,,,,,,,,0,0,0,0,0,0,0,0,0,0,0,0,0,0,0,0,0,0,0,BOTTLENECK_TARGET_FRONTIER_CONTINUITY_V2,0,0,0,0,0,0,0,0,0,0,0,0,0,0,0,0,0,0.039097,0,0,0,0,0,0,2.1637,4.15775,3,3,2,9,8,0.092899,504,0,0,32,TASKBR_VACANCY_V1,0.673697,2,9,6,9,0,9,0.204004,0.00694,0,6,0,16,16,0,9,9,"1,1,1,1,1,1,1,1,1",2,1,9,12.7882,93,0,0.306612,0.146765,35,98000000,0,20,1,SOLVED,21,21.3853,4f5c0da1a6036ef26c258df02e96d1ecdee05fbd9e8e4173520fa38d512dd786,0.03,ok,
g2_dhigh_ascarce_pmixed_gshared_pool_seed0,warehouse_random_factorial,carrier_brd,1,35,90.0,90000000,39,37,14,1,0.3714,16,35,90,90000000,35,90,90000000,0,0,0,0,0,0,0,0,NOT_ATTEMPTED,0,0,0,0,-1,-1,-1,-1,-1,0,0,0,0,0,0,0,0,0,0,0,0,0,,,,,,,,,,,,,0,0,0,0,0,0,0,0,0,0,0,0,0,0,0,0,0,0,0,BOTTLENECK_TARGET_FRONTIER_CONTINUITY_V2,0,0,0,0,0,0,0,0,0,0,0,0,0,0,0,0,0,0.026741,0,0,0,0,0,0,2.69859,3.13829,3,3,2,7,24,0.183808,1512,0,0,24,TASKBR_VACANCY_V1,0.498009,2,7,6,7,0,6,0.136179,0.004452,0,6,0,8,8,0,6,6,"2,1,1,1,1,1",2,0,6,8.44207,64,0,0.216255,0.178386,35,90000000,0,15,1,SOLVED,16,16.1732,37358c6c8186367f3f2eb7b62b64c4255131e7c4ff4dfe1677b315d0cb4286a9,0.025,ok,
g2_dhigh_ascarce_pmixed_gsingleton_seed0,warehouse_random_factorial,carrier_brd,1,51,113.0,113000000,47,44,20,2,0.3072,21,51,113,113000000,51,113,113000000,0,0,0,0,0,0,0,0,NOT_ATTEMPTED,2,0,0,0,-1,-1,-1,-1,-1,0,0,0,0,0,0,0,0,0,0,0,0,0,,,,,,,,,,,,,0,0,0,0,0,0,0,0,0,0,0,0,0,0,0,0,0,0,0,BOTTLENECK_TARGET_FRONTIER_CONTINUITY_V2,0,0,0,0,0,0,0,0,0,0,0,0,0,0,0,0,0,0.03483,0,0,0,0,0,0,2.17134,3.68343,5,5,4,10,9,0.128213,567,2,2,18,TASKBR_VACANCY_V1,0.682261,4,10,6,8,2,9,0.187436,0.006852,0,6,0,14,14,0,9,9,"1,1,1,1,2,1,1,1,1",2,1,9,12.5497,87,0,0.312212,0.236517,51,113000000,0,20,1,SOLVED,21,21.1456,b2c16e3c307d3c4e7ed82e038555150ea9c0a38725aced1b136d17214d3a80e3,0.03,ok,
g2_dhigh_asurplus_pcross_heavy_gshared_pool_seed0,warehouse_random_factorial,carrier_brd,1,13,58.0,58000000,24,20,14,1,0.2051,15,13,58,58000000,13,58,58000000,0,0,0,0,0,0,0,0,NOT_ATTEMPTED,0,0,0,0,-1,-1,-1,-1,-1,0,0,0,0,0,0,0,0,0,0,0,0,0,,,,,,,,,,,,,0,0,0,0,0,0,0,0,0,0,0,0,0,0,0,0,0,0,0,BOTTLENECK_TARGET_FRONTIER_CONTINUITY_V2,0,0,0,0,0,0,0,0,0,0,0,0,0,0,0,0,0,0.026301,0,0,0,0,0,0,2.527,3.12175,3,3,2,7,12,0.109292,756,0,0,1,TASKBR_VACANCY_V1,0.527296,2,7,6,7,0,6,0.126945,0.003507,0,6,0,8,8,0,6,6,"1,1,2,1,1,1",4,0,6,8.19411,41,0,0.201713,0.071171,13,58000000,0,14,1,SOLVED,15,15.2623,b2b04f4dfdd590cd32a0ad7ccd0e15b0ba434049bf828eebb19b8c2b4f833c92,0.024,ok,
g2_dhigh_asurplus_pcross_heavy_gsingleton_seed0,warehouse_random_factorial,carrier_brd,1,47,129.0,129000000,58,36,26,3,0.1371,28,47,129,129000000,47,129,129000000,0,0,0,0,0,0,0,0,NOT_ATTEMPTED,0,0,0,0,-1,-1,-1,-1,-1,0,0,0,0,0,0,0,0,0,0,0,0,0,,,,,,,,,,,,,0,0,0,0,0,0,0,0,0,0,0,0,0,0,0,0,0,0,0,BOTTLENECK_TARGET_FRONTIER_CONTINUITY_V2,0,0,0,0,0,0,0,0,0,0,0,0,0,0,0,0,0,0.058755,0,0,0,0,0,0,2.33515,5.68295,5,5,4,13,14,0.168301,882,4,9,64,TASKBR_VACANCY_V1,0.917825,4,13,6,9,4,12,0.237615,0.005303,0,6,0,13,13,0,12,12,"2,1,1,1,1,1,1,1,1,1,1,1",4,0,12,17.1124,120,0,0.415294,0.228066,47,129000000,0,27,1,SOLVED,28,28.4188,49e028681a32db834e7b375bce7fbf2cd0281b05adb30f54b4976d80311d9a0a,0.037,ok,
g2_dhigh_asurplus_plocal_gshared_pool_seed0,warehouse_random_factorial,carrier_brd,1,13,60.0,60000000,20,26,14,1,0.1709,13,13,60,60000000,13,60,60000000,0,0,0,0,0,0,0,0,NOT_ATTEMPTED,0,0,0,0,-1,-1,-1,-1,-1,0,0,0,0,0,0,0,0,0,0,0,0,0,,,,,,,,,,,,,0,0,0,0,0,0,0,0,0,0,0,0,0,0,0,0,0,0,0,BOTTLENECK_TARGET_FRONTIER_CONTINUITY_V2,0,0,0,0,0,0,0,0,0,0,0,0,0,0,0,0,0,0.017284,0,0,0,0,0,0,2.40749,3.12848,3,3,2,7,12,0.119766,756,0,0,4,TASKBR_VACANCY_V1,0.480239,2,7,6,7,0,5,0.119031,0.003133,0,6,0,7,7,0,5,5,"2,1,2,1,1",4,0,5,6.89571,26,0,0.175942,0.070493,13,60000000,0,13,1,SOLVED,13,13.7208,f75a2cedeafc13af603e16a429456170294a18c497d0a84dabcfe075cab7060d,0.022,ok,
g2_dhigh_asurplus_plocal_gsingleton_seed0,warehouse_random_factorial,carrier_brd,1,17,75.0,75000000,39,18,18,3,0.2549,19,17,75,75000000,17,75,75000000,0,0,0,0,0,0,0,0,NOT_ATTEMPTED,4,0,0,0,-1,-1,-1,-1,-1,0,0,0,0,0,0,0,0,0,0,0,0,0,,,,,,,,,,,,,0,0,0,0,0,0,0,0,0,0,0,0,0,0,0,0,0,0,0,BOTTLENECK_TARGET_FRONTIER_CONTINUITY_V2,0,0,0,0,0,0,0,0,0,0,0,0,0,0,0,0,0,0.034268,0,0,0,0,0,0,2.19921,4.26417,3,3,2,9,8,0.098028,504,0,0,32,TASKBR_VACANCY_V1,0.659773,2,9,6,9,0,8,0.155711,0.003741,0,6,0,9,9,0,8,8,"2,1,1,1,1,1,1,1",4,0,8,10.9204,50,0,0.268799,0.090969,17,75000000,0,18,1,SOLVED,19,19.1645,4ff92c4c8e492d4aef7422c74604b43d82c97b1b0b00b35f4b6aebb1a91324a6,0.028,ok,
g2_dhigh_asurplus_pmixed_gshared_pool_seed0,warehouse_random_factorial,carrier_brd,1,18,81.0,81000000,41,26,14,1,0.2531,15,18,81,81000000,18,81,81000000,0,0,0,0,0,0,0,0,NOT_ATTEMPTED,2,0,0,0,-1,-1,-1,-1,-1,0,0,0,0,0,0,0,0,0,0,0,0,0,,,,,,,,,,,,,0,0,0,0,0,0,0,0,0,0,0,0,0,0,0,0,0,0,0,BOTTLENECK_TARGET_FRONTIER_CONTINUITY_V2,0,0,0,0,0,0,0,0,0,0,0,0,0,0,0,0,0,0.02569,0,0,0,0,0,0,2.74768,3.08555,3,3,2,7,24,0.182482,1512,0,0,24,TASKBR_VACANCY_V1,0.471447,2,7,6,7,0,6,0.151244,0.003333,0,6,0,7,7,0,6,6,"1,1,1,1,2,1",5,0,6,8.37357,36,0,0.210563,0.10542,18,81000000,0,15,1,SOLVED,15,15.7112,d9c96479e8e266abd8625c9009ac684665b0ea9725612167f884ed820c2517d8,0.025,ok,
g2_dhigh_asurplus_pmixed_gsingleton_seed0,warehouse_random_factorial,carrier_brd,1,45,105.0,105000000,53,30,20,2,0.1309,24,45,105,105000000,45,105,105000000,0,0,0,0,0,0,0,0,NOT_ATTEMPTED,10,0,0,0,-1,-1,-1,-1,-1,0,0,0,0,0,0,0,0,0,0,0,0,0,,,,,,,,,,,,,0,0,0,0,0,0,0,0,0,0,0,0,0,0,0,0,0,0,0,BOTTLENECK_TARGET_FRONTIER_CONTINUITY_V2,0,0,0,0,0,0,0,0,0,0,0,0,0,0,0,0,0,0.069852,0,0,0,0,0,0,2.14677,3.69316,5,5,4,10,9,0.127293,567,2,2,18,TASKBR_VACANCY_V1,0.685905,4,10,6,8,2,10,0.252029,0.005816,0,6,0,16,16,0,10,10,"1,1,1,1,1,1,1,1,1,1",3,0,10,15.4218,153,0,0.340252,0.222147,45,105000000,0,23,1,SOLVED,24,24.373,38092c2814946bb81ce9214fad486c7655f5b42ee15a38ca6375c58250f610c2,0.034,ok,
g2_dlow_abaseline_pcross_heavy_gshared_pool_seed0,warehouse_random_factorial,carrier_brd,1,23,69.0,69000000,19,34,16,2,0.2065,17,23,69,69000000,23,69,69000000,0,0,0,0,0,0,0,0,NOT_ATTEMPTED,0,0,0,0,-1,-1,-1,-1,-1,0,0,0,0,0,0,0,0,0,0,0,0,0,,,,,,,,,,,,,0,0,0,0,0,0,0,0,0,0,0,0,0,0,0,0,0,0,0,BOTTLENECK_TARGET_FRONTIER_CONTINUITY_V2,0,0,0,0,0,0,0,0,0,0,0,0,0,0,0,0,0,0.032567,0,0,0,0,0,0,2.36856,2.64371,3,3,2,8,6,0.074451,378,0,0,0,TASKBR_VACANCY_V1,0.490364,2,8,6,8,0,8,0.15777,0.006662,0,6,0,16,16,0,8,8,"1,1,1,1,1,1,1,1",2,0,8,10.7747,72,0,0.286112,0.056466,23,69000000,0,16,1,SOLVED,17,17.1344,c883ddbf9baa6ae8d46e4f129f8f7cbb6a952eaa5c57e917809addff5db2f7c1,0.026,ok,
g2_dlow_abaseline_pcross_heavy_gsingleton_seed0,warehouse_random_factorial,carrier_brd,1,27,98.0,98000000,49,31,18,3,0.4537,16,27,98,98000000,27,98,98000000,0,0,0,0,0,0,0,0,NOT_ATTEMPTED,0,0,0,0,-1,-1,-1,-1,-1,0,0,0,0,0,0,0,0,0,0,0,0,0,,,,,,,,,,,,,0,0,0,0,0,0,0,0,0,0,0,0,0,0,0,0,0,0,0,BOTTLENECK_TARGET_FRONTIER_CONTINUITY_V2,0,0,0,0,0,0,0,0,0,0,0,0,0,0,0,0,0,0.039905,0,0,0,0,0,0,2.15332,3.25612,3,3,2,9,6,0.072982,378,0,0,16,TASKBR_VACANCY_V1,0.551986,2,9,6,9,0,7,0.140865,0.005727,0,6,0,12,12,0,7,7,"1,1,1,2,2,1,1",3,1,7,9.92547,75,0,0.264004,0.064018,27,98000000,0,16,1,SOLVED,16,16.828,538464d1c452ae1b19884deabb645bd281ea4c5d5e4e3f214c7a141a4cb3f22a,0.027,ok,
g2_dlow_abaseline_plocal_gshared_pool_seed0,warehouse_random_factorial,carrier_brd,1,29,78.0,78000000,15,45,18,3,0.1293,16,29,78,78000000,29,78,78000000,0,0,0,0,0,0,0,0,NOT_ATTEMPTED,0,0,0,0,-1,-1,-1,-1,-1,0,0,0,0,0,0,0,0,0,0,0,0,0,,,,,,,,,,,,,0,0,0,0,0,0,0,0,0,0,0,0,0,0,0,0,0,0,0,BOTTLENECK_TARGET_FRONTIER_CONTINUITY_V2,0,0,0,0,0,0,0,0,0,0,0,0,0,0,0,0,0,0.033175,0,0,0,0,0,0,2.33298,3.11763,3,3,2,9,8,0.10077,504,0,0,0,TASKBR_VACANCY_V1,0.551757,2,9,6,9,0,7,0.169092,0.006307,0,6,0,15,15,0,7,7,"1,1,1,1,2,2,1",3,1,7,9.48506,85,0,0.270405,0.068011,29,78000000,0,16,1,SOLVED,16,16.5306,6460e8d9ea65e1209a7dd3d58a1135558644731856161d780a325f7b63c97b7a,0.025,ok,
g2_dlow_abaseline_plocal_gsingleton_seed0,warehouse_random_factorial,carrier_brd,1,27,78.0,78000000,25,35,18,3,0.2315,16,27,78,78000000,27,78,78000000,0,0,0,0,0,0,0,0,NOT_ATTEMPTED,0,0,0,0,-1,-1,-1,-1,-1,0,0,0,0,0,0,0,0,0,0,0,0,0,,,,,,,,,,,,,0,0,0,0,0,0,0,0,0,0,0,0,0,0,0,0,0,0,0,BOTTLENECK_TARGET_FRONTIER_CONTINUITY_V2,0,0,0,0,0,0,0,0,0,0,0,0,0,0,0,0,0,0.031168,0,0,0,0,0,0,2.0454,3.27542,3,3,2,9,6,0.070236,378,0,0,4,TASKBR_VACANCY_V1,0.547538,2,9,6,9,0,7,0.188962,0.006735,0,6,0,15,15,0,7,7,"2,1,1,1,1,1,2",2,0,7,9.96913,63,0,0.259762,0.063878,27,78000000,0,16,1,SOLVED,16,16.7974,79b352563c1d9317930b951370b30eba32c4ce4c0f096c341003c9b6e57f6177,0.025,ok,
g2_dlow_abaseline_pmixed_gshared_pool_seed0,warehouse_random_factorial,carrier_brd,1,31,98.0,98000000,31,51,16,2,0.25,17,31,98,98000000,31,98,98000000,0,0,0,0,0,0,0,0,NOT_ATTEMPTED,0,0,0,0,-1,-1,-1,-1,-1,0,0,0,0,0,0,0,0,0,0,0,0,0,,,,,,,,,,,,,0,0,0,0,0,0,0,0,0,0,0,0,0,0,0,0,0,0,0,BOTTLENECK_TARGET_FRONTIER_CONTINUITY_V2,0,0,0,0,0,0,0,0,0,0,0,0,0,0,0,0,0,0.035254,0,0,0,0,0,0,3.27712,2.91161,3,3,2,8,10,0.118838,630,0,0,0,TASKBR_VACANCY_V1,0.518553,2,8,6,8,0,7,0.157382,0.00548,0,6,0,13,13,0,7,7,"1,1,1,1,1,1,2",3,0,7,9.45808,76,0,0.234361,0.071298,31,98000000,0,16,1,SOLVED,17,17.1466,cd85aa833dd62376f99b4b0d0408671edc3f32e562aba25f5037c60c1bf4dc1e,0.026,ok,
g2_dlow_abaseline_pmixed_gsingleton_seed0,warehouse_random_factorial,carrier_brd,1,33,104.0,104000000,43,45,16,2,0.3258,17,33,104,104000000,33,104,104000000,0,0,0,0,0,0,0,0,NOT_ATTEMPTED,1,0,0,0,-1,-1,-1,-1,-1,0,0,0,0,0,0,0,0,0,0,0,0,0,,,,,,,,,,,,,0,0,0,0,0,0,0,0,0,0,0,0,0,0,0,0,0,0,0,BOTTLENECK_TARGET_FRONTIER_CONTINUITY_V2,0,0,0,0,0,0,0,0,0,0,0,0,0,0,0,0,0,0.036428,0,0,0,0,0,0,2.15889,2.9142,3,3,2,8,5,0.076272,315,0,0,1,TASKBR_VACANCY_V1,0.500702,2,8,6,8,0,8,0.177924,0.005879,0,6,0,14,14,0,8,8,"1,1,1,1,1,1,1,1",3,1,8,10.8185,87,0,0.265035,0.07919,33,104000000,0,17,1,SOLVED,17,17.4695,96905ba15b5662cb59e090cbf0b092676b4bb9332c78c6d64a9bcffa98334421,0.026,ok,
g2_dlow_aequal_pcross_heavy_gshared_pool_seed0,warehouse_random_factorial,carrier_brd,1,14,64.0,64000000,19,29,16,2,0.2262,15,14,64,64000000,14,64,64000000,0,0,0,0,0,0,0,0,NOT_ATTEMPTED,0,0,0,0,-1,-1,-1,-1,-1,0,0,0,0,0,0,0,0,0,0,0,0,0,,,,,,,,,,,,,0,0,0,0,0,0,0,0,0,0,0,0,0,0,0,0,0,0,0,BOTTLENECK_TARGET_FRONTIER_CONTINUITY_V2,0,0,0,0,0,0,0,0,0,0,0,0,0,0,0,0,0,0.027431,0,0,0,0,0,0,2.31874,2.69849,3,3,2,8,6,0.093799,378,0,0,0,TASKBR_VACANCY_V1,0.504394,2,8,6,8,0,7,0.14521,0.006741,0,6,0,12,12,0,7,7,"1,1,1,1,2,1,1",5,0,7,9.33897,50,0,0.251764,0.045793,14,64000000,0,15,1,SOLVED,15,15.6521,6fc1a3284137f042de1c922b2ac086440adf43e57637ca3a6efddf45bf1aba96,0.024,ok,
g2_dlow_aequal_pcross_heavy_gsingleton_seed0,warehouse_random_factorial,carrier_brd,1,21,91.0,91000000,49,24,18,3,0.3889,16,21,91,91000000,21,91,91000000,0,0,0,0,0,0,0,0,NOT_ATTEMPTED,0,0,0,0,-1,-1,-1,-1,-1,0,0,0,0,0,0,0,0,0,0,0,0,0,,,,,,,,,,,,,0,0,0,0,0,0,0,0,0,0,0,0,0,0,0,0,0,0,0,BOTTLENECK_TARGET_FRONTIER_CONTINUITY_V2,0,0,0,0,0,0,0,0,0,0,0,0,0,0,0,0,0,0.031199,0,0,0,0,0,0,2.20872,3.35664,3,3,2,9,6,0.077206,378,0,0,16,TASKBR_VACANCY_V1,0.569418,2,9,6,9,0,7,0.112938,0.003763,0,6,0,9,9,0,7,7,"2,2,1,1,1,1,1",4,0,7,9.39192,61,0,0.236918,0.056081,21,91000000,0,16,1,SOLVED,16,16.3627,d5bc82700b83b88a03ba6f67571bad622ecb4137fd1060023d84a30c78dbcf46,0.025,ok,
g2_dlow_aequal_plocal_gshared_pool_seed0,warehouse_random_factorial,carrier_brd,1,15,62.0,62000000,15,29,18,3,0.1667,15,15,62,62000000,15,62,62000000,0,0,0,0,0,0,0,0,NOT_ATTEMPTED,0,0,0,0,-1,-1,-1,-1,-1,0,0,0,0,0,0,0,0,0,0,0,0,0,,,,,,,,,,,,,0,0,0,0,0,0,0,0,0,0,0,0,0,0,0,0,0,0,0,BOTTLENECK_TARGET_FRONTIER_CONTINUITY_V2,0,0,0,0,0,0,0,0,0,0,0,0,0,0,0,0,0,0.022769,0,0,0,0,0,0,2.40339,3.05787,3,3,2,9,8,0.079752,504,0,0,0,TASKBR_VACANCY_V1,0.546622,2,9,6,9,0,7,0.158037,0.005507,0,6,0,15,15,0,7,7,"1,1,1,1,1,3,1",4,0,7,9.17236,41,0,0.235351,0.040759,15,62000000,0,15,1,SOLVED,15,15.9452,1cd6d10124b74cd2d9ed0d3dd55904ed348b98eb105394e0474d82790085c18a,0.024,ok,
g2_dlow_aequal_plocal_gsingleton_seed0,warehouse_random_factorial,carrier_brd,1,17,67.0,67000000,25,24,18,3,0.2451,17,17,67,67000000,17,67,67000000,0,0,0,0,0,0,0,0,NOT_ATTEMPTED,1,0,0,0,-1,-1,-1,-1,-1,0,0,0,0,0,0,0,0,0,0,0,0,0,,,,,,,,,,,,,0,0,0,0,0,0,0,0,0,0,0,0,0,0,0,0,0,0,0,BOTTLENECK_TARGET_FRONTIER_CONTINUITY_V2,0,0,0,0,0,0,0,0,0,0,0,0,0,0,0,0,0,0.028228,0,0,0,0,0,0,2.12956,3.35564,3,3,2,9,6,0.075558,378,0,0,4,TASKBR_VACANCY_V1,0.550422,2,9,6,9,0,8,0.138631,0.004458,0,6,0,12,12,0,8,8,"1,1,1,1,1,2,1,1",4,0,8,10.623,55,0,0.275794,0.048605,17,67000000,0,17,1,SOLVED,17,17.4946,ff843b50a99aedc53a3eacc9f1d25e62b4f6b9b388bfeedc8283c77222b80b43,0.026,ok,
g2_dlow_aequal_pmixed_gshared_pool_seed0,warehouse_random_factorial,carrier_brd,1,19,82.0,82000000,31,35,16,2,0.2719,13,19,82,82000000,19,82,82000000,0,0,0,0,0,0,0,0,NOT_ATTEMPTED,0,0,0,0,-1,-1,-1,-1,-1,0,0,0,0,0,0,0,0,0,0,0,0,0,,,,,,,,,,,,,0,0,0,0,0,0,0,0,0,0,0,0,0,0,0,0,0,0,0,BOTTLENECK_TARGET_FRONTIER_CONTINUITY_V2,0,0,0,0,0,0,0,0,0,0,0,0,0,0,0,0,0,0.02957,0,0,0,0,0,0,2.3331,2.70278,3,3,2,8,10,0.087221,630,0,0,0,TASKBR_VACANCY_V1,0.493955,2,8,6,8,0,5,0.14303,0.004096,0,6,0,10,10,0,5,5,"2,2,1,2,1",3,0,5,6.8746,48,0,0.176881,0.052229,19,82000000,0,12,1,SOLVED,13,13.1771,ce86b85aa8e1d3db24595c44413f276e7239f2cbcf961b8cf6069c6291ee74f0,0.021,ok,
g2_dlow_aequal_pmixed_gsingleton_seed0,warehouse_random_factorial,carrier_brd,1,23,90.0,90000000,41,33,16,2,0.2971,16,23,90,90000000,23,90,90000000,0,0,0,0,0,0,0,0,NOT_ATTEMPTED,1,0,0,0,-1,-1,-1,-1,-1,0,0,0,0,0,0,0,0,0,0,0,0,0,,,,,,,,,,,,,0,0,0,0,0,0,0,0,0,0,0,0,0,0,0,0,0,0,0,BOTTLENECK_TARGET_FRONTIER_CONTINUITY_V2,0,0,0,0,0,0,0,0,0,0,0,0,0,0,0,0,0,0.03702,0,0,0,0,0,0,2.24095,2.92671,3,3,2,8,5,0.071322,315,0,0,1,TASKBR_VACANCY_V1,0.523426,2,8,6,8,0,7,0.131966,0.00438,0,6,0,11,11,0,7,7,"1,1,2,1,1,1,1",4,2,7,9.59848,67,0,0.244269,0.060913,23,90000000,0,15,1,SOLVED,16,16.1533,0dc12f234aecd47b27f624f995c7f623f04287cca35c6dea167d791d96797eb3,0.026,ok,
g2_dlow_ascarce_pcross_heavy_gshared_pool_seed0,warehouse_random_factorial,carrier_brd,1,29,76.0,76000000,19,41,16,2,0.2184,17,29,76,76000000,29,76,76000000,0,0,0,0,0,0,0,0,NOT_ATTEMPTED,0,0,0,0,-1,-1,-1,-1,-1,0,0,0,0,0,0,0,0,0,0,0,0,0,,,,,,,,,,,,,0,0,0,0,0,0,0,0,0,0,0,0,0,0,0,0,0,0,0,BOTTLENECK_TARGET_FRONTIER_CONTINUITY_V2,0,0,0,0,0,0,0,0,0,0,0,0,0,0,0,0,0,0.035451,0,0,0,0,0,0,2.43075,2.64067,3,3,2,8,6,0.072173,378,0,0,0,TASKBR_VACANCY_V1,0.51631,2,8,6,8,0,8,0.15684,0.006733,0,6,0,15,15,0,8,8,"1,1,1,1,1,1,1,1",2,1,8,10.9253,89,0,0.283608,0.065938,29,76000000,0,17,1,SOLVED,17,17.4963,ea9c249aa7abddc25c92547d9259bbe02e46c4ad75521e08f2569011ea843d7a,0.026,ok,
g2_dlow_ascarce_pcross_heavy_gsingleton_seed0,warehouse_random_factorial,carrier_brd,1,47,131.0,131000000,49,64,18,3,0.3475,20,47,131,131000000,47,131,131000000,0,0,0,0,0,0,0,0,NOT_ATTEMPTED,1,0,0,0,-1,-1,-1,-1,-1,0,0,0,0,0,0,0,0,0,0,0,0,0,,,,,,,,,,,,,0,0,0,0,0,0,0,0,0,0,0,0,0,0,0,0,0,0,0,BOTTLENECK_TARGET_FRONTIER_CONTINUITY_V2,0,0,0,0,0,0,0,0,0,0,0,0,0,0,0,0,0,0.053439,0,0,0,0,0,0,2.62996,3.22101,3,3,2,9,6,0.076998,378,0,0,16,TASKBR_VACANCY_V1,0.560746,2,9,6,9,0,9,0.210404,0.007859,0,6,0,17,17,0,9,9,"1,1,1,1,1,1,1,1,1",2,2,9,12.2853,125,0,0.303921,0.0986,47,131000000,0,19,1,SOLVED,20,20.0559,10e88c6f53f88275958d7f48d823806134538f3ecbfd718af9980ae7f5c16815,0.029,ok,
g2_dlow_ascarce_plocal_gshared_pool_seed0,warehouse_random_factorial,carrier_brd,1,32,76.0,76000000,15,43,18,3,0.1562,17,32,76,76000000,32,76,76000000,0,0,0,0,0,0,0,0,NOT_ATTEMPTED,0,0,0,0,-1,-1,-1,-1,-1,0,0,0,0,0,0,0,0,0,0,0,0,0,,,,,,,,,,,,,0,0,0,0,0,0,0,0,0,0,0,0,0,0,0,0,0,0,0,BOTTLENECK_TARGET_FRONTIER_CONTINUITY_V2,0,0,0,0,0,0,0,0,0,0,0,0,0,0,0,0,0,0.033921,0,0,0,0,0,0,2.33418,3.06964,3,3,2,9,8,0.080128,504,0,0,0,TASKBR_VACANCY_V1,0.560224,2,9,6,9,0,8,0.185496,0.006787,0,6,0,15,15,0,8,8,"1,1,1,1,1,1,2,1",2,1,8,10.855,88,0,0.304361,0.071529,32,76000000,0,17,1,SOLVED,17,17.8289,ba20e92802c16dd5e843ad42ef36904c38b1d91186a1391c954924fbcf5e0fbd,0.026,ok,
g2_dlow_ascarce_plocal_gsingleton_seed0,warehouse_random_factorial,carrier_brd,1,30,76.0,76000000,25,33,18,3,0.2778,15,30,76,76000000,30,76,76000000,0,0,0,0,0,0,0,0,NOT_ATTEMPTED,0,0,0,0,-1,-1,-1,-1,-1,0,0,0,0,0,0,0,0,0,0,0,0,0,,,,,,,,,,,,,0,0,0,0,0,0,0,0,0,0,0,0,0,0,0,0,0,0,0,BOTTLENECK_TARGET_FRONTIER_CONTINUITY_V2,0,0,0,0,0,0,0,0,0,0,0,0,0,0,0,0,0,0.032055,0,0,0,0,0,0,2.07841,3.29179,3,3,2,9,6,0.073015,378,0,0,4,TASKBR_VACANCY_V1,0.544389,2,9,6,9,0,6,0.171345,0.006116,0,6,0,13,13,0,6,6,"1,1,1,3,2,1",2,1,6,8.47968,66,0,0.217626,0.066846,30,76000000,0,15,1,SOLVED,15,15.3611,f8132e8c47fcc65917487643d3ecfeb512b9c671246a7c3848dbee1e6a2b4ba0,0.024,ok,
g2_dlow_ascarce_pmixed_gshared_pool_seed0,warehouse_random_factorial,carrier_brd,1,32,93.0,93000000,31,46,16,2,0.3229,17,32,93,93000000,32,93,93000000,0,0,0,0,0,0,0,0,NOT_ATTEMPTED,0,0,0,0,-1,-1,-1,-1,-1,0,0,0,0,0,0,0,0,0,0,0,0,0,,,,,,,,,,,,,0,0,0,0,0,0,0,0,0,0,0,0,0,0,0,0,0,0,0,BOTTLENECK_TARGET_FRONTIER_CONTINUITY_V2,0,0,0,0,0,0,0,0,0,0,0,0,0,0,0,0,0,0.041494,0,0,0,0,0,0,2.42416,2.6677,3,3,2,8,10,0.08849,630,0,0,0,TASKBR_VACANCY_V1,0.576137,2,8,6,8,0,8,0.147382,0.0054,0,6,0,11,11,0,8,8,"1,1,1,1,1,1,1,1",2,2,8,10.8321,78,0,0.277917,0.073046,32,93000000,0,17,1,SOLVED,17,17.5078,648c52442aa608bd999f719f35fb1b792a40eeebf7db91a899f4443335e2f36f,0.026,ok,
g2_dlow_ascarce_pmixed_gsingleton_seed0,warehouse_random_factorial,carrier_brd,1,35,93.0,93000000,39,38,16,2,0.3714,15,35,93,93000000,35,93,93000000,0,0,0,0,0,0,0,0,NOT_ATTEMPTED,0,0,0,0,-1,-1,-1,-1,-1,0,0,0,0,0,0,0,0,0,0,0,0,0,,,,,,,,,,,,,0,0,0,0,0,0,0,0,0,0,0,0,0,0,0,0,0,0,0,BOTTLENECK_TARGET_FRONTIER_CONTINUITY_V2,0,0,0,0,0,0,0,0,0,0,0,0,0,0,0,0,0,0.030511,0,0,0,0,0,0,2.1325,2.8322,3,3,2,8,5,0.071213,315,0,0,1,TASKBR_VACANCY_V1,0.491141,2,8,6,8,0,7,0.158052,0.005362,0,6,0,11,11,0,7,7,"1,1,1,1,2,1,1",2,1,7,9.38784,73,0,0.234284,0.078041,35,93000000,0,15,1,SOLVED,15,15.8455,17bbbda6f2210782c6e1652f22d32c55b0dac49d495005747818a333d515b991,0.024,ok,
g2_dlow_asurplus_pcross_heavy_gshared_pool_seed0,warehouse_random_factorial,carrier_brd,1,12,55.0,55000000,19,20,16,2,0.1759,17,12,55,55000000,12,55,55000000,0,0,0,0,0,0,0,0,NOT_ATTEMPTED,0,0,0,0,-1,-1,-1,-1,-1,0,0,0,0,0,0,0,0,0,0,0,0,0,,,,,,,,,,,,,0,0,0,0,0,0,0,0,0,0,0,0,0,0,0,0,0,0,0,BOTTLENECK_TARGET_FRONTIER_CONTINUITY_V2,0,0,0,0,0,0,0,0,0,0,0,0,0,0,0,0,0,0.027409,0,0,0,0,0,0,3.32277,2.8247,3,3,2,8,6,0.080606,378,0,0,0,TASKBR_VACANCY_V1,0.490023,2,8,6,8,0,6,0.138043,0.003721,0,6,0,9,9,0,6,6,"2,1,1,2,1,1",4,0,6,9.86835,36,0,0.268012,0.065699,12,55000000,0,17,1,SOLVED,17,17.3076,38164ad3b2b18eaef975a63eb03afb6e3e0164e2e2dc41f95b840d018d67c51f,0.026,ok,
g2_dlow_asurplus_pcross_heavy_gsingleton_seed0,warehouse_random_factorial,carrier_brd,1,21,91.0,91000000,49,24,18,3,0.2593,16,21,91,91000000,21,91,91000000,0,0,0,0,0,0,0,0,NOT_ATTEMPTED,0,0,0,0,-1,-1,-1,-1,-1,0,0,0,0,0,0,0,0,0,0,0,0,0,,,,,,,,,,,,,0,0,0,0,0,0,0,0,0,0,0,0,0,0,0,0,0,0,0,BOTTLENECK_TARGET_FRONTIER_CONTINUITY_V2,0,0,0,0,0,0,0,0,0,0,0,0,0,0,0,0,0,0.034179,0,0,0,0,0,0,2.01952,3.33993,3,3,2,9,6,0.073152,378,0,0,16,TASKBR_VACANCY_V1,0.575317,2,9,6,9,0,7,0.172765,0.003758,0,6,0,9,9,0,7,7,"2,2,1,1,1,1,1",4,0,7,9.66446,61,0,0.246438,0.067183,21,91000000,0,16,1,SOLVED,16,16.5566,78b08308f31698359ad6ce752ed3c203b63820a42fbb6bda003cbd0b100340b3,0.025,ok,
g2_dlow_asurplus_plocal_gshared_pool_seed0,warehouse_random_factorial,carrier_brd,1,14,57.0,57000000,15,24,18,3,0.119,17,14,57,57000000,14,57,57000000,0,0,0,0,0,0,0,0,NOT_ATTEMPTED,0,0,0,0,-1,-1,-1,-1,-1,0,0,0,0,0,0,0,0,0,0,0,0,0,,,,,,,,,,,,,0,0,0,0,0,0,0,0,0,0,0,0,0,0,0,0,0,0,0,BOTTLENECK_TARGET_FRONTIER_CONTINUITY_V2,0,0,0,0,0,0,0,0,0,0,0,0,0,0,0,0,0,0.028482,0,0,0,0,0,0,2.2596,3.09411,3,3,2,9,8,0.079075,504,0,0,0,TASKBR_VACANCY_V1,0.555816,2,9,6,9,0,7,0.212798,0.00501,0,6,0,13,13,0,7,7,"1,1,1,1,1,3,1",4,0,7,10.7691,39,0,0.299365,0.067561,14,57000000,0,17,1,SOLVED,17,17.63,aff2f442178c94701a61c9fe5ac2be2571b6de00db24922462e65e1bb6168b8d,0.026,ok,
g2_dlow_asurplus_plocal_gsingleton_seed0,warehouse_random_factorial,carrier_brd,1,17,61.0,61000000,25,18,18,3,0.1634,14,17,61,61000000,17,61,61000000,0,0,0,0,0,0,0,0,NOT_ATTEMPTED,0,0,0,0,-1,-1,-1,-1,-1,0,0,0,0,0,0,0,0,0,0,0,0,0,,,,,,,,,,,,,0,0,0,0,0,0,0,0,0,0,0,0,0,0,0,0,0,0,0,BOTTLENECK_TARGET_FRONTIER_CONTINUITY_V2,0,0,0,0,0,0,0,0,0,0,0,0,0,0,0,0,0,0.025971,0,0,0,0,0,0,2.05806,3.31715,3,3,2,9,6,0.073867,378,0,0,4,TASKBR_VACANCY_V1,0.556384,2,9,6,9,0,6,0.164747,0.004496,0,6,0,10,10,0,6,6,"1,2,3,1,1,1",4,0,6,8.14966,47,0,0.204753,0.056155,17,61000000,0,14,1,SOLVED,14,14.9611,4182affcef6bc73694b4dc01abedfb3a2a2290d700d59041f969306431e8c536,0.023,ok,
g2_dlow_asurplus_pmixed_gshared_pool_seed0,warehouse_random_factorial,carrier_brd,1,14,73.0,73000000,31,26,16,2,0.246,11,14,73,73000000,14,73,73000000,0,0,0,0,0,0,0,0,NOT_ATTEMPTED,0,0,0,0,-1,-1,-1,-1,-1,0,0,0,0,0,0,0,0,0,0,0,0,0,,,,,,,,,,,,,0,0,0,0,0,0,0,0,0,0,0,0,0,0,0,0,0,0,0,BOTTLENECK_TARGET_FRONTIER_CONTINUITY_V2,0,0,0,0,0,0,0,0,0,0,0,0,0,0,0,0,0,0.021848,0,0,0,0,0,0,2.43124,2.68537,3,3,2,8,10,0.083614,630,0,0,0,TASKBR_VACANCY_V1,0.501356,2,8,6,8,0,4,0.141877,0.003389,0,6,0,8,8,0,4,4,"2,3,2,1",4,0,4,5.43966,28,0,0.140614,0.048842,14,73000000,0,11,1,SOLVED,11,11.7522,fcf4a9caeab308dca2ac6440690f83d8db3d9f8883faf3316532eebebc2bc640,0.02,ok,
g2_dlow_asurplus_pmixed_gsingleton_seed0,warehouse_random_factorial,carrier_brd,1,21,84.0,84000000,37,31,16,2,0.1958,16,21,84,84000000,21,84,84000000,0,0,0,0,0,0,0,0,NOT_ATTEMPTED,0,0,0,0,-1,-1,-1,-1,-1,0,0,0,0,0,0,0,0,0,0,0,0,0,,,,,,,,,,,,,0,0,0,0,0,0,0,0,0,0,0,0,0,0,0,0,0,0,0,BOTTLENECK_TARGET_FRONTIER_CONTINUITY_V2,0,0,0,0,0,0,0,0,0,0,0,0,0,0,0,0,0,0.036642,0,0,0,0,0,0,2.17449,2.79526,3,3,2,8,5,0.068958,315,0,0,1,TASKBR_VACANCY_V1,0.510086,2,8,6,8,0,7,0.197098,0.004794,0,6,0,12,12,0,7,7,"1,1,1,1,2,1,1",4,0,7,9.76744,61,0,0.251057,0.067074,21,84000000,0,15,1,SOLVED,16,16.1938,e4ddaf182f1eedcdf9032ec823f7fccac1486eb00f0475cd78a8bc88ce78f108,0.025,ok,
g2_dmedium_abaseline_pcross_heavy_gshared_pool_seed0,warehouse_random_factorial,carrier_brd,1,25,72.0,72000000,19,37,16,2,0.19,18,25,72,72000000,25,72,72000000,0,0,0,0,0,0,0,0,NOT_ATTEMPTED,0,0,0,0,-1,-1,-1,-1,-1,0,0,0,0,0,0,0,0,0,0,0,0,0,,,,,,,,,,,,,0,0,0,0,0,0,0,0,0,0,0,0,0,0,0,0,0,0,0,BOTTLENECK_TARGET_FRONTIER_CONTINUITY_V2,0,0,0,0,0,0,0,0,0,0,0,0,0,0,0,0,0,0.032606,0,0,0,0,0,0,2.51565,2.97317,3,3,2,8,6,0.08107,378,0,0,3,TASKBR_VACANCY_V1,0.586954,2,8,6,8,0,8,0.170967,0.007097,0,6,0,16,16,0,8,8,"1,1,1,1,1,1,1,1",2,0,8,11.0705,78,0,0.289813,0.112004,25,72000000,0,17,1,SOLVED,18,18.4579,d6e97677f145f91a135ad446f6d34d9fab321974f8e2c4cf5bc1708be75cfe16,0.027,ok,
g2_dmedium_abaseline_pcross_heavy_gsingleton_seed0,warehouse_random_factorial,carrier_brd,1,27,100.0,100000000,49,33,18,3,0.4537,16,27,100,100000000,27,100,100000000,0,0,0,0,0,0,0,0,NOT_ATTEMPTED,0,0,0,0,-1,-1,-1,-1,-1,0,0,0,0,0,0,0,0,0,0,0,0,0,,,,,,,,,,,,,0,0,0,0,0,0,0,0,0,0,0,0,0,0,0,0,0,0,0,BOTTLENECK_TARGET_FRONTIER_CONTINUITY_V2,0,0,0,0,0,0,0,0,0,0,0,0,0,0,0,0,0,0.035877,0,0,0,0,0,0,2.10074,3.53606,3,3,2,9,6,0.079182,378,0,0,16,TASKBR_VACANCY_V1,0.592409,2,9,6,9,0,6,0.138676,0.006071,0,6,0,13,13,0,6,6,"1,1,1,2,2,2",3,1,6,8.60167,74,0,0.205893,0.109142,27,100000000,0,15,1,SOLVED,16,16.0301,80ff31b1ac8c5d313122d59a4814ae300668f7a123977cc638f97e78e6ab0380,0.024,ok,
g2_dmedium_abaseline_plocal_gshared_pool_seed0,warehouse_random_factorial,carrier_brd,1,29,78.0,78000000,15,45,18,3,0.1293,17,29,78,78000000,29,78,78000000,0,0,0,0,0,0,0,0,NOT_ATTEMPTED,0,0,0,0,-1,-1,-1,-1,-1,0,0,0,0,0,0,0,0,0,0,0,0,0,,,,,,,,,,,,,0,0,0,0,0,0,0,0,0,0,0,0,0,0,0,0,0,0,0,BOTTLENECK_TARGET_FRONTIER_CONTINUITY_V2,0,0,0,0,0,0,0,0,0,0,0,0,0,0,0,0,0,0.034727,0,0,0,0,0,0,2.29096,3.60996,3,3,2,9,10,0.103678,630,0,0,1,TASKBR_VACANCY_V1,0.580102,2,9,6,9,0,7,0.171846,0.006496,0,6,0,15,15,0,7,7,"1,1,1,1,2,2,1",3,1,7,9.95943,85,0,0.24127,0.109118,29,78000000,0,17,1,SOLVED,17,17.7544,5bfb9b81c4974b988acd1ad85f4d866eca1696aabfc0b2efe067c44681988c14,0.026,ok,
g2_dmedium_abaseline_plocal_gsingleton_seed0,warehouse_random_factorial,carrier_brd,1,25,78.0,78000000,31,29,18,3,0.31,18,25,78,78000000,25,78,78000000,0,0,0,0,0,0,0,0,NOT_ATTEMPTED,0,0,0,0,-1,-1,-1,-1,-1,0,0,0,0,0,0,0,0,0,0,0,0,0,,,,,,,,,,,,,0,0,0,0,0,0,0,0,0,0,0,0,0,0,0,0,0,0,0,BOTTLENECK_TARGET_FRONTIER_CONTINUITY_V2,0,0,0,0,0,0,0,0,0,0,0,0,0,0,0,0,0,0.030796,0,0,0,0,0,0,2.14571,3.80096,3,3,2,9,8,0.088894,504,0,0,14,TASKBR_VACANCY_V1,0.594152,2,9,6,9,0,8,0.177103,0.006152,0,6,0,14,14,0,8,8,"1,1,1,1,2,1,1,1",3,0,8,10.9565,70,0,0.294756,0.096043,25,78000000,0,18,1,SOLVED,18,18.6991,a0e557d40e07eda50197b46100be870b767b8b79960a9cd0c1d8c5ebc267845d,0.027,ok,
g2_dmedium_abaseline_pmixed_gshared_pool_seed0,warehouse_random_factorial,carrier_brd,1,32,102.0,102000000,39,49,14,1,0.3047,13,32,102,102000000,32,102,102000000,0,0,0,0,0,0,0,0,NOT_ATTEMPTED,0,0,0,0,-1,-1,-1,-1,-1,0,0,0,0,0,0,0,0,0,0,0,0,0,,,,,,,,,,,,,0,0,0,0,0,0,0,0,0,0,0,0,0,0,0,0,0,0,0,BOTTLENECK_TARGET_FRONTIER_CONTINUITY_V2,0,0,0,0,0,0,0,0,0,0,0,0,0,0,0,0,0,0.028965,0,0,0,0,0,0,2.47697,2.92829,3,3,2,7,19,0.134495,1197,0,0,0,TASKBR_VACANCY_V1,0.471845,2,7,6,7,0,5,0.118188,0.004135,0,6,0,8,8,0,5,5,"2,2,1,1,1",2,0,5,6.98109,59,0,0.184182,0.139201,32,102000000,0,13,1,SOLVED,13,14.0163,594b0caf96b12854f27d92ecf04de1cf1c54db2f1d7d07187212f64ef8a29d0f,0.022,ok,
g2_dmedium_abaseline_pmixed_gsingleton_seed0,warehouse_random_factorial,carrier_brd,1,39,105.0,105000000,44,42,18,2,0.2821,18,39,105,105000000,39,105,105000000,0,0,0,0,0,0,0,0,NOT_ATTEMPTED,1,0,0,0,-1,-1,-1,-1,-1,0,0,0,0,0,0,0,0,0,0,0,0,0,,,,,,,,,,,,,0,0,0,0,0,0,0,0,0,0,0,0,0,0,0,0,0,0,0,BOTTLENECK_TARGET_FRONTIER_CONTINUITY_V2,0,0,0,0,0,0,0,0,0,0,0,0,0,0,0,0,0,0.03455,0,0,0,0,0,0,2.12579,3.34805,4,4,3,9,8,0.105961,504,1,1,22,TASKBR_VACANCY_V1,0.610411,3,9,6,8,1,8,0.166152,0.005736,0,6,0,13,13,0,8,8,"1,1,2,1,1,1,1,1",3,0,8,11.4082,79,0,0.274383,0.14984,39,105000000,0,18,1,SOLVED,18,18.9517,4234733c29df4537f82b363e8eafafb0a678c07e177bd00a352cffd175a29047,0.028,ok,
g2_dmedium_aequal_pcross_heavy_gshared_pool_seed0,warehouse_random_factorial,carrier_brd,1,14,64.0,64000000,19,29,16,2,0.2262,16,14,64,64000000,14,64,64000000,0,0,0,0,0,0,0,0,NOT_ATTEMPTED,0,0,0,0,-1,-1,-1,-1,-1,0,0,0,0,0,0,0,0,0,0,0,0,0,,,,,,,,,,,,,0,0,0,0,0,0,0,0,0,0,0,0,0,0,0,0,0,0,0,BOTTLENECK_TARGET_FRONTIER_CONTINUITY_V2,0,0,0,0,0,0,0,0,0,0,0,0,0,0,0,0,0,0.029345,0,0,0,0,0,0,2.37429,3.06543,3,3,2,8,6,0.073352,378,0,0,3,TASKBR_VACANCY_V1,0.517761,2,8,6,8,0,7,0.145333,0.004935,0,6,0,12,12,0,7,7,"1,1,1,1,2,1,1",5,0,7,9.53328,50,0,0.238765,0.057731,14,64000000,0,16,1,SOLVED,16,16.3798,fcabc770d3e24ee9041a4dc79e606f86001be103bccd962aa651e35bb8a7d717,0.025,ok,
g2_dmedium_aequal_pcross_heavy_gsingleton_seed0,warehouse_random_factorial,carrier_brd,1,21,91.0,91000000,49,24,18,3,0.3889,16,21,91,91000000,21,91,91000000,0,0,0,0,0,0,0,0,NOT_ATTEMPTED,0,0,0,0,-1,-1,-1,-1,-1,0,0,0,0,0,0,0,0,0,0,0,0,0,,,,,,,,,,,,,0,0,0,0,0,0,0,0,0,0,0,0,0,0,0,0,0,0,0,BOTTLENECK_TARGET_FRONTIER_CONTINUITY_V2,0,0,0,0,0,0,0,0,0,0,0,0,0,0,0,0,0,0.033543,0,0,0,0,0,0,2.06151,3.48421,3,3,2,9,6,0.079502,378,0,0,16,TASKBR_VACANCY_V1,0.589936,2,9,6,9,0,7,0.110762,0.003716,0,6,0,9,9,0,7,7,"2,2,1,1,1,1,1",4,0,7,9.58855,61,0,0.247766,0.085999,21,91000000,0,16,1,SOLVED,16,16.775,4e837e344b555c8c658512ffcac4629c4eafeae3cedc3a26225cf6e2d96dc809,0.025,ok,
g2_dmedium_aequal_plocal_gshared_pool_seed0,warehouse_random_factorial,carrier_brd,1,15,62.0,62000000,15,29,18,3,0.1667,16,15,62,62000000,15,62,62000000,0,0,0,0,0,0,0,0,NOT_ATTEMPTED,0,0,0,0,-1,-1,-1,-1,-1,0,0,0,0,0,0,0,0,0,0,0,0,0,,,,,,,,,,,,,0,0,0,0,0,0,0,0,0,0,0,0,0,0,0,0,0,0,0,BOTTLENECK_TARGET_FRONTIER_CONTINUITY_V2,0,0,0,0,0,0,0,0,0,0,0,0,0,0,0,0,0,0.027468,0,0,0,0,0,0,2.28298,3.57113,3,3,2,9,10,0.098417,630,0,0,1,TASKBR_VACANCY_V1,0.583902,2,9,6,9,0,7,0.162291,0.007081,0,6,0,15,15,0,7,7,"1,1,1,1,1,3,1",4,0,7,9.53479,41,0,0.243297,0.060794,15,62000000,0,16,1,SOLVED,16,16.8922,1772fa60a8508f0974d956a37a368b889241b8c1a0de91ff718157361ef4ff20,0.025,ok,
g2_dmedium_aequal_plocal_gsingleton_seed0,warehouse_random_factorial,carrier_brd,1,17,73.0,73000000,31,24,18,3,0.3039,15,17,73,73000000,17,73,73000000,0,0,0,0,0,0,0,0,NOT_ATTEMPTED,1,0,0,0,-1,-1,-1,-1,-1,0,0,0,0,0,0,0,0,0,0,0,0,0,,,,,,,,,,,,,0,0,0,0,0,0,0,0,0,0,0,0,0,0,0,0,0,0,0,BOTTLENECK_TARGET_FRONTIER_CONTINUITY_V2,0,0,0,0,0,0,0,0,0,0,0,0,0,0,0,0,0,0.02773,0,0,0,0,0,0,2.11842,3.89504,3,3,2,9,8,0.094426,504,0,0,14,TASKBR_VACANCY_V1,0.581922,2,9,6,9,0,6,0.121939,0.003846,0,6,0,9,9,0,6,6,"1,1,2,2,2,1",5,0,6,8.23281,40,0,0.219601,0.070852,17,73000000,0,15,1,SOLVED,15,15.7475,e7feb1bc3f2a092639afce5601272315e2c56c3e488fe65d572fb666cd02b76d,0.024,ok,
g2_dmedium_aequal_pmixed_gshared_pool_seed0,warehouse_random_factorial,carrier_brd,1,19,88.0,88000000,39,35,14,1,0.3421,17,19,88,88000000,19,88,88000000,0,0,0,0,0,0,0,0,NOT_ATTEMPTED,0,0,0,0,-1,-1,-1,-1,-1,0,0,0,0,0,0,0,0,0,0,0,0,0,,,,,,,,,,,,,0,0,0,0,0,0,0,0,0,0,0,0,0,0,0,0,0,0,0,BOTTLENECK_TARGET_FRONTIER_CONTINUITY_V2,0,0,0,0,0,0,0,0,0,0,0,0,0,0,0,0,0,0.052258,0,0,0,0,0,0,3.25038,3.87798,3,3,2,7,19,0.18754,1197,0,0,0,TASKBR_VACANCY_V1,0.616703,2,7,6,7,0,6,0.155918,0.004414,0,6,0,8,8,0,6,6,"1,2,1,1,1,1",4,0,6,9.08355,50,0,0.24525,0.089421,19,88000000,0,17,1,SOLVED,17,17.9385,37135d09b59d36cdf780979aba30a0fbacd5e80e5932fdf3a2edc2a008402924,0.026,ok,
g2_dmedium_aequal_pmixed_gsingleton_seed0,warehouse_random_factorial,carrier_brd,1,31,91.0,91000000,44,28,18,2,0.2366,20,31,91,91000000,31,91,91000000,0,0,0,0,0,0,0,0,NOT_ATTEMPTED,1,0,0,0,-1,-1,-1,-1,-1,0,0,0,0,0,0,0,0,0,0,0,0,0,,,,,,,,,,,,,0,0,0,0,0,0,0,0,0,0,0,0,0,0,0,0,0,0,0,BOTTLENECK_TARGET_FRONTIER_CONTINUITY_V2,0,0,0,0,0,0,0,0,0,0,0,0,0,0,0,0,0,0.043201,0,0,0,0,0,0,2.10962,3.31484,4,4,3,9,8,0.108433,504,1,1,22,TASKBR_VACANCY_V1,0.614871,3,9,6,8,1,9,0.159031,0.005034,0,6,0,14,14,0,9,9,"1,1,1,1,1,1,1,1,1",3,0,9,12.5828,88,0,0.318849,0.125616,31,91000000,0,19,1,SOLVED,20,20.1376,945212a312b80ca9655c315a15033a3e354c7a78aec52dd825151f9e3a82a583,0.029,ok,
g2_dmedium_ascarce_pcross_heavy_gshared_pool_seed0,warehouse_random_factorial,carrier_brd,1,28,76.0,76000000,19,41,16,2,0.2262,18,28,76,76000000,28,76,76000000,0,0,0,0,0,0,0,0,NOT_ATTEMPTED,0,0,0,0,-1,-1,-1,-1,-1,0,0,0,0,0,0,0,0,0,0,0,0,0,,,,,,,,,,,,,0,0,0,0,0,0,0,0,0,0,0,0,0,0,0,0,0,0,0,BOTTLENECK_TARGET_FRONTIER_CONTINUITY_V2,0,0,0,0,0,0,0,0,0,0,0,0,0,0,0,0,0,0.032497,0,0,0,0,0,0,2.32754,2.97358,3,3,2,8,6,0.074538,378,0,0,3,TASKBR_VACANCY_V1,0.548489,2,8,6,8,0,8,0.156514,0.006526,0,6,0,14,14,0,8,8,"1,1,1,1,1,1,1,1",2,1,8,11.7165,83,0,0.286404,0.106243,28,76000000,0,18,1,SOLVED,18,18.8211,2892cd9f0b86cf7132b4eed066f49ae106c3f6cbf118f16f94d222246371ec5c,0.027,ok,
g2_dmedium_ascarce_pcross_heavy_gsingleton_seed0,warehouse_random_factorial,carrier_brd,1,47,131.0,131000000,49,64,18,3,0.3475,21,47,131,131000000,47,131,131000000,0,0,0,0,0,0,0,0,NOT_ATTEMPTED,1,0,0,0,-1,-1,-1,-1,-1,0,0,0,0,0,0,0,0,0,0,0,0,0,,,,,,,,,,,,,0,0,0,0,0,0,0,0,0,0,0,0,0,0,0,0,0,0,0,BOTTLENECK_TARGET_FRONTIER_CONTINUITY_V2,0,0,0,0,0,0,0,0,0,0,0,0,0,0,0,0,0,0.049432,0,0,0,0,0,0,2.16836,3.55903,3,3,2,9,6,0.079639,378,0,0,16,TASKBR_VACANCY_V1,0.598773,2,9,6,9,0,9,0.217353,0.008002,0,6,0,17,17,0,9,9,"1,1,1,1,1,1,1,1,1",2,2,9,12.8935,125,0,0.315352,0.162883,47,131000000,0,20,1,SOLVED,21,21.0331,cb6a38d5ad06912d16e1d020bf81ce8735461b0bd75983580c14bc4e009e53d7,0.03,ok,
g2_dmedium_ascarce_plocal_gshared_pool_seed0,warehouse_random_factorial,carrier_brd,1,32,76.0,76000000,15,43,18,3,0.1562,19,32,76,76000000,32,76,76000000,0,0,0,0,0,0,0,0,NOT_ATTEMPTED,0,0,0,0,-1,-1,-1,-1,-1,0,0,0,0,0,0,0,0,0,0,0,0,0,,,,,,,,,,,,,0,0,0,0,0,0,0,0,0,0,0,0,0,0,0,0,0,0,0,BOTTLENECK_TARGET_FRONTIER_CONTINUITY_V2,0,0,0,0,0,0,0,0,0,0,0,0,0,0,0,0,0,0.0358,0,0,0,0,0,0,2.34783,3.59843,3,3,2,9,10,0.101412,630,0,0,1,TASKBR_VACANCY_V1,0.599778,2,9,6,9,0,8,0.18951,0.006728,0,6,0,15,15,0,8,8,"1,1,1,1,1,1,2,1",2,1,8,11.3338,88,0,0.276418,0.110228,32,76000000,0,18,1,SOLVED,19,19.1787,cdeddace1908c78e65efcf6a49a3be22f8ea6ced170b22d023788dcc650df2f4,0.03,ok,
g2_dmedium_ascarce_plocal_gsingleton_seed0,warehouse_random_factorial,carrier_brd,1,35,100.0,100000000,31,51,18,3,0.2952,20,35,100,100000000,35,100,100000000,0,0,0,0,0,0,0,0,NOT_ATTEMPTED,1,0,0,0,-1,-1,-1,-1,-1,0,0,0,0,0,0,0,0,0,0,0,0,0,,,,,,,,,,,,,0,0,0,0,0,0,0,0,0,0,0,0,0,0,0,0,0,0,0,BOTTLENECK_TARGET_FRONTIER_CONTINUITY_V2,0,0,0,0,0,0,0,0,0,0,0,0,0,0,0,0,0,0.034374,0,0,0,0,0,0,2.13895,4.93084,3,3,2,9,8,0.12179,504,0,0,14,TASKBR_VACANCY_V1,0.691643,2,9,6,9,0,8,0.217709,0.007853,0,6,0,17,17,0,8,8,"1,1,1,1,1,1,1,2",2,1,8,11.4066,90,0,0.276164,0.120523,35,100000000,0,20,1,SOLVED,20,20.7264,db6a9c61c31fee80d5f9468d90cfb380126003ad3c55b272d9adea0daf706d10,0.029,ok,
g2_dmedium_ascarce_pmixed_gshared_pool_seed0,warehouse_random_factorial,carrier_brd,1,37,96.0,96000000,39,43,14,1,0.3514,17,37,96,96000000,37,96,96000000,0,0,0,0,0,0,0,0,NOT_ATTEMPTED,0,0,0,0,-1,-1,-1,-1,-1,0,0,0,0,0,0,0,0,0,0,0,0,0,,,,,,,,,,,,,0,0,0,0,0,0,0,0,0,0,0,0,0,0,0,0,0,0,0,BOTTLENECK_TARGET_FRONTIER_CONTINUITY_V2,0,0,0,0,0,0,0,0,0,0,0,0,0,0,0,0,0,0.041056,0,0,0,0,0,0,2.64299,2.94026,3,3,2,7,19,0.136525,1197,0,0,0,TASKBR_VACANCY_V1,0.468613,2,7,6,7,0,7,0.177614,0.005698,0,6,0,11,11,0,7,7,"1,1,1,1,1,1,1",2,1,7,10.308,97,0,0.297828,0.125388,37,96000000,0,17,1,SOLVED,17,17.7712,e19223e31628623b15ca69f143e96bf11f9c5322b35d678589683aefa0ba310d,0.026,ok,
g2_dmedium_ascarce_pmixed_gsingleton_seed0,warehouse_random_factorial,carrier_brd,1,41,102.0,102000000,40,43,18,2,0.3252,18,41,102,102000000,41,102,102000000,0,0,0,0,0,0,0,0,NOT_ATTEMPTED,0,0,0,0,-1,-1,-1,-1,-1,0,0,0,0,0,0,0,0,0,0,0,0,0,,,,,,,,,,,,,0,0,0,0,0,0,0,0,0,0,0,0,0,0,0,0,0,0,0,BOTTLENECK_TARGET_FRONTIER_CONTINUITY_V2,0,0,0,0,0,0,0,0,0,0,0,0,0,0,0,0,0,0.034296,0,0,0,0,0,0,2.20028,3.4036,4,4,3,9,8,0.112436,504,1,1,22,TASKBR_VACANCY_V1,0.620081,3,9,6,8,1,8,0.167126,0.00571,0,6,0,12,12,0,8,8,"1,1,1,1,2,1,1,1",2,1,8,11.1871,78,0,0.280638,0.136414,41,102000000,0,18,1,SOLVED,18,18.8281,1dd198b63040b32f8a946d3986f70926f62570927aed8eb704c59708623628ec,0.028,ok,
g2_dmedium_asurplus_pcross_heavy_gshared_pool_seed0,warehouse_random_factorial,carrier_brd,1,12,55.0,55000000,19,20,16,2,0.1759,17,12,55,55000000,12,55,55000000,0,0,0,0,0,0,0,0,NOT_ATTEMPTED,0,0,0,0,-1,-1,-1,-1,-1,0,0,0,0,0,0,0,0,0,0,0,0,0,,,,,,,,,,,,,0,0,0,0,0,0,0,0,0,0,0,0,0,0,0,0,0,0,0,BOTTLENECK_TARGET_FRONTIER_CONTINUITY_V2,0,0,0,0,0,0,0,0,0,0,0,0,0,0,0,0,0,0.028433,0,0,0,0,0,0,2.57518,3.06392,3,3,2,8,6,0.080364,378,0,0,3,TASKBR_VACANCY_V1,0.593389,2,8,6,8,0,6,0.141813,0.003721,0,6,0,9,9,0,6,6,"2,1,1,2,1,1",4,0,6,10.1192,36,0,0.289523,0.06468,12,55000000,0,17,1,SOLVED,17,17.2438,d28d62ae4e5d4549716c13ff1e4f034b8bc61c01a90bf7e90d26df3fcf957cdf,0.025,ok,
g2_dmedium_asurplus_pcross_heavy_gsingleton_seed0,warehouse_random_factorial,carrier_brd,1,21,91.0,91000000,49,24,18,3,0.2593,17,21,91,91000000,21,91,91000000,0,0,0,0,0,0,0,0,NOT_ATTEMPTED,0,0,0,0,-1,-1,-1,-1,-1,0,0,0,0,0,0,0,0,0,0,0,0,0,,,,,,,,,,,,,0,0,0,0,0,0,0,0,0,0,0,0,0,0,0,0,0,0,0,BOTTLENECK_TARGET_FRONTIER_CONTINUITY_V2,0,0,0,0,0,0,0,0,0,0,0,0,0,0,0,0,0,0.042435,0,0,0,0,0,0,2.07203,3.53145,3,3,2,9,6,0.079781,378,0,0,16,TASKBR_VACANCY_V1,0.591198,2,9,6,9,0,7,0.171814,0.003797,0,6,0,9,9,0,7,7,"2,2,1,1,1,1,1",4,0,7,10.1271,61,0,0.239072,0.09527,21,91000000,0,17,1,SOLVED,17,17.5207,a28c38bb49ddb99470f89ea59b15dbfa96bdd1738576a9dcefde0af30222fbec,0.026,ok,
g2_dmedium_asurplus_plocal_gshared_pool_seed0,warehouse_random_factorial,carrier_brd,1,14,57.0,57000000,15,24,18,3,0.119,16,14,57,57000000,14,57,57000000,0,0,0,0,0,0,0,0,NOT_ATTEMPTED,0,0,0,0,-1,-1,-1,-1,-1,0,0,0,0,0,0,0,0,0,0,0,0,0,,,,,,,,,,,,,0,0,0,0,0,0,0,0,0,0,0,0,0,0,0,0,0,0,0,BOTTLENECK_TARGET_FRONTIER_CONTINUITY_V2,0,0,0,0,0,0,0,0,0,0,0,0,0,0,0,0,0,0.025905,0,0,0,0,0,0,2.22785,3.59067,3,3,2,9,10,0.094085,630,0,0,1,TASKBR_VACANCY_V1,0.639744,2,9,6,9,0,7,0.214183,0.005271,0,6,0,13,13,0,7,7,"1,1,1,1,1,3,1",4,0,7,9.49,39,0,0.238145,0.063458,14,57000000,0,16,1,SOLVED,16,16.9691,2e865c1f2a05154f05f4f3847bce603779249f680c4729bfc22e11b53a2a9e7e,0.025,ok,
g2_dmedium_asurplus_plocal_gsingleton_seed0,warehouse_random_factorial,carrier_brd,1,17,67.0,67000000,31,18,18,3,0.2026,15,17,67,67000000,17,67,67000000,0,0,0,0,0,0,0,0,NOT_ATTEMPTED,0,0,0,0,-1,-1,-1,-1,-1,0,0,0,0,0,0,0,0,0,0,0,0,0,,,,,,,,,,,,,0,0,0,0,0,0,0,0,0,0,0,0,0,0,0,0,0,0,0,BOTTLENECK_TARGET_FRONTIER_CONTINUITY_V2,0,0,0,0,0,0,0,0,0,0,0,0,0,0,0,0,0,0.027085,0,0,0,0,0,0,2.10019,3.96025,3,3,2,9,8,0.092205,504,0,0,14,TASKBR_VACANCY_V1,0.586175,2,9,6,9,0,6,0.155162,0.003679,0,6,0,9,9,0,6,6,"2,2,1,1,2,1",4,0,6,8.29155,41,0,0.217555,0.076961,17,67000000,0,15,1,SOLVED,15,15.9141,2393823bb1602d0b0266a62da8c70cbaac9fe9d213c7e6d9008567a5d52e708e,0.024,ok,
g2_dmedium_asurplus_pmixed_gshared_pool_seed0,warehouse_random_factorial,carrier_brd,1,19,81.0,81000000,41,26,14,1,0.2398,15,19,81,81000000,19,81,81000000,0,0,0,0,0,0,0,0,NOT_ATTEMPTED,2,0,0,0,-1,-1,-1,-1,-1,0,0,0,0,0,0,0,0,0,0,0,0,0,,,,,,,,,,,,,0,0,0,0,0,0,0,0,0,0,0,0,0,0,0,0,0,0,0,BOTTLENECK_TARGET_FRONTIER_CONTINUITY_V2,0,0,0,0,0,0,0,0,0,0,0,0,0,0,0,0,0,0.03281,0,0,0,0,0,0,2.71672,2.86675,3,3,2,7,19,0.138584,1197,0,0,0,TASKBR_VACANCY_V1,0.47807,2,7,6,7,0,6,0.141569,0.003263,0,6,0,7,7,0,6,6,"1,1,1,2,1,1",5,0,6,8.61612,41,0,0.20963,0.085402,19,81000000,0,15,1,SOLVED,15,15.7105,06bf2c572fe82ca7adf276579ddf627945b183d15be4163d9cbd07c294289db7,0.025,ok,
g2_dmedium_asurplus_pmixed_gsingleton_seed0,warehouse_random_factorial,carrier_brd,1,40,98.0,98000000,52,27,18,2,0.1444,20,40,98,98000000,40,98,98000000,0,0,0,0,0,0,0,0,NOT_ATTEMPTED,10,0,0,0,-1,-1,-1,-1,-1,0,0,0,0,0,0,0,0,0,0,0,0,0,,,,,,,,,,,,,0,0,0,0,0,0,0,0,0,0,0,0,0,0,0,0,0,0,0,BOTTLENECK_TARGET_FRONTIER_CONTINUITY_V2,0,0,0,0,0,0,0,0,0,0,0,0,0,0,0,0,0,0.055631,0,0,0,0,0,0,2.10252,3.65148,4,4,3,9,8,0.114698,504,1,1,22,TASKBR_VACANCY_V1,0.714737,3,9,6,8,1,8,0.227901,0.005157,0,6,0,13,13,0,8,8,"2,1,1,1,1,1,1,1",3,0,8,12.226,132,0,0.275347,0.163679,40,98000000,0,19,1,SOLVED,20,20.6061,bb6cdc922cd38bcb8ad962e09d8af208ae52303412e75ff570ceab612f2f456d,0.029,ok,
g3_dhigh_abaseline_pcross_heavy_gshared_pool_seed0,warehouse_random_factorial,carrier_brd,1,33,140.0,140000000,33,87,20,2,0.1667,61,33,140,140000000,33,140,140000000,0,0,0,0,0,0,0,0,NOT_ATTEMPTED,0,0,0,0,-1,-1,-1,-1,-1,0,0,0,0,0,0,0,0,0,0,0,0,0,,,,,,,,,,,,,0,0,0,0,0,0,0,0,0,0,0,0,0,0,0,0,0,0,0,BOTTLENECK_TARGET_FRONTIER_CONTINUITY_V2,0,0,0,0,0,0,0,0,0,0,0,0,0,0,0,0,0,0.067295,0,0,0,0,0,0,6.85972,8.75974,3,3,2,10,11,0.198958,1155,0,0,0,TASKBR_VACANCY_V1,1.18807,2,10,8,10,0,10,0.464928,0.014935,0,8,0,27,27,0,10,10,"1,1,1,1,1,1,1,1,1,1",4,2,10,40.0339,118,0,1.21897,0.263198,33,140000000,0,60,1,SOLVED,61,61.0565,894b5dc4d6f20af3e81a3b61627b09d6b1c4020b399149a180d4211569a014da,0.071,ok,
g3_dhigh_abaseline_pcross_heavy_gsingleton_seed0,warehouse_random_factorial,carrier_brd,1,130,406.0,406000000,277,100,26,4,0.3551,110,130,406,406000000,130,406,406000000,0,0,0,0,0,0,0,0,NOT_ATTEMPTED,157,0,0,0,-1,-1,-1,-1,-1,0,0,0,0,0,0,0,0,0,0,0,0,0,,,,,,,,,,,,,0,0,0,0,0,0,0,0,0,0,0,0,0,0,0,0,0,0,0,BOTTLENECK_TARGET_FRONTIER_CONTINUITY_V2,0,0,0,0,0,0,0,0,0,0,0,0,0,0,0,0,0,0.32977,0,0,0,0,0,0,6.0955,9.33434,4,4,3,13,10,0.196001,1050,1,3,2,TASKBR_VACANCY_V1,1.6148,3,13,8,12,1,13,0.336717,0.011114,0,8,0,17,17,0,13,13,"1,1,1,1,1,1,1,1,1,1,1,1,1",4,0,13,80.6164,928,0,1.95453,0.93618,130,406000000,0,106,1,SOLVED,110,110.522,c09988408ea1c47cc745a02e487251bf150fbbec482e7c5ab56824de774bd8a2,0.121,ok,
g3_dhigh_abaseline_plocal_gshared_pool_seed0,warehouse_random_factorial,carrier_brd,1,23,104.0,104000000,19,63,22,3,0.1377,64,23,104,104000000,23,104,104000000,0,0,0,0,0,0,0,0,NOT_ATTEMPTED,1,0,0,0,-1,-1,-1,-1,-1,0,0,0,0,0,0,0,0,0,0,0,0,0,,,,,,,,,,,,,0,0,0,0,0,0,0,0,0,0,0,0,0,0,0,0,0,0,0,BOTTLENECK_TARGET_FRONTIER_CONTINUITY_V2,0,0,0,0,0,0,0,0,0,0,0,0,0,0,0,0,0,0.056505,0,0,0,0,0,0,6.68812,10.2752,3,3,2,11,11,0.161496,1155,0,0,4,TASKBR_VACANCY_V1,1.25958,2,11,8,11,0,11,0.557226,0.019513,0,8,0,31,31,0,11,11,"1,1,1,1,1,1,1,1,1,1,1",2,2,11,41.9669,83,0,1.38795,0.20429,23,104000000,0,63,1,SOLVED,64,64.5975,456caf9da24510a97f5a7a7792b912ba0f55f4345580383a67316c34d292fc3f,0.075,ok,
g3_dhigh_abaseline_plocal_gsingleton_seed0,warehouse_random_factorial,carrier_brd,1,41,133.0,133000000,44,59,28,4,0.1789,69,41,133,133000000,41,133,133000000,0,0,0,0,0,0,0,0,NOT_ATTEMPTED,1,0,0,0,-1,-1,-1,-1,-1,0,0,0,0,0,0,0,0,0,0,0,0,0,,,,,,,,,,,,,0,0,0,0,0,0,0,0,0,0,0,0,0,0,0,0,0,0,0,BOTTLENECK_TARGET_FRONTIER_CONTINUITY_V2,0,0,0,0,0,0,0,0,0,0,0,0,0,0,0,0,0,0.06289,0,0,0,0,0,0,6.05714,9.91199,5,5,4,14,11,0.231479,1155,2,2,15,TASKBR_VACANCY_V1,1.67951,4,14,8,12,2,12,0.362655,0.01273,0,8,0,24,24,0,12,12,"1,1,2,1,1,1,1,2,1,1,1,1",5,0,12,46.425,119,0,1.50779,0.361132,41,133000000,0,67,1,SOLVED,69,69.5494,b5c89f8b6c4f5f9acfc2fa79e64b89b4ac4b90af44d677b956d18abd3a39236b,0.079,ok,
g3_dhigh_abaseline_pmixed_gshared_pool_seed0,warehouse_random_factorial,carrier_brd,1,27,112.0,112000000,27,63,22,3,0.1667,51,27,112,112000000,27,112,112000000,0,0,0,0,0,0,0,0,NOT_ATTEMPTED,0,0,0,0,-1,-1,-1,-1,-1,0,0,0,0,0,0,0,0,0,0,0,0,0,,,,,,,,,,,,,0,0,0,0,0,0,0,0,0,0,0,0,0,0,0,0,0,0,0,BOTTLENECK_TARGET_FRONTIER_CONTINUITY_V2,0,0,0,0,0,0,0,0,0,0,0,0,0,0,0,0,0,0.047349,0,0,0,0,0,0,6.7187,9.43942,3,3,2,11,13,0.181002,1365,0,0,30,TASKBR_VACANCY_V1,1.27869,2,11,8,11,0,8,0.273972,0.009601,0,8,0,18,18,0,8,8,"1,2,2,1,1,1,1,2",5,0,8,31.0213,88,0,0.9826,0.252536,27,112000000,0,50,1,SOLVED,51,51.6704,b4d3c595b74a948ee92b7505e32d683c66e5bfafb0a982592c62835a50c8dd77,0.061,ok,
g3_dhigh_abaseline_pmixed_gsingleton_seed0,warehouse_random_factorial,carrier_brd,1,31,110.0,110000000,36,50,24,4,0.1935,59,31,110,110000000,31,110,110000000,0,0,0,0,0,0,0,0,NOT_ATTEMPTED,0,0,0,0,-1,-1,-1,-1,-1,0,0,0,0,0,0,0,0,0,0,0,0,0,,,,,,,,,,,,,0,0,0,0,0,0,0,0,0,0,0,0,0,0,0,0,0,0,0,BOTTLENECK_TARGET_FRONTIER_CONTINUITY_V2,0,0,0,0,0,0,0,0,0,0,0,0,0,0,0,0,0,0.055286,0,0,0,0,0,0,6.14913,9.37628,3,3,2,12,7,0.135474,735,0,0,14,TASKBR_VACANCY_V1,1.37845,2,12,8,12,0,10,0.318957,0.011895,0,8,0,23,23,0,10,10,"1,1,1,1,1,1,1,1,3,1",4,0,10,38.7397,106,0,1.19569,0.241394,31,110000000,0,58,1,SOLVED,59,59.7892,7f3aa992fb1c6f5ab1fff67cc13516b5aa127673619ef3658acb837079d90fc0,0.069,ok,
g3_dhigh_aequal_pcross_heavy_gshared_pool_seed0,warehouse_random_factorial,carrier_brd,1,23,131.0,131000000,33,78,20,2,0.1793,47,23,131,131000000,23,131,131000000,0,0,0,0,0,0,0,0,NOT_ATTEMPTED,1,0,0,0,-1,-1,-1,-1,-1,0,0,0,0,0,0,0,0,0,0,0,0,0,,,,,,,,,,,,,0,0,0,0,0,0,0,0,0,0,0,0,0,0,0,0,0,0,0,BOTTLENECK_TARGET_FRONTIER_CONTINUITY_V2,0,0,0,0,0,0,0,0,0,0,0,0,0,0,0,0,0,0.051431,0,0,0,0,0,0,7.2318,8.76311,3,3,2,10,11,0.170869,1155,0,0,0,TASKBR_VACANCY_V1,1.19941,2,10,8,10,0,7,0.443223,0.013948,0,8,0,27,27,0,7,7,"1,1,1,1,1,3,2",3,2,7,27.3192,77,0,0.856481,0.203394,23,131000000,0,47,1,SOLVED,47,47.8909,cf1a23060a609b814bc77eefecf0a3ab058be9be0d5c87cad8e00d05658c4d91,0.058,ok,
g3_dhigh_aequal_pcross_heavy_gsingleton_seed0,warehouse_random_factorial,carrier_brd,1,396,774.0,774000000,631,114,26,4,0.1992,262,396,774,774000000,396,774,774000000,0,0,0,0,0,0,0,0,NOT_ATTEMPTED,257,0,0,0,-1,-1,-1,-1,-1,0,0,0,0,0,0,0,0,0,0,0,0,0,,,,,,,,,,,,,0,0,0,0,0,0,0,0,0,0,0,0,0,0,0,0,0,0,0,BOTTLENECK_TARGET_FRONTIER_CONTINUITY_V2,0,0,0,0,0,0,0,0,0,0,0,0,0,0,0,0,0,1.13799,0,0,0,0,0,0,6.1553,9.03491,4,4,3,13,10,0.187517,1050,1,3,2,TASKBR_VACANCY_V1,1.51599,3,13,8,12,1,13,0.316073,0.010581,0,8,0,14,14,0,13,13,"1,1,1,1,1,1,1,1,1,1,1,1,1",6,0,13,209.932,3252,0,3.19461,2.6973,396,774000000,0,251,1,SOLVED,262,262.668,7dcaaf7b316c147a84022c0a356e178b9e05fd121563ea1e2675491fdf9a5e4d,0.275,ok,
g3_dhigh_aequal_plocal_gshared_pool_seed0,warehouse_random_factorial,carrier_brd,1,20,94.0,94000000,19,53,22,3,0.1187,51,20,94,94000000,20,94,94000000,0,0,0,0,0,0,0,0,NOT_ATTEMPTED,1,0,0,0,-1,-1,-1,-1,-1,0,0,0,0,0,0,0,0,0,0,0,0,0,,,,,,,,,,,,,0,0,0,0,0,0,0,0,0,0,0,0,0,0,0,0,0,0,0,BOTTLENECK_TARGET_FRONTIER_CONTINUITY_V2,0,0,0,0,0,0,0,0,0,0,0,0,0,0,0,0,0,0.044385,0,0,0,0,0,0,7.39305,8.9188,3,3,2,11,11,0.169612,1155,0,0,4,TASKBR_VACANCY_V1,1.25838,2,11,8,11,0,8,0.377784,0.012212,0,8,0,25,25,0,8,8,"1,1,2,2,2,1,1,1",4,0,8,31.1188,76,0,0.898764,0.164837,20,94000000,0,51,1,SOLVED,51,51.8155,baf260632fe3a562d4bafdc91df2c5b8c74ebdb816bf659b2e4b8cfa7cf6e818,0.062,ok,
g3_dhigh_aequal_plocal_gsingleton_seed0,warehouse_random_factorial,carrier_brd,1,34,125.0,125000000,50,45,28,4,0.1838,64,34,125,125000000,34,125,125000000,0,0,0,0,0,0,0,0,NOT_ATTEMPTED,2,0,0,0,-1,-1,-1,-1,-1,0,0,0,0,0,0,0,0,0,0,0,0,0,,,,,,,,,,,,,0,0,0,0,0,0,0,0,0,0,0,0,0,0,0,0,0,0,0,BOTTLENECK_TARGET_FRONTIER_CONTINUITY_V2,0,0,0,0,0,0,0,0,0,0,0,0,0,0,0,0,0,0.062139,0,0,0,0,0,0,6.19957,9.59882,5,5,4,14,11,0.239964,1155,2,2,15,TASKBR_VACANCY_V1,1.69394,4,14,8,12,2,11,0.284267,0.008645,0,8,0,17,17,0,11,11,"1,1,1,3,1,2,1,1,1,1,1",6,0,11,42.3144,104,0,1.28082,0.291467,34,125000000,0,63,1,SOLVED,64,64.3545,d88eaf5b2f47bf51810557396ea8dc4de6cfad9fe43f63a779b69066dd02e114,0.075,ok,
g3_dhigh_aequal_pmixed_gshared_pool_seed0,warehouse_random_factorial,carrier_brd,1,17,94.0,94000000,27,45,22,3,0.1985,50,17,94,94000000,17,94,94000000,0,0,0,0,0,0,0,0,NOT_ATTEMPTED,0,0,0,0,-1,-1,-1,-1,-1,0,0,0,0,0,0,0,0,0,0,0,0,0,,,,,,,,,,,,,0,0,0,0,0,0,0,0,0,0,0,0,0,0,0,0,0,0,0,BOTTLENECK_TARGET_FRONTIER_CONTINUITY_V2,0,0,0,0,0,0,0,0,0,0,0,0,0,0,0,0,0,0.036042,0,0,0,0,0,0,6.67251,9.74209,3,3,2,11,13,0.18722,1365,0,0,30,TASKBR_VACANCY_V1,1.25268,2,11,8,11,0,8,0.282422,0.009421,0,8,0,18,18,0,8,8,"1,1,1,1,1,4,1,1",5,0,8,29.9521,51,0,0.942705,0.143104,17,94000000,0,50,1,SOLVED,50,50.6707,7c78f7e06adca9969c876a56199ddcd7669ec71cd36255aef3f0f0b12cba9c7a,0.06,ok,
g3_dhigh_aequal_pmixed_gsingleton_seed0,warehouse_random_factorial,carrier_brd,1,16,96.0,96000000,36,36,24,4,0.2812,46,16,96,96000000,16,96,96000000,0,0,0,0,0,0,0,0,NOT_ATTEMPTED,0,0,0,0,-1,-1,-1,-1,-1,0,0,0,0,0,0,0,0,0,0,0,0,0,,,,,,,,,,,,,0,0,0,0,0,0,0,0,0,0,0,0,0,0,0,0,0,0,0,BOTTLENECK_TARGET_FRONTIER_CONTINUITY_V2,0,0,0,0,0,0,0,0,0,0,0,0,0,0,0,0,0,0.039078,0,0,0,0,0,0,6.15566,9.32844,3,3,2,12,7,0.134569,735,0,0,14,TASKBR_VACANCY_V1,1.40491,2,12,8,12,0,7,0.221332,0.008788,0,8,0,17,17,0,7,7,"1,3,1,1,1,4,1",6,0,7,27.2578,52,0,0.859094,0.14379,16,96000000,0,46,1,SOLVED,46,47.003,8f45be45a039a8ca79e6373ca07e703d80d497ea30110c6e2451b9b156ae0785,0.056,ok,
g3_dhigh_ascarce_pcross_heavy_gshared_pool_seed0,warehouse_random_factorial,carrier_brd,1,39,133.0,133000000,33,80,20,2,0.2115,62,39,133,133000000,39,133,133000000,0,0,0,0,0,0,0,0,NOT_ATTEMPTED,0,0,0,0,-1,-1,-1,-1,-1,0,0,0,0,0,0,0,0,0,0,0,0,0,,,,,,,,,,,,,0,0,0,0,0,0,0,0,0,0,0,0,0,0,0,0,0,0,0,BOTTLENECK_TARGET_FRONTIER_CONTINUITY_V2,0,0,0,0,0,0,0,0,0,0,0,0,0,0,0,0,0,0.056941,0,0,0,0,0,0,7.03607,8.49519,3,3,2,10,11,0.165033,1155,0,0,0,TASKBR_VACANCY_V1,1.18072,2,10,8,10,0,10,0.427892,0.013584,0,8,0,22,22,0,10,10,"1,1,1,1,1,1,1,1,1,1",2,1,10,40.9218,114,0,1.32884,0.460523,39,133000000,0,60,1,SOLVED,62,62.8103,935f4f61d03b54366359c4965ce5a816618ca2592bcbeb5986555eeb57c4dc6d,0.073,ok,
g3_dhigh_ascarce_pcross_heavy_gsingleton_seed0,warehouse_random_factorial,carrier_brd,1,249,498.0,498000000,337,132,26,4,0.3384,145,249,498,498000000,249,498,498000000,0,0,0,0,0,0,0,0,NOT_ATTEMPTED,149,0,0,0,-1,-1,-1,-1,-1,0,0,0,0,0,0,0,0,0,0,0,0,0,,,,,,,,,,,,,0,0,0,0,0,0,0,0,0,0,0,0,0,0,0,0,0,0,0,BOTTLENECK_TARGET_FRONTIER_CONTINUITY_V2,0,0,0,0,0,0,0,0,0,0,0,0,0,0,0,0,0,0.460643,0,0,0,0,0,0,6.17461,9.10372,4,4,3,13,10,0.20922,1050,1,3,2,TASKBR_VACANCY_V1,1.53287,3,13,8,12,1,13,0.428853,0.010829,0,8,0,17,17,0,13,13,"1,1,1,1,1,1,1,1,1,1,1,1,1",3,1,13,109.073,1481,0,2.01335,1.60693,249,498000000,0,138,1,SOLVED,145,145.097,3d78d24d83823759be91e31be4d501125ca6c72756bca373a18309277b629891,0.157,ok,
g3_dhigh_ascarce_plocal_gshared_pool_seed0,warehouse_random_factorial,carrier_brd,1,36,100.0,100000000,19,59,22,3,0.1319,54,36,100,100000000,36,100,100000000,0,0,0,0,0,0,0,0,NOT_ATTEMPTED,1,0,0,0,-1,-1,-1,-1,-1,0,0,0,0,0,0,0,0,0,0,0,0,0,,,,,,,,,,,,,0,0,0,0,0,0,0,0,0,0,0,0,0,0,0,0,0,0,0,BOTTLENECK_TARGET_FRONTIER_CONTINUITY_V2,0,0,0,0,0,0,0,0,0,0,0,0,0,0,0,0,0,0.044336,0,0,0,0,0,0,6.7071,8.9418,3,3,2,11,11,0.168941,1155,0,0,4,TASKBR_VACANCY_V1,1.31104,2,11,8,11,0,9,0.399136,0.014398,0,8,0,21,21,0,9,9,"1,1,1,1,2,1,1,2,1",3,4,9,33.8526,95,0,1.15404,0.302882,36,100000000,0,53,1,SOLVED,54,54.8907,2e4ebc41972bf7ae61868979da88ccc0f41a0bb006ed908f5451da7145dd5475,0.064,ok,
g3_dhigh_ascarce_plocal_gsingleton_seed0,warehouse_random_factorial,carrier_brd,1,39,130.0,130000000,44,56,28,4,0.2821,55,39,130,130000000,39,130,130000000,0,0,0,0,0,0,0,0,NOT_ATTEMPTED,1,0,0,0,-1,-1,-1,-1,-1,0,0,0,0,0,0,0,0,0,0,0,0,0,,,,,,,,,,,,,0,0,0,0,0,0,0,0,0,0,0,0,0,0,0,0,0,0,0,BOTTLENECK_TARGET_FRONTIER_CONTINUITY_V2,0,0,0,0,0,0,0,0,0,0,0,0,0,0,0,0,0,0.039368,0,0,0,0,0,0,6.04054,9.5247,5,5,4,14,11,0.235101,1155,2,2,15,TASKBR_VACANCY_V1,1.76154,4,14,8,12,2,9,0.320234,0.011364,0,8,0,20,20,0,9,9,"2,1,1,1,3,2,2,1,1",3,1,9,34.5254,79,0,1.05523,0.310518,39,130000000,0,54,1,SOLVED,55,55.9403,e0ae16a24cdfaf5c953f77ff965338e59482828e95bd0a3cfdba72ce6c296985,0.065,ok,
g3_dhigh_ascarce_pmixed_gshared_pool_seed0,warehouse_random_factorial,carrier_brd,1,37,133.0,133000000,27,84,22,3,0.1824,61,37,133,133000000,37,133,133000000,0,0,0,0,0,0,0,0,NOT_ATTEMPTED,2,0,0,0,-1,-1,-1,-1,-1,0,0,0,0,0,0,0,0,0,0,0,0,0,,,,,,,,,,,,,0,0,0,0,0,0,0,0,0,0,0,0,0,0,0,0,0,0,0,BOTTLENECK_TARGET_FRONTIER_CONTINUITY_V2,0,0,0,0,0,0,0,0,0,0,0,0,0,0,0,0,0,0.064413,0,0,0,0,0,0,6.78899,9.71143,3,3,2,11,13,0.187243,1365,0,0,30,TASKBR_VACANCY_V1,1.32582,2,11,8,11,0,10,0.395913,0.01169,0,8,0,21,21,0,10,10,"1,1,1,1,2,1,1,1,1,1",3,2,10,39.4269,131,0,1.21112,0.295307,37,133000000,0,60,1,SOLVED,61,61.9333,e1d90cf3846a4d6617f5098cec8b3e5a357a925732a61de8c4e91fb8a21c2713,0.071,ok,
g3_dhigh_ascarce_pmixed_gsingleton_seed0,warehouse_random_factorial,carrier_brd,1,37,122.0,122000000,36,62,24,4,0.2432,65,37,122,122000000,37,122,122000000,0,0,0,0,0,0,0,0,NOT_ATTEMPTED,2,0,0,0,-1,-1,-1,-1,-1,0,0,0,0,0,0,0,0,0,0,0,0,0,,,,,,,,,,,,,0,0,0,0,0,0,0,0,0,0,0,0,0,0,0,0,0,0,0,BOTTLENECK_TARGET_FRONTIER_CONTINUITY_V2,0,0,0,0,0,0,0,0,0,0,0,0,0,0,0,0,0,0.057715,0,0,0,0,0,0,6.08242,9.41657,3,3,2,12,7,0.127485,735,0,0,14,TASKBR_VACANCY_V1,1.41996,2,12,8,12,0,11,0.464616,0.015096,0,8,0,24,24,0,11,11,"1,1,1,1,1,1,1,1,2,1,1",3,4,11,43.8723,120,0,1.33645,0.301365,37,122000000,0,64,1,SOLVED,65,65.6013,9afd7308f887741e642c849d563a889d380ec5382bdf42f40cbf359e64465a7e,0.075,ok,
g3_dhigh_asurplus_pcross_heavy_gshared_pool_seed0,warehouse_random_factorial,carrier_brd,1,20,112.0,112000000,33,59,20,2,0.1375,51,20,112,112000000,20,112,112000000,0,0,0,0,0,0,0,0,NOT_ATTEMPTED,0,0,0,0,-1,-1,-1,-1,-1,0,0,0,0,0,0,0,0,0,0,0,0,0,,,,,,,,,,,,,0,0,0,0,0,0,0,0,0,0,0,0,0,0,0,0,0,0,0,BOTTLENECK_TARGET_FRONTIER_CONTINUITY_V2,0,0,0,0,0,0,0,0,0,0,0,0,0,0,0,0,0,0.05021,0,0,0,0,0,0,7.08331,8.55772,3,3,2,10,11,0.159246,1155,0,0,0,TASKBR_VACANCY_V1,1.22097,2,10,8,10,0,8,0.714911,0.013019,0,8,0,25,25,0,8,8,"1,1,1,1,2,1,1,2",4,0,8,31.0506,72,0,1.00472,0.180678,20,112000000,0,50,1,SOLVED,51,51.5995,52910a14cd6ff0bb533cb4b3f0299ec5a08793607a0fea79237ff55f869a1d6e,0.062,ok,
g3_dhigh_asurplus_pcross_heavy_gsingleton_seed0,warehouse_random_factorial,carrier_brd,1,233,512.0,512000000,385,98,26,4,0.1377,183,233,512,512000000,233,512,512000000,0,0,0,0,0,0,0,0,NOT_ATTEMPTED,156,0,0,0,-1,-1,-1,-1,-1,0,0,0,0,0,0,0,0,0,0,0,0,0,,,,,,,,,,,,,0,0,0,0,0,0,0,0,0,0,0,0,0,0,0,0,0,0,0,BOTTLENECK_TARGET_FRONTIER_CONTINUITY_V2,0,0,0,0,0,0,0,0,0,0,0,0,0,0,0,0,0,0.661844,0,0,0,0,0,0,6.21188,9.10733,4,4,3,13,10,0.221637,1050,1,3,2,TASKBR_VACANCY_V1,1.51414,3,13,8,12,1,11,0.534568,0.008429,0,8,0,16,16,0,11,11,"1,1,2,2,1,1,1,1,1,1,1",6,0,11,143.681,1646,0,2.66171,1.86362,233,512000000,0,177,1,SOLVED,183,183.874,5372a725ecc81d27dfade9b3e1e9abb7d851fec5de9a054f8e21971cc74e1c94,0.195,ok,
g3_dhigh_asurplus_plocal_gshared_pool_seed0,warehouse_random_factorial,carrier_brd,1,14,78.0,78000000,19,37,22,3,0.1131,43,14,78,78000000,14,78,78000000,0,0,0,0,0,0,0,0,NOT_ATTEMPTED,0,0,0,0,-1,-1,-1,-1,-1,0,0,0,0,0,0,0,0,0,0,0,0,0,,,,,,,,,,,,,0,0,0,0,0,0,0,0,0,0,0,0,0,0,0,0,0,0,0,BOTTLENECK_TARGET_FRONTIER_CONTINUITY_V2,0,0,0,0,0,0,0,0,0,0,0,0,0,0,0,0,0,0.032274,0,0,0,0,0,0,6.88734,9.22237,3,3,2,11,11,0.183681,1155,0,0,4,TASKBR_VACANCY_V1,1.34526,2,11,8,11,0,6,0.483594,0.012224,0,8,0,23,23,0,6,6,"1,1,1,1,4,3",3,0,6,23.3758,39,0,0.843271,0.209811,14,78000000,0,43,1,SOLVED,43,43.9958,828348085c98c749b4d07c3b8818d3eca81a6b51fee772e16a466f452843b111,0.054,ok,
g3_dhigh_asurplus_plocal_gsingleton_seed0,warehouse_random_factorial,carrier_brd,1,34,117.0,117000000,50,37,28,4,0.1225,76,34,117,117000000,34,117,117000000,0,0,0,0,0,0,0,0,NOT_ATTEMPTED,2,0,0,0,-1,-1,-1,-1,-1,0,0,0,0,0,0,0,0,0,0,0,0,0,,,,,,,,,,,,,0,0,0,0,0,0,0,0,0,0,0,0,0,0,0,0,0,0,0,BOTTLENECK_TARGET_FRONTIER_CONTINUITY_V2,0,0,0,0,0,0,0,0,0,0,0,0,0,0,0,0,0,0.082923,0,0,0,0,0,0,6.35527,9.87525,5,5,4,14,11,0.245429,1155,2,2,15,TASKBR_VACANCY_V1,1.64557,4,14,8,12,2,13,0.363772,0.007508,0,8,0,14,14,0,13,13,"2,1,1,1,1,1,1,1,1,1,1,1,1",6,0,13,53.2186,131,0,1.79518,0.292848,34,117000000,0,75,1,SOLVED,76,76.3869,c6ed64418a0ba7777a795adf5640d6b83857742f403a982dc79f0600a33a94ec,0.085,ok,
g3_dhigh_asurplus_pmixed_gshared_pool_seed0,warehouse_random_factorial,carrier_brd,1,14,88.0,88000000,27,39,22,3,0.1607,47,14,88,88000000,14,88,88000000,0,0,0,0,0,0,0,0,NOT_ATTEMPTED,0,0,0,0,-1,-1,-1,-1,-1,0,0,0,0,0,0,0,0,0,0,0,0,0,,,,,,,,,,,,,0,0,0,0,0,0,0,0,0,0,0,0,0,0,0,0,0,0,0,BOTTLENECK_TARGET_FRONTIER_CONTINUITY_V2,0,0,0,0,0,0,0,0,0,0,0,0,0,0,0,0,0,0.033846,0,0,0,0,0,0,6.73498,9.66823,3,3,2,11,13,0.182149,1365,0,0,30,TASKBR_VACANCY_V1,1.29964,2,11,8,11,0,7,0.358232,0.008378,0,8,0,16,16,0,7,7,"1,1,2,2,3,1,1",5,0,7,26.3997,42,0,0.881103,0.140135,14,88000000,0,46,1,SOLVED,47,47.0503,24ebc22654bfc1f321b6249215ee0ff242363d5cd4b13e194ed0cba2e3659e18,0.056,ok,
g3_dhigh_asurplus_pmixed_gsingleton_seed0,warehouse_random_factorial,carrier_brd,1,14,83.0,83000000,36,23,24,4,0.2143,51,14,83,83000000,14,83,83000000,0,0,0,0,0,0,0,0,NOT_ATTEMPTED,0,0,0,0,-1,-1,-1,-1,-1,0,0,0,0,0,0,0,0,0,0,0,0,0,,,,,,,,,,,,,0,0,0,0,0,0,0,0,0,0,0,0,0,0,0,0,0,0,0,BOTTLENECK_TARGET_FRONTIER_CONTINUITY_V2,0,0,0,0,0,0,0,0,0,0,0,0,0,0,0,0,0,0.043722,0,0,0,0,0,0,6.27342,9.79049,3,3,2,12,7,0.136037,735,0,0,14,TASKBR_VACANCY_V1,1.4025,2,12,8,12,0,8,0.325536,0.00687,0,8,0,12,12,0,8,8,"1,3,2,2,1,1,1,1",7,0,8,30.6959,56,0,0.971135,0.133581,14,83000000,0,50,1,SOLVED,51,51.212,7ef47bfe0793e68b940467fe06d48a9a495ac1ef13f3f83b0ab4dafa2cc7c81e,0.06,ok,
g3_dlow_abaseline_pcross_heavy_gshared_pool_seed0,warehouse_random_factorial,carrier_brd,1,33,140.0,140000000,33,87,20,2,0.1667,56,33,140,140000000,33,140,140000000,0,0,0,0,0,0,0,0,NOT_ATTEMPTED,0,0,0,0,-1,-1,-1,-1,-1,0,0,0,0,0,0,0,0,0,0,0,0,0,,,,,,,,,,,,,0,0,0,0,0,0,0,0,0,0,0,0,0,0,0,0,0,0,0,BOTTLENECK_TARGET_FRONTIER_CONTINUITY_V2,0,0,0,0,0,0,0,0,0,0,0,0,0,0,0,0,0,0.066323,0,0,0,0,0,0,6.89292,6.84097,3,3,2,10,11,0.156761,1155,0,0,0,TASKBR_VACANCY_V1,1.12901,2,10,8,10,0,10,0.479855,0.014943,0,8,0,27,27,0,10,10,"1,1,1,1,1,1,1,1,1,1",4,2,10,39.4052,118,0,1.12583,0.105748,33,140000000,0,55,1,SOLVED,56,56.2484,894b5dc4d6f20af3e81a3b61627b09d6b1c4020b399149a180d4211569a014da,0.066,ok,
g3_dlow_abaseline_pcross_heavy_gsingleton_seed0,warehouse_random_factorial,carrier_brd,1,68,229.0,229000000,108,97,24,4,0.2647,58,68,229,229000000,68,229,229000000,0,0,0,0,0,0,0,0,NOT_ATTEMPTED,22,0,0,0,-1,-1,-1,-1,-1,0,0,0,0,0,0,0,0,0,0,0,0,0,,,,,,,,,,,,,0,0,0,0,0,0,0,0,0,0,0,0,0,0,0,0,0,0,0,BOTTLENECK_TARGET_FRONTIER_CONTINUITY_V2,0,0,0,0,0,0,0,0,0,0,0,0,0,0,0,0,0,0.117926,0,0,0,0,0,0,6.10974,7.29276,3,3,2,12,7,0.119437,735,0,0,0,TASKBR_VACANCY_V1,1.33964,2,12,8,12,0,10,0.330358,0.010145,0,8,0,18,18,0,10,10,"1,1,1,1,2,2,1,1,1,1",4,0,10,40.4418,247,0,1.27925,0.23768,68,229000000,0,57,1,SOLVED,58,58.3272,04678204af81a041e6b954db5e16b922ff934d9500b33465a90fab04d260c872,0.067,ok,
g3_dlow_abaseline_plocal_gshared_pool_seed0,warehouse_random_factorial,carrier_brd,1,23,106.0,106000000,19,63,24,4,0.1377,60,23,106,106000000,23,106,106000000,0,0,0,0,0,0,0,0,NOT_ATTEMPTED,1,0,0,0,-1,-1,-1,-1,-1,0,0,0,0,0,0,0,0,0,0,0,0,0,,,,,,,,,,,,,0,0,0,0,0,0,0,0,0,0,0,0,0,0,0,0,0,0,0,BOTTLENECK_TARGET_FRONTIER_CONTINUITY_V2,0,0,0,0,0,0,0,0,0,0,0,0,0,0,0,0,0,0.051341,0,0,0,0,0,0,8.18955,7.6278,3,3,2,12,8,0.154194,840,0,0,0,TASKBR_VACANCY_V1,1.30073,2,12,8,12,0,11,0.471042,0.016403,0,8,0,32,32,0,11,11,"1,1,1,1,1,1,1,1,2,1,1",3,2,11,41.395,84,0,1.27113,0.075997,23,106000000,0,60,1,SOLVED,60,60.3471,da8048246dfd9b96adb4a3e02629c281f8bd2cf029b67732df0448de4dcaaf53,0.07,ok,
g3_dlow_abaseline_plocal_gsingleton_seed0,warehouse_random_factorial,carrier_brd,1,29,121.0,121000000,42,55,24,4,0.2414,64,29,121,121000000,29,121,121000000,0,0,0,0,0,0,0,0,NOT_ATTEMPTED,1,0,0,0,-1,-1,-1,-1,-1,0,0,0,0,0,0,0,0,0,0,0,0,0,,,,,,,,,,,,,0,0,0,0,0,0,0,0,0,0,0,0,0,0,0,0,0,0,0,BOTTLENECK_TARGET_FRONTIER_CONTINUITY_V2,0,0,0,0,0,0,0,0,0,0,0,0,0,0,0,0,0,0.06963,0,0,0,0,0,0,5.97696,7.81107,3,3,2,12,7,0.115377,735,0,0,0,TASKBR_VACANCY_V1,1.32551,2,12,8,12,0,10,0.350905,0.012344,0,8,0,23,23,0,10,10,"1,1,2,1,1,1,1,1,2,1",5,0,10,47.3158,102,0,1.58454,0.144638,29,121000000,0,63,1,SOLVED,64,64.5854,b367ddfdf760abfc5d13bfb4c7c5b8250c77d554e9f54a84d30a2455e965c1e5,0.074,ok,
g3_dlow_abaseline_pmixed_gshared_pool_seed0,warehouse_random_factorial,carrier_brd,1,27,110.0,110000000,27,61,22,3,0.1667,48,27,110,110000000,27,110,110000000,0,0,0,0,0,0,0,0,NOT_ATTEMPTED,0,0,0,0,-1,-1,-1,-1,-1,0,0,0,0,0,0,0,0,0,0,0,0,0,,,,,,,,,,,,,0,0,0,0,0,0,0,0,0,0,0,0,0,0,0,0,0,0,0,BOTTLENECK_TARGET_FRONTIER_CONTINUITY_V2,0,0,0,0,0,0,0,0,0,0,0,0,0,0,0,0,0,0.045746,0,0,0,0,0,0,6.87937,7.66538,3,3,2,11,12,0.15212,1260,0,0,0,TASKBR_VACANCY_V1,1.26802,2,11,8,11,0,8,0.287216,0.010097,0,8,0,18,18,0,8,8,"1,2,2,1,1,1,2,1",5,0,8,30.8097,88,0,0.937918,0.086169,27,110000000,0,47,1,SOLVED,48,48.2181,9e2d9f0d646b7def53b7324651775d0a481c423b7c201bd414730b116af29e74,0.056,ok,
g3_dlow_abaseline_pmixed_gsingleton_seed0,warehouse_random_factorial,carrier_brd,1,31,110.0,110000000,36,50,24,4,0.1935,55,31,110,110000000,31,110,110000000,0,0,0,0,0,0,0,0,NOT_ATTEMPTED,0,0,0,0,-1,-1,-1,-1,-1,0,0,0,0,0,0,0,0,0,0,0,0,0,,,,,,,,,,,,,0,0,0,0,0,0,0,0,0,0,0,0,0,0,0,0,0,0,0,BOTTLENECK_TARGET_FRONTIER_CONTINUITY_V2,0,0,0,0,0,0,0,0,0,0,0,0,0,0,0,0,0,0.055667,0,0,0,0,0,0,6.39273,7.20824,3,3,2,12,7,0.127972,735,0,0,0,TASKBR_VACANCY_V1,1.32237,2,12,8,12,0,10,0.334406,0.012154,0,8,0,23,23,0,10,10,"1,1,1,1,1,1,1,1,3,1",4,0,10,38.318,106,0,1.14193,0.102252,31,110000000,0,54,1,SOLVED,55,55.1993,bb1e7e347c3a1e995776e3a0b699657eaffea315f450d747d913db3456649ab6,0.065,ok,
g3_dlow_aequal_pcross_heavy_gshared_pool_seed0,warehouse_random_factorial,carrier_brd,1,23,131.0,131000000,33,78,20,2,0.1793,43,23,131,131000000,23,131,131000000,0,0,0,0,0,0,0,0,NOT_ATTEMPTED,1,0,0,0,-1,-1,-1,-1,-1,0,0,0,0,0,0,0,0,0,0,0,0,0,,,,,,,,,,,,,0,0,0,0,0,0,0,0,0,0,0,0,0,0,0,0,0,0,0,BOTTLENECK_TARGET_FRONTIER_CONTINUITY_V2,0,0,0,0,0,0,0,0,0,0,0,0,0,0,0,0,0,0.067605,0,0,0,0,0,0,6.97758,6.85666,3,3,2,10,11,0.155213,1155,0,0,0,TASKBR_VACANCY_V1,1.13179,2,10,8,10,0,7,0.478162,0.014225,0,8,0,27,27,0,7,7,"1,1,1,1,1,3,2",3,2,7,27.1248,77,0,0.901702,0.08878,23,131000000,0,43,1,SOLVED,43,43.8806,cf1a23060a609b814bc77eefecf0a3ab058be9be0d5c87cad8e00d05658c4d91,0.052,ok,
g3_dlow_aequal_pcross_heavy_gsingleton_seed0,warehouse_random_factorial,carrier_brd,1,48,211.0,211000000,88,99,24,4,0.2292,66,48,211,211000000,48,211,211000000,0,0,0,0,0,0,0,0,NOT_ATTEMPTED,14,0,0,0,-1,-1,-1,-1,-1,0,0,0,0,0,0,0,0,0,0,0,0,0,,,,,,,,,,,,,0,0,0,0,0,0,0,0,0,0,0,0,0,0,0,0,0,0,0,BOTTLENECK_TARGET_FRONTIER_CONTINUITY_V2,0,0,0,0,0,0,0,0,0,0,0,0,0,0,0,0,0,0.13076,0,0,0,0,0,0,6.27029,7.20654,3,3,2,12,7,0.131724,735,0,0,0,TASKBR_VACANCY_V1,1.40857,2,12,8,12,0,12,0.278026,0.007122,0,8,0,13,13,0,12,12,"1,1,1,1,1,1,1,1,1,1,1,1",6,0,12,48.7869,254,0,1.53532,0.186534,48,211000000,0,65,1,SOLVED,66,66.5419,c88f139b2fbac81d8413df572d0537eee54992ae6df295d70d035221a19e4533,0.075,ok,
g3_dlow_aequal_plocal_gshared_pool_seed0,warehouse_random_factorial,carrier_brd,1,20,96.0,96000000,19,53,24,4,0.1187,47,20,96,96000000,20,96,96000000,0,0,0,0,0,0,0,0,NOT_ATTEMPTED,1,0,0,0,-1,-1,-1,-1,-1,0,0,0,0,0,0,0,0,0,0,0,0,0,,,,,,,,,,,,,0,0,0,0,0,0,0,0,0,0,0,0,0,0,0,0,0,0,0,BOTTLENECK_TARGET_FRONTIER_CONTINUITY_V2,0,0,0,0,0,0,0,0,0,0,0,0,0,0,0,0,0,0.049925,0,0,0,0,0,0,6.64335,7.26462,3,3,2,12,8,0.122169,840,0,0,0,TASKBR_VACANCY_V1,1.41245,2,12,8,12,0,8,0.395519,0.012343,0,8,0,26,26,0,8,8,"1,1,3,1,2,2,1,1",4,0,8,30.6242,76,0,0.916872,0.076796,20,96000000,0,47,1,SOLVED,47,47.6515,0a1ac07eca637d975e207525f699e8bb6ee913a68eec2efcaa1ab4ad50898646,0.056,ok,
g3_dlow_aequal_plocal_gsingleton_seed0,warehouse_random_factorial,carrier_brd,1,19,105.0,105000000,40,41,24,4,0.2632,46,19,105,105000000,19,105,105000000,0,0,0,0,0,0,0,0,NOT_ATTEMPTED,0,0,0,0,-1,-1,-1,-1,-1,0,0,0,0,0,0,0,0,0,0,0,0,0,,,,,,,,,,,,,0,0,0,0,0,0,0,0,0,0,0,0,0,0,0,0,0,0,0,BOTTLENECK_TARGET_FRONTIER_CONTINUITY_V2,0,0,0,0,0,0,0,0,0,0,0,0,0,0,0,0,0,0.03679,0,0,0,0,0,0,6.05937,7.72659,3,3,2,12,7,0.115387,735,0,0,0,TASKBR_VACANCY_V1,1.34671,2,12,8,12,0,8,0.269363,0.007737,0,8,0,15,15,0,8,8,"2,1,1,2,1,1,3,1",5,0,8,29.9925,54,0,0.886861,0.07258,19,105000000,0,46,1,SOLVED,46,46.6401,d11ff1f2e5978e1c9657cacdca943cd97bea817597f876d63ca13d10fa50bfca,0.057,ok,
g3_dlow_aequal_pmixed_gshared_pool_seed0,warehouse_random_factorial,carrier_brd,1,17,94.0,94000000,27,45,22,3,0.1985,47,17,94,94000000,17,94,94000000,0,0,0,0,0,0,0,0,NOT_ATTEMPTED,0,0,0,0,-1,-1,-1,-1,-1,0,0,0,0,0,0,0,0,0,0,0,0,0,,,,,,,,,,,,,0,0,0,0,0,0,0,0,0,0,0,0,0,0,0,0,0,0,0,BOTTLENECK_TARGET_FRONTIER_CONTINUITY_V2,0,0,0,0,0,0,0,0,0,0,0,0,0,0,0,0,0,0.037091,0,0,0,0,0,0,6.71455,7.71432,3,3,2,11,12,0.148079,1260,0,0,0,TASKBR_VACANCY_V1,1.25237,2,11,8,11,0,8,0.301111,0.00911,0,8,0,18,18,0,8,8,"1,1,1,1,1,4,1,1",5,0,8,30.316,51,0,0.993359,0.080982,17,94000000,0,47,1,SOLVED,47,47.4798,5c3ab7352b1524b6f52d73f48bf007fba8c02ae7b8be3cc8887de216ea6f4793,0.056,ok,
g3_dlow_aequal_pmixed_gsingleton_seed0,warehouse_random_factorial,carrier_brd,1,16,96.0,96000000,36,36,24,4,0.2812,42,16,96,96000000,16,96,96000000,0,0,0,0,0,0,0,0,NOT_ATTEMPTED,0,0,0,0,-1,-1,-1,-1,-1,0,0,0,0,0,0,0,0,0,0,0,0,0,,,,,,,,,,,,,0,0,0,0,0,0,0,0,0,0,0,0,0,0,0,0,0,0,0,BOTTLENECK_TARGET_FRONTIER_CONTINUITY_V2,0,0,0,0,0,0,0,0,0,0,0,0,0,0,0,0,0,0.040944,0,0,0,0,0,0,6.07614,7.26398,3,3,2,12,7,0.128686,735,0,0,0,TASKBR_VACANCY_V1,1.36473,2,12,8,12,0,7,0.218343,0.008983,0,8,0,17,17,0,7,7,"1,3,1,1,1,4,1",6,0,7,26.4471,52,0,0.837983,0.063342,16,96000000,0,42,1,SOLVED,42,42.6674,544f808bb716de68491752136fb3dfad77d1ccb2b7b97b436afdc0193f318120,0.053,ok,
g3_dlow_ascarce_pcross_heavy_gshared_pool_seed0,warehouse_random_factorial,carrier_brd,1,39,133.0,133000000,33,80,20,2,0.2115,55,39,133,133000000,39,133,133000000,0,0,0,0,0,0,0,0,NOT_ATTEMPTED,0,0,0,0,-1,-1,-1,-1,-1,0,0,0,0,0,0,0,0,0,0,0,0,0,,,,,,,,,,,,,0,0,0,0,0,0,0,0,0,0,0,0,0,0,0,0,0,0,0,BOTTLENECK_TARGET_FRONTIER_CONTINUITY_V2,0,0,0,0,0,0,0,0,0,0,0,0,0,0,0,0,0,0.060478,0,0,0,0,0,0,6.78239,6.91746,3,3,2,10,11,0.146732,1155,0,0,0,TASKBR_VACANCY_V1,1.13211,2,10,8,10,0,10,0.4539,0.014355,0,8,0,22,22,0,10,10,"1,1,1,1,1,1,1,1,1,1",2,1,10,38.1582,114,0,1.23554,0.118705,39,133000000,0,54,1,SOLVED,55,55.2007,935f4f61d03b54366359c4965ce5a816618ca2592bcbeb5986555eeb57c4dc6d,0.064,ok,
g3_dlow_ascarce_pcross_heavy_gsingleton_seed0,warehouse_random_factorial,carrier_brd,1,58,183.0,183000000,64,95,24,4,0.2759,68,58,183,183000000,58,183,183000000,0,0,0,0,0,0,0,0,NOT_ATTEMPTED,2,0,0,0,-1,-1,-1,-1,-1,0,0,0,0,0,0,0,0,0,0,0,0,0,,,,,,,,,,,,,0,0,0,0,0,0,0,0,0,0,0,0,0,0,0,0,0,0,0,BOTTLENECK_TARGET_FRONTIER_CONTINUITY_V2,0,0,0,0,0,0,0,0,0,0,0,0,0,0,0,0,0,0.097037,0,0,0,0,0,0,6.20479,7.24309,3,3,2,12,7,0.126669,735,0,0,0,TASKBR_VACANCY_V1,1.31692,2,12,8,12,0,11,0.484699,0.012616,0,8,0,21,21,0,11,11,"1,1,1,1,1,1,1,1,2,1,1",3,1,11,50.6895,159,0,1.77419,0.244243,58,183000000,0,67,1,SOLVED,68,68.5839,bbb19167439181185f1a16248a03e0b579f64906f972cd3ad50060791ece4b99,0.078,ok,
g3_dlow_ascarce_plocal_gshared_pool_seed0,warehouse_random_factorial,carrier_brd,1,31,100.0,100000000,19,57,24,4,0.1532,55,31,100,100000000,31,100,100000000,0,0,0,0,0,0,0,0,NOT_ATTEMPTED,1,0,0,0,-1,-1,-1,-1,-1,0,0,0,0,0,0,0,0,0,0,0,0,0,,,,,,,,,,,,,0,0,0,0,0,0,0,0,0,0,0,0,0,0,0,0,0,0,0,BOTTLENECK_TARGET_FRONTIER_CONTINUITY_V2,0,0,0,0,0,0,0,0,0,0,0,0,0,0,0,0,0,0.049034,0,0,0,0,0,0,6.7656,7.36081,3,3,2,12,8,0.12594,840,0,0,0,TASKBR_VACANCY_V1,1.31592,2,12,8,12,0,10,0.434453,0.014587,0,8,0,24,24,0,10,10,"1,1,1,1,1,2,1,2,1,1",2,3,10,38.1566,103,0,1.18503,0.093102,31,100000000,0,55,1,SOLVED,55,55.6199,5afd4697bb3b06309784bfaae04882fa7d02eceddb5ba7d9163766b663dc1be3,0.065,ok,
g3_dlow_ascarce_plocal_gsingleton_seed0,warehouse_random_factorial,carrier_brd,1,35,126.0,126000000,42,60,24,4,0.3,51,35,126,126000000,35,126,126000000,0,0,0,0,0,0,0,0,NOT_ATTEMPTED,2,0,0,0,-1,-1,-1,-1,-1,0,0,0,0,0,0,0,0,0,0,0,0,0,,,,,,,,,,,,,0,0,0,0,0,0,0,0,0,0,0,0,0,0,0,0,0,0,0,BOTTLENECK_TARGET_FRONTIER_CONTINUITY_V2,0,0,0,0,0,0,0,0,0,0,0,0,0,0,0,0,0,0.047747,0,0,0,0,0,0,6.13425,7.73608,3,3,2,12,7,0.11584,735,0,0,0,TASKBR_VACANCY_V1,1.39257,2,12,8,12,0,9,0.317341,0.011963,0,8,0,22,22,0,9,9,"2,1,1,2,1,1,1,2,1",2,2,9,34.3454,95,0,1.04021,0.102328,35,126000000,0,51,1,SOLVED,51,51.5376,9c8ea98c043b516f9df144faf07ca6bbcde89cc46b02a7480a554f668c94ad59,0.06,ok,
g3_dlow_ascarce_pmixed_gshared_pool_seed0,warehouse_random_factorial,carrier_brd,1,35,129.0,129000000,27,80,22,3,0.1929,60,35,129,129000000,35,129,129000000,0,0,0,0,0,0,0,0,NOT_ATTEMPTED,2,0,0,0,-1,-1,-1,-1,-1,0,0,0,0,0,0,0,0,0,0,0,0,0,,,,,,,,,,,,,0,0,0,0,0,0,0,0,0,0,0,0,0,0,0,0,0,0,0,BOTTLENECK_TARGET_FRONTIER_CONTINUITY_V2,0,0,0,0,0,0,0,0,0,0,0,0,0,0,0,0,0,0.055902,0,0,0,0,0,0,6.90784,7.85428,3,3,2,11,12,0.159491,1260,0,0,0,TASKBR_VACANCY_V1,1.23516,2,11,8,11,0,11,0.406533,0.011865,0,8,0,20,20,0,11,11,"1,1,1,1,1,1,1,1,1,1,1",3,2,11,42.3397,126,0,1.30299,0.100755,35,129000000,0,59,1,SOLVED,60,60.3335,f5b0a999850c0befdd7e1fdb4e63bf43e90439f68b230ace04a5110eef3260c0,0.068,ok,
g3_dlow_ascarce_pmixed_gsingleton_seed0,warehouse_random_factorial,carrier_brd,1,37,122.0,122000000,36,62,24,4,0.2432,70,37,122,122000000,37,122,122000000,0,0,0,0,0,0,0,0,NOT_ATTEMPTED,2,0,0,0,-1,-1,-1,-1,-1,0,0,0,0,0,0,0,0,0,0,0,0,0,,,,,,,,,,,,,0,0,0,0,0,0,0,0,0,0,0,0,0,0,0,0,0,0,0,BOTTLENECK_TARGET_FRONTIER_CONTINUITY_V2,0,0,0,0,0,0,0,0,0,0,0,0,0,0,0,0,0,0.084418,0,0,0,0,0,0,6.01673,7.16964,3,3,2,12,7,0.116486,735,0,0,0,TASKBR_VACANCY_V1,1.31478,2,12,8,12,0,11,0.474673,0.015236,0,8,0,24,24,0,11,11,"1,1,1,1,1,1,1,1,2,1,1",3,4,11,53.3692,120,0,1.80882,0.121852,37,122000000,0,69,1,SOLVED,70,70.2881,99bf11afe42ea5bfdd291bb6f750adc53aefbe3e0ba2d9cf607b5449581bac15,0.079,ok,
g3_dlow_asurplus_pcross_heavy_gshared_pool_seed0,warehouse_random_factorial,carrier_brd,1,20,112.0,112000000,33,59,20,2,0.1375,48,20,112,112000000,20,112,112000000,0,0,0,0,0,0,0,0,NOT_ATTEMPTED,0,0,0,0,-1,-1,-1,-1,-1,0,0,0,0,0,0,0,0,0,0,0,0,0,,,,,,,,,,,,,0,0,0,0,0,0,0,0,0,0,0,0,0,0,0,0,0,0,0,BOTTLENECK_TARGET_FRONTIER_CONTINUITY_V2,0,0,0,0,0,0,0,0,0,0,0,0,0,0,0,0,0,0.054184,0,0,0,0,0,0,6.9579,6.79297,3,3,2,10,11,0.148914,1155,0,0,0,TASKBR_VACANCY_V1,1.18097,2,10,8,10,0,8,0.724074,0.01275,0,8,0,25,25,0,8,8,"1,1,1,1,2,1,1,2",4,0,8,31.3249,72,0,0.919736,0.083925,20,112000000,0,47,1,SOLVED,48,48.2491,52910a14cd6ff0bb533cb4b3f0299ec5a08793607a0fea79237ff55f869a1d6e,0.057,ok,
g3_dlow_asurplus_pcross_heavy_gsingleton_seed0,warehouse_random_factorial,carrier_brd,1,33,181.0,181000000,68,89,24,4,0.1717,52,33,181,181000000,33,181,181000000,0,0,0,0,0,0,0,0,NOT_ATTEMPTED,0,0,0,0,-1,-1,-1,-1,-1,0,0,0,0,0,0,0,0,0,0,0,0,0,,,,,,,,,,,,,0,0,0,0,0,0,0,0,0,0,0,0,0,0,0,0,0,0,0,BOTTLENECK_TARGET_FRONTIER_CONTINUITY_V2,0,0,0,0,0,0,0,0,0,0,0,0,0,0,0,0,0,0.070885,0,0,0,0,0,0,6.4346,7.3107,3,3,2,12,7,0.118924,735,0,0,0,TASKBR_VACANCY_V1,1.33062,2,12,8,12,0,9,0.477589,0.007097,0,8,0,14,14,0,9,9,"1,1,1,1,1,3,2,1,1",6,0,9,35.1709,114,0,1.08616,0.128049,33,181000000,0,52,1,SOLVED,52,52.5689,6a7632f56c9dec6ec6501dc37f5fb570da574206d7c3fb20cf3f2b1901a568ec,0.062,ok,
g3_dlow_asurplus_plocal_gshared_pool_seed0,warehouse_random_factorial,carrier_brd,1,14,80.0,80000000,19,37,24,4,0.1131,36,14,80,80000000,14,80,80000000,0,0,0,0,0,0,0,0,NOT_ATTEMPTED,0,0,0,0,-1,-1,-1,-1,-1,0,0,0,0,0,0,0,0,0,0,0,0,0,,,,,,,,,,,,,0,0,0,0,0,0,0,0,0,0,0,0,0,0,0,0,0,0,0,BOTTLENECK_TARGET_FRONTIER_CONTINUITY_V2,0,0,0,0,0,0,0,0,0,0,0,0,0,0,0,0,0,0.026607,0,0,0,0,0,0,6.78729,7.90808,3,3,2,12,8,0.129054,840,0,0,0,TASKBR_VACANCY_V1,1.31864,2,12,8,12,0,5,0.509902,0.011124,0,8,0,23,23,0,5,5,"1,1,2,4,4",3,0,5,19.2977,35,0,0.585765,0.058502,14,80000000,0,36,1,SOLVED,36,36.9227,c12565da2eec23aa84dcfd8aca3fb2d08347208c50bd3cfcb83f746512338f07,0.046,ok,
g3_dlow_asurplus_plocal_gsingleton_seed0,warehouse_random_factorial,carrier_brd,1,16,97.0,97000000,40,33,24,4,0.2083,50,16,97,97000000,16,97,97000000,0,0,0,0,0,0,0,0,NOT_ATTEMPTED,0,0,0,0,-1,-1,-1,-1,-1,0,0,0,0,0,0,0,0,0,0,0,0,0,,,,,,,,,,,,,0,0,0,0,0,0,0,0,0,0,0,0,0,0,0,0,0,0,0,BOTTLENECK_TARGET_FRONTIER_CONTINUITY_V2,0,0,0,0,0,0,0,0,0,0,0,0,0,0,0,0,0,0.047894,0,0,0,0,0,0,5.9665,7.70585,3,3,2,12,7,0.118685,735,0,0,0,TASKBR_VACANCY_V1,1.32807,2,12,8,12,0,9,0.284812,0.007258,0,8,0,13,13,0,9,9,"1,1,2,2,2,1,1,1,1",6,0,9,34.1801,61,0,1.09126,0.070586,16,97000000,0,50,1,SOLVED,50,50.7935,e4bd14245a42a987f27cace83397478d52d3d40cc516390e8a1a0d4f7d9c46d7,0.06,ok,
g3_dlow_asurplus_pmixed_gshared_pool_seed0,warehouse_random_factorial,carrier_brd,1,14,88.0,88000000,27,39,22,3,0.1607,43,14,88,88000000,14,88,88000000,0,0,0,0,0,0,0,0,NOT_ATTEMPTED,0,0,0,0,-1,-1,-1,-1,-1,0,0,0,0,0,0,0,0,0,0,0,0,0,,,,,,,,,,,,,0,0,0,0,0,0,0,0,0,0,0,0,0,0,0,0,0,0,0,BOTTLENECK_TARGET_FRONTIER_CONTINUITY_V2,0,0,0,0,0,0,0,0,0,0,0,0,0,0,0,0,0,0.036775,0,0,0,0,0,0,6.93551,7.82601,3,3,2,11,12,0.14805,1260,0,0,0,TASKBR_VACANCY_V1,1.27884,2,11,8,11,0,7,0.354287,0.008204,0,8,0,16,16,0,7,7,"1,1,2,2,3,1,1",5,0,7,26.3883,42,0,0.834884,0.060387,14,88000000,0,43,1,SOLVED,43,43.9484,b335244b95a4f500376e98e6320477ae11b82105caf8b8cd1645fef0c71a9a23,0.054,ok,
g3_dlow_asurplus_pmixed_gsingleton_seed0,warehouse_random_factorial,carrier_brd,1,14,83.0,83000000,36,23,24,4,0.2143,46,14,83,83000000,14,83,83000000,0,0,0,0,0,0,0,0,NOT_ATTEMPTED,0,0,0,0,-1,-1,-1,-1,-1,0,0,0,0,0,0,0,0,0,0,0,0,0,,,,,,,,,,,,,0,0,0,0,0,0,0,0,0,0,0,0,0,0,0,0,0,0,0,BOTTLENECK_TARGET_FRONTIER_CONTINUITY_V2,0,0,0,0,0,0,0,0,0,0,0,0,0,0,0,0,0,0.045633,0,0,0,0,0,0,6.07768,7.48722,3,3,2,12,7,0.121424,735,0,0,0,TASKBR_VACANCY_V1,1.32031,2,12,8,12,0,8,0.327409,0.007904,0,8,0,12,12,0,8,8,"1,3,2,2,1,1,1,1",7,0,8,30.1137,56,0,0.895799,0.062328,14,83000000,0,46,1,SOLVED,46,46.6823,18b71c07ae77ef1fe8629bbb3de1486b8198a802192b1d5aa3f6d69f962444d6,0.055,ok,
g3_dmedium_abaseline_pcross_heavy_gshared_pool_seed0,warehouse_random_factorial,carrier_brd,1,33,140.0,140000000,33,87,20,2,0.1667,57,33,140,140000000,33,140,140000000,0,0,0,0,0,0,0,0,NOT_ATTEMPTED,0,0,0,0,-1,-1,-1,-1,-1,0,0,0,0,0,0,0,0,0,0,0,0,0,,,,,,,,,,,,,0,0,0,0,0,0,0,0,0,0,0,0,0,0,0,0,0,0,0,BOTTLENECK_TARGET_FRONTIER_CONTINUITY_V2,0,0,0,0,0,0,0,0,0,0,0,0,0,0,0,0,0,0.071063,0,0,0,0,0,0,6.8982,7.7228,3,3,2,10,11,0.15086,1155,0,0,0,TASKBR_VACANCY_V1,1.26354,2,10,8,10,0,10,0.48167,0.014744,0,8,0,27,27,0,10,10,"1,1,1,1,1,1,1,1,1,1",4,2,10,39.0853,118,0,1.18716,0.170508,33,140000000,0,56,1,SOLVED,57,57.4478,894b5dc4d6f20af3e81a3b61627b09d6b1c4020b399149a180d4211569a014da,0.066,ok,
g3_dmedium_abaseline_pcross_heavy_gsingleton_seed0,warehouse_random_factorial,carrier_brd,1,149,411.0,411000000,284,103,24,4,0.3177,88,149,411,411000000,149,411,411000000,0,0,0,0,0,0,0,0,NOT_ATTEMPTED,149,0,0,0,-1,-1,-1,-1,-1,0,0,0,0,0,0,0,0,0,0,0,0,0,,,,,,,,,,,,,0,0,0,0,0,0,0,0,0,0,0,0,0,0,0,0,0,0,0,BOTTLENECK_TARGET_FRONTIER_CONTINUITY_V2,0,0,0,0,0,0,0,0,0,0,0,0,0,0,0,0,0,0.3186,0,0,0,0,0,0,6.01355,8.57779,3,3,2,12,7,0.134867,735,0,0,0,TASKBR_VACANCY_V1,1.58936,2,12,8,12,0,12,0.329573,0.010107,0,8,0,16,16,0,12,12,"1,1,1,1,1,1,1,1,1,1,1,1",4,0,12,63.5378,722,0,1.68702,0.728898,149,411000000,0,85,1,SOLVED,88,88.0415,dfe80f54f59653cad229000c611e67f6645c2165c8b528e943c63b3d4ca22a4e,0.097,ok,
g3_dmedium_abaseline_plocal_gshared_pool_seed0,warehouse_random_factorial,carrier_brd,1,23,104.0,104000000,19,63,22,3,0.1377,74,23,104,104000000,23,104,104000000,0,0,0,0,0,0,0,0,NOT_ATTEMPTED,1,0,0,0,-1,-1,-1,-1,-1,0,0,0,0,0,0,0,0,0,0,0,0,0,,,,,,,,,,,,,0,0,0,0,0,0,0,0,0,0,0,0,0,0,0,0,0,0,0,BOTTLENECK_TARGET_FRONTIER_CONTINUITY_V2,0,0,0,0,0,0,0,0,0,0,0,0,0,0,0,0,0,0.068318,0,0,0,0,0,0,6.65226,9.03783,3,3,2,11,9,0.144667,945,0,0,0,TASKBR_VACANCY_V1,1.25459,2,11,8,11,0,11,0.538341,0.019607,0,8,0,31,31,0,11,11,"1,1,1,1,1,1,1,1,1,1,1",2,2,11,55.4135,83,0,1.8551,0.133817,23,104000000,0,74,1,SOLVED,74,74.9852,456caf9da24510a97f5a7a7792b912ba0f55f4345580383a67316c34d292fc3f,0.084,ok,
g3_dmedium_abaseline_plocal_gsingleton_seed0,warehouse_random_factorial,carrier_brd,1,29,121.0,121000000,42,55,24,4,0.2414,66,29,121,121000000,29,121,121000000,0,0,0,0,0,0,0,0,NOT_ATTEMPTED,1,0,0,0,-1,-1,-1,-1,-1,0,0,0,0,0,0,0,0,0,0,0,0,0,,,,,,,,,,,,,0,0,0,0,0,0,0,0,0,0,0,0,0,0,0,0,0,0,0,BOTTLENECK_TARGET_FRONTIER_CONTINUITY_V2,0,0,0,0,0,0,0,0,0,0,0,0,0,0,0,0,0,0.05481,0,0,0,0,0,0,9.39237,13.5862,3,3,2,12,7,0.197802,735,0,0,0,TASKBR_VACANCY_V1,2.08555,2,12,8,12,0,10,0.367878,0.014655,0,8,0,23,23,0,10,10,"1,1,2,1,1,1,1,1,2,1",5,0,10,38.8636,102,0,1.2,0.166782,29,121000000,0,66,1,SOLVED,66,66.6902,b367ddfdf760abfc5d13bfb4c7c5b8250c77d554e9f54a84d30a2455e965c1e5,0.077,ok,
g3_dmedium_abaseline_pmixed_gshared_pool_seed0,warehouse_random_factorial,carrier_brd,1,27,112.0,112000000,27,63,22,3,0.1667,52,27,112,112000000,27,112,112000000,0,0,0,0,0,0,0,0,NOT_ATTEMPTED,0,0,0,0,-1,-1,-1,-1,-1,0,0,0,0,0,0,0,0,0,0,0,0,0,,,,,,,,,,,,,0,0,0,0,0,0,0,0,0,0,0,0,0,0,0,0,0,0,0,BOTTLENECK_TARGET_FRONTIER_CONTINUITY_V2,0,0,0,0,0,0,0,0,0,0,0,0,0,0,0,0,0,0.053491,0,0,0,0,0,0,6.71699,8.55742,3,3,2,11,12,0.172486,1260,0,0,0,TASKBR_VACANCY_V1,1.2401,2,11,8,11,0,8,0.313134,0.01404,0,8,0,18,18,0,8,8,"1,2,2,1,1,1,1,2",5,0,8,33.3862,88,0,1.07393,0.141834,27,112000000,0,51,1,SOLVED,52,52.0745,b4d3c595b74a948ee92b7505e32d683c66e5bfafb0a982592c62835a50c8dd77,0.061,ok,
g3_dmedium_abaseline_pmixed_gsingleton_seed0,warehouse_random_factorial,carrier_brd,1,31,110.0,110000000,36,50,24,4,0.1935,57,31,110,110000000,31,110,110000000,0,0,0,0,0,0,0,0,NOT_ATTEMPTED,0,0,0,0,-1,-1,-1,-1,-1,0,0,0,0,0,0,0,0,0,0,0,0,0,,,,,,,,,,,,,0,0,0,0,0,0,0,0,0,0,0,0,0,0,0,0,0,0,0,BOTTLENECK_TARGET_FRONTIER_CONTINUITY_V2,0,0,0,0,0,0,0,0,0,0,0,0,0,0,0,0,0,0.063507,0,0,0,0,0,0,6.13446,8.49594,3,3,2,12,7,0.128752,735,0,0,0,TASKBR_VACANCY_V1,1.33134,2,12,8,12,0,10,0.344657,0.011867,0,8,0,23,23,0,10,10,"1,1,1,1,1,1,1,1,3,1",4,0,10,39.1404,106,0,1.27881,0.168157,31,110000000,0,56,1,SOLVED,57,57.6257,7f3aa992fb1c6f5ab1fff67cc13516b5aa127673619ef3658acb837079d90fc0,0.067,ok,
g3_dmedium_aequal_pcross_heavy_gshared_pool_seed0,warehouse_random_factorial,carrier_brd,1,23,131.0,131000000,33,78,20,2,0.1793,45,23,131,131000000,23,131,131000000,0,0,0,0,0,0,0,0,NOT_ATTEMPTED,1,0,0,0,-1,-1,-1,-1,-1,0,0,0,0,0,0,0,0,0,0,0,0,0,,,,,,,,,,,,,0,0,0,0,0,0,0,0,0,0,0,0,0,0,0,0,0,0,0,BOTTLENECK_TARGET_FRONTIER_CONTINUITY_V2,0,0,0,0,0,0,0,0,0,0,0,0,0,0,0,0,0,0.065928,0,0,0,0,0,0,7.14872,7.84965,3,3,2,10,11,0.152207,1155,0,0,0,TASKBR_VACANCY_V1,1.16596,2,10,8,10,0,7,0.478181,0.014208,0,8,0,27,27,0,7,7,"1,1,1,1,1,3,2",3,2,7,27.359,77,0,0.902783,0.131905,23,131000000,0,45,1,SOLVED,45,45.6488,cf1a23060a609b814bc77eefecf0a3ab058be9be0d5c87cad8e00d05658c4d91,0.055,ok,
g3_dmedium_aequal_pcross_heavy_gsingleton_seed0,warehouse_random_factorial,carrier_brd,1,111,300.0,300000000,170,106,24,4,0.1914,86,111,300,300000000,111,300,300000000,0,0,0,0,0,0,0,0,NOT_ATTEMPTED,54,0,0,0,-1,-1,-1,-1,-1,0,0,0,0,0,0,0,0,0,0,0,0,0,,,,,,,,,,,,,0,0,0,0,0,0,0,0,0,0,0,0,0,0,0,0,0,0,0,BOTTLENECK_TARGET_FRONTIER_CONTINUITY_V2,0,0,0,0,0,0,0,0,0,0,0,0,0,0,0,0,0,0.301283,0,0,0,0,0,0,6.12075,8.51151,3,3,2,12,7,0.137035,735,0,0,0,TASKBR_VACANCY_V1,1.34859,2,12,8,12,0,12,0.285201,0.007309,0,8,0,13,13,0,12,12,"1,1,1,1,1,1,1,1,1,1,1,1",6,0,12,63.7737,662,0,1.84869,0.550436,111,300000000,0,84,1,SOLVED,86,86.905,414b70fe5adaaf33e4816ee6f014cd872ac36dade96983760823e860453146b0,0.098,ok,
g3_dmedium_aequal_plocal_gshared_pool_seed0,warehouse_random_factorial,carrier_brd,1,20,94.0,94000000,19,53,22,3,0.1187,49,20,94,94000000,20,94,94000000,0,0,0,0,0,0,0,0,NOT_ATTEMPTED,1,0,0,0,-1,-1,-1,-1,-1,0,0,0,0,0,0,0,0,0,0,0,0,0,,,,,,,,,,,,,0,0,0,0,0,0,0,0,0,0,0,0,0,0,0,0,0,0,0,BOTTLENECK_TARGET_FRONTIER_CONTINUITY_V2,0,0,0,0,0,0,0,0,0,0,0,0,0,0,0,0,0,0.042798,0,0,0,0,0,0,6.52158,8.65616,3,3,2,11,9,0.13786,945,0,0,0,TASKBR_VACANCY_V1,1.31275,2,11,8,11,0,8,0.382211,0.011947,0,8,0,25,25,0,8,8,"1,1,2,2,2,1,1,1",4,0,8,31.2888,76,0,0.912898,0.118894,20,94000000,0,49,1,SOLVED,49,49.7545,baf260632fe3a562d4bafdc91df2c5b8c74ebdb816bf659b2e4b8cfa7cf6e818,0.058,ok,
g3_dmedium_aequal_plocal_gsingleton_seed0,warehouse_random_factorial,carrier_brd,1,19,105.0,105000000,40,41,24,4,0.2632,48,19,105,105000000,19,105,105000000,0,0,0,0,0,0,0,0,NOT_ATTEMPTED,0,0,0,0,-1,-1,-1,-1,-1,0,0,0,0,0,0,0,0,0,0,0,0,0,,,,,,,,,,,,,0,0,0,0,0,0,0,0,0,0,0,0,0,0,0,0,0,0,0,BOTTLENECK_TARGET_FRONTIER_CONTINUITY_V2,0,0,0,0,0,0,0,0,0,0,0,0,0,0,0,0,0,0.038213,0,0,0,0,0,0,6.01423,8.52923,3,3,2,12,7,0.137226,735,0,0,0,TASKBR_VACANCY_V1,1.38934,2,12,8,12,0,8,0.273944,0.007934,0,8,0,15,15,0,8,8,"2,1,1,2,1,1,3,1",5,0,8,31.2194,54,0,0.982988,0.119217,19,105000000,0,48,1,SOLVED,48,49.0046,dd7366dd02e25a9365c3042ef87c636910c7dd5cd206e2d0240e2d9e7c67c032,0.06,ok,
g3_dmedium_aequal_pmixed_gshared_pool_seed0,warehouse_random_factorial,carrier_brd,1,17,94.0,94000000,27,45,22,3,0.1985,49,17,94,94000000,17,94,94000000,0,0,0,0,0,0,0,0,NOT_ATTEMPTED,0,0,0,0,-1,-1,-1,-1,-1,0,0,0,0,0,0,0,0,0,0,0,0,0,,,,,,,,,,,,,0,0,0,0,0,0,0,0,0,0,0,0,0,0,0,0,0,0,0,BOTTLENECK_TARGET_FRONTIER_CONTINUITY_V2,0,0,0,0,0,0,0,0,0,0,0,0,0,0,0,0,0,0.038628,0,0,0,0,0,0,6.76972,8.6532,3,3,2,11,12,0.164529,1260,0,0,0,TASKBR_VACANCY_V1,1.30722,2,11,8,11,0,8,0.324117,0.009135,0,8,0,18,18,0,8,8,"1,1,1,1,1,4,1,1",5,0,8,30.8052,51,0,0.990319,0.113901,17,94000000,0,48,1,SOLVED,49,49.3709,7c78f7e06adca9969c876a56199ddcd7669ec71cd36255aef3f0f0b12cba9c7a,0.058,ok,
g3_dmedium_aequal_pmixed_gsingleton_seed0,warehouse_random_factorial,carrier_brd,1,16,96.0,96000000,36,36,24,4,0.2812,44,16,96,96000000,16,96,96000000,0,0,0,0,0,0,0,0,NOT_ATTEMPTED,0,0,0,0,-1,-1,-1,-1,-1,0,0,0,0,0,0,0,0,0,0,0,0,0,,,,,,,,,,,,,0,0,0,0,0,0,0,0,0,0,0,0,0,0,0,0,0,0,0,BOTTLENECK_TARGET_FRONTIER_CONTINUITY_V2,0,0,0,0,0,0,0,0,0,0,0,0,0,0,0,0,0,0.038545,0,0,0,0,0,0,6.13616,8.58167,3,3,2,12,7,0.134815,735,0,0,0,TASKBR_VACANCY_V1,1.4012,2,12,8,12,0,7,0.216459,0.011838,0,8,0,17,17,0,7,7,"1,3,1,1,1,4,1",6,0,7,26.8388,52,0,0.794299,0.097176,16,96000000,0,44,1,SOLVED,44,44.6297,8f45be45a039a8ca79e6373ca07e703d80d497ea30110c6e2451b9b156ae0785,0.055,ok,
g3_dmedium_ascarce_pcross_heavy_gshared_pool_seed0,warehouse_random_factorial,carrier_brd,1,39,133.0,133000000,33,80,20,2,0.2115,57,39,133,133000000,39,133,133000000,0,0,0,0,0,0,0,0,NOT_ATTEMPTED,0,0,0,0,-1,-1,-1,-1,-1,0,0,0,0,0,0,0,0,0,0,0,0,0,,,,,,,,,,,,,0,0,0,0,0,0,0,0,0,0,0,0,0,0,0,0,0,0,0,BOTTLENECK_TARGET_FRONTIER_CONTINUITY_V2,0,0,0,0,0,0,0,0,0,0,0,0,0,0,0,0,0,0.065659,0,0,0,0,0,0,6.97942,7.67902,3,3,2,10,11,0.150346,1155,0,0,0,TASKBR_VACANCY_V1,1.20789,2,10,8,10,0,10,0.422903,0.01346,0,8,0,22,22,0,10,10,"1,1,1,1,1,1,1,1,1,1",2,1,10,38.9069,114,0,1.18702,0.192464,39,133000000,0,56,1,SOLVED,57,57.3831,935f4f61d03b54366359c4965ce5a816618ca2592bcbeb5986555eeb57c4dc6d,0.067,ok,
g3_dmedium_ascarce_pcross_heavy_gsingleton_seed0,warehouse_random_factorial,carrier_brd,1,129,418.0,418000000,258,136,24,4,0.5,89,129,418,418000000,129,418,418000000,0,0,0,0,0,0,0,0,NOT_ATTEMPTED,175,0,0,0,-1,-1,-1,-1,-1,0,0,0,0,0,0,0,0,0,0,0,0,0,,,,,,,,,,,,,0,0,0,0,0,0,0,0,0,0,0,0,0,0,0,0,0,0,0,BOTTLENECK_TARGET_FRONTIER_CONTINUITY_V2,0,0,0,0,0,0,0,0,0,0,0,0,0,0,0,0,0,0.342653,0,0,0,0,0,0,6.13396,10.114,3,3,2,12,7,0.161726,735,0,0,0,TASKBR_VACANCY_V1,1.4105,2,12,8,12,0,12,0.45987,0.011495,0,8,0,16,16,0,12,12,"1,1,1,1,1,1,1,1,1,1,1,1",3,2,12,63.6219,737,0,1.78605,0.576699,129,418000000,0,86,1,SOLVED,89,89.0879,c279727da11828cafa31fce83f48455fd831b502140321765cd4755bff54b5f8,0.098,ok,
g3_dmedium_ascarce_plocal_gshared_pool_seed0,warehouse_random_factorial,carrier_brd,1,36,100.0,100000000,19,59,22,3,0.1319,54,36,100,100000000,36,100,100000000,0,0,0,0,0,0,0,0,NOT_ATTEMPTED,1,0,0,0,-1,-1,-1,-1,-1,0,0,0,0,0,0,0,0,0,0,0,0,0,,,,,,,,,,,,,0,0,0,0,0,0,0,0,0,0,0,0,0,0,0,0,0,0,0,BOTTLENECK_TARGET_FRONTIER_CONTINUITY_V2,0,0,0,0,0,0,0,0,0,0,0,0,0,0,0,0,0,0.044609,0,0,0,0,0,0,6.67048,8.94747,3,3,2,11,9,0.140515,945,0,0,0,TASKBR_VACANCY_V1,1.36095,2,11,8,11,0,9,0.398499,0.014214,0,8,0,21,21,0,9,9,"1,1,1,1,2,1,1,2,1",3,4,9,35.468,95,0,1.085,0.177568,36,100000000,0,54,1,SOLVED,54,54.9087,2e4ebc41972bf7ae61868979da88ccc0f41a0bb006ed908f5451da7145dd5475,0.066,ok,
g3_dmedium_ascarce_plocal_gsingleton_seed0,warehouse_random_factorial,carrier_brd,1,35,126.0,126000000,42,60,24,4,0.3,59,35,126,126000000,35,126,126000000,0,0,0,0,0,0,0,0,NOT_ATTEMPTED,2,0,0,0,-1,-1,-1,-1,-1,0,0,0,0,0,0,0,0,0,0,0,0,0,,,,,,,,,,,,,0,0,0,0,0,0,0,0,0,0,0,0,0,0,0,0,0,0,0,BOTTLENECK_TARGET_FRONTIER_CONTINUITY_V2,0,0,0,0,0,0,0,0,0,0,0,0,0,0,0,0,0,0.058306,0,0,0,0,0,0,6.07599,8.46778,3,3,2,12,7,0.130766,735,0,0,0,TASKBR_VACANCY_V1,1.4376,2,12,8,12,0,9,0.363356,0.01297,0,8,0,22,22,0,9,9,"2,1,1,2,1,1,1,2,1",2,2,9,40.2046,95,0,1.35975,0.28212,35,126000000,0,58,1,SOLVED,59,59.3454,9c8ea98c043b516f9df144faf07ca6bbcde89cc46b02a7480a554f668c94ad59,0.069,ok,
g3_dmedium_ascarce_pmixed_gshared_pool_seed0,warehouse_random_factorial,carrier_brd,1,37,133.0,133000000,27,84,22,3,0.1824,58,37,133,133000000,37,133,133000000,0,0,0,0,0,0,0,0,NOT_ATTEMPTED,2,0,0,0,-1,-1,-1,-1,-1,0,0,0,0,0,0,0,0,0,0,0,0,0,,,,,,,,,,,,,0,0,0,0,0,0,0,0,0,0,0,0,0,0,0,0,0,0,0,BOTTLENECK_TARGET_FRONTIER_CONTINUITY_V2,0,0,0,0,0,0,0,0,0,0,0,0,0,0,0,0,0,0.063597,0,0,0,0,0,0,6.79113,8.39128,3,3,2,11,12,0.176439,1260,0,0,0,TASKBR_VACANCY_V1,1.24067,2,11,8,11,0,10,0.4292,0.012409,0,8,0,21,21,0,10,10,"1,1,1,1,2,1,1,1,1,1",3,2,10,38.8448,131,0,1.25658,0.180365,37,133000000,0,57,1,SOLVED,58,58.0519,e1d90cf3846a4d6617f5098cec8b3e5a357a925732a61de8c4e91fb8a21c2713,0.067,ok,
g3_dmedium_ascarce_pmixed_gsingleton_seed0,warehouse_random_factorial,carrier_brd,1,37,122.0,122000000,36,62,24,4,0.2432,61,37,122,122000000,37,122,122000000,0,0,0,0,0,0,0,0,NOT_ATTEMPTED,2,0,0,0,-1,-1,-1,-1,-1,0,0,0,0,0,0,0,0,0,0,0,0,0,,,,,,,,,,,,,0,0,0,0,0,0,0,0,0,0,0,0,0,0,0,0,0,0,0,BOTTLENECK_TARGET_FRONTIER_CONTINUITY_V2,0,0,0,0,0,0,0,0,0,0,0,0,0,0,0,0,0,0.060551,0,0,0,0,0,0,6.06013,8.40478,3,3,2,12,7,0.126482,735,0,0,0,TASKBR_VACANCY_V1,1.42987,2,12,8,12,0,11,0.393509,0.013088,0,8,0,24,24,0,11,11,"1,1,1,1,1,1,1,1,2,1,1",3,4,11,43.3744,120,0,1.36119,0.191868,37,122000000,0,61,1,SOLVED,61,62.0171,9afd7308f887741e642c849d563a889d380ec5382bdf42f40cbf359e64465a7e,0.071,ok,
g3_dmedium_asurplus_pcross_heavy_gshared_pool_seed0,warehouse_random_factorial,carrier_brd,1,20,112.0,112000000,33,59,20,2,0.1375,49,20,112,112000000,20,112,112000000,0,0,0,0,0,0,0,0,NOT_ATTEMPTED,0,0,0,0,-1,-1,-1,-1,-1,0,0,0,0,0,0,0,0,0,0,0,0,0,,,,,,,,,,,,,0,0,0,0,0,0,0,0,0,0,0,0,0,0,0,0,0,0,0,BOTTLENECK_TARGET_FRONTIER_CONTINUITY_V2,0,0,0,0,0,0,0,0,0,0,0,0,0,0,0,0,0,0.052626,0,0,0,0,0,0,7.04194,7.99287,3,3,2,10,11,0.155226,1155,0,0,0,TASKBR_VACANCY_V1,1.15648,2,10,8,10,0,8,0.743009,0.012813,0,8,0,25,25,0,8,8,"1,1,1,1,2,1,1,2",4,0,8,31.2175,72,0,0.966799,0.122461,20,112000000,0,49,1,SOLVED,49,49.7867,52910a14cd6ff0bb533cb4b3f0299ec5a08793607a0fea79237ff55f869a1d6e,0.059,ok,
g3_dmedium_asurplus_pcross_heavy_gsingleton_seed0,warehouse_random_factorial,carrier_brd,1,39,189.0,189000000,76,89,24,4,0.1624,64,39,189,189000000,39,189,189000000,0,0,0,0,0,0,0,0,NOT_ATTEMPTED,4,0,0,0,-1,-1,-1,-1,-1,0,0,0,0,0,0,0,0,0,0,0,0,0,,,,,,,,,,,,,0,0,0,0,0,0,0,0,0,0,0,0,0,0,0,0,0,0,0,BOTTLENECK_TARGET_FRONTIER_CONTINUITY_V2,0,0,0,0,0,0,0,0,0,0,0,0,0,0,0,0,0,0.142711,0,0,0,0,0,0,6.09698,8.51402,3,3,2,12,7,0.13032,735,0,0,0,TASKBR_VACANCY_V1,1.37361,2,12,8,12,0,10,0.501441,0.007638,0,8,0,14,14,0,10,10,"1,1,1,1,1,2,1,2,1,1",6,0,10,44.6209,241,0,1.39014,0.262879,39,189000000,0,63,1,SOLVED,64,64.4371,7d473a92bdc3e8bc588d6c6cdda8bc235df88bea8300b161be612f68cafb1d00,0.074,ok,
g3_dmedium_asurplus_plocal_gshared_pool_seed0,warehouse_random_factorial,carrier_brd,1,14,78.0,78000000,19,37,22,3,0.1131,42,14,78,78000000,14,78,78000000,0,0,0,0,0,0,0,0,NOT_ATTEMPTED,0,0,0,0,-1,-1,-1,-1,-1,0,0,0,0,0,0,0,0,0,0,0,0,0,,,,,,,,,,,,,0,0,0,0,0,0,0,0,0,0,0,0,0,0,0,0,0,0,0,BOTTLENECK_TARGET_FRONTIER_CONTINUITY_V2,0,0,0,0,0,0,0,0,0,0,0,0,0,0,0,0,0,0.030395,0,0,0,0,0,0,6.79288,8.99392,3,3,2,11,9,0.143665,945,0,0,0,TASKBR_VACANCY_V1,1.28075,2,11,8,11,0,6,0.498325,0.01106,0,8,0,23,23,0,6,6,"1,1,1,1,4,3",3,0,6,23.2274,39,0,0.71743,0.090618,14,78000000,0,41,1,SOLVED,42,42.1585,828348085c98c749b4d07c3b8818d3eca81a6b51fee772e16a466f452843b111,0.051,ok,
g3_dmedium_asurplus_plocal_gsingleton_seed0,warehouse_random_factorial,carrier_brd,1,16,97.0,97000000,40,33,24,4,0.2083,53,16,97,97000000,16,97,97000000,0,0,0,0,0,0,0,0,NOT_ATTEMPTED,0,0,0,0,-1,-1,-1,-1,-1,0,0,0,0,0,0,0,0,0,0,0,0,0,,,,,,,,,,,,,0,0,0,0,0,0,0,0,0,0,0,0,0,0,0,0,0,0,0,BOTTLENECK_TARGET_FRONTIER_CONTINUITY_V2,0,0,0,0,0,0,0,0,0,0,0,0,0,0,0,0,0,0.045524,0,0,0,0,0,0,6.05269,9.03171,3,3,2,12,7,0.1359,735,0,0,0,TASKBR_VACANCY_V1,1.34658,2,12,8,12,0,9,0.279122,0.007026,0,8,0,13,13,0,9,9,"1,1,2,2,2,1,1,1,1",6,0,9,35.0656,61,0,1.07035,0.104245,16,97000000,0,52,1,SOLVED,53,53.3071,ff5fce3c05bab246c558518b6afab0d719201a98078d0c1422f738c5b411a109,0.062,ok,
g3_dmedium_asurplus_pmixed_gshared_pool_seed0,warehouse_random_factorial,carrier_brd,1,14,88.0,88000000,27,39,22,3,0.1607,44,14,88,88000000,14,88,88000000,0,0,0,0,0,0,0,0,NOT_ATTEMPTED,0,0,0,0,-1,-1,-1,-1,-1,0,0,0,0,0,0,0,0,0,0,0,0,0,,,,,,,,,,,,,0,0,0,0,0,0,0,0,0,0,0,0,0,0,0,0,0,0,0,BOTTLENECK_TARGET_FRONTIER_CONTINUITY_V2,0,0,0,0,0,0,0,0,0,0,0,0,0,0,0,0,0,0.03639,0,0,0,0,0,0,6.74101,8.24897,3,3,2,11,12,0.169943,1260,0,0,0,TASKBR_VACANCY_V1,1.24054,2,11,8,11,0,7,0.342584,0.007894,0,8,0,16,16,0,7,7,"1,1,2,2,3,1,1",5,0,7,26.6169,42,0,0.804611,0.091792,14,88000000,0,44,1,SOLVED,44,44.4921,24ebc22654bfc1f321b6249215ee0ff242363d5cd4b13e194ed0cba2e3659e18,0.053,ok,
g3_dmedium_asurplus_pmixed_gsingleton_seed0,warehouse_random_factorial,carrier_brd,1,14,83.0,83000000,36,23,24,4,0.2143,48,14,83,83000000,14,83,83000000,0,0,0,0,0,0,0,0,NOT_ATTEMPTED,0,0,0,0,-1,-1,-1,-1,-1,0,0,0,0,0,0,0,0,0,0,0,0,0,,,,,,,,,,,,,0,0,0,0,0,0,0,0,0,0,0,0,0,0,0,0,0,0,0,BOTTLENECK_TARGET_FRONTIER_CONTINUITY_V2,0,0,0,0,0,0,0,0,0,0,0,0,0,0,0,0,0,0.044563,0,0,0,0,0,0,6.13586,8.36693,3,3,2,12,7,0.127042,735,0,0,0,TASKBR_VACANCY_V1,1.33125,2,12,8,12,0,8,0.325421,0.006572,0,8,0,12,12,0,8,8,"1,3,2,2,1,1,1,1",7,0,8,30.5968,56,0,0.948565,0.095525,14,83000000,0,47,1,SOLVED,48,48.3517,7ef47bfe0793e68b940467fe06d48a9a495ac1ef13f3f83b0ab4dafa2cc7c81e,0.057,ok,
g4_dhigh_abaseline_pcross_heavy_gshared_pool_seed0,warehouse_random_factorial,carrier_brd,1,47,222.0,222000000,68,117,36,5,0.1809,198,47,222,222000000,47,222,222000000,0,0,0,0,0,0,0,0,NOT_ATTEMPTED,1,0,0,0,-1,-1,-1,-1,-1,0,0,0,0,0,0,0,0,0,0,0,0,0,,,,,,,,,,,,,0,0,0,0,0,0,0,0,0,0,0,0,0,0,0,0,0,0,0,BOTTLENECK_TARGET_FRONTIER_CONTINUITY_V2,0,0,0,0,0,0,0,0,0,0,0,0,0,0,0,0,0,0.110258,0,0,0,0,0,0,20.3548,20.2856,4,4,3,18,35,0.579365,5040,1,1,3,TASKBR_VACANCY_V1,3.35167,3,18,12,17,1,14,1.24368,0.031509,0,12,0,44,44,0,14,14,"2,2,1,1,1,1,1,2,1,2,1,1,1,1",4,3,14,139.801,168,0,5.66884,0.902722,47,222000000,0,194,1,SOLVED,198,198.673,95c0b708f414a03c1e9c970715795cd2f7d40ae42df5c49eae3664b26ababcac,0.209,ok,
g4_dhigh_abaseline_pcross_heavy_gsingleton_seed0,warehouse_random_factorial,carrier_brd,1,41,240.0,240000000,113,91,36,6,0.3445,171,41,240,240000000,41,240,240000000,0,0,0,0,0,0,0,0,NOT_ATTEMPTED,1,0,0,0,-1,-1,-1,-1,-1,0,0,0,0,0,0,0,0,0,0,0,0,0,,,,,,,,,,,,,0,0,0,0,0,0,0,0,0,0,0,0,0,0,0,0,0,0,0,BOTTLENECK_TARGET_FRONTIER_CONTINUITY_V2,0,0,0,0,0,0,0,0,0,0,0,0,0,0,0,0,0,0.10015,0,0,0,0,0,0,15.8304,19.4649,3,3,2,18,11,0.273824,1584,0,0,20,TASKBR_VACANCY_V1,3.47958,2,18,12,18,0,12,1.09404,0.026206,0,12,0,34,34,0,12,12,"1,3,1,1,2,1,1,2,3,1,1,1",7,3,12,118.962,148,0,4.88298,0.815484,41,240000000,0,167,1,SOLVED,171,171.218,b26313d4174ff50b09666d4aca6c96b86036c636738c7a6273a2f6ed3c3f9689,0.181,ok,
g4_dhigh_abaseline_plocal_gshared_pool_seed0,warehouse_random_factorial,carrier_brd,1,37,188.0,188000000,55,101,32,4,0.1858,162,37,188,188000000,37,188,188000000,0,0,0,0,0,0,0,0,NOT_ATTEMPTED,0,0,0,0,-1,-1,-1,-1,-1,0,0,0,0,0,0,0,0,0,0,0,0,0,,,,,,,,,,,,,0,0,0,0,0,0,0,0,0,0,0,0,0,0,0,0,0,0,0,BOTTLENECK_TARGET_FRONTIER_CONTINUITY_V2,0,0,0,0,0,0,0,0,0,0,0,0,0,0,0,0,0,0.081027,0,0,0,0,0,0,19.8689,18.9061,3,3,2,16,25,0.457788,3600,0,0,9,TASKBR_VACANCY_V1,3.05488,2,16,12,16,0,11,0.989278,0.030796,0,12,0,35,35,0,11,11,"1,1,3,1,3,2,1,1,1,1,1",4,0,11,109.261,113,0,4.517,0.756164,37,188000000,0,159,1,SOLVED,162,162.818,43218d320da02f7b010afdc422414b7f2361b54d5647f2d86688a2a22972e946,0.173,ok,
g4_dhigh_abaseline_plocal_gsingleton_seed0,warehouse_random_factorial,carrier_brd,1,43,208.0,208000000,78,82,42,6,0.2267,221,43,208,208000000,43,208,208000000,0,0,0,0,0,0,0,0,NOT_ATTEMPTED,0,0,0,0,-1,-1,-1,-1,-1,0,0,0,0,0,0,0,0,0,0,0,0,0,,,,,,,,,,,,,0,0,0,0,0,0,0,0,0,0,0,0,0,0,0,0,0,0,0,BOTTLENECK_TARGET_FRONTIER_CONTINUITY_V2,0,0,0,0,0,0,0,0,0,0,0,0,0,0,0,0,0,0.118139,0,0,0,0,0,0,15.479,18.9866,5,5,4,21,15,0.445686,2160,3,6,22,TASKBR_VACANCY_V1,3.57072,4,21,12,18,3,17,0.871038,0.029264,0,12,0,40,40,0,17,17,"1,1,2,2,1,1,1,2,2,1,1,1,1,1,1,1,1",7,1,17,167.821,177,0,6.85702,0.871253,43,208000000,0,218,1,SOLVED,221,221.76,fba340b24701dc7b2ec3b8665299c801a9c3d22701ae2069f70d38fd4db44402,0.232,ok,
g4_dhigh_abaseline_pmixed_gshared_pool_seed0,warehouse_random_factorial,carrier_brd,1,30,182.0,182000000,60,86,36,6,0.25,142,30,182,182000000,30,182,182000000,0,0,0,0,0,0,0,0,NOT_ATTEMPTED,2,0,0,0,-1,-1,-1,-1,-1,0,0,0,0,0,0,0,0,0,0,0,0,0,,,,,,,,,,,,,0,0,0,0,0,0,0,0,0,0,0,0,0,0,0,0,0,0,0,BOTTLENECK_TARGET_FRONTIER_CONTINUITY_V2,0,0,0,0,0,0,0,0,0,0,0,0,0,0,0,0,0,0.066911,0,0,0,0,0,0,18.7992,19.8854,3,3,2,18,32,0.530054,4608,0,0,24,TASKBR_VACANCY_V1,3.61864,2,18,12,18,0,9,0.745418,0.025253,0,12,0,29,29,0,9,9,"2,2,1,2,2,2,5,1,1",5,1,9,90.2347,91,0,3.6846,0.590741,30,182000000,0,140,1,SOLVED,142,142.531,f1f9842b4f7dab7144ab273ac78f7f59864919f37ede2f727289ae6cdf0980fd,0.153,ok,
g4_dhigh_abaseline_pmixed_gsingleton_seed0,warehouse_random_factorial,carrier_brd,0,,,,,,,,,,,,,,,,,,,,,,,,,,,,,,,,,,,,,,,,,,,,,,,,,,,,,,,,,,,,,,,,,,,,,,,,,,,,,,,,,,,,,,,,,,,,,,,,,,,,,,,,,,,,,,,,,,,,,,,,,,,,,,,,,,,,,,,,,,,,,,,,,,,,,,,10.048,timeout,
g4_dhigh_aequal_pcross_heavy_gshared_pool_seed0,warehouse_random_factorial,carrier_brd,1,37,192.0,192000000,68,87,36,5,0.1532,156,37,192,192000000,37,192,192000000,0,0,0,0,0,0,0,0,NOT_ATTEMPTED,0,0,0,0,-1,-1,-1,-1,-1,0,0,0,0,0,0,0,0,0,0,0,0,0,,,,,,,,,,,,,0,0,0,0,0,0,0,0,0,0,0,0,0,0,0,0,0,0,0,BOTTLENECK_TARGET_FRONTIER_CONTINUITY_V2,0,0,0,0,0,0,0,0,0,0,0,0,0,0,0,0,0,0.08631,0,0,0,0,0,0,22.2242,18.893,4,4,3,18,35,0.69027,5040,1,1,3,TASKBR_VACANCY_V1,3.40606,3,18,12,17,1,10,0.811193,0.020801,0,12,0,30,30,0,10,10,"2,2,2,1,2,2,1,4,1,1",5,0,10,99.8711,108,0,4.30787,0.783673,37,192000000,0,152,1,SOLVED,156,156.358,80da73c5472964798de857ae8bf4ee15e959365fbe2727e3c6a73aa9379ba214,0.168,ok,
g4_dhigh_aequal_pcross_heavy_gsingleton_seed0,warehouse_random_factorial,carrier_brd,1,35,261.0,261000000,123,102,36,6,0.2929,165,35,261,261000000,35,261,261000000,0,0,0,0,0,0,0,0,NOT_ATTEMPTED,15,0,0,0,-1,-1,-1,-1,-1,0,0,0,0,0,0,0,0,0,0,0,0,0,,,,,,,,,,,,,0,0,0,0,0,0,0,0,0,0,0,0,0,0,0,0,0,0,0,BOTTLENECK_TARGET_FRONTIER_CONTINUITY_V2,0,0,0,0,0,0,0,0,0,0,0,0,0,0,0,0,0,0.148291,0,0,0,0,0,0,15.6082,19.5467,3,3,2,18,11,0.267767,1584,0,0,20,TASKBR_VACANCY_V1,3.39193,2,18,12,18,0,11,0.720248,0.021498,0,12,0,28,28,0,11,11,"1,1,1,1,2,1,7,1,1,1,1",10,0,11,113.424,204,0,4.42068,0.74842,35,261000000,0,162,1,SOLVED,165,165.609,ea828fe4ec2b2013b137d7954f47866d8e969cfc6b3ca173744bf4da91780637,0.176,ok,
g4_dhigh_aequal_plocal_gshared_pool_seed0,warehouse_random_factorial,carrier_brd,1,22,183.0,183000000,55,96,32,4,0.2083,158,22,183,183000000,22,183,183000000,0,0,0,0,0,0,0,0,NOT_ATTEMPTED,0,0,0,0,-1,-1,-1,-1,-1,0,0,0,0,0,0,0,0,0,0,0,0,0,,,,,,,,,,,,,0,0,0,0,0,0,0,0,0,0,0,0,0,0,0,0,0,0,0,BOTTLENECK_TARGET_FRONTIER_CONTINUITY_V2,0,0,0,0,0,0,0,0,0,0,0,0,0,0,0,0,0,0.073394,0,0,0,0,0,0,19.4286,18.5208,3,3,2,16,25,0.433454,3600,0,0,9,TASKBR_VACANCY_V1,3.14765,2,16,12,16,0,9,0.742668,0.021982,0,12,0,30,30,0,9,9,"2,1,2,1,2,2,4,1,1",5,0,9,108.159,70,0,4.47829,0.453667,22,183000000,0,156,1,SOLVED,158,158.579,9b3a466d4fd90096a86dac37d089574e842cb2384da9c0a18d19566fc72739d8,0.169,ok,
g4_dhigh_aequal_plocal_gsingleton_seed0,warehouse_random_factorial,carrier_brd,1,33,195.0,195000000,78,69,42,6,0.197,207,33,195,195000000,33,195,195000000,0,0,0,0,0,0,0,0,NOT_ATTEMPTED,0,0,0,0,-1,-1,-1,-1,-1,0,0,0,0,0,0,0,0,0,0,0,0,0,,,,,,,,,,,,,0,0,0,0,0,0,0,0,0,0,0,0,0,0,0,0,0,0,0,BOTTLENECK_TARGET_FRONTIER_CONTINUITY_V2,0,0,0,0,0,0,0,0,0,0,0,0,0,0,0,0,0,0.106538,0,0,0,0,0,0,15.4403,19.2619,5,5,4,21,15,0.454399,2160,3,6,22,TASKBR_VACANCY_V1,3.60725,4,21,12,18,3,16,0.719047,0.022244,0,12,0,31,31,0,16,16,"1,1,2,1,1,1,2,2,3,1,1,1,1,1,1,1",9,0,16,156.106,111,0,6.50379,0.674216,33,195000000,0,205,1,SOLVED,207,207.828,9107a0f2f1730f73e43c40e9653266687a3f19910324eacaa724231316c816ae,0.22,ok,
g4_dhigh_aequal_pmixed_gshared_pool_seed0,warehouse_random_factorial,carrier_brd,1,26,208.0,208000000,60,112,36,6,0.1923,200,26,208,208000000,26,208,208000000,0,0,0,0,0,0,0,0,NOT_ATTEMPTED,4,0,0,0,-1,-1,-1,-1,-1,0,0,0,0,0,0,0,0,0,0,0,0,0,,,,,,,,,,,,,0,0,0,0,0,0,0,0,0,0,0,0,0,0,0,0,0,0,0,BOTTLENECK_TARGET_FRONTIER_CONTINUITY_V2,0,0,0,0,0,0,0,0,0,0,0,0,0,0,0,0,0,0.102954,0,0,0,0,0,0,28.5694,29.4032,3,3,2,18,32,0.733431,4608,0,0,24,TASKBR_VACANCY_V1,3.45233,2,18,12,18,0,13,0.84023,0.022525,0,12,0,35,35,0,13,13,"2,2,1,1,1,1,1,2,2,2,1,1,1",6,0,13,127.762,107,0,5.41193,0.537687,26,208000000,0,198,1,SOLVED,200,200.803,d5ddf9f0ba442491c9e536a57312fc0c3b2255a57086a95dea8a69493a9b46eb,0.212,ok,
g4_dhigh_aequal_pmixed_gsingleton_seed0,warehouse_random_factorial,carrier_brd,0,,,,,,,,,,,,,,,,,,,,,,,,,,,,,,,,,,,,,,,,,,,,,,,,,,,,,,,,,,,,,,,,,,,,,,,,,,,,,,,,,,,,,,,,,,,,,,,,,,,,,,,,,,,,,,,,,,,,,,,,,,,,,,,,,,,,,,,,,,,,,,,,,,,,,,,10.044,timeout,
g4_dhigh_ascarce_pcross_heavy_gshared_pool_seed0,warehouse_random_factorial,carrier_brd,1,49,213.0,213000000,68,108,36,5,0.2313,229,49,213,213000000,49,213,213000000,0,0,0,0,0,0,0,0,NOT_ATTEMPTED,0,0,0,0,-1,-1,-1,-1,-1,0,0,0,0,0,0,0,0,0,0,0,0,0,,,,,,,,,,,,,0,0,0,0,0,0,0,0,0,0,0,0,0,0,0,0,0,0,0,BOTTLENECK_TARGET_FRONTIER_CONTINUITY_V2,0,0,0,0,0,0,0,0,0,0,0,0,0,0,0,0,0,0.135541,0,0,0,0,0,0,20.4653,20.5016,4,4,3,18,35,0.667397,5040,1,1,3,TASKBR_VACANCY_V1,4.55347,3,18,12,17,1,13,1.34365,0.03652,0,12,0,38,38,0,13,13,"1,2,1,2,1,1,2,2,2,1,1,1,1",4,3,13,167.042,159,0,6.94911,1.02462,49,213000000,0,225,1,SOLVED,229,229.384,9d4fafe26fca9d22ad98afec05b6c9a41d515c7bef09fdd8fd437f9a2e15522d,0.241,ok,
g4_dhigh_ascarce_pcross_heavy_gsingleton_seed0,warehouse_random_factorial,carrier_brd,1,80,373.0,373000000,153,184,36,6,0.3187,230,80,373,373000000,80,373,373000000,0,0,0,0,0,0,0,0,NOT_ATTEMPTED,65,0,0,0,-1,-1,-1,-1,-1,0,0,0,0,0,0,0,0,0,0,0,0,0,,,,,,,,,,,,,0,0,0,0,0,0,0,0,0,0,0,0,0,0,0,0,0,0,0,BOTTLENECK_TARGET_FRONTIER_CONTINUITY_V2,0,0,0,0,0,0,0,0,0,0,0,0,0,0,0,0,0,0.205808,0,0,0,0,0,0,15.7152,19.5871,3,3,2,18,11,0.274046,1584,0,0,20,TASKBR_VACANCY_V1,3.38921,2,18,12,18,0,16,1.42495,0.032931,0,12,0,47,47,0,16,16,"2,1,2,1,1,1,1,1,1,1,1,1,1,1,1,1",4,5,16,169.662,400,0,6.41414,1.52496,80,373000000,0,224,1,SOLVED,230,230.894,6405e2a9800ddf2ccc2842ed0a3073f3be86a18287242798862f3ab71b497b51,0.244,ok,
g4_dhigh_ascarce_plocal_gshared_pool_seed0,warehouse_random_factorial,carrier_brd,1,40,204.0,204000000,55,117,32,4,0.2292,195,40,204,204000000,40,204,204000000,0,0,0,0,0,0,0,0,NOT_ATTEMPTED,1,0,0,0,-1,-1,-1,-1,-1,0,0,0,0,0,0,0,0,0,0,0,0,0,,,,,,,,,,,,,0,0,0,0,0,0,0,0,0,0,0,0,0,0,0,0,0,0,0,BOTTLENECK_TARGET_FRONTIER_CONTINUITY_V2,0,0,0,0,0,0,0,0,0,0,0,0,0,0,0,0,0,0.101021,0,0,0,0,0,0,19.802,18.7182,3,3,2,16,25,0.442853,3600,0,0,9,TASKBR_VACANCY_V1,3.12176,2,16,12,16,0,14,1.0641,0.039526,0,12,0,44,44,0,14,14,"1,1,1,1,1,2,1,1,1,1,1,1,1,2",4,5,14,139.955,153,0,5.88057,0.782942,40,204000000,0,192,1,SOLVED,195,195.827,62306e8b95e7860bf103559fe09483715126ab80cf8c71e332d53ea00b59052a,0.206,ok,
g4_dhigh_ascarce_plocal_gsingleton_seed0,warehouse_random_factorial,carrier_brd,1,54,240.0,240000000,78,114,42,6,0.2407,248,54,240,240000000,54,240,240000000,0,0,0,0,0,0,0,0,NOT_ATTEMPTED,4,0,0,0,-1,-1,-1,-1,-1,0,0,0,0,0,0,0,0,0,0,0,0,0,,,,,,,,,,,,,0,0,0,0,0,0,0,0,0,0,0,0,0,0,0,0,0,0,0,BOTTLENECK_TARGET_FRONTIER_CONTINUITY_V2,0,0,0,0,0,0,0,0,0,0,0,0,0,0,0,0,0,0.136981,0,0,0,0,0,0,15.8661,19.7886,5,5,4,21,15,0.453156,2160,3,6,22,TASKBR_VACANCY_V1,3.67718,4,21,12,18,3,19,1.20219,0.03547,0,12,0,52,52,0,19,19,"1,1,1,2,1,1,1,2,1,1,1,1,1,1,1,1,1,1,1",4,6,19,190.684,215,0,7.88453,1.04227,54,240000000,0,244,1,SOLVED,248,248.368,730a78d51f9d7814dc37ebb04c94c6e1f0d625caca66fbcca4e6c63b7359a46c,0.259,ok,
g4_dhigh_ascarce_pmixed_gshared_pool_seed0,warehouse_random_factorial,carrier_brd,1,43,217.0,217000000,60,121,36,6,0.2326,191,43,217,217000000,43,217,217000000,0,0,0,0,0,0,0,0,NOT_ATTEMPTED,4,0,0,0,-1,-1,-1,-1,-1,0,0,0,0,0,0,0,0,0,0,0,0,0,,,,,,,,,,,,,0,0,0,0,0,0,0,0,0,0,0,0,0,0,0,0,0,0,0,BOTTLENECK_TARGET_FRONTIER_CONTINUITY_V2,0,0,0,0,0,0,0,0,0,0,0,0,0,0,0,0,0,0.110501,0,0,0,0,0,0,19.264,20.1009,3,3,2,18,32,0.500766,4608,0,0,24,TASKBR_VACANCY_V1,3.45721,2,18,12,18,0,13,1.17991,0.033226,0,12,0,42,42,0,13,13,"1,1,1,2,1,1,2,2,1,2,1,2,1",4,3,13,134.221,159,0,5.81399,0.830643,43,217000000,0,187,1,SOLVED,191,191.226,321d43f81e9088d37eed622fd92eaadc7832da2dc276a4fe6eb6f460567f8d56,0.203,ok,
g4_dhigh_ascarce_pmixed_gsingleton_seed0,warehouse_random_factorial,carrier_brd,1,55,288.0,288000000,108,144,36,6,0.3273,207,55,288,288000000,55,288,288000000,0,0,0,0,0,0,0,0,NOT_ATTEMPTED,1,0,0,0,-1,-1,-1,-1,-1,0,0,0,0,0,0,0,0,0,0,0,0,0,,,,,,,,,,,,,0,0,0,0,0,0,0,0,0,0,0,0,0,0,0,0,0,0,0,BOTTLENECK_TARGET_FRONTIER_CONTINUITY_V2,0,0,0,0,0,0,0,0,0,0,0,0,0,0,0,0,0,0.138435,0,0,0,0,0,0,15.4721,19.399,3,3,2,18,9,0.265258,1296,0,0,36,TASKBR_VACANCY_V1,3.43645,2,18,12,18,0,15,1.61852,0.036907,0,12,0,49,49,0,15,15,"1,1,1,2,1,2,1,1,1,2,1,1,1,1,1",5,4,15,152.261,224,0,6.15734,1.07007,55,288000000,0,203,1,SOLVED,207,207.873,d3867bff713a86dcbfd6cdd76c26de27da65ca3ccd2dc46966c1d7f9fb31b377,0.22,ok,
g4_dhigh_asurplus_pcross_heavy_gshared_pool_seed0,warehouse_random_factorial,carrier_brd,1,35,174.0,174000000,68,69,36,5,0.1079,175,35,174,174000000,35,174,174000000,0,0,0,0,0,0,0,0,NOT_ATTEMPTED,0,0,0,0,-1,-1,-1,-1,-1,0,0,0,0,0,0,0,0,0,0,0,0,0,,,,,,,,,,,,,0,0,0,0,0,0,0,0,0,0,0,0,0,0,0,0,0,0,0,BOTTLENECK_TARGET_FRONTIER_CONTINUITY_V2,0,0,0,0,0,0,0,0,0,0,0,0,0,0,0,0,0,0.111682,0,0,0,0,0,0,20.5904,18.6114,4,4,3,18,35,0.616313,5040,1,1,3,TASKBR_VACANCY_V1,3.35369,3,18,12,17,1,12,1.43035,0.022772,0,12,0,35,35,0,12,12,"1,2,1,1,3,1,1,2,3,1,1,1",6,0,12,120.078,127,0,4.98138,0.727655,35,174000000,0,172,1,SOLVED,175,175.947,1d47dcae6628ca03e33f476ab6f247a8e48517365a6d3f00cfd4feea3087152a,0.189,ok,
g4_dhigh_asurplus_pcross_heavy_gsingleton_seed0,warehouse_random_factorial,carrier_brd,1,29,226.0,226000000,123,67,36,6,0.2356,178,29,226,226000000,29,226,226000000,0,0,0,0,0,0,0,0,NOT_ATTEMPTED,5,0,0,0,-1,-1,-1,-1,-1,0,0,0,0,0,0,0,0,0,0,0,0,0,,,,,,,,,,,,,0,0,0,0,0,0,0,0,0,0,0,0,0,0,0,0,0,0,0,BOTTLENECK_TARGET_FRONTIER_CONTINUITY_V2,0,0,0,0,0,0,0,0,0,0,0,0,0,0,0,0,0,0.147295,0,0,0,0,0,0,15.765,20.1922,3,3,2,18,11,0.287336,1584,0,0,20,TASKBR_VACANCY_V1,3.66707,2,18,12,18,0,12,0.839665,0.016372,0,12,0,19,19,0,12,12,"1,1,3,1,1,1,3,1,1,3,1,1",10,0,12,125.614,173,0,4.88432,0.661848,29,226000000,0,176,1,SOLVED,178,178.583,88892c952817d4206e7d195022612f93bb6afd2bd7e3bfd715aeb9616330a620,0.19,ok,
g4_dhigh_asurplus_plocal_gshared_pool_seed0,warehouse_random_factorial,carrier_brd,1,22,151.0,151000000,55,64,32,4,0.1389,187,22,151,151000000,22,151,151000000,0,0,0,0,0,0,0,0,NOT_ATTEMPTED,0,0,0,0,-1,-1,-1,-1,-1,0,0,0,0,0,0,0,0,0,0,0,0,0,,,,,,,,,,,,,0,0,0,0,0,0,0,0,0,0,0,0,0,0,0,0,0,0,0,BOTTLENECK_TARGET_FRONTIER_CONTINUITY_V2,0,0,0,0,0,0,0,0,0,0,0,0,0,0,0,0,0,0.104183,0,0,0,0,0,0,19.3686,19.378,3,3,2,16,25,0.427466,3600,0,0,9,TASKBR_VACANCY_V1,3.10636,2,16,12,16,0,11,1.13725,0.020974,0,12,0,27,27,0,11,11,"1,3,1,1,1,1,4,1,1,1,1",6,0,11,133.273,97,0,5.60082,0.736253,22,151000000,0,184,1,SOLVED,187,187.788,c89057d2af5ebcce9aa44a84f8130252c9955e7e2d54d8eabe8a093f660a82ba,0.198,ok,
g4_dhigh_asurplus_plocal_gsingleton_seed0,warehouse_random_factorial,carrier_brd,1,32,175.0,175000000,78,49,42,6,0.1354,199,32,175,175000000,32,175,175000000,0,0,0,0,0,0,0,0,NOT_ATTEMPTED,0,0,0,0,-1,-1,-1,-1,-1,0,0,0,0,0,0,0,0,0,0,0,0,0,,,,,,,,,,,,,0,0,0,0,0,0,0,0,0,0,0,0,0,0,0,0,0,0,0,BOTTLENECK_TARGET_FRONTIER_CONTINUITY_V2,0,0,0,0,0,0,0,0,0,0,0,0,0,0,0,0,0,0.107132,0,0,0,0,0,0,15.8506,19.2475,5,5,4,21,15,0.449166,2160,3,6,22,TASKBR_VACANCY_V1,3.62135,4,21,12,18,3,15,1.10415,0.018223,0,12,0,25,25,0,15,15,"1,1,1,2,2,2,3,1,1,2,1,1,1,1,1",10,0,15,147.613,109,0,6.19825,0.747348,32,175000000,0,197,1,SOLVED,199,199.865,d728071abc5eada73788af6f334f2ee09e513286b93f0b71afc7d6a88155ca10,0.21,ok,
g4_dhigh_asurplus_pmixed_gshared_pool_seed0,warehouse_random_factorial,carrier_brd,1,22,151.0,151000000,60,55,36,6,0.1515,142,22,151,151000000,22,151,151000000,0,0,0,0,0,0,0,0,NOT_ATTEMPTED,0,0,0,0,-1,-1,-1,-1,-1,0,0,0,0,0,0,0,0,0,0,0,0,0,,,,,,,,,,,,,0,0,0,0,0,0,0,0,0,0,0,0,0,0,0,0,0,0,0,BOTTLENECK_TARGET_FRONTIER_CONTINUITY_V2,0,0,0,0,0,0,0,0,0,0,0,0,0,0,0,0,0,0.08173,0,0,0,0,0,0,18.8254,19.7941,3,3,2,18,32,0.518734,4608,0,0,24,TASKBR_VACANCY_V1,3.43319,2,18,12,18,0,9,0.935955,0.018082,0,12,0,25,25,0,9,9,"2,1,2,2,1,5,1,2,2",7,0,9,91.3362,91,0,3.71149,0.470822,22,151000000,0,141,1,SOLVED,142,143.063,7cba6686849d5f7bb7c83d278e40b1b645eaf912bfd811cca9dcb047100acbf9,0.153,ok,
g4_dhigh_asurplus_pmixed_gsingleton_seed0,warehouse_random_factorial,carrier_brd,0,,,,,,,,,,,,,,,,,,,,,,,,,,,,,,,,,,,,,,,,,,,,,,,,,,,,,,,,,,,,,,,,,,,,,,,,,,,,,,,,,,,,,,,,,,,,,,,,,,,,,,,,,,,,,,,,,,,,,,,,,,,,,,,,,,,,,,,,,,,,,,,,,,,,,,,10.044,timeout,
g4_dlow_abaseline_pcross_heavy_gshared_pool_seed0,warehouse_random_factorial,carrier_brd,1,36,208.0,208000000,63,109,36,6,0.2188,192,36,208,208000000,36,208,208000000,0,0,0,0,0,0,0,0,NOT_ATTEMPTED,0,0,0,0,-1,-1,-1,-1,-1,0,0,0,0,0,0,0,0,0,0,0,0,0,,,,,,,,,,,,,0,0,0,0,0,0,0,0,0,0,0,0,0,0,0,0,0,0,0,BOTTLENECK_TARGET_FRONTIER_CONTINUITY_V2,0,0,0,0,0,0,0,0,0,0,0,0,0,0,0,0,0,0.109372,0,0,0,0,0,0,19.4225,17.8442,3,3,2,18,23,0.375962,3312,0,0,0,TASKBR_VACANCY_V1,3.709,2,18,12,18,0,13,1.44228,0.032227,0,12,0,45,45,0,13,13,"2,2,1,1,1,1,1,1,2,3,1,1,1",4,1,13,145.458,132,0,6.20835,0.200596,36,208000000,0,191,1,SOLVED,192,192.4,41b6342e29e05b12ed2690e3fd4403e5e4ee0b39846370ce0e1c1286294bdb1b,0.201,ok,
g4_dlow_abaseline_pcross_heavy_gsingleton_seed0,warehouse_random_factorial,carrier_brd,1,41,242.0,242000000,111,95,36,6,0.3384,173,41,242,242000000,41,242,242000000,0,0,0,0,0,0,0,0,NOT_ATTEMPTED,0,0,0,0,-1,-1,-1,-1,-1,0,0,0,0,0,0,0,0,0,0,0,0,0,,,,,,,,,,,,,0,0,0,0,0,0,0,0,0,0,0,0,0,0,0,0,0,0,0,BOTTLENECK_TARGET_FRONTIER_CONTINUITY_V2,0,0,0,0,0,0,0,0,0,0,0,0,0,0,0,0,0,0.108251,0,0,0,0,0,0,16.0603,17.6077,3,3,2,18,11,0.285385,1584,0,0,0,TASKBR_VACANCY_V1,3.53787,2,18,12,18,0,13,1.30197,0.028062,0,12,0,38,38,0,13,13,"1,1,2,1,1,2,1,1,2,3,1,1,1",7,3,13,129.972,169,0,5.42566,0.222126,41,242000000,0,172,1,SOLVED,173,173.425,912086f56fc8307e0e07846542743967f42623e4fd035632fe993e341ed95102,0.183,ok,
g4_dlow_abaseline_plocal_gshared_pool_seed0,warehouse_random_factorial,carrier_brd,1,34,188.0,188000000,51,103,34,5,0.1875,164,34,188,188000000,34,188,188000000,0,0,0,0,0,0,0,0,NOT_ATTEMPTED,2,0,0,0,-1,-1,-1,-1,-1,0,0,0,0,0,0,0,0,0,0,0,0,0,,,,,,,,,,,,,0,0,0,0,0,0,0,0,0,0,0,0,0,0,0,0,0,0,0,BOTTLENECK_TARGET_FRONTIER_CONTINUITY_V2,0,0,0,0,0,0,0,0,0,0,0,0,0,0,0,0,0,0.093125,0,0,0,0,0,0,18.792,16.9779,3,3,2,17,17,0.313248,2448,0,0,4,TASKBR_VACANCY_V1,3.0889,2,17,12,17,0,12,1.47039,0.036069,0,12,0,47,47,0,12,12,"1,2,1,1,1,1,1,2,2,2,2,1",4,3,12,121.102,136,0,5.07867,0.181273,34,188000000,0,163,1,SOLVED,164,165.042,c104177db5c91f77f2c97f3bf6aff449f24738d17c4629e713eb199bea0e48d3,0.175,ok,
g4_dlow_abaseline_plocal_gsingleton_seed0,warehouse_random_factorial,carrier_brd,1,30,182.0,182000000,72,74,36,6,0.3,150,30,182,182000000,30,182,182000000,0,0,0,0,0,0,0,0,NOT_ATTEMPTED,0,0,0,0,-1,-1,-1,-1,-1,0,0,0,0,0,0,0,0,0,0,0,0,0,,,,,,,,,,,,,0,0,0,0,0,0,0,0,0,0,0,0,0,0,0,0,0,0,0,BOTTLENECK_TARGET_FRONTIER_CONTINUITY_V2,0,0,0,0,0,0,0,0,0,0,0,0,0,0,0,0,0,0.087793,0,0,0,0,0,0,15.5012,17.0297,3,3,2,18,9,0.23717,1296,0,0,19,TASKBR_VACANCY_V1,2.92115,2,18,12,18,0,11,1.13584,0.028269,0,12,0,33,33,0,11,11,"1,1,2,2,1,1,1,2,4,2,1",7,1,11,109.344,134,0,4.417,0.166379,30,182000000,0,149,1,SOLVED,150,150.32,a819f42341dbd4794c0590d42f51492bf618bcb52f90cd7ea4ae0dffcfe270cc,0.16,ok,
g4_dlow_abaseline_pmixed_gshared_pool_seed0,warehouse_random_factorial,carrier_brd,1,35,199.0,199000000,57,104,38,7,0.2036,176,35,199,199000000,35,199,199000000,0,0,0,0,0,0,0,0,NOT_ATTEMPTED,6,0,0,0,-1,-1,-1,-1,-1,0,0,0,0,0,0,0,0,0,0,0,0,0,,,,,,,,,,,,,0,0,0,0,0,0,0,0,0,0,0,0,0,0,0,0,0,0,0,BOTTLENECK_TARGET_FRONTIER_CONTINUITY_V2,0,0,0,0,0,0,0,0,0,0,0,0,0,0,0,0,0,0.100288,0,0,0,0,0,0,18.9085,17.294,4,4,3,19,24,0.422508,3456,0,0,0,TASKBR_VACANCY_V1,3.31888,3,19,12,19,0,13,1.24047,0.031426,0,12,0,42,42,0,13,13,"2,1,2,1,1,1,1,1,2,4,1,1,1",5,3,13,132.186,139,0,5.69756,0.186624,35,199000000,0,175,1,SOLVED,176,177.346,15d4254a016f85c721414857a41e77ae26e82d87d83de7671803db7b9c1d86a1,0.188,ok,
g4_dlow_abaseline_pmixed_gsingleton_seed0,warehouse_random_factorial,carrier_brd,1,36,240.0,240000000,108,96,36,6,0.375,173,36,240,240000000,36,240,240000000,0,0,0,0,0,0,0,0,NOT_ATTEMPTED,2,0,0,0,-1,-1,-1,-1,-1,0,0,0,0,0,0,0,0,0,0,0,0,0,,,,,,,,,,,,,0,0,0,0,0,0,0,0,0,0,0,0,0,0,0,0,0,0,0,BOTTLENECK_TARGET_FRONTIER_CONTINUITY_V2,0,0,0,0,0,0,0,0,0,0,0,0,0,0,0,0,0,0.113791,0,0,0,0,0,0,15.6001,17.8561,3,3,2,18,9,0.232859,1296,0,0,0,TASKBR_VACANCY_V1,4.95047,2,18,12,18,0,12,1.43845,0.039963,0,12,0,40,40,0,12,12,"1,1,1,1,2,2,1,1,3,1,2,2",7,2,12,127.938,154,0,5.00824,0.230321,36,240000000,0,172,1,SOLVED,173,173.365,d763f1a619a3572db9183fcfbf9c1da5a5962ca8a3c9bc2ed155f6592dbb7f3c,0.183,ok,
g4_dlow_aequal_pcross_heavy_gshared_pool_seed0,warehouse_random_factorial,carrier_brd,1,22,183.0,183000000,63,84,36,6,0.2386,157,22,183,183000000,22,183,183000000,0,0,0,0,0,0,0,0,NOT_ATTEMPTED,0,0,0,0,-1,-1,-1,-1,-1,0,0,0,0,0,0,0,0,0,0,0,0,0,,,,,,,,,,,,,0,0,0,0,0,0,0,0,0,0,0,0,0,0,0,0,0,0,0,BOTTLENECK_TARGET_FRONTIER_CONTINUITY_V2,0,0,0,0,0,0,0,0,0,0,0,0,0,0,0,0,0,0.098912,0,0,0,0,0,0,18.812,17.5048,3,3,2,18,23,0.374333,3312,0,0,0,TASKBR_VACANCY_V1,3.42931,2,18,12,18,0,10,1.07206,0.022752,0,12,0,32,32,0,10,10,"1,1,1,3,3,1,1,5,1,1",6,0,10,113.873,92,0,4.68024,0.136736,22,183000000,0,157,1,SOLVED,157,158.386,2840ed385da59719ef5b9663d140b4923f11d8c6db8b04f90ad8bf500eea696c,0.168,ok,
g4_dlow_aequal_pcross_heavy_gsingleton_seed0,warehouse_random_factorial,carrier_brd,1,39,265.0,265000000,127,102,36,6,0.2714,169,39,265,265000000,39,265,265000000,0,0,0,0,0,0,0,0,NOT_ATTEMPTED,15,0,0,0,-1,-1,-1,-1,-1,0,0,0,0,0,0,0,0,0,0,0,0,0,,,,,,,,,,,,,0,0,0,0,0,0,0,0,0,0,0,0,0,0,0,0,0,0,0,BOTTLENECK_TARGET_FRONTIER_CONTINUITY_V2,0,0,0,0,0,0,0,0,0,0,0,0,0,0,0,0,0,0.197361,0,0,0,0,0,0,15.7692,17.9085,3,3,2,18,11,0.257172,1584,0,0,0,TASKBR_VACANCY_V1,3.32766,2,18,12,18,0,11,0.856024,0.02386,0,12,0,28,28,0,11,11,"1,1,1,1,2,1,7,1,1,1,1",10,0,11,124.541,228,0,5.02501,0.215032,39,265000000,0,168,1,SOLVED,169,169.349,81ba6c8072522a6efbc958f777d3f864f10166c490556b6ca224ee41b644f2d7,0.179,ok,
g4_dlow_aequal_plocal_gshared_pool_seed0,warehouse_random_factorial,carrier_brd,1,21,181.0,181000000,51,96,34,5,0.2024,136,21,181,181000000,21,181,181000000,0,0,0,0,0,0,0,0,NOT_ATTEMPTED,0,0,0,0,-1,-1,-1,-1,-1,0,0,0,0,0,0,0,0,0,0,0,0,0,,,,,,,,,,,,,0,0,0,0,0,0,0,0,0,0,0,0,0,0,0,0,0,0,0,BOTTLENECK_TARGET_FRONTIER_CONTINUITY_V2,0,0,0,0,0,0,0,0,0,0,0,0,0,0,0,0,0,0.078439,0,0,0,0,0,0,18.4514,17.1386,3,3,2,17,17,0.321187,2448,0,0,4,TASKBR_VACANCY_V1,3.0857,2,17,12,17,0,8,1.47105,0.024712,0,12,0,30,30,0,8,8,"2,3,2,1,1,1,5,2",6,0,8,93.1321,76,0,3.78158,0.149002,21,181000000,0,135,1,SOLVED,136,137.079,d2b01b588dca9f23abfe54b5446554f31cc523d459667573a43d48f8a8674bb8,0.147,ok,
g4_dlow_aequal_plocal_gsingleton_seed0,warehouse_random_factorial,carrier_brd,1,19,169.0,169000000,72,61,36,6,0.3158,159,19,169,169000000,19,169,169000000,0,0,0,0,0,0,0,0,NOT_ATTEMPTED,0,0,0,0,-1,-1,-1,-1,-1,0,0,0,0,0,0,0,0,0,0,0,0,0,,,,,,,,,,,,,0,0,0,0,0,0,0,0,0,0,0,0,0,0,0,0,0,0,0,BOTTLENECK_TARGET_FRONTIER_CONTINUITY_V2,0,0,0,0,0,0,0,0,0,0,0,0,0,0,0,0,0,0.08553,0,0,0,0,0,0,15.3621,20.5014,3,3,2,18,9,0.289683,1296,0,0,19,TASKBR_VACANCY_V1,4.50336,2,18,12,18,0,11,0.690031,0.02341,0,12,0,24,24,0,11,11,"2,1,1,1,1,1,2,2,5,1,1",8,0,11,113.591,75,0,4.6522,0.117395,19,169000000,0,159,1,SOLVED,159,160.3,895fceb57bedaf7619780e129289ba3930f189e1f17a129b9c18222e9ac887c9,0.17,ok,
g4_dlow_aequal_pmixed_gshared_pool_seed0,warehouse_random_factorial,carrier_brd,1,26,205.0,205000000,57,110,38,7,0.1827,172,26,205,205000000,26,205,205000000,0,0,0,0,0,0,0,0,NOT_ATTEMPTED,4,0,0,0,-1,-1,-1,-1,-1,0,0,0,0,0,0,0,0,0,0,0,0,0,,,,,,,,,,,,,0,0,0,0,0,0,0,0,0,0,0,0,0,0,0,0,0,0,0,BOTTLENECK_TARGET_FRONTIER_CONTINUITY_V2,0,0,0,0,0,0,0,0,0,0,0,0,0,0,0,0,0,0.088816,0,0,0,0,0,0,18.2156,17.3505,4,4,3,19,24,0.426177,3456,0,0,0,TASKBR_VACANCY_V1,3.27473,3,19,12,19,0,13,0.867262,0.023726,0,12,0,36,36,0,13,13,"3,1,1,1,1,1,1,3,2,2,1,1,1",6,0,13,128.679,99,0,5.36162,0.161553,26,205000000,0,171,1,SOLVED,172,172.736,ad3ff1505640675509dd0ef591568b7b28d419d75172ba8a1ca504af5f5b15d6,0.182,ok,
g4_dlow_aequal_pmixed_gsingleton_seed0,warehouse_random_factorial,carrier_brd,1,28,239.0,239000000,106,97,36,6,0.3155,162,28,239,239000000,28,239,239000000,0,0,0,0,0,0,0,0,NOT_ATTEMPTED,2,0,0,0,-1,-1,-1,-1,-1,0,0,0,0,0,0,0,0,0,0,0,0,0,,,,,,,,,,,,,0,0,0,0,0,0,0,0,0,0,0,0,0,0,0,0,0,0,0,BOTTLENECK_TARGET_FRONTIER_CONTINUITY_V2,0,0,0,0,0,0,0,0,0,0,0,0,0,0,0,0,0,0.133513,0,0,0,0,0,0,15.8995,17.4226,3,3,2,18,9,0.240822,1296,0,0,0,TASKBR_VACANCY_V1,3.31103,2,18,12,18,0,12,1.63833,0.025385,0,12,0,36,36,0,12,12,"1,1,1,1,1,2,1,2,1,4,2,1",8,0,12,119.24,168,0,4.82941,0.164684,28,239000000,0,161,1,SOLVED,162,162.714,a1cecf8ceae36ce48d4245d49937550732202ae777aa681758ea1ce89d0e5bf4,0.173,ok,
g4_dlow_ascarce_pcross_heavy_gshared_pool_seed0,warehouse_random_factorial,carrier_brd,1,51,216.0,216000000,63,117,36,6,0.2059,145,51,216,216000000,51,216,216000000,0,0,0,0,0,0,0,0,NOT_ATTEMPTED,1,0,0,0,-1,-1,-1,-1,-1,0,0,0,0,0,0,0,0,0,0,0,0,0,,,,,,,,,,,,,0,0,0,0,0,0,0,0,0,0,0,0,0,0,0,0,0,0,0,BOTTLENECK_TARGET_FRONTIER_CONTINUITY_V2,0,0,0,0,0,0,0,0,0,0,0,0,0,0,0,0,0,0.077914,0,0,0,0,0,0,19.0636,17.5581,3,3,2,18,23,0.359389,3312,0,0,0,TASKBR_VACANCY_V1,3.36031,2,18,12,18,0,10,1.12675,0.028641,0,12,0,36,36,0,10,10,"3,1,1,1,1,1,1,3,5,1",3,2,10,100.261,137,0,4.06924,0.241547,51,216000000,0,144,1,SOLVED,145,145.636,aefc080e66a5a650d085c6ad82069ca8c5ec3f2b6704c61e3c70a91af390c364,0.155,ok,
g4_dlow_ascarce_pcross_heavy_gsingleton_seed0,warehouse_random_factorial,carrier_brd,1,79,370.0,370000000,169,165,36,6,0.3565,192,79,370,370000000,79,370,370000000,0,0,0,0,0,0,0,0,NOT_ATTEMPTED,63,0,0,0,-1,-1,-1,-1,-1,0,0,0,0,0,0,0,0,0,0,0,0,0,,,,,,,,,,,,,0,0,0,0,0,0,0,0,0,0,0,0,0,0,0,0,0,0,0,BOTTLENECK_TARGET_FRONTIER_CONTINUITY_V2,0,0,0,0,0,0,0,0,0,0,0,0,0,0,0,0,0,0.265124,0,0,0,0,0,0,15.8646,17.5361,3,3,2,18,11,0.248048,1584,0,0,0,TASKBR_VACANCY_V1,3.32849,2,18,12,18,0,14,1.84764,0.031371,0,12,0,38,38,0,14,14,"1,1,1,2,1,1,1,1,1,2,2,2,1,1",5,5,14,147.611,486,0,5.84636,0.369684,79,370000000,0,190,1,SOLVED,192,192.379,75132573b54fd852f3414724d9e83acaa1650078af1a2aa107f8b0d24546398f,0.201,ok,
g4_dlow_ascarce_plocal_gshared_pool_seed0,warehouse_random_factorial,carrier_brd,1,45,219.0,219000000,51,134,34,5,0.1889,195,45,219,219000000,45,219,219000000,0,0,0,0,0,0,0,0,NOT_ATTEMPTED,8,0,0,0,-1,-1,-1,-1,-1,0,0,0,0,0,0,0,0,0,0,0,0,0,,,,,,,,,,,,,0,0,0,0,0,0,0,0,0,0,0,0,0,0,0,0,0,0,0,BOTTLENECK_TARGET_FRONTIER_CONTINUITY_V2,0,0,0,0,0,0,0,0,0,0,0,0,0,0,0,0,0,0.108763,0,0,0,0,0,0,18.4335,16.8761,3,3,2,17,17,0.324688,2448,0,0,4,TASKBR_VACANCY_V1,3.01951,2,17,12,17,0,15,1.38948,0.041053,0,12,0,53,53,0,15,15,"1,1,1,1,1,1,1,1,1,2,1,2,1,1,1",3,13,15,149.498,182,0,6.24607,0.227021,45,219000000,0,193,1,SOLVED,195,195.302,35ad6e711b2b9065a56e4faeb5c643da869b7d78bb920277d200410200866ce5,0.205,ok,
g4_dlow_ascarce_plocal_gsingleton_seed0,warehouse_random_factorial,carrier_brd,1,43,221.0,221000000,72,113,36,6,0.2791,196,43,221,221000000,43,221,221000000,0,0,0,0,0,0,0,0,NOT_ATTEMPTED,4,0,0,0,-1,-1,-1,-1,-1,0,0,0,0,0,0,0,0,0,0,0,0,0,,,,,,,,,,,,,0,0,0,0,0,0,0,0,0,0,0,0,0,0,0,0,0,0,0,BOTTLENECK_TARGET_FRONTIER_CONTINUITY_V2,0,0,0,0,0,0,0,0,0,0,0,0,0,0,0,0,0,0.112845,0,0,0,0,0,0,15.4751,17.3294,3,3,2,18,9,0.229132,1296,0,0,19,TASKBR_VACANCY_V1,2.82428,2,18,12,18,0,15,1.59967,0.0395,0,12,0,47,47,0,15,15,"1,1,1,2,1,1,1,1,2,1,2,1,1,1,1",4,6,15,155.005,173,0,6.25371,0.208541,43,221000000,0,195,1,SOLVED,196,196.77,2967343614680f0780ccced9fef54790f5ab6811ba00a6b7ea3aa5168b40102c,0.206,ok,
g4_dlow_ascarce_pmixed_gshared_pool_seed0,warehouse_random_factorial,carrier_brd,1,42,208.0,208000000,57,113,38,7,0.2262,225,42,208,208000000,42,208,208000000,0,0,0,0,0,0,0,0,NOT_ATTEMPTED,5,0,0,0,-1,-1,-1,-1,-1,0,0,0,0,0,0,0,0,0,0,0,0,0,,,,,,,,,,,,,0,0,0,0,0,0,0,0,0,0,0,0,0,0,0,0,0,0,0,BOTTLENECK_TARGET_FRONTIER_CONTINUITY_V2,0,0,0,0,0,0,0,0,0,0,0,0,0,0,0,0,0,0.125562,0,0,0,0,0,0,18.3281,17.0679,4,4,3,19,24,0.416297,3456,0,0,0,TASKBR_VACANCY_V1,3.27238,3,19,12,19,0,18,1.4186,0.041099,0,12,0,54,54,0,18,18,"1,1,1,1,1,1,1,1,1,1,1,2,1,1,1,1,1,1",4,4,18,180.123,203,0,7.54589,0.22581,42,208000000,0,224,1,SOLVED,225,225.57,8bd7528ee383f255f02402a2bd1afb2ec032505ce9de076aa4cf987cd1bfed10,0.236,ok,
g4_dlow_ascarce_pmixed_gsingleton_seed0,warehouse_random_factorial,carrier_brd,1,53,281.0,281000000,106,139,36,6,0.3333,202,53,281,281000000,53,281,281000000,0,0,0,0,0,0,0,0,NOT_ATTEMPTED,3,0,0,0,-1,-1,-1,-1,-1,0,0,0,0,0,0,0,0,0,0,0,0,0,,,,,,,,,,,,,0,0,0,0,0,0,0,0,0,0,0,0,0,0,0,0,0,0,0,BOTTLENECK_TARGET_FRONTIER_CONTINUITY_V2,0,0,0,0,0,0,0,0,0,0,0,0,0,0,0,0,0,0.126868,0,0,0,0,0,0,15.5484,17.5724,3,3,2,18,9,0.231374,1296,0,0,0,TASKBR_VACANCY_V1,3.44734,2,18,12,18,0,16,1.78178,0.035436,0,12,0,49,49,0,16,16,"1,1,1,2,1,1,1,2,1,1,1,1,1,1,1,1",5,5,16,159.377,218,0,6.51548,0.277887,53,281000000,0,201,1,SOLVED,202,202.478,7eaa540fe1b26079eacb4c5ace25c3ded077b1150bf3e02de6bdd27662d422aa,0.211,ok,
g4_dlow_asurplus_pcross_heavy_gshared_pool_seed0,warehouse_random_factorial,carrier_brd,1,21,164.0,164000000,63,65,36,6,0.1667,124,21,164,164000000,21,164,164000000,0,0,0,0,0,0,0,0,NOT_ATTEMPTED,0,0,0,0,-1,-1,-1,-1,-1,0,0,0,0,0,0,0,0,0,0,0,0,0,,,,,,,,,,,,,0,0,0,0,0,0,0,0,0,0,0,0,0,0,0,0,0,0,0,BOTTLENECK_TARGET_FRONTIER_CONTINUITY_V2,0,0,0,0,0,0,0,0,0,0,0,0,0,0,0,0,0,0.070589,0,0,0,0,0,0,18.7139,17.6136,3,3,2,18,23,0.353366,3312,0,0,0,TASKBR_VACANCY_V1,3.37579,2,18,12,18,0,8,1.75206,0.023307,0,12,0,32,32,0,8,8,"1,1,2,4,2,1,1,6",6,0,8,79.6725,79,0,3.31971,0.147207,21,164000000,0,124,1,SOLVED,124,125.224,36413a02345609df5c03add07888383da5b97178ce263b73a06e2ef4818385d1,0.135,ok,
g4_dlow_asurplus_pcross_heavy_gsingleton_seed0,warehouse_random_factorial,carrier_brd,1,25,216.0,216000000,113,67,36,6,0.2511,160,25,216,216000000,25,216,216000000,0,0,0,0,0,0,0,0,NOT_ATTEMPTED,2,0,0,0,-1,-1,-1,-1,-1,0,0,0,0,0,0,0,0,0,0,0,0,0,,,,,,,,,,,,,0,0,0,0,0,0,0,0,0,0,0,0,0,0,0,0,0,0,0,BOTTLENECK_TARGET_FRONTIER_CONTINUITY_V2,0,0,0,0,0,0,0,0,0,0,0,0,0,0,0,0,0,0.101491,0,0,0,0,0,0,15.4736,17.6129,3,3,2,18,11,0.266797,1584,0,0,0,TASKBR_VACANCY_V1,3.42255,2,18,12,18,0,12,0.808808,0.016231,0,12,0,19,19,0,12,12,"1,1,3,1,1,1,1,2,2,2,2,1",10,0,12,118.317,100,0,5.09415,0.168937,25,216000000,0,160,1,SOLVED,160,161.275,7d9722a58f2392dd3f042307da29d7341b41429670596c3c980c05eafe523ff9,0.17,ok,
g4_dlow_asurplus_plocal_gshared_pool_seed0,warehouse_random_factorial,carrier_brd,1,21,149.0,149000000,51,64,34,5,0.1349,153,21,149,149000000,21,149,149000000,0,0,0,0,0,0,0,0,NOT_ATTEMPTED,0,0,0,0,-1,-1,-1,-1,-1,0,0,0,0,0,0,0,0,0,0,0,0,0,,,,,,,,,,,,,0,0,0,0,0,0,0,0,0,0,0,0,0,0,0,0,0,0,0,BOTTLENECK_TARGET_FRONTIER_CONTINUITY_V2,0,0,0,0,0,0,0,0,0,0,0,0,0,0,0,0,0,0.102496,0,0,0,0,0,0,18.4952,16.8799,3,3,2,17,17,0.309991,2448,0,0,4,TASKBR_VACANCY_V1,3.04081,2,17,12,17,0,11,1.40476,0.021706,0,12,0,33,33,0,11,11,"1,1,2,1,2,1,1,1,5,1,1",7,0,11,110.015,131,0,4.51708,0.159171,21,149000000,0,152,1,SOLVED,153,154.108,d2e6567aea3f28e4dfa42d3a9f2d0cb447c8d597ea777d7b0751bc7ec41b04e4,0.164,ok,
g4_dlow_asurplus_plocal_gsingleton_seed0,warehouse_random_factorial,carrier_brd,1,17,149.0,149000000,72,41,36,6,0.2353,130,17,149,149000000,17,149,149000000,0,0,0,0,0,0,0,0,NOT_ATTEMPTED,0,0,0,0,-1,-1,-1,-1,-1,0,0,0,0,0,0,0,0,0,0,0,0,0,,,,,,,,,,,,,0,0,0,0,0,0,0,0,0,0,0,0,0,0,0,0,0,0,0,BOTTLENECK_TARGET_FRONTIER_CONTINUITY_V2,0,0,0,0,0,0,0,0,0,0,0,0,0,0,0,0,0,0.066944,0,0,0,0,0,0,16.2429,16.8661,3,3,2,18,9,0.226556,1296,0,0,19,TASKBR_VACANCY_V1,2.86032,2,18,12,18,0,9,0.844545,0.016235,0,12,0,19,19,0,9,9,"2,2,2,3,2,3,1,1,2",9,0,9,90.0495,65,0,3.90923,0.141618,17,149000000,0,130,1,SOLVED,130,131.179,913e462a7a12e5ec9a4b3b7992802f33d9951047c282347a8fbf561b559c2bf4,0.143,ok,
g4_dlow_asurplus_pmixed_gshared_pool_seed0,warehouse_random_factorial,carrier_brd,1,25,150.0,150000000,57,55,38,7,0.1267,164,25,150,150000000,25,150,150000000,0,0,0,0,0,0,0,0,NOT_ATTEMPTED,0,0,0,0,-1,-1,-1,-1,-1,0,0,0,0,0,0,0,0,0,0,0,0,0,,,,,,,,,,,,,0,0,0,0,0,0,0,0,0,0,0,0,0,0,0,0,0,0,0,BOTTLENECK_TARGET_FRONTIER_CONTINUITY_V2,0,0,0,0,0,0,0,0,0,0,0,0,0,0,0,0,0,0.083183,0,0,0,0,0,0,18.61,17.0515,4,4,3,19,24,0.423388,3456,0,0,0,TASKBR_VACANCY_V1,3.28472,3,19,12,19,0,12,1.02829,0.019032,0,12,0,26,26,0,12,12,"2,1,2,2,1,5,1,1,1,1,1,1",7,0,12,120.223,102,0,4.92362,0.176075,25,150000000,0,163,1,SOLVED,164,164.442,c62534db7f169621043958f0e8dd0abbfe3a04c16b84c8af3a26a999d563bd1c,0.174,ok,
g4_dlow_asurplus_pmixed_gsingleton_seed0,warehouse_random_factorial,carrier_brd,1,23,202.0,202000000,104,62,36,6,0.2512,168,23,202,202000000,23,202,202000000,0,0,0,0,0,0,0,0,NOT_ATTEMPTED,2,0,0,0,-1,-1,-1,-1,-1,0,0,0,0,0,0,0,0,0,0,0,0,0,,,,,,,,,,,,,0,0,0,0,0,0,0,0,0,0,0,0,0,0,0,0,0,0,0,BOTTLENECK_TARGET_FRONTIER_CONTINUITY_V2,0,0,0,0,0,0,0,0,0,0,0,0,0,0,0,0,0,0.094284,0,0,0,0,0,0,16.2937,17.5523,3,3,2,18,9,0.276628,1296,0,0,0,TASKBR_VACANCY_V1,3.39425,2,18,12,18,0,11,0.810523,0.019055,0,12,0,21,21,0,11,11,"1,1,2,1,3,3,1,2,2,1,1",10,0,11,125.607,81,0,5.06038,0.17594,23,202000000,0,167,1,SOLVED,168,168.61,11d83e9afac68edd9e11f0d4a78829edd6d77204708ed585ad3070503516b39f,0.178,ok,
g4_dmedium_abaseline_pcross_heavy_gshared_pool_seed0,warehouse_random_factorial,carrier_brd,1,40,220.0,220000000,67,119,34,5,0.2094,168,40,220,220000000,40,220,220000000,0,0,0,0,0,0,0,0,NOT_ATTEMPTED,1,0,0,0,-1,-1,-1,-1,-1,0,0,0,0,0,0,0,0,0,0,0,0,0,,,,,,,,,,,,,0,0,0,0,0,0,0,0,0,0,0,0,0,0,0,0,0,0,0,BOTTLENECK_TARGET_FRONTIER_CONTINUITY_V2,0,0,0,0,0,0,0,0,0,0,0,0,0,0,0,0,0,0.101897,0,0,0,0,0,0,18.8873,17.9176,3,3,2,17,34,0.469223,4896,0,0,0,TASKBR_VACANCY_V1,3.13859,2,17,12,17,0,12,1.14475,0.031999,0,12,0,43,43,0,12,12,"2,1,1,1,1,1,2,2,1,3,1,1",4,7,12,117.961,152,0,5.00113,0.397848,40,220000000,0,166,1,SOLVED,168,168.091,ebfd72c151b359e99758268a5b8f921520978a771448a61b57a98d624c5cfb5f,0.178,ok,
g4_dmedium_abaseline_pcross_heavy_gsingleton_seed0,warehouse_random_factorial,carrier_brd,1,41,240.0,240000000,113,91,36,6,0.3445,166,41,240,240000000,41,240,240000000,0,0,0,0,0,0,0,0,NOT_ATTEMPTED,0,0,0,0,-1,-1,-1,-1,-1,0,0,0,0,0,0,0,0,0,0,0,0,0,,,,,,,,,,,,,0,0,0,0,0,0,0,0,0,0,0,0,0,0,0,0,0,0,0,BOTTLENECK_TARGET_FRONTIER_CONTINUITY_V2,0,0,0,0,0,0,0,0,0,0,0,0,0,0,0,0,0,0.101884,0,0,0,0,0,0,15.5929,18.5008,3,3,2,18,11,0.274706,1584,0,0,0,TASKBR_VACANCY_V1,3.47899,2,18,12,18,0,12,1.09897,0.025601,0,12,0,34,34,0,12,12,"1,3,1,1,2,1,1,2,3,1,1,1",7,3,12,118.592,148,0,4.8961,0.444662,41,240000000,0,164,1,SOLVED,166,166.486,d6e163db299a6e4ae3c20205ae3e06949f133655caab573118c73c211cbadf7b,0.177,ok,
g4_dmedium_abaseline_plocal_gshared_pool_seed0,warehouse_random_factorial,carrier_brd,1,31,193.0,193000000,53,106,34,5,0.2137,156,31,193,193000000,31,193,193000000,0,0,0,0,0,0,0,0,NOT_ATTEMPTED,4,0,0,0,-1,-1,-1,-1,-1,0,0,0,0,0,0,0,0,0,0,0,0,0,,,,,,,,,,,,,0,0,0,0,0,0,0,0,0,0,0,0,0,0,0,0,0,0,0,BOTTLENECK_TARGET_FRONTIER_CONTINUITY_V2,0,0,0,0,0,0,0,0,0,0,0,0,0,0,0,0,0,0.085216,0,0,0,0,0,0,19.6791,17.8594,3,3,2,17,21,0.380339,3024,0,0,5,TASKBR_VACANCY_V1,3.30082,2,17,12,17,0,11,0.990951,0.034047,0,12,0,40,40,0,11,11,"1,1,1,2,3,2,1,3,1,1,1",4,4,11,107.218,113,0,4.44609,0.349418,31,193000000,0,155,1,SOLVED,156,157,fe435d3d844281d7adfdedf5f7d2ba612b69bde7c83531248dd0633d2505c202,0.166,ok,
g4_dmedium_abaseline_plocal_gsingleton_seed0,warehouse_random_factorial,carrier_brd,1,38,194.0,194000000,74,78,40,6,0.2434,175,38,194,194000000,38,194,194000000,0,0,0,0,0,0,0,0,NOT_ATTEMPTED,0,0,0,0,-1,-1,-1,-1,-1,0,0,0,0,0,0,0,0,0,0,0,0,0,,,,,,,,,,,,,0,0,0,0,0,0,0,0,0,0,0,0,0,0,0,0,0,0,0,BOTTLENECK_TARGET_FRONTIER_CONTINUITY_V2,0,0,0,0,0,0,0,0,0,0,0,0,0,0,0,0,0,0.094391,0,0,0,0,0,0,15.5214,18.2384,5,5,4,20,13,0.408905,1872,2,2,19,TASKBR_VACANCY_V1,3.35282,4,20,12,18,2,13,0.84881,0.026193,0,12,0,35,35,0,13,13,"1,1,2,2,1,1,1,2,3,2,2,1,1",7,1,13,128.675,142,0,5.61846,0.373265,38,194000000,0,174,1,SOLVED,175,175.553,c7a4d52c4d0a95cb3bb26f16135149c39935066d2504e93b35b5bd7cd67be66d,0.185,ok,
g4_dmedium_abaseline_pmixed_gshared_pool_seed0,warehouse_random_factorial,carrier_brd,1,35,199.0,199000000,57,104,38,7,0.2036,178,35,199,199000000,35,199,199000000,0,0,0,0,0,0,0,0,NOT_ATTEMPTED,6,0,0,0,-1,-1,-1,-1,-1,0,0,0,0,0,0,0,0,0,0,0,0,0,,,,,,,,,,,,,0,0,0,0,0,0,0,0,0,0,0,0,0,0,0,0,0,0,0,BOTTLENECK_TARGET_FRONTIER_CONTINUITY_V2,0,0,0,0,0,0,0,0,0,0,0,0,0,0,0,0,0,0.102217,0,0,0,0,0,0,18.6522,18.6006,4,4,3,19,24,0.432473,3456,0,0,0,TASKBR_VACANCY_V1,3.24879,3,19,12,19,0,13,0.97924,0.032814,0,12,0,42,42,0,13,13,"2,1,2,1,1,1,1,1,2,4,1,1,1",5,3,13,127.825,139,0,5.14853,0.362951,35,199000000,0,177,1,SOLVED,178,178.416,15d4254a016f85c721414857a41e77ae26e82d87d83de7671803db7b9c1d86a1,0.187,ok,
g4_dmedium_abaseline_pmixed_gsingleton_seed0,warehouse_random_factorial,carrier_brd,1,35,238.0,238000000,112,90,36,6,0.4,168,35,238,238000000,35,238,238000000,0,0,0,0,0,0,0,0,NOT_ATTEMPTED,2,0,0,0,-1,-1,-1,-1,-1,0,0,0,0,0,0,0,0,0,0,0,0,0,,,,,,,,,,,,,0,0,0,0,0,0,0,0,0,0,0,0,0,0,0,0,0,0,0,BOTTLENECK_TARGET_FRONTIER_CONTINUITY_V2,0,0,0,0,0,0,0,0,0,0,0,0,0,0,0,0,0,0.113533,0,0,0,0,0,0,15.9476,18.538,3,3,2,18,9,0.236156,1296,0,0,0,TASKBR_VACANCY_V1,3.41011,2,18,12,18,0,12,1.09247,0.034335,0,12,0,37,37,0,12,12,"1,1,1,1,2,1,2,1,3,2,1,2",7,2,12,120.263,149,0,5.13541,0.353617,35,238000000,0,167,1,SOLVED,168,168.527,87d3a03842a8dd48487e0b16a8971349f81d638116b72bf69c883762392a799d,0.178,ok,
g4_dmedium_aequal_pcross_heavy_gshared_pool_seed0,warehouse_random_factorial,carrier_brd,1,23,185.0,185000000,67,84,34,5,0.2428,144,23,185,185000000,23,185,185000000,0,0,0,0,0,0,0,0,NOT_ATTEMPTED,0,0,0,0,-1,-1,-1,-1,-1,0,0,0,0,0,0,0,0,0,0,0,0,0,,,,,,,,,,,,,0,0,0,0,0,0,0,0,0,0,0,0,0,0,0,0,0,0,0,BOTTLENECK_TARGET_FRONTIER_CONTINUITY_V2,0,0,0,0,0,0,0,0,0,0,0,0,0,0,0,0,0,0.09011,0,0,0,0,0,0,18.4594,17.5695,3,3,2,17,34,0.499037,4896,0,0,0,TASKBR_VACANCY_V1,3.12913,2,17,12,17,0,10,0.74533,0.022351,0,12,0,32,32,0,10,10,"1,1,1,3,1,2,1,1,5,1",6,2,10,97.4149,110,0,3.93443,0.255055,23,185000000,0,143,1,SOLVED,144,144.588,543495e515d6e3c6569c8ba8d60a4cf6aae8ecf2b1d63ec2257efbb1a53efe82,0.154,ok,
g4_dmedium_aequal_pcross_heavy_gsingleton_seed0,warehouse_random_factorial,carrier_brd,1,35,261.0,261000000,123,102,36,6,0.2929,161,35,261,261000000,35,261,261000000,0,0,0,0,0,0,0,0,NOT_ATTEMPTED,15,0,0,0,-1,-1,-1,-1,-1,0,0,0,0,0,0,0,0,0,0,0,0,0,,,,,,,,,,,,,0,0,0,0,0,0,0,0,0,0,0,0,0,0,0,0,0,0,0,BOTTLENECK_TARGET_FRONTIER_CONTINUITY_V2,0,0,0,0,0,0,0,0,0,0,0,0,0,0,0,0,0,0.153447,0,0,0,0,0,0,15.6631,18.2234,3,3,2,18,11,0.261919,1584,0,0,0,TASKBR_VACANCY_V1,3.33065,2,18,12,18,0,11,0.766207,0.022713,0,12,0,28,28,0,11,11,"1,1,1,1,2,1,7,1,1,1,1",10,0,11,114.01,204,0,4.36634,0.402875,35,261000000,0,160,1,SOLVED,161,161.585,ea828fe4ec2b2013b137d7954f47866d8e969cfc6b3ca173744bf4da91780637,0.171,ok,
g4_dmedium_aequal_plocal_gshared_pool_seed0,warehouse_random_factorial,carrier_brd,1,22,183.0,183000000,53,96,34,5,0.2008,136,22,183,183000000,22,183,183000000,0,0,0,0,0,0,0,0,NOT_ATTEMPTED,0,0,0,0,-1,-1,-1,-1,-1,0,0,0,0,0,0,0,0,0,0,0,0,0,,,,,,,,,,,,,0,0,0,0,0,0,0,0,0,0,0,0,0,0,0,0,0,0,0,BOTTLENECK_TARGET_FRONTIER_CONTINUITY_V2,0,0,0,0,0,0,0,0,0,0,0,0,0,0,0,0,0,0.063375,0,0,0,0,0,0,19.5036,18.2084,3,3,2,17,21,0.373708,3024,0,0,5,TASKBR_VACANCY_V1,3.283,2,17,12,17,0,9,0.682706,0.021245,0,12,0,31,31,0,9,9,"3,1,1,1,2,2,5,1,1",5,0,9,87.9209,69,0,3.67837,0.238728,22,183000000,0,135,1,SOLVED,136,136.207,94686a5eebaa8375a300074f50555155e71ba6f761a77c62fd5bf612e94cfea4,0.146,ok,
g4_dmedium_aequal_plocal_gsingleton_seed0,warehouse_random_factorial,carrier_brd,1,30,181.0,181000000,74,65,40,6,0.2056,181,30,181,181000000,30,181,181000000,0,0,0,0,0,0,0,0,NOT_ATTEMPTED,0,0,0,0,-1,-1,-1,-1,-1,0,0,0,0,0,0,0,0,0,0,0,0,0,,,,,,,,,,,,,0,0,0,0,0,0,0,0,0,0,0,0,0,0,0,0,0,0,0,BOTTLENECK_TARGET_FRONTIER_CONTINUITY_V2,0,0,0,0,0,0,0,0,0,0,0,0,0,0,0,0,0,0.088185,0,0,0,0,0,0,15.2275,17.7799,5,5,4,20,13,0.406663,1872,2,2,19,TASKBR_VACANCY_V1,3.35585,4,20,12,18,2,14,0.677689,0.019858,0,12,0,28,28,0,14,14,"2,1,1,1,1,1,2,2,4,1,1,1,1,1",8,0,14,135.774,95,0,5.81214,0.303004,30,181000000,0,180,1,SOLVED,181,181.737,e16561747647dbd2efb47bf5398e49ef37b7f1f3823c727d8019b8a4092782ac,0.191,ok,
g4_dmedium_aequal_pmixed_gshared_pool_seed0,warehouse_random_factorial,carrier_brd,1,26,205.0,205000000,57,110,38,7,0.1827,175,26,205,205000000,26,205,205000000,0,0,0,0,0,0,0,0,NOT_ATTEMPTED,4,0,0,0,-1,-1,-1,-1,-1,0,0,0,0,0,0,0,0,0,0,0,0,0,,,,,,,,,,,,,0,0,0,0,0,0,0,0,0,0,0,0,0,0,0,0,0,0,0,BOTTLENECK_TARGET_FRONTIER_CONTINUITY_V2,0,0,0,0,0,0,0,0,0,0,0,0,0,0,0,0,0,0.08716,0,0,0,0,0,0,18.2782,18.6801,4,4,3,19,24,0.443582,3456,0,0,0,TASKBR_VACANCY_V1,3.3348,3,19,12,19,0,13,0.885917,0.02304,0,12,0,36,36,0,13,13,"3,1,1,1,1,1,1,3,2,2,1,1,1",6,0,13,126.332,99,0,5.29346,0.292251,26,205000000,0,174,1,SOLVED,175,175.898,ad3ff1505640675509dd0ef591568b7b28d419d75172ba8a1ca504af5f5b15d6,0.185,ok,
g4_dmedium_aequal_pmixed_gsingleton_seed0,warehouse_random_factorial,carrier_brd,1,28,238.0,238000000,112,90,36,6,0.3333,144,28,238,238000000,28,238,238000000,0,0,0,0,0,0,0,0,NOT_ATTEMPTED,1,0,0,0,-1,-1,-1,-1,-1,0,0,0,0,0,0,0,0,0,0,0,0,0,,,,,,,,,,,,,0,0,0,0,0,0,0,0,0,0,0,0,0,0,0,0,0,0,0,BOTTLENECK_TARGET_FRONTIER_CONTINUITY_V2,0,0,0,0,0,0,0,0,0,0,0,0,0,0,0,0,0,0.095694,0,0,0,0,0,0,15.414,18.5783,3,3,2,18,9,0.250628,1296,0,0,0,TASKBR_VACANCY_V1,3.37838,2,18,12,18,0,10,0.766215,0.023553,0,12,0,31,31,0,10,10,"1,1,1,1,3,5,1,3,1,1",8,0,10,98.679,103,0,4.08732,0.301073,28,238000000,0,143,1,SOLVED,144,144.39,694f4c42f6649cac8e5ed17eb112987c5c4d18d19f6800347779a7e50f252572,0.154,ok,
g4_dmedium_ascarce_pcross_heavy_gshared_pool_seed0,warehouse_random_factorial,carrier_brd,1,55,234.0,234000000,67,133,34,5,0.203,159,55,234,234000000,55,234,234000000,0,0,0,0,0,0,0,0,NOT_ATTEMPTED,1,0,0,0,-1,-1,-1,-1,-1,0,0,0,0,0,0,0,0,0,0,0,0,0,,,,,,,,,,,,,0,0,0,0,0,0,0,0,0,0,0,0,0,0,0,0,0,0,0,BOTTLENECK_TARGET_FRONTIER_CONTINUITY_V2,0,0,0,0,0,0,0,0,0,0,0,0,0,0,0,0,0,0.103523,0,0,0,0,0,0,18.9284,17.5536,3,3,2,17,34,0.512724,4896,0,0,0,TASKBR_VACANCY_V1,3.07616,2,17,12,17,0,11,1.16863,0.032092,0,12,0,37,37,0,11,11,"1,1,1,1,2,1,3,2,3,1,1",4,3,11,109.627,198,0,4.53188,0.473374,55,234000000,0,157,1,SOLVED,159,159.912,22efa2f6998bdf1796f48da9f99bbfaa35fed2fb41cd836889fe4e7474b46d54,0.169,ok,
g4_dmedium_ascarce_pcross_heavy_gsingleton_seed0,warehouse_random_factorial,carrier_brd,1,80,373.0,373000000,153,184,36,6,0.3187,227,80,373,373000000,80,373,373000000,0,0,0,0,0,0,0,0,NOT_ATTEMPTED,65,0,0,0,-1,-1,-1,-1,-1,0,0,0,0,0,0,0,0,0,0,0,0,0,,,,,,,,,,,,,0,0,0,0,0,0,0,0,0,0,0,0,0,0,0,0,0,0,0,BOTTLENECK_TARGET_FRONTIER_CONTINUITY_V2,0,0,0,0,0,0,0,0,0,0,0,0,0,0,0,0,0,0.319675,0,0,0,0,0,0,15.5488,18.2006,3,3,2,18,11,0.279722,1584,0,0,0,TASKBR_VACANCY_V1,3.40917,2,18,12,18,0,16,1.5119,0.034314,0,12,0,47,47,0,16,16,"2,1,2,1,1,1,1,1,1,1,1,1,1,1,1,1",4,5,16,173.672,594,0,7.23329,0.677213,80,373000000,0,224,1,SOLVED,227,227.22,d04f37063bef9ccae29f388dde07372dd88c6e08c9d589fb9e7384ed027f6d4f,0.237,ok,
g4_dmedium_ascarce_plocal_gshared_pool_seed0,warehouse_random_factorial,carrier_brd,1,39,205.0,205000000,53,118,34,5,0.2265,187,39,205,205000000,39,205,205000000,0,0,0,0,0,0,0,0,NOT_ATTEMPTED,2,0,0,0,-1,-1,-1,-1,-1,0,0,0,0,0,0,0,0,0,0,0,0,0,,,,,,,,,,,,,0,0,0,0,0,0,0,0,0,0,0,0,0,0,0,0,0,0,0,BOTTLENECK_TARGET_FRONTIER_CONTINUITY_V2,0,0,0,0,0,0,0,0,0,0,0,0,0,0,0,0,0,0.103084,0,0,0,0,0,0,19.4407,18.001,3,3,2,17,21,0.375501,3024,0,0,5,TASKBR_VACANCY_V1,3.28543,2,17,12,17,0,14,1.21325,0.037562,0,12,0,46,46,0,14,14,"1,1,2,1,1,1,1,1,1,2,1,1,2,1",3,6,14,136.558,143,0,5.93533,0.353485,39,205000000,0,185,1,SOLVED,187,187.202,d892a93be102c8a884b15e1e3a09b8ae0ddd124096449430e8eb8adf87acb3ca,0.197,ok,
g4_dmedium_ascarce_plocal_gsingleton_seed0,warehouse_random_factorial,carrier_brd,1,52,233.0,233000000,74,117,40,6,0.2372,259,52,233,233000000,52,233,233000000,0,0,0,0,0,0,0,0,NOT_ATTEMPTED,3,0,0,0,-1,-1,-1,-1,-1,0,0,0,0,0,0,0,0,0,0,0,0,0,,,,,,,,,,,,,0,0,0,0,0,0,0,0,0,0,0,0,0,0,0,0,0,0,0,BOTTLENECK_TARGET_FRONTIER_CONTINUITY_V2,0,0,0,0,0,0,0,0,0,0,0,0,0,0,0,0,0,0.138543,0,0,0,0,0,0,18.4398,27.7463,5,5,4,20,13,0.561058,1872,2,2,19,TASKBR_VACANCY_V1,5.67486,4,20,12,18,2,18,1.32688,0.039013,0,12,0,52,52,0,18,18,"1,1,1,2,1,1,1,1,2,1,1,1,1,1,1,1,1,1",4,5,18,193.398,195,0,8.01197,0.485875,52,233000000,0,257,1,SOLVED,259,259.803,aa9609b0c6aa8c5bd8924c35923d827a5e94d15fa8212c793d9a17ce44453042,0.269,ok,
g4_dmedium_ascarce_pmixed_gshared_pool_seed0,warehouse_random_factorial,carrier_brd,1,42,208.0,208000000,57,113,38,7,0.2262,231,42,208,208000000,42,208,208000000,0,0,0,0,0,0,0,0,NOT_ATTEMPTED,5,0,0,0,-1,-1,-1,-1,-1,0,0,0,0,0,0,0,0,0,0,0,0,0,,,,,,,,,,,,,0,0,0,0,0,0,0,0,0,0,0,0,0,0,0,0,0,0,0,BOTTLENECK_TARGET_FRONTIER_CONTINUITY_V2,0,0,0,0,0,0,0,0,0,0,0,0,0,0,0,0,0,0.130851,0,0,0,0,0,0,18.5829,18.7803,4,4,3,19,24,0.449159,3456,0,0,0,TASKBR_VACANCY_V1,3.23925,3,19,12,19,0,18,1.27783,0.041372,0,12,0,54,54,0,18,18,"1,1,1,1,1,1,1,1,1,1,1,2,1,1,1,1,1,1",4,4,18,177.258,203,0,7.53569,0.388162,42,208000000,0,229,1,SOLVED,231,231.412,8bd7528ee383f255f02402a2bd1afb2ec032505ce9de076aa4cf987cd1bfed10,0.242,ok,
g4_dmedium_ascarce_pmixed_gsingleton_seed0,warehouse_random_factorial,carrier_brd,1,55,288.0,288000000,108,144,36,6,0.3273,200,55,288,288000000,55,288,288000000,0,0,0,0,0,0,0,0,NOT_ATTEMPTED,1,0,0,0,-1,-1,-1,-1,-1,0,0,0,0,0,0,0,0,0,0,0,0,0,,,,,,,,,,,,,0,0,0,0,0,0,0,0,0,0,0,0,0,0,0,0,0,0,0,BOTTLENECK_TARGET_FRONTIER_CONTINUITY_V2,0,0,0,0,0,0,0,0,0,0,0,0,0,0,0,0,0,0.134669,0,0,0,0,0,0,15.6557,18.7747,3,3,2,18,9,0.258158,1296,0,0,0,TASKBR_VACANCY_V1,3.77125,2,18,12,18,0,15,1.62733,0.03641,0,12,0,49,49,0,15,15,"1,1,1,2,1,2,1,1,1,2,1,1,1,1,1",5,4,15,149.308,224,0,6.24066,0.505252,55,288000000,0,198,1,SOLVED,200,200.62,d3867bff713a86dcbfd6cdd76c26de27da65ca3ccd2dc46966c1d7f9fb31b377,0.211,ok,
g4_dmedium_asurplus_pcross_heavy_gshared_pool_seed0,warehouse_random_factorial,carrier_brd,1,23,166.0,166000000,67,65,34,5,0.1618,129,23,166,166000000,23,166,166000000,0,0,0,0,0,0,0,0,NOT_ATTEMPTED,0,0,0,0,-1,-1,-1,-1,-1,0,0,0,0,0,0,0,0,0,0,0,0,0,,,,,,,,,,,,,0,0,0,0,0,0,0,0,0,0,0,0,0,0,0,0,0,0,0,BOTTLENECK_TARGET_FRONTIER_CONTINUITY_V2,0,0,0,0,0,0,0,0,0,0,0,0,0,0,0,0,0,0.092136,0,0,0,0,0,0,19.2121,17.9009,3,3,2,17,34,0.507739,4896,0,0,0,TASKBR_VACANCY_V1,3.10245,2,17,12,17,0,8,1.26861,0.021392,0,12,0,30,30,0,8,8,"1,1,2,5,1,1,5,1",6,0,8,81.5077,101,0,3.31595,0.269383,23,166000000,0,128,1,SOLVED,129,129.681,391ef083ad40ae836d55300b8dd7dd3b9c9d834aa12a0cdf8ba06292fa7cdf80,0.14,ok,
g4_dmedium_asurplus_pcross_heavy_gsingleton_seed0,warehouse_random_factorial,carrier_brd,1,39,236.0,236000000,133,67,36,6,0.1895,176,39,236,236000000,39,236,236000000,0,0,0,0,0,0,0,0,NOT_ATTEMPTED,15,0,0,0,-1,-1,-1,-1,-1,0,0,0,0,0,0,0,0,0,0,0,0,0,,,,,,,,,,,,,0,0,0,0,0,0,0,0,0,0,0,0,0,0,0,0,0,0,0,BOTTLENECK_TARGET_FRONTIER_CONTINUITY_V2,0,0,0,0,0,0,0,0,0,0,0,0,0,0,0,0,0,0.21295,0,0,0,0,0,0,15.4439,18.2914,3,3,2,18,11,0.263683,1584,0,0,0,TASKBR_VACANCY_V1,3.46324,2,18,12,18,0,12,0.837816,0.018858,0,12,0,19,19,0,12,12,"1,1,3,1,1,1,3,1,1,3,1,1",10,0,12,127.341,329,0,4.77938,0.403896,39,236000000,0,174,1,SOLVED,176,176.283,443da74ed0e26bd1dc433902274b52b5e9423b44c39143e67ea90bc6cfedcdfd,0.186,ok,
g4_dmedium_asurplus_plocal_gshared_pool_seed0,warehouse_random_factorial,carrier_brd,1,22,151.0,151000000,53,64,34,5,0.1338,146,22,151,151000000,22,151,151000000,0,0,0,0,0,0,0,0,NOT_ATTEMPTED,0,0,0,0,-1,-1,-1,-1,-1,0,0,0,0,0,0,0,0,0,0,0,0,0,,,,,,,,,,,,,0,0,0,0,0,0,0,0,0,0,0,0,0,0,0,0,0,0,0,BOTTLENECK_TARGET_FRONTIER_CONTINUITY_V2,0,0,0,0,0,0,0,0,0,0,0,0,0,0,0,0,0,0.080987,0,0,0,0,0,0,19.6756,17.8471,3,3,2,17,21,0.371492,3024,0,0,5,TASKBR_VACANCY_V1,3.2804,2,17,12,17,0,10,1.08128,0.020075,0,12,0,28,28,0,10,10,"1,3,2,1,1,5,1,1,1,1",6,0,10,97.6765,89,0,4.13171,0.251236,22,151000000,0,145,1,SOLVED,146,146.767,9aee62848e5edf3ab0d83fd73a2a1dee6656cca26c2195b31e975af815a093cf,0.157,ok,
g4_dmedium_asurplus_plocal_gsingleton_seed0,warehouse_random_factorial,carrier_brd,1,29,161.0,161000000,74,45,40,6,0.1418,212,29,161,161000000,29,161,161000000,0,0,0,0,0,0,0,0,NOT_ATTEMPTED,0,0,0,0,-1,-1,-1,-1,-1,0,0,0,0,0,0,0,0,0,0,0,0,0,,,,,,,,,,,,,0,0,0,0,0,0,0,0,0,0,0,0,0,0,0,0,0,0,0,BOTTLENECK_TARGET_FRONTIER_CONTINUITY_V2,0,0,0,0,0,0,0,0,0,0,0,0,0,0,0,0,0,0.11478,0,0,0,0,0,0,15.5627,17.5631,5,5,4,20,13,0.412498,1872,2,2,19,TASKBR_VACANCY_V1,3.34472,4,20,12,18,2,14,1.0679,0.019037,0,12,0,23,23,0,14,14,"1,1,2,2,1,1,2,3,1,1,2,1,1,1",10,0,14,165.688,102,0,7.03712,0.329738,29,161000000,0,211,1,SOLVED,212,212.746,14e4742dacdaf9f80ddd67f5e0d0514d592ca090b6c59f2618cf4ea79fc64fdb,0.222,ok,
g4_dmedium_asurplus_pmixed_gshared_pool_seed0,warehouse_random_factorial,carrier_brd,1,25,150.0,150000000,57,55,38,7,0.1267,167,25,150,150000000,25,150,150000000,0,0,0,0,0,0,0,0,NOT_ATTEMPTED,0,0,0,0,-1,-1,-1,-1,-1,0,0,0,0,0,0,0,0,0,0,0,0,0,,,,,,,,,,,,,0,0,0,0,0,0,0,0,0,0,0,0,0,0,0,0,0,0,0,BOTTLENECK_TARGET_FRONTIER_CONTINUITY_V2,0,0,0,0,0,0,0,0,0,0,0,0,0,0,0,0,0,0.087455,0,0,0,0,0,0,18.3676,18.8852,4,4,3,19,24,0.450297,3456,0,0,0,TASKBR_VACANCY_V1,3.26849,3,19,12,19,0,12,1.07346,0.018987,0,12,0,26,26,0,12,12,"2,1,2,2,1,5,1,1,1,1,1,1",7,0,12,117.344,102,0,4.73785,0.295201,25,150000000,0,165,1,SOLVED,167,167.077,c62534db7f169621043958f0e8dd0abbfe3a04c16b84c8af3a26a999d563bd1c,0.177,ok,
g4_dmedium_asurplus_pmixed_gsingleton_seed0,warehouse_random_factorial,carrier_brd,1,25,210.0,210000000,110,64,36,6,0.2444,165,25,210,210000000,25,210,210000000,0,0,0,0,0,0,0,0,NOT_ATTEMPTED,1,0,0,0,-1,-1,-1,-1,-1,0,0,0,0,0,0,0,0,0,0,0,0,0,,,,,,,,,,,,,0,0,0,0,0,0,0,0,0,0,0,0,0,0,0,0,0,0,0,BOTTLENECK_TARGET_FRONTIER_CONTINUITY_V2,0,0,0,0,0,0,0,0,0,0,0,0,0,0,0,0,0,0.10251,0,0,0,0,0,0,15.7486,18.6901,3,3,2,18,9,0.256057,1296,0,0,0,TASKBR_VACANCY_V1,3.49539,2,18,12,18,0,12,0.834187,0.017308,0,12,0,22,22,0,12,12,"1,1,1,1,1,3,1,2,2,3,1,1",10,0,12,118.205,103,0,4.9932,0.295324,25,210000000,0,164,1,SOLVED,165,165.282,cfa1b53c868811a18f89d3de891fb57012895633c2b12cce570606f2540cbb6e,0.175,ok,
g5_dhigh_abaseline_pcross_heavy_gshared_pool_seed0,warehouse_random_factorial,carrier_brd,1,38,324.0,324000000,102,174,48,8,0.2237,392,38,324,324000000,38,324,324000000,0,0,0,0,0,0,0,0,NOT_ATTEMPTED,2,0,0,0,-1,-1,-1,-1,-1,0,0,0,0,0,0,0,0,0,0,0,0,0,,,,,,,,,,,,,0,0,0,0,0,0,0,0,0,0,0,0,0,0,0,0,0,0,0,BOTTLENECK_TARGET_FRONTIER_CONTINUITY_V2,0,0,0,0,0,0,0,0,0,0,0,0,0,0,0,0,0,0.230181,0,0,0,0,0,0,38.203,32.6625,3,3,2,24,41,0.860536,7216,0,0,17,TASKBR_VACANCY_V1,6.05241,2,24,16,24,0,16,2.25937,0.061275,0,16,0,71,71,0,16,16,"1,1,1,1,1,3,1,1,1,1,2,3,1,2,1,3",9,5,16,289.326,244,0,15.1637,1.15454,38,324000000,0,388,1,SOLVED,392,393.077,b580716e150dd72337fa7ebd405d494c8212da5423f00655bb976ee0e411c34a,0.405,ok,
g5_dhigh_abaseline_pcross_heavy_gsingleton_seed0,warehouse_random_factorial,carrier_brd,1,78,473.0,473000000,238,178,54,8,0.2543,496,78,473,473000000,78,473,473000000,0,0,0,0,0,0,0,0,NOT_ATTEMPTED,6,0,0,0,-1,-1,-1,-1,-1,0,0,0,0,0,0,0,0,0,0,0,0,0,,,,,,,,,,,,,0,0,0,0,0,0,0,0,0,0,0,0,0,0,0,0,0,0,0,BOTTLENECK_TARGET_FRONTIER_CONTINUITY_V2,0,0,0,0,0,0,0,0,0,0,0,0,0,0,0,0,0,0.334248,0,0,0,0,0,0,30.0483,33.4371,5,5,4,27,18,0.742972,3168,3,3,24,TASKBR_VACANCY_V1,6.85519,4,27,16,24,3,21,2.53083,0.058949,0,16,0,55,55,0,21,21,"1,1,1,1,1,1,1,1,2,2,2,3,1,2,1,1,1,1,1,1,1",9,1,21,386.875,369,0,19.3645,2.31348,78,473000000,0,487,1,SOLVED,496,496.591,2b2604dab59dcf9f7c9b8e8b4b352da91eecf8cbfa9e556d20d052a9b7b7551b,0.511,ok,
g5_dhigh_abaseline_plocal_gshared_pool_seed0,warehouse_random_factorial,carrier_brd,1,59,339.0,339000000,111,186,42,5,0.1568,504,59,339,339000000,59,339,339000000,0,0,0,0,0,0,0,0,NOT_ATTEMPTED,12,0,0,0,-1,-1,-1,-1,-1,0,0,0,0,0,0,0,0,0,0,0,0,0,,,,,,,,,,,,,0,0,0,0,0,0,0,0,0,0,0,0,0,0,0,0,0,0,0,BOTTLENECK_TARGET_FRONTIER_CONTINUITY_V2,0,0,0,0,0,0,0,0,0,0,0,0,0,0,0,0,0,0.545733,0,0,0,0,0,0,48.555,32.4925,3,3,2,21,54,0.999374,9504,0,0,25,TASKBR_VACANCY_V1,5.44503,2,21,16,21,0,17,3.39726,0.095919,0,16,0,83,83,0,17,17,"1,1,1,1,1,1,1,1,2,1,2,3,1,1,1,1,1",7,17,17,373.195,724,0,17.6962,1.74278,59,339000000,0,497,1,SOLVED,504,504.148,0d64c9c7bc6f5a2128a7a3adf3632d73f37aaab798d31ce858e3faaa7bf247fd,0.517,ok,
g5_dhigh_abaseline_plocal_gsingleton_seed0,warehouse_random_factorial,carrier_brd,1,50,332.0,332000000,119,159,52,8,0.1983,398,50,332,332000000,50,332,332000000,0,0,0,0,0,0,0,0,NOT_ATTEMPTED,4,0,0,0,-1,-1,-1,-1,-1,0,0,0,0,0,0,0,0,0,0,0,0,0,,,,,,,,,,,,,0,0,0,0,0,0,0,0,0,0,0,0,0,0,0,0,0,0,0,BOTTLENECK_TARGET_FRONTIER_CONTINUITY_V2,0,0,0,0,0,0,0,0,0,0,0,0,0,0,0,0,0,0.188406,0,0,0,0,0,0,27.6232,34.0203,5,5,4,26,15,0.676106,2640,2,2,62,TASKBR_VACANCY_V1,6.60572,4,26,16,24,2,17,2.5278,0.055618,0,16,0,59,59,0,17,17,"1,3,1,2,2,1,2,2,2,1,1,1,2,2,1,1,1",8,6,17,301.855,202,0,15.3014,1.62245,50,332000000,0,392,1,SOLVED,398,398.219,c336c3193407a4e88e7c0417ff9be8ab03c8c2f81532c23de81bef6c5ebfb8e1,0.41,ok,
g5_dhigh_abaseline_pmixed_gshared_pool_seed0,warehouse_random_factorial,carrier_brd,1,35,274.0,274000000,93,137,44,6,0.2214,361,35,274,274000000,35,274,274000000,0,0,0,0,0,0,0,0,NOT_ATTEMPTED,1,0,0,0,-1,-1,-1,-1,-1,0,0,0,0,0,0,0,0,0,0,0,0,0,,,,,,,,,,,,,0,0,0,0,0,0,0,0,0,0,0,0,0,0,0,0,0,0,0,BOTTLENECK_TARGET_FRONTIER_CONTINUITY_V2,0,0,0,0,0,0,0,0,0,0,0,0,0,0,0,0,0,0.165638,0,0,0,0,0,0,42.4966,32.6794,3,3,2,22,34,0.95099,5984,0,0,22,TASKBR_VACANCY_V1,5.60269,2,22,16,22,0,14,1.49767,0.052824,0,16,0,49,49,0,14,14,"2,1,2,1,1,3,1,1,1,2,3,2,1,1",9,4,14,256.348,182,0,13.7425,1.58604,35,274000000,0,355,1,SOLVED,361,361.362,11b8d575ab3de25b7c2d005be0ddc2362b69d53e77a329118aa5b9dde37a8c7c,0.374,ok,
g5_dhigh_abaseline_pmixed_gsingleton_seed0,warehouse_random_factorial,carrier_brd,0,,,,,,,,,,,,,,,,,,,,,,,,,,,,,,,,,,,,,,,,,,,,,,,,,,,,,,,,,,,,,,,,,,,,,,,,,,,,,,,,,,,,,,,,,,,,,,,,,,,,,,,27.5536,32.5238,4,4,3,25,14,0.563384,2464,1,2,4,TASKBR_VACANCY_V1,6.2169,3,25,16,24,1,1,1.97996,0.033386,0,16,0,12,12,0,1,0,,0,0,1,9777.53,32660,1,42.1762,0,0,-1,0,-1,0,SEGMENT_TIMEOUT,,,,9.902,timeout,rd_raw_ticks=0 brd_raw_work_scaled=-1 brd_goal_prefix_removed=0 brd_incidental_goal_prefix_ms=-1 brd_raw_plan_valid=0 brd_exit_reason=SEGMENT_TIMEOUT
g5_dhigh_aequal_pcross_heavy_gshared_pool_seed0,warehouse_random_factorial,carrier_brd,1,27,311.0,311000000,104,159,48,8,0.2407,378,27,311,311000000,27,311,311000000,0,0,0,0,0,0,0,0,NOT_ATTEMPTED,4,0,0,0,-1,-1,-1,-1,-1,0,0,0,0,0,0,0,0,0,0,0,0,0,,,,,,,,,,,,,0,0,0,0,0,0,0,0,0,0,0,0,0,0,0,0,0,0,0,BOTTLENECK_TARGET_FRONTIER_CONTINUITY_V2,0,0,0,0,0,0,0,0,0,0,0,0,0,0,0,0,0,0.19225,0,0,0,0,0,0,38.8242,32.7605,3,3,2,24,41,0.855732,7216,0,0,17,TASKBR_VACANCY_V1,6.06537,2,24,16,24,0,14,2.20767,0.061353,0,16,0,61,61,0,14,14,"1,1,1,1,2,1,1,3,2,1,3,4,1,2",8,0,14,280.181,141,0,15.0342,0.805352,27,311000000,0,374,1,SOLVED,378,378.239,d7d540cb06adec8781d9a3e67073df916d47285c52adc7d571be162e33a0154d,0.391,ok,
g5_dhigh_aequal_pcross_heavy_gsingleton_seed0,warehouse_random_factorial,carrier_brd,1,85,485.0,485000000,264,164,54,8,0.1941,527,85,485,485000000,85,485,485000000,0,0,0,0,0,0,0,0,NOT_ATTEMPTED,26,0,0,0,-1,-1,-1,-1,-1,0,0,0,0,0,0,0,0,0,0,0,0,0,,,,,,,,,,,,,0,0,0,0,0,0,0,0,0,0,0,0,0,0,0,0,0,0,0,BOTTLENECK_TARGET_FRONTIER_CONTINUITY_V2,0,0,0,0,0,0,0,0,0,0,0,0,0,0,0,0,0,0.499009,0,0,0,0,0,0,27.9637,33.6615,5,5,4,27,18,0.725857,3168,3,3,24,TASKBR_VACANCY_V1,6.88313,4,27,16,24,3,22,2.27653,0.049897,0,16,0,50,50,0,22,22,"1,1,1,2,1,1,2,1,3,1,1,2,1,1,1,1,1,1,1,1,1,1",10,0,22,414.158,545,0,20.443,2.56731,85,485000000,0,517,1,SOLVED,527,527.854,e82b56cd02948018614ea7448875e8f27fe2a4e72ee33850e726dee7cd2be49c,0.541,ok,
g5_dhigh_aequal_plocal_gshared_pool_seed0,warehouse_random_factorial,carrier_brd,1,28,290.0,290000000,81,167,42,5,0.1808,374,28,290,290000000,28,290,290000000,0,0,0,0,0,0,0,0,NOT_ATTEMPTED,0,0,0,0,-1,-1,-1,-1,-1,0,0,0,0,0,0,0,0,0,0,0,0,0,,,,,,,,,,,,,0,0,0,0,0,0,0,0,0,0,0,0,0,0,0,0,0,0,0,BOTTLENECK_TARGET_FRONTIER_CONTINUITY_V2,0,0,0,0,0,0,0,0,0,0,0,0,0,0,0,0,0,0.187326,0,0,0,0,0,0,47.4991,32.2441,3,3,2,21,54,1.05664,9504,0,0,25,TASKBR_VACANCY_V1,5.48165,2,21,16,21,0,15,3.13323,0.067827,0,16,0,65,65,0,15,15,"1,1,1,1,2,2,1,1,1,1,2,2,3,1,1",7,0,15,269.566,151,0,14.1882,0.831396,28,290000000,0,370,1,SOLVED,374,374.153,c2bf60a22f7d0406598a95f1f1bac26f569bda71171953e6ca0f8768851eebb3,0.385,ok,
g5_dhigh_aequal_plocal_gsingleton_seed0,warehouse_random_factorial,carrier_brd,1,47,292.0,292000000,117,121,52,8,0.1556,419,47,292,292000000,47,292,292000000,0,0,0,0,0,0,0,0,NOT_ATTEMPTED,0,0,0,0,-1,-1,-1,-1,-1,0,0,0,0,0,0,0,0,0,0,0,0,0,,,,,,,,,,,,,0,0,0,0,0,0,0,0,0,0,0,0,0,0,0,0,0,0,0,BOTTLENECK_TARGET_FRONTIER_CONTINUITY_V2,0,0,0,0,0,0,0,0,0,0,0,0,0,0,0,0,0,0.239309,0,0,0,0,0,0,27.4892,34.1037,5,5,4,26,15,0.685819,2640,2,2,62,TASKBR_VACANCY_V1,6.63818,4,26,16,24,2,18,1.92298,0.040834,0,16,0,41,41,0,18,18,"1,1,1,1,1,4,2,4,1,2,1,1,1,1,1,1,1,1",12,0,18,324.366,251,0,16.0044,1.40402,47,292000000,0,414,1,SOLVED,419,419.986,8b61990ad103686277776b81548dbd8e16e21eff8671ea058b971838fc083148,0.432,ok,
g5_dhigh_aequal_pmixed_gshared_pool_seed0,warehouse_random_factorial,carrier_brd,1,22,269.0,269000000,93,132,44,6,0.2642,273,22,269,269000000,22,269,269000000,0,0,0,0,0,0,0,0,NOT_ATTEMPTED,0,0,0,0,-1,-1,-1,-1,-1,0,0,0,0,0,0,0,0,0,0,0,0,0,,,,,,,,,,,,,0,0,0,0,0,0,0,0,0,0,0,0,0,0,0,0,0,0,0,BOTTLENECK_TARGET_FRONTIER_CONTINUITY_V2,0,0,0,0,0,0,0,0,0,0,0,0,0,0,0,0,0,0.104464,0,0,0,0,0,0,41.1364,33.3338,3,3,2,22,34,0.832741,5984,0,0,22,TASKBR_VACANCY_V1,5.63467,2,22,16,22,0,10,1.34333,0.035868,0,16,0,31,31,0,10,10,"1,1,1,2,1,8,1,2,4,1",15,0,10,182.016,72,0,9.278,0.667761,22,269000000,0,271,1,SOLVED,273,273.848,2d59fcdba8eed49c90c5e70331967a14bef2eb1062e2978b4e4c78a3f00d1dfa,0.286,ok,
g5_dhigh_aequal_pmixed_gsingleton_seed0,warehouse_random_factorial,carrier_brd,1,56,367.0,367000000,195,120,50,8,0.2176,497,56,367,367000000,56,367,367000000,0,0,0,0,0,0,0,0,NOT_ATTEMPTED,2,0,0,0,-1,-1,-1,-1,-1,0,0,0,0,0,0,0,0,0,0,0,0,0,,,,,,,,,,,,,0,0,0,0,0,0,0,0,0,0,0,0,0,0,0,0,0,0,0,BOTTLENECK_TARGET_FRONTIER_CONTINUITY_V2,0,0,0,0,0,0,0,0,0,0,0,0,0,0,0,0,0,0.465797,0,0,0,0,0,0,28.4037,37.6622,4,4,3,25,14,0.6705,2464,1,2,4,TASKBR_VACANCY_V1,9.67021,3,25,16,24,1,19,2.57294,0.059089,0,16,0,49,49,0,19,19,"1,1,2,1,1,1,2,1,1,1,2,1,4,1,1,1,1,1,1",11,2,19,383.751,386,0,19.4509,1.63501,56,367000000,0,491,1,SOLVED,497,497.863,48b111b81e58f2d5dbbe7a8d184616744ceec86153f3cf43b68c0f1de41c7604,0.511,ok,
g5_dhigh_ascarce_pcross_heavy_gshared_pool_seed0,warehouse_random_factorial,carrier_brd,1,57,384.0,384000000,102,234,48,8,0.2237,506,57,384,384000000,57,384,384000000,0,0,0,0,0,0,0,0,NOT_ATTEMPTED,4,0,0,0,-1,-1,-1,-1,-1,0,0,0,0,0,0,0,0,0,0,0,0,0,,,,,,,,,,,,,0,0,0,0,0,0,0,0,0,0,0,0,0,0,0,0,0,0,0,BOTTLENECK_TARGET_FRONTIER_CONTINUITY_V2,0,0,0,0,0,0,0,0,0,0,0,0,0,0,0,0,0,0.247064,0,0,0,0,0,0,38.2373,32.9387,3,3,2,24,41,0.839405,7216,0,0,17,TASKBR_VACANCY_V1,6.18558,2,24,16,24,0,22,3.97113,0.102975,0,16,0,91,91,0,22,22,"1,1,1,1,1,1,1,1,1,1,2,1,1,1,1,1,1,1,2,1,1,1",5,14,22,394.322,289,0,19.6332,1.63722,57,384000000,0,499,1,SOLVED,506,506.433,a618cfbd7e8d06c41bf004d94885746f3c7f1a4c32bef13d2b0228dba7f68bb4,0.519,ok,
g5_dhigh_ascarce_pcross_heavy_gsingleton_seed0,warehouse_random_factorial,carrier_brd,1,114,574.0,574000000,282,235,54,8,0.3092,619,114,574,574000000,114,574,574000000,0,0,0,0,0,0,0,0,NOT_ATTEMPTED,57,0,0,0,-1,-1,-1,-1,-1,0,0,0,0,0,0,0,0,0,0,0,0,0,,,,,,,,,,,,,0,0,0,0,0,0,0,0,0,0,0,0,0,0,0,0,0,0,0,BOTTLENECK_TARGET_FRONTIER_CONTINUITY_V2,0,0,0,0,0,0,0,0,0,0,0,0,0,0,0,0,0,0.438819,0,0,0,0,0,0,28.4146,34.3132,5,5,4,27,18,0.738095,3168,3,3,24,TASKBR_VACANCY_V1,6.92716,4,27,16,24,3,25,3.43407,0.063246,0,16,0,65,65,0,25,25,"1,1,1,1,1,1,1,1,1,1,1,2,1,1,1,1,1,2,1,1,1,1,1,1,1",7,4,25,496.667,576,0,24.5593,3.26953,114,574000000,0,606,1,SOLVED,619,619.974,bfa4d4ccd6f7ababa2096fce3949647a7142cde01c625a4e9f9c94ca493b0646,0.634,ok,
g5_dhigh_ascarce_plocal_gshared_pool_seed0,warehouse_random_factorial,carrier_brd,1,50,323.0,323000000,81,200,42,5,0.2025,420,50,323,323000000,50,323,323000000,0,0,0,0,0,0,0,0,NOT_ATTEMPTED,6,0,0,0,-1,-1,-1,-1,-1,0,0,0,0,0,0,0,0,0,0,0,0,0,,,,,,,,,,,,,0,0,0,0,0,0,0,0,0,0,0,0,0,0,0,0,0,0,0,BOTTLENECK_TARGET_FRONTIER_CONTINUITY_V2,0,0,0,0,0,0,0,0,0,0,0,0,0,0,0,0,0,0.20322,0,0,0,0,0,0,48.2227,32.3226,3,3,2,21,54,1.07493,9504,0,0,25,TASKBR_VACANCY_V1,5.41055,2,21,16,21,0,17,4.50164,0.097241,0,16,0,77,77,0,17,17,"1,1,1,1,1,1,1,1,1,2,1,2,3,1,1,1,1",4,17,17,305.27,243,0,14.8609,1.4266,50,323000000,0,415,1,SOLVED,420,421.01,009491f81dee392f95b7c7b0625227470a9c4b7b2f567f9da00b5e61d8468581,0.434,ok,
g5_dhigh_ascarce_plocal_gsingleton_seed0,warehouse_random_factorial,carrier_brd,1,62,334.0,334000000,123,157,52,8,0.248,509,62,334,334000000,62,334,334000000,0,0,0,0,0,0,0,0,NOT_ATTEMPTED,4,0,0,0,-1,-1,-1,-1,-1,0,0,0,0,0,0,0,0,0,0,0,0,0,,,,,,,,,,,,,0,0,0,0,0,0,0,0,0,0,0,0,0,0,0,0,0,0,0,BOTTLENECK_TARGET_FRONTIER_CONTINUITY_V2,0,0,0,0,0,0,0,0,0,0,0,0,0,0,0,0,0,0.242079,0,0,0,0,0,0,28.0275,35.1097,5,5,4,26,15,0.705669,2640,2,2,62,TASKBR_VACANCY_V1,6.79175,4,26,16,24,2,21,3.27057,0.059226,0,16,0,60,60,0,21,21,"1,2,1,1,2,1,1,1,1,1,1,1,1,1,4,1,1,1,1,1,1",6,6,21,404.57,253,0,20.7601,1.81939,62,334000000,0,502,1,SOLVED,509,509.938,0969ebfddca7836a312de9edc81fdede9500da86f64f10dd6865cbee2de258e7,0.522,ok,
g5_dhigh_ascarce_pmixed_gshared_pool_seed0,warehouse_random_factorial,carrier_brd,1,54,306.0,306000000,93,169,44,6,0.2153,394,54,306,306000000,54,306,306000000,0,0,0,0,0,0,0,0,NOT_ATTEMPTED,5,0,0,0,-1,-1,-1,-1,-1,0,0,0,0,0,0,0,0,0,0,0,0,0,,,,,,,,,,,,,0,0,0,0,0,0,0,0,0,0,0,0,0,0,0,0,0,0,0,BOTTLENECK_TARGET_FRONTIER_CONTINUITY_V2,0,0,0,0,0,0,0,0,0,0,0,0,0,0,0,0,0,0.178367,0,0,0,0,0,0,40.9653,32.8862,3,3,2,22,34,0.771267,5984,0,0,22,TASKBR_VACANCY_V1,5.68442,2,22,16,22,0,16,2.67484,0.064511,0,16,0,54,54,0,16,16,"2,1,1,2,3,1,1,1,2,1,2,1,1,1,1,1",4,4,16,286.896,234,0,13.8111,1.5648,54,306000000,0,387,1,SOLVED,394,394.238,f5d918b3eb68d1a6acf97063a76215622be72ffeffe54cdbae3d393cb9c6e51f,0.407,ok,
g5_dhigh_ascarce_pmixed_gsingleton_seed0,warehouse_random_factorial,carrier_brd,0,,,,,,,,,,,,,,,,,,,,,,,,,,,,,,,,,,,,,,,,,,,,,,,,,,,,,,,,,,,,,,,,,,,,,,,,,,,,,,,,,,,,,,,,,,,,,,,,,,,,,,,28.1615,32.9438,4,4,3,25,14,0.631818,2464,1,2,4,TASKBR_VACANCY_V1,6.40987,3,25,16,24,1,1,2.07633,0.023695,0,16,0,8,8,0,1,0,,0,0,1,9770.17,32946,1,31.7196,0,0,-1,0,-1,0,SEGMENT_TIMEOUT,,,,9.886,timeout,rd_raw_ticks=0 brd_raw_work_scaled=-1 brd_goal_prefix_removed=0 brd_incidental_goal_prefix_ms=-1 brd_raw_plan_valid=0 brd_exit_reason=SEGMENT_TIMEOUT
g5_dhigh_asurplus_pcross_heavy_gshared_pool_seed0,warehouse_random_factorial,carrier_brd,1,24,250.0,250000000,102,100,48,8,0.1771,290,24,250,250000000,24,250,250000000,0,0,0,0,0,0,0,0,NOT_ATTEMPTED,0,0,0,0,-1,-1,-1,-1,-1,0,0,0,0,0,0,0,0,0,0,0,0,0,,,,,,,,,,,,,0,0,0,0,0,0,0,0,0,0,0,0,0,0,0,0,0,0,0,BOTTLENECK_TARGET_FRONTIER_CONTINUITY_V2,0,0,0,0,0,0,0,0,0,0,0,0,0,0,0,0,0,0.208117,0,0,0,0,0,0,39.8156,34.2678,3,3,2,24,41,0.875939,7216,0,0,17,TASKBR_VACANCY_V1,6.10034,2,24,16,24,0,11,2.90426,0.035873,0,16,0,36,36,0,11,11,"2,3,2,1,3,4,1,2,3,1,2",9,0,11,192.749,92,0,9.48902,0.784199,24,250000000,0,287,1,SOLVED,290,290.837,8c8501903e2f1a54d8e2dc2655425715079ebee7e850c4c13ca989b7cbf79b0f,0.302,ok,
g5_dhigh_asurplus_pcross_heavy_gsingleton_seed0,warehouse_random_factorial,carrier_brd,1,73,426.0,426000000,250,119,54,8,0.1427,495,73,426,426000000,73,426,426000000,0,0,0,0,0,0,0,0,NOT_ATTEMPTED,18,0,0,0,-1,-1,-1,-1,-1,0,0,0,0,0,0,0,0,0,0,0,0,0,,,,,,,,,,,,,0,0,0,0,0,0,0,0,0,0,0,0,0,0,0,0,0,0,0,BOTTLENECK_TARGET_FRONTIER_CONTINUITY_V2,0,0,0,0,0,0,0,0,0,0,0,0,0,0,0,0,0,0.617514,0,0,0,0,0,0,28.2923,33.9512,5,5,4,27,18,0.724165,3168,3,3,24,TASKBR_VACANCY_V1,6.7944,4,27,16,24,3,21,2.43319,0.036071,0,16,0,33,33,0,21,21,"1,1,1,1,1,1,2,3,2,2,1,1,2,1,1,1,1,1,1,1,1",14,0,21,387.137,402,0,17.7331,2.23763,73,426000000,0,486,1,SOLVED,495,495.878,68fdd0c730eb8c12a888c10fb5fce8229b5f8586a2f8e997bd890a1950e3f2ce,0.511,ok,
g5_dhigh_asurplus_plocal_gshared_pool_seed0,warehouse_random_factorial,carrier_brd,1,24,242.0,242000000,81,119,42,5,0.1406,335,24,242,242000000,24,242,242000000,0,0,0,0,0,0,0,0,NOT_ATTEMPTED,0,0,0,0,-1,-1,-1,-1,-1,0,0,0,0,0,0,0,0,0,0,0,0,0,,,,,,,,,,,,,0,0,0,0,0,0,0,0,0,0,0,0,0,0,0,0,0,0,0,BOTTLENECK_TARGET_FRONTIER_CONTINUITY_V2,0,0,0,0,0,0,0,0,0,0,0,0,0,0,0,0,0,0.253707,0,0,0,0,0,0,47.3088,31.9956,3,3,2,21,54,1.01203,9504,0,0,25,TASKBR_VACANCY_V1,5.39349,2,21,16,21,0,13,3.40929,0.049363,0,16,0,53,53,0,13,13,"2,1,2,1,2,1,1,2,1,2,4,1,1",7,0,13,230.169,123,0,11.0421,0.745761,24,242000000,0,332,1,SOLVED,335,335.814,ccd8ac5b832a770db1b2b3ab0a3010692d4ff79dc0142861f515971114683188,0.348,ok,
g5_dhigh_asurplus_plocal_gsingleton_seed0,warehouse_random_factorial,carrier_brd,1,41,266.0,266000000,113,99,52,8,0.1148,358,41,266,266000000,41,266,266000000,0,0,0,0,0,0,0,0,NOT_ATTEMPTED,0,0,0,0,-1,-1,-1,-1,-1,0,0,0,0,0,0,0,0,0,0,0,0,0,,,,,,,,,,,,,0,0,0,0,0,0,0,0,0,0,0,0,0,0,0,0,0,0,0,BOTTLENECK_TARGET_FRONTIER_CONTINUITY_V2,0,0,0,0,0,0,0,0,0,0,0,0,0,0,0,0,0,0.330221,0,0,0,0,0,0,27.5264,33.9671,5,5,4,26,15,0.661179,2640,2,2,62,TASKBR_VACANCY_V1,6.6653,4,26,16,24,2,15,2.86656,0.035012,0,16,0,30,30,0,15,15,"1,1,1,1,2,4,2,3,4,2,1,1,1,1,1",13,0,15,265.38,163,0,12.4663,1.27627,41,266000000,0,353,1,SOLVED,358,358.627,d9703b4b68607b8af657945a071693027967cd04f08fbc84ba9cc229c13cb88a,0.371,ok,
g5_dhigh_asurplus_pmixed_gshared_pool_seed0,warehouse_random_factorial,carrier_brd,1,19,244.0,244000000,93,107,44,6,0.2039,278,19,244,244000000,19,244,244000000,0,0,0,0,0,0,0,0,NOT_ATTEMPTED,0,0,0,0,-1,-1,-1,-1,-1,0,0,0,0,0,0,0,0,0,0,0,0,0,,,,,,,,,,,,,0,0,0,0,0,0,0,0,0,0,0,0,0,0,0,0,0,0,0,BOTTLENECK_TARGET_FRONTIER_CONTINUITY_V2,0,0,0,0,0,0,0,0,0,0,0,0,0,0,0,0,0,0.183555,0,0,0,0,0,0,40.635,32.4217,3,3,2,22,34,0.776509,5984,0,0,22,TASKBR_VACANCY_V1,5.6581,2,22,16,22,0,10,2.04457,0.040704,0,16,0,35,35,0,10,10,"1,2,1,2,2,2,2,6,3,1",12,0,10,184.579,71,0,9.03152,0.607533,19,244000000,0,276,1,SOLVED,278,278.644,9db5a41b7b9f023e40c6b1c7e1a0e6a96c341d3922a8d96126ebca32ce3972b2,0.29,ok,
g5_dhigh_asurplus_pmixed_gsingleton_seed0,warehouse_random_factorial,carrier_brd,1,557,1096.0,1096000000,905,139,50,8,0.0677,1189,557,1096,1096000000,557,1096,1096000000,0,0,0,0,0,0,0,0,NOT_ATTEMPTED,267,0,0,0,-1,-1,-1,-1,-1,0,0,0,0,0,0,0,0,0,0,0,0,0,,,,,,,,,,,,,0,0,0,0,0,0,0,0,0,0,0,0,0,0,0,0,0,0,0,BOTTLENECK_TARGET_FRONTIER_CONTINUITY_V2,0,0,0,0,0,0,0,0,0,0,0,0,0,0,0,0,0,3.13906,0,0,0,0,0,0,29.6417,32.5008,4,4,3,25,14,0.587577,2464,1,2,4,TASKBR_VACANCY_V1,6.3506,3,25,16,24,1,23,6.40061,0.042956,0,16,0,44,44,0,23,23,"1,1,1,1,1,1,2,2,1,1,1,1,1,1,1,1,1,1,1,1,1,1,1",12,0,23,928.71,3880,0,36.9635,15.775,557,1096000000,0,1122,1,SOLVED,1189,1190.03,e7d6d8ea1b19df6a951e01f1efb648dcd7268ea53b2eabe24f8fea83e0993e5c,1.218,ok,
g5_dlow_abaseline_pcross_heavy_gshared_pool_seed0,warehouse_random_factorial,carrier_brd,1,35,304.0,304000000,96,160,48,8,0.2286,331,35,304,304000000,35,304,304000000,0,0,0,0,0,0,0,0,NOT_ATTEMPTED,1,0,0,0,-1,-1,-1,-1,-1,0,0,0,0,0,0,0,0,0,0,0,0,0,,,,,,,,,,,,,0,0,0,0,0,0,0,0,0,0,0,0,0,0,0,0,0,0,0,BOTTLENECK_TARGET_FRONTIER_CONTINUITY_V2,0,0,0,0,0,0,0,0,0,0,0,0,0,0,0,0,0,0.138957,0,0,0,0,0,0,38.6404,29.9558,3,3,2,24,31,0.652227,5456,0,0,0,TASKBR_VACANCY_V1,5.92613,2,24,16,24,0,14,1.8236,0.059714,0,16,0,61,61,0,14,14,"1,2,2,1,3,1,1,1,1,2,3,2,2,2",10,2,14,241.431,164,0,11.5105,0.291174,35,304000000,0,330,1,SOLVED,331,331.588,b5da8bd5cd199d76cd06ed9baed6983990232ca82bd0f60d3a480190c9a853c0,0.342,ok,
g5_dlow_abaseline_pcross_heavy_gsingleton_seed0,warehouse_random_factorial,carrier_brd,1,65,452.0,452000000,227,171,52,8,0.291,399,65,452,452000000,65,452,452000000,0,0,0,0,0,0,0,0,NOT_ATTEMPTED,2,0,0,0,-1,-1,-1,-1,-1,0,0,0,0,0,0,0,0,0,0,0,0,0,,,,,,,,,,,,,0,0,0,0,0,0,0,0,0,0,0,0,0,0,0,0,0,0,0,BOTTLENECK_TARGET_FRONTIER_CONTINUITY_V2,0,0,0,0,0,0,0,0,0,0,0,0,0,0,0,0,0,0.239477,0,0,0,0,0,0,28.2713,31.4907,4,4,3,26,15,0.516399,2640,2,2,1,TASKBR_VACANCY_V1,6.44542,3,26,16,24,2,18,2.40559,0.052397,0,16,0,47,47,0,18,18,"1,2,1,1,2,1,2,2,2,1,4,1,1,1,1,1,1,1",8,0,18,313.249,305,0,15.3962,0.510618,65,452000000,0,397,1,SOLVED,399,399.445,7883699d82e42fdcafd31850521fb1fe509c2ef1dc7acb1cb41b291111f02016,0.41,ok,
g5_dlow_abaseline_plocal_gshared_pool_seed0,warehouse_random_factorial,carrier_brd,1,32,291.0,291000000,69,180,42,5,0.1797,348,32,291,291000000,32,291,291000000,0,0,0,0,0,0,0,0,NOT_ATTEMPTED,0,0,0,0,-1,-1,-1,-1,-1,0,0,0,0,0,0,0,0,0,0,0,0,0,,,,,,,,,,,,,0,0,0,0,0,0,0,0,0,0,0,0,0,0,0,0,0,0,0,BOTTLENECK_TARGET_FRONTIER_CONTINUITY_V2,0,0,0,0,0,0,0,0,0,0,0,0,0,0,0,0,0,0.172278,0,0,0,0,0,0,37.7269,28.8763,3,3,2,21,30,0.614697,5280,0,0,0,TASKBR_VACANCY_V1,5.35183,2,21,16,21,0,15,3.06336,0.094999,0,16,0,86,86,0,15,15,"1,1,1,1,1,1,1,1,1,2,2,3,3,1,1",6,14,15,259.505,184,0,12.6368,0.281403,32,291000000,0,347,1,SOLVED,348,349.087,c262e74f38e3b562504a240d30758516f6c99d5eee6b4c910a88d48665b9e414,0.359,ok,
g5_dlow_abaseline_plocal_gsingleton_seed0,warehouse_random_factorial,carrier_brd,1,48,327.0,327000000,118,158,50,8,0.2049,381,48,327,327000000,48,327,327000000,0,0,0,0,0,0,0,0,NOT_ATTEMPTED,4,0,0,0,-1,-1,-1,-1,-1,0,0,0,0,0,0,0,0,0,0,0,0,0,,,,,,,,,,,,,0,0,0,0,0,0,0,0,0,0,0,0,0,0,0,0,0,0,0,BOTTLENECK_TARGET_FRONTIER_CONTINUITY_V2,0,0,0,0,0,0,0,0,0,0,0,0,0,0,0,0,0,0.186589,0,0,0,0,0,0,27.7997,31.4609,4,4,3,25,13,0.500794,2288,1,1,36,TASKBR_VACANCY_V1,6.29634,3,25,16,24,1,17,2.53579,0.054786,0,16,0,58,58,0,17,17,"1,3,1,2,2,1,1,1,2,2,1,1,2,1,2,1,1",8,6,17,296.046,216,0,14.3656,0.390233,48,327000000,0,379,1,SOLVED,381,381.303,4052388de57ec5b177d0e561d3f32624648f387501f2cde7603695951dc7a286,0.392,ok,
g5_dlow_abaseline_pmixed_gshared_pool_seed0,warehouse_random_factorial,carrier_brd,1,28,262.0,262000000,89,129,44,6,0.2649,331,28,262,262000000,28,262,262000000,0,0,0,0,0,0,0,0,NOT_ATTEMPTED,1,0,0,0,-1,-1,-1,-1,-1,0,0,0,0,0,0,0,0,0,0,0,0,0,,,,,,,,,,,,,0,0,0,0,0,0,0,0,0,0,0,0,0,0,0,0,0,0,0,BOTTLENECK_TARGET_FRONTIER_CONTINUITY_V2,0,0,0,0,0,0,0,0,0,0,0,0,0,0,0,0,0,0.118266,0,0,0,0,0,0,41.6896,45.601,3,3,2,22,31,0.755377,5456,0,0,0,TASKBR_VACANCY_V1,5.75092,2,22,16,22,0,13,1.60945,0.048533,0,16,0,48,48,0,13,13,"2,2,2,1,1,2,2,1,2,3,1,1,2",9,5,13,224.778,127,0,10.992,0.24076,28,262000000,0,330,1,SOLVED,331,331.823,b11423f7cbb8c1999537d07b92cc626cdb36269fe37385adb7ed057947abcad3,0.342,ok,
g5_dlow_abaseline_pmixed_gsingleton_seed0,warehouse_random_factorial,carrier_brd,1,53,420.0,420000000,211,161,48,8,0.3318,396,53,420,420000000,53,420,420000000,0,0,0,0,0,0,0,0,NOT_ATTEMPTED,25,0,0,0,-1,-1,-1,-1,-1,0,0,0,0,0,0,0,0,0,0,0,0,0,,,,,,,,,,,,,0,0,0,0,0,0,0,0,0,0,0,0,0,0,0,0,0,0,0,BOTTLENECK_TARGET_FRONTIER_CONTINUITY_V2,0,0,0,0,0,0,0,0,0,0,0,0,0,0,0,0,0,0.330528,0,0,0,0,0,0,28.4127,32.6093,3,3,2,24,11,0.438785,1936,0,0,0,TASKBR_VACANCY_V1,5.84134,2,24,16,24,0,17,3.75408,0.065376,0,16,0,55,55,0,17,17,"1,1,1,2,1,2,1,2,1,2,3,1,1,2,1,1,1",9,5,17,306.665,437,0,15.0168,0.440908,53,420000000,0,394,1,SOLVED,396,396.293,be4e3255a1c48e5f4dd3b09eee167b00cf0b1b159c84191070bd9b9e11cfdf5f,0.407,ok,
g5_dlow_aequal_pcross_heavy_gshared_pool_seed0,warehouse_random_factorial,carrier_brd,1,43,317.0,317000000,116,153,48,8,0.1686,405,43,317,317000000,43,317,317000000,0,0,0,0,0,0,0,0,NOT_ATTEMPTED,10,0,0,0,-1,-1,-1,-1,-1,0,0,0,0,0,0,0,0,0,0,0,0,0,,,,,,,,,,,,,0,0,0,0,0,0,0,0,0,0,0,0,0,0,0,0,0,0,0,BOTTLENECK_TARGET_FRONTIER_CONTINUITY_V2,0,0,0,0,0,0,0,0,0,0,0,0,0,0,0,0,0,0.343598,0,0,0,0,0,0,39.6425,29.9588,3,3,2,24,31,0.65145,5456,0,0,0,TASKBR_VACANCY_V1,5.91214,2,24,16,24,0,17,2.25488,0.062253,0,16,0,67,67,0,17,17,"1,1,1,1,2,1,1,1,1,2,3,1,2,3,1,1,1",8,0,17,309.802,517,0,14.2757,0.389967,43,317000000,0,404,1,SOLVED,405,405.521,196aed73f75235f8bc73dd32f58dab6cb48831a1f895a647eff140c0119988fe,0.416,ok,
g5_dlow_aequal_pcross_heavy_gsingleton_seed0,warehouse_random_factorial,carrier_brd,1,69,474.0,474000000,259,161,52,8,0.2346,510,69,474,474000000,69,474,474000000,0,0,0,0,0,0,0,0,NOT_ATTEMPTED,30,0,0,0,-1,-1,-1,-1,-1,0,0,0,0,0,0,0,0,0,0,0,0,0,,,,,,,,,,,,,0,0,0,0,0,0,0,0,0,0,0,0,0,0,0,0,0,0,0,BOTTLENECK_TARGET_FRONTIER_CONTINUITY_V2,0,0,0,0,0,0,0,0,0,0,0,0,0,0,0,0,0,0.488176,0,0,0,0,0,0,29.0857,32.1558,4,4,3,26,15,0.556014,2640,2,2,1,TASKBR_VACANCY_V1,6.78741,3,26,16,24,2,21,2.77374,0.049128,0,16,0,52,52,0,21,21,"1,1,1,2,1,1,1,1,1,4,2,1,1,1,1,1,1,1,1,1,1",10,0,21,416.773,555,0,20.0423,0.913769,69,474000000,0,507,1,SOLVED,510,510.981,f47f38318788a9ea515e264b811937f6c52b149990f22930b44228c3e40888ec,0.521,ok,
g5_dlow_aequal_plocal_gshared_pool_seed0,warehouse_random_factorial,carrier_brd,1,24,274.0,274000000,69,163,42,5,0.1797,275,24,274,274000000,24,274,274000000,0,0,0,0,0,0,0,0,NOT_ATTEMPTED,0,0,0,0,-1,-1,-1,-1,-1,0,0,0,0,0,0,0,0,0,0,0,0,0,,,,,,,,,,,,,0,0,0,0,0,0,0,0,0,0,0,0,0,0,0,0,0,0,0,BOTTLENECK_TARGET_FRONTIER_CONTINUITY_V2,0,0,0,0,0,0,0,0,0,0,0,0,0,0,0,0,0,0.121737,0,0,0,0,0,0,37.898,29.3139,3,3,2,21,30,0.640854,5280,0,0,0,TASKBR_VACANCY_V1,5.4105,2,21,16,21,0,11,2.52683,0.063131,0,16,0,55,55,0,11,11,"1,1,1,4,2,2,1,2,5,1,1",8,2,11,190.748,98,0,9.1417,0.223,24,274000000,0,274,1,SOLVED,275,275.64,1ac51e4f1cb5530764428214e52d731144dfce6112db06777951ff6e47311589,0.286,ok,
g5_dlow_aequal_plocal_gsingleton_seed0,warehouse_random_factorial,carrier_brd,1,44,289.0,289000000,116,122,50,8,0.1648,359,44,289,289000000,44,289,289000000,0,0,0,0,0,0,0,0,NOT_ATTEMPTED,0,0,0,0,-1,-1,-1,-1,-1,0,0,0,0,0,0,0,0,0,0,0,0,0,,,,,,,,,,,,,0,0,0,0,0,0,0,0,0,0,0,0,0,0,0,0,0,0,0,BOTTLENECK_TARGET_FRONTIER_CONTINUITY_V2,0,0,0,0,0,0,0,0,0,0,0,0,0,0,0,0,0,0.176063,0,0,0,0,0,0,27.7416,31.3625,4,4,3,25,13,0.495128,2288,1,1,36,TASKBR_VACANCY_V1,6.17214,3,25,16,24,1,16,1.71681,0.039873,0,16,0,33,33,0,16,16,"2,1,1,1,4,2,4,1,2,1,1,1,1,1,1,1",12,0,16,278.017,230,0,12.8982,0.368765,44,289000000,0,357,1,SOLVED,359,359.215,b81158973d2f43dc4324e93f446c0a2da05ffdc06db1337d8f817297bcdf898a,0.37,ok,
g5_dlow_aequal_pmixed_gshared_pool_seed0,warehouse_random_factorial,carrier_brd,1,19,271.0,271000000,89,138,44,6,0.2928,219,19,271,271000000,19,271,271000000,0,0,0,0,0,0,0,0,NOT_ATTEMPTED,0,0,0,0,-1,-1,-1,-1,-1,0,0,0,0,0,0,0,0,0,0,0,0,0,,,,,,,,,,,,,0,0,0,0,0,0,0,0,0,0,0,0,0,0,0,0,0,0,0,BOTTLENECK_TARGET_FRONTIER_CONTINUITY_V2,0,0,0,0,0,0,0,0,0,0,0,0,0,0,0,0,0,0.069382,0,0,0,0,0,0,38.9801,28.8312,3,3,2,22,31,0.655493,5456,0,0,0,TASKBR_VACANCY_V1,5.11767,2,22,16,22,0,8,1.15048,0.035687,0,16,0,31,31,0,8,8,"1,1,2,2,2,6,7,1",13,0,8,137.68,53,0,6.57991,0.19693,19,271000000,0,218,1,SOLVED,219,219.114,21850bf3e21ff5d6add1774afcc7dab975b9b864b8369baee5ea059c12f51697,0.229,ok,
g5_dlow_aequal_pmixed_gsingleton_seed0,warehouse_random_factorial,carrier_brd,1,54,375.0,375000000,211,116,48,8,0.2442,372,54,375,375000000,54,375,375000000,0,0,0,0,0,0,0,0,NOT_ATTEMPTED,21,0,0,0,-1,-1,-1,-1,-1,0,0,0,0,0,0,0,0,0,0,0,0,0,,,,,,,,,,,,,0,0,0,0,0,0,0,0,0,0,0,0,0,0,0,0,0,0,0,BOTTLENECK_TARGET_FRONTIER_CONTINUITY_V2,0,0,0,0,0,0,0,0,0,0,0,0,0,0,0,0,0,0.385444,0,0,0,0,0,0,27.835,30.2776,3,3,2,24,11,0.389672,1936,0,0,0,TASKBR_VACANCY_V1,5.7751,2,24,16,24,0,16,2.0895,0.04515,0,16,0,46,46,0,16,16,"1,1,2,2,1,4,1,1,1,2,1,3,1,1,1,1",12,0,16,289.37,530,0,13.521,0.444905,54,375000000,0,371,1,SOLVED,372,372.935,9db9ac2745c3b80efb6fb9b9757b69aef4d0e6fef0fbcc48d3be07daa5e212ae,0.384,ok,
g5_dlow_ascarce_pcross_heavy_gshared_pool_seed0,warehouse_random_factorial,carrier_brd,1,52,343.0,343000000,96,199,48,8,0.2308,442,52,343,343000000,52,343,343000000,0,0,0,0,0,0,0,0,NOT_ATTEMPTED,3,0,0,0,-1,-1,-1,-1,-1,0,0,0,0,0,0,0,0,0,0,0,0,0,,,,,,,,,,,,,0,0,0,0,0,0,0,0,0,0,0,0,0,0,0,0,0,0,0,BOTTLENECK_TARGET_FRONTIER_CONTINUITY_V2,0,0,0,0,0,0,0,0,0,0,0,0,0,0,0,0,0,0.211709,0,0,0,0,0,0,38.7034,29.9771,3,3,2,24,31,0.614031,5456,0,0,0,TASKBR_VACANCY_V1,6.08388,2,24,16,24,0,19,3.0956,0.079225,0,16,0,72,72,0,19,19,"1,1,1,2,1,1,1,1,1,2,1,1,3,1,1,2,1,1,1",5,8,19,345.83,292,0,16.5266,0.39143,52,343000000,0,441,1,SOLVED,442,443.004,b1d5ff565346c844c41175deccde5b46b8bee9f92de24b4722f948023d439f5c,0.454,ok,
g5_dlow_ascarce_pcross_heavy_gsingleton_seed0,warehouse_random_factorial,carrier_brd,1,77,497.0,497000000,227,216,52,8,0.3685,454,77,497,497000000,77,497,497000000,0,0,0,0,0,0,0,0,NOT_ATTEMPTED,3,0,0,0,-1,-1,-1,-1,-1,0,0,0,0,0,0,0,0,0,0,0,0,0,,,,,,,,,,,,,0,0,0,0,0,0,0,0,0,0,0,0,0,0,0,0,0,0,0,BOTTLENECK_TARGET_FRONTIER_CONTINUITY_V2,0,0,0,0,0,0,0,0,0,0,0,0,0,0,0,0,0,0.258941,0,0,0,0,0,0,27.6745,32.0266,4,4,3,26,15,0.527958,2640,2,2,1,TASKBR_VACANCY_V1,6.44027,3,26,16,24,2,21,3.31775,0.059504,0,16,0,59,59,0,21,21,"1,1,2,1,1,1,1,1,1,1,1,2,1,1,2,3,1,1,1,1,1",7,3,21,363.854,367,0,17.3529,0.567253,77,497000000,0,452,1,SOLVED,454,454.366,2b1a68183a881c9918a0c1561dd68344cdffe3ff400bfbbf577554a6dbfd7e46,0.465,ok,
g5_dlow_ascarce_plocal_gshared_pool_seed0,warehouse_random_factorial,carrier_brd,1,48,290.0,290000000,69,179,42,5,0.1797,408,48,290,290000000,48,290,290000000,0,0,0,0,0,0,0,0,NOT_ATTEMPTED,1,0,0,0,-1,-1,-1,-1,-1,0,0,0,0,0,0,0,0,0,0,0,0,0,,,,,,,,,,,,,0,0,0,0,0,0,0,0,0,0,0,0,0,0,0,0,0,0,0,BOTTLENECK_TARGET_FRONTIER_CONTINUITY_V2,0,0,0,0,0,0,0,0,0,0,0,0,0,0,0,0,0,0.181158,0,0,0,0,0,0,37.914,30.3056,3,3,2,21,30,0.617915,5280,0,0,0,TASKBR_VACANCY_V1,5.35194,2,21,16,21,0,18,3.43553,0.082976,0,16,0,74,74,0,18,18,"1,1,1,1,1,1,1,1,1,1,2,1,2,1,2,1,1,1",4,10,18,314.907,236,0,14.8466,0.364094,48,290000000,0,406,1,SOLVED,408,408.356,834a4b5ec2628d2b372d18e2b8fbf424019a40018d04b009275e8fad2f20bf6d,0.419,ok,
g5_dlow_ascarce_plocal_gsingleton_seed0,warehouse_random_factorial,carrier_brd,1,54,325.0,325000000,116,158,50,8,0.2685,416,54,325,325000000,54,325,325000000,0,0,0,0,0,0,0,0,NOT_ATTEMPTED,4,0,0,0,-1,-1,-1,-1,-1,0,0,0,0,0,0,0,0,0,0,0,0,0,,,,,,,,,,,,,0,0,0,0,0,0,0,0,0,0,0,0,0,0,0,0,0,0,0,BOTTLENECK_TARGET_FRONTIER_CONTINUITY_V2,0,0,0,0,0,0,0,0,0,0,0,0,0,0,0,0,0,0.174578,0,0,0,0,0,0,27.3398,31.722,4,4,3,25,13,0.499831,2288,1,1,36,TASKBR_VACANCY_V1,6.35319,3,25,16,24,1,19,3.25758,0.05618,0,16,0,58,58,0,19,19,"1,2,1,1,2,2,1,1,1,1,1,1,1,4,1,1,1,1,1",6,5,19,329.604,245,0,16.0222,0.4738,54,325000000,0,414,1,SOLVED,416,416.576,f9ec1ea6553a637f50bf577019ab41a097ae9f1758f1e5612d8a707b14dd7e1d,0.427,ok,
g5_dlow_ascarce_pmixed_gshared_pool_seed0,warehouse_random_factorial,carrier_brd,1,52,316.0,316000000,89,183,44,6,0.2139,440,52,316,316000000,52,316,316000000,0,0,0,0,0,0,0,0,NOT_ATTEMPTED,1,0,0,0,-1,-1,-1,-1,-1,0,0,0,0,0,0,0,0,0,0,0,0,0,,,,,,,,,,,,,0,0,0,0,0,0,0,0,0,0,0,0,0,0,0,0,0,0,0,BOTTLENECK_TARGET_FRONTIER_CONTINUITY_V2,0,0,0,0,0,0,0,0,0,0,0,0,0,0,0,0,0,0.197888,0,0,0,0,0,0,39.0105,28.7869,3,3,2,22,31,0.623731,5456,0,0,0,TASKBR_VACANCY_V1,5.12621,2,22,16,22,0,20,2.81011,0.07347,0,16,0,81,81,0,20,20,"2,1,1,2,1,1,1,1,1,1,1,1,1,1,1,1,1,1,1,1",4,10,20,346.225,284,0,16.5078,0.402418,52,316000000,0,438,1,SOLVED,440,440.485,5f5badc13b36d3343b02b7073be3d710836da5e4702398b7bed739e5d8f08537,0.451,ok,
g5_dlow_ascarce_pmixed_gsingleton_seed0,warehouse_random_factorial,carrier_brd,1,67,434.0,434000000,189,197,48,8,0.3526,434,67,434,434000000,67,434,434000000,0,0,0,0,0,0,0,0,NOT_ATTEMPTED,7,0,0,0,-1,-1,-1,-1,-1,0,0,0,0,0,0,0,0,0,0,0,0,0,,,,,,,,,,,,,0,0,0,0,0,0,0,0,0,0,0,0,0,0,0,0,0,0,0,BOTTLENECK_TARGET_FRONTIER_CONTINUITY_V2,0,0,0,0,0,0,0,0,0,0,0,0,0,0,0,0,0,0.238886,0,0,0,0,0,0,27.7262,29.4421,3,3,2,24,11,0.385174,1936,0,0,0,TASKBR_VACANCY_V1,5.68582,2,24,16,24,0,19,3.98202,0.064568,0,16,0,72,72,0,19,19,"1,1,1,2,1,1,1,1,1,1,1,1,1,1,1,2,1,4,1",7,13,19,348.987,338,0,16.3443,0.49814,67,434000000,0,432,1,SOLVED,434,434.751,c5d35a150835d4d73c5d73beeed0249911e16932f2abc9a609928a47edfea486,0.445,ok,
g5_dlow_asurplus_pcross_heavy_gshared_pool_seed0,warehouse_random_factorial,carrier_brd,1,22,248.0,248000000,96,104,48,8,0.1818,296,22,248,248000000,22,248,248000000,0,0,0,0,0,0,0,0,NOT_ATTEMPTED,0,0,0,0,-1,-1,-1,-1,-1,0,0,0,0,0,0,0,0,0,0,0,0,0,,,,,,,,,,,,,0,0,0,0,0,0,0,0,0,0,0,0,0,0,0,0,0,0,0,BOTTLENECK_TARGET_FRONTIER_CONTINUITY_V2,0,0,0,0,0,0,0,0,0,0,0,0,0,0,0,0,0,0.12313,0,0,0,0,0,0,38.9246,29.7922,3,3,2,24,31,0.666309,5456,0,0,0,TASKBR_VACANCY_V1,6.10222,2,24,16,24,0,12,2.69427,0.039615,0,16,0,35,35,0,12,12,"1,3,1,1,2,4,4,2,1,3,1,1",12,0,12,207.428,95,0,10.1222,0.23186,22,248000000,0,295,1,SOLVED,296,296.478,3e3daa4c7e1d3b100091549316396b5c90e50fac02cada92e4a023cb4b34c225,0.306,ok,
g5_dlow_asurplus_pcross_heavy_gsingleton_seed0,warehouse_random_factorial,carrier_brd,1,50,398.0,398000000,225,119,52,8,0.1875,419,50,398,398000000,50,398,398000000,0,0,0,0,0,0,0,0,NOT_ATTEMPTED,1,0,0,0,-1,-1,-1,-1,-1,0,0,0,0,0,0,0,0,0,0,0,0,0,,,,,,,,,,,,,0,0,0,0,0,0,0,0,0,0,0,0,0,0,0,0,0,0,0,BOTTLENECK_TARGET_FRONTIER_CONTINUITY_V2,0,0,0,0,0,0,0,0,0,0,0,0,0,0,0,0,0,0.261776,0,0,0,0,0,0,28.0427,31.4404,4,4,3,26,15,0.529964,2640,2,2,1,TASKBR_VACANCY_V1,6.50695,3,26,16,24,2,19,2.47337,0.036576,0,16,0,34,34,0,19,19,"1,1,1,1,1,2,2,3,1,2,1,1,1,2,1,1,1,2,1",13,0,19,332.254,246,0,15.8458,0.488988,50,398000000,0,417,1,SOLVED,419,419.727,10aa53f795e85c92612863ba5991a238e50d41e8d68b6a6fab73b2e30f56f110,0.43,ok,
g5_dlow_asurplus_plocal_gshared_pool_seed0,warehouse_random_factorial,carrier_brd,1,22,234.0,234000000,69,123,42,5,0.1307,294,22,234,234000000,22,234,234000000,0,0,0,0,0,0,0,0,NOT_ATTEMPTED,1,0,0,0,-1,-1,-1,-1,-1,0,0,0,0,0,0,0,0,0,0,0,0,0,,,,,,,,,,,,,0,0,0,0,0,0,0,0,0,0,0,0,0,0,0,0,0,0,0,BOTTLENECK_TARGET_FRONTIER_CONTINUITY_V2,0,0,0,0,0,0,0,0,0,0,0,0,0,0,0,0,0,0.112326,0,0,0,0,0,0,37.7958,29.3188,3,3,2,21,30,0.617923,5280,0,0,0,TASKBR_VACANCY_V1,5.23124,2,21,16,21,0,12,2.80676,0.050286,0,16,0,54,54,0,12,12,"1,1,1,2,2,1,2,4,3,2,1,1",8,0,12,208.482,97,0,10.0111,0.265538,22,234000000,0,293,1,SOLVED,294,294.943,8ec2d313f3253ea489f642a42396953639fe00b5d961fa8091c601a5ce5a95de,0.305,ok,
g5_dlow_asurplus_plocal_gsingleton_seed0,warehouse_random_factorial,carrier_brd,1,34,259.0,259000000,108,100,50,8,0.1324,288,34,259,259000000,34,259,259000000,0,0,0,0,0,0,0,0,NOT_ATTEMPTED,0,0,0,0,-1,-1,-1,-1,-1,0,0,0,0,0,0,0,0,0,0,0,0,0,,,,,,,,,,,,,0,0,0,0,0,0,0,0,0,0,0,0,0,0,0,0,0,0,0,BOTTLENECK_TARGET_FRONTIER_CONTINUITY_V2,0,0,0,0,0,0,0,0,0,0,0,0,0,0,0,0,0,0.107335,0,0,0,0,0,0,27.5363,31.4634,4,4,3,25,13,0.497023,2288,1,1,36,TASKBR_VACANCY_V1,6.22811,3,25,16,24,1,12,2.80976,0.032571,0,16,0,27,27,0,12,12,"2,1,1,2,4,2,3,4,3,1,1,1",13,0,12,210.167,107,0,9.84707,0.352454,34,259000000,0,287,1,SOLVED,288,289.036,0b0285d29c83488844316cfc437d163a8e85fd0c019b51a4b22b07daf36a2a9e,0.299,ok,
g5_dlow_asurplus_pmixed_gshared_pool_seed0,warehouse_random_factorial,carrier_brd,1,18,236.0,236000000,89,103,44,6,0.206,239,18,236,236000000,18,236,236000000,0,0,0,0,0,0,0,0,NOT_ATTEMPTED,0,0,0,0,-1,-1,-1,-1,-1,0,0,0,0,0,0,0,0,0,0,0,0,0,,,,,,,,,,,,,0,0,0,0,0,0,0,0,0,0,0,0,0,0,0,0,0,0,0,BOTTLENECK_TARGET_FRONTIER_CONTINUITY_V2,0,0,0,0,0,0,0,0,0,0,0,0,0,0,0,0,0,0.087264,0,0,0,0,0,0,39.1661,28.5177,3,3,2,22,31,0.673937,5456,0,0,0,TASKBR_VACANCY_V1,5.1442,2,22,16,22,0,9,1.97481,0.037005,0,16,0,31,31,0,9,9,"1,3,2,2,2,5,1,2,4",11,0,9,156.091,67,0,7.78731,0.220384,18,236000000,0,239,1,SOLVED,239,240.06,1e8bdaa2f1bc32a32f807a1e6548fb022a4806297dab5913d0eefd1db85047e7,0.25,ok,
g5_dlow_asurplus_pmixed_gsingleton_seed0,warehouse_random_factorial,carrier_brd,1,43,328.0,328000000,185,95,48,8,0.1793,436,43,328,328000000,43,328,328000000,0,0,0,0,0,0,0,0,NOT_ATTEMPTED,1,0,0,0,-1,-1,-1,-1,-1,0,0,0,0,0,0,0,0,0,0,0,0,0,,,,,,,,,,,,,0,0,0,0,0,0,0,0,0,0,0,0,0,0,0,0,0,0,0,BOTTLENECK_TARGET_FRONTIER_CONTINUITY_V2,0,0,0,0,0,0,0,0,0,0,0,0,0,0,0,0,0,0.414577,0,0,0,0,0,0,27.7071,29.7514,3,3,2,24,11,0.388321,1936,0,0,0,TASKBR_VACANCY_V1,5.60652,2,24,16,24,0,18,6.10477,0.044952,0,16,0,43,43,0,18,18,"1,1,2,1,1,2,1,2,2,2,1,1,1,2,1,1,1,1",12,3,18,346.064,403,0,17.3703,0.40181,43,328000000,0,434,1,SOLVED,436,436.143,9deb59137660f7e2765e14b14dee3cf0f15ead6293b10ce31c1a799fdca62bb5,0.446,ok,
g5_dmedium_abaseline_pcross_heavy_gshared_pool_seed0,warehouse_random_factorial,carrier_brd,1,38,324.0,324000000,102,174,48,8,0.2237,420,38,324,324000000,38,324,324000000,0,0,0,0,0,0,0,0,NOT_ATTEMPTED,2,0,0,0,-1,-1,-1,-1,-1,0,0,0,0,0,0,0,0,0,0,0,0,0,,,,,,,,,,,,,0,0,0,0,0,0,0,0,0,0,0,0,0,0,0,0,0,0,0,BOTTLENECK_TARGET_FRONTIER_CONTINUITY_V2,0,0,0,0,0,0,0,0,0,0,0,0,0,0,0,0,0,0.208578,0,0,0,0,0,0,59.2298,38.7453,3,3,2,24,39,1.10278,6864,0,0,17,TASKBR_VACANCY_V1,6.1422,2,24,16,24,0,16,2.37652,0.06353,0,16,0,71,71,0,16,16,"1,1,1,1,1,3,1,1,1,1,2,3,1,2,1,3",9,5,16,293.159,244,0,14.7046,0.852686,38,324000000,0,417,1,SOLVED,420,420.724,b580716e150dd72337fa7ebd405d494c8212da5423f00655bb976ee0e411c34a,0.433,ok,
g5_dmedium_abaseline_pcross_heavy_gsingleton_seed0,warehouse_random_factorial,carrier_brd,1,76,516.0,516000000,274,185,52,8,0.3004,489,76,516,516000000,76,516,516000000,0,0,0,0,0,0,0,0,NOT_ATTEMPTED,42,0,0,0,-1,-1,-1,-1,-1,0,0,0,0,0,0,0,0,0,0,0,0,0,,,,,,,,,,,,,0,0,0,0,0,0,0,0,0,0,0,0,0,0,0,0,0,0,0,BOTTLENECK_TARGET_FRONTIER_CONTINUITY_V2,0,0,0,0,0,0,0,0,0,0,0,0,0,0,0,0,0,0.362584,0,0,0,0,0,0,28.5787,32.6983,4,4,3,26,17,0.576767,2992,2,5,5,TASKBR_VACANCY_V1,6.57496,3,26,16,24,2,21,2.52895,0.056186,0,16,0,54,54,0,21,21,"1,1,1,1,1,1,2,2,2,2,2,1,1,1,1,1,1,1,1,1,1",9,2,21,385.897,488,0,18.5204,1.74579,76,516000000,0,483,1,SOLVED,489,489.805,69a6e609de95dd7327353ff17f71ddcf6ae8675770743e6cd78dcf1258bd4092,0.503,ok,
g5_dmedium_abaseline_plocal_gshared_pool_seed0,warehouse_random_factorial,carrier_brd,1,32,291.0,291000000,69,180,42,5,0.1797,368,32,291,291000000,32,291,291000000,0,0,0,0,0,0,0,0,NOT_ATTEMPTED,0,0,0,0,-1,-1,-1,-1,-1,0,0,0,0,0,0,0,0,0,0,0,0,0,,,,,,,,,,,,,0,0,0,0,0,0,0,0,0,0,0,0,0,0,0,0,0,0,0,BOTTLENECK_TARGET_FRONTIER_CONTINUITY_V2,0,0,0,0,0,0,0,0,0,0,0,0,0,0,0,0,0,0.176092,0,0,0,0,0,0,38.2523,31.2107,3,3,2,21,33,0.699745,5808,0,0,5,TASKBR_VACANCY_V1,5.4722,2,21,16,21,0,15,3.23992,0.092326,0,16,0,86,86,0,15,15,"1,1,1,1,1,1,1,1,1,2,2,3,3,1,1",6,14,15,271.488,184,0,12.7877,0.713926,32,291000000,0,365,1,SOLVED,368,368.248,c262e74f38e3b562504a240d30758516f6c99d5eee6b4c910a88d48665b9e414,0.379,ok,
g5_dmedium_abaseline_plocal_gsingleton_seed0,warehouse_random_factorial,carrier_brd,1,48,327.0,327000000,118,158,50,8,0.2049,390,48,327,327000000,48,327,327000000,0,0,0,0,0,0,0,0,NOT_ATTEMPTED,4,0,0,0,-1,-1,-1,-1,-1,0,0,0,0,0,0,0,0,0,0,0,0,0,,,,,,,,,,,,,0,0,0,0,0,0,0,0,0,0,0,0,0,0,0,0,0,0,0,BOTTLENECK_TARGET_FRONTIER_CONTINUITY_V2,0,0,0,0,0,0,0,0,0,0,0,0,0,0,0,0,0,0.180869,0,0,0,0,0,0,27.9171,32.3194,4,4,3,25,13,0.55458,2288,1,1,40,TASKBR_VACANCY_V1,6.2627,3,25,16,24,1,17,2.5483,0.05582,0,16,0,58,58,0,17,17,"1,3,1,2,2,1,1,1,2,2,1,1,2,1,2,1,1",8,6,17,299.524,216,0,14.384,1.08378,48,327000000,0,386,1,SOLVED,390,390.56,4052388de57ec5b177d0e561d3f32624648f387501f2cde7603695951dc7a286,0.404,ok,
g5_dmedium_abaseline_pmixed_gshared_pool_seed0,warehouse_random_factorial,carrier_brd,1,28,262.0,262000000,89,129,44,6,0.2649,319,28,262,262000000,28,262,262000000,0,0,0,0,0,0,0,0,NOT_ATTEMPTED,1,0,0,0,-1,-1,-1,-1,-1,0,0,0,0,0,0,0,0,0,0,0,0,0,,,,,,,,,,,,,0,0,0,0,0,0,0,0,0,0,0,0,0,0,0,0,0,0,0,BOTTLENECK_TARGET_FRONTIER_CONTINUITY_V2,0,0,0,0,0,0,0,0,0,0,0,0,0,0,0,0,0,0.120663,0,0,0,0,0,0,39.2687,30.8145,3,3,2,22,31,0.677264,5456,0,0,22,TASKBR_VACANCY_V1,5.41572,2,22,16,22,0,13,1.59555,0.048732,0,16,0,48,48,0,13,13,"2,2,2,1,1,2,2,1,2,3,1,1,2",9,5,13,226.558,127,0,11.2414,0.688975,28,262000000,0,316,1,SOLVED,319,319.333,767d0283401945c822a05434239230f74215d2217045069d73f60642d5ae14a5,0.331,ok,
g5_dmedium_abaseline_pmixed_gsingleton_seed0,warehouse_random_factorial,carrier_brd,1,56,399.0,399000000,190,158,50,8,0.2827,402,56,399,399000000,56,399,399000000,0,0,0,0,0,0,0,0,NOT_ATTEMPTED,3,0,0,0,-1,-1,-1,-1,-1,0,0,0,0,0,0,0,0,0,0,0,0,0,,,,,,,,,,,,,0,0,0,0,0,0,0,0,0,0,0,0,0,0,0,0,0,0,0,BOTTLENECK_TARGET_FRONTIER_CONTINUITY_V2,0,0,0,0,0,0,0,0,0,0,0,0,0,0,0,0,0,0.270635,0,0,0,0,0,0,27.9222,33.6779,4,4,3,25,13,0.567232,2288,1,1,0,TASKBR_VACANCY_V1,6.09528,3,25,16,24,1,17,3.00126,0.066694,0,16,0,65,65,0,17,17,"1,1,1,1,1,2,1,3,1,1,3,3,1,2,1,1,1",9,6,17,305.341,311,0,14.7669,1.29341,56,399000000,0,397,1,SOLVED,402,402.211,33f3fc8003dd323781c24fb2869974e8a07120c8c575a222220f6002f5080024,0.413,ok,
g5_dmedium_aequal_pcross_heavy_gshared_pool_seed0,warehouse_random_factorial,carrier_brd,1,39,325.0,325000000,118,159,48,8,0.1891,358,39,325,325000000,39,325,325000000,0,0,0,0,0,0,0,0,NOT_ATTEMPTED,14,0,0,0,-1,-1,-1,-1,-1,0,0,0,0,0,0,0,0,0,0,0,0,0,,,,,,,,,,,,,0,0,0,0,0,0,0,0,0,0,0,0,0,0,0,0,0,0,0,BOTTLENECK_TARGET_FRONTIER_CONTINUITY_V2,0,0,0,0,0,0,0,0,0,0,0,0,0,0,0,0,0,0.235867,0,0,0,0,0,0,41.1782,31.1322,3,3,2,24,39,0.787413,6864,0,0,17,TASKBR_VACANCY_V1,6.06925,2,24,16,24,0,14,2.18272,0.059883,0,16,0,61,61,0,14,14,"1,1,1,1,2,1,1,3,2,1,3,4,2,1",8,0,14,256.245,290,0,12.205,0.862139,39,325000000,0,355,1,SOLVED,358,358.784,b1c040fa5463f3833aa6a60fedcb114e072d6a5e97937baea77f5deea6c7fffe,0.37,ok,
g5_dmedium_aequal_pcross_heavy_gsingleton_seed0,warehouse_random_factorial,carrier_brd,1,104,543.0,543000000,324,162,52,8,0.1947,533,104,543,543000000,104,543,543000000,0,0,0,0,0,0,0,0,NOT_ATTEMPTED,62,0,0,0,-1,-1,-1,-1,-1,0,0,0,0,0,0,0,0,0,0,0,0,0,,,,,,,,,,,,,0,0,0,0,0,0,0,0,0,0,0,0,0,0,0,0,0,0,0,BOTTLENECK_TARGET_FRONTIER_CONTINUITY_V2,0,0,0,0,0,0,0,0,0,0,0,0,0,0,0,0,0,0.587571,0,0,0,0,0,0,28.722,32.1389,4,4,3,26,17,0.571936,2992,2,5,5,TASKBR_VACANCY_V1,6.68649,3,26,16,24,2,21,2.35458,0.04783,0,16,0,52,52,0,21,21,"1,1,1,1,1,2,1,1,4,2,1,1,1,1,1,1,1,1,1,1,1",10,0,21,420.872,817,0,19.6996,2.53079,104,543000000,0,524,1,SOLVED,533,533.556,55c54a6dd8406e2f073eb9ddfb906fd4557efddbce99dd0f07c0698c84ac7c30,0.546,ok,
g5_dmedium_aequal_plocal_gshared_pool_seed0,warehouse_random_factorial,carrier_brd,1,24,274.0,274000000,69,163,42,5,0.1797,287,24,274,274000000,24,274,274000000,0,0,0,0,0,0,0,0,NOT_ATTEMPTED,0,0,0,0,-1,-1,-1,-1,-1,0,0,0,0,0,0,0,0,0,0,0,0,0,,,,,,,,,,,,,0,0,0,0,0,0,0,0,0,0,0,0,0,0,0,0,0,0,0,BOTTLENECK_TARGET_FRONTIER_CONTINUITY_V2,0,0,0,0,0,0,0,0,0,0,0,0,0,0,0,0,0,0.119746,0,0,0,0,0,0,37.958,30.7594,3,3,2,21,33,0.723387,5808,0,0,5,TASKBR_VACANCY_V1,5.31954,2,21,16,21,0,11,2.49787,0.061139,0,16,0,55,55,0,11,11,"1,1,1,4,2,2,1,2,5,1,1",8,2,11,197.696,98,0,9.85027,0.614083,24,274000000,0,285,1,SOLVED,287,287.701,1ac51e4f1cb5530764428214e52d731144dfce6112db06777951ff6e47311589,0.299,ok,
g5_dmedium_aequal_plocal_gsingleton_seed0,warehouse_random_factorial,carrier_brd,1,44,289.0,289000000,116,122,50,8,0.1648,397,44,289,289000000,44,289,289000000,0,0,0,0,0,0,0,0,NOT_ATTEMPTED,0,0,0,0,-1,-1,-1,-1,-1,0,0,0,0,0,0,0,0,0,0,0,0,0,,,,,,,,,,,,,0,0,0,0,0,0,0,0,0,0,0,0,0,0,0,0,0,0,0,BOTTLENECK_TARGET_FRONTIER_CONTINUITY_V2,0,0,0,0,0,0,0,0,0,0,0,0,0,0,0,0,0,0.220112,0,0,0,0,0,0,27.8156,32.2473,4,4,3,25,13,0.529782,2288,1,1,40,TASKBR_VACANCY_V1,6.2147,3,25,16,24,1,16,1.77684,0.036896,0,16,0,33,33,0,16,16,"2,1,1,1,4,2,4,1,2,1,1,1,1,1,1,1",12,0,16,307.658,230,0,14.8163,1.02081,44,289000000,0,393,1,SOLVED,397,397.293,b81158973d2f43dc4324e93f446c0a2da05ffdc06db1337d8f817297bcdf898a,0.408,ok,
g5_dmedium_aequal_pmixed_gshared_pool_seed0,warehouse_random_factorial,carrier_brd,1,19,271.0,271000000,89,138,44,6,0.2928,225,19,271,271000000,19,271,271000000,0,0,0,0,0,0,0,0,NOT_ATTEMPTED,0,0,0,0,-1,-1,-1,-1,-1,0,0,0,0,0,0,0,0,0,0,0,0,0,,,,,,,,,,,,,0,0,0,0,0,0,0,0,0,0,0,0,0,0,0,0,0,0,0,BOTTLENECK_TARGET_FRONTIER_CONTINUITY_V2,0,0,0,0,0,0,0,0,0,0,0,0,0,0,0,0,0,0.072653,0,0,0,0,0,0,39.2419,30.2574,3,3,2,22,31,0.696566,5456,0,0,22,TASKBR_VACANCY_V1,5.38464,2,22,16,22,0,8,1.13452,0.035439,0,16,0,31,31,0,8,8,"1,1,2,2,2,6,7,1",13,0,8,139.993,53,0,6.74371,0.460635,19,271000000,0,223,1,SOLVED,225,225.621,77a273c5f1c4b61a8887aa3a1f88135e8f4377922a64bbb34950ad2e8c69ade4,0.236,ok,
g5_dmedium_aequal_pmixed_gsingleton_seed0,warehouse_random_factorial,carrier_brd,1,65,386.0,386000000,216,119,50,8,0.2077,462,65,386,386000000,65,386,386000000,0,0,0,0,0,0,0,0,NOT_ATTEMPTED,25,0,0,0,-1,-1,-1,-1,-1,0,0,0,0,0,0,0,0,0,0,0,0,0,,,,,,,,,,,,,0,0,0,0,0,0,0,0,0,0,0,0,0,0,0,0,0,0,0,BOTTLENECK_TARGET_FRONTIER_CONTINUITY_V2,0,0,0,0,0,0,0,0,0,0,0,0,0,0,0,0,0,0.385753,0,0,0,0,0,0,28.2217,32.0727,4,4,3,25,13,0.503981,2288,1,1,0,TASKBR_VACANCY_V1,6.53014,3,25,16,24,1,19,2.08742,0.047025,0,16,0,51,51,0,19,19,"1,1,2,1,1,2,1,1,1,3,3,1,1,1,1,1,1,1,1",10,6,19,359.872,508,0,16.3842,1.47831,65,386000000,0,456,1,SOLVED,462,462.316,413b25d07aa681d5d7b52f5cadafc0df493f3c363d02c88c3b33795b77acfd7c,0.474,ok,
g5_dmedium_ascarce_pcross_heavy_gshared_pool_seed0,warehouse_random_factorial,carrier_brd,1,57,384.0,384000000,102,234,48,8,0.2237,492,57,384,384000000,57,384,384000000,0,0,0,0,0,0,0,0,NOT_ATTEMPTED,4,0,0,0,-1,-1,-1,-1,-1,0,0,0,0,0,0,0,0,0,0,0,0,0,,,,,,,,,,,,,0,0,0,0,0,0,0,0,0,0,0,0,0,0,0,0,0,0,0,BOTTLENECK_TARGET_FRONTIER_CONTINUITY_V2,0,0,0,0,0,0,0,0,0,0,0,0,0,0,0,0,0,0.219713,0,0,0,0,0,0,38.6634,31.6281,3,3,2,24,39,0.824284,6864,0,0,17,TASKBR_VACANCY_V1,6.17049,2,24,16,24,0,22,3.89251,0.092752,0,16,0,91,91,0,22,22,"1,1,1,1,1,1,1,1,1,1,2,1,1,1,1,1,1,1,2,1,1,1",5,14,22,385.345,289,0,18.2239,1.19549,57,384000000,0,487,1,SOLVED,492,492.876,a618cfbd7e8d06c41bf004d94885746f3c7f1a4c32bef13d2b0228dba7f68bb4,0.504,ok,
g5_dmedium_ascarce_pcross_heavy_gsingleton_seed0,warehouse_random_factorial,carrier_brd,1,101,568.0,568000000,284,227,52,8,0.3515,525,101,568,568000000,101,568,568000000,0,0,0,0,0,0,0,0,NOT_ATTEMPTED,53,0,0,0,-1,-1,-1,-1,-1,0,0,0,0,0,0,0,0,0,0,0,0,0,,,,,,,,,,,,,0,0,0,0,0,0,0,0,0,0,0,0,0,0,0,0,0,0,0,BOTTLENECK_TARGET_FRONTIER_CONTINUITY_V2,0,0,0,0,0,0,0,0,0,0,0,0,0,0,0,0,0,0.335279,0,0,0,0,0,0,27.9248,32.7555,4,4,3,26,17,0.564754,2992,2,5,5,TASKBR_VACANCY_V1,6.57225,3,26,16,24,2,23,3.04122,0.058654,0,16,0,60,60,0,23,23,"1,1,1,1,1,1,1,1,1,1,3,1,1,1,1,1,1,2,1,1,1,1,1",7,4,23,417.373,513,0,19.5772,2.32261,101,568000000,0,516,1,SOLVED,525,525.565,1927d62b224e59a0eecd2ed88a64426a3bdcfa484319591009164aab7a9f2a87,0.539,ok,
g5_dmedium_ascarce_plocal_gshared_pool_seed0,warehouse_random_factorial,carrier_brd,1,48,290.0,290000000,69,179,42,5,0.1797,415,48,290,290000000,48,290,290000000,0,0,0,0,0,0,0,0,NOT_ATTEMPTED,1,0,0,0,-1,-1,-1,-1,-1,0,0,0,0,0,0,0,0,0,0,0,0,0,,,,,,,,,,,,,0,0,0,0,0,0,0,0,0,0,0,0,0,0,0,0,0,0,0,BOTTLENECK_TARGET_FRONTIER_CONTINUITY_V2,0,0,0,0,0,0,0,0,0,0,0,0,0,0,0,0,0,0.171573,0,0,0,0,0,0,38.3378,31.1561,3,3,2,21,33,0.701683,5808,0,0,5,TASKBR_VACANCY_V1,5.35997,2,21,16,21,0,18,3.4171,0.100845,0,16,0,74,74,0,18,18,"1,1,1,1,1,1,1,1,1,1,2,1,2,1,2,1,1,1",4,10,18,315.051,236,0,14.77,1.03142,48,290000000,0,411,1,SOLVED,415,415.525,834a4b5ec2628d2b372d18e2b8fbf424019a40018d04b009275e8fad2f20bf6d,0.427,ok,
g5_dmedium_ascarce_plocal_gsingleton_seed0,warehouse_random_factorial,carrier_brd,1,54,325.0,325000000,116,158,50,8,0.2685,429,54,325,325000000,54,325,325000000,0,0,0,0,0,0,0,0,NOT_ATTEMPTED,4,0,0,0,-1,-1,-1,-1,-1,0,0,0,0,0,0,0,0,0,0,0,0,0,,,,,,,,,,,,,0,0,0,0,0,0,0,0,0,0,0,0,0,0,0,0,0,0,0,BOTTLENECK_TARGET_FRONTIER_CONTINUITY_V2,0,0,0,0,0,0,0,0,0,0,0,0,0,0,0,0,0,0.182058,0,0,0,0,0,0,27.5484,32.2664,4,4,3,25,13,0.531558,2288,1,1,40,TASKBR_VACANCY_V1,6.2344,3,25,16,24,1,19,3.32841,0.05744,0,16,0,58,58,0,19,19,"1,2,1,1,2,2,1,1,1,1,1,1,1,4,1,1,1,1,1",6,5,19,335.792,245,0,16.1115,1.18138,54,325000000,0,424,1,SOLVED,429,429.467,f9ec1ea6553a637f50bf577019ab41a097ae9f1758f1e5612d8a707b14dd7e1d,0.442,ok,
g5_dmedium_ascarce_pmixed_gshared_pool_seed0,warehouse_random_factorial,carrier_brd,1,52,315.0,315000000,89,182,44,6,0.2139,454,52,315,315000000,52,315,315000000,0,0,0,0,0,0,0,0,NOT_ATTEMPTED,1,0,0,0,-1,-1,-1,-1,-1,0,0,0,0,0,0,0,0,0,0,0,0,0,,,,,,,,,,,,,0,0,0,0,0,0,0,0,0,0,0,0,0,0,0,0,0,0,0,BOTTLENECK_TARGET_FRONTIER_CONTINUITY_V2,0,0,0,0,0,0,0,0,0,0,0,0,0,0,0,0,0,0.201138,0,0,0,0,0,0,38.8607,29.6931,3,3,2,22,31,0.666136,5456,0,0,22,TASKBR_VACANCY_V1,5.25036,2,22,16,22,0,20,2.84868,0.075949,0,16,0,81,81,0,20,20,"2,1,1,2,1,1,1,1,1,1,1,1,1,1,1,1,1,1,1,1",4,10,20,352.438,285,0,16.1256,1.14259,52,315000000,0,449,1,SOLVED,454,454.256,7a882587bc3ec8ae8d48a554fddfbdc8343e98c980a025546aa7ade9aa2a7af5,0.466,ok,
g5_dmedium_ascarce_pmixed_gsingleton_seed0,warehouse_random_factorial,carrier_brd,1,69,430.0,430000000,192,187,50,8,0.3478,535,69,430,430000000,69,430,430000000,0,0,0,0,0,0,0,0,NOT_ATTEMPTED,7,0,0,0,-1,-1,-1,-1,-1,0,0,0,0,0,0,0,0,0,0,0,0,0,,,,,,,,,,,,,0,0,0,0,0,0,0,0,0,0,0,0,0,0,0,0,0,0,0,BOTTLENECK_TARGET_FRONTIER_CONTINUITY_V2,0,0,0,0,0,0,0,0,0,0,0,0,0,0,0,0,0,0.233708,0,0,0,0,0,0,34.8836,49.3737,4,4,3,25,13,0.794653,2288,1,1,0,TASKBR_VACANCY_V1,7.93741,3,25,16,24,1,20,3.28647,0.058059,0,16,0,65,65,0,20,20,"1,1,2,3,1,1,1,1,1,2,1,1,2,1,1,1,1,1,1,1",6,4,20,411.284,295,0,19.1026,1.58709,69,430000000,0,529,1,SOLVED,535,535.5,4ef5d109cef24a5882f0727a4401da903748d38932679b150df87f0801cf6bad,0.547,ok,
g5_dmedium_asurplus_pcross_heavy_gshared_pool_seed0,warehouse_random_factorial,carrier_brd,1,24,250.0,250000000,102,100,48,8,0.1771,285,24,250,250000000,24,250,250000000,0,0,0,0,0,0,0,0,NOT_ATTEMPTED,0,0,0,0,-1,-1,-1,-1,-1,0,0,0,0,0,0,0,0,0,0,0,0,0,,,,,,,,,,,,,0,0,0,0,0,0,0,0,0,0,0,0,0,0,0,0,0,0,0,BOTTLENECK_TARGET_FRONTIER_CONTINUITY_V2,0,0,0,0,0,0,0,0,0,0,0,0,0,0,0,0,0,0.111218,0,0,0,0,0,0,38.7349,30.8281,3,3,2,24,39,0.78875,6864,0,0,17,TASKBR_VACANCY_V1,6.03583,2,24,16,24,0,11,3.10398,0.036281,0,16,0,36,36,0,11,11,"2,3,2,1,3,4,1,2,3,1,2",9,0,11,192.973,92,0,9.34049,0.609871,24,250000000,0,282,1,SOLVED,285,285.16,8c8501903e2f1a54d8e2dc2655425715079ebee7e850c4c13ca989b7cbf79b0f,0.296,ok,
g5_dmedium_asurplus_pcross_heavy_gsingleton_seed0,warehouse_random_factorial,carrier_brd,1,67,453.0,453000000,278,118,52,8,0.1729,499,67,453,453000000,67,453,453000000,0,0,0,0,0,0,0,0,NOT_ATTEMPTED,45,0,0,0,-1,-1,-1,-1,-1,0,0,0,0,0,0,0,0,0,0,0,0,0,,,,,,,,,,,,,0,0,0,0,0,0,0,0,0,0,0,0,0,0,0,0,0,0,0,BOTTLENECK_TARGET_FRONTIER_CONTINUITY_V2,0,0,0,0,0,0,0,0,0,0,0,0,0,0,0,0,0,0.399609,0,0,0,0,0,0,28.5019,32.6167,4,4,3,26,17,0.612766,2992,2,5,5,TASKBR_VACANCY_V1,6.59,3,26,16,24,2,19,3.03347,0.04988,0,16,0,32,32,0,19,19,"1,1,1,1,3,4,1,2,1,1,2,1,1,1,1,1,1,1,1",14,0,19,394.454,471,0,18.3009,1.61627,67,453000000,0,492,1,SOLVED,499,499.43,13273a9341e4aa64b3d888529274d681864506002454ba11353f43f4f33a0ac8,0.511,ok,
g5_dmedium_asurplus_plocal_gshared_pool_seed0,warehouse_random_factorial,carrier_brd,1,22,234.0,234000000,69,123,42,5,0.1307,301,22,234,234000000,22,234,234000000,0,0,0,0,0,0,0,0,NOT_ATTEMPTED,1,0,0,0,-1,-1,-1,-1,-1,0,0,0,0,0,0,0,0,0,0,0,0,0,,,,,,,,,,,,,0,0,0,0,0,0,0,0,0,0,0,0,0,0,0,0,0,0,0,BOTTLENECK_TARGET_FRONTIER_CONTINUITY_V2,0,0,0,0,0,0,0,0,0,0,0,0,0,0,0,0,0,0.12018,0,0,0,0,0,0,37.7897,31.0349,3,3,2,21,33,0.67309,5808,0,0,5,TASKBR_VACANCY_V1,5.4753,2,21,16,21,0,12,2.88176,0.054226,0,16,0,54,54,0,12,12,"1,1,1,2,2,1,2,4,3,2,1,1",8,0,12,211.291,97,0,9.8919,0.558373,22,234000000,0,299,1,SOLVED,301,302.004,8ec2d313f3253ea489f642a42396953639fe00b5d961fa8091c601a5ce5a95de,0.313,ok,
g5_dmedium_asurplus_plocal_gsingleton_seed0,warehouse_random_factorial,carrier_brd,1,38,263.0,263000000,112,100,50,8,0.1228,317,38,263,263000000,38,263,263000000,0,0,0,0,0,0,0,0,NOT_ATTEMPTED,0,0,0,0,-1,-1,-1,-1,-1,0,0,0,0,0,0,0,0,0,0,0,0,0,,,,,,,,,,,,,0,0,0,0,0,0,0,0,0,0,0,0,0,0,0,0,0,0,0,BOTTLENECK_TARGET_FRONTIER_CONTINUITY_V2,0,0,0,0,0,0,0,0,0,0,0,0,0,0,0,0,0,0.145141,0,0,0,0,0,0,27.8932,33.054,4,4,3,25,13,0.522277,2288,1,1,40,TASKBR_VACANCY_V1,6.26321,3,25,16,24,1,13,2.78192,0.033633,0,16,0,27,27,0,13,13,"2,1,1,2,4,2,3,4,2,1,1,1,1",13,0,13,231.442,148,0,10.8799,0.924163,38,263000000,0,314,1,SOLVED,317,317.932,30c7824f68627309069abc2dfeedf6436154108fe30476da1b96089418f1b404,0.329,ok,
g5_dmedium_asurplus_pmixed_gshared_pool_seed0,warehouse_random_factorial,carrier_brd,1,18,236.0,236000000,89,103,44,6,0.206,243,18,236,236000000,18,236,236000000,0,0,0,0,0,0,0,0,NOT_ATTEMPTED,0,0,0,0,-1,-1,-1,-1,-1,0,0,0,0,0,0,0,0,0,0,0,0,0,,,,,,,,,,,,,0,0,0,0,0,0,0,0,0,0,0,0,0,0,0,0,0,0,0,BOTTLENECK_TARGET_FRONTIER_CONTINUITY_V2,0,0,0,0,0,0,0,0,0,0,0,0,0,0,0,0,0,0.088681,0,0,0,0,0,0,39.233,30.0726,3,3,2,22,31,0.627591,5456,0,0,22,TASKBR_VACANCY_V1,5.36413,2,22,16,22,0,9,1.89011,0.03614,0,16,0,31,31,0,9,9,"1,3,2,2,2,5,1,2,4",11,0,9,155.691,67,0,7.28961,0.451118,18,236000000,0,241,1,SOLVED,243,243.432,c8f1103642750b46f6e0ebeb0e2b356ba9311d4f1f127d715ea5b51e87ca9c46,0.255,ok,
g5_dmedium_asurplus_pmixed_gsingleton_seed0,warehouse_random_factorial,carrier_brd,1,56,332.0,332000000,190,91,50,8,0.1414,509,56,332,332000000,56,332,332000000,0,0,0,0,0,0,0,0,NOT_ATTEMPTED,2,0,0,0,-1,-1,-1,-1,-1,0,0,0,0,0,0,0,0,0,0,0,0,0,,,,,,,,,,,,,0,0,0,0,0,0,0,0,0,0,0,0,0,0,0,0,0,0,0,BOTTLENECK_TARGET_FRONTIER_CONTINUITY_V2,0,0,0,0,0,0,0,0,0,0,0,0,0,0,0,0,0,0.411347,0,0,0,0,0,0,27.6891,31.6876,4,4,3,25,13,0.527483,2288,1,1,0,TASKBR_VACANCY_V1,6.09448,3,25,16,24,1,21,6.21591,0.040494,0,16,0,41,41,0,21,21,"1,2,1,1,1,2,2,1,1,1,1,1,1,2,1,1,1,1,1,1,1",12,0,21,405.157,454,0,18.4288,1.3084,56,332000000,0,504,1,SOLVED,509,509.647,845b1d033a2bdc297a95aad6df89589bcde5180433232127bc00fca46f68582e,0.521,ok,
g6_dhigh_abaseline_pcross_heavy_gshared_pool_seed0,warehouse_random_factorial,carrier_brd,1,92,518.0,518000000,144,291,74,13,0.1304,782,92,518,518000000,92,518,518000000,0,0,0,0,0,0,0,0,NOT_ATTEMPTED,1,0,0,0,-1,-1,-1,-1,-1,0,0,0,0,0,0,0,0,0,0,0,0,0,,,,,,,,,,,,,0,0,0,0,0,0,0,0,0,0,0,0,0,0,0,0,0,0,0,BOTTLENECK_TARGET_FRONTIER_CONTINUITY_V2,0,0,0,0,0,0,0,0,0,0,0,0,0,0,0,0,0,0.368782,0,0,0,0,0,0,80.938,42.6316,10,10,9,37,276,7.51047,47196,6,9,50,TASKBR_VACANCY_V1,8.07043,9,37,18,31,6,28,6.37253,0.1413,0,18,0,96,96,0,28,28,"1,1,1,1,1,5,1,1,1,1,1,1,1,3,2,2,1,1,1,1,2,1,1,1,1,1,1,1",7,9,28,590.881,363,0,31.7554,4.45986,92,518000000,0,764,1,SOLVED,782,782.834,aa399c3c0c0c911ae9a8872360fee09e5726db908276d58f9bc674a3119e8312,0.8,ok,
g6_dhigh_abaseline_pcross_heavy_gsingleton_seed0,warehouse_random_factorial,carrier_brd,0,,,,,,,,,,,,,,,,,,,,,,,,,,,,,,,,,,,,,,,,,,,,,,,,,,,,,,,,,,,,,,,,,,,,,,,,,,,,,,,,,,,,,,,,,,,,,,,,,,,,,,,36.9859,49.9136,4,4,3,28,15,1.19719,2565,1,5,7,TASKBR_VACANCY_V1,7.5444,3,28,18,27,1,8,2.31487,0.060059,0,18,0,41,41,0,8,7,"2,2,2,1,2,1,1",10,5,8,9602.69,21428,1,34.1821,0,67,-1,0,-1,0,SEGMENT_TIMEOUT,,,,9.777,timeout,d_raw_ticks=67 brd_raw_work_scaled=-1 brd_goal_prefix_removed=0 brd_incidental_goal_prefix_ms=-1 brd_raw_plan_valid=0 brd_exit_reason=SEGMENT_TIMEOUT
g6_dhigh_abaseline_plocal_gshared_pool_seed0,warehouse_random_factorial,carrier_brd,1,52,404.0,404000000,115,232,56,9,0.1843,552,52,404,404000000,52,404,404000000,0,0,0,0,0,0,0,0,NOT_ATTEMPTED,1,0,0,0,-1,-1,-1,-1,-1,0,0,0,0,0,0,0,0,0,0,0,0,0,,,,,,,,,,,,,0,0,0,0,0,0,0,0,0,0,0,0,0,0,0,0,0,0,0,BOTTLENECK_TARGET_FRONTIER_CONTINUITY_V2,0,0,0,0,0,0,0,0,0,0,0,0,0,0,0,0,0,0.31734,0,0,0,0,0,0,55.8952,37.7775,4,4,3,28,110,2.86445,18810,1,1,27,TASKBR_VACANCY_V1,6.48761,3,28,18,27,1,18,5.36481,0.158581,0,18,0,84,84,0,18,18,"1,1,1,1,1,1,1,3,2,3,2,1,4,1,2,1,1,1",8,10,18,410.134,252,0,21.6408,2.5271,52,404000000,0,542,1,SOLVED,552,552.616,d2499f6230d0a82b2b5159d33a0458175245c23d5e19d4e0da5d906789fcd0a9,0.568,ok,
g6_dhigh_abaseline_plocal_gsingleton_seed0,warehouse_random_factorial,carrier_brd,0,,,,,,,,,,,,,,,,,,,,,,,,,,,,,,,,,,,,,,,,,,,,,,,,,,,,,,,,,,,,,,,,,,,,,,,,,,,,,,,,,,,,,,,,,,,,,,,,,,,,,,,32.7641,41.0994,5,5,4,29,15,1.39363,2565,2,2,6,TASKBR_VACANCY_V1,7.63764,4,29,18,27,2,1,2.57898,0.042423,0,18,0,12,12,0,1,0,,0,0,1,9758.24,32471,1,32.3738,0,0,-1,0,-1,0,SEGMENT_TIMEOUT,,,,9.886,timeout,rd_raw_ticks=0 brd_raw_work_scaled=-1 brd_goal_prefix_removed=0 brd_incidental_goal_prefix_ms=-1 brd_raw_plan_valid=0 brd_exit_reason=SEGMENT_TIMEOUT
g6_dhigh_abaseline_pmixed_gshared_pool_seed0,warehouse_random_factorial,carrier_brd,1,46,391.0,391000000,131,210,50,7,0.2373,483,46,391,391000000,46,391,391000000,0,0,0,0,0,0,0,0,NOT_ATTEMPTED,1,0,0,0,-1,-1,-1,-1,-1,0,0,0,0,0,0,0,0,0,0,0,0,0,,,,,,,,,,,,,0,0,0,0,0,0,0,0,0,0,0,0,0,0,0,0,0,0,0,BOTTLENECK_TARGET_FRONTIER_CONTINUITY_V2,0,0,0,0,0,0,0,0,0,0,0,0,0,0,0,0,0,0.293433,0,0,0,0,0,0,60.2145,36.5101,3,3,2,25,86,2.22373,14706,0,0,10,TASKBR_VACANCY_V1,6.65691,2,25,18,25,0,16,4.01965,0.110671,0,18,0,82,82,0,16,16,"1,1,1,3,1,1,1,1,1,4,1,1,4,1,1,2",7,7,16,342.834,279,0,17.4408,2.1143,46,391000000,0,474,1,SOLVED,483,483.673,a1e183fce559358f84e9280aa5a80764f644b59feca6371f392a39bd240b0e83,0.498,ok,
g6_dhigh_abaseline_pmixed_gsingleton_seed0,warehouse_random_factorial,carrier_brd,0,,,,,,,,,,,,,,,,,,,,,,,,,,,,,,,,,,,,,,,,,,,,,,,,,,,,,,,,,,,,,,,,,,,,,,,,,,,,,,,,,,,,,,,,,,,,,,,,,,,,,,,32.4017,35.4272,3,3,2,27,12,0.730859,2052,0,0,1,TASKBR_VACANCY_V1,7.1873,2,27,18,27,0,1,1.55729,0.043576,0,18,0,12,12,0,1,0,,0,0,1,9663.01,21446,1,24.5839,0,0,-1,0,-1,0,SEGMENT_TIMEOUT,,,,9.782,timeout,rd_raw_ticks=0 brd_raw_work_scaled=-1 brd_goal_prefix_removed=0 brd_incidental_goal_prefix_ms=-1 brd_raw_plan_valid=0 brd_exit_reason=SEGMENT_TIMEOUT
g6_dhigh_aequal_pcross_heavy_gshared_pool_seed0,warehouse_random_factorial,carrier_brd,1,74,515.0,515000000,144,288,74,13,0.1081,805,74,515,515000000,74,515,515000000,0,0,0,0,0,0,0,0,NOT_ATTEMPTED,1,0,0,0,-1,-1,-1,-1,-1,0,0,0,0,0,0,0,0,0,0,0,0,0,,,,,,,,,,,,,0,0,0,0,0,0,0,0,0,0,0,0,0,0,0,0,0,0,0,BOTTLENECK_TARGET_FRONTIER_CONTINUITY_V2,0,0,0,0,0,0,0,0,0,0,0,0,0,0,0,0,0,0.362837,0,0,0,0,0,0,80.8565,43.0432,10,10,9,37,276,7.62448,47196,6,9,50,TASKBR_VACANCY_V1,8.50855,9,37,18,31,6,30,5.37814,0.109973,0,18,0,110,110,0,30,30,"1,1,1,1,1,1,1,1,1,1,4,1,1,2,4,1,1,1,1,1,1,1,1,1,1,1,1,1,1,1",7,0,30,619.7,287,0,31.6101,3.66159,74,515000000,0,790,1,SOLVED,805,805.404,3db3e4a10145286d1e867347270c545c633bfa8f296ee60855a09618cb635f77,0.821,ok,
g6_dhigh_aequal_pcross_heavy_gsingleton_seed0,warehouse_random_factorial,carrier_brd,0,,,,,,,,,,,,,,,,,,,,,,,,,,,,,,,,,,,,,,,,,,,,,,,,,,,,,,,,,,,,,,,,,,,,,,,,,,,,,,,,,,,,,,,,,,,,,,,,,,,,,,,33.1279,37.3148,4,4,3,28,15,0.975204,2565,1,5,7,TASKBR_VACANCY_V1,7.42265,3,28,18,27,1,1,1.57755,0.044132,0,18,0,18,18,0,1,0,,0,0,1,9667.83,20810,1,21.1327,0,0,-1,0,-1,0,SEGMENT_TIMEOUT,,,,9.788,timeout,rd_raw_ticks=0 brd_raw_work_scaled=-1 brd_goal_prefix_removed=0 brd_incidental_goal_prefix_ms=-1 brd_raw_plan_valid=0 brd_exit_reason=SEGMENT_TIMEOUT
g6_dhigh_aequal_plocal_gshared_pool_seed0,warehouse_random_factorial,carrier_brd,1,35,359.0,359000000,115,187,56,9,0.1825,440,35,359,359000000,35,359,359000000,0,0,0,0,0,0,0,0,NOT_ATTEMPTED,0,0,0,0,-1,-1,-1,-1,-1,0,0,0,0,0,0,0,0,0,0,0,0,0,,,,,,,,,,,,,0,0,0,0,0,0,0,0,0,0,0,0,0,0,0,0,0,0,0,BOTTLENECK_TARGET_FRONTIER_CONTINUITY_V2,0,0,0,0,0,0,0,0,0,0,0,0,0,0,0,0,0,0.223184,0,0,0,0,0,0,56.2177,37.8578,4,4,3,28,110,3.04816,18810,1,1,27,TASKBR_VACANCY_V1,6.52631,3,28,18,27,1,15,2.63342,0.083247,0,18,0,62,62,0,15,15,"1,1,2,1,1,4,1,6,2,3,1,2,1,1,1",12,0,15,311.311,160,0,15.6263,1.84901,35,359000000,0,433,1,SOLVED,440,440.836,e628fb97a66e6e1b03b5f47eb7bf3cd0cd165ff89e629c7d71c74bfde61f0c5e,0.455,ok,
g6_dhigh_aequal_plocal_gsingleton_seed0,warehouse_random_factorial,carrier_brd,1,99,741.0,741000000,378,303,58,9,0.2121,730,99,741,741000000,99,741,741000000,0,0,0,0,0,0,0,0,NOT_ATTEMPTED,60,0,0,0,-1,-1,-1,-1,-1,0,0,0,0,0,0,0,0,0,0,0,0,0,,,,,,,,,,,,,0,0,0,0,0,0,0,0,0,0,0,0,0,0,0,0,0,0,0,BOTTLENECK_TARGET_FRONTIER_CONTINUITY_V2,0,0,0,0,0,0,0,0,0,0,0,0,0,0,0,0,0,0.903353,0,0,0,0,0,0,32.7392,39.2979,5,5,4,29,15,1.13065,2565,2,2,6,TASKBR_VACANCY_V1,7.90095,4,29,18,27,2,23,4.06206,0.068968,0,18,0,47,47,0,23,23,"1,1,2,1,1,1,4,1,2,1,1,2,1,1,1,1,1,1,1,1,1,1,1",15,4,23,573.319,846,0,25.6613,4.84825,99,741000000,0,710,1,SOLVED,730,730.222,83c10de88fea8782ed48beb0482cff4e1125390395f145527dc545e2a3db3c9b,0.75,ok,
g6_dhigh_aequal_pmixed_gshared_pool_seed0,warehouse_random_factorial,carrier_brd,1,30,350.0,350000000,131,169,50,7,0.2426,453,30,350,350000000,30,350,350000000,0,0,0,0,0,0,0,0,NOT_ATTEMPTED,0,0,0,0,-1,-1,-1,-1,-1,0,0,0,0,0,0,0,0,0,0,0,0,0,,,,,,,,,,,,,0,0,0,0,0,0,0,0,0,0,0,0,0,0,0,0,0,0,0,BOTTLENECK_TARGET_FRONTIER_CONTINUITY_V2,0,0,0,0,0,0,0,0,0,0,0,0,0,0,0,0,0,0.289283,0,0,0,0,0,0,60.5314,36.7299,3,3,2,25,86,2.28995,14706,0,0,10,TASKBR_VACANCY_V1,6.67613,2,25,18,25,0,15,3.43056,0.099053,0,18,0,68,68,0,15,15,"1,1,1,1,2,1,5,2,2,1,2,1,2,2,1",14,2,15,318.027,217,0,15.5518,1.56394,30,350000000,0,446,1,SOLVED,453,453.192,28ffb46749ab90dffba14f021064d785d95b25ddb6aaedbf14aa0d10b7e43e1d,0.467,ok,
g6_dhigh_aequal_pmixed_gsingleton_seed0,warehouse_random_factorial,carrier_brd,1,60,675.0,675000000,346,275,54,9,0.3204,520,60,675,675000000,60,675,675000000,0,0,0,0,0,0,0,0,NOT_ATTEMPTED,19,0,0,0,-1,-1,-1,-1,-1,0,0,0,0,0,0,0,0,0,0,0,0,0,,,,,,,,,,,,,0,0,0,0,0,0,0,0,0,0,0,0,0,0,0,0,0,0,0,BOTTLENECK_TARGET_FRONTIER_CONTINUITY_V2,0,0,0,0,0,0,0,0,0,0,0,0,0,0,0,0,0,0.564041,0,0,0,0,0,0,32.7647,35.7161,3,3,2,27,12,0.708973,2052,0,0,1,TASKBR_VACANCY_V1,7.20664,2,27,18,27,0,17,2.24261,0.046651,0,18,0,38,38,0,17,17,"1,2,1,1,1,2,2,1,2,1,4,3,2,1,1,1,1",14,0,17,397.155,496,0,18.4611,2.93924,60,675000000,0,509,1,SOLVED,520,520.878,36667cd1e73d2fae31f407a72c6653e755d4ded89af0993aa87077d5c6189e85,0.536,ok,
g6_dhigh_ascarce_pcross_heavy_gshared_pool_seed0,warehouse_random_factorial,carrier_brd,1,115,551.0,551000000,144,324,74,13,0.1391,788,115,551,551000000,115,551,551000000,0,0,0,0,0,0,0,0,NOT_ATTEMPTED,6,0,0,0,-1,-1,-1,-1,-1,0,0,0,0,0,0,0,0,0,0,0,0,0,,,,,,,,,,,,,0,0,0,0,0,0,0,0,0,0,0,0,0,0,0,0,0,0,0,BOTTLENECK_TARGET_FRONTIER_CONTINUITY_V2,0,0,0,0,0,0,0,0,0,0,0,0,0,0,0,0,0,0.382002,0,0,0,0,0,0,80.3525,42.5,10,10,9,37,276,7.47765,47196,6,9,50,TASKBR_VACANCY_V1,8.42269,9,37,18,31,6,28,5.89287,0.134109,0,18,0,99,99,0,28,28,"1,1,1,1,1,1,1,1,1,4,1,2,2,3,1,2,1,1,1,1,2,1,1,1,1,1,1,1",6,17,28,590.533,422,0,28.4852,5.54751,115,551000000,0,766,1,SOLVED,788,789.05,a14cd746f86dd8a0aa17dc2e1b26f78c8b1f0c47f05e5e034403de0e12b22164,0.808,ok,
g6_dhigh_ascarce_pcross_heavy_gsingleton_seed0,warehouse_random_factorial,carrier_brd,0,,,,,,,,,,,,,,,,,,,,,,,,,,,,,,,,,,,,,,,,,,,,,,,,,,,,,,,,,,,,,,,,,,,,,,,,,,,,,,,,,,,,,,,,,,,,,,,,,,,,,,,32.3766,36.7359,4,4,3,28,15,0.941567,2565,1,5,7,TASKBR_VACANCY_V1,7.42268,3,28,18,27,1,4,2.59864,0.043157,0,18,0,16,16,0,4,3,"1,1,2",8,2,4,9722.58,30675,1,33.2955,0,43,-1,0,-1,0,SEGMENT_TIMEOUT,,,,9.867,timeout,d_raw_ticks=43 brd_raw_work_scaled=-1 brd_goal_prefix_removed=0 brd_incidental_goal_prefix_ms=-1 brd_raw_plan_valid=0 brd_exit_reason=SEGMENT_TIMEOUT
g6_dhigh_ascarce_plocal_gshared_pool_seed0,warehouse_random_factorial,carrier_brd,1,59,420.0,420000000,115,248,56,9,0.2166,667,59,420,420000000,59,420,420000000,0,0,0,0,0,0,0,0,NOT_ATTEMPTED,6,0,0,0,-1,-1,-1,-1,-1,0,0,0,0,0,0,0,0,0,0,0,0,0,,,,,,,,,,,,,0,0,0,0,0,0,0,0,0,0,0,0,0,0,0,0,0,0,0,BOTTLENECK_TARGET_FRONTIER_CONTINUITY_V2,0,0,0,0,0,0,0,0,0,0,0,0,0,0,0,0,0,0.377942,0,0,0,0,0,0,56.8346,37.8828,4,4,3,28,110,3.02437,18810,1,1,27,TASKBR_VACANCY_V1,6.4736,3,28,18,27,1,24,5.72272,0.117745,0,18,0,109,109,0,24,24,"1,1,1,1,1,1,1,1,1,1,1,1,1,1,1,1,1,1,3,1,1,3,1,1",6,14,24,513.688,404,0,24.6854,2.80053,59,420000000,0,655,1,SOLVED,667,667.3,0c10026aeddce1f193742dc5d3435616766abdbbe87cff900517987e79af4eb2,0.682,ok,
g6_dhigh_ascarce_plocal_gsingleton_seed0,warehouse_random_factorial,carrier_brd,0,,,,,,,,,,,,,,,,,,,,,,,,,,,,,,,,,,,,,,,,,,,,,,,,,,,,,,,,,,,,,,,,,,,,,,,,,,,,,,,,,,,,,,,,,,,,,,,,,,,,,,,32.5721,39.1556,5,5,4,29,15,1.19473,2565,2,2,6,TASKBR_VACANCY_V1,7.3111,4,29,18,27,2,1,3.62466,0.032455,0,18,0,9,9,0,1,0,,0,0,1,9747.04,31229,1,29.0308,0,0,-1,0,-1,0,SEGMENT_TIMEOUT,,,,9.876,timeout,rd_raw_ticks=0 brd_raw_work_scaled=-1 brd_goal_prefix_removed=0 brd_incidental_goal_prefix_ms=-1 brd_raw_plan_valid=0 brd_exit_reason=SEGMENT_TIMEOUT
g6_dhigh_ascarce_pmixed_gshared_pool_seed0,warehouse_random_factorial,carrier_brd,1,62,478.0,478000000,131,297,50,7,0.2348,557,62,478,478000000,62,478,478000000,0,0,0,0,0,0,0,0,NOT_ATTEMPTED,4,0,0,0,-1,-1,-1,-1,-1,0,0,0,0,0,0,0,0,0,0,0,0,0,,,,,,,,,,,,,0,0,0,0,0,0,0,0,0,0,0,0,0,0,0,0,0,0,0,BOTTLENECK_TARGET_FRONTIER_CONTINUITY_V2,0,0,0,0,0,0,0,0,0,0,0,0,0,0,0,0,0,0.317031,0,0,0,0,0,0,60.674,36.6839,3,3,2,25,86,2.25636,14706,0,0,10,TASKBR_VACANCY_V1,6.46806,2,25,18,25,0,19,5.65204,0.112526,0,18,0,96,96,0,19,19,"1,2,1,2,2,1,1,1,1,2,1,2,1,1,1,1,1,2,1",5,13,19,407.737,330,0,19.035,2.93733,62,478000000,0,546,1,SOLVED,557,557.985,99c2f151fd7ec027a67f9965280f6131168dbde345434a84966a733c6f824858,0.575,ok,
g6_dhigh_ascarce_pmixed_gsingleton_seed0,warehouse_random_factorial,carrier_brd,0,,,,,,,,,,,,,,,,,,,,,,,,,,,,,,,,,,,,,,,,,,,,,,,,,,,,,,,,,,,,,,,,,,,,,,,,,,,,,,,,,,,,,,,,,,,,,,,,,,,,,,,34.6526,35.6068,3,3,2,27,12,0.73101,2052,0,0,1,TASKBR_VACANCY_V1,6.97729,2,27,18,27,0,1,2.27169,0.038728,0,18,0,9,9,0,1,0,,0,0,1,9660.97,21374,1,23.6794,0,0,-1,0,-1,0,SEGMENT_TIMEOUT,,,,9.787,timeout,rd_raw_ticks=0 brd_raw_work_scaled=-1 brd_goal_prefix_removed=0 brd_incidental_goal_prefix_ms=-1 brd_raw_plan_valid=0 brd_exit_reason=SEGMENT_TIMEOUT
g6_dhigh_asurplus_pcross_heavy_gshared_pool_seed0,warehouse_random_factorial,carrier_brd,1,74,441.0,441000000,146,210,74,13,0.0731,755,74,441,441000000,74,441,441000000,0,0,0,0,0,0,0,0,NOT_ATTEMPTED,3,0,0,0,-1,-1,-1,-1,-1,0,0,0,0,0,0,0,0,0,0,0,0,0,,,,,,,,,,,,,0,0,0,0,0,0,0,0,0,0,0,0,0,0,0,0,0,0,0,BOTTLENECK_TARGET_FRONTIER_CONTINUITY_V2,0,0,0,0,0,0,0,0,0,0,0,0,0,0,0,0,0,0.364015,0,0,0,0,0,0,81.4534,42.286,10,10,9,37,276,7.64782,47196,6,9,50,TASKBR_VACANCY_V1,8.47756,9,37,18,31,6,27,8.08098,0.101756,0,18,0,86,86,0,27,27,"2,1,1,1,1,3,2,4,1,2,2,1,2,1,1,1,1,1,1,1,1,1,1,1,1,1,1",9,0,27,568.418,288,0,27.5416,3.74037,74,441000000,0,741,1,SOLVED,755,756.277,87b7334989c13e4015b07ada8e4e36fad8402058c1105a20560a912870363028,0.773,ok,
g6_dhigh_asurplus_pcross_heavy_gsingleton_seed0,warehouse_random_factorial,carrier_brd,0,,,,,,,,,,,,,,,,,,,,,,,,,,,,,,,,,,,,,,,,,,,,,,,,,,,,,,,,,,,,,,,,,,,,,,,,,,,,,,,,,,,,,,,,,,,,,,,,,,,,,,,33.9642,37.0465,4,4,3,28,15,0.992603,2565,1,5,7,TASKBR_VACANCY_V1,7.33845,3,28,18,27,1,1,2.36937,0.038364,0,18,0,18,18,0,1,0,,0,0,1,9721.37,28242,1,27.5474,0,0,-1,0,-1,0,SEGMENT_TIMEOUT,,,,9.845,timeout,rd_raw_ticks=0 brd_raw_work_scaled=-1 brd_goal_prefix_removed=0 brd_incidental_goal_prefix_ms=-1 brd_raw_plan_valid=0 brd_exit_reason=SEGMENT_TIMEOUT
g6_dhigh_asurplus_plocal_gshared_pool_seed0,warehouse_random_factorial,carrier_brd,1,34,304.0,304000000,115,132,56,9,0.1253,499,34,304,304000000,34,304,304000000,0,0,0,0,0,0,0,0,NOT_ATTEMPTED,0,0,0,0,-1,-1,-1,-1,-1,0,0,0,0,0,0,0,0,0,0,0,0,0,,,,,,,,,,,,,0,0,0,0,0,0,0,0,0,0,0,0,0,0,0,0,0,0,0,BOTTLENECK_TARGET_FRONTIER_CONTINUITY_V2,0,0,0,0,0,0,0,0,0,0,0,0,0,0,0,0,0,0.279505,0,0,0,0,0,0,56.8799,38.3121,4,4,3,28,110,3.12412,18810,1,1,27,TASKBR_VACANCY_V1,6.56655,3,28,18,27,1,17,3.51033,0.065672,0,18,0,54,54,0,17,17,"1,1,2,1,2,3,1,1,2,5,2,1,2,1,1,1,1",11,0,17,365.508,197,0,17.8692,1.78859,34,304000000,0,492,1,SOLVED,499,499.939,557440e0a76f5383c48ad975657b2882c50a68995f4fdef22d0692b2d730cce5,0.514,ok,
g6_dhigh_asurplus_plocal_gsingleton_seed0,warehouse_random_factorial,carrier_brd,0,,,,,,,,,,,,,,,,,,,,,,,,,,,,,,,,,,,,,,,,,,,,,,,,,,,,,,,,,,,,,,,,,,,,,,,,,,,,,,,,,,,,,,,,,,,,,,,,,,,,,,,33.4069,37.1912,5,5,4,29,15,1.13279,2565,2,2,6,TASKBR_VACANCY_V1,7.85736,4,29,18,27,2,1,4.4575,0.040765,0,18,0,18,18,0,1,0,,0,0,1,9739,30600,1,29.8268,0,0,-1,0,-1,0,SEGMENT_TIMEOUT,,,,9.867,timeout,rd_raw_ticks=0 brd_raw_work_scaled=-1 brd_goal_prefix_removed=0 brd_incidental_goal_prefix_ms=-1 brd_raw_plan_valid=0 brd_exit_reason=SEGMENT_TIMEOUT
g6_dhigh_asurplus_pmixed_gshared_pool_seed0,warehouse_random_factorial,carrier_brd,1,30,297.0,297000000,131,116,50,7,0.1617,460,30,297,297000000,30,297,297000000,0,0,0,0,0,0,0,0,NOT_ATTEMPTED,2,0,0,0,-1,-1,-1,-1,-1,0,0,0,0,0,0,0,0,0,0,0,0,0,,,,,,,,,,,,,0,0,0,0,0,0,0,0,0,0,0,0,0,0,0,0,0,0,0,BOTTLENECK_TARGET_FRONTIER_CONTINUITY_V2,0,0,0,0,0,0,0,0,0,0,0,0,0,0,0,0,0,0.322069,0,0,0,0,0,0,60.7244,37.0636,3,3,2,25,86,2.34239,14706,0,0,10,TASKBR_VACANCY_V1,6.02616,2,25,18,25,0,15,4.6515,0.071972,0,18,0,59,59,0,15,15,"1,1,1,1,2,2,3,2,5,2,1,1,1,1,1",12,0,15,323.772,248,0,15.2439,1.56069,30,297000000,0,454,1,SOLVED,460,461.062,782faf73af2c7a8cabe29fa16e2cffb34fabfb9c1f298d379043a712b5a3bec8,0.476,ok,
g6_dhigh_asurplus_pmixed_gsingleton_seed0,warehouse_random_factorial,carrier_brd,1,46,542.0,542000000,320,168,54,9,0.2576,501,46,542,542000000,46,542,542000000,0,0,0,0,0,0,0,0,NOT_ATTEMPTED,9,0,0,0,-1,-1,-1,-1,-1,0,0,0,0,0,0,0,0,0,0,0,0,0,,,,,,,,,,,,,0,0,0,0,0,0,0,0,0,0,0,0,0,0,0,0,0,0,0,BOTTLENECK_TARGET_FRONTIER_CONTINUITY_V2,0,0,0,0,0,0,0,0,0,0,0,0,0,0,0,0,0,0.407073,0,0,0,0,0,0,33.004,35.1834,3,3,2,27,12,0.728122,2052,0,0,1,TASKBR_VACANCY_V1,7.03658,2,27,18,27,0,18,5.99293,0.050072,0,18,0,45,45,0,18,18,"1,3,1,1,1,1,1,1,2,1,4,1,1,4,1,1,1,1",11,0,18,385.372,286,0,18.2837,2.25118,46,542000000,0,492,1,SOLVED,501,502.044,23a22d3faefee6559254dab54c5c0ec6071156da48f0f2682bd586812d257ecf,0.517,ok,
g6_dlow_abaseline_pcross_heavy_gshared_pool_seed0,warehouse_random_factorial,carrier_brd,1,64,446.0,446000000,94,285,66,14,0.1224,607,64,446,446000000,64,446,446000000,0,0,0,0,0,0,0,0,NOT_ATTEMPTED,5,0,0,0,-1,-1,-1,-1,-1,0,0,0,0,0,0,0,0,0,0,0,0,0,,,,,,,,,,,,,0,0,0,0,0,0,0,0,0,0,0,0,0,0,0,0,0,0,0,BOTTLENECK_TARGET_FRONTIER_CONTINUITY_V2,0,0,0,0,0,0,0,0,0,0,0,0,0,0,0,0,0,0.266451,0,0,0,0,0,0,49.265,35.3417,6,6,5,33,54,2.04835,9234,1,1,2,TASKBR_VACANCY_V1,7.32983,5,33,17,32,1,24,4.97888,0.13303,0,17,0,118,118,0,24,24,"1,1,1,1,1,2,1,2,1,1,1,3,2,1,1,2,1,1,1,1,4,1,1,1",6,20,24,483.233,329,0,23.3423,1.3472,64,446000000,0,602,1,SOLVED,607,608.029,ba241ce844be98f6bd66b3f28a041c7b23caa1a25fe1daee5651bf69da59fa39,0.62,ok,
g6_dlow_abaseline_pcross_heavy_gsingleton_seed0,warehouse_random_factorial,carrier_brd,0,,,,,,,,,,,,,,,,,,,,,,,,,,,,,,,,,,,,,,,,,,,,,,,,,,,,,,,,,,,,,,,,,,,,,,,,,,,,,,,,,,,,,,,,,,,,,,,,,,,,,,,,,,,,,,,,,,,,,,,,,,,,,,,,,,,,,,,,,,,,,,,,,,,,,,,10.06,timeout,
g6_dlow_abaseline_plocal_gshared_pool_seed0,warehouse_random_factorial,carrier_brd,1,53,409.0,409000000,109,242,58,11,0.1714,540,53,409,409000000,53,409,409000000,0,0,0,0,0,0,0,0,NOT_ATTEMPTED,1,0,0,0,-1,-1,-1,-1,-1,0,0,0,0,0,0,0,0,0,0,0,0,0,,,,,,,,,,,,,0,0,0,0,0,0,0,0,0,0,0,0,0,0,0,0,0,0,0,BOTTLENECK_TARGET_FRONTIER_CONTINUITY_V2,0,0,0,0,0,0,0,0,0,0,0,0,0,0,0,0,0,0.277155,0,0,0,0,0,0,44.6209,32.9258,4,4,3,29,64,1.92202,10944,0,0,0,TASKBR_VACANCY_V1,6.67157,3,29,18,29,0,21,4.36173,0.11671,0,18,0,104,104,0,21,21,"1,1,1,1,1,2,1,1,1,2,1,1,2,1,5,2,1,1,1,1,1",7,6,21,426.152,347,0,19.8671,1.09152,53,409000000,0,536,1,SOLVED,540,540.49,11810c9e37b888953c5fd0bae6271978cb4c869d675cb47d3b4c1b124a1ef92b,0.553,ok,
g6_dlow_abaseline_plocal_gsingleton_seed0,warehouse_random_factorial,carrier_brd,1,60,635.0,635000000,284,297,54,9,0.3944,471,60,635,635000000,60,635,635000000,0,0,0,0,0,0,0,0,NOT_ATTEMPTED,13,0,0,0,-1,-1,-1,-1,-1,0,0,0,0,0,0,0,0,0,0,0,0,0,,,,,,,,,,,,,0,0,0,0,0,0,0,0,0,0,0,0,0,0,0,0,0,0,0,BOTTLENECK_TARGET_FRONTIER_CONTINUITY_V2,0,0,0,0,0,0,0,0,0,0,0,0,0,0,0,0,0,0.311651,0,0,0,0,0,0,32.8321,33.974,3,3,2,27,12,0.666237,2052,0,0,5,TASKBR_VACANCY_V1,6.70243,2,27,18,27,0,18,5.05604,0.088096,0,18,0,75,75,0,18,18,"1,1,1,2,1,1,2,1,2,1,3,2,3,1,1,1,2,1",9,8,18,367.608,351,0,17.4252,1.28897,60,635000000,0,466,1,SOLVED,471,471.529,907be9ce2f98860567089543400478bc8828b535d1dab7a6b94c8661bb49adfb,0.484,ok,
g6_dlow_abaseline_pmixed_gshared_pool_seed0,warehouse_random_factorial,carrier_brd,1,53,446.0,446000000,125,267,54,9,0.1965,590,53,446,446000000,53,446,446000000,0,0,0,0,0,0,0,0,NOT_ATTEMPTED,1,0,0,0,-1,-1,-1,-1,-1,0,0,0,0,0,0,0,0,0,0,0,0,0,,,,,,,,,,,,,0,0,0,0,0,0,0,0,0,0,0,0,0,0,0,0,0,0,0,BOTTLENECK_TARGET_FRONTIER_CONTINUITY_V2,0,0,0,0,0,0,0,0,0,0,0,0,0,0,0,0,0,0.289202,0,0,0,0,0,0,55.5108,34.512,4,4,3,27,65,1.90392,11115,0,0,0,TASKBR_VACANCY_V1,6.69819,3,27,18,27,0,23,5.47641,0.1504,0,18,0,125,125,0,23,23,"1,1,1,1,2,1,1,1,3,1,1,1,1,1,2,1,1,1,1,1,1,1,1",6,13,23,461.867,345,0,22.1607,1.0565,53,446000000,0,586,1,SOLVED,590,590.346,4af7027d2e0af1429decdc111242507106588d6682dc1774c44beb4c8d9a3d70,0.603,ok,
g6_dlow_abaseline_pmixed_gsingleton_seed0,warehouse_random_factorial,carrier_brd,1,73,684.0,684000000,306,324,54,9,0.3493,531,73,684,684000000,73,684,684000000,0,0,0,0,0,0,0,0,NOT_ATTEMPTED,4,0,0,0,-1,-1,-1,-1,-1,0,0,0,0,0,0,0,0,0,0,0,0,0,,,,,,,,,,,,,0,0,0,0,0,0,0,0,0,0,0,0,0,0,0,0,0,0,0,BOTTLENECK_TARGET_FRONTIER_CONTINUITY_V2,0,0,0,0,0,0,0,0,0,0,0,0,0,0,0,0,0,0.348335,0,0,0,0,0,0,33.3141,33.6241,3,3,2,27,12,0.667532,2052,0,0,1,TASKBR_VACANCY_V1,6.93178,2,27,18,27,0,21,3.38929,0.09137,0,18,0,86,86,0,21,21,"1,1,1,1,2,1,1,1,1,1,1,1,1,2,1,3,3,1,1,1,1",8,11,21,425.001,411,0,20.2183,1.47942,73,684000000,0,525,1,SOLVED,531,531.44,b6a23299f5e58042a897e7eb731f81956a647961f4f2feba5fd4f43a53db910c,0.544,ok,
g6_dlow_aequal_pcross_heavy_gshared_pool_seed0,warehouse_random_factorial,carrier_brd,1,53,409.0,409000000,94,248,66,14,0.0985,545,53,409,409000000,53,409,409000000,0,0,0,0,0,0,0,0,NOT_ATTEMPTED,0,0,0,0,-1,-1,-1,-1,-1,0,0,0,0,0,0,0,0,0,0,0,0,0,,,,,,,,,,,,,0,0,0,0,0,0,0,0,0,0,0,0,0,0,0,0,0,0,0,BOTTLENECK_TARGET_FRONTIER_CONTINUITY_V2,0,0,0,0,0,0,0,0,0,0,0,0,0,0,0,0,0,0.253217,0,0,0,0,0,0,49.7245,35.5915,6,6,5,33,54,2.00782,9234,1,1,2,TASKBR_VACANCY_V1,7.24753,5,33,17,32,1,21,6.31382,0.1076,0,17,0,109,109,0,21,21,"1,1,1,1,1,1,2,1,2,1,1,2,1,1,7,2,3,1,1,1,1",6,0,21,424.518,259,0,20.2479,1.26747,53,409000000,0,540,1,SOLVED,545,545.373,e5130bf999808e864c9e43152a6cb8c1a2839287a978840c37517c96767e057b,0.558,ok,
g6_dlow_aequal_pcross_heavy_gsingleton_seed0,warehouse_random_factorial,carrier_brd,1,107,900.0,900000000,594,237,56,9,0.3084,646,107,900,900000000,107,900,900000000,0,0,0,0,0,0,0,0,NOT_ATTEMPTED,190,0,0,0,-1,-1,-1,-1,-1,0,0,0,0,0,0,0,0,0,0,0,0,0,,,,,,,,,,,,,0,0,0,0,0,0,0,0,0,0,0,0,0,0,0,0,0,0,0,BOTTLENECK_TARGET_FRONTIER_CONTINUITY_V2,0,0,0,0,0,0,0,0,0,0,0,0,0,0,0,0,0,1.04098,0,0,0,0,0,0,33.8513,36.1068,4,4,3,28,14,0.959952,2394,1,1,24,TASKBR_VACANCY_V1,7.42341,3,28,18,27,1,20,1.91716,0.049443,0,18,0,29,29,0,20,20,"2,1,2,1,2,1,3,1,3,2,1,1,1,1,1,1,1,1,1,1",15,0,20,517.811,1613,0,22.2425,2.12345,107,900000000,0,637,1,SOLVED,646,646.411,0444ec32f9e2ac1406d475cecbfd3d57d2a0d9650926137521b0b145dc5f112d,0.659,ok,
g6_dlow_aequal_plocal_gshared_pool_seed0,warehouse_random_factorial,carrier_brd,1,32,343.0,343000000,109,176,58,11,0.1892,401,32,343,343000000,32,343,343000000,0,0,0,0,0,0,0,0,NOT_ATTEMPTED,0,0,0,0,-1,-1,-1,-1,-1,0,0,0,0,0,0,0,0,0,0,0,0,0,,,,,,,,,,,,,0,0,0,0,0,0,0,0,0,0,0,0,0,0,0,0,0,0,0,BOTTLENECK_TARGET_FRONTIER_CONTINUITY_V2,0,0,0,0,0,0,0,0,0,0,0,0,0,0,0,0,0,0.176917,0,0,0,0,0,0,44.86,33.233,4,4,3,29,64,1.88293,10944,0,0,0,TASKBR_VACANCY_V1,6.73045,3,29,18,29,0,15,2.62238,0.08224,0,18,0,67,67,0,15,15,"1,1,2,1,2,1,3,1,7,2,2,1,3,1,1",12,0,15,298.661,159,0,14.7333,0.731145,32,343000000,0,399,1,SOLVED,401,402.049,722e65e6ecad0e7bb6c9f82975ba539147c36cd61c0460fd34b7fba9c37337ad,0.413,ok,
g6_dlow_aequal_plocal_gsingleton_seed0,warehouse_random_factorial,carrier_brd,1,66,703.0,703000000,336,313,54,9,0.2828,472,66,703,703000000,66,703,703000000,0,0,0,0,0,0,0,0,NOT_ATTEMPTED,55,0,0,0,-1,-1,-1,-1,-1,0,0,0,0,0,0,0,0,0,0,0,0,0,,,,,,,,,,,,,0,0,0,0,0,0,0,0,0,0,0,0,0,0,0,0,0,0,0,BOTTLENECK_TARGET_FRONTIER_CONTINUITY_V2,0,0,0,0,0,0,0,0,0,0,0,0,0,0,0,0,0,0.500641,0,0,0,0,0,0,32.9171,34.6153,3,3,2,27,12,0.669722,2052,0,0,5,TASKBR_VACANCY_V1,6.88377,2,27,18,27,0,17,4.0565,0.054623,0,18,0,43,43,0,17,17,"1,2,1,1,1,1,4,1,1,2,2,1,4,2,1,1,1",15,4,17,363.381,601,0,16.966,1.41255,66,703000000,0,466,1,SOLVED,472,472.337,3a2d8ef1c7f510ddfa98a8f12fe75461af1aa8b2230dde48872d59bde6e76b43,0.485,ok,
g6_dlow_aequal_pmixed_gshared_pool_seed0,warehouse_random_factorial,carrier_brd,1,33,362.0,362000000,125,183,54,9,0.2104,421,33,362,362000000,33,362,362000000,0,0,0,0,0,0,0,0,NOT_ATTEMPTED,0,0,0,0,-1,-1,-1,-1,-1,0,0,0,0,0,0,0,0,0,0,0,0,0,,,,,,,,,,,,,0,0,0,0,0,0,0,0,0,0,0,0,0,0,0,0,0,0,0,BOTTLENECK_TARGET_FRONTIER_CONTINUITY_V2,0,0,0,0,0,0,0,0,0,0,0,0,0,0,0,0,0,0.217063,0,0,0,0,0,0,55.4921,34.7429,4,4,3,27,65,2.01913,11115,0,0,0,TASKBR_VACANCY_V1,6.61621,3,27,18,27,0,15,3.22669,0.10098,0,18,0,70,70,0,15,15,"1,1,1,3,1,1,1,2,1,7,1,3,2,1,1",12,4,15,305.285,211,0,14.8442,0.807479,33,362000000,0,418,1,SOLVED,421,421.68,619b9d79dfd6b001a8403e418b7083cd68443121dd881be8b56c937171c31e65,0.434,ok,
g6_dlow_aequal_pmixed_gsingleton_seed0,warehouse_random_factorial,carrier_brd,1,79,672.0,672000000,342,276,54,9,0.2405,459,79,672,672000000,79,672,672000000,0,0,0,0,0,0,0,0,NOT_ATTEMPTED,33,0,0,0,-1,-1,-1,-1,-1,0,0,0,0,0,0,0,0,0,0,0,0,0,,,,,,,,,,,,,0,0,0,0,0,0,0,0,0,0,0,0,0,0,0,0,0,0,0,BOTTLENECK_TARGET_FRONTIER_CONTINUITY_V2,0,0,0,0,0,0,0,0,0,0,0,0,0,0,0,0,0,0.513155,0,0,0,0,0,0,32.7418,34.7958,3,3,2,27,12,0.695866,2052,0,0,1,TASKBR_VACANCY_V1,6.97507,2,27,18,27,0,16,2.12424,0.046585,0,18,0,38,38,0,16,16,"1,2,1,1,1,2,4,1,2,4,1,3,1,1,1,1",14,0,16,351.713,688,0,16.6804,1.65744,79,672000000,0,452,1,SOLVED,459,459.153,447d62b112ec0f65cb55214fd35806ae92d3ff44f9729031be0dbe73b2297220,0.471,ok,
g6_dlow_ascarce_pcross_heavy_gshared_pool_seed0,warehouse_random_factorial,carrier_brd,1,73,415.0,415000000,94,254,66,14,0.1431,608,73,415,415000000,73,415,415000000,0,0,0,0,0,0,0,0,NOT_ATTEMPTED,2,0,0,0,-1,-1,-1,-1,-1,0,0,0,0,0,0,0,0,0,0,0,0,0,,,,,,,,,,,,,0,0,0,0,0,0,0,0,0,0,0,0,0,0,0,0,0,0,0,BOTTLENECK_TARGET_FRONTIER_CONTINUITY_V2,0,0,0,0,0,0,0,0,0,0,0,0,0,0,0,0,0,0.249922,0,0,0,0,0,0,50.3574,35.4593,6,6,5,33,54,2.03548,9234,1,1,2,TASKBR_VACANCY_V1,7.32507,5,33,17,32,1,24,5.02563,0.121157,0,17,0,100,100,0,24,24,"1,1,1,1,2,1,1,1,1,3,1,1,2,2,3,1,1,1,3,1,1,1,1,1",5,11,24,481.627,346,0,24.4041,1.56262,73,415000000,0,602,1,SOLVED,608,608.984,6424a20c4d1e82485424c1ac35a8726a99bd9b5027eaef4fb3424b4bf385ef04,0.621,ok,
g6_dlow_ascarce_pcross_heavy_gsingleton_seed0,warehouse_random_factorial,carrier_brd,1,134,865.0,865000000,468,340,56,9,0.3881,655,134,865,865000000,134,865,865000000,0,0,0,0,0,0,0,0,NOT_ATTEMPTED,97,0,0,0,-1,-1,-1,-1,-1,0,0,0,0,0,0,0,0,0,0,0,0,0,,,,,,,,,,,,,0,0,0,0,0,0,0,0,0,0,0,0,0,0,0,0,0,0,0,BOTTLENECK_TARGET_FRONTIER_CONTINUITY_V2,0,0,0,0,0,0,0,0,0,0,0,0,0,0,0,0,0,0.608952,0,0,0,0,0,0,32.6591,34.881,4,4,3,28,14,0.914541,2394,1,1,24,TASKBR_VACANCY_V1,7.12431,3,28,18,27,1,23,3.65127,0.077406,0,18,0,66,66,0,23,23,"2,1,2,1,2,1,1,1,1,1,2,1,2,1,1,1,1,1,1,1,1,1,1",7,5,23,531.736,991,0,24.8882,2.6189,134,865000000,0,645,1,SOLVED,655,655.796,0d1eb89d0afbe8adfc6ee924f91e512114a3394dafa6ee395304857499ea9894,0.669,ok,
g6_dlow_ascarce_plocal_gshared_pool_seed0,warehouse_random_factorial,carrier_brd,1,63,409.0,409000000,109,242,58,11,0.1922,559,63,409,409000000,63,409,409000000,0,0,0,0,0,0,0,0,NOT_ATTEMPTED,1,0,0,0,-1,-1,-1,-1,-1,0,0,0,0,0,0,0,0,0,0,0,0,0,,,,,,,,,,,,,0,0,0,0,0,0,0,0,0,0,0,0,0,0,0,0,0,0,0,BOTTLENECK_TARGET_FRONTIER_CONTINUITY_V2,0,0,0,0,0,0,0,0,0,0,0,0,0,0,0,0,0,0.248496,0,0,0,0,0,0,44.7436,33.146,4,4,3,29,64,1.8994,10944,0,0,0,TASKBR_VACANCY_V1,6.60774,3,29,18,29,0,22,4.81322,0.112004,0,18,0,93,93,0,22,22,"1,1,1,2,1,2,2,1,1,1,1,1,1,2,4,1,1,1,1,1,1,1",5,3,22,443.779,325,0,22.0389,1.3193,63,409000000,0,554,1,SOLVED,559,559.849,16dea5820107476bd3618c83d2eb35c133edc3724e7ef5e3616f0981264decde,0.572,ok,
g6_dlow_ascarce_plocal_gsingleton_seed0,warehouse_random_factorial,carrier_brd,1,97,728.0,728000000,318,356,54,9,0.3643,657,97,728,728000000,97,728,728000000,0,0,0,0,0,0,0,0,NOT_ATTEMPTED,43,0,0,0,-1,-1,-1,-1,-1,0,0,0,0,0,0,0,0,0,0,0,0,0,,,,,,,,,,,,,0,0,0,0,0,0,0,0,0,0,0,0,0,0,0,0,0,0,0,BOTTLENECK_TARGET_FRONTIER_CONTINUITY_V2,0,0,0,0,0,0,0,0,0,0,0,0,0,0,0,0,0,0.465933,0,0,0,0,0,0,32.2643,34.3488,3,3,2,27,12,0.671555,2052,0,0,5,TASKBR_VACANCY_V1,6.84542,2,27,18,27,0,26,6.19062,0.105538,0,18,0,93,93,0,26,26,"1,1,1,1,1,1,2,1,1,1,1,1,1,1,1,1,1,1,1,1,1,1,1,1,1,1",8,16,26,540.052,639,0,25.843,1.90159,97,728000000,0,649,1,SOLVED,657,657.472,4147ab2a5711b432d54fca7befad975a8b7d9dfb5e73eba85ee7dd79c10a0e98,0.67,ok,
g6_dlow_ascarce_pmixed_gshared_pool_seed0,warehouse_random_factorial,carrier_brd,1,61,432.0,432000000,125,253,54,9,0.2277,625,61,432,432000000,61,432,432000000,0,0,0,0,0,0,0,0,NOT_ATTEMPTED,2,0,0,0,-1,-1,-1,-1,-1,0,0,0,0,0,0,0,0,0,0,0,0,0,,,,,,,,,,,,,0,0,0,0,0,0,0,0,0,0,0,0,0,0,0,0,0,0,0,BOTTLENECK_TARGET_FRONTIER_CONTINUITY_V2,0,0,0,0,0,0,0,0,0,0,0,0,0,0,0,0,0,0.305197,0,0,0,0,0,0,61.6624,35.1025,4,4,3,27,65,1.98491,11115,0,0,0,TASKBR_VACANCY_V1,6.07765,3,27,18,27,0,24,7.4485,0.144924,0,18,0,110,110,0,24,24,"1,1,1,1,1,1,1,1,1,1,2,1,1,1,1,1,3,1,1,1,1,1,1,1",6,11,24,486.313,394,0,24.1804,1.2001,61,432000000,0,620,1,SOLVED,625,625.718,94e714d91cc8a2a2ffb9992296b86b5b295a0f3db5567107f23c330a975e9265,0.638,ok,
g6_dlow_ascarce_pmixed_gsingleton_seed0,warehouse_random_factorial,carrier_brd,1,86,658.0,658000000,302,302,54,9,0.3902,561,86,658,658000000,86,658,658000000,0,0,0,0,0,0,0,0,NOT_ATTEMPTED,4,0,0,0,-1,-1,-1,-1,-1,0,0,0,0,0,0,0,0,0,0,0,0,0,,,,,,,,,,,,,0,0,0,0,0,0,0,0,0,0,0,0,0,0,0,0,0,0,0,BOTTLENECK_TARGET_FRONTIER_CONTINUITY_V2,0,0,0,0,0,0,0,0,0,0,0,0,0,0,0,0,0,0.364507,0,0,0,0,0,0,32.8766,34.2234,3,3,2,27,12,0.846192,2052,0,0,1,TASKBR_VACANCY_V1,6.91322,2,27,18,27,0,22,4.54449,0.108257,0,18,0,88,88,0,22,22,"1,2,1,1,2,1,1,1,1,1,1,1,1,1,1,3,1,1,1,1,2,1",8,11,22,451.037,446,0,23.0303,1.66379,86,658000000,0,554,1,SOLVED,561,561.367,7ddf6d73fe59f005ff8aa11662b73477eb48e0a2de5569f86300abb0358356f4,0.574,ok,
g6_dlow_asurplus_pcross_heavy_gshared_pool_seed0,warehouse_random_factorial,carrier_brd,1,45,353.0,353000000,94,192,66,14,0.0774,485,45,353,353000000,45,353,353000000,0,0,0,0,0,0,0,0,NOT_ATTEMPTED,0,0,0,0,-1,-1,-1,-1,-1,0,0,0,0,0,0,0,0,0,0,0,0,0,,,,,,,,,,,,,0,0,0,0,0,0,0,0,0,0,0,0,0,0,0,0,0,0,0,BOTTLENECK_TARGET_FRONTIER_CONTINUITY_V2,0,0,0,0,0,0,0,0,0,0,0,0,0,0,0,0,0,0.195958,0,0,0,0,0,0,49.2435,35.0476,6,6,5,33,54,2.04105,9234,1,1,2,TASKBR_VACANCY_V1,7.42559,5,33,17,32,1,18,6.30263,0.082901,0,17,0,79,79,0,18,18,"2,1,1,2,1,1,3,2,1,3,6,2,1,3,1,1,1,1",8,0,18,367.328,169,0,18.5058,1.11574,45,353000000,0,481,1,SOLVED,485,485.395,d3908e28114813a3999b04e1cfc629ced3a0265059466c599d4ab2fa08e256f3,0.497,ok,
g6_dlow_asurplus_pcross_heavy_gsingleton_seed0,warehouse_random_factorial,carrier_brd,0,,,,,,,,,,,,,,,,,,,,,,,,,,,,,,,,,,,,,,,,,,,,,,,,,,,,,,,,,,,,,,,,,,,,,,,,,,,,,,,,,,,,,,,,,,,,,,,,,,,,,,,33.2749,34.9698,4,4,3,28,14,1.00573,2394,1,1,24,TASKBR_VACANCY_V1,7.23543,3,28,18,27,1,1,2.4488,0.044577,0,18,0,18,18,0,1,0,,0,0,1,9872.1,39344,1,188.842,0,0,-1,0,-1,0,SEGMENT_TIMEOUT,,,,10.003,timeout,rd_raw_ticks=0 brd_raw_work_scaled=-1 brd_goal_prefix_removed=0 brd_incidental_goal_prefix_ms=-1 brd_raw_plan_valid=0 brd_exit_reason=SEGMENT_TIMEOUT
g6_dlow_asurplus_plocal_gshared_pool_seed0,warehouse_random_factorial,carrier_brd,1,30,297.0,297000000,109,130,58,11,0.1346,466,30,297,297000000,30,297,297000000,0,0,0,0,0,0,0,0,NOT_ATTEMPTED,0,0,0,0,-1,-1,-1,-1,-1,0,0,0,0,0,0,0,0,0,0,0,0,0,,,,,,,,,,,,,0,0,0,0,0,0,0,0,0,0,0,0,0,0,0,0,0,0,0,BOTTLENECK_TARGET_FRONTIER_CONTINUITY_V2,0,0,0,0,0,0,0,0,0,0,0,0,0,0,0,0,0,0.19942,0,0,0,0,0,0,45.0562,33.0725,4,4,3,29,64,1.87379,10944,0,0,0,TASKBR_VACANCY_V1,6.50319,3,29,18,29,0,18,3.43219,0.059693,0,18,0,55,55,0,18,18,"1,1,2,3,1,3,1,1,1,6,1,1,2,1,1,1,1,1",11,0,18,360.702,172,0,17.4572,0.671623,30,297000000,0,464,1,SOLVED,466,467.128,373b184016ced481ea0e839e7247abd91d06d796f25284f56e653a14a079d7e1,0.479,ok,
g6_dlow_asurplus_plocal_gsingleton_seed0,warehouse_random_factorial,carrier_brd,1,100,701.0,701000000,432,215,54,9,0.16,686,100,701,701000000,100,701,701000000,0,0,0,0,0,0,0,0,NOT_ATTEMPTED,125,0,0,0,-1,-1,-1,-1,-1,0,0,0,0,0,0,0,0,0,0,0,0,0,,,,,,,,,,,,,0,0,0,0,0,0,0,0,0,0,0,0,0,0,0,0,0,0,0,BOTTLENECK_TARGET_FRONTIER_CONTINUITY_V2,0,0,0,0,0,0,0,0,0,0,0,0,0,0,0,0,0,1.21905,0,0,0,0,0,0,33.4342,33.8272,3,3,2,27,12,0.664769,2052,0,0,5,TASKBR_VACANCY_V1,6.89082,2,27,18,27,0,22,6.56001,0.063583,0,18,0,53,53,0,22,22,"1,1,1,1,1,1,1,4,1,1,1,2,2,1,1,1,1,1,1,1,1,1",14,2,22,550.832,1541,0,22.988,2.19487,100,701000000,0,678,1,SOLVED,686,686.342,175ccd7db034cd5a185a680d373d550a2afd8b51b3752141baa1f15b90ada5ef,0.7,ok,
g6_dlow_asurplus_pmixed_gshared_pool_seed0,warehouse_random_factorial,carrier_brd,1,33,295.0,295000000,125,116,54,9,0.1403,450,33,295,295000000,33,295,295000000,0,0,0,0,0,0,0,0,NOT_ATTEMPTED,2,0,0,0,-1,-1,-1,-1,-1,0,0,0,0,0,0,0,0,0,0,0,0,0,,,,,,,,,,,,,0,0,0,0,0,0,0,0,0,0,0,0,0,0,0,0,0,0,0,BOTTLENECK_TARGET_FRONTIER_CONTINUITY_V2,0,0,0,0,0,0,0,0,0,0,0,0,0,0,0,0,0,0.275104,0,0,0,0,0,0,55.9795,38.6797,4,4,3,27,65,1.9882,11115,0,0,0,TASKBR_VACANCY_V1,6.28715,3,27,18,27,0,16,4.55507,0.070108,0,18,0,62,62,0,16,16,"1,1,1,1,1,1,3,3,2,6,1,2,1,1,1,1",12,0,16,324.511,263,0,15.4078,0.789911,33,295000000,0,447,1,SOLVED,450,450.549,f40ae806ff541b32e51d7b4418aeabde2a5628508dcfe38cbce3954d111f043e,0.462,ok,
g6_dlow_asurplus_pmixed_gsingleton_seed0,warehouse_random_factorial,carrier_brd,1,77,592.0,592000000,372,166,54,9,0.1789,613,77,592,592000000,77,592,592000000,0,0,0,0,0,0,0,0,NOT_ATTEMPTED,65,0,0,0,-1,-1,-1,-1,-1,0,0,0,0,0,0,0,0,0,0,0,0,0,,,,,,,,,,,,,0,0,0,0,0,0,0,0,0,0,0,0,0,0,0,0,0,0,0,BOTTLENECK_TARGET_FRONTIER_CONTINUITY_V2,0,0,0,0,0,0,0,0,0,0,0,0,0,0,0,0,0,0.785701,0,0,0,0,0,0,33.4284,33.984,3,3,2,27,12,0.687487,2052,0,0,1,TASKBR_VACANCY_V1,6.87351,2,27,18,27,0,22,6.06162,0.051764,0,18,0,45,45,0,22,22,"1,3,1,1,1,1,1,1,2,1,1,2,1,1,2,1,1,1,1,1,1,1",11,0,22,493.06,951,0,22.4705,1.75867,77,592000000,0,607,1,SOLVED,613,613.991,541e9705c227af27d257e10101549c6c9690749442fc77c88a63e46daef6bf4f,0.627,ok,
g6_dmedium_abaseline_pcross_heavy_gshared_pool_seed0,warehouse_random_factorial,carrier_brd,1,84,501.0,501000000,105,298,88,20,0.1042,804,84,501,501000000,84,501,501000000,0,0,0,0,0,0,0,0,NOT_ATTEMPTED,2,0,0,0,-1,-1,-1,-1,-1,0,0,0,0,0,0,0,0,0,0,0,0,0,,,,,,,,,,,,,0,0,0,0,0,0,0,0,0,0,0,0,0,0,0,0,0,0,0,BOTTLENECK_TARGET_FRONTIER_CONTINUITY_V2,0,0,0,0,0,0,0,0,0,0,0,0,0,0,0,0,0,0.34251,0,0,0,0,0,0,61.7566,41.5357,10,10,9,44,169,5.08149,28899,10,10,52,TASKBR_VACANCY_V1,8.79427,9,44,18,34,10,31,6.43268,0.157516,0,18,0,127,127,0,31,31,"1,1,1,2,1,2,1,1,1,1,2,3,1,4,1,2,1,1,2,1,2,1,1,2,2,1,1,1,1,1,1",4,11,31,640.028,336,0,32.9366,3.18752,84,501000000,0,791,1,SOLVED,804,804.513,6d5f760ff9aaca824a66595f72a059ebb0e67c30875af97083d556f71fe35bb9,0.82,ok,
g6_dmedium_abaseline_pcross_heavy_gsingleton_seed0,warehouse_random_factorial,carrier_brd,0,,,,,,,,,,,,,,,,,,,,,,,,,,,,,,,,,,,,,,,,,,,,,,,,,,,,,,,,,,,,,,,,,,,,,,,,,,,,,,,,,,,,,,,,,,,,,,,,,,,,,,,32.8566,36.5086,5,5,4,29,16,1.10241,2736,2,2,5,TASKBR_VACANCY_V1,7.69055,4,29,18,27,2,2,2.09376,0.044434,0,18,0,14,14,0,2,1,2,10,0,2,9717.04,27594,1,34.9133,0,36,-1,0,-1,0,SEGMENT_TIMEOUT,,,,9.857,timeout,d_raw_ticks=36 brd_raw_work_scaled=-1 brd_goal_prefix_removed=0 brd_incidental_goal_prefix_ms=-1 brd_raw_plan_valid=0 brd_exit_reason=SEGMENT_TIMEOUT
g6_dmedium_abaseline_plocal_gshared_pool_seed0,warehouse_random_factorial,carrier_brd,1,57,430.0,430000000,113,254,62,12,0.1652,549,57,430,430000000,57,430,430000000,0,0,0,0,0,0,0,0,NOT_ATTEMPTED,2,0,0,0,-1,-1,-1,-1,-1,0,0,0,0,0,0,0,0,0,0,0,0,0,,,,,,,,,,,,,0,0,0,0,0,0,0,0,0,0,0,0,0,0,0,0,0,0,0,BOTTLENECK_TARGET_FRONTIER_CONTINUITY_V2,0,0,0,0,0,0,0,0,0,0,0,0,0,0,0,0,0,0.287808,0,0,0,0,0,0,49.2473,38.3094,5,5,4,31,81,2.4987,13851,1,1,25,TASKBR_VACANCY_V1,6.93633,4,31,18,30,1,20,5.29984,0.15231,0,18,0,101,101,0,20,20,"1,1,1,1,1,1,2,2,2,4,1,1,4,1,1,2,1,1,2,1",8,11,20,416.218,279,0,21.9114,2.04832,57,430000000,0,540,1,SOLVED,549,549.224,611c71fefcb15c2ae45a3d0e0c2d5e87b361d73cf8b40c134272c8f7de5e5edc,0.564,ok,
g6_dmedium_abaseline_plocal_gsingleton_seed0,warehouse_random_factorial,carrier_brd,1,65,650.0,650000000,288,308,54,9,0.3692,548,65,650,650000000,65,650,650000000,0,0,0,0,0,0,0,0,NOT_ATTEMPTED,8,0,0,0,-1,-1,-1,-1,-1,0,0,0,0,0,0,0,0,0,0,0,0,0,,,,,,,,,,,,,0,0,0,0,0,0,0,0,0,0,0,0,0,0,0,0,0,0,0,BOTTLENECK_TARGET_FRONTIER_CONTINUITY_V2,0,0,0,0,0,0,0,0,0,0,0,0,0,0,0,0,0,0.34918,0,0,0,0,0,0,33.0188,34.8763,3,3,2,27,12,0.751421,2052,0,0,5,TASKBR_VACANCY_V1,6.87455,2,27,18,27,0,20,5.11146,0.085199,0,18,0,74,74,0,20,20,"1,1,2,1,2,2,1,1,1,1,1,1,4,1,1,2,1,1,1,1",8,8,20,432.828,313,0,23.2335,2.53175,65,650000000,0,539,1,SOLVED,548,549.022,7c2ddd21e808e9d3de850116caebc1952fac3484b299dee6317a54c7eb8ce25f,0.563,ok,
g6_dmedium_abaseline_pmixed_gshared_pool_seed0,warehouse_random_factorial,carrier_brd,1,49,406.0,406000000,129,227,50,7,0.2194,522,49,406,406000000,49,406,406000000,0,0,0,0,0,0,0,0,NOT_ATTEMPTED,2,0,0,0,-1,-1,-1,-1,-1,0,0,0,0,0,0,0,0,0,0,0,0,0,,,,,,,,,,,,,0,0,0,0,0,0,0,0,0,0,0,0,0,0,0,0,0,0,0,BOTTLENECK_TARGET_FRONTIER_CONTINUITY_V2,0,0,0,0,0,0,0,0,0,0,0,0,0,0,0,0,0,0.301806,0,0,0,0,0,0,61.6807,34.6243,3,3,2,25,83,2.25755,14193,0,0,0,TASKBR_VACANCY_V1,5.9568,2,25,18,25,0,18,4.20122,0.104911,0,18,0,83,83,0,18,18,"1,1,1,3,2,1,1,1,2,1,2,3,1,1,1,1,1,1",8,8,18,383.935,313,0,20.2264,1.84641,49,406000000,0,514,1,SOLVED,522,522.47,d77760c746a778d4d04a8781c261d3594ccdfb777628d673760a6f7279d636ef,0.536,ok,
g6_dmedium_abaseline_pmixed_gsingleton_seed0,warehouse_random_factorial,carrier_brd,1,90,743.0,743000000,364,325,54,9,0.337,587,90,743,743000000,90,743,743000000,0,0,0,0,0,0,0,0,NOT_ATTEMPTED,44,0,0,0,-1,-1,-1,-1,-1,0,0,0,0,0,0,0,0,0,0,0,0,0,,,,,,,,,,,,,0,0,0,0,0,0,0,0,0,0,0,0,0,0,0,0,0,0,0,BOTTLENECK_TARGET_FRONTIER_CONTINUITY_V2,0,0,0,0,0,0,0,0,0,0,0,0,0,0,0,0,0,0.654618,0,0,0,0,0,0,34.0192,37.7085,3,3,2,27,12,0.700329,2052,0,0,1,TASKBR_VACANCY_V1,7.06968,2,27,18,27,0,19,3.12299,0.088084,0,18,0,79,79,0,19,19,"1,1,1,2,2,2,1,1,2,2,3,1,2,1,1,1,1,1,1",10,11,19,450.913,725,0,23.1157,3.23001,90,743000000,0,574,1,SOLVED,587,587.314,5d81f52365aa2e170ea1657d8aef227e514d33c29dd2830c149d3005a7244d7d,0.602,ok,
g6_dmedium_aequal_pcross_heavy_gshared_pool_seed0,warehouse_random_factorial,carrier_brd,1,76,494.0,494000000,105,291,88,20,0.0768,897,76,494,494000000,76,494,494000000,0,0,0,0,0,0,0,0,NOT_ATTEMPTED,1,0,0,0,-1,-1,-1,-1,-1,0,0,0,0,0,0,0,0,0,0,0,0,0,,,,,,,,,,,,,0,0,0,0,0,0,0,0,0,0,0,0,0,0,0,0,0,0,0,BOTTLENECK_TARGET_FRONTIER_CONTINUITY_V2,0,0,0,0,0,0,0,0,0,0,0,0,0,0,0,0,0,0.417305,0,0,0,0,0,0,61.0391,41.1586,10,10,9,44,169,5.28648,28899,10,10,52,TASKBR_VACANCY_V1,8.49492,9,44,18,34,10,34,7.40287,0.137085,0,18,0,135,135,0,34,34,"1,1,1,1,1,1,1,2,2,1,2,1,1,1,1,5,1,1,1,1,1,1,1,2,1,1,2,2,1,1,1,1,1,1",6,1,34,734.448,323,0,38.4472,2.9774,76,494000000,0,885,1,SOLVED,897,897.742,ed350a281f63f35ee104111a671674cc1f34394f45a24887dd2c4ad1b03469dd,0.913,ok,
g6_dmedium_aequal_pcross_heavy_gsingleton_seed0,warehouse_random_factorial,carrier_brd,1,237,1346.0,1346000000,1031,243,58,9,0.2417,1109,237,1346,1346000000,237,1346,1346000000,0,0,0,0,0,0,0,0,NOT_ATTEMPTED,534,0,0,0,-1,-1,-1,-1,-1,0,0,0,0,0,0,0,0,0,0,0,0,0,,,,,,,,,,,,,0,0,0,0,0,0,0,0,0,0,0,0,0,0,0,0,0,0,0,BOTTLENECK_TARGET_FRONTIER_CONTINUITY_V2,0,0,0,0,0,0,0,0,0,0,0,0,0,0,0,0,0,2.5842,0,0,0,0,0,0,33.0649,36.7116,5,5,4,29,16,1.14376,2736,2,2,5,TASKBR_VACANCY_V1,7.60071,4,29,18,27,2,22,1.97206,0.042795,0,18,0,30,30,0,22,22,"2,1,2,1,2,3,1,2,2,1,1,1,1,1,1,1,1,1,1,1,1,1",15,0,22,880.409,2860,0,38.1621,8.31194,237,1346000000,0,1075,1,SOLVED,1109,1110.32,5ae466bbd3e84422f4cf602afd3d8013746a8001d45b04b48832d666aae7f95c,1.131,ok,
g6_dmedium_aequal_plocal_gshared_pool_seed0,warehouse_random_factorial,carrier_brd,1,38,363.0,363000000,113,187,62,12,0.1652,473,38,363,363000000,38,363,363000000,0,0,0,0,0,0,0,0,NOT_ATTEMPTED,0,0,0,0,-1,-1,-1,-1,-1,0,0,0,0,0,0,0,0,0,0,0,0,0,,,,,,,,,,,,,0,0,0,0,0,0,0,0,0,0,0,0,0,0,0,0,0,0,0,BOTTLENECK_TARGET_FRONTIER_CONTINUITY_V2,0,0,0,0,0,0,0,0,0,0,0,0,0,0,0,0,0,0.246943,0,0,0,0,0,0,48.6948,38.0629,5,5,4,31,81,2.50754,13851,1,1,25,TASKBR_VACANCY_V1,7.0763,4,31,18,30,1,17,2.81391,0.092668,0,18,0,72,72,0,17,17,"1,1,1,2,1,1,3,1,7,2,3,1,2,1,1,2,1",13,0,17,352.648,180,0,17.7648,1.53087,38,363000000,0,467,1,SOLVED,473,473.208,2a2383dcaf928b8306f7bc410f488a0c7112740e7c89d7b3186354e4839c71a0,0.488,ok,
g6_dmedium_aequal_plocal_gsingleton_seed0,warehouse_random_factorial,carrier_brd,1,96,789.0,789000000,420,315,54,9,0.2431,618,96,789,789000000,96,789,789000000,0,0,0,0,0,0,0,0,NOT_ATTEMPTED,110,0,0,0,-1,-1,-1,-1,-1,0,0,0,0,0,0,0,0,0,0,0,0,0,,,,,,,,,,,,,0,0,0,0,0,0,0,0,0,0,0,0,0,0,0,0,0,0,0,BOTTLENECK_TARGET_FRONTIER_CONTINUITY_V2,0,0,0,0,0,0,0,0,0,0,0,0,0,0,0,0,0,1.03533,0,0,0,0,0,0,32.9232,35.5038,3,3,2,27,12,0.705398,2052,0,0,5,TASKBR_VACANCY_V1,7.04079,2,27,18,27,0,18,3.95461,0.054454,0,18,0,41,41,0,18,18,"1,2,1,1,2,3,3,1,1,1,3,1,1,2,1,1,1,1",14,4,18,474.555,1012,0,23.5701,3.79628,96,789000000,0,603,1,SOLVED,618,618.09,4478484e36932845dc8322b7b5a2cded9a5626a2ac8214c5fc1863bc20b050da,0.634,ok,
g6_dmedium_aequal_pmixed_gshared_pool_seed0,warehouse_random_factorial,carrier_brd,1,30,348.0,348000000,129,169,50,7,0.2389,487,30,348,348000000,30,348,348000000,0,0,0,0,0,0,0,0,NOT_ATTEMPTED,0,0,0,0,-1,-1,-1,-1,-1,0,0,0,0,0,0,0,0,0,0,0,0,0,,,,,,,,,,,,,0,0,0,0,0,0,0,0,0,0,0,0,0,0,0,0,0,0,0,BOTTLENECK_TARGET_FRONTIER_CONTINUITY_V2,0,0,0,0,0,0,0,0,0,0,0,0,0,0,0,0,0,0.312574,0,0,0,0,0,0,61.6372,35.4179,3,3,2,25,83,2.23148,14193,0,0,0,TASKBR_VACANCY_V1,5.97209,2,25,18,25,0,17,3.30193,0.101799,0,18,0,68,68,0,17,17,"1,1,1,1,3,1,1,3,2,2,2,2,1,1,1,1,1",13,2,17,355.168,234,0,19.1019,1.18016,30,348000000,0,482,1,SOLVED,487,487.533,a2e4abed81d11830394b176bf8692da9d5c67d486131acdae24ae1ef5ff94907,0.5,ok,
g6_dmedium_aequal_pmixed_gsingleton_seed0,warehouse_random_factorial,carrier_brd,1,97,746.0,746000000,416,276,54,9,0.2383,650,97,746,746000000,97,746,746000000,0,0,0,0,0,0,0,0,NOT_ATTEMPTED,92,0,0,0,-1,-1,-1,-1,-1,0,0,0,0,0,0,0,0,0,0,0,0,0,,,,,,,,,,,,,0,0,0,0,0,0,0,0,0,0,0,0,0,0,0,0,0,0,0,BOTTLENECK_TARGET_FRONTIER_CONTINUITY_V2,0,0,0,0,0,0,0,0,0,0,0,0,0,0,0,0,0,1.16112,0,0,0,0,0,0,32.5508,35.2613,3,3,2,27,12,0.690248,2052,0,0,1,TASKBR_VACANCY_V1,7.01637,2,27,18,27,0,17,2.15201,0.046181,0,18,0,38,38,0,17,17,"1,2,1,1,1,2,3,1,2,4,1,3,1,1,1,1,1",14,0,17,505.871,1249,0,23.9416,3.62736,97,746000000,0,636,1,SOLVED,650,651.016,20c3537cc5db3c3078722c0214216ecb6716c5684ab9e513ac930d58f2800239,0.667,ok,
g6_dmedium_ascarce_pcross_heavy_gshared_pool_seed0,warehouse_random_factorial,carrier_brd,1,89,471.0,471000000,105,268,88,20,0.1311,915,89,471,471000000,89,471,471000000,0,0,0,0,0,0,0,0,NOT_ATTEMPTED,2,0,0,0,-1,-1,-1,-1,-1,0,0,0,0,0,0,0,0,0,0,0,0,0,,,,,,,,,,,,,0,0,0,0,0,0,0,0,0,0,0,0,0,0,0,0,0,0,0,BOTTLENECK_TARGET_FRONTIER_CONTINUITY_V2,0,0,0,0,0,0,0,0,0,0,0,0,0,0,0,0,0,0.381489,0,0,0,0,0,0,60.844,41.2684,10,10,9,44,169,5.21682,28899,10,10,52,TASKBR_VACANCY_V1,8.57467,9,44,18,34,10,36,7.15687,0.160163,0,18,0,129,129,0,36,36,"1,1,1,1,1,1,1,1,1,1,1,1,1,1,3,1,3,1,1,1,1,1,1,2,1,2,1,2,1,2,1,1,1,1,1,1",4,13,36,745.109,395,0,41.452,3.35403,89,471000000,0,901,1,SOLVED,915,915.629,a2e7b6d28fed8046f58b08e267b6e9f07f97a9ed6be58d6bd88ebbcbbad8684b,0.931,ok,
g6_dmedium_ascarce_pcross_heavy_gsingleton_seed0,warehouse_random_factorial,carrier_brd,0,,,,,,,,,,,,,,,,,,,,,,,,,,,,,,,,,,,,,,,,,,,,,,,,,,,,,,,,,,,,,,,,,,,,,,,,,,,,,,,,,,,,,,,,,,,,,,,,,,,,,,,33.0839,35.9553,5,5,4,29,16,1.10913,2736,2,2,5,TASKBR_VACANCY_V1,7.48132,4,29,18,27,2,5,2.78127,0.050906,0,18,0,21,21,0,5,4,"1,1,2,1",8,3,5,9494.73,30184,1,22.2208,0,44,-1,0,-1,0,SEGMENT_TIMEOUT,,,,9.799,timeout,d_raw_ticks=44 brd_raw_work_scaled=-1 brd_goal_prefix_removed=0 brd_incidental_goal_prefix_ms=-1 brd_raw_plan_valid=0 brd_exit_reason=SEGMENT_TIMEOUT
g6_dmedium_ascarce_plocal_gshared_pool_seed0,warehouse_random_factorial,carrier_brd,1,62,432.0,432000000,113,256,62,12,0.2025,666,62,432,432000000,62,432,432000000,0,0,0,0,0,0,0,0,NOT_ATTEMPTED,5,0,0,0,-1,-1,-1,-1,-1,0,0,0,0,0,0,0,0,0,0,0,0,0,,,,,,,,,,,,,0,0,0,0,0,0,0,0,0,0,0,0,0,0,0,0,0,0,0,BOTTLENECK_TARGET_FRONTIER_CONTINUITY_V2,0,0,0,0,0,0,0,0,0,0,0,0,0,0,0,0,0,0.355495,0,0,0,0,0,0,48.5626,38.7393,5,5,4,31,81,2.56934,13851,1,1,25,TASKBR_VACANCY_V1,7.20963,4,31,18,30,1,25,5.84284,0.11538,0,18,0,103,103,0,25,25,"1,1,1,1,1,1,1,1,2,1,1,1,1,1,2,1,3,1,1,1,2,1,1,2,1",5,16,25,525.385,393,0,28.6549,2.29947,62,432000000,0,656,1,SOLVED,666,666.246,274a12a0f8440c583c44a7abee5cfb9c70b5fa4460a4ff80f2d024df0d0be628,0.68,ok,
g6_dmedium_ascarce_plocal_gsingleton_seed0,warehouse_random_factorial,carrier_brd,0,,,,,,,,,,,,,,,,,,,,,,,,,,,,,,,,,,,,,,,,,,,,,,,,,,,,,,,,,,,,,,,,,,,,,,,,,,,,,,,,,,,,,,,,,,,,,,,,,,,,,,,35.005,37.0425,3,3,2,27,12,0.717933,2052,0,0,5,TASKBR_VACANCY_V1,6.99621,2,27,18,27,0,11,5.64595,0.071899,0,18,0,43,43,0,11,10,"1,1,1,1,1,2,1,1,1,1",8,11,11,9734.9,38078,1,53.5226,0,64,-1,0,-1,0,SEGMENT_TIMEOUT,,,,9.91,timeout,d_raw_ticks=64 brd_raw_work_scaled=-1 brd_goal_prefix_removed=0 brd_incidental_goal_prefix_ms=-1 brd_raw_plan_valid=0 brd_exit_reason=SEGMENT_TIMEOUT
g6_dmedium_ascarce_pmixed_gshared_pool_seed0,warehouse_random_factorial,carrier_brd,1,57,421.0,421000000,129,242,50,7,0.2515,594,57,421,421000000,57,421,421000000,0,0,0,0,0,0,0,0,NOT_ATTEMPTED,3,0,0,0,-1,-1,-1,-1,-1,0,0,0,0,0,0,0,0,0,0,0,0,0,,,,,,,,,,,,,0,0,0,0,0,0,0,0,0,0,0,0,0,0,0,0,0,0,0,BOTTLENECK_TARGET_FRONTIER_CONTINUITY_V2,0,0,0,0,0,0,0,0,0,0,0,0,0,0,0,0,0,0.325369,0,0,0,0,0,0,62.3922,35.8766,3,3,2,25,83,2.34695,14193,0,0,0,TASKBR_VACANCY_V1,6.20237,2,25,18,25,0,21,6.58504,0.133467,0,18,0,103,103,0,21,21,"1,1,1,1,1,1,1,1,1,1,2,1,1,1,1,1,1,2,3,1,1",6,9,21,446.275,355,0,25.3255,2.07056,57,421000000,0,585,1,SOLVED,594,594.26,66392835009e28b212ac068f321925f79d0353124052f9bd6b6f7d0a9e969076,0.608,ok,
g6_dmedium_ascarce_pmixed_gsingleton_seed0,warehouse_random_factorial,carrier_brd,1,105,726.0,726000000,374,298,54,9,0.3958,706,105,726,726000000,105,726,726000000,0,0,0,0,0,0,0,0,NOT_ATTEMPTED,61,0,0,0,-1,-1,-1,-1,-1,0,0,0,0,0,0,0,0,0,0,0,0,0,,,,,,,,,,,,,0,0,0,0,0,0,0,0,0,0,0,0,0,0,0,0,0,0,0,BOTTLENECK_TARGET_FRONTIER_CONTINUITY_V2,0,0,0,0,0,0,0,0,0,0,0,0,0,0,0,0,0,0.723016,0,0,0,0,0,0,33.2667,35.6961,3,3,2,27,12,0.702683,2052,0,0,1,TASKBR_VACANCY_V1,7.21336,2,27,18,27,0,24,4.56344,0.094998,0,18,0,88,88,0,24,24,"1,2,1,1,1,1,1,1,1,1,1,1,1,3,1,1,1,1,1,1,1,1,1,1",8,8,24,560.931,891,0,30.0555,3.72863,105,726000000,0,691,1,SOLVED,706,706.784,30dc77a2df9049368b2a55ca1c9585b581149e5ccd17c3e40b74875f5076c9b6,0.723,ok,
g6_dmedium_asurplus_pcross_heavy_gshared_pool_seed0,warehouse_random_factorial,carrier_brd,1,65,415.0,415000000,105,212,88,20,0.0598,729,65,415,415000000,65,415,415000000,0,0,0,0,0,0,0,0,NOT_ATTEMPTED,0,0,0,0,-1,-1,-1,-1,-1,0,0,0,0,0,0,0,0,0,0,0,0,0,,,,,,,,,,,,,0,0,0,0,0,0,0,0,0,0,0,0,0,0,0,0,0,0,0,BOTTLENECK_TARGET_FRONTIER_CONTINUITY_V2,0,0,0,0,0,0,0,0,0,0,0,0,0,0,0,0,0,0.474765,0,0,0,0,0,0,61.7365,42.2716,10,10,9,44,169,5.43234,28899,10,10,52,TASKBR_VACANCY_V1,8.25148,9,44,18,34,10,28,7.3469,0.102867,0,18,0,100,100,0,28,28,"2,1,2,2,2,1,1,2,1,1,3,5,2,1,1,1,2,2,1,2,1,2,1,1,1,1,1,1",8,0,28,572.27,209,0,31.2499,2.61003,65,415000000,0,718,1,SOLVED,729,729.726,0772a6ea2237ea78d250be4fa6b80ac4f1f48831f4150b663dd7d2a0371585e1,0.744,ok,
g6_dmedium_asurplus_pcross_heavy_gsingleton_seed0,warehouse_random_factorial,carrier_brd,0,,,,,,,,,,,,,,,,,,,,,,,,,,,,,,,,,,,,,,,,,,,,,,,,,,,,,,,,,,,,,,,,,,,,,,,,,,,,,,,,,,,,,,,,,,,,,,,,,,,,,,,33.4143,36.8629,5,5,4,29,16,1.1165,2736,2,2,5,TASKBR_VACANCY_V1,7.14829,4,29,18,27,2,1,2.53454,0.041137,0,18,0,18,18,0,1,0,,0,0,1,9691.12,25190,1,25.9755,0,0,-1,0,-1,0,SEGMENT_TIMEOUT,,,,9.82,timeout,rd_raw_ticks=0 brd_raw_work_scaled=-1 brd_goal_prefix_removed=0 brd_incidental_goal_prefix_ms=-1 brd_raw_plan_valid=0 brd_exit_reason=SEGMENT_TIMEOUT
g6_dmedium_asurplus_plocal_gshared_pool_seed0,warehouse_random_factorial,carrier_brd,1,37,308.0,308000000,113,132,62,12,0.1131,494,37,308,308000000,37,308,308000000,0,0,0,0,0,0,0,0,NOT_ATTEMPTED,0,0,0,0,-1,-1,-1,-1,-1,0,0,0,0,0,0,0,0,0,0,0,0,0,,,,,,,,,,,,,0,0,0,0,0,0,0,0,0,0,0,0,0,0,0,0,0,0,0,BOTTLENECK_TARGET_FRONTIER_CONTINUITY_V2,0,0,0,0,0,0,0,0,0,0,0,0,0,0,0,0,0,0.41137,0,0,0,0,0,0,48.8635,37.8237,5,5,4,31,81,2.56657,13851,1,1,25,TASKBR_VACANCY_V1,7.05102,4,31,18,30,1,18,3.61525,0.060209,0,18,0,57,57,0,18,18,"1,1,2,2,2,3,1,1,1,6,2,1,2,1,1,1,2,1",11,0,18,370.528,201,0,19.6227,1.42796,37,308000000,0,488,1,SOLVED,494,494.564,dc7c298c0043fb32d16202ab9bfc42ddf249b206fb294d1ea5ee4064ab4d1132,0.508,ok,
g6_dmedium_asurplus_plocal_gsingleton_seed0,warehouse_random_factorial,carrier_brd,0,,,,,,,,,,,,,,,,,,,,,,,,,,,,,,,,,,,,,,,,,,,,,,,,,,,,,,,,,,,,,,,,,,,,,,,,,,,,,,,,,,,,,,,,,,,,,,,,,,,,,,,32.6282,35.1484,3,3,2,27,12,0.708941,2052,0,0,5,TASKBR_VACANCY_V1,7.1083,2,27,18,27,0,16,6.39022,0.063276,0,18,0,52,52,0,16,15,"1,1,1,1,1,1,1,1,3,1,1,1,2,2,2",14,2,16,9481.87,14608,1,33.35,0,40,-1,0,-1,0,SEGMENT_TIMEOUT,,,,9.75,timeout,d_raw_ticks=40 brd_raw_work_scaled=-1 brd_goal_prefix_removed=0 brd_incidental_goal_prefix_ms=-1 brd_raw_plan_valid=0 brd_exit_reason=SEGMENT_TIMEOUT
g6_dmedium_asurplus_pmixed_gshared_pool_seed0,warehouse_random_factorial,carrier_brd,1,30,295.0,295000000,129,116,50,7,0.1593,458,30,295,295000000,30,295,295000000,0,0,0,0,0,0,0,0,NOT_ATTEMPTED,2,0,0,0,-1,-1,-1,-1,-1,0,0,0,0,0,0,0,0,0,0,0,0,0,,,,,,,,,,,,,0,0,0,0,0,0,0,0,0,0,0,0,0,0,0,0,0,0,0,BOTTLENECK_TARGET_FRONTIER_CONTINUITY_V2,0,0,0,0,0,0,0,0,0,0,0,0,0,0,0,0,0,0.486046,0,0,0,0,0,0,61.4831,34.7649,3,3,2,25,83,2.20399,14193,0,0,0,TASKBR_VACANCY_V1,6.52419,2,25,18,25,0,14,4.27985,0.070272,0,18,0,53,53,0,14,14,"1,1,1,1,1,3,4,2,5,1,2,1,1,1",13,0,14,326.906,237,0,16.631,1.21578,30,295000000,0,454,1,SOLVED,458,459.043,feb45f1a24695a9b81a3b68e2cb05064ab207d4fc35a91fea8aa4d89d252097c,0.473,ok,
g6_dmedium_asurplus_pmixed_gsingleton_seed0,warehouse_random_factorial,carrier_brd,0,,,,,,,,,,,,,,,,,,,,,,,,,,,,,,,,,,,,,,,,,,,,,,,,,,,,,,,,,,,,,,,,,,,,,,,,,,,,,,,,,,,,,,,,,,,,,,,,,,,,,,,32.2481,35.3365,3,3,2,27,12,0.693036,2052,0,0,1,TASKBR_VACANCY_V1,7.11634,2,27,18,27,0,1,5.06744,0.044596,0,18,0,18,18,0,1,0,,0,0,1,9789.39,37050,1,34.3006,0,0,-1,0,-1,0,SEGMENT_TIMEOUT,,,,9.917,timeout,rd_raw_ticks=0 brd_raw_work_scaled=-1 brd_goal_prefix_removed=0 brd_incidental_goal_prefix_ms=-1 brd_raw_plan_valid=0 brd_exit_reason=SEGMENT_TIMEOUT
warehouse_blocks_h20w20_b3_a1_d25_r8_t12_seed0,warehouse_blocks,carrier_brd,1,28,156.0,156000000,37,91,28,2,0.1652,164,28,156,156000000,28,156,156000000,0,0,0,0,0,0,0,0,NOT_ATTEMPTED,0,0,0,0,-1,-1,-1,-1,-1,0,0,0,0,0,0,0,0,0,0,0,0,0,,,,,,,,,,,,,0,0,0,0,0,0,0,0,0,0,0,0,0,0,0,0,0,0,0,BOTTLENECK_TARGET_FRONTIER_CONTINUITY_V2,0,0,0,0,0,0,0,0,0,0,0,0,0,0,0,0,0,0.083218,0,0,0,0,0,0,19.069,19.8605,3,3,2,14,5,0.182572,875,0,0,0,TASKBR_VACANCY_V1,2.68373,2,14,12,14,0,10,1.26671,0.030348,0,12,0,36,36,0,10,10,"3,1,1,1,2,1,1,2,1,1",3,3,10,118,111,0,4.48644,0.13533,28,156000000,0,163,1,SOLVED,164,164.754,2e8688503f18d993ccda612651f647c882341e7833dffeb43e6bb5e2d0ac09c3,0.175,ok,
warehouse_blocks_h20w20_b3_a1_d50_r8_t12_seed0,warehouse_blocks,carrier_brd,1,26,153.0,153000000,33,96,24,0,0.1587,165,26,153,153000000,26,153,153000000,0,0,0,0,0,0,0,0,NOT_ATTEMPTED,2,0,0,0,-1,-1,-1,-1,-1,0,0,0,0,0,0,0,0,0,0,0,0,0,,,,,,,,,,,,,0,0,0,0,0,0,0,0,0,0,0,0,0,0,0,0,0,0,0,BOTTLENECK_TARGET_FRONTIER_CONTINUITY_V2,0,0,0,0,0,0,0,0,0,0,0,0,0,0,0,0,0,0.086336,0,0,0,0,0,0,18.3843,19.8904,2,2,1,12,2,0.119616,350,0,0,0,TASKBR_VACANCY_V1,2.72674,1,12,12,12,0,10,1.20292,0.040438,0,12,0,43,43,0,10,10,"1,1,1,1,1,2,2,1,1,1",4,3,10,115.794,128,0,4.55935,0.255417,26,153000000,0,165,1,SOLVED,165,165.997,c58d1c4b32e74cd0cef9e476375b9a6446201703ac24fcf373c468b7fdd0ca7b,0.176,ok,
warehouse_blocks_h20w20_b3_a1_d75_r8_t12_seed0,warehouse_blocks,carrier_brd,1,21,130.0,130000000,37,69,24,0,0.2202,142,21,130,130000000,21,130,130000000,0,0,0,0,0,0,0,0,NOT_ATTEMPTED,1,0,0,0,-1,-1,-1,-1,-1,0,0,0,0,0,0,0,0,0,0,0,0,0,,,,,,,,,,,,,0,0,0,0,0,0,0,0,0,0,0,0,0,0,0,0,0,0,0,BOTTLENECK_TARGET_FRONTIER_CONTINUITY_V2,0,0,0,0,0,0,0,0,0,0,0,0,0,0,0,0,0,0.058025,0,0,0,0,0,0,18.2357,20.8639,2,2,1,12,2,0.121763,350,0,0,23,TASKBR_VACANCY_V1,2.677,1,12,12,12,0,8,0.78806,0.024011,0,12,0,27,27,0,8,8,"3,2,1,1,1,2,1,1",3,2,8,92.4555,74,0,3.63514,0.40844,21,130000000,0,141,1,SOLVED,142,143.004,0b1d5bb5534d9c2486a2b3bb373fd51cf6a6950130093219142b6a521c71ea0a,0.153,ok,
warehouse_blocks_h20w20_b4_a1_d25_r8_t12_seed0,warehouse_blocks,carrier_brd,1,26,126.0,126000000,31,65,30,3,0.149,138,26,126,126000000,26,126,126000000,0,0,0,0,0,0,0,0,NOT_ATTEMPTED,2,0,0,0,-1,-1,-1,-1,-1,0,0,0,0,0,0,0,0,0,0,0,0,0,,,,,,,,,,,,,0,0,0,0,0,0,0,0,0,0,0,0,0,0,0,0,0,0,0,BOTTLENECK_TARGET_FRONTIER_CONTINUITY_V2,0,0,0,0,0,0,0,0,0,0,0,0,0,0,0,0,0,0.057961,0,0,0,0,0,0,15.5623,16.1891,4,4,3,15,7,0.282427,1008,0,0,1,TASKBR_VACANCY_V1,2.42703,3,15,12,15,0,10,1.25632,0.030287,0,12,0,32,32,0,10,10,"1,2,2,2,2,1,2,1,1,1",3,6,10,99.4446,87,0,4.05547,0.152336,26,126000000,0,137,1,SOLVED,138,138.053,af1957a99cb8617e8f041e7c7c41a7ad6c1b6b4b05c247f87712f1db4e4bbc77,0.147,ok,
warehouse_blocks_h20w20_b4_a1_d50_r8_t12_seed0,warehouse_blocks,carrier_brd,1,25,148.0,148000000,29,93,26,1,0.145,138,25,148,148000000,25,148,148000000,0,0,0,0,0,0,0,0,NOT_ATTEMPTED,4,0,0,0,-1,-1,-1,-1,-1,0,0,0,0,0,0,0,0,0,0,0,0,0,,,,,,,,,,,,,0,0,0,0,0,0,0,0,0,0,0,0,0,0,0,0,0,0,0,BOTTLENECK_TARGET_FRONTIER_CONTINUITY_V2,0,0,0,0,0,0,0,0,0,0,0,0,0,0,0,0,0,0.069076,0,0,0,0,0,0,15.2235,16.6647,3,3,2,13,4,0.192555,576,0,0,13,TASKBR_VACANCY_V1,2.38313,2,13,12,13,0,10,0.98641,0.03056,0,12,0,35,35,0,10,10,"1,2,2,1,1,2,1,1,1,1",4,4,10,96.7614,102,0,3.9944,0.253993,25,148000000,0,137,1,SOLVED,138,138.859,97b59aed0ed3902202d5e17d840a9a02d1c9f2e32e4bbcfef79e44bb61678b63,0.149,ok,
warehouse_blocks_h20w20_b4_a1_d75_r8_t12_seed0,warehouse_blocks,carrier_brd,1,34,160.0,160000000,45,80,28,1,0.1654,143,34,160,160000000,34,160,160000000,0,0,0,0,0,0,0,0,NOT_ATTEMPTED,0,0,0,0,-1,-1,-1,-1,-1,0,0,0,0,0,0,0,0,0,0,0,0,0,,,,,,,,,,,,,0,0,0,0,0,0,0,0,0,0,0,0,0,0,0,0,0,0,0,BOTTLENECK_TARGET_FRONTIER_CONTINUITY_V2,0,0,0,0,0,0,0,0,0,0,0,0,0,0,0,0,0,0.063258,0,0,0,0,0,0,15.3077,17.9207,4,4,3,14,8,0.305211,1152,1,7,21,TASKBR_VACANCY_V1,2.79182,3,14,12,13,1,10,0.759709,0.022921,0,12,0,28,28,0,10,10,"3,1,3,1,1,1,1,1,1,1",4,0,10,97.7419,92,0,3.9962,0.650638,34,160000000,0,141,1,SOLVED,143,144.008,19b92d552f5495a270b10135cc580144401473be2507d728e3bc9d0e64132402,0.155,ok,
warehouse_blocks_h20w20_b9_a1_d25_r8_t12_seed0,warehouse_blocks,carrier_brd,1,26,159.0,159000000,37,86,36,6,0.1779,59,26,159,159000000,26,159,159000000,0,0,0,0,0,0,0,0,NOT_ATTEMPTED,3,0,0,0,-1,-1,-1,-1,-1,0,0,0,0,0,0,0,0,0,0,0,0,0,,,,,,,,,,,,,0,0,0,0,0,0,0,0,0,0,0,0,0,0,0,0,0,0,0,BOTTLENECK_TARGET_FRONTIER_CONTINUITY_V2,0,0,0,0,0,0,0,0,0,0,0,0,0,0,0,0,0,0.065414,0,0,0,0,0,0,5.06977,6.81574,4,4,3,18,10,0.338304,760,0,0,14,TASKBR_VACANCY_V1,1.35669,3,18,12,18,0,13,1.13635,0.035622,0,12,0,38,38,0,13,13,"1,2,1,1,2,1,2,2,1,1,1,2,1",4,3,13,41.5393,89,0,1.47538,0.188581,26,159000000,0,58,1,SOLVED,59,59.2907,9cb22d7c473c390ff1cc984c5c159c5297cdcda712716d51028b07e519d05b86,0.069,ok,
warehouse_blocks_h20w20_b9_a1_d50_r8_t12_seed0,warehouse_blocks,carrier_brd,1,38,160.0,160000000,33,94,30,2,0.1086,63,38,160,160000000,38,160,160000000,0,0,0,0,0,0,0,0,NOT_ATTEMPTED,2,0,0,0,-1,-1,-1,-1,-1,0,0,0,0,0,0,0,0,0,0,0,0,0,,,,,,,,,,,,,0,0,0,0,0,0,0,0,0,0,0,0,0,0,0,0,0,0,0,BOTTLENECK_TARGET_FRONTIER_CONTINUITY_V2,0,0,0,0,0,0,0,0,0,0,0,0,0,0,0,0,0,0.0859,0,0,0,0,0,0,5.12642,6.71195,4,4,3,15,7,0.334359,532,1,3,13,TASKBR_VACANCY_V1,1.41016,3,15,12,14,1,12,1.18217,0.035387,0,12,0,44,44,0,12,12,"1,2,1,1,2,1,1,2,1,1,1,1",4,8,12,41.9909,142,0,1.41851,0.635252,38,160000000,0,60,1,SOLVED,63,63.4028,fc20fb3dec5b169963577d291e26bb38b5dde2355b34948a75ca992c05445b1f,0.074,ok,
warehouse_blocks_h20w20_b9_a1_d75_r8_t12_seed0,warehouse_blocks,carrier_brd,1,25,140.0,140000000,25,89,26,1,0.125,50,25,140,140000000,25,140,140000000,0,0,0,0,0,0,0,0,NOT_ATTEMPTED,3,0,0,0,-1,-1,-1,-1,-1,0,0,0,0,0,0,0,0,0,0,0,0,0,,,,,,,,,,,,,0,0,0,0,0,0,0,0,0,0,0,0,0,0,0,0,0,0,0,BOTTLENECK_TARGET_FRONTIER_CONTINUITY_V2,0,0,0,0,0,0,0,0,0,0,0,0,0,0,0,0,0,0.057217,0,0,0,0,0,0,4.90229,6.09371,3,3,2,13,4,0.234491,304,0,0,26,TASKBR_VACANCY_V1,1.20765,2,13,12,13,0,9,0.94374,0.029619,0,12,0,32,32,0,9,9,"1,3,1,1,2,1,2,1,1",3,7,9,31.9881,85,0,1.10605,0.582366,25,140000000,0,48,1,SOLVED,50,50.8105,cf7375f937a84f588e34f302a41fc34afec24a029597c6ce26fe2b758e21fa61,0.061,ok,
