case_id,variant,map,num_agents,seed,valid_solution_verified,first_solution_time_ms,soc,hl_nodes_created,assignment_changes,hl_duplicate_configs,hl_reinsertions,assignment_time_ms,fixture_sha256,binary_sha256
Paper_random_32_32_gp_5/random-32-32-10_agents_250_test_6,baseline,random-32-32-10,250,6,True,13,4774,5203,3,904,0,80.762,a92bf49be4bf89cf4d72ad3e489a532c9f8ad1790e74244b0391cb1b10426df8,4f275d192013f78bf1eda16424693778675f7700a6e6fabc8af8fe750d13d423
Paper_den312d_65_81_gp_5/den312d_agents_250_test_17,baseline,den312d,250,17,True,34,14061,4641,13,976,0,91.5562,7b453c5b71a5fb732b6ae774011445a47223108584aa3e623dd5aed186da5ef2,4f275d192013f78bf1eda16424693778675f7700a6e6fabc8af8fe750d13d423
Paper_room_64_64_8_gp_5/room-64-64-8_agents_250_test_2,baseline,room-64-64-8,250,2,True,37,14100,4502,368,1098,0,90.3483,1aa912eafcec381ee848a4989f7519ee681b06bc260f84629dc7665495940c92,4f275d192013f78bf1eda16424693778675f7700a6e6fabc8af8fe750d13d423
Paper_random_32_32_gp_5/random-32-32-10_agents_300_test_5,restart_fast,random-32-32-10,300,5,True,19,6734,5861,9,1279,1,118.316,b15eaca17ddcf1446962bd6f95f002f5a12f05b3464b8ced7c96ed08f1d24be4,83c66952c63fe1d6b38dde622bba2d5550edd823bd8ae03ffcfea82af9d575ee
Paper_room_64_64_8_gp_5/room-64-64-8_agents_250_test_2,restart_fast,room-64-64-8,250,2,True,38,14076,7615,248,1162,1,241.878,1aa912eafcec381ee848a4989f7519ee681b06bc260f84629dc7665495940c92,83c66952c63fe1d6b38dde622bba2d5550edd823bd8ae03ffcfea82af9d575ee
Paper_room_64_64_8_gp_5/room-64-64-8_agents_250_test_3,baseline,room-64-64-8,250,3,True,41,14106,5583,2,1019,0,103.466,376fe58bf5f35f00e35608486d0bd567f19c3b5f65945158a698c5af1781029f,4f275d192013f78bf1eda16424693778675f7700a6e6fabc8af8fe750d13d423
Paper_symbotic_39_37_gp_5/symbotic_agents_250_test_10,restart_fast,symbotic,250,10,True,57,30413,4644,45,1328,0,103.004,233fc1d988348958148528876b4dd7567d54f76c33c4826f183717e8d920a846,83c66952c63fe1d6b38dde622bba2d5550edd823bd8ae03ffcfea82af9d575ee
Paper_maze_32_32_2_gp_5/maze-32-32-2_agents_250_test_7,restart_fast,maze-32-32-2,250,7,True,34,23567,7828,109,984,1,171.771,5b223adfcb4234b52df1a92d8a85f65d300e9b6d753662c955fdc84e5fdd5026,83c66952c63fe1d6b38dde622bba2d5550edd823bd8ae03ffcfea82af9d575ee
Paper_symbotic_39_37_gp_5/symbotic_agents_250_test_14,restart_fast,symbotic,250,14,True,50,21290,8257,68,1779,2,297.668,d8c92fa46b4271e298910a5c3c1360531a01b142feef7742a2d15a302248314c,83c66952c63fe1d6b38dde622bba2d5550edd823bd8ae03ffcfea82af9d575ee
Paper_warehouse_161_63_gp_5/warehouse-10-20-10-2-1_agents_250_test_17,baseline,warehouse-10-20-10-2-1,250,17,True,60,19203,6499,10,1005,0,130.817,59b67875965f9ce8642b417571b70325273fa7ad612c40b9c78aa22c3fcaa995,4f275d192013f78bf1eda16424693778675f7700a6e6fabc8af8fe750d13d423
Paper_symbotic_39_37_gp_5/symbotic_agents_300_test_11,baseline,symbotic,300,11,True,66,33010,4391,34,1167,0,117.753,eea555510828d0235adf465c7e054c63242f75132064c3bc27ee26f039dc45c9,4f275d192013f78bf1eda16424693778675f7700a6e6fabc8af8fe750d13d423
Paper_room_64_64_8_gp_5/room-64-64-8_agents_350_test_12,baseline,room-64-64-8,350,12,True,73,23084,5055,10,858,0,129.727,8ae88107dbd9ffef07f89b6bf03951aed2b3855e902cfa967bafc7728891ab8c,4f275d192013f78bf1eda16424693778675f7700a6e6fabc8af8fe750d13d423
Paper_warehouse_161_63_gp_5/warehouse-10-20-10-2-1_agents_300_test_14,restart_fast,warehouse-10-20-10-2-1,300,14,True,73,23755,4519,9,861,0,133.88,203a405f51b4a2ac25f416f8e845e92483a0687a28caed66c1bc72a6c8a0f77c,83c66952c63fe1d6b38dde622bba2d5550edd823bd8ae03ffcfea82af9d575ee
Paper_warehouse_161_63_gp_5/warehouse-10-20-10-2-1_agents_300_test_3,baseline,warehouse-10-20-10-2-1,300,3,True,81,24568,4233,9,1004,0,133.958,89b0aa48dbb210ef8827ad580d72d71c2bc8e7e828544aff8b72dc14102924dd,4f275d192013f78bf1eda16424693778675f7700a6e6fabc8af8fe750d13d423
Paper_maze_32_32_2_gp_5/maze-32-32-2_agents_300_test_15,restart_fast,maze-32-32-2,300,15,True,290,34900,6407,118,2139,1,161.61,275927bce0149cf0024e67bfdaa64113d3a101522c8cd08fc5f4aea737af3627,83c66952c63fe1d6b38dde622bba2d5550edd823bd8ae03ffcfea82af9d575ee
Paper_room_64_64_8_gp_5/room-64-64-8_agents_350_test_10,baseline,room-64-64-8,350,10,True,72,24172,4042,7,1050,0,116.925,8bca3711664e5c89ffed963e0797838e7bebcfa071e151270be5573cc69e1f16,4f275d192013f78bf1eda16424693778675f7700a6e6fabc8af8fe750d13d423
Paper_warehouse_161_63_gp_5/warehouse-10-20-10-2-1_agents_300_test_9,restart_fast,warehouse-10-20-10-2-1,300,9,True,85,24255,4044,9,1310,0,134.983,eee2708fd206c7348782d901ee64450cb7379eb9c7bfb4e753e16d55d7f73087,83c66952c63fe1d6b38dde622bba2d5550edd823bd8ae03ffcfea82af9d575ee
Paper_maze_32_32_2_gp_5/maze-32-32-2_agents_300_test_3,baseline,maze-32-32-2,300,3,True,56,31898,5344,68,909,0,130.073,163be874a4546f74b0ac6c37f8bd5e9fc5d53a5f381aaeb6e4f82ade018bde50,4f275d192013f78bf1eda16424693778675f7700a6e6fabc8af8fe750d13d423
Paper_random_32_32_gp_5/random-32-32-10_agents_500_test_16,baseline,random-32-32-10,500,16,True,55,16608,3122,21,894,0,128.437,3cbe028c1d0ef2fb42b78fadd994431407a7462cdc5006cc85dbe016c57c83fe,4f275d192013f78bf1eda16424693778675f7700a6e6fabc8af8fe750d13d423
Paper_den312d_65_81_gp_5/den312d_agents_350_test_1,restart_fast,den312d,350,1,True,56,22924,4646,22,936,0,116.419,37a621f2a4de6462bdd8c285be6ed232261bc73148674913950b443328481ec3,83c66952c63fe1d6b38dde622bba2d5550edd823bd8ae03ffcfea82af9d575ee
Paper_warehouse_161_63_gp_5/warehouse-10-20-10-2-1_agents_300_test_0,restart_fast,warehouse-10-20-10-2-1,300,0,True,76,25389,10714,11,787,2,391.359,8e02b043df2928a97dc49b0155497b134f74e07d053a83485bc6492378045644,83c66952c63fe1d6b38dde622bba2d5550edd823bd8ae03ffcfea82af9d575ee
Paper_den312d_65_81_gp_5/den312d_agents_350_test_18,restart_fast,den312d,350,18,True,59,23148,6581,34,994,1,173.438,1d2ce327dbeb09e88bad5cc7d94b956b5270e72f5c7aff93846551c1f57d5ecb,83c66952c63fe1d6b38dde622bba2d5550edd823bd8ae03ffcfea82af9d575ee
Paper_room_64_64_8_gp_5/room-64-64-8_agents_400_test_15,baseline,room-64-64-8,400,15,True,96,28090,3200,10,1045,0,137.479,3ed873e75a8b5e9f3608aa63988a51ac7dd91e6d32bd875ab95a4e9befb17a02,4f275d192013f78bf1eda16424693778675f7700a6e6fabc8af8fe750d13d423
Paper_den312d_65_81_gp_5/den312d_agents_400_test_10,restart_fast,den312d,400,10,True,76,26812,4817,17,638,0,141.553,03c9d7186fb9a8ac9d43884a7249eb2d66d31bec105e4d832e148cedde61e0e2,83c66952c63fe1d6b38dde622bba2d5550edd823bd8ae03ffcfea82af9d575ee
Paper_den312d_65_81_gp_5/den312d_agents_450_test_14,baseline,den312d,450,14,True,91,32271,4420,22,769,0,156.621,a1b1370a840734bfccb0dcbbe0f2393575001953939953fe5c5bf6b501327ed4,4f275d192013f78bf1eda16424693778675f7700a6e6fabc8af8fe750d13d423
Paper_warehouse_161_63_gp_5/warehouse-10-20-10-2-1_agents_400_test_3,baseline,warehouse-10-20-10-2-1,400,3,True,128,34340,3974,7,1076,0,173.07,940db990ccf9aef5cb56f2562de6fcea4ec8c6c3e8cd2830f3fdfa881011ddb0,4f275d192013f78bf1eda16424693778675f7700a6e6fabc8af8fe750d13d423
Paper_den312d_65_81_gp_5/den312d_agents_400_test_15,baseline,den312d,400,15,True,73,25042,5998,21,781,0,145.338,45101788d55f382028190963d502b3cafd6baa373ab6b421cc7e6d7140052f87,4f275d192013f78bf1eda16424693778675f7700a6e6fabc8af8fe750d13d423
Paper_room_64_64_8_gp_5/room-64-64-8_agents_300_test_8,restart_fast,room-64-64-8,300,8,True,52,18987,44525,9,388,1,4307.01,24953e6f9324da1793f469e03d9bf93fd733fd2cbc65a2a6457af1069feb7dc1,83c66952c63fe1d6b38dde622bba2d5550edd823bd8ae03ffcfea82af9d575ee
Paper_den312d_65_81_gp_5/den312d_agents_450_test_10,restart_fast,den312d,450,10,True,82,30595,5109,23,550,0,176.319,8bf319d9188e972a20e3c281efbabd0a9468ae815ddc6aa7121092b21a30814e,83c66952c63fe1d6b38dde622bba2d5550edd823bd8ae03ffcfea82af9d575ee
Paper_symbotic_39_37_gp_5/symbotic_agents_300_test_13,restart_fast,symbotic,300,13,True,98,44763,7774,110,1853,1,306.624,6f52a7e030a859b4a3b216a408496b49b683cd11e2054e6d9039daccb617d297,83c66952c63fe1d6b38dde622bba2d5550edd823bd8ae03ffcfea82af9d575ee
Paper_Boston_gp_5/Boston_0_256_agents_250_test_4,restart_fast,Boston_0_256,250,4,True,930,36254,3994,0,1063,0,913.4,0f8f27fa1307e014c67e0a07c43fcef8c9a3ec962e7edac057e02fb55188834f,83c66952c63fe1d6b38dde622bba2d5550edd823bd8ae03ffcfea82af9d575ee
Paper_symbotic_39_37_gp_5/symbotic_agents_300_test_3,restart_fast,symbotic,300,3,True,92,44551,23959,528,1115,2,791.047,cfb5bb1e8cf8ad9ef3f0ed0151cab263ec6bf295a1f46a8b2c26311d4e887f1f,83c66952c63fe1d6b38dde622bba2d5550edd823bd8ae03ffcfea82af9d575ee
Paper_room_64_64_8_gp_5/room-64-64-8_agents_450_test_3,restart_fast,room-64-64-8,450,3,True,109,36964,8504,12,310,0,316.057,093ae7cf2db30e09829b5ed4b4b1ae7f57549f6d6c4254300afd6386979f8992,83c66952c63fe1d6b38dde622bba2d5550edd823bd8ae03ffcfea82af9d575ee
Paper_warehouse_161_63_gp_5/warehouse-10-20-10-2-1_agents_450_test_14,baseline,warehouse-10-20-10-2-1,450,14,True,159,43242,3515,14,895,0,191.417,0057e288b9f5083df8f0aecc71d2c58d8839f6cb330f551e31c36868b9be5408,4f275d192013f78bf1eda16424693778675f7700a6e6fabc8af8fe750d13d423
Paper_maze_32_32_2_gp_5/maze-32-32-2_agents_400_test_13,restart_fast,maze-32-32-2,400,13,True,134,63945,5517,100,703,0,214.234,3dcb1e575a8c8d03ce2197e8ae830c260163eacb3d741cda2f6bb545499d9608,83c66952c63fe1d6b38dde622bba2d5550edd823bd8ae03ffcfea82af9d575ee
Paper_warehouse_161_63_gp_5/warehouse-10-20-10-2-1_agents_450_test_5,baseline,warehouse-10-20-10-2-1,450,5,True,163,42711,4443,16,811,0,208.554,1fba6f03cc1ce279091d2588944077048fd9bee68e4d16b7d7ce466fd1a23e05,4f275d192013f78bf1eda16424693778675f7700a6e6fabc8af8fe750d13d423
Paper_den312d_65_81_gp_5/den312d_agents_500_test_15,restart_fast,den312d,500,15,True,102,35738,8423,84,983,2,400.169,2a5aeb07aeea0c470e5b5df389237d54054e160e73aa426ad8dd2370ae895483,83c66952c63fe1d6b38dde622bba2d5550edd823bd8ae03ffcfea82af9d575ee
Paper_maze_32_32_2_gp_5/maze-32-32-2_agents_400_test_13,baseline,maze-32-32-2,400,13,True,148,63945,6324,100,826,0,217.855,3dcb1e575a8c8d03ce2197e8ae830c260163eacb3d741cda2f6bb545499d9608,4f275d192013f78bf1eda16424693778675f7700a6e6fabc8af8fe750d13d423
Paper_symbotic_39_37_gp_5/symbotic_agents_300_test_12,baseline,symbotic,300,12,True,216,96809,4187,109,1328,0,149.372,e36a2069d993892bd8f9fba62f698ddc686b6f04f14685b3dcea5683285b4d1e,4f275d192013f78bf1eda16424693778675f7700a6e6fabc8af8fe750d13d423
Paper_warehouse_161_63_gp_5/warehouse-10-20-10-2-1_agents_500_test_11,baseline,warehouse-10-20-10-2-1,500,11,True,180,48239,2921,15,785,0,193.399,38bfafbb0dd74673f52e9a7874905afe27b2584dc63a1076160a00136bc25332,4f275d192013f78bf1eda16424693778675f7700a6e6fabc8af8fe750d13d423
Paper_symbotic_39_37_gp_5/symbotic_agents_350_test_4,baseline,symbotic,350,4,True,161,81714,3663,845,1592,0,159.504,752ea696de7760b7825c413fc32fd61943a1568a0b0131bbaea30aa3f963e155,4f275d192013f78bf1eda16424693778675f7700a6e6fabc8af8fe750d13d423
Paper_room_64_64_8_gp_5/room-64-64-8_agents_400_test_13,restart_fast,room-64-64-8,400,13,True,92,32518,31217,5819,442,1,3833.35,89504cc5151aa5f0fc5a265a3308271380e37fc62545d82c139cb06ae96f675f,83c66952c63fe1d6b38dde622bba2d5550edd823bd8ae03ffcfea82af9d575ee
Paper_maze_32_32_2_gp_5/maze-32-32-2_agents_500_test_1,restart_fast,maze-32-32-2,500,1,False,0,0,32931,2447,17225,10,2165.54,e8c811b87bb19ef0ff107012d40c12648b8693de8b634cef51d25b5f0018f5e1,83c66952c63fe1d6b38dde622bba2d5550edd823bd8ae03ffcfea82af9d575ee
Paper_Boston_gp_5/Boston_0_256_agents_300_test_10,restart_fast,Boston_0_256,300,10,True,842,46326,27306,4,582,1,1747,61815d29742d55928e0620cf640a366b4c0a42ae9ce9aae7b78192f38e6eaf64,83c66952c63fe1d6b38dde622bba2d5550edd823bd8ae03ffcfea82af9d575ee
Paper_symbotic_39_37_gp_5/symbotic_agents_350_test_4,restart_fast,symbotic,350,4,True,143,83948,28853,491,841,3,2138.79,752ea696de7760b7825c413fc32fd61943a1568a0b0131bbaea30aa3f963e155,83c66952c63fe1d6b38dde622bba2d5550edd823bd8ae03ffcfea82af9d575ee
Paper_maze_32_32_2_gp_5/maze-32-32-2_agents_450_test_16,restart_fast,maze-32-32-2,450,16,True,3654,74517,18700,1187,8993,6,998.348,31a8b16ed3e883bc41623a2285cede3d0ad3fcf6ec3c969000ac940e4e645210,83c66952c63fe1d6b38dde622bba2d5550edd823bd8ae03ffcfea82af9d575ee
Paper_Boston_gp_5/Boston_0_256_agents_400_test_3,baseline,Boston_0_256,400,3,True,2209,58726,8079,4,179,0,2272.78,e9fe3e08db61ef2e6d9df369df0b5e76621c733818b797ec0019d49168c85ac1,4f275d192013f78bf1eda16424693778675f7700a6e6fabc8af8fe750d13d423
Paper_symbotic_39_37_gp_5/symbotic_agents_450_test_7,baseline,symbotic,450,7,True,558,289960,6808,172,502,0,401.674,b9ca97d0ad9eb8f651b700451ddbc7f569a6cf054f74c914621cbf5037f536dc,4f275d192013f78bf1eda16424693778675f7700a6e6fabc8af8fe750d13d423
Paper_orz900d_gp_5/orz900d_agents_250_test_7,baseline,orz900d,250,7,True,4005,205642,7597,10,549,0,3703.83,5a72ff7e3cd82be4c089af881a5019caf1e427d3ee25bbcdc61cc933434d7623,4f275d192013f78bf1eda16424693778675f7700a6e6fabc8af8fe750d13d423
Paper_symbotic_39_37_gp_5/symbotic_agents_450_test_14,baseline,symbotic,450,14,True,957,455583,9162,242,763,0,453.345,0d5e518a1a0ba80b8743b904c72e12d70a49df8bfa74acd0152401b50ebc7c67,4f275d192013f78bf1eda16424693778675f7700a6e6fabc8af8fe750d13d423
Paper_symbotic_39_37_gp_5/symbotic_agents_450_test_4,restart_fast,symbotic,450,4,True,842,525681,7555,567,673,0,546.803,084e2fb3e1e6d741b105f343c2fe646fb4c3829f654108178f245383e3fd755c,83c66952c63fe1d6b38dde622bba2d5550edd823bd8ae03ffcfea82af9d575ee
Paper_orz900d_gp_5/orz900d_agents_400_test_19,restart_fast,orz900d,400,19,True,6939,335554,7076,30,389,1,6839.08,37fd66b8a5c50aa31f5d265066c7ada6337c809d59c37f72fcdbe6d8a93a8159,83c66952c63fe1d6b38dde622bba2d5550edd823bd8ae03ffcfea82af9d575ee
Paper_orz900d_gp_5/orz900d_agents_500_test_17,restart_fast,orz900d,500,17,True,8188,384137,4210,21,326,0,7457.98,b21aeea6a683a15d38a6acbf6c5ae25c2607f1608ad08a61c95b1c5a3352c7db,83c66952c63fe1d6b38dde622bba2d5550edd823bd8ae03ffcfea82af9d575ee
Paper_orz900d_gp_5/orz900d_agents_500_test_8,baseline,orz900d,500,8,True,9163,398257,2733,14,0,0,8235.49,c263b770051a930f14b827da6bb95f6687e96b3828195ca1181fbf26f407c262,4f275d192013f78bf1eda16424693778675f7700a6e6fabc8af8fe750d13d423
Paper_symbotic_39_37_gp_5/symbotic_agents_500_test_18,baseline,symbotic,500,18,True,2264,1162042,9342,913,839,0,911.445,033f4225bdee36606004b25bb3743206dd9eaa7d0c363e3060711dffd2425ee8,4f275d192013f78bf1eda16424693778675f7700a6e6fabc8af8fe750d13d423
Paper_symbotic_39_37_gp_5/symbotic_agents_500_test_1,restart_fast,symbotic,500,1,True,3515,2224040,17265,3250,1448,0,1307.22,1bfafcb09eb20b27f2231fa11379f74ab4e70841f49f27551dda4b1cc9b01c55,83c66952c63fe1d6b38dde622bba2d5550edd823bd8ae03ffcfea82af9d575ee
Paper_maze_32_32_2_gp_5/maze-32-32-2_agents_250_test_0,baseline,maze-32-32-2,250,0,True,40,23208,3829,43,1566,0,90.2637,8cd1e188abfd93f690b176dec5e7b0ffe1a9654389ccb1abe77f5a86b715d7e8,4f275d192013f78bf1eda16424693778675f7700a6e6fabc8af8fe750d13d423
Paper_warehouse_161_63_gp_5/warehouse-10-20-10-2-1_agents_400_test_1,baseline,warehouse-10-20-10-2-1,400,1,True,129,35086,3429,11,1513,0,146.544,3861d903ddeb76120ff318daef624cf08a0f35cebe92745d6d4744ec11400bf8,4f275d192013f78bf1eda16424693778675f7700a6e6fabc8af8fe750d13d423
Paper_den312d_65_81_gp_5/den312d_agents_450_test_7,baseline,den312d,450,7,True,120,31930,4641,24,903,0,175.237,9e2b71b37cc7c0a050d6716c3d5afcc2afd5b433cb56cdab7481b2a4c8ef196a,4f275d192013f78bf1eda16424693778675f7700a6e6fabc8af8fe750d13d423
Paper_den312d_65_81_gp_5/den312d_agents_500_test_10,baseline,den312d,500,10,True,113,37568,4176,33,716,0,151.605,0eb3130269045ca69e73909309635a8ab21dc85e884512cc050a73a3f1fe3a84,4f275d192013f78bf1eda16424693778675f7700a6e6fabc8af8fe750d13d423
Paper_den312d_65_81_gp_5/den312d_agents_300_test_9,baseline,den312d,300,9,True,45,16856,4348,10,1088,0,95.2198,1e115fb4b3886346abd9ae174ee68804b783a50b28fd804f0a3e89defc40d0ac,4f275d192013f78bf1eda16424693778675f7700a6e6fabc8af8fe750d13d423
Paper_warehouse_161_63_gp_5/warehouse-10-20-10-2-1_agents_350_test_19,baseline,warehouse-10-20-10-2-1,350,19,True,114,28964,4353,14,1038,0,139.236,231d04579c4b08444ec87d37769f81091e85177b229f099f7340cfa29030674b,4f275d192013f78bf1eda16424693778675f7700a6e6fabc8af8fe750d13d423
Paper_den312d_65_81_gp_5/den312d_agents_250_test_6,restart_fast,den312d,250,6,True,30,13019,41788,12,454,1,1529.07,b905b2b78676ae58338326991855c95f728a02fc79bc699b3949a0c75c7c288c,83c66952c63fe1d6b38dde622bba2d5550edd823bd8ae03ffcfea82af9d575ee
Paper_room_64_64_8_gp_5/room-64-64-8_agents_500_test_18,restart_fast,room-64-64-8,500,18,True,119,40537,4615,12,820,0,179.248,5c564689a86fc9430bf029cf17706640315292b92021a25cd8881f7d15d74fad,83c66952c63fe1d6b38dde622bba2d5550edd823bd8ae03ffcfea82af9d575ee
Paper_room_64_64_8_gp_5/room-64-64-8_agents_250_test_8,baseline,room-64-64-8,250,8,True,40,14638,5757,5,1257,0,97.1214,f4cdf03777262b873c32dc4260fa72db818e6cb3fda501ecc0abf73a81773ffc,4f275d192013f78bf1eda16424693778675f7700a6e6fabc8af8fe750d13d423
Paper_den312d_65_81_gp_5/den312d_agents_350_test_7,restart_fast,den312d,350,7,True,82,20681,9509,61,1345,2,335.4,2ac3c6cb023984eca8bbb21c36512bbec7204bbf4c708ab97ac725f6bc2e654c,83c66952c63fe1d6b38dde622bba2d5550edd823bd8ae03ffcfea82af9d575ee
Paper_symbotic_39_37_gp_5/symbotic_agents_300_test_0,restart_fast,symbotic,300,0,True,96,34697,14686,183,2495,4,698.917,205aa298a0d12b246f97005cb823d5bab1ddb31c8d66a54e594e5f3342ccbf23,83c66952c63fe1d6b38dde622bba2d5550edd823bd8ae03ffcfea82af9d575ee
Paper_random_32_32_gp_5/random-32-32-10_agents_450_test_12,restart_fast,random-32-32-10,450,12,True,38,12783,16008,67,1111,3,1215.19,8f68dc661927e9295ad7e3ee450830b55f105d973962860305f89133c7071c17,83c66952c63fe1d6b38dde622bba2d5550edd823bd8ae03ffcfea82af9d575ee
Paper_room_64_64_8_gp_5/room-64-64-8_agents_350_test_1,restart_fast,room-64-64-8,350,1,True,66,23377,6482,18,1590,1,169.471,e1ab8f956f084c699b37c0c012cfcebcd2aea051b39f94443f1e8550cab7e935,83c66952c63fe1d6b38dde622bba2d5550edd823bd8ae03ffcfea82af9d575ee
Paper_den312d_65_81_gp_5/den312d_agents_350_test_3,restart_fast,den312d,350,3,True,53,20959,29579,51,873,2,2821.93,6069df25aaa0210950130d51ce8dac7ed75842c6ba8c963e314125c3924059b6,83c66952c63fe1d6b38dde622bba2d5550edd823bd8ae03ffcfea82af9d575ee
Paper_maze_32_32_2_gp_5/maze-32-32-2_agents_450_test_11,baseline,maze-32-32-2,450,11,False,0,0,23066,109,46045,0,468.003,b200810f8f5cfebb87bb301e81a9048087e3bb22f0a9889ed2a62536da38aaf0,4f275d192013f78bf1eda16424693778675f7700a6e6fabc8af8fe750d13d423
Paper_den312d_65_81_gp_5/den312d_agents_300_test_5,baseline,den312d,300,5,True,48,18034,4598,21,976,0,97.593,10e7dac11d52142fbc9eebcfc12e6af64dab19dbea034a167231f235def173f7,4f275d192013f78bf1eda16424693778675f7700a6e6fabc8af8fe750d13d423
Paper_warehouse_161_63_gp_5/warehouse-10-20-10-2-1_agents_450_test_11,baseline,warehouse-10-20-10-2-1,450,11,True,141,42194,4656,16,1037,0,193.164,99d7534716a7434d8a0d03062fa473f901a7741b2ba822bdb07a2ae2473c0751,4f275d192013f78bf1eda16424693778675f7700a6e6fabc8af8fe750d13d423
Paper_Boston_gp_5/Boston_0_256_agents_250_test_11,baseline,Boston_0_256,250,11,True,596,36480,5734,2,1158,0,559.612,c10c063b09a8f5e06074c826e1dc4a9b66b8ea3f59e72a4b89b8bb0a39ae13d8,4f275d192013f78bf1eda16424693778675f7700a6e6fabc8af8fe750d13d423
Paper_warehouse_161_63_gp_5/warehouse-10-20-10-2-1_agents_500_test_2,baseline,warehouse-10-20-10-2-1,500,2,True,177,46055,5681,22,636,0,242.962,20d4497ec5ff53f208ce7327d816fa4e3cd884137cd5ce2a346fb44a428b4a57,4f275d192013f78bf1eda16424693778675f7700a6e6fabc8af8fe750d13d423
Paper_den312d_65_81_gp_5/den312d_agents_400_test_1,baseline,den312d,400,1,True,76,26313,6213,34,1177,0,158.715,b99e7521523c057107becd816cac002df9803d727b25ba48ffb61d3894ca4af0,4f275d192013f78bf1eda16424693778675f7700a6e6fabc8af8fe750d13d423
Paper_warehouse_161_63_gp_5/warehouse-10-20-10-2-1_agents_350_test_0,restart_fast,warehouse-10-20-10-2-1,350,0,True,95,29646,9676,24,811,2,935.225,4b5b958870f8fb48a320e771ecc632aeeee18810bc1d2f08f2987a224d68a610,83c66952c63fe1d6b38dde622bba2d5550edd823bd8ae03ffcfea82af9d575ee
Paper_room_64_64_8_gp_5/room-64-64-8_agents_450_test_6,baseline,room-64-64-8,450,6,True,105,34451,4762,12,811,0,158.187,025e589a202da970a82b2eb831a100c993926e97906739fc3aabb6b37e0e6df6,4f275d192013f78bf1eda16424693778675f7700a6e6fabc8af8fe750d13d423
Paper_room_64_64_8_gp_5/room-64-64-8_agents_450_test_8,baseline,room-64-64-8,450,8,True,120,36740,4143,9,775,0,167.191,22516cc53b5de35b9b657a5f4c3938580555a7d5a8371a5d660d09bc5ad0a8c7,4f275d192013f78bf1eda16424693778675f7700a6e6fabc8af8fe750d13d423
Paper_Boston_gp_5/Boston_0_256_agents_450_test_13,restart_fast,Boston_0_256,450,13,True,1364,64874,4421,4,740,0,1289.67,f43c70885e37656093f94ecda2b89e9d0e4be6f0020673cea190442b0d105755,83c66952c63fe1d6b38dde622bba2d5550edd823bd8ae03ffcfea82af9d575ee
Paper_random_32_32_gp_5/random-32-32-10_agents_400_test_7,restart_fast,random-32-32-10,400,7,True,32,11302,5347,16,802,0,139.864,5c6522151cff85216a74bd414e2b406ee1628c0baa458c6536fea6d0ea6fd0e4,83c66952c63fe1d6b38dde622bba2d5550edd823bd8ae03ffcfea82af9d575ee
Paper_room_64_64_8_gp_5/room-64-64-8_agents_500_test_7,baseline,room-64-64-8,500,7,True,145,45239,4202,17,704,0,175.498,682ea05dbe21198c4230a5d0d06d96b43f8311f814a75d56a42bbea29f4ee03e,4f275d192013f78bf1eda16424693778675f7700a6e6fabc8af8fe750d13d423
Paper_random_32_32_gp_5/random-32-32-10_agents_500_test_8,baseline,random-32-32-10,500,8,True,55,16458,8069,19,484,0,261.572,9bc2fb0a700838dab5f731eb5f682396a0a7950529e00512fba3e51e60998850,4f275d192013f78bf1eda16424693778675f7700a6e6fabc8af8fe750d13d423
Paper_den312d_65_81_gp_5/den312d_agents_500_test_16,baseline,den312d,500,16,True,113,36429,4709,24,690,0,168.621,86f114e7154eaca35fd6eddfca70f5bf4a13d40c467a1d3b4bd66f47acf01398,4f275d192013f78bf1eda16424693778675f7700a6e6fabc8af8fe750d13d423
Paper_warehouse_161_63_gp_5/warehouse-10-20-10-2-1_agents_450_test_16,baseline,warehouse-10-20-10-2-1,450,16,True,160,41306,4760,11,720,0,211.952,8fedee3b777f4f6407a12820a1b81a94f904a316205162ad7c1d60a1f93cf9c1,4f275d192013f78bf1eda16424693778675f7700a6e6fabc8af8fe750d13d423
Paper_den312d_65_81_gp_5/den312d_agents_500_test_11,restart_fast,den312d,500,11,True,97,33004,29158,56,367,1,3011.3,7d9bec57695a6c4702c4c6776b59273053ef8f7fabc95dc21c61493ce2a1dbe1,83c66952c63fe1d6b38dde622bba2d5550edd823bd8ae03ffcfea82af9d575ee
Paper_den312d_65_81_gp_5/den312d_agents_450_test_8,restart_fast,den312d,450,8,True,123,32079,33773,8127,132,1,3712.88,b3f383daba305e2955f435406d38dbe987c56401c21b7752171c8d7155d5206c,83c66952c63fe1d6b38dde622bba2d5550edd823bd8ae03ffcfea82af9d575ee
Paper_Boston_gp_5/Boston_0_256_agents_400_test_11,baseline,Boston_0_256,400,11,True,1683,63619,3139,2,845,0,1590.13,524d497baec84aa8172a85aa1860af684315e7204ce4b24476498a3bb6d94a73,4f275d192013f78bf1eda16424693778675f7700a6e6fabc8af8fe750d13d423
Paper_Boston_gp_5/Boston_0_256_agents_450_test_7,baseline,Boston_0_256,450,7,True,2042,65371,2874,3,706,0,1894.89,1e60cf9c105d949fd636152a5ec1626c23a9b1a1319df8ab398ab845988b1aeb,4f275d192013f78bf1eda16424693778675f7700a6e6fabc8af8fe750d13d423
Paper_Boston_gp_5/Boston_0_256_agents_450_test_6,baseline,Boston_0_256,450,6,True,1263,71423,3848,6,798,0,1170.58,76ed965c7bddaa317a284a23031bfa2f5839a2bc2e39fff171bbf1198e6cdeee,4f275d192013f78bf1eda16424693778675f7700a6e6fabc8af8fe750d13d423
Paper_warehouse_161_63_gp_5/warehouse-10-20-10-2-1_agents_500_test_10,baseline,warehouse-10-20-10-2-1,500,10,True,240,47424,4094,11,985,0,268.212,cb59d622ce054bf6e4a70d9a6ff8df3774b5052b079d245fdf02ef5b9aacd4cd,4f275d192013f78bf1eda16424693778675f7700a6e6fabc8af8fe750d13d423
Paper_symbotic_39_37_gp_5/symbotic_agents_500_test_6,baseline,symbotic,500,6,False,0,0,31653,31650,1631,0,3511.61,b4fe87544ca41411b087a9f9214eab4d66e3f7f838dff89cf1bcc0f9b031703a,4f275d192013f78bf1eda16424693778675f7700a6e6fabc8af8fe750d13d423
Paper_Boston_gp_5/Boston_0_256_agents_500_test_9,restart_fast,Boston_0_256,500,9,True,1206,77668,3941,0,817,0,1129.96,4b6810be407aa45759c2f90088ab56c9e490ef6061f98b359c08be163c5c070f,83c66952c63fe1d6b38dde622bba2d5550edd823bd8ae03ffcfea82af9d575ee
Paper_symbotic_39_37_gp_5/symbotic_agents_500_test_11,baseline,symbotic,500,11,False,0,0,25559,25497,3370,0,3998.41,51af342dbe04cfa73bc54de06324b6cb7b9c3832224ae332614e6ad97f8f84d0,4f275d192013f78bf1eda16424693778675f7700a6e6fabc8af8fe750d13d423
Paper_Boston_gp_5/Boston_0_256_agents_500_test_18,restart_fast,Boston_0_256,500,18,True,2262,73652,11799,5,179,1,2648.05,16faf6bef0793f9d9e1bc0bb37692d2476cf4fb223599b4ad9f64d48d742796f,83c66952c63fe1d6b38dde622bba2d5550edd823bd8ae03ffcfea82af9d575ee
Paper_Boston_gp_5/Boston_0_256_agents_500_test_12,baseline,Boston_0_256,500,12,True,1509,76211,15569,1,179,0,1933.45,5ebda53b825cafe48afbf73850315f9129d8bda3b38af9ec2b32ddadbcf3e330,4f275d192013f78bf1eda16424693778675f7700a6e6fabc8af8fe750d13d423
Paper_orz900d_gp_5/orz900d_agents_250_test_11,baseline,orz900d,250,11,True,3715,209217,6020,10,883,0,3307.04,970ddfde44fbf6b6a8fb8046c76672fd937c219d6907631454075136ad01707f,4f275d192013f78bf1eda16424693778675f7700a6e6fabc8af8fe750d13d423
Paper_room_64_64_8_gp_5/room-64-64-8_agents_350_test_16,restart_fast,room-64-64-8,350,16,True,80,25710,51008,27,387,1,2641.32,09a4b729c3ce1aa2cc2a90e21c5e73af459999d831707aa639b99b6be432ef06,83c66952c63fe1d6b38dde622bba2d5550edd823bd8ae03ffcfea82af9d575ee
Paper_orz900d_gp_5/orz900d_agents_250_test_0,baseline,orz900d,250,0,True,4596,215105,6164,9,848,0,4207.82,87c4ded4241a0f558c6eec616eacebd99e1b9cfbda111cef258a1e3b24d2acdf,4f275d192013f78bf1eda16424693778675f7700a6e6fabc8af8fe750d13d423
Paper_symbotic_39_37_gp_5/symbotic_agents_300_test_8,baseline,symbotic,300,8,True,7262,355929,12679,6261,48097,0,334.629,dd9dd9b021588dcb813000aea2ac3d6a8b3bc890a6b23ef94eb28b0d0a29113e,4f275d192013f78bf1eda16424693778675f7700a6e6fabc8af8fe750d13d423
Paper_symbotic_39_37_gp_5/symbotic_agents_400_test_8,baseline,symbotic,400,8,True,1492,803315,9947,216,1105,0,461.957,3cbe5ac98fe93ac2037b765d8df5c83522eef0709400b91d5893df6d3c5979b5,4f275d192013f78bf1eda16424693778675f7700a6e6fabc8af8fe750d13d423
Paper_symbotic_39_37_gp_5/symbotic_agents_500_test_16,restart_fast,symbotic,500,16,True,826,480247,4807,541,1127,0,572.037,b4037e1ca0ce5a81095bf0ceea0caf9d38640bdb0dca4825cd740b792a2b6c92,83c66952c63fe1d6b38dde622bba2d5550edd823bd8ae03ffcfea82af9d575ee
Paper_orz900d_gp_5/orz900d_agents_400_test_13,baseline,orz900d,400,13,True,4947,328982,5226,13,650,0,4314.51,6f1666dcf97da48b1564cefcb654fdeb44212fe5fa07583b6e6913ffbc364fbf,4f275d192013f78bf1eda16424693778675f7700a6e6fabc8af8fe750d13d423
Paper_orz900d_gp_5/orz900d_agents_400_test_5,restart_fast,orz900d,400,5,True,5456,335656,8573,22,706,1,5350.73,9f0a4ce83737eb7c118db9dba4a21fc4f65b23a56e74c37ec49e316eb653dfde,83c66952c63fe1d6b38dde622bba2d5550edd823bd8ae03ffcfea82af9d575ee
Paper_orz900d_gp_5/orz900d_agents_300_test_10,baseline,orz900d,300,10,True,4866,227261,6613,12,1052,0,4386.32,1f53f83a9dbc098903b26fde36372ecd62bf3340380480740de97dac9351c703,4f275d192013f78bf1eda16424693778675f7700a6e6fabc8af8fe750d13d423
Paper_random_32_32_gp_5/random-32-32-10_agents_350_test_19,baseline,random-32-32-10,350,19,True,24,8492,7485,8,701,0,135.246,f31110eb7fb5a556267adff9259e95c4d1a05c6149cb4237dd460933057ff102,4f275d192013f78bf1eda16424693778675f7700a6e6fabc8af8fe750d13d423
Paper_symbotic_39_37_gp_5/symbotic_agents_300_test_5,baseline,symbotic,300,5,True,280,139727,6976,403,1246,0,194.325,b7fd4154f580f22bc0ded6e9c42fce28ddf7a483fe6d2a105367180035899e62,4f275d192013f78bf1eda16424693778675f7700a6e6fabc8af8fe750d13d423
Paper_Boston_gp_5/Boston_0_256_agents_350_test_8,restart_fast,Boston_0_256,350,8,True,1807,49309,5092,3,1002,0,1744.18,2423f04b4c7e6b31f9f08ce1ed325a6dde86a842f4927f756368ff09de67dd7f,83c66952c63fe1d6b38dde622bba2d5550edd823bd8ae03ffcfea82af9d575ee
Paper_orz900d_gp_5/orz900d_agents_300_test_4,restart_fast,orz900d,300,4,True,5379,231877,14088,33,884,3,5955.44,f07adc6af0a1dbd509d00efbb12c3d7394e26cf5220665472c3f4db301cdb460,83c66952c63fe1d6b38dde622bba2d5550edd823bd8ae03ffcfea82af9d575ee
Paper_orz900d_gp_5/orz900d_agents_400_test_12,restart_fast,orz900d,400,12,True,6215,341164,5763,13,826,0,5668.9,6cb26c91539915e47be074528afe4ccd0dc4e8da1f627f0929faa0524cac3a82,83c66952c63fe1d6b38dde622bba2d5550edd823bd8ae03ffcfea82af9d575ee
Paper_warehouse_161_63_gp_5/warehouse-10-20-10-2-1_agents_250_test_7,baseline,warehouse-10-20-10-2-1,250,7,True,80,20123,5071,10,1362,0,119.594,7d17978390bf10ef5e4ebaafe2560aefd8fcc58c5861ae47b69479c61b45a6bf,4f275d192013f78bf1eda16424693778675f7700a6e6fabc8af8fe750d13d423
Paper_Boston_gp_5/Boston_0_256_agents_350_test_1,restart_fast,Boston_0_256,350,1,True,1055,51434,26612,0,135,0,1722.45,c95c1d1f25ff4c329f8b8b122fe1d67bf396aa344f09be1aadb01980c0908004,83c66952c63fe1d6b38dde622bba2d5550edd823bd8ae03ffcfea82af9d575ee
Paper_den312d_65_81_gp_5/den312d_agents_350_test_6,baseline,den312d,350,6,True,69,24501,5364,22,947,0,138.268,6e3a640bb28975501007c97c3fb5712aba294882075c35cb60abf36dbd26aced,4f275d192013f78bf1eda16424693778675f7700a6e6fabc8af8fe750d13d423
Paper_room_64_64_8_gp_5/room-64-64-8_agents_250_test_19,baseline,room-64-64-8,250,19,True,44,15660,4964,7,1281,0,101.915,26475cf3f0e1dcd50e960f257d36fdb4bc483d688c4da71f44e4c776f4cfed00,4f275d192013f78bf1eda16424693778675f7700a6e6fabc8af8fe750d13d423
Paper_warehouse_161_63_gp_5/warehouse-10-20-10-2-1_agents_300_test_7,baseline,warehouse-10-20-10-2-1,300,7,True,80,22773,4397,8,1538,0,132.215,b742adf11c05bf7b43a417b080ea741cb26b13cf68fddfe73a864e1d20955d28,4f275d192013f78bf1eda16424693778675f7700a6e6fabc8af8fe750d13d423
Paper_random_32_32_gp_5/random-32-32-10_agents_250_test_14,restart_fast,random-32-32-10,250,14,True,19,5397,39067,9,558,1,2493.59,cbe11ff056dd5bc5e127b89345fdf05756a23be7264cbb3d3b29b4664d69f96e,83c66952c63fe1d6b38dde622bba2d5550edd823bd8ae03ffcfea82af9d575ee
Paper_room_64_64_8_gp_5/room-64-64-8_agents_300_test_0,baseline,room-64-64-8,300,0,True,81,18213,6504,3,907,0,152.532,6d179d882b7c93d2dd350f521feea2e098b6a9111ec49a269f114c0721d1f0d3,4f275d192013f78bf1eda16424693778675f7700a6e6fabc8af8fe750d13d423
Paper_room_64_64_8_gp_5/room-64-64-8_agents_300_test_2,restart_fast,room-64-64-8,300,2,True,50,18399,41296,14,230,1,5380.57,661110e485aa2c6a7ca0cfbf56c82655eee322be45017c206c3c9e3449549416,83c66952c63fe1d6b38dde622bba2d5550edd823bd8ae03ffcfea82af9d575ee
Paper_room_64_64_8_gp_5/room-64-64-8_agents_300_test_17,baseline,room-64-64-8,300,17,True,57,18838,5081,14,1164,0,109.66,b5a1a0da68386d157b07d236ea2e0fbff3dea58793a530cff717d5cfe91396b6,4f275d192013f78bf1eda16424693778675f7700a6e6fabc8af8fe750d13d423
Paper_random_32_32_gp_5/random-32-32-10_agents_300_test_14,baseline,random-32-32-10,300,14,True,19,7150,6522,3,751,0,130.96,b246f495e22419ce5c4011d6d797bb294f8c591bc4b126f1206ea5f9414fc9ba,4f275d192013f78bf1eda16424693778675f7700a6e6fabc8af8fe750d13d423
Paper_room_64_64_8_gp_5/room-64-64-8_agents_450_test_0,restart_fast,room-64-64-8,450,0,True,114,36128,6661,53,1610,2,319.06,975793904ffdcd6f4e58af491c1b759de3508031bea41dee596ab9442f2c90a1,83c66952c63fe1d6b38dde622bba2d5550edd823bd8ae03ffcfea82af9d575ee
Paper_Boston_gp_5/Boston_0_256_agents_300_test_12,baseline,Boston_0_256,300,12,True,727,43786,4457,1,924,0,679.998,97190685958bd8bc1d5c965bd73c279b5c088b8062da9adca3cdec33bbb86e28,4f275d192013f78bf1eda16424693778675f7700a6e6fabc8af8fe750d13d423
Paper_random_32_32_gp_5/random-32-32-10_agents_450_test_0,baseline,random-32-32-10,450,0,True,43,13143,5926,18,670,0,164.14,5af3fc172a95dc3862d060cf3ed580e86dcdc22f101506b3f16acde556cca77a,4f275d192013f78bf1eda16424693778675f7700a6e6fabc8af8fe750d13d423
Paper_random_32_32_gp_5/random-32-32-10_agents_500_test_1,baseline,random-32-32-10,500,1,True,51,15228,4603,20,729,0,158.418,20659689620197f748ae8c3f4b283e2c3e55917f9ecffe3d5e5996c9ae8baa8d,4f275d192013f78bf1eda16424693778675f7700a6e6fabc8af8fe750d13d423
Paper_warehouse_161_63_gp_5/warehouse-10-20-10-2-1_agents_450_test_13,restart_fast,warehouse-10-20-10-2-1,450,13,True,147,40731,7068,22,1479,2,495.945,75f173eaaa46143ee3c602873d43eaa0adae558ab695b860f6ae7397209487af,83c66952c63fe1d6b38dde622bba2d5550edd823bd8ae03ffcfea82af9d575ee
Paper_random_32_32_gp_5/random-32-32-10_agents_250_test_12,baseline,random-32-32-10,250,12,True,13,5211,5429,3,998,0,94.0236,dabac4e56ac9c2fcf8b6bdcb55ff44f28d880b7e6d63b191d7c6d6812edf4132,4f275d192013f78bf1eda16424693778675f7700a6e6fabc8af8fe750d13d423
Paper_symbotic_39_37_gp_5/symbotic_agents_300_test_19,baseline,symbotic,300,19,False,0,0,22834,1998,73082,0,404.13,bcbadcd01cfe4fca70661f725960fab0bd8cc731800be9914380e4d3ec91c195,4f275d192013f78bf1eda16424693778675f7700a6e6fabc8af8fe750d13d423
Paper_room_64_64_8_gp_5/room-64-64-8_agents_500_test_9,restart_fast,room-64-64-8,500,9,True,119,39284,16756,14,444,1,4565.41,6a7eb095703d9e7d4dbc9bf88d520f09e2d48667a31a226d206b4cfd41dc8ece,83c66952c63fe1d6b38dde622bba2d5550edd823bd8ae03ffcfea82af9d575ee
Paper_room_64_64_8_gp_5/room-64-64-8_agents_300_test_3,restart_fast,room-64-64-8,300,3,True,59,20341,36584,12,374,1,922.958,7651ac84593a4ab43898122caa6938c71716565df7fbe624ac80119facdeecd0,83c66952c63fe1d6b38dde622bba2d5550edd823bd8ae03ffcfea82af9d575ee
Paper_warehouse_161_63_gp_5/warehouse-10-20-10-2-1_agents_300_test_9,baseline,warehouse-10-20-10-2-1,300,9,True,98,24255,4092,9,1335,0,134.229,eee2708fd206c7348782d901ee64450cb7379eb9c7bfb4e753e16d55d7f73087,4f275d192013f78bf1eda16424693778675f7700a6e6fabc8af8fe750d13d423
Paper_maze_32_32_2_gp_5/maze-32-32-2_agents_300_test_19,restart_fast,maze-32-32-2,300,19,True,47,31955,26919,802,1214,2,1436.41,385855f0f39cd7a9cf0946421186bf45c717ffc8102089ddc50aa2288d8c2aed,83c66952c63fe1d6b38dde622bba2d5550edd823bd8ae03ffcfea82af9d575ee
Paper_den312d_65_81_gp_5/den312d_agents_500_test_12,baseline,den312d,500,12,True,113,37931,5819,27,944,0,225.298,4763349e276371e46d2099bcc945956997ad06a9c06ea4154ed40668d05a8b9b,4f275d192013f78bf1eda16424693778675f7700a6e6fabc8af8fe750d13d423
Paper_room_64_64_8_gp_5/room-64-64-8_agents_450_test_19,restart_fast,room-64-64-8,450,19,True,109,34505,26609,57,786,3,3092.14,012617fa716d7cdb4ba2b544a8d9f68c41f0f8121fa074b19e994e154f8c2fc5,83c66952c63fe1d6b38dde622bba2d5550edd823bd8ae03ffcfea82af9d575ee
Paper_den312d_65_81_gp_5/den312d_agents_500_test_8,restart_fast,den312d,500,8,True,139,35361,4224,28,845,0,217.898,321e098175641c61aea5749d0b0758f9042d9bf515a7ccf3122ef0bc68f77273,83c66952c63fe1d6b38dde622bba2d5550edd823bd8ae03ffcfea82af9d575ee
Paper_symbotic_39_37_gp_5/symbotic_agents_500_test_13,baseline,symbotic,500,13,False,0,0,9862,605,19723,0,1164.92,36536e6ed568eabd0dab3a56f47bb013b02c4a7aa6de3a0a6ea40bed258e413b,4f275d192013f78bf1eda16424693778675f7700a6e6fabc8af8fe750d13d423
Paper_Boston_gp_5/Boston_0_256_agents_350_test_7,baseline,Boston_0_256,350,7,True,726,48917,4330,1,894,0,673.042,f066099e318647acf6ed065e29aa6dc1c4ee13c4826c8c66e0ebbe2e59c94198,4f275d192013f78bf1eda16424693778675f7700a6e6fabc8af8fe750d13d423
Paper_room_64_64_8_gp_5/room-64-64-8_agents_300_test_4,baseline,room-64-64-8,300,4,True,63,20044,4601,10,1036,0,105.441,a4d9f4912e24dd06e06695875dc934f8f93bfdc4e91de8681ae69da012a9733d,4f275d192013f78bf1eda16424693778675f7700a6e6fabc8af8fe750d13d423
Paper_warehouse_161_63_gp_5/warehouse-10-20-10-2-1_agents_500_test_17,restart_fast,warehouse-10-20-10-2-1,500,17,True,180,45145,4203,37,1171,2,490.883,0c59df157d8512ace5f73ff8e0064ac05be570ffca598be9b8d13190a31b14e9,83c66952c63fe1d6b38dde622bba2d5550edd823bd8ae03ffcfea82af9d575ee
Paper_maze_32_32_2_gp_5/maze-32-32-2_agents_400_test_16,restart_fast,maze-32-32-2,400,16,True,120,71109,6743,444,1216,3,436.898,6cb3e735ec83589f116227631ccc133dd5d6447035dd89f65fbc2a7fb3f14ccb,83c66952c63fe1d6b38dde622bba2d5550edd823bd8ae03ffcfea82af9d575ee
Paper_warehouse_161_63_gp_5/warehouse-10-20-10-2-1_agents_400_test_5,baseline,warehouse-10-20-10-2-1,400,5,True,142,34331,4277,16,961,0,178.027,534fcb8f5cd04755e0b584e4c2b6760085987a5ca4adc1fae2c23234c1cea014,4f275d192013f78bf1eda16424693778675f7700a6e6fabc8af8fe750d13d423
Paper_warehouse_161_63_gp_5/warehouse-10-20-10-2-1_agents_500_test_4,baseline,warehouse-10-20-10-2-1,500,4,True,217,50842,3573,21,1029,0,237.711,3b4aedf10a9a710bcc1a1dc1f0f725764dcb8ea056798e3ba6e015a559139001,4f275d192013f78bf1eda16424693778675f7700a6e6fabc8af8fe750d13d423
Paper_Boston_gp_5/Boston_0_256_agents_450_test_7,restart_fast,Boston_0_256,450,7,True,2503,65094,6477,12,1235,2,2708.47,1e60cf9c105d949fd636152a5ec1626c23a9b1a1319df8ab398ab845988b1aeb,83c66952c63fe1d6b38dde622bba2d5550edd823bd8ae03ffcfea82af9d575ee
Paper_warehouse_161_63_gp_5/warehouse-10-20-10-2-1_agents_500_test_7,restart_fast,warehouse-10-20-10-2-1,500,7,True,233,52400,3892,14,973,0,273.14,032b2fea414e21e98505d7b51592140832c9ca0ce3797466221a0e34ad23cb09,83c66952c63fe1d6b38dde622bba2d5550edd823bd8ae03ffcfea82af9d575ee
Paper_warehouse_161_63_gp_5/warehouse-10-20-10-2-1_agents_350_test_17,restart_fast,warehouse-10-20-10-2-1,350,17,True,80,26321,17736,70,4689,8,1164.87,893194a987124abcee95b3a0431b9b83af313935a7dc7453edc1fb17398ccd46,83c66952c63fe1d6b38dde622bba2d5550edd823bd8ae03ffcfea82af9d575ee
Paper_Boston_gp_5/Boston_0_256_agents_450_test_9,baseline,Boston_0_256,450,9,True,2547,68749,7386,1,305,0,2532.78,2a946d7bb70eed74445d90397a3fd5953323aba3e5abf90fa6c84286a7fe7517,4f275d192013f78bf1eda16424693778675f7700a6e6fabc8af8fe750d13d423
Paper_random_32_32_gp_5/random-32-32-10_agents_500_test_17,restart_fast,random-32-32-10,500,17,True,46,15144,5093,21,494,0,186.257,fd607d5a69370c1a896ba486742c8b128fbc364841ebf8e1bddfeb703e64a3b8,83c66952c63fe1d6b38dde622bba2d5550edd823bd8ae03ffcfea82af9d575ee
Paper_orz900d_gp_5/orz900d_agents_250_test_2,restart_fast,orz900d,250,2,True,3507,210368,17473,32,1566,3,3971.32,8420a39e6620c712c4c0853b41aff7cc413cf2e2427861578ce3de6bf06f8a15,83c66952c63fe1d6b38dde622bba2d5550edd823bd8ae03ffcfea82af9d575ee
Paper_warehouse_161_63_gp_5/warehouse-10-20-10-2-1_agents_450_test_18,restart_fast,warehouse-10-20-10-2-1,450,18,True,156,37616,8520,32,1004,2,993.77,59dd1cf3f39f93cf7abac14ac90897f8770f6e75d84ba4b9521ddae21b9ac011,83c66952c63fe1d6b38dde622bba2d5550edd823bd8ae03ffcfea82af9d575ee
Paper_orz900d_gp_5/orz900d_agents_250_test_0,restart_fast,orz900d,250,0,True,3814,211056,22119,38,1175,4,4466.94,87c4ded4241a0f558c6eec616eacebd99e1b9cfbda111cef258a1e3b24d2acdf,83c66952c63fe1d6b38dde622bba2d5550edd823bd8ae03ffcfea82af9d575ee
Paper_orz900d_gp_5/orz900d_agents_300_test_2,baseline,orz900d,300,2,True,4867,248175,6128,17,849,0,4428.71,8db7bd97f5fc54b4f7090784a8ef52d4b1fa2d45b061acc8377ff2e7b3ada744,4f275d192013f78bf1eda16424693778675f7700a6e6fabc8af8fe750d13d423
Paper_symbotic_39_37_gp_5/symbotic_agents_350_test_16,restart_fast,symbotic,350,16,True,169,84749,4567,77,1986,0,161.903,f73d68b1c274796e9b88a631bf0952d38f793f2d8c79988295a714605552b786,83c66952c63fe1d6b38dde622bba2d5550edd823bd8ae03ffcfea82af9d575ee
Paper_random_32_32_gp_5/random-32-32-10_agents_400_test_14,baseline,random-32-32-10,400,14,True,32,10411,4290,11,743,0,98.5246,0471c4cab307aae376380ef9f71c3428adedbe76781650494a1fec58ff04259d,4f275d192013f78bf1eda16424693778675f7700a6e6fabc8af8fe750d13d423
Paper_warehouse_161_63_gp_5/warehouse-10-20-10-2-1_agents_350_test_12,restart_fast,warehouse-10-20-10-2-1,350,12,True,123,30471,5741,23,1272,1,220.648,a18b40877e89bdd2cad0dd5fe1c882db86d50c0bf9458deb19a7fb55793cc3cb,83c66952c63fe1d6b38dde622bba2d5550edd823bd8ae03ffcfea82af9d575ee
Paper_symbotic_39_37_gp_5/symbotic_agents_500_test_16,baseline,symbotic,500,16,True,911,480247,4494,541,1012,0,544.867,b4037e1ca0ce5a81095bf0ceea0caf9d38640bdb0dca4825cd740b792a2b6c92,4f275d192013f78bf1eda16424693778675f7700a6e6fabc8af8fe750d13d423
Paper_orz900d_gp_5/orz900d_agents_350_test_19,restart_fast,orz900d,350,19,True,5928,303835,5344,22,560,0,5434.98,a77f5f26ff9ff3b6b500c24d837cda3e9664de9e658d859273ac749aef1b16c6,83c66952c63fe1d6b38dde622bba2d5550edd823bd8ae03ffcfea82af9d575ee
Paper_Boston_gp_5/Boston_0_256_agents_350_test_0,baseline,Boston_0_256,350,0,True,1955,49752,4139,2,1002,0,1845.04,a5fac4d48dfb01d21f3d2febe30adc815d6d48de48c3923f8f9926991d5b650a,4f275d192013f78bf1eda16424693778675f7700a6e6fabc8af8fe750d13d423
Paper_random_32_32_gp_5/random-32-32-10_agents_350_test_10,baseline,random-32-32-10,350,10,True,25,8413,7565,10,658,0,168.909,32c2bb6158ed628761c77abe288c0530c12f56e724e4dd45c7df5b94d9ee4bba,4f275d192013f78bf1eda16424693778675f7700a6e6fabc8af8fe750d13d423
Paper_orz900d_gp_5/orz900d_agents_450_test_13,restart_fast,orz900d,450,13,True,7207,370310,4928,13,453,0,6529.31,d8a284703eb615c4f6864740838f32d84f50d6069df65cc794c4d2d45ed86cb5,83c66952c63fe1d6b38dde622bba2d5550edd823bd8ae03ffcfea82af9d575ee
Paper_Boston_gp_5/Boston_0_256_agents_400_test_14,restart_fast,Boston_0_256,400,14,True,1110,63853,45348,2,392,1,3511.59,2ef993ab4db416430fc6d4c109732d20a68e773f59c1ed399d7f0182f1e518c9,83c66952c63fe1d6b38dde622bba2d5550edd823bd8ae03ffcfea82af9d575ee
Paper_Boston_gp_5/Boston_0_256_agents_450_test_4,restart_fast,Boston_0_256,450,4,True,2323,69345,6554,1,441,0,2283.87,3668de5f483372b6bd216df6e102691754cb298065997d8c4d872bc2a9a6accf,83c66952c63fe1d6b38dde622bba2d5550edd823bd8ae03ffcfea82af9d575ee
Paper_orz900d_gp_5/orz900d_agents_400_test_15,baseline,orz900d,400,15,True,7695,339401,4578,17,393,0,6927.29,346a95cca38584a2db9245cf7ddae3ece7de545f449a8947701893f5afcbcd9e,4f275d192013f78bf1eda16424693778675f7700a6e6fabc8af8fe750d13d423
Paper_warehouse_161_63_gp_5/warehouse-10-20-10-2-1_agents_500_test_13,restart_fast,warehouse-10-20-10-2-1,500,13,True,196,44302,4356,19,873,0,268.862,46ccc9dde83456123b7419792ff8f6c4d083763b02a904602115a569d3af2a1b,83c66952c63fe1d6b38dde622bba2d5550edd823bd8ae03ffcfea82af9d575ee
Paper_warehouse_161_63_gp_5/warehouse-10-20-10-2-1_agents_350_test_6,baseline,warehouse-10-20-10-2-1,350,6,True,123,29089,4795,10,1130,0,177.868,a0a6fe54ce364a72117f714bfb8cdac956b9acfe1d3bbfc46153a3a4b2317534,4f275d192013f78bf1eda16424693778675f7700a6e6fabc8af8fe750d13d423
Paper_den312d_65_81_gp_5/den312d_agents_450_test_17,baseline,den312d,450,17,True,92,30203,4243,31,878,0,146.822,0f90247f4788527e939227d4009f9998d0b0a4c1fa591a8f030383028301a885,4f275d192013f78bf1eda16424693778675f7700a6e6fabc8af8fe750d13d423
Paper_den312d_65_81_gp_5/den312d_agents_250_test_12,baseline,den312d,250,12,True,36,15600,5847,20,1180,0,102.287,e594d03d05e174bbdaa3640890234ddfcfc53e217ea0c2f34ce05ed277267074,4f275d192013f78bf1eda16424693778675f7700a6e6fabc8af8fe750d13d423
Paper_orz900d_gp_5/orz900d_agents_300_test_15,baseline,orz900d,300,15,True,5357,247217,5695,16,856,0,4847.07,03b70ef8eac7670c345edc09b90f920f95bdb04cc3b9f05df9552ff669e72d30,4f275d192013f78bf1eda16424693778675f7700a6e6fabc8af8fe750d13d423
Paper_orz900d_gp_5/orz900d_agents_300_test_3,restart_fast,orz900d,300,3,True,4330,236425,6698,3,676,1,4019.28,cce1c8ac03cfcce4732c08e0020dd2a221cd8e5ce8b9d9d5afb9ea12d13c677d,83c66952c63fe1d6b38dde622bba2d5550edd823bd8ae03ffcfea82af9d575ee
Paper_Boston_gp_5/Boston_0_256_agents_450_test_19,restart_fast,Boston_0_256,450,19,True,1080,63683,19486,3,128,0,1886.73,66ab756e0cb5eebcaa375d9d5964b2fe3477ad4988cec23824fad3ba2c16d2c7,83c66952c63fe1d6b38dde622bba2d5550edd823bd8ae03ffcfea82af9d575ee
Paper_random_32_32_gp_5/random-32-32-10_agents_500_test_9,baseline,random-32-32-10,500,9,True,55,16055,6273,16,612,0,202.968,8f78f560320754bebfaa10398daadaa950bf0f202fab622468123bf6adfc769a,4f275d192013f78bf1eda16424693778675f7700a6e6fabc8af8fe750d13d423
Paper_den312d_65_81_gp_5/den312d_agents_350_test_6,restart_fast,den312d,350,6,True,63,24501,5364,22,947,0,143.234,6e3a640bb28975501007c97c3fb5712aba294882075c35cb60abf36dbd26aced,83c66952c63fe1d6b38dde622bba2d5550edd823bd8ae03ffcfea82af9d575ee
Paper_random_32_32_gp_5/random-32-32-10_agents_350_test_17,baseline,random-32-32-10,350,17,True,25,8212,6235,11,882,0,126.632,ad43beaa1b4bdd5dcf06a942271a2677473e52b8d1ca96f5b26b3299b50f6fd1,4f275d192013f78bf1eda16424693778675f7700a6e6fabc8af8fe750d13d423
Paper_symbotic_39_37_gp_5/symbotic_agents_250_test_12,baseline,symbotic,250,12,True,65,32254,6534,27,1265,0,121.224,7949024168e33c0c748c9cd7ab2711b65d13efbbdc6edcf4f9af2735ed978048,4f275d192013f78bf1eda16424693778675f7700a6e6fabc8af8fe750d13d423
Paper_room_64_64_8_gp_5/room-64-64-8_agents_250_test_14,restart_fast,room-64-64-8,250,14,True,42,14506,8384,12,1415,1,151.534,6553e965551d6e7c9e8f621e6016eeb3807636d560cf8fd3086bffb7812abd8f,83c66952c63fe1d6b38dde622bba2d5550edd823bd8ae03ffcfea82af9d575ee
Paper_maze_32_32_2_gp_5/maze-32-32-2_agents_300_test_5,baseline,maze-32-32-2,300,5,True,60,35955,6688,43,966,0,148.47,9560214dfe775ecbd7cc3308a7d54486dde76474e69bf1b324935c5c3c94a989,4f275d192013f78bf1eda16424693778675f7700a6e6fabc8af8fe750d13d423
Paper_random_32_32_gp_5/random-32-32-10_agents_300_test_5,baseline,random-32-32-10,300,5,True,19,7017,5815,5,1117,0,107.774,b15eaca17ddcf1446962bd6f95f002f5a12f05b3464b8ced7c96ed08f1d24be4,4f275d192013f78bf1eda16424693778675f7700a6e6fabc8af8fe750d13d423
Paper_maze_32_32_2_gp_5/maze-32-32-2_agents_350_test_18,restart_fast,maze-32-32-2,350,18,True,75,45698,29767,11250,1125,4,3119.16,5c230f6e0b7cff3c161af6adbb3db0629be7e327ce640c9545fbe69f0e1c4595,83c66952c63fe1d6b38dde622bba2d5550edd823bd8ae03ffcfea82af9d575ee
Paper_room_64_64_8_gp_5/room-64-64-8_agents_300_test_1,restart_fast,room-64-64-8,300,1,True,59,19730,4236,2,993,0,109.567,932788a4c7fb5e7c1be351f7e214ffbeb751bc085f302dd8b0ce6ffc427e68e4,83c66952c63fe1d6b38dde622bba2d5550edd823bd8ae03ffcfea82af9d575ee
Paper_den312d_65_81_gp_5/den312d_agents_350_test_0,baseline,den312d,350,0,True,72,22128,6291,22,620,0,146.451,5ce6295b6d7f69c9021d32a9594a5fd31191af2d9f471410224d57156af03c08,4f275d192013f78bf1eda16424693778675f7700a6e6fabc8af8fe750d13d423
Paper_symbotic_39_37_gp_5/symbotic_agents_250_test_3,restart_fast,symbotic,250,3,True,507,41617,25661,202,4124,5,396.571,9052f9bebb21e6c3dffe1b0212225291412066772cfb9bfb406a732056a552d0,83c66952c63fe1d6b38dde622bba2d5550edd823bd8ae03ffcfea82af9d575ee
Paper_random_32_32_gp_5/random-32-32-10_agents_300_test_13,baseline,random-32-32-10,300,13,True,20,6762,7443,7,766,0,125.736,249f46220061480c9641969326156e1e17687b966e72ac4cd8edb9ff78cfdf47,4f275d192013f78bf1eda16424693778675f7700a6e6fabc8af8fe750d13d423
Paper_maze_32_32_2_gp_5/maze-32-32-2_agents_500_test_17,restart_fast,maze-32-32-2,500,17,False,0,0,38379,2222,13117,6,1830.07,4e54b9b9b0f7a35d08031d6212bf71bcefde4ee12e927a323893b2e580631451,83c66952c63fe1d6b38dde622bba2d5550edd823bd8ae03ffcfea82af9d575ee
Paper_warehouse_161_63_gp_5/warehouse-10-20-10-2-1_agents_400_test_7,baseline,warehouse-10-20-10-2-1,400,7,True,131,32659,4143,13,1315,0,164.496,cd1cef00f5168936ed190c3e19d978543e77010892cce9dae20e05af3123d87b,4f275d192013f78bf1eda16424693778675f7700a6e6fabc8af8fe750d13d423
Paper_warehouse_161_63_gp_5/warehouse-10-20-10-2-1_agents_500_test_8,restart_fast,warehouse-10-20-10-2-1,500,8,True,209,49072,3014,14,930,0,242.349,254ce4872db045fdffe652f07c72545dac0d122a789a483e98e3662499afa4ba,83c66952c63fe1d6b38dde622bba2d5550edd823bd8ae03ffcfea82af9d575ee
Paper_random_32_32_gp_5/random-32-32-10_agents_250_test_2,baseline,random-32-32-10,250,2,True,13,5182,5541,4,840,0,97.8527,cc6f76d5a56f0216be31df6fbc4a19f1b7c677f2847dfac6a61034e40d44a4d7,4f275d192013f78bf1eda16424693778675f7700a6e6fabc8af8fe750d13d423
Paper_random_32_32_gp_5/random-32-32-10_agents_350_test_0,baseline,random-32-32-10,350,0,True,28,8934,4758,12,839,0,105.156,523d2b373f25ef7f84e2c31d4d62b1ddc0a5b917960f3f0d4d512fb90b283012,4f275d192013f78bf1eda16424693778675f7700a6e6fabc8af8fe750d13d423
Paper_den312d_65_81_gp_5/den312d_agents_350_test_5,baseline,den312d,350,5,True,54,20635,6962,23,863,0,156.631,91ff776ed8cb354b9086d09cd018576daf2883cda89cf21788d2834a14480950,4f275d192013f78bf1eda16424693778675f7700a6e6fabc8af8fe750d13d423
Paper_maze_32_32_2_gp_5/maze-32-32-2_agents_400_test_17,restart_fast,maze-32-32-2,400,17,True,101,60321,7953,82,579,0,241.711,f77193d37a2fcbaad32dd3b5761dd7efae18b3e8f7c5f0eb417d5f38b75bbfa3,83c66952c63fe1d6b38dde622bba2d5550edd823bd8ae03ffcfea82af9d575ee
Paper_warehouse_161_63_gp_5/warehouse-10-20-10-2-1_agents_250_test_11,baseline,warehouse-10-20-10-2-1,250,11,True,73,19944,5596,5,1208,0,116.111,7ee9783d957d12a1d90853c71e26b9c16d0b28efcf8bef9eb26e5442a4dd1756,4f275d192013f78bf1eda16424693778675f7700a6e6fabc8af8fe750d13d423
Paper_den312d_65_81_gp_5/den312d_agents_250_test_1,restart_fast,den312d,250,1,True,45,14462,43566,48,901,3,1457.05,235ce5c7237f48ecebd3da12cf8905a0d757f80864043d5aee8347c99340c921,83c66952c63fe1d6b38dde622bba2d5550edd823bd8ae03ffcfea82af9d575ee
Paper_symbotic_39_37_gp_5/symbotic_agents_350_test_11,baseline,symbotic,350,11,True,452,250033,5850,88,1731,0,238.164,77890e376a7ba141ff09698441e9ef3f02ef07e2bea8362c28dda79643dc1c21,4f275d192013f78bf1eda16424693778675f7700a6e6fabc8af8fe750d13d423
Paper_Boston_gp_5/Boston_0_256_agents_400_test_15,restart_fast,Boston_0_256,400,15,True,1002,58733,4476,1,890,0,954.468,4ee11400eebf4cb6eee649ea74e3f7835efaf0cdf0b576c8c241d1443f7cb1af,83c66952c63fe1d6b38dde622bba2d5550edd823bd8ae03ffcfea82af9d575ee
Paper_room_64_64_8_gp_5/room-64-64-8_agents_300_test_17,restart_fast,room-64-64-8,300,17,True,57,18838,41920,28,603,1,3427.03,b5a1a0da68386d157b07d236ea2e0fbff3dea58793a530cff717d5cfe91396b6,83c66952c63fe1d6b38dde622bba2d5550edd823bd8ae03ffcfea82af9d575ee
Paper_random_32_32_gp_5/random-32-32-10_agents_500_test_11,restart_fast,random-32-32-10,500,11,True,51,15860,4950,17,558,0,171.032,521a5708634aaf1ea3d766a7c9a1103cfb4655569d49bdc7bff6fc71fba4c028,83c66952c63fe1d6b38dde622bba2d5550edd823bd8ae03ffcfea82af9d575ee
Paper_maze_32_32_2_gp_5/maze-32-32-2_agents_500_test_4,restart_fast,maze-32-32-2,500,4,False,0,0,34390,3022,12417,12,2513.61,1995600b199bdcfb1f8983ba5e9fea039ef40511c56cab4146f39886a1a96d9c,83c66952c63fe1d6b38dde622bba2d5550edd823bd8ae03ffcfea82af9d575ee
Paper_Boston_gp_5/Boston_0_256_agents_250_test_16,baseline,Boston_0_256,250,16,True,1031,35179,5666,0,1137,0,999.143,fbb9b2fcd3c8b21450a4629cd97703086e994f4b96ce4e1feb3693b9484b001f,4f275d192013f78bf1eda16424693778675f7700a6e6fabc8af8fe750d13d423
Paper_symbotic_39_37_gp_5/symbotic_agents_500_test_10,restart_fast,symbotic,500,10,False,0,0,28608,22549,2180,2,4743.05,471bae73431b9688929c25da0e846a08c31f327a93569f5e410cead5c2ce026f,83c66952c63fe1d6b38dde622bba2d5550edd823bd8ae03ffcfea82af9d575ee
Paper_Boston_gp_5/Boston_0_256_agents_300_test_7,baseline,Boston_0_256,300,7,True,2534,43423,4362,0,878,0,2439.36,cbb2dd755fd4983826c260937a5138944984e26ffa9bcd509bce5393ce434c9b,4f275d192013f78bf1eda16424693778675f7700a6e6fabc8af8fe750d13d423
Paper_random_32_32_gp_5/random-32-32-10_agents_350_test_11,baseline,random-32-32-10,350,11,True,25,8603,7750,6,641,0,137.168,aad92db11278fe10868ac37f8428050287bf307125aa79b0c6ae10d1b67a451a,4f275d192013f78bf1eda16424693778675f7700a6e6fabc8af8fe750d13d423
Paper_orz900d_gp_5/orz900d_agents_250_test_15,baseline,orz900d,250,15,True,4086,198124,6254,9,894,0,3680.93,aaeb509a2e87ff921a4126768868970efe525c7703af10a88959b90408d4025c,4f275d192013f78bf1eda16424693778675f7700a6e6fabc8af8fe750d13d423
Paper_warehouse_161_63_gp_5/warehouse-10-20-10-2-1_agents_400_test_7,restart_fast,warehouse-10-20-10-2-1,400,7,True,124,32659,4174,13,1329,0,165.929,cd1cef00f5168936ed190c3e19d978543e77010892cce9dae20e05af3123d87b,83c66952c63fe1d6b38dde622bba2d5550edd823bd8ae03ffcfea82af9d575ee
Paper_room_64_64_8_gp_5/room-64-64-8_agents_450_test_5,restart_fast,room-64-64-8,450,5,True,165,34699,7077,16,1101,1,318.117,ae596d430ecddec9a9f52d8c293d63f0bf1d8b6a4b80053ba42649a3e610b839,83c66952c63fe1d6b38dde622bba2d5550edd823bd8ae03ffcfea82af9d575ee
Paper_Boston_gp_5/Boston_0_256_agents_500_test_17,restart_fast,Boston_0_256,500,17,True,2025,79787,3812,2,762,0,1886.42,198acd4c2c7dbc86e01075e26b50f366abd99d596c108e047d716e0b4fd26dc0,83c66952c63fe1d6b38dde622bba2d5550edd823bd8ae03ffcfea82af9d575ee
Paper_orz900d_gp_5/orz900d_agents_350_test_3,baseline,orz900d,350,3,True,6223,313314,5403,14,587,0,5600.87,579377e07d550fcd7efcc1fccff72e458b3339505450cac80d8e3e286f39334f,4f275d192013f78bf1eda16424693778675f7700a6e6fabc8af8fe750d13d423
Paper_maze_32_32_2_gp_5/maze-32-32-2_agents_450_test_1,restart_fast,maze-32-32-2,450,1,False,0,0,32975,2449,21926,18,2449.33,c5c15a2290045a8a97acd2fbc84942258a34dc05baf0d68fdc404da598d1ec46,83c66952c63fe1d6b38dde622bba2d5550edd823bd8ae03ffcfea82af9d575ee
Paper_Boston_gp_5/Boston_0_256_agents_300_test_8,baseline,Boston_0_256,300,8,True,840,46941,5171,5,1047,0,794.221,09c106b91e29e9b1be90719e2c9d980d03688fecb335ea9eb26e01f504f7e177,4f275d192013f78bf1eda16424693778675f7700a6e6fabc8af8fe750d13d423
Paper_warehouse_161_63_gp_5/warehouse-10-20-10-2-1_agents_450_test_2,restart_fast,warehouse-10-20-10-2-1,450,2,True,170,38838,5295,26,1400,1,333.096,4d3ca265f809ccf2d7ddd7094a31a5e3225b58d2ae228878fe21aa85cb36296f,83c66952c63fe1d6b38dde622bba2d5550edd823bd8ae03ffcfea82af9d575ee
Paper_den312d_65_81_gp_5/den312d_agents_400_test_18,restart_fast,den312d,400,18,True,76,27206,40325,45,104,1,3182.04,87cbdf98c8494e64015f6c0ccf839ea50b397ff7a716b5c58234743b0c1d0b74,83c66952c63fe1d6b38dde622bba2d5550edd823bd8ae03ffcfea82af9d575ee
Paper_warehouse_161_63_gp_5/warehouse-10-20-10-2-1_agents_500_test_8,baseline,warehouse-10-20-10-2-1,500,8,True,209,49072,3282,14,1064,0,227.69,254ce4872db045fdffe652f07c72545dac0d122a789a483e98e3662499afa4ba,4f275d192013f78bf1eda16424693778675f7700a6e6fabc8af8fe750d13d423
Paper_warehouse_161_63_gp_5/warehouse-10-20-10-2-1_agents_450_test_13,baseline,warehouse-10-20-10-2-1,450,13,True,180,40731,3647,7,1026,0,212.787,75f173eaaa46143ee3c602873d43eaa0adae558ab695b860f6ae7397209487af,4f275d192013f78bf1eda16424693778675f7700a6e6fabc8af8fe750d13d423
Paper_orz900d_gp_5/orz900d_agents_300_test_6,baseline,orz900d,300,6,True,5023,239410,6235,15,732,0,4527.06,772420851448334e5abd534a09171b0f37bc75411c21f3d0eead705cb733b27e,4f275d192013f78bf1eda16424693778675f7700a6e6fabc8af8fe750d13d423
Paper_room_64_64_8_gp_5/room-64-64-8_agents_400_test_14,restart_fast,room-64-64-8,400,14,True,88,27477,5068,13,1032,0,161.297,e0c9bfd5f533d91edfc21825ba002e597aba7d72f9a9ed89bc7af986458c139d,83c66952c63fe1d6b38dde622bba2d5550edd823bd8ae03ffcfea82af9d575ee
Paper_orz900d_gp_5/orz900d_agents_300_test_8,restart_fast,orz900d,300,8,True,5515,214821,10427,21,535,1,5605.09,43715d3c10398044966cb729ab1fa08b24e5f7ddbe81facf460a397ad1b07370,83c66952c63fe1d6b38dde622bba2d5550edd823bd8ae03ffcfea82af9d575ee
Paper_maze_32_32_2_gp_5/maze-32-32-2_agents_400_test_16,baseline,maze-32-32-2,400,16,True,130,72171,7801,88,552,0,291.399,6cb3e735ec83589f116227631ccc133dd5d6447035dd89f65fbc2a7fb3f14ccb,4f275d192013f78bf1eda16424693778675f7700a6e6fabc8af8fe750d13d423
Paper_orz900d_gp_5/orz900d_agents_450_test_12,baseline,orz900d,450,12,True,7505,380377,4713,17,385,0,6610.43,bc99ec5c40793c0eced5ec8a5248efeb07f2a3173180d98a8455d184f65effa8,4f275d192013f78bf1eda16424693778675f7700a6e6fabc8af8fe750d13d423
Paper_room_64_64_8_gp_5/room-64-64-8_agents_250_test_12,baseline,room-64-64-8,250,12,True,46,14755,4373,3,1208,0,91.2142,0815c79fdf8e01c081055cd689adfd7e2e09e917dd6452c3b8a1dfb8682a549b,4f275d192013f78bf1eda16424693778675f7700a6e6fabc8af8fe750d13d423
Paper_orz900d_gp_5/orz900d_agents_450_test_12,restart_fast,orz900d,450,12,True,7967,380377,4801,17,408,0,7201.92,bc99ec5c40793c0eced5ec8a5248efeb07f2a3173180d98a8455d184f65effa8,83c66952c63fe1d6b38dde622bba2d5550edd823bd8ae03ffcfea82af9d575ee
Paper_random_32_32_gp_5/random-32-32-10_agents_250_test_7,restart_fast,random-32-32-10,250,7,True,13,5585,7813,7,769,0,133.71,e458e6922dfb0182217060a0a5113cdf51f4c754dcd59b635a5cf02639f04470,83c66952c63fe1d6b38dde622bba2d5550edd823bd8ae03ffcfea82af9d575ee
Paper_orz900d_gp_5/orz900d_agents_250_test_3,restart_fast,orz900d,250,3,True,4400,208413,15235,54,1330,3,4866.97,109b0af124d3749c3841a69d8c267e4f58452a1140a8b65e6723174a35c01512,83c66952c63fe1d6b38dde622bba2d5550edd823bd8ae03ffcfea82af9d575ee
Paper_symbotic_39_37_gp_5/symbotic_agents_300_test_10,baseline,symbotic,300,10,True,169,66495,5513,178,1225,0,130.257,20f6ecbb4c842ea13e0afb45593cb19ee9a3ea14c7da88059958dae367aef059,4f275d192013f78bf1eda16424693778675f7700a6e6fabc8af8fe750d13d423
Paper_orz900d_gp_5/orz900d_agents_400_test_5,baseline,orz900d,400,5,True,7688,335656,5080,10,436,0,6805.31,9f0a4ce83737eb7c118db9dba4a21fc4f65b23a56e74c37ec49e316eb653dfde,4f275d192013f78bf1eda16424693778675f7700a6e6fabc8af8fe750d13d423
Paper_orz900d_gp_5/orz900d_agents_400_test_17,restart_fast,orz900d,400,17,True,6716,344239,7321,32,446,1,6724.05,b219fa9ea1a5b4bd299e97c00aa2c57ad5db4a4710abe9b916f21cf0c9c361c2,83c66952c63fe1d6b38dde622bba2d5550edd823bd8ae03ffcfea82af9d575ee
Paper_orz900d_gp_5/orz900d_agents_450_test_1,restart_fast,orz900d,450,1,True,8154,385796,4779,23,379,0,7390.85,3052bee397eea57f851d5a120ca7ac70ed89dbb7306823d08e7d851721e8ecde,83c66952c63fe1d6b38dde622bba2d5550edd823bd8ae03ffcfea82af9d575ee
Paper_warehouse_161_63_gp_5/warehouse-10-20-10-2-1_agents_500_test_5,baseline,warehouse-10-20-10-2-1,500,5,True,251,48108,5044,23,1021,0,292.118,c47ea1900c727f2ecd5cc651e5515182f69660493ce62411074988a21dcc3563,4f275d192013f78bf1eda16424693778675f7700a6e6fabc8af8fe750d13d423
Paper_den312d_65_81_gp_5/den312d_agents_350_test_8,baseline,den312d,350,8,True,61,20896,3697,20,1089,0,100.626,8b950256c68e45805a4e290863a013393d773b9a7c6d5a3082b83369a1f0cd50,4f275d192013f78bf1eda16424693778675f7700a6e6fabc8af8fe750d13d423
Paper_warehouse_161_63_gp_5/warehouse-10-20-10-2-1_agents_350_test_15,restart_fast,warehouse-10-20-10-2-1,350,15,True,112,26799,9723,49,3198,5,390.738,7def7f537b704a58b6868c2093fe22e18497b3e3ec7f8f992544a3e07867e2a1,83c66952c63fe1d6b38dde622bba2d5550edd823bd8ae03ffcfea82af9d575ee
Paper_room_64_64_8_gp_5/room-64-64-8_agents_500_test_2,baseline,room-64-64-8,500,2,True,158,44762,5386,12,872,0,224.11,26fc5249ff4697f64a653f82525eb5ef1a5745264dd789e1fac9dadff9dd3739,4f275d192013f78bf1eda16424693778675f7700a6e6fabc8af8fe750d13d423
Paper_random_32_32_gp_5/random-32-32-10_agents_500_test_3,baseline,random-32-32-10,500,3,True,51,15818,5936,19,647,0,187.623,7cd70532f10c1fa9af9d4fe095c1d094714887777ded72602b44f5f99a07e271,4f275d192013f78bf1eda16424693778675f7700a6e6fabc8af8fe750d13d423
Paper_random_32_32_gp_5/random-32-32-10_agents_300_test_17,baseline,random-32-32-10,300,17,True,21,7590,6438,7,918,0,119.18,20d9c377e6940ba8f96e766e000e3843e8f8637dc2c32cdcbcc4ca4f75ec9404,4f275d192013f78bf1eda16424693778675f7700a6e6fabc8af8fe750d13d423
Paper_den312d_65_81_gp_5/den312d_agents_350_test_10,baseline,den312d,350,10,True,67,22805,3735,17,1105,0,106.065,ad0abd3e7d011d4e7715495f20c144af932fcc1dded604f0aef35eaf90bffaf8,4f275d192013f78bf1eda16424693778675f7700a6e6fabc8af8fe750d13d423
Paper_random_32_32_gp_5/random-32-32-10_agents_400_test_9,baseline,random-32-32-10,400,9,True,34,10751,4829,1033,860,0,131.828,41c3ceb07353ff956384cde9c5438e9518eedd80fb987e22c3ef4a7f638bd076,4f275d192013f78bf1eda16424693778675f7700a6e6fabc8af8fe750d13d423
Paper_random_32_32_gp_5/random-32-32-10_agents_350_test_6,baseline,random-32-32-10,350,6,True,27,8434,7153,8,613,0,163.76,5ecb3c55d1fb767f6ad1f9a392fd0386e4c77a96072f01fb8bd02fe580c7b292,4f275d192013f78bf1eda16424693778675f7700a6e6fabc8af8fe750d13d423
Paper_symbotic_39_37_gp_5/symbotic_agents_300_test_16,baseline,symbotic,300,16,True,239,86819,5402,61,1532,0,139.481,8418c1b7eb43457758dcd50fb94a6bfdd4947189046ed3b1b68e8b03c421bb08,4f275d192013f78bf1eda16424693778675f7700a6e6fabc8af8fe750d13d423
Paper_random_32_32_gp_5/random-32-32-10_agents_450_test_4,restart_fast,random-32-32-10,450,4,True,38,12535,21640,148,650,1,1808.21,2b0555e4f9740f67da8172eef2a2c59efb681efb939c2f21be0e94a0df061347,83c66952c63fe1d6b38dde622bba2d5550edd823bd8ae03ffcfea82af9d575ee
Paper_Boston_gp_5/Boston_0_256_agents_350_test_8,baseline,Boston_0_256,350,8,True,955,49309,5063,3,995,0,898.931,2423f04b4c7e6b31f9f08ce1ed325a6dde86a842f4927f756368ff09de67dd7f,4f275d192013f78bf1eda16424693778675f7700a6e6fabc8af8fe750d13d423
Paper_Boston_gp_5/Boston_0_256_agents_400_test_12,restart_fast,Boston_0_256,400,12,True,1168,61663,6502,4,1080,1,1263.52,b9f129bccbb8a0ce0de2bce0071089bb7646c75166f4d98050e8b09380dd583b,83c66952c63fe1d6b38dde622bba2d5550edd823bd8ae03ffcfea82af9d575ee
Paper_symbotic_39_37_gp_5/symbotic_agents_350_test_16,baseline,symbotic,350,16,True,193,84749,4078,77,1786,0,145.614,f73d68b1c274796e9b88a631bf0952d38f793f2d8c79988295a714605552b786,4f275d192013f78bf1eda16424693778675f7700a6e6fabc8af8fe750d13d423
Paper_warehouse_161_63_gp_5/warehouse-10-20-10-2-1_agents_250_test_5,baseline,warehouse-10-20-10-2-1,250,5,True,74,17690,4612,5,1173,0,119.352,04644662c5944f39f514e1419bbd99299801fca251e5acae6332ca6e35dfee37,4f275d192013f78bf1eda16424693778675f7700a6e6fabc8af8fe750d13d423
Paper_den312d_65_81_gp_5/den312d_agents_350_test_0,restart_fast,den312d,350,0,True,63,22128,6300,22,621,0,145.775,5ce6295b6d7f69c9021d32a9594a5fd31191af2d9f471410224d57156af03c08,83c66952c63fe1d6b38dde622bba2d5550edd823bd8ae03ffcfea82af9d575ee
Paper_room_64_64_8_gp_5/room-64-64-8_agents_400_test_18,restart_fast,room-64-64-8,400,18,True,81,28066,10116,19,1412,3,657.084,f41092b197f47c0352f6cf7fc3bc48f60b0c71af0e72a7da0a337805e0e44b7e,83c66952c63fe1d6b38dde622bba2d5550edd823bd8ae03ffcfea82af9d575ee
Paper_den312d_65_81_gp_5/den312d_agents_450_test_9,restart_fast,den312d,450,9,True,94,31462,20336,58,675,1,1734.27,0cd7c440ae484fd4a8e08162e941684c27cf7b6118ecc276dd077f131bfaa1ea,83c66952c63fe1d6b38dde622bba2d5550edd823bd8ae03ffcfea82af9d575ee
Paper_den312d_65_81_gp_5/den312d_agents_500_test_3,restart_fast,den312d,500,3,True,118,39200,3694,39,965,0,174.177,fca4541a105794b63e33e9797850812235fa1f8b872d48486071dc66f9001974,83c66952c63fe1d6b38dde622bba2d5550edd823bd8ae03ffcfea82af9d575ee
Paper_room_64_64_8_gp_5/room-64-64-8_agents_300_test_10,restart_fast,room-64-64-8,300,10,True,63,18654,54478,44,530,3,4113.52,bdef597e1ca73dd052abeb652b5fbdfb3322d3cb97b0fc342ea35ad437b27402,83c66952c63fe1d6b38dde622bba2d5550edd823bd8ae03ffcfea82af9d575ee
Paper_random_32_32_gp_5/random-32-32-10_agents_500_test_6,restart_fast,random-32-32-10,500,6,True,54,15890,5286,24,1318,1,206.393,0c778f00d8ad52b57634dd4fe322ed4561785d72382bdf51d9cfebdf1d10fa45,83c66952c63fe1d6b38dde622bba2d5550edd823bd8ae03ffcfea82af9d575ee
Paper_Boston_gp_5/Boston_0_256_agents_500_test_11,baseline,Boston_0_256,500,11,True,2759,75824,4257,1,522,0,2643.03,3116ea9ea21a8027b465772237192e2c9ada19d95a34f4b40025dddd40a6202b,4f275d192013f78bf1eda16424693778675f7700a6e6fabc8af8fe750d13d423
Paper_den312d_65_81_gp_5/den312d_agents_250_test_9,restart_fast,den312d,250,9,True,37,14341,34671,50,1460,3,1173.36,9c5d1fefe8a16cf853d8d956ba7175cc5825b53e0426ff730e56a96a0da068c9,83c66952c63fe1d6b38dde622bba2d5550edd823bd8ae03ffcfea82af9d575ee
Paper_symbotic_39_37_gp_5/symbotic_agents_350_test_18,restart_fast,symbotic,350,18,True,354,181482,6889,76,1231,0,199.183,ffd17d8dcdd3c1ea7ef225e1378c56cddf0efc7cbe8357749f71c0edc7296252,83c66952c63fe1d6b38dde622bba2d5550edd823bd8ae03ffcfea82af9d575ee
Paper_room_64_64_8_gp_5/room-64-64-8_agents_250_test_5,baseline,room-64-64-8,250,5,True,48,14702,4773,5,1112,0,94.0746,dd2c45e7eb2191956e3c59204279f35aa01c9f2dda69e263576c828e9b297bbe,4f275d192013f78bf1eda16424693778675f7700a6e6fabc8af8fe750d13d423
Paper_random_32_32_gp_5/random-32-32-10_agents_450_test_3,restart_fast,random-32-32-10,450,3,True,37,12659,7475,32,896,1,224.314,9318f421c61ad380355f1b08e7bfc940840d83c3cbfb1a62c45704ddc359984a,83c66952c63fe1d6b38dde622bba2d5550edd823bd8ae03ffcfea82af9d575ee
Paper_warehouse_161_63_gp_5/warehouse-10-20-10-2-1_agents_350_test_14,restart_fast,warehouse-10-20-10-2-1,350,14,True,124,29575,6106,20,1299,1,220.271,702330378c295363a5f2dbab19fedefa9b7b9c2611187f95402514e6fc54951c,83c66952c63fe1d6b38dde622bba2d5550edd823bd8ae03ffcfea82af9d575ee
Paper_Boston_gp_5/Boston_0_256_agents_500_test_18,baseline,Boston_0_256,500,18,True,2539,72891,2974,2,960,0,2374.92,16faf6bef0793f9d9e1bc0bb37692d2476cf4fb223599b4ad9f64d48d742796f,4f275d192013f78bf1eda16424693778675f7700a6e6fabc8af8fe750d13d423
Paper_maze_32_32_2_gp_5/maze-32-32-2_agents_450_test_10,baseline,maze-32-32-2,450,10,False,0,0,43818,855,20523,0,869.393,382b7bbf01c54cdb4907709179e9b0b9cdd9a1b5db90adf11909c36de4a600f6,4f275d192013f78bf1eda16424693778675f7700a6e6fabc8af8fe750d13d423
Paper_maze_32_32_2_gp_5/maze-32-32-2_agents_450_test_2,baseline,maze-32-32-2,450,2,True,1059,134213,6027,115,4323,0,223.671,8962637d02b5811f2e5c56a72103d767374816e5b8ab3a806faa2469ffc8921a,4f275d192013f78bf1eda16424693778675f7700a6e6fabc8af8fe750d13d423
Paper_Boston_gp_5/Boston_0_256_agents_500_test_16,restart_fast,Boston_0_256,500,16,True,2751,77236,4029,3,459,0,2646.69,315bbd4ba53ab79c710881f109fbeddb9e5090c3205eeb943555c3f2479fdcef,83c66952c63fe1d6b38dde622bba2d5550edd823bd8ae03ffcfea82af9d575ee
Paper_Boston_gp_5/Boston_0_256_agents_350_test_7,restart_fast,Boston_0_256,350,7,True,1138,48917,4204,1,863,0,1070.4,f066099e318647acf6ed065e29aa6dc1c4ee13c4826c8c66e0ebbe2e59c94198,83c66952c63fe1d6b38dde622bba2d5550edd823bd8ae03ffcfea82af9d575ee
Paper_room_64_64_8_gp_5/room-64-64-8_agents_350_test_18,restart_fast,room-64-64-8,350,18,True,72,22764,4883,8,1293,1,162.862,51def7885c1becafec32f91cbca0533219b796cc43d250c8cb18cff9b69432fa,83c66952c63fe1d6b38dde622bba2d5550edd823bd8ae03ffcfea82af9d575ee
Paper_den312d_65_81_gp_5/den312d_agents_300_test_6,baseline,den312d,300,6,True,45,16802,5104,13,1102,0,112.306,3a29c8b1a0f079e7100ec4711e80270088383acbe4deba232abb5a63f170c071,4f275d192013f78bf1eda16424693778675f7700a6e6fabc8af8fe750d13d423
Paper_room_64_64_8_gp_5/room-64-64-8_agents_500_test_4,restart_fast,room-64-64-8,500,4,True,137,42806,5733,14,757,0,245.897,e67779212313b802f0cf445c52d136b0828d7e34fcba2873d493059b0d8bac22,83c66952c63fe1d6b38dde622bba2d5550edd823bd8ae03ffcfea82af9d575ee
Paper_symbotic_39_37_gp_5/symbotic_agents_250_test_2,restart_fast,symbotic,250,2,True,39,20972,9363,1073,2371,3,234.778,342a8588d2b742e3e73d14878424e0678aaed7c92a3b494814b049c71776700e,83c66952c63fe1d6b38dde622bba2d5550edd823bd8ae03ffcfea82af9d575ee
Paper_room_64_64_8_gp_5/room-64-64-8_agents_350_test_7,restart_fast,room-64-64-8,350,7,True,100,23263,5350,6,849,0,166.251,da48a20eb3341f67280725d24f7cd950d76e021aa30f842af482ccbc143b13df,83c66952c63fe1d6b38dde622bba2d5550edd823bd8ae03ffcfea82af9d575ee
Paper_symbotic_39_37_gp_5/symbotic_agents_500_test_13,restart_fast,symbotic,500,13,False,0,0,33114,24688,1389,1,4235.21,36536e6ed568eabd0dab3a56f47bb013b02c4a7aa6de3a0a6ea40bed258e413b,83c66952c63fe1d6b38dde622bba2d5550edd823bd8ae03ffcfea82af9d575ee
Paper_warehouse_161_63_gp_5/warehouse-10-20-10-2-1_agents_350_test_12,baseline,warehouse-10-20-10-2-1,350,12,True,128,30993,5064,6,1334,0,181.703,a18b40877e89bdd2cad0dd5fe1c882db86d50c0bf9458deb19a7fb55793cc3cb,4f275d192013f78bf1eda16424693778675f7700a6e6fabc8af8fe750d13d423
Paper_Boston_gp_5/Boston_0_256_agents_400_test_18,restart_fast,Boston_0_256,400,18,True,1731,60317,4388,3,925,0,1631.89,115fa16c3976b5eb90fea109c250522e1fc94958214fbc827d308331ef73261d,83c66952c63fe1d6b38dde622bba2d5550edd823bd8ae03ffcfea82af9d575ee
Paper_random_32_32_gp_5/random-32-32-10_agents_300_test_1,restart_fast,random-32-32-10,300,1,True,17,6504,15243,35,1372,3,937.645,acc79f9dee791b5cdbb6ab104c23ac5d04f00d1d229e0a9e57179ca9b439da14,83c66952c63fe1d6b38dde622bba2d5550edd823bd8ae03ffcfea82af9d575ee
Paper_Boston_gp_5/Boston_0_256_agents_500_test_8,restart_fast,Boston_0_256,500,8,True,2972,81123,9031,2,199,0,3045.12,c52aba5aad3e8f9ed1afb2e91b46fb8c1fb0a9677abfde937b9f9d364dd5143c,83c66952c63fe1d6b38dde622bba2d5550edd823bd8ae03ffcfea82af9d575ee
Paper_symbotic_39_37_gp_5/symbotic_agents_300_test_14,restart_fast,symbotic,300,14,True,193,43515,5427,430,1857,1,168.076,279c8d2e20b48d602b92086be589fed0fc33efb840a8ec9dc463cc24cf22268a,83c66952c63fe1d6b38dde622bba2d5550edd823bd8ae03ffcfea82af9d575ee
Paper_symbotic_39_37_gp_5/symbotic_agents_350_test_19,restart_fast,symbotic,350,19,True,125,66678,20099,97,616,1,1194.37,192423eca978c0ea655a94cd2bb11fddfddcc8a1686154ef999595f268403826,83c66952c63fe1d6b38dde622bba2d5550edd823bd8ae03ffcfea82af9d575ee
Paper_maze_32_32_2_gp_5/maze-32-32-2_agents_450_test_13,restart_fast,maze-32-32-2,450,13,True,8716,79789,32129,2226,19061,18,2090.94,e28374c8c102e977826b12dd822575e6a2f505dc73e979e64a6bf12831cd0502,83c66952c63fe1d6b38dde622bba2d5550edd823bd8ae03ffcfea82af9d575ee
Paper_room_64_64_8_gp_5/room-64-64-8_agents_450_test_12,restart_fast,room-64-64-8,450,12,True,112,33984,22421,32,657,2,2975.48,e38713c79bc755816a79a9c9acc732a068e3636b17946e3a3b642ab33fef490e,83c66952c63fe1d6b38dde622bba2d5550edd823bd8ae03ffcfea82af9d575ee
Paper_orz900d_gp_5/orz900d_agents_500_test_18,baseline,orz900d,500,18,True,8577,434744,3832,24,228,0,7507.36,70a8c4f24dd802398280913dadd25ff15ea878af27563efe639075a2e64a9cad,4f275d192013f78bf1eda16424693778675f7700a6e6fabc8af8fe750d13d423
Paper_random_32_32_gp_5/random-32-32-10_agents_500_test_0,restart_fast,random-32-32-10,500,0,True,50,15603,4903,18,754,0,179.622,3ef4308fb1a2baf222df63291bbc06a02fe722dd1250788031db59d41825fb8b,83c66952c63fe1d6b38dde622bba2d5550edd823bd8ae03ffcfea82af9d575ee
Paper_random_32_32_gp_5/random-32-32-10_agents_350_test_14,restart_fast,random-32-32-10,350,14,True,36,9063,7477,20,1258,1,225.128,0f49da83806bdf4f9c1399437c97e4b4b5efa611c371d4a3fb7ca4799f6ab4de,83c66952c63fe1d6b38dde622bba2d5550edd823bd8ae03ffcfea82af9d575ee
Paper_orz900d_gp_5/orz900d_agents_250_test_19,restart_fast,orz900d,250,19,True,4512,182199,6666,9,961,0,4116.76,12e9ae5d29b18ae11546eaae22179c579af61e8f537e4ee274823d91e9ee4845,83c66952c63fe1d6b38dde622bba2d5550edd823bd8ae03ffcfea82af9d575ee
Paper_Boston_gp_5/Boston_0_256_agents_250_test_5,restart_fast,Boston_0_256,250,5,True,1763,37309,7008,1,1777,1,1778.1,9ca293c91e948472a63ddcafe9022bfd0669283452fa1575311d6dc13f3474b5,83c66952c63fe1d6b38dde622bba2d5550edd823bd8ae03ffcfea82af9d575ee
Paper_random_32_32_gp_5/random-32-32-10_agents_400_test_13,baseline,random-32-32-10,400,13,True,36,11077,5761,13,859,0,143.464,5bacd23ea8ada98ff316f26ca0ac6019aae41578f6065379bf7d8201d9bfa72d,4f275d192013f78bf1eda16424693778675f7700a6e6fabc8af8fe750d13d423
Paper_maze_32_32_2_gp_5/maze-32-32-2_agents_300_test_19,baseline,maze-32-32-2,300,19,True,53,31955,4720,71,1381,0,120.657,385855f0f39cd7a9cf0946421186bf45c717ffc8102089ddc50aa2288d8c2aed,4f275d192013f78bf1eda16424693778675f7700a6e6fabc8af8fe750d13d423
Paper_orz900d_gp_5/orz900d_agents_450_test_17,baseline,orz900d,450,17,True,7429,406966,5084,11,623,0,6539.24,01fb90adc65bd2749350966fa565a26a2fb7427a91f2da55305a66054c02b333,4f275d192013f78bf1eda16424693778675f7700a6e6fabc8af8fe750d13d423
Paper_maze_32_32_2_gp_5/maze-32-32-2_agents_300_test_5,restart_fast,maze-32-32-2,300,5,True,53,34397,8976,108,1544,1,205.319,9560214dfe775ecbd7cc3308a7d54486dde76474e69bf1b324935c5c3c94a989,83c66952c63fe1d6b38dde622bba2d5550edd823bd8ae03ffcfea82af9d575ee
Paper_room_64_64_8_gp_5/room-64-64-8_agents_300_test_7,restart_fast,room-64-64-8,300,7,True,54,17567,50349,12,548,1,4493.39,8136ed187f0e621beee482dae772c28c16b938a7dc16f81b138c45ad5559a180,83c66952c63fe1d6b38dde622bba2d5550edd823bd8ae03ffcfea82af9d575ee
Paper_warehouse_161_63_gp_5/warehouse-10-20-10-2-1_agents_500_test_1,baseline,warehouse-10-20-10-2-1,500,1,True,219,47332,4656,28,872,0,243.031,52d8a9dba70b4b058033de8e0143b54a7d737e74436d9fe48c7a1943633f5875,4f275d192013f78bf1eda16424693778675f7700a6e6fabc8af8fe750d13d423
Paper_room_64_64_8_gp_5/room-64-64-8_agents_300_test_2,baseline,room-64-64-8,300,2,True,62,18399,5792,9,1188,0,130.961,661110e485aa2c6a7ca0cfbf56c82655eee322be45017c206c3c9e3449549416,4f275d192013f78bf1eda16424693778675f7700a6e6fabc8af8fe750d13d423
Paper_maze_32_32_2_gp_5/maze-32-32-2_agents_350_test_3,baseline,maze-32-32-2,350,3,True,76,43166,5417,80,922,0,148.444,6eb0bb430e49a9f80b3a9248c81595c539d07a570e666649dbd57a1dfab6a8d5,4f275d192013f78bf1eda16424693778675f7700a6e6fabc8af8fe750d13d423
Paper_den312d_65_81_gp_5/den312d_agents_350_test_10,restart_fast,den312d,350,10,True,60,22787,23701,79,1552,3,2069.07,ad0abd3e7d011d4e7715495f20c144af932fcc1dded604f0aef35eaf90bffaf8,83c66952c63fe1d6b38dde622bba2d5550edd823bd8ae03ffcfea82af9d575ee
Paper_maze_32_32_2_gp_5/maze-32-32-2_agents_450_test_7,baseline,maze-32-32-2,450,7,False,0,0,45675,355,9024,0,1437.35,c41c7ecd17721e9dfad5a72ca328af3958a00dd423b54521535d834b2f390d9a,4f275d192013f78bf1eda16424693778675f7700a6e6fabc8af8fe750d13d423
Paper_warehouse_161_63_gp_5/warehouse-10-20-10-2-1_agents_250_test_14,restart_fast,warehouse-10-20-10-2-1,250,14,True,67,19127,5874,2,1113,0,141.51,45994c8f700bb630d4d8ee712c9f3e1e35f1c85771f161504278e683d71413f3,83c66952c63fe1d6b38dde622bba2d5550edd823bd8ae03ffcfea82af9d575ee
Paper_room_64_64_8_gp_5/room-64-64-8_agents_250_test_16,restart_fast,room-64-64-8,250,16,True,42,14133,55745,12842,223,1,4988.37,63bf1c8f9112721e7cc440d764e4ef8fcff2539032c1305c23bc6f82a6d50064,83c66952c63fe1d6b38dde622bba2d5550edd823bd8ae03ffcfea82af9d575ee
Paper_warehouse_161_63_gp_5/warehouse-10-20-10-2-1_agents_350_test_18,baseline,warehouse-10-20-10-2-1,350,18,True,121,26577,5003,6,997,0,166.991,e406c044adf9d8018de9d57eb9cb0fa968be9806020ac3daac0b0cf829bc8da0,4f275d192013f78bf1eda16424693778675f7700a6e6fabc8af8fe750d13d423
Paper_Boston_gp_5/Boston_0_256_agents_300_test_16,restart_fast,Boston_0_256,300,16,True,1040,44454,5528,2,1101,0,1008.11,56d16db17f35bd03f3a3630b9f9e736a920e60a4affb464025d6a91f94399508,83c66952c63fe1d6b38dde622bba2d5550edd823bd8ae03ffcfea82af9d575ee
Paper_den312d_65_81_gp_5/den312d_agents_250_test_3,restart_fast,den312d,250,3,True,33,14039,9699,32,1337,1,201.86,e7305c6d76b0b6af86b10ab5997c77389ef5f5b83e1a1350695b59ab757470ca,83c66952c63fe1d6b38dde622bba2d5550edd823bd8ae03ffcfea82af9d575ee
Paper_den312d_65_81_gp_5/den312d_agents_400_test_7,restart_fast,den312d,400,7,True,74,24476,16395,44,208,1,1097.52,e5dc7abc844af71e5cd9241ea09dc5e3cc9938544099c701cf1ff55080ca4f99,83c66952c63fe1d6b38dde622bba2d5550edd823bd8ae03ffcfea82af9d575ee
Paper_Boston_gp_5/Boston_0_256_agents_350_test_5,restart_fast,Boston_0_256,350,5,True,660,53387,27288,1,1261,2,2395.52,65cf67501345bfd289f410056e2e291ff0b8c19af2b1cd64bb62dc6b857977a2,83c66952c63fe1d6b38dde622bba2d5550edd823bd8ae03ffcfea82af9d575ee
Paper_random_32_32_gp_5/random-32-32-10_agents_350_test_12,restart_fast,random-32-32-10,350,12,True,22,8502,24737,25,395,1,1766.93,264e00bf7dfff2357a0efc00f519836a5c32e59b7c0c9c126f3d10d6f1dd1362,83c66952c63fe1d6b38dde622bba2d5550edd823bd8ae03ffcfea82af9d575ee
Paper_maze_32_32_2_gp_5/maze-32-32-2_agents_400_test_2,restart_fast,maze-32-32-2,400,2,True,3200,69196,20427,722,9191,7,1411.7,820dd22d524126def09573244a93914d0bdfd12ce1a9fda2b099574f5eff0995,83c66952c63fe1d6b38dde622bba2d5550edd823bd8ae03ffcfea82af9d575ee
Paper_warehouse_161_63_gp_5/warehouse-10-20-10-2-1_agents_450_test_17,restart_fast,warehouse-10-20-10-2-1,450,17,True,156,40769,6116,71,1145,0,238.495,f331e85139f40192d7cc86bfdd6fd816f292a3092c76338c4d32b38d6f22757d,83c66952c63fe1d6b38dde622bba2d5550edd823bd8ae03ffcfea82af9d575ee
Paper_maze_32_32_2_gp_5/maze-32-32-2_agents_350_test_1,baseline,maze-32-32-2,350,1,True,77,42790,4390,78,1590,0,126.57,c1b41be91b24085de9016ac514dd1707450b0f372e24bef81958349599e9dde6,4f275d192013f78bf1eda16424693778675f7700a6e6fabc8af8fe750d13d423
Paper_den312d_65_81_gp_5/den312d_agents_300_test_7,restart_fast,den312d,300,7,True,51,18866,54838,39,486,1,3340.87,e8fcffa0dda83188dd594511d086c349a4c023ec580b0298bd2e17783ff44591,83c66952c63fe1d6b38dde622bba2d5550edd823bd8ae03ffcfea82af9d575ee
Paper_orz900d_gp_5/orz900d_agents_250_test_17,baseline,orz900d,250,17,True,4005,195606,6725,6,1564,0,3618.85,1a5564fe856f3df3bbf8e346cde65c9bcf88e5534dfacb4b95a4799f54d6994d,4f275d192013f78bf1eda16424693778675f7700a6e6fabc8af8fe750d13d423
Paper_Boston_gp_5/Boston_0_256_agents_450_test_1,baseline,Boston_0_256,450,1,True,1414,66472,7958,2,486,0,1494.11,10a30f49bf028429a6ea430329d84a2c3960a74b21a4812354be6139c73c2015,4f275d192013f78bf1eda16424693778675f7700a6e6fabc8af8fe750d13d423
Paper_maze_32_32_2_gp_5/maze-32-32-2_agents_250_test_18,restart_fast,maze-32-32-2,250,18,True,29,19636,47158,1842,1011,2,2220.09,4bb056e8ddbadbd6890de48fe916244c0d922b7530e64c760d9af14ec7cf8721,83c66952c63fe1d6b38dde622bba2d5550edd823bd8ae03ffcfea82af9d575ee
Paper_Boston_gp_5/Boston_0_256_agents_400_test_13,baseline,Boston_0_256,400,13,True,1964,61600,13229,2,229,0,2116.26,282eb9af2f754f778084fbf5e72bc3d8fd017370bc155916f2d84a585b3f6bdb,4f275d192013f78bf1eda16424693778675f7700a6e6fabc8af8fe750d13d423
Paper_Boston_gp_5/Boston_0_256_agents_300_test_4,baseline,Boston_0_256,300,4,True,683,42317,11741,2,388,0,838.003,42f7c9b1b2a5d50aef7d7e9d8e2d7033350cf174f4e22f91d4385b44de9d0d10,4f275d192013f78bf1eda16424693778675f7700a6e6fabc8af8fe750d13d423
Paper_warehouse_161_63_gp_5/warehouse-10-20-10-2-1_agents_400_test_2,restart_fast,warehouse-10-20-10-2-1,400,2,True,142,35941,5243,10,976,0,209.619,5da8e4f3c1c1cc61cd9028baa03920a1d5f5a6b48be91af8632d8856731926b8,83c66952c63fe1d6b38dde622bba2d5550edd823bd8ae03ffcfea82af9d575ee
Paper_random_32_32_gp_5/random-32-32-10_agents_300_test_6,restart_fast,random-32-32-10,300,6,True,16,6763,8219,4,673,0,132.387,952a33952f2bb75141b01aa2814e4e2682ffcb1e0dcbba92326e7fb5fa5cb8f9,83c66952c63fe1d6b38dde622bba2d5550edd823bd8ae03ffcfea82af9d575ee
Paper_orz900d_gp_5/orz900d_agents_300_test_11,restart_fast,orz900d,300,11,True,4703,230999,12332,34,1021,2,4961.01,70af9646b4647ba7060457e87de7c1f2e77b817be54686f654da09312a18d0df,83c66952c63fe1d6b38dde622bba2d5550edd823bd8ae03ffcfea82af9d575ee
Paper_den312d_65_81_gp_5/den312d_agents_500_test_6,restart_fast,den312d,500,6,True,113,37756,5286,29,1006,0,203.588,1b345717df4417feebedb424d2c5ad32941da6b411674c857692e9358b038c4c,83c66952c63fe1d6b38dde622bba2d5550edd823bd8ae03ffcfea82af9d575ee
Paper_den312d_65_81_gp_5/den312d_agents_400_test_17,baseline,den312d,400,17,True,79,26487,4752,209,970,0,144.585,edc8b9277195eace01ff4b2ef844b8318123ca18b5949b3bf1afd495369c6cca,4f275d192013f78bf1eda16424693778675f7700a6e6fabc8af8fe750d13d423
Paper_symbotic_39_37_gp_5/symbotic_agents_450_test_13,baseline,symbotic,450,13,False,0,0,45609,22300,6267,0,2065.29,e55fa06c8f0af3d8c16474a07b52ac87372d5fbefd3a3a68201d185a23031f50,4f275d192013f78bf1eda16424693778675f7700a6e6fabc8af8fe750d13d423
Paper_random_32_32_gp_5/random-32-32-10_agents_450_test_1,restart_fast,random-32-32-10,450,1,True,38,12950,21860,201,400,1,3892.46,53cc7a8d5d2fb41cace8b19543ae648fdc28f92048f8854c230d0671efcd101a,83c66952c63fe1d6b38dde622bba2d5550edd823bd8ae03ffcfea82af9d575ee
Paper_warehouse_161_63_gp_5/warehouse-10-20-10-2-1_agents_300_test_11,baseline,warehouse-10-20-10-2-1,300,11,True,101,22559,4743,7,1111,0,150.528,861c560bb210bbe54c15ea4374ad5da9a2cf54f23f0a34e3d96cbb19c85eaf5c,4f275d192013f78bf1eda16424693778675f7700a6e6fabc8af8fe750d13d423
Paper_warehouse_161_63_gp_5/warehouse-10-20-10-2-1_agents_400_test_8,restart_fast,warehouse-10-20-10-2-1,400,8,True,227,34202,2924,20,1590,1,222.376,6a2379791fac2ead8c0fa03de4d670797d0af04ffd32d8761499a11e89f6f601,83c66952c63fe1d6b38dde622bba2d5550edd823bd8ae03ffcfea82af9d575ee
Paper_room_64_64_8_gp_5/room-64-64-8_agents_400_test_13,baseline,room-64-64-8,400,13,True,101,32518,5242,9,986,0,164.662,89504cc5151aa5f0fc5a265a3308271380e37fc62545d82c139cb06ae96f675f,4f275d192013f78bf1eda16424693778675f7700a6e6fabc8af8fe750d13d423
Paper_orz900d_gp_5/orz900d_agents_300_test_6,restart_fast,orz900d,300,6,True,4464,239410,6822,15,815,0,4078.19,772420851448334e5abd534a09171b0f37bc75411c21f3d0eead705cb733b27e,83c66952c63fe1d6b38dde622bba2d5550edd823bd8ae03ffcfea82af9d575ee
Paper_maze_32_32_2_gp_5/maze-32-32-2_agents_300_test_16,restart_fast,maze-32-32-2,300,16,True,48,31161,8178,122,1418,1,224.016,cfeffcf8885b11c3b2efdaec817cedbfbbd8c11ff59d51746fdabed24c084c40,83c66952c63fe1d6b38dde622bba2d5550edd823bd8ae03ffcfea82af9d575ee
Paper_maze_32_32_2_gp_5/maze-32-32-2_agents_500_test_16,baseline,maze-32-32-2,500,16,False,0,0,7580,864,11522,0,274.583,a1293c5561714ee52103e2cd1e5f63a86dd3cc342f6e25acb0e97dde6ddc50b0,4f275d192013f78bf1eda16424693778675f7700a6e6fabc8af8fe750d13d423
Paper_warehouse_161_63_gp_5/warehouse-10-20-10-2-1_agents_400_test_17,restart_fast,warehouse-10-20-10-2-1,400,17,True,151,38314,6839,30,1600,1,292.046,d7965ee6b85466a37fac76742c573e857663bb578941792b92f4b2dd58089e1c,83c66952c63fe1d6b38dde622bba2d5550edd823bd8ae03ffcfea82af9d575ee
Paper_orz900d_gp_5/orz900d_agents_350_test_3,restart_fast,orz900d,350,3,True,3814,311014,11267,26,1298,1,3825.4,579377e07d550fcd7efcc1fccff72e458b3339505450cac80d8e3e286f39334f,83c66952c63fe1d6b38dde622bba2d5550edd823bd8ae03ffcfea82af9d575ee
Paper_warehouse_161_63_gp_5/warehouse-10-20-10-2-1_agents_250_test_16,restart_fast,warehouse-10-20-10-2-1,250,16,True,73,18763,5352,6,1398,0,132.092,961444c22e764e6ab834f032ae663ed3df3c0b3653044a4a27f6bd27ac87faaa,83c66952c63fe1d6b38dde622bba2d5550edd823bd8ae03ffcfea82af9d575ee
Paper_Boston_gp_5/Boston_0_256_agents_500_test_15,restart_fast,Boston_0_256,500,15,True,1835,77512,5042,0,1044,0,1749.14,6e00ea9efcc14d1ee409c037050b5d192280e35851f6cb234d68aa2f223ac875,83c66952c63fe1d6b38dde622bba2d5550edd823bd8ae03ffcfea82af9d575ee
Paper_orz900d_gp_5/orz900d_agents_500_test_12,restart_fast,orz900d,500,12,True,5987,416643,5058,36,522,0,5149.66,02674876286abcdea3566f1b00515775691c5dd65367724e8818f93a1a8602f5,83c66952c63fe1d6b38dde622bba2d5550edd823bd8ae03ffcfea82af9d575ee
Paper_Boston_gp_5/Boston_0_256_agents_250_test_10,baseline,Boston_0_256,250,10,True,1993,34826,4835,1,997,0,1940.27,9bfb9e15523f1ef61edc5ba319a26dcf7fdf0b04968ae4c21af0bd5512edef65,4f275d192013f78bf1eda16424693778675f7700a6e6fabc8af8fe750d13d423
Paper_warehouse_161_63_gp_5/warehouse-10-20-10-2-1_agents_500_test_0,restart_fast,warehouse-10-20-10-2-1,500,0,True,193,49258,5495,46,972,1,333.464,5b349fb50291dbc7ec913fa7af6255a68c63b9468d510b54bcb5cb8f9084c618,83c66952c63fe1d6b38dde622bba2d5550edd823bd8ae03ffcfea82af9d575ee
Paper_room_64_64_8_gp_5/room-64-64-8_agents_400_test_11,baseline,room-64-64-8,400,11,True,97,28420,13482,12,259,0,467.442,d66a6ac713071d65b87d55f1ec831c0f0451284b3850bce842889af9266512e6,4f275d192013f78bf1eda16424693778675f7700a6e6fabc8af8fe750d13d423
Paper_symbotic_39_37_gp_5/symbotic_agents_450_test_5,restart_fast,symbotic,450,5,False,0,0,52476,11073,52,0,2476.82,756f69963250a924e46e43d06c60e50722e9d148567eb62605856b37acd10916,83c66952c63fe1d6b38dde622bba2d5550edd823bd8ae03ffcfea82af9d575ee
Paper_random_32_32_gp_5/random-32-32-10_agents_250_test_1,restart_fast,random-32-32-10,250,1,True,13,5176,52440,1404,87,1,3683.98,3b065b0750bb6f86560caa524a975df724ed4fe108a1ac07a282a6ef3545861f,83c66952c63fe1d6b38dde622bba2d5550edd823bd8ae03ffcfea82af9d575ee
Paper_orz900d_gp_5/orz900d_agents_450_test_9,baseline,orz900d,450,9,True,8001,391335,3932,18,287,0,7138.61,6ff05973fe973633a9a3d46889d25dfaec583dd57e0e4a4ee9320d3981a54459,4f275d192013f78bf1eda16424693778675f7700a6e6fabc8af8fe750d13d423
Paper_symbotic_39_37_gp_5/symbotic_agents_250_test_0,restart_fast,symbotic,250,0,True,42,21241,31681,82,1614,3,1874.84,79048ba27ede2a12084659c35715d6f9f43b3e8353451e3c1efeb61d9e337700,83c66952c63fe1d6b38dde622bba2d5550edd823bd8ae03ffcfea82af9d575ee
Paper_symbotic_39_37_gp_5/symbotic_agents_450_test_17,baseline,symbotic,450,17,False,0,0,38154,36964,2034,0,3280.43,f3c586106156f761a578ddc5bc48fac311fc7d8dbc327025ed0942c336726ac6,4f275d192013f78bf1eda16424693778675f7700a6e6fabc8af8fe750d13d423
Paper_orz900d_gp_5/orz900d_agents_450_test_1,baseline,orz900d,450,1,True,7950,385796,4701,23,354,0,7099.65,3052bee397eea57f851d5a120ca7ac70ed89dbb7306823d08e7d851721e8ecde,4f275d192013f78bf1eda16424693778675f7700a6e6fabc8af8fe750d13d423
Paper_symbotic_39_37_gp_5/symbotic_agents_450_test_6,restart_fast,symbotic,450,6,True,789,514797,7638,470,1037,0,446.17,c0e994a9a719be438714b783dd8e2af06cdccf51a2fe068bf7c039ead817cca2,83c66952c63fe1d6b38dde622bba2d5550edd823bd8ae03ffcfea82af9d575ee
Paper_symbotic_39_37_gp_5/symbotic_agents_450_test_8,restart_fast,symbotic,450,8,True,696,277477,19734,3502,1035,3,2318.76,43438b3b17a791883856fdeb4258b0f6f5b9e4060058bc261fda2b56eb70a29e,83c66952c63fe1d6b38dde622bba2d5550edd823bd8ae03ffcfea82af9d575ee
Paper_warehouse_161_63_gp_5/warehouse-10-20-10-2-1_agents_500_test_18,baseline,warehouse-10-20-10-2-1,500,18,True,207,45746,4964,15,893,0,255.053,908c2e67ab75e51107bb2ed6684da4643171c2a588394532396e1d2777d2d174,4f275d192013f78bf1eda16424693778675f7700a6e6fabc8af8fe750d13d423
Paper_maze_32_32_2_gp_5/maze-32-32-2_agents_250_test_8,baseline,maze-32-32-2,250,8,True,38,26293,5573,39,1413,0,109.249,59db299fe89ba7fc799b97e9c9b2639d9d835bdd61e733a37a469265ab881cd7,4f275d192013f78bf1eda16424693778675f7700a6e6fabc8af8fe750d13d423
Paper_orz900d_gp_5/orz900d_agents_450_test_11,restart_fast,orz900d,450,11,True,7296,388091,5695,17,503,0,6631.51,67b2a32cac4d521593334804971aa90b9030fcbe2c2cc3c03e8c95b7ef67eee5,83c66952c63fe1d6b38dde622bba2d5550edd823bd8ae03ffcfea82af9d575ee
Paper_den312d_65_81_gp_5/den312d_agents_300_test_1,restart_fast,den312d,300,1,True,46,19788,7783,21,878,0,134.413,92f9e9edcb8ca462e6b498ede0b05b15a60f2976d4d058101c1f361e21686216,83c66952c63fe1d6b38dde622bba2d5550edd823bd8ae03ffcfea82af9d575ee
Paper_warehouse_161_63_gp_5/warehouse-10-20-10-2-1_agents_300_test_2,baseline,warehouse-10-20-10-2-1,300,2,True,102,23999,3775,4,1358,0,129.601,0e33c3086df4aaaa4ef6c4af6bc0ef438079715f435a98c3d3ce8f460585836c,4f275d192013f78bf1eda16424693778675f7700a6e6fabc8af8fe750d13d423
Paper_room_64_64_8_gp_5/room-64-64-8_agents_500_test_5,restart_fast,room-64-64-8,500,5,True,137,40989,5104,11,829,0,207.777,52c097655943a240ac22cac804635ee1b1fe6010e500396107bcfbefa31057fa,83c66952c63fe1d6b38dde622bba2d5550edd823bd8ae03ffcfea82af9d575ee
Paper_Boston_gp_5/Boston_0_256_agents_250_test_5,baseline,Boston_0_256,250,5,True,1782,37558,4208,1,1194,0,1717.5,9ca293c91e948472a63ddcafe9022bfd0669283452fa1575311d6dc13f3474b5,4f275d192013f78bf1eda16424693778675f7700a6e6fabc8af8fe750d13d423
Paper_random_32_32_gp_5/random-32-32-10_agents_500_test_11,baseline,random-32-32-10,500,11,True,81,15860,6938,17,729,0,243.24,521a5708634aaf1ea3d766a7c9a1103cfb4655569d49bdc7bff6fc71fba4c028,4f275d192013f78bf1eda16424693778675f7700a6e6fabc8af8fe750d13d423
Paper_random_32_32_gp_5/random-32-32-10_agents_250_test_9,baseline,random-32-32-10,250,9,True,14,5845,6530,5,941,0,117.589,cda165a62a67facbb18c8d2ce8d842bb049a0be90cdd7aa5e3a4775b8fc88a5c,4f275d192013f78bf1eda16424693778675f7700a6e6fabc8af8fe750d13d423
Paper_maze_32_32_2_gp_5/maze-32-32-2_agents_450_test_15,restart_fast,maze-32-32-2,450,15,True,383,91776,7157,225,1057,1,380.508,cfea0a2bf6732da432a5182edecdda95658eb2abbc757a172078edc3d3ee1f86,83c66952c63fe1d6b38dde622bba2d5550edd823bd8ae03ffcfea82af9d575ee
Paper_random_32_32_gp_5/random-32-32-10_agents_500_test_19,restart_fast,random-32-32-10,500,19,True,50,15903,6559,20,652,0,233.73,fbe85c1343e34b970a35c4529cc66faeb9bf2c3d22d0a8953342d59ffb62cdda,83c66952c63fe1d6b38dde622bba2d5550edd823bd8ae03ffcfea82af9d575ee
Paper_room_64_64_8_gp_5/room-64-64-8_agents_300_test_12,restart_fast,room-64-64-8,300,12,True,50,19788,7602,8,1448,1,167.979,56fac27917796b055c0f0a9858357ece81e9afb2f0ae1c2a99da4c3d94ffce87,83c66952c63fe1d6b38dde622bba2d5550edd823bd8ae03ffcfea82af9d575ee
Paper_symbotic_39_37_gp_5/symbotic_agents_250_test_15,baseline,symbotic,250,15,True,40,21650,5850,29,1144,0,113.668,ecbc6ae16bb4ccf70d04e7039a68c411793e22492ab906908908da97d5e44a86,4f275d192013f78bf1eda16424693778675f7700a6e6fabc8af8fe750d13d423
Paper_den312d_65_81_gp_5/den312d_agents_350_test_4,restart_fast,den312d,350,4,True,60,20320,6802,32,1209,1,171.431,e9e66a5766d43ded4e4ecfb043f0a92130a33f27eb90023a7822b6a217742b33,83c66952c63fe1d6b38dde622bba2d5550edd823bd8ae03ffcfea82af9d575ee
Paper_warehouse_161_63_gp_5/warehouse-10-20-10-2-1_agents_400_test_10,restart_fast,warehouse-10-20-10-2-1,400,10,True,139,34145,3684,7,1210,0,165.025,db29eb1f9731ea726818a60d2feaaf89ef1ea964bd556292d97e2da6487634a0,83c66952c63fe1d6b38dde622bba2d5550edd823bd8ae03ffcfea82af9d575ee
Paper_Boston_gp_5/Boston_0_256_agents_450_test_14,baseline,Boston_0_256,450,14,True,1229,67935,5149,1,1067,0,1141.57,c4571a30429c6a4271e11efc77cc14b8240afbc6f061b3099c2d05bc9f1dd375,4f275d192013f78bf1eda16424693778675f7700a6e6fabc8af8fe750d13d423
Paper_den312d_65_81_gp_5/den312d_agents_500_test_19,restart_fast,den312d,500,19,True,117,39815,22580,10575,255,1,4337.89,213d37236f6c4547d98d3aba773238e51a3f65212dbd6fdf2585e83256276ac0,83c66952c63fe1d6b38dde622bba2d5550edd823bd8ae03ffcfea82af9d575ee
Paper_symbotic_39_37_gp_5/symbotic_agents_450_test_5,baseline,symbotic,450,5,False,0,0,47890,10095,50,0,2204.22,756f69963250a924e46e43d06c60e50722e9d148567eb62605856b37acd10916,4f275d192013f78bf1eda16424693778675f7700a6e6fabc8af8fe750d13d423
Paper_maze_32_32_2_gp_5/maze-32-32-2_agents_450_test_15,baseline,maze-32-32-2,450,15,False,0,0,28041,105,48103,0,472.839,cfea0a2bf6732da432a5182edecdda95658eb2abbc757a172078edc3d3ee1f86,4f275d192013f78bf1eda16424693778675f7700a6e6fabc8af8fe750d13d423
Paper_symbotic_39_37_gp_5/symbotic_agents_350_test_5,restart_fast,symbotic,350,5,True,287,112656,5695,32,1110,0,200.191,cecd78a0e739fe13ce31de016d2e54603706248baef19a48820216f5cad6ac38,83c66952c63fe1d6b38dde622bba2d5550edd823bd8ae03ffcfea82af9d575ee
Paper_random_32_32_gp_5/random-32-32-10_agents_450_test_11,baseline,random-32-32-10,450,11,True,43,12867,7144,20,450,0,214.882,9f796c25b8a1e132681f6c3579d5db1433cd8982b7c30628a8dfac3e654b1261,4f275d192013f78bf1eda16424693778675f7700a6e6fabc8af8fe750d13d423
Paper_warehouse_161_63_gp_5/warehouse-10-20-10-2-1_agents_400_test_4,restart_fast,warehouse-10-20-10-2-1,400,4,True,132,34142,4469,13,1121,0,196.965,be5fe66dcbc257cef919195cf325e5caedd7b2269349ac5ad28af3e2482f0344,83c66952c63fe1d6b38dde622bba2d5550edd823bd8ae03ffcfea82af9d575ee
Paper_room_64_64_8_gp_5/room-64-64-8_agents_350_test_12,restart_fast,room-64-64-8,350,12,True,108,23084,5339,10,902,0,185.621,8ae88107dbd9ffef07f89b6bf03951aed2b3855e902cfa967bafc7728891ab8c,83c66952c63fe1d6b38dde622bba2d5550edd823bd8ae03ffcfea82af9d575ee
Paper_warehouse_161_63_gp_5/warehouse-10-20-10-2-1_agents_450_test_0,restart_fast,warehouse-10-20-10-2-1,450,0,True,157,38741,4999,22,942,0,232.774,abb411e5e066758057246265557eeb3ab7e90389028c8904b7533846f21d8933,83c66952c63fe1d6b38dde622bba2d5550edd823bd8ae03ffcfea82af9d575ee
Paper_den312d_65_81_gp_5/den312d_agents_350_test_5,restart_fast,den312d,350,5,True,51,20635,9768,41,829,1,396.653,91ff776ed8cb354b9086d09cd018576daf2883cda89cf21788d2834a14480950,83c66952c63fe1d6b38dde622bba2d5550edd823bd8ae03ffcfea82af9d575ee
Paper_maze_32_32_2_gp_5/maze-32-32-2_agents_400_test_1,baseline,maze-32-32-2,400,1,False,0,0,50627,84,26320,0,736.772,1db1ba013e4600a575fb3547107ef68c2738c98e6846230e8bfb05c6dccf1bbb,4f275d192013f78bf1eda16424693778675f7700a6e6fabc8af8fe750d13d423
Paper_room_64_64_8_gp_5/room-64-64-8_agents_400_test_16,baseline,room-64-64-8,400,16,True,104,30597,4528,11,1001,0,171.987,c2111315a81b1b605175056f7c0299dd01b8bd93e072ce9596965135dd1b490b,4f275d192013f78bf1eda16424693778675f7700a6e6fabc8af8fe750d13d423
Paper_Boston_gp_5/Boston_0_256_agents_450_test_12,restart_fast,Boston_0_256,450,12,True,947,65533,15789,3,136,0,1364.89,d8be5807a476b4cea5ad8828e992f236825cdbffd5cf0fd4d85af96475198487,83c66952c63fe1d6b38dde622bba2d5550edd823bd8ae03ffcfea82af9d575ee
Paper_room_64_64_8_gp_5/room-64-64-8_agents_400_test_8,restart_fast,room-64-64-8,400,8,True,91,29185,34519,27,150,1,4720.69,b5c847ccf8f73c9b0c8f6a70b5a7e5b14056eba82fe0ddc4f32e897b0e42de17,83c66952c63fe1d6b38dde622bba2d5550edd823bd8ae03ffcfea82af9d575ee
Paper_room_64_64_8_gp_5/room-64-64-8_agents_450_test_12,baseline,room-64-64-8,450,12,True,124,34640,4186,9,842,0,179.871,e38713c79bc755816a79a9c9acc732a068e3636b17946e3a3b642ab33fef490e,4f275d192013f78bf1eda16424693778675f7700a6e6fabc8af8fe750d13d423
Paper_Boston_gp_5/Boston_0_256_agents_400_test_7,restart_fast,Boston_0_256,400,7,True,1336,55842,4608,2,987,0,1272.54,b884eea1c33c17f999d13212179258246349c29c5b55fe71474b35951b0a7ec6,83c66952c63fe1d6b38dde622bba2d5550edd823bd8ae03ffcfea82af9d575ee
Paper_orz900d_gp_5/orz900d_agents_350_test_0,baseline,orz900d,350,0,True,5679,281287,6325,7,707,0,5055.29,fd2739f35e9fd6b3e94f2a7862a1da68687234f710e85807c0ccddc8305857cc,4f275d192013f78bf1eda16424693778675f7700a6e6fabc8af8fe750d13d423
Paper_room_64_64_8_gp_5/room-64-64-8_agents_400_test_12,baseline,room-64-64-8,400,12,True,109,31395,4182,12,948,0,165.712,e703143f22867df7a9d102fffd4c81f830104363f32fea7288206319b5298c67,4f275d192013f78bf1eda16424693778675f7700a6e6fabc8af8fe750d13d423
Paper_orz900d_gp_5/orz900d_agents_400_test_8,baseline,orz900d,400,8,True,6813,314333,5596,14,646,0,6093.99,d95728d4fc27316aaee97b7ebb8350726416d96bf6581b2ed73673a391a52cab,4f275d192013f78bf1eda16424693778675f7700a6e6fabc8af8fe750d13d423
Paper_orz900d_gp_5/orz900d_agents_350_test_7,restart_fast,orz900d,350,7,True,5754,259102,10187,18,1003,1,5689.86,adbfe5951278afdf506dc76abec59c42bd7ce9c002dcf3a7be8e378ca33fc72f,83c66952c63fe1d6b38dde622bba2d5550edd823bd8ae03ffcfea82af9d575ee
Paper_Boston_gp_5/Boston_0_256_agents_350_test_17,restart_fast,Boston_0_256,350,17,True,1832,54003,5714,5,900,1,1872.23,e3d17a601dcd04d79ca9a92f704d1760eb5d3d4e7dd00b809c0f6529070a0a9b,83c66952c63fe1d6b38dde622bba2d5550edd823bd8ae03ffcfea82af9d575ee
Paper_random_32_32_gp_5/random-32-32-10_agents_250_test_16,baseline,random-32-32-10,250,16,True,14,5656,8718,4,645,0,132.706,5a82a7e9ee6d2399b67bff06bc44bb57c814cea46623b865eaaded070e0c8c3e,4f275d192013f78bf1eda16424693778675f7700a6e6fabc8af8fe750d13d423
Paper_warehouse_161_63_gp_5/warehouse-10-20-10-2-1_agents_400_test_15,baseline,warehouse-10-20-10-2-1,400,15,True,152,38012,4643,17,1360,0,194.003,eb4b791122001f5634498134bab602ad2dc04fc1f0e726ed5818e827c678f9a2,4f275d192013f78bf1eda16424693778675f7700a6e6fabc8af8fe750d13d423
Paper_den312d_65_81_gp_5/den312d_agents_350_test_16,restart_fast,den312d,350,16,True,57,20556,7230,12,790,0,181.369,3307a3562173534904d07fa0375223ffd168e6ea5080f5fede0ee1b97c253ae0,83c66952c63fe1d6b38dde622bba2d5550edd823bd8ae03ffcfea82af9d575ee
Paper_den312d_65_81_gp_5/den312d_agents_250_test_5,baseline,den312d,250,5,True,37,14183,5138,6,1090,0,101.998,b3def85d61db9ac6439a983a58a9366bb3162ac041c66374f3f6d7b4f72eff0e,4f275d192013f78bf1eda16424693778675f7700a6e6fabc8af8fe750d13d423
Paper_Boston_gp_5/Boston_0_256_agents_500_test_16,baseline,Boston_0_256,500,16,True,1713,77236,4896,3,571,0,1634.47,315bbd4ba53ab79c710881f109fbeddb9e5090c3205eeb943555c3f2479fdcef,4f275d192013f78bf1eda16424693778675f7700a6e6fabc8af8fe750d13d423
Paper_orz900d_gp_5/orz900d_agents_450_test_19,restart_fast,orz900d,450,19,True,5879,380171,6131,24,569,1,5853.8,8f6cb2cb210d440e738aa2962e05bb8d54dda94491fa63bc697a61b032624dc8,83c66952c63fe1d6b38dde622bba2d5550edd823bd8ae03ffcfea82af9d575ee
Paper_room_64_64_8_gp_5/room-64-64-8_agents_500_test_18,baseline,room-64-64-8,500,18,True,152,40537,4188,12,730,0,185.498,5c564689a86fc9430bf029cf17706640315292b92021a25cd8881f7d15d74fad,4f275d192013f78bf1eda16424693778675f7700a6e6fabc8af8fe750d13d423
Paper_maze_32_32_2_gp_5/maze-32-32-2_agents_450_test_10,restart_fast,maze-32-32-2,450,10,True,526,77453,16271,2240,1279,2,3078.81,382b7bbf01c54cdb4907709179e9b0b9cdd9a1b5db90adf11909c36de4a600f6,83c66952c63fe1d6b38dde622bba2d5550edd823bd8ae03ffcfea82af9d575ee
Paper_Boston_gp_5/Boston_0_256_agents_500_test_1,baseline,Boston_0_256,500,1,True,1643,75390,4493,2,538,0,1530.05,9ae752083b1966c1fb985c3d80876206dbf8e0b433f6b3e53e97be1f19b314ac,4f275d192013f78bf1eda16424693778675f7700a6e6fabc8af8fe750d13d423
Paper_Boston_gp_5/Boston_0_256_agents_450_test_15,restart_fast,Boston_0_256,450,15,True,3188,65475,6192,3,387,1,3277.54,e8bee7de65a652856176a7d9fda6868ecd14d1efd50a1c69a826d319db47ad08,83c66952c63fe1d6b38dde622bba2d5550edd823bd8ae03ffcfea82af9d575ee
Paper_symbotic_39_37_gp_5/symbotic_agents_500_test_14,baseline,symbotic,500,14,False,0,0,11922,3227,5578,0,1290.09,6908d00dea90bb9d7729d8a40b1bc75e10e6bb55658509989e3357f00a5c2da2,4f275d192013f78bf1eda16424693778675f7700a6e6fabc8af8fe750d13d423
Paper_Boston_gp_5/Boston_0_256_agents_350_test_15,baseline,Boston_0_256,350,15,True,1792,49054,4060,1,1046,0,1701.79,1855572f41cbceb7b278d3ff098f693ffacab5067b038d2e98f185bfaa4adfef,4f275d192013f78bf1eda16424693778675f7700a6e6fabc8af8fe750d13d423
Paper_maze_32_32_2_gp_5/maze-32-32-2_agents_450_test_18,baseline,maze-32-32-2,450,18,False,0,0,24194,159,41634,0,336.245,a8386f45b759694da216f72f261c61e712a8bff2a571096f9517835461cdda97,4f275d192013f78bf1eda16424693778675f7700a6e6fabc8af8fe750d13d423
Paper_orz900d_gp_5/orz900d_agents_400_test_2,baseline,orz900d,400,2,True,5819,337513,5592,17,900,0,5112.77,748cc9bc0637992995391ae55a12f48e1ca4747e86bc39b26d65d13ea8413095,4f275d192013f78bf1eda16424693778675f7700a6e6fabc8af8fe750d13d423
Paper_maze_32_32_2_gp_5/maze-32-32-2_agents_300_test_6,restart_fast,maze-32-32-2,300,6,True,59,28367,6177,175,1333,2,185.033,78412e580dd20da970f5bdb29a8eeeb0a9cda90a25b93ce7a6d9698173a17d1a,83c66952c63fe1d6b38dde622bba2d5550edd823bd8ae03ffcfea82af9d575ee
Paper_random_32_32_gp_5/random-32-32-10_agents_350_test_17,restart_fast,random-32-32-10,350,17,True,23,8212,5242,11,799,0,120.232,ad43beaa1b4bdd5dcf06a942271a2677473e52b8d1ca96f5b26b3299b50f6fd1,83c66952c63fe1d6b38dde622bba2d5550edd823bd8ae03ffcfea82af9d575ee
Paper_den312d_65_81_gp_5/den312d_agents_300_test_14,restart_fast,den312d,300,14,True,46,17683,4932,11,1142,0,102.22,223aa6a6a8b0bfe06a46e9a51ea51eca1806ee88848e6d0a381ff16633b5b4ed,83c66952c63fe1d6b38dde622bba2d5550edd823bd8ae03ffcfea82af9d575ee
Paper_maze_32_32_2_gp_5/maze-32-32-2_agents_500_test_14,baseline,maze-32-32-2,500,14,False,0,0,39749,1037,13800,0,1042.37,f97a6c61951e310ffe0fcd65a71d8b967241e0b57490c5373906333bce0ae45c,4f275d192013f78bf1eda16424693778675f7700a6e6fabc8af8fe750d13d423
Paper_symbotic_39_37_gp_5/symbotic_agents_450_test_16,baseline,symbotic,450,16,False,0,0,31672,31622,3612,0,3573.16,305eb7f42f4d7afeb0e7105f30a847dd2a2b89e52c704e324ab8bdc80dd424ab,4f275d192013f78bf1eda16424693778675f7700a6e6fabc8af8fe750d13d423
Paper_Boston_gp_5/Boston_0_256_agents_300_test_5,restart_fast,Boston_0_256,300,5,True,835,41548,5598,5,1095,1,851.89,c580d8b8a90d676087c82a37da62e9f9881362e366140f1f2f6f05ab27e4e725,83c66952c63fe1d6b38dde622bba2d5550edd823bd8ae03ffcfea82af9d575ee
Paper_Boston_gp_5/Boston_0_256_agents_450_test_8,baseline,Boston_0_256,450,8,True,1396,67431,6096,3,704,0,1363.12,8dc5ba3363de627625cc667cbe8e6f7ef3f4cd23285850a080ad865d82bf99be,4f275d192013f78bf1eda16424693778675f7700a6e6fabc8af8fe750d13d423
Paper_room_64_64_8_gp_5/room-64-64-8_agents_450_test_13,restart_fast,room-64-64-8,450,13,True,120,35533,3755,15,926,0,180.901,92f7578f902bb0094a14462f932433385b4bd78938b01c421ee55bf66a18ff1a,83c66952c63fe1d6b38dde622bba2d5550edd823bd8ae03ffcfea82af9d575ee
Paper_den312d_65_81_gp_5/den312d_agents_300_test_14,baseline,den312d,300,14,True,49,17683,5228,11,1216,0,99.526,223aa6a6a8b0bfe06a46e9a51ea51eca1806ee88848e6d0a381ff16633b5b4ed,4f275d192013f78bf1eda16424693778675f7700a6e6fabc8af8fe750d13d423
Paper_warehouse_161_63_gp_5/warehouse-10-20-10-2-1_agents_500_test_18,restart_fast,warehouse-10-20-10-2-1,500,18,True,203,45746,4727,15,849,0,269.989,908c2e67ab75e51107bb2ed6684da4643171c2a588394532396e1d2777d2d174,83c66952c63fe1d6b38dde622bba2d5550edd823bd8ae03ffcfea82af9d575ee
Paper_room_64_64_8_gp_5/room-64-64-8_agents_450_test_11,restart_fast,room-64-64-8,450,11,True,121,36199,9576,36,899,2,726.616,23fdabbd7e192a360bdbd0dcabb6783f9d7878b8e49041e8d473cf0bbe785e59,83c66952c63fe1d6b38dde622bba2d5550edd823bd8ae03ffcfea82af9d575ee
Paper_den312d_65_81_gp_5/den312d_agents_250_test_6,baseline,den312d,250,6,True,33,13019,5716,6,1059,0,101.605,b905b2b78676ae58338326991855c95f728a02fc79bc699b3949a0c75c7c288c,4f275d192013f78bf1eda16424693778675f7700a6e6fabc8af8fe750d13d423
Paper_random_32_32_gp_5/random-32-32-10_agents_500_test_1,restart_fast,random-32-32-10,500,1,True,50,15228,14890,1683,278,1,4707.79,20659689620197f748ae8c3f4b283e2c3e55917f9ecffe3d5e5996c9ae8baa8d,83c66952c63fe1d6b38dde622bba2d5550edd823bd8ae03ffcfea82af9d575ee
Paper_Boston_gp_5/Boston_0_256_agents_300_test_16,baseline,Boston_0_256,300,16,True,1548,44454,5051,2,996,0,1489.39,56d16db17f35bd03f3a3630b9f9e736a920e60a4affb464025d6a91f94399508,4f275d192013f78bf1eda16424693778675f7700a6e6fabc8af8fe750d13d423
Paper_warehouse_161_63_gp_5/warehouse-10-20-10-2-1_agents_400_test_11,baseline,warehouse-10-20-10-2-1,400,11,True,158,36510,5731,8,809,0,209.282,7e974e782544ae3343843ff3ee7c4bc0e8a1b36e767d1da915808053947cd1a8,4f275d192013f78bf1eda16424693778675f7700a6e6fabc8af8fe750d13d423
Paper_orz900d_gp_5/orz900d_agents_450_test_5,restart_fast,orz900d,450,5,True,6052,389235,11326,39,346,1,6336.8,adfa5760fdda08e286999bb7b3631c6bd3d9464aa5eff6c8fee2559591842d71,83c66952c63fe1d6b38dde622bba2d5550edd823bd8ae03ffcfea82af9d575ee
Paper_random_32_32_gp_5/random-32-32-10_agents_450_test_3,baseline,random-32-32-10,450,3,True,40,12914,5789,15,756,0,178.964,9318f421c61ad380355f1b08e7bfc940840d83c3cbfb1a62c45704ddc359984a,4f275d192013f78bf1eda16424693778675f7700a6e6fabc8af8fe750d13d423
Paper_maze_32_32_2_gp_5/maze-32-32-2_agents_300_test_16,baseline,maze-32-32-2,300,16,True,53,32634,5065,63,975,0,140.697,cfeffcf8885b11c3b2efdaec817cedbfbbd8c11ff59d51746fdabed24c084c40,4f275d192013f78bf1eda16424693778675f7700a6e6fabc8af8fe750d13d423
Paper_warehouse_161_63_gp_5/warehouse-10-20-10-2-1_agents_350_test_14,baseline,warehouse-10-20-10-2-1,350,14,True,128,30680,4525,9,967,0,163.11,702330378c295363a5f2dbab19fedefa9b7b9c2611187f95402514e6fc54951c,4f275d192013f78bf1eda16424693778675f7700a6e6fabc8af8fe750d13d423
Paper_den312d_65_81_gp_5/den312d_agents_250_test_15,baseline,den312d,250,15,True,34,13614,5445,10,1192,0,92.5866,c3dff9e70829c2de11e9161f866e2604ecf0528571778fbc9d27cd2302c7bce1,4f275d192013f78bf1eda16424693778675f7700a6e6fabc8af8fe750d13d423
Paper_random_32_32_gp_5/random-32-32-10_agents_250_test_0,restart_fast,random-32-32-10,250,0,True,12,5055,7550,4,741,0,115.018,e0870ec2160ecb632e601a73d1dc97a63f82b45e5b61d3681432e8116c503928,83c66952c63fe1d6b38dde622bba2d5550edd823bd8ae03ffcfea82af9d575ee
Paper_warehouse_161_63_gp_5/warehouse-10-20-10-2-1_agents_300_test_15,baseline,warehouse-10-20-10-2-1,300,15,True,99,24180,4822,6,1111,0,139.971,45e9258f9de6c7f3491cd963661c941d6228b3549e9ada6ebbd9b54c641e8989,4f275d192013f78bf1eda16424693778675f7700a6e6fabc8af8fe750d13d423
Paper_maze_32_32_2_gp_5/maze-32-32-2_agents_300_test_18,restart_fast,maze-32-32-2,300,18,True,50,31799,26290,22608,733,2,2865.41,d471ad463a3b6ba02a1803d7e2444f9707e463977d87f9646565ba8117267805,83c66952c63fe1d6b38dde622bba2d5550edd823bd8ae03ffcfea82af9d575ee
Paper_Boston_gp_5/Boston_0_256_agents_350_test_16,restart_fast,Boston_0_256,350,16,True,1194,52009,6339,0,687,0,1201.04,2b49821940b0d54b397a3712787653e048c70d3812a67aa60edbdf1ebe0e983a,83c66952c63fe1d6b38dde622bba2d5550edd823bd8ae03ffcfea82af9d575ee
Paper_symbotic_39_37_gp_5/symbotic_agents_400_test_15,restart_fast,symbotic,400,15,True,652,302826,10924,1701,573,1,654.255,deb8c4551d0f82a5d4616c290bbe54cd092f6ee4f6a0fa6df1a308a18d17e454,83c66952c63fe1d6b38dde622bba2d5550edd823bd8ae03ffcfea82af9d575ee
Paper_den312d_65_81_gp_5/den312d_agents_300_test_1,baseline,den312d,300,1,True,47,19788,7557,21,838,0,124.071,92f9e9edcb8ca462e6b498ede0b05b15a60f2976d4d058101c1f361e21686216,4f275d192013f78bf1eda16424693778675f7700a6e6fabc8af8fe750d13d423
Paper_den312d_65_81_gp_5/den312d_agents_500_test_5,restart_fast,den312d,500,5,True,104,35421,5018,49,1016,1,233.324,f0e621a42555f4f52a54f030a46528f394cb31e009dce83b48feca0a2ba15d70,83c66952c63fe1d6b38dde622bba2d5550edd823bd8ae03ffcfea82af9d575ee
Paper_warehouse_161_63_gp_5/warehouse-10-20-10-2-1_agents_300_test_8,restart_fast,warehouse-10-20-10-2-1,300,8,True,89,26486,4303,4,1226,0,127.656,e279359c6e63630f5f1e5dbe0c614c9dc37e20c9b784ba1f5a657c004567a4eb,83c66952c63fe1d6b38dde622bba2d5550edd823bd8ae03ffcfea82af9d575ee
Paper_Boston_gp_5/Boston_0_256_agents_450_test_17,baseline,Boston_0_256,450,17,True,1334,65534,3988,0,742,0,1198.08,488a8f9006b20d722b633efbb24cc88ba689f6d6c1a778b3cc32f563ad39cac7,4f275d192013f78bf1eda16424693778675f7700a6e6fabc8af8fe750d13d423
Paper_den312d_65_81_gp_5/den312d_agents_350_test_18,baseline,den312d,350,18,True,65,23712,7720,14,833,0,159.675,1d2ce327dbeb09e88bad5cc7d94b956b5270e72f5c7aff93846551c1f57d5ecb,4f275d192013f78bf1eda16424693778675f7700a6e6fabc8af8fe750d13d423
Paper_room_64_64_8_gp_5/room-64-64-8_agents_400_test_9,baseline,room-64-64-8,400,9,True,107,28087,4811,6,850,0,181.65,6d6560c8e1c488d220ae15ebcd133257d04cfa7d4fcc6e3c02af5f364c18627c,4f275d192013f78bf1eda16424693778675f7700a6e6fabc8af8fe750d13d423
Paper_room_64_64_8_gp_5/room-64-64-8_agents_350_test_10,restart_fast,room-64-64-8,350,10,True,76,24172,24112,15,806,1,2336.89,8bca3711664e5c89ffed963e0797838e7bebcfa071e151270be5573cc69e1f16,83c66952c63fe1d6b38dde622bba2d5550edd823bd8ae03ffcfea82af9d575ee
Paper_Boston_gp_5/Boston_0_256_agents_350_test_6,baseline,Boston_0_256,350,6,True,1651,51692,5057,1,898,0,1589.79,57765ef759b2c9e512e3ce611d5504ea75caf2fee2f32ba0d8e66befb38602c6,4f275d192013f78bf1eda16424693778675f7700a6e6fabc8af8fe750d13d423
Paper_maze_32_32_2_gp_5/maze-32-32-2_agents_400_test_17,baseline,maze-32-32-2,400,17,True,113,60321,8136,82,600,0,236.822,f77193d37a2fcbaad32dd3b5761dd7efae18b3e8f7c5f0eb417d5f38b75bbfa3,4f275d192013f78bf1eda16424693778675f7700a6e6fabc8af8fe750d13d423
Paper_Boston_gp_5/Boston_0_256_agents_450_test_10,restart_fast,Boston_0_256,450,10,True,3198,66472,3380,1,689,0,3064.06,ff2f4ae90bb8ea68b362af624f017292e61cf06990984ffc236ea1969555aed0,83c66952c63fe1d6b38dde622bba2d5550edd823bd8ae03ffcfea82af9d575ee
Paper_Boston_gp_5/Boston_0_256_agents_400_test_7,baseline,Boston_0_256,400,7,True,1201,55842,4349,2,922,0,1117.71,b884eea1c33c17f999d13212179258246349c29c5b55fe71474b35951b0a7ec6,4f275d192013f78bf1eda16424693778675f7700a6e6fabc8af8fe750d13d423
Paper_Boston_gp_5/Boston_0_256_agents_450_test_14,restart_fast,Boston_0_256,450,14,True,2681,67935,3762,1,756,0,2565.09,c4571a30429c6a4271e11efc77cc14b8240afbc6f061b3099c2d05bc9f1dd375,83c66952c63fe1d6b38dde622bba2d5550edd823bd8ae03ffcfea82af9d575ee
Paper_maze_32_32_2_gp_5/maze-32-32-2_agents_300_test_3,restart_fast,maze-32-32-2,300,3,True,48,31898,5581,68,963,0,132.468,163be874a4546f74b0ac6c37f8bd5e9fc5d53a5f381aaeb6e4f82ade018bde50,83c66952c63fe1d6b38dde622bba2d5550edd823bd8ae03ffcfea82af9d575ee
Paper_Boston_gp_5/Boston_0_256_agents_250_test_2,restart_fast,Boston_0_256,250,2,True,1529,35053,4893,4,970,0,1505.72,e49a00ffc06ced92b7fa3239b0d93c225b2e1947f2d9e993a638a5a2fea16ef4,83c66952c63fe1d6b38dde622bba2d5550edd823bd8ae03ffcfea82af9d575ee
Paper_room_64_64_8_gp_5/room-64-64-8_agents_250_test_13,baseline,room-64-64-8,250,13,True,44,15060,4953,7,1317,0,105.867,cb8b319b499863194d9423002cf9fb2898f8e2b416c0de051bcd3a987fc822e9,4f275d192013f78bf1eda16424693778675f7700a6e6fabc8af8fe750d13d423
Paper_random_32_32_gp_5/random-32-32-10_agents_250_test_6,restart_fast,random-32-32-10,250,6,True,12,4774,12748,4,962,1,393.752,a92bf49be4bf89cf4d72ad3e489a532c9f8ad1790e74244b0391cb1b10426df8,83c66952c63fe1d6b38dde622bba2d5550edd823bd8ae03ffcfea82af9d575ee
Paper_Boston_gp_5/Boston_0_256_agents_400_test_4,restart_fast,Boston_0_256,400,4,True,891,57843,29080,7,656,1,3380.38,b23f4c618781ff55d8fbeaf911a4f3ae6b8e074a4b6b63fe034df9bf07b75bb6,83c66952c63fe1d6b38dde622bba2d5550edd823bd8ae03ffcfea82af9d575ee
Paper_maze_32_32_2_gp_5/maze-32-32-2_agents_250_test_10,restart_fast,maze-32-32-2,250,10,True,30,22931,15060,79,743,1,425.962,7618ed9fafce090d33a660fa4c5fed3a2bec0f352bd6b1189044ab586043235c,83c66952c63fe1d6b38dde622bba2d5550edd823bd8ae03ffcfea82af9d575ee
Paper_symbotic_39_37_gp_5/symbotic_agents_400_test_9,restart_fast,symbotic,400,9,False,0,0,66206,17922,502,0,2160.74,d1c4d9d94a1890ac841cd6b476d3fd58b925ea3b5b3badfebd0446382f23c6b6,83c66952c63fe1d6b38dde622bba2d5550edd823bd8ae03ffcfea82af9d575ee
Paper_symbotic_39_37_gp_5/symbotic_agents_400_test_16,baseline,symbotic,400,16,True,7856,1185419,14953,117,38544,0,437.107,2e74e4f76b0dfd7045422747cacc5d2d1ab73bee73bd31dfac6c0b98f87331e3,4f275d192013f78bf1eda16424693778675f7700a6e6fabc8af8fe750d13d423
Paper_symbotic_39_37_gp_5/symbotic_agents_500_test_12,baseline,symbotic,500,12,False,0,0,10143,400,10122,0,824.702,8e8ff9710b871db089ac97580a42a31588abd7547d8596ad9bc513ce8b07d534,4f275d192013f78bf1eda16424693778675f7700a6e6fabc8af8fe750d13d423
Paper_warehouse_161_63_gp_5/warehouse-10-20-10-2-1_agents_400_test_14,restart_fast,warehouse-10-20-10-2-1,400,14,True,118,33462,7133,17,1762,2,635.899,deb98d47acd770cc7993bf3ac2233b0c93a6c2a71c25fed758a167f4ea84ad6d,83c66952c63fe1d6b38dde622bba2d5550edd823bd8ae03ffcfea82af9d575ee
Paper_random_32_32_gp_5/random-32-32-10_agents_350_test_11,restart_fast,random-32-32-10,350,11,True,25,8603,10441,12,784,1,200.55,aad92db11278fe10868ac37f8428050287bf307125aa79b0c6ae10d1b67a451a,83c66952c63fe1d6b38dde622bba2d5550edd823bd8ae03ffcfea82af9d575ee
Paper_room_64_64_8_gp_5/room-64-64-8_agents_350_test_17,restart_fast,room-64-64-8,350,17,True,68,22724,14467,11,1005,1,526.742,5c0b38bb2014c08a16e694ad5b9d899e23928cfd09ac587ef58ee1c7d7478922,83c66952c63fe1d6b38dde622bba2d5550edd823bd8ae03ffcfea82af9d575ee
Paper_Boston_gp_5/Boston_0_256_agents_400_test_17,restart_fast,Boston_0_256,400,17,True,2543,64073,5179,8,550,0,2460.87,705d14c0b9975c908f4ef3dc32a58f085eed30dc922f1c475fa0c6b231589de1,83c66952c63fe1d6b38dde622bba2d5550edd823bd8ae03ffcfea82af9d575ee
Paper_orz900d_gp_5/orz900d_agents_300_test_1,baseline,orz900d,300,1,True,5076,242524,5763,12,790,0,4626.77,454f2b2c70f3ec29be62ee3410b310761e6509e77e2ed15e00d93d49ab0f86fe,4f275d192013f78bf1eda16424693778675f7700a6e6fabc8af8fe750d13d423
Paper_room_64_64_8_gp_5/room-64-64-8_agents_300_test_5,restart_fast,room-64-64-8,300,5,True,64,21665,44208,11,358,1,4483.2,907f09c91cc6da98111bcfbf399c39180c29935432efbc011fd8451adc059bbb,83c66952c63fe1d6b38dde622bba2d5550edd823bd8ae03ffcfea82af9d575ee
Paper_random_32_32_gp_5/random-32-32-10_agents_250_test_9,restart_fast,random-32-32-10,250,9,True,13,5845,6559,5,947,0,121.285,cda165a62a67facbb18c8d2ce8d842bb049a0be90cdd7aa5e3a4775b8fc88a5c,83c66952c63fe1d6b38dde622bba2d5550edd823bd8ae03ffcfea82af9d575ee
Paper_Boston_gp_5/Boston_0_256_agents_350_test_2,restart_fast,Boston_0_256,350,2,True,2089,52616,36819,3,70,1,5103.62,7902841a4f7f40f432882c4f5eb40addb0c469b4af919a05cd03553491448a8c,83c66952c63fe1d6b38dde622bba2d5550edd823bd8ae03ffcfea82af9d575ee
Paper_room_64_64_8_gp_5/room-64-64-8_agents_500_test_1,baseline,room-64-64-8,500,1,True,139,40370,3982,13,892,0,171.788,6eb939e23d1fd3ed40ff3f29b287a3ccb890bcc1faa1826cd697d6a9fd97de73,4f275d192013f78bf1eda16424693778675f7700a6e6fabc8af8fe750d13d423
Paper_den312d_65_81_gp_5/den312d_agents_400_test_0,baseline,den312d,400,0,True,82,27786,5902,26,895,0,148.01,b5db9ba58c377c4a6edbe163732c7038b581756e19d017b73c8f5118a34ff690,4f275d192013f78bf1eda16424693778675f7700a6e6fabc8af8fe750d13d423
Paper_random_32_32_gp_5/random-32-32-10_agents_500_test_2,restart_fast,random-32-32-10,500,2,True,45,14955,17187,1637,126,1,2964.81,d0f0aa56764e2a3db05c4b37254b3af31a23a1d393c8f6eaaeb7f57fa1ae692e,83c66952c63fe1d6b38dde622bba2d5550edd823bd8ae03ffcfea82af9d575ee
Paper_maze_32_32_2_gp_5/maze-32-32-2_agents_400_test_5,restart_fast,maze-32-32-2,400,5,True,102,62988,20047,6329,382,1,1394.02,d6bae96350716e6b2099dfc253e171d59eba7e2dd75cdedf84bf8d563213add3,83c66952c63fe1d6b38dde622bba2d5550edd823bd8ae03ffcfea82af9d575ee
Paper_random_32_32_gp_5/random-32-32-10_agents_400_test_17,baseline,random-32-32-10,400,17,True,33,10950,6919,11,699,0,175.442,39fd0c2bae15a320bc201036dbc6f1a9ec8ec414d223a601b593ee0a603a8d66,4f275d192013f78bf1eda16424693778675f7700a6e6fabc8af8fe750d13d423
Paper_Boston_gp_5/Boston_0_256_agents_250_test_17,restart_fast,Boston_0_256,250,17,True,2018,36993,23227,0,957,2,2847.02,0b16c7e4c347b9799369f66d227e55d537043b84b6f5e0c24af44e63369fda75,83c66952c63fe1d6b38dde622bba2d5550edd823bd8ae03ffcfea82af9d575ee
Paper_warehouse_161_63_gp_5/warehouse-10-20-10-2-1_agents_500_test_3,baseline,warehouse-10-20-10-2-1,500,3,True,219,47477,4073,14,1137,0,252.376,cd785fda1c633d07fa8dcd979a8cc37552f1699ef2eca79761bcaa732a239e7a,4f275d192013f78bf1eda16424693778675f7700a6e6fabc8af8fe750d13d423
Paper_random_32_32_gp_5/random-32-32-10_agents_500_test_9,restart_fast,random-32-32-10,500,9,True,49,16055,6151,16,602,0,210.513,8f78f560320754bebfaa10398daadaa950bf0f202fab622468123bf6adfc769a,83c66952c63fe1d6b38dde622bba2d5550edd823bd8ae03ffcfea82af9d575ee
Paper_symbotic_39_37_gp_5/symbotic_agents_500_test_9,baseline,symbotic,500,9,True,1370,816331,7619,2148,609,0,777.769,1d2c213838637a110946f020c5ac882e0fcfe8c21e0e624d79ef5fd5f2c9a824,4f275d192013f78bf1eda16424693778675f7700a6e6fabc8af8fe750d13d423
Paper_orz900d_gp_5/orz900d_agents_450_test_0,baseline,orz900d,450,0,True,8387,382279,4112,15,236,0,7558.7,ad5d3310e6cd0227d1d8351d8d380bfd1ba8d7d5b8f0641eeb313ef555be3de1,4f275d192013f78bf1eda16424693778675f7700a6e6fabc8af8fe750d13d423
Paper_warehouse_161_63_gp_5/warehouse-10-20-10-2-1_agents_450_test_4,restart_fast,warehouse-10-20-10-2-1,450,4,True,168,41171,7429,76,2392,3,451.498,f24c655f34522829b180f9efcd0cc2397d56af502ff8ee89cf7066523fc1d41b,83c66952c63fe1d6b38dde622bba2d5550edd823bd8ae03ffcfea82af9d575ee
Paper_orz900d_gp_5/orz900d_agents_450_test_15,restart_fast,orz900d,450,15,True,6688,339236,5433,10,515,0,6022.16,ccab15d797da4c14b511cab4f8b433c7200c81d7d65db1712e902f3d7bf7d5e4,83c66952c63fe1d6b38dde622bba2d5550edd823bd8ae03ffcfea82af9d575ee
Paper_orz900d_gp_5/orz900d_agents_400_test_4,baseline,orz900d,400,4,True,7418,304054,4471,5,519,0,6663.49,03979227d1ec1217575843723d5c4701292039af58c1f625dcb254315b49de2b,4f275d192013f78bf1eda16424693778675f7700a6e6fabc8af8fe750d13d423
Paper_room_64_64_8_gp_5/room-64-64-8_agents_400_test_18,baseline,room-64-64-8,400,18,True,104,28763,5327,6,944,0,148.748,f41092b197f47c0352f6cf7fc3bc48f60b0c71af0e72a7da0a337805e0e44b7e,4f275d192013f78bf1eda16424693778675f7700a6e6fabc8af8fe750d13d423
Paper_room_64_64_8_gp_5/room-64-64-8_agents_400_test_7,baseline,room-64-64-8,400,7,True,112,31113,4348,9,1126,0,152.148,8081ac6b32c01f27689dc25c8b822efe2ee5d84cc686fbdf43db0cd21db1e7eb,4f275d192013f78bf1eda16424693778675f7700a6e6fabc8af8fe750d13d423
Paper_den312d_65_81_gp_5/den312d_agents_400_test_8,baseline,den312d,400,8,True,79,25017,5911,22,860,0,152.677,a8adb5e35eea04a3ea0423d8a263d87063d18e79ff4e0aaf6131865d26512f92,4f275d192013f78bf1eda16424693778675f7700a6e6fabc8af8fe750d13d423
Paper_maze_32_32_2_gp_5/maze-32-32-2_agents_400_test_19,restart_fast,maze-32-32-2,400,19,True,2016,65728,11784,610,8011,5,569.566,1dcb6762c72f9e89796e985bc064cd4df4f77db4be519fe32e5f5c93a0b23c24,83c66952c63fe1d6b38dde622bba2d5550edd823bd8ae03ffcfea82af9d575ee
Paper_warehouse_161_63_gp_5/warehouse-10-20-10-2-1_agents_400_test_0,baseline,warehouse-10-20-10-2-1,400,0,True,159,36863,4615,9,1176,0,187.713,ff3a19c2f897b4d693befb8021e55fca989410b8dba597a4bb6bdd8be5202709,4f275d192013f78bf1eda16424693778675f7700a6e6fabc8af8fe750d13d423
Paper_den312d_65_81_gp_5/den312d_agents_500_test_13,restart_fast,den312d,500,13,True,119,36912,5275,21,948,0,218.989,94708ad95c2b5b8624176f6757b7aa39ee07fc2c30b31e8d6976ae031b5148a0,83c66952c63fe1d6b38dde622bba2d5550edd823bd8ae03ffcfea82af9d575ee
Paper_random_32_32_gp_5/random-32-32-10_agents_350_test_7,baseline,random-32-32-10,350,7,True,25,8676,8388,538,814,0,165.6,f32abe60c422478cfe3b1fd1f0954bc9f5651a237fcb2762836201b23a8d7b1c,4f275d192013f78bf1eda16424693778675f7700a6e6fabc8af8fe750d13d423
Paper_Boston_gp_5/Boston_0_256_agents_500_test_3,restart_fast,Boston_0_256,500,3,True,2926,79550,5483,6,946,1,2982.94,834bd27d76830ab165ad79a326b5dfd5455fccdec60fb0eebcf28adeaf3c9194,83c66952c63fe1d6b38dde622bba2d5550edd823bd8ae03ffcfea82af9d575ee
Paper_den312d_65_81_gp_5/den312d_agents_250_test_9,baseline,den312d,250,9,True,40,14664,4526,11,1315,0,92.158,9c5d1fefe8a16cf853d8d956ba7175cc5825b53e0426ff730e56a96a0da068c9,4f275d192013f78bf1eda16424693778675f7700a6e6fabc8af8fe750d13d423
Paper_room_64_64_8_gp_5/room-64-64-8_agents_450_test_11,baseline,room-64-64-8,450,11,True,123,36606,4722,10,709,0,167.59,23fdabbd7e192a360bdbd0dcabb6783f9d7878b8e49041e8d473cf0bbe785e59,4f275d192013f78bf1eda16424693778675f7700a6e6fabc8af8fe750d13d423
Paper_room_64_64_8_gp_5/room-64-64-8_agents_350_test_16,baseline,room-64-64-8,350,16,True,83,25710,4265,15,1120,0,123.644,09a4b729c3ce1aa2cc2a90e21c5e73af459999d831707aa639b99b6be432ef06,4f275d192013f78bf1eda16424693778675f7700a6e6fabc8af8fe750d13d423
Paper_random_32_32_gp_5/random-32-32-10_agents_450_test_12,baseline,random-32-32-10,450,12,True,42,13303,6698,16,703,0,179.234,8f68dc661927e9295ad7e3ee450830b55f105d973962860305f89133c7071c17,4f275d192013f78bf1eda16424693778675f7700a6e6fabc8af8fe750d13d423
Paper_Boston_gp_5/Boston_0_256_agents_350_test_13,restart_fast,Boston_0_256,350,13,True,1563,52493,32460,8,907,3,4960.57,98ae65a584f24867bf6a708ad53249dd295b48e35bc6a61484bcf1008156c289,83c66952c63fe1d6b38dde622bba2d5550edd823bd8ae03ffcfea82af9d575ee
Paper_room_64_64_8_gp_5/room-64-64-8_agents_400_test_11,restart_fast,room-64-64-8,400,11,True,90,28579,13692,22,728,1,514.559,d66a6ac713071d65b87d55f1ec831c0f0451284b3850bce842889af9266512e6,83c66952c63fe1d6b38dde622bba2d5550edd823bd8ae03ffcfea82af9d575ee
Paper_maze_32_32_2_gp_5/maze-32-32-2_agents_400_test_0,restart_fast,maze-32-32-2,400,0,True,6432,274939,34453,1315,8595,9,1444.12,95566e4644190c65064588a3b362ba7b490223459a1de67d8dc6102dacbd7870,83c66952c63fe1d6b38dde622bba2d5550edd823bd8ae03ffcfea82af9d575ee
Paper_Boston_gp_5/Boston_0_256_agents_400_test_16,baseline,Boston_0_256,400,16,True,933,60287,36937,3,27,0,2316.89,2c694bd95f7a68aa30b4ee37f2b6ed7ba717dac4edca7af2d9c7bd7ba517a526,4f275d192013f78bf1eda16424693778675f7700a6e6fabc8af8fe750d13d423
Paper_warehouse_161_63_gp_5/warehouse-10-20-10-2-1_agents_450_test_15,restart_fast,warehouse-10-20-10-2-1,450,15,True,161,37024,6230,30,2103,1,289.533,47ac8dc87f5aacd8c366375a1008bd7eeeaa4e8d873b18562c666e2589a5a0e4,83c66952c63fe1d6b38dde622bba2d5550edd823bd8ae03ffcfea82af9d575ee
Paper_maze_32_32_2_gp_5/maze-32-32-2_agents_450_test_12,baseline,maze-32-32-2,450,12,False,0,0,27698,123,46984,0,445.829,9ac824034d54adeaaf7105f28da4fe6302e8e47ae7529ddf0f53aed607b7c13e,4f275d192013f78bf1eda16424693778675f7700a6e6fabc8af8fe750d13d423
Paper_maze_32_32_2_gp_5/maze-32-32-2_agents_500_test_3,baseline,maze-32-32-2,500,3,False,0,0,23751,149,41113,0,735.531,776ba7f95f03c7a50497908bf224257b4b199977416bbcf9acf3f983dda371fc,4f275d192013f78bf1eda16424693778675f7700a6e6fabc8af8fe750d13d423
Paper_symbotic_39_37_gp_5/symbotic_agents_300_test_14,baseline,symbotic,300,14,True,380,66270,6541,472,3457,0,139.056,279c8d2e20b48d602b92086be589fed0fc33efb840a8ec9dc463cc24cf22268a,4f275d192013f78bf1eda16424693778675f7700a6e6fabc8af8fe750d13d423
Paper_maze_32_32_2_gp_5/maze-32-32-2_agents_450_test_5,baseline,maze-32-32-2,450,5,True,383,231781,6062,181,1083,0,258.537,665627362ea4200b5c10bd003eefefd5c047df705fed4f33700bb412b54c121c,4f275d192013f78bf1eda16424693778675f7700a6e6fabc8af8fe750d13d423
Paper_maze_32_32_2_gp_5/maze-32-32-2_agents_350_test_7,restart_fast,maze-32-32-2,350,7,True,71,44328,5257,146,1720,1,196.825,7721df56859559c3acf3f124ec26594a9d8ebce3eb2835e25ee28c22a00135ed,83c66952c63fe1d6b38dde622bba2d5550edd823bd8ae03ffcfea82af9d575ee
Paper_symbotic_39_37_gp_5/symbotic_agents_250_test_13,baseline,symbotic,250,13,True,58,24846,4899,23,1357,0,83.8978,7204ab7e518c44cc55ddc130e1a510d92185a19614e892822ac27baa94ea995f,4f275d192013f78bf1eda16424693778675f7700a6e6fabc8af8fe750d13d423
Paper_Boston_gp_5/Boston_0_256_agents_450_test_8,restart_fast,Boston_0_256,450,8,True,3756,67431,4964,3,550,0,3686.59,8dc5ba3363de627625cc667cbe8e6f7ef3f4cd23285850a080ad865d82bf99be,83c66952c63fe1d6b38dde622bba2d5550edd823bd8ae03ffcfea82af9d575ee
Paper_maze_32_32_2_gp_5/maze-32-32-2_agents_450_test_12,restart_fast,maze-32-32-2,450,12,False,0,0,33617,3656,15127,24,3032.26,9ac824034d54adeaaf7105f28da4fe6302e8e47ae7529ddf0f53aed607b7c13e,83c66952c63fe1d6b38dde622bba2d5550edd823bd8ae03ffcfea82af9d575ee
Paper_room_64_64_8_gp_5/room-64-64-8_agents_250_test_10,restart_fast,room-64-64-8,250,10,True,49,15782,12267,883,1463,2,498.487,04d2302afd19869e04383864d65067dd12032481f45843b13fd65561f205b31b,83c66952c63fe1d6b38dde622bba2d5550edd823bd8ae03ffcfea82af9d575ee
Paper_den312d_65_81_gp_5/den312d_agents_500_test_2,restart_fast,den312d,500,2,True,115,37734,24680,69,404,1,4024.08,a16d12b7a18526424a363c13ef0a914066e23b6072e074396d8cde57f5f6457b,83c66952c63fe1d6b38dde622bba2d5550edd823bd8ae03ffcfea82af9d575ee
Paper_den312d_65_81_gp_5/den312d_agents_400_test_19,restart_fast,den312d,400,19,True,80,27209,4073,29,1008,0,151.924,5a83046f9836faab599c4130ea613ffdfc853320c93858fdcc4cab969c64c62e,83c66952c63fe1d6b38dde622bba2d5550edd823bd8ae03ffcfea82af9d575ee
Paper_room_64_64_8_gp_5/room-64-64-8_agents_500_test_16,baseline,room-64-64-8,500,16,True,145,39683,4522,10,777,0,209.754,6e324df69e39c090723096945f0e6d9f6a9fec9fbe43fb4e9c65810ae41aed79,4f275d192013f78bf1eda16424693778675f7700a6e6fabc8af8fe750d13d423
Paper_maze_32_32_2_gp_5/maze-32-32-2_agents_400_test_9,restart_fast,maze-32-32-2,400,9,True,103,59596,6407,1057,890,1,329.615,3d4d1f6bb622010e67b5556c585406c916cbfef2c3a10e668f0c5cc030b58866,83c66952c63fe1d6b38dde622bba2d5550edd823bd8ae03ffcfea82af9d575ee
Paper_random_32_32_gp_5/random-32-32-10_agents_400_test_2,baseline,random-32-32-10,400,2,True,33,10713,3801,10,1215,0,119.27,d01b0fbf7e84f05d29a53e2bc529d37c6e088cfa711f5877b9d8293dcd66192f,4f275d192013f78bf1eda16424693778675f7700a6e6fabc8af8fe750d13d423
Paper_den312d_65_81_gp_5/den312d_agents_350_test_3,baseline,den312d,350,3,True,62,21441,5169,20,1146,0,132.71,6069df25aaa0210950130d51ce8dac7ed75842c6ba8c963e314125c3924059b6,4f275d192013f78bf1eda16424693778675f7700a6e6fabc8af8fe750d13d423
Paper_symbotic_39_37_gp_5/symbotic_agents_250_test_15,restart_fast,symbotic,250,15,True,39,21650,12843,68,377,2,389.76,ecbc6ae16bb4ccf70d04e7039a68c411793e22492ab906908908da97d5e44a86,83c66952c63fe1d6b38dde622bba2d5550edd823bd8ae03ffcfea82af9d575ee
Paper_den312d_65_81_gp_5/den312d_agents_350_test_14,restart_fast,den312d,350,14,True,60,21607,31326,68,969,2,2480.6,a89676d327e883f93aee609c82e7ea4381ef09b628728d03b5e4489e0a74a4f6,83c66952c63fe1d6b38dde622bba2d5550edd823bd8ae03ffcfea82af9d575ee
Paper_orz900d_gp_5/orz900d_agents_400_test_6,restart_fast,orz900d,400,6,True,6778,314380,5158,10,477,0,6181.52,3b2efc1e0aca33a2ebd5f780bacaaf64f162ecef1eb322909df4a795e87eeb3a,83c66952c63fe1d6b38dde622bba2d5550edd823bd8ae03ffcfea82af9d575ee
Paper_warehouse_161_63_gp_5/warehouse-10-20-10-2-1_agents_300_test_2,restart_fast,warehouse-10-20-10-2-1,300,2,True,89,23999,9250,10,1337,1,411.402,0e33c3086df4aaaa4ef6c4af6bc0ef438079715f435a98c3d3ce8f460585836c,83c66952c63fe1d6b38dde622bba2d5550edd823bd8ae03ffcfea82af9d575ee
Paper_random_32_32_gp_5/random-32-32-10_agents_250_test_11,baseline,random-32-32-10,250,11,True,14,5374,5232,5,898,0,85.6633,57915aa742c01e45de16788dc3faf58bcb8986ac2177393cf4d86c646d279877,4f275d192013f78bf1eda16424693778675f7700a6e6fabc8af8fe750d13d423
Paper_orz900d_gp_5/orz900d_agents_300_test_5,restart_fast,orz900d,300,5,True,4549,231805,18458,33,728,2,4974.88,8a3c63556eb72928b1f9f415d8d46d4a195ddc3e1fd2c9fdb114754fb57ab268,83c66952c63fe1d6b38dde622bba2d5550edd823bd8ae03ffcfea82af9d575ee
Paper_orz900d_gp_5/orz900d_agents_250_test_13,restart_fast,orz900d,250,13,True,4130,169957,11264,9,1271,1,4037.69,598110a1225d0012fcfc1ce4f7c8a42871477011264cea1039c9de20e5207205,83c66952c63fe1d6b38dde622bba2d5550edd823bd8ae03ffcfea82af9d575ee
Paper_den312d_65_81_gp_5/den312d_agents_250_test_4,restart_fast,den312d,250,4,True,36,14689,5099,12,1294,0,94.6065,dccbe14066dc706ed83921d2c959af484662234c8aa19fb832ac004a265b01c9,83c66952c63fe1d6b38dde622bba2d5550edd823bd8ae03ffcfea82af9d575ee
Paper_symbotic_39_37_gp_5/symbotic_agents_500_test_19,baseline,symbotic,500,19,False,0,0,33074,26253,5411,0,2888.86,3282ffea2d420b7fca70ecc1bbf9ec6e151d137a8c8fde481314b832e19c3ec7,4f275d192013f78bf1eda16424693778675f7700a6e6fabc8af8fe750d13d423
Paper_orz900d_gp_5/orz900d_agents_400_test_18,baseline,orz900d,400,18,True,7500,322482,5048,15,450,0,6717.16,2478e6da494119e2c3cadfe0b4caec63491f505a6c33b23f6ef78a7e2848b3e7,4f275d192013f78bf1eda16424693778675f7700a6e6fabc8af8fe750d13d423
Paper_symbotic_39_37_gp_5/symbotic_agents_250_test_9,restart_fast,symbotic,250,9,True,81,26225,13347,622,2259,3,381.215,db47b5a5dd9d07d6c7077d1cfd321150040c39c7608b775d5d88f79d076d1e73,83c66952c63fe1d6b38dde622bba2d5550edd823bd8ae03ffcfea82af9d575ee
Paper_maze_32_32_2_gp_5/maze-32-32-2_agents_300_test_0,baseline,maze-32-32-2,300,0,True,55,32369,7726,59,684,0,164.508,1b918a800cb59ab47bc7d895791c6a9f2b32426258aeab16d2dbc5f7fdf46bd9,4f275d192013f78bf1eda16424693778675f7700a6e6fabc8af8fe750d13d423
Paper_room_64_64_8_gp_5/room-64-64-8_agents_250_test_6,restart_fast,room-64-64-8,250,6,True,37,14374,6598,13,1650,1,114.403,47f923411d5e6f2c69ecae42fb74b2922d2ad14576c6cb5be9eb2c21d1fa2416,83c66952c63fe1d6b38dde622bba2d5550edd823bd8ae03ffcfea82af9d575ee
Paper_random_32_32_gp_5/random-32-32-10_agents_450_test_16,restart_fast,random-32-32-10,450,16,True,40,13464,7850,15,560,0,229.757,449e4302c21f1074889fdd8aa599fb25715f9e49ea6e4602270f12f8e45a3a25,83c66952c63fe1d6b38dde622bba2d5550edd823bd8ae03ffcfea82af9d575ee
Paper_symbotic_39_37_gp_5/symbotic_agents_500_test_15,baseline,symbotic,500,15,True,2858,1873301,13981,1158,543,0,1114.91,bc5c958468a38d1eff59a63f0f4cac92316ca45f8d21afd71c3df62d730e8917,4f275d192013f78bf1eda16424693778675f7700a6e6fabc8af8fe750d13d423
Paper_orz900d_gp_5/orz900d_agents_300_test_18,restart_fast,orz900d,300,18,True,2554,260686,21614,42,1214,3,3391.57,91e05d11c0e436ae8a805cb2361e982c171461e755b8923fb2079af3dfcc8f42,83c66952c63fe1d6b38dde622bba2d5550edd823bd8ae03ffcfea82af9d575ee
Paper_room_64_64_8_gp_5/room-64-64-8_agents_450_test_18,baseline,room-64-64-8,450,18,True,122,35536,5305,10,937,0,187.783,6dd3bf14482672b78083343e6b4dd4c2664d4994c2af7bec11f03278a469cc38,4f275d192013f78bf1eda16424693778675f7700a6e6fabc8af8fe750d13d423
Paper_orz900d_gp_5/orz900d_agents_450_test_19,baseline,orz900d,450,19,True,8037,380171,4160,13,419,0,7222.32,8f6cb2cb210d440e738aa2962e05bb8d54dda94491fa63bc697a61b032624dc8,4f275d192013f78bf1eda16424693778675f7700a6e6fabc8af8fe750d13d423
Paper_random_32_32_gp_5/random-32-32-10_agents_250_test_5,restart_fast,random-32-32-10,250,5,True,13,5252,7108,3,873,0,112.631,3cb2b14419729bfcf95c6536ee63d3523603f82cd9ac929b2d2c0bf4d0b987fd,83c66952c63fe1d6b38dde622bba2d5550edd823bd8ae03ffcfea82af9d575ee
Paper_Boston_gp_5/Boston_0_256_agents_400_test_8,baseline,Boston_0_256,400,8,True,2565,57251,18084,0,128,0,2931.43,a6838e13731cbce5c558e9ca3648e6db84f741390629e0a61629aaa9f991af80,4f275d192013f78bf1eda16424693778675f7700a6e6fabc8af8fe750d13d423
Paper_maze_32_32_2_gp_5/maze-32-32-2_agents_250_test_16,restart_fast,maze-32-32-2,250,16,True,33,23690,7509,46,848,0,132.654,20de39ed95fb275d7beb32afe6e351983f5e7605d10fe67500c82c3c7b093121,83c66952c63fe1d6b38dde622bba2d5550edd823bd8ae03ffcfea82af9d575ee
Paper_warehouse_161_63_gp_5/warehouse-10-20-10-2-1_agents_300_test_4,restart_fast,warehouse-10-20-10-2-1,300,4,True,93,25319,12375,26,2850,5,363.092,f57e712765d8a3fc3a3de2b88f251ac8f6305a529cc4770c9f22e974cfe9e1c1,83c66952c63fe1d6b38dde622bba2d5550edd823bd8ae03ffcfea82af9d575ee
Paper_Boston_gp_5/Boston_0_256_agents_250_test_18,baseline,Boston_0_256,250,18,True,1747,35918,5782,0,1168,0,1698.9,2d1131b5191c962099ea890d1daf1eb35db17dec6f2949a1aab9b7902109126b,4f275d192013f78bf1eda16424693778675f7700a6e6fabc8af8fe750d13d423
Paper_orz900d_gp_5/orz900d_agents_500_test_7,baseline,orz900d,500,7,True,9119,430446,2861,16,0,0,8079.44,52ec76d170833e68387f50b7a844b48fe530963f0bf072fdce2673074ce8007d,4f275d192013f78bf1eda16424693778675f7700a6e6fabc8af8fe750d13d423
Paper_room_64_64_8_gp_5/room-64-64-8_agents_250_test_8,restart_fast,room-64-64-8,250,8,True,43,14839,7754,24,1759,3,160.045,f4cdf03777262b873c32dc4260fa72db818e6cb3fda501ecc0abf73a81773ffc,83c66952c63fe1d6b38dde622bba2d5550edd823bd8ae03ffcfea82af9d575ee
Paper_warehouse_161_63_gp_5/warehouse-10-20-10-2-1_agents_250_test_17,restart_fast,warehouse-10-20-10-2-1,250,17,True,62,19462,8978,21,1718,3,437.25,59b67875965f9ce8642b417571b70325273fa7ad612c40b9c78aa22c3fcaa995,83c66952c63fe1d6b38dde622bba2d5550edd823bd8ae03ffcfea82af9d575ee
Paper_warehouse_161_63_gp_5/warehouse-10-20-10-2-1_agents_350_test_8,baseline,warehouse-10-20-10-2-1,350,8,True,107,26919,4459,8,1151,0,163.709,e8ae2e70fa13f0b6f5ef947e896832dc8e951e95d2ff5f21ec070b720813fc7f,4f275d192013f78bf1eda16424693778675f7700a6e6fabc8af8fe750d13d423
Paper_maze_32_32_2_gp_5/maze-32-32-2_agents_250_test_18,baseline,maze-32-32-2,250,18,True,32,20211,5821,47,1263,0,103.758,4bb056e8ddbadbd6890de48fe916244c0d922b7530e64c760d9af14ec7cf8721,4f275d192013f78bf1eda16424693778675f7700a6e6fabc8af8fe750d13d423
Paper_symbotic_39_37_gp_5/symbotic_agents_400_test_1,restart_fast,symbotic,400,1,True,393,208412,27934,1503,940,3,2602.51,790bfbbf78532c880c9dc91597ee3155a589a584b7331379d0aaca9840544f41,83c66952c63fe1d6b38dde622bba2d5550edd823bd8ae03ffcfea82af9d575ee
Paper_den312d_65_81_gp_5/den312d_agents_400_test_18,baseline,den312d,400,18,True,81,27206,5659,22,877,0,157.732,87cbdf98c8494e64015f6c0ccf839ea50b397ff7a716b5c58234743b0c1d0b74,4f275d192013f78bf1eda16424693778675f7700a6e6fabc8af8fe750d13d423
Paper_maze_32_32_2_gp_5/maze-32-32-2_agents_350_test_2,baseline,maze-32-32-2,350,2,True,72,42124,4569,63,1478,0,142.861,48176085c4431159a74b3bc76afdfe2edb9182ff0b82a935fc568a23b0ede82c,4f275d192013f78bf1eda16424693778675f7700a6e6fabc8af8fe750d13d423
Paper_warehouse_161_63_gp_5/warehouse-10-20-10-2-1_agents_250_test_15,restart_fast,warehouse-10-20-10-2-1,250,15,True,61,16925,9208,15,3124,4,238.432,8649cfa9f17d749e97962f095938271f10a2d640711927cf9fc586231f836864,83c66952c63fe1d6b38dde622bba2d5550edd823bd8ae03ffcfea82af9d575ee
Paper_den312d_65_81_gp_5/den312d_agents_400_test_4,baseline,den312d,400,4,True,84,26011,5251,15,997,0,149.328,ab8acde770970e1fee66f91578cf7b4cab79292782729c66174786b7a289c0ee,4f275d192013f78bf1eda16424693778675f7700a6e6fabc8af8fe750d13d423
Paper_warehouse_161_63_gp_5/warehouse-10-20-10-2-1_agents_400_test_4,baseline,warehouse-10-20-10-2-1,400,4,True,143,34142,4538,13,1138,0,195.199,be5fe66dcbc257cef919195cf325e5caedd7b2269349ac5ad28af3e2482f0344,4f275d192013f78bf1eda16424693778675f7700a6e6fabc8af8fe750d13d423
Paper_room_64_64_8_gp_5/room-64-64-8_agents_450_test_9,baseline,room-64-64-8,450,9,True,124,37523,4673,9,931,0,170.856,165cc617cd5002191e8eae9c4d36e2e39f6574aac0160717a1e0949ba6f6568a,4f275d192013f78bf1eda16424693778675f7700a6e6fabc8af8fe750d13d423
Paper_den312d_65_81_gp_5/den312d_agents_450_test_0,restart_fast,den312d,450,0,True,84,30395,7050,66,936,1,238.49,f943574cb922fd3c456ab0d9f4e328ae73ba00bbc10bbe17e8a9017355f8609f,83c66952c63fe1d6b38dde622bba2d5550edd823bd8ae03ffcfea82af9d575ee
Paper_maze_32_32_2_gp_5/maze-32-32-2_agents_400_test_7,baseline,maze-32-32-2,400,7,True,185,91114,3991,446,1223,0,159.555,4085be0afd1ed8aadebc7907f71216d101ce73df11a5a9c3f4dace21a09e2c0b,4f275d192013f78bf1eda16424693778675f7700a6e6fabc8af8fe750d13d423
Paper_maze_32_32_2_gp_5/maze-32-32-2_agents_350_test_15,restart_fast,maze-32-32-2,350,15,True,72,44020,31854,142,138,1,2700.29,c58b5bb4ab8f570a21fe1d397e2892609c5ac0acfd3233ee6d16d99a5797b6a4,83c66952c63fe1d6b38dde622bba2d5550edd823bd8ae03ffcfea82af9d575ee
Paper_den312d_65_81_gp_5/den312d_agents_500_test_14,restart_fast,den312d,500,14,True,112,35876,6330,28,546,0,228.742,6c7a3c0b36d886e2803ff9c664a38b640c7425fdccf4d34cf44ee711c462f58f,83c66952c63fe1d6b38dde622bba2d5550edd823bd8ae03ffcfea82af9d575ee
Paper_maze_32_32_2_gp_5/maze-32-32-2_agents_450_test_11,restart_fast,maze-32-32-2,450,11,True,277,77296,4140,236,1037,1,311.956,b200810f8f5cfebb87bb301e81a9048087e3bb22f0a9889ed2a62536da38aaf0,83c66952c63fe1d6b38dde622bba2d5550edd823bd8ae03ffcfea82af9d575ee
Paper_maze_32_32_2_gp_5/maze-32-32-2_agents_300_test_2,restart_fast,maze-32-32-2,300,2,True,93,30603,22823,421,2574,7,911.925,172a1f4d7dd2078d696aaf8b7860ab70db72d9fe800dfc3b3035173c70c93af9,83c66952c63fe1d6b38dde622bba2d5550edd823bd8ae03ffcfea82af9d575ee
Paper_warehouse_161_63_gp_5/warehouse-10-20-10-2-1_agents_300_test_10,baseline,warehouse-10-20-10-2-1,300,10,True,86,20423,4915,10,1138,0,121.535,8a0489ab1e43b2cba7a597a985835ba46be122c99893381ba4e567846c857f18,4f275d192013f78bf1eda16424693778675f7700a6e6fabc8af8fe750d13d423
Paper_room_64_64_8_gp_5/room-64-64-8_agents_500_test_12,restart_fast,room-64-64-8,500,12,True,131,40598,5225,29,455,1,375.484,c30d1778a58360ffff24aca2193bc02d451fe0d6d0e28da8e22d19691260603a,83c66952c63fe1d6b38dde622bba2d5550edd823bd8ae03ffcfea82af9d575ee
Paper_maze_32_32_2_gp_5/maze-32-32-2_agents_300_test_14,baseline,maze-32-32-2,300,14,True,57,33020,5133,62,1002,0,121.499,edea0fda5820b5ecf9378b7c2f349d5dad40875bb684b0f9ce0d590a48359e18,4f275d192013f78bf1eda16424693778675f7700a6e6fabc8af8fe750d13d423
Paper_room_64_64_8_gp_5/room-64-64-8_agents_300_test_13,restart_fast,room-64-64-8,300,13,True,60,18974,40546,20,27,1,5429.83,93b277f61c9c0112313edd7cc2480d08609589b9076b6da73345512e7f003a56,83c66952c63fe1d6b38dde622bba2d5550edd823bd8ae03ffcfea82af9d575ee
Paper_room_64_64_8_gp_5/room-64-64-8_agents_450_test_1,baseline,room-64-64-8,450,1,True,119,35892,4837,12,848,0,186.767,f625467c941b0683c5dc2e7adbe7c6c35a6862355f12740c87f87f618d7b2982,4f275d192013f78bf1eda16424693778675f7700a6e6fabc8af8fe750d13d423
Paper_Boston_gp_5/Boston_0_256_agents_450_test_18,baseline,Boston_0_256,450,18,True,2178,65621,4027,2,823,0,2053.2,8befec5c9b52bfb443eaa6fc1b99ac5c46ee4bfb6a79e26b3c29cdbeb6b7592a,4f275d192013f78bf1eda16424693778675f7700a6e6fabc8af8fe750d13d423
Paper_maze_32_32_2_gp_5/maze-32-32-2_agents_500_test_7,baseline,maze-32-32-2,500,7,False,0,0,36245,152,20079,0,771.017,1b08451da42a69460e907be5c05d4c24236c1cd1bb4827efd48b617cba5bdcf1,4f275d192013f78bf1eda16424693778675f7700a6e6fabc8af8fe750d13d423
Paper_Boston_gp_5/Boston_0_256_agents_500_test_11,restart_fast,Boston_0_256,500,11,True,3379,75824,20353,5,165,1,5146.67,3116ea9ea21a8027b465772237192e2c9ada19d95a34f4b40025dddd40a6202b,83c66952c63fe1d6b38dde622bba2d5550edd823bd8ae03ffcfea82af9d575ee
Paper_orz900d_gp_5/orz900d_agents_450_test_2,baseline,orz900d,450,2,True,7783,387849,4724,23,320,0,6933.11,8dc236f98f9ccbfadf4d43c5289209f3fd8219ad059e5d1462a771af081f3ae3,4f275d192013f78bf1eda16424693778675f7700a6e6fabc8af8fe750d13d423
Paper_warehouse_161_63_gp_5/warehouse-10-20-10-2-1_agents_400_test_1,restart_fast,warehouse-10-20-10-2-1,400,1,True,147,35086,3432,11,1515,0,175.159,3861d903ddeb76120ff318daef624cf08a0f35cebe92745d6d4744ec11400bf8,83c66952c63fe1d6b38dde622bba2d5550edd823bd8ae03ffcfea82af9d575ee
Paper_den312d_65_81_gp_5/den312d_agents_350_test_2,restart_fast,den312d,350,2,True,57,21960,5038,17,920,0,121.731,c532fbe90c8c2b0080a64849d4a474f20dc4ea3613a9630c689d8545072da79c,83c66952c63fe1d6b38dde622bba2d5550edd823bd8ae03ffcfea82af9d575ee
Paper_Boston_gp_5/Boston_0_256_agents_350_test_4,baseline,Boston_0_256,350,4,True,1103,49836,9987,1,291,0,1193.77,95af723910522cdaa5178a3c24bdea2c236052a4f7e63f9cd461129d5dc03a8b,4f275d192013f78bf1eda16424693778675f7700a6e6fabc8af8fe750d13d423
Paper_warehouse_161_63_gp_5/warehouse-10-20-10-2-1_agents_250_test_9,baseline,warehouse-10-20-10-2-1,250,9,True,73,19389,5482,4,1121,0,132.733,0849b774a9ce4e94d2126337ce170ac55300ae31d5bcfd0cadd522e1923c914d,4f275d192013f78bf1eda16424693778675f7700a6e6fabc8af8fe750d13d423
Paper_orz900d_gp_5/orz900d_agents_500_test_14,restart_fast,orz900d,500,14,True,9181,402941,3054,20,0,0,8213.36,c023cf512f0ceb3951fe09d7be21c800331b34a062cb2db98966b6b3bbe626b3,83c66952c63fe1d6b38dde622bba2d5550edd823bd8ae03ffcfea82af9d575ee
Paper_orz900d_gp_5/orz900d_agents_250_test_9,baseline,orz900d,250,9,True,3643,173982,7570,4,855,0,3279.77,75201eb3a4b7fcf2d0171417c4c6ba7bd8813690726016a1221267d3b8dd4d15,4f275d192013f78bf1eda16424693778675f7700a6e6fabc8af8fe750d13d423
Paper_random_32_32_gp_5/random-32-32-10_agents_250_test_5,baseline,random-32-32-10,250,5,True,13,5252,6543,3,814,0,104.723,3cb2b14419729bfcf95c6536ee63d3523603f82cd9ac929b2d2c0bf4d0b987fd,4f275d192013f78bf1eda16424693778675f7700a6e6fabc8af8fe750d13d423
Paper_warehouse_161_63_gp_5/warehouse-10-20-10-2-1_agents_500_test_12,baseline,warehouse-10-20-10-2-1,500,12,True,214,49170,3469,18,979,0,219.291,c103be33cad6d8d0d0490b09084a05f5c28dfd867a5a2cf639c0441b0d5d5cb4,4f275d192013f78bf1eda16424693778675f7700a6e6fabc8af8fe750d13d423
Paper_maze_32_32_2_gp_5/maze-32-32-2_agents_450_test_3,baseline,maze-32-32-2,450,3,True,147,77807,5351,104,696,0,236.434,517276b8dd0b820b8bbbcd78fc643343c16614d585c1531decd34ef21aa8b75b,4f275d192013f78bf1eda16424693778675f7700a6e6fabc8af8fe750d13d423
Paper_random_32_32_gp_5/random-32-32-10_agents_300_test_10,baseline,random-32-32-10,300,10,True,20,6823,4785,8,1061,0,83.5064,41e3f7c0a58d93c25921929c566c9316e2144db77056cbb0b15168a7cba5a773,4f275d192013f78bf1eda16424693778675f7700a6e6fabc8af8fe750d13d423
Paper_den312d_65_81_gp_5/den312d_agents_500_test_8,baseline,den312d,500,8,True,115,35361,5053,28,996,0,199.433,321e098175641c61aea5749d0b0758f9042d9bf515a7ccf3122ef0bc68f77273,4f275d192013f78bf1eda16424693778675f7700a6e6fabc8af8fe750d13d423
Paper_den312d_65_81_gp_5/den312d_agents_450_test_9,baseline,den312d,450,9,True,101,31462,4592,29,915,0,142.96,0cd7c440ae484fd4a8e08162e941684c27cf7b6118ecc276dd077f131bfaa1ea,4f275d192013f78bf1eda16424693778675f7700a6e6fabc8af8fe750d13d423
Paper_orz900d_gp_5/orz900d_agents_350_test_18,restart_fast,orz900d,350,18,True,5877,315882,5271,14,615,0,5317.65,317ee1ef60836bcef2ee8935cc6dd2e9897ae43d2975bbac967d81d757cfc26b,83c66952c63fe1d6b38dde622bba2d5550edd823bd8ae03ffcfea82af9d575ee
Paper_warehouse_161_63_gp_5/warehouse-10-20-10-2-1_agents_250_test_0,baseline,warehouse-10-20-10-2-1,250,0,True,68,20570,6984,4,819,0,207.265,d78fbfd7f51c40b4180eeba0eb081e29018ec26de2a118844609f3613ab5a943,4f275d192013f78bf1eda16424693778675f7700a6e6fabc8af8fe750d13d423
Paper_den312d_65_81_gp_5/den312d_agents_500_test_17,restart_fast,den312d,500,17,True,116,40028,3373,39,739,0,167.56,8f6978e50dbe506c781ff02e77f69ecded005ac39355a591058d182b0b972626,83c66952c63fe1d6b38dde622bba2d5550edd823bd8ae03ffcfea82af9d575ee
Paper_Boston_gp_5/Boston_0_256_agents_250_test_10,restart_fast,Boston_0_256,250,10,True,1498,36426,5797,1,1146,1,1496.99,9bfb9e15523f1ef61edc5ba319a26dcf7fdf0b04968ae4c21af0bd5512edef65,83c66952c63fe1d6b38dde622bba2d5550edd823bd8ae03ffcfea82af9d575ee
Paper_orz900d_gp_5/orz900d_agents_450_test_7,restart_fast,orz900d,450,7,True,7499,408038,4515,24,365,0,6730.19,75744d61b9149d783fd25b57cd7649674ff5685dba4f7113117ad5f4ed8e231f,83c66952c63fe1d6b38dde622bba2d5550edd823bd8ae03ffcfea82af9d575ee
Paper_warehouse_161_63_gp_5/warehouse-10-20-10-2-1_agents_350_test_8,restart_fast,warehouse-10-20-10-2-1,350,8,True,148,26919,13690,27,666,2,965.863,e8ae2e70fa13f0b6f5ef947e896832dc8e951e95d2ff5f21ec070b720813fc7f,83c66952c63fe1d6b38dde622bba2d5550edd823bd8ae03ffcfea82af9d575ee
Paper_symbotic_39_37_gp_5/symbotic_agents_500_test_15,restart_fast,symbotic,500,15,True,2594,1873301,14912,1158,611,0,1211.24,bc5c958468a38d1eff59a63f0f4cac92316ca45f8d21afd71c3df62d730e8917,83c66952c63fe1d6b38dde622bba2d5550edd823bd8ae03ffcfea82af9d575ee
Paper_orz900d_gp_5/orz900d_agents_400_test_7,baseline,orz900d,400,7,True,7043,329703,4343,11,431,0,6301.62,449aa3a067229b91009d536c5fc4e5bbab1f9c469330ad8b53811e6f6942c900,4f275d192013f78bf1eda16424693778675f7700a6e6fabc8af8fe750d13d423
Paper_room_64_64_8_gp_5/room-64-64-8_agents_500_test_15,restart_fast,room-64-64-8,500,15,True,127,39200,6343,16,750,0,215.28,79858918ac9c9a84e18983ea38e9b517e3e874e9bfdf0ba7b6832ccc4756e3fc,83c66952c63fe1d6b38dde622bba2d5550edd823bd8ae03ffcfea82af9d575ee
Paper_symbotic_39_37_gp_5/symbotic_agents_400_test_18,baseline,symbotic,400,18,True,948,405084,9278,174,1292,0,346.889,9c50fb2f09291c8529d322b6d04627962749b35fdb6e9aa1355f9b50261a853c,4f275d192013f78bf1eda16424693778675f7700a6e6fabc8af8fe750d13d423
Paper_maze_32_32_2_gp_5/maze-32-32-2_agents_400_test_0,baseline,maze-32-32-2,400,0,False,0,0,51793,676,9561,0,1372.48,95566e4644190c65064588a3b362ba7b490223459a1de67d8dc6102dacbd7870,4f275d192013f78bf1eda16424693778675f7700a6e6fabc8af8fe750d13d423
Paper_orz900d_gp_5/orz900d_agents_400_test_8,restart_fast,orz900d,400,8,True,7196,314333,9692,30,273,1,7099.71,d95728d4fc27316aaee97b7ebb8350726416d96bf6581b2ed73673a391a52cab,83c66952c63fe1d6b38dde622bba2d5550edd823bd8ae03ffcfea82af9d575ee
Paper_den312d_65_81_gp_5/den312d_agents_500_test_9,baseline,den312d,500,9,True,135,41825,5450,41,701,0,224.814,fe58910c9dd0b09b9bd86359369f8c9bcd7e3dd1a54aae7f17f77b59eab847cd,4f275d192013f78bf1eda16424693778675f7700a6e6fabc8af8fe750d13d423
Paper_symbotic_39_37_gp_5/symbotic_agents_400_test_2,baseline,symbotic,400,2,True,3970,1333100,23181,8219,3918,0,770.537,72edcf7a2f3f4958bda00f520dbd11cd7740a4bfb92ce9e18133c3a64f9c428f,4f275d192013f78bf1eda16424693778675f7700a6e6fabc8af8fe750d13d423
Paper_room_64_64_8_gp_5/room-64-64-8_agents_350_test_7,baseline,room-64-64-8,350,7,True,76,23263,6198,6,967,0,145.178,da48a20eb3341f67280725d24f7cd950d76e021aa30f842af482ccbc143b13df,4f275d192013f78bf1eda16424693778675f7700a6e6fabc8af8fe750d13d423
Paper_orz900d_gp_5/orz900d_agents_350_test_19,baseline,orz900d,350,19,True,6193,303835,5472,22,592,0,5559.33,a77f5f26ff9ff3b6b500c24d837cda3e9664de9e658d859273ac749aef1b16c6,4f275d192013f78bf1eda16424693778675f7700a6e6fabc8af8fe750d13d423
Paper_orz900d_gp_5/orz900d_agents_450_test_3,baseline,orz900d,450,3,True,8573,365521,3958,235,277,0,7630.41,5d600c30f906b32862a4282b58b5777b6b1dfe79b59e63381c87d684d5a7819d,4f275d192013f78bf1eda16424693778675f7700a6e6fabc8af8fe750d13d423
Paper_orz900d_gp_5/orz900d_agents_250_test_10,restart_fast,orz900d,250,10,True,4399,222595,7106,10,746,1,4145.23,4927d8fb0b3abfe2bef799724f54a33934da4d17c1457bd2e12be2e6e70ad9b2,83c66952c63fe1d6b38dde622bba2d5550edd823bd8ae03ffcfea82af9d575ee
Paper_maze_32_32_2_gp_5/maze-32-32-2_agents_300_test_11,restart_fast,maze-32-32-2,300,11,True,43,28489,40792,166,252,2,3909.29,a00c46a6a35c5101b933cc56ff0a7e8ba9316224769f2ce1db8ecc281608968c,83c66952c63fe1d6b38dde622bba2d5550edd823bd8ae03ffcfea82af9d575ee
Paper_room_64_64_8_gp_5/room-64-64-8_agents_250_test_6,baseline,room-64-64-8,250,6,True,50,14235,5099,9,1258,0,98.0118,47f923411d5e6f2c69ecae42fb74b2922d2ad14576c6cb5be9eb2c21d1fa2416,4f275d192013f78bf1eda16424693778675f7700a6e6fabc8af8fe750d13d423
Paper_warehouse_161_63_gp_5/warehouse-10-20-10-2-1_agents_450_test_15,baseline,warehouse-10-20-10-2-1,450,15,True,183,39215,3395,17,1527,0,209.63,47ac8dc87f5aacd8c366375a1008bd7eeeaa4e8d873b18562c666e2589a5a0e4,4f275d192013f78bf1eda16424693778675f7700a6e6fabc8af8fe750d13d423
Paper_den312d_65_81_gp_5/den312d_agents_500_test_3,baseline,den312d,500,3,True,117,39200,3821,39,1028,0,161.451,fca4541a105794b63e33e9797850812235fa1f8b872d48486071dc66f9001974,4f275d192013f78bf1eda16424693778675f7700a6e6fabc8af8fe750d13d423
Paper_symbotic_39_37_gp_5/symbotic_agents_400_test_12,baseline,symbotic,400,12,True,493,253317,4215,1405,1583,0,266.31,61bd03453b076d27d82a3679f0177dd097282ba09b0d07e34112079918fec33b,4f275d192013f78bf1eda16424693778675f7700a6e6fabc8af8fe750d13d423
Paper_symbotic_39_37_gp_5/symbotic_agents_250_test_19,restart_fast,symbotic,250,19,True,53,26914,21770,60,982,1,756.826,34bacd0fde933e0a90945ccbaa03f93a4b7adeeab4ee3276fb98d6e67aead074,83c66952c63fe1d6b38dde622bba2d5550edd823bd8ae03ffcfea82af9d575ee
Paper_warehouse_161_63_gp_5/warehouse-10-20-10-2-1_agents_400_test_19,restart_fast,warehouse-10-20-10-2-1,400,19,True,169,38172,4309,10,1117,0,218.215,96e9ef1a5fe48d64e28710d6856ea1963aaeb2ac338464b98818f47f1633d49c,83c66952c63fe1d6b38dde622bba2d5550edd823bd8ae03ffcfea82af9d575ee
Paper_warehouse_161_63_gp_5/warehouse-10-20-10-2-1_agents_300_test_6,restart_fast,warehouse-10-20-10-2-1,300,6,True,95,24324,6818,21,1566,1,199.601,b79895e86256f872f2648061fb42327e44906c36336e0eba67fbee6f06e0a057,83c66952c63fe1d6b38dde622bba2d5550edd823bd8ae03ffcfea82af9d575ee
Paper_random_32_32_gp_5/random-32-32-10_agents_450_test_13,restart_fast,random-32-32-10,450,13,True,37,13075,5146,19,901,0,159.2,ceff80ecd9334c45dd08737aa554d6e09cbc6eb1e38d6638d25c794af811587b,83c66952c63fe1d6b38dde622bba2d5550edd823bd8ae03ffcfea82af9d575ee
Paper_maze_32_32_2_gp_5/maze-32-32-2_agents_300_test_4,restart_fast,maze-32-32-2,300,4,True,47,30381,10305,200,1843,3,276.064,09939348b2c902514793343977836f2a1c9b90538b08f0cef429eb3a9b6c18a5,83c66952c63fe1d6b38dde622bba2d5550edd823bd8ae03ffcfea82af9d575ee
Paper_symbotic_39_37_gp_5/symbotic_agents_300_test_8,restart_fast,symbotic,300,8,True,770,49850,12447,3261,3086,3,481.926,dd9dd9b021588dcb813000aea2ac3d6a8b3bc890a6b23ef94eb28b0d0a29113e,83c66952c63fe1d6b38dde622bba2d5550edd823bd8ae03ffcfea82af9d575ee
Paper_room_64_64_8_gp_5/room-64-64-8_agents_250_test_15,restart_fast,room-64-64-8,250,15,True,43,15034,46722,7,1152,2,3431.98,d2cd0bd5a9d25fdb9b4896af3db3e84f0307f4972a116989c99a7863559b57df,83c66952c63fe1d6b38dde622bba2d5550edd823bd8ae03ffcfea82af9d575ee
Paper_den312d_65_81_gp_5/den312d_agents_400_test_9,baseline,den312d,400,9,True,82,25881,4358,29,1065,0,155.84,97f2ce118a2eea7f602239be01e74adfcfd50795e1871c4e77c0bba9ee365692,4f275d192013f78bf1eda16424693778675f7700a6e6fabc8af8fe750d13d423
Paper_den312d_65_81_gp_5/den312d_agents_450_test_11,restart_fast,den312d,450,11,True,97,32413,8391,336,1688,2,311.077,cff952e522abf3d4cacd15f81253312c1d26bafd7e06ff7951aa36331aeb0b4e,83c66952c63fe1d6b38dde622bba2d5550edd823bd8ae03ffcfea82af9d575ee
Paper_room_64_64_8_gp_5/room-64-64-8_agents_350_test_19,restart_fast,room-64-64-8,350,19,True,74,24482,6138,13,973,0,154.243,ed79cecba52e19e363aa326c321ed3c78a04cee8e23770e3c8e52f98fb5794b5,83c66952c63fe1d6b38dde622bba2d5550edd823bd8ae03ffcfea82af9d575ee
Paper_orz900d_gp_5/orz900d_agents_450_test_8,baseline,orz900d,450,8,True,5471,344674,4986,20,607,0,4685.17,716ad5d5a3909886296fd61327b60958daf8434970c361612e94795ce97bfeaa,4f275d192013f78bf1eda16424693778675f7700a6e6fabc8af8fe750d13d423
Paper_random_32_32_gp_5/random-32-32-10_agents_450_test_16,baseline,random-32-32-10,450,16,True,43,13464,7267,15,476,0,226.729,449e4302c21f1074889fdd8aa599fb25715f9e49ea6e4602270f12f8e45a3a25,4f275d192013f78bf1eda16424693778675f7700a6e6fabc8af8fe750d13d423
Paper_warehouse_161_63_gp_5/warehouse-10-20-10-2-1_agents_450_test_0,baseline,warehouse-10-20-10-2-1,450,0,True,173,38741,4811,22,911,0,224.992,abb411e5e066758057246265557eeb3ab7e90389028c8904b7533846f21d8933,4f275d192013f78bf1eda16424693778675f7700a6e6fabc8af8fe750d13d423
Paper_maze_32_32_2_gp_5/maze-32-32-2_agents_250_test_13,baseline,maze-32-32-2,250,13,True,35,21346,5197,41,988,0,106.59,a6121564d81556c554cbaacc291f52ed0a9c4cb5d43b19f56aecdfa61c885225,4f275d192013f78bf1eda16424693778675f7700a6e6fabc8af8fe750d13d423
Paper_den312d_65_81_gp_5/den312d_agents_450_test_1,restart_fast,den312d,450,1,True,97,32636,8679,62,1333,1,291.411,b185bbcbd1f19ad2b5ebaef09a10395eca57f7e96a2bc616f0222b69bc7c0318,83c66952c63fe1d6b38dde622bba2d5550edd823bd8ae03ffcfea82af9d575ee
Paper_maze_32_32_2_gp_5/maze-32-32-2_agents_450_test_14,restart_fast,maze-32-32-2,450,14,True,782,68217,24213,373,2799,3,1916.62,b5c9ed90123a6eedc01fb1cd332504195c830669490893a3502a6475496b83b0,83c66952c63fe1d6b38dde622bba2d5550edd823bd8ae03ffcfea82af9d575ee
Paper_symbotic_39_37_gp_5/symbotic_agents_250_test_2,baseline,symbotic,250,2,True,43,21758,5194,27,1223,0,105.203,342a8588d2b742e3e73d14878424e0678aaed7c92a3b494814b049c71776700e,4f275d192013f78bf1eda16424693778675f7700a6e6fabc8af8fe750d13d423
Paper_symbotic_39_37_gp_5/symbotic_agents_400_test_9,baseline,symbotic,400,9,False,0,0,59969,16379,456,0,1918.49,d1c4d9d94a1890ac841cd6b476d3fd58b925ea3b5b3badfebd0446382f23c6b6,4f275d192013f78bf1eda16424693778675f7700a6e6fabc8af8fe750d13d423
Paper_symbotic_39_37_gp_5/symbotic_agents_400_test_0,restart_fast,symbotic,400,0,True,391,163352,26874,13796,526,1,1774.7,5ded689aa4e8cf12bf6f7180c0570d873d4a7c69bec7c74e137d03daaa778200,83c66952c63fe1d6b38dde622bba2d5550edd823bd8ae03ffcfea82af9d575ee
Paper_random_32_32_gp_5/random-32-32-10_agents_400_test_10,restart_fast,random-32-32-10,400,10,True,32,10762,6396,15,570,0,167.932,f0ebf4b340739259a22d9929be4ece65af59817dcaadcf6bae39af688dd4ffea,83c66952c63fe1d6b38dde622bba2d5550edd823bd8ae03ffcfea82af9d575ee
Paper_orz900d_gp_5/orz900d_agents_400_test_0,baseline,orz900d,400,0,True,7182,299612,4808,13,480,0,6393.83,52faf7e66be356d3d74aabff1a35204628175ae6572ac9e3cc2580954b9e1037,4f275d192013f78bf1eda16424693778675f7700a6e6fabc8af8fe750d13d423
Paper_Boston_gp_5/Boston_0_256_agents_250_test_13,baseline,Boston_0_256,250,13,True,1953,35904,54650,1,33,0,3457.17,cd56872cd9488f8f494d31ffc0bac7968a278676de701db01b2cb8038f304859,4f275d192013f78bf1eda16424693778675f7700a6e6fabc8af8fe750d13d423
Paper_warehouse_161_63_gp_5/warehouse-10-20-10-2-1_agents_250_test_2,baseline,warehouse-10-20-10-2-1,250,2,True,85,19763,5134,4,1111,0,146.236,2114aaafc640a8e7194d7025ade6fe9dd61b21abe403811ff046391bf34d2299,4f275d192013f78bf1eda16424693778675f7700a6e6fabc8af8fe750d13d423
Paper_room_64_64_8_gp_5/room-64-64-8_agents_250_test_14,baseline,room-64-64-8,250,14,True,48,14608,6334,7,1040,0,109.36,6553e965551d6e7c9e8f621e6016eeb3807636d560cf8fd3086bffb7812abd8f,4f275d192013f78bf1eda16424693778675f7700a6e6fabc8af8fe750d13d423
Paper_warehouse_161_63_gp_5/warehouse-10-20-10-2-1_agents_350_test_11,restart_fast,warehouse-10-20-10-2-1,350,11,True,99,29128,18723,27,266,1,2139.67,9cf46cebdb1ca336a93580c4e00b3b4c55fdea1a732d4de6c1a70200c62286a0,83c66952c63fe1d6b38dde622bba2d5550edd823bd8ae03ffcfea82af9d575ee
Paper_random_32_32_gp_5/random-32-32-10_agents_500_test_12,restart_fast,random-32-32-10,500,12,True,51,16015,7537,38,987,1,267.977,ba4d8c1c21ba0368c473c7ae7c25be4ee9c980c250136e9675e74b76cc14da03,83c66952c63fe1d6b38dde622bba2d5550edd823bd8ae03ffcfea82af9d575ee
Paper_maze_32_32_2_gp_5/maze-32-32-2_agents_250_test_12,baseline,maze-32-32-2,250,12,True,41,26561,6300,51,984,0,130.699,46d64132169a1e03af64c03fb2aee5eaddf77de609bae973d75b9077feb032fd,4f275d192013f78bf1eda16424693778675f7700a6e6fabc8af8fe750d13d423
Paper_warehouse_161_63_gp_5/warehouse-10-20-10-2-1_agents_500_test_2,restart_fast,warehouse-10-20-10-2-1,500,2,True,194,46055,8604,42,694,1,774.21,20d4497ec5ff53f208ce7327d816fa4e3cd884137cd5ce2a346fb44a428b4a57,83c66952c63fe1d6b38dde622bba2d5550edd823bd8ae03ffcfea82af9d575ee
Paper_symbotic_39_37_gp_5/symbotic_agents_350_test_15,restart_fast,symbotic,350,15,True,178,78585,14595,187,1658,2,1085.55,c9dc45e158bf59cc92ec66ecab8a98b03b36e4981de8b5faa9d82036f556a8a2,83c66952c63fe1d6b38dde622bba2d5550edd823bd8ae03ffcfea82af9d575ee
Paper_room_64_64_8_gp_5/room-64-64-8_agents_350_test_5,baseline,room-64-64-8,350,5,True,82,23909,5119,15,1078,0,139.197,d1cf898d5f3a68aab6306b706f6848f0dd32c05b28503cf9b1758ad6a1169621,4f275d192013f78bf1eda16424693778675f7700a6e6fabc8af8fe750d13d423
Paper_symbotic_39_37_gp_5/symbotic_agents_350_test_8,baseline,symbotic,350,8,True,205,101648,6048,63,1125,0,195.925,b97d4008da343edb3bd9938728d613662bfd16e4744bbb98a3148cdd44169d3b,4f275d192013f78bf1eda16424693778675f7700a6e6fabc8af8fe750d13d423
Paper_random_32_32_gp_5/random-32-32-10_agents_350_test_0,restart_fast,random-32-32-10,350,0,True,36,8934,32272,22,170,1,4400.97,523d2b373f25ef7f84e2c31d4d62b1ddc0a5b917960f3f0d4d512fb90b283012,83c66952c63fe1d6b38dde622bba2d5550edd823bd8ae03ffcfea82af9d575ee
Paper_random_32_32_gp_5/random-32-32-10_agents_250_test_8,baseline,random-32-32-10,250,8,True,14,6082,4889,124,1304,0,77.5873,c3837b6dc1435f69395e47a7b933db0f3b99a155d18457f9ebe5fc13a5d12af0,4f275d192013f78bf1eda16424693778675f7700a6e6fabc8af8fe750d13d423
Paper_symbotic_39_37_gp_5/symbotic_agents_500_test_5,baseline,symbotic,500,5,True,3774,2526690,13979,7602,1762,0,1398.48,ca1fa4f10f4fa2d390c551c9d72a8ecf3abeb0a87828e672a2e8c63dbd6aaf78,4f275d192013f78bf1eda16424693778675f7700a6e6fabc8af8fe750d13d423
Paper_Boston_gp_5/Boston_0_256_agents_400_test_19,restart_fast,Boston_0_256,400,19,True,1529,62381,6736,2,1300,1,1572.18,c32fcafedf1cedefc4293cabcef60833201cbf09ae735d31a53df4fa82ef0d2f,83c66952c63fe1d6b38dde622bba2d5550edd823bd8ae03ffcfea82af9d575ee
Paper_random_32_32_gp_5/random-32-32-10_agents_400_test_10,baseline,random-32-32-10,400,10,True,34,10762,6480,15,586,0,154.029,f0ebf4b340739259a22d9929be4ece65af59817dcaadcf6bae39af688dd4ffea,4f275d192013f78bf1eda16424693778675f7700a6e6fabc8af8fe750d13d423
Paper_symbotic_39_37_gp_5/symbotic_agents_500_test_4,restart_fast,symbotic,500,4,False,0,0,29754,19270,2236,3,4153.03,c3f940ae2af53da061ace4b7032e63fcc0d9423aceac1bf58f4d12b95e61f20c,83c66952c63fe1d6b38dde622bba2d5550edd823bd8ae03ffcfea82af9d575ee
Paper_symbotic_39_37_gp_5/symbotic_agents_300_test_1,restart_fast,symbotic,300,1,True,121,46476,12135,399,1805,4,594.7,955d11c06f5425019ed75edce564c23a09d75c2fb0f8327e2e4c5efa77461be6,83c66952c63fe1d6b38dde622bba2d5550edd823bd8ae03ffcfea82af9d575ee
Paper_room_64_64_8_gp_5/room-64-64-8_agents_350_test_18,baseline,room-64-64-8,350,18,True,80,22564,4627,2,1166,0,135.612,51def7885c1becafec32f91cbca0533219b796cc43d250c8cb18cff9b69432fa,4f275d192013f78bf1eda16424693778675f7700a6e6fabc8af8fe750d13d423
Paper_random_32_32_gp_5/random-32-32-10_agents_350_test_15,baseline,random-32-32-10,350,15,True,25,8843,5856,8,905,0,109.602,64d864da97801e45ec9efb8834c4ac8f2dadacd7d1c2b89a3d336d6d4ae9e33c,4f275d192013f78bf1eda16424693778675f7700a6e6fabc8af8fe750d13d423
Paper_maze_32_32_2_gp_5/maze-32-32-2_agents_250_test_14,restart_fast,maze-32-32-2,250,14,True,34,22771,39103,5180,1576,5,2414.63,03c1584c6a4ee5dc9a6152363213a1d8c407ba7448299903cc484faebe1fa088,83c66952c63fe1d6b38dde622bba2d5550edd823bd8ae03ffcfea82af9d575ee
Paper_room_64_64_8_gp_5/room-64-64-8_agents_250_test_11,baseline,room-64-64-8,250,11,True,40,13810,4889,6,1299,0,89.262,d44ad96897ce8e9db87ed4746a74bac59fc945b046cf4e709fcb14df4045f27f,4f275d192013f78bf1eda16424693778675f7700a6e6fabc8af8fe750d13d423
Paper_orz900d_gp_5/orz900d_agents_300_test_14,restart_fast,orz900d,300,14,True,4036,250725,6311,16,862,0,3616.86,c11d1ab9f76efcc6c49b2cdbc739499a8582112a86d88f6500f2192759dc85df,83c66952c63fe1d6b38dde622bba2d5550edd823bd8ae03ffcfea82af9d575ee
Paper_Boston_gp_5/Boston_0_256_agents_500_test_4,baseline,Boston_0_256,500,4,True,3010,74100,3159,3,837,0,2871.66,dba2bfba109d02c2f18d1746ba23784ff96cab2e4eedc7055225e9a2fbb32908,4f275d192013f78bf1eda16424693778675f7700a6e6fabc8af8fe750d13d423
Paper_orz900d_gp_5/orz900d_agents_500_test_3,restart_fast,orz900d,500,3,True,9225,431176,2580,14,0,0,8423.71,7b4bf1d2c1740f3030f27e8a3ac18023ea6f6b85de830b53d93dfa7c8ef27345,83c66952c63fe1d6b38dde622bba2d5550edd823bd8ae03ffcfea82af9d575ee
Paper_room_64_64_8_gp_5/room-64-64-8_agents_400_test_0,restart_fast,room-64-64-8,400,0,True,94,28452,3961,17,1119,0,155.728,fbda163880879fd29d30a5d61f35a6297fd79b6c5483066341406365abfb082f,83c66952c63fe1d6b38dde622bba2d5550edd823bd8ae03ffcfea82af9d575ee
Paper_random_32_32_gp_5/random-32-32-10_agents_250_test_3,baseline,random-32-32-10,250,3,True,22,6133,7972,850,722,0,148.328,c8b7e557afeeddefeaac9f302f45342601260455d4a3410d81eff8d442d9f615,4f275d192013f78bf1eda16424693778675f7700a6e6fabc8af8fe750d13d423
Paper_random_32_32_gp_5/random-32-32-10_agents_300_test_13,restart_fast,random-32-32-10,300,13,True,17,6762,7468,7,769,0,126.167,249f46220061480c9641969326156e1e17687b966e72ac4cd8edb9ff78cfdf47,83c66952c63fe1d6b38dde622bba2d5550edd823bd8ae03ffcfea82af9d575ee
Paper_random_32_32_gp_5/random-32-32-10_agents_400_test_15,restart_fast,random-32-32-10,400,15,True,30,10260,6020,8,736,0,155.018,d22c4a735df030d9dc89ed12ea61127d181b02273c1d246bf090d73919252ac6,83c66952c63fe1d6b38dde622bba2d5550edd823bd8ae03ffcfea82af9d575ee
Paper_den312d_65_81_gp_5/den312d_agents_300_test_11,baseline,den312d,300,11,True,50,17941,4782,112,1075,0,91.7498,2708df76b80036fe0ac1e45830f8dfc9ee43b4496cf1bd78db1ec1ea1c83b72a,4f275d192013f78bf1eda16424693778675f7700a6e6fabc8af8fe750d13d423
Paper_room_64_64_8_gp_5/room-64-64-8_agents_500_test_14,restart_fast,room-64-64-8,500,14,True,143,42192,4572,10,906,0,208.341,c737d87418e6796f5805f04056c6edfed4d796e8fa849efc0a29c261c534a4a7,83c66952c63fe1d6b38dde622bba2d5550edd823bd8ae03ffcfea82af9d575ee
Paper_room_64_64_8_gp_5/room-64-64-8_agents_250_test_4,baseline,room-64-64-8,250,4,True,63,14138,5538,4,1067,0,118.771,9bb8f3fd4a181da3c3cbffdd2ceaca89a1fbcc7459d1587e937c0f62b194eb77,4f275d192013f78bf1eda16424693778675f7700a6e6fabc8af8fe750d13d423
Paper_maze_32_32_2_gp_5/maze-32-32-2_agents_250_test_11,restart_fast,maze-32-32-2,250,11,True,34,24132,4083,42,1432,0,87.0072,d1495258a7c825b54edb8c1f9a9b2443f9dce09b38e9a8539317fa7bc57457ca,83c66952c63fe1d6b38dde622bba2d5550edd823bd8ae03ffcfea82af9d575ee
Paper_room_64_64_8_gp_5/room-64-64-8_agents_450_test_7,restart_fast,room-64-64-8,450,7,True,134,39666,5655,37,1078,1,253.178,3a47255be32c9f21d3e6ec5dbc87edd32508d6c8d45dfb53c6bcd9c6e3a1b2f6,83c66952c63fe1d6b38dde622bba2d5550edd823bd8ae03ffcfea82af9d575ee
Paper_maze_32_32_2_gp_5/maze-32-32-2_agents_300_test_10,baseline,maze-32-32-2,300,10,True,49,29991,10328,40,463,0,284.888,917644893f7fd8aee83db84d6e925a180c842a648ca524970513a0b743e9e778,4f275d192013f78bf1eda16424693778675f7700a6e6fabc8af8fe750d13d423
Paper_maze_32_32_2_gp_5/maze-32-32-2_agents_500_test_0,baseline,maze-32-32-2,500,0,False,0,0,27646,140,23179,0,562.327,654154efb13f72d7f95880029af6a4fe992cfc635ac0581ca7aa17508167daa0,4f275d192013f78bf1eda16424693778675f7700a6e6fabc8af8fe750d13d423
Paper_room_64_64_8_gp_5/room-64-64-8_agents_350_test_0,restart_fast,room-64-64-8,350,0,True,71,22437,11495,39,1996,3,340.623,e84b6c4e15854b5c39ac37d890b5fb3e370e358b27d53b622d9f9a4608cc022e,83c66952c63fe1d6b38dde622bba2d5550edd823bd8ae03ffcfea82af9d575ee
Paper_maze_32_32_2_gp_5/maze-32-32-2_agents_350_test_19,restart_fast,maze-32-32-2,350,19,True,75,43351,40167,7805,296,2,3320.7,3d64b289167d6030bff5c772b77afc0f9d47d5d6bf7349cce25414ef4f35dc69,83c66952c63fe1d6b38dde622bba2d5550edd823bd8ae03ffcfea82af9d575ee
Paper_symbotic_39_37_gp_5/symbotic_agents_350_test_12,baseline,symbotic,350,12,True,359,168409,4442,256,1770,0,190.228,bceb639a40d793daf591f84349cf3490f732cbddff4f130324c562f996092cd8,4f275d192013f78bf1eda16424693778675f7700a6e6fabc8af8fe750d13d423
Paper_warehouse_161_63_gp_5/warehouse-10-20-10-2-1_agents_350_test_17,baseline,warehouse-10-20-10-2-1,350,17,True,121,27344,4476,8,1199,0,164.087,893194a987124abcee95b3a0431b9b83af313935a7dc7453edc1fb17398ccd46,4f275d192013f78bf1eda16424693778675f7700a6e6fabc8af8fe750d13d423
Paper_Boston_gp_5/Boston_0_256_agents_350_test_19,baseline,Boston_0_256,350,19,True,757,53232,4943,4,1144,0,672.388,7ccffe6f49f063c59eea18ea28333f825cf6cefd3c64dae94c3c83c9b99d3a5b,4f275d192013f78bf1eda16424693778675f7700a6e6fabc8af8fe750d13d423
Paper_maze_32_32_2_gp_5/maze-32-32-2_agents_350_test_6,restart_fast,maze-32-32-2,350,6,True,64,40961,37770,842,933,2,2329.91,cdff816b8a2debb881e32b51d5ac84ec12bae12bd633ecaa3da58de4a47c1a7c,83c66952c63fe1d6b38dde622bba2d5550edd823bd8ae03ffcfea82af9d575ee
Paper_den312d_65_81_gp_5/den312d_agents_450_test_8,baseline,den312d,450,8,True,103,32079,5629,23,982,0,177.343,b3f383daba305e2955f435406d38dbe987c56401c21b7752171c8d7155d5206c,4f275d192013f78bf1eda16424693778675f7700a6e6fabc8af8fe750d13d423
Paper_maze_32_32_2_gp_5/maze-32-32-2_agents_400_test_4,baseline,maze-32-32-2,400,4,True,118,68171,9798,95,514,0,347.662,cf172948b9ea1009d8fe4da042c2c8f105d5d69c0ae33d09694bfd95e07d91ea,4f275d192013f78bf1eda16424693778675f7700a6e6fabc8af8fe750d13d423
Paper_orz900d_gp_5/orz900d_agents_400_test_6,baseline,orz900d,400,6,True,7507,314380,4696,10,359,0,6704.84,3b2efc1e0aca33a2ebd5f780bacaaf64f162ecef1eb322909df4a795e87eeb3a,4f275d192013f78bf1eda16424693778675f7700a6e6fabc8af8fe750d13d423
Paper_random_32_32_gp_5/random-32-32-10_agents_450_test_18,restart_fast,random-32-32-10,450,18,True,35,12254,7901,30,907,1,286.003,d61d353ad1fbd52e8c54689c9bde2c402ca45699c3da97b9167429fc8260a47b,83c66952c63fe1d6b38dde622bba2d5550edd823bd8ae03ffcfea82af9d575ee
Paper_random_32_32_gp_5/random-32-32-10_agents_500_test_6,baseline,random-32-32-10,500,6,True,54,16625,3993,12,1087,0,166.579,0c778f00d8ad52b57634dd4fe322ed4561785d72382bdf51d9cfebdf1d10fa45,4f275d192013f78bf1eda16424693778675f7700a6e6fabc8af8fe750d13d423
Paper_orz900d_gp_5/orz900d_agents_250_test_6,baseline,orz900d,250,6,True,3870,198625,7595,3,853,0,3487.01,ba9d4b754538baf7cc24f6266a5c38172ce619447df8119c94234dbf51cde820,4f275d192013f78bf1eda16424693778675f7700a6e6fabc8af8fe750d13d423
Paper_Boston_gp_5/Boston_0_256_agents_250_test_12,baseline,Boston_0_256,250,12,True,655,35268,36313,2,69,0,1502.23,66afa4172310fc07b4dcd022328e43fd43be6bb4fb42e6c40b925230e07e8607,4f275d192013f78bf1eda16424693778675f7700a6e6fabc8af8fe750d13d423
Paper_Boston_gp_5/Boston_0_256_agents_400_test_6,baseline,Boston_0_256,400,6,True,980,59655,4030,1,774,0,908.17,7b298e5ed2c70cdf4a10e8718d8643343066fc5ba42ef921837774b69b477810,4f275d192013f78bf1eda16424693778675f7700a6e6fabc8af8fe750d13d423
Paper_symbotic_39_37_gp_5/symbotic_agents_450_test_11,restart_fast,symbotic,450,11,True,862,398259,10907,3834,414,1,843.873,65197b625fca1c33fd0f7f2b0e401f276d9bc4d745ef89b6b5d8308a0a01dfce,83c66952c63fe1d6b38dde622bba2d5550edd823bd8ae03ffcfea82af9d575ee
Paper_maze_32_32_2_gp_5/maze-32-32-2_agents_250_test_13,restart_fast,maze-32-32-2,250,13,True,31,21346,17942,75,937,1,832.817,a6121564d81556c554cbaacc291f52ed0a9c4cb5d43b19f56aecdfa61c885225,83c66952c63fe1d6b38dde622bba2d5550edd823bd8ae03ffcfea82af9d575ee
Paper_room_64_64_8_gp_5/room-64-64-8_agents_500_test_17,baseline,room-64-64-8,500,17,True,159,41245,4816,19,805,0,248.338,c65b39b3d4016eebbff491caf541059129892bbd41f40c27a49b95404bee6c05,4f275d192013f78bf1eda16424693778675f7700a6e6fabc8af8fe750d13d423
Paper_orz900d_gp_5/orz900d_agents_250_test_4,baseline,orz900d,250,4,True,4570,207559,6944,9,929,0,4195.14,a864f3e452e32d32b276d2ace9f2a459a7007ea869546a0b788c862be660e50d,4f275d192013f78bf1eda16424693778675f7700a6e6fabc8af8fe750d13d423
Paper_random_32_32_gp_5/random-32-32-10_agents_450_test_8,baseline,random-32-32-10,450,8,True,45,13235,3766,64,663,0,133.086,05c94facf8aa662f399d45c964401e4aec325ebee0a811a64a74eae9a7b90abb,4f275d192013f78bf1eda16424693778675f7700a6e6fabc8af8fe750d13d423
Paper_den312d_65_81_gp_5/den312d_agents_400_test_9,restart_fast,den312d,400,9,True,102,25881,3787,29,922,0,173.133,97f2ce118a2eea7f602239be01e74adfcfd50795e1871c4e77c0bba9ee365692,83c66952c63fe1d6b38dde622bba2d5550edd823bd8ae03ffcfea82af9d575ee
Paper_orz900d_gp_5/orz900d_agents_300_test_13,restart_fast,orz900d,300,13,True,5157,218815,11378,5,216,0,4880.48,c786afee8e03ce76b98e7dc33e2b4d6ed2de89a2ad9bf3b6956cbb227b4ed442,83c66952c63fe1d6b38dde622bba2d5550edd823bd8ae03ffcfea82af9d575ee
Paper_maze_32_32_2_gp_5/maze-32-32-2_agents_450_test_5,restart_fast,maze-32-32-2,450,5,True,4075,97216,18728,2502,6847,9,1308.58,665627362ea4200b5c10bd003eefefd5c047df705fed4f33700bb412b54c121c,83c66952c63fe1d6b38dde622bba2d5550edd823bd8ae03ffcfea82af9d575ee
Paper_den312d_65_81_gp_5/den312d_agents_250_test_10,restart_fast,den312d,250,10,True,33,12882,13154,35,1676,2,255.23,34c99bd02e5c481705322d86e41d180fde075a1427023d831465436872d92dea,83c66952c63fe1d6b38dde622bba2d5550edd823bd8ae03ffcfea82af9d575ee
Paper_random_32_32_gp_5/random-32-32-10_agents_350_test_9,restart_fast,random-32-32-10,350,9,True,24,9147,6812,18,1227,1,164.424,1909533c1a0d5efdc355d53538b634e376c0965e277c5429a9601f82975a8bed,83c66952c63fe1d6b38dde622bba2d5550edd823bd8ae03ffcfea82af9d575ee
Paper_warehouse_161_63_gp_5/warehouse-10-20-10-2-1_agents_250_test_7,restart_fast,warehouse-10-20-10-2-1,250,7,True,69,20123,13455,16,1183,1,458.514,7d17978390bf10ef5e4ebaafe2560aefd8fcc58c5861ae47b69479c61b45a6bf,83c66952c63fe1d6b38dde622bba2d5550edd823bd8ae03ffcfea82af9d575ee
Paper_den312d_65_81_gp_5/den312d_agents_300_test_3,restart_fast,den312d,300,3,True,46,17364,37566,29,782,1,2427.13,c4a2291da15d4581858a90aca55512b8b7cc9bbd3beb13c8a5031c9053ce52a1,83c66952c63fe1d6b38dde622bba2d5550edd823bd8ae03ffcfea82af9d575ee
Paper_warehouse_161_63_gp_5/warehouse-10-20-10-2-1_agents_250_test_6,baseline,warehouse-10-20-10-2-1,250,6,True,74,18944,4501,3,1204,0,117.061,6ac2154cd5dba66041ff72fc847a0abb2779d12b98639e77300a7c1c30716df2,4f275d192013f78bf1eda16424693778675f7700a6e6fabc8af8fe750d13d423
Paper_symbotic_39_37_gp_5/symbotic_agents_400_test_11,restart_fast,symbotic,400,11,True,1353,192096,21742,4175,2987,3,1723.37,6a20a665a55052785ffd93ccfa571255c06ea3b75e53ba1590e1a3df8915333b,83c66952c63fe1d6b38dde622bba2d5550edd823bd8ae03ffcfea82af9d575ee
Paper_den312d_65_81_gp_5/den312d_agents_500_test_7,restart_fast,den312d,500,7,True,117,36817,6183,78,1139,1,326.224,1411aaa6ff247b9ef80d6a966a0b315b4c169d661fba6f201925c0154110ac35,83c66952c63fe1d6b38dde622bba2d5550edd823bd8ae03ffcfea82af9d575ee
Paper_orz900d_gp_5/orz900d_agents_400_test_14,restart_fast,orz900d,400,14,True,4917,344862,5840,9,639,0,4254.64,5e289a4d903a6cb5a517f09ed7d70dd84f8cfbd686ae7255d36799434836ac38,83c66952c63fe1d6b38dde622bba2d5550edd823bd8ae03ffcfea82af9d575ee
Paper_room_64_64_8_gp_5/room-64-64-8_agents_250_test_10,baseline,room-64-64-8,250,10,True,50,16266,5394,4,1001,0,101.153,04d2302afd19869e04383864d65067dd12032481f45843b13fd65561f205b31b,4f275d192013f78bf1eda16424693778675f7700a6e6fabc8af8fe750d13d423
Paper_random_32_32_gp_5/random-32-32-10_agents_500_test_18,restart_fast,random-32-32-10,500,18,True,50,15265,6817,32,1021,1,252.729,92c33418a07d0669d5af37af6d053490d87b3acc2fde63990da5656d39cd6de0,83c66952c63fe1d6b38dde622bba2d5550edd823bd8ae03ffcfea82af9d575ee
Paper_warehouse_161_63_gp_5/warehouse-10-20-10-2-1_agents_500_test_17,baseline,warehouse-10-20-10-2-1,500,17,True,210,46086,3926,13,990,0,250.697,0c59df157d8512ace5f73ff8e0064ac05be570ffca598be9b8d13190a31b14e9,4f275d192013f78bf1eda16424693778675f7700a6e6fabc8af8fe750d13d423
Paper_maze_32_32_2_gp_5/maze-32-32-2_agents_450_test_0,baseline,maze-32-32-2,450,0,True,161,84518,3928,120,996,0,198.815,36d3acb7a72f4bbb39c43282cb5c28b5ac0af066fce112c797fd5e10f422ff24,4f275d192013f78bf1eda16424693778675f7700a6e6fabc8af8fe750d13d423
Paper_maze_32_32_2_gp_5/maze-32-32-2_agents_250_test_4,restart_fast,maze-32-32-2,250,4,True,30,20787,16686,5081,652,2,832.635,112b16e580d7c9f8a70b0d5663617a491dc71e01b49e0287a91983317fbebd3f,83c66952c63fe1d6b38dde622bba2d5550edd823bd8ae03ffcfea82af9d575ee
Paper_orz900d_gp_5/orz900d_agents_300_test_4,baseline,orz900d,300,4,True,4846,231895,5516,8,772,0,4406.52,f07adc6af0a1dbd509d00efbb12c3d7394e26cf5220665472c3f4db301cdb460,4f275d192013f78bf1eda16424693778675f7700a6e6fabc8af8fe750d13d423
Paper_random_32_32_gp_5/random-32-32-10_agents_400_test_1,restart_fast,random-32-32-10,400,1,True,30,10418,4902,10,639,0,120.614,aee0de80a02e37b18b671cd24394fd0a8ccc00f85ac2d88fac97cd91c1396aab,83c66952c63fe1d6b38dde622bba2d5550edd823bd8ae03ffcfea82af9d575ee
Paper_random_32_32_gp_5/random-32-32-10_agents_500_test_18,baseline,random-32-32-10,500,18,True,52,15433,5172,17,667,0,184.702,92c33418a07d0669d5af37af6d053490d87b3acc2fde63990da5656d39cd6de0,4f275d192013f78bf1eda16424693778675f7700a6e6fabc8af8fe750d13d423
Paper_symbotic_39_37_gp_5/symbotic_agents_300_test_2,baseline,symbotic,300,2,True,114,59240,3744,48,2027,0,125.989,3032187b36afff1a3cf43ef883bac911092acc0b8d86b8759b2f3e2cfaaec170,4f275d192013f78bf1eda16424693778675f7700a6e6fabc8af8fe750d13d423
Paper_Boston_gp_5/Boston_0_256_agents_450_test_10,baseline,Boston_0_256,450,10,True,1387,66472,4526,1,944,0,1278.67,ff2f4ae90bb8ea68b362af624f017292e61cf06990984ffc236ea1969555aed0,4f275d192013f78bf1eda16424693778675f7700a6e6fabc8af8fe750d13d423
Paper_orz900d_gp_5/orz900d_agents_250_test_7,restart_fast,orz900d,250,7,True,4556,202995,10501,18,562,1,4466.32,5a72ff7e3cd82be4c089af881a5019caf1e427d3ee25bbcdc61cc933434d7623,83c66952c63fe1d6b38dde622bba2d5550edd823bd8ae03ffcfea82af9d575ee
Paper_den312d_65_81_gp_5/den312d_agents_250_test_8,baseline,den312d,250,8,True,35,14111,5732,19,1014,0,133.822,0be94466d8c3bb6cea11904f5dff1c7462ed1e50470d17ec72df517b44902873,4f275d192013f78bf1eda16424693778675f7700a6e6fabc8af8fe750d13d423
Paper_Boston_gp_5/Boston_0_256_agents_250_test_7,baseline,Boston_0_256,250,7,True,658,39361,5128,0,780,0,633.998,cdd322d302cdefae001c6c7c606f3d15ee760d4c59f82597dcacbc6444777800,4f275d192013f78bf1eda16424693778675f7700a6e6fabc8af8fe750d13d423
Paper_random_32_32_gp_5/random-32-32-10_agents_450_test_13,baseline,random-32-32-10,450,13,True,40,13075,5092,19,892,0,150.976,ceff80ecd9334c45dd08737aa554d6e09cbc6eb1e38d6638d25c794af811587b,4f275d192013f78bf1eda16424693778675f7700a6e6fabc8af8fe750d13d423
Paper_room_64_64_8_gp_5/room-64-64-8_agents_250_test_15,baseline,room-64-64-8,250,15,True,48,15029,4247,4,1519,0,97.6149,d2cd0bd5a9d25fdb9b4896af3db3e84f0307f4972a116989c99a7863559b57df,4f275d192013f78bf1eda16424693778675f7700a6e6fabc8af8fe750d13d423
Paper_warehouse_161_63_gp_5/warehouse-10-20-10-2-1_agents_350_test_3,baseline,warehouse-10-20-10-2-1,350,3,True,116,27631,4695,6,1043,0,157.603,e3a589f31092ea09bfbdcd278d79c675d275bec46314894e23f9a6046b947933,4f275d192013f78bf1eda16424693778675f7700a6e6fabc8af8fe750d13d423
Paper_Boston_gp_5/Boston_0_256_agents_300_test_4,restart_fast,Boston_0_256,300,4,True,1752,42317,55601,3,44,1,4248.05,42f7c9b1b2a5d50aef7d7e9d8e2d7033350cf174f4e22f91d4385b44de9d0d10,83c66952c63fe1d6b38dde622bba2d5550edd823bd8ae03ffcfea82af9d575ee
Paper_orz900d_gp_5/orz900d_agents_500_test_13,restart_fast,orz900d,500,13,True,7403,438716,4781,20,384,0,6593.75,90dd5484c7f54f2a626c401fb9231c4fed99edfaf84cfbe66ae6236afab06da1,83c66952c63fe1d6b38dde622bba2d5550edd823bd8ae03ffcfea82af9d575ee
Paper_warehouse_161_63_gp_5/warehouse-10-20-10-2-1_agents_250_test_18,baseline,warehouse-10-20-10-2-1,250,18,True,73,16778,4981,3,1383,0,131.103,bc2d76731ea42ab2dc2b70f7b803ad8874f793d6fb0f92e5a679a0ec3ad7a1fc,4f275d192013f78bf1eda16424693778675f7700a6e6fabc8af8fe750d13d423
Paper_symbotic_39_37_gp_5/symbotic_agents_500_test_0,restart_fast,symbotic,500,0,True,3071,2431887,15956,283,1277,0,914.932,8105df8c4c3fc7e465f8b7308daa224a1f9917e6aa6823fc717ea5475c808756,83c66952c63fe1d6b38dde622bba2d5550edd823bd8ae03ffcfea82af9d575ee
Paper_room_64_64_8_gp_5/room-64-64-8_agents_300_test_6,baseline,room-64-64-8,300,6,True,66,19537,4295,8,1039,0,114.304,3a1f3cbdc023b1922b0466cd2e168d047a73a61b1388225157258637dcb6569e,4f275d192013f78bf1eda16424693778675f7700a6e6fabc8af8fe750d13d423
Paper_den312d_65_81_gp_5/den312d_agents_500_test_11,baseline,den312d,500,11,True,106,33004,6218,24,978,0,198.759,7d9bec57695a6c4702c4c6776b59273053ef8f7fabc95dc21c61493ce2a1dbe1,4f275d192013f78bf1eda16424693778675f7700a6e6fabc8af8fe750d13d423
Paper_maze_32_32_2_gp_5/maze-32-32-2_agents_350_test_16,restart_fast,maze-32-32-2,350,16,True,62,38614,31744,11191,435,1,4117.95,69c3f4a7938358e0122c98b5a81fe1614e7bc9cf67ec5f9f1988bc387386332d,83c66952c63fe1d6b38dde622bba2d5550edd823bd8ae03ffcfea82af9d575ee
Paper_Boston_gp_5/Boston_0_256_agents_300_test_3,restart_fast,Boston_0_256,300,3,True,1602,40200,28945,1,109,0,2242.57,9ba76a9a18cd4243d122fd35946523a475282e65eb88d1f3478832700a1b7bb7,83c66952c63fe1d6b38dde622bba2d5550edd823bd8ae03ffcfea82af9d575ee
Paper_warehouse_161_63_gp_5/warehouse-10-20-10-2-1_agents_400_test_5,restart_fast,warehouse-10-20-10-2-1,400,5,True,136,33584,14336,54,443,3,1704.39,534fcb8f5cd04755e0b584e4c2b6760085987a5ca4adc1fae2c23234c1cea014,83c66952c63fe1d6b38dde622bba2d5550edd823bd8ae03ffcfea82af9d575ee
Paper_warehouse_161_63_gp_5/warehouse-10-20-10-2-1_agents_400_test_17,baseline,warehouse-10-20-10-2-1,400,17,True,222,38314,4754,11,1163,0,240.695,d7965ee6b85466a37fac76742c573e857663bb578941792b92f4b2dd58089e1c,4f275d192013f78bf1eda16424693778675f7700a6e6fabc8af8fe750d13d423
Paper_random_32_32_gp_5/random-32-32-10_agents_500_test_0,baseline,random-32-32-10,500,0,True,53,15603,4818,18,743,0,173.346,3ef4308fb1a2baf222df63291bbc06a02fe722dd1250788031db59d41825fb8b,4f275d192013f78bf1eda16424693778675f7700a6e6fabc8af8fe750d13d423
Paper_Boston_gp_5/Boston_0_256_agents_350_test_12,restart_fast,Boston_0_256,350,12,True,871,51608,6568,3,1301,1,923.746,40b2776a34cb214a82675d0e5fff848b4bb43d3d6144c32a2009131cac323515,83c66952c63fe1d6b38dde622bba2d5550edd823bd8ae03ffcfea82af9d575ee
Paper_Boston_gp_5/Boston_0_256_agents_350_test_13,baseline,Boston_0_256,350,13,True,1105,53218,5284,3,939,0,1030.12,98ae65a584f24867bf6a708ad53249dd295b48e35bc6a61484bcf1008156c289,4f275d192013f78bf1eda16424693778675f7700a6e6fabc8af8fe750d13d423
Paper_warehouse_161_63_gp_5/warehouse-10-20-10-2-1_agents_450_test_9,baseline,warehouse-10-20-10-2-1,450,9,True,179,41821,3891,27,835,0,207.127,ecdee88bbf744017545c5c501dfe54101f549c209abe2ee87f27ceaca48bd566,4f275d192013f78bf1eda16424693778675f7700a6e6fabc8af8fe750d13d423
Paper_warehouse_161_63_gp_5/warehouse-10-20-10-2-1_agents_500_test_4,restart_fast,warehouse-10-20-10-2-1,500,4,True,196,50842,5003,21,1339,0,263.749,3b4aedf10a9a710bcc1a1dc1f0f725764dcb8ea056798e3ba6e015a559139001,83c66952c63fe1d6b38dde622bba2d5550edd823bd8ae03ffcfea82af9d575ee
Paper_room_64_64_8_gp_5/room-64-64-8_agents_350_test_6,restart_fast,room-64-64-8,350,6,True,79,23238,36023,25,970,3,3321.29,dbf726dba8bf3d381995f4b495caa61e317706535f91cb4432b46c739e788e21,83c66952c63fe1d6b38dde622bba2d5550edd823bd8ae03ffcfea82af9d575ee
Paper_Boston_gp_5/Boston_0_256_agents_500_test_12,restart_fast,Boston_0_256,500,12,True,2451,76171,13519,4,415,1,2904.85,5ebda53b825cafe48afbf73850315f9129d8bda3b38af9ec2b32ddadbcf3e330,83c66952c63fe1d6b38dde622bba2d5550edd823bd8ae03ffcfea82af9d575ee
Paper_room_64_64_8_gp_5/room-64-64-8_agents_250_test_5,restart_fast,room-64-64-8,250,5,True,40,14702,5376,5,1263,0,95.2295,dd2c45e7eb2191956e3c59204279f35aa01c9f2dda69e263576c828e9b297bbe,83c66952c63fe1d6b38dde622bba2d5550edd823bd8ae03ffcfea82af9d575ee
Paper_random_32_32_gp_5/random-32-32-10_agents_300_test_2,restart_fast,random-32-32-10,300,2,True,18,7425,5528,9,764,0,119.591,ff7f834b9bf19e29106dfca53da15f573fb910269144626e098bad09ae908b96,83c66952c63fe1d6b38dde622bba2d5550edd823bd8ae03ffcfea82af9d575ee
Paper_random_32_32_gp_5/random-32-32-10_agents_450_test_5,baseline,random-32-32-10,450,5,True,39,12852,5049,12,725,0,160.32,f2c154d878260434159829e57e81f0f36e96ae6cd70a278f8e24e691d42a6177,4f275d192013f78bf1eda16424693778675f7700a6e6fabc8af8fe750d13d423
Paper_random_32_32_gp_5/random-32-32-10_agents_400_test_11,baseline,random-32-32-10,400,11,True,37,10832,8132,16,572,0,295.876,46eef7224042f3413a95cea772da1f48e4bf408d1173223d15f42e9e40a8b837,4f275d192013f78bf1eda16424693778675f7700a6e6fabc8af8fe750d13d423
Paper_random_32_32_gp_5/random-32-32-10_agents_500_test_5,restart_fast,random-32-32-10,500,5,True,49,15044,4769,59,751,2,228.79,f66cf423e076bf803dba458a96998a7bd4cae385ff07230887e7cae4cc9638ef,83c66952c63fe1d6b38dde622bba2d5550edd823bd8ae03ffcfea82af9d575ee
Paper_warehouse_161_63_gp_5/warehouse-10-20-10-2-1_agents_350_test_2,restart_fast,warehouse-10-20-10-2-1,350,2,True,118,29997,5822,16,1484,1,228.304,6fcd0016df2c6e788609f38ad9f9f11dc4177f77bd28ccff8b45761fb7f32da6,83c66952c63fe1d6b38dde622bba2d5550edd823bd8ae03ffcfea82af9d575ee
Paper_random_32_32_gp_5/random-32-32-10_agents_500_test_13,restart_fast,random-32-32-10,500,13,True,48,15866,4837,13,757,0,149.368,12ebaf4c41cfa9464ec935797a2600a8f8a521a051bc90ff2abda815682414b5,83c66952c63fe1d6b38dde622bba2d5550edd823bd8ae03ffcfea82af9d575ee
Paper_maze_32_32_2_gp_5/maze-32-32-2_agents_400_test_4,restart_fast,maze-32-32-2,400,4,True,104,63503,7783,171,883,1,345.447,cf172948b9ea1009d8fe4da042c2c8f105d5d69c0ae33d09694bfd95e07d91ea,83c66952c63fe1d6b38dde622bba2d5550edd823bd8ae03ffcfea82af9d575ee
Paper_orz900d_gp_5/orz900d_agents_450_test_9,restart_fast,orz900d,450,9,True,8182,391335,3945,18,291,0,7435.25,6ff05973fe973633a9a3d46889d25dfaec583dd57e0e4a4ee9320d3981a54459,83c66952c63fe1d6b38dde622bba2d5550edd823bd8ae03ffcfea82af9d575ee
Paper_maze_32_32_2_gp_5/maze-32-32-2_agents_350_test_0,baseline,maze-32-32-2,350,0,True,86,49744,2822,81,1178,0,110.656,e4fa9aa8ad9b5825548cf3a3d56cfe883d1ff3158a958b8d038734c1ff1d5265,4f275d192013f78bf1eda16424693778675f7700a6e6fabc8af8fe750d13d423
Paper_room_64_64_8_gp_5/room-64-64-8_agents_500_test_4,baseline,room-64-64-8,500,4,True,154,42806,4566,14,690,0,216.823,e67779212313b802f0cf445c52d136b0828d7e34fcba2873d493059b0d8bac22,4f275d192013f78bf1eda16424693778675f7700a6e6fabc8af8fe750d13d423
Paper_warehouse_161_63_gp_5/warehouse-10-20-10-2-1_agents_300_test_18,restart_fast,warehouse-10-20-10-2-1,300,18,True,92,22943,7066,13,1584,1,200.521,bf91cdbafc51c22826342e2f265be4bef3bb7668cf16804e6db708ffe46a3171,83c66952c63fe1d6b38dde622bba2d5550edd823bd8ae03ffcfea82af9d575ee
Paper_room_64_64_8_gp_5/room-64-64-8_agents_300_test_4,restart_fast,room-64-64-8,300,4,True,61,20044,9936,17,994,1,226.677,a4d9f4912e24dd06e06695875dc934f8f93bfdc4e91de8681ae69da012a9733d,83c66952c63fe1d6b38dde622bba2d5550edd823bd8ae03ffcfea82af9d575ee
Paper_random_32_32_gp_5/random-32-32-10_agents_400_test_5,baseline,random-32-32-10,400,5,True,34,10970,6271,15,619,0,167.035,d9f1616c13b071e8ee79ede5fe660f2715bd1f46525caa06bfb573e3c439d7b3,4f275d192013f78bf1eda16424693778675f7700a6e6fabc8af8fe750d13d423
Paper_random_32_32_gp_5/random-32-32-10_agents_400_test_11,restart_fast,random-32-32-10,400,11,True,31,10963,7824,46,1253,2,247.176,46eef7224042f3413a95cea772da1f48e4bf408d1173223d15f42e9e40a8b837,83c66952c63fe1d6b38dde622bba2d5550edd823bd8ae03ffcfea82af9d575ee
Paper_den312d_65_81_gp_5/den312d_agents_300_test_7,baseline,den312d,300,7,True,48,18866,4599,18,1150,0,106.13,e8fcffa0dda83188dd594511d086c349a4c023ec580b0298bd2e17783ff44591,4f275d192013f78bf1eda16424693778675f7700a6e6fabc8af8fe750d13d423
Paper_Boston_gp_5/Boston_0_256_agents_400_test_4,baseline,Boston_0_256,400,4,True,2691,57843,4512,3,922,0,2595.07,b23f4c618781ff55d8fbeaf911a4f3ae6b8e074a4b6b63fe034df9bf07b75bb6,4f275d192013f78bf1eda16424693778675f7700a6e6fabc8af8fe750d13d423
Paper_Boston_gp_5/Boston_0_256_agents_500_test_0,baseline,Boston_0_256,500,0,True,3799,77263,2924,3,557,0,3600.74,136f13356d31445cf692482790fbacd44a47fadf639b4d7fb10d573e95fec15f,4f275d192013f78bf1eda16424693778675f7700a6e6fabc8af8fe750d13d423
Paper_orz900d_gp_5/orz900d_agents_350_test_12,baseline,orz900d,350,12,True,6333,295118,5337,13,627,0,5653.47,cde47c6fca2d4026a98c330169c7ca97d482fcb429795cd4e627ddd8a4c1b6a4,4f275d192013f78bf1eda16424693778675f7700a6e6fabc8af8fe750d13d423
Paper_maze_32_32_2_gp_5/maze-32-32-2_agents_450_test_2,restart_fast,maze-32-32-2,450,2,True,9133,89671,29673,3221,20409,21,2449.88,8962637d02b5811f2e5c56a72103d767374816e5b8ab3a806faa2469ffc8921a,83c66952c63fe1d6b38dde622bba2d5550edd823bd8ae03ffcfea82af9d575ee
Paper_symbotic_39_37_gp_5/symbotic_agents_250_test_0,baseline,symbotic,250,0,True,47,22156,4579,31,1450,0,93.9263,79048ba27ede2a12084659c35715d6f9f43b3e8353451e3c1efeb61d9e337700,4f275d192013f78bf1eda16424693778675f7700a6e6fabc8af8fe750d13d423
Paper_room_64_64_8_gp_5/room-64-64-8_agents_500_test_15,baseline,room-64-64-8,500,15,True,148,39200,4824,16,596,0,194.599,79858918ac9c9a84e18983ea38e9b517e3e874e9bfdf0ba7b6832ccc4756e3fc,4f275d192013f78bf1eda16424693778675f7700a6e6fabc8af8fe750d13d423
Paper_room_64_64_8_gp_5/room-64-64-8_agents_450_test_16,baseline,room-64-64-8,450,16,True,128,34589,3792,10,782,0,168.029,e70cd7be42e97397d4d13b86879b89b27e6ffd4b4d6b027917588c1d91f4fb1c,4f275d192013f78bf1eda16424693778675f7700a6e6fabc8af8fe750d13d423
Paper_random_32_32_gp_5/random-32-32-10_agents_350_test_16,baseline,random-32-32-10,350,16,True,25,9161,5528,11,920,0,129.698,8efbd37efdc32468cbc18fdfecd463319d21ebb8dd5405bea4cc867809022961,4f275d192013f78bf1eda16424693778675f7700a6e6fabc8af8fe750d13d423
Paper_Boston_gp_5/Boston_0_256_agents_250_test_13,restart_fast,Boston_0_256,250,13,True,1081,35904,65772,1,35,0,2947.63,cd56872cd9488f8f494d31ffc0bac7968a278676de701db01b2cb8038f304859,83c66952c63fe1d6b38dde622bba2d5550edd823bd8ae03ffcfea82af9d575ee
Paper_random_32_32_gp_5/random-32-32-10_agents_250_test_1,baseline,random-32-32-10,250,1,True,13,5176,17580,4950,285,0,399.847,3b065b0750bb6f86560caa524a975df724ed4fe108a1ac07a282a6ef3545861f,4f275d192013f78bf1eda16424693778675f7700a6e6fabc8af8fe750d13d423
Paper_maze_32_32_2_gp_5/maze-32-32-2_agents_400_test_10,restart_fast,maze-32-32-2,400,10,True,102,64084,4818,85,852,0,179.777,3447c087af8fcfa89d39eafc7dc487087fc08f5bc92a3187d42fc8cdc11a9a95,83c66952c63fe1d6b38dde622bba2d5550edd823bd8ae03ffcfea82af9d575ee
Paper_warehouse_161_63_gp_5/warehouse-10-20-10-2-1_agents_450_test_5,restart_fast,warehouse-10-20-10-2-1,450,5,True,176,42711,4597,16,836,0,229.584,1fba6f03cc1ce279091d2588944077048fd9bee68e4d16b7d7ce466fd1a23e05,83c66952c63fe1d6b38dde622bba2d5550edd823bd8ae03ffcfea82af9d575ee
Paper_warehouse_161_63_gp_5/warehouse-10-20-10-2-1_agents_400_test_13,restart_fast,warehouse-10-20-10-2-1,400,13,True,131,34518,12273,23,688,1,1434.74,dbd67f59d2bcf6ca3ba099872e639cfd4f0fa4fdb38d1b3ec7a98f57b4acd056,83c66952c63fe1d6b38dde622bba2d5550edd823bd8ae03ffcfea82af9d575ee
Paper_maze_32_32_2_gp_5/maze-32-32-2_agents_350_test_16,baseline,maze-32-32-2,350,16,True,70,38614,4753,57,839,0,139.894,69c3f4a7938358e0122c98b5a81fe1614e7bc9cf67ec5f9f1988bc387386332d,4f275d192013f78bf1eda16424693778675f7700a6e6fabc8af8fe750d13d423
Paper_random_32_32_gp_5/random-32-32-10_agents_450_test_15,restart_fast,random-32-32-10,450,15,True,38,13021,7382,11,498,0,208.075,0edd483fc1cb5518114d8903bdaa5f85938355e6b0ad8e7afec0457dcc17300d,83c66952c63fe1d6b38dde622bba2d5550edd823bd8ae03ffcfea82af9d575ee
Paper_Boston_gp_5/Boston_0_256_agents_250_test_15,restart_fast,Boston_0_256,250,15,True,729,35220,12047,0,308,0,814.392,97c5fe87dcc42bf8029cdb8b80147d69e86cc42acbc6711dfa234a387afd9560,83c66952c63fe1d6b38dde622bba2d5550edd823bd8ae03ffcfea82af9d575ee
Paper_random_32_32_gp_5/random-32-32-10_agents_350_test_16,restart_fast,random-32-32-10,350,16,True,23,9161,9043,25,950,1,329.125,8efbd37efdc32468cbc18fdfecd463319d21ebb8dd5405bea4cc867809022961,83c66952c63fe1d6b38dde622bba2d5550edd823bd8ae03ffcfea82af9d575ee
Paper_symbotic_39_37_gp_5/symbotic_agents_450_test_18,restart_fast,symbotic,450,18,True,1593,850589,16398,650,1645,1,1097.94,d34c1204636c51aa4ba344a3fdc0b8f5a0b17bf014641c3b4ef3d664c82fcd9b,83c66952c63fe1d6b38dde622bba2d5550edd823bd8ae03ffcfea82af9d575ee
Paper_warehouse_161_63_gp_5/warehouse-10-20-10-2-1_agents_400_test_3,restart_fast,warehouse-10-20-10-2-1,400,3,True,141,34340,16037,18,297,1,1183.51,940db990ccf9aef5cb56f2562de6fcea4ec8c6c3e8cd2830f3fdfa881011ddb0,83c66952c63fe1d6b38dde622bba2d5550edd823bd8ae03ffcfea82af9d575ee
Paper_maze_32_32_2_gp_5/maze-32-32-2_agents_400_test_6,baseline,maze-32-32-2,400,6,True,122,67408,5174,100,712,0,190.946,b0330f0065baa8f37285eb6395aa3add6b300c18c389ff5b0b600b230f0b4693,4f275d192013f78bf1eda16424693778675f7700a6e6fabc8af8fe750d13d423
Paper_maze_32_32_2_gp_5/maze-32-32-2_agents_300_test_13,baseline,maze-32-32-2,300,13,True,54,30034,4868,50,1235,0,120.794,2176dd3f44844fb7cd3fd6d229e5eed5f6cf769b518ab62e39e07573e6ade653,4f275d192013f78bf1eda16424693778675f7700a6e6fabc8af8fe750d13d423
Paper_Boston_gp_5/Boston_0_256_agents_500_test_15,baseline,Boston_0_256,500,15,True,3805,77512,4632,0,942,0,3626.26,6e00ea9efcc14d1ee409c037050b5d192280e35851f6cb234d68aa2f223ac875,4f275d192013f78bf1eda16424693778675f7700a6e6fabc8af8fe750d13d423
Paper_Boston_gp_5/Boston_0_256_agents_300_test_13,restart_fast,Boston_0_256,300,13,True,675,44035,20368,1,1043,1,1098.05,f7fac998c1c6003d4136d8ca200c00a2d9cdb1ff5a8d3be6fa4b6db088e4f0ad,83c66952c63fe1d6b38dde622bba2d5550edd823bd8ae03ffcfea82af9d575ee
Paper_den312d_65_81_gp_5/den312d_agents_500_test_5,baseline,den312d,500,5,True,119,34939,4178,24,778,0,170.384,f0e621a42555f4f52a54f030a46528f394cb31e009dce83b48feca0a2ba15d70,4f275d192013f78bf1eda16424693778675f7700a6e6fabc8af8fe750d13d423
Paper_random_32_32_gp_5/random-32-32-10_agents_350_test_2,restart_fast,random-32-32-10,350,2,True,22,8521,7302,12,885,0,133.501,9357f5a229ad6070cd0f556310f41451ab464b903a92f927aa219250f8c2fce2,83c66952c63fe1d6b38dde622bba2d5550edd823bd8ae03ffcfea82af9d575ee
Paper_symbotic_39_37_gp_5/symbotic_agents_450_test_0,baseline,symbotic,450,0,False,0,0,38274,20609,11,0,3453.37,bb532448a67ab37602a7ef6de15497170868825f141a7423c239e44d09d148a3,4f275d192013f78bf1eda16424693778675f7700a6e6fabc8af8fe750d13d423
Paper_orz900d_gp_5/orz900d_agents_400_test_10,baseline,orz900d,400,10,True,7587,339215,4844,15,457,0,6750.95,fb88f9088d94c3690faeb33d2ed196afa0add5d47b82fa7a15e0c48468c4204f,4f275d192013f78bf1eda16424693778675f7700a6e6fabc8af8fe750d13d423
Paper_random_32_32_gp_5/random-32-32-10_agents_350_test_4,restart_fast,random-32-32-10,350,4,True,24,8364,8773,19,1099,1,223.209,050cf6551d13aaef510ed4057052042219e9fc41ae19e5b2389464eeba380118,83c66952c63fe1d6b38dde622bba2d5550edd823bd8ae03ffcfea82af9d575ee
Paper_room_64_64_8_gp_5/room-64-64-8_agents_350_test_19,baseline,room-64-64-8,350,19,True,81,24482,6516,13,1042,0,158.097,ed79cecba52e19e363aa326c321ed3c78a04cee8e23770e3c8e52f98fb5794b5,4f275d192013f78bf1eda16424693778675f7700a6e6fabc8af8fe750d13d423
Paper_maze_32_32_2_gp_5/maze-32-32-2_agents_300_test_12,baseline,maze-32-32-2,300,12,True,55,34904,4308,60,1412,0,102.572,23ee593f02821dff2710cdb72233b9129b81b185f3bc909886c12ca656393bd2,4f275d192013f78bf1eda16424693778675f7700a6e6fabc8af8fe750d13d423
Paper_random_32_32_gp_5/random-32-32-10_agents_300_test_12,restart_fast,random-32-32-10,300,12,True,17,6925,42044,4,331,1,4245.27,2796e925f8ebe874f31de73c2c489bdf9eb9acfd68b3b8a01ffb857f57f4d2b1,83c66952c63fe1d6b38dde622bba2d5550edd823bd8ae03ffcfea82af9d575ee
Paper_room_64_64_8_gp_5/room-64-64-8_agents_250_test_17,restart_fast,room-64-64-8,250,17,True,40,14939,63669,14,293,1,4606.47,5931ac748d1dad76a90a9cb8737243e8d2284f8de083fbb4c53231dc25ccae29,83c66952c63fe1d6b38dde622bba2d5550edd823bd8ae03ffcfea82af9d575ee
Paper_room_64_64_8_gp_5/room-64-64-8_agents_450_test_9,restart_fast,room-64-64-8,450,9,True,118,36436,4855,23,1000,1,229.747,165cc617cd5002191e8eae9c4d36e2e39f6574aac0160717a1e0949ba6f6568a,83c66952c63fe1d6b38dde622bba2d5550edd823bd8ae03ffcfea82af9d575ee
Paper_warehouse_161_63_gp_5/warehouse-10-20-10-2-1_agents_450_test_8,baseline,warehouse-10-20-10-2-1,450,8,True,192,44542,4851,11,847,0,231.293,586cb13b5d95f3f8d7ea472ab693897bfbf6e1131ea44619a0751cfc5a88da82,4f275d192013f78bf1eda16424693778675f7700a6e6fabc8af8fe750d13d423
Paper_orz900d_gp_5/orz900d_agents_500_test_6,baseline,orz900d,500,6,True,9199,432723,2785,17,0,0,8194.3,9ce0c00d3467170af8c478e614e8086d5a2280ad763006c0d51d70ba27e6e861,4f275d192013f78bf1eda16424693778675f7700a6e6fabc8af8fe750d13d423
Paper_orz900d_gp_5/orz900d_agents_450_test_7,baseline,orz900d,450,7,True,6056,408038,5823,24,692,0,5190.21,75744d61b9149d783fd25b57cd7649674ff5685dba4f7113117ad5f4ed8e231f,4f275d192013f78bf1eda16424693778675f7700a6e6fabc8af8fe750d13d423
Paper_symbotic_39_37_gp_5/symbotic_agents_250_test_5,baseline,symbotic,250,5,True,64,32012,6017,23,949,0,120.032,0309c99fffe92e9d6120799862ecb0733ff4d44006231c87e59305d40adc6916,4f275d192013f78bf1eda16424693778675f7700a6e6fabc8af8fe750d13d423
Paper_maze_32_32_2_gp_5/maze-32-32-2_agents_500_test_4,baseline,maze-32-32-2,500,4,False,0,0,38026,1033,16121,0,943.824,1995600b199bdcfb1f8983ba5e9fea039ef40511c56cab4146f39886a1a96d9c,4f275d192013f78bf1eda16424693778675f7700a6e6fabc8af8fe750d13d423
Paper_den312d_65_81_gp_5/den312d_agents_300_test_10,restart_fast,den312d,300,10,True,40,17270,35074,33,1161,2,1969.84,03adbb87b3941befbf9018def52c369c7f13dc17cecda12de1741ca5c74fb21e,83c66952c63fe1d6b38dde622bba2d5550edd823bd8ae03ffcfea82af9d575ee
Paper_room_64_64_8_gp_5/room-64-64-8_agents_350_test_2,baseline,room-64-64-8,350,2,True,96,21880,4900,4,1373,0,145.468,1c4103a19f752f04d7204115bfe32a4985df563865db83aed102e4eca094c3f7,4f275d192013f78bf1eda16424693778675f7700a6e6fabc8af8fe750d13d423
Paper_symbotic_39_37_gp_5/symbotic_agents_250_test_19,baseline,symbotic,250,19,True,57,26914,5364,20,1152,0,109.237,34bacd0fde933e0a90945ccbaa03f93a4b7adeeab4ee3276fb98d6e67aead074,4f275d192013f78bf1eda16424693778675f7700a6e6fabc8af8fe750d13d423
Paper_orz900d_gp_5/orz900d_agents_450_test_3,restart_fast,orz900d,450,3,True,7563,365521,4793,395,485,0,6868.03,5d600c30f906b32862a4282b58b5777b6b1dfe79b59e63381c87d684d5a7819d,83c66952c63fe1d6b38dde622bba2d5550edd823bd8ae03ffcfea82af9d575ee
Paper_symbotic_39_37_gp_5/symbotic_agents_250_test_4,baseline,symbotic,250,4,True,64,30887,4543,30,2193,0,85.3892,aba78eaf318572d2125855e34648a5029e68e7548003de6dcd2f8f8a219e485c,4f275d192013f78bf1eda16424693778675f7700a6e6fabc8af8fe750d13d423
Paper_random_32_32_gp_5/random-32-32-10_agents_250_test_10,baseline,random-32-32-10,250,10,True,30,5720,6362,10,1036,0,149.507,e1f3854fc855b3a467676a4b1ad16b2e6964e501f0aa4939550c5f7ee753db2f,4f275d192013f78bf1eda16424693778675f7700a6e6fabc8af8fe750d13d423
Paper_room_64_64_8_gp_5/room-64-64-8_agents_250_test_1,baseline,room-64-64-8,250,1,True,49,14640,5143,4,1415,0,94.3671,566eeea48efa736d47020133b0f1ebf5e48196fe44d8c83cecbb3bb73a15a850,4f275d192013f78bf1eda16424693778675f7700a6e6fabc8af8fe750d13d423
Paper_maze_32_32_2_gp_5/maze-32-32-2_agents_500_test_7,restart_fast,maze-32-32-2,500,7,False,0,0,39051,3135,550,1,2956.83,1b08451da42a69460e907be5c05d4c24236c1cd1bb4827efd48b617cba5bdcf1,83c66952c63fe1d6b38dde622bba2d5550edd823bd8ae03ffcfea82af9d575ee
Paper_symbotic_39_37_gp_5/symbotic_agents_250_test_1,baseline,symbotic,250,1,True,82,34756,4781,38,1341,0,102.337,d6d23deab8096afc9fee069af15cf9736328d2264181ec7f0c81f685aee65500,4f275d192013f78bf1eda16424693778675f7700a6e6fabc8af8fe750d13d423
Paper_Boston_gp_5/Boston_0_256_agents_300_test_3,baseline,Boston_0_256,300,3,True,2036,40200,25169,1,93,0,2513.31,9ba76a9a18cd4243d122fd35946523a475282e65eb88d1f3478832700a1b7bb7,4f275d192013f78bf1eda16424693778675f7700a6e6fabc8af8fe750d13d423
Paper_den312d_65_81_gp_5/den312d_agents_250_test_15,restart_fast,den312d,250,15,True,31,13614,57270,20,70,1,2581.4,c3dff9e70829c2de11e9161f866e2604ecf0528571778fbc9d27cd2302c7bce1,83c66952c63fe1d6b38dde622bba2d5550edd823bd8ae03ffcfea82af9d575ee
Paper_random_32_32_gp_5/random-32-32-10_agents_350_test_4,baseline,random-32-32-10,350,4,True,27,8735,6035,10,744,0,140.971,050cf6551d13aaef510ed4057052042219e9fc41ae19e5b2389464eeba380118,4f275d192013f78bf1eda16424693778675f7700a6e6fabc8af8fe750d13d423
Paper_maze_32_32_2_gp_5/maze-32-32-2_agents_400_test_3,restart_fast,maze-32-32-2,400,3,True,98,58964,5630,98,958,0,186.203,4c482c63b1e9d0c783882261c28a07e30321abbf651741d7a4b0af73c675d664,83c66952c63fe1d6b38dde622bba2d5550edd823bd8ae03ffcfea82af9d575ee
Paper_random_32_32_gp_5/random-32-32-10_agents_250_test_16,restart_fast,random-32-32-10,250,16,True,13,5656,9057,4,671,0,149.237,5a82a7e9ee6d2399b67bff06bc44bb57c814cea46623b865eaaded070e0c8c3e,83c66952c63fe1d6b38dde622bba2d5550edd823bd8ae03ffcfea82af9d575ee
Paper_maze_32_32_2_gp_5/maze-32-32-2_agents_300_test_0,restart_fast,maze-32-32-2,300,0,True,47,31758,15716,3210,377,2,1905.93,1b918a800cb59ab47bc7d895791c6a9f2b32426258aeab16d2dbc5f7fdf46bd9,83c66952c63fe1d6b38dde622bba2d5550edd823bd8ae03ffcfea82af9d575ee
Paper_orz900d_gp_5/orz900d_agents_250_test_11,restart_fast,orz900d,250,11,True,1662,208325,11594,22,1622,1,1622.79,970ddfde44fbf6b6a8fb8046c76672fd937c219d6907631454075136ad01707f,83c66952c63fe1d6b38dde622bba2d5550edd823bd8ae03ffcfea82af9d575ee
Paper_den312d_65_81_gp_5/den312d_agents_350_test_13,restart_fast,den312d,350,13,True,58,20181,39378,57,360,2,3549.52,7c7825c70a8d1ddc3530e282a47c1cdfe7e6ff3ec99839c828d77546162acea6,83c66952c63fe1d6b38dde622bba2d5550edd823bd8ae03ffcfea82af9d575ee
Paper_den312d_65_81_gp_5/den312d_agents_450_test_18,baseline,den312d,450,18,True,95,31593,4856,37,909,0,150.317,9618a39d08ac88d44ab29f76acb8e73d825d13d2c18f5bf8c7fe150ce9b7bb24,4f275d192013f78bf1eda16424693778675f7700a6e6fabc8af8fe750d13d423
Paper_den312d_65_81_gp_5/den312d_agents_500_test_17,baseline,den312d,500,17,True,121,40028,3914,39,1044,0,166.909,8f6978e50dbe506c781ff02e77f69ecded005ac39355a591058d182b0b972626,4f275d192013f78bf1eda16424693778675f7700a6e6fabc8af8fe750d13d423
Paper_maze_32_32_2_gp_5/maze-32-32-2_agents_450_test_7,restart_fast,maze-32-32-2,450,7,True,5922,1360472,29092,807,6840,4,1347.57,c41c7ecd17721e9dfad5a72ca328af3958a00dd423b54521535d834b2f390d9a,83c66952c63fe1d6b38dde622bba2d5550edd823bd8ae03ffcfea82af9d575ee
Paper_Boston_gp_5/Boston_0_256_agents_300_test_19,baseline,Boston_0_256,300,19,True,2139,42444,4592,1,988,0,2076.51,4625e883bebca1d98ee6ad0863e64b3e4c49fe78e52569d4c7d2e50e1d01e05e,4f275d192013f78bf1eda16424693778675f7700a6e6fabc8af8fe750d13d423
Paper_room_64_64_8_gp_5/room-64-64-8_agents_400_test_15,restart_fast,room-64-64-8,400,15,True,100,27100,27475,27,484,2,4771.55,3ed873e75a8b5e9f3608aa63988a51ac7dd91e6d32bd875ab95a4e9befb17a02,83c66952c63fe1d6b38dde622bba2d5550edd823bd8ae03ffcfea82af9d575ee
Paper_den312d_65_81_gp_5/den312d_agents_450_test_5,baseline,den312d,450,5,True,101,31416,6921,28,682,0,223.475,8a48a633e81475154f5c40519b34cff6ef8e4615452638b4a3a5f50e176f6387,4f275d192013f78bf1eda16424693778675f7700a6e6fabc8af8fe750d13d423
Paper_den312d_65_81_gp_5/den312d_agents_250_test_18,restart_fast,den312d,250,18,True,31,14041,40293,8828,954,1,2216.97,4a0aa7c743588f6ccc47bcdbb48e86d2f38adce28a2ead02d77f08acdba5183b,83c66952c63fe1d6b38dde622bba2d5550edd823bd8ae03ffcfea82af9d575ee
Paper_Boston_gp_5/Boston_0_256_agents_250_test_8,restart_fast,Boston_0_256,250,8,True,1535,37395,71786,4,92,1,4280.48,363dd4452c0396daec763f4164dad168d78ab86e20b0e7fe7e9f3372ac9f3eb0,83c66952c63fe1d6b38dde622bba2d5550edd823bd8ae03ffcfea82af9d575ee
Paper_orz900d_gp_5/orz900d_agents_250_test_17,restart_fast,orz900d,250,17,True,4168,195606,6387,6,1405,0,3821.62,1a5564fe856f3df3bbf8e346cde65c9bcf88e5534dfacb4b95a4799f54d6994d,83c66952c63fe1d6b38dde622bba2d5550edd823bd8ae03ffcfea82af9d575ee
Paper_den312d_65_81_gp_5/den312d_agents_500_test_1,restart_fast,den312d,500,1,True,117,34935,7650,71,1352,1,311.391,5316d379b80c0aea13e55d24a454527f6a52922ee50fb9bec83ea5fefb52f90e,83c66952c63fe1d6b38dde622bba2d5550edd823bd8ae03ffcfea82af9d575ee
Paper_orz900d_gp_5/orz900d_agents_400_test_9,baseline,orz900d,400,9,True,6213,336067,5719,7,640,0,5497.2,d5d8b62b569864b98ffd6f5bcd479f53c4c46e02de80702613ebb6bcb6d4e4dd,4f275d192013f78bf1eda16424693778675f7700a6e6fabc8af8fe750d13d423
Paper_maze_32_32_2_gp_5/maze-32-32-2_agents_500_test_11,restart_fast,maze-32-32-2,500,11,False,0,0,30714,1907,13141,10,2237.56,f5bbf43bb56dda0586d15e4d2a5fc1a358e990bdbe2762c6041b1a55fc2dc1af,83c66952c63fe1d6b38dde622bba2d5550edd823bd8ae03ffcfea82af9d575ee
Paper_den312d_65_81_gp_5/den312d_agents_450_test_6,restart_fast,den312d,450,6,True,89,30708,8810,45,1115,1,306.962,bb3333a3d0fd6d5673c82a96378fb229633c522c2b66e0ae06c2dd4ac95da0cf,83c66952c63fe1d6b38dde622bba2d5550edd823bd8ae03ffcfea82af9d575ee
Paper_random_32_32_gp_5/random-32-32-10_agents_250_test_3,restart_fast,random-32-32-10,250,3,True,13,6133,8333,890,755,0,165.486,c8b7e557afeeddefeaac9f302f45342601260455d4a3410d81eff8d442d9f615,83c66952c63fe1d6b38dde622bba2d5550edd823bd8ae03ffcfea82af9d575ee
Paper_maze_32_32_2_gp_5/maze-32-32-2_agents_250_test_4,baseline,maze-32-32-2,250,4,True,34,22191,5463,46,1059,0,107.794,112b16e580d7c9f8a70b0d5663617a491dc71e01b49e0287a91983317fbebd3f,4f275d192013f78bf1eda16424693778675f7700a6e6fabc8af8fe750d13d423
Paper_warehouse_161_63_gp_5/warehouse-10-20-10-2-1_agents_450_test_14,restart_fast,warehouse-10-20-10-2-1,450,14,True,167,41646,6262,36,1508,1,326.465,0057e288b9f5083df8f0aecc71d2c58d8839f6cb330f551e31c36868b9be5408,83c66952c63fe1d6b38dde622bba2d5550edd823bd8ae03ffcfea82af9d575ee
Paper_room_64_64_8_gp_5/room-64-64-8_agents_400_test_3,restart_fast,room-64-64-8,400,3,True,86,32432,21627,28,968,1,2573.76,7c50e987fddea676115735c65a87f40dcfb2c4389f36ce7af85f90acbbe4de8b,83c66952c63fe1d6b38dde622bba2d5550edd823bd8ae03ffcfea82af9d575ee
Paper_orz900d_gp_5/orz900d_agents_300_test_11,baseline,orz900d,300,11,True,4886,230999,6062,10,748,0,4408.65,70af9646b4647ba7060457e87de7c1f2e77b817be54686f654da09312a18d0df,4f275d192013f78bf1eda16424693778675f7700a6e6fabc8af8fe750d13d423
Paper_den312d_65_81_gp_5/den312d_agents_250_test_3,baseline,den312d,250,3,True,37,14039,5585,16,1093,0,98.784,e7305c6d76b0b6af86b10ab5997c77389ef5f5b83e1a1350695b59ab757470ca,4f275d192013f78bf1eda16424693778675f7700a6e6fabc8af8fe750d13d423
Paper_Boston_gp_5/Boston_0_256_agents_300_test_11,baseline,Boston_0_256,300,11,True,2125,40522,4767,2,1093,0,2067.81,7549d037da8ef58cf1c87dadba43937072e1ab818a1cd40220a332e716530257,4f275d192013f78bf1eda16424693778675f7700a6e6fabc8af8fe750d13d423
Paper_symbotic_39_37_gp_5/symbotic_agents_400_test_17,baseline,symbotic,400,17,True,657,320445,8424,89,1026,0,333.95,0ada574987dc44913a766f1e30000bde1895192efbbf5bdc8deab628ac0b1c19,4f275d192013f78bf1eda16424693778675f7700a6e6fabc8af8fe750d13d423
Paper_maze_32_32_2_gp_5/maze-32-32-2_agents_400_test_5,baseline,maze-32-32-2,400,5,True,117,62988,6610,115,680,0,265.777,d6bae96350716e6b2099dfc253e171d59eba7e2dd75cdedf84bf8d563213add3,4f275d192013f78bf1eda16424693778675f7700a6e6fabc8af8fe750d13d423
Paper_orz900d_gp_5/orz900d_agents_350_test_2,restart_fast,orz900d,350,2,True,5988,309339,5458,17,611,0,5501.64,301d82706d2e31c46658eab93b52e8a4dc9dec7470b9184597e6b7d6fcb93a10,83c66952c63fe1d6b38dde622bba2d5550edd823bd8ae03ffcfea82af9d575ee
Paper_Boston_gp_5/Boston_0_256_agents_300_test_14,baseline,Boston_0_256,300,14,True,1434,41767,30701,0,78,0,2036.92,f91e1568111fe8fc325ad7a5029e239a82b86170345bf8b014894df16bf26869,4f275d192013f78bf1eda16424693778675f7700a6e6fabc8af8fe750d13d423
Paper_orz900d_gp_5/orz900d_agents_350_test_10,restart_fast,orz900d,350,10,True,5746,288204,9369,23,652,1,5640.26,be95353db77cd2d1a1483be73122687f101e78a32a1d2e7e3f3babdb17c8cb1b,83c66952c63fe1d6b38dde622bba2d5550edd823bd8ae03ffcfea82af9d575ee
Paper_maze_32_32_2_gp_5/maze-32-32-2_agents_450_test_0,restart_fast,maze-32-32-2,450,0,True,142,84518,3146,375,288,1,302.866,36d3acb7a72f4bbb39c43282cb5c28b5ac0af066fce112c797fd5e10f422ff24,83c66952c63fe1d6b38dde622bba2d5550edd823bd8ae03ffcfea82af9d575ee
Paper_orz900d_gp_5/orz900d_agents_300_test_1,restart_fast,orz900d,300,1,True,4501,242524,6293,12,923,0,4137.49,454f2b2c70f3ec29be62ee3410b310761e6509e77e2ed15e00d93d49ab0f86fe,83c66952c63fe1d6b38dde622bba2d5550edd823bd8ae03ffcfea82af9d575ee
Paper_random_32_32_gp_5/random-32-32-10_agents_400_test_7,baseline,random-32-32-10,400,7,True,35,11302,5896,16,887,0,149.269,5c6522151cff85216a74bd414e2b406ee1628c0baa458c6536fea6d0ea6fd0e4,4f275d192013f78bf1eda16424693778675f7700a6e6fabc8af8fe750d13d423
Paper_symbotic_39_37_gp_5/symbotic_agents_250_test_4,restart_fast,symbotic,250,4,True,62,29164,10207,95,2371,2,237.849,aba78eaf318572d2125855e34648a5029e68e7548003de6dcd2f8f8a219e485c,83c66952c63fe1d6b38dde622bba2d5550edd823bd8ae03ffcfea82af9d575ee
Paper_den312d_65_81_gp_5/den312d_agents_250_test_11,baseline,den312d,250,11,True,36,14868,6061,13,1232,0,99.9333,a5516e250e53119e002faf2aa17ca3909491d31b8cad32404d9b6b8267f28a7c,4f275d192013f78bf1eda16424693778675f7700a6e6fabc8af8fe750d13d423
Paper_symbotic_39_37_gp_5/symbotic_agents_450_test_9,baseline,symbotic,450,9,True,990,588073,7212,233,936,0,508.782,3d159e7ddb9a459bf2e32add2516758fa7130942498f019cc72d0e88b1168592,4f275d192013f78bf1eda16424693778675f7700a6e6fabc8af8fe750d13d423
Paper_Boston_gp_5/Boston_0_256_agents_500_test_2,baseline,Boston_0_256,500,2,True,1947,78684,4115,4,850,0,1805.2,501053a42696e9fa3be0d4c6d5089ff17e826d51e3a3d1ae109352353ad52617,4f275d192013f78bf1eda16424693778675f7700a6e6fabc8af8fe750d13d423
Paper_random_32_32_gp_5/random-32-32-10_agents_450_test_14,restart_fast,random-32-32-10,450,14,True,38,13197,16945,37,626,2,753.401,44422795dd9013d4c64f085680777bb01ba2b183a5480b304bc8f7c0295ad03a,83c66952c63fe1d6b38dde622bba2d5550edd823bd8ae03ffcfea82af9d575ee
Paper_Boston_gp_5/Boston_0_256_agents_300_test_7,restart_fast,Boston_0_256,300,7,True,563,42131,32765,1,1518,4,2223.83,cbb2dd755fd4983826c260937a5138944984e26ffa9bcd509bce5393ce434c9b,83c66952c63fe1d6b38dde622bba2d5550edd823bd8ae03ffcfea82af9d575ee
Paper_orz900d_gp_5/orz900d_agents_450_test_18,restart_fast,orz900d,450,18,True,7228,373572,7371,37,370,1,7136.31,df4a1efe75cdedddfd9202b3f78fdb0f983722bf8bd9a52bb538df4a379633e9,83c66952c63fe1d6b38dde622bba2d5550edd823bd8ae03ffcfea82af9d575ee
Paper_orz900d_gp_5/orz900d_agents_300_test_0,restart_fast,orz900d,300,0,True,3697,216944,7031,8,985,0,3335.57,1dfd063c99463f51968207031d0827b4759e07ab93bc3e0043505835e121a343,83c66952c63fe1d6b38dde622bba2d5550edd823bd8ae03ffcfea82af9d575ee
Paper_warehouse_161_63_gp_5/warehouse-10-20-10-2-1_agents_500_test_19,restart_fast,warehouse-10-20-10-2-1,500,19,True,192,50772,6002,69,1936,2,427.5,0422e6b418b49480df946df29f2931a303d49d77559c6ff5537ee9cd013b1963,83c66952c63fe1d6b38dde622bba2d5550edd823bd8ae03ffcfea82af9d575ee
Paper_Boston_gp_5/Boston_0_256_agents_400_test_8,restart_fast,Boston_0_256,400,8,True,2169,57251,19515,0,138,0,2623.67,a6838e13731cbce5c558e9ca3648e6db84f741390629e0a61629aaa9f991af80,83c66952c63fe1d6b38dde622bba2d5550edd823bd8ae03ffcfea82af9d575ee
Paper_Boston_gp_5/Boston_0_256_agents_300_test_10,baseline,Boston_0_256,300,10,True,2237,46326,4197,2,956,0,2159.95,61815d29742d55928e0620cf640a366b4c0a42ae9ce9aae7b78192f38e6eaf64,4f275d192013f78bf1eda16424693778675f7700a6e6fabc8af8fe750d13d423
Paper_warehouse_161_63_gp_5/warehouse-10-20-10-2-1_agents_400_test_12,baseline,warehouse-10-20-10-2-1,400,12,True,140,33442,4845,20,1031,0,188.614,1f173c8e99c466f92b6134cdf89212680860642488490b92b14c2b3e9ced39cf,4f275d192013f78bf1eda16424693778675f7700a6e6fabc8af8fe750d13d423
Paper_room_64_64_8_gp_5/room-64-64-8_agents_250_test_11,restart_fast,room-64-64-8,250,11,True,42,13285,8299,11,1989,1,134.931,d44ad96897ce8e9db87ed4746a74bac59fc945b046cf4e709fcb14df4045f27f,83c66952c63fe1d6b38dde622bba2d5550edd823bd8ae03ffcfea82af9d575ee
Paper_room_64_64_8_gp_5/room-64-64-8_agents_450_test_15,restart_fast,room-64-64-8,450,15,True,116,35319,4516,8,1025,0,174.763,727c7e34c2bd7c6f7659c944d8f15443c15021547b987fb61196033524e7a991,83c66952c63fe1d6b38dde622bba2d5550edd823bd8ae03ffcfea82af9d575ee
Paper_den312d_65_81_gp_5/den312d_agents_450_test_18,restart_fast,den312d,450,18,True,91,31593,6095,71,1030,1,392.114,9618a39d08ac88d44ab29f76acb8e73d825d13d2c18f5bf8c7fe150ce9b7bb24,83c66952c63fe1d6b38dde622bba2d5550edd823bd8ae03ffcfea82af9d575ee
Paper_random_32_32_gp_5/random-32-32-10_agents_350_test_12,baseline,random-32-32-10,350,12,True,25,8502,5754,11,865,0,141.263,264e00bf7dfff2357a0efc00f519836a5c32e59b7c0c9c126f3d10d6f1dd1362,4f275d192013f78bf1eda16424693778675f7700a6e6fabc8af8fe750d13d423
Paper_random_32_32_gp_5/random-32-32-10_agents_450_test_7,restart_fast,random-32-32-10,450,7,True,36,12413,11121,370,551,1,346.958,3377520dc47acdb499a50d5cd46fa7e8eee2394d02ce18c4181795f536e7fb8c,83c66952c63fe1d6b38dde622bba2d5550edd823bd8ae03ffcfea82af9d575ee
Paper_room_64_64_8_gp_5/room-64-64-8_agents_300_test_11,restart_fast,room-64-64-8,300,11,True,53,16512,16924,2,1117,2,657.001,f85f9ec73492a86a5020fd9fd8721dc33b02787c8afe421a34131ccc3f291964,83c66952c63fe1d6b38dde622bba2d5550edd823bd8ae03ffcfea82af9d575ee
Paper_room_64_64_8_gp_5/room-64-64-8_agents_300_test_15,restart_fast,room-64-64-8,300,15,True,62,18294,35827,16,728,1,2916.46,8767f521d11e084e576fcc91a1f44b6d3785d2d2cacec3420c064a812aa511cf,83c66952c63fe1d6b38dde622bba2d5550edd823bd8ae03ffcfea82af9d575ee
Paper_den312d_65_81_gp_5/den312d_agents_300_test_15,baseline,den312d,300,15,True,48,19234,4838,12,1135,0,102.3,4156be68b8fe09850d787513e1d6a08a2dcaa68c0cecad68f284e1a057632efd,4f275d192013f78bf1eda16424693778675f7700a6e6fabc8af8fe750d13d423
Paper_maze_32_32_2_gp_5/maze-32-32-2_agents_500_test_11,baseline,maze-32-32-2,500,11,False,0,0,23284,165,19783,0,884.315,f5bbf43bb56dda0586d15e4d2a5fc1a358e990bdbe2762c6041b1a55fc2dc1af,4f275d192013f78bf1eda16424693778675f7700a6e6fabc8af8fe750d13d423
Paper_den312d_65_81_gp_5/den312d_agents_250_test_14,baseline,den312d,250,14,True,37,13406,6008,9,1156,0,100.622,0302ce3e5003be5627577625431703212ec7c7f1987b77a5389be834bbce86e9,4f275d192013f78bf1eda16424693778675f7700a6e6fabc8af8fe750d13d423
Paper_Boston_gp_5/Boston_0_256_agents_500_test_1,restart_fast,Boston_0_256,500,1,True,1252,75390,5246,2,689,0,1199.17,9ae752083b1966c1fb985c3d80876206dbf8e0b433f6b3e53e97be1f19b314ac,83c66952c63fe1d6b38dde622bba2d5550edd823bd8ae03ffcfea82af9d575ee
Paper_Boston_gp_5/Boston_0_256_agents_450_test_19,baseline,Boston_0_256,450,19,True,909,63683,19304,3,123,0,1628.18,66ab756e0cb5eebcaa375d9d5964b2fe3477ad4988cec23824fad3ba2c16d2c7,4f275d192013f78bf1eda16424693778675f7700a6e6fabc8af8fe750d13d423
Paper_maze_32_32_2_gp_5/maze-32-32-2_agents_350_test_11,restart_fast,maze-32-32-2,350,11,True,72,47358,27556,147,175,1,2351.87,977704b941c21be7b1a5ef45ff94d1e12f45c5623ac69ee4c256ea51d5e37631,83c66952c63fe1d6b38dde622bba2d5550edd823bd8ae03ffcfea82af9d575ee
Paper_den312d_65_81_gp_5/den312d_agents_400_test_8,restart_fast,den312d,400,8,True,69,25017,29257,43,266,1,4597.77,a8adb5e35eea04a3ea0423d8a263d87063d18e79ff4e0aaf6131865d26512f92,83c66952c63fe1d6b38dde622bba2d5550edd823bd8ae03ffcfea82af9d575ee
Paper_warehouse_161_63_gp_5/warehouse-10-20-10-2-1_agents_400_test_6,restart_fast,warehouse-10-20-10-2-1,400,6,True,130,30799,9571,13,1140,1,636.041,9672ee70ef654de5f5ecaecf48b2791b032e30ee52e78b1e2409e1f99f556b1c,83c66952c63fe1d6b38dde622bba2d5550edd823bd8ae03ffcfea82af9d575ee
Paper_warehouse_161_63_gp_5/warehouse-10-20-10-2-1_agents_250_test_3,baseline,warehouse-10-20-10-2-1,250,3,True,67,16685,4452,7,1770,0,114.764,35c1d920d0fc89e72216e9bcfb1bfc7f3234881a8362f9ce971985418fbd9674,4f275d192013f78bf1eda16424693778675f7700a6e6fabc8af8fe750d13d423
Paper_maze_32_32_2_gp_5/maze-32-32-2_agents_450_test_17,baseline,maze-32-32-2,450,17,False,0,0,43743,113,20592,0,764.252,cb47f0f5adc1d328a6dd63875e8e8153327a6bd5e3bd47605e1fa2fa01d67cf2,4f275d192013f78bf1eda16424693778675f7700a6e6fabc8af8fe750d13d423
Paper_Boston_gp_5/Boston_0_256_agents_250_test_0,baseline,Boston_0_256,250,0,True,1792,37853,45291,0,42,0,3017.4,2f8ac52175d3cc0261ea07a5ea86f21cdeb85238f711a80abeaa3c5a8adba5a2,4f275d192013f78bf1eda16424693778675f7700a6e6fabc8af8fe750d13d423
Paper_orz900d_gp_5/orz900d_agents_350_test_8,baseline,orz900d,350,8,True,6297,291447,5313,14,605,0,5614.36,db2676f39b87dbc6ff9a859d17e9b95159607fc3b2a380a726aec636fffc7a99,4f275d192013f78bf1eda16424693778675f7700a6e6fabc8af8fe750d13d423
Paper_warehouse_161_63_gp_5/warehouse-10-20-10-2-1_agents_250_test_19,baseline,warehouse-10-20-10-2-1,250,19,True,77,18980,3828,8,1427,0,109.1,e1eae9cfbc87134bca7195fb9a471bacd818212b38a2f7aa9955b1cddc23e394,4f275d192013f78bf1eda16424693778675f7700a6e6fabc8af8fe750d13d423
Paper_maze_32_32_2_gp_5/maze-32-32-2_agents_450_test_9,baseline,maze-32-32-2,450,9,False,0,0,38918,712,28832,0,767.929,368f651048ccbc9c3003b985bf33462c75313e74160bc1098981996530d07a56,4f275d192013f78bf1eda16424693778675f7700a6e6fabc8af8fe750d13d423
Paper_random_32_32_gp_5/random-32-32-10_agents_400_test_4,baseline,random-32-32-10,400,4,True,35,11643,7451,14,532,0,177.284,adfa02abdb63317ad598da20f2df667c3ba3c0dd3a71434181e81bccc3756ca0,4f275d192013f78bf1eda16424693778675f7700a6e6fabc8af8fe750d13d423
Paper_orz900d_gp_5/orz900d_agents_450_test_11,baseline,orz900d,450,11,True,7036,388091,6003,17,580,0,6159.88,67b2a32cac4d521593334804971aa90b9030fcbe2c2cc3c03e8c95b7ef67eee5,4f275d192013f78bf1eda16424693778675f7700a6e6fabc8af8fe750d13d423
Paper_maze_32_32_2_gp_5/maze-32-32-2_agents_400_test_12,baseline,maze-32-32-2,400,12,False,0,0,48248,78,23712,0,1060.95,5824482cf03de5348db548a71b473dc67cca6455999681142c0ea6de76ac0e01,4f275d192013f78bf1eda16424693778675f7700a6e6fabc8af8fe750d13d423
Paper_Boston_gp_5/Boston_0_256_agents_500_test_6,restart_fast,Boston_0_256,500,6,True,2135,75288,7747,8,1584,2,2376.33,dce71691ddedec7642374975b373f4b9820e3b03292a20bbe950ab9a1e3e6825,83c66952c63fe1d6b38dde622bba2d5550edd823bd8ae03ffcfea82af9d575ee
Paper_den312d_65_81_gp_5/den312d_agents_250_test_11,restart_fast,den312d,250,11,True,35,14586,9503,28,1811,1,145.882,a5516e250e53119e002faf2aa17ca3909491d31b8cad32404d9b6b8267f28a7c,83c66952c63fe1d6b38dde622bba2d5550edd823bd8ae03ffcfea82af9d575ee
Paper_random_32_32_gp_5/random-32-32-10_agents_300_test_0,restart_fast,random-32-32-10,300,0,True,18,7117,5459,6,1256,0,97.7307,d3e418d8ef1e906eca854a032743a8a03f8d44de370cb7d25c496d00c56a4525,83c66952c63fe1d6b38dde622bba2d5550edd823bd8ae03ffcfea82af9d575ee
Paper_room_64_64_8_gp_5/room-64-64-8_agents_300_test_18,restart_fast,room-64-64-8,300,18,True,59,18918,48867,27,958,3,4535.19,3ef25714b22e41ad5196791be24ef5ba067d85ad9044ff3cd23dff658cb70639,83c66952c63fe1d6b38dde622bba2d5550edd823bd8ae03ffcfea82af9d575ee
Paper_symbotic_39_37_gp_5/symbotic_agents_450_test_10,baseline,symbotic,450,10,False,0,0,6327,2632,3319,0,555.6,86cd1e135486d5bb4a446ab725f75ceef66c618656406b7ec7759c9028e704ab,4f275d192013f78bf1eda16424693778675f7700a6e6fabc8af8fe750d13d423
Paper_random_32_32_gp_5/random-32-32-10_agents_450_test_6,baseline,random-32-32-10,450,6,True,40,12795,4174,22,1167,0,125.93,ff9199b174d2b304f54592ad0db6196e49039cd8e67ce539b2d06e58c2d6499f,4f275d192013f78bf1eda16424693778675f7700a6e6fabc8af8fe750d13d423
Paper_orz900d_gp_5/orz900d_agents_500_test_9,baseline,orz900d,500,9,True,9407,393688,2827,17,0,0,8335.18,df2ae5f23ed6b62a3edac15dcb26c88d98361c9bdc9e6d6107fcff35cd505f79,4f275d192013f78bf1eda16424693778675f7700a6e6fabc8af8fe750d13d423
Paper_orz900d_gp_5/orz900d_agents_250_test_15,restart_fast,orz900d,250,15,True,3888,197071,8899,18,1009,1,3797.13,aaeb509a2e87ff921a4126768868970efe525c7703af10a88959b90408d4025c,83c66952c63fe1d6b38dde622bba2d5550edd823bd8ae03ffcfea82af9d575ee
Paper_orz900d_gp_5/orz900d_agents_500_test_19,baseline,orz900d,500,19,True,8466,389656,3901,21,293,0,7388.75,c7f7358747a30668d002d75c059abfaa46548c242fda9407dd57fe93e361674f,4f275d192013f78bf1eda16424693778675f7700a6e6fabc8af8fe750d13d423
Paper_symbotic_39_37_gp_5/symbotic_agents_300_test_3,baseline,symbotic,300,3,True,100,48596,5637,48,1109,0,132.78,cfb5bb1e8cf8ad9ef3f0ed0151cab263ec6bf295a1f46a8b2c26311d4e887f1f,4f275d192013f78bf1eda16424693778675f7700a6e6fabc8af8fe750d13d423
Paper_warehouse_161_63_gp_5/warehouse-10-20-10-2-1_agents_450_test_6,restart_fast,warehouse-10-20-10-2-1,450,6,True,162,40742,5507,33,1873,1,298.383,06c04a1a1c1145d2ef19d0d725c75405cc768bde4d939cf6c606c44feccdc991,83c66952c63fe1d6b38dde622bba2d5550edd823bd8ae03ffcfea82af9d575ee
Paper_orz900d_gp_5/orz900d_agents_300_test_0,baseline,orz900d,300,0,True,4486,216944,6203,8,799,0,4052.88,1dfd063c99463f51968207031d0827b4759e07ab93bc3e0043505835e121a343,4f275d192013f78bf1eda16424693778675f7700a6e6fabc8af8fe750d13d423
Paper_symbotic_39_37_gp_5/symbotic_agents_400_test_11,baseline,symbotic,400,11,True,2512,740758,10261,6150,12704,0,405.972,6a20a665a55052785ffd93ccfa571255c06ea3b75e53ba1590e1a3df8915333b,4f275d192013f78bf1eda16424693778675f7700a6e6fabc8af8fe750d13d423
Paper_maze_32_32_2_gp_5/maze-32-32-2_agents_400_test_15,baseline,maze-32-32-2,400,15,False,0,0,50773,669,21463,0,1081.14,159cc9b254ae8e949f9e851a219ea38396ebd0ee106ab7a4965e06f74523f404,4f275d192013f78bf1eda16424693778675f7700a6e6fabc8af8fe750d13d423
Paper_maze_32_32_2_gp_5/maze-32-32-2_agents_500_test_10,restart_fast,maze-32-32-2,500,10,False,0,0,26130,2683,9781,19,2975.4,d8c92e070258de2084737fdbb9a697852a03525d2769eada4673544d57133883,83c66952c63fe1d6b38dde622bba2d5550edd823bd8ae03ffcfea82af9d575ee
Paper_maze_32_32_2_gp_5/maze-32-32-2_agents_500_test_18,restart_fast,maze-32-32-2,500,18,True,173,93038,17492,4131,28,1,3408.54,e04c9fc5b290f4d5aa1bd6c6ddee019f7c860d9c71b8e5b6264964568f721ef3,83c66952c63fe1d6b38dde622bba2d5550edd823bd8ae03ffcfea82af9d575ee
Paper_symbotic_39_37_gp_5/symbotic_agents_500_test_8,baseline,symbotic,500,8,True,1157,677650,6930,562,976,0,699.407,4e11d94b3f9ef0eb8503868d1cc5ee01eccbce333212f0906a73270b9b37d929,4f275d192013f78bf1eda16424693778675f7700a6e6fabc8af8fe750d13d423
Paper_den312d_65_81_gp_5/den312d_agents_350_test_13,baseline,den312d,350,13,True,63,20377,7192,21,896,0,159.686,7c7825c70a8d1ddc3530e282a47c1cdfe7e6ff3ec99839c828d77546162acea6,4f275d192013f78bf1eda16424693778675f7700a6e6fabc8af8fe750d13d423
Paper_maze_32_32_2_gp_5/maze-32-32-2_agents_300_test_1,baseline,maze-32-32-2,300,1,True,57,34739,5049,69,1182,0,126.876,580d39e00ddb30e3949bee32ee2e7670559a34a1573f498514f5a5dd01ab28bc,4f275d192013f78bf1eda16424693778675f7700a6e6fabc8af8fe750d13d423
Paper_symbotic_39_37_gp_5/symbotic_agents_400_test_14,restart_fast,symbotic,400,14,True,570,392600,20261,1728,818,1,1411.06,9ca96d03343ceafb664d91c4660e34e59e96970b8576ee5747c2b7323c77005d,83c66952c63fe1d6b38dde622bba2d5550edd823bd8ae03ffcfea82af9d575ee
Paper_symbotic_39_37_gp_5/symbotic_agents_450_test_3,baseline,symbotic,450,3,True,578,282723,7180,217,1050,0,409.458,b90d157b9b068c53a2e1fa4d323bc031781002740903728157d328e3cefdf1cf,4f275d192013f78bf1eda16424693778675f7700a6e6fabc8af8fe750d13d423
Paper_symbotic_39_37_gp_5/symbotic_agents_350_test_0,restart_fast,symbotic,350,0,True,269,87206,8987,187,1473,1,307.766,d8efe4e8cdce00340c93a31bbd9f6f0d6e0d164316fccb11c21bc0bd58ab9c08,83c66952c63fe1d6b38dde622bba2d5550edd823bd8ae03ffcfea82af9d575ee
Paper_den312d_65_81_gp_5/den312d_agents_450_test_11,baseline,den312d,450,11,True,102,32598,4849,29,1152,0,162.551,cff952e522abf3d4cacd15f81253312c1d26bafd7e06ff7951aa36331aeb0b4e,4f275d192013f78bf1eda16424693778675f7700a6e6fabc8af8fe750d13d423
Paper_symbotic_39_37_gp_5/symbotic_agents_500_test_12,restart_fast,symbotic,500,12,False,0,0,27215,6830,6082,3,3893.7,8e8ff9710b871db089ac97580a42a31588abd7547d8596ad9bc513ce8b07d534,83c66952c63fe1d6b38dde622bba2d5550edd823bd8ae03ffcfea82af9d575ee
Paper_random_32_32_gp_5/random-32-32-10_agents_400_test_4,restart_fast,random-32-32-10,400,4,True,32,11643,7839,14,558,0,197.177,adfa02abdb63317ad598da20f2df667c3ba3c0dd3a71434181e81bccc3756ca0,83c66952c63fe1d6b38dde622bba2d5550edd823bd8ae03ffcfea82af9d575ee
Paper_maze_32_32_2_gp_5/maze-32-32-2_agents_350_test_12,baseline,maze-32-32-2,350,12,True,75,43733,7959,1705,636,0,214.836,91cf194cad8fb5ff6bbb4aa87f87228fd0cadb2d229ab987fc537b3e1ce5ef31,4f275d192013f78bf1eda16424693778675f7700a6e6fabc8af8fe750d13d423
Paper_orz900d_gp_5/orz900d_agents_500_test_11,restart_fast,orz900d,500,11,True,8344,427258,3818,33,130,1,7918.1,b8f73c2d475e484041ed3fe83ad1b8755dcc57c9be5378e2923b0112e5f46ead,83c66952c63fe1d6b38dde622bba2d5550edd823bd8ae03ffcfea82af9d575ee
Paper_Boston_gp_5/Boston_0_256_agents_450_test_16,restart_fast,Boston_0_256,450,16,True,1372,73939,6718,3,946,0,1326.46,e128d9a7a2f7f00d883997a2f9ff758a23b2fdaabef9095575a7c3fd9b89bff9,83c66952c63fe1d6b38dde622bba2d5550edd823bd8ae03ffcfea82af9d575ee
Paper_random_32_32_gp_5/random-32-32-10_agents_300_test_9,restart_fast,random-32-32-10,300,9,True,17,6774,48648,4218,105,1,3427.79,d2fe2c1a94a5c5a98413cd2a2fbbaf38f975d9b472d031072952eeebef478404,83c66952c63fe1d6b38dde622bba2d5550edd823bd8ae03ffcfea82af9d575ee
Paper_warehouse_161_63_gp_5/warehouse-10-20-10-2-1_agents_500_test_5,restart_fast,warehouse-10-20-10-2-1,500,5,True,216,48108,4546,23,969,0,264.364,c47ea1900c727f2ecd5cc651e5515182f69660493ce62411074988a21dcc3563,83c66952c63fe1d6b38dde622bba2d5550edd823bd8ae03ffcfea82af9d575ee
Paper_Boston_gp_5/Boston_0_256_agents_250_test_16,restart_fast,Boston_0_256,250,16,True,452,34253,25284,2,2361,4,1302.71,fbb9b2fcd3c8b21450a4629cd97703086e994f4b96ce4e1feb3693b9484b001f,83c66952c63fe1d6b38dde622bba2d5550edd823bd8ae03ffcfea82af9d575ee
Paper_random_32_32_gp_5/random-32-32-10_agents_250_test_18,baseline,random-32-32-10,250,18,True,14,5581,5378,7,1070,0,83.7101,d818351d44d2c76fc8439fc43d089f22df298a13140c770937015b064e36572a,4f275d192013f78bf1eda16424693778675f7700a6e6fabc8af8fe750d13d423
Paper_random_32_32_gp_5/random-32-32-10_agents_300_test_16,baseline,random-32-32-10,300,16,True,20,7101,6270,9,920,0,106.808,38ed78b1e87ad478fffadfc12c2d49828f136dd3efc5545fde73ac3c0cae8f92,4f275d192013f78bf1eda16424693778675f7700a6e6fabc8af8fe750d13d423
Paper_warehouse_161_63_gp_5/warehouse-10-20-10-2-1_agents_400_test_10,baseline,warehouse-10-20-10-2-1,400,10,True,150,34145,4140,7,1415,0,169.27,db29eb1f9731ea726818a60d2feaaf89ef1ea964bd556292d97e2da6487634a0,4f275d192013f78bf1eda16424693778675f7700a6e6fabc8af8fe750d13d423
Paper_orz900d_gp_5/orz900d_agents_450_test_6,baseline,orz900d,450,6,True,8438,365143,3810,16,248,0,7559.46,e9d28c43836051b7d6fe70c000da24226ac548ad5bd9ca574ff783aa46ff8d77,4f275d192013f78bf1eda16424693778675f7700a6e6fabc8af8fe750d13d423
Paper_orz900d_gp_5/orz900d_agents_350_test_5,baseline,orz900d,350,5,True,6168,317308,5851,13,656,0,5444.07,625069468226ef7e5726150c98db9f9a7962d7eaa5e501c5954ea68ff6b51db8,4f275d192013f78bf1eda16424693778675f7700a6e6fabc8af8fe750d13d423
Paper_random_32_32_gp_5/random-32-32-10_agents_300_test_4,restart_fast,random-32-32-10,300,4,True,17,7351,10087,15,839,1,191.228,3490ad4394f8fe4aa91a3c9f5fa5277ff382032bc1c889403462549250af095f,83c66952c63fe1d6b38dde622bba2d5550edd823bd8ae03ffcfea82af9d575ee
Paper_room_64_64_8_gp_5/room-64-64-8_agents_500_test_8,baseline,room-64-64-8,500,8,True,145,40822,4379,17,916,0,195.988,b24b49dae8bc313905856bf154cb38fca1d03182fe6d6ac7c095248d7304c481,4f275d192013f78bf1eda16424693778675f7700a6e6fabc8af8fe750d13d423
Paper_random_32_32_gp_5/random-32-32-10_agents_250_test_13,baseline,random-32-32-10,250,13,True,13,5234,6617,4,1036,0,101.227,980dfaa1c91992699533d8f530ce2e4b9d199e51e864fcf67980ff00a1e95bd1,4f275d192013f78bf1eda16424693778675f7700a6e6fabc8af8fe750d13d423
Paper_maze_32_32_2_gp_5/maze-32-32-2_agents_350_test_5,restart_fast,maze-32-32-2,350,5,True,86,54551,5365,89,946,0,158.04,61522073b85b6c257296ebaaebd66456903a7278e148de7b5060029487540f88,83c66952c63fe1d6b38dde622bba2d5550edd823bd8ae03ffcfea82af9d575ee
Paper_room_64_64_8_gp_5/room-64-64-8_agents_400_test_2,baseline,room-64-64-8,400,2,True,136,30873,3800,19,1064,0,177.345,533600497b6e14a8db907a4978b103ed194cf872991db4eb6d5c68cc42a6176d,4f275d192013f78bf1eda16424693778675f7700a6e6fabc8af8fe750d13d423
Paper_maze_32_32_2_gp_5/maze-32-32-2_agents_500_test_3,restart_fast,maze-32-32-2,500,3,True,2942,119514,13289,740,2893,4,1052.33,776ba7f95f03c7a50497908bf224257b4b199977416bbcf9acf3f983dda371fc,83c66952c63fe1d6b38dde622bba2d5550edd823bd8ae03ffcfea82af9d575ee
Paper_maze_32_32_2_gp_5/maze-32-32-2_agents_400_test_3,baseline,maze-32-32-2,400,3,True,111,58964,4352,98,760,0,155.292,4c482c63b1e9d0c783882261c28a07e30321abbf651741d7a4b0af73c675d664,4f275d192013f78bf1eda16424693778675f7700a6e6fabc8af8fe750d13d423
Paper_den312d_65_81_gp_5/den312d_agents_400_test_2,baseline,den312d,400,2,True,77,25726,5951,22,884,0,151.183,191dab309963b349d55e79f109b682d980848b34c14d35b2f6b22239f3c80e42,4f275d192013f78bf1eda16424693778675f7700a6e6fabc8af8fe750d13d423
Paper_random_32_32_gp_5/random-32-32-10_agents_400_test_19,baseline,random-32-32-10,400,19,True,33,11212,5396,15,790,0,149.891,01f1bb9bb2798a6cfde2bdc3fcf4f5565cb1ea3855c75613233160fbc061d859,4f275d192013f78bf1eda16424693778675f7700a6e6fabc8af8fe750d13d423
Paper_warehouse_161_63_gp_5/warehouse-10-20-10-2-1_agents_450_test_1,restart_fast,warehouse-10-20-10-2-1,450,1,True,153,40494,8202,44,2011,3,598.15,fc3f2129cadfb7719ad7903271ae57faafa67445e7356fdd87d948e5eee05c0f,83c66952c63fe1d6b38dde622bba2d5550edd823bd8ae03ffcfea82af9d575ee
Paper_room_64_64_8_gp_5/room-64-64-8_agents_450_test_4,restart_fast,room-64-64-8,450,4,True,120,38000,35547,49,82,1,3336.7,d9c8b2ad1bde60602f1f050116384363ad8fc7d0ee4c880a9c49465df4973d5c,83c66952c63fe1d6b38dde622bba2d5550edd823bd8ae03ffcfea82af9d575ee
Paper_random_32_32_gp_5/random-32-32-10_agents_350_test_8,baseline,random-32-32-10,350,8,True,25,8673,9128,9,494,0,190.382,641979b12e53cc7857c8b0eec99cb5a51106caca9827fc3fdd2ddc562509f5e1,4f275d192013f78bf1eda16424693778675f7700a6e6fabc8af8fe750d13d423
Paper_warehouse_161_63_gp_5/warehouse-10-20-10-2-1_agents_300_test_1,restart_fast,warehouse-10-20-10-2-1,300,1,True,86,24448,4957,8,1025,0,150.695,4d204e8be19c714b51df6cf728bef2e1d207e1d510a27a4f30a90fb86a2acd2c,83c66952c63fe1d6b38dde622bba2d5550edd823bd8ae03ffcfea82af9d575ee
Paper_random_32_32_gp_5/random-32-32-10_agents_400_test_6,baseline,random-32-32-10,400,6,True,33,10949,5937,16,747,0,208.753,16a4983a59aa9dd26693bd072dcf7ba02d25c5205053a96bc85ea5f504b9c17a,4f275d192013f78bf1eda16424693778675f7700a6e6fabc8af8fe750d13d423
Paper_room_64_64_8_gp_5/room-64-64-8_agents_450_test_2,restart_fast,room-64-64-8,450,2,True,111,33653,4746,12,787,0,193.739,3a7125c73f935e04ad6e70f70322bfdc3b8d1e9f31dfa45c242560589ef2a064,83c66952c63fe1d6b38dde622bba2d5550edd823bd8ae03ffcfea82af9d575ee
Paper_room_64_64_8_gp_5/room-64-64-8_agents_400_test_5,baseline,room-64-64-8,400,5,True,106,32271,4166,7,1062,0,152.403,b5a2b10429a89fccb3580415bf1d1610212654eb3469250ded9eb9ff8ca9e67b,4f275d192013f78bf1eda16424693778675f7700a6e6fabc8af8fe750d13d423
Paper_warehouse_161_63_gp_5/warehouse-10-20-10-2-1_agents_350_test_3,restart_fast,warehouse-10-20-10-2-1,350,3,True,110,26985,16353,36,1805,6,1403.95,e3a589f31092ea09bfbdcd278d79c675d275bec46314894e23f9a6046b947933,83c66952c63fe1d6b38dde622bba2d5550edd823bd8ae03ffcfea82af9d575ee
Paper_maze_32_32_2_gp_5/maze-32-32-2_agents_300_test_8,restart_fast,maze-32-32-2,300,8,True,46,32511,43924,3835,374,1,3692.09,456b35ef10d18ab891d4bfade8c887e2d01608033cf9832635eeff0173da1f02,83c66952c63fe1d6b38dde622bba2d5550edd823bd8ae03ffcfea82af9d575ee
Paper_orz900d_gp_5/orz900d_agents_350_test_4,baseline,orz900d,350,4,True,6399,299464,5166,15,508,0,5732.46,6bdafaed4ba82e2a0cb588f9b42a9119879beaa133795e9532fd5b9c9a041bf5,4f275d192013f78bf1eda16424693778675f7700a6e6fabc8af8fe750d13d423
Paper_room_64_64_8_gp_5/room-64-64-8_agents_250_test_16,baseline,room-64-64-8,250,16,True,47,14133,5438,7,1070,0,118.759,63bf1c8f9112721e7cc440d764e4ef8fcff2539032c1305c23bc6f82a6d50064,4f275d192013f78bf1eda16424693778675f7700a6e6fabc8af8fe750d13d423
Paper_orz900d_gp_5/orz900d_agents_350_test_9,restart_fast,orz900d,350,9,True,5976,299908,5558,18,664,1,5655.75,a2df47f9d96149a7b1935aa82e0ba150cdf486b6ad618c69d759a94947401709,83c66952c63fe1d6b38dde622bba2d5550edd823bd8ae03ffcfea82af9d575ee
Paper_symbotic_39_37_gp_5/symbotic_agents_250_test_16,baseline,symbotic,250,16,True,61,30972,5252,32,1456,0,81.8476,9a82304656d52af1eb74117969a7536fad068a0236fb84247557bf9b175362ae,4f275d192013f78bf1eda16424693778675f7700a6e6fabc8af8fe750d13d423
Paper_symbotic_39_37_gp_5/symbotic_agents_300_test_15,baseline,symbotic,300,15,True,85,43990,4675,37,1137,0,118.628,1fe582e12d9aa552415f0980ac7523a34c67b0caf87b6f609ee0cb30c60833b5,4f275d192013f78bf1eda16424693778675f7700a6e6fabc8af8fe750d13d423
Paper_room_64_64_8_gp_5/room-64-64-8_agents_250_test_1,restart_fast,room-64-64-8,250,1,True,42,14640,5131,4,1413,0,94.2289,566eeea48efa736d47020133b0f1ebf5e48196fe44d8c83cecbb3bb73a15a850,83c66952c63fe1d6b38dde622bba2d5550edd823bd8ae03ffcfea82af9d575ee
Paper_symbotic_39_37_gp_5/symbotic_agents_400_test_10,baseline,symbotic,400,10,True,1358,268327,7711,161,7877,0,309.52,219138e45f9d206ee876bac36bf189a25ad3db3faffc8b1747d45eec9b7bfcbe,4f275d192013f78bf1eda16424693778675f7700a6e6fabc8af8fe750d13d423
Paper_symbotic_39_37_gp_5/symbotic_agents_250_test_11,baseline,symbotic,250,11,True,109,44885,5176,35,1225,0,101.959,950d7a02688a8821daf5b262133a1b248f3f79c6f4655dc2a17b08f16f83ae28,4f275d192013f78bf1eda16424693778675f7700a6e6fabc8af8fe750d13d423
Paper_room_64_64_8_gp_5/room-64-64-8_agents_500_test_0,baseline,room-64-64-8,500,0,True,141,40436,4873,12,994,0,212.925,79bc902f6af7a949cab8b6a1039aaba36146fc044bebfe6097446ba686225dff,4f275d192013f78bf1eda16424693778675f7700a6e6fabc8af8fe750d13d423
Paper_den312d_65_81_gp_5/den312d_agents_250_test_0,baseline,den312d,250,0,True,39,14789,5076,17,1188,0,100.901,bc12e5e554b82781cca80a2fe634949b5f5520c938a305c92b604a86e7cde320,4f275d192013f78bf1eda16424693778675f7700a6e6fabc8af8fe750d13d423
Paper_den312d_65_81_gp_5/den312d_agents_450_test_4,baseline,den312d,450,4,True,94,31222,7071,27,665,0,225.396,a6eec1e3f3622fe8bba8bb37f561ac60e100e80c80d109a8e4f90062c0ba2b3e,4f275d192013f78bf1eda16424693778675f7700a6e6fabc8af8fe750d13d423
Paper_Boston_gp_5/Boston_0_256_agents_250_test_17,baseline,Boston_0_256,250,17,True,1664,36993,5007,0,1134,0,1598.31,0b16c7e4c347b9799369f66d227e55d537043b84b6f5e0c24af44e63369fda75,4f275d192013f78bf1eda16424693778675f7700a6e6fabc8af8fe750d13d423
Paper_room_64_64_8_gp_5/room-64-64-8_agents_350_test_8,restart_fast,room-64-64-8,350,8,True,84,25448,27412,21,62,2,5555.5,f001acdb3a6f375bfd0294a16fc4ad83bae96d1016d5f41856ac6845a9b2f8c4,83c66952c63fe1d6b38dde622bba2d5550edd823bd8ae03ffcfea82af9d575ee
Paper_warehouse_161_63_gp_5/warehouse-10-20-10-2-1_agents_250_test_1,restart_fast,warehouse-10-20-10-2-1,250,1,True,66,17923,4727,0,1558,0,112.619,21b0bf73658853df2f5e8b57dbb282a4aff458f4cc86273c2d2ee27cf2a24917,83c66952c63fe1d6b38dde622bba2d5550edd823bd8ae03ffcfea82af9d575ee
Paper_room_64_64_8_gp_5/room-64-64-8_agents_350_test_13,restart_fast,room-64-64-8,350,13,True,78,22372,37232,16,643,1,2413.91,c86f1aa8f626a73ad142622b14c7450412c0086bbf017741ac491f5a4b59972a,83c66952c63fe1d6b38dde622bba2d5550edd823bd8ae03ffcfea82af9d575ee
Paper_warehouse_161_63_gp_5/warehouse-10-20-10-2-1_agents_250_test_11,restart_fast,warehouse-10-20-10-2-1,250,11,True,67,19628,9281,19,2357,3,208.642,7ee9783d957d12a1d90853c71e26b9c16d0b28efcf8bef9eb26e5442a4dd1756,83c66952c63fe1d6b38dde622bba2d5550edd823bd8ae03ffcfea82af9d575ee
Paper_random_32_32_gp_5/random-32-32-10_agents_250_test_2,restart_fast,random-32-32-10,250,2,True,12,5182,5598,4,857,0,94.7922,cc6f76d5a56f0216be31df6fbc4a19f1b7c677f2847dfac6a61034e40d44a4d7,83c66952c63fe1d6b38dde622bba2d5550edd823bd8ae03ffcfea82af9d575ee
Paper_random_32_32_gp_5/random-32-32-10_agents_350_test_13,restart_fast,random-32-32-10,350,13,True,25,8797,38609,32,128,1,3674.53,2e50028b3040a2afa88a99020779d55013534620c77499358e34fa0042320c58,83c66952c63fe1d6b38dde622bba2d5550edd823bd8ae03ffcfea82af9d575ee
Paper_den312d_65_81_gp_5/den312d_agents_350_test_17,baseline,den312d,350,17,True,61,21878,4398,22,949,0,107.07,9d8a734fb5020209a0a976de272f4d81e48c385f33e6f389dd18a3e3b73fdeaf,4f275d192013f78bf1eda16424693778675f7700a6e6fabc8af8fe750d13d423
Paper_random_32_32_gp_5/random-32-32-10_agents_300_test_15,baseline,random-32-32-10,300,15,True,20,7196,5159,12,863,0,109.525,5257f1faa23fd5e07d7f767e5970f7c136b8edd3791de71128b63c39c1f957c7,4f275d192013f78bf1eda16424693778675f7700a6e6fabc8af8fe750d13d423
Paper_random_32_32_gp_5/random-32-32-10_agents_300_test_9,baseline,random-32-32-10,300,9,True,19,6774,6274,5,849,0,111.79,d2fe2c1a94a5c5a98413cd2a2fbbaf38f975d9b472d031072952eeebef478404,4f275d192013f78bf1eda16424693778675f7700a6e6fabc8af8fe750d13d423
Paper_orz900d_gp_5/orz900d_agents_300_test_19,baseline,orz900d,300,19,True,5082,235051,5921,7,784,0,4568.48,16aac2efc854861a097c081500fb435ed4733715b7fcd418bd08a645a73987c2,4f275d192013f78bf1eda16424693778675f7700a6e6fabc8af8fe750d13d423
Paper_orz900d_gp_5/orz900d_agents_250_test_16,baseline,orz900d,250,16,True,4321,185206,6775,10,575,0,3969.93,1798b2d6230165d58c3cc287daeaad06da6609254a20958a3d42e88a87de7786,4f275d192013f78bf1eda16424693778675f7700a6e6fabc8af8fe750d13d423
Paper_orz900d_gp_5/orz900d_agents_500_test_8,restart_fast,orz900d,500,8,True,9215,398257,2733,14,0,0,8383.93,c263b770051a930f14b827da6bb95f6687e96b3828195ca1181fbf26f407c262,83c66952c63fe1d6b38dde622bba2d5550edd823bd8ae03ffcfea82af9d575ee
Paper_Boston_gp_5/Boston_0_256_agents_250_test_19,restart_fast,Boston_0_256,250,19,True,520,34102,40286,0,631,1,1249.65,6b298c25014064eab208a375a8e51d3e6a8570028fd66c0b248eb48701605cb8,83c66952c63fe1d6b38dde622bba2d5550edd823bd8ae03ffcfea82af9d575ee
Paper_orz900d_gp_5/orz900d_agents_400_test_7,restart_fast,orz900d,400,7,True,6644,331029,9710,58,334,2,7170.72,449aa3a067229b91009d536c5fc4e5bbab1f9c469330ad8b53811e6f6942c900,83c66952c63fe1d6b38dde622bba2d5550edd823bd8ae03ffcfea82af9d575ee
Paper_den312d_65_81_gp_5/den312d_agents_350_test_1,baseline,den312d,350,1,True,97,22924,4587,22,923,0,147.518,37a621f2a4de6462bdd8c285be6ed232261bc73148674913950b443328481ec3,4f275d192013f78bf1eda16424693778675f7700a6e6fabc8af8fe750d13d423
Paper_Boston_gp_5/Boston_0_256_agents_450_test_4,baseline,Boston_0_256,450,4,True,2762,69345,6983,1,478,0,2685.97,3668de5f483372b6bd216df6e102691754cb298065997d8c4d872bc2a9a6accf,4f275d192013f78bf1eda16424693778675f7700a6e6fabc8af8fe750d13d423
Paper_room_64_64_8_gp_5/room-64-64-8_agents_500_test_3,restart_fast,room-64-64-8,500,3,True,127,38414,29000,32,141,1,4121.18,51b3a6a0d1ac86d7d86277115c56ad12b8ecbe0da59da77d7bfd7ed683e6f0e2,83c66952c63fe1d6b38dde622bba2d5550edd823bd8ae03ffcfea82af9d575ee
Paper_Boston_gp_5/Boston_0_256_agents_350_test_18,restart_fast,Boston_0_256,350,18,True,971,51161,7466,3,691,1,1029.08,671470f6c2ee5260a2446d1bf9cca1eb0f766bf55e806a01d18b201955df66b0,83c66952c63fe1d6b38dde622bba2d5550edd823bd8ae03ffcfea82af9d575ee
Paper_room_64_64_8_gp_5/room-64-64-8_agents_500_test_9,baseline,room-64-64-8,500,9,True,157,39284,4673,9,823,0,212.999,6a7eb095703d9e7d4dbc9bf88d520f09e2d48667a31a226d206b4cfd41dc8ece,4f275d192013f78bf1eda16424693778675f7700a6e6fabc8af8fe750d13d423
Paper_symbotic_39_37_gp_5/symbotic_agents_400_test_7,restart_fast,symbotic,400,7,True,246,133184,22253,1296,208,1,3144.08,b60eda9a79b0e265eb74ed12f00ecb1d2824632c2b36af834efe9346652e7f1c,83c66952c63fe1d6b38dde622bba2d5550edd823bd8ae03ffcfea82af9d575ee
Paper_Boston_gp_5/Boston_0_256_agents_500_test_5,baseline,Boston_0_256,500,5,True,1097,76730,5431,1,722,0,1050.9,a823487b479d1ef520d1c22045559e3c277b1e21b73aeba36b3b6f46057e3b20,4f275d192013f78bf1eda16424693778675f7700a6e6fabc8af8fe750d13d423
Paper_symbotic_39_37_gp_5/symbotic_agents_250_test_6,baseline,symbotic,250,6,True,66,31671,3685,30,1536,0,87.0683,2e81ebdfdfd32948e28e878db7293b8f33c559aa1680ab484fa1f8e562768667,4f275d192013f78bf1eda16424693778675f7700a6e6fabc8af8fe750d13d423
Paper_maze_32_32_2_gp_5/maze-32-32-2_agents_250_test_3,baseline,maze-32-32-2,250,3,True,38,25661,4437,56,1292,0,92.976,eea99657902f75a94effb3e54002602c319e2c79a2b49e682474d347a4e88a07,4f275d192013f78bf1eda16424693778675f7700a6e6fabc8af8fe750d13d423
Paper_symbotic_39_37_gp_5/symbotic_agents_300_test_4,baseline,symbotic,300,4,True,106,34442,3986,29,1482,0,123.261,b783f5d0802d27ea69939cb6410a006bfba4cfe7fbaa12ba415dc7ee0def7647,4f275d192013f78bf1eda16424693778675f7700a6e6fabc8af8fe750d13d423
Paper_den312d_65_81_gp_5/den312d_agents_250_test_14,restart_fast,den312d,250,14,True,33,13406,9238,19,1120,1,211.174,0302ce3e5003be5627577625431703212ec7c7f1987b77a5389be834bbce86e9,83c66952c63fe1d6b38dde622bba2d5550edd823bd8ae03ffcfea82af9d575ee
Paper_symbotic_39_37_gp_5/symbotic_agents_300_test_0,baseline,symbotic,300,0,True,93,43539,5168,34,958,0,134.235,205aa298a0d12b246f97005cb823d5bab1ddb31c8d66a54e594e5f3342ccbf23,4f275d192013f78bf1eda16424693778675f7700a6e6fabc8af8fe750d13d423
Paper_room_64_64_8_gp_5/room-64-64-8_agents_450_test_14,baseline,room-64-64-8,450,14,True,120,33177,4159,11,787,0,166.118,d2c83e9fc0df12015f3e5adaeb73c6b7094b60f291fd9c94292ce5b28f84ce7f,4f275d192013f78bf1eda16424693778675f7700a6e6fabc8af8fe750d13d423
Paper_room_64_64_8_gp_5/room-64-64-8_agents_400_test_6,baseline,room-64-64-8,400,6,True,95,29162,5029,6,1264,0,164.451,7958c0844968072f8c97e045e508802727e5ed87596866d77f7815a191c1fae3,4f275d192013f78bf1eda16424693778675f7700a6e6fabc8af8fe750d13d423
Paper_warehouse_161_63_gp_5/warehouse-10-20-10-2-1_agents_500_test_9,restart_fast,warehouse-10-20-10-2-1,500,9,True,201,49518,4126,19,962,0,249.089,a4b0de63ca65fd425a1db131444e4b102d0450e29869bf5b2db4d73d79142fbe,83c66952c63fe1d6b38dde622bba2d5550edd823bd8ae03ffcfea82af9d575ee
Paper_symbotic_39_37_gp_5/symbotic_agents_400_test_15,baseline,symbotic,400,15,True,721,302826,6361,156,1096,0,302.339,deb8c4551d0f82a5d4616c290bbe54cd092f6ee4f6a0fa6df1a308a18d17e454,4f275d192013f78bf1eda16424693778675f7700a6e6fabc8af8fe750d13d423
Paper_warehouse_161_63_gp_5/warehouse-10-20-10-2-1_agents_400_test_8,baseline,warehouse-10-20-10-2-1,400,8,True,173,33664,4152,9,1285,0,179.263,6a2379791fac2ead8c0fa03de4d670797d0af04ffd32d8761499a11e89f6f601,4f275d192013f78bf1eda16424693778675f7700a6e6fabc8af8fe750d13d423
Paper_Boston_gp_5/Boston_0_256_agents_450_test_9,restart_fast,Boston_0_256,450,9,True,1992,68749,8298,1,349,0,2025.56,2a946d7bb70eed74445d90397a3fd5953323aba3e5abf90fa6c84286a7fe7517,83c66952c63fe1d6b38dde622bba2d5550edd823bd8ae03ffcfea82af9d575ee
Paper_warehouse_161_63_gp_5/warehouse-10-20-10-2-1_agents_500_test_7,baseline,warehouse-10-20-10-2-1,500,7,True,226,52400,4716,14,1180,0,262.073,032b2fea414e21e98505d7b51592140832c9ca0ce3797466221a0e34ad23cb09,4f275d192013f78bf1eda16424693778675f7700a6e6fabc8af8fe750d13d423
Paper_symbotic_39_37_gp_5/symbotic_agents_450_test_1,restart_fast,symbotic,450,1,True,1625,1092009,9963,5967,835,0,775.742,1280e8193af700373ca848cdd99d0771e02843d8c56bcd20f7e110b934dc329c,83c66952c63fe1d6b38dde622bba2d5550edd823bd8ae03ffcfea82af9d575ee
Paper_random_32_32_gp_5/random-32-32-10_agents_350_test_18,baseline,random-32-32-10,350,18,True,38,9191,5379,9,955,0,119.145,e21f32ff6dab1cc3ca2c3226194de64241b15c0f3913faeddcc817a8837afcec,4f275d192013f78bf1eda16424693778675f7700a6e6fabc8af8fe750d13d423
Paper_Boston_gp_5/Boston_0_256_agents_400_test_3,restart_fast,Boston_0_256,400,3,True,2905,58726,8465,4,193,0,2950.56,e9fe3e08db61ef2e6d9df369df0b5e76621c733818b797ec0019d49168c85ac1,83c66952c63fe1d6b38dde622bba2d5550edd823bd8ae03ffcfea82af9d575ee
Paper_symbotic_39_37_gp_5/symbotic_agents_350_test_13,baseline,symbotic,350,13,True,163,89702,3738,94,1436,0,158.768,ae19f90d044d770c0f06a1f841536a18dd0439ba215e9411e9ecd5e7968427bf,4f275d192013f78bf1eda16424693778675f7700a6e6fabc8af8fe750d13d423
Paper_maze_32_32_2_gp_5/maze-32-32-2_agents_500_test_13,restart_fast,maze-32-32-2,500,13,False,0,0,34404,2655,8409,13,2920.33,c48f29449afb71bd1287e00dd8fdc07b59ae808795139219fa645390ab3f19dd,83c66952c63fe1d6b38dde622bba2d5550edd823bd8ae03ffcfea82af9d575ee
Paper_warehouse_161_63_gp_5/warehouse-10-20-10-2-1_agents_350_test_19,restart_fast,warehouse-10-20-10-2-1,350,19,True,114,27128,14275,64,1935,4,1240.45,231d04579c4b08444ec87d37769f81091e85177b229f099f7340cfa29030674b,83c66952c63fe1d6b38dde622bba2d5550edd823bd8ae03ffcfea82af9d575ee
Paper_orz900d_gp_5/orz900d_agents_350_test_1,baseline,orz900d,350,1,True,5802,292766,5621,18,727,0,5218.14,9f250ec286c68c2c0bef032bdd8687ea3cb0dd4f5e24bac643b157dfc80b8fe3,4f275d192013f78bf1eda16424693778675f7700a6e6fabc8af8fe750d13d423
Paper_orz900d_gp_5/orz900d_agents_350_test_6,restart_fast,orz900d,350,6,True,5503,310308,5802,12,630,0,5004.6,08b4c7c79fc9da9487d5d60078e36cabaf0205bb1ec1313a53460a3578f3bdb8,83c66952c63fe1d6b38dde622bba2d5550edd823bd8ae03ffcfea82af9d575ee
Paper_den312d_65_81_gp_5/den312d_agents_300_test_12,baseline,den312d,300,12,True,51,18473,5578,21,900,0,104.925,6765aa898144042d18363e878b106f5558fd27e2dec41a988bdfff801f85cd12,4f275d192013f78bf1eda16424693778675f7700a6e6fabc8af8fe750d13d423
Paper_room_64_64_8_gp_5/room-64-64-8_agents_450_test_10,restart_fast,room-64-64-8,450,10,True,109,32785,35326,12,137,1,3493.92,9331ca258e69aa78e687adcad4288892d1d3a18ec0f17cc90b77a6419eb08cab,83c66952c63fe1d6b38dde622bba2d5550edd823bd8ae03ffcfea82af9d575ee
Paper_warehouse_161_63_gp_5/warehouse-10-20-10-2-1_agents_250_test_12,baseline,warehouse-10-20-10-2-1,250,12,True,68,18126,5302,9,1189,0,110.293,103067ec90858baea099eac8d1fc0c229f58963ed1445ba2a119b16311da956a,4f275d192013f78bf1eda16424693778675f7700a6e6fabc8af8fe750d13d423
Paper_Boston_gp_5/Boston_0_256_agents_350_test_9,restart_fast,Boston_0_256,350,9,True,2143,52500,6654,4,1493,1,2237.99,8861f4ec34f9337193b6090f2bd4da44cac1b5f49be3cef55521b889fea78cea,83c66952c63fe1d6b38dde622bba2d5550edd823bd8ae03ffcfea82af9d575ee
Paper_room_64_64_8_gp_5/room-64-64-8_agents_450_test_15,baseline,room-64-64-8,450,15,True,108,35319,4846,8,1095,0,160.621,727c7e34c2bd7c6f7659c944d8f15443c15021547b987fb61196033524e7a991,4f275d192013f78bf1eda16424693778675f7700a6e6fabc8af8fe750d13d423
Paper_maze_32_32_2_gp_5/maze-32-32-2_agents_400_test_7,restart_fast,maze-32-32-2,400,7,True,168,91114,3850,574,738,1,280.362,4085be0afd1ed8aadebc7907f71216d101ce73df11a5a9c3f4dace21a09e2c0b,83c66952c63fe1d6b38dde622bba2d5550edd823bd8ae03ffcfea82af9d575ee
Paper_orz900d_gp_5/orz900d_agents_500_test_0,baseline,orz900d,500,0,True,6337,399532,4840,17,580,0,5373.95,8aa408629ab03e1a6f3adee07e454b987370a1a1a28e631553571ba812bef853,4f275d192013f78bf1eda16424693778675f7700a6e6fabc8af8fe750d13d423
Paper_warehouse_161_63_gp_5/warehouse-10-20-10-2-1_agents_450_test_9,restart_fast,warehouse-10-20-10-2-1,450,9,True,167,41821,13407,46,790,1,557.495,ecdee88bbf744017545c5c501dfe54101f549c209abe2ee87f27ceaca48bd566,83c66952c63fe1d6b38dde622bba2d5550edd823bd8ae03ffcfea82af9d575ee
Paper_room_64_64_8_gp_5/room-64-64-8_agents_300_test_0,restart_fast,room-64-64-8,300,0,True,58,17818,33555,33,989,4,2083.87,6d179d882b7c93d2dd350f521feea2e098b6a9111ec49a269f114c0721d1f0d3,83c66952c63fe1d6b38dde622bba2d5550edd823bd8ae03ffcfea82af9d575ee
Paper_orz900d_gp_5/orz900d_agents_500_test_17,baseline,orz900d,500,17,True,8756,384137,3781,21,219,0,7883.21,b21aeea6a683a15d38a6acbf6c5ae25c2607f1608ad08a61c95b1c5a3352c7db,4f275d192013f78bf1eda16424693778675f7700a6e6fabc8af8fe750d13d423
Paper_maze_32_32_2_gp_5/maze-32-32-2_agents_300_test_15,baseline,maze-32-32-2,300,15,True,2418,492579,19386,79,16018,0,275.873,275927bce0149cf0024e67bfdaa64113d3a101522c8cd08fc5f4aea737af3627,4f275d192013f78bf1eda16424693778675f7700a6e6fabc8af8fe750d13d423
Paper_Boston_gp_5/Boston_0_256_agents_350_test_11,baseline,Boston_0_256,350,11,True,1913,53642,4422,2,932,0,1781.35,52c81cbefb312b10a584e42ffc4a99df6660ec44b7726c6942d9c316cc168f3f,4f275d192013f78bf1eda16424693778675f7700a6e6fabc8af8fe750d13d423
Paper_symbotic_39_37_gp_5/symbotic_agents_350_test_7,restart_fast,symbotic,350,7,True,390,164800,14145,3122,2380,4,797.189,aba4f2e1bf35f7ae138b7cf4fd8ccca2bdb8cb893fb6a28e2d71ef9940228555,83c66952c63fe1d6b38dde622bba2d5550edd823bd8ae03ffcfea82af9d575ee
Paper_warehouse_161_63_gp_5/warehouse-10-20-10-2-1_agents_350_test_16,baseline,warehouse-10-20-10-2-1,350,16,True,108,30659,5277,13,1014,0,166.372,86818c89e982a971251733d62a4bb93a2b0476b0e17a50281f376a35bb1be404,4f275d192013f78bf1eda16424693778675f7700a6e6fabc8af8fe750d13d423
Paper_Boston_gp_5/Boston_0_256_agents_300_test_1,baseline,Boston_0_256,300,1,True,1952,42652,4264,0,1104,0,1850.66,837d89f1d643918af486396200de7f91daf68782904e2530dcf25ee98d609d48,4f275d192013f78bf1eda16424693778675f7700a6e6fabc8af8fe750d13d423
Paper_den312d_65_81_gp_5/den312d_agents_400_test_7,baseline,den312d,400,7,True,82,24476,5921,25,944,0,164.18,e5dc7abc844af71e5cd9241ea09dc5e3cc9938544099c701cf1ff55080ca4f99,4f275d192013f78bf1eda16424693778675f7700a6e6fabc8af8fe750d13d423
Paper_den312d_65_81_gp_5/den312d_agents_300_test_2,restart_fast,den312d,300,2,True,44,15784,5869,24,1319,1,129.239,e1c2b440e9fdfd9bc09f6fff339e3c7ac332d72af14efa08dd0fa004e0245212,83c66952c63fe1d6b38dde622bba2d5550edd823bd8ae03ffcfea82af9d575ee
Paper_den312d_65_81_gp_5/den312d_agents_450_test_2,baseline,den312d,450,2,True,98,28427,4930,33,902,0,171.026,c12b56ffa2cd38da120220333dcfaacc8bf4e1ff8fbac7eb41b6103a957136d1,4f275d192013f78bf1eda16424693778675f7700a6e6fabc8af8fe750d13d423
Paper_warehouse_161_63_gp_5/warehouse-10-20-10-2-1_agents_500_test_1,restart_fast,warehouse-10-20-10-2-1,500,1,True,212,47332,5144,28,960,0,270.977,52d8a9dba70b4b058033de8e0143b54a7d737e74436d9fe48c7a1943633f5875,83c66952c63fe1d6b38dde622bba2d5550edd823bd8ae03ffcfea82af9d575ee
Paper_symbotic_39_37_gp_5/symbotic_agents_400_test_4,baseline,symbotic,400,4,True,832,438890,6617,96,1294,0,311.819,888cf824ab47be0990d0489f5cd18db2dbf10a3d8cbf987fc019d06c4c32f632,4f275d192013f78bf1eda16424693778675f7700a6e6fabc8af8fe750d13d423
Paper_maze_32_32_2_gp_5/maze-32-32-2_agents_400_test_9,baseline,maze-32-32-2,400,9,True,111,60582,5424,88,955,0,192.113,3d4d1f6bb622010e67b5556c585406c916cbfef2c3a10e668f0c5cc030b58866,4f275d192013f78bf1eda16424693778675f7700a6e6fabc8af8fe750d13d423
Paper_den312d_65_81_gp_5/den312d_agents_400_test_12,restart_fast,den312d,400,12,True,76,25044,24748,21009,833,2,2105.14,d98c5346e568ffa30aa93dc2373e96c811519cb4ac51c2b57cea46fe97ce94a2,83c66952c63fe1d6b38dde622bba2d5550edd823bd8ae03ffcfea82af9d575ee
Paper_orz900d_gp_5/orz900d_agents_350_test_9,baseline,orz900d,350,9,True,5278,299908,5733,13,776,0,4773.15,a2df47f9d96149a7b1935aa82e0ba150cdf486b6ad618c69d759a94947401709,4f275d192013f78bf1eda16424693778675f7700a6e6fabc8af8fe750d13d423
Paper_random_32_32_gp_5/random-32-32-10_agents_250_test_10,restart_fast,random-32-32-10,250,10,True,13,5720,52676,15466,366,1,3575.86,e1f3854fc855b3a467676a4b1ad16b2e6964e501f0aa4939550c5f7ee753db2f,83c66952c63fe1d6b38dde622bba2d5550edd823bd8ae03ffcfea82af9d575ee
Paper_Boston_gp_5/Boston_0_256_agents_500_test_3,baseline,Boston_0_256,500,3,True,1373,79199,4217,3,823,0,1219.47,834bd27d76830ab165ad79a326b5dfd5455fccdec60fb0eebcf28adeaf3c9194,4f275d192013f78bf1eda16424693778675f7700a6e6fabc8af8fe750d13d423
Paper_maze_32_32_2_gp_5/maze-32-32-2_agents_500_test_2,restart_fast,maze-32-32-2,500,2,False,0,0,30633,3451,12651,13,2688.69,4e2afc1ae2cf2ec3e0ae65b3cc180e28d27f5cffdd34c44b27aa5a44fd66e6d6,83c66952c63fe1d6b38dde622bba2d5550edd823bd8ae03ffcfea82af9d575ee
Paper_room_64_64_8_gp_5/room-64-64-8_agents_400_test_9,restart_fast,room-64-64-8,400,9,True,93,28422,14733,25,859,2,823.294,6d6560c8e1c488d220ae15ebcd133257d04cfa7d4fcc6e3c02af5f364c18627c,83c66952c63fe1d6b38dde622bba2d5550edd823bd8ae03ffcfea82af9d575ee
Paper_den312d_65_81_gp_5/den312d_agents_250_test_5,restart_fast,den312d,250,5,True,34,14166,55136,23,414,2,2044.45,b3def85d61db9ac6439a983a58a9366bb3162ac041c66374f3f6d7b4f72eff0e,83c66952c63fe1d6b38dde622bba2d5550edd823bd8ae03ffcfea82af9d575ee
Paper_maze_32_32_2_gp_5/maze-32-32-2_agents_400_test_14,baseline,maze-32-32-2,400,14,True,116,61423,5895,105,909,0,196.169,640636fa63bec405b71e75cd31df956f327307c5de35b129363fb96fb5a4d5ca,4f275d192013f78bf1eda16424693778675f7700a6e6fabc8af8fe750d13d423
Paper_room_64_64_8_gp_5/room-64-64-8_agents_450_test_3,baseline,room-64-64-8,450,3,True,126,36964,10123,12,371,0,357.71,093ae7cf2db30e09829b5ed4b4b1ae7f57549f6d6c4254300afd6386979f8992,4f275d192013f78bf1eda16424693778675f7700a6e6fabc8af8fe750d13d423
Paper_orz900d_gp_5/orz900d_agents_350_test_13,baseline,orz900d,350,13,True,4298,286232,9374,7,407,0,3826.04,93480525696353edbbf64a5551a2abfa237508dc34fb24040999d95cd5471b9f,4f275d192013f78bf1eda16424693778675f7700a6e6fabc8af8fe750d13d423
Paper_Boston_gp_5/Boston_0_256_agents_300_test_2,baseline,Boston_0_256,300,2,True,2207,42462,7451,1,487,0,2230.95,1fcdcfbb23ba69fe47216321647192f2018b83e3472f29ad5bb361bc64a9983a,4f275d192013f78bf1eda16424693778675f7700a6e6fabc8af8fe750d13d423
Paper_symbotic_39_37_gp_5/symbotic_agents_500_test_14,restart_fast,symbotic,500,14,False,0,0,32640,24185,221,1,4373.88,6908d00dea90bb9d7729d8a40b1bc75e10e6bb55658509989e3357f00a5c2da2,83c66952c63fe1d6b38dde622bba2d5550edd823bd8ae03ffcfea82af9d575ee
Paper_random_32_32_gp_5/random-32-32-10_agents_250_test_17,baseline,random-32-32-10,250,17,True,14,5321,7499,7,944,0,119.884,2c8aaa8e625bcfc586d31ef3cbd1f5dd0a4c3ad266552eb53463d232747b56e4,4f275d192013f78bf1eda16424693778675f7700a6e6fabc8af8fe750d13d423
Paper_orz900d_gp_5/orz900d_agents_400_test_15,restart_fast,orz900d,400,15,True,7187,339401,4855,17,462,0,6509.91,346a95cca38584a2db9245cf7ddae3ece7de545f449a8947701893f5afcbcd9e,83c66952c63fe1d6b38dde622bba2d5550edd823bd8ae03ffcfea82af9d575ee
Paper_room_64_64_8_gp_5/room-64-64-8_agents_350_test_1,baseline,room-64-64-8,350,1,True,83,23661,4742,10,1210,0,132.998,e1ab8f956f084c699b37c0c012cfcebcd2aea051b39f94443f1e8550cab7e935,4f275d192013f78bf1eda16424693778675f7700a6e6fabc8af8fe750d13d423
Paper_den312d_65_81_gp_5/den312d_agents_400_test_17,restart_fast,den312d,400,17,True,64,26861,37901,74,546,2,3814.85,edc8b9277195eace01ff4b2ef844b8318123ca18b5949b3bf1afd495369c6cca,83c66952c63fe1d6b38dde622bba2d5550edd823bd8ae03ffcfea82af9d575ee
Paper_maze_32_32_2_gp_5/maze-32-32-2_agents_500_test_15,baseline,maze-32-32-2,500,15,False,0,0,32490,191,25615,0,712.672,86f96af1b142a4dd7cab494b88b03e3ac9ef55c3ddc0e2ad1026cf616d089bdb,4f275d192013f78bf1eda16424693778675f7700a6e6fabc8af8fe750d13d423
Paper_maze_32_32_2_gp_5/maze-32-32-2_agents_450_test_6,baseline,maze-32-32-2,450,6,False,0,0,46635,299,12844,0,1150.57,c6a1ac3613599a7bdeef0eb10eef091c7cc06604c8fb7f5196cab967cdc5fcd1,4f275d192013f78bf1eda16424693778675f7700a6e6fabc8af8fe750d13d423
Paper_warehouse_161_63_gp_5/warehouse-10-20-10-2-1_agents_350_test_1,restart_fast,warehouse-10-20-10-2-1,350,1,True,95,27978,12640,27,2744,5,645.912,62fc820db162a94a7e21211a24aebc9f1fb68ab248e1de894ca58682cab7355e,83c66952c63fe1d6b38dde622bba2d5550edd823bd8ae03ffcfea82af9d575ee
Paper_orz900d_gp_5/orz900d_agents_250_test_5,baseline,orz900d,250,5,True,4211,207339,6776,10,903,0,3759.92,120350721b832d3b6966c018c36a44293525f10e617dbf395c224aa871a8503e,4f275d192013f78bf1eda16424693778675f7700a6e6fabc8af8fe750d13d423
Paper_warehouse_161_63_gp_5/warehouse-10-20-10-2-1_agents_450_test_4,baseline,warehouse-10-20-10-2-1,450,4,True,184,42701,4539,18,1284,0,211.578,f24c655f34522829b180f9efcd0cc2397d56af502ff8ee89cf7066523fc1d41b,4f275d192013f78bf1eda16424693778675f7700a6e6fabc8af8fe750d13d423
Paper_room_64_64_8_gp_5/room-64-64-8_agents_350_test_13,baseline,room-64-64-8,350,13,True,80,22372,5623,5,1044,0,146.494,c86f1aa8f626a73ad142622b14c7450412c0086bbf017741ac491f5a4b59972a,4f275d192013f78bf1eda16424693778675f7700a6e6fabc8af8fe750d13d423
Paper_Boston_gp_5/Boston_0_256_agents_400_test_0,baseline,Boston_0_256,400,0,True,893,60229,3621,2,1120,0,800.597,e44ff5ca29965ea7db9235ab29f8705e526e614828e4cd10d6419e9ef2dc9068,4f275d192013f78bf1eda16424693778675f7700a6e6fabc8af8fe750d13d423
Paper_random_32_32_gp_5/random-32-32-10_agents_450_test_1,baseline,random-32-32-10,450,1,True,40,12950,4531,19,865,0,151.36,53cc7a8d5d2fb41cace8b19543ae648fdc28f92048f8854c230d0671efcd101a,4f275d192013f78bf1eda16424693778675f7700a6e6fabc8af8fe750d13d423
Paper_random_32_32_gp_5/random-32-32-10_agents_300_test_18,baseline,random-32-32-10,300,18,True,20,7249,5464,5,933,0,103.084,7e8ba542ffdf5286a1dd43351cc42d7e9c4396f93bf9213f6af84ec01bda679c,4f275d192013f78bf1eda16424693778675f7700a6e6fabc8af8fe750d13d423
Paper_warehouse_161_63_gp_5/warehouse-10-20-10-2-1_agents_350_test_9,restart_fast,warehouse-10-20-10-2-1,350,9,True,112,27098,11945,37,2270,4,654.897,8aa19956d389077b44f15a49c540589196d9c32dc2c48898531d84676075ebf6,83c66952c63fe1d6b38dde622bba2d5550edd823bd8ae03ffcfea82af9d575ee
Paper_orz900d_gp_5/orz900d_agents_250_test_5,restart_fast,orz900d,250,5,True,3938,205014,28111,47,1384,3,4668.2,120350721b832d3b6966c018c36a44293525f10e617dbf395c224aa871a8503e,83c66952c63fe1d6b38dde622bba2d5550edd823bd8ae03ffcfea82af9d575ee
Paper_symbotic_39_37_gp_5/symbotic_agents_500_test_19,restart_fast,symbotic,500,19,True,4782,905513,18736,13993,1140,1,2212.09,3282ffea2d420b7fca70ecc1bbf9ec6e151d137a8c8fde481314b832e19c3ec7,83c66952c63fe1d6b38dde622bba2d5550edd823bd8ae03ffcfea82af9d575ee
Paper_maze_32_32_2_gp_5/maze-32-32-2_agents_450_test_16,baseline,maze-32-32-2,450,16,False,0,0,33643,117,34390,0,530.889,31a8b16ed3e883bc41623a2285cede3d0ad3fcf6ec3c969000ac940e4e645210,4f275d192013f78bf1eda16424693778675f7700a6e6fabc8af8fe750d13d423
Paper_maze_32_32_2_gp_5/maze-32-32-2_agents_400_test_10,baseline,maze-32-32-2,400,10,True,115,64084,5079,85,924,0,191.572,3447c087af8fcfa89d39eafc7dc487087fc08f5bc92a3187d42fc8cdc11a9a95,4f275d192013f78bf1eda16424693778675f7700a6e6fabc8af8fe750d13d423
Paper_orz900d_gp_5/orz900d_agents_350_test_7,baseline,orz900d,350,7,True,6103,258316,5675,9,754,0,5577.29,adbfe5951278afdf506dc76abec59c42bd7ce9c002dcf3a7be8e378ca33fc72f,4f275d192013f78bf1eda16424693778675f7700a6e6fabc8af8fe750d13d423
Paper_warehouse_161_63_gp_5/warehouse-10-20-10-2-1_agents_500_test_13,baseline,warehouse-10-20-10-2-1,500,13,True,198,44302,4559,19,924,0,256.953,46ccc9dde83456123b7419792ff8f6c4d083763b02a904602115a569d3af2a1b,4f275d192013f78bf1eda16424693778675f7700a6e6fabc8af8fe750d13d423
Paper_Boston_gp_5/Boston_0_256_agents_500_test_9,baseline,Boston_0_256,500,9,True,1288,77668,4185,0,881,0,1152.62,4b6810be407aa45759c2f90088ab56c9e490ef6061f98b359c08be163c5c070f,4f275d192013f78bf1eda16424693778675f7700a6e6fabc8af8fe750d13d423
Paper_orz900d_gp_5/orz900d_agents_350_test_15,restart_fast,orz900d,350,15,True,4987,280724,6365,11,732,0,4485.07,76873b7c58c94aa138b81f8e9c0559abb3b0efb327017986e0be21b5439b4285,83c66952c63fe1d6b38dde622bba2d5550edd823bd8ae03ffcfea82af9d575ee
Paper_orz900d_gp_5/orz900d_agents_250_test_8,restart_fast,orz900d,250,8,True,4084,182462,6321,6,975,0,3756.21,955c7a60a5b42dc8eb0667aadac9e0ddd94cb3c9e5f1e2e3772291e5fbc8dcb7,83c66952c63fe1d6b38dde622bba2d5550edd823bd8ae03ffcfea82af9d575ee
Paper_random_32_32_gp_5/random-32-32-10_agents_450_test_18,baseline,random-32-32-10,450,18,True,39,12306,4400,15,764,0,182.391,d61d353ad1fbd52e8c54689c9bde2c402ca45699c3da97b9167429fc8260a47b,4f275d192013f78bf1eda16424693778675f7700a6e6fabc8af8fe750d13d423
Paper_orz900d_gp_5/orz900d_agents_250_test_12,restart_fast,orz900d,250,12,True,4474,182206,5591,8,1213,0,4122.44,1a3e4c40720b3b20dadb282c646d2f697995e1c6ca25b05046456e467fa49316,83c66952c63fe1d6b38dde622bba2d5550edd823bd8ae03ffcfea82af9d575ee
Paper_random_32_32_gp_5/random-32-32-10_agents_400_test_13,restart_fast,random-32-32-10,400,13,True,34,10758,8664,583,1024,1,234.728,5bacd23ea8ada98ff316f26ca0ac6019aae41578f6065379bf7d8201d9bfa72d,83c66952c63fe1d6b38dde622bba2d5550edd823bd8ae03ffcfea82af9d575ee
Paper_Boston_gp_5/Boston_0_256_agents_350_test_14,restart_fast,Boston_0_256,350,14,True,2710,52789,23357,1,209,1,4628.42,db7b8b33a183c12f82a1309faf784c507706341c2cc496366497d91d09d0cb34,83c66952c63fe1d6b38dde622bba2d5550edd823bd8ae03ffcfea82af9d575ee
Paper_maze_32_32_2_gp_5/maze-32-32-2_agents_450_test_3,restart_fast,maze-32-32-2,450,3,True,134,77807,5769,104,752,0,259.791,517276b8dd0b820b8bbbcd78fc643343c16614d585c1531decd34ef21aa8b75b,83c66952c63fe1d6b38dde622bba2d5550edd823bd8ae03ffcfea82af9d575ee
Paper_den312d_65_81_gp_5/den312d_agents_300_test_19,restart_fast,den312d,300,19,True,64,16851,44812,32,662,2,2139.02,3640cdb3c8019a1ff10bb3c7c1947978cd7801bf58088f32f70bba4afccc4f1c,83c66952c63fe1d6b38dde622bba2d5550edd823bd8ae03ffcfea82af9d575ee
Paper_Boston_gp_5/Boston_0_256_agents_400_test_2,restart_fast,Boston_0_256,400,2,True,2859,58106,7748,3,395,0,2868.7,496efabe006f2316984790e4bde2b34cf8046e75f45a790d89b1cc33896b676b,83c66952c63fe1d6b38dde622bba2d5550edd823bd8ae03ffcfea82af9d575ee
Paper_den312d_65_81_gp_5/den312d_agents_400_test_11,restart_fast,den312d,400,11,True,65,23270,5469,11,941,0,135.392,7eecc33abb043c8c0c109cae1736cfc6934e1a7e140ec751017e062c757e97e0,83c66952c63fe1d6b38dde622bba2d5550edd823bd8ae03ffcfea82af9d575ee
Paper_den312d_65_81_gp_5/den312d_agents_250_test_16,restart_fast,den312d,250,16,True,33,14597,5505,23,1416,0,86.1158,a7178721c0dccfd8340f641cfdb43c253c6844140290b1ade652e45040f7dc34,83c66952c63fe1d6b38dde622bba2d5550edd823bd8ae03ffcfea82af9d575ee
Paper_den312d_65_81_gp_5/den312d_agents_300_test_17,baseline,den312d,300,17,True,52,17484,4228,14,1049,0,98.7172,15384ce53d5e5f9eec6708c9c6514c13765e927a5f9b7daf8c8ee587bd38d328,4f275d192013f78bf1eda16424693778675f7700a6e6fabc8af8fe750d13d423
Paper_random_32_32_gp_5/random-32-32-10_agents_500_test_17,baseline,random-32-32-10,500,17,True,49,15144,6085,21,536,0,214.31,fd607d5a69370c1a896ba486742c8b128fbc364841ebf8e1bddfeb703e64a3b8,4f275d192013f78bf1eda16424693778675f7700a6e6fabc8af8fe750d13d423
Paper_warehouse_161_63_gp_5/warehouse-10-20-10-2-1_agents_250_test_15,baseline,warehouse-10-20-10-2-1,250,15,True,70,17184,4969,3,1266,0,132.384,8649cfa9f17d749e97962f095938271f10a2d640711927cf9fc586231f836864,4f275d192013f78bf1eda16424693778675f7700a6e6fabc8af8fe750d13d423
Paper_symbotic_39_37_gp_5/symbotic_agents_500_test_17,baseline,symbotic,500,17,False,0,0,23287,10830,22032,0,2322.87,a562ea64488fe99ae2fdcb6bd91a26698b27b4e19569c6067bc01fa1a92239e0,4f275d192013f78bf1eda16424693778675f7700a6e6fabc8af8fe750d13d423
Paper_room_64_64_8_gp_5/room-64-64-8_agents_350_test_5,restart_fast,room-64-64-8,350,5,True,72,23909,4541,15,1022,0,130.002,d1cf898d5f3a68aab6306b706f6848f0dd32c05b28503cf9b1758ad6a1169621,83c66952c63fe1d6b38dde622bba2d5550edd823bd8ae03ffcfea82af9d575ee
Paper_orz900d_gp_5/orz900d_agents_400_test_4,restart_fast,orz900d,400,4,True,6900,304054,4804,5,630,0,6315.52,03979227d1ec1217575843723d5c4701292039af58c1f625dcb254315b49de2b,83c66952c63fe1d6b38dde622bba2d5550edd823bd8ae03ffcfea82af9d575ee
Paper_warehouse_161_63_gp_5/warehouse-10-20-10-2-1_agents_450_test_12,restart_fast,warehouse-10-20-10-2-1,450,12,True,162,40660,6927,52,1330,2,410.22,57b578e471984c6bbce083b5c776ee21455f8acfeada5a5953b861a830cfd33f,83c66952c63fe1d6b38dde622bba2d5550edd823bd8ae03ffcfea82af9d575ee
Paper_random_32_32_gp_5/random-32-32-10_agents_350_test_5,restart_fast,random-32-32-10,350,5,True,24,8871,15942,28,886,2,766.535,a00164bdd0ec2db8b1d1f9f5f5424fc81dcf75c731f7deb9dc4819302e23214c,83c66952c63fe1d6b38dde622bba2d5550edd823bd8ae03ffcfea82af9d575ee
Paper_symbotic_39_37_gp_5/symbotic_agents_350_test_1,baseline,symbotic,350,1,True,241,103458,7469,907,1058,0,183.781,67c80585ee2786cf9e5657f7702aa9ae03001bb086d62344125754b64633aa0a,4f275d192013f78bf1eda16424693778675f7700a6e6fabc8af8fe750d13d423
Paper_den312d_65_81_gp_5/den312d_agents_500_test_2,baseline,den312d,500,2,True,124,37734,3665,34,1110,0,152.165,a16d12b7a18526424a363c13ef0a914066e23b6072e074396d8cde57f5f6457b,4f275d192013f78bf1eda16424693778675f7700a6e6fabc8af8fe750d13d423
Paper_orz900d_gp_5/orz900d_agents_300_test_9,baseline,orz900d,300,9,True,5215,241482,5883,15,722,0,4709.41,ad1432d7dadb4597bfbfe36fc57c6514f74a9401f35c54a423112b17654f1364,4f275d192013f78bf1eda16424693778675f7700a6e6fabc8af8fe750d13d423
Paper_warehouse_161_63_gp_5/warehouse-10-20-10-2-1_agents_450_test_18,baseline,warehouse-10-20-10-2-1,450,18,True,167,38842,4088,9,1289,0,218.513,59dd1cf3f39f93cf7abac14ac90897f8770f6e75d84ba4b9521ddae21b9ac011,4f275d192013f78bf1eda16424693778675f7700a6e6fabc8af8fe750d13d423
Paper_Boston_gp_5/Boston_0_256_agents_500_test_2,restart_fast,Boston_0_256,500,2,True,2146,78684,4067,4,838,0,1997.1,501053a42696e9fa3be0d4c6d5089ff17e826d51e3a3d1ae109352353ad52617,83c66952c63fe1d6b38dde622bba2d5550edd823bd8ae03ffcfea82af9d575ee
Paper_symbotic_39_37_gp_5/symbotic_agents_450_test_7,restart_fast,symbotic,450,7,True,516,289960,8160,172,605,0,455.849,b9ca97d0ad9eb8f651b700451ddbc7f569a6cf054f74c914621cbf5037f536dc,83c66952c63fe1d6b38dde622bba2d5550edd823bd8ae03ffcfea82af9d575ee
Paper_warehouse_161_63_gp_5/warehouse-10-20-10-2-1_agents_350_test_4,restart_fast,warehouse-10-20-10-2-1,350,4,True,111,31432,8458,32,2067,3,562.072,873601dcee60a8ca315398829204b453a357ea9df7f150a69c7bf7b637df634a,83c66952c63fe1d6b38dde622bba2d5550edd823bd8ae03ffcfea82af9d575ee
Paper_den312d_65_81_gp_5/den312d_agents_300_test_17,restart_fast,den312d,300,17,True,48,17257,23720,40,1234,2,1529.63,15384ce53d5e5f9eec6708c9c6514c13765e927a5f9b7daf8c8ee587bd38d328,83c66952c63fe1d6b38dde622bba2d5550edd823bd8ae03ffcfea82af9d575ee
Paper_warehouse_161_63_gp_5/warehouse-10-20-10-2-1_agents_250_test_4,restart_fast,warehouse-10-20-10-2-1,250,4,True,58,17359,8347,13,2376,1,157.992,a89be1776823ffecdca02c4d1a049aaee0890d5305c63629fe7c7ffd05711abe,83c66952c63fe1d6b38dde622bba2d5550edd823bd8ae03ffcfea82af9d575ee
Paper_random_32_32_gp_5/random-32-32-10_agents_500_test_15,restart_fast,random-32-32-10,500,15,True,47,15216,3727,17,833,0,164.89,e40eda0719a924befc625e3ecb00f1ab995750a5a72a1138e82bfba51d93a982,83c66952c63fe1d6b38dde622bba2d5550edd823bd8ae03ffcfea82af9d575ee
Paper_maze_32_32_2_gp_5/maze-32-32-2_agents_450_test_8,baseline,maze-32-32-2,450,8,False,0,0,8126,133,44187,0,248.51,9d760a2591ee8c4b70bb4ee52bfa510a8699a45c026afc49893128ec9934f433,4f275d192013f78bf1eda16424693778675f7700a6e6fabc8af8fe750d13d423
Paper_random_32_32_gp_5/random-32-32-10_agents_500_test_14,baseline,random-32-32-10,500,14,True,54,15246,6448,19,510,0,204.132,c25bea830c96b757f4d126929ea9894601cdcd333e0200da0cf1a72a6c5d3289,4f275d192013f78bf1eda16424693778675f7700a6e6fabc8af8fe750d13d423
Paper_orz900d_gp_5/orz900d_agents_500_test_4,restart_fast,orz900d,500,4,True,9242,441641,3193,22,0,0,8269.59,93381c1e580601f306c350ded8ad3bf549680a200f87eea34d180cf2c9fba7b6,83c66952c63fe1d6b38dde622bba2d5550edd823bd8ae03ffcfea82af9d575ee
Paper_random_32_32_gp_5/random-32-32-10_agents_350_test_18,restart_fast,random-32-32-10,350,18,True,25,8839,31931,31,590,2,2998.59,e21f32ff6dab1cc3ca2c3226194de64241b15c0f3913faeddcc817a8837afcec,83c66952c63fe1d6b38dde622bba2d5550edd823bd8ae03ffcfea82af9d575ee
Paper_random_32_32_gp_5/random-32-32-10_agents_300_test_0,baseline,random-32-32-10,300,0,True,20,7117,4990,6,1143,0,95.6093,d3e418d8ef1e906eca854a032743a8a03f8d44de370cb7d25c496d00c56a4525,4f275d192013f78bf1eda16424693778675f7700a6e6fabc8af8fe750d13d423
Paper_Boston_gp_5/Boston_0_256_agents_300_test_9,restart_fast,Boston_0_256,300,9,True,1038,43709,17780,2,164,0,1490.77,36289f320fe1bc6373210a894071f362bf30a5e3d7197136f2c0d4bcdc3d3b49,83c66952c63fe1d6b38dde622bba2d5550edd823bd8ae03ffcfea82af9d575ee
Paper_maze_32_32_2_gp_5/maze-32-32-2_agents_350_test_0,restart_fast,maze-32-32-2,350,0,True,75,49744,22782,745,808,1,1256.75,e4fa9aa8ad9b5825548cf3a3d56cfe883d1ff3158a958b8d038734c1ff1d5265,83c66952c63fe1d6b38dde622bba2d5550edd823bd8ae03ffcfea82af9d575ee
Paper_random_32_32_gp_5/random-32-32-10_agents_300_test_2,baseline,random-32-32-10,300,2,True,21,7425,5902,9,818,0,134.2,ff7f834b9bf19e29106dfca53da15f573fb910269144626e098bad09ae908b96,4f275d192013f78bf1eda16424693778675f7700a6e6fabc8af8fe750d13d423
Paper_symbotic_39_37_gp_5/symbotic_agents_500_test_7,baseline,symbotic,500,7,False,0,0,28654,28421,0,0,3669.93,49f2b7bdcd2e9998ba4ecaf53a532047c39e6161e4ea5ef7f29e00dbfcd98f2e,4f275d192013f78bf1eda16424693778675f7700a6e6fabc8af8fe750d13d423
Paper_den312d_65_81_gp_5/den312d_agents_450_test_5,restart_fast,den312d,450,5,True,91,31416,6535,28,641,0,220.553,8a48a633e81475154f5c40519b34cff6ef8e4615452638b4a3a5f50e176f6387,83c66952c63fe1d6b38dde622bba2d5550edd823bd8ae03ffcfea82af9d575ee
Paper_Boston_gp_5/Boston_0_256_agents_400_test_16,restart_fast,Boston_0_256,400,16,True,1419,60287,37748,3,28,0,3007.58,2c694bd95f7a68aa30b4ee37f2b6ed7ba717dac4edca7af2d9c7bd7ba517a526,83c66952c63fe1d6b38dde622bba2d5550edd823bd8ae03ffcfea82af9d575ee
Paper_den312d_65_81_gp_5/den312d_agents_450_test_16,baseline,den312d,450,16,True,105,32242,6313,22,741,0,211.839,1c829085742a40da0dcf559806c5e1d59ced8cd6b0bdab4ccde0acb13370c2da,4f275d192013f78bf1eda16424693778675f7700a6e6fabc8af8fe750d13d423
Paper_symbotic_39_37_gp_5/symbotic_agents_300_test_6,baseline,symbotic,300,6,True,108,36662,3673,39,1645,0,114.932,f05078f7a6756a88857acedb45be16c2022e166cc72302388a537e6e49243a28,4f275d192013f78bf1eda16424693778675f7700a6e6fabc8af8fe750d13d423
Paper_room_64_64_8_gp_5/room-64-64-8_agents_500_test_1,restart_fast,room-64-64-8,500,1,True,142,39445,6336,20,1275,1,297.655,6eb939e23d1fd3ed40ff3f29b287a3ccb890bcc1faa1826cd697d6a9fd97de73,83c66952c63fe1d6b38dde622bba2d5550edd823bd8ae03ffcfea82af9d575ee
Paper_den312d_65_81_gp_5/den312d_agents_500_test_10,restart_fast,den312d,500,10,True,99,37568,4655,33,843,0,169.035,0eb3130269045ca69e73909309635a8ab21dc85e884512cc050a73a3f1fe3a84,83c66952c63fe1d6b38dde622bba2d5550edd823bd8ae03ffcfea82af9d575ee
Paper_den312d_65_81_gp_5/den312d_agents_350_test_12,baseline,den312d,350,12,True,64,21592,6922,14,937,0,165.277,99f7d6aff833d12cf451ba491e3ebd0d44a2b707c3fde08f10eeab3154356a0c,4f275d192013f78bf1eda16424693778675f7700a6e6fabc8af8fe750d13d423
Paper_maze_32_32_2_gp_5/maze-32-32-2_agents_500_test_9,restart_fast,maze-32-32-2,500,9,False,0,0,30728,2900,12130,15,2721.31,787fc8193c72e7a2bc84120dcb2d5ad1a292ff62b336157de68375e891af7851,83c66952c63fe1d6b38dde622bba2d5550edd823bd8ae03ffcfea82af9d575ee
Paper_Boston_gp_5/Boston_0_256_agents_450_test_0,restart_fast,Boston_0_256,450,0,True,3259,67037,2813,1,785,0,3143.27,1a0859f2477ca525cb2d0f62fcb3bdfede703105078ef437b43bd5fc166b299d,83c66952c63fe1d6b38dde622bba2d5550edd823bd8ae03ffcfea82af9d575ee
Paper_room_64_64_8_gp_5/room-64-64-8_agents_450_test_14,restart_fast,room-64-64-8,450,14,True,113,33095,7284,20,1267,1,268.29,d2c83e9fc0df12015f3e5adaeb73c6b7094b60f291fd9c94292ce5b28f84ce7f,83c66952c63fe1d6b38dde622bba2d5550edd823bd8ae03ffcfea82af9d575ee
Paper_Boston_gp_5/Boston_0_256_agents_350_test_3,restart_fast,Boston_0_256,350,3,True,2422,51902,4124,2,781,0,2341.87,f23757ced3b4aa8028d51450a72eae24be16fa412bebd78d86d7b3642c94b26b,83c66952c63fe1d6b38dde622bba2d5550edd823bd8ae03ffcfea82af9d575ee
Paper_Boston_gp_5/Boston_0_256_agents_250_test_11,restart_fast,Boston_0_256,250,11,True,1366,35908,7828,4,1465,1,1411.64,c10c063b09a8f5e06074c826e1dc4a9b66b8ea3f59e72a4b89b8bb0a39ae13d8,83c66952c63fe1d6b38dde622bba2d5550edd823bd8ae03ffcfea82af9d575ee
Paper_maze_32_32_2_gp_5/maze-32-32-2_agents_300_test_9,baseline,maze-32-32-2,300,9,True,54,30329,5436,60,938,0,143.795,5c427ae4257898f06367c76945aca51c26f56b6cf5adbab3d7d0e4b6ba51471f,4f275d192013f78bf1eda16424693778675f7700a6e6fabc8af8fe750d13d423
Paper_Boston_gp_5/Boston_0_256_agents_500_test_19,restart_fast,Boston_0_256,500,19,True,1603,79695,21892,6,346,1,2627.58,043dde33578c93297f67b39bf970230f52dfe181f8439a50656887020a61cc8a,83c66952c63fe1d6b38dde622bba2d5550edd823bd8ae03ffcfea82af9d575ee
Paper_room_64_64_8_gp_5/room-64-64-8_agents_500_test_17,restart_fast,room-64-64-8,500,17,True,183,41245,4845,19,813,0,286.343,c65b39b3d4016eebbff491caf541059129892bbd41f40c27a49b95404bee6c05,83c66952c63fe1d6b38dde622bba2d5550edd823bd8ae03ffcfea82af9d575ee
Paper_room_64_64_8_gp_5/room-64-64-8_agents_300_test_16,restart_fast,room-64-64-8,300,16,True,58,17904,6245,9,990,0,139.917,b3f5dfa492132530557c798a25f4430ccded1ab899d3b17207aeef453e69caf4,83c66952c63fe1d6b38dde622bba2d5550edd823bd8ae03ffcfea82af9d575ee
Paper_maze_32_32_2_gp_5/maze-32-32-2_agents_400_test_11,restart_fast,maze-32-32-2,400,11,True,100,60308,14058,9617,1222,2,1969.17,6c660d979bfab941b5060730c0a160999d61af14458b8bac80a7a75013dc038a,83c66952c63fe1d6b38dde622bba2d5550edd823bd8ae03ffcfea82af9d575ee
Paper_den312d_65_81_gp_5/den312d_agents_350_test_11,baseline,den312d,350,11,True,69,22338,5560,18,1068,0,149.77,f36bdf5ad3c39ca9b97eec2825a9bdc9cfa2c8c5bae28a93bb46a698c7eae291,4f275d192013f78bf1eda16424693778675f7700a6e6fabc8af8fe750d13d423
Paper_Boston_gp_5/Boston_0_256_agents_300_test_18,restart_fast,Boston_0_256,300,18,True,900,41656,5168,2,801,0,900.064,a22b0bd094c170e88b8116d88320d6c6c7802c2d998abd7995323620182e825d,83c66952c63fe1d6b38dde622bba2d5550edd823bd8ae03ffcfea82af9d575ee
Paper_symbotic_39_37_gp_5/symbotic_agents_300_test_16,restart_fast,symbotic,300,16,True,307,86819,5824,61,1659,0,191.316,8418c1b7eb43457758dcd50fb94a6bfdd4947189046ed3b1b68e8b03c421bb08,83c66952c63fe1d6b38dde622bba2d5550edd823bd8ae03ffcfea82af9d575ee
Paper_den312d_65_81_gp_5/den312d_agents_300_test_16,restart_fast,den312d,300,16,True,49,16731,6099,40,2009,1,149.846,9748c88a5c69801c09ada110e6a7c1a69e5dc26e8580ae0ff29b1de52cfab627,83c66952c63fe1d6b38dde622bba2d5550edd823bd8ae03ffcfea82af9d575ee
Paper_orz900d_gp_5/orz900d_agents_500_test_10,baseline,orz900d,500,10,True,8748,417477,3771,23,170,0,7690.57,174db25090b1a42e132e8d1071a82c2e7d086e2c1f9b3e5232a62ebedc00d770,4f275d192013f78bf1eda16424693778675f7700a6e6fabc8af8fe750d13d423
Paper_orz900d_gp_5/orz900d_agents_500_test_6,restart_fast,orz900d,500,6,True,9378,432723,2785,17,0,0,8507.55,9ce0c00d3467170af8c478e614e8086d5a2280ad763006c0d51d70ba27e6e861,83c66952c63fe1d6b38dde622bba2d5550edd823bd8ae03ffcfea82af9d575ee
Paper_den312d_65_81_gp_5/den312d_agents_500_test_7,baseline,den312d,500,7,True,127,38734,5792,38,847,0,254.051,1411aaa6ff247b9ef80d6a966a0b315b4c169d661fba6f201925c0154110ac35,4f275d192013f78bf1eda16424693778675f7700a6e6fabc8af8fe750d13d423
Paper_Boston_gp_5/Boston_0_256_agents_500_test_8,baseline,Boston_0_256,500,8,True,3390,81123,8482,2,185,0,3357.48,c52aba5aad3e8f9ed1afb2e91b46fb8c1fb0a9677abfde937b9f9d364dd5143c,4f275d192013f78bf1eda16424693778675f7700a6e6fabc8af8fe750d13d423
Paper_den312d_65_81_gp_5/den312d_agents_450_test_12,restart_fast,den312d,450,12,True,93,30986,17131,72,531,1,2414.64,a50a34de15fca7fdbe0fb85422f50ad0ae7bb8ca277d06750584eb36c5ab38fe,83c66952c63fe1d6b38dde622bba2d5550edd823bd8ae03ffcfea82af9d575ee
Paper_symbotic_39_37_gp_5/symbotic_agents_500_test_18,restart_fast,symbotic,500,18,True,2137,1162042,14736,4847,620,2,2817.25,033f4225bdee36606004b25bb3743206dd9eaa7d0c363e3060711dffd2425ee8,83c66952c63fe1d6b38dde622bba2d5550edd823bd8ae03ffcfea82af9d575ee
Paper_room_64_64_8_gp_5/room-64-64-8_agents_450_test_8,restart_fast,room-64-64-8,450,8,True,126,36740,4964,9,899,0,207.87,22516cc53b5de35b9b657a5f4c3938580555a7d5a8371a5d660d09bc5ad0a8c7,83c66952c63fe1d6b38dde622bba2d5550edd823bd8ae03ffcfea82af9d575ee
Paper_den312d_65_81_gp_5/den312d_agents_250_test_19,baseline,den312d,250,19,True,35,14149,8471,11,776,0,125.843,a4ce112964ba5c3b9b76dc27268da295bc44b139dc4d7d3427a00f9b58a20719,4f275d192013f78bf1eda16424693778675f7700a6e6fabc8af8fe750d13d423
Paper_maze_32_32_2_gp_5/maze-32-32-2_agents_500_test_12,baseline,maze-32-32-2,500,12,False,0,0,22855,172,35626,0,485.569,846a27e2336f4c55287a6792f34b19f8f6a06db07acd56b72da52758a4233c87,4f275d192013f78bf1eda16424693778675f7700a6e6fabc8af8fe750d13d423
Paper_maze_32_32_2_gp_5/maze-32-32-2_agents_300_test_14,restart_fast,maze-32-32-2,300,14,True,47,33020,10186,2574,1014,1,820.065,edea0fda5820b5ecf9378b7c2f349d5dad40875bb684b0f9ce0d590a48359e18,83c66952c63fe1d6b38dde622bba2d5550edd823bd8ae03ffcfea82af9d575ee
Paper_warehouse_161_63_gp_5/warehouse-10-20-10-2-1_agents_400_test_11,restart_fast,warehouse-10-20-10-2-1,400,11,True,192,36510,6023,8,865,0,259.063,7e974e782544ae3343843ff3ee7c4bc0e8a1b36e767d1da915808053947cd1a8,83c66952c63fe1d6b38dde622bba2d5550edd823bd8ae03ffcfea82af9d575ee
Paper_symbotic_39_37_gp_5/symbotic_agents_400_test_3,baseline,symbotic,400,3,True,1760,776558,12602,277,1685,0,478.01,1918873397f2a3ee552a86c9659b17d8d1a08a055b52339811e965af8a43f9ba,4f275d192013f78bf1eda16424693778675f7700a6e6fabc8af8fe750d13d423
Paper_random_32_32_gp_5/random-32-32-10_agents_350_test_14,baseline,random-32-32-10,350,14,True,27,9076,7073,13,620,0,170.624,0f49da83806bdf4f9c1399437c97e4b4b5efa611c371d4a3fb7ca4799f6ab4de,4f275d192013f78bf1eda16424693778675f7700a6e6fabc8af8fe750d13d423
Paper_random_32_32_gp_5/random-32-32-10_agents_300_test_1,baseline,random-32-32-10,300,1,True,18,6612,4385,11,1317,0,100.711,acc79f9dee791b5cdbb6ab104c23ac5d04f00d1d229e0a9e57179ca9b439da14,4f275d192013f78bf1eda16424693778675f7700a6e6fabc8af8fe750d13d423
Paper_orz900d_gp_5/orz900d_agents_350_test_18,baseline,orz900d,350,18,True,6511,315882,5274,14,616,0,5819.52,317ee1ef60836bcef2ee8935cc6dd2e9897ae43d2975bbac967d81d757cfc26b,4f275d192013f78bf1eda16424693778675f7700a6e6fabc8af8fe750d13d423
Paper_symbotic_39_37_gp_5/symbotic_agents_450_test_3,restart_fast,symbotic,450,3,True,548,282723,6901,904,1434,1,707.95,b90d157b9b068c53a2e1fa4d323bc031781002740903728157d328e3cefdf1cf,83c66952c63fe1d6b38dde622bba2d5550edd823bd8ae03ffcfea82af9d575ee
Paper_warehouse_161_63_gp_5/warehouse-10-20-10-2-1_agents_500_test_9,baseline,warehouse-10-20-10-2-1,500,9,True,225,49518,3957,19,919,0,244.848,a4b0de63ca65fd425a1db131444e4b102d0450e29869bf5b2db4d73d79142fbe,4f275d192013f78bf1eda16424693778675f7700a6e6fabc8af8fe750d13d423
Paper_random_32_32_gp_5/random-32-32-10_agents_350_test_13,baseline,random-32-32-10,350,13,True,26,8797,6147,19,962,0,137.514,2e50028b3040a2afa88a99020779d55013534620c77499358e34fa0042320c58,4f275d192013f78bf1eda16424693778675f7700a6e6fabc8af8fe750d13d423
Paper_orz900d_gp_5/orz900d_agents_450_test_0,restart_fast,orz900d,450,0,True,6746,388053,8248,30,488,1,6673.85,ad5d3310e6cd0227d1d8351d8d380bfd1ba8d7d5b8f0641eeb313ef555be3de1,83c66952c63fe1d6b38dde622bba2d5550edd823bd8ae03ffcfea82af9d575ee
Paper_den312d_65_81_gp_5/den312d_agents_450_test_0,baseline,den312d,450,0,True,94,31014,6044,29,781,0,194.239,f943574cb922fd3c456ab0d9f4e328ae73ba00bbc10bbe17e8a9017355f8609f,4f275d192013f78bf1eda16424693778675f7700a6e6fabc8af8fe750d13d423
Paper_random_32_32_gp_5/random-32-32-10_agents_500_test_7,restart_fast,random-32-32-10,500,7,True,46,15745,6927,1407,575,0,216.784,ccbfb2635ed2ed9fdea56fb37162ce8e01567e7f166f7dde39b90f60a7ca1d7b,83c66952c63fe1d6b38dde622bba2d5550edd823bd8ae03ffcfea82af9d575ee
Paper_Boston_gp_5/Boston_0_256_agents_300_test_18,baseline,Boston_0_256,300,18,True,2321,41656,5070,2,773,0,2283.45,a22b0bd094c170e88b8116d88320d6c6c7802c2d998abd7995323620182e825d,4f275d192013f78bf1eda16424693778675f7700a6e6fabc8af8fe750d13d423
Paper_warehouse_161_63_gp_5/warehouse-10-20-10-2-1_agents_250_test_8,restart_fast,warehouse-10-20-10-2-1,250,8,True,72,17971,6851,10,1272,1,165.215,c8a775f99371d72a42a167c67122a273f8d775f817de17f8b2b56e36abe25ef0,83c66952c63fe1d6b38dde622bba2d5550edd823bd8ae03ffcfea82af9d575ee
Paper_orz900d_gp_5/orz900d_agents_250_test_18,baseline,orz900d,250,18,True,4555,187395,6917,9,1273,0,4152.31,b9ffa98e390cb49a1f6a8c96012bd7dcf8b9760a96988078775eff163af94d52,4f275d192013f78bf1eda16424693778675f7700a6e6fabc8af8fe750d13d423
Paper_random_32_32_gp_5/random-32-32-10_agents_250_test_4,baseline,random-32-32-10,250,4,True,14,5757,5423,9,1009,0,96.1029,aa5bf7f46e09f857d9e64d10b1db4d1a22142635be733d75ff2a3233c6cb55bb,4f275d192013f78bf1eda16424693778675f7700a6e6fabc8af8fe750d13d423
Paper_symbotic_39_37_gp_5/symbotic_agents_350_test_9,baseline,symbotic,350,9,True,330,129765,5924,709,1385,0,183.701,9eac07488e40ad7c5189cbec3d5704f728af670dbc51ee43352407090242237a,4f275d192013f78bf1eda16424693778675f7700a6e6fabc8af8fe750d13d423
Paper_orz900d_gp_5/orz900d_agents_450_test_10,restart_fast,orz900d,450,10,True,6351,402023,11583,39,177,1,6723.43,1589175e06c80d80602a243a80c1904557fb8d55d02803c0b9d70af005c1b8c0,83c66952c63fe1d6b38dde622bba2d5550edd823bd8ae03ffcfea82af9d575ee
Paper_Boston_gp_5/Boston_0_256_agents_450_test_2,restart_fast,Boston_0_256,450,2,True,3374,70784,22162,8,93,1,5907.62,2987c701f2ef19441b9439200930116a808bfaee594053b33d16d933994c136a,83c66952c63fe1d6b38dde622bba2d5550edd823bd8ae03ffcfea82af9d575ee
Paper_room_64_64_8_gp_5/room-64-64-8_agents_250_test_17,baseline,room-64-64-8,250,17,True,47,14939,4407,5,1431,0,97.0628,5931ac748d1dad76a90a9cb8737243e8d2284f8de083fbb4c53231dc25ccae29,4f275d192013f78bf1eda16424693778675f7700a6e6fabc8af8fe750d13d423
Paper_maze_32_32_2_gp_5/maze-32-32-2_agents_400_test_8,baseline,maze-32-32-2,400,8,True,194,97578,5361,134,825,0,214.537,320802ab4b9da653abfc77f0f411d4e21223bf42a68c776b9356d5106ffa3aa8,4f275d192013f78bf1eda16424693778675f7700a6e6fabc8af8fe750d13d423
Paper_room_64_64_8_gp_5/room-64-64-8_agents_300_test_9,restart_fast,room-64-64-8,300,9,True,53,20964,5141,5,1209,0,109.517,46ea67f06d10b3945e6ad85c68734c82f474308a2150b5a85eb93a3f28348590,83c66952c63fe1d6b38dde622bba2d5550edd823bd8ae03ffcfea82af9d575ee
Paper_Boston_gp_5/Boston_0_256_agents_450_test_5,baseline,Boston_0_256,450,5,True,2545,70956,8036,1,275,0,2487.53,fcd858f4677844744b21195a7acf1f7c0f3f181d1f7cfa590074ca6384ab4a34,4f275d192013f78bf1eda16424693778675f7700a6e6fabc8af8fe750d13d423
Paper_orz900d_gp_5/orz900d_agents_250_test_16,restart_fast,orz900d,250,16,True,4361,185206,6828,10,590,0,4066.43,1798b2d6230165d58c3cc287daeaad06da6609254a20958a3d42e88a87de7786,83c66952c63fe1d6b38dde622bba2d5550edd823bd8ae03ffcfea82af9d575ee
Paper_random_32_32_gp_5/random-32-32-10_agents_400_test_8,baseline,random-32-32-10,400,8,True,31,9941,17470,284,562,0,737.16,fee176a095ff632405814758d0d95bcc5f6d8e024205c17c081a5430022dd15a,4f275d192013f78bf1eda16424693778675f7700a6e6fabc8af8fe750d13d423
Paper_orz900d_gp_5/orz900d_agents_500_test_2,restart_fast,orz900d,500,2,True,7103,408027,4610,16,441,0,6325.83,02088f61618105d32046ff71fc79162147f121738d59653a214f8da27e1ff356,83c66952c63fe1d6b38dde622bba2d5550edd823bd8ae03ffcfea82af9d575ee
Paper_Boston_gp_5/Boston_0_256_agents_300_test_19,restart_fast,Boston_0_256,300,19,True,1077,42444,50651,2,296,1,4449.89,4625e883bebca1d98ee6ad0863e64b3e4c49fe78e52569d4c7d2e50e1d01e05e,83c66952c63fe1d6b38dde622bba2d5550edd823bd8ae03ffcfea82af9d575ee
Paper_Boston_gp_5/Boston_0_256_agents_400_test_18,baseline,Boston_0_256,400,18,True,1076,60317,4301,3,909,0,963.763,115fa16c3976b5eb90fea109c250522e1fc94958214fbc827d308331ef73261d,4f275d192013f78bf1eda16424693778675f7700a6e6fabc8af8fe750d13d423
Paper_den312d_65_81_gp_5/den312d_agents_400_test_0,restart_fast,den312d,400,0,True,78,27786,24547,4033,633,1,2158.19,b5db9ba58c377c4a6edbe163732c7038b581756e19d017b73c8f5118a34ff690,83c66952c63fe1d6b38dde622bba2d5550edd823bd8ae03ffcfea82af9d575ee
Paper_maze_32_32_2_gp_5/maze-32-32-2_agents_250_test_17,restart_fast,maze-32-32-2,250,17,True,30,20649,48894,92,1064,2,3287.29,ee481341abbd66890e7988b9a0d0ee1bd3cc715531a8ca3a9d7b07ba8e879e7b,83c66952c63fe1d6b38dde622bba2d5550edd823bd8ae03ffcfea82af9d575ee
Paper_warehouse_161_63_gp_5/warehouse-10-20-10-2-1_agents_250_test_4,baseline,warehouse-10-20-10-2-1,250,4,True,66,17359,5096,6,1406,0,109.963,a89be1776823ffecdca02c4d1a049aaee0890d5305c63629fe7c7ffd05711abe,4f275d192013f78bf1eda16424693778675f7700a6e6fabc8af8fe750d13d423
Paper_den312d_65_81_gp_5/den312d_agents_450_test_13,restart_fast,den312d,450,13,True,99,30922,23217,76,465,2,1937.9,622ed58a6656ac57541ae1fbd7e28fb7e50d8e2db49882864380561b6141095e,83c66952c63fe1d6b38dde622bba2d5550edd823bd8ae03ffcfea82af9d575ee
Paper_warehouse_161_63_gp_5/warehouse-10-20-10-2-1_agents_400_test_15,restart_fast,warehouse-10-20-10-2-1,400,15,True,146,34851,16729,81,2191,5,1933.93,eb4b791122001f5634498134bab602ad2dc04fc1f0e726ed5818e827c678f9a2,83c66952c63fe1d6b38dde622bba2d5550edd823bd8ae03ffcfea82af9d575ee
Paper_den312d_65_81_gp_5/den312d_agents_300_test_16,baseline,den312d,300,16,True,44,17170,5394,22,1403,0,131.901,9748c88a5c69801c09ada110e6a7c1a69e5dc26e8580ae0ff29b1de52cfab627,4f275d192013f78bf1eda16424693778675f7700a6e6fabc8af8fe750d13d423
Paper_orz900d_gp_5/orz900d_agents_400_test_11,restart_fast,orz900d,400,11,True,6951,349088,5682,18,531,0,6288.23,839333f3212ab709c0003f83533c51484e8e3017d4cdecee3bc402da85203c61,83c66952c63fe1d6b38dde622bba2d5550edd823bd8ae03ffcfea82af9d575ee
Paper_orz900d_gp_5/orz900d_agents_350_test_16,restart_fast,orz900d,350,16,True,6373,290781,5170,13,783,0,5796.13,ac5d40fc990d86940b97fe41ecc79721b8f75e51ac0df2b392ca53fa6548c9cb,83c66952c63fe1d6b38dde622bba2d5550edd823bd8ae03ffcfea82af9d575ee
Paper_den312d_65_81_gp_5/den312d_agents_300_test_4,baseline,den312d,300,4,True,50,16780,5885,15,961,0,126.909,b62e3404ab239e33c37cffe96df714edf692c431d1248c7bbb233ad7952666c9,4f275d192013f78bf1eda16424693778675f7700a6e6fabc8af8fe750d13d423
Paper_warehouse_161_63_gp_5/warehouse-10-20-10-2-1_agents_300_test_18,baseline,warehouse-10-20-10-2-1,300,18,True,84,23380,5189,7,1199,0,139.918,bf91cdbafc51c22826342e2f265be4bef3bb7668cf16804e6db708ffe46a3171,4f275d192013f78bf1eda16424693778675f7700a6e6fabc8af8fe750d13d423
Paper_maze_32_32_2_gp_5/maze-32-32-2_agents_500_test_18,baseline,maze-32-32-2,500,18,True,207,93038,6448,126,249,0,403.39,e04c9fc5b290f4d5aa1bd6c6ddee019f7c860d9c71b8e5b6264964568f721ef3,4f275d192013f78bf1eda16424693778675f7700a6e6fabc8af8fe750d13d423
Paper_symbotic_39_37_gp_5/symbotic_agents_350_test_2,baseline,symbotic,350,2,True,366,154795,5144,91,1518,0,190.31,9756219b9cf8cf40682fa5957b377be4ef22938d606011c44e1de8a8eecdf916,4f275d192013f78bf1eda16424693778675f7700a6e6fabc8af8fe750d13d423
Paper_orz900d_gp_5/orz900d_agents_350_test_1,restart_fast,orz900d,350,1,True,6050,285472,16006,48,248,2,6755.47,9f250ec286c68c2c0bef032bdd8687ea3cb0dd4f5e24bac643b157dfc80b8fe3,83c66952c63fe1d6b38dde622bba2d5550edd823bd8ae03ffcfea82af9d575ee
Paper_maze_32_32_2_gp_5/maze-32-32-2_agents_450_test_19,baseline,maze-32-32-2,450,19,True,159,79130,5068,130,784,0,232.612,e681d3974491669edb1ac0f1a0dc6438138d9a7387eab5716e2341c693d4154b,4f275d192013f78bf1eda16424693778675f7700a6e6fabc8af8fe750d13d423
Paper_warehouse_161_63_gp_5/warehouse-10-20-10-2-1_agents_400_test_6,baseline,warehouse-10-20-10-2-1,400,6,True,124,30799,5167,10,1057,0,175.581,9672ee70ef654de5f5ecaecf48b2791b032e30ee52e78b1e2409e1f99f556b1c,4f275d192013f78bf1eda16424693778675f7700a6e6fabc8af8fe750d13d423
Paper_den312d_65_81_gp_5/den312d_agents_450_test_12,baseline,den312d,450,12,True,144,30986,6056,37,665,0,249.075,a50a34de15fca7fdbe0fb85422f50ad0ae7bb8ca277d06750584eb36c5ab38fe,4f275d192013f78bf1eda16424693778675f7700a6e6fabc8af8fe750d13d423
Paper_warehouse_161_63_gp_5/warehouse-10-20-10-2-1_agents_400_test_9,baseline,warehouse-10-20-10-2-1,400,9,True,148,34843,4771,10,1476,0,207.076,01e93e3c73308bde7d784aad7197e18144f4c82ecaa8272f05bc31c92902bb87,4f275d192013f78bf1eda16424693778675f7700a6e6fabc8af8fe750d13d423
Paper_Boston_gp_5/Boston_0_256_agents_250_test_14,baseline,Boston_0_256,250,14,True,906,36564,61668,0,23,0,2383.18,f67117c3c2919a82061c1514afef88081d661b354e3ef7a6b8b13ae4b82ea537,4f275d192013f78bf1eda16424693778675f7700a6e6fabc8af8fe750d13d423
Paper_maze_32_32_2_gp_5/maze-32-32-2_agents_250_test_17,baseline,maze-32-32-2,250,17,True,32,20495,3609,32,2118,0,75.8508,ee481341abbd66890e7988b9a0d0ee1bd3cc715531a8ca3a9d7b07ba8e879e7b,4f275d192013f78bf1eda16424693778675f7700a6e6fabc8af8fe750d13d423
Paper_room_64_64_8_gp_5/room-64-64-8_agents_450_test_7,baseline,room-64-64-8,450,7,True,132,39532,4062,19,1071,0,178.971,3a47255be32c9f21d3e6ec5dbc87edd32508d6c8d45dfb53c6bcd9c6e3a1b2f6,4f275d192013f78bf1eda16424693778675f7700a6e6fabc8af8fe750d13d423
Paper_warehouse_161_63_gp_5/warehouse-10-20-10-2-1_agents_250_test_13,baseline,warehouse-10-20-10-2-1,250,13,True,71,17657,5741,7,1211,0,135.455,b95f63c3acdcabcdb5572c39c9265cbc35db80185d5689e1e5544e6275a4a123,4f275d192013f78bf1eda16424693778675f7700a6e6fabc8af8fe750d13d423
Paper_Boston_gp_5/Boston_0_256_agents_450_test_6,restart_fast,Boston_0_256,450,6,True,1986,70601,5652,10,1116,1,2017.25,76ed965c7bddaa317a284a23031bfa2f5839a2bc2e39fff171bbf1198e6cdeee,83c66952c63fe1d6b38dde622bba2d5550edd823bd8ae03ffcfea82af9d575ee
Paper_random_32_32_gp_5/random-32-32-10_agents_350_test_9,baseline,random-32-32-10,350,9,True,27,9095,5995,11,911,0,145.854,1909533c1a0d5efdc355d53538b634e376c0965e277c5429a9601f82975a8bed,4f275d192013f78bf1eda16424693778675f7700a6e6fabc8af8fe750d13d423
Paper_orz900d_gp_5/orz900d_agents_250_test_4,restart_fast,orz900d,250,4,True,3821,206878,11917,18,1597,1,3789.86,a864f3e452e32d32b276d2ace9f2a459a7007ea869546a0b788c862be660e50d,83c66952c63fe1d6b38dde622bba2d5550edd823bd8ae03ffcfea82af9d575ee
Paper_room_64_64_8_gp_5/room-64-64-8_agents_500_test_7,restart_fast,room-64-64-8,500,7,True,188,42065,6338,28,1072,1,354.165,682ea05dbe21198c4230a5d0d06d96b43f8311f814a75d56a42bbea29f4ee03e,83c66952c63fe1d6b38dde622bba2d5550edd823bd8ae03ffcfea82af9d575ee
Paper_den312d_65_81_gp_5/den312d_agents_300_test_13,restart_fast,den312d,300,13,True,46,19968,6261,13,1064,0,124.999,97cab4411f97d0b73fc93f98fe3a9c63779e1967d51bbf1261aca84cec73383e,83c66952c63fe1d6b38dde622bba2d5550edd823bd8ae03ffcfea82af9d575ee
Paper_maze_32_32_2_gp_5/maze-32-32-2_agents_300_test_17,restart_fast,maze-32-32-2,300,17,True,63,30973,21830,165,804,2,2406.03,1bb8c5e53e73cc2b1a85775bcebf52fbb5e07d4d1b964458d4395145ff4694cc,83c66952c63fe1d6b38dde622bba2d5550edd823bd8ae03ffcfea82af9d575ee
Paper_den312d_65_81_gp_5/den312d_agents_250_test_19,restart_fast,den312d,250,19,True,38,14127,38239,3003,559,2,1742.14,a4ce112964ba5c3b9b76dc27268da295bc44b139dc4d7d3427a00f9b58a20719,83c66952c63fe1d6b38dde622bba2d5550edd823bd8ae03ffcfea82af9d575ee
Paper_Boston_gp_5/Boston_0_256_agents_250_test_15,baseline,Boston_0_256,250,15,True,1336,35220,12516,0,320,0,1404.47,97c5fe87dcc42bf8029cdb8b80147d69e86cc42acbc6711dfa234a387afd9560,4f275d192013f78bf1eda16424693778675f7700a6e6fabc8af8fe750d13d423
Paper_den312d_65_81_gp_5/den312d_agents_450_test_17,restart_fast,den312d,450,17,True,90,30203,4926,31,1040,0,166.81,0f90247f4788527e939227d4009f9998d0b0a4c1fa591a8f030383028301a885,83c66952c63fe1d6b38dde622bba2d5550edd823bd8ae03ffcfea82af9d575ee
Paper_maze_32_32_2_gp_5/maze-32-32-2_agents_500_test_16,restart_fast,maze-32-32-2,500,16,False,0,0,29119,2565,12116,14,2447.28,a1293c5561714ee52103e2cd1e5f63a86dd3cc342f6e25acb0e97dde6ddc50b0,83c66952c63fe1d6b38dde622bba2d5550edd823bd8ae03ffcfea82af9d575ee
Paper_orz900d_gp_5/orz900d_agents_450_test_15,baseline,orz900d,450,15,True,7800,339236,4775,10,365,0,7011.22,ccab15d797da4c14b511cab4f8b433c7200c81d7d65db1712e902f3d7bf7d5e4,4f275d192013f78bf1eda16424693778675f7700a6e6fabc8af8fe750d13d423
Paper_Boston_gp_5/Boston_0_256_agents_250_test_1,restart_fast,Boston_0_256,250,1,True,1457,38776,19774,1,226,0,1655.03,197771a38992ec9eeaca3eb8a8b9b27935584118e8e7fbc1ef09aafa567ef18d,83c66952c63fe1d6b38dde622bba2d5550edd823bd8ae03ffcfea82af9d575ee
Paper_symbotic_39_37_gp_5/symbotic_agents_400_test_14,baseline,symbotic,400,14,True,652,392600,5994,240,1361,0,296.5,9ca96d03343ceafb664d91c4660e34e59e96970b8576ee5747c2b7323c77005d,4f275d192013f78bf1eda16424693778675f7700a6e6fabc8af8fe750d13d423
Paper_Boston_gp_5/Boston_0_256_agents_300_test_0,restart_fast,Boston_0_256,300,0,True,1764,45575,58372,2,29,0,3950.49,a4dd5455febe93f3547d4c0bf6b960087b67b2aa0355f271b208370ce4c63098,83c66952c63fe1d6b38dde622bba2d5550edd823bd8ae03ffcfea82af9d575ee
Paper_symbotic_39_37_gp_5/symbotic_agents_300_test_13,baseline,symbotic,300,13,True,99,44763,6160,73,1353,0,127.978,6f52a7e030a859b4a3b216a408496b49b683cd11e2054e6d9039daccb617d297,4f275d192013f78bf1eda16424693778675f7700a6e6fabc8af8fe750d13d423
Paper_orz900d_gp_5/orz900d_agents_300_test_9,restart_fast,orz900d,300,9,True,5225,241482,10910,30,469,1,5167.49,ad1432d7dadb4597bfbfe36fc57c6514f74a9401f35c54a423112b17654f1364,83c66952c63fe1d6b38dde622bba2d5550edd823bd8ae03ffcfea82af9d575ee
Paper_random_32_32_gp_5/random-32-32-10_agents_300_test_17,restart_fast,random-32-32-10,300,17,True,19,7590,6654,7,958,0,121.634,20d9c377e6940ba8f96e766e000e3843e8f8637dc2c32cdcbcc4ca4f75ec9404,83c66952c63fe1d6b38dde622bba2d5550edd823bd8ae03ffcfea82af9d575ee
Paper_symbotic_39_37_gp_5/symbotic_agents_300_test_17,baseline,symbotic,300,17,True,112,54564,4904,96,1167,0,137.596,1b6d62e629915b79d9f00cf5d332975f9b1b85006f1ae90401e8884fabed15e8,4f275d192013f78bf1eda16424693778675f7700a6e6fabc8af8fe750d13d423
Paper_den312d_65_81_gp_5/den312d_agents_450_test_1,baseline,den312d,450,1,True,100,33743,6446,32,782,0,185.306,b185bbcbd1f19ad2b5ebaef09a10395eca57f7e96a2bc616f0222b69bc7c0318,4f275d192013f78bf1eda16424693778675f7700a6e6fabc8af8fe750d13d423
Paper_Boston_gp_5/Boston_0_256_agents_500_test_10,baseline,Boston_0_256,500,10,True,1439,77385,4320,5,875,0,1325.51,548322fcd2b9212919b8157e2f8915a2a19df504e3dcec5dcf411f75e254a27f,4f275d192013f78bf1eda16424693778675f7700a6e6fabc8af8fe750d13d423
Paper_symbotic_39_37_gp_5/symbotic_agents_500_test_6,restart_fast,symbotic,500,6,False,0,0,33146,33143,1697,0,3895.31,b4fe87544ca41411b087a9f9214eab4d66e3f7f838dff89cf1bcc0f9b031703a,83c66952c63fe1d6b38dde622bba2d5550edd823bd8ae03ffcfea82af9d575ee
Paper_Boston_gp_5/Boston_0_256_agents_300_test_15,baseline,Boston_0_256,300,15,True,955,42536,8304,0,469,0,981.778,3ae41375b956c4a0294a42ec6fd0d3c960be76dff70f05fb03042199ae913b8a,4f275d192013f78bf1eda16424693778675f7700a6e6fabc8af8fe750d13d423
Paper_random_32_32_gp_5/random-32-32-10_agents_500_test_7,baseline,random-32-32-10,500,7,True,55,15745,5924,1169,530,0,196.58,ccbfb2635ed2ed9fdea56fb37162ce8e01567e7f166f7dde39b90f60a7ca1d7b,4f275d192013f78bf1eda16424693778675f7700a6e6fabc8af8fe750d13d423
Paper_orz900d_gp_5/orz900d_agents_500_test_13,baseline,orz900d,500,13,True,9516,438716,2921,20,0,0,8409.9,90dd5484c7f54f2a626c401fb9231c4fed99edfaf84cfbe66ae6236afab06da1,4f275d192013f78bf1eda16424693778675f7700a6e6fabc8af8fe750d13d423
Paper_room_64_64_8_gp_5/room-64-64-8_agents_350_test_6,baseline,room-64-64-8,350,6,True,87,24714,4513,6,1045,0,133.301,dbf726dba8bf3d381995f4b495caa61e317706535f91cb4432b46c739e788e21,4f275d192013f78bf1eda16424693778675f7700a6e6fabc8af8fe750d13d423
Paper_warehouse_161_63_gp_5/warehouse-10-20-10-2-1_agents_300_test_13,restart_fast,warehouse-10-20-10-2-1,300,13,True,102,24753,6821,21,1701,3,331.661,ef77082f5dc65992c829ce0c6fd10e32ed7a79199974a9be174c4f1c7eae1aee,83c66952c63fe1d6b38dde622bba2d5550edd823bd8ae03ffcfea82af9d575ee
Paper_den312d_65_81_gp_5/den312d_agents_300_test_4,restart_fast,den312d,300,4,True,46,16803,9443,36,1695,2,205.271,b62e3404ab239e33c37cffe96df714edf692c431d1248c7bbb233ad7952666c9,83c66952c63fe1d6b38dde622bba2d5550edd823bd8ae03ffcfea82af9d575ee
Paper_maze_32_32_2_gp_5/maze-32-32-2_agents_500_test_12,restart_fast,maze-32-32-2,500,12,False,0,0,36633,1631,10562,6,2528.83,846a27e2336f4c55287a6792f34b19f8f6a06db07acd56b72da52758a4233c87,83c66952c63fe1d6b38dde622bba2d5550edd823bd8ae03ffcfea82af9d575ee
Paper_room_64_64_8_gp_5/room-64-64-8_agents_300_test_14,baseline,room-64-64-8,300,14,True,62,19752,6385,6,883,0,129.54,988f4ef55a35edc989b67835bcb98b73f9f231ff62ed48bc67164a4c19b97f02,4f275d192013f78bf1eda16424693778675f7700a6e6fabc8af8fe750d13d423
Paper_room_64_64_8_gp_5/room-64-64-8_agents_250_test_7,baseline,room-64-64-8,250,7,True,48,16201,5413,3,971,0,98.7621,8cb186492bc989191456f76774c61dc331463439abd4ea0d4a602a6bc1b8b71b,4f275d192013f78bf1eda16424693778675f7700a6e6fabc8af8fe750d13d423
Paper_warehouse_161_63_gp_5/warehouse-10-20-10-2-1_agents_450_test_11,restart_fast,warehouse-10-20-10-2-1,450,11,True,137,42194,6448,40,2119,1,279.074,99d7534716a7434d8a0d03062fa473f901a7741b2ba822bdb07a2ae2473c0751,83c66952c63fe1d6b38dde622bba2d5550edd823bd8ae03ffcfea82af9d575ee
Paper_maze_32_32_2_gp_5/maze-32-32-2_agents_500_test_13,baseline,maze-32-32-2,500,13,False,0,0,22108,334,41575,0,752.853,c48f29449afb71bd1287e00dd8fdc07b59ae808795139219fa645390ab3f19dd,4f275d192013f78bf1eda16424693778675f7700a6e6fabc8af8fe750d13d423
Paper_symbotic_39_37_gp_5/symbotic_agents_450_test_4,baseline,symbotic,450,4,True,924,525681,8848,567,781,0,559.273,084e2fb3e1e6d741b105f343c2fe646fb4c3829f654108178f245383e3fd755c,4f275d192013f78bf1eda16424693778675f7700a6e6fabc8af8fe750d13d423
Paper_warehouse_161_63_gp_5/warehouse-10-20-10-2-1_agents_500_test_6,baseline,warehouse-10-20-10-2-1,500,6,True,201,50937,4622,27,1028,0,246.189,859afb2b241bf1f6d93cd2599ffd00ee0e4126ccabdba162e2608b6985a0372e,4f275d192013f78bf1eda16424693778675f7700a6e6fabc8af8fe750d13d423
Paper_Boston_gp_5/Boston_0_256_agents_400_test_5,baseline,Boston_0_256,400,5,True,1578,63610,17603,7,111,0,1825.02,365283a006e6552e93eb3f7dbe7cdbc9b84090397cd41518cc84933584ccb382,4f275d192013f78bf1eda16424693778675f7700a6e6fabc8af8fe750d13d423
Paper_symbotic_39_37_gp_5/symbotic_agents_400_test_3,restart_fast,symbotic,400,3,True,1577,370496,26413,3274,1575,3,1856.91,1918873397f2a3ee552a86c9659b17d8d1a08a055b52339811e965af8a43f9ba,83c66952c63fe1d6b38dde622bba2d5550edd823bd8ae03ffcfea82af9d575ee
Paper_den312d_65_81_gp_5/den312d_agents_400_test_14,baseline,den312d,400,14,True,73,27429,6224,23,797,0,166.671,534ceafd9f4357132f3d450bca03c69dbdaf73e3cc65c2b9fc704752ea6430fd,4f275d192013f78bf1eda16424693778675f7700a6e6fabc8af8fe750d13d423
Paper_random_32_32_gp_5/random-32-32-10_agents_400_test_3,baseline,random-32-32-10,400,3,True,30,10694,6671,12,550,0,153.117,0487daf28b7fe062cee0b6c7f1262ab08bdc2e006b6d59a578203f952c4a938b,4f275d192013f78bf1eda16424693778675f7700a6e6fabc8af8fe750d13d423
Paper_maze_32_32_2_gp_5/maze-32-32-2_agents_250_test_2,baseline,maze-32-32-2,250,2,True,35,22346,7328,43,661,0,141.956,2476cbe3fe888d068aa7c8d961b5e478578356d809e143fe54cfa07482c58a0c,4f275d192013f78bf1eda16424693778675f7700a6e6fabc8af8fe750d13d423
Paper_random_32_32_gp_5/random-32-32-10_agents_250_test_15,restart_fast,random-32-32-10,250,15,True,13,5657,20107,7,501,1,540.41,be0d5bcba8e8d6b2843eac44cca45aa9a0254168871b77c19138ffd7d2fd36ea,83c66952c63fe1d6b38dde622bba2d5550edd823bd8ae03ffcfea82af9d575ee
Paper_Boston_gp_5/Boston_0_256_agents_350_test_4,restart_fast,Boston_0_256,350,4,True,1231,49836,10339,1,306,0,1380.9,95af723910522cdaa5178a3c24bdea2c236052a4f7e63f9cd461129d5dc03a8b,83c66952c63fe1d6b38dde622bba2d5550edd823bd8ae03ffcfea82af9d575ee
Paper_warehouse_161_63_gp_5/warehouse-10-20-10-2-1_agents_500_test_12,restart_fast,warehouse-10-20-10-2-1,500,12,True,178,49170,3692,18,1090,0,206.164,c103be33cad6d8d0d0490b09084a05f5c28dfd867a5a2cf639c0441b0d5d5cb4,83c66952c63fe1d6b38dde622bba2d5550edd823bd8ae03ffcfea82af9d575ee
Paper_warehouse_161_63_gp_5/warehouse-10-20-10-2-1_agents_400_test_19,baseline,warehouse-10-20-10-2-1,400,19,True,144,38172,3969,10,1003,0,177.394,96e9ef1a5fe48d64e28710d6856ea1963aaeb2ac338464b98818f47f1633d49c,4f275d192013f78bf1eda16424693778675f7700a6e6fabc8af8fe750d13d423
Paper_den312d_65_81_gp_5/den312d_agents_250_test_1,baseline,den312d,250,1,True,35,14542,5814,9,1138,0,99.6281,235ce5c7237f48ecebd3da12cf8905a0d757f80864043d5aee8347c99340c921,4f275d192013f78bf1eda16424693778675f7700a6e6fabc8af8fe750d13d423
Paper_warehouse_161_63_gp_5/warehouse-10-20-10-2-1_agents_450_test_10,restart_fast,warehouse-10-20-10-2-1,450,10,True,177,42956,4405,15,1183,0,219.006,2203242ee4f02458281b7945d94b8b3dba659f3b24d6ca989d9b75fc8d13897f,83c66952c63fe1d6b38dde622bba2d5550edd823bd8ae03ffcfea82af9d575ee
Paper_maze_32_32_2_gp_5/maze-32-32-2_agents_250_test_14,baseline,maze-32-32-2,250,14,True,37,24391,5192,50,1336,0,109.385,03c1584c6a4ee5dc9a6152363213a1d8c407ba7448299903cc484faebe1fa088,4f275d192013f78bf1eda16424693778675f7700a6e6fabc8af8fe750d13d423
Paper_maze_32_32_2_gp_5/maze-32-32-2_agents_250_test_11,baseline,maze-32-32-2,250,11,True,37,24132,4137,42,1451,0,82.9997,d1495258a7c825b54edb8c1f9a9b2443f9dce09b38e9a8539317fa7bc57457ca,4f275d192013f78bf1eda16424693778675f7700a6e6fabc8af8fe750d13d423
Paper_Boston_gp_5/Boston_0_256_agents_500_test_0,restart_fast,Boston_0_256,500,0,True,4044,77263,3360,3,650,0,3911.66,136f13356d31445cf692482790fbacd44a47fadf639b4d7fb10d573e95fec15f,83c66952c63fe1d6b38dde622bba2d5550edd823bd8ae03ffcfea82af9d575ee
Paper_maze_32_32_2_gp_5/maze-32-32-2_agents_250_test_9,baseline,maze-32-32-2,250,9,True,34,22574,6514,397,993,0,118.632,0023709da041fa017499f0021e81f06e6e883d1ec83e703dd959f78aa694d3cc,4f275d192013f78bf1eda16424693778675f7700a6e6fabc8af8fe750d13d423
Paper_orz900d_gp_5/orz900d_agents_500_test_19,restart_fast,orz900d,500,19,True,9399,389656,3006,21,0,0,8527.69,c7f7358747a30668d002d75c059abfaa46548c242fda9407dd57fe93e361674f,83c66952c63fe1d6b38dde622bba2d5550edd823bd8ae03ffcfea82af9d575ee
Paper_Boston_gp_5/Boston_0_256_agents_500_test_7,baseline,Boston_0_256,500,7,True,3186,78082,12468,7,81,0,3328.41,67523e3477a928d10be94a3cf836b6afbcddc5ccad61dbb62274d6a507d1ff16,4f275d192013f78bf1eda16424693778675f7700a6e6fabc8af8fe750d13d423
Paper_symbotic_39_37_gp_5/symbotic_agents_450_test_2,restart_fast,symbotic,450,2,True,965,521986,14245,2299,1735,2,1490.91,f9d2adab8f5939e28894f70b81ef8d0b7e5642e3623de4e837090d5932e5afdc,83c66952c63fe1d6b38dde622bba2d5550edd823bd8ae03ffcfea82af9d575ee
Paper_warehouse_161_63_gp_5/warehouse-10-20-10-2-1_agents_450_test_12,baseline,warehouse-10-20-10-2-1,450,12,True,183,42064,3750,15,899,0,207.149,57b578e471984c6bbce083b5c776ee21455f8acfeada5a5953b861a830cfd33f,4f275d192013f78bf1eda16424693778675f7700a6e6fabc8af8fe750d13d423
Paper_room_64_64_8_gp_5/room-64-64-8_agents_400_test_1,baseline,room-64-64-8,400,1,True,98,28210,5098,11,866,0,157.262,d10d6cac272ba0e236d1bea32821d2cdaf8574007a94d6924964ed09e8683e20,4f275d192013f78bf1eda16424693778675f7700a6e6fabc8af8fe750d13d423
Paper_Boston_gp_5/Boston_0_256_agents_350_test_10,restart_fast,Boston_0_256,350,10,True,1179,49067,23693,1,106,0,1744.43,82704204e3bfd66b0f4b1317f2f0a3d4809c4db02766e39ad48530c7047c814e,83c66952c63fe1d6b38dde622bba2d5550edd823bd8ae03ffcfea82af9d575ee
Paper_orz900d_gp_5/orz900d_agents_450_test_2,restart_fast,orz900d,450,2,True,7133,386615,7576,41,401,1,7144.94,8dc236f98f9ccbfadf4d43c5289209f3fd8219ad059e5d1462a771af081f3ae3,83c66952c63fe1d6b38dde622bba2d5550edd823bd8ae03ffcfea82af9d575ee
Paper_symbotic_39_37_gp_5/symbotic_agents_400_test_7,baseline,symbotic,400,7,True,267,133184,8783,119,959,0,317.207,b60eda9a79b0e265eb74ed12f00ecb1d2824632c2b36af834efe9346652e7f1c,4f275d192013f78bf1eda16424693778675f7700a6e6fabc8af8fe750d13d423
Paper_orz900d_gp_5/orz900d_agents_400_test_1,baseline,orz900d,400,1,True,7068,348968,5294,19,554,0,6239.89,cfde8a5b5587dc187601e7e08c1622211f4ff76a889dfb76073c628cd0912792,4f275d192013f78bf1eda16424693778675f7700a6e6fabc8af8fe750d13d423
Paper_orz900d_gp_5/orz900d_agents_500_test_2,baseline,orz900d,500,2,True,9400,408027,2681,16,0,0,8459.47,02088f61618105d32046ff71fc79162147f121738d59653a214f8da27e1ff356,4f275d192013f78bf1eda16424693778675f7700a6e6fabc8af8fe750d13d423
Paper_symbotic_39_37_gp_5/symbotic_agents_250_test_11,restart_fast,symbotic,250,11,True,100,44885,5108,35,1196,0,99.5882,950d7a02688a8821daf5b262133a1b248f3f79c6f4655dc2a17b08f16f83ae28,83c66952c63fe1d6b38dde622bba2d5550edd823bd8ae03ffcfea82af9d575ee
Paper_symbotic_39_37_gp_5/symbotic_agents_250_test_18,baseline,symbotic,250,18,True,87,41686,5969,496,1030,0,115.957,ded3734612660d7b2a24f53cda3c796f85f6802f21b0abb54d78f5f073d75a50,4f275d192013f78bf1eda16424693778675f7700a6e6fabc8af8fe750d13d423
Paper_maze_32_32_2_gp_5/maze-32-32-2_agents_300_test_18,baseline,maze-32-32-2,300,18,True,54,31591,5078,58,971,0,137.809,d471ad463a3b6ba02a1803d7e2444f9707e463977d87f9646565ba8117267805,4f275d192013f78bf1eda16424693778675f7700a6e6fabc8af8fe750d13d423
Paper_maze_32_32_2_gp_5/maze-32-32-2_agents_350_test_15,baseline,maze-32-32-2,350,15,True,81,44020,5418,74,930,0,180.229,c58b5bb4ab8f570a21fe1d397e2892609c5ac0acfd3233ee6d16d99a5797b6a4,4f275d192013f78bf1eda16424693778675f7700a6e6fabc8af8fe750d13d423
Paper_warehouse_161_63_gp_5/warehouse-10-20-10-2-1_agents_400_test_2,baseline,warehouse-10-20-10-2-1,400,2,True,146,35941,4938,10,918,0,197.839,5da8e4f3c1c1cc61cd9028baa03920a1d5f5a6b48be91af8632d8856731926b8,4f275d192013f78bf1eda16424693778675f7700a6e6fabc8af8fe750d13d423
Paper_symbotic_39_37_gp_5/symbotic_agents_300_test_18,baseline,symbotic,300,18,True,777,271439,10877,449,2744,0,219.434,eceb92a8663146234fa6a12948fa9c3e5721d259561d095af2f8fa63891cac3a,4f275d192013f78bf1eda16424693778675f7700a6e6fabc8af8fe750d13d423
Paper_symbotic_39_37_gp_5/symbotic_agents_250_test_1,restart_fast,symbotic,250,1,True,70,34756,5050,38,1413,0,103.312,d6d23deab8096afc9fee069af15cf9736328d2264181ec7f0c81f685aee65500,83c66952c63fe1d6b38dde622bba2d5550edd823bd8ae03ffcfea82af9d575ee
Paper_orz900d_gp_5/orz900d_agents_400_test_17,baseline,orz900d,400,17,True,6475,344239,4958,17,783,0,5762.81,b219fa9ea1a5b4bd299e97c00aa2c57ad5db4a4710abe9b916f21cf0c9c361c2,4f275d192013f78bf1eda16424693778675f7700a6e6fabc8af8fe750d13d423
Paper_maze_32_32_2_gp_5/maze-32-32-2_agents_250_test_3,restart_fast,maze-32-32-2,250,3,True,35,25295,6191,101,1740,1,129.82,eea99657902f75a94effb3e54002602c319e2c79a2b49e682474d347a4e88a07,83c66952c63fe1d6b38dde622bba2d5550edd823bd8ae03ffcfea82af9d575ee
Paper_symbotic_39_37_gp_5/symbotic_agents_300_test_17,restart_fast,symbotic,300,17,True,97,41760,5450,143,1309,1,172.451,1b6d62e629915b79d9f00cf5d332975f9b1b85006f1ae90401e8884fabed15e8,83c66952c63fe1d6b38dde622bba2d5550edd823bd8ae03ffcfea82af9d575ee
Paper_warehouse_161_63_gp_5/warehouse-10-20-10-2-1_agents_350_test_13,restart_fast,warehouse-10-20-10-2-1,350,13,True,99,29188,9015,40,1183,1,790.021,b9fdf8975f05e2e013ae91c800744095fcc841cd478920eef7252a732b3ae9fe,83c66952c63fe1d6b38dde622bba2d5550edd823bd8ae03ffcfea82af9d575ee
Paper_room_64_64_8_gp_5/room-64-64-8_agents_250_test_0,restart_fast,room-64-64-8,250,0,True,45,15041,52902,7,811,1,3208.32,e2f1e535dbfc0e0cbfee271a5e293d21b9ae27d4c3dcb808ba1d0f548c863209,83c66952c63fe1d6b38dde622bba2d5550edd823bd8ae03ffcfea82af9d575ee
Paper_random_32_32_gp_5/random-32-32-10_agents_300_test_8,baseline,random-32-32-10,300,8,True,21,7521,6690,5,884,0,160.265,73906a86cf7c65ccfdab755930ed5e3a26d232f03051e3ee428361f65757ad0b,4f275d192013f78bf1eda16424693778675f7700a6e6fabc8af8fe750d13d423
Paper_random_32_32_gp_5/random-32-32-10_agents_350_test_1,baseline,random-32-32-10,350,1,True,27,8768,8631,10,537,0,192.803,19ffa455703dc56b3a44895cb4f772226e6b1cf375bfcd00a202d4ff75591f20,4f275d192013f78bf1eda16424693778675f7700a6e6fabc8af8fe750d13d423
Paper_room_64_64_8_gp_5/room-64-64-8_agents_350_test_17,baseline,room-64-64-8,350,17,True,73,22724,4521,4,1070,0,115.366,5c0b38bb2014c08a16e694ad5b9d899e23928cfd09ac587ef58ee1c7d7478922,4f275d192013f78bf1eda16424693778675f7700a6e6fabc8af8fe750d13d423
Paper_random_32_32_gp_5/random-32-32-10_agents_400_test_15,baseline,random-32-32-10,400,15,True,32,10260,5652,8,702,0,139.452,d22c4a735df030d9dc89ed12ea61127d181b02273c1d246bf090d73919252ac6,4f275d192013f78bf1eda16424693778675f7700a6e6fabc8af8fe750d13d423
Paper_orz900d_gp_5/orz900d_agents_300_test_19,restart_fast,orz900d,300,19,True,4802,235051,28945,16,22,1,5619.61,16aac2efc854861a097c081500fb435ed4733715b7fcd418bd08a645a73987c2,83c66952c63fe1d6b38dde622bba2d5550edd823bd8ae03ffcfea82af9d575ee
Paper_maze_32_32_2_gp_5/maze-32-32-2_agents_250_test_6,baseline,maze-32-32-2,250,6,True,33,22817,5207,53,1287,0,110.153,5068e7db78dccdbd38a6949e9c8d5d2b8b5fea41b9a112493a89580752dbe7cc,4f275d192013f78bf1eda16424693778675f7700a6e6fabc8af8fe750d13d423
Paper_Boston_gp_5/Boston_0_256_agents_400_test_15,baseline,Boston_0_256,400,15,True,1687,58733,4470,1,888,0,1605.47,4ee11400eebf4cb6eee649ea74e3f7835efaf0cdf0b576c8c241d1443f7cb1af,4f275d192013f78bf1eda16424693778675f7700a6e6fabc8af8fe750d13d423
Paper_den312d_65_81_gp_5/den312d_agents_300_test_3,baseline,den312d,300,3,True,51,17364,4806,13,1017,0,112.944,c4a2291da15d4581858a90aca55512b8b7cc9bbd3beb13c8a5031c9053ce52a1,4f275d192013f78bf1eda16424693778675f7700a6e6fabc8af8fe750d13d423
Paper_den312d_65_81_gp_5/den312d_agents_450_test_7,restart_fast,den312d,450,7,True,90,31930,4906,24,956,0,174.337,9e2b71b37cc7c0a050d6716c3d5afcc2afd5b433cb56cdab7481b2a4c8ef196a,83c66952c63fe1d6b38dde622bba2d5550edd823bd8ae03ffcfea82af9d575ee
Paper_den312d_65_81_gp_5/den312d_agents_350_test_7,baseline,den312d,350,7,True,66,21463,5097,18,990,0,126.013,2ac3c6cb023984eca8bbb21c36512bbec7204bbf4c708ab97ac725f6bc2e654c,4f275d192013f78bf1eda16424693778675f7700a6e6fabc8af8fe750d13d423
Paper_room_64_64_8_gp_5/room-64-64-8_agents_250_test_18,restart_fast,room-64-64-8,250,18,True,44,14961,9187,11,1796,1,148.485,2179705f35c0fe0f59ae1ce514ab2b64fcd52e62f83786ae12df2b8c00002745,83c66952c63fe1d6b38dde622bba2d5550edd823bd8ae03ffcfea82af9d575ee
Paper_warehouse_161_63_gp_5/warehouse-10-20-10-2-1_agents_450_test_8,restart_fast,warehouse-10-20-10-2-1,450,8,True,178,44542,4760,11,831,0,234.875,586cb13b5d95f3f8d7ea472ab693897bfbf6e1131ea44619a0751cfc5a88da82,83c66952c63fe1d6b38dde622bba2d5550edd823bd8ae03ffcfea82af9d575ee
Paper_warehouse_161_63_gp_5/warehouse-10-20-10-2-1_agents_300_test_0,baseline,warehouse-10-20-10-2-1,300,0,True,100,25493,3667,4,1286,0,132.329,8e02b043df2928a97dc49b0155497b134f74e07d053a83485bc6492378045644,4f275d192013f78bf1eda16424693778675f7700a6e6fabc8af8fe750d13d423
Paper_den312d_65_81_gp_5/den312d_agents_450_test_4,restart_fast,den312d,450,4,True,86,31222,6729,27,599,0,218.29,a6eec1e3f3622fe8bba8bb37f561ac60e100e80c80d109a8e4f90062c0ba2b3e,83c66952c63fe1d6b38dde622bba2d5550edd823bd8ae03ffcfea82af9d575ee
Paper_maze_32_32_2_gp_5/maze-32-32-2_agents_500_test_5,restart_fast,maze-32-32-2,500,5,True,266,106257,5277,475,2590,2,547.388,802239567683047d00490b8433620c93d418e400f73eb610b5ca419169e21f84,83c66952c63fe1d6b38dde622bba2d5550edd823bd8ae03ffcfea82af9d575ee
Paper_den312d_65_81_gp_5/den312d_agents_500_test_19,baseline,den312d,500,19,True,126,39815,3897,28,744,0,162.957,213d37236f6c4547d98d3aba773238e51a3f65212dbd6fdf2585e83256276ac0,4f275d192013f78bf1eda16424693778675f7700a6e6fabc8af8fe750d13d423
Paper_symbotic_39_37_gp_5/symbotic_agents_300_test_10,restart_fast,symbotic,300,10,True,149,52444,8586,294,2059,1,210.923,20f6ecbb4c842ea13e0afb45593cb19ee9a3ea14c7da88059958dae367aef059,83c66952c63fe1d6b38dde622bba2d5550edd823bd8ae03ffcfea82af9d575ee
Paper_orz900d_gp_5/orz900d_agents_400_test_16,restart_fast,orz900d,400,16,True,6727,330666,7978,19,536,1,6658.47,faccfa6d11e2a4a7542fae80be68bf1e4fff7f7c43ab6999586a8b01abcacb56,83c66952c63fe1d6b38dde622bba2d5550edd823bd8ae03ffcfea82af9d575ee
Paper_maze_32_32_2_gp_5/maze-32-32-2_agents_350_test_5,baseline,maze-32-32-2,350,5,True,92,54551,4893,89,887,0,147.364,61522073b85b6c257296ebaaebd66456903a7278e148de7b5060029487540f88,4f275d192013f78bf1eda16424693778675f7700a6e6fabc8af8fe750d13d423
Paper_den312d_65_81_gp_5/den312d_agents_300_test_11,restart_fast,den312d,300,11,True,40,17941,4801,112,1081,0,83.5499,2708df76b80036fe0ac1e45830f8dfc9ee43b4496cf1bd78db1ec1ea1c83b72a,83c66952c63fe1d6b38dde622bba2d5550edd823bd8ae03ffcfea82af9d575ee
Paper_warehouse_161_63_gp_5/warehouse-10-20-10-2-1_agents_450_test_19,baseline,warehouse-10-20-10-2-1,450,19,True,173,41286,3828,21,924,0,196.949,8c4e05be41b382905b17c47e214e517055682f4f63059b59e657904efce5d358,4f275d192013f78bf1eda16424693778675f7700a6e6fabc8af8fe750d13d423
Paper_Boston_gp_5/Boston_0_256_agents_250_test_12,restart_fast,Boston_0_256,250,12,True,481,35268,37282,2,71,0,1405.44,66afa4172310fc07b4dcd022328e43fd43be6bb4fb42e6c40b925230e07e8607,83c66952c63fe1d6b38dde622bba2d5550edd823bd8ae03ffcfea82af9d575ee
Paper_room_64_64_8_gp_5/room-64-64-8_agents_350_test_11,baseline,room-64-64-8,350,11,True,77,21861,6219,7,966,0,155.825,ccbfa3a12522474cb142741a8d3fb3e0eb2fddbbbc25dff74820098b9fec151d,4f275d192013f78bf1eda16424693778675f7700a6e6fabc8af8fe750d13d423
Paper_room_64_64_8_gp_5/room-64-64-8_agents_500_test_6,restart_fast,room-64-64-8,500,6,True,148,46489,18910,44,581,1,1498.19,f97fafc2b4b35b37f4c85c807efff909b99e5a621f8621002a4ff4a2a8406420,83c66952c63fe1d6b38dde622bba2d5550edd823bd8ae03ffcfea82af9d575ee
Paper_orz900d_gp_5/orz900d_agents_400_test_11,baseline,orz900d,400,11,True,7593,349088,4900,18,336,0,6714.78,839333f3212ab709c0003f83533c51484e8e3017d4cdecee3bc402da85203c61,4f275d192013f78bf1eda16424693778675f7700a6e6fabc8af8fe750d13d423
Paper_random_32_32_gp_5/random-32-32-10_agents_350_test_15,restart_fast,random-32-32-10,350,15,True,24,8802,6247,16,1327,1,139.316,64d864da97801e45ec9efb8834c4ac8f2dadacd7d1c2b89a3d336d6d4ae9e33c,83c66952c63fe1d6b38dde622bba2d5550edd823bd8ae03ffcfea82af9d575ee
Paper_orz900d_gp_5/orz900d_agents_400_test_3,restart_fast,orz900d,400,3,True,6616,315963,4907,9,493,0,6041.73,26f5b68ece0d400aac3db0ea2531e00a5fe8b69fa114f310e555bc03809218ef,83c66952c63fe1d6b38dde622bba2d5550edd823bd8ae03ffcfea82af9d575ee
Paper_symbotic_39_37_gp_5/symbotic_agents_500_test_2,restart_fast,symbotic,500,2,True,4103,677251,16015,4590,950,3,3048.72,7aa02af599e4ee8d5874c8f39739fd1f16bda502b93b1c2fb1830c2569148a30,83c66952c63fe1d6b38dde622bba2d5550edd823bd8ae03ffcfea82af9d575ee
Paper_den312d_65_81_gp_5/den312d_agents_300_test_6,restart_fast,den312d,300,6,True,47,16802,5016,13,1084,0,121.804,3a29c8b1a0f079e7100ec4711e80270088383acbe4deba232abb5a63f170c071,83c66952c63fe1d6b38dde622bba2d5550edd823bd8ae03ffcfea82af9d575ee
Paper_maze_32_32_2_gp_5/maze-32-32-2_agents_300_test_6,baseline,maze-32-32-2,300,6,True,66,30271,5479,63,1094,0,122.747,78412e580dd20da970f5bdb29a8eeeb0a9cda90a25b93ce7a6d9698173a17d1a,4f275d192013f78bf1eda16424693778675f7700a6e6fabc8af8fe750d13d423
Paper_orz900d_gp_5/orz900d_agents_250_test_2,baseline,orz900d,250,2,True,4521,211200,6030,8,725,0,4087.75,8420a39e6620c712c4c0853b41aff7cc413cf2e2427861578ce3de6bf06f8a15,4f275d192013f78bf1eda16424693778675f7700a6e6fabc8af8fe750d13d423
Paper_maze_32_32_2_gp_5/maze-32-32-2_agents_350_test_4,restart_fast,maze-32-32-2,350,4,True,73,45906,6616,621,1215,1,224.3,f678493794dff5d4880fed823bd682ce26a85aaf1fbf504189aff5343992fb3d,83c66952c63fe1d6b38dde622bba2d5550edd823bd8ae03ffcfea82af9d575ee
Paper_orz900d_gp_5/orz900d_agents_300_test_5,baseline,orz900d,300,5,True,5529,232287,5583,10,650,0,4987.58,8a3c63556eb72928b1f9f415d8d46d4a195ddc3e1fd2c9fdb114754fb57ab268,4f275d192013f78bf1eda16424693778675f7700a6e6fabc8af8fe750d13d423
Paper_warehouse_161_63_gp_5/warehouse-10-20-10-2-1_agents_450_test_2,baseline,warehouse-10-20-10-2-1,450,2,True,238,38838,3464,15,1134,0,275.634,4d3ca265f809ccf2d7ddd7094a31a5e3225b58d2ae228878fe21aa85cb36296f,4f275d192013f78bf1eda16424693778675f7700a6e6fabc8af8fe750d13d423
Paper_den312d_65_81_gp_5/den312d_agents_300_test_12,restart_fast,den312d,300,12,True,48,18473,5766,21,944,0,110.951,6765aa898144042d18363e878b106f5558fd27e2dec41a988bdfff801f85cd12,83c66952c63fe1d6b38dde622bba2d5550edd823bd8ae03ffcfea82af9d575ee
Paper_room_64_64_8_gp_5/room-64-64-8_agents_450_test_0,baseline,room-64-64-8,450,0,True,134,37551,3582,23,834,0,161.636,975793904ffdcd6f4e58af491c1b759de3508031bea41dee596ab9442f2c90a1,4f275d192013f78bf1eda16424693778675f7700a6e6fabc8af8fe750d13d423
Paper_Boston_gp_5/Boston_0_256_agents_400_test_17,baseline,Boston_0_256,400,17,True,1660,64073,5004,8,524,0,1552.83,705d14c0b9975c908f4ef3dc32a58f085eed30dc922f1c475fa0c6b231589de1,4f275d192013f78bf1eda16424693778675f7700a6e6fabc8af8fe750d13d423
Paper_den312d_65_81_gp_5/den312d_agents_500_test_14,baseline,den312d,500,14,True,119,35876,6714,28,598,0,226.554,6c7a3c0b36d886e2803ff9c664a38b640c7425fdccf4d34cf44ee711c462f58f,4f275d192013f78bf1eda16424693778675f7700a6e6fabc8af8fe750d13d423
Paper_Boston_gp_5/Boston_0_256_agents_250_test_4,baseline,Boston_0_256,250,4,True,678,36254,4682,0,1300,0,631.846,0f8f27fa1307e014c67e0a07c43fcef8c9a3ec962e7edac057e02fb55188834f,4f275d192013f78bf1eda16424693778675f7700a6e6fabc8af8fe750d13d423
Paper_random_32_32_gp_5/random-32-32-10_agents_350_test_19,restart_fast,random-32-32-10,350,19,True,22,8534,11732,26,1033,2,266.443,f31110eb7fb5a556267adff9259e95c4d1a05c6149cb4237dd460933057ff102,83c66952c63fe1d6b38dde622bba2d5550edd823bd8ae03ffcfea82af9d575ee
Paper_symbotic_39_37_gp_5/symbotic_agents_250_test_10,baseline,symbotic,250,10,True,62,30413,4903,45,1361,0,104.127,233fc1d988348958148528876b4dd7567d54f76c33c4826f183717e8d920a846,4f275d192013f78bf1eda16424693778675f7700a6e6fabc8af8fe750d13d423
Paper_warehouse_161_63_gp_5/warehouse-10-20-10-2-1_agents_350_test_10,restart_fast,warehouse-10-20-10-2-1,350,10,True,142,26857,6096,25,1578,1,251.235,fba6f8ac1f7405f03ebdd4c6e498c9ae03831cde7bdcc823d21133e4e43b5ee4,83c66952c63fe1d6b38dde622bba2d5550edd823bd8ae03ffcfea82af9d575ee
Paper_random_32_32_gp_5/random-32-32-10_agents_500_test_19,baseline,random-32-32-10,500,19,True,52,15903,4769,20,560,0,182.702,fbe85c1343e34b970a35c4529cc66faeb9bf2c3d22d0a8953342d59ffb62cdda,4f275d192013f78bf1eda16424693778675f7700a6e6fabc8af8fe750d13d423
Paper_warehouse_161_63_gp_5/warehouse-10-20-10-2-1_agents_500_test_6,restart_fast,warehouse-10-20-10-2-1,500,6,True,205,50937,24100,40,297,1,2646.77,859afb2b241bf1f6d93cd2599ffd00ee0e4126ccabdba162e2608b6985a0372e,83c66952c63fe1d6b38dde622bba2d5550edd823bd8ae03ffcfea82af9d575ee
Paper_random_32_32_gp_5/random-32-32-10_agents_400_test_9,restart_fast,random-32-32-10,400,9,True,30,10751,4616,951,798,0,132.642,41c3ceb07353ff956384cde9c5438e9518eedd80fb987e22c3ef4a7f638bd076,83c66952c63fe1d6b38dde622bba2d5550edd823bd8ae03ffcfea82af9d575ee
Paper_room_64_64_8_gp_5/room-64-64-8_agents_400_test_4,baseline,room-64-64-8,400,4,True,97,27974,4469,10,1213,0,157.364,adb992af802e77cd8928c68d1eeb7a13f745a6263ebd7ef13d8d3fd3fd5e2658,4f275d192013f78bf1eda16424693778675f7700a6e6fabc8af8fe750d13d423
Paper_den312d_65_81_gp_5/den312d_agents_250_test_8,restart_fast,den312d,250,8,True,34,14111,5531,19,964,0,133.978,0be94466d8c3bb6cea11904f5dff1c7462ed1e50470d17ec72df517b44902873,83c66952c63fe1d6b38dde622bba2d5550edd823bd8ae03ffcfea82af9d575ee
Paper_maze_32_32_2_gp_5/maze-32-32-2_agents_400_test_18,restart_fast,maze-32-32-2,400,18,True,669,71925,7494,215,2548,1,270.049,3229781e2cb8f39e39c99b46e81be2638a2cd7cbf4f2006b75778b502fc9cf54,83c66952c63fe1d6b38dde622bba2d5550edd823bd8ae03ffcfea82af9d575ee
Paper_Boston_gp_5/Boston_0_256_agents_450_test_0,baseline,Boston_0_256,450,0,True,3540,67037,3026,1,891,0,3371.72,1a0859f2477ca525cb2d0f62fcb3bdfede703105078ef437b43bd5fc166b299d,4f275d192013f78bf1eda16424693778675f7700a6e6fabc8af8fe750d13d423
Paper_orz900d_gp_5/orz900d_agents_500_test_14,baseline,orz900d,500,14,True,8898,402941,3528,20,105,0,7883.06,c023cf512f0ceb3951fe09d7be21c800331b34a062cb2db98966b6b3bbe626b3,4f275d192013f78bf1eda16424693778675f7700a6e6fabc8af8fe750d13d423
Paper_den312d_65_81_gp_5/den312d_agents_300_test_8,baseline,den312d,300,8,True,48,16724,7175,16,823,0,121.392,b5c8d26250c8a827040364e0d73f6677a036ef3a837016c3e77d9db77d09b3ba,4f275d192013f78bf1eda16424693778675f7700a6e6fabc8af8fe750d13d423
Paper_random_32_32_gp_5/random-32-32-10_agents_300_test_19,baseline,random-32-32-10,300,19,True,20,7612,6441,9,819,0,131.428,d501364628ec230978f9a21293585a47c64beeb958498164f78f4279b3f87861,4f275d192013f78bf1eda16424693778675f7700a6e6fabc8af8fe750d13d423
Paper_orz900d_gp_5/orz900d_agents_250_test_13,baseline,orz900d,250,13,True,4006,169625,6848,5,978,0,3658.04,598110a1225d0012fcfc1ce4f7c8a42871477011264cea1039c9de20e5207205,4f275d192013f78bf1eda16424693778675f7700a6e6fabc8af8fe750d13d423
Paper_Boston_gp_5/Boston_0_256_agents_300_test_6,restart_fast,Boston_0_256,300,6,True,2049,42427,5245,1,648,0,1999.07,0efb09830937c497a61f650fce59264dd818153135763bba70c321e70205e95b,83c66952c63fe1d6b38dde622bba2d5550edd823bd8ae03ffcfea82af9d575ee
Paper_orz900d_gp_5/orz900d_agents_450_test_4,restart_fast,orz900d,450,4,True,8294,388093,4219,18,336,0,7501.01,b19db7cc33a68a005513b041515bc8a155b908450ceb4d5ee4508d8eabaaddcb,83c66952c63fe1d6b38dde622bba2d5550edd823bd8ae03ffcfea82af9d575ee
Paper_den312d_65_81_gp_5/den312d_agents_500_test_18,restart_fast,den312d,500,18,True,111,34737,20928,66,460,1,3041.61,5116a4f4769bcf6349d4a8c39d4495b67a993be64b354ea6d0a994cd7ee4772f,83c66952c63fe1d6b38dde622bba2d5550edd823bd8ae03ffcfea82af9d575ee
Paper_maze_32_32_2_gp_5/maze-32-32-2_agents_250_test_8,restart_fast,maze-32-32-2,250,8,True,45,26293,26834,160,726,3,1593.2,59db299fe89ba7fc799b97e9c9b2639d9d835bdd61e733a37a469265ab881cd7,83c66952c63fe1d6b38dde622bba2d5550edd823bd8ae03ffcfea82af9d575ee
Paper_warehouse_161_63_gp_5/warehouse-10-20-10-2-1_agents_300_test_7,restart_fast,warehouse-10-20-10-2-1,300,7,True,86,22773,16699,1052,389,1,852.045,b742adf11c05bf7b43a417b080ea741cb26b13cf68fddfe73a864e1d20955d28,83c66952c63fe1d6b38dde622bba2d5550edd823bd8ae03ffcfea82af9d575ee
Paper_room_64_64_8_gp_5/room-64-64-8_agents_350_test_9,baseline,room-64-64-8,350,9,True,85,25029,4683,6,925,0,139.506,8f15faa1d02bfb02732150f5abfef727ec357b964ba14c60728852c44a3b31d9,4f275d192013f78bf1eda16424693778675f7700a6e6fabc8af8fe750d13d423
Paper_room_64_64_8_gp_5/room-64-64-8_agents_400_test_10,baseline,room-64-64-8,400,10,True,99,30258,4597,10,1091,0,148.666,4c05b7e7658ca7c47a4051bc1d244d2c7131ab5063bb37f96e60a43d4402e7f0,4f275d192013f78bf1eda16424693778675f7700a6e6fabc8af8fe750d13d423
Paper_warehouse_161_63_gp_5/warehouse-10-20-10-2-1_agents_350_test_2,baseline,warehouse-10-20-10-2-1,350,2,True,129,29997,4203,8,1012,0,170.109,6fcd0016df2c6e788609f38ad9f9f11dc4177f77bd28ccff8b45761fb7f32da6,4f275d192013f78bf1eda16424693778675f7700a6e6fabc8af8fe750d13d423
Paper_symbotic_39_37_gp_5/symbotic_agents_500_test_0,baseline,symbotic,500,0,True,3264,2431887,15933,283,1264,0,883.888,8105df8c4c3fc7e465f8b7308daa224a1f9917e6aa6823fc717ea5475c808756,4f275d192013f78bf1eda16424693778675f7700a6e6fabc8af8fe750d13d423
Paper_Boston_gp_5/Boston_0_256_agents_350_test_19,restart_fast,Boston_0_256,350,19,True,1029,52586,18037,12,943,2,1835.03,7ccffe6f49f063c59eea18ea28333f825cf6cefd3c64dae94c3c83c9b99d3a5b,83c66952c63fe1d6b38dde622bba2d5550edd823bd8ae03ffcfea82af9d575ee
Paper_maze_32_32_2_gp_5/maze-32-32-2_agents_400_test_12,restart_fast,maze-32-32-2,400,12,True,219,62039,8415,160,666,1,344.873,5824482cf03de5348db548a71b473dc67cca6455999681142c0ea6de76ac0e01,83c66952c63fe1d6b38dde622bba2d5550edd823bd8ae03ffcfea82af9d575ee
Paper_warehouse_161_63_gp_5/warehouse-10-20-10-2-1_agents_250_test_2,restart_fast,warehouse-10-20-10-2-1,250,2,True,70,19763,13869,10,873,1,932.229,2114aaafc640a8e7194d7025ade6fe9dd61b21abe403811ff046391bf34d2299,83c66952c63fe1d6b38dde622bba2d5550edd823bd8ae03ffcfea82af9d575ee
Paper_orz900d_gp_5/orz900d_agents_350_test_16,baseline,orz900d,350,16,True,6167,290781,5232,13,798,0,5432.66,ac5d40fc990d86940b97fe41ecc79721b8f75e51ac0df2b392ca53fa6548c9cb,4f275d192013f78bf1eda16424693778675f7700a6e6fabc8af8fe750d13d423
Paper_maze_32_32_2_gp_5/maze-32-32-2_agents_250_test_19,baseline,maze-32-32-2,250,19,True,35,22854,6281,32,1062,0,136.637,0dcccee1198263549a0b55e7e6a8a338ba7ae66503974ad012e61ca6ea19d846,4f275d192013f78bf1eda16424693778675f7700a6e6fabc8af8fe750d13d423
Paper_orz900d_gp_5/orz900d_agents_250_test_9,restart_fast,orz900d,250,9,True,4318,173883,10360,10,1044,1,4206.64,75201eb3a4b7fcf2d0171417c4c6ba7bd8813690726016a1221267d3b8dd4d15,83c66952c63fe1d6b38dde622bba2d5550edd823bd8ae03ffcfea82af9d575ee
Paper_room_64_64_8_gp_5/room-64-64-8_agents_250_test_9,restart_fast,room-64-64-8,250,9,True,46,14620,12622,8,1296,3,324.239,cc742d8df2f62074806d6550eb476c899e97128d3d111cb42e8da31f5bc6bce5,83c66952c63fe1d6b38dde622bba2d5550edd823bd8ae03ffcfea82af9d575ee
Paper_random_32_32_gp_5/random-32-32-10_agents_300_test_11,restart_fast,random-32-32-10,300,11,True,18,7034,6021,2,903,0,121.333,bbc275884bfa588a52626c9e54f57a9823b2abd8f4d5645f9d99a05849b196d6,83c66952c63fe1d6b38dde622bba2d5550edd823bd8ae03ffcfea82af9d575ee
Paper_warehouse_161_63_gp_5/warehouse-10-20-10-2-1_agents_300_test_12,baseline,warehouse-10-20-10-2-1,300,12,True,84,21848,4466,10,1091,0,133.849,d961b87048e453a4ebd719301db79a54ecee5c712cfa3d3110cd80c212a161a0,4f275d192013f78bf1eda16424693778675f7700a6e6fabc8af8fe750d13d423
Paper_warehouse_161_63_gp_5/warehouse-10-20-10-2-1_agents_450_test_7,restart_fast,warehouse-10-20-10-2-1,450,7,True,179,42820,6003,23,1109,1,376.854,afc0f6b6d71f9afc109b5ee1f9092a0c90eaee935b1734ce63468e5c37c18ccd,83c66952c63fe1d6b38dde622bba2d5550edd823bd8ae03ffcfea82af9d575ee
Paper_den312d_65_81_gp_5/den312d_agents_450_test_13,baseline,den312d,450,13,True,99,30922,6282,28,758,0,204.688,622ed58a6656ac57541ae1fbd7e28fb7e50d8e2db49882864380561b6141095e,4f275d192013f78bf1eda16424693778675f7700a6e6fabc8af8fe750d13d423
Paper_den312d_65_81_gp_5/den312d_agents_350_test_9,baseline,den312d,350,9,True,62,21668,4227,11,936,0,98.7628,67b297bd07f777c11f03e07ca34bf211be59aa025ebca0d3d815d04a0db8c721,4f275d192013f78bf1eda16424693778675f7700a6e6fabc8af8fe750d13d423
Paper_den312d_65_81_gp_5/den312d_agents_450_test_19,restart_fast,den312d,450,19,True,82,28696,5111,21,929,0,191.52,80f5b188f81e03586677faf2a8da6d5b1a8aadde08529fdbc6a5288853a9e0a9,83c66952c63fe1d6b38dde622bba2d5550edd823bd8ae03ffcfea82af9d575ee
Paper_maze_32_32_2_gp_5/maze-32-32-2_agents_450_test_9,restart_fast,maze-32-32-2,450,9,False,0,0,27197,4227,23124,30,3044.17,368f651048ccbc9c3003b985bf33462c75313e74160bc1098981996530d07a56,83c66952c63fe1d6b38dde622bba2d5550edd823bd8ae03ffcfea82af9d575ee
Paper_random_32_32_gp_5/random-32-32-10_agents_250_test_4,restart_fast,random-32-32-10,250,4,True,13,5757,40542,19,707,1,2759.68,aa5bf7f46e09f857d9e64d10b1db4d1a22142635be733d75ff2a3233c6cb55bb,83c66952c63fe1d6b38dde622bba2d5550edd823bd8ae03ffcfea82af9d575ee
Paper_Boston_gp_5/Boston_0_256_agents_500_test_6,baseline,Boston_0_256,500,6,True,2473,76186,3863,3,859,0,2291.04,dce71691ddedec7642374975b373f4b9820e3b03292a20bbe950ab9a1e3e6825,4f275d192013f78bf1eda16424693778675f7700a6e6fabc8af8fe750d13d423
Paper_warehouse_161_63_gp_5/warehouse-10-20-10-2-1_agents_450_test_7,baseline,warehouse-10-20-10-2-1,450,7,True,187,42820,4102,12,1160,0,205.516,afc0f6b6d71f9afc109b5ee1f9092a0c90eaee935b1734ce63468e5c37c18ccd,4f275d192013f78bf1eda16424693778675f7700a6e6fabc8af8fe750d13d423
Paper_maze_32_32_2_gp_5/maze-32-32-2_agents_350_test_6,baseline,maze-32-32-2,350,6,True,69,40332,5241,69,1317,0,182.413,cdff816b8a2debb881e32b51d5ac84ec12bae12bd633ecaa3da58de4a47c1a7c,4f275d192013f78bf1eda16424693778675f7700a6e6fabc8af8fe750d13d423
Paper_orz900d_gp_5/orz900d_agents_450_test_17,restart_fast,orz900d,450,17,True,6998,406966,5100,11,627,0,6373.69,01fb90adc65bd2749350966fa565a26a2fb7427a91f2da55305a66054c02b333,83c66952c63fe1d6b38dde622bba2d5550edd823bd8ae03ffcfea82af9d575ee
Paper_orz900d_gp_5/orz900d_agents_250_test_1,restart_fast,orz900d,250,1,True,4553,193525,6202,3,850,0,4199.25,fc41179d75cd2a02efa3f0e88cd24850718e28d982deb080bf79ec25b9d6e37d,83c66952c63fe1d6b38dde622bba2d5550edd823bd8ae03ffcfea82af9d575ee
Paper_den312d_65_81_gp_5/den312d_agents_400_test_16,restart_fast,den312d,400,16,True,76,26488,29128,349,628,1,1957.09,9fb9d9d61d76a7aa66ea4a43ebcd3c1c7407655f4cc954f9d68b620425adb6a7,83c66952c63fe1d6b38dde622bba2d5550edd823bd8ae03ffcfea82af9d575ee
Paper_symbotic_39_37_gp_5/symbotic_agents_300_test_6,restart_fast,symbotic,300,6,True,72,36662,20726,75,1197,1,1659.88,f05078f7a6756a88857acedb45be16c2022e166cc72302388a537e6e49243a28,83c66952c63fe1d6b38dde622bba2d5550edd823bd8ae03ffcfea82af9d575ee
Paper_maze_32_32_2_gp_5/maze-32-32-2_agents_500_test_6,baseline,maze-32-32-2,500,6,False,0,0,32385,1111,13642,0,1970.47,a8ebd46ab1e8b9a2ed3a7e787a11422b29e28ae84a79b5d213e4a3ee877b1326,4f275d192013f78bf1eda16424693778675f7700a6e6fabc8af8fe750d13d423
Paper_warehouse_161_63_gp_5/warehouse-10-20-10-2-1_agents_500_test_16,baseline,warehouse-10-20-10-2-1,500,16,True,219,44291,3578,11,1059,0,229.814,4f2ab1b72601e407cea9825220b94d54f61d64e57225722ee6235b1278b29fe2,4f275d192013f78bf1eda16424693778675f7700a6e6fabc8af8fe750d13d423
Paper_maze_32_32_2_gp_5/maze-32-32-2_agents_250_test_5,baseline,maze-32-32-2,250,5,True,34,23047,5045,39,1097,0,99.1075,01bc99e96294a96950aa78dd5a4ea048fe5fa858dda33ba82c16217d728a4c87,4f275d192013f78bf1eda16424693778675f7700a6e6fabc8af8fe750d13d423
Paper_warehouse_161_63_gp_5/warehouse-10-20-10-2-1_agents_500_test_16,restart_fast,warehouse-10-20-10-2-1,500,16,True,198,43979,6848,39,2083,2,436.772,4f2ab1b72601e407cea9825220b94d54f61d64e57225722ee6235b1278b29fe2,83c66952c63fe1d6b38dde622bba2d5550edd823bd8ae03ffcfea82af9d575ee
Paper_warehouse_161_63_gp_5/warehouse-10-20-10-2-1_agents_300_test_17,baseline,warehouse-10-20-10-2-1,300,17,True,91,21783,4323,4,1155,0,134.995,27f2215324016e9fe93ea5dd253ab7d55466f9c3cf85c957435819a462160edf,4f275d192013f78bf1eda16424693778675f7700a6e6fabc8af8fe750d13d423
Paper_Boston_gp_5/Boston_0_256_agents_350_test_9,baseline,Boston_0_256,350,9,True,2248,52477,3945,2,894,0,2156.51,8861f4ec34f9337193b6090f2bd4da44cac1b5f49be3cef55521b889fea78cea,4f275d192013f78bf1eda16424693778675f7700a6e6fabc8af8fe750d13d423
Paper_symbotic_39_37_gp_5/symbotic_agents_450_test_2,baseline,symbotic,450,2,True,1166,521986,6202,958,1969,0,459.635,f9d2adab8f5939e28894f70b81ef8d0b7e5642e3623de4e837090d5932e5afdc,4f275d192013f78bf1eda16424693778675f7700a6e6fabc8af8fe750d13d423
Paper_maze_32_32_2_gp_5/maze-32-32-2_agents_350_test_9,baseline,maze-32-32-2,350,9,True,75,44124,8490,86,688,0,209.639,244f5f3dfa8276ae1a632d13ee9f92064bc770aad2fe679a1e37b7fc98bb7da5,4f275d192013f78bf1eda16424693778675f7700a6e6fabc8af8fe750d13d423
Paper_Boston_gp_5/Boston_0_256_agents_450_test_11,restart_fast,Boston_0_256,450,11,True,2272,70411,10557,789,516,1,2594.79,ca47b0595fa59cfaa90797fa19efcb2d561d356fde741f76c6f763955d17dcb9,83c66952c63fe1d6b38dde622bba2d5550edd823bd8ae03ffcfea82af9d575ee
Paper_room_64_64_8_gp_5/room-64-64-8_agents_450_test_10,baseline,room-64-64-8,450,10,True,117,32785,4094,9,1127,0,163.053,9331ca258e69aa78e687adcad4288892d1d3a18ec0f17cc90b77a6419eb08cab,4f275d192013f78bf1eda16424693778675f7700a6e6fabc8af8fe750d13d423
Paper_den312d_65_81_gp_5/den312d_agents_500_test_4,baseline,den312d,500,4,True,124,37100,4558,41,717,0,190.111,16616c2fd41951d4da78daf98128ab2c7e550d8aad6d5f4c897f7d8f33ba813d,4f275d192013f78bf1eda16424693778675f7700a6e6fabc8af8fe750d13d423
Paper_warehouse_161_63_gp_5/warehouse-10-20-10-2-1_agents_300_test_16,baseline,warehouse-10-20-10-2-1,300,16,True,97,22077,4932,9,1075,0,143.458,a814c25942c9fec90bf401bbe0541ff1a3fcdd05a4121983ef55409f9712292e,4f275d192013f78bf1eda16424693778675f7700a6e6fabc8af8fe750d13d423
Paper_orz900d_gp_5/orz900d_agents_300_test_17,restart_fast,orz900d,300,17,True,5159,260221,11873,18,650,1,5249.65,ded1ba13f9528fc2009a22145acdd43d67db04e10c105528b5fe55a4ab6c0b64,83c66952c63fe1d6b38dde622bba2d5550edd823bd8ae03ffcfea82af9d575ee
Paper_den312d_65_81_gp_5/den312d_agents_400_test_14,restart_fast,den312d,400,14,True,78,27429,5546,23,706,0,171.536,534ceafd9f4357132f3d450bca03c69dbdaf73e3cc65c2b9fc704752ea6430fd,83c66952c63fe1d6b38dde622bba2d5550edd823bd8ae03ffcfea82af9d575ee
Paper_random_32_32_gp_5/random-32-32-10_agents_350_test_6,restart_fast,random-32-32-10,350,6,True,24,8434,9747,17,640,1,234.053,5ecb3c55d1fb767f6ad1f9a392fd0386e4c77a96072f01fb8bd02fe580c7b292,83c66952c63fe1d6b38dde622bba2d5550edd823bd8ae03ffcfea82af9d575ee
Paper_maze_32_32_2_gp_5/maze-32-32-2_agents_250_test_19,restart_fast,maze-32-32-2,250,19,True,33,22854,13894,710,1299,3,322.332,0dcccee1198263549a0b55e7e6a8a338ba7ae66503974ad012e61ca6ea19d846,83c66952c63fe1d6b38dde622bba2d5550edd823bd8ae03ffcfea82af9d575ee
Paper_symbotic_39_37_gp_5/symbotic_agents_250_test_16,restart_fast,symbotic,250,16,True,56,21802,8634,142,2833,4,218.012,9a82304656d52af1eb74117969a7536fad068a0236fb84247557bf9b175362ae,83c66952c63fe1d6b38dde622bba2d5550edd823bd8ae03ffcfea82af9d575ee
Paper_den312d_65_81_gp_5/den312d_agents_400_test_6,restart_fast,den312d,400,6,True,74,26247,5275,17,651,0,159.216,5a838413a167f8be8436e9f4bc11af8f7497e12909acc4f5c4fc61168d57fc0f,83c66952c63fe1d6b38dde622bba2d5550edd823bd8ae03ffcfea82af9d575ee
Paper_room_64_64_8_gp_5/room-64-64-8_agents_350_test_8,baseline,room-64-64-8,350,8,True,85,27541,7090,7,1002,0,176.476,f001acdb3a6f375bfd0294a16fc4ad83bae96d1016d5f41856ac6845a9b2f8c4,4f275d192013f78bf1eda16424693778675f7700a6e6fabc8af8fe750d13d423
Paper_room_64_64_8_gp_5/room-64-64-8_agents_450_test_2,baseline,room-64-64-8,450,2,True,115,33653,4761,12,788,0,183.911,3a7125c73f935e04ad6e70f70322bfdc3b8d1e9f31dfa45c242560589ef2a064,4f275d192013f78bf1eda16424693778675f7700a6e6fabc8af8fe750d13d423
Paper_symbotic_39_37_gp_5/symbotic_agents_250_test_18,restart_fast,symbotic,250,18,True,75,41686,6704,496,1148,0,118.371,ded3734612660d7b2a24f53cda3c796f85f6802f21b0abb54d78f5f073d75a50,83c66952c63fe1d6b38dde622bba2d5550edd823bd8ae03ffcfea82af9d575ee
Paper_room_64_64_8_gp_5/room-64-64-8_agents_400_test_1,restart_fast,room-64-64-8,400,1,True,92,28712,7038,25,1412,1,225.863,d10d6cac272ba0e236d1bea32821d2cdaf8574007a94d6924964ed09e8683e20,83c66952c63fe1d6b38dde622bba2d5550edd823bd8ae03ffcfea82af9d575ee
Paper_Boston_gp_5/Boston_0_256_agents_350_test_2,baseline,Boston_0_256,350,2,True,2485,52616,4688,2,919,0,2415.56,7902841a4f7f40f432882c4f5eb40addb0c469b4af919a05cd03553491448a8c,4f275d192013f78bf1eda16424693778675f7700a6e6fabc8af8fe750d13d423
Paper_orz900d_gp_5/orz900d_agents_300_test_13,baseline,orz900d,300,13,True,5432,218815,11009,5,205,0,5065,c786afee8e03ce76b98e7dc33e2b4d6ed2de89a2ad9bf3b6956cbb227b4ed442,4f275d192013f78bf1eda16424693778675f7700a6e6fabc8af8fe750d13d423
Paper_Boston_gp_5/Boston_0_256_agents_350_test_6,restart_fast,Boston_0_256,350,6,True,2216,51692,4998,1,886,0,2138.89,57765ef759b2c9e512e3ce611d5504ea75caf2fee2f32ba0d8e66befb38602c6,83c66952c63fe1d6b38dde622bba2d5550edd823bd8ae03ffcfea82af9d575ee
Paper_maze_32_32_2_gp_5/maze-32-32-2_agents_500_test_17,baseline,maze-32-32-2,500,17,False,0,0,41069,1952,11279,0,1026.03,4e54b9b9b0f7a35d08031d6212bf71bcefde4ee12e927a323893b2e580631451,4f275d192013f78bf1eda16424693778675f7700a6e6fabc8af8fe750d13d423
Paper_Boston_gp_5/Boston_0_256_agents_450_test_3,baseline,Boston_0_256,450,3,True,2634,65858,11425,1,150,0,2813.56,92d3e162b1f54e1abf50664d10d05667808ffa969eafebe3c761f11d0f94bc17,4f275d192013f78bf1eda16424693778675f7700a6e6fabc8af8fe750d13d423
Paper_warehouse_161_63_gp_5/warehouse-10-20-10-2-1_agents_300_test_8,baseline,warehouse-10-20-10-2-1,300,8,True,101,26486,4364,4,1246,0,132.442,e279359c6e63630f5f1e5dbe0c614c9dc37e20c9b784ba1f5a657c004567a4eb,4f275d192013f78bf1eda16424693778675f7700a6e6fabc8af8fe750d13d423
Paper_Boston_gp_5/Boston_0_256_agents_350_test_11,restart_fast,Boston_0_256,350,11,True,1684,53642,4209,2,879,0,1604.09,52c81cbefb312b10a584e42ffc4a99df6660ec44b7726c6942d9c316cc168f3f,83c66952c63fe1d6b38dde622bba2d5550edd823bd8ae03ffcfea82af9d575ee
Paper_room_64_64_8_gp_5/room-64-64-8_agents_500_test_13,baseline,room-64-64-8,500,13,True,153,41568,4712,14,927,0,200.285,93208d68aaf6c41e08181fda4489e05926d9f9f57fdfb4c710ffc155972c1dfe,4f275d192013f78bf1eda16424693778675f7700a6e6fabc8af8fe750d13d423
Paper_random_32_32_gp_5/random-32-32-10_agents_500_test_10,restart_fast,random-32-32-10,500,10,True,51,16605,5558,20,691,0,179.695,fb132ada000d2e99a72009521aa4e2095df6b17ce0b4e7e30efb9646cd94426c,83c66952c63fe1d6b38dde622bba2d5550edd823bd8ae03ffcfea82af9d575ee
Paper_den312d_65_81_gp_5/den312d_agents_450_test_16,restart_fast,den312d,450,16,True,89,32242,6489,22,749,0,210.183,1c829085742a40da0dcf559806c5e1d59ced8cd6b0bdab4ccde0acb13370c2da,83c66952c63fe1d6b38dde622bba2d5550edd823bd8ae03ffcfea82af9d575ee
Paper_room_64_64_8_gp_5/room-64-64-8_agents_250_test_18,baseline,room-64-64-8,250,18,True,46,15047,7512,4,1205,0,116.827,2179705f35c0fe0f59ae1ce514ab2b64fcd52e62f83786ae12df2b8c00002745,4f275d192013f78bf1eda16424693778675f7700a6e6fabc8af8fe750d13d423
Paper_den312d_65_81_gp_5/den312d_agents_500_test_4,restart_fast,den312d,500,4,True,109,37100,4638,41,734,0,198.987,16616c2fd41951d4da78daf98128ab2c7e550d8aad6d5f4c897f7d8f33ba813d,83c66952c63fe1d6b38dde622bba2d5550edd823bd8ae03ffcfea82af9d575ee
Paper_symbotic_39_37_gp_5/symbotic_agents_450_test_0,restart_fast,symbotic,450,0,False,0,0,40917,21921,11,0,3869.19,bb532448a67ab37602a7ef6de15497170868825f141a7423c239e44d09d148a3,83c66952c63fe1d6b38dde622bba2d5550edd823bd8ae03ffcfea82af9d575ee
Paper_maze_32_32_2_gp_5/maze-32-32-2_agents_350_test_14,baseline,maze-32-32-2,350,14,True,72,41138,6614,58,1042,0,181.008,863fc2054b103df204bd829e2d41e51ad7ee7c75bfe54f79127c8bcd06eceb4b,4f275d192013f78bf1eda16424693778675f7700a6e6fabc8af8fe750d13d423
Paper_orz900d_gp_5/orz900d_agents_450_test_4,baseline,orz900d,450,4,True,8722,388093,3835,18,239,0,7774.94,b19db7cc33a68a005513b041515bc8a155b908450ceb4d5ee4508d8eabaaddcb,4f275d192013f78bf1eda16424693778675f7700a6e6fabc8af8fe750d13d423
Paper_orz900d_gp_5/orz900d_agents_500_test_16,restart_fast,orz900d,500,16,True,9352,447415,3176,18,0,0,8384.92,afd0b1bfc0e628c0b71c9cf5b3cbbc156011b4fc9ca8c469a8c705eb0cebdfa2,83c66952c63fe1d6b38dde622bba2d5550edd823bd8ae03ffcfea82af9d575ee
Paper_Boston_gp_5/Boston_0_256_agents_500_test_5,restart_fast,Boston_0_256,500,5,True,1560,76730,5006,1,615,0,1503.16,a823487b479d1ef520d1c22045559e3c277b1e21b73aeba36b3b6f46057e3b20,83c66952c63fe1d6b38dde622bba2d5550edd823bd8ae03ffcfea82af9d575ee
Paper_orz900d_gp_5/orz900d_agents_250_test_14,restart_fast,orz900d,250,14,True,4300,190520,6189,10,904,0,3959.51,6a148d5585276a5c9826406b4c0ce2fd603a9f6c0c69ab9d382f1b06c6663ee8,83c66952c63fe1d6b38dde622bba2d5550edd823bd8ae03ffcfea82af9d575ee
Paper_random_32_32_gp_5/random-32-32-10_agents_400_test_1,baseline,random-32-32-10,400,1,True,33,10418,5448,10,759,0,128.7,aee0de80a02e37b18b671cd24394fd0a8ccc00f85ac2d88fac97cd91c1396aab,4f275d192013f78bf1eda16424693778675f7700a6e6fabc8af8fe750d13d423
Paper_den312d_65_81_gp_5/den312d_agents_350_test_12,restart_fast,den312d,350,12,True,55,21592,25838,602,593,1,2914,99f7d6aff833d12cf451ba491e3ebd0d44a2b707c3fde08f10eeab3154356a0c,83c66952c63fe1d6b38dde622bba2d5550edd823bd8ae03ffcfea82af9d575ee
Paper_Boston_gp_5/Boston_0_256_agents_350_test_10,baseline,Boston_0_256,350,10,True,2203,49067,23445,1,103,0,2725.26,82704204e3bfd66b0f4b1317f2f0a3d4809c4db02766e39ad48530c7047c814e,4f275d192013f78bf1eda16424693778675f7700a6e6fabc8af8fe750d13d423
Paper_warehouse_161_63_gp_5/warehouse-10-20-10-2-1_agents_500_test_14,restart_fast,warehouse-10-20-10-2-1,500,14,True,200,47604,4605,16,1096,0,248.653,1f3eb355b05a5569fa1fa8d34b112c06cd571c884de0b568a5e920a27c5af0e6,83c66952c63fe1d6b38dde622bba2d5550edd823bd8ae03ffcfea82af9d575ee
Paper_den312d_65_81_gp_5/den312d_agents_250_test_13,baseline,den312d,250,13,True,34,14947,4676,8,1218,0,86.5354,32f0a8adf74eaea25c728d1de5dc101be2fed86c906d14dee756dd5435a663b7,4f275d192013f78bf1eda16424693778675f7700a6e6fabc8af8fe750d13d423
Paper_maze_32_32_2_gp_5/maze-32-32-2_agents_500_test_8,baseline,maze-32-32-2,500,8,False,0,0,42376,201,7553,0,1297.64,740ae1ced06029d57696629d273661cf8de772002eb6ca27d8bc91bdfdb30f9f,4f275d192013f78bf1eda16424693778675f7700a6e6fabc8af8fe750d13d423
Paper_den312d_65_81_gp_5/den312d_agents_250_test_7,restart_fast,den312d,250,7,True,30,13764,9819,52,2012,2,179.247,5cd5da979c016d7a43498ab867587e0d14e15ed0d57eeccaae8f9282dbf05a56,83c66952c63fe1d6b38dde622bba2d5550edd823bd8ae03ffcfea82af9d575ee
Paper_symbotic_39_37_gp_5/symbotic_agents_450_test_15,baseline,symbotic,450,15,True,765,390238,4947,331,1478,0,385.901,fc6e7162704a740b449635be30b5f7801fb67b27a86802b88b22b7ecc25e7e17,4f275d192013f78bf1eda16424693778675f7700a6e6fabc8af8fe750d13d423
Paper_maze_32_32_2_gp_5/maze-32-32-2_agents_250_test_9,restart_fast,maze-32-32-2,250,9,True,31,22574,36475,91,621,1,2416.56,0023709da041fa017499f0021e81f06e6e883d1ec83e703dd959f78aa694d3cc,83c66952c63fe1d6b38dde622bba2d5550edd823bd8ae03ffcfea82af9d575ee
Paper_symbotic_39_37_gp_5/symbotic_agents_350_test_12,restart_fast,symbotic,350,12,True,325,117830,10211,513,2666,2,427.643,bceb639a40d793daf591f84349cf3490f732cbddff4f130324c562f996092cd8,83c66952c63fe1d6b38dde622bba2d5550edd823bd8ae03ffcfea82af9d575ee
Paper_Boston_gp_5/Boston_0_256_agents_450_test_11,baseline,Boston_0_256,450,11,True,1128,70411,8635,1567,1031,0,1110.55,ca47b0595fa59cfaa90797fa19efcb2d561d356fde741f76c6f763955d17dcb9,4f275d192013f78bf1eda16424693778675f7700a6e6fabc8af8fe750d13d423
Paper_symbotic_39_37_gp_5/symbotic_agents_350_test_10,restart_fast,symbotic,350,10,True,136,86768,22764,2903,1706,4,1407.65,318dd21a36fb883112ad679dd5aa4be33daeb9aa3e08f3d836cdcada6effe7be,83c66952c63fe1d6b38dde622bba2d5550edd823bd8ae03ffcfea82af9d575ee
Paper_orz900d_gp_5/orz900d_agents_350_test_14,restart_fast,orz900d,350,14,True,6381,252028,5367,9,659,0,5850.36,d86a1e3e2648e8367648124ab21dcca33ec0966ea5c62edacb7ed4d882ecf536,83c66952c63fe1d6b38dde622bba2d5550edd823bd8ae03ffcfea82af9d575ee
Paper_warehouse_161_63_gp_5/warehouse-10-20-10-2-1_agents_250_test_6,restart_fast,warehouse-10-20-10-2-1,250,6,True,67,19382,10251,8,2402,2,209.686,6ac2154cd5dba66041ff72fc847a0abb2779d12b98639e77300a7c1c30716df2,83c66952c63fe1d6b38dde622bba2d5550edd823bd8ae03ffcfea82af9d575ee
Paper_den312d_65_81_gp_5/den312d_agents_350_test_15,baseline,den312d,350,15,True,64,20882,4137,20,1123,0,107.45,474c875bb0ccca3fdc64dc0bd732884c8a517258366e2c49be9b3bf7321e5e70,4f275d192013f78bf1eda16424693778675f7700a6e6fabc8af8fe750d13d423
Paper_Boston_gp_5/Boston_0_256_agents_250_test_3,baseline,Boston_0_256,250,3,True,1292,34242,4866,1,1110,0,1248.51,6506004d989554081ca3940bcf66052606484666f0e084c2f528a21490ea1f63,4f275d192013f78bf1eda16424693778675f7700a6e6fabc8af8fe750d13d423
Paper_den312d_65_81_gp_5/den312d_agents_500_test_18,baseline,den312d,500,18,True,120,34737,2784,34,1047,0,152.961,5116a4f4769bcf6349d4a8c39d4495b67a993be64b354ea6d0a994cd7ee4772f,4f275d192013f78bf1eda16424693778675f7700a6e6fabc8af8fe750d13d423
Paper_room_64_64_8_gp_5/room-64-64-8_agents_350_test_3,restart_fast,room-64-64-8,350,3,True,77,25564,5538,14,1099,0,146.962,3c7f562b118944b1715a9ebaf304c7ac99fd262f0392fd5e5c0ac495a6db9226,83c66952c63fe1d6b38dde622bba2d5550edd823bd8ae03ffcfea82af9d575ee
Paper_orz900d_gp_5/orz900d_agents_250_test_1,baseline,orz900d,250,1,True,4626,193525,6456,3,914,0,4209.38,fc41179d75cd2a02efa3f0e88cd24850718e28d982deb080bf79ec25b9d6e37d,4f275d192013f78bf1eda16424693778675f7700a6e6fabc8af8fe750d13d423
Paper_Boston_gp_5/Boston_0_256_agents_300_test_2,restart_fast,Boston_0_256,300,2,True,850,42462,8361,1,604,0,907.459,1fcdcfbb23ba69fe47216321647192f2018b83e3472f29ad5bb361bc64a9983a,83c66952c63fe1d6b38dde622bba2d5550edd823bd8ae03ffcfea82af9d575ee
Paper_Boston_gp_5/Boston_0_256_agents_300_test_0,baseline,Boston_0_256,300,0,True,1006,45575,59590,2,29,0,3130.55,a4dd5455febe93f3547d4c0bf6b960087b67b2aa0355f271b208370ce4c63098,4f275d192013f78bf1eda16424693778675f7700a6e6fabc8af8fe750d13d423
Paper_symbotic_39_37_gp_5/symbotic_agents_450_test_13,restart_fast,symbotic,450,13,True,4194,633282,25226,14254,1637,2,1920.61,e55fa06c8f0af3d8c16474a07b52ac87372d5fbefd3a3a68201d185a23031f50,83c66952c63fe1d6b38dde622bba2d5550edd823bd8ae03ffcfea82af9d575ee
Paper_room_64_64_8_gp_5/room-64-64-8_agents_500_test_11,restart_fast,room-64-64-8,500,11,True,143,42223,19340,34,274,1,4924.67,1b9fceacc326c3d949c62c6caf64a3f262819a4a0f414fa25338e43592e192d5,83c66952c63fe1d6b38dde622bba2d5550edd823bd8ae03ffcfea82af9d575ee
Paper_orz900d_gp_5/orz900d_agents_300_test_8,baseline,orz900d,300,8,True,5594,214821,5492,10,677,0,5064.53,43715d3c10398044966cb729ab1fa08b24e5f7ddbe81facf460a397ad1b07370,4f275d192013f78bf1eda16424693778675f7700a6e6fabc8af8fe750d13d423
Paper_den312d_65_81_gp_5/den312d_agents_300_test_18,restart_fast,den312d,300,18,True,46,16179,46093,3562,773,2,2823.09,829721b5d9cd76b938a50bef0ee7078ea97de7e9c17fd711899c921855f6d0bc,83c66952c63fe1d6b38dde622bba2d5550edd823bd8ae03ffcfea82af9d575ee
Paper_room_64_64_8_gp_5/room-64-64-8_agents_400_test_8,baseline,room-64-64-8,400,8,True,106,29185,4384,15,1159,0,154.966,b5c847ccf8f73c9b0c8f6a70b5a7e5b14056eba82fe0ddc4f32e897b0e42de17,4f275d192013f78bf1eda16424693778675f7700a6e6fabc8af8fe750d13d423
Paper_warehouse_161_63_gp_5/warehouse-10-20-10-2-1_agents_350_test_6,restart_fast,warehouse-10-20-10-2-1,350,6,True,124,29089,4885,10,1152,0,183.716,a0a6fe54ce364a72117f714bfb8cdac956b9acfe1d3bbfc46153a3a4b2317534,83c66952c63fe1d6b38dde622bba2d5550edd823bd8ae03ffcfea82af9d575ee
Paper_symbotic_39_37_gp_5/symbotic_agents_500_test_10,baseline,symbotic,500,10,False,0,0,27659,19649,10918,0,2970.15,471bae73431b9688929c25da0e846a08c31f327a93569f5e410cead5c2ce026f,4f275d192013f78bf1eda16424693778675f7700a6e6fabc8af8fe750d13d423
Paper_warehouse_161_63_gp_5/warehouse-10-20-10-2-1_agents_250_test_14,baseline,warehouse-10-20-10-2-1,250,14,True,74,19127,5874,2,1113,0,145.856,45994c8f700bb630d4d8ee712c9f3e1e35f1c85771f161504278e683d71413f3,4f275d192013f78bf1eda16424693778675f7700a6e6fabc8af8fe750d13d423
Paper_room_64_64_8_gp_5/room-64-64-8_agents_300_test_9,baseline,room-64-64-8,300,9,True,67,20964,4807,5,1124,0,116.255,46ea67f06d10b3945e6ad85c68734c82f474308a2150b5a85eb93a3f28348590,4f275d192013f78bf1eda16424693778675f7700a6e6fabc8af8fe750d13d423
Paper_orz900d_gp_5/orz900d_agents_500_test_15,baseline,orz900d,500,15,True,8804,391649,3361,17,187,0,7912.11,2567ec2766934eb3292b5512b7c7b7f845436ee8e095bcf3078b7d0ff4b64ccf,4f275d192013f78bf1eda16424693778675f7700a6e6fabc8af8fe750d13d423
Paper_random_32_32_gp_5/random-32-32-10_agents_250_test_13,restart_fast,random-32-32-10,250,13,True,13,5234,6624,4,1037,0,111.281,980dfaa1c91992699533d8f530ce2e4b9d199e51e864fcf67980ff00a1e95bd1,83c66952c63fe1d6b38dde622bba2d5550edd823bd8ae03ffcfea82af9d575ee
Paper_random_32_32_gp_5/random-32-32-10_agents_400_test_5,restart_fast,random-32-32-10,400,5,True,32,10970,19166,29,369,1,704.139,d9f1616c13b071e8ee79ede5fe660f2715bd1f46525caa06bfb573e3c439d7b3,83c66952c63fe1d6b38dde622bba2d5550edd823bd8ae03ffcfea82af9d575ee
Paper_symbotic_39_37_gp_5/symbotic_agents_500_test_17,restart_fast,symbotic,500,17,True,6785,872505,23205,14637,3228,2,3087.84,a562ea64488fe99ae2fdcb6bd91a26698b27b4e19569c6067bc01fa1a92239e0,83c66952c63fe1d6b38dde622bba2d5550edd823bd8ae03ffcfea82af9d575ee
Paper_warehouse_161_63_gp_5/warehouse-10-20-10-2-1_agents_250_test_10,baseline,warehouse-10-20-10-2-1,250,10,True,70,16148,5621,5,1395,0,130.667,38241b33de5b67f4ee64dc8d9a05d656e8208c0871bba12cb68d58ffc367218a,4f275d192013f78bf1eda16424693778675f7700a6e6fabc8af8fe750d13d423
Paper_maze_32_32_2_gp_5/maze-32-32-2_agents_450_test_1,baseline,maze-32-32-2,450,1,False,0,0,42742,2264,22791,0,839.226,c5c15a2290045a8a97acd2fbc84942258a34dc05baf0d68fdc404da598d1ec46,4f275d192013f78bf1eda16424693778675f7700a6e6fabc8af8fe750d13d423
Paper_symbotic_39_37_gp_5/symbotic_agents_350_test_19,baseline,symbotic,350,19,True,136,66678,5236,42,1486,0,149.184,192423eca978c0ea655a94cd2bb11fddfddcc8a1686154ef999595f268403826,4f275d192013f78bf1eda16424693778675f7700a6e6fabc8af8fe750d13d423
Paper_maze_32_32_2_gp_5/maze-32-32-2_agents_500_test_0,restart_fast,maze-32-32-2,500,0,False,0,0,30640,2123,15650,12,2251.28,654154efb13f72d7f95880029af6a4fe992cfc635ac0581ca7aa17508167daa0,83c66952c63fe1d6b38dde622bba2d5550edd823bd8ae03ffcfea82af9d575ee
Paper_symbotic_39_37_gp_5/symbotic_agents_250_test_5,restart_fast,symbotic,250,5,True,57,32012,56467,398,254,2,2130.64,0309c99fffe92e9d6120799862ecb0733ff4d44006231c87e59305d40adc6916,83c66952c63fe1d6b38dde622bba2d5550edd823bd8ae03ffcfea82af9d575ee
Paper_orz900d_gp_5/orz900d_agents_400_test_2,restart_fast,orz900d,400,2,True,4569,337513,5739,17,974,0,4031.11,748cc9bc0637992995391ae55a12f48e1ca4747e86bc39b26d65d13ea8413095,83c66952c63fe1d6b38dde622bba2d5550edd823bd8ae03ffcfea82af9d575ee
Paper_symbotic_39_37_gp_5/symbotic_agents_450_test_10,restart_fast,symbotic,450,10,True,3842,597161,24922,5105,2355,2,1803.49,86cd1e135486d5bb4a446ab725f75ceef66c618656406b7ec7759c9028e704ab,83c66952c63fe1d6b38dde622bba2d5550edd823bd8ae03ffcfea82af9d575ee
Paper_room_64_64_8_gp_5/room-64-64-8_agents_300_test_19,restart_fast,room-64-64-8,300,19,True,56,20062,5367,6,1323,0,118.125,364b0989145fc516b7541cb33809e307371f382bb4458f658af523bfd6ee33fd,83c66952c63fe1d6b38dde622bba2d5550edd823bd8ae03ffcfea82af9d575ee
Paper_maze_32_32_2_gp_5/maze-32-32-2_agents_450_test_6,restart_fast,maze-32-32-2,450,6,False,0,0,38865,1728,7352,6,2869.2,c6a1ac3613599a7bdeef0eb10eef091c7cc06604c8fb7f5196cab967cdc5fcd1,83c66952c63fe1d6b38dde622bba2d5550edd823bd8ae03ffcfea82af9d575ee
Paper_maze_32_32_2_gp_5/maze-32-32-2_agents_350_test_12,restart_fast,maze-32-32-2,350,12,True,67,43733,10230,2343,706,0,273.363,91cf194cad8fb5ff6bbb4aa87f87228fd0cadb2d229ab987fc537b3e1ce5ef31,83c66952c63fe1d6b38dde622bba2d5550edd823bd8ae03ffcfea82af9d575ee
Paper_room_64_64_8_gp_5/room-64-64-8_agents_450_test_18,restart_fast,room-64-64-8,450,18,True,127,35218,19315,32,1321,2,1853.73,6dd3bf14482672b78083343e6b4dd4c2664d4994c2af7bec11f03278a469cc38,83c66952c63fe1d6b38dde622bba2d5550edd823bd8ae03ffcfea82af9d575ee
Paper_Boston_gp_5/Boston_0_256_agents_300_test_15,restart_fast,Boston_0_256,300,15,True,717,42536,8873,0,540,0,770.563,3ae41375b956c4a0294a42ec6fd0d3c960be76dff70f05fb03042199ae913b8a,83c66952c63fe1d6b38dde622bba2d5550edd823bd8ae03ffcfea82af9d575ee
Paper_symbotic_39_37_gp_5/symbotic_agents_350_test_8,restart_fast,symbotic,350,8,True,181,101648,30967,1365,308,1,3737.74,b97d4008da343edb3bd9938728d613662bfd16e4744bbb98a3148cdd44169d3b,83c66952c63fe1d6b38dde622bba2d5550edd823bd8ae03ffcfea82af9d575ee
Paper_orz900d_gp_5/orz900d_agents_300_test_18,baseline,orz900d,300,18,True,4531,260874,6286,11,798,0,4039.57,91e05d11c0e436ae8a805cb2361e982c171461e755b8923fb2079af3dfcc8f42,4f275d192013f78bf1eda16424693778675f7700a6e6fabc8af8fe750d13d423
Paper_maze_32_32_2_gp_5/maze-32-32-2_agents_300_test_17,baseline,maze-32-32-2,300,17,True,55,32642,6115,67,1074,0,128.692,1bb8c5e53e73cc2b1a85775bcebf52fbb5e07d4d1b964458d4395145ff4694cc,4f275d192013f78bf1eda16424693778675f7700a6e6fabc8af8fe750d13d423
Paper_orz900d_gp_5/orz900d_agents_250_test_18,restart_fast,orz900d,250,18,True,2819,187192,13019,26,931,2,2988.74,b9ffa98e390cb49a1f6a8c96012bd7dcf8b9760a96988078775eff163af94d52,83c66952c63fe1d6b38dde622bba2d5550edd823bd8ae03ffcfea82af9d575ee
Paper_random_32_32_gp_5/random-32-32-10_agents_400_test_16,restart_fast,random-32-32-10,400,16,True,33,10731,7028,33,816,0,203.856,6d85f6f2fd7b260a913eed269f40a09f18be8d7874ab93692e1ee5ccd6467b53,83c66952c63fe1d6b38dde622bba2d5550edd823bd8ae03ffcfea82af9d575ee
Paper_Boston_gp_5/Boston_0_256_agents_450_test_18,restart_fast,Boston_0_256,450,18,True,1102,65621,4785,2,1012,0,1036.01,8befec5c9b52bfb443eaa6fc1b99ac5c46ee4bfb6a79e26b3c29cdbeb6b7592a,83c66952c63fe1d6b38dde622bba2d5550edd823bd8ae03ffcfea82af9d575ee
Paper_den312d_65_81_gp_5/den312d_agents_300_test_0,baseline,den312d,300,0,True,42,17048,5973,13,1138,0,109.148,9c6efd0539bebb4c2add712f82c3892e2fa860dcd868687a0f556a155270b495,4f275d192013f78bf1eda16424693778675f7700a6e6fabc8af8fe750d13d423
Paper_symbotic_39_37_gp_5/symbotic_agents_400_test_13,baseline,symbotic,400,13,True,328,164305,6786,126,1191,0,297.843,dd53f38239ab93a5e89471190dce985ef5d48ffc687b86fd7ff2fc37e02db9a4,4f275d192013f78bf1eda16424693778675f7700a6e6fabc8af8fe750d13d423
Paper_warehouse_161_63_gp_5/warehouse-10-20-10-2-1_agents_450_test_19,restart_fast,warehouse-10-20-10-2-1,450,19,True,159,41286,12561,56,1441,3,1259.8,8c4e05be41b382905b17c47e214e517055682f4f63059b59e657904efce5d358,83c66952c63fe1d6b38dde622bba2d5550edd823bd8ae03ffcfea82af9d575ee
Paper_random_32_32_gp_5/random-32-32-10_agents_250_test_19,restart_fast,random-32-32-10,250,19,True,19,6191,6747,7,1131,0,113.031,6cae1b2cf4f9b6bc43667e58716fc7acac4920686b423d3411d6de602166ba40,83c66952c63fe1d6b38dde622bba2d5550edd823bd8ae03ffcfea82af9d575ee
Paper_Boston_gp_5/Boston_0_256_agents_300_test_17,restart_fast,Boston_0_256,300,17,True,1347,41730,26716,0,1436,3,2851.22,12ce29ad76fa8a543b0f7c35758251341ae14fc85243fa1740118d3ff6bf1e97,83c66952c63fe1d6b38dde622bba2d5550edd823bd8ae03ffcfea82af9d575ee
Paper_maze_32_32_2_gp_5/maze-32-32-2_agents_450_test_18,restart_fast,maze-32-32-2,450,18,True,3083,100100,11350,1184,9632,9,1102.75,a8386f45b759694da216f72f261c61e712a8bff2a571096f9517835461cdda97,83c66952c63fe1d6b38dde622bba2d5550edd823bd8ae03ffcfea82af9d575ee
Paper_symbotic_39_37_gp_5/symbotic_agents_400_test_17,restart_fast,symbotic,400,17,True,633,158917,13364,4103,1856,3,825.231,0ada574987dc44913a766f1e30000bde1895192efbbf5bdc8deab628ac0b1c19,83c66952c63fe1d6b38dde622bba2d5550edd823bd8ae03ffcfea82af9d575ee
Paper_warehouse_161_63_gp_5/warehouse-10-20-10-2-1_agents_500_test_0,baseline,warehouse-10-20-10-2-1,500,0,True,224,50200,4519,23,940,0,236.154,5b349fb50291dbc7ec913fa7af6255a68c63b9468d510b54bcb5cb8f9084c618,4f275d192013f78bf1eda16424693778675f7700a6e6fabc8af8fe750d13d423
Paper_random_32_32_gp_5/random-32-32-10_agents_400_test_2,restart_fast,random-32-32-10,400,2,True,28,10713,5380,10,1350,0,147.954,d01b0fbf7e84f05d29a53e2bc529d37c6e088cfa711f5877b9d8293dcd66192f,83c66952c63fe1d6b38dde622bba2d5550edd823bd8ae03ffcfea82af9d575ee
Paper_warehouse_161_63_gp_5/warehouse-10-20-10-2-1_agents_250_test_18,restart_fast,warehouse-10-20-10-2-1,250,18,True,65,16778,8100,4,1689,1,208.54,bc2d76731ea42ab2dc2b70f7b803ad8874f793d6fb0f92e5a679a0ec3ad7a1fc,83c66952c63fe1d6b38dde622bba2d5550edd823bd8ae03ffcfea82af9d575ee
Paper_orz900d_gp_5/orz900d_agents_300_test_3,baseline,orz900d,300,3,True,2646,236425,6765,3,704,0,2242.05,cce1c8ac03cfcce4732c08e0020dd2a221cd8e5ce8b9d9d5afb9ea12d13c677d,4f275d192013f78bf1eda16424693778675f7700a6e6fabc8af8fe750d13d423
Paper_orz900d_gp_5/orz900d_agents_350_test_11,restart_fast,orz900d,350,11,True,5751,295916,14840,35,84,1,6028.49,c9635f14306d61794cdd0169d1d54c635033119efc6679c45d899445d1809f40,83c66952c63fe1d6b38dde622bba2d5550edd823bd8ae03ffcfea82af9d575ee
Paper_orz900d_gp_5/orz900d_agents_300_test_7,restart_fast,orz900d,300,7,True,4801,243693,15928,44,720,2,5263.64,672930b7b934df26bb82c685672752b2b36a7e6d960f620d2c2ec0cef5b54d70,83c66952c63fe1d6b38dde622bba2d5550edd823bd8ae03ffcfea82af9d575ee
Paper_symbotic_39_37_gp_5/symbotic_agents_500_test_7,restart_fast,symbotic,500,7,False,0,0,33623,33390,0,0,4059.82,49f2b7bdcd2e9998ba4ecaf53a532047c39e6161e4ea5ef7f29e00dbfcd98f2e,83c66952c63fe1d6b38dde622bba2d5550edd823bd8ae03ffcfea82af9d575ee
Paper_random_32_32_gp_5/random-32-32-10_agents_300_test_10,restart_fast,random-32-32-10,300,10,True,19,6823,7437,13,1136,1,124.082,41e3f7c0a58d93c25921929c566c9316e2144db77056cbb0b15168a7cba5a773,83c66952c63fe1d6b38dde622bba2d5550edd823bd8ae03ffcfea82af9d575ee
Paper_room_64_64_8_gp_5/room-64-64-8_agents_350_test_15,baseline,room-64-64-8,350,15,True,79,24642,4255,4,1133,0,117.537,b214e5074cda492c2ef5ce84c606079a6cbccb7d1de08971b5ff993e401e9779,4f275d192013f78bf1eda16424693778675f7700a6e6fabc8af8fe750d13d423
Paper_den312d_65_81_gp_5/den312d_agents_350_test_19,baseline,den312d,350,19,True,63,21320,4361,22,1127,0,116.35,87063b9e9d2aba8dcd14880cf73a985138fad0b4d9efc1b43f644534735eed05,4f275d192013f78bf1eda16424693778675f7700a6e6fabc8af8fe750d13d423
Paper_Boston_gp_5/Boston_0_256_agents_400_test_6,restart_fast,Boston_0_256,400,6,True,1082,59250,15737,3,481,1,1462.76,7b298e5ed2c70cdf4a10e8718d8643343066fc5ba42ef921837774b69b477810,83c66952c63fe1d6b38dde622bba2d5550edd823bd8ae03ffcfea82af9d575ee
Paper_Boston_gp_5/Boston_0_256_agents_300_test_6,baseline,Boston_0_256,300,6,True,815,42427,5650,1,767,0,791.066,0efb09830937c497a61f650fce59264dd818153135763bba70c321e70205e95b,4f275d192013f78bf1eda16424693778675f7700a6e6fabc8af8fe750d13d423
Paper_room_64_64_8_gp_5/room-64-64-8_agents_450_test_16,restart_fast,room-64-64-8,450,16,True,115,34589,30277,15,387,1,3102.69,e70cd7be42e97397d4d13b86879b89b27e6ffd4b4d6b027917588c1d91f4fb1c,83c66952c63fe1d6b38dde622bba2d5550edd823bd8ae03ffcfea82af9d575ee
Paper_maze_32_32_2_gp_5/maze-32-32-2_agents_250_test_7,baseline,maze-32-32-2,250,7,True,37,23567,7436,55,758,0,148.25,5b223adfcb4234b52df1a92d8a85f65d300e9b6d753662c955fdc84e5fdd5026,4f275d192013f78bf1eda16424693778675f7700a6e6fabc8af8fe750d13d423
Paper_Boston_gp_5/Boston_0_256_agents_250_test_8,baseline,Boston_0_256,250,8,True,1737,37395,4308,2,1120,0,1695.44,363dd4452c0396daec763f4164dad168d78ab86e20b0e7fe7e9f3372ac9f3eb0,4f275d192013f78bf1eda16424693778675f7700a6e6fabc8af8fe750d13d423
Paper_maze_32_32_2_gp_5/maze-32-32-2_agents_300_test_2,baseline,maze-32-32-2,300,2,True,106,33528,4889,52,1330,0,115.968,172a1f4d7dd2078d696aaf8b7860ab70db72d9fe800dfc3b3035173c70c93af9,4f275d192013f78bf1eda16424693778675f7700a6e6fabc8af8fe750d13d423
Paper_symbotic_39_37_gp_5/symbotic_agents_400_test_6,restart_fast,symbotic,400,6,True,5090,422383,31357,21937,1687,3,2288.07,970d9e4e10cdccaed817611666857f6ba22f7ace3436621e25aefac0a0206c74,83c66952c63fe1d6b38dde622bba2d5550edd823bd8ae03ffcfea82af9d575ee
Paper_maze_32_32_2_gp_5/maze-32-32-2_agents_350_test_2,restart_fast,maze-32-32-2,350,2,True,67,39106,16575,349,2125,5,804.376,48176085c4431159a74b3bc76afdfe2edb9182ff0b82a935fc568a23b0ede82c,83c66952c63fe1d6b38dde622bba2d5550edd823bd8ae03ffcfea82af9d575ee
Paper_symbotic_39_37_gp_5/symbotic_agents_400_test_18,restart_fast,symbotic,400,18,True,887,405084,14639,8841,1152,1,1000.13,9c50fb2f09291c8529d322b6d04627962749b35fdb6e9aa1355f9b50261a853c,83c66952c63fe1d6b38dde622bba2d5550edd823bd8ae03ffcfea82af9d575ee
Paper_symbotic_39_37_gp_5/symbotic_agents_350_test_14,restart_fast,symbotic,350,14,True,516,78941,28590,1835,3673,6,2676.93,e763f71c04558cdf838539a734d377e7aac2cd0f47eeaeb5767ebead3f377612,83c66952c63fe1d6b38dde622bba2d5550edd823bd8ae03ffcfea82af9d575ee
Paper_warehouse_161_63_gp_5/warehouse-10-20-10-2-1_agents_450_test_6,baseline,warehouse-10-20-10-2-1,450,6,True,168,40502,3918,18,1112,0,197.329,06c04a1a1c1145d2ef19d0d725c75405cc768bde4d939cf6c606c44feccdc991,4f275d192013f78bf1eda16424693778675f7700a6e6fabc8af8fe750d13d423
Paper_den312d_65_81_gp_5/den312d_agents_300_test_18,baseline,den312d,300,18,True,48,16728,4927,10,1173,0,99.9521,829721b5d9cd76b938a50bef0ee7078ea97de7e9c17fd711899c921855f6d0bc,4f275d192013f78bf1eda16424693778675f7700a6e6fabc8af8fe750d13d423
Paper_orz900d_gp_5/orz900d_agents_450_test_8,restart_fast,orz900d,450,8,True,7913,344674,4490,20,438,0,7289.56,716ad5d5a3909886296fd61327b60958daf8434970c361612e94795ce97bfeaa,83c66952c63fe1d6b38dde622bba2d5550edd823bd8ae03ffcfea82af9d575ee
Paper_orz900d_gp_5/orz900d_agents_350_test_10,baseline,orz900d,350,10,True,5961,286955,6702,11,688,0,5342.2,be95353db77cd2d1a1483be73122687f101e78a32a1d2e7e3f3babdb17c8cb1b,4f275d192013f78bf1eda16424693778675f7700a6e6fabc8af8fe750d13d423
Paper_random_32_32_gp_5/random-32-32-10_agents_250_test_14,baseline,random-32-32-10,250,14,True,14,5397,7451,5,785,0,110.267,cbe11ff056dd5bc5e127b89345fdf05756a23be7264cbb3d3b29b4664d69f96e,4f275d192013f78bf1eda16424693778675f7700a6e6fabc8af8fe750d13d423
Paper_orz900d_gp_5/orz900d_agents_250_test_12,baseline,orz900d,250,12,True,4741,182206,5688,8,1237,0,4303.32,1a3e4c40720b3b20dadb282c646d2f697995e1c6ca25b05046456e467fa49316,4f275d192013f78bf1eda16424693778675f7700a6e6fabc8af8fe750d13d423
Paper_Boston_gp_5/Boston_0_256_agents_300_test_5,baseline,Boston_0_256,300,5,True,1387,40822,4970,3,1138,0,1321.38,c580d8b8a90d676087c82a37da62e9f9881362e366140f1f2f6f05ab27e4e725,4f275d192013f78bf1eda16424693778675f7700a6e6fabc8af8fe750d13d423
Paper_maze_32_32_2_gp_5/maze-32-32-2_agents_250_test_0,restart_fast,maze-32-32-2,250,0,True,32,23208,28216,87,191,1,1679.14,8cd1e188abfd93f690b176dec5e7b0ffe1a9654389ccb1abe77f5a86b715d7e8,83c66952c63fe1d6b38dde622bba2d5550edd823bd8ae03ffcfea82af9d575ee
Paper_warehouse_161_63_gp_5/warehouse-10-20-10-2-1_agents_350_test_1,baseline,warehouse-10-20-10-2-1,350,1,True,114,28315,5206,4,1278,0,170.03,62fc820db162a94a7e21211a24aebc9f1fb68ab248e1de894ca58682cab7355e,4f275d192013f78bf1eda16424693778675f7700a6e6fabc8af8fe750d13d423
Paper_Boston_gp_5/Boston_0_256_agents_500_test_17,baseline,Boston_0_256,500,17,True,2542,79787,3608,2,711,0,2350.74,198acd4c2c7dbc86e01075e26b50f366abd99d596c108e047d716e0b4fd26dc0,4f275d192013f78bf1eda16424693778675f7700a6e6fabc8af8fe750d13d423
Paper_orz900d_gp_5/orz900d_agents_350_test_14,baseline,orz900d,350,14,True,5326,252028,5673,9,736,0,4782.03,d86a1e3e2648e8367648124ab21dcca33ec0966ea5c62edacb7ed4d882ecf536,4f275d192013f78bf1eda16424693778675f7700a6e6fabc8af8fe750d13d423
Paper_symbotic_39_37_gp_5/symbotic_agents_350_test_11,restart_fast,symbotic,350,11,True,414,250033,5595,88,1646,0,234.297,77890e376a7ba141ff09698441e9ef3f02ef07e2bea8362c28dda79643dc1c21,83c66952c63fe1d6b38dde622bba2d5550edd823bd8ae03ffcfea82af9d575ee
Paper_den312d_65_81_gp_5/den312d_agents_450_test_2,restart_fast,den312d,450,2,True,92,28290,5935,66,1476,1,232.829,c12b56ffa2cd38da120220333dcfaacc8bf4e1ff8fbac7eb41b6103a957136d1,83c66952c63fe1d6b38dde622bba2d5550edd823bd8ae03ffcfea82af9d575ee
Paper_random_32_32_gp_5/random-32-32-10_agents_450_test_10,restart_fast,random-32-32-10,450,10,True,38,12951,3309,146,833,0,127.431,f0e87fad2a21a24773241f50aaf9e1870b6c518311d5140e13f72db54ca7f6dc,83c66952c63fe1d6b38dde622bba2d5550edd823bd8ae03ffcfea82af9d575ee
Paper_den312d_65_81_gp_5/den312d_agents_300_test_13,baseline,den312d,300,13,True,52,19968,5908,13,989,0,125.898,97cab4411f97d0b73fc93f98fe3a9c63779e1967d51bbf1261aca84cec73383e,4f275d192013f78bf1eda16424693778675f7700a6e6fabc8af8fe750d13d423
Paper_random_32_32_gp_5/random-32-32-10_agents_450_test_15,baseline,random-32-32-10,450,15,True,42,13021,6699,11,418,0,187.168,0edd483fc1cb5518114d8903bdaa5f85938355e6b0ad8e7afec0457dcc17300d,4f275d192013f78bf1eda16424693778675f7700a6e6fabc8af8fe750d13d423
Paper_random_32_32_gp_5/random-32-32-10_agents_300_test_8,restart_fast,random-32-32-10,300,8,True,20,7303,11314,15,1225,2,232.518,73906a86cf7c65ccfdab755930ed5e3a26d232f03051e3ee428361f65757ad0b,83c66952c63fe1d6b38dde622bba2d5550edd823bd8ae03ffcfea82af9d575ee
Paper_maze_32_32_2_gp_5/maze-32-32-2_agents_500_test_5,baseline,maze-32-32-2,500,5,True,300,106257,3255,152,1276,0,234.945,802239567683047d00490b8433620c93d418e400f73eb610b5ca419169e21f84,4f275d192013f78bf1eda16424693778675f7700a6e6fabc8af8fe750d13d423
Paper_symbotic_39_37_gp_5/symbotic_agents_250_test_9,baseline,symbotic,250,9,True,86,37168,4822,23,1668,0,82.2417,db47b5a5dd9d07d6c7077d1cfd321150040c39c7608b775d5d88f79d076d1e73,4f275d192013f78bf1eda16424693778675f7700a6e6fabc8af8fe750d13d423
Paper_orz900d_gp_5/orz900d_agents_500_test_1,baseline,orz900d,500,1,True,9271,425457,2673,22,0,0,8294,397b71090ea25fbf5e0c067e831f28be146636b05b606da588c4f97841674993,4f275d192013f78bf1eda16424693778675f7700a6e6fabc8af8fe750d13d423
Paper_symbotic_39_37_gp_5/symbotic_agents_300_test_2,restart_fast,symbotic,300,2,True,102,54389,6813,100,2029,1,193.372,3032187b36afff1a3cf43ef883bac911092acc0b8d86b8759b2f3e2cfaaec170,83c66952c63fe1d6b38dde622bba2d5550edd823bd8ae03ffcfea82af9d575ee
Paper_den312d_65_81_gp_5/den312d_agents_450_test_10,baseline,den312d,450,10,True,92,30595,5120,23,552,0,176.571,8bf319d9188e972a20e3c281efbabd0a9468ae815ddc6aa7121092b21a30814e,4f275d192013f78bf1eda16424693778675f7700a6e6fabc8af8fe750d13d423
Paper_warehouse_161_63_gp_5/warehouse-10-20-10-2-1_agents_450_test_10,baseline,warehouse-10-20-10-2-1,450,10,True,183,42956,4368,15,1173,0,208.422,2203242ee4f02458281b7945d94b8b3dba659f3b24d6ca989d9b75fc8d13897f,4f275d192013f78bf1eda16424693778675f7700a6e6fabc8af8fe750d13d423
Paper_symbotic_39_37_gp_5/symbotic_agents_250_test_13,restart_fast,symbotic,250,13,True,52,25028,16634,103,1529,3,425.853,7204ab7e518c44cc55ddc130e1a510d92185a19614e892822ac27baa94ea995f,83c66952c63fe1d6b38dde622bba2d5550edd823bd8ae03ffcfea82af9d575ee
Paper_warehouse_161_63_gp_5/warehouse-10-20-10-2-1_agents_500_test_15,baseline,warehouse-10-20-10-2-1,500,15,True,232,47393,3672,12,1124,0,237.916,ff0e77758c2998a3564f0b7ec1da930670cf46a5b26357c31438f03a52d52195,4f275d192013f78bf1eda16424693778675f7700a6e6fabc8af8fe750d13d423
Paper_warehouse_161_63_gp_5/warehouse-10-20-10-2-1_agents_350_test_16,restart_fast,warehouse-10-20-10-2-1,350,16,True,117,30594,7230,37,1062,2,423.387,86818c89e982a971251733d62a4bb93a2b0476b0e17a50281f376a35bb1be404,83c66952c63fe1d6b38dde622bba2d5550edd823bd8ae03ffcfea82af9d575ee
Paper_room_64_64_8_gp_5/room-64-64-8_agents_500_test_16,restart_fast,room-64-64-8,500,16,True,133,39683,11108,19,753,1,1068.91,6e324df69e39c090723096945f0e6d9f6a9fec9fbe43fb4e9c65810ae41aed79,83c66952c63fe1d6b38dde622bba2d5550edd823bd8ae03ffcfea82af9d575ee
Paper_symbotic_39_37_gp_5/symbotic_agents_500_test_3,baseline,symbotic,500,3,True,1451,727418,7666,330,874,0,695.021,53b8861397ad8219c9689fbbcfd4f0024f9c00838d91b8d5b6720ecf0dd1a230,4f275d192013f78bf1eda16424693778675f7700a6e6fabc8af8fe750d13d423
Paper_symbotic_39_37_gp_5/symbotic_agents_250_test_7,baseline,symbotic,250,7,True,75,32366,6610,36,1232,0,131.33,717ae68ef45d6bd771f9abf1e5078e8e8384f36fa6b03a36157bb39753407be4,4f275d192013f78bf1eda16424693778675f7700a6e6fabc8af8fe750d13d423
Paper_warehouse_161_63_gp_5/warehouse-10-20-10-2-1_agents_450_test_3,baseline,warehouse-10-20-10-2-1,450,3,True,183,42364,3744,18,1066,0,220.971,36ec054c3d22b4050cf3eca160d7fcb93df1ea7c56daf8e59238646e32c02088,4f275d192013f78bf1eda16424693778675f7700a6e6fabc8af8fe750d13d423
Paper_room_64_64_8_gp_5/room-64-64-8_agents_400_test_5,restart_fast,room-64-64-8,400,5,True,100,32271,4572,7,1163,0,165.103,b5a2b10429a89fccb3580415bf1d1610212654eb3469250ded9eb9ff8ca9e67b,83c66952c63fe1d6b38dde622bba2d5550edd823bd8ae03ffcfea82af9d575ee
Paper_Boston_gp_5/Boston_0_256_agents_450_test_3,restart_fast,Boston_0_256,450,3,True,2263,65858,15931,2,173,1,3115.02,92d3e162b1f54e1abf50664d10d05667808ffa969eafebe3c761f11d0f94bc17,83c66952c63fe1d6b38dde622bba2d5550edd823bd8ae03ffcfea82af9d575ee
Paper_random_32_32_gp_5/random-32-32-10_agents_250_test_12,restart_fast,random-32-32-10,250,12,True,12,5211,5383,3,994,0,94.7109,dabac4e56ac9c2fcf8b6bdcb55ff44f28d880b7e6d63b191d7c6d6812edf4132,83c66952c63fe1d6b38dde622bba2d5550edd823bd8ae03ffcfea82af9d575ee
Paper_Boston_gp_5/Boston_0_256_agents_350_test_15,restart_fast,Boston_0_256,350,15,True,2380,49054,4135,1,923,1,2382.88,1855572f41cbceb7b278d3ff098f693ffacab5067b038d2e98f185bfaa4adfef,83c66952c63fe1d6b38dde622bba2d5550edd823bd8ae03ffcfea82af9d575ee
Paper_room_64_64_8_gp_5/room-64-64-8_agents_450_test_17,baseline,room-64-64-8,450,17,True,119,33161,3747,9,1166,0,173.003,4d226b533e21011f60e965aa745b5b08bb58e6245e738727c962fafd1e2b4ea9,4f275d192013f78bf1eda16424693778675f7700a6e6fabc8af8fe750d13d423
Paper_maze_32_32_2_gp_5/maze-32-32-2_agents_300_test_10,restart_fast,maze-32-32-2,300,10,True,44,27820,10909,119,845,2,307.543,917644893f7fd8aee83db84d6e925a180c842a648ca524970513a0b743e9e778,83c66952c63fe1d6b38dde622bba2d5550edd823bd8ae03ffcfea82af9d575ee
Paper_random_32_32_gp_5/random-32-32-10_agents_500_test_10,baseline,random-32-32-10,500,10,True,57,16605,4926,20,660,0,161.027,fb132ada000d2e99a72009521aa4e2095df6b17ce0b4e7e30efb9646cd94426c,4f275d192013f78bf1eda16424693778675f7700a6e6fabc8af8fe750d13d423
Paper_orz900d_gp_5/orz900d_agents_500_test_15,restart_fast,orz900d,500,15,True,9413,391649,2606,17,0,0,8546.85,2567ec2766934eb3292b5512b7c7b7f845436ee8e095bcf3078b7d0ff4b64ccf,83c66952c63fe1d6b38dde622bba2d5550edd823bd8ae03ffcfea82af9d575ee
Paper_symbotic_39_37_gp_5/symbotic_agents_350_test_15,baseline,symbotic,350,15,True,183,92063,4218,78,1644,0,161.005,c9dc45e158bf59cc92ec66ecab8a98b03b36e4981de8b5faa9d82036f556a8a2,4f275d192013f78bf1eda16424693778675f7700a6e6fabc8af8fe750d13d423
Paper_orz900d_gp_5/orz900d_agents_500_test_5,restart_fast,orz900d,500,5,True,8941,419226,3179,20,77,0,8075,33ccb7bdf9542c194fa3a0eb153b0ca8efec7a4badde4163336f613bd4eef011,83c66952c63fe1d6b38dde622bba2d5550edd823bd8ae03ffcfea82af9d575ee
Paper_warehouse_161_63_gp_5/warehouse-10-20-10-2-1_agents_300_test_12,restart_fast,warehouse-10-20-10-2-1,300,12,True,83,21692,11892,24,2151,3,558.196,d961b87048e453a4ebd719301db79a54ecee5c712cfa3d3110cd80c212a161a0,83c66952c63fe1d6b38dde622bba2d5550edd823bd8ae03ffcfea82af9d575ee
Paper_room_64_64_8_gp_5/room-64-64-8_agents_450_test_1,restart_fast,room-64-64-8,450,1,True,121,35892,4442,12,765,0,195.64,f625467c941b0683c5dc2e7adbe7c6c35a6862355f12740c87f87f618d7b2982,83c66952c63fe1d6b38dde622bba2d5550edd823bd8ae03ffcfea82af9d575ee
Paper_maze_32_32_2_gp_5/maze-32-32-2_agents_250_test_15,restart_fast,maze-32-32-2,250,15,True,31,20137,11993,225,1657,3,339.544,2ff5bec34aee2f396fd4371fc876b4b5e78f7393e15cebf694b919d8b2d494c3,83c66952c63fe1d6b38dde622bba2d5550edd823bd8ae03ffcfea82af9d575ee
Paper_orz900d_gp_5/orz900d_agents_400_test_18,restart_fast,orz900d,400,18,True,6822,322482,5310,15,515,0,6187.33,2478e6da494119e2c3cadfe0b4caec63491f505a6c33b23f6ef78a7e2848b3e7,83c66952c63fe1d6b38dde622bba2d5550edd823bd8ae03ffcfea82af9d575ee
Paper_symbotic_39_37_gp_5/symbotic_agents_300_test_12,restart_fast,symbotic,300,12,True,204,96809,4254,109,1371,0,153.639,e36a2069d993892bd8f9fba62f698ddc686b6f04f14685b3dcea5683285b4d1e,83c66952c63fe1d6b38dde622bba2d5550edd823bd8ae03ffcfea82af9d575ee
Paper_den312d_65_81_gp_5/den312d_agents_450_test_3,restart_fast,den312d,450,3,True,90,27632,29651,51,22,1,2707.52,f823664d34316c116813bc7641efdfa468f0407155f2af4fee37bdedfd308b60,83c66952c63fe1d6b38dde622bba2d5550edd823bd8ae03ffcfea82af9d575ee
Paper_den312d_65_81_gp_5/den312d_agents_350_test_17,restart_fast,den312d,350,17,True,60,21021,5905,1011,1067,1,172.253,9d8a734fb5020209a0a976de272f4d81e48c385f33e6f389dd18a3e3b73fdeaf,83c66952c63fe1d6b38dde622bba2d5550edd823bd8ae03ffcfea82af9d575ee
Paper_Boston_gp_5/Boston_0_256_agents_350_test_0,restart_fast,Boston_0_256,350,0,True,1234,49752,4065,2,985,0,1150.85,a5fac4d48dfb01d21f3d2febe30adc815d6d48de48c3923f8f9926991d5b650a,83c66952c63fe1d6b38dde622bba2d5550edd823bd8ae03ffcfea82af9d575ee
Paper_den312d_65_81_gp_5/den312d_agents_350_test_8,restart_fast,den312d,350,8,True,60,20896,4297,20,1228,0,121.052,8b950256c68e45805a4e290863a013393d773b9a7c6d5a3082b83369a1f0cd50,83c66952c63fe1d6b38dde622bba2d5550edd823bd8ae03ffcfea82af9d575ee
Paper_random_32_32_gp_5/random-32-32-10_agents_300_test_14,restart_fast,random-32-32-10,300,14,True,18,7110,5564,10,958,1,119.805,b246f495e22419ce5c4011d6d797bb294f8c591bc4b126f1206ea5f9414fc9ba,83c66952c63fe1d6b38dde622bba2d5550edd823bd8ae03ffcfea82af9d575ee
Paper_den312d_65_81_gp_5/den312d_agents_300_test_9,restart_fast,den312d,300,9,True,46,16856,37375,32,315,1,2061.42,1e115fb4b3886346abd9ae174ee68804b783a50b28fd804f0a3e89defc40d0ac,83c66952c63fe1d6b38dde622bba2d5550edd823bd8ae03ffcfea82af9d575ee
Paper_maze_32_32_2_gp_5/maze-32-32-2_agents_300_test_7,restart_fast,maze-32-32-2,300,7,True,50,31332,8447,121,1336,1,223.037,a15ecbb27a7a376f480b80fdd4847dd310fe41dbbf2d969c56537274ae185187,83c66952c63fe1d6b38dde622bba2d5550edd823bd8ae03ffcfea82af9d575ee
Paper_room_64_64_8_gp_5/room-64-64-8_agents_400_test_0,baseline,room-64-64-8,400,0,True,97,28452,3554,17,1000,0,140.327,fbda163880879fd29d30a5d61f35a6297fd79b6c5483066341406365abfb082f,4f275d192013f78bf1eda16424693778675f7700a6e6fabc8af8fe750d13d423
Paper_room_64_64_8_gp_5/room-64-64-8_agents_400_test_19,restart_fast,room-64-64-8,400,19,True,96,29076,41758,32,93,1,3019.93,088840607d58b7366a4cc2a5ba4829e277ebf2968a63293bb7cc372639e2208e,83c66952c63fe1d6b38dde622bba2d5550edd823bd8ae03ffcfea82af9d575ee
Paper_Boston_gp_5/Boston_0_256_agents_500_test_13,baseline,Boston_0_256,500,13,True,2664,76924,4364,4,481,0,2540.94,d4ae211eed69a1d533c49d6b4e63c4ff53dfb04cd3cfa57aca9ef22498dddc65,4f275d192013f78bf1eda16424693778675f7700a6e6fabc8af8fe750d13d423
Paper_maze_32_32_2_gp_5/maze-32-32-2_agents_300_test_12,restart_fast,maze-32-32-2,300,12,True,49,34904,10031,120,1034,1,320.98,23ee593f02821dff2710cdb72233b9129b81b185f3bc909886c12ca656393bd2,83c66952c63fe1d6b38dde622bba2d5550edd823bd8ae03ffcfea82af9d575ee
Paper_orz900d_gp_5/orz900d_agents_350_test_15,baseline,orz900d,350,15,True,6349,280724,6314,11,722,0,5660.96,76873b7c58c94aa138b81f8e9c0559abb3b0efb327017986e0be21b5439b4285,4f275d192013f78bf1eda16424693778675f7700a6e6fabc8af8fe750d13d423
Paper_maze_32_32_2_gp_5/maze-32-32-2_agents_250_test_15,baseline,maze-32-32-2,250,15,True,33,20823,5005,54,1280,0,96.9989,2ff5bec34aee2f396fd4371fc876b4b5e78f7393e15cebf694b919d8b2d494c3,4f275d192013f78bf1eda16424693778675f7700a6e6fabc8af8fe750d13d423
Paper_random_32_32_gp_5/random-32-32-10_agents_250_test_15,baseline,random-32-32-10,250,15,True,15,5657,8723,5,646,0,136.737,be0d5bcba8e8d6b2843eac44cca45aa9a0254168871b77c19138ffd7d2fd36ea,4f275d192013f78bf1eda16424693778675f7700a6e6fabc8af8fe750d13d423
Paper_symbotic_39_37_gp_5/symbotic_agents_450_test_19,restart_fast,symbotic,450,19,True,5302,760076,23757,3314,1721,2,2069.97,3a3ea2ee0eb9198d4e4ee52cba20e2fcf5ff1217028d97e04e4555844e6f9d9e,83c66952c63fe1d6b38dde622bba2d5550edd823bd8ae03ffcfea82af9d575ee
Paper_warehouse_161_63_gp_5/warehouse-10-20-10-2-1_agents_300_test_5,baseline,warehouse-10-20-10-2-1,300,5,True,98,23436,4633,8,1122,0,148.329,50f657e84cf9b11c4e6b4d2c07985e40ac4829d4f47b43ce8b5e2987b51b2eb9,4f275d192013f78bf1eda16424693778675f7700a6e6fabc8af8fe750d13d423
Paper_orz900d_gp_5/orz900d_agents_300_test_16,restart_fast,orz900d,300,16,True,5232,260452,10491,21,999,2,5223.33,d5d179d6713f6ce7061dd1b7800f1a84024ebaa53a70503854cad29d7fef2a15,83c66952c63fe1d6b38dde622bba2d5550edd823bd8ae03ffcfea82af9d575ee
Paper_Boston_gp_5/Boston_0_256_agents_250_test_9,baseline,Boston_0_256,250,9,True,1286,36553,5519,1,1250,0,1239.28,fed8b3e302a250cb17895a07d90a04b72f7207b6699bc9e27448ebcb4baa64f2,4f275d192013f78bf1eda16424693778675f7700a6e6fabc8af8fe750d13d423
Paper_random_32_32_gp_5/random-32-32-10_agents_400_test_12,baseline,random-32-32-10,400,12,True,32,10608,4218,11,1058,0,124.238,9c2f9ddf8318eea8899e754713df9335aa444ed4cdc383d48e29e569b80d2dfb,4f275d192013f78bf1eda16424693778675f7700a6e6fabc8af8fe750d13d423
Paper_room_64_64_8_gp_5/room-64-64-8_agents_500_test_5,baseline,room-64-64-8,500,5,True,144,40989,4757,11,736,0,202.629,52c097655943a240ac22cac804635ee1b1fe6010e500396107bcfbefa31057fa,4f275d192013f78bf1eda16424693778675f7700a6e6fabc8af8fe750d13d423
Paper_random_32_32_gp_5/random-32-32-10_agents_500_test_12,baseline,random-32-32-10,500,12,True,56,17004,5877,23,777,0,196.145,ba4d8c1c21ba0368c473c7ae7c25be4ee9c980c250136e9675e74b76cc14da03,4f275d192013f78bf1eda16424693778675f7700a6e6fabc8af8fe750d13d423
Paper_den312d_65_81_gp_5/den312d_agents_300_test_19,baseline,den312d,300,19,True,50,16855,5663,12,1096,0,110.347,3640cdb3c8019a1ff10bb3c7c1947978cd7801bf58088f32f70bba4afccc4f1c,4f275d192013f78bf1eda16424693778675f7700a6e6fabc8af8fe750d13d423
Paper_random_32_32_gp_5/random-32-32-10_agents_450_test_19,restart_fast,random-32-32-10,450,19,True,40,13838,6417,21,615,0,197.719,32995cb8c396815299c92409d9d0dd1c51d20b49671f45f0f9ef34d6508a2c55,83c66952c63fe1d6b38dde622bba2d5550edd823bd8ae03ffcfea82af9d575ee
Paper_Boston_gp_5/Boston_0_256_agents_400_test_9,restart_fast,Boston_0_256,400,9,True,1139,60539,3794,1,837,0,1039.33,af64eaa7a8b85dca36b032e94e115aaf4f0b07a14e24e8ad1ac79809103f4dcd,83c66952c63fe1d6b38dde622bba2d5550edd823bd8ae03ffcfea82af9d575ee
Paper_room_64_64_8_gp_5/room-64-64-8_agents_300_test_13,baseline,room-64-64-8,300,13,True,58,18974,5312,12,961,0,181.426,93b277f61c9c0112313edd7cc2480d08609589b9076b6da73345512e7f003a56,4f275d192013f78bf1eda16424693778675f7700a6e6fabc8af8fe750d13d423
Paper_symbotic_39_37_gp_5/symbotic_agents_350_test_17,restart_fast,symbotic,350,17,True,196,106031,5932,681,1123,1,404.203,702456e625a991a822737064c61357300e57fb7296a35a521f011140414e6ec4,83c66952c63fe1d6b38dde622bba2d5550edd823bd8ae03ffcfea82af9d575ee
Paper_den312d_65_81_gp_5/den312d_agents_400_test_4,restart_fast,den312d,400,4,True,73,26011,4583,15,854,0,141.815,ab8acde770970e1fee66f91578cf7b4cab79292782729c66174786b7a289c0ee,83c66952c63fe1d6b38dde622bba2d5550edd823bd8ae03ffcfea82af9d575ee
Paper_symbotic_39_37_gp_5/symbotic_agents_250_test_17,baseline,symbotic,250,17,True,61,27105,4806,35,1897,0,86.411,4d614594e61be9d83dc83d1786c1254c1f429c3f219571b120c9d60348eeb1b8,4f275d192013f78bf1eda16424693778675f7700a6e6fabc8af8fe750d13d423
Paper_den312d_65_81_gp_5/den312d_agents_350_test_16,baseline,den312d,350,16,True,60,20556,6548,12,719,0,160.294,3307a3562173534904d07fa0375223ffd168e6ea5080f5fede0ee1b97c253ae0,4f275d192013f78bf1eda16424693778675f7700a6e6fabc8af8fe750d13d423
Paper_room_64_64_8_gp_5/room-64-64-8_agents_300_test_5,baseline,room-64-64-8,300,5,True,67,21665,4846,6,1015,0,108.446,907f09c91cc6da98111bcfbf399c39180c29935432efbc011fd8451adc059bbb,4f275d192013f78bf1eda16424693778675f7700a6e6fabc8af8fe750d13d423
Paper_room_64_64_8_gp_5/room-64-64-8_agents_300_test_8,baseline,room-64-64-8,300,8,True,62,18987,5411,5,1011,0,118.3,24953e6f9324da1793f469e03d9bf93fd733fd2cbc65a2a6457af1069feb7dc1,4f275d192013f78bf1eda16424693778675f7700a6e6fabc8af8fe750d13d423
Paper_symbotic_39_37_gp_5/symbotic_agents_400_test_5,baseline,symbotic,400,5,True,1266,798746,10025,186,1274,0,418.946,9da39ba2d53ed85ca41701dad8b52d787d6f2f2068dd52a74b755869b99b7196,4f275d192013f78bf1eda16424693778675f7700a6e6fabc8af8fe750d13d423
Paper_maze_32_32_2_gp_5/maze-32-32-2_agents_450_test_13,baseline,maze-32-32-2,450,13,False,0,0,42322,109,20698,0,900.803,e28374c8c102e977826b12dd822575e6a2f505dc73e979e64a6bf12831cd0502,4f275d192013f78bf1eda16424693778675f7700a6e6fabc8af8fe750d13d423
Paper_room_64_64_8_gp_5/room-64-64-8_agents_450_test_19,baseline,room-64-64-8,450,19,True,129,35873,4266,11,840,0,182.716,012617fa716d7cdb4ba2b544a8d9f68c41f0f8121fa074b19e994e154f8c2fc5,4f275d192013f78bf1eda16424693778675f7700a6e6fabc8af8fe750d13d423
Paper_room_64_64_8_gp_5/room-64-64-8_agents_300_test_18,baseline,room-64-64-8,300,18,True,62,19371,5166,8,1657,0,132.271,3ef25714b22e41ad5196791be24ef5ba067d85ad9044ff3cd23dff658cb70639,4f275d192013f78bf1eda16424693778675f7700a6e6fabc8af8fe750d13d423
Paper_warehouse_161_63_gp_5/warehouse-10-20-10-2-1_agents_250_test_16,baseline,warehouse-10-20-10-2-1,250,16,True,74,18763,5760,6,1482,0,127.714,961444c22e764e6ab834f032ae663ed3df3c0b3653044a4a27f6bd27ac87faaa,4f275d192013f78bf1eda16424693778675f7700a6e6fabc8af8fe750d13d423
Paper_random_32_32_gp_5/random-32-32-10_agents_450_test_19,baseline,random-32-32-10,450,19,True,43,13838,5557,21,575,0,170.562,32995cb8c396815299c92409d9d0dd1c51d20b49671f45f0f9ef34d6508a2c55,4f275d192013f78bf1eda16424693778675f7700a6e6fabc8af8fe750d13d423
Paper_random_32_32_gp_5/random-32-32-10_agents_250_test_19,baseline,random-32-32-10,250,19,True,14,6191,5751,7,1039,0,93.5745,6cae1b2cf4f9b6bc43667e58716fc7acac4920686b423d3411d6de602166ba40,4f275d192013f78bf1eda16424693778675f7700a6e6fabc8af8fe750d13d423
Paper_random_32_32_gp_5/random-32-32-10_agents_500_test_16,restart_fast,random-32-32-10,500,16,True,53,15852,10061,75,786,3,391.915,3cbe028c1d0ef2fb42b78fadd994431407a7462cdc5006cc85dbe016c57c83fe,83c66952c63fe1d6b38dde622bba2d5550edd823bd8ae03ffcfea82af9d575ee
Paper_warehouse_161_63_gp_5/warehouse-10-20-10-2-1_agents_300_test_5,restart_fast,warehouse-10-20-10-2-1,300,5,True,84,23436,4650,8,1126,0,145.266,50f657e84cf9b11c4e6b4d2c07985e40ac4829d4f47b43ce8b5e2987b51b2eb9,83c66952c63fe1d6b38dde622bba2d5550edd823bd8ae03ffcfea82af9d575ee
Paper_symbotic_39_37_gp_5/symbotic_agents_350_test_10,baseline,symbotic,350,10,True,150,76534,4327,73,1238,0,163.834,318dd21a36fb883112ad679dd5aa4be33daeb9aa3e08f3d836cdcada6effe7be,4f275d192013f78bf1eda16424693778675f7700a6e6fabc8af8fe750d13d423
Paper_den312d_65_81_gp_5/den312d_agents_400_test_16,baseline,den312d,400,16,True,87,26488,4604,1269,1190,0,144.138,9fb9d9d61d76a7aa66ea4a43ebcd3c1c7407655f4cc954f9d68b620425adb6a7,4f275d192013f78bf1eda16424693778675f7700a6e6fabc8af8fe750d13d423
Paper_den312d_65_81_gp_5/den312d_agents_250_test_7,baseline,den312d,250,7,True,37,14155,5026,15,1329,0,97.9467,5cd5da979c016d7a43498ab867587e0d14e15ed0d57eeccaae8f9282dbf05a56,4f275d192013f78bf1eda16424693778675f7700a6e6fabc8af8fe750d13d423
Paper_symbotic_39_37_gp_5/symbotic_agents_350_test_7,baseline,symbotic,350,7,True,428,225719,5459,1144,1670,0,228.197,aba4f2e1bf35f7ae138b7cf4fd8ccca2bdb8cb893fb6a28e2d71ef9940228555,4f275d192013f78bf1eda16424693778675f7700a6e6fabc8af8fe750d13d423
Paper_Boston_gp_5/Boston_0_256_agents_450_test_12,baseline,Boston_0_256,450,12,True,2886,65533,13343,3,117,0,3123.66,d8be5807a476b4cea5ad8828e992f236825cdbffd5cf0fd4d85af96475198487,4f275d192013f78bf1eda16424693778675f7700a6e6fabc8af8fe750d13d423
Paper_orz900d_gp_5/orz900d_agents_250_test_6,restart_fast,orz900d,250,6,True,4167,198625,26979,7,185,1,4341.14,ba9d4b754538baf7cc24f6266a5c38172ce619447df8119c94234dbf51cde820,83c66952c63fe1d6b38dde622bba2d5550edd823bd8ae03ffcfea82af9d575ee
Paper_den312d_65_81_gp_5/den312d_agents_500_test_1,baseline,den312d,500,1,True,127,36814,3981,37,851,0,164.373,5316d379b80c0aea13e55d24a454527f6a52922ee50fb9bec83ea5fefb52f90e,4f275d192013f78bf1eda16424693778675f7700a6e6fabc8af8fe750d13d423
Paper_warehouse_161_63_gp_5/warehouse-10-20-10-2-1_agents_350_test_7,baseline,warehouse-10-20-10-2-1,350,7,True,126,29804,4542,7,1258,0,161.477,7245ab43ed4163a76d31fa13d861da2652cdb0dec5a26c3a9591eff536d3c68b,4f275d192013f78bf1eda16424693778675f7700a6e6fabc8af8fe750d13d423
Paper_Boston_gp_5/Boston_0_256_agents_400_test_11,restart_fast,Boston_0_256,400,11,True,2024,63619,3245,2,899,0,1895.62,524d497baec84aa8172a85aa1860af684315e7204ce4b24476498a3bb6d94a73,83c66952c63fe1d6b38dde622bba2d5550edd823bd8ae03ffcfea82af9d575ee
Paper_orz900d_gp_5/orz900d_agents_350_test_2,baseline,orz900d,350,2,True,5527,309339,5873,17,714,0,4983.98,301d82706d2e31c46658eab93b52e8a4dc9dec7470b9184597e6b7d6fcb93a10,4f275d192013f78bf1eda16424693778675f7700a6e6fabc8af8fe750d13d423
Paper_random_32_32_gp_5/random-32-32-10_agents_500_test_13,baseline,random-32-32-10,500,13,True,79,15866,4280,13,687,0,165.511,12ebaf4c41cfa9464ec935797a2600a8f8a521a051bc90ff2abda815682414b5,4f275d192013f78bf1eda16424693778675f7700a6e6fabc8af8fe750d13d423
Paper_orz900d_gp_5/orz900d_agents_400_test_16,baseline,orz900d,400,16,True,6734,330666,4958,9,726,0,6114.27,faccfa6d11e2a4a7542fae80be68bf1e4fff7f7c43ab6999586a8b01abcacb56,4f275d192013f78bf1eda16424693778675f7700a6e6fabc8af8fe750d13d423
Paper_random_32_32_gp_5/random-32-32-10_agents_500_test_4,restart_fast,random-32-32-10,500,4,True,49,16124,6084,20,623,0,191.969,b7b1a7d08b5b7bb116f1f14ba2e3bd4724165717537f22511a00e2499f7562e9,83c66952c63fe1d6b38dde622bba2d5550edd823bd8ae03ffcfea82af9d575ee
Paper_orz900d_gp_5/orz900d_agents_350_test_4,restart_fast,orz900d,350,4,True,5803,299464,6177,15,726,0,5331.94,6bdafaed4ba82e2a0cb588f9b42a9119879beaa133795e9532fd5b9c9a041bf5,83c66952c63fe1d6b38dde622bba2d5550edd823bd8ae03ffcfea82af9d575ee
Paper_orz900d_gp_5/orz900d_agents_450_test_16,restart_fast,orz900d,450,16,True,7505,374019,5067,16,396,0,6816.84,3dba03d0b31775f17a3be2de6f24659d3ffdd3bcbba48f75610a91372c331564,83c66952c63fe1d6b38dde622bba2d5550edd823bd8ae03ffcfea82af9d575ee
Paper_random_32_32_gp_5/random-32-32-10_agents_300_test_3,restart_fast,random-32-32-10,300,3,True,18,6773,5636,8,764,0,118.926,e7b3b8546c221121db5d47e1348e71c361a0aff50d6a687b0a484a6557aec326,83c66952c63fe1d6b38dde622bba2d5550edd823bd8ae03ffcfea82af9d575ee
Paper_maze_32_32_2_gp_5/maze-32-32-2_agents_400_test_19,baseline,maze-32-32-2,400,19,True,5589,673313,21332,166,27027,0,392.262,1dcb6762c72f9e89796e985bc064cd4df4f77db4be519fe32e5f5c93a0b23c24,4f275d192013f78bf1eda16424693778675f7700a6e6fabc8af8fe750d13d423
Paper_symbotic_39_37_gp_5/symbotic_agents_300_test_4,restart_fast,symbotic,300,4,True,74,34442,6490,57,1602,1,254.063,b783f5d0802d27ea69939cb6410a006bfba4cfe7fbaa12ba415dc7ee0def7647,83c66952c63fe1d6b38dde622bba2d5550edd823bd8ae03ffcfea82af9d575ee
Paper_Boston_gp_5/Boston_0_256_agents_450_test_13,baseline,Boston_0_256,450,13,True,3406,64874,3209,4,592,0,3216.04,f43c70885e37656093f94ecda2b89e9d0e4be6f0020673cea190442b0d105755,4f275d192013f78bf1eda16424693778675f7700a6e6fabc8af8fe750d13d423
Paper_random_32_32_gp_5/random-32-32-10_agents_300_test_19,restart_fast,random-32-32-10,300,19,True,19,7440,21110,3453,931,2,1431.69,d501364628ec230978f9a21293585a47c64beeb958498164f78f4279b3f87861,83c66952c63fe1d6b38dde622bba2d5550edd823bd8ae03ffcfea82af9d575ee
Paper_room_64_64_8_gp_5/room-64-64-8_agents_350_test_9,restart_fast,room-64-64-8,350,9,True,81,25029,4609,6,900,0,141.729,8f15faa1d02bfb02732150f5abfef727ec357b964ba14c60728852c44a3b31d9,83c66952c63fe1d6b38dde622bba2d5550edd823bd8ae03ffcfea82af9d575ee
Paper_random_32_32_gp_5/random-32-32-10_agents_300_test_7,baseline,random-32-32-10,300,7,True,22,7612,4714,9,1017,0,90.4181,aa2eaaa0a1cf06b3ec9f3f1ab6b3e0fd3a2d24a6246316c204fafd259b7e4a38,4f275d192013f78bf1eda16424693778675f7700a6e6fabc8af8fe750d13d423
Paper_symbotic_39_37_gp_5/symbotic_agents_450_test_15,restart_fast,symbotic,450,15,True,687,390238,5241,2207,510,1,687.105,fc6e7162704a740b449635be30b5f7801fb67b27a86802b88b22b7ecc25e7e17,83c66952c63fe1d6b38dde622bba2d5550edd823bd8ae03ffcfea82af9d575ee
Paper_orz900d_gp_5/orz900d_agents_500_test_5,baseline,orz900d,500,5,True,8225,419226,4106,20,314,0,7286.57,33ccb7bdf9542c194fa3a0eb153b0ca8efec7a4badde4163336f613bd4eef011,4f275d192013f78bf1eda16424693778675f7700a6e6fabc8af8fe750d13d423
Paper_warehouse_161_63_gp_5/warehouse-10-20-10-2-1_agents_250_test_8,baseline,warehouse-10-20-10-2-1,250,8,True,75,18119,4163,5,1411,0,118.969,c8a775f99371d72a42a167c67122a273f8d775f817de17f8b2b56e36abe25ef0,4f275d192013f78bf1eda16424693778675f7700a6e6fabc8af8fe750d13d423
Paper_room_64_64_8_gp_5/room-64-64-8_agents_350_test_14,restart_fast,room-64-64-8,350,14,True,76,22465,39442,13,35,1,4941.21,eefefdab6adf2140d27400c791f9890240054865b7a26bace98f60d05d476116,83c66952c63fe1d6b38dde622bba2d5550edd823bd8ae03ffcfea82af9d575ee
Paper_Boston_gp_5/Boston_0_256_agents_500_test_13,restart_fast,Boston_0_256,500,13,True,3667,77020,5117,8,756,1,3718.86,d4ae211eed69a1d533c49d6b4e63c4ff53dfb04cd3cfa57aca9ef22498dddc65,83c66952c63fe1d6b38dde622bba2d5550edd823bd8ae03ffcfea82af9d575ee
Paper_room_64_64_8_gp_5/room-64-64-8_agents_300_test_7,baseline,room-64-64-8,300,7,True,61,17567,5168,5,1355,0,126.051,8136ed187f0e621beee482dae772c28c16b938a7dc16f81b138c45ad5559a180,4f275d192013f78bf1eda16424693778675f7700a6e6fabc8af8fe750d13d423
Paper_Boston_gp_5/Boston_0_256_agents_350_test_3,baseline,Boston_0_256,350,3,True,1375,51902,4819,2,867,0,1282.37,f23757ced3b4aa8028d51450a72eae24be16fa412bebd78d86d7b3642c94b26b,4f275d192013f78bf1eda16424693778675f7700a6e6fabc8af8fe750d13d423
Paper_room_64_64_8_gp_5/room-64-64-8_agents_250_test_0,baseline,room-64-64-8,250,0,True,51,15041,4691,3,1411,0,98.124,e2f1e535dbfc0e0cbfee271a5e293d21b9ae27d4c3dcb808ba1d0f548c863209,4f275d192013f78bf1eda16424693778675f7700a6e6fabc8af8fe750d13d423
Paper_maze_32_32_2_gp_5/maze-32-32-2_agents_350_test_3,restart_fast,maze-32-32-2,350,3,True,68,42129,8607,171,1392,1,248.645,6eb0bb430e49a9f80b3a9248c81595c539d07a570e666649dbd57a1dfab6a8d5,83c66952c63fe1d6b38dde622bba2d5550edd823bd8ae03ffcfea82af9d575ee
Paper_den312d_65_81_gp_5/den312d_agents_300_test_10,baseline,den312d,300,10,True,49,16987,4557,10,1126,0,101.592,03adbb87b3941befbf9018def52c369c7f13dc17cecda12de1741ca5c74fb21e,4f275d192013f78bf1eda16424693778675f7700a6e6fabc8af8fe750d13d423
Paper_Boston_gp_5/Boston_0_256_agents_500_test_19,baseline,Boston_0_256,500,19,True,3112,79695,3305,4,647,0,2919.46,043dde33578c93297f67b39bf970230f52dfe181f8439a50656887020a61cc8a,4f275d192013f78bf1eda16424693778675f7700a6e6fabc8af8fe750d13d423
Paper_symbotic_39_37_gp_5/symbotic_agents_450_test_8,baseline,symbotic,450,8,True,763,472865,6045,1910,1469,0,442.457,43438b3b17a791883856fdeb4258b0f6f5b9e4060058bc261fda2b56eb70a29e,4f275d192013f78bf1eda16424693778675f7700a6e6fabc8af8fe750d13d423
Paper_maze_32_32_2_gp_5/maze-32-32-2_agents_300_test_4,baseline,maze-32-32-2,300,4,True,50,30564,6349,48,972,0,143.025,09939348b2c902514793343977836f2a1c9b90538b08f0cef429eb3a9b6c18a5,4f275d192013f78bf1eda16424693778675f7700a6e6fabc8af8fe750d13d423
Paper_symbotic_39_37_gp_5/symbotic_agents_400_test_1,baseline,symbotic,400,1,True,428,226077,4046,137,1220,0,271.601,790bfbbf78532c880c9dc91597ee3155a589a584b7331379d0aaca9840544f41,4f275d192013f78bf1eda16424693778675f7700a6e6fabc8af8fe750d13d423
Paper_symbotic_39_37_gp_5/symbotic_agents_450_test_17,restart_fast,symbotic,450,17,True,6887,1296414,32044,21285,1506,1,2641.29,f3c586106156f761a578ddc5bc48fac311fc7d8dbc327025ed0942c336726ac6,83c66952c63fe1d6b38dde622bba2d5550edd823bd8ae03ffcfea82af9d575ee
Paper_den312d_65_81_gp_5/den312d_agents_450_test_3,baseline,den312d,450,3,True,96,27632,4392,24,830,0,168.381,f823664d34316c116813bc7641efdfa468f0407155f2af4fee37bdedfd308b60,4f275d192013f78bf1eda16424693778675f7700a6e6fabc8af8fe750d13d423
Paper_orz900d_gp_5/orz900d_agents_350_test_12,restart_fast,orz900d,350,12,True,6328,295118,5557,13,682,0,5797,cde47c6fca2d4026a98c330169c7ca97d482fcb429795cd4e627ddd8a4c1b6a4,83c66952c63fe1d6b38dde622bba2d5550edd823bd8ae03ffcfea82af9d575ee
Paper_Boston_gp_5/Boston_0_256_agents_300_test_8,restart_fast,Boston_0_256,300,8,True,767,46941,5441,5,1102,0,738.773,09c106b91e29e9b1be90719e2c9d980d03688fecb335ea9eb26e01f504f7e177,83c66952c63fe1d6b38dde622bba2d5550edd823bd8ae03ffcfea82af9d575ee
Paper_orz900d_gp_5/orz900d_agents_500_test_10,restart_fast,orz900d,500,10,True,6944,417477,5287,23,506,0,6148.55,174db25090b1a42e132e8d1071a82c2e7d086e2c1f9b3e5232a62ebedc00d770,83c66952c63fe1d6b38dde622bba2d5550edd823bd8ae03ffcfea82af9d575ee
Paper_orz900d_gp_5/orz900d_agents_500_test_9,restart_fast,orz900d,500,9,True,7108,392371,4866,17,579,0,6356.32,df2ae5f23ed6b62a3edac15dcb26c88d98361c9bdc9e6d6107fcff35cd505f79,83c66952c63fe1d6b38dde622bba2d5550edd823bd8ae03ffcfea82af9d575ee
Paper_den312d_65_81_gp_5/den312d_agents_450_test_15,restart_fast,den312d,450,15,True,89,31317,4747,17,901,0,164.273,3fa394354aebde1661c3ac5cd80201155ebfeb7787f6e69238a00af531563b98,83c66952c63fe1d6b38dde622bba2d5550edd823bd8ae03ffcfea82af9d575ee
Paper_orz900d_gp_5/orz900d_agents_300_test_7,baseline,orz900d,300,7,True,5144,247557,6426,15,768,0,4582.95,672930b7b934df26bb82c685672752b2b36a7e6d960f620d2c2ec0cef5b54d70,4f275d192013f78bf1eda16424693778675f7700a6e6fabc8af8fe750d13d423
Paper_den312d_65_81_gp_5/den312d_agents_250_test_17,restart_fast,den312d,250,17,True,31,14061,39709,26,400,1,1898.15,7b453c5b71a5fb732b6ae774011445a47223108584aa3e623dd5aed186da5ef2,83c66952c63fe1d6b38dde622bba2d5550edd823bd8ae03ffcfea82af9d575ee
Paper_maze_32_32_2_gp_5/maze-32-32-2_agents_500_test_15,restart_fast,maze-32-32-2,500,15,False,0,0,36150,2929,9382,11,2520.53,86f96af1b142a4dd7cab494b88b03e3ac9ef55c3ddc0e2ad1026cf616d089bdb,83c66952c63fe1d6b38dde622bba2d5550edd823bd8ae03ffcfea82af9d575ee
Paper_random_32_32_gp_5/random-32-32-10_agents_300_test_4,baseline,random-32-32-10,300,4,True,20,7394,7649,6,680,0,141.601,3490ad4394f8fe4aa91a3c9f5fa5277ff382032bc1c889403462549250af095f,4f275d192013f78bf1eda16424693778675f7700a6e6fabc8af8fe750d13d423
Paper_maze_32_32_2_gp_5/maze-32-32-2_agents_350_test_10,restart_fast,maze-32-32-2,350,10,True,76,45477,6573,225,1011,2,275.344,e9e990e99773b4f430a0b05d29904dd4b3c5fb16d31ab6b16f1f1244a6b69136,83c66952c63fe1d6b38dde622bba2d5550edd823bd8ae03ffcfea82af9d575ee
Paper_maze_32_32_2_gp_5/maze-32-32-2_agents_500_test_1,baseline,maze-32-32-2,500,1,False,0,0,38242,1903,12683,0,1193.3,e8c811b87bb19ef0ff107012d40c12648b8693de8b634cef51d25b5f0018f5e1,4f275d192013f78bf1eda16424693778675f7700a6e6fabc8af8fe750d13d423
Paper_warehouse_161_63_gp_5/warehouse-10-20-10-2-1_agents_350_test_10,baseline,warehouse-10-20-10-2-1,350,10,True,110,26868,3830,13,1435,0,150.766,fba6f8ac1f7405f03ebdd4c6e498c9ae03831cde7bdcc823d21133e4e43b5ee4,4f275d192013f78bf1eda16424693778675f7700a6e6fabc8af8fe750d13d423
Paper_orz900d_gp_5/orz900d_agents_250_test_3,baseline,orz900d,250,3,True,4378,211984,6412,14,735,0,3950.09,109b0af124d3749c3841a69d8c267e4f58452a1140a8b65e6723174a35c01512,4f275d192013f78bf1eda16424693778675f7700a6e6fabc8af8fe750d13d423
Paper_room_64_64_8_gp_5/room-64-64-8_agents_500_test_6,baseline,room-64-64-8,500,6,True,163,46489,5733,19,902,0,242.987,f97fafc2b4b35b37f4c85c807efff909b99e5a621f8621002a4ff4a2a8406420,4f275d192013f78bf1eda16424693778675f7700a6e6fabc8af8fe750d13d423
Paper_den312d_65_81_gp_5/den312d_agents_250_test_4,baseline,den312d,250,4,True,38,14689,4879,12,1239,0,95.9397,dccbe14066dc706ed83921d2c959af484662234c8aa19fb832ac004a265b01c9,4f275d192013f78bf1eda16424693778675f7700a6e6fabc8af8fe750d13d423
Paper_maze_32_32_2_gp_5/maze-32-32-2_agents_450_test_14,baseline,maze-32-32-2,450,14,False,0,0,22077,89,57136,0,399.571,b5c9ed90123a6eedc01fb1cd332504195c830669490893a3502a6475496b83b0,4f275d192013f78bf1eda16424693778675f7700a6e6fabc8af8fe750d13d423
Paper_maze_32_32_2_gp_5/maze-32-32-2_agents_400_test_11,baseline,maze-32-32-2,400,11,True,112,60308,5247,97,769,0,195.248,6c660d979bfab941b5060730c0a160999d61af14458b8bac80a7a75013dc038a,4f275d192013f78bf1eda16424693778675f7700a6e6fabc8af8fe750d13d423
Paper_random_32_32_gp_5/random-32-32-10_agents_400_test_18,restart_fast,random-32-32-10,400,18,True,31,11141,14291,438,1068,2,1158.77,c5c120b4608f9699ea904043285d1e47f1ae7fa7e76b5482dc57d7c0ea2c0bcb,83c66952c63fe1d6b38dde622bba2d5550edd823bd8ae03ffcfea82af9d575ee
Paper_den312d_65_81_gp_5/den312d_agents_500_test_0,baseline,den312d,500,0,True,121,34621,5105,35,588,0,184.274,8ddf14913d1ca9a3e105e8e8b6aa9d2b9c635156b6e6ca0dde9a567fc82cc349,4f275d192013f78bf1eda16424693778675f7700a6e6fabc8af8fe750d13d423
Paper_den312d_65_81_gp_5/den312d_agents_500_test_12,restart_fast,den312d,500,12,True,109,36764,13315,92,1170,2,1530.7,4763349e276371e46d2099bcc945956997ad06a9c06ea4154ed40668d05a8b9b,83c66952c63fe1d6b38dde622bba2d5550edd823bd8ae03ffcfea82af9d575ee
Paper_Boston_gp_5/Boston_0_256_agents_250_test_0,restart_fast,Boston_0_256,250,0,True,1043,37853,50793,0,46,0,2506.77,2f8ac52175d3cc0261ea07a5ea86f21cdeb85238f711a80abeaa3c5a8adba5a2,83c66952c63fe1d6b38dde622bba2d5550edd823bd8ae03ffcfea82af9d575ee
Paper_orz900d_gp_5/orz900d_agents_350_test_6,baseline,orz900d,350,6,True,5270,310308,6390,12,709,0,4682.28,08b4c7c79fc9da9487d5d60078e36cabaf0205bb1ec1313a53460a3578f3bdb8,4f275d192013f78bf1eda16424693778675f7700a6e6fabc8af8fe750d13d423
Paper_symbotic_39_37_gp_5/symbotic_agents_400_test_4,restart_fast,symbotic,400,4,True,857,438890,7006,96,1427,0,366.089,888cf824ab47be0990d0489f5cd18db2dbf10a3d8cbf987fc019d06c4c32f632,83c66952c63fe1d6b38dde622bba2d5550edd823bd8ae03ffcfea82af9d575ee
Paper_symbotic_39_37_gp_5/symbotic_agents_350_test_17,baseline,symbotic,350,17,True,219,106031,4329,119,1330,0,170.464,702456e625a991a822737064c61357300e57fb7296a35a521f011140414e6ec4,4f275d192013f78bf1eda16424693778675f7700a6e6fabc8af8fe750d13d423
Paper_Boston_gp_5/Boston_0_256_agents_400_test_19,baseline,Boston_0_256,400,19,True,1307,62721,4490,0,830,0,1212.87,c32fcafedf1cedefc4293cabcef60833201cbf09ae735d31a53df4fa82ef0d2f,4f275d192013f78bf1eda16424693778675f7700a6e6fabc8af8fe750d13d423
Paper_maze_32_32_2_gp_5/maze-32-32-2_agents_350_test_7,baseline,maze-32-32-2,350,7,True,81,44328,6912,74,836,0,190.878,7721df56859559c3acf3f124ec26594a9d8ebce3eb2835e25ee28c22a00135ed,4f275d192013f78bf1eda16424693778675f7700a6e6fabc8af8fe750d13d423
Paper_random_32_32_gp_5/random-32-32-10_agents_450_test_11,restart_fast,random-32-32-10,450,11,True,38,12867,7905,20,493,0,248.037,9f796c25b8a1e132681f6c3579d5db1433cd8982b7c30628a8dfac3e654b1261,83c66952c63fe1d6b38dde622bba2d5550edd823bd8ae03ffcfea82af9d575ee
Paper_random_32_32_gp_5/random-32-32-10_agents_350_test_1,restart_fast,random-32-32-10,350,1,True,23,8768,8632,23,1003,1,227.291,19ffa455703dc56b3a44895cb4f772226e6b1cf375bfcd00a202d4ff75591f20,83c66952c63fe1d6b38dde622bba2d5550edd823bd8ae03ffcfea82af9d575ee
Paper_maze_32_32_2_gp_5/maze-32-32-2_agents_400_test_8,restart_fast,maze-32-32-2,400,8,True,177,97578,13294,2950,1624,5,846.473,320802ab4b9da653abfc77f0f411d4e21223bf42a68c776b9356d5106ffa3aa8,83c66952c63fe1d6b38dde622bba2d5550edd823bd8ae03ffcfea82af9d575ee
Paper_symbotic_39_37_gp_5/symbotic_agents_300_test_7,baseline,symbotic,300,7,True,130,56069,6604,42,1408,0,146.752,6c1208536bf6d5cb9049115aa4f753ca48e998f8d97dd8664e1da9c6b10abcb6,4f275d192013f78bf1eda16424693778675f7700a6e6fabc8af8fe750d13d423
Paper_den312d_65_81_gp_5/den312d_agents_500_test_0,restart_fast,den312d,500,0,True,113,34621,8266,35,670,0,265.649,8ddf14913d1ca9a3e105e8e8b6aa9d2b9c635156b6e6ca0dde9a567fc82cc349,83c66952c63fe1d6b38dde622bba2d5550edd823bd8ae03ffcfea82af9d575ee
Paper_maze_32_32_2_gp_5/maze-32-32-2_agents_250_test_5,restart_fast,maze-32-32-2,250,5,True,31,23619,8219,80,1631,1,148.254,01bc99e96294a96950aa78dd5a4ea048fe5fa858dda33ba82c16217d728a4c87,83c66952c63fe1d6b38dde622bba2d5550edd823bd8ae03ffcfea82af9d575ee
Paper_random_32_32_gp_5/random-32-32-10_agents_450_test_4,baseline,random-32-32-10,450,4,True,41,12535,4899,14,821,0,155.81,2b0555e4f9740f67da8172eef2a2c59efb681efb939c2f21be0e94a0df061347,4f275d192013f78bf1eda16424693778675f7700a6e6fabc8af8fe750d13d423
Paper_orz900d_gp_5/orz900d_agents_400_test_1,restart_fast,orz900d,400,1,True,7133,348968,5483,19,596,0,6464.88,cfde8a5b5587dc187601e7e08c1622211f4ff76a889dfb76073c628cd0912792,83c66952c63fe1d6b38dde622bba2d5550edd823bd8ae03ffcfea82af9d575ee
Paper_Boston_gp_5/Boston_0_256_agents_300_test_1,restart_fast,Boston_0_256,300,1,True,2008,42652,42012,1,513,1,3822.88,837d89f1d643918af486396200de7f91daf68782904e2530dcf25ee98d609d48,83c66952c63fe1d6b38dde622bba2d5550edd823bd8ae03ffcfea82af9d575ee
Paper_symbotic_39_37_gp_5/symbotic_agents_250_test_6,restart_fast,symbotic,250,6,True,58,31671,18792,57,1147,1,747.973,2e81ebdfdfd32948e28e878db7293b8f33c559aa1680ab484fa1f8e562768667,83c66952c63fe1d6b38dde622bba2d5550edd823bd8ae03ffcfea82af9d575ee
Paper_den312d_65_81_gp_5/den312d_agents_500_test_9,restart_fast,den312d,500,9,True,116,41825,24283,73,70,1,4411.75,fe58910c9dd0b09b9bd86359369f8c9bcd7e3dd1a54aae7f17f77b59eab847cd,83c66952c63fe1d6b38dde622bba2d5550edd823bd8ae03ffcfea82af9d575ee
Paper_symbotic_39_37_gp_5/symbotic_agents_400_test_5,restart_fast,symbotic,400,5,True,1185,594338,17174,3915,1479,1,883.821,9da39ba2d53ed85ca41701dad8b52d787d6f2f2068dd52a74b755869b99b7196,83c66952c63fe1d6b38dde622bba2d5550edd823bd8ae03ffcfea82af9d575ee
Paper_warehouse_161_63_gp_5/warehouse-10-20-10-2-1_agents_350_test_5,restart_fast,warehouse-10-20-10-2-1,350,5,True,157,30191,4181,8,1028,0,187.725,f1f7a49c10bee7d4386b340aa690c2df367f5fca9ca12da5d7cab0fca814f10c,83c66952c63fe1d6b38dde622bba2d5550edd823bd8ae03ffcfea82af9d575ee
Paper_symbotic_39_37_gp_5/symbotic_agents_350_test_3,baseline,symbotic,350,3,True,446,180709,7175,70,1433,0,194.252,4664c41ef7762ed561b8c3ebf4b16fac163fa65f6b34bb9585da82aec660c6d4,4f275d192013f78bf1eda16424693778675f7700a6e6fabc8af8fe750d13d423
Paper_maze_32_32_2_gp_5/maze-32-32-2_agents_350_test_17,restart_fast,maze-32-32-2,350,17,True,72,42059,19637,6339,1027,1,1351.97,cc68189fa7ba5c2e5591908d2f0d8208248d91d2a8b5847d42bf222ae9400ecd,83c66952c63fe1d6b38dde622bba2d5550edd823bd8ae03ffcfea82af9d575ee
Paper_random_32_32_gp_5/random-32-32-10_agents_300_test_3,baseline,random-32-32-10,300,3,True,20,6773,5570,8,751,0,117.32,e7b3b8546c221121db5d47e1348e71c361a0aff50d6a687b0a484a6557aec326,4f275d192013f78bf1eda16424693778675f7700a6e6fabc8af8fe750d13d423
Paper_Boston_gp_5/Boston_0_256_agents_400_test_0,restart_fast,Boston_0_256,400,0,True,3024,60229,3073,2,846,0,2891.82,e44ff5ca29965ea7db9235ab29f8705e526e614828e4cd10d6419e9ef2dc9068,83c66952c63fe1d6b38dde622bba2d5550edd823bd8ae03ffcfea82af9d575ee
Paper_symbotic_39_37_gp_5/symbotic_agents_400_test_6,baseline,symbotic,400,6,True,5310,3612221,28109,16570,2290,0,1609.5,970d9e4e10cdccaed817611666857f6ba22f7ace3436621e25aefac0a0206c74,4f275d192013f78bf1eda16424693778675f7700a6e6fabc8af8fe750d13d423
Paper_room_64_64_8_gp_5/room-64-64-8_agents_400_test_14,baseline,room-64-64-8,400,14,True,105,27477,4682,13,961,0,161.087,e0c9bfd5f533d91edfc21825ba002e597aba7d72f9a9ed89bc7af986458c139d,4f275d192013f78bf1eda16424693778675f7700a6e6fabc8af8fe750d13d423
Paper_den312d_65_81_gp_5/den312d_agents_350_test_4,baseline,den312d,350,4,True,60,20436,5475,18,1031,0,133.583,e9e66a5766d43ded4e4ecfb043f0a92130a33f27eb90023a7822b6a217742b33,4f275d192013f78bf1eda16424693778675f7700a6e6fabc8af8fe750d13d423
Paper_room_64_64_8_gp_5/room-64-64-8_agents_500_test_10,restart_fast,room-64-64-8,500,10,True,160,46494,4607,52,1420,1,293.149,84dad6733b8c444fed0a880f030c7a9445cf67553975e7b6d9fd775ee766486b,83c66952c63fe1d6b38dde622bba2d5550edd823bd8ae03ffcfea82af9d575ee
Paper_orz900d_gp_5/orz900d_agents_400_test_19,baseline,orz900d,400,19,True,6080,335554,5206,14,504,0,5369.26,37fd66b8a5c50aa31f5d265066c7ada6337c809d59c37f72fcdbe6d8a93a8159,4f275d192013f78bf1eda16424693778675f7700a6e6fabc8af8fe750d13d423
Paper_symbotic_39_37_gp_5/symbotic_agents_300_test_1,baseline,symbotic,300,1,True,126,57691,5792,46,1207,0,140.09,955d11c06f5425019ed75edce564c23a09d75c2fb0f8327e2e4c5efa77461be6,4f275d192013f78bf1eda16424693778675f7700a6e6fabc8af8fe750d13d423
Paper_orz900d_gp_5/orz900d_agents_350_test_17,baseline,orz900d,350,17,True,6297,317454,5227,11,613,0,5673.81,eb035759cfef3c65c4f23463e37518c521af8a43dd016dcabe26dba08c075932,4f275d192013f78bf1eda16424693778675f7700a6e6fabc8af8fe750d13d423
Paper_maze_32_32_2_gp_5/maze-32-32-2_agents_350_test_8,baseline,maze-32-32-2,350,8,True,77,42535,5457,82,814,0,162.401,cf7fd40638408f14fbeb9c0d7ef4dc801040940e23ac3ef1ffe18bb9dfa1a48c,4f275d192013f78bf1eda16424693778675f7700a6e6fabc8af8fe750d13d423
Paper_den312d_65_81_gp_5/den312d_agents_250_test_16,baseline,den312d,250,16,True,56,14597,5011,23,1314,0,105.285,a7178721c0dccfd8340f641cfdb43c253c6844140290b1ade652e45040f7dc34,4f275d192013f78bf1eda16424693778675f7700a6e6fabc8af8fe750d13d423
Paper_orz900d_gp_5/orz900d_agents_300_test_10,restart_fast,orz900d,300,10,True,5573,227261,23558,26,421,1,5956.05,1f53f83a9dbc098903b26fde36372ecd62bf3340380480740de97dac9351c703,83c66952c63fe1d6b38dde622bba2d5550edd823bd8ae03ffcfea82af9d575ee
Paper_random_32_32_gp_5/random-32-32-10_agents_450_test_10,baseline,random-32-32-10,450,10,True,45,12951,5483,146,992,0,177.937,f0e87fad2a21a24773241f50aaf9e1870b6c518311d5140e13f72db54ca7f6dc,4f275d192013f78bf1eda16424693778675f7700a6e6fabc8af8fe750d13d423
Paper_den312d_65_81_gp_5/den312d_agents_450_test_14,restart_fast,den312d,450,14,True,91,32271,4880,22,836,0,172.149,a1b1370a840734bfccb0dcbbe0f2393575001953939953fe5c5bf6b501327ed4,83c66952c63fe1d6b38dde622bba2d5550edd823bd8ae03ffcfea82af9d575ee
Paper_orz900d_gp_5/orz900d_agents_400_test_13,restart_fast,orz900d,400,13,True,5312,328982,5368,13,685,0,4770.36,6f1666dcf97da48b1564cefcb654fdeb44212fe5fa07583b6e6913ffbc364fbf,83c66952c63fe1d6b38dde622bba2d5550edd823bd8ae03ffcfea82af9d575ee
Paper_maze_32_32_2_gp_5/maze-32-32-2_agents_400_test_1,restart_fast,maze-32-32-2,400,1,True,281,62368,11077,2966,966,2,1507.8,1db1ba013e4600a575fb3547107ef68c2738c98e6846230e8bfb05c6dccf1bbb,83c66952c63fe1d6b38dde622bba2d5550edd823bd8ae03ffcfea82af9d575ee
Paper_random_32_32_gp_5/random-32-32-10_agents_400_test_3,restart_fast,random-32-32-10,400,3,True,30,10694,33115,2744,94,1,3661.43,0487daf28b7fe062cee0b6c7f1262ab08bdc2e006b6d59a578203f952c4a938b,83c66952c63fe1d6b38dde622bba2d5550edd823bd8ae03ffcfea82af9d575ee
Paper_warehouse_161_63_gp_5/warehouse-10-20-10-2-1_agents_300_test_13,baseline,warehouse-10-20-10-2-1,300,13,True,101,24753,5018,3,1359,0,136.837,ef77082f5dc65992c829ce0c6fd10e32ed7a79199974a9be174c4f1c7eae1aee,4f275d192013f78bf1eda16424693778675f7700a6e6fabc8af8fe750d13d423
Paper_random_32_32_gp_5/random-32-32-10_agents_300_test_6,baseline,random-32-32-10,300,6,True,19,6763,7871,4,617,0,130.967,952a33952f2bb75141b01aa2814e4e2682ffcb1e0dcbba92326e7fb5fa5cb8f9,4f275d192013f78bf1eda16424693778675f7700a6e6fabc8af8fe750d13d423
Paper_warehouse_161_63_gp_5/warehouse-10-20-10-2-1_agents_450_test_1,baseline,warehouse-10-20-10-2-1,450,1,True,165,40494,4452,8,951,0,219.367,fc3f2129cadfb7719ad7903271ae57faafa67445e7356fdd87d948e5eee05c0f,4f275d192013f78bf1eda16424693778675f7700a6e6fabc8af8fe750d13d423
Paper_maze_32_32_2_gp_5/maze-32-32-2_agents_250_test_1,restart_fast,maze-32-32-2,250,1,True,34,23007,4881,45,1173,0,95.7038,ff28dd62ecd2432a0d0aa0723163b8c3f116fa09cf64384a7906d3e2863f4433,83c66952c63fe1d6b38dde622bba2d5550edd823bd8ae03ffcfea82af9d575ee
Paper_random_32_32_gp_5/random-32-32-10_agents_250_test_7,baseline,random-32-32-10,250,7,True,14,5585,7533,7,738,0,128.509,e458e6922dfb0182217060a0a5113cdf51f4c754dcd59b635a5cf02639f04470,4f275d192013f78bf1eda16424693778675f7700a6e6fabc8af8fe750d13d423
Paper_Boston_gp_5/Boston_0_256_agents_450_test_5,restart_fast,Boston_0_256,450,5,True,2457,70956,7940,1,267,0,2407.4,fcd858f4677844744b21195a7acf1f7c0f3f181d1f7cfa590074ca6384ab4a34,83c66952c63fe1d6b38dde622bba2d5550edd823bd8ae03ffcfea82af9d575ee
Paper_symbotic_39_37_gp_5/symbotic_agents_400_test_2,restart_fast,symbotic,400,2,True,2930,247088,26760,11469,3212,4,1401.87,72edcf7a2f3f4958bda00f520dbd11cd7740a4bfb92ce9e18133c3a64f9c428f,83c66952c63fe1d6b38dde622bba2d5550edd823bd8ae03ffcfea82af9d575ee
Paper_warehouse_161_63_gp_5/warehouse-10-20-10-2-1_agents_400_test_14,baseline,warehouse-10-20-10-2-1,400,14,True,125,33687,4128,6,926,0,173.544,deb98d47acd770cc7993bf3ac2233b0c93a6c2a71c25fed758a167f4ea84ad6d,4f275d192013f78bf1eda16424693778675f7700a6e6fabc8af8fe750d13d423
Paper_random_32_32_gp_5/random-32-32-10_agents_300_test_16,restart_fast,random-32-32-10,300,16,True,18,7040,7821,21,1453,2,146.527,38ed78b1e87ad478fffadfc12c2d49828f136dd3efc5545fde73ac3c0cae8f92,83c66952c63fe1d6b38dde622bba2d5550edd823bd8ae03ffcfea82af9d575ee
Paper_den312d_65_81_gp_5/den312d_agents_400_test_13,baseline,den312d,400,13,True,71,23971,5157,23,753,0,150.084,6910aed26077b3f5b456a789e14a6c1eacb2efeb898ffe04314631bc90ef192d,4f275d192013f78bf1eda16424693778675f7700a6e6fabc8af8fe750d13d423
Paper_random_32_32_gp_5/random-32-32-10_agents_400_test_0,baseline,random-32-32-10,400,0,True,34,11291,4980,13,745,0,141.778,729587b0da726ca762ecaa0183edd50dc0571a558c0933a8bc84797d6486e74b,4f275d192013f78bf1eda16424693778675f7700a6e6fabc8af8fe750d13d423
Paper_warehouse_161_63_gp_5/warehouse-10-20-10-2-1_agents_500_test_19,baseline,warehouse-10-20-10-2-1,500,19,True,234,51975,3178,30,1022,0,243.41,0422e6b418b49480df946df29f2931a303d49d77559c6ff5537ee9cd013b1963,4f275d192013f78bf1eda16424693778675f7700a6e6fabc8af8fe750d13d423
Paper_symbotic_39_37_gp_5/symbotic_agents_350_test_6,baseline,symbotic,350,6,True,339,141730,5661,183,2024,0,189.794,6bf21984659beba3cb11749313f341eb7aeeb70e2659fd9c6dfe3c0c87bc5c43,4f275d192013f78bf1eda16424693778675f7700a6e6fabc8af8fe750d13d423
Paper_room_64_64_8_gp_5/room-64-64-8_agents_500_test_10,baseline,room-64-64-8,500,10,True,168,46109,4199,28,871,0,206.353,84dad6733b8c444fed0a880f030c7a9445cf67553975e7b6d9fd775ee766486b,4f275d192013f78bf1eda16424693778675f7700a6e6fabc8af8fe750d13d423
Paper_symbotic_39_37_gp_5/symbotic_agents_450_test_11,baseline,symbotic,450,11,True,940,398259,8074,348,991,0,368.908,65197b625fca1c33fd0f7f2b0e401f276d9bc4d745ef89b6b5d8308a0a01dfce,4f275d192013f78bf1eda16424693778675f7700a6e6fabc8af8fe750d13d423
Paper_den312d_65_81_gp_5/den312d_agents_250_test_2,baseline,den312d,250,2,True,35,14084,6865,43,894,0,112.555,3eabde07c30772472dbb85934ac09de689c7a40127af6a8652c246e4d7671527,4f275d192013f78bf1eda16424693778675f7700a6e6fabc8af8fe750d13d423
Paper_Boston_gp_5/Boston_0_256_agents_350_test_16,baseline,Boston_0_256,350,16,True,2734,52009,5936,0,631,0,2674.27,2b49821940b0d54b397a3712787653e048c70d3812a67aa60edbdf1ebe0e983a,4f275d192013f78bf1eda16424693778675f7700a6e6fabc8af8fe750d13d423
Paper_room_64_64_8_gp_5/room-64-64-8_agents_500_test_19,baseline,room-64-64-8,500,19,True,153,40170,4015,9,831,0,189.124,6fc563801cb21ac353c653eaec96e4c5e4dc51834945014c00ff193b443a175e,4f275d192013f78bf1eda16424693778675f7700a6e6fabc8af8fe750d13d423
Paper_symbotic_39_37_gp_5/symbotic_agents_450_test_16,restart_fast,symbotic,450,16,True,8806,1334586,35205,11083,2322,2,3100.97,305eb7f42f4d7afeb0e7105f30a847dd2a2b89e52c704e324ab8bdc80dd424ab,83c66952c63fe1d6b38dde622bba2d5550edd823bd8ae03ffcfea82af9d575ee
Paper_random_32_32_gp_5/random-32-32-10_agents_450_test_6,restart_fast,random-32-32-10,450,6,True,37,12795,3307,22,892,0,115.476,ff9199b174d2b304f54592ad0db6196e49039cd8e67ce539b2d06e58c2d6499f,83c66952c63fe1d6b38dde622bba2d5550edd823bd8ae03ffcfea82af9d575ee
Paper_warehouse_161_63_gp_5/warehouse-10-20-10-2-1_agents_250_test_10,restart_fast,warehouse-10-20-10-2-1,250,10,True,68,16148,22569,6390,938,1,1544.63,38241b33de5b67f4ee64dc8d9a05d656e8208c0871bba12cb68d58ffc367218a,83c66952c63fe1d6b38dde622bba2d5550edd823bd8ae03ffcfea82af9d575ee
Paper_maze_32_32_2_gp_5/maze-32-32-2_agents_350_test_19,baseline,maze-32-32-2,350,19,True,81,44860,4813,67,1142,0,147.766,3d64b289167d6030bff5c772b77afc0f9d47d5d6bf7349cce25414ef4f35dc69,4f275d192013f78bf1eda16424693778675f7700a6e6fabc8af8fe750d13d423
Paper_warehouse_161_63_gp_5/warehouse-10-20-10-2-1_agents_400_test_16,baseline,warehouse-10-20-10-2-1,400,16,True,156,34931,4359,9,1090,0,199.152,9dcb134422cb2c918472183316e17f77eb805a60f85916b718d4ec099cebec66,4f275d192013f78bf1eda16424693778675f7700a6e6fabc8af8fe750d13d423
Paper_warehouse_161_63_gp_5/warehouse-10-20-10-2-1_agents_400_test_0,restart_fast,warehouse-10-20-10-2-1,400,0,True,130,37056,4416,21,1476,1,219.95,ff3a19c2f897b4d693befb8021e55fca989410b8dba597a4bb6bdd8be5202709,83c66952c63fe1d6b38dde622bba2d5550edd823bd8ae03ffcfea82af9d575ee
Paper_random_32_32_gp_5/random-32-32-10_agents_300_test_18,restart_fast,random-32-32-10,300,18,True,19,7388,11643,20,1281,2,310.252,7e8ba542ffdf5286a1dd43351cc42d7e9c4396f93bf9213f6af84ec01bda679c,83c66952c63fe1d6b38dde622bba2d5550edd823bd8ae03ffcfea82af9d575ee
Paper_symbotic_39_37_gp_5/symbotic_agents_400_test_19,restart_fast,symbotic,400,19,True,534,270230,11809,1849,1346,2,769.974,be001a77fe3a54710ec05d688c03860cfaaea3e26f56846c65e609630b2786e9,83c66952c63fe1d6b38dde622bba2d5550edd823bd8ae03ffcfea82af9d575ee
Paper_random_32_32_gp_5/random-32-32-10_agents_500_test_4,baseline,random-32-32-10,500,4,True,55,16124,5120,20,536,0,168.728,b7b1a7d08b5b7bb116f1f14ba2e3bd4724165717537f22511a00e2499f7562e9,4f275d192013f78bf1eda16424693778675f7700a6e6fabc8af8fe750d13d423
Paper_symbotic_39_37_gp_5/symbotic_agents_350_test_2,restart_fast,symbotic,350,2,True,319,154795,4972,91,1433,0,179.488,9756219b9cf8cf40682fa5957b377be4ef22938d606011c44e1de8a8eecdf916,83c66952c63fe1d6b38dde622bba2d5550edd823bd8ae03ffcfea82af9d575ee
Paper_room_64_64_8_gp_5/room-64-64-8_agents_400_test_7,restart_fast,room-64-64-8,400,7,True,104,31113,35431,23,422,1,3542.51,8081ac6b32c01f27689dc25c8b822efe2ee5d84cc686fbdf43db0cd21db1e7eb,83c66952c63fe1d6b38dde622bba2d5550edd823bd8ae03ffcfea82af9d575ee
Paper_symbotic_39_37_gp_5/symbotic_agents_500_test_8,restart_fast,symbotic,500,8,True,1020,677650,19314,911,345,1,3257.56,4e11d94b3f9ef0eb8503868d1cc5ee01eccbce333212f0906a73270b9b37d929,83c66952c63fe1d6b38dde622bba2d5550edd823bd8ae03ffcfea82af9d575ee
Paper_den312d_65_81_gp_5/den312d_agents_400_test_1,restart_fast,den312d,400,1,True,77,25967,31693,102,236,2,4485.87,b99e7521523c057107becd816cac002df9803d727b25ba48ffb61d3894ca4af0,83c66952c63fe1d6b38dde622bba2d5550edd823bd8ae03ffcfea82af9d575ee
Paper_room_64_64_8_gp_5/room-64-64-8_agents_500_test_13,restart_fast,room-64-64-8,500,13,True,146,41211,5992,24,1136,1,287.057,93208d68aaf6c41e08181fda4489e05926d9f9f57fdfb4c710ffc155972c1dfe,83c66952c63fe1d6b38dde622bba2d5550edd823bd8ae03ffcfea82af9d575ee
Paper_symbotic_39_37_gp_5/symbotic_agents_350_test_18,baseline,symbotic,350,18,True,383,181482,6795,76,1207,0,188.303,ffd17d8dcdd3c1ea7ef225e1378c56cddf0efc7cbe8357749f71c0edc7296252,4f275d192013f78bf1eda16424693778675f7700a6e6fabc8af8fe750d13d423
Paper_warehouse_161_63_gp_5/warehouse-10-20-10-2-1_agents_500_test_14,baseline,warehouse-10-20-10-2-1,500,14,True,214,47604,4074,16,969,0,233.134,1f3eb355b05a5569fa1fa8d34b112c06cd571c884de0b568a5e920a27c5af0e6,4f275d192013f78bf1eda16424693778675f7700a6e6fabc8af8fe750d13d423
Paper_Boston_gp_5/Boston_0_256_agents_450_test_2,baseline,Boston_0_256,450,2,True,843,70784,4544,4,1018,0,756.081,2987c701f2ef19441b9439200930116a808bfaee594053b33d16d933994c136a,4f275d192013f78bf1eda16424693778675f7700a6e6fabc8af8fe750d13d423
Paper_den312d_65_81_gp_5/den312d_agents_250_test_2,restart_fast,den312d,250,2,True,36,13848,9221,57,1485,1,153.959,3eabde07c30772472dbb85934ac09de689c7a40127af6a8652c246e4d7671527,83c66952c63fe1d6b38dde622bba2d5550edd823bd8ae03ffcfea82af9d575ee
Paper_den312d_65_81_gp_5/den312d_agents_450_test_15,baseline,den312d,450,15,True,97,31317,4455,17,833,0,165.789,3fa394354aebde1661c3ac5cd80201155ebfeb7787f6e69238a00af531563b98,4f275d192013f78bf1eda16424693778675f7700a6e6fabc8af8fe750d13d423
Paper_warehouse_161_63_gp_5/warehouse-10-20-10-2-1_agents_250_test_1,baseline,warehouse-10-20-10-2-1,250,1,True,74,17923,4177,0,1421,0,114.805,21b0bf73658853df2f5e8b57dbb282a4aff458f4cc86273c2d2ee27cf2a24917,4f275d192013f78bf1eda16424693778675f7700a6e6fabc8af8fe750d13d423
Paper_maze_32_32_2_gp_5/maze-32-32-2_agents_300_test_8,baseline,maze-32-32-2,300,8,True,51,32511,4375,55,1279,0,98.4445,456b35ef10d18ab891d4bfade8c887e2d01608033cf9832635eeff0173da1f02,4f275d192013f78bf1eda16424693778675f7700a6e6fabc8af8fe750d13d423
Paper_den312d_65_81_gp_5/den312d_agents_300_test_15,restart_fast,den312d,300,15,True,49,19234,23037,27,631,1,712.719,4156be68b8fe09850d787513e1d6a08a2dcaa68c0cecad68f284e1a057632efd,83c66952c63fe1d6b38dde622bba2d5550edd823bd8ae03ffcfea82af9d575ee
Paper_maze_32_32_2_gp_5/maze-32-32-2_agents_350_test_1,restart_fast,maze-32-32-2,350,1,True,70,42790,4247,78,1542,0,131.825,c1b41be91b24085de9016ac514dd1707450b0f372e24bef81958349599e9dde6,83c66952c63fe1d6b38dde622bba2d5550edd823bd8ae03ffcfea82af9d575ee
Paper_Boston_gp_5/Boston_0_256_agents_350_test_17,baseline,Boston_0_256,350,17,True,2475,53927,4999,2,714,0,2409.48,e3d17a601dcd04d79ca9a92f704d1760eb5d3d4e7dd00b809c0f6529070a0a9b,4f275d192013f78bf1eda16424693778675f7700a6e6fabc8af8fe750d13d423
Paper_Boston_gp_5/Boston_0_256_agents_250_test_6,baseline,Boston_0_256,250,6,True,1668,32549,4905,1,993,0,1631.24,522026b636e918068027d563e0451179a6617ccb4f4c1d8c90057f8d7a4046a9,4f275d192013f78bf1eda16424693778675f7700a6e6fabc8af8fe750d13d423
Paper_symbotic_39_37_gp_5/symbotic_agents_350_test_14,baseline,symbotic,350,14,True,341,170101,5696,740,1799,0,181.665,e763f71c04558cdf838539a734d377e7aac2cd0f47eeaeb5767ebead3f377612,4f275d192013f78bf1eda16424693778675f7700a6e6fabc8af8fe750d13d423
Paper_orz900d_gp_5/orz900d_agents_250_test_10,baseline,orz900d,250,10,True,4380,222595,6664,5,784,0,3930.03,4927d8fb0b3abfe2bef799724f54a33934da4d17c1457bd2e12be2e6e70ad9b2,4f275d192013f78bf1eda16424693778675f7700a6e6fabc8af8fe750d13d423
Paper_room_64_64_8_gp_5/room-64-64-8_agents_300_test_3,baseline,room-64-64-8,300,3,True,63,20341,5240,7,955,0,119.011,7651ac84593a4ab43898122caa6938c71716565df7fbe624ac80119facdeecd0,4f275d192013f78bf1eda16424693778675f7700a6e6fabc8af8fe750d13d423
Paper_maze_32_32_2_gp_5/maze-32-32-2_agents_350_test_17,baseline,maze-32-32-2,350,17,True,76,42059,4389,75,1415,0,141.148,cc68189fa7ba5c2e5591908d2f0d8208248d91d2a8b5847d42bf222ae9400ecd,4f275d192013f78bf1eda16424693778675f7700a6e6fabc8af8fe750d13d423
Paper_symbotic_39_37_gp_5/symbotic_agents_350_test_13,restart_fast,symbotic,350,13,True,152,82263,5851,148,2042,1,236.72,ae19f90d044d770c0f06a1f841536a18dd0439ba215e9411e9ecd5e7968427bf,83c66952c63fe1d6b38dde622bba2d5550edd823bd8ae03ffcfea82af9d575ee
Paper_den312d_65_81_gp_5/den312d_agents_400_test_19,baseline,den312d,400,19,True,83,27209,4747,29,1151,0,161.409,5a83046f9836faab599c4130ea613ffdfc853320c93858fdcc4cab969c64c62e,4f275d192013f78bf1eda16424693778675f7700a6e6fabc8af8fe750d13d423
Paper_den312d_65_81_gp_5/den312d_agents_400_test_11,baseline,den312d,400,11,True,76,23270,4956,11,847,0,132.558,7eecc33abb043c8c0c109cae1736cfc6934e1a7e140ec751017e062c757e97e0,4f275d192013f78bf1eda16424693778675f7700a6e6fabc8af8fe750d13d423
Paper_random_32_32_gp_5/random-32-32-10_agents_350_test_7,restart_fast,random-32-32-10,350,7,True,23,8676,7073,457,737,0,156.872,f32abe60c422478cfe3b1fd1f0954bc9f5651a237fcb2762836201b23a8d7b1c,83c66952c63fe1d6b38dde622bba2d5550edd823bd8ae03ffcfea82af9d575ee
Paper_orz900d_gp_5/orz900d_agents_400_test_9,restart_fast,orz900d,400,9,True,6774,336067,5072,7,479,0,6120.27,d5d8b62b569864b98ffd6f5bcd479f53c4c46e02de80702613ebb6bcb6d4e4dd,83c66952c63fe1d6b38dde622bba2d5550edd823bd8ae03ffcfea82af9d575ee
Paper_symbotic_39_37_gp_5/symbotic_agents_450_test_1,baseline,symbotic,450,1,True,1828,1092009,10635,5967,902,0,851.278,1280e8193af700373ca848cdd99d0771e02843d8c56bcd20f7e110b934dc329c,4f275d192013f78bf1eda16424693778675f7700a6e6fabc8af8fe750d13d423
Paper_symbotic_39_37_gp_5/symbotic_agents_250_test_8,restart_fast,symbotic,250,8,True,43,21900,12565,182,3224,4,448.429,b4296bba855701612a3c89d13cc860328295860aaf35742ab27ec49b818c1510,83c66952c63fe1d6b38dde622bba2d5550edd823bd8ae03ffcfea82af9d575ee
Paper_random_32_32_gp_5/random-32-32-10_agents_350_test_5,baseline,random-32-32-10,350,5,True,27,9127,5157,9,960,0,117.39,a00164bdd0ec2db8b1d1f9f5f5424fc81dcf75c731f7deb9dc4819302e23214c,4f275d192013f78bf1eda16424693778675f7700a6e6fabc8af8fe750d13d423
Paper_den312d_65_81_gp_5/den312d_agents_300_test_0,restart_fast,den312d,300,0,True,47,17048,5500,13,1015,0,119.124,9c6efd0539bebb4c2add712f82c3892e2fa860dcd868687a0f556a155270b495,83c66952c63fe1d6b38dde622bba2d5550edd823bd8ae03ffcfea82af9d575ee
Paper_orz900d_gp_5/orz900d_agents_450_test_10,baseline,orz900d,450,10,True,8529,402023,4221,21,292,0,7556.04,1589175e06c80d80602a243a80c1904557fb8d55d02803c0b9d70af005c1b8c0,4f275d192013f78bf1eda16424693778675f7700a6e6fabc8af8fe750d13d423
Paper_room_64_64_8_gp_5/room-64-64-8_agents_300_test_10,baseline,room-64-64-8,300,10,True,62,18253,4080,11,1115,0,103.998,bdef597e1ca73dd052abeb652b5fbdfb3322d3cb97b0fc342ea35ad437b27402,4f275d192013f78bf1eda16424693778675f7700a6e6fabc8af8fe750d13d423
Paper_random_32_32_gp_5/random-32-32-10_agents_450_test_7,baseline,random-32-32-10,450,7,True,39,12354,8006,13,314,0,254.067,3377520dc47acdb499a50d5cd46fa7e8eee2394d02ce18c4181795f536e7fb8c,4f275d192013f78bf1eda16424693778675f7700a6e6fabc8af8fe750d13d423
Paper_room_64_64_8_gp_5/room-64-64-8_agents_250_test_12,restart_fast,room-64-64-8,250,12,True,39,14728,5946,5,1743,1,119.583,0815c79fdf8e01c081055cd689adfd7e2e09e917dd6452c3b8a1dfb8682a549b,83c66952c63fe1d6b38dde622bba2d5550edd823bd8ae03ffcfea82af9d575ee
Paper_symbotic_39_37_gp_5/symbotic_agents_350_test_9,restart_fast,symbotic,350,9,True,285,129765,6025,1993,637,1,331.427,9eac07488e40ad7c5189cbec3d5704f728af670dbc51ee43352407090242237a,83c66952c63fe1d6b38dde622bba2d5550edd823bd8ae03ffcfea82af9d575ee
Paper_maze_32_32_2_gp_5/maze-32-32-2_agents_400_test_14,restart_fast,maze-32-32-2,400,14,True,138,61320,5583,199,828,1,282.259,640636fa63bec405b71e75cd31df956f327307c5de35b129363fb96fb5a4d5ca,83c66952c63fe1d6b38dde622bba2d5550edd823bd8ae03ffcfea82af9d575ee
Paper_room_64_64_8_gp_5/room-64-64-8_agents_300_test_6,restart_fast,room-64-64-8,300,6,True,63,19537,11295,10,562,1,383.799,3a1f3cbdc023b1922b0466cd2e168d047a73a61b1388225157258637dcb6569e,83c66952c63fe1d6b38dde622bba2d5550edd823bd8ae03ffcfea82af9d575ee
Paper_room_64_64_8_gp_5/room-64-64-8_agents_350_test_3,baseline,room-64-64-8,350,3,True,83,25564,5206,14,969,0,144.815,3c7f562b118944b1715a9ebaf304c7ac99fd262f0392fd5e5c0ac495a6db9226,4f275d192013f78bf1eda16424693778675f7700a6e6fabc8af8fe750d13d423
Paper_Boston_gp_5/Boston_0_256_agents_400_test_10,baseline,Boston_0_256,400,10,True,1405,59966,4120,3,844,0,1310.03,0f8e333a1c9c3bbb3f4eba95f678a35ef43be9e763e6c0332b1ab5ac07ea0427,4f275d192013f78bf1eda16424693778675f7700a6e6fabc8af8fe750d13d423
Paper_room_64_64_8_gp_5/room-64-64-8_agents_400_test_17,baseline,room-64-64-8,400,17,True,104,30210,4705,15,854,0,162.71,0ee21819c34931f56c72d7cdd614415ca9f7d6626b8f19169c44f180f57ccdf9,4f275d192013f78bf1eda16424693778675f7700a6e6fabc8af8fe750d13d423
Paper_warehouse_161_63_gp_5/warehouse-10-20-10-2-1_agents_300_test_11,restart_fast,warehouse-10-20-10-2-1,300,11,True,89,22559,4587,7,1073,0,145.688,861c560bb210bbe54c15ea4374ad5da9a2cf54f23f0a34e3d96cbb19c85eaf5c,83c66952c63fe1d6b38dde622bba2d5550edd823bd8ae03ffcfea82af9d575ee
Paper_maze_32_32_2_gp_5/maze-32-32-2_agents_450_test_4,baseline,maze-32-32-2,450,4,True,313,194734,4810,127,1164,0,222.845,fac8986877de324d364c28b3f13919ac8702c1031d2840acecd3365fde6146cc,4f275d192013f78bf1eda16424693778675f7700a6e6fabc8af8fe750d13d423
Paper_orz900d_gp_5/orz900d_agents_350_test_13,restart_fast,orz900d,350,13,True,6182,286232,6693,7,252,0,5631.67,93480525696353edbbf64a5551a2abfa237508dc34fb24040999d95cd5471b9f,83c66952c63fe1d6b38dde622bba2d5550edd823bd8ae03ffcfea82af9d575ee
Paper_maze_32_32_2_gp_5/maze-32-32-2_agents_350_test_18,baseline,maze-32-32-2,350,18,True,79,48107,4288,71,1153,0,138.511,5c230f6e0b7cff3c161af6adbb3db0629be7e327ce640c9545fbe69f0e1c4595,4f275d192013f78bf1eda16424693778675f7700a6e6fabc8af8fe750d13d423
Paper_maze_32_32_2_gp_5/maze-32-32-2_agents_500_test_6,restart_fast,maze-32-32-2,500,6,False,0,0,28153,2853,15607,16,2821.18,a8ebd46ab1e8b9a2ed3a7e787a11422b29e28ae84a79b5d213e4a3ee877b1326,83c66952c63fe1d6b38dde622bba2d5550edd823bd8ae03ffcfea82af9d575ee
Paper_Boston_gp_5/Boston_0_256_agents_500_test_14,restart_fast,Boston_0_256,500,14,True,4347,79234,4119,2,676,1,4313.47,b3cce4e184eb07b29a80b14def028de17e68cd7e19e41b725df518821c024349,83c66952c63fe1d6b38dde622bba2d5550edd823bd8ae03ffcfea82af9d575ee
Paper_random_32_32_gp_5/random-32-32-10_agents_450_test_17,baseline,random-32-32-10,450,17,True,40,12720,4444,14,712,0,132.367,485e9d53e0918072aff3c0db8d1efaafc1b319791bd83058ae4ac94efd27f531,4f275d192013f78bf1eda16424693778675f7700a6e6fabc8af8fe750d13d423
Paper_symbotic_39_37_gp_5/symbotic_agents_450_test_18,baseline,symbotic,450,18,True,1709,1187739,10350,520,714,0,642.71,d34c1204636c51aa4ba344a3fdc0b8f5a0b17bf014641c3b4ef3d664c82fcd9b,4f275d192013f78bf1eda16424693778675f7700a6e6fabc8af8fe750d13d423
Paper_orz900d_gp_5/orz900d_agents_500_test_18,restart_fast,orz900d,500,18,True,9151,434744,2951,24,0,0,8279.97,70a8c4f24dd802398280913dadd25ff15ea878af27563efe639075a2e64a9cad,83c66952c63fe1d6b38dde622bba2d5550edd823bd8ae03ffcfea82af9d575ee
Paper_symbotic_39_37_gp_5/symbotic_agents_300_test_7,restart_fast,symbotic,300,7,True,165,56069,6401,42,1359,0,180.89,6c1208536bf6d5cb9049115aa4f753ca48e998f8d97dd8664e1da9c6b10abcb6,83c66952c63fe1d6b38dde622bba2d5550edd823bd8ae03ffcfea82af9d575ee
Paper_room_64_64_8_gp_5/room-64-64-8_agents_500_test_19,restart_fast,room-64-64-8,500,19,True,137,40170,17305,560,533,1,3677.78,6fc563801cb21ac353c653eaec96e4c5e4dc51834945014c00ff193b443a175e,83c66952c63fe1d6b38dde622bba2d5550edd823bd8ae03ffcfea82af9d575ee
Paper_room_64_64_8_gp_5/room-64-64-8_agents_500_test_11,baseline,room-64-64-8,500,11,True,159,42223,4665,19,1064,0,217.183,1b9fceacc326c3d949c62c6caf64a3f262819a4a0f414fa25338e43592e192d5,4f275d192013f78bf1eda16424693778675f7700a6e6fabc8af8fe750d13d423
Paper_room_64_64_8_gp_5/room-64-64-8_agents_300_test_14,restart_fast,room-64-64-8,300,14,True,62,19752,14275,9,645,1,437.007,988f4ef55a35edc989b67835bcb98b73f9f231ff62ed48bc67164a4c19b97f02,83c66952c63fe1d6b38dde622bba2d5550edd823bd8ae03ffcfea82af9d575ee
Paper_den312d_65_81_gp_5/den312d_agents_500_test_15,baseline,den312d,500,15,True,123,36486,4413,27,758,0,183.521,2a5aeb07aeea0c470e5b5df389237d54054e160e73aa426ad8dd2370ae895483,4f275d192013f78bf1eda16424693778675f7700a6e6fabc8af8fe750d13d423
Paper_Boston_gp_5/Boston_0_256_agents_300_test_9,baseline,Boston_0_256,300,9,True,716,43709,17824,2,166,0,1049.77,36289f320fe1bc6373210a894071f362bf30a5e3d7197136f2c0d4bcdc3d3b49,4f275d192013f78bf1eda16424693778675f7700a6e6fabc8af8fe750d13d423
Paper_warehouse_161_63_gp_5/warehouse-10-20-10-2-1_agents_400_test_9,restart_fast,warehouse-10-20-10-2-1,400,9,True,145,34843,4587,10,1430,0,205.946,01e93e3c73308bde7d784aad7197e18144f4c82ecaa8272f05bc31c92902bb87,83c66952c63fe1d6b38dde622bba2d5550edd823bd8ae03ffcfea82af9d575ee
Paper_symbotic_39_37_gp_5/symbotic_agents_400_test_16,restart_fast,symbotic,400,16,True,8251,241826,44018,12016,5567,2,2209.7,2e74e4f76b0dfd7045422747cacc5d2d1ab73bee73bd31dfac6c0b98f87331e3,83c66952c63fe1d6b38dde622bba2d5550edd823bd8ae03ffcfea82af9d575ee
Paper_den312d_65_81_gp_5/den312d_agents_400_test_3,restart_fast,den312d,400,3,True,75,25881,3852,25,1025,0,135.475,fb7178c6ba7748331c8e6b7f2a28243f04a03b6eb5f3565b9a13cc514bd21053,83c66952c63fe1d6b38dde622bba2d5550edd823bd8ae03ffcfea82af9d575ee
Paper_warehouse_161_63_gp_5/warehouse-10-20-10-2-1_agents_300_test_15,restart_fast,warehouse-10-20-10-2-1,300,15,True,94,24180,4598,6,1055,0,138.772,45e9258f9de6c7f3491cd963661c941d6228b3549e9ada6ebbd9b54c641e8989,83c66952c63fe1d6b38dde622bba2d5550edd823bd8ae03ffcfea82af9d575ee
Paper_maze_32_32_2_gp_5/maze-32-32-2_agents_250_test_12,restart_fast,maze-32-32-2,250,12,True,36,26561,6469,51,1014,0,131.742,46d64132169a1e03af64c03fb2aee5eaddf77de609bae973d75b9077feb032fd,83c66952c63fe1d6b38dde622bba2d5550edd823bd8ae03ffcfea82af9d575ee
Paper_symbotic_39_37_gp_5/symbotic_agents_450_test_9,restart_fast,symbotic,450,9,True,937,588073,6867,233,818,0,520.833,3d159e7ddb9a459bf2e32add2516758fa7130942498f019cc72d0e88b1168592,83c66952c63fe1d6b38dde622bba2d5550edd823bd8ae03ffcfea82af9d575ee
Paper_orz900d_gp_5/orz900d_agents_300_test_15,restart_fast,orz900d,300,15,True,5335,247217,5207,16,693,0,4876.8,03b70ef8eac7670c345edc09b90f920f95bdb04cc3b9f05df9552ff669e72d30,83c66952c63fe1d6b38dde622bba2d5550edd823bd8ae03ffcfea82af9d575ee
Paper_den312d_65_81_gp_5/den312d_agents_350_test_14,baseline,den312d,350,14,True,69,22572,5046,20,909,0,123.69,a89676d327e883f93aee609c82e7ea4381ef09b628728d03b5e4489e0a74a4f6,4f275d192013f78bf1eda16424693778675f7700a6e6fabc8af8fe750d13d423
Paper_random_32_32_gp_5/random-32-32-10_agents_350_test_3,baseline,random-32-32-10,350,3,True,26,8651,8576,8,680,0,154.398,ec4ebffa8b8c3f56d53e7fcbc3b89dbe14c7fa8225a61bd917c7ad27e693364f,4f275d192013f78bf1eda16424693778675f7700a6e6fabc8af8fe750d13d423
Paper_random_32_32_gp_5/random-32-32-10_agents_400_test_12,restart_fast,random-32-32-10,400,12,True,31,10400,20479,44,548,3,3347.86,9c2f9ddf8318eea8899e754713df9335aa444ed4cdc383d48e29e569b80d2dfb,83c66952c63fe1d6b38dde622bba2d5550edd823bd8ae03ffcfea82af9d575ee
Paper_maze_32_32_2_gp_5/maze-32-32-2_agents_300_test_11,baseline,maze-32-32-2,300,11,True,48,28489,5268,195,953,0,136.793,a00c46a6a35c5101b933cc56ff0a7e8ba9316224769f2ce1db8ecc281608968c,4f275d192013f78bf1eda16424693778675f7700a6e6fabc8af8fe750d13d423
Paper_warehouse_161_63_gp_5/warehouse-10-20-10-2-1_agents_450_test_3,restart_fast,warehouse-10-20-10-2-1,450,3,True,165,41720,6220,35,1984,1,321.239,36ec054c3d22b4050cf3eca160d7fcb93df1ea7c56daf8e59238646e32c02088,83c66952c63fe1d6b38dde622bba2d5550edd823bd8ae03ffcfea82af9d575ee
Paper_maze_32_32_2_gp_5/maze-32-32-2_agents_450_test_19,restart_fast,maze-32-32-2,450,19,True,145,79130,17599,250,167,1,2946.48,e681d3974491669edb1ac0f1a0dc6438138d9a7387eab5716e2341c693d4154b,83c66952c63fe1d6b38dde622bba2d5550edd823bd8ae03ffcfea82af9d575ee
Paper_den312d_65_81_gp_5/den312d_agents_500_test_16,restart_fast,den312d,500,16,True,109,36167,7376,76,1150,2,315.668,86f114e7154eaca35fd6eddfca70f5bf4a13d40c467a1d3b4bd66f47acf01398,83c66952c63fe1d6b38dde622bba2d5550edd823bd8ae03ffcfea82af9d575ee
Paper_Boston_gp_5/Boston_0_256_agents_300_test_14,restart_fast,Boston_0_256,300,14,True,2395,41767,29108,0,73,0,2977.48,f91e1568111fe8fc325ad7a5029e239a82b86170345bf8b014894df16bf26869,83c66952c63fe1d6b38dde622bba2d5550edd823bd8ae03ffcfea82af9d575ee
Paper_warehouse_161_63_gp_5/warehouse-10-20-10-2-1_agents_350_test_9,baseline,warehouse-10-20-10-2-1,350,9,True,121,27940,4498,4,1085,0,158.146,8aa19956d389077b44f15a49c540589196d9c32dc2c48898531d84676075ebf6,4f275d192013f78bf1eda16424693778675f7700a6e6fabc8af8fe750d13d423
Paper_maze_32_32_2_gp_5/maze-32-32-2_agents_350_test_10,baseline,maze-32-32-2,350,10,True,81,47674,5146,73,1089,0,159.021,e9e990e99773b4f430a0b05d29904dd4b3c5fb16d31ab6b16f1f1244a6b69136,4f275d192013f78bf1eda16424693778675f7700a6e6fabc8af8fe750d13d423
Paper_Boston_gp_5/Boston_0_256_agents_250_test_18,restart_fast,Boston_0_256,250,18,True,1394,35918,6046,0,1223,0,1361.72,2d1131b5191c962099ea890d1daf1eb35db17dec6f2949a1aab9b7902109126b,83c66952c63fe1d6b38dde622bba2d5550edd823bd8ae03ffcfea82af9d575ee
Paper_orz900d_gp_5/orz900d_agents_400_test_10,restart_fast,orz900d,400,10,True,7231,339215,5034,15,504,0,6611.32,fb88f9088d94c3690faeb33d2ed196afa0add5d47b82fa7a15e0c48468c4204f,83c66952c63fe1d6b38dde622bba2d5550edd823bd8ae03ffcfea82af9d575ee
Paper_maze_32_32_2_gp_5/maze-32-32-2_agents_450_test_4,restart_fast,maze-32-32-2,450,4,True,571,71489,26900,432,529,3,3241.46,fac8986877de324d364c28b3f13919ac8702c1031d2840acecd3365fde6146cc,83c66952c63fe1d6b38dde622bba2d5550edd823bd8ae03ffcfea82af9d575ee
Paper_room_64_64_8_gp_5/room-64-64-8_agents_500_test_2,restart_fast,room-64-64-8,500,2,True,151,44762,13255,24,815,1,704.117,26fc5249ff4697f64a653f82525eb5ef1a5745264dd789e1fac9dadff9dd3739,83c66952c63fe1d6b38dde622bba2d5550edd823bd8ae03ffcfea82af9d575ee
Paper_warehouse_161_63_gp_5/warehouse-10-20-10-2-1_agents_300_test_3,restart_fast,warehouse-10-20-10-2-1,300,3,True,94,24568,4910,9,1151,0,164.215,89b0aa48dbb210ef8827ad580d72d71c2bc8e7e828544aff8b72dc14102924dd,83c66952c63fe1d6b38dde622bba2d5550edd823bd8ae03ffcfea82af9d575ee
Paper_warehouse_161_63_gp_5/warehouse-10-20-10-2-1_agents_300_test_1,baseline,warehouse-10-20-10-2-1,300,1,True,93,24448,4974,8,1029,0,147.152,4d204e8be19c714b51df6cf728bef2e1d207e1d510a27a4f30a90fb86a2acd2c,4f275d192013f78bf1eda16424693778675f7700a6e6fabc8af8fe750d13d423
Paper_maze_32_32_2_gp_5/maze-32-32-2_agents_300_test_9,restart_fast,maze-32-32-2,300,9,True,48,30329,6150,60,1057,0,150.053,5c427ae4257898f06367c76945aca51c26f56b6cf5adbab3d7d0e4b6ba51471f,83c66952c63fe1d6b38dde622bba2d5550edd823bd8ae03ffcfea82af9d575ee
Paper_Boston_gp_5/Boston_0_256_agents_300_test_17,baseline,Boston_0_256,300,17,True,648,41197,5200,0,1066,0,600.049,12ce29ad76fa8a543b0f7c35758251341ae14fc85243fa1740118d3ff6bf1e97,4f275d192013f78bf1eda16424693778675f7700a6e6fabc8af8fe750d13d423
Paper_warehouse_161_63_gp_5/warehouse-10-20-10-2-1_agents_300_test_4,baseline,warehouse-10-20-10-2-1,300,4,True,96,26207,5771,3,1022,0,141.284,f57e712765d8a3fc3a3de2b88f251ac8f6305a529cc4770c9f22e974cfe9e1c1,4f275d192013f78bf1eda16424693778675f7700a6e6fabc8af8fe750d13d423
Paper_Boston_gp_5/Boston_0_256_agents_300_test_12,restart_fast,Boston_0_256,300,12,True,1777,43455,9395,4,1250,3,2006.39,97190685958bd8bc1d5c965bd73c279b5c088b8062da9adca3cdec33bbb86e28,83c66952c63fe1d6b38dde622bba2d5550edd823bd8ae03ffcfea82af9d575ee
Paper_random_32_32_gp_5/random-32-32-10_agents_250_test_17,restart_fast,random-32-32-10,250,17,True,12,5321,7579,7,960,0,121.688,2c8aaa8e625bcfc586d31ef3cbd1f5dd0a4c3ad266552eb53463d232747b56e4,83c66952c63fe1d6b38dde622bba2d5550edd823bd8ae03ffcfea82af9d575ee
Paper_symbotic_39_37_gp_5/symbotic_agents_500_test_4,baseline,symbotic,500,4,True,7332,2124626,15359,663,3652,0,1099.91,c3f940ae2af53da061ace4b7032e63fcc0d9423aceac1bf58f4d12b95e61f20c,4f275d192013f78bf1eda16424693778675f7700a6e6fabc8af8fe750d13d423
Paper_den312d_65_81_gp_5/den312d_agents_350_test_19,restart_fast,den312d,350,19,True,82,20543,6376,42,1472,1,191.161,87063b9e9d2aba8dcd14880cf73a985138fad0b4d9efc1b43f644534735eed05,83c66952c63fe1d6b38dde622bba2d5550edd823bd8ae03ffcfea82af9d575ee
Paper_maze_32_32_2_gp_5/maze-32-32-2_agents_500_test_19,baseline,maze-32-32-2,500,19,False,0,0,42719,775,1940,0,1769.06,0595be00a9032ecedd2eb54a7b4fd45cb5255a55ec49038c44b91efe5891e2be,4f275d192013f78bf1eda16424693778675f7700a6e6fabc8af8fe750d13d423
Paper_Boston_gp_5/Boston_0_256_agents_250_test_7,restart_fast,Boston_0_256,250,7,True,876,39361,13530,0,823,1,1085.88,cdd322d302cdefae001c6c7c606f3d15ee760d4c59f82597dcacbc6444777800,83c66952c63fe1d6b38dde622bba2d5550edd823bd8ae03ffcfea82af9d575ee
Paper_orz900d_gp_5/orz900d_agents_350_test_5,restart_fast,orz900d,350,5,True,6664,317308,5587,13,589,0,5976.94,625069468226ef7e5726150c98db9f9a7962d7eaa5e501c5954ea68ff6b51db8,83c66952c63fe1d6b38dde622bba2d5550edd823bd8ae03ffcfea82af9d575ee
Paper_warehouse_161_63_gp_5/warehouse-10-20-10-2-1_agents_250_test_12,restart_fast,warehouse-10-20-10-2-1,250,12,True,65,18126,5038,9,1123,0,111.448,103067ec90858baea099eac8d1fc0c229f58963ed1445ba2a119b16311da956a,83c66952c63fe1d6b38dde622bba2d5550edd823bd8ae03ffcfea82af9d575ee
Paper_room_64_64_8_gp_5/room-64-64-8_agents_300_test_12,baseline,room-64-64-8,300,12,True,64,19455,5233,2,962,0,120.565,56fac27917796b055c0f0a9858357ece81e9afb2f0ae1c2a99da4c3d94ffce87,4f275d192013f78bf1eda16424693778675f7700a6e6fabc8af8fe750d13d423
Paper_room_64_64_8_gp_5/room-64-64-8_agents_500_test_3,baseline,room-64-64-8,500,3,True,139,38414,4218,14,856,0,177.514,51b3a6a0d1ac86d7d86277115c56ad12b8ecbe0da59da77d7bfd7ed683e6f0e2,4f275d192013f78bf1eda16424693778675f7700a6e6fabc8af8fe750d13d423
Paper_random_32_32_gp_5/random-32-32-10_agents_350_test_2,baseline,random-32-32-10,350,2,True,25,8521,6695,12,800,0,124.729,9357f5a229ad6070cd0f556310f41451ab464b903a92f927aa219250f8c2fce2,4f275d192013f78bf1eda16424693778675f7700a6e6fabc8af8fe750d13d423
Paper_room_64_64_8_gp_5/room-64-64-8_agents_250_test_19,restart_fast,room-64-64-8,250,19,True,41,15660,21760,3688,1144,1,1282.82,26475cf3f0e1dcd50e960f257d36fdb4bc483d688c4da71f44e4c776f4cfed00,83c66952c63fe1d6b38dde622bba2d5550edd823bd8ae03ffcfea82af9d575ee
Paper_Boston_gp_5/Boston_0_256_agents_400_test_1,restart_fast,Boston_0_256,400,1,True,2953,56917,8152,16,1233,2,3162.72,b7f5a69acc6faa47f2a5918ba332bffb772ca43693bcd78b8a2e011130154984,83c66952c63fe1d6b38dde622bba2d5550edd823bd8ae03ffcfea82af9d575ee
Paper_room_64_64_8_gp_5/room-64-64-8_agents_400_test_19,baseline,room-64-64-8,400,19,True,98,29076,5059,16,746,0,157.796,088840607d58b7366a4cc2a5ba4829e277ebf2968a63293bb7cc372639e2208e,4f275d192013f78bf1eda16424693778675f7700a6e6fabc8af8fe750d13d423
Paper_random_32_32_gp_5/random-32-32-10_agents_300_test_7,restart_fast,random-32-32-10,300,7,True,20,7612,4528,9,966,0,86.8497,aa2eaaa0a1cf06b3ec9f3f1ab6b3e0fd3a2d24a6246316c204fafd259b7e4a38,83c66952c63fe1d6b38dde622bba2d5550edd823bd8ae03ffcfea82af9d575ee
Paper_den312d_65_81_gp_5/den312d_agents_400_test_5,baseline,den312d,400,5,True,117,26501,5087,29,809,0,168.756,d70d4a483d369eddc0147ad1ce66f0467d14b951d645637c1f5c5ed51fa271cd,4f275d192013f78bf1eda16424693778675f7700a6e6fabc8af8fe750d13d423
Paper_maze_32_32_2_gp_5/maze-32-32-2_agents_250_test_6,restart_fast,maze-32-32-2,250,6,True,31,22612,7576,93,1492,1,177.3,5068e7db78dccdbd38a6949e9c8d5d2b8b5fea41b9a112493a89580752dbe7cc,83c66952c63fe1d6b38dde622bba2d5550edd823bd8ae03ffcfea82af9d575ee
Paper_orz900d_gp_5/orz900d_agents_350_test_17,restart_fast,orz900d,350,17,True,6153,317454,5157,11,596,0,5593.16,eb035759cfef3c65c4f23463e37518c521af8a43dd016dcabe26dba08c075932,83c66952c63fe1d6b38dde622bba2d5550edd823bd8ae03ffcfea82af9d575ee
Paper_symbotic_39_37_gp_5/symbotic_agents_400_test_19,baseline,symbotic,400,19,True,614,322194,6802,1587,1089,0,337.166,be001a77fe3a54710ec05d688c03860cfaaea3e26f56846c65e609630b2786e9,4f275d192013f78bf1eda16424693778675f7700a6e6fabc8af8fe750d13d423
Paper_warehouse_161_63_gp_5/warehouse-10-20-10-2-1_agents_500_test_15,restart_fast,warehouse-10-20-10-2-1,500,15,True,205,47393,3946,12,1193,0,252.196,ff0e77758c2998a3564f0b7ec1da930670cf46a5b26357c31438f03a52d52195,83c66952c63fe1d6b38dde622bba2d5550edd823bd8ae03ffcfea82af9d575ee
Paper_Boston_gp_5/Boston_0_256_agents_250_test_2,baseline,Boston_0_256,250,2,True,731,35053,5465,4,1113,0,696.055,e49a00ffc06ced92b7fa3239b0d93c225b2e1947f2d9e993a638a5a2fea16ef4,4f275d192013f78bf1eda16424693778675f7700a6e6fabc8af8fe750d13d423
Paper_room_64_64_8_gp_5/room-64-64-8_agents_300_test_11,baseline,room-64-64-8,300,11,True,59,16797,5150,0,1194,0,123.711,f85f9ec73492a86a5020fd9fd8721dc33b02787c8afe421a34131ccc3f291964,4f275d192013f78bf1eda16424693778675f7700a6e6fabc8af8fe750d13d423
Paper_maze_32_32_2_gp_5/maze-32-32-2_agents_500_test_14,restart_fast,maze-32-32-2,500,14,False,0,0,36106,2163,12918,9,2248.41,f97a6c61951e310ffe0fcd65a71d8b967241e0b57490c5373906333bce0ae45c,83c66952c63fe1d6b38dde622bba2d5550edd823bd8ae03ffcfea82af9d575ee
Paper_room_64_64_8_gp_5/room-64-64-8_agents_300_test_1,baseline,room-64-64-8,300,1,True,61,19730,4359,2,1030,0,103.056,932788a4c7fb5e7c1be351f7e214ffbeb751bc085f302dd8b0ce6ffc427e68e4,4f275d192013f78bf1eda16424693778675f7700a6e6fabc8af8fe750d13d423
Paper_Boston_gp_5/Boston_0_256_agents_400_test_5,restart_fast,Boston_0_256,400,5,True,1210,63610,20120,7,139,0,1579.39,365283a006e6552e93eb3f7dbe7cdbc9b84090397cd41518cc84933584ccb382,83c66952c63fe1d6b38dde622bba2d5550edd823bd8ae03ffcfea82af9d575ee
Paper_warehouse_161_63_gp_5/warehouse-10-20-10-2-1_agents_450_test_16,restart_fast,warehouse-10-20-10-2-1,450,16,True,167,39800,5765,24,1186,1,298.617,8fedee3b777f4f6407a12820a1b81a94f904a316205162ad7c1d60a1f93cf9c1,83c66952c63fe1d6b38dde622bba2d5550edd823bd8ae03ffcfea82af9d575ee
Paper_Boston_gp_5/Boston_0_256_agents_350_test_1,baseline,Boston_0_256,350,1,True,2545,51434,19904,0,83,0,2906.8,c95c1d1f25ff4c329f8b8b122fe1d67bf396aa344f09be1aadb01980c0908004,4f275d192013f78bf1eda16424693778675f7700a6e6fabc8af8fe750d13d423
Paper_Boston_gp_5/Boston_0_256_agents_450_test_17,restart_fast,Boston_0_256,450,17,True,3318,65534,4774,0,801,1,3330.52,488a8f9006b20d722b633efbb24cc88ba689f6d6c1a778b3cc32f563ad39cac7,83c66952c63fe1d6b38dde622bba2d5550edd823bd8ae03ffcfea82af9d575ee
Paper_warehouse_161_63_gp_5/warehouse-10-20-10-2-1_agents_300_test_17,restart_fast,warehouse-10-20-10-2-1,300,17,True,86,20936,10079,19,2595,4,508.938,27f2215324016e9fe93ea5dd253ab7d55466f9c3cf85c957435819a462160edf,83c66952c63fe1d6b38dde622bba2d5550edd823bd8ae03ffcfea82af9d575ee
Paper_Boston_gp_5/Boston_0_256_agents_500_test_14,baseline,Boston_0_256,500,14,True,1695,79282,3579,1,785,0,1530.76,b3cce4e184eb07b29a80b14def028de17e68cd7e19e41b725df518821c024349,4f275d192013f78bf1eda16424693778675f7700a6e6fabc8af8fe750d13d423
Paper_symbotic_39_37_gp_5/symbotic_agents_350_test_5,baseline,symbotic,350,5,True,273,112656,6360,32,1253,0,185.366,cecd78a0e739fe13ce31de016d2e54603706248baef19a48820216f5cad6ac38,4f275d192013f78bf1eda16424693778675f7700a6e6fabc8af8fe750d13d423
Paper_random_32_32_gp_5/random-32-32-10_agents_450_test_9,restart_fast,random-32-32-10,450,9,True,36,12582,6475,13,509,0,168.222,60c47cc987b8c25d53ce49c6ebc5c08d40f94aae2dc7ac8fbe5f68b5243dc661,83c66952c63fe1d6b38dde622bba2d5550edd823bd8ae03ffcfea82af9d575ee
Paper_warehouse_161_63_gp_5/warehouse-10-20-10-2-1_agents_350_test_11,baseline,warehouse-10-20-10-2-1,350,11,True,115,29128,4600,14,1171,0,158.229,9cf46cebdb1ca336a93580c4e00b3b4c55fdea1a732d4de6c1a70200c62286a0,4f275d192013f78bf1eda16424693778675f7700a6e6fabc8af8fe750d13d423
Paper_orz900d_gp_5/orz900d_agents_500_test_1,restart_fast,orz900d,500,1,True,9194,425457,2673,22,0,0,8291.37,397b71090ea25fbf5e0c067e831f28be146636b05b606da588c4f97841674993,83c66952c63fe1d6b38dde622bba2d5550edd823bd8ae03ffcfea82af9d575ee
Paper_maze_32_32_2_gp_5/maze-32-32-2_agents_450_test_8,restart_fast,maze-32-32-2,450,8,True,771,87038,4567,360,2294,2,460.835,9d760a2591ee8c4b70bb4ee52bfa510a8699a45c026afc49893128ec9934f433,83c66952c63fe1d6b38dde622bba2d5550edd823bd8ae03ffcfea82af9d575ee
Paper_den312d_65_81_gp_5/den312d_agents_400_test_10,baseline,den312d,400,10,True,78,26812,6079,17,760,0,149.279,03c9d7186fb9a8ac9d43884a7249eb2d66d31bec105e4d832e148cedde61e0e2,4f275d192013f78bf1eda16424693778675f7700a6e6fabc8af8fe750d13d423
Paper_Boston_gp_5/Boston_0_256_agents_350_test_12,baseline,Boston_0_256,350,12,True,2176,51139,4399,1,936,0,2112.99,40b2776a34cb214a82675d0e5fff848b4bb43d3d6144c32a2009131cac323515,4f275d192013f78bf1eda16424693778675f7700a6e6fabc8af8fe750d13d423
Paper_room_64_64_8_gp_5/room-64-64-8_agents_250_test_7,restart_fast,room-64-64-8,250,7,True,45,16278,12483,16,1132,2,298.823,8cb186492bc989191456f76774c61dc331463439abd4ea0d4a602a6bc1b8b71b,83c66952c63fe1d6b38dde622bba2d5550edd823bd8ae03ffcfea82af9d575ee
Paper_Boston_gp_5/Boston_0_256_agents_400_test_14,baseline,Boston_0_256,400,14,True,1728,63853,4811,1,767,0,1631.7,2ef993ab4db416430fc6d4c109732d20a68e773f59c1ed399d7f0182f1e518c9,4f275d192013f78bf1eda16424693778675f7700a6e6fabc8af8fe750d13d423
Paper_symbotic_39_37_gp_5/symbotic_agents_450_test_19,baseline,symbotic,450,19,True,1369,621685,8598,165,867,0,472.15,3a3ea2ee0eb9198d4e4ee52cba20e2fcf5ff1217028d97e04e4555844e6f9d9e,4f275d192013f78bf1eda16424693778675f7700a6e6fabc8af8fe750d13d423
Paper_orz900d_gp_5/orz900d_agents_450_test_14,restart_fast,orz900d,450,14,True,6987,408747,4631,17,423,0,6235.36,be3cde5369af7f8fbdc91f9b34e67c6e55f213f682b1a682a66716a1a9073997,83c66952c63fe1d6b38dde622bba2d5550edd823bd8ae03ffcfea82af9d575ee
Paper_Boston_gp_5/Boston_0_256_agents_400_test_12,baseline,Boston_0_256,400,12,True,1600,61113,4161,2,837,0,1478.43,b9f129bccbb8a0ce0de2bce0071089bb7646c75166f4d98050e8b09380dd583b,4f275d192013f78bf1eda16424693778675f7700a6e6fabc8af8fe750d13d423
Paper_orz900d_gp_5/orz900d_agents_350_test_8,restart_fast,orz900d,350,8,True,5242,299204,11571,36,836,2,5612.13,db2676f39b87dbc6ff9a859d17e9b95159607fc3b2a380a726aec636fffc7a99,83c66952c63fe1d6b38dde622bba2d5550edd823bd8ae03ffcfea82af9d575ee
Paper_warehouse_161_63_gp_5/warehouse-10-20-10-2-1_agents_250_test_0,restart_fast,warehouse-10-20-10-2-1,250,0,True,67,20570,23720,7,396,1,1303.47,d78fbfd7f51c40b4180eeba0eb081e29018ec26de2a118844609f3613ab5a943,83c66952c63fe1d6b38dde622bba2d5550edd823bd8ae03ffcfea82af9d575ee
Paper_Boston_gp_5/Boston_0_256_agents_350_test_18,baseline,Boston_0_256,350,18,True,1158,50184,6159,1,710,0,1125.71,671470f6c2ee5260a2446d1bf9cca1eb0f766bf55e806a01d18b201955df66b0,4f275d192013f78bf1eda16424693778675f7700a6e6fabc8af8fe750d13d423
Paper_den312d_65_81_gp_5/den312d_agents_250_test_12,restart_fast,den312d,250,12,True,34,15600,23506,36,602,1,659.748,e594d03d05e174bbdaa3640890234ddfcfc53e217ea0c2f34ce05ed277267074,83c66952c63fe1d6b38dde622bba2d5550edd823bd8ae03ffcfea82af9d575ee
Paper_symbotic_39_37_gp_5/symbotic_agents_300_test_18,restart_fast,symbotic,300,18,True,535,42764,14060,395,2325,3,454.225,eceb92a8663146234fa6a12948fa9c3e5721d259561d095af2f8fa63891cac3a,83c66952c63fe1d6b38dde622bba2d5550edd823bd8ae03ffcfea82af9d575ee
Paper_random_32_32_gp_5/random-32-32-10_agents_250_test_0,baseline,random-32-32-10,250,0,True,12,5055,7453,4,730,0,112.834,e0870ec2160ecb632e601a73d1dc97a63f82b45e5b61d3681432e8116c503928,4f275d192013f78bf1eda16424693778675f7700a6e6fabc8af8fe750d13d423
Paper_den312d_65_81_gp_5/den312d_agents_450_test_19,baseline,den312d,450,19,True,93,28696,5378,21,958,0,188.911,80f5b188f81e03586677faf2a8da6d5b1a8aadde08529fdbc6a5288853a9e0a9,4f275d192013f78bf1eda16424693778675f7700a6e6fabc8af8fe750d13d423
Paper_warehouse_161_63_gp_5/warehouse-10-20-10-2-1_agents_500_test_10,restart_fast,warehouse-10-20-10-2-1,500,10,True,213,47424,8227,22,738,1,1146.42,cb59d622ce054bf6e4a70d9a6ff8df3774b5052b079d245fdf02ef5b9aacd4cd,83c66952c63fe1d6b38dde622bba2d5550edd823bd8ae03ffcfea82af9d575ee
Paper_symbotic_39_37_gp_5/symbotic_agents_300_test_11,restart_fast,symbotic,300,11,True,63,33010,5024,34,1313,0,127.603,eea555510828d0235adf465c7e054c63242f75132064c3bc27ee26f039dc45c9,83c66952c63fe1d6b38dde622bba2d5550edd823bd8ae03ffcfea82af9d575ee
Paper_orz900d_gp_5/orz900d_agents_500_test_4,baseline,orz900d,500,4,True,9606,441641,3193,22,0,0,8406.01,93381c1e580601f306c350ded8ad3bf549680a200f87eea34d180cf2c9fba7b6,4f275d192013f78bf1eda16424693778675f7700a6e6fabc8af8fe750d13d423
Paper_symbotic_39_37_gp_5/symbotic_agents_250_test_3,baseline,symbotic,250,3,True,511,243811,9027,36,2079,0,118.055,9052f9bebb21e6c3dffe1b0212225291412066772cfb9bfb406a732056a552d0,4f275d192013f78bf1eda16424693778675f7700a6e6fabc8af8fe750d13d423
Paper_den312d_65_81_gp_5/den312d_agents_400_test_3,baseline,den312d,400,3,True,81,25881,3620,25,949,0,131.721,fb7178c6ba7748331c8e6b7f2a28243f04a03b6eb5f3565b9a13cc514bd21053,4f275d192013f78bf1eda16424693778675f7700a6e6fabc8af8fe750d13d423
Paper_room_64_64_8_gp_5/room-64-64-8_agents_350_test_2,restart_fast,room-64-64-8,350,2,True,73,21880,36355,13,132,1,4926.19,1c4103a19f752f04d7204115bfe32a4985df563865db83aed102e4eca094c3f7,83c66952c63fe1d6b38dde622bba2d5550edd823bd8ae03ffcfea82af9d575ee
Paper_maze_32_32_2_gp_5/maze-32-32-2_agents_350_test_13,baseline,maze-32-32-2,350,13,True,70,40473,6382,91,663,0,184.979,123bfe3f5a1ed6f707a3713c962d0977c2e6176b020a4cd2a58bb6676240d601,4f275d192013f78bf1eda16424693778675f7700a6e6fabc8af8fe750d13d423
Paper_Boston_gp_5/Boston_0_256_agents_450_test_15,baseline,Boston_0_256,450,15,True,1390,65820,4913,2,569,0,1342.68,e8bee7de65a652856176a7d9fda6868ecd14d1efd50a1c69a826d319db47ad08,4f275d192013f78bf1eda16424693778675f7700a6e6fabc8af8fe750d13d423
Paper_den312d_65_81_gp_5/den312d_agents_500_test_6,baseline,den312d,500,6,True,124,37756,4468,29,851,0,180.868,1b345717df4417feebedb424d2c5ad32941da6b411674c857692e9358b038c4c,4f275d192013f78bf1eda16424693778675f7700a6e6fabc8af8fe750d13d423
Paper_maze_32_32_2_gp_5/maze-32-32-2_agents_250_test_2,restart_fast,maze-32-32-2,250,2,True,31,22346,7957,43,720,0,157.836,2476cbe3fe888d068aa7c8d961b5e478578356d809e143fe54cfa07482c58a0c,83c66952c63fe1d6b38dde622bba2d5550edd823bd8ae03ffcfea82af9d575ee
Paper_room_64_64_8_gp_5/room-64-64-8_agents_450_test_6,restart_fast,room-64-64-8,450,6,True,115,34451,5074,12,890,0,185.545,025e589a202da970a82b2eb831a100c993926e97906739fc3aabb6b37e0e6df6,83c66952c63fe1d6b38dde622bba2d5550edd823bd8ae03ffcfea82af9d575ee
Paper_symbotic_39_37_gp_5/symbotic_agents_250_test_12,restart_fast,symbotic,250,12,True,58,24562,10667,468,2233,3,357.182,7949024168e33c0c748c9cd7ab2711b65d13efbbdc6edcf4f9af2735ed978048,83c66952c63fe1d6b38dde622bba2d5550edd823bd8ae03ffcfea82af9d575ee
Paper_Boston_gp_5/Boston_0_256_agents_250_test_19,baseline,Boston_0_256,250,19,True,1319,35240,4091,0,1140,0,1261.28,6b298c25014064eab208a375a8e51d3e6a8570028fd66c0b248eb48701605cb8,4f275d192013f78bf1eda16424693778675f7700a6e6fabc8af8fe750d13d423
Paper_room_64_64_8_gp_5/room-64-64-8_agents_350_test_11,restart_fast,room-64-64-8,350,11,True,73,21861,5256,7,873,0,142.353,ccbfa3a12522474cb142741a8d3fb3e0eb2fddbbbc25dff74820098b9fec151d,83c66952c63fe1d6b38dde622bba2d5550edd823bd8ae03ffcfea82af9d575ee
Paper_Boston_gp_5/Boston_0_256_agents_400_test_2,baseline,Boston_0_256,400,2,True,1282,58106,8140,3,420,0,1292.8,496efabe006f2316984790e4bde2b34cf8046e75f45a790d89b1cc33896b676b,4f275d192013f78bf1eda16424693778675f7700a6e6fabc8af8fe750d13d423
Paper_warehouse_161_63_gp_5/warehouse-10-20-10-2-1_agents_250_test_13,restart_fast,warehouse-10-20-10-2-1,250,13,True,66,17657,5292,7,1133,0,134.568,b95f63c3acdcabcdb5572c39c9265cbc35db80185d5689e1e5544e6275a4a123,83c66952c63fe1d6b38dde622bba2d5550edd823bd8ae03ffcfea82af9d575ee
Paper_Boston_gp_5/Boston_0_256_agents_400_test_10,restart_fast,Boston_0_256,400,10,True,1508,59966,4046,3,826,0,1405.53,0f8e333a1c9c3bbb3f4eba95f678a35ef43be9e763e6c0332b1ab5ac07ea0427,83c66952c63fe1d6b38dde622bba2d5550edd823bd8ae03ffcfea82af9d575ee
Paper_warehouse_161_63_gp_5/warehouse-10-20-10-2-1_agents_300_test_19,restart_fast,warehouse-10-20-10-2-1,300,19,True,118,23634,4756,12,1160,1,224.126,1e1c93cb5a6be520ae815b62e27cf08e95ca8c80a9485cf2a8b9f3e4d9572282,83c66952c63fe1d6b38dde622bba2d5550edd823bd8ae03ffcfea82af9d575ee
Paper_symbotic_39_37_gp_5/symbotic_agents_300_test_19,restart_fast,symbotic,300,19,True,864,57237,17344,2089,2314,2,614.931,bcbadcd01cfe4fca70661f725960fab0bd8cc731800be9914380e4d3ec91c195,83c66952c63fe1d6b38dde622bba2d5550edd823bd8ae03ffcfea82af9d575ee
Paper_maze_32_32_2_gp_5/maze-32-32-2_agents_350_test_11,baseline,maze-32-32-2,350,11,True,79,47358,5256,68,1184,0,151.343,977704b941c21be7b1a5ef45ff94d1e12f45c5623ac69ee4c256ea51d5e37631,4f275d192013f78bf1eda16424693778675f7700a6e6fabc8af8fe750d13d423
Paper_Boston_gp_5/Boston_0_256_agents_250_test_3,restart_fast,Boston_0_256,250,3,True,1613,33568,12544,5,1882,3,1860.49,6506004d989554081ca3940bcf66052606484666f0e084c2f528a21490ea1f63,83c66952c63fe1d6b38dde622bba2d5550edd823bd8ae03ffcfea82af9d575ee
Paper_orz900d_gp_5/orz900d_agents_450_test_18,baseline,orz900d,450,18,True,8816,384094,3657,19,150,0,7778.54,df4a1efe75cdedddfd9202b3f78fdb0f983722bf8bd9a52bb538df4a379633e9,4f275d192013f78bf1eda16424693778675f7700a6e6fabc8af8fe750d13d423
Paper_maze_32_32_2_gp_5/maze-32-32-2_agents_350_test_9,restart_fast,maze-32-32-2,350,9,True,66,40621,27799,297,620,3,3897.64,244f5f3dfa8276ae1a632d13ee9f92064bc770aad2fe679a1e37b7fc98bb7da5,83c66952c63fe1d6b38dde622bba2d5550edd823bd8ae03ffcfea82af9d575ee
Paper_maze_32_32_2_gp_5/maze-32-32-2_agents_300_test_7,baseline,maze-32-32-2,300,7,True,56,34113,8380,65,715,0,193.027,a15ecbb27a7a376f480b80fdd4847dd310fe41dbbf2d969c56537274ae185187,4f275d192013f78bf1eda16424693778675f7700a6e6fabc8af8fe750d13d423
Paper_symbotic_39_37_gp_5/symbotic_agents_300_test_9,baseline,symbotic,300,9,True,144,62937,4370,40,1417,0,126.935,bb2e73258585987bb84efa55a9b054ad3893e95466bacac98fcfabc41caef09b,4f275d192013f78bf1eda16424693778675f7700a6e6fabc8af8fe750d13d423
Paper_room_64_64_8_gp_5/room-64-64-8_agents_400_test_17,restart_fast,room-64-64-8,400,17,True,98,30210,24505,26,359,1,4473.01,0ee21819c34931f56c72d7cdd614415ca9f7d6626b8f19169c44f180f57ccdf9,83c66952c63fe1d6b38dde622bba2d5550edd823bd8ae03ffcfea82af9d575ee
Paper_maze_32_32_2_gp_5/maze-32-32-2_agents_350_test_8,restart_fast,maze-32-32-2,350,8,True,70,42535,5558,82,833,0,172.205,cf7fd40638408f14fbeb9c0d7ef4dc801040940e23ac3ef1ffe18bb9dfa1a48c,83c66952c63fe1d6b38dde622bba2d5550edd823bd8ae03ffcfea82af9d575ee
Paper_den312d_65_81_gp_5/den312d_agents_400_test_6,baseline,den312d,400,6,True,77,26247,5318,17,662,0,156.639,5a838413a167f8be8436e9f4bc11af8f7497e12909acc4f5c4fc61168d57fc0f,4f275d192013f78bf1eda16424693778675f7700a6e6fabc8af8fe750d13d423
Paper_warehouse_161_63_gp_5/warehouse-10-20-10-2-1_agents_500_test_3,restart_fast,warehouse-10-20-10-2-1,500,3,True,197,47050,6096,30,1652,2,354.041,cd785fda1c633d07fa8dcd979a8cc37552f1699ef2eca79761bcaa732a239e7a,83c66952c63fe1d6b38dde622bba2d5550edd823bd8ae03ffcfea82af9d575ee
Paper_room_64_64_8_gp_5/room-64-64-8_agents_300_test_16,baseline,room-64-64-8,300,16,True,61,17904,7033,9,1049,0,137.801,b3f5dfa492132530557c798a25f4430ccded1ab899d3b17207aeef453e69caf4,4f275d192013f78bf1eda16424693778675f7700a6e6fabc8af8fe750d13d423
Paper_den312d_65_81_gp_5/den312d_agents_350_test_9,restart_fast,den312d,350,9,True,58,21414,5619,27,1408,1,154.285,67b297bd07f777c11f03e07ca34bf211be59aa025ebca0d3d815d04a0db8c721,83c66952c63fe1d6b38dde622bba2d5550edd823bd8ae03ffcfea82af9d575ee
Paper_maze_32_32_2_gp_5/maze-32-32-2_agents_350_test_13,restart_fast,maze-32-32-2,350,13,True,64,40473,26962,181,129,1,3895.92,123bfe3f5a1ed6f707a3713c962d0977c2e6176b020a4cd2a58bb6676240d601,83c66952c63fe1d6b38dde622bba2d5550edd823bd8ae03ffcfea82af9d575ee
Paper_room_64_64_8_gp_5/room-64-64-8_agents_500_test_8,restart_fast,room-64-64-8,500,8,True,137,40822,4453,17,935,0,201.549,b24b49dae8bc313905856bf154cb38fca1d03182fe6d6ac7c095248d7304c481,83c66952c63fe1d6b38dde622bba2d5550edd823bd8ae03ffcfea82af9d575ee
Paper_symbotic_39_37_gp_5/symbotic_agents_350_test_3,restart_fast,symbotic,350,3,True,432,180709,27295,182,962,2,1122.41,4664c41ef7762ed561b8c3ebf4b16fac163fa65f6b34bb9585da82aec660c6d4,83c66952c63fe1d6b38dde622bba2d5550edd823bd8ae03ffcfea82af9d575ee
Paper_random_32_32_gp_5/random-32-32-10_agents_350_test_3,restart_fast,random-32-32-10,350,3,True,23,8651,8269,8,666,0,157.56,ec4ebffa8b8c3f56d53e7fcbc3b89dbe14c7fa8225a61bd917c7ad27e693364f,83c66952c63fe1d6b38dde622bba2d5550edd823bd8ae03ffcfea82af9d575ee
Paper_warehouse_161_63_gp_5/warehouse-10-20-10-2-1_agents_350_test_15,baseline,warehouse-10-20-10-2-1,350,15,True,131,28151,3979,9,960,0,161.228,7def7f537b704a58b6868c2093fe22e18497b3e3ec7f8f992544a3e07867e2a1,4f275d192013f78bf1eda16424693778675f7700a6e6fabc8af8fe750d13d423
Paper_den312d_65_81_gp_5/den312d_agents_450_test_6,baseline,den312d,450,6,True,97,31599,6220,21,736,0,205.382,bb3333a3d0fd6d5673c82a96378fb229633c522c2b66e0ae06c2dd4ac95da0cf,4f275d192013f78bf1eda16424693778675f7700a6e6fabc8af8fe750d13d423
Paper_warehouse_161_63_gp_5/warehouse-10-20-10-2-1_agents_300_test_6,baseline,warehouse-10-20-10-2-1,300,6,True,95,25473,4738,10,1286,0,143.681,b79895e86256f872f2648061fb42327e44906c36336e0eba67fbee6f06e0a057,4f275d192013f78bf1eda16424693778675f7700a6e6fabc8af8fe750d13d423
Paper_maze_32_32_2_gp_5/maze-32-32-2_agents_300_test_13,restart_fast,maze-32-32-2,300,13,True,48,30034,5360,50,1383,0,126.726,2176dd3f44844fb7cd3fd6d229e5eed5f6cf769b518ab62e39e07573e6ade653,83c66952c63fe1d6b38dde622bba2d5550edd823bd8ae03ffcfea82af9d575ee
Paper_room_64_64_8_gp_5/room-64-64-8_agents_450_test_13,baseline,room-64-64-8,450,13,True,122,35533,4487,15,1170,0,177.172,92f7578f902bb0094a14462f932433385b4bd78938b01c421ee55bf66a18ff1a,4f275d192013f78bf1eda16424693778675f7700a6e6fabc8af8fe750d13d423
Paper_den312d_65_81_gp_5/den312d_agents_400_test_13,restart_fast,den312d,400,13,True,67,23971,5194,23,757,0,156.879,6910aed26077b3f5b456a789e14a6c1eacb2efeb898ffe04314631bc90ef192d,83c66952c63fe1d6b38dde622bba2d5550edd823bd8ae03ffcfea82af9d575ee
Paper_random_32_32_gp_5/random-32-32-10_agents_500_test_8,restart_fast,random-32-32-10,500,8,True,51,16458,26306,9506,20,1,3417.02,9bc2fb0a700838dab5f731eb5f682396a0a7950529e00512fba3e51e60998850,83c66952c63fe1d6b38dde622bba2d5550edd823bd8ae03ffcfea82af9d575ee
Paper_Boston_gp_5/Boston_0_256_agents_250_test_6,restart_fast,Boston_0_256,250,6,True,622,32611,55544,4,390,2,4684.22,522026b636e918068027d563e0451179a6617ccb4f4c1d8c90057f8d7a4046a9,83c66952c63fe1d6b38dde622bba2d5550edd823bd8ae03ffcfea82af9d575ee
Paper_warehouse_161_63_gp_5/warehouse-10-20-10-2-1_agents_400_test_18,baseline,warehouse-10-20-10-2-1,400,18,True,144,33533,4777,11,1350,0,194.184,ea8c9ec9e2a813bd3534653e95b195f9d9f2e00e03cdf851fa5386a6253de8db,4f275d192013f78bf1eda16424693778675f7700a6e6fabc8af8fe750d13d423
Paper_symbotic_39_37_gp_5/symbotic_agents_400_test_0,baseline,symbotic,400,0,True,421,163352,4921,120,1556,0,220.723,5ded689aa4e8cf12bf6f7180c0570d873d4a7c69bec7c74e137d03daaa778200,4f275d192013f78bf1eda16424693778675f7700a6e6fabc8af8fe750d13d423
Paper_random_32_32_gp_5/random-32-32-10_agents_450_test_2,baseline,random-32-32-10,450,2,True,42,13207,5965,15,565,0,167.975,8c43e579aefc4eba0e6ba9ddfcae00dfdc400b0015b3ff288857da8c8f630152,4f275d192013f78bf1eda16424693778675f7700a6e6fabc8af8fe750d13d423
Paper_orz900d_gp_5/orz900d_agents_250_test_8,baseline,orz900d,250,8,True,4450,182462,5995,6,866,0,4019.89,955c7a60a5b42dc8eb0667aadac9e0ddd94cb3c9e5f1e2e3772291e5fbc8dcb7,4f275d192013f78bf1eda16424693778675f7700a6e6fabc8af8fe750d13d423
Paper_warehouse_161_63_gp_5/warehouse-10-20-10-2-1_agents_250_test_9,restart_fast,warehouse-10-20-10-2-1,250,9,True,71,19389,5410,4,1105,0,128.992,0849b774a9ce4e94d2126337ce170ac55300ae31d5bcfd0cadd522e1923c914d,83c66952c63fe1d6b38dde622bba2d5550edd823bd8ae03ffcfea82af9d575ee
Paper_Boston_gp_5/Boston_0_256_agents_400_test_13,restart_fast,Boston_0_256,400,13,True,1243,61600,14067,2,250,0,1406.83,282eb9af2f754f778084fbf5e72bc3d8fd017370bc155916f2d84a585b3f6bdb,83c66952c63fe1d6b38dde622bba2d5550edd823bd8ae03ffcfea82af9d575ee
Paper_maze_32_32_2_gp_5/maze-32-32-2_agents_500_test_10,baseline,maze-32-32-2,500,10,False,0,0,14053,129,21704,0,509.599,d8c92e070258de2084737fdbb9a697852a03525d2769eada4673544d57133883,4f275d192013f78bf1eda16424693778675f7700a6e6fabc8af8fe750d13d423
Paper_maze_32_32_2_gp_5/maze-32-32-2_agents_400_test_15,restart_fast,maze-32-32-2,400,15,True,302,61679,26728,298,686,2,3605.59,159cc9b254ae8e949f9e851a219ea38396ebd0ee106ab7a4965e06f74523f404,83c66952c63fe1d6b38dde622bba2d5550edd823bd8ae03ffcfea82af9d575ee
Paper_orz900d_gp_5/orz900d_agents_400_test_14,baseline,orz900d,400,14,True,7565,344862,4675,9,377,0,6747.49,5e289a4d903a6cb5a517f09ed7d70dd84f8cfbd686ae7255d36799434836ac38,4f275d192013f78bf1eda16424693778675f7700a6e6fabc8af8fe750d13d423
Paper_warehouse_161_63_gp_5/warehouse-10-20-10-2-1_agents_350_test_0,baseline,warehouse-10-20-10-2-1,350,0,True,117,29646,5228,9,1108,0,166.861,4b5b958870f8fb48a320e771ecc632aeeee18810bc1d2f08f2987a224d68a610,4f275d192013f78bf1eda16424693778675f7700a6e6fabc8af8fe750d13d423
Paper_room_64_64_8_gp_5/room-64-64-8_agents_300_test_19,baseline,room-64-64-8,300,19,True,68,20062,4501,6,1127,0,110.705,364b0989145fc516b7541cb33809e307371f382bb4458f658af523bfd6ee33fd,4f275d192013f78bf1eda16424693778675f7700a6e6fabc8af8fe750d13d423
Paper_random_32_32_gp_5/random-32-32-10_agents_400_test_18,baseline,random-32-32-10,400,18,True,35,11036,3606,11,1000,0,118.516,c5c120b4608f9699ea904043285d1e47f1ae7fa7e76b5482dc57d7c0ea2c0bcb,4f275d192013f78bf1eda16424693778675f7700a6e6fabc8af8fe750d13d423
Paper_maze_32_32_2_gp_5/maze-32-32-2_agents_350_test_14,restart_fast,maze-32-32-2,350,14,True,66,41138,6290,58,1007,0,168.157,863fc2054b103df204bd829e2d41e51ad7ee7c75bfe54f79127c8bcd06eceb4b,83c66952c63fe1d6b38dde622bba2d5550edd823bd8ae03ffcfea82af9d575ee
Paper_den312d_65_81_gp_5/den312d_agents_350_test_15,restart_fast,den312d,350,15,True,60,20262,6214,39,1644,1,169.851,474c875bb0ccca3fdc64dc0bd732884c8a517258366e2c49be9b3bf7321e5e70,83c66952c63fe1d6b38dde622bba2d5550edd823bd8ae03ffcfea82af9d575ee
Paper_maze_32_32_2_gp_5/maze-32-32-2_agents_400_test_2,baseline,maze-32-32-2,400,2,False,0,0,34810,90,51249,0,557.987,820dd22d524126def09573244a93914d0bdfd12ce1a9fda2b099574f5eff0995,4f275d192013f78bf1eda16424693778675f7700a6e6fabc8af8fe750d13d423
Paper_room_64_64_8_gp_5/room-64-64-8_agents_350_test_4,restart_fast,room-64-64-8,350,4,True,78,24079,32168,13,7,1,5367.38,b9958533da27955e1031e2d71b01c6d6be33c88de481775ca81aa4a08b6ca1c8,83c66952c63fe1d6b38dde622bba2d5550edd823bd8ae03ffcfea82af9d575ee
Paper_warehouse_161_63_gp_5/warehouse-10-20-10-2-1_agents_300_test_19,baseline,warehouse-10-20-10-2-1,300,19,True,91,24037,5202,5,1475,0,146.698,1e1c93cb5a6be520ae815b62e27cf08e95ca8c80a9485cf2a8b9f3e4d9572282,4f275d192013f78bf1eda16424693778675f7700a6e6fabc8af8fe750d13d423
Paper_orz900d_gp_5/orz900d_agents_450_test_5,baseline,orz900d,450,5,True,4677,389235,5885,20,864,0,3957.86,adfa5760fdda08e286999bb7b3631c6bd3d9464aa5eff6c8fee2559591842d71,4f275d192013f78bf1eda16424693778675f7700a6e6fabc8af8fe750d13d423
Paper_random_32_32_gp_5/random-32-32-10_agents_450_test_0,restart_fast,random-32-32-10,450,0,True,40,13143,6763,18,768,0,188.468,5af3fc172a95dc3862d060cf3ed580e86dcdc22f101506b3f16acde556cca77a,83c66952c63fe1d6b38dde622bba2d5550edd823bd8ae03ffcfea82af9d575ee
Paper_orz900d_gp_5/orz900d_agents_450_test_14,baseline,orz900d,450,14,True,8563,408747,3802,17,216,0,7564.11,be3cde5369af7f8fbdc91f9b34e67c6e55f213f682b1a682a66716a1a9073997,4f275d192013f78bf1eda16424693778675f7700a6e6fabc8af8fe750d13d423
Paper_Boston_gp_5/Boston_0_256_agents_450_test_16,baseline,Boston_0_256,450,16,True,3286,73939,5315,3,650,0,3142.36,e128d9a7a2f7f00d883997a2f9ff758a23b2fdaabef9095575a7c3fd9b89bff9,4f275d192013f78bf1eda16424693778675f7700a6e6fabc8af8fe750d13d423
Paper_symbotic_39_37_gp_5/symbotic_agents_300_test_15,restart_fast,symbotic,300,15,True,80,43990,4533,37,1078,0,123.299,1fe582e12d9aa552415f0980ac7523a34c67b0caf87b6f609ee0cb30c60833b5,83c66952c63fe1d6b38dde622bba2d5550edd823bd8ae03ffcfea82af9d575ee
Paper_den312d_65_81_gp_5/den312d_agents_300_test_5,restart_fast,den312d,300,5,True,46,17484,6390,35,1026,1,141.788,10e7dac11d52142fbc9eebcfc12e6af64dab19dbea034a167231f235def173f7,83c66952c63fe1d6b38dde622bba2d5550edd823bd8ae03ffcfea82af9d575ee
Paper_room_64_64_8_gp_5/room-64-64-8_agents_400_test_12,restart_fast,room-64-64-8,400,12,True,98,30014,8820,27,529,1,289.001,e703143f22867df7a9d102fffd4c81f830104363f32fea7288206319b5298c67,83c66952c63fe1d6b38dde622bba2d5550edd823bd8ae03ffcfea82af9d575ee
Paper_den312d_65_81_gp_5/den312d_agents_300_test_2,baseline,den312d,300,2,True,46,15784,4847,11,1020,0,92.7249,e1c2b440e9fdfd9bc09f6fff339e3c7ac332d72af14efa08dd0fa004e0245212,4f275d192013f78bf1eda16424693778675f7700a6e6fabc8af8fe750d13d423
Paper_symbotic_39_37_gp_5/symbotic_agents_250_test_14,baseline,symbotic,250,14,True,52,25886,4574,18,1512,0,89.42,d8c92fa46b4271e298910a5c3c1360531a01b142feef7742a2d15a302248314c,4f275d192013f78bf1eda16424693778675f7700a6e6fabc8af8fe750d13d423
Paper_den312d_65_81_gp_5/den312d_agents_400_test_12,baseline,den312d,400,12,True,79,26104,4232,27,917,0,139.808,d98c5346e568ffa30aa93dc2373e96c811519cb4ac51c2b57cea46fe97ce94a2,4f275d192013f78bf1eda16424693778675f7700a6e6fabc8af8fe750d13d423
Paper_warehouse_161_63_gp_5/warehouse-10-20-10-2-1_agents_400_test_12,restart_fast,warehouse-10-20-10-2-1,400,12,True,116,33442,3617,35,1327,1,228.727,1f173c8e99c466f92b6134cdf89212680860642488490b92b14c2b3e9ced39cf,83c66952c63fe1d6b38dde622bba2d5550edd823bd8ae03ffcfea82af9d575ee
Paper_symbotic_39_37_gp_5/symbotic_agents_250_test_7,restart_fast,symbotic,250,7,True,66,32366,6508,36,1212,0,126.542,717ae68ef45d6bd771f9abf1e5078e8e8384f36fa6b03a36157bb39753407be4,83c66952c63fe1d6b38dde622bba2d5550edd823bd8ae03ffcfea82af9d575ee
Paper_orz900d_gp_5/orz900d_agents_300_test_12,baseline,orz900d,300,12,True,2750,254061,6570,8,829,0,2320.64,0e26d37730d049b9306a00e5b2209c11918170f19517bcedecb9ad921767f1b2,4f275d192013f78bf1eda16424693778675f7700a6e6fabc8af8fe750d13d423
Paper_orz900d_gp_5/orz900d_agents_350_test_0,restart_fast,orz900d,350,0,True,4972,281287,6589,7,773,0,4487.99,fd2739f35e9fd6b3e94f2a7862a1da68687234f710e85807c0ccddc8305857cc,83c66952c63fe1d6b38dde622bba2d5550edd823bd8ae03ffcfea82af9d575ee
Paper_room_64_64_8_gp_5/room-64-64-8_agents_350_test_14,baseline,room-64-64-8,350,14,True,76,22465,7101,8,761,0,163.772,eefefdab6adf2140d27400c791f9890240054865b7a26bace98f60d05d476116,4f275d192013f78bf1eda16424693778675f7700a6e6fabc8af8fe750d13d423
Paper_orz900d_gp_5/orz900d_agents_500_test_16,baseline,orz900d,500,16,True,4259,447415,6605,18,740,0,3376.52,afd0b1bfc0e628c0b71c9cf5b3cbbc156011b4fc9ca8c469a8c705eb0cebdfa2,4f275d192013f78bf1eda16424693778675f7700a6e6fabc8af8fe750d13d423
Paper_symbotic_39_37_gp_5/symbotic_agents_350_test_6,restart_fast,symbotic,350,6,True,319,141730,5611,183,2006,0,195.303,6bf21984659beba3cb11749313f341eb7aeeb70e2659fd9c6dfe3c0c87bc5c43,83c66952c63fe1d6b38dde622bba2d5550edd823bd8ae03ffcfea82af9d575ee
Paper_orz900d_gp_5/orz900d_agents_300_test_12,restart_fast,orz900d,300,12,True,4786,254061,6380,8,766,0,4410.89,0e26d37730d049b9306a00e5b2209c11918170f19517bcedecb9ad921767f1b2,83c66952c63fe1d6b38dde622bba2d5550edd823bd8ae03ffcfea82af9d575ee
Paper_warehouse_161_63_gp_5/warehouse-10-20-10-2-1_agents_250_test_5,restart_fast,warehouse-10-20-10-2-1,250,5,True,67,17423,11090,21,2344,3,366.186,04644662c5944f39f514e1419bbd99299801fca251e5acae6332ca6e35dfee37,83c66952c63fe1d6b38dde622bba2d5550edd823bd8ae03ffcfea82af9d575ee
Paper_random_32_32_gp_5/random-32-32-10_agents_500_test_5,baseline,random-32-32-10,500,5,True,53,15739,3821,22,813,0,147.747,f66cf423e076bf803dba458a96998a7bd4cae385ff07230887e7cae4cc9638ef,4f275d192013f78bf1eda16424693778675f7700a6e6fabc8af8fe750d13d423
Paper_den312d_65_81_gp_5/den312d_agents_250_test_13,restart_fast,den312d,250,13,True,34,14947,7860,19,710,1,209.62,32f0a8adf74eaea25c728d1de5dc101be2fed86c906d14dee756dd5435a663b7,83c66952c63fe1d6b38dde622bba2d5550edd823bd8ae03ffcfea82af9d575ee
Paper_den312d_65_81_gp_5/den312d_agents_250_test_10,baseline,den312d,250,10,True,30,13007,5150,10,1234,0,90.2898,34c99bd02e5c481705322d86e41d180fde075a1427023d831465436872d92dea,4f275d192013f78bf1eda16424693778675f7700a6e6fabc8af8fe750d13d423
Paper_random_32_32_gp_5/random-32-32-10_agents_400_test_17,restart_fast,random-32-32-10,400,17,True,31,10950,5653,11,583,0,166.814,39fd0c2bae15a320bc201036dbc6f1a9ec8ec414d223a601b593ee0a603a8d66,83c66952c63fe1d6b38dde622bba2d5550edd823bd8ae03ffcfea82af9d575ee
Paper_symbotic_39_37_gp_5/symbotic_agents_400_test_13,restart_fast,symbotic,400,13,True,297,164305,6273,126,1118,0,289.132,dd53f38239ab93a5e89471190dce985ef5d48ffc687b86fd7ff2fc37e02db9a4,83c66952c63fe1d6b38dde622bba2d5550edd823bd8ae03ffcfea82af9d575ee
Paper_random_32_32_gp_5/random-32-32-10_agents_500_test_14,restart_fast,random-32-32-10,500,14,True,49,15246,18417,8542,53,1,4887.22,c25bea830c96b757f4d126929ea9894601cdcd333e0200da0cf1a72a6c5d3289,83c66952c63fe1d6b38dde622bba2d5550edd823bd8ae03ffcfea82af9d575ee
Paper_den312d_65_81_gp_5/den312d_agents_250_test_18,baseline,den312d,250,18,True,35,14041,4910,11,1055,0,85.412,4a0aa7c743588f6ccc47bcdbb48e86d2f38adce28a2ead02d77f08acdba5183b,4f275d192013f78bf1eda16424693778675f7700a6e6fabc8af8fe750d13d423
Paper_room_64_64_8_gp_5/room-64-64-8_agents_300_test_15,baseline,room-64-64-8,300,15,True,56,18294,4968,4,1182,0,115.894,8767f521d11e084e576fcc91a1f44b6d3785d2d2cacec3420c064a812aa511cf,4f275d192013f78bf1eda16424693778675f7700a6e6fabc8af8fe750d13d423
Paper_room_64_64_8_gp_5/room-64-64-8_agents_250_test_9,baseline,room-64-64-8,250,9,True,47,14861,6119,2,1159,0,128.928,cc742d8df2f62074806d6550eb476c899e97128d3d111cb42e8da31f5bc6bce5,4f275d192013f78bf1eda16424693778675f7700a6e6fabc8af8fe750d13d423
Paper_random_32_32_gp_5/random-32-32-10_agents_300_test_15,restart_fast,random-32-32-10,300,15,True,19,7196,23919,23,593,1,1938.67,5257f1faa23fd5e07d7f767e5970f7c136b8edd3791de71128b63c39c1f957c7,83c66952c63fe1d6b38dde622bba2d5550edd823bd8ae03ffcfea82af9d575ee
Paper_random_32_32_gp_5/random-32-32-10_agents_450_test_5,restart_fast,random-32-32-10,450,5,True,36,12852,18856,105,411,1,1392.58,f2c154d878260434159829e57e81f0f36e96ae6cd70a278f8e24e691d42a6177,83c66952c63fe1d6b38dde622bba2d5550edd823bd8ae03ffcfea82af9d575ee
Paper_symbotic_39_37_gp_5/symbotic_agents_500_test_2,baseline,symbotic,500,2,True,2529,1624891,10510,2450,1960,0,1016.6,7aa02af599e4ee8d5874c8f39739fd1f16bda502b93b1c2fb1830c2569148a30,4f275d192013f78bf1eda16424693778675f7700a6e6fabc8af8fe750d13d423
Paper_symbotic_39_37_gp_5/symbotic_agents_300_test_5,restart_fast,symbotic,300,5,True,249,139727,7179,403,1296,0,195.377,b7fd4154f580f22bc0ded6e9c42fce28ddf7a483fe6d2a105367180035899e62,83c66952c63fe1d6b38dde622bba2d5550edd823bd8ae03ffcfea82af9d575ee
Paper_warehouse_161_63_gp_5/warehouse-10-20-10-2-1_agents_300_test_16,restart_fast,warehouse-10-20-10-2-1,300,16,True,95,22077,8748,19,1119,1,381.123,a814c25942c9fec90bf401bbe0541ff1a3fcdd05a4121983ef55409f9712292e,83c66952c63fe1d6b38dde622bba2d5550edd823bd8ae03ffcfea82af9d575ee
Paper_Boston_gp_5/Boston_0_256_agents_500_test_10,restart_fast,Boston_0_256,500,10,True,1526,77941,6668,16,1235,2,1746.58,548322fcd2b9212919b8157e2f8915a2a19df504e3dcec5dcf411f75e254a27f,83c66952c63fe1d6b38dde622bba2d5550edd823bd8ae03ffcfea82af9d575ee
Paper_Boston_gp_5/Boston_0_256_agents_450_test_1,restart_fast,Boston_0_256,450,1,True,2227,66472,22548,5,259,1,3471.71,10a30f49bf028429a6ea430329d84a2c3960a74b21a4812354be6139c73c2015,83c66952c63fe1d6b38dde622bba2d5550edd823bd8ae03ffcfea82af9d575ee
Paper_room_64_64_8_gp_5/room-64-64-8_agents_350_test_15,restart_fast,room-64-64-8,350,15,True,77,24642,37630,11,147,1,5115.83,b214e5074cda492c2ef5ce84c606079a6cbccb7d1de08971b5ff993e401e9779,83c66952c63fe1d6b38dde622bba2d5550edd823bd8ae03ffcfea82af9d575ee
Paper_room_64_64_8_gp_5/room-64-64-8_agents_250_test_3,restart_fast,room-64-64-8,250,3,True,45,14102,8257,7,1675,2,166.832,376fe58bf5f35f00e35608486d0bd567f19c3b5f65945158a698c5af1781029f,83c66952c63fe1d6b38dde622bba2d5550edd823bd8ae03ffcfea82af9d575ee
Paper_warehouse_161_63_gp_5/warehouse-10-20-10-2-1_agents_300_test_14,baseline,warehouse-10-20-10-2-1,300,14,True,122,23755,4768,9,944,0,177.511,203a405f51b4a2ac25f416f8e845e92483a0687a28caed66c1bc72a6c8a0f77c,4f275d192013f78bf1eda16424693778675f7700a6e6fabc8af8fe750d13d423
Paper_random_32_32_gp_5/random-32-32-10_agents_400_test_0,restart_fast,random-32-32-10,400,0,True,35,11291,8052,24,707,1,699.02,729587b0da726ca762ecaa0183edd50dc0571a558c0933a8bc84797d6486e74b,83c66952c63fe1d6b38dde622bba2d5550edd823bd8ae03ffcfea82af9d575ee
Paper_symbotic_39_37_gp_5/symbotic_agents_450_test_12,restart_fast,symbotic,450,12,True,634,378933,9217,2352,452,1,1330.38,1cfe976c6392b9a1b9999c2cf8541b87824bdd256773d9c44f762b371979ce8b,83c66952c63fe1d6b38dde622bba2d5550edd823bd8ae03ffcfea82af9d575ee
Paper_den312d_65_81_gp_5/den312d_agents_400_test_5,restart_fast,den312d,400,5,True,65,26501,7222,29,1021,0,160.015,d70d4a483d369eddc0147ad1ce66f0467d14b951d645637c1f5c5ed51fa271cd,83c66952c63fe1d6b38dde622bba2d5550edd823bd8ae03ffcfea82af9d575ee
Paper_den312d_65_81_gp_5/den312d_agents_500_test_13,baseline,den312d,500,13,True,124,36912,4504,21,790,0,191.37,94708ad95c2b5b8624176f6757b7aa39ee07fc2c30b31e8d6976ae031b5148a0,4f275d192013f78bf1eda16424693778675f7700a6e6fabc8af8fe750d13d423
Paper_room_64_64_8_gp_5/room-64-64-8_agents_350_test_4,baseline,room-64-64-8,350,4,True,80,24079,5336,5,1050,0,129.436,b9958533da27955e1031e2d71b01c6d6be33c88de481775ca81aa4a08b6ca1c8,4f275d192013f78bf1eda16424693778675f7700a6e6fabc8af8fe750d13d423
Paper_orz900d_gp_5/orz900d_agents_250_test_14,baseline,orz900d,250,14,True,4257,190520,6178,10,901,0,3856.88,6a148d5585276a5c9826406b4c0ce2fd603a9f6c0c69ab9d382f1b06c6663ee8,4f275d192013f78bf1eda16424693778675f7700a6e6fabc8af8fe750d13d423
Paper_random_32_32_gp_5/random-32-32-10_agents_450_test_14,baseline,random-32-32-10,450,14,True,41,13197,4837,11,678,0,149.741,44422795dd9013d4c64f085680777bb01ba2b183a5480b304bc8f7c0295ad03a,4f275d192013f78bf1eda16424693778675f7700a6e6fabc8af8fe750d13d423
Paper_random_32_32_gp_5/random-32-32-10_agents_400_test_14,restart_fast,random-32-32-10,400,14,True,30,10411,4605,11,825,0,105.748,0471c4cab307aae376380ef9f71c3428adedbe76781650494a1fec58ff04259d,83c66952c63fe1d6b38dde622bba2d5550edd823bd8ae03ffcfea82af9d575ee
Paper_symbotic_39_37_gp_5/symbotic_agents_450_test_14,restart_fast,symbotic,450,14,True,914,455583,9892,242,868,0,500.107,0d5e518a1a0ba80b8743b904c72e12d70a49df8bfa74acd0152401b50ebc7c67,83c66952c63fe1d6b38dde622bba2d5550edd823bd8ae03ffcfea82af9d575ee
Paper_den312d_65_81_gp_5/den312d_agents_350_test_2,baseline,den312d,350,2,True,64,21960,4694,17,835,0,116.565,c532fbe90c8c2b0080a64849d4a474f20dc4ea3613a9630c689d8545072da79c,4f275d192013f78bf1eda16424693778675f7700a6e6fabc8af8fe750d13d423
Paper_symbotic_39_37_gp_5/symbotic_agents_400_test_10,restart_fast,symbotic,400,10,True,654,116323,14077,1095,1588,2,1882.7,219138e45f9d206ee876bac36bf189a25ad3db3faffc8b1747d45eec9b7bfcbe,83c66952c63fe1d6b38dde622bba2d5550edd823bd8ae03ffcfea82af9d575ee
Paper_maze_32_32_2_gp_5/maze-32-32-2_agents_450_test_17,restart_fast,maze-32-32-2,450,17,True,968,88081,11091,333,1911,2,608.893,cb47f0f5adc1d328a6dd63875e8e8153327a6bd5e3bd47605e1fa2fa01d67cf2,83c66952c63fe1d6b38dde622bba2d5550edd823bd8ae03ffcfea82af9d575ee
Paper_warehouse_161_63_gp_5/warehouse-10-20-10-2-1_agents_350_test_7,restart_fast,warehouse-10-20-10-2-1,350,7,True,115,28660,8172,36,1647,3,580.462,7245ab43ed4163a76d31fa13d861da2652cdb0dec5a26c3a9591eff536d3c68b,83c66952c63fe1d6b38dde622bba2d5550edd823bd8ae03ffcfea82af9d575ee
Paper_Boston_gp_5/Boston_0_256_agents_250_test_9,restart_fast,Boston_0_256,250,9,True,1660,36553,18297,2,940,1,1916.59,fed8b3e302a250cb17895a07d90a04b72f7207b6699bc9e27448ebcb4baa64f2,83c66952c63fe1d6b38dde622bba2d5550edd823bd8ae03ffcfea82af9d575ee
Paper_warehouse_161_63_gp_5/warehouse-10-20-10-2-1_agents_350_test_4,baseline,warehouse-10-20-10-2-1,350,4,True,118,32782,4783,8,1323,0,168.534,873601dcee60a8ca315398829204b453a357ea9df7f150a69c7bf7b637df634a,4f275d192013f78bf1eda16424693778675f7700a6e6fabc8af8fe750d13d423
Paper_room_64_64_8_gp_5/room-64-64-8_agents_450_test_4,baseline,room-64-64-8,450,4,True,133,38000,3939,25,1070,0,181.805,d9c8b2ad1bde60602f1f050116384363ad8fc7d0ee4c880a9c49465df4973d5c,4f275d192013f78bf1eda16424693778675f7700a6e6fabc8af8fe750d13d423
Paper_maze_32_32_2_gp_5/maze-32-32-2_agents_400_test_6,restart_fast,maze-32-32-2,400,6,True,108,67408,6946,100,929,0,238.99,b0330f0065baa8f37285eb6395aa3add6b300c18c389ff5b0b600b230f0b4693,83c66952c63fe1d6b38dde622bba2d5550edd823bd8ae03ffcfea82af9d575ee
Paper_symbotic_39_37_gp_5/symbotic_agents_250_test_8,baseline,symbotic,250,8,True,46,22970,3220,34,2017,0,94.0198,b4296bba855701612a3c89d13cc860328295860aaf35742ab27ec49b818c1510,4f275d192013f78bf1eda16424693778675f7700a6e6fabc8af8fe750d13d423
Paper_Boston_gp_5/Boston_0_256_agents_300_test_11,restart_fast,Boston_0_256,300,11,True,1105,40522,60131,4,14,1,3559.88,7549d037da8ef58cf1c87dadba43937072e1ab818a1cd40220a332e716530257,83c66952c63fe1d6b38dde622bba2d5550edd823bd8ae03ffcfea82af9d575ee
Paper_orz900d_gp_5/orz900d_agents_500_test_3,baseline,orz900d,500,3,True,9288,431176,2580,14,0,0,8194.43,7b4bf1d2c1740f3030f27e8a3ac18023ea6f6b85de830b53d93dfa7c8ef27345,4f275d192013f78bf1eda16424693778675f7700a6e6fabc8af8fe750d13d423
Paper_den312d_65_81_gp_5/den312d_agents_350_test_11,restart_fast,den312d,350,11,True,61,21924,5549,37,1193,1,164.08,f36bdf5ad3c39ca9b97eec2825a9bdc9cfa2c8c5bae28a93bb46a698c7eae291,83c66952c63fe1d6b38dde622bba2d5550edd823bd8ae03ffcfea82af9d575ee
Paper_den312d_65_81_gp_5/den312d_agents_400_test_2,restart_fast,den312d,400,2,True,68,25726,5279,22,769,0,145.536,191dab309963b349d55e79f109b682d980848b34c14d35b2f6b22239f3c80e42,83c66952c63fe1d6b38dde622bba2d5550edd823bd8ae03ffcfea82af9d575ee
Paper_maze_32_32_2_gp_5/maze-32-32-2_agents_250_test_1,baseline,maze-32-32-2,250,1,True,36,23007,5152,45,1228,0,95.1244,ff28dd62ecd2432a0d0aa0723163b8c3f116fa09cf64384a7906d3e2863f4433,4f275d192013f78bf1eda16424693778675f7700a6e6fabc8af8fe750d13d423
Paper_room_64_64_8_gp_5/room-64-64-8_agents_400_test_10,restart_fast,room-64-64-8,400,10,True,97,30258,4453,10,1055,0,147.398,4c05b7e7658ca7c47a4051bc1d244d2c7131ab5063bb37f96e60a43d4402e7f0,83c66952c63fe1d6b38dde622bba2d5550edd823bd8ae03ffcfea82af9d575ee
Paper_orz900d_gp_5/orz900d_agents_400_test_3,baseline,orz900d,400,3,True,7504,315963,4751,9,453,0,6713.48,26f5b68ece0d400aac3db0ea2531e00a5fe8b69fa114f310e555bc03809218ef,4f275d192013f78bf1eda16424693778675f7700a6e6fabc8af8fe750d13d423
Paper_warehouse_161_63_gp_5/warehouse-10-20-10-2-1_agents_350_test_18,restart_fast,warehouse-10-20-10-2-1,350,18,True,103,26577,12383,54,2469,5,1003.67,e406c044adf9d8018de9d57eb9cb0fa968be9806020ac3daac0b0cf829bc8da0,83c66952c63fe1d6b38dde622bba2d5550edd823bd8ae03ffcfea82af9d575ee
Paper_room_64_64_8_gp_5/room-64-64-8_agents_500_test_0,restart_fast,room-64-64-8,500,0,True,130,39202,14064,34,801,2,1276.96,79bc902f6af7a949cab8b6a1039aaba36146fc044bebfe6097446ba686225dff,83c66952c63fe1d6b38dde622bba2d5550edd823bd8ae03ffcfea82af9d575ee
Paper_room_64_64_8_gp_5/room-64-64-8_agents_400_test_16,restart_fast,room-64-64-8,400,16,True,93,30597,30169,590,511,1,2786.72,c2111315a81b1b605175056f7c0299dd01b8bd93e072ce9596965135dd1b490b,83c66952c63fe1d6b38dde622bba2d5550edd823bd8ae03ffcfea82af9d575ee
Paper_maze_32_32_2_gp_5/maze-32-32-2_agents_500_test_9,baseline,maze-32-32-2,500,9,False,0,0,30051,183,28999,0,667.868,787fc8193c72e7a2bc84120dcb2d5ad1a292ff62b336157de68375e891af7851,4f275d192013f78bf1eda16424693778675f7700a6e6fabc8af8fe750d13d423
Paper_room_64_64_8_gp_5/room-64-64-8_agents_450_test_5,baseline,room-64-64-8,450,5,True,126,35606,6399,9,733,0,224.117,ae596d430ecddec9a9f52d8c293d63f0bf1d8b6a4b80053ba42649a3e610b839,4f275d192013f78bf1eda16424693778675f7700a6e6fabc8af8fe750d13d423
Paper_Boston_gp_5/Boston_0_256_agents_500_test_7,restart_fast,Boston_0_256,500,7,True,3642,78082,12965,7,86,0,3891.78,67523e3477a928d10be94a3cf836b6afbcddc5ccad61dbb62274d6a507d1ff16,83c66952c63fe1d6b38dde622bba2d5550edd823bd8ae03ffcfea82af9d575ee
Paper_warehouse_161_63_gp_5/warehouse-10-20-10-2-1_agents_250_test_19,restart_fast,warehouse-10-20-10-2-1,250,19,True,72,18514,8072,23,2282,2,369.803,e1eae9cfbc87134bca7195fb9a471bacd818212b38a2f7aa9955b1cddc23e394,83c66952c63fe1d6b38dde622bba2d5550edd823bd8ae03ffcfea82af9d575ee
Paper_orz900d_gp_5/orz900d_agents_450_test_16,baseline,orz900d,450,16,True,8269,374019,4719,16,308,0,7328.94,3dba03d0b31775f17a3be2de6f24659d3ffdd3bcbba48f75610a91372c331564,4f275d192013f78bf1eda16424693778675f7700a6e6fabc8af8fe750d13d423
Paper_random_32_32_gp_5/random-32-32-10_agents_400_test_19,restart_fast,random-32-32-10,400,19,True,32,11212,5521,15,817,0,161.607,01f1bb9bb2798a6cfde2bdc3fcf4f5565cb1ea3855c75613233160fbc061d859,83c66952c63fe1d6b38dde622bba2d5550edd823bd8ae03ffcfea82af9d575ee
Paper_warehouse_161_63_gp_5/warehouse-10-20-10-2-1_agents_400_test_16,restart_fast,warehouse-10-20-10-2-1,400,16,True,146,35095,6467,20,1590,2,329.619,9dcb134422cb2c918472183316e17f77eb805a60f85916b718d4ec099cebec66,83c66952c63fe1d6b38dde622bba2d5550edd823bd8ae03ffcfea82af9d575ee
Paper_random_32_32_gp_5/random-32-32-10_agents_450_test_9,baseline,random-32-32-10,450,9,True,41,12582,7461,13,549,0,186.144,60c47cc987b8c25d53ce49c6ebc5c08d40f94aae2dc7ac8fbe5f68b5243dc661,4f275d192013f78bf1eda16424693778675f7700a6e6fabc8af8fe750d13d423
Paper_random_32_32_gp_5/random-32-32-10_agents_250_test_8,restart_fast,random-32-32-10,250,8,True,14,6082,7569,48,1530,1,156.503,c3837b6dc1435f69395e47a7b933db0f3b99a155d18457f9ebe5fc13a5d12af0,83c66952c63fe1d6b38dde622bba2d5550edd823bd8ae03ffcfea82af9d575ee
Paper_den312d_65_81_gp_5/den312d_agents_300_test_8,restart_fast,den312d,300,8,True,44,16724,17419,30,710,1,796.432,b5c8d26250c8a827040364e0d73f6677a036ef3a837016c3e77d9db77d09b3ba,83c66952c63fe1d6b38dde622bba2d5550edd823bd8ae03ffcfea82af9d575ee
Paper_symbotic_39_37_gp_5/symbotic_agents_350_test_0,baseline,symbotic,350,0,True,304,110227,6680,93,1134,0,198.104,d8efe4e8cdce00340c93a31bbd9f6f0d6e0d164316fccb11c21bc0bd58ab9c08,4f275d192013f78bf1eda16424693778675f7700a6e6fabc8af8fe750d13d423
Paper_room_64_64_8_gp_5/room-64-64-8_agents_250_test_13,restart_fast,room-64-64-8,250,13,True,40,15060,73431,11,60,1,4136.76,cb8b319b499863194d9423002cf9fb2898f8e2b416c0de051bcd3a987fc822e9,83c66952c63fe1d6b38dde622bba2d5550edd823bd8ae03ffcfea82af9d575ee
Paper_orz900d_gp_5/orz900d_agents_500_test_11,baseline,orz900d,500,11,True,9198,427258,2855,22,0,0,8129.19,b8f73c2d475e484041ed3fe83ad1b8755dcc57c9be5378e2923b0112e5f46ead,4f275d192013f78bf1eda16424693778675f7700a6e6fabc8af8fe750d13d423
Paper_orz900d_gp_5/orz900d_agents_350_test_11,baseline,orz900d,350,11,True,5346,295916,6380,17,512,0,4862.38,c9635f14306d61794cdd0169d1d54c635033119efc6679c45d899445d1809f40,4f275d192013f78bf1eda16424693778675f7700a6e6fabc8af8fe750d13d423
Paper_random_32_32_gp_5/random-32-32-10_agents_450_test_2,restart_fast,random-32-32-10,450,2,True,40,12962,14402,38,741,2,777.555,8c43e579aefc4eba0e6ba9ddfcae00dfdc400b0015b3ff288857da8c8f630152,83c66952c63fe1d6b38dde622bba2d5550edd823bd8ae03ffcfea82af9d575ee
Paper_maze_32_32_2_gp_5/maze-32-32-2_agents_250_test_16,baseline,maze-32-32-2,250,16,True,35,23690,8063,46,901,0,132.042,20de39ed95fb275d7beb32afe6e351983f5e7605d10fe67500c82c3c7b093121,4f275d192013f78bf1eda16424693778675f7700a6e6fabc8af8fe750d13d423
Paper_room_64_64_8_gp_5/room-64-64-8_agents_400_test_3,baseline,room-64-64-8,400,3,True,109,32432,4056,12,1219,0,151.193,7c50e987fddea676115735c65a87f40dcfb2c4389f36ce7af85f90acbbe4de8b,4f275d192013f78bf1eda16424693778675f7700a6e6fabc8af8fe750d13d423
Paper_room_64_64_8_gp_5/room-64-64-8_agents_400_test_4,restart_fast,room-64-64-8,400,4,True,97,27693,35009,34,730,2,2644.54,adb992af802e77cd8928c68d1eeb7a13f745a6263ebd7ef13d8d3fd3fd5e2658,83c66952c63fe1d6b38dde622bba2d5550edd823bd8ae03ffcfea82af9d575ee
Paper_room_64_64_8_gp_5/room-64-64-8_agents_250_test_4,restart_fast,room-64-64-8,250,4,True,42,14138,5519,4,1062,0,99.2503,9bb8f3fd4a181da3c3cbffdd2ceaca89a1fbcc7459d1587e937c0f62b194eb77,83c66952c63fe1d6b38dde622bba2d5550edd823bd8ae03ffcfea82af9d575ee
Paper_symbotic_39_37_gp_5/symbotic_agents_250_test_17,restart_fast,symbotic,250,17,True,56,27105,4819,35,1900,0,85.1807,4d614594e61be9d83dc83d1786c1254c1f429c3f219571b120c9d60348eeb1b8,83c66952c63fe1d6b38dde622bba2d5550edd823bd8ae03ffcfea82af9d575ee
Paper_maze_32_32_2_gp_5/maze-32-32-2_agents_500_test_8,restart_fast,maze-32-32-2,500,8,False,0,0,29631,2427,12466,13,2320.35,740ae1ced06029d57696629d273661cf8de772002eb6ca27d8bc91bdfdb30f9f,83c66952c63fe1d6b38dde622bba2d5550edd823bd8ae03ffcfea82af9d575ee
Paper_random_32_32_gp_5/random-32-32-10_agents_250_test_11,restart_fast,random-32-32-10,250,11,True,12,5374,4678,9,1210,1,80.9679,57915aa742c01e45de16788dc3faf58bcb8986ac2177393cf4d86c646d279877,83c66952c63fe1d6b38dde622bba2d5550edd823bd8ae03ffcfea82af9d575ee
Paper_Boston_gp_5/Boston_0_256_agents_300_test_13,baseline,Boston_0_256,300,13,True,1377,44035,4619,1,1072,0,1304.96,f7fac998c1c6003d4136d8ca200c00a2d9cdb1ff5a8d3be6fa4b6db088e4f0ad,4f275d192013f78bf1eda16424693778675f7700a6e6fabc8af8fe750d13d423
Paper_maze_32_32_2_gp_5/maze-32-32-2_agents_400_test_18,baseline,maze-32-32-2,400,18,False,0,0,32283,145,53071,0,392.572,3229781e2cb8f39e39c99b46e81be2638a2cd7cbf4f2006b75778b502fc9cf54,4f275d192013f78bf1eda16424693778675f7700a6e6fabc8af8fe750d13d423
Paper_random_32_32_gp_5/random-32-32-10_agents_500_test_15,baseline,random-32-32-10,500,15,True,54,15216,3908,17,864,0,164.327,e40eda0719a924befc625e3ecb00f1ab995750a5a72a1138e82bfba51d93a982,4f275d192013f78bf1eda16424693778675f7700a6e6fabc8af8fe750d13d423
Paper_symbotic_39_37_gp_5/symbotic_agents_300_test_9,restart_fast,symbotic,300,9,True,122,62937,4758,40,1655,0,118.123,bb2e73258585987bb84efa55a9b054ad3893e95466bacac98fcfabc41caef09b,83c66952c63fe1d6b38dde622bba2d5550edd823bd8ae03ffcfea82af9d575ee
Paper_orz900d_gp_5/orz900d_agents_300_test_17,baseline,orz900d,300,17,True,5567,260221,5921,9,674,0,4969.08,ded1ba13f9528fc2009a22145acdd43d67db04e10c105528b5fe55a4ab6c0b64,4f275d192013f78bf1eda16424693778675f7700a6e6fabc8af8fe750d13d423
Paper_random_32_32_gp_5/random-32-32-10_agents_500_test_2,baseline,random-32-32-10,500,2,True,53,14955,7325,16,467,0,233.574,d0f0aa56764e2a3db05c4b37254b3af31a23a1d393c8f6eaaeb7f57fa1ae692e,4f275d192013f78bf1eda16424693778675f7700a6e6fabc8af8fe750d13d423
Paper_random_32_32_gp_5/random-32-32-10_agents_250_test_18,restart_fast,random-32-32-10,250,18,True,13,5581,5698,7,1164,0,93.7964,d818351d44d2c76fc8439fc43d089f22df298a13140c770937015b064e36572a,83c66952c63fe1d6b38dde622bba2d5550edd823bd8ae03ffcfea82af9d575ee
Paper_warehouse_161_63_gp_5/warehouse-10-20-10-2-1_agents_250_test_3,restart_fast,warehouse-10-20-10-2-1,250,3,True,69,16685,9584,16,1588,1,635.972,35c1d920d0fc89e72216e9bcfb1bfc7f3234881a8362f9ce971985418fbd9674,83c66952c63fe1d6b38dde622bba2d5550edd823bd8ae03ffcfea82af9d575ee
Paper_orz900d_gp_5/orz900d_agents_300_test_2,restart_fast,orz900d,300,2,True,4485,248175,6299,17,892,0,4042.77,8db7bd97f5fc54b4f7090784a8ef52d4b1fa2d45b061acc8377ff2e7b3ada744,83c66952c63fe1d6b38dde622bba2d5550edd823bd8ae03ffcfea82af9d575ee
Paper_warehouse_161_63_gp_5/warehouse-10-20-10-2-1_agents_350_test_13,baseline,warehouse-10-20-10-2-1,350,13,True,109,29188,4488,19,1216,0,149.181,b9fdf8975f05e2e013ae91c800744095fcc841cd478920eef7252a732b3ae9fe,4f275d192013f78bf1eda16424693778675f7700a6e6fabc8af8fe750d13d423
Paper_warehouse_161_63_gp_5/warehouse-10-20-10-2-1_agents_450_test_17,baseline,warehouse-10-20-10-2-1,450,17,True,161,40769,5957,71,1114,0,229.557,f331e85139f40192d7cc86bfdd6fd816f292a3092c76338c4d32b38d6f22757d,4f275d192013f78bf1eda16424693778675f7700a6e6fabc8af8fe750d13d423
Paper_warehouse_161_63_gp_5/warehouse-10-20-10-2-1_agents_300_test_10,restart_fast,warehouse-10-20-10-2-1,300,10,True,83,20423,4886,10,1130,0,124.313,8a0489ab1e43b2cba7a597a985835ba46be122c99893381ba4e567846c857f18,83c66952c63fe1d6b38dde622bba2d5550edd823bd8ae03ffcfea82af9d575ee
Paper_den312d_65_81_gp_5/den312d_agents_250_test_0,restart_fast,den312d,250,0,True,34,14789,10557,30,1353,1,365.364,bc12e5e554b82781cca80a2fe634949b5f5520c938a305c92b604a86e7cde320,83c66952c63fe1d6b38dde622bba2d5550edd823bd8ae03ffcfea82af9d575ee
Paper_warehouse_161_63_gp_5/warehouse-10-20-10-2-1_agents_500_test_11,restart_fast,warehouse-10-20-10-2-1,500,11,True,192,45815,7351,54,1782,2,454.124,38bfafbb0dd74673f52e9a7874905afe27b2584dc63a1076160a00136bc25332,83c66952c63fe1d6b38dde622bba2d5550edd823bd8ae03ffcfea82af9d575ee
Paper_Boston_gp_5/Boston_0_256_agents_400_test_9,baseline,Boston_0_256,400,9,True,2976,60539,3868,1,861,0,2862.63,af64eaa7a8b85dca36b032e94e115aaf4f0b07a14e24e8ad1ac79809103f4dcd,4f275d192013f78bf1eda16424693778675f7700a6e6fabc8af8fe750d13d423
Paper_Boston_gp_5/Boston_0_256_agents_250_test_1,baseline,Boston_0_256,250,1,True,1294,38776,19440,1,214,0,1440.43,197771a38992ec9eeaca3eb8a8b9b27935584118e8e7fbc1ef09aafa567ef18d,4f275d192013f78bf1eda16424693778675f7700a6e6fabc8af8fe750d13d423
Paper_room_64_64_8_gp_5/room-64-64-8_agents_400_test_6,restart_fast,room-64-64-8,400,6,True,96,28835,25742,1279,1328,3,1786.92,7958c0844968072f8c97e045e508802727e5ed87596866d77f7815a191c1fae3,83c66952c63fe1d6b38dde622bba2d5550edd823bd8ae03ffcfea82af9d575ee
Paper_random_32_32_gp_5/random-32-32-10_agents_450_test_8,restart_fast,random-32-32-10,450,8,True,41,13235,4385,64,809,0,143.565,05c94facf8aa662f399d45c964401e4aec325ebee0a811a64a74eae9a7b90abb,83c66952c63fe1d6b38dde622bba2d5550edd823bd8ae03ffcfea82af9d575ee
Paper_Boston_gp_5/Boston_0_256_agents_350_test_14,baseline,Boston_0_256,350,14,True,2336,52789,11395,0,475,0,2374.62,db7b8b33a183c12f82a1309faf784c507706341c2cc496366497d91d09d0cb34,4f275d192013f78bf1eda16424693778675f7700a6e6fabc8af8fe750d13d423
Paper_orz900d_gp_5/orz900d_agents_450_test_6,restart_fast,orz900d,450,6,True,7372,365143,4507,16,406,0,6697.73,e9d28c43836051b7d6fe70c000da24226ac548ad5bd9ca574ff783aa46ff8d77,83c66952c63fe1d6b38dde622bba2d5550edd823bd8ae03ffcfea82af9d575ee
Paper_orz900d_gp_5/orz900d_agents_400_test_12,baseline,orz900d,400,12,True,7158,341164,4939,13,521,0,6367.87,6cb26c91539915e47be074528afe4ccd0dc4e8da1f627f0929faa0524cac3a82,4f275d192013f78bf1eda16424693778675f7700a6e6fabc8af8fe750d13d423
Paper_random_32_32_gp_5/random-32-32-10_agents_350_test_10,restart_fast,random-32-32-10,350,10,True,24,8258,24628,21,783,2,2486.34,32c2bb6158ed628761c77abe288c0530c12f56e724e4dd45c7df5b94d9ee4bba,83c66952c63fe1d6b38dde622bba2d5550edd823bd8ae03ffcfea82af9d575ee
Paper_symbotic_39_37_gp_5/symbotic_agents_450_test_6,baseline,symbotic,450,6,True,878,514797,7337,470,1008,0,430.919,c0e994a9a719be438714b783dd8e2af06cdccf51a2fe068bf7c039ead817cca2,4f275d192013f78bf1eda16424693778675f7700a6e6fabc8af8fe750d13d423
Paper_orz900d_gp_5/orz900d_agents_500_test_12,baseline,orz900d,500,12,True,7319,416643,4686,36,429,0,6387.49,02674876286abcdea3566f1b00515775691c5dd65367724e8818f93a1a8602f5,4f275d192013f78bf1eda16424693778675f7700a6e6fabc8af8fe750d13d423
Paper_Boston_gp_5/Boston_0_256_agents_500_test_4,restart_fast,Boston_0_256,500,4,True,2518,74100,19082,6,23,1,6018.11,dba2bfba109d02c2f18d1746ba23784ff96cab2e4eedc7055225e9a2fbb32908,83c66952c63fe1d6b38dde622bba2d5550edd823bd8ae03ffcfea82af9d575ee
Paper_Boston_gp_5/Boston_0_256_agents_400_test_1,baseline,Boston_0_256,400,1,True,935,56463,4049,5,1020,0,855.281,b7f5a69acc6faa47f2a5918ba332bffb772ca43693bcd78b8a2e011130154984,4f275d192013f78bf1eda16424693778675f7700a6e6fabc8af8fe750d13d423
Paper_random_32_32_gp_5/random-32-32-10_agents_400_test_16,baseline,random-32-32-10,400,16,True,32,10731,6862,32,791,0,194.616,6d85f6f2fd7b260a913eed269f40a09f18be8d7874ab93692e1ee5ccd6467b53,4f275d192013f78bf1eda16424693778675f7700a6e6fabc8af8fe750d13d423
Paper_orz900d_gp_5/orz900d_agents_500_test_0,restart_fast,orz900d,500,0,True,7168,399532,4509,17,469,0,6352.26,8aa408629ab03e1a6f3adee07e454b987370a1a1a28e631553571ba812bef853,83c66952c63fe1d6b38dde622bba2d5550edd823bd8ae03ffcfea82af9d575ee
Paper_warehouse_161_63_gp_5/warehouse-10-20-10-2-1_agents_400_test_13,baseline,warehouse-10-20-10-2-1,400,13,True,133,34518,5433,11,1383,0,183.533,dbd67f59d2bcf6ca3ba099872e639cfd4f0fa4fdb38d1b3ec7a98f57b4acd056,4f275d192013f78bf1eda16424693778675f7700a6e6fabc8af8fe750d13d423
Paper_maze_32_32_2_gp_5/maze-32-32-2_agents_300_test_1,restart_fast,maze-32-32-2,300,1,True,51,32968,43790,200,395,2,4509.32,580d39e00ddb30e3949bee32ee2e7670559a34a1573f498514f5a5dd01ab28bc,83c66952c63fe1d6b38dde622bba2d5550edd823bd8ae03ffcfea82af9d575ee
Paper_orz900d_gp_5/orz900d_agents_300_test_16,baseline,orz900d,300,16,True,4856,260680,6102,10,704,0,4300.92,d5d179d6713f6ce7061dd1b7800f1a84024ebaa53a70503854cad29d7fef2a15,4f275d192013f78bf1eda16424693778675f7700a6e6fabc8af8fe750d13d423
Paper_maze_32_32_2_gp_5/maze-32-32-2_agents_500_test_2,baseline,maze-32-32-2,500,2,False,0,0,38851,3111,15527,0,1193.36,4e2afc1ae2cf2ec3e0ae65b3cc180e28d27f5cffdd34c44b27aa5a44fd66e6d6,4f275d192013f78bf1eda16424693778675f7700a6e6fabc8af8fe750d13d423
Paper_symbotic_39_37_gp_5/symbotic_agents_350_test_1,restart_fast,symbotic,350,1,True,226,103458,12956,1791,1117,1,616.006,67c80585ee2786cf9e5657f7702aa9ae03001bb086d62344125754b64633aa0a,83c66952c63fe1d6b38dde622bba2d5550edd823bd8ae03ffcfea82af9d575ee
Paper_orz900d_gp_5/orz900d_agents_300_test_14,baseline,orz900d,300,14,True,4994,250725,6221,16,840,0,4533.18,c11d1ab9f76efcc6c49b2cdbc739499a8582112a86d88f6500f2192759dc85df,4f275d192013f78bf1eda16424693778675f7700a6e6fabc8af8fe750d13d423
Paper_orz900d_gp_5/orz900d_agents_400_test_0,restart_fast,orz900d,400,0,True,6397,299612,5385,13,623,0,5778.98,52faf7e66be356d3d74aabff1a35204628175ae6572ac9e3cc2580954b9e1037,83c66952c63fe1d6b38dde622bba2d5550edd823bd8ae03ffcfea82af9d575ee
Paper_random_32_32_gp_5/random-32-32-10_agents_300_test_12,baseline,random-32-32-10,300,12,True,20,6925,5080,4,1350,0,91.0228,2796e925f8ebe874f31de73c2c489bdf9eb9acfd68b3b8a01ffb857f57f4d2b1,4f275d192013f78bf1eda16424693778675f7700a6e6fabc8af8fe750d13d423
Paper_maze_32_32_2_gp_5/maze-32-32-2_agents_250_test_10,baseline,maze-32-32-2,250,10,True,34,22931,6166,40,1325,0,112.893,7618ed9fafce090d33a660fa4c5fed3a2bec0f352bd6b1189044ab586043235c,4f275d192013f78bf1eda16424693778675f7700a6e6fabc8af8fe750d13d423
Paper_room_64_64_8_gp_5/room-64-64-8_agents_450_test_17,restart_fast,room-64-64-8,450,17,True,108,33161,20238,20,822,1,4052.19,4d226b533e21011f60e965aa745b5b08bb58e6245e738727c962fafd1e2b4ea9,83c66952c63fe1d6b38dde622bba2d5550edd823bd8ae03ffcfea82af9d575ee
Paper_Boston_gp_5/Boston_0_256_agents_350_test_5,baseline,Boston_0_256,350,5,True,1650,53425,4673,1,1159,0,1578.9,65cf67501345bfd289f410056e2e291ff0b8c19af2b1cd64bb62dc6b857977a2,4f275d192013f78bf1eda16424693778675f7700a6e6fabc8af8fe750d13d423
Paper_symbotic_39_37_gp_5/symbotic_agents_450_test_12,baseline,symbotic,450,12,True,777,378933,5436,275,1091,0,479.203,1cfe976c6392b9a1b9999c2cf8541b87824bdd256773d9c44f762b371979ce8b,4f275d192013f78bf1eda16424693778675f7700a6e6fabc8af8fe750d13d423
Paper_warehouse_161_63_gp_5/warehouse-10-20-10-2-1_agents_350_test_5,baseline,warehouse-10-20-10-2-1,350,5,True,128,30191,5291,8,1305,0,166.112,f1f7a49c10bee7d4386b340aa690c2df367f5fca9ca12da5d7cab0fca814f10c,4f275d192013f78bf1eda16424693778675f7700a6e6fabc8af8fe750d13d423
Paper_maze_32_32_2_gp_5/maze-32-32-2_agents_500_test_19,restart_fast,maze-32-32-2,500,19,False,0,0,43813,1528,3361,3,2204.75,0595be00a9032ecedd2eb54a7b4fd45cb5255a55ec49038c44b91efe5891e2be,83c66952c63fe1d6b38dde622bba2d5550edd823bd8ae03ffcfea82af9d575ee
Paper_maze_32_32_2_gp_5/maze-32-32-2_agents_350_test_4,baseline,maze-32-32-2,350,4,True,79,46991,5478,454,1171,0,160.905,f678493794dff5d4880fed823bd682ce26a85aaf1fbf504189aff5343992fb3d,4f275d192013f78bf1eda16424693778675f7700a6e6fabc8af8fe750d13d423
Paper_symbotic_39_37_gp_5/symbotic_agents_400_test_8,restart_fast,symbotic,400,8,True,1257,803315,20006,6752,839,1,1007.95,3cbe5ac98fe93ac2037b765d8df5c83522eef0709400b91d5893df6d3c5979b5,83c66952c63fe1d6b38dde622bba2d5550edd823bd8ae03ffcfea82af9d575ee
Paper_room_64_64_8_gp_5/room-64-64-8_agents_500_test_14,baseline,room-64-64-8,500,14,True,143,42192,5845,10,1143,0,214.338,c737d87418e6796f5805f04056c6edfed4d796e8fa849efc0a29c261c534a4a7,4f275d192013f78bf1eda16424693778675f7700a6e6fabc8af8fe750d13d423
Paper_random_32_32_gp_5/random-32-32-10_agents_450_test_17,restart_fast,random-32-32-10,450,17,True,37,12720,6075,14,1008,0,164.913,485e9d53e0918072aff3c0db8d1efaafc1b319791bd83058ae4ac94efd27f531,83c66952c63fe1d6b38dde622bba2d5550edd823bd8ae03ffcfea82af9d575ee
Paper_random_32_32_gp_5/random-32-32-10_agents_400_test_6,restart_fast,random-32-32-10,400,6,True,31,10949,11926,1120,577,1,431.294,16a4983a59aa9dd26693bd072dcf7ba02d25c5205053a96bc85ea5f504b9c17a,83c66952c63fe1d6b38dde622bba2d5550edd823bd8ae03ffcfea82af9d575ee
Paper_symbotic_39_37_gp_5/symbotic_agents_400_test_12,restart_fast,symbotic,400,12,True,473,253317,13720,4396,1253,1,1055.97,61bd03453b076d27d82a3679f0177dd097282ba09b0d07e34112079918fec33b,83c66952c63fe1d6b38dde622bba2d5550edd823bd8ae03ffcfea82af9d575ee
Paper_room_64_64_8_gp_5/room-64-64-8_agents_500_test_12,baseline,room-64-64-8,500,12,True,150,40598,5842,15,879,0,222.726,c30d1778a58360ffff24aca2193bc02d451fe0d6d0e28da8e22d19691260603a,4f275d192013f78bf1eda16424693778675f7700a6e6fabc8af8fe750d13d423
Paper_symbotic_39_37_gp_5/symbotic_agents_500_test_9,restart_fast,symbotic,500,9,True,1211,816331,9498,2148,738,0,861.884,1d2c213838637a110946f020c5ac882e0fcfe8c21e0e624d79ef5fd5f2c9a824,83c66952c63fe1d6b38dde622bba2d5550edd823bd8ae03ffcfea82af9d575ee
Paper_random_32_32_gp_5/random-32-32-10_agents_500_test_3,restart_fast,random-32-32-10,500,3,True,48,15818,22103,121,332,1,1249.19,7cd70532f10c1fa9af9d4fe095c1d094714887777ded72602b44f5f99a07e271,83c66952c63fe1d6b38dde622bba2d5550edd823bd8ae03ffcfea82af9d575ee
Paper_random_32_32_gp_5/random-32-32-10_agents_350_test_8,restart_fast,random-32-32-10,350,8,True,23,8673,18599,723,509,1,1086.52,641979b12e53cc7857c8b0eec99cb5a51106caca9827fc3fdd2ddc562509f5e1,83c66952c63fe1d6b38dde622bba2d5550edd823bd8ae03ffcfea82af9d575ee
Paper_den312d_65_81_gp_5/den312d_agents_400_test_15,restart_fast,den312d,400,15,True,73,25042,7771,21,1024,0,174.513,45101788d55f382028190963d502b3cafd6baa373ab6b421cc7e6d7140052f87,83c66952c63fe1d6b38dde622bba2d5550edd823bd8ae03ffcfea82af9d575ee
Paper_random_32_32_gp_5/random-32-32-10_agents_300_test_11,baseline,random-32-32-10,300,11,True,19,7034,7990,2,1234,0,130.65,bbc275884bfa588a52626c9e54f57a9823b2abd8f4d5645f9d99a05849b196d6,4f275d192013f78bf1eda16424693778675f7700a6e6fabc8af8fe750d13d423
Paper_symbotic_39_37_gp_5/symbotic_agents_500_test_11,restart_fast,symbotic,500,11,False,0,0,25114,24543,1513,3,5533.35,51af342dbe04cfa73bc54de06324b6cb7b9c3832224ae332614e6ad97f8f84d0,83c66952c63fe1d6b38dde622bba2d5550edd823bd8ae03ffcfea82af9d575ee
Paper_random_32_32_gp_5/random-32-32-10_agents_400_test_8,restart_fast,random-32-32-10,400,8,True,29,10068,29179,299,787,2,1409,fee176a095ff632405814758d0d95bcc5f6d8e024205c17c081a5430022dd15a,83c66952c63fe1d6b38dde622bba2d5550edd823bd8ae03ffcfea82af9d575ee
Paper_orz900d_gp_5/orz900d_agents_450_test_13,baseline,orz900d,450,13,True,6810,370310,5986,13,717,0,6022.7,d8a284703eb615c4f6864740838f32d84f50d6069df65cc794c4d2d45ed86cb5,4f275d192013f78bf1eda16424693778675f7700a6e6fabc8af8fe750d13d423
Paper_warehouse_161_63_gp_5/warehouse-10-20-10-2-1_agents_400_test_18,restart_fast,warehouse-10-20-10-2-1,400,18,True,134,33533,5087,640,3207,1,274.544,ea8c9ec9e2a813bd3534653e95b195f9d9f2e00e03cdf851fa5386a6253de8db,83c66952c63fe1d6b38dde622bba2d5550edd823bd8ae03ffcfea82af9d575ee
Paper_room_64_64_8_gp_5/room-64-64-8_agents_350_test_0,baseline,room-64-64-8,350,0,True,67,22711,7922,10,1419,0,152.819,e84b6c4e15854b5c39ac37d890b5fb3e370e358b27d53b622d9f9a4608cc022e,4f275d192013f78bf1eda16424693778675f7700a6e6fabc8af8fe750d13d423
Paper_room_64_64_8_gp_5/room-64-64-8_agents_400_test_2,restart_fast,room-64-64-8,400,2,True,100,31064,24413,37,1320,2,2768.59,533600497b6e14a8db907a4978b103ed194cf872991db4eb6d5c68cc42a6176d,83c66952c63fe1d6b38dde622bba2d5550edd823bd8ae03ffcfea82af9d575ee
Paper_Boston_gp_5/Boston_0_256_agents_250_test_14,restart_fast,Boston_0_256,250,14,True,606,36564,74808,0,33,0,2489.01,f67117c3c2919a82061c1514afef88081d661b354e3ef7a6b8b13ae4b82ea537,83c66952c63fe1d6b38dde622bba2d5550edd823bd8ae03ffcfea82af9d575ee
Paper_orz900d_gp_5/orz900d_agents_250_test_19,baseline,orz900d,250,19,True,3878,182199,8878,9,1475,0,3536.13,12e9ae5d29b18ae11546eaae22179c579af61e8f537e4ee274823d91e9ee4845,4f275d192013f78bf1eda16424693778675f7700a6e6fabc8af8fe750d13d423
Paper_symbotic_39_37_gp_5/symbotic_agents_500_test_3,restart_fast,symbotic,500,3,True,1350,727418,8175,4101,146,1,1522.48,53b8861397ad8219c9689fbbcfd4f0024f9c00838d91b8d5b6720ecf0dd1a230,83c66952c63fe1d6b38dde622bba2d5550edd823bd8ae03ffcfea82af9d575ee
Paper_symbotic_39_37_gp_5/symbotic_agents_500_test_5,restart_fast,symbotic,500,5,True,3550,2526690,27032,22000,3674,2,3930.64,ca1fa4f10f4fa2d390c551c9d72a8ecf3abeb0a87828e672a2e8c63dbd6aaf78,83c66952c63fe1d6b38dde622bba2d5550edd823bd8ae03ffcfea82af9d575ee
Paper_orz900d_gp_5/orz900d_agents_500_test_7,restart_fast,orz900d,500,7,True,4752,433625,17386,56,358,2,5863.96,52ec76d170833e68387f50b7a844b48fe530963f0bf072fdce2673074ce8007d,83c66952c63fe1d6b38dde622bba2d5550edd823bd8ae03ffcfea82af9d575ee
Paper_symbotic_39_37_gp_5/symbotic_agents_500_test_1,baseline,symbotic,500,1,True,3925,2224040,19140,3250,1726,0,1309.4,1bfafcb09eb20b27f2231fa11379f74ab4e70841f49f27551dda4b1cc9b01c55,4f275d192013f78bf1eda16424693778675f7700a6e6fabc8af8fe750d13d423
