anytime,anytime_cost_updates,assignment_calls,assignment_changes,assignment_time_ms,case_id,collision_free,constraint_failures,constraints_generated,constraints_popped,exit_code,external_timed_out,final_agent_assignment_changes,final_assignment_changes,first_solution_cost,first_solution_time_ms,fixture_file,focal_tie_break,focal_weight,force_full_assignment,goal_valid,hl_duplicate_configs,hl_loop_iterations,hl_nodes_created,hl_nodes_explored,hl_reinsertions,incumbent_updates,makespan,map_file,matrix_file,method,moves_valid,num_agents,num_unique_tasks,open_max_size,pibt_calls,pibt_failures,pibt_recursions,runtime_ms,search_mode,search_mode_arg,seed,soc,solution_cost,solution_depth,solution_parent_edge_cost,solved,solver,start_valid,stderr,suite,sum_of_loss,swap_applied,swap_checks,time_limit,timed_out,unique_goal_assignment,valid_instance,valid_solution,wall_time_s
1,1,49,0,0.1987,Paper_symbotic_39_37_gp_5/symbotic_agents_10_test_0,1,0,197,48,0,0,0,0,177,0,/media/project0/yimin/lacam_tapf_itacbs_data/Paper_symbotic_39_37_gp_5/symbotic_agents_10_test_0.yaml,h,1.5,0,1,0,49,49,49,0,1,48,,,lacam_focal_h,1,10,,49,480,0,0,0,focal,focal,0,177,177,48,177,1,lacam_tapf,1,,exp1,177,0,480,10.0,0,1,1,1,0.006706714630126953
1,10,29,0,0.255344,Paper_symbotic_39_37_gp_5/symbotic_agents_10_test_1,1,0,121,29,0,0,0,0,154,0,/media/project0/yimin/lacam_tapf_itacbs_data/Paper_symbotic_39_37_gp_5/symbotic_agents_10_test_1.yaml,h,1.5,0,1,1,31,29,29,0,1,27,,,lacam_focal_h,1,10,,29,289,0,1,0,focal,focal,1,152,152,27,152,1,lacam_tapf,1,,exp1,152,0,289,10.0,0,1,1,1,0.007745027542114258
1,1,49,0,0.333605,Paper_symbotic_39_37_gp_5/symbotic_agents_10_test_0,1,0,197,48,0,0,0,0,177,0,/media/project0/yimin/lacam_tapf_itacbs_data/Paper_symbotic_39_37_gp_5/symbotic_agents_10_test_0.yaml,h,1.5,0,1,0,49,49,49,0,1,48,,,lacam_dfs,1,10,,49,480,0,0,0,dfs,dfs,0,177,177,48,177,1,lacam_tapf,1,,exp1,177,0,480,10.0,0,1,1,1,0.009634733200073242
1,10,29,0,0.191045,Paper_symbotic_39_37_gp_5/symbotic_agents_10_test_1,1,0,121,29,0,0,0,0,154,0,/media/project0/yimin/lacam_tapf_itacbs_data/Paper_symbotic_39_37_gp_5/symbotic_agents_10_test_1.yaml,h,1.5,0,1,1,41,29,29,0,1,27,,,lacam_dfs,1,10,,28,289,0,1,0,dfs,dfs,1,152,152,27,152,1,lacam_tapf,1,,exp1,152,0,289,10.0,0,1,1,1,0.008229255676269531
1,1,39,0,0.29461,Paper_symbotic_39_37_gp_5/symbotic_agents_10_test_3,1,0,155,38,0,0,0,0,196,0,/media/project0/yimin/lacam_tapf_itacbs_data/Paper_symbotic_39_37_gp_5/symbotic_agents_10_test_3.yaml,h,1.5,0,1,0,39,39,39,0,1,38,,,lacam_dfs,1,10,,39,380,0,0,0,dfs,dfs,3,196,196,38,196,1,lacam_tapf,1,,exp1,196,0,380,10.0,0,1,1,1,0.008543252944946289
1,2,52,1,0.318957,Paper_symbotic_39_37_gp_5/symbotic_agents_10_test_6,1,0,175,51,0,0,2,1,205,0,/media/project0/yimin/lacam_tapf_itacbs_data/Paper_symbotic_39_37_gp_5/symbotic_agents_10_test_6.yaml,h,1.5,0,1,0,53,52,52,0,2,27,,,lacam_focal_h,1,10,,52,499,0,1,0,focal,focal,6,170,167,27,167,1,lacam_tapf,1,,exp1,170,10,499,10.0,0,1,1,1,0.008882284164428711
1,1,39,0,0.3785,Paper_symbotic_39_37_gp_5/symbotic_agents_10_test_3,1,0,155,38,0,0,0,0,196,0,/media/project0/yimin/lacam_tapf_itacbs_data/Paper_symbotic_39_37_gp_5/symbotic_agents_10_test_3.yaml,h,1.5,0,1,0,39,39,39,0,1,38,,,lacam_focal_h,1,10,,39,380,0,0,0,focal,focal,3,196,196,38,196,1,lacam_tapf,1,,exp1,196,0,380,10.0,0,1,1,1,0.009660959243774414
1,1,35,0,0.171069,Paper_symbotic_39_37_gp_5/symbotic_agents_10_test_14,1,0,141,34,0,0,0,0,179,0,/media/project0/yimin/lacam_tapf_itacbs_data/Paper_symbotic_39_37_gp_5/symbotic_agents_10_test_14.yaml,h,1.5,0,1,0,35,35,35,0,1,34,,,lacam_focal_h,1,10,,35,340,0,2,0,focal,focal,14,179,179,34,179,1,lacam_tapf,1,,exp1,179,0,340,10.0,0,1,1,1,0.0070803165435791016
1,1,25,0,0.158819,Paper_symbotic_39_37_gp_5/symbotic_agents_10_test_9,1,0,89,24,0,0,0,0,154,0,/media/project0/yimin/lacam_tapf_itacbs_data/Paper_symbotic_39_37_gp_5/symbotic_agents_10_test_9.yaml,h,1.5,0,1,0,25,25,25,0,1,24,,,lacam_focal_h,1,10,,25,240,0,0,0,focal,focal,9,154,154,24,154,1,lacam_tapf,1,,exp1,154,0,240,10.0,0,1,1,1,0.009607315063476562
1,1,25,0,0.348071,Paper_symbotic_39_37_gp_5/symbotic_agents_10_test_9,1,0,89,24,0,0,0,0,154,0,/media/project0/yimin/lacam_tapf_itacbs_data/Paper_symbotic_39_37_gp_5/symbotic_agents_10_test_9.yaml,h,1.5,0,1,0,25,25,25,0,1,24,,,lacam_dfs,1,10,,25,240,0,0,0,dfs,dfs,9,154,154,24,154,1,lacam_tapf,1,,exp1,154,0,240,10.0,0,1,1,1,0.010258913040161133
1,1,39,0,0.291261,Paper_symbotic_39_37_gp_5/symbotic_agents_10_test_10,1,0,158,38,0,0,0,0,197,0,/media/project0/yimin/lacam_tapf_itacbs_data/Paper_symbotic_39_37_gp_5/symbotic_agents_10_test_10.yaml,h,1.5,0,1,0,39,39,39,0,1,38,,,lacam_dfs,1,10,,39,380,0,0,0,dfs,dfs,10,197,197,38,197,1,lacam_tapf,1,,exp1,197,0,380,10.0,0,1,1,1,0.010232925415039062
1,1,35,0,0.252799,Paper_symbotic_39_37_gp_5/symbotic_agents_10_test_14,1,0,141,34,0,0,0,0,179,0,/media/project0/yimin/lacam_tapf_itacbs_data/Paper_symbotic_39_37_gp_5/symbotic_agents_10_test_14.yaml,h,1.5,0,1,0,35,35,35,0,1,34,,,lacam_dfs,1,10,,35,340,0,2,0,dfs,dfs,14,179,179,34,179,1,lacam_tapf,1,,exp1,179,0,340,10.0,0,1,1,1,0.009353160858154297
1,1,38,0,0.256779,Paper_symbotic_39_37_gp_5/symbotic_agents_10_test_17,1,0,140,37,0,0,0,0,157,0,/media/project0/yimin/lacam_tapf_itacbs_data/Paper_symbotic_39_37_gp_5/symbotic_agents_10_test_17.yaml,h,1.5,0,1,0,38,38,38,0,1,37,,,lacam_dfs,1,10,,38,370,0,0,0,dfs,dfs,17,157,157,37,157,1,lacam_tapf,1,,exp1,157,0,370,10.0,0,1,1,1,0.00858616828918457
1,1,39,0,0.394443,Paper_symbotic_39_37_gp_5/symbotic_agents_10_test_10,1,0,158,38,0,0,0,0,197,0,/media/project0/yimin/lacam_tapf_itacbs_data/Paper_symbotic_39_37_gp_5/symbotic_agents_10_test_10.yaml,h,1.5,0,1,0,39,39,39,0,1,38,,,lacam_focal_h,1,10,,39,380,0,0,1,focal,focal,10,197,197,38,197,1,lacam_tapf,1,,exp1,197,0,380,10.0,0,1,1,1,0.010631799697875977
1,1,40,0,0.251079,Paper_symbotic_39_37_gp_5/symbotic_agents_10_test_16,1,0,146,39,0,0,0,0,205,0,/media/project0/yimin/lacam_tapf_itacbs_data/Paper_symbotic_39_37_gp_5/symbotic_agents_10_test_16.yaml,h,1.5,0,1,0,40,40,40,0,1,39,,,lacam_focal_h,1,10,,40,390,0,0,0,focal,focal,16,205,205,39,205,1,lacam_tapf,1,,exp1,205,0,390,10.0,0,1,1,1,0.009523153305053711
1,1,38,0,0.380973,Paper_symbotic_39_37_gp_5/symbotic_agents_10_test_17,1,0,140,37,0,0,0,0,157,0,/media/project0/yimin/lacam_tapf_itacbs_data/Paper_symbotic_39_37_gp_5/symbotic_agents_10_test_17.yaml,h,1.5,0,1,0,38,38,38,0,1,37,,,lacam_focal_h,1,10,,38,370,0,0,0,focal,focal,17,157,157,37,157,1,lacam_tapf,1,,exp1,157,0,370,10.0,0,1,1,1,0.009611845016479492
1,1,40,0,0.664671,Paper_symbotic_39_37_gp_5/symbotic_agents_10_test_16,1,0,146,39,0,0,0,0,205,1,/media/project0/yimin/lacam_tapf_itacbs_data/Paper_symbotic_39_37_gp_5/symbotic_agents_10_test_16.yaml,h,1.5,0,1,0,40,40,40,0,1,39,,,lacam_dfs,1,10,,40,390,0,0,1,dfs,dfs,16,205,205,39,205,1,lacam_tapf,1,,exp1,205,0,390,10.0,0,1,1,1,0.010634422302246094
1,2,1487,136,4.64326,Paper_symbotic_39_37_gp_5/symbotic_agents_10_test_4,1,0,7853,1877,0,0,2,1,169,0,/media/project0/yimin/lacam_tapf_itacbs_data/Paper_symbotic_39_37_gp_5/symbotic_agents_10_test_4.yaml,h,1.5,0,1,391,1879,1487,1487,0,2,28,,,lacam_focal_h,1,10,,47,9281,0,0,35,focal,focal,4,168,168,28,168,1,lacam_tapf,1,,exp1,168,0,9281,10.0,0,1,1,1,0.0434260368347168
1,2,1487,136,4.86081,Paper_symbotic_39_37_gp_5/symbotic_agents_10_test_4,1,0,7853,1877,0,0,2,1,169,0,/media/project0/yimin/lacam_tapf_itacbs_data/Paper_symbotic_39_37_gp_5/symbotic_agents_10_test_4.yaml,h,1.5,0,1,391,1897,1487,1487,0,2,28,,,lacam_dfs,1,10,,29,9281,0,0,35,dfs,dfs,4,168,168,28,168,1,lacam_tapf,1,,exp1,168,0,9281,10.0,0,1,1,1,0.04411816596984863
1,1,7002,0,34.4638,Paper_symbotic_39_37_gp_5/symbotic_agents_20_test_2,1,2511,40987,12342,0,0,0,0,358,0,/media/project0/yimin/lacam_tapf_itacbs_data/Paper_symbotic_39_37_gp_5/symbotic_agents_20_test_2.yaml,h,1.5,0,1,2830,12343,7002,7002,0,1,33,,,lacam_focal_h,1,20,,34,129568,0,7,9086,focal,focal,2,381,358,33,358,1,lacam_tapf,1,,exp1,358,0,129568,10.0,0,1,1,1,9.110069274902344
1,1,6584,0,34.2425,Paper_symbotic_39_37_gp_5/symbotic_agents_30_test_1,1,1620,40588,11169,0,0,0,0,608,2,/media/project0/yimin/lacam_tapf_itacbs_data/Paper_symbotic_39_37_gp_5/symbotic_agents_30_test_1.yaml,h,1.5,0,1,2966,11170,6584,6584,0,1,69,,,lacam_focal_h,1,30,,6584,222191,0,13,9079,focal,focal,1,649,608,69,608,1,lacam_tapf,1,,exp1,608,24,222191,10.0,0,1,1,1,9.106346368789673
1,1,5491,1,35.3516,Paper_symbotic_39_37_gp_5/symbotic_agents_30_test_10,1,1794,30048,9951,0,0,2,1,616,2,/media/project0/yimin/lacam_tapf_itacbs_data/Paper_symbotic_39_37_gp_5/symbotic_agents_30_test_10.yaml,h,1.5,0,1,2667,9952,5491,5491,0,1,51,,,lacam_focal_h,1,30,,5363,185148,0,41,9075,focal,focal,10,646,616,51,616,1,lacam_tapf,1,,exp1,626,18,185148,10.0,0,1,1,1,9.101139307022095
1,1,5966,0,58.693,Paper_symbotic_39_37_gp_5/symbotic_agents_30_test_3,1,14759,75209,22465,0,0,0,0,668,2,/media/project0/yimin/lacam_tapf_itacbs_data/Paper_symbotic_39_37_gp_5/symbotic_agents_30_test_3.yaml,h,1.5,0,1,1741,22466,5966,5966,0,1,69,,,lacam_focal_h,1,30,,5966,173077,1,141,9082,focal,focal,3,681,668,69,668,1,lacam_tapf,1,,exp1,668,17,173077,10.0,0,1,1,1,9.111871242523193
1,1,6243,0,33.083,Paper_symbotic_39_37_gp_5/symbotic_agents_30_test_11,1,5136,44009,14636,0,0,0,0,624,2,/media/project0/yimin/lacam_tapf_itacbs_data/Paper_symbotic_39_37_gp_5/symbotic_agents_30_test_11.yaml,h,1.5,0,1,3258,14654,6243,6243,0,1,50,,,lacam_dfs,1,30,,51,214436,0,31,9083,dfs,dfs,11,639,624,50,624,1,lacam_tapf,1,,exp1,624,85,214436,10.0,0,1,1,1,9.110385179519653
1,1,6046,1,41.3882,Paper_symbotic_39_37_gp_5/symbotic_agents_30_test_10,1,2,27142,9017,0,0,2,1,616,2,/media/project0/yimin/lacam_tapf_itacbs_data/Paper_symbotic_39_37_gp_5/symbotic_agents_30_test_10.yaml,h,1.5,0,1,2970,9029,6046,6046,0,1,51,,,lacam_dfs,1,30,,52,206890,0,41,9088,dfs,dfs,10,646,616,51,616,1,lacam_tapf,1,,exp1,626,14,206890,10.0,0,1,1,1,9.11850881576538
1,1,7615,0,34.7038,Paper_symbotic_39_37_gp_5/symbotic_agents_10_test_13,1,8256,73762,18593,0,0,0,0,229,0,/media/project0/yimin/lacam_tapf_itacbs_data/Paper_symbotic_39_37_gp_5/symbotic_agents_10_test_13.yaml,h,1.5,0,1,2723,18594,7615,7615,0,1,52,,,lacam_focal_h,1,10,,7615,27628,0,1,9102,focal,focal,13,241,229,52,229,1,lacam_tapf,1,,exp1,229,9,27628,10.0,0,1,1,1,9.131489515304565
1,1,7822,0,39.7459,Paper_symbotic_39_37_gp_5/symbotic_agents_20_test_1,1,3853,59965,14787,0,0,0,0,366,0,/media/project0/yimin/lacam_tapf_itacbs_data/Paper_symbotic_39_37_gp_5/symbotic_agents_20_test_1.yaml,h,1.5,0,1,3113,14802,7822,7822,0,1,44,,,lacam_dfs,1,20,,45,142485,0,7,9098,dfs,dfs,1,373,366,44,366,1,lacam_tapf,1,,exp1,366,15,142485,10.0,0,1,1,1,9.132652997970581
1,1,6671,0,39.7567,Paper_symbotic_39_37_gp_5/symbotic_agents_30_test_0,1,9350,59423,18400,0,0,0,0,711,2,/media/project0/yimin/lacam_tapf_itacbs_data/Paper_symbotic_39_37_gp_5/symbotic_agents_30_test_0.yaml,h,1.5,0,1,2380,18418,6671,6671,0,1,62,,,lacam_dfs,1,30,,63,212138,0,97,9087,dfs,dfs,0,716,711,62,711,1,lacam_tapf,1,,exp1,711,62,212138,10.0,0,1,1,1,9.12529444694519
1,1,6693,0,32.1744,Paper_symbotic_39_37_gp_5/symbotic_agents_20_test_3,1,5618,57493,15784,0,0,0,0,405,1,/media/project0/yimin/lacam_tapf_itacbs_data/Paper_symbotic_39_37_gp_5/symbotic_agents_20_test_3.yaml,h,1.5,0,1,3474,15789,6693,6693,0,1,43,,,lacam_dfs,1,20,,44,128696,0,27,9100,dfs,dfs,3,437,405,43,405,1,lacam_tapf,1,,exp1,405,11,128696,10.0,0,1,1,1,9.136592626571655
1,1,7786,0,34.2292,Paper_symbotic_39_37_gp_5/symbotic_agents_20_test_6,1,267,36503,11816,0,0,0,0,424,1,/media/project0/yimin/lacam_tapf_itacbs_data/Paper_symbotic_39_37_gp_5/symbotic_agents_20_test_6.yaml,h,1.5,0,1,3764,11817,7786,7786,0,1,40,,,lacam_focal_h,1,20,,49,156933,0,71,9102,focal,focal,6,428,424,40,424,1,lacam_tapf,1,,exp1,424,839,156933,10.0,0,1,1,1,9.137316703796387
1,1,5918,0,43.1087,Paper_symbotic_39_37_gp_5/symbotic_agents_30_test_9,1,1335,40094,10128,0,0,0,0,531,2,/media/project0/yimin/lacam_tapf_itacbs_data/Paper_symbotic_39_37_gp_5/symbotic_agents_30_test_9.yaml,h,1.5,0,1,2876,10129,5918,5918,0,1,48,,,lacam_focal_h,1,30,,49,209159,1,45,9093,focal,focal,9,531,531,48,531,1,lacam_tapf,1,,exp1,531,0,209159,10.0,0,1,1,1,9.129394292831421
1,2,6462,1067,37.7543,Paper_symbotic_39_37_gp_5/symbotic_agents_30_test_2,1,8118,63121,18036,0,0,2,1,545,1,/media/project0/yimin/lacam_tapf_itacbs_data/Paper_symbotic_39_37_gp_5/symbotic_agents_30_test_2.yaml,h,1.5,0,1,3457,18038,6462,6462,0,2,37,,,lacam_focal_h,1,30,,84,226884,0,62,9093,focal,focal,2,576,538,37,538,1,lacam_tapf,1,,exp1,558,55,226884,10.0,0,1,1,1,9.134799718856812
1,1,7503,0,29.8985,Paper_symbotic_39_37_gp_5/symbotic_agents_20_test_2,1,3015,46011,13598,0,0,0,0,358,0,/media/project0/yimin/lacam_tapf_itacbs_data/Paper_symbotic_39_37_gp_5/symbotic_agents_20_test_2.yaml,h,1.5,0,1,3081,13601,7503,7503,0,1,33,,,lacam_dfs,1,20,,34,138592,0,7,9106,dfs,dfs,2,381,358,33,358,1,lacam_tapf,1,,exp1,358,0,138592,10.0,0,1,1,1,9.144972324371338
1,1,7574,0,34.9522,Paper_symbotic_39_37_gp_5/symbotic_agents_20_test_13,1,2300,55636,12366,0,0,0,0,370,1,/media/project0/yimin/lacam_tapf_itacbs_data/Paper_symbotic_39_37_gp_5/symbotic_agents_20_test_13.yaml,h,1.5,0,1,2493,12377,7574,7574,0,1,34,,,lacam_dfs,1,20,,35,139914,0,9,9100,dfs,dfs,13,406,370,34,370,1,lacam_tapf,1,,exp1,370,7,139914,10.0,0,1,1,1,9.142679452896118
1,1,6494,0,44.0322,Paper_symbotic_39_37_gp_5/symbotic_agents_30_test_9,1,1335,44409,10991,0,0,0,0,531,1,/media/project0/yimin/lacam_tapf_itacbs_data/Paper_symbotic_39_37_gp_5/symbotic_agents_30_test_9.yaml,h,1.5,0,1,3163,11017,6494,6494,0,1,48,,,lacam_dfs,1,30,,49,229008,1,45,9095,dfs,dfs,9,531,531,48,531,1,lacam_tapf,1,,exp1,531,0,229008,10.0,0,1,1,1,9.136481761932373
1,1,8037,2471,51.3772,Paper_symbotic_39_37_gp_5/symbotic_agents_20_test_16,1,0,32465,9872,0,0,0,0,324,1,/media/project0/yimin/lacam_tapf_itacbs_data/Paper_symbotic_39_37_gp_5/symbotic_agents_20_test_16.yaml,h,1.5,0,1,1836,9885,8037,8037,0,1,29,,,lacam_dfs,1,20,,30,137710,0,1321,9103,dfs,dfs,16,356,324,29,324,1,lacam_tapf,1,,exp1,324,2,137710,10.0,0,1,1,1,9.142723083496094
1,7,8422,691,35.391,Paper_symbotic_39_37_gp_5/symbotic_agents_20_test_15,1,692,41000,12018,0,0,0,0,380,0,/media/project0/yimin/lacam_tapf_itacbs_data/Paper_symbotic_39_37_gp_5/symbotic_agents_20_test_15.yaml,h,1.5,0,1,2905,12019,8422,8422,0,1,38,,,lacam_focal_h,1,20,,63,154032,0,541,9104,focal,focal,15,401,378,38,378,1,lacam_tapf,1,,exp1,378,0,154032,10.0,0,1,1,1,9.143157720565796
1,1,9419,0,37.3919,Paper_symbotic_39_37_gp_5/symbotic_agents_10_test_11,1,1144,54479,13121,0,0,0,0,136,0,/media/project0/yimin/lacam_tapf_itacbs_data/Paper_symbotic_39_37_gp_5/symbotic_agents_10_test_11.yaml,h,1.5,0,1,2559,13150,9419,9419,0,1,40,,,lacam_dfs,1,10,,41,39881,0,0,9113,dfs,dfs,11,136,136,40,136,1,lacam_tapf,1,,exp1,136,0,39881,10.0,0,1,1,1,9.153072595596313
1,1,6858,0,35.5955,Paper_symbotic_39_37_gp_5/symbotic_agents_30_test_11,1,3888,43955,14609,0,0,0,0,624,2,/media/project0/yimin/lacam_tapf_itacbs_data/Paper_symbotic_39_37_gp_5/symbotic_agents_30_test_11.yaml,h,1.5,0,1,3864,14610,6858,6858,0,1,50,,,lacam_focal_h,1,30,,76,241287,0,28,9093,focal,focal,11,639,624,50,624,1,lacam_tapf,1,,exp1,624,193,241287,10.0,0,1,1,1,9.139304637908936
1,1,8819,1,39.0602,Paper_symbotic_39_37_gp_5/symbotic_agents_10_test_19,1,4212,68048,16840,0,0,2,1,292,0,/media/project0/yimin/lacam_tapf_itacbs_data/Paper_symbotic_39_37_gp_5/symbotic_agents_10_test_19.yaml,h,1.5,0,1,3810,16841,8819,8819,0,1,66,,,lacam_focal_h,1,10,,8819,27174,0,5,9109,focal,focal,19,345,292,66,292,1,lacam_tapf,1,,exp1,345,33,27174,10.0,0,1,1,1,9.159539222717285
1,1,6356,0,50.9383,Paper_symbotic_39_37_gp_5/symbotic_agents_30_test_8,1,1965,35098,10240,0,0,0,0,681,2,/media/project0/yimin/lacam_tapf_itacbs_data/Paper_symbotic_39_37_gp_5/symbotic_agents_30_test_8.yaml,h,1.5,0,1,1920,10241,6356,6356,0,1,47,,,lacam_focal_h,1,30,,49,194073,0,31,9106,focal,focal,8,765,681,47,681,1,lacam_tapf,1,,exp1,681,9,194073,10.0,0,1,1,1,9.152321815490723
1,1,8766,0,36.2948,Paper_symbotic_39_37_gp_5/symbotic_agents_20_test_5,1,4803,78496,17331,0,0,0,0,278,0,/media/project0/yimin/lacam_tapf_itacbs_data/Paper_symbotic_39_37_gp_5/symbotic_agents_20_test_5.yaml,h,1.5,0,1,3763,17349,8766,8766,0,1,33,,,lacam_dfs,1,20,,34,171247,0,9,9109,dfs,dfs,5,291,278,33,278,1,lacam_tapf,1,,exp1,278,4,171247,10.0,0,1,1,1,9.168527603149414
1,1,8322,129,57.7595,Paper_symbotic_39_37_gp_5/symbotic_agents_20_test_14,1,0,31322,10392,0,0,0,0,386,0,/media/project0/yimin/lacam_tapf_itacbs_data/Paper_symbotic_39_37_gp_5/symbotic_agents_20_test_14.yaml,h,1.5,0,1,2071,10393,8322,8322,0,1,31,,,lacam_focal_h,1,20,,32,141168,0,10365,9114,focal,focal,14,389,386,31,386,1,lacam_tapf,1,,exp1,386,0,141168,10.0,0,1,1,1,9.167229652404785
1,1,7701,0,31.4584,Paper_symbotic_39_37_gp_5/symbotic_agents_20_test_1,1,5652,68182,16430,0,0,0,0,366,0,/media/project0/yimin/lacam_tapf_itacbs_data/Paper_symbotic_39_37_gp_5/symbotic_agents_20_test_1.yaml,h,1.5,0,1,3078,16431,7701,7701,0,1,44,,,lacam_focal_h,1,20,,7701,140530,0,7,9113,focal,focal,1,373,366,44,366,1,lacam_tapf,1,,exp1,366,20,140530,10.0,0,1,1,1,9.174520254135132
1,11,6857,1,43.1359,Paper_symbotic_39_37_gp_5/symbotic_agents_30_test_4,1,538,31203,10253,0,0,3,1,747,2,/media/project0/yimin/lacam_tapf_itacbs_data/Paper_symbotic_39_37_gp_5/symbotic_agents_30_test_4.yaml,h,1.5,0,1,2859,10254,6857,6857,0,1,56,,,lacam_focal_h,1,30,,62,232957,0,107,9111,focal,focal,4,755,745,56,745,1,lacam_tapf,1,,exp1,745,0,232957,10.0,0,1,1,1,9.166456699371338
1,1,7063,1,41.8048,Paper_symbotic_39_37_gp_5/symbotic_agents_30_test_6,1,0,44773,9552,0,0,2,1,618,1,/media/project0/yimin/lacam_tapf_itacbs_data/Paper_symbotic_39_37_gp_5/symbotic_agents_30_test_6.yaml,h,1.5,0,1,2490,9558,7063,7063,0,1,43,,,lacam_dfs,1,30,,44,217108,0,39,9106,dfs,dfs,6,662,618,43,618,1,lacam_tapf,1,,exp1,618,0,217108,10.0,0,1,1,1,9.168264389038086
1,1,9615,0,33.4756,Paper_symbotic_39_37_gp_5/symbotic_agents_10_test_13,1,744,54337,13728,0,0,0,0,229,0,/media/project0/yimin/lacam_tapf_itacbs_data/Paper_symbotic_39_37_gp_5/symbotic_agents_10_test_13.yaml,h,1.5,0,1,3370,13746,9615,9615,0,1,52,,,lacam_dfs,1,10,,53,34848,0,1,9125,dfs,dfs,13,241,229,52,229,1,lacam_tapf,1,,exp1,229,14,34848,10.0,0,1,1,1,9.184154510498047
1,1,6574,0,50.7476,Paper_symbotic_39_37_gp_5/symbotic_agents_30_test_13,1,0,33877,8831,0,0,0,0,478,1,/media/project0/yimin/lacam_tapf_itacbs_data/Paper_symbotic_39_37_gp_5/symbotic_agents_30_test_13.yaml,h,1.5,0,1,2258,8832,6574,6574,0,1,29,,,lacam_focal_h,1,30,,31,210625,0,132,9108,focal,focal,13,488,478,29,478,1,lacam_tapf,1,,exp1,478,0,210625,10.0,0,1,1,1,9.167471885681152
1,1,7506,1,62.2037,Paper_symbotic_39_37_gp_5/symbotic_agents_30_test_12,1,0,27964,8915,0,0,2,1,466,1,/media/project0/yimin/lacam_tapf_itacbs_data/Paper_symbotic_39_37_gp_5/symbotic_agents_30_test_12.yaml,h,1.5,0,1,1410,8916,7506,7506,0,1,34,,,lacam_focal_h,1,30,,35,218160,0,8902,9112,focal,focal,12,476,466,34,466,1,lacam_tapf,1,,exp1,466,6,218160,10.0,0,1,1,1,9.17101526260376
1,1,8556,1,36.8377,Paper_symbotic_39_37_gp_5/symbotic_agents_20_test_12,1,9345,66611,21392,0,0,2,1,509,1,/media/project0/yimin/lacam_tapf_itacbs_data/Paper_symbotic_39_37_gp_5/symbotic_agents_20_test_12.yaml,h,1.5,0,1,3492,21414,8556,8556,0,1,58,,,lacam_dfs,1,20,,59,153598,0,40,9114,dfs,dfs,12,513,509,58,509,1,lacam_tapf,1,,exp1,509,144,153598,10.0,0,1,1,1,9.182201862335205
1,1,7213,0,36.8441,Paper_symbotic_39_37_gp_5/symbotic_agents_30_test_14,1,8382,58360,18294,0,0,0,0,526,2,/media/project0/yimin/lacam_tapf_itacbs_data/Paper_symbotic_39_37_gp_5/symbotic_agents_30_test_14.yaml,h,1.5,0,1,2700,18314,7213,7213,0,1,52,,,lacam_dfs,1,30,,53,229005,0,12,9103,dfs,dfs,14,526,526,52,526,1,lacam_tapf,1,,exp1,526,88,229005,10.0,0,1,1,1,9.173186302185059
1,1,7754,1,66.6659,Paper_symbotic_39_37_gp_5/symbotic_agents_30_test_12,1,0,28879,9220,0,0,2,1,466,1,/media/project0/yimin/lacam_tapf_itacbs_data/Paper_symbotic_39_37_gp_5/symbotic_agents_30_test_12.yaml,h,1.5,0,1,1467,9236,7754,7754,0,1,34,,,lacam_dfs,1,30,,35,225480,0,9207,9115,dfs,dfs,12,476,466,34,466,1,lacam_tapf,1,,exp1,466,6,225480,10.0,0,1,1,1,9.177783012390137
1,1,8078,0,45.8154,Paper_symbotic_39_37_gp_5/symbotic_agents_30_test_3,1,3726,50708,14291,0,0,0,0,668,2,/media/project0/yimin/lacam_tapf_itacbs_data/Paper_symbotic_39_37_gp_5/symbotic_agents_30_test_3.yaml,h,1.5,0,1,2488,14316,8078,8078,0,1,69,,,lacam_dfs,1,30,,70,238147,1,89,9112,dfs,dfs,3,681,668,69,668,1,lacam_tapf,1,,exp1,668,17,238147,10.0,0,1,1,1,9.185660600662231
1,1,8603,0,42.7398,Paper_symbotic_39_37_gp_5/symbotic_agents_20_test_8,1,5202,64280,17015,0,0,0,0,390,0,/media/project0/yimin/lacam_tapf_itacbs_data/Paper_symbotic_39_37_gp_5/symbotic_agents_20_test_8.yaml,h,1.5,0,1,3211,17016,8603,8603,0,1,38,,,lacam_focal_h,1,20,,39,151826,0,56,9120,focal,focal,8,418,390,38,390,1,lacam_tapf,1,,exp1,390,12,151826,10.0,0,1,1,1,9.191246271133423
1,1,8137,2503,54.5454,Paper_symbotic_39_37_gp_5/symbotic_agents_20_test_16,1,0,32912,10021,0,0,0,0,324,0,/media/project0/yimin/lacam_tapf_itacbs_data/Paper_symbotic_39_37_gp_5/symbotic_agents_20_test_16.yaml,h,1.5,0,1,1885,10022,8137,8137,0,1,29,,,lacam_focal_h,1,20,,31,139647,0,1321,9125,focal,focal,16,356,324,29,324,1,lacam_tapf,1,,exp1,324,2,139647,10.0,0,1,1,1,9.187517642974854
1,1,7502,0,44.3628,Paper_symbotic_39_37_gp_5/symbotic_agents_30_test_8,1,2400,40699,12107,0,0,0,0,681,2,/media/project0/yimin/lacam_tapf_itacbs_data/Paper_symbotic_39_37_gp_5/symbotic_agents_30_test_8.yaml,h,1.5,0,1,2206,12120,7502,7502,0,1,47,,,lacam_dfs,1,30,,48,227009,0,31,9118,dfs,dfs,8,765,681,47,681,1,lacam_tapf,1,,exp1,681,9,227009,10.0,0,1,1,1,9.183596849441528
1,1,4699,0,38.7502,Paper_symbotic_39_37_gp_5/symbotic_agents_30_test_0,1,0,21226,7021,0,0,0,0,711,2,/media/project0/yimin/lacam_tapf_itacbs_data/Paper_symbotic_39_37_gp_5/symbotic_agents_30_test_0.yaml,h,1.5,0,1,2323,7022,4699,4699,0,1,62,,,lacam_focal_h,1,30,,4699,166799,0,612,9133,focal,focal,0,716,711,62,711,1,lacam_tapf,1,,exp1,711,425,166799,10.0,0,1,1,1,9.186550855636597
1,7,9474,3,36.4781,Paper_symbotic_39_37_gp_5/symbotic_agents_10_test_15,1,0,56219,13106,0,0,2,1,260,0,/media/project0/yimin/lacam_tapf_itacbs_data/Paper_symbotic_39_37_gp_5/symbotic_agents_10_test_15.yaml,h,1.5,0,1,3633,13159,9474,9474,0,2,38,,,lacam_dfs,1,10,,42,47121,0,14,9131,dfs,dfs,15,258,258,38,258,1,lacam_tapf,1,,exp1,258,0,47121,10.0,0,1,1,1,9.19729471206665
1,1,9130,0,29.1789,Paper_symbotic_39_37_gp_5/symbotic_agents_10_test_12,1,1466,67421,14552,0,0,0,0,135,0,/media/project0/yimin/lacam_tapf_itacbs_data/Paper_symbotic_39_37_gp_5/symbotic_agents_10_test_12.yaml,h,1.5,0,1,3957,14568,9130,9130,0,1,26,,,lacam_dfs,1,10,,27,45414,0,2,9133,dfs,dfs,12,139,135,26,135,1,lacam_tapf,1,,exp1,135,0,45414,10.0,0,1,1,1,9.200105667114258
1,1,8794,0,34.8033,Paper_symbotic_39_37_gp_5/symbotic_agents_20_test_5,1,4851,79016,17435,0,0,0,0,278,1,/media/project0/yimin/lacam_tapf_itacbs_data/Paper_symbotic_39_37_gp_5/symbotic_agents_20_test_5.yaml,h,1.5,0,1,3791,17436,8794,8794,0,1,33,,,lacam_focal_h,1,20,,34,171975,0,9,9119,focal,focal,5,291,278,33,278,1,lacam_tapf,1,,exp1,278,4,171975,10.0,0,1,1,1,9.194808006286621
1,11,7658,1,46.784,Paper_symbotic_39_37_gp_5/symbotic_agents_30_test_4,1,538,34635,11397,0,0,3,1,747,2,/media/project0/yimin/lacam_tapf_itacbs_data/Paper_symbotic_39_37_gp_5/symbotic_agents_30_test_4.yaml,h,1.5,0,1,3202,11439,7658,7658,0,1,56,,,lacam_dfs,1,30,,57,259269,0,107,9119,dfs,dfs,4,755,745,56,745,1,lacam_tapf,1,,exp1,745,0,259269,10.0,0,1,1,1,9.188533782958984
1,1,7158,1,40.4995,Paper_symbotic_39_37_gp_5/symbotic_agents_30_test_6,1,0,45368,9671,0,0,2,1,618,1,/media/project0/yimin/lacam_tapf_itacbs_data/Paper_symbotic_39_37_gp_5/symbotic_agents_30_test_6.yaml,h,1.5,0,1,2514,9672,7158,7158,0,1,43,,,lacam_focal_h,1,30,,45,219726,0,39,9115,focal,focal,6,662,618,43,618,1,lacam_tapf,1,,exp1,618,0,219726,10.0,0,1,1,1,9.18621301651001
1,1,8223,0,36.3682,Paper_symbotic_39_37_gp_5/symbotic_agents_20_test_13,1,2779,62931,13825,0,0,0,0,370,1,/media/project0/yimin/lacam_tapf_itacbs_data/Paper_symbotic_39_37_gp_5/symbotic_agents_20_test_13.yaml,h,1.5,0,1,2824,13826,8223,8223,0,1,34,,,lacam_focal_h,1,20,,35,152654,0,9,9120,focal,focal,13,406,370,34,370,1,lacam_tapf,1,,exp1,370,7,152654,10.0,0,1,1,1,9.1936514377594
1,1,9491,0,43.3973,Paper_symbotic_39_37_gp_5/symbotic_agents_20_test_18,1,8,47281,12341,0,0,0,0,318,1,/media/project0/yimin/lacam_tapf_itacbs_data/Paper_symbotic_39_37_gp_5/symbotic_agents_20_test_18.yaml,h,1.5,0,1,2843,12371,9491,9491,0,1,48,,,lacam_dfs,1,20,,49,163397,0,8,9123,dfs,dfs,18,337,318,48,318,1,lacam_tapf,1,,exp1,318,893,163397,10.0,0,1,1,1,9.194492101669312
1,35,9558,0,55.4606,Paper_symbotic_39_37_gp_5/symbotic_agents_20_test_7,1,0,44423,12038,0,0,0,0,430,1,/media/project0/yimin/lacam_tapf_itacbs_data/Paper_symbotic_39_37_gp_5/symbotic_agents_20_test_7.yaml,h,1.5,0,1,2481,12122,9558,9558,0,1,48,,,lacam_dfs,1,20,,49,163659,0,4964,9131,dfs,dfs,7,452,428,48,428,1,lacam_tapf,1,,exp1,428,3,163659,10.0,0,1,1,1,9.199632167816162
1,1,6681,0,41.1292,Paper_symbotic_39_37_gp_5/symbotic_agents_30_test_14,1,3432,40343,12199,0,0,0,0,526,2,/media/project0/yimin/lacam_tapf_itacbs_data/Paper_symbotic_39_37_gp_5/symbotic_agents_30_test_14.yaml,h,1.5,0,1,2087,12200,6681,6681,0,1,52,,,lacam_focal_h,1,30,,129,202906,0,7,9119,focal,focal,14,526,526,52,526,1,lacam_tapf,1,,exp1,526,105,202906,10.0,0,1,1,1,9.184898376464844
1,1,9459,835,42.043,Paper_symbotic_39_37_gp_5/symbotic_agents_20_test_19,1,460,41349,12218,0,0,0,0,364,1,/media/project0/yimin/lacam_tapf_itacbs_data/Paper_symbotic_39_37_gp_5/symbotic_agents_20_test_19.yaml,h,1.5,0,1,2300,12234,9459,9459,0,1,35,,,lacam_dfs,1,20,,36,166340,0,24,9124,dfs,dfs,19,382,364,35,364,1,lacam_tapf,1,,exp1,364,0,166340,10.0,0,1,1,1,9.194119930267334
1,1,8348,0,46.5198,Paper_symbotic_39_37_gp_5/symbotic_agents_30_test_13,1,0,40531,11049,0,0,0,0,478,1,/media/project0/yimin/lacam_tapf_itacbs_data/Paper_symbotic_39_37_gp_5/symbotic_agents_30_test_13.yaml,h,1.5,0,1,2702,11057,8348,8348,0,1,29,,,lacam_dfs,1,30,,30,261639,0,132,9118,dfs,dfs,13,488,478,29,478,1,lacam_tapf,1,,exp1,478,0,261639,10.0,0,1,1,1,9.18925428390503
1,1,9740,0,37.5728,Paper_symbotic_39_37_gp_5/symbotic_agents_10_test_7,1,1923,70903,15812,0,0,0,0,223,0,/media/project0/yimin/lacam_tapf_itacbs_data/Paper_symbotic_39_37_gp_5/symbotic_agents_10_test_7.yaml,h,1.5,0,1,4150,15830,9740,9740,0,1,45,,,lacam_dfs,1,10,,46,44119,0,4,9137,dfs,dfs,7,224,223,45,223,1,lacam_tapf,1,,exp1,223,0,44119,10.0,0,1,1,1,9.20777702331543
1,1,7158,0,77.2474,Paper_symbotic_39_37_gp_5/symbotic_agents_30_test_15,1,0,34073,9117,0,0,0,0,606,1,/media/project0/yimin/lacam_tapf_itacbs_data/Paper_symbotic_39_37_gp_5/symbotic_agents_30_test_15.yaml,h,1.5,0,1,1960,9133,7158,7158,0,1,37,,,lacam_dfs,1,30,,38,214592,0,25,9102,dfs,dfs,15,617,606,37,606,1,lacam_tapf,1,,exp1,606,3,214592,10.0,0,1,1,1,9.16536259651184
1,1,11427,0,43.053,Paper_symbotic_39_37_gp_5/symbotic_agents_10_test_2,1,928,52292,15861,0,0,0,0,166,0,/media/project0/yimin/lacam_tapf_itacbs_data/Paper_symbotic_39_37_gp_5/symbotic_agents_10_test_2.yaml,h,1.5,0,1,3507,15862,11427,11427,0,1,25,,,lacam_focal_h,1,10,,26,48750,0,0,9080,focal,focal,2,166,166,25,166,1,lacam_tapf,1,,exp1,166,0,48750,10.0,0,1,1,1,9.209794282913208
1,1,8455,0,58.3804,Paper_symbotic_39_37_gp_5/symbotic_agents_20_test_11,1,2326,67454,14663,0,0,0,0,314,1,/media/project0/yimin/lacam_tapf_itacbs_data/Paper_symbotic_39_37_gp_5/symbotic_agents_20_test_11.yaml,h,1.5,0,1,3883,14685,8455,8455,0,1,33,,,lacam_dfs,1,20,,34,160609,0,9,9124,dfs,dfs,11,314,314,33,314,1,lacam_tapf,1,,exp1,314,194,160609,10.0,0,1,1,1,9.200030088424683
1,7,9065,743,33.6205,Paper_symbotic_39_37_gp_5/symbotic_agents_20_test_15,1,743,43775,12943,0,0,0,0,380,1,/media/project0/yimin/lacam_tapf_itacbs_data/Paper_symbotic_39_37_gp_5/symbotic_agents_20_test_15.yaml,h,1.5,0,1,3136,12985,9065,9065,0,1,38,,,lacam_dfs,1,20,,39,165394,0,541,9132,dfs,dfs,15,401,378,38,378,1,lacam_tapf,1,,exp1,378,0,165394,10.0,0,1,1,1,9.199205875396729
1,1,8357,0,36.0813,Paper_symbotic_39_37_gp_5/symbotic_agents_20_test_3,1,5616,67844,18191,0,0,0,0,405,1,/media/project0/yimin/lacam_tapf_itacbs_data/Paper_symbotic_39_37_gp_5/symbotic_agents_20_test_3.yaml,h,1.5,0,1,4219,18192,8357,8357,0,1,43,,,lacam_focal_h,1,20,,187,156803,0,27,9127,focal,focal,3,437,405,43,405,1,lacam_tapf,1,,exp1,405,5,156803,10.0,0,1,1,1,9.204446077346802
1,1,10971,0,50.815,Paper_symbotic_39_37_gp_5/symbotic_agents_10_test_2,1,928,50237,15176,0,0,0,0,166,0,/media/project0/yimin/lacam_tapf_itacbs_data/Paper_symbotic_39_37_gp_5/symbotic_agents_10_test_2.yaml,h,1.5,0,1,3278,15191,10971,10971,0,1,25,,,lacam_dfs,1,10,,26,47380,0,0,9082,dfs,dfs,2,166,166,25,166,1,lacam_tapf,1,,exp1,166,0,47380,10.0,0,1,1,1,9.211827278137207
1,1,10217,0,39.7044,Paper_symbotic_39_37_gp_5/symbotic_agents_20_test_4,1,6135,90522,20051,0,0,0,0,403,1,/media/project0/yimin/lacam_tapf_itacbs_data/Paper_symbotic_39_37_gp_5/symbotic_agents_20_test_4.yaml,h,1.5,0,1,3700,20066,10217,10217,0,1,43,,,lacam_dfs,1,20,,44,178786,0,37,9119,dfs,dfs,4,409,403,43,403,1,lacam_tapf,1,,exp1,403,1237,178786,10.0,0,1,1,1,9.205047845840454
1,1,8535,129,62.6165,Paper_symbotic_39_37_gp_5/symbotic_agents_20_test_14,1,0,32108,10654,0,0,0,0,386,1,/media/project0/yimin/lacam_tapf_itacbs_data/Paper_symbotic_39_37_gp_5/symbotic_agents_20_test_14.yaml,h,1.5,0,1,2120,10667,8535,8535,0,1,31,,,lacam_dfs,1,20,,32,144574,0,10627,9139,dfs,dfs,14,389,386,31,386,1,lacam_tapf,1,,exp1,386,0,144574,10.0,0,1,1,1,9.200932025909424
1,1,8670,753,37.1107,Paper_symbotic_39_37_gp_5/symbotic_agents_20_test_19,1,424,36801,11081,0,0,0,0,364,1,/media/project0/yimin/lacam_tapf_itacbs_data/Paper_symbotic_39_37_gp_5/symbotic_agents_20_test_19.yaml,h,1.5,0,1,1988,11082,8670,8670,0,1,35,,,lacam_focal_h,1,20,,37,152027,0,24,9131,focal,focal,19,382,364,35,364,1,lacam_tapf,1,,exp1,364,0,152027,10.0,0,1,1,1,9.198136568069458
1,1,10275,247,45.9105,Paper_symbotic_39_37_gp_5/symbotic_agents_10_test_5,1,5676,65771,18184,0,0,0,0,196,0,/media/project0/yimin/lacam_tapf_itacbs_data/Paper_symbotic_39_37_gp_5/symbotic_agents_10_test_5.yaml,h,1.5,0,1,2234,18192,10275,10275,0,1,34,,,lacam_dfs,1,10,,35,42754,0,26,9079,dfs,dfs,5,201,196,34,196,1,lacam_tapf,1,,exp1,196,0,42754,10.0,0,1,1,1,9.211668729782104
1,19,10321,0,80.2866,Paper_symbotic_39_37_gp_5/symbotic_agents_20_test_10,1,1250,44142,13121,0,0,0,0,353,0,/media/project0/yimin/lacam_tapf_itacbs_data/Paper_symbotic_39_37_gp_5/symbotic_agents_20_test_10.yaml,h,1.5,0,1,1551,13176,10321,10321,0,1,33,,,lacam_dfs,1,20,,34,171441,0,18,9085,dfs,dfs,10,350,350,33,350,1,lacam_tapf,1,,exp1,350,0,171441,10.0,0,1,1,1,9.20284914970398
1,1,8408,0,43.6011,Paper_symbotic_39_37_gp_5/symbotic_agents_30_test_7,1,0,48273,12019,0,0,0,0,529,2,/media/project0/yimin/lacam_tapf_itacbs_data/Paper_symbotic_39_37_gp_5/symbotic_agents_30_test_7.yaml,h,1.5,0,1,3612,12027,8408,8408,0,1,34,,,lacam_dfs,1,30,,35,278347,0,26,9124,dfs,dfs,7,565,529,34,529,1,lacam_tapf,1,,exp1,529,1,278347,10.0,0,1,1,1,9.197184562683105
1,1,9745,0,39.2844,Paper_symbotic_39_37_gp_5/symbotic_agents_10_test_7,1,1923,70933,15818,0,0,0,0,223,0,/media/project0/yimin/lacam_tapf_itacbs_data/Paper_symbotic_39_37_gp_5/symbotic_agents_10_test_7.yaml,h,1.5,0,1,4151,15819,9745,9745,0,1,45,,,lacam_focal_h,1,10,,46,44131,0,4,9142,focal,focal,7,224,223,45,223,1,lacam_tapf,1,,exp1,223,0,44131,10.0,0,1,1,1,9.211978912353516
1,2,10322,1,37.5507,Paper_symbotic_39_37_gp_5/symbotic_agents_10_test_6,1,1359,60827,14815,0,0,2,1,205,0,/media/project0/yimin/lacam_tapf_itacbs_data/Paper_symbotic_39_37_gp_5/symbotic_agents_10_test_6.yaml,h,1.5,0,1,3135,14845,10322,10322,0,2,46,,,lacam_dfs,1,10,,47,46060,0,1,9079,dfs,dfs,6,208,204,46,204,1,lacam_tapf,1,,exp1,208,15,46060,10.0,0,1,1,1,9.212632417678833
1,1,8340,0,43.535,Paper_symbotic_39_37_gp_5/symbotic_agents_30_test_7,1,0,48018,11934,0,0,0,0,529,1,/media/project0/yimin/lacam_tapf_itacbs_data/Paper_symbotic_39_37_gp_5/symbotic_agents_30_test_7.yaml,h,1.5,0,1,3595,11935,8340,8340,0,1,34,,,lacam_focal_h,1,30,,36,276477,0,26,9126,focal,focal,7,565,529,34,529,1,lacam_tapf,1,,exp1,529,1,276477,10.0,0,1,1,1,9.197779655456543
1,1,7652,0,75.991,Paper_symbotic_39_37_gp_5/symbotic_agents_30_test_15,1,0,36853,9812,0,0,0,0,606,3,/media/project0/yimin/lacam_tapf_itacbs_data/Paper_symbotic_39_37_gp_5/symbotic_agents_30_test_15.yaml,h,1.5,0,1,2161,9813,7652,7652,0,1,37,,,lacam_focal_h,1,30,,38,230577,0,25,9106,focal,focal,15,617,606,37,606,1,lacam_tapf,1,,exp1,606,3,230577,10.0,0,1,1,1,9.169889450073242
1,1,7759,0,31.5423,Paper_symbotic_39_37_gp_5/symbotic_agents_20_test_6,1,217,36158,11701,0,0,0,0,424,0,/media/project0/yimin/lacam_tapf_itacbs_data/Paper_symbotic_39_37_gp_5/symbotic_agents_20_test_6.yaml,h,1.5,0,1,3726,11716,7759,7759,0,1,40,,,lacam_dfs,1,20,,41,156153,0,71,9148,dfs,dfs,6,428,424,40,424,1,lacam_tapf,1,,exp1,424,839,156153,10.0,0,1,1,1,9.20701265335083
1,35,8911,0,56.9036,Paper_symbotic_39_37_gp_5/symbotic_agents_20_test_7,1,0,42041,11244,0,0,0,0,430,1,/media/project0/yimin/lacam_tapf_itacbs_data/Paper_symbotic_39_37_gp_5/symbotic_agents_20_test_7.yaml,h,1.5,0,1,2334,11245,8911,8911,0,1,48,,,lacam_focal_h,1,20,,72,153337,0,4964,9141,focal,focal,7,452,428,48,428,1,lacam_tapf,1,,exp1,428,3,153337,10.0,0,1,1,1,9.207690954208374
1,1,8542,0,44.9143,Paper_symbotic_39_37_gp_5/symbotic_agents_20_test_8,1,5202,64052,16939,0,0,0,0,390,1,/media/project0/yimin/lacam_tapf_itacbs_data/Paper_symbotic_39_37_gp_5/symbotic_agents_20_test_8.yaml,h,1.5,0,1,3196,16954,8542,8542,0,1,38,,,lacam_dfs,1,20,,39,150914,0,56,9133,dfs,dfs,8,418,390,38,390,1,lacam_tapf,1,,exp1,390,12,150914,10.0,0,1,1,1,9.20787525177002
1,19,10135,0,82.905,Paper_symbotic_39_37_gp_5/symbotic_agents_20_test_10,1,1250,43503,12908,0,0,0,0,353,1,/media/project0/yimin/lacam_tapf_itacbs_data/Paper_symbotic_39_37_gp_5/symbotic_agents_20_test_10.yaml,h,1.5,0,1,1524,12909,10135,10135,0,1,33,,,lacam_focal_h,1,20,,53,168459,0,18,9139,focal,focal,10,350,350,33,350,1,lacam_tapf,1,,exp1,350,0,168459,10.0,0,1,1,1,9.207156896591187
1,1,9594,0,30.666,Paper_symbotic_39_37_gp_5/symbotic_agents_10_test_12,1,1620,70892,15343,0,0,0,0,135,0,/media/project0/yimin/lacam_tapf_itacbs_data/Paper_symbotic_39_37_gp_5/symbotic_agents_10_test_12.yaml,h,1.5,0,1,4130,15344,9594,9594,0,1,26,,,lacam_focal_h,1,10,,28,46841,0,2,9147,focal,focal,12,139,135,26,135,1,lacam_tapf,1,,exp1,135,0,46841,10.0,0,1,1,1,9.21378779411316
1,1,8743,1,42.1665,Paper_symbotic_39_37_gp_5/symbotic_agents_20_test_12,1,5688,58637,17249,0,0,2,1,509,1,/media/project0/yimin/lacam_tapf_itacbs_data/Paper_symbotic_39_37_gp_5/symbotic_agents_20_test_12.yaml,h,1.5,0,1,2819,17250,8743,8743,0,1,58,,,lacam_focal_h,1,20,,208,146049,0,25,9138,focal,focal,12,513,509,58,509,1,lacam_tapf,1,,exp1,509,189,146049,10.0,0,1,1,1,9.206856966018677
1,1,7121,0,35.6792,Paper_symbotic_39_37_gp_5/symbotic_agents_30_test_1,1,2700,45981,12961,0,0,0,0,608,2,/media/project0/yimin/lacam_tapf_itacbs_data/Paper_symbotic_39_37_gp_5/symbotic_agents_30_test_1.yaml,h,1.5,0,1,3141,12982,7121,7121,0,1,69,,,lacam_dfs,1,30,,70,237976,0,13,9140,dfs,dfs,1,649,608,69,608,1,lacam_tapf,1,,exp1,608,24,237976,10.0,0,1,1,1,9.202658891677856
1,1,9955,0,41.1481,Paper_symbotic_39_37_gp_5/symbotic_agents_20_test_18,1,8,49138,12960,0,0,0,0,318,1,/media/project0/yimin/lacam_tapf_itacbs_data/Paper_symbotic_39_37_gp_5/symbotic_agents_20_test_18.yaml,h,1.5,0,1,2998,12961,9955,9955,0,1,48,,,lacam_focal_h,1,20,,56,170825,0,8,9134,focal,focal,18,337,318,48,318,1,lacam_tapf,1,,exp1,318,893,170825,10.0,0,1,1,1,9.204357385635376
1,1,10197,0,71.4334,Paper_symbotic_39_37_gp_5/symbotic_agents_20_test_9,1,0,58610,14050,0,0,0,0,426,1,/media/project0/yimin/lacam_tapf_itacbs_data/Paper_symbotic_39_37_gp_5/symbotic_agents_20_test_9.yaml,h,1.5,0,1,3854,14076,10197,10197,0,1,43,,,lacam_dfs,1,20,,44,191759,0,22,9138,dfs,dfs,9,426,426,43,426,1,lacam_tapf,1,,exp1,426,0,191759,10.0,0,1,1,1,9.210278034210205
1,1,10792,1,35.5605,Paper_symbotic_39_37_gp_5/symbotic_agents_10_test_19,1,5964,78181,22083,0,0,2,1,292,0,/media/project0/yimin/lacam_tapf_itacbs_data/Paper_symbotic_39_37_gp_5/symbotic_agents_10_test_19.yaml,h,1.5,0,1,5328,22102,10792,10792,0,1,66,,,lacam_dfs,1,10,,67,48795,0,5,9085,dfs,dfs,19,345,292,66,292,1,lacam_tapf,1,,exp1,345,19,48795,10.0,0,1,1,1,9.214082956314087
1,1,9340,5041,51.2815,Paper_symbotic_39_37_gp_5/symbotic_agents_10_test_18,1,19998,114882,32110,0,0,4,2,205,0,/media/project0/yimin/lacam_tapf_itacbs_data/Paper_symbotic_39_37_gp_5/symbotic_agents_10_test_18.yaml,h,1.5,0,1,2773,32111,9340,9340,0,1,42,,,lacam_focal_h,1,10,,43,32015,6,28,9135,focal,focal,18,205,205,42,205,1,lacam_tapf,1,,exp1,205,0,32015,10.0,0,1,1,1,9.214714050292969
1,1,11380,0,40.0402,Paper_symbotic_39_37_gp_5/symbotic_agents_10_test_11,1,1144,66689,15693,0,0,0,0,136,0,/media/project0/yimin/lacam_tapf_itacbs_data/Paper_symbotic_39_37_gp_5/symbotic_agents_10_test_11.yaml,h,1.5,0,1,3170,15694,11380,11380,0,1,40,,,lacam_focal_h,1,10,,41,45675,0,0,9081,focal,focal,11,136,136,40,136,1,lacam_tapf,1,,exp1,136,0,45675,10.0,0,1,1,1,9.217349529266357
1,2,12143,2974,45.0763,Paper_symbotic_39_37_gp_5/symbotic_agents_10_test_8,1,140,61428,16666,0,0,4,2,211,0,/media/project0/yimin/lacam_tapf_itacbs_data/Paper_symbotic_39_37_gp_5/symbotic_agents_10_test_8.yaml,h,1.5,0,1,4384,16702,12143,12143,0,2,39,,,lacam_dfs,1,10,,41,53135,0,862,9086,dfs,dfs,8,231,209,39,209,1,lacam_tapf,1,,exp1,231,0,53135,10.0,0,1,1,1,9.218769311904907
1,1,11390,247,47.7709,Paper_symbotic_39_37_gp_5/symbotic_agents_10_test_5,1,5676,69830,19537,0,0,0,0,196,0,/media/project0/yimin/lacam_tapf_itacbs_data/Paper_symbotic_39_37_gp_5/symbotic_agents_10_test_5.yaml,h,1.5,0,1,2472,19538,11390,11390,0,1,34,,,lacam_focal_h,1,10,,35,46813,0,26,9088,focal,focal,5,201,196,34,196,1,lacam_tapf,1,,exp1,196,0,46813,10.0,0,1,1,1,9.219788312911987
1,7,11573,3,41.1656,Paper_symbotic_39_37_gp_5/symbotic_agents_10_test_15,1,0,71959,16254,0,0,2,1,260,1,/media/project0/yimin/lacam_tapf_itacbs_data/Paper_symbotic_39_37_gp_5/symbotic_agents_10_test_15.yaml,h,1.5,0,1,4682,16256,11573,11573,0,2,38,,,lacam_focal_h,1,10,,67,56565,0,14,9085,focal,focal,15,258,258,38,258,1,lacam_tapf,1,,exp1,258,0,56565,10.0,0,1,1,1,9.217157125473022
1,1,10222,0,101.468,Paper_symbotic_39_37_gp_5/symbotic_agents_30_test_5,1,237,57879,11643,0,0,0,0,729,1,/media/project0/yimin/lacam_tapf_itacbs_data/Paper_symbotic_39_37_gp_5/symbotic_agents_30_test_5.yaml,h,1.5,0,1,1185,11644,10222,10222,0,1,46,,,lacam_focal_h,1,30,,47,269902,0,11396,9130,focal,focal,5,789,729,46,729,1,lacam_tapf,1,,exp1,729,11380,269902,10.0,0,1,1,1,9.206297159194946
1,2,12590,3036,47.9414,Paper_symbotic_39_37_gp_5/symbotic_agents_10_test_8,1,140,63216,17262,0,0,4,2,211,1,/media/project0/yimin/lacam_tapf_itacbs_data/Paper_symbotic_39_37_gp_5/symbotic_agents_10_test_8.yaml,h,1.5,0,1,4533,17264,12590,12590,0,2,39,,,lacam_focal_h,1,10,,43,54327,0,862,9099,focal,focal,8,231,209,39,209,1,lacam_tapf,1,,exp1,231,0,54327,10.0,0,1,1,1,9.220038175582886
1,1,9959,0,75.7524,Paper_symbotic_39_37_gp_5/symbotic_agents_20_test_9,1,0,56825,13693,0,0,0,0,426,1,/media/project0/yimin/lacam_tapf_itacbs_data/Paper_symbotic_39_37_gp_5/symbotic_agents_20_test_9.yaml,h,1.5,0,1,3735,13694,9959,9959,0,1,43,,,lacam_focal_h,1,20,,44,187118,0,22,9148,focal,focal,9,426,426,43,426,1,lacam_tapf,1,,exp1,426,0,187118,10.0,0,1,1,1,9.212754249572754
1,1,11466,1,107.343,Paper_symbotic_39_37_gp_5/symbotic_agents_20_test_0,1,0,50773,12923,0,0,2,1,350,0,/media/project0/yimin/lacam_tapf_itacbs_data/Paper_symbotic_39_37_gp_5/symbotic_agents_20_test_0.yaml,h,1.5,0,1,1458,12951,11466,11466,0,1,33,,,lacam_dfs,1,20,,34,174020,0,1269,9114,dfs,dfs,0,351,350,33,350,1,lacam_tapf,1,,exp1,351,0,174020,10.0,0,1,1,1,9.21616244316101
1,1,11737,1,112.765,Paper_symbotic_39_37_gp_5/symbotic_agents_20_test_0,1,0,51993,13228,0,0,2,1,350,0,/media/project0/yimin/lacam_tapf_itacbs_data/Paper_symbotic_39_37_gp_5/symbotic_agents_20_test_0.yaml,h,1.5,0,1,1492,13229,11737,11737,0,1,33,,,lacam_focal_h,1,20,,34,177985,0,1269,9112,focal,focal,0,351,350,33,350,1,lacam_tapf,1,,exp1,351,0,177985,10.0,0,1,1,1,9.21682858467102
1,1,10495,0,45.0328,Paper_symbotic_39_37_gp_5/symbotic_agents_20_test_4,1,6243,92917,20530,0,0,0,0,403,1,/media/project0/yimin/lacam_tapf_itacbs_data/Paper_symbotic_39_37_gp_5/symbotic_agents_20_test_4.yaml,h,1.5,0,1,3793,20531,10495,10495,0,1,43,,,lacam_focal_h,1,20,,49,183238,0,37,9103,focal,focal,4,409,403,43,403,1,lacam_tapf,1,,exp1,403,1237,183238,10.0,0,1,1,1,9.215715646743774
1,10,11079,2294,48.7948,Paper_symbotic_39_37_gp_5/symbotic_agents_30_test_2,1,4049,66228,19335,0,0,2,1,545,1,/media/project0/yimin/lacam_tapf_itacbs_data/Paper_symbotic_39_37_gp_5/symbotic_agents_30_test_2.yaml,h,1.5,0,1,4208,19359,11079,11079,0,2,35,,,lacam_dfs,1,30,,37,358762,0,153,9138,dfs,dfs,2,581,543,35,543,1,lacam_tapf,1,,exp1,563,1660,358762,10.0,0,1,1,1,9.209204196929932
1,1,10591,5572,47.5385,Paper_symbotic_39_37_gp_5/symbotic_agents_10_test_18,1,23298,129471,36973,0,0,4,2,205,0,/media/project0/yimin/lacam_tapf_itacbs_data/Paper_symbotic_39_37_gp_5/symbotic_agents_10_test_18.yaml,h,1.5,0,1,3085,37002,10591,10591,0,1,42,,,lacam_dfs,1,10,,43,35141,6,28,9106,dfs,dfs,18,205,205,42,205,1,lacam_tapf,1,,exp1,205,0,35141,10.0,0,1,1,1,9.21988320350647
1,1,9930,0,63.7593,Paper_symbotic_39_37_gp_5/symbotic_agents_20_test_11,1,2766,78874,16947,0,0,0,0,314,1,/media/project0/yimin/lacam_tapf_itacbs_data/Paper_symbotic_39_37_gp_5/symbotic_agents_20_test_11.yaml,h,1.5,0,1,4252,16948,9930,9930,0,1,33,,,lacam_focal_h,1,20,,34,182737,0,9,9141,focal,focal,11,314,314,33,314,1,lacam_tapf,1,,exp1,314,194,182737,10.0,0,1,1,1,9.214763641357422
1,1,13772,0,116.372,Paper_symbotic_39_37_gp_5/symbotic_agents_20_test_17,1,300,61826,15029,0,0,0,0,368,1,/media/project0/yimin/lacam_tapf_itacbs_data/Paper_symbotic_39_37_gp_5/symbotic_agents_20_test_17.yaml,h,1.5,0,1,958,15030,13772,13772,0,1,33,,,lacam_focal_h,1,20,,34,203338,0,21969,9133,focal,focal,17,369,368,33,368,1,lacam_tapf,1,,exp1,368,0,203338,10.0,0,1,1,1,9.211519479751587
1,1,10244,0,109.832,Paper_symbotic_39_37_gp_5/symbotic_agents_30_test_5,1,237,57999,11667,0,0,0,0,729,2,/media/project0/yimin/lacam_tapf_itacbs_data/Paper_symbotic_39_37_gp_5/symbotic_agents_30_test_5.yaml,h,1.5,0,1,1187,11684,10244,10244,0,1,46,,,lacam_dfs,1,30,,47,270454,0,11420,9139,dfs,dfs,5,789,729,46,729,1,lacam_tapf,1,,exp1,729,11404,270454,10.0,0,1,1,1,9.208767890930176
1,1,13854,0,120.323,Paper_symbotic_39_37_gp_5/symbotic_agents_20_test_17,1,300,62186,15119,0,0,0,0,368,1,/media/project0/yimin/lacam_tapf_itacbs_data/Paper_symbotic_39_37_gp_5/symbotic_agents_20_test_17.yaml,h,1.5,0,1,966,15139,13854,13854,0,1,33,,,lacam_dfs,1,20,,34,204508,0,22059,9146,dfs,dfs,17,369,368,33,368,1,lacam_tapf,1,,exp1,368,0,204508,10.0,0,1,1,1,9.21254563331604
1,1,5132,1707,36.1242,Paper_symbotic_39_37_gp_5/symbotic_agents_40_test_0,1,4333,51097,11924,0,0,0,0,945,2,/media/project0/yimin/lacam_tapf_itacbs_data/Paper_symbotic_39_37_gp_5/symbotic_agents_40_test_0.yaml,h,1.5,0,1,2460,11925,5132,5132,0,1,56,,,lacam_focal_h,1,40,,5132,247926,1,111,9054,focal,focal,0,1028,945,56,945,1,lacam_tapf,1,,exp1,945,140,247926,10.0,0,1,1,1,9.085583209991455
1,1,5847,1,31.7642,Paper_symbotic_39_37_gp_5/symbotic_agents_30_test_16,1,0,25941,8430,0,0,0,0,664,1,/media/project0/yimin/lacam_tapf_itacbs_data/Paper_symbotic_39_37_gp_5/symbotic_agents_30_test_16.yaml,h,1.5,0,1,2584,8431,5847,5847,0,1,53,,,lacam_focal_h,1,30,,5847,198597,0,37,9073,focal,focal,16,667,664,53,664,1,lacam_tapf,1,,exp1,664,91,198597,10.0,0,1,1,1,9.11099910736084
1,1,6357,0,37.4264,Paper_symbotic_39_37_gp_5/symbotic_agents_30_test_16,1,38,28380,9218,0,0,0,0,664,2,/media/project0/yimin/lacam_tapf_itacbs_data/Paper_symbotic_39_37_gp_5/symbotic_agents_30_test_16.yaml,h,1.5,0,1,2824,9233,6357,6357,0,1,53,,,lacam_dfs,1,30,,54,215937,0,40,9077,dfs,dfs,16,667,664,53,664,1,lacam_tapf,1,,exp1,664,64,215937,10.0,0,1,1,1,9.117312669754028
1,1,5666,1,38.8112,Paper_symbotic_39_37_gp_5/symbotic_agents_30_test_18,1,9504,74694,17416,0,0,2,1,792,2,/media/project0/yimin/lacam_tapf_itacbs_data/Paper_symbotic_39_37_gp_5/symbotic_agents_30_test_18.yaml,h,1.5,0,1,2247,17417,5666,5666,0,1,79,,,lacam_focal_h,1,30,,5666,180002,0,61,9062,focal,focal,18,917,792,79,792,1,lacam_tapf,1,,exp1,792,166,180002,10.0,0,1,1,1,9.10484790802002
1,1,5640,0,38.6365,Paper_symbotic_39_37_gp_5/symbotic_agents_40_test_3,1,1920,29953,9923,0,0,0,0,991,2,/media/project0/yimin/lacam_tapf_itacbs_data/Paper_symbotic_39_37_gp_5/symbotic_agents_40_test_3.yaml,h,1.5,0,1,2364,9924,5640,5640,0,1,75,,,lacam_focal_h,1,40,,5640,262369,0,94,9058,focal,focal,3,1069,991,75,991,1,lacam_tapf,1,,exp1,991,39,262369,10.0,0,1,1,1,9.088322877883911
1,1,6213,0,36.638,Paper_symbotic_39_37_gp_5/symbotic_agents_40_test_4,1,3684,38985,12249,0,0,0,0,796,2,/media/project0/yimin/lacam_tapf_itacbs_data/Paper_symbotic_39_37_gp_5/symbotic_agents_40_test_4.yaml,h,1.5,0,1,2353,12250,6213,6213,0,1,57,,,lacam_focal_h,1,40,,130,279902,0,61,9058,focal,focal,4,848,796,57,796,1,lacam_tapf,1,,exp1,796,22,279902,10.0,0,1,1,1,9.090891122817993
1,1,6199,0,48.6134,Paper_symbotic_39_37_gp_5/symbotic_agents_40_test_0,1,33503,147693,42518,0,0,0,0,945,2,/media/project0/yimin/lacam_tapf_itacbs_data/Paper_symbotic_39_37_gp_5/symbotic_agents_40_test_0.yaml,h,1.5,0,1,2817,42530,6199,6199,0,1,56,,,lacam_dfs,1,40,,57,290172,21,85,9066,dfs,dfs,0,1028,945,56,945,1,lacam_tapf,1,,exp1,945,43,290172,10.0,0,1,1,1,9.105207443237305
1,1,7575,0,53.5707,Paper_symbotic_39_37_gp_5/symbotic_agents_40_test_1,1,0,46176,9335,0,0,0,0,750,2,/media/project0/yimin/lacam_tapf_itacbs_data/Paper_symbotic_39_37_gp_5/symbotic_agents_40_test_1.yaml,h,1.5,0,1,1761,9336,7575,7575,0,1,52,,,lacam_focal_h,1,40,,1728,313103,0,636,9074,focal,focal,1,786,750,52,750,1,lacam_tapf,1,,exp1,750,29,313103,10.0,0,1,1,1,9.102633953094482
1,1,6679,0,40.3722,Paper_symbotic_39_37_gp_5/symbotic_agents_40_test_3,1,4131,41094,13170,0,0,0,0,991,2,/media/project0/yimin/lacam_tapf_itacbs_data/Paper_symbotic_39_37_gp_5/symbotic_agents_40_test_3.yaml,h,1.5,0,1,2361,13186,6679,6679,0,1,75,,,lacam_dfs,1,40,,76,304617,0,94,9071,dfs,dfs,3,1069,991,75,991,1,lacam_tapf,1,,exp1,991,33,304617,10.0,0,1,1,1,9.10425591468811
1,1,5616,1,35.4002,Paper_symbotic_39_37_gp_5/symbotic_agents_40_test_2,1,6687,65044,14381,0,0,2,1,987,2,/media/project0/yimin/lacam_tapf_itacbs_data/Paper_symbotic_39_37_gp_5/symbotic_agents_40_test_2.yaml,h,1.5,0,1,2079,14390,5616,5616,0,1,64,,,lacam_dfs,1,40,,65,257187,0,93,9075,dfs,dfs,2,1110,987,64,987,1,lacam_tapf,1,,exp1,987,37,257187,10.0,0,1,1,1,9.109006881713867
1,1,5005,1,33.0869,Paper_symbotic_39_37_gp_5/symbotic_agents_40_test_6,1,0,26577,7475,0,0,2,1,948,2,/media/project0/yimin/lacam_tapf_itacbs_data/Paper_symbotic_39_37_gp_5/symbotic_agents_40_test_6.yaml,h,1.5,0,1,2471,7476,5005,5005,0,1,67,,,lacam_focal_h,1,40,,5005,244842,1,85,9057,focal,focal,6,1068,948,67,948,1,lacam_tapf,1,,exp1,948,59,244842,10.0,0,1,1,1,9.093619108200073
1,1,7353,0,35.6757,Paper_symbotic_39_37_gp_5/symbotic_agents_30_test_17,1,0,41555,10258,0,0,0,0,536,1,/media/project0/yimin/lacam_tapf_itacbs_data/Paper_symbotic_39_37_gp_5/symbotic_agents_30_test_17.yaml,h,1.5,0,1,2906,10279,7353,7353,0,1,59,,,lacam_dfs,1,30,,60,243454,0,27,9099,dfs,dfs,17,584,536,59,536,1,lacam_tapf,1,,exp1,536,0,243454,10.0,0,1,1,1,9.144199132919312
1,1,7995,1,49.1187,Paper_symbotic_39_37_gp_5/symbotic_agents_30_test_18,1,9003,67892,19224,0,0,2,1,792,2,/media/project0/yimin/lacam_tapf_itacbs_data/Paper_symbotic_39_37_gp_5/symbotic_agents_30_test_18.yaml,h,1.5,0,1,2227,19245,7995,7995,0,1,79,,,lacam_dfs,1,30,,80,232594,0,61,9102,dfs,dfs,18,917,792,79,792,1,lacam_tapf,1,,exp1,792,35,232594,10.0,0,1,1,1,9.138199090957642
1,1,6582,0,33.5567,Paper_symbotic_39_37_gp_5/symbotic_agents_30_test_17,1,0,36120,9171,0,0,0,0,536,1,/media/project0/yimin/lacam_tapf_itacbs_data/Paper_symbotic_39_37_gp_5/symbotic_agents_30_test_17.yaml,h,1.5,0,1,2590,9172,6582,6582,0,1,59,,,lacam_focal_h,1,30,,61,218453,0,27,9105,focal,focal,17,584,536,59,536,1,lacam_tapf,1,,exp1,536,0,218453,10.0,0,1,1,1,9.145301103591919
1,1,7290,0,51.3824,Paper_symbotic_39_37_gp_5/symbotic_agents_40_test_1,1,2,44488,9003,0,0,0,0,750,2,/media/project0/yimin/lacam_tapf_itacbs_data/Paper_symbotic_39_37_gp_5/symbotic_agents_40_test_1.yaml,h,1.5,0,1,1712,9021,7290,7290,0,1,52,,,lacam_dfs,1,40,,53,302225,0,615,9087,dfs,dfs,1,786,750,52,750,1,lacam_tapf,1,,exp1,750,49,302225,10.0,0,1,1,1,9.128209590911865
1,1,6266,1,35.6609,Paper_symbotic_39_37_gp_5/symbotic_agents_40_test_6,1,3,34114,9355,0,0,2,1,948,3,/media/project0/yimin/lacam_tapf_itacbs_data/Paper_symbotic_39_37_gp_5/symbotic_agents_40_test_6.yaml,h,1.5,0,1,3087,9375,6266,6266,0,1,67,,,lacam_dfs,1,40,,68,304983,1,85,9073,dfs,dfs,6,1068,948,67,948,1,lacam_tapf,1,,exp1,948,49,304983,10.0,0,1,1,1,9.110758066177368
1,1,7221,0,41.0196,Paper_symbotic_39_37_gp_5/symbotic_agents_40_test_4,1,3684,42789,13029,0,0,0,0,796,2,/media/project0/yimin/lacam_tapf_itacbs_data/Paper_symbotic_39_37_gp_5/symbotic_agents_40_test_4.yaml,h,1.5,0,1,2125,13040,7221,7221,0,1,57,,,lacam_dfs,1,40,,58,310226,0,61,9084,dfs,dfs,4,848,796,57,796,1,lacam_tapf,1,,exp1,796,22,310226,10.0,0,1,1,1,9.12227201461792
1,13,8566,0,61.861,Paper_symbotic_39_37_gp_5/symbotic_agents_30_test_19,1,3042,55892,12841,0,0,0,0,665,1,/media/project0/yimin/lacam_tapf_itacbs_data/Paper_symbotic_39_37_gp_5/symbotic_agents_30_test_19.yaml,h,1.5,0,1,1234,12842,8566,8566,0,1,47,,,lacam_focal_h,1,30,,49,230639,0,4202,9100,focal,focal,19,725,663,47,663,1,lacam_tapf,1,,exp1,663,9308,230639,10.0,0,1,1,1,9.138478517532349
1,1,6392,1,45.0633,Paper_symbotic_39_37_gp_5/symbotic_agents_40_test_2,1,10812,80363,19466,0,0,2,1,987,2,/media/project0/yimin/lacam_tapf_itacbs_data/Paper_symbotic_39_37_gp_5/symbotic_agents_40_test_2.yaml,h,1.5,0,1,2263,19467,6392,6392,0,1,64,,,lacam_focal_h,1,40,,65,287939,0,93,9093,focal,focal,2,1110,987,64,987,1,lacam_tapf,1,,exp1,987,37,287939,10.0,0,1,1,1,9.128783226013184
1,1,4386,0,25.0997,Paper_symbotic_39_37_gp_5/symbotic_agents_40_test_10,1,5795,46216,12905,0,0,0,0,967,2,/media/project0/yimin/lacam_tapf_itacbs_data/Paper_symbotic_39_37_gp_5/symbotic_agents_40_test_10.yaml,h,1.5,0,1,2725,12906,4386,4386,0,1,65,,,lacam_focal_h,1,40,,4386,234237,0,104,9058,focal,focal,10,1030,967,65,967,1,lacam_tapf,1,,exp1,967,62,234237,10.0,0,1,1,1,9.091103792190552
1,1,6703,1,70.9811,Paper_symbotic_39_37_gp_5/symbotic_agents_40_test_7,1,1968,50494,10508,0,0,2,1,729,2,/media/project0/yimin/lacam_tapf_itacbs_data/Paper_symbotic_39_37_gp_5/symbotic_agents_40_test_7.yaml,h,1.5,0,1,1838,10528,6703,6703,0,1,42,,,lacam_dfs,1,40,,43,293147,0,42,9074,dfs,dfs,7,762,729,42,729,1,lacam_tapf,1,,exp1,736,9,293147,10.0,0,1,1,1,9.107477903366089
1,1,5684,0,38.4227,Paper_symbotic_39_37_gp_5/symbotic_agents_40_test_9,1,0,24689,8197,0,0,0,0,901,2,/media/project0/yimin/lacam_tapf_itacbs_data/Paper_symbotic_39_37_gp_5/symbotic_agents_40_test_9.yaml,h,1.5,0,1,2514,8198,5684,5684,0,1,59,,,lacam_focal_h,1,40,,5684,275461,0,79,9067,focal,focal,9,1052,901,59,901,1,lacam_tapf,1,,exp1,901,28,275461,10.0,0,1,1,1,9.097207307815552
1,1,6493,0,66.7124,Paper_symbotic_39_37_gp_5/symbotic_agents_40_test_8,1,1395,42625,9513,0,0,0,0,709,1,/media/project0/yimin/lacam_tapf_itacbs_data/Paper_symbotic_39_37_gp_5/symbotic_agents_40_test_8.yaml,h,1.5,0,1,1626,9514,6493,6493,0,1,45,,,lacam_focal_h,1,40,,46,275292,0,40,9073,focal,focal,8,754,709,45,709,1,lacam_tapf,1,,exp1,709,1,275292,10.0,0,1,1,1,9.106779098510742
1,1,6055,0,35.9136,Paper_symbotic_39_37_gp_5/symbotic_agents_40_test_14,1,1,29942,8528,0,0,0,0,877,2,/media/project0/yimin/lacam_tapf_itacbs_data/Paper_symbotic_39_37_gp_5/symbotic_agents_40_test_14.yaml,h,1.5,0,1,2473,8545,6055,6055,0,1,54,,,lacam_dfs,1,40,,55,281815,0,47,9062,dfs,dfs,14,905,877,54,877,1,lacam_tapf,1,,exp1,877,89,281815,10.0,0,1,1,1,9.09043288230896
1,1,6119,0,37.425,Paper_symbotic_39_37_gp_5/symbotic_agents_40_test_9,1,4080,38764,12590,0,0,0,0,901,2,/media/project0/yimin/lacam_tapf_itacbs_data/Paper_symbotic_39_37_gp_5/symbotic_agents_40_test_9.yaml,h,1.5,0,1,2392,12600,6119,6119,0,1,59,,,lacam_dfs,1,40,,60,288637,0,79,9068,dfs,dfs,9,1052,901,59,901,1,lacam_tapf,1,,exp1,901,19,288637,10.0,0,1,1,1,9.105509519577026
1,1,6731,1,71.6843,Paper_symbotic_39_37_gp_5/symbotic_agents_40_test_7,1,1968,50670,10544,0,0,2,1,729,2,/media/project0/yimin/lacam_tapf_itacbs_data/Paper_symbotic_39_37_gp_5/symbotic_agents_40_test_7.yaml,h,1.5,0,1,1846,10545,6731,6731,0,1,42,,,lacam_focal_h,1,40,,43,294369,0,42,9080,focal,focal,7,762,729,42,729,1,lacam_tapf,1,,exp1,736,9,294369,10.0,0,1,1,1,9.115727663040161
1,1,5518,1,57.5311,Paper_symbotic_39_37_gp_5/symbotic_agents_50_test_1,1,0,33264,7508,0,0,2,1,1005,2,/media/project0/yimin/lacam_tapf_itacbs_data/Paper_symbotic_39_37_gp_5/symbotic_agents_50_test_1.yaml,h,1.5,0,1,1991,7523,5518,5518,0,1,45,,,lacam_dfs,1,50,,46,326390,0,7551,9064,dfs,dfs,1,1103,1005,45,1005,1,lacam_tapf,1,,exp1,1005,0,326390,10.0,0,1,1,1,9.09238576889038
1,1,9292,1,119.754,Paper_symbotic_39_37_gp_5/symbotic_agents_40_test_5,1,0,49314,10437,0,0,4,1,680,1,/media/project0/yimin/lacam_tapf_itacbs_data/Paper_symbotic_39_37_gp_5/symbotic_agents_40_test_5.yaml,h,1.5,0,1,1146,10454,9292,9292,0,1,37,,,lacam_dfs,1,40,,38,348790,1,8390,9104,dfs,dfs,5,711,680,37,680,1,lacam_tapf,1,,exp1,680,324,348790,10.0,0,1,1,1,9.146758556365967
1,1,5427,1,59.5358,Paper_symbotic_39_37_gp_5/symbotic_agents_50_test_1,1,0,32579,7371,0,0,2,1,1005,3,/media/project0/yimin/lacam_tapf_itacbs_data/Paper_symbotic_39_37_gp_5/symbotic_agents_50_test_1.yaml,h,1.5,0,1,1945,7372,5427,5427,0,1,45,,,lacam_focal_h,1,50,,46,320499,0,7414,9064,focal,focal,1,1103,1005,45,1005,1,lacam_tapf,1,,exp1,1005,0,320499,10.0,0,1,1,1,9.095543384552002
1,1,5403,0,35.8213,Paper_symbotic_39_37_gp_5/symbotic_agents_40_test_15,1,2187,30961,10143,0,0,0,0,765,3,/media/project0/yimin/lacam_tapf_itacbs_data/Paper_symbotic_39_37_gp_5/symbotic_agents_40_test_15.yaml,h,1.5,0,1,2554,10165,5403,5403,0,1,57,,,lacam_dfs,1,40,,58,261167,0,50,9065,dfs,dfs,15,861,765,57,765,1,lacam_tapf,1,,exp1,765,10,261167,10.0,0,1,1,1,9.110843896865845
1,1,5730,0,33.5792,Paper_symbotic_39_37_gp_5/symbotic_agents_40_test_19,1,1,25162,7960,0,0,0,0,742,2,/media/project0/yimin/lacam_tapf_itacbs_data/Paper_symbotic_39_37_gp_5/symbotic_agents_40_test_19.yaml,h,1.5,0,1,2230,7974,5730,5730,0,1,54,,,lacam_dfs,1,40,,55,262290,0,51,9063,dfs,dfs,19,792,742,54,742,1,lacam_tapf,1,,exp1,742,17,262290,10.0,0,1,1,1,9.113197803497314
1,1,5259,0,32.8771,Paper_symbotic_39_37_gp_5/symbotic_agents_40_test_19,1,0,23033,7254,0,0,0,0,742,2,/media/project0/yimin/lacam_tapf_itacbs_data/Paper_symbotic_39_37_gp_5/symbotic_agents_40_test_19.yaml,h,1.5,0,1,1996,7255,5259,5259,0,1,54,,,lacam_focal_h,1,40,,5259,239644,0,51,9069,focal,focal,19,792,742,54,742,1,lacam_tapf,1,,exp1,742,13,239644,10.0,0,1,1,1,9.113223791122437
1,1,4769,2,39.6021,Paper_symbotic_39_37_gp_5/symbotic_agents_50_test_4,1,13929,64057,21335,0,0,5,2,1469,4,/media/project0/yimin/lacam_tapf_itacbs_data/Paper_symbotic_39_37_gp_5/symbotic_agents_50_test_4.yaml,h,1.5,0,1,2638,21336,4769,4769,0,1,71,,,lacam_focal_h,1,50,,4769,312581,1,345,9062,focal,focal,4,1567,1469,71,1469,1,lacam_tapf,1,,exp1,1469,589,312581,10.0,0,1,1,1,9.110753059387207
1,1,6557,0,45.3895,Paper_symbotic_39_37_gp_5/symbotic_agents_40_test_18,1,1728,34338,10095,0,0,0,0,878,2,/media/project0/yimin/lacam_tapf_itacbs_data/Paper_symbotic_39_37_gp_5/symbotic_agents_40_test_18.yaml,h,1.5,0,1,1811,10096,6557,6557,0,1,52,,,lacam_focal_h,1,40,,80,281113,1140,49,9068,focal,focal,18,916,878,52,878,1,lacam_tapf,1,,exp1,878,118,281113,10.0,0,1,1,1,9.116628885269165
1,1,5333,0,46.5481,Paper_symbotic_39_37_gp_5/symbotic_agents_50_test_11,1,1783,35512,8881,0,0,0,0,1058,3,/media/project0/yimin/lacam_tapf_itacbs_data/Paper_symbotic_39_37_gp_5/symbotic_agents_50_test_11.yaml,h,1.5,0,1,1766,8898,5333,5333,0,1,56,,,lacam_dfs,1,50,,57,308665,0,86,9064,dfs,dfs,11,1149,1058,56,1058,1,lacam_tapf,1,,exp1,1058,32,308665,10.0,0,1,1,1,9.112675666809082
1,1,6426,0,36.0493,Paper_symbotic_39_37_gp_5/symbotic_agents_40_test_10,1,3898,48700,13338,0,0,0,0,967,2,/media/project0/yimin/lacam_tapf_itacbs_data/Paper_symbotic_39_37_gp_5/symbotic_agents_40_test_10.yaml,h,1.5,0,1,3015,13352,6426,6426,0,1,65,,,lacam_dfs,1,40,,66,316900,0,102,9078,dfs,dfs,10,1030,967,65,967,1,lacam_tapf,1,,exp1,967,60,316900,10.0,0,1,1,1,9.14047384262085
1,1,5584,1,40.2328,Paper_symbotic_39_37_gp_5/symbotic_agents_50_test_13,1,0,28561,7714,0,0,2,1,1176,4,/media/project0/yimin/lacam_tapf_itacbs_data/Paper_symbotic_39_37_gp_5/symbotic_agents_50_test_13.yaml,h,1.5,0,1,2131,7715,5584,5584,0,1,56,,,lacam_focal_h,1,50,,117,336926,0,195,9063,focal,focal,13,1341,1176,56,1176,1,lacam_tapf,1,,exp1,1176,179,336926,10.0,0,1,1,1,9.112287044525146
1,1,5104,2,47.2594,Paper_symbotic_39_37_gp_5/symbotic_agents_50_test_17,1,14427,77309,21806,0,0,4,2,1513,5,/media/project0/yimin/lacam_tapf_itacbs_data/Paper_symbotic_39_37_gp_5/symbotic_agents_50_test_17.yaml,h,1.5,0,1,2276,21807,5104,5104,0,1,102,,,lacam_focal_h,1,50,,5103,308065,1,270,9056,focal,focal,17,1730,1513,102,1513,1,lacam_tapf,1,,exp1,1519,65,308065,10.0,0,1,1,1,9.110849857330322
1,1,5709,0,38.4878,Paper_symbotic_39_37_gp_5/symbotic_agents_40_test_15,1,2187,32338,10602,0,0,0,0,765,2,/media/project0/yimin/lacam_tapf_itacbs_data/Paper_symbotic_39_37_gp_5/symbotic_agents_40_test_15.yaml,h,1.5,0,1,2707,10603,5709,5709,0,1,57,,,lacam_focal_h,1,40,,58,275855,0,50,9074,focal,focal,15,861,765,57,765,1,lacam_tapf,1,,exp1,765,10,275855,10.0,0,1,1,1,9.131350040435791
1,1,5886,3,42.1299,Paper_symbotic_39_37_gp_5/symbotic_agents_40_test_17,1,2194,46163,10052,0,0,7,3,891,3,/media/project0/yimin/lacam_tapf_itacbs_data/Paper_symbotic_39_37_gp_5/symbotic_agents_40_test_17.yaml,h,1.5,0,1,1973,10053,5886,5886,0,1,55,,,lacam_focal_h,1,40,,57,264749,0,110,9069,focal,focal,17,965,891,55,891,1,lacam_tapf,1,,exp1,891,10,264749,10.0,0,1,1,1,9.129749059677124
1,1,7020,1,47.8124,Paper_symbotic_39_37_gp_5/symbotic_agents_40_test_11,1,4872,57174,13570,0,0,2,1,922,2,/media/project0/yimin/lacam_tapf_itacbs_data/Paper_symbotic_39_37_gp_5/symbotic_agents_40_test_11.yaml,h,1.5,0,1,1679,13580,7020,7020,0,1,57,,,lacam_dfs,1,40,,58,290861,0,77,9078,dfs,dfs,11,1040,922,57,922,1,lacam_tapf,1,,exp1,922,13,290861,10.0,0,1,1,1,9.142835855484009
1,1,5560,1,44.0733,Paper_symbotic_39_37_gp_5/symbotic_agents_50_test_15,1,6,27425,7665,0,0,3,1,915,3,/media/project0/yimin/lacam_tapf_itacbs_data/Paper_symbotic_39_37_gp_5/symbotic_agents_50_test_15.yaml,h,1.5,0,1,2100,7679,5560,5560,0,1,44,,,lacam_dfs,1,50,,45,328922,0,91,9065,dfs,dfs,15,964,915,44,915,1,lacam_tapf,1,,exp1,915,261,328922,10.0,0,1,1,1,9.117621421813965
1,1,5376,1,49.2182,Paper_symbotic_39_37_gp_5/symbotic_agents_60_test_0,1,2475,35279,9793,0,0,2,1,1609,6,/media/project0/yimin/lacam_tapf_itacbs_data/Paper_symbotic_39_37_gp_5/symbotic_agents_60_test_0.yaml,h,1.5,0,1,1943,9814,5376,5376,0,1,84,,,lacam_dfs,1,60,,85,392768,0,1041,9058,dfs,dfs,0,1800,1609,84,1609,1,lacam_tapf,1,,exp1,1609,38,392768,10.0,0,1,1,1,9.114962577819824
1,1,5026,1534,40.6881,Paper_symbotic_39_37_gp_5/symbotic_agents_50_test_2,1,0,20961,6955,0,0,4,2,1299,4,/media/project0/yimin/lacam_tapf_itacbs_data/Paper_symbotic_39_37_gp_5/symbotic_agents_50_test_2.yaml,h,1.5,0,1,1930,6956,5026,5026,0,1,79,,,lacam_focal_h,1,50,,5026,301382,0,139,9074,focal,focal,2,1442,1299,79,1299,1,lacam_tapf,1,,exp1,1359,98,301382,10.0,0,1,1,1,9.130170822143555
1,1,5601,1,37.1633,Paper_symbotic_39_37_gp_5/symbotic_agents_40_test_13,1,6651,47612,14570,0,0,2,1,995,2,/media/project0/yimin/lacam_tapf_itacbs_data/Paper_symbotic_39_37_gp_5/symbotic_agents_40_test_13.yaml,h,1.5,0,1,2319,14588,5601,5601,0,1,56,,,lacam_dfs,1,40,,57,262612,3,103,9079,dfs,dfs,13,1065,995,56,995,1,lacam_tapf,1,,exp1,995,28,262612,10.0,0,1,1,1,9.141269207000732
1,1,4927,1,40.7574,Paper_symbotic_39_37_gp_5/symbotic_agents_50_test_5,1,1884,27734,9119,0,0,2,1,1166,4,/media/project0/yimin/lacam_tapf_itacbs_data/Paper_symbotic_39_37_gp_5/symbotic_agents_50_test_5.yaml,h,1.5,0,1,2309,9120,4927,4927,0,1,80,,,lacam_focal_h,1,50,,4927,309866,1,128,9072,focal,focal,5,1276,1166,80,1166,1,lacam_tapf,1,,exp1,1166,55,309866,10.0,0,1,1,1,9.131165742874146
1,1,6375,1,42.5214,Paper_symbotic_39_37_gp_5/symbotic_agents_50_test_5,1,607,29747,9341,0,0,2,1,1166,4,/media/project0/yimin/lacam_tapf_itacbs_data/Paper_symbotic_39_37_gp_5/symbotic_agents_50_test_5.yaml,h,1.5,0,1,2360,9358,6375,6375,0,1,80,,,lacam_dfs,1,50,,81,390064,594,142,9072,dfs,dfs,5,1276,1166,80,1166,1,lacam_tapf,1,,exp1,1166,73,390064,10.0,0,1,1,1,9.134446382522583
1,2,6415,1,36.8216,Paper_symbotic_39_37_gp_5/symbotic_agents_40_test_12,1,1452,46877,10989,0,0,2,1,842,2,/media/project0/yimin/lacam_tapf_itacbs_data/Paper_symbotic_39_37_gp_5/symbotic_agents_40_test_12.yaml,h,1.5,0,1,3123,11033,6415,6415,0,2,79,,,lacam_dfs,1,40,,80,320546,0,22,9076,dfs,dfs,12,975,841,79,841,1,lacam_tapf,1,,exp1,877,38,320546,10.0,0,1,1,1,9.149450302124023
1,1,5060,2,42.4054,Paper_symbotic_39_37_gp_5/symbotic_agents_50_test_10,1,6916,44288,13997,0,0,5,2,1223,3,/media/project0/yimin/lacam_tapf_itacbs_data/Paper_symbotic_39_37_gp_5/symbotic_agents_50_test_10.yaml,h,1.5,0,1,2022,14015,5060,5060,0,1,61,,,lacam_dfs,1,50,,62,308865,0,75,9072,dfs,dfs,10,1304,1223,61,1223,1,lacam_tapf,1,,exp1,1223,41,308865,10.0,0,1,1,1,9.13109564781189
1,1,5764,1,44.4266,Paper_symbotic_39_37_gp_5/symbotic_agents_50_test_13,1,5915,52719,13647,0,0,2,1,1176,4,/media/project0/yimin/lacam_tapf_itacbs_data/Paper_symbotic_39_37_gp_5/symbotic_agents_50_test_13.yaml,h,1.5,0,1,1969,13663,5764,5764,0,1,56,,,lacam_dfs,1,50,,57,340655,0,591,9067,dfs,dfs,13,1341,1176,56,1176,1,lacam_tapf,1,,exp1,1176,1552,340655,10.0,0,1,1,1,9.129406929016113
1,1,5327,0,32.2247,Paper_symbotic_39_37_gp_5/symbotic_agents_40_test_18,1,9839,74322,18382,0,0,0,0,878,2,/media/project0/yimin/lacam_tapf_itacbs_data/Paper_symbotic_39_37_gp_5/symbotic_agents_40_test_18.yaml,h,1.5,0,1,3217,18396,5327,5327,0,1,52,,,lacam_dfs,1,40,,53,283357,285,54,9069,dfs,dfs,18,916,878,52,878,1,lacam_tapf,1,,exp1,878,106,283357,10.0,0,1,1,1,9.145538330078125
1,1,7051,0,37.4025,Paper_symbotic_39_37_gp_5/symbotic_agents_40_test_14,1,1,33929,9857,0,0,0,0,877,2,/media/project0/yimin/lacam_tapf_itacbs_data/Paper_symbotic_39_37_gp_5/symbotic_agents_40_test_14.yaml,h,1.5,0,1,2806,9858,7051,7051,0,1,54,,,lacam_focal_h,1,40,,64,324343,0,47,9080,focal,focal,14,905,877,54,877,1,lacam_tapf,1,,exp1,877,89,324343,10.0,0,1,1,1,9.151593923568726
1,1,6446,0,34.0314,Paper_symbotic_39_37_gp_5/symbotic_agents_40_test_16,1,0,37056,9644,0,0,0,0,800,2,/media/project0/yimin/lacam_tapf_itacbs_data/Paper_symbotic_39_37_gp_5/symbotic_agents_40_test_16.yaml,h,1.5,0,1,3199,9645,6446,6446,0,1,42,,,lacam_focal_h,1,40,,54,317676,0,40,9074,focal,focal,16,835,800,42,800,1,lacam_tapf,1,,exp1,800,145,317676,10.0,0,1,1,1,9.149298667907715
1,13,8513,0,61.7796,Paper_symbotic_39_37_gp_5/symbotic_agents_30_test_19,1,2997,55448,12730,0,0,0,0,665,1,/media/project0/yimin/lacam_tapf_itacbs_data/Paper_symbotic_39_37_gp_5/symbotic_agents_30_test_19.yaml,h,1.5,0,1,1221,12756,8513,8513,0,1,47,,,lacam_dfs,1,30,,48,229187,0,4202,9128,dfs,dfs,19,725,663,47,663,1,lacam_tapf,1,,exp1,663,9308,229187,10.0,0,1,1,1,9.215275764465332
1,1,5664,1,57.4964,Paper_symbotic_39_37_gp_5/symbotic_agents_50_test_14,1,1,24632,7219,0,0,2,1,1146,4,/media/project0/yimin/lacam_tapf_itacbs_data/Paper_symbotic_39_37_gp_5/symbotic_agents_50_test_14.yaml,h,1.5,0,1,1555,7241,5664,5664,0,1,74,,,lacam_dfs,1,50,,75,313518,0,63,9078,dfs,dfs,14,1230,1146,74,1146,1,lacam_tapf,1,,exp1,1146,37,313518,10.0,0,1,1,1,9.134296655654907
1,1,5176,0,49.8105,Paper_symbotic_39_37_gp_5/symbotic_agents_60_test_2,1,675,30995,6995,0,0,0,0,1273,4,/media/project0/yimin/lacam_tapf_itacbs_data/Paper_symbotic_39_37_gp_5/symbotic_agents_60_test_2.yaml,h,1.5,0,1,1145,7004,5176,5176,0,1,42,,,lacam_dfs,1,60,,43,339882,0,106,9069,dfs,dfs,2,1330,1273,42,1273,1,lacam_tapf,1,,exp1,1273,3507,339882,10.0,0,1,1,1,9.129384517669678
1,1,6118,1,41.6467,Paper_symbotic_39_37_gp_5/symbotic_agents_40_test_13,1,6948,51708,15594,0,0,2,1,995,4,/media/project0/yimin/lacam_tapf_itacbs_data/Paper_symbotic_39_37_gp_5/symbotic_agents_40_test_13.yaml,h,1.5,0,1,2529,15595,6118,6118,0,1,56,,,lacam_focal_h,1,40,,57,285876,3,103,9083,focal,focal,13,1065,995,56,995,1,lacam_tapf,1,,exp1,995,28,285876,10.0,0,1,1,1,9.154382705688477
1,1,5796,2,48.117,Paper_symbotic_39_37_gp_5/symbotic_agents_50_test_10,1,8266,51650,16451,0,0,5,2,1223,4,/media/project0/yimin/lacam_tapf_itacbs_data/Paper_symbotic_39_37_gp_5/symbotic_agents_50_test_10.yaml,h,1.5,0,1,2390,16452,5796,5796,0,1,61,,,lacam_focal_h,1,50,,62,356337,0,75,9070,focal,focal,10,1304,1223,61,1223,1,lacam_tapf,1,,exp1,1223,41,356337,10.0,0,1,1,1,9.137928009033203
1,1,6247,0,36.1192,Paper_symbotic_39_37_gp_5/symbotic_agents_40_test_16,1,13,37624,9326,0,0,0,0,800,2,/media/project0/yimin/lacam_tapf_itacbs_data/Paper_symbotic_39_37_gp_5/symbotic_agents_40_test_16.yaml,h,1.5,0,1,3067,9337,6247,6247,0,1,42,,,lacam_dfs,1,40,,43,305831,0,60,9074,dfs,dfs,16,835,800,42,800,1,lacam_tapf,1,,exp1,800,209,305831,10.0,0,1,1,1,9.152397871017456
1,1,5885,1,51.9356,Paper_symbotic_39_37_gp_5/symbotic_agents_40_test_11,1,3911,48218,11331,0,0,2,1,922,2,/media/project0/yimin/lacam_tapf_itacbs_data/Paper_symbotic_39_37_gp_5/symbotic_agents_40_test_11.yaml,h,1.5,0,1,1536,11332,5885,5885,0,1,57,,,lacam_focal_h,1,40,,59,248687,0,77,9088,focal,focal,11,1040,922,57,922,1,lacam_tapf,1,,exp1,922,13,248687,10.0,0,1,1,1,9.159699440002441
1,1,6235,0,55.5243,Paper_symbotic_39_37_gp_5/symbotic_agents_50_test_12,1,2304,39774,10809,0,0,0,0,1120,3,/media/project0/yimin/lacam_tapf_itacbs_data/Paper_symbotic_39_37_gp_5/symbotic_agents_50_test_12.yaml,h,1.5,0,1,2271,10810,6235,6235,0,1,58,,,lacam_focal_h,1,50,,59,364184,0,104,9070,focal,focal,12,1235,1120,58,1120,1,lacam_tapf,1,,exp1,1120,14,364184,10.0,0,1,1,1,9.138122320175171
1,1,5885,1,47.7844,Paper_symbotic_39_37_gp_5/symbotic_agents_50_test_14,1,0,25515,7516,0,0,2,1,1146,4,/media/project0/yimin/lacam_tapf_itacbs_data/Paper_symbotic_39_37_gp_5/symbotic_agents_50_test_14.yaml,h,1.5,0,1,1632,7517,5885,5885,0,1,74,,,lacam_focal_h,1,50,,5885,326606,0,63,9078,focal,focal,14,1230,1146,74,1146,1,lacam_tapf,1,,exp1,1146,92,326606,10.0,0,1,1,1,9.13602352142334
1,1,6103,1,52.0767,Paper_symbotic_39_37_gp_5/symbotic_agents_50_test_19,1,0,31989,7890,0,0,2,1,1194,4,/media/project0/yimin/lacam_tapf_itacbs_data/Paper_symbotic_39_37_gp_5/symbotic_agents_50_test_19.yaml,h,1.5,0,1,1788,7891,6103,6103,0,1,65,,,lacam_focal_h,1,50,,6103,346644,0,119,9073,focal,focal,19,1360,1194,65,1194,1,lacam_tapf,1,,exp1,1194,77,346644,10.0,0,1,1,1,9.131978750228882
1,1,6562,1,45.4391,Paper_symbotic_39_37_gp_5/symbotic_agents_50_test_0,1,0,35020,8822,0,0,2,1,1016,3,/media/project0/yimin/lacam_tapf_itacbs_data/Paper_symbotic_39_37_gp_5/symbotic_agents_50_test_0.yaml,h,1.5,0,1,2261,8826,6562,6562,0,1,45,,,lacam_dfs,1,50,,46,385053,0,68,9078,dfs,dfs,0,1139,1016,45,1016,1,lacam_tapf,1,,exp1,1018,16,385053,10.0,0,1,1,1,9.147308111190796
1,1,6465,1,49.2739,Paper_symbotic_39_37_gp_5/symbotic_agents_50_test_8,1,1038,33369,9586,0,0,0,0,1015,4,/media/project0/yimin/lacam_tapf_itacbs_data/Paper_symbotic_39_37_gp_5/symbotic_agents_50_test_8.yaml,h,1.5,0,1,2084,9587,6465,6465,0,1,67,,,lacam_focal_h,1,50,,320,373669,0,46,9074,focal,focal,8,1106,1015,67,1015,1,lacam_tapf,1,,exp1,1015,321,373669,10.0,0,1,1,1,9.141125679016113
1,1,4312,2,59.4537,Paper_symbotic_39_37_gp_5/symbotic_agents_50_test_4,1,11464,54325,17404,0,0,5,2,1469,4,/media/project0/yimin/lacam_tapf_itacbs_data/Paper_symbotic_39_37_gp_5/symbotic_agents_50_test_4.yaml,h,1.5,0,1,1629,17420,4312,4312,0,1,71,,,lacam_dfs,1,50,,72,258730,23,175,9085,dfs,dfs,4,1567,1469,71,1469,1,lacam_tapf,1,,exp1,1469,88,258730,10.0,0,1,1,1,9.144115447998047
1,1,6343,1,44.9303,Paper_symbotic_39_37_gp_5/symbotic_agents_50_test_15,1,6,31833,8767,0,0,3,1,915,3,/media/project0/yimin/lacam_tapf_itacbs_data/Paper_symbotic_39_37_gp_5/symbotic_agents_50_test_15.yaml,h,1.5,0,1,2419,8768,6343,6343,0,1,44,,,lacam_focal_h,1,50,,55,375206,0,91,9075,focal,focal,15,964,915,44,915,1,lacam_tapf,1,,exp1,915,261,375206,10.0,0,1,1,1,9.135895490646362
1,1,7634,0,66.0452,Paper_symbotic_39_37_gp_5/symbotic_agents_40_test_8,1,1895,48403,11439,0,0,0,0,709,1,/media/project0/yimin/lacam_tapf_itacbs_data/Paper_symbotic_39_37_gp_5/symbotic_agents_40_test_8.yaml,h,1.5,0,1,1911,11464,7634,7634,0,1,45,,,lacam_dfs,1,40,,46,322350,0,40,9097,dfs,dfs,8,754,709,45,709,1,lacam_tapf,1,,exp1,709,1,322350,10.0,0,1,1,1,9.175764322280884
1,1,5968,2,37.1821,Paper_symbotic_39_37_gp_5/symbotic_agents_50_test_2,1,4716,41222,13295,0,0,4,2,1299,4,/media/project0/yimin/lacam_tapf_itacbs_data/Paper_symbotic_39_37_gp_5/symbotic_agents_50_test_2.yaml,h,1.5,0,1,2612,13312,5968,5968,0,1,79,,,lacam_dfs,1,50,,80,374183,0,269,9082,dfs,dfs,2,1442,1299,79,1299,1,lacam_tapf,1,,exp1,1359,91,374183,10.0,0,1,1,1,9.146912097930908
1,1,6779,3,39.2721,Paper_symbotic_39_37_gp_5/symbotic_agents_40_test_17,1,2570,53998,11619,0,0,7,3,891,2,/media/project0/yimin/lacam_tapf_itacbs_data/Paper_symbotic_39_37_gp_5/symbotic_agents_40_test_17.yaml,h,1.5,0,1,2271,11639,6779,6779,0,1,55,,,lacam_dfs,1,40,,56,304052,0,110,9080,dfs,dfs,17,965,891,55,891,1,lacam_tapf,1,,exp1,891,10,304052,10.0,0,1,1,1,9.152902126312256
1,338,7297,29,45.2959,Paper_symbotic_39_37_gp_5/symbotic_agents_40_test_12,1,0,38864,10307,0,0,2,1,842,3,/media/project0/yimin/lacam_tapf_itacbs_data/Paper_symbotic_39_37_gp_5/symbotic_agents_40_test_12.yaml,h,1.5,0,1,3011,10309,7297,7297,0,2,50,,,lacam_focal_h,1,40,,281,343130,0,22,9089,focal,focal,12,905,772,50,772,1,lacam_tapf,1,,exp1,807,525,343130,10.0,0,1,1,1,9.158405780792236
1,1,4280,0,57.5405,Paper_symbotic_39_37_gp_5/symbotic_agents_60_test_1,1,10884,59195,17011,0,0,0,0,1466,5,/media/project0/yimin/lacam_tapf_itacbs_data/Paper_symbotic_39_37_gp_5/symbotic_agents_60_test_1.yaml,h,1.5,0,1,1848,17025,4280,4280,0,1,55,,,lacam_dfs,1,60,,56,325099,1,699,9073,dfs,dfs,1,1553,1466,55,1466,1,lacam_tapf,1,,exp1,1466,38,325099,10.0,0,1,1,1,9.134562969207764
1,1,6410,0,46.2032,Paper_symbotic_39_37_gp_5/symbotic_agents_50_test_8,1,859,32398,9302,0,0,0,0,1015,4,/media/project0/yimin/lacam_tapf_itacbs_data/Paper_symbotic_39_37_gp_5/symbotic_agents_50_test_8.yaml,h,1.5,0,1,2034,9323,6410,6410,0,1,67,,,lacam_dfs,1,50,,68,367857,0,46,9086,dfs,dfs,8,1106,1015,67,1015,1,lacam_tapf,1,,exp1,1015,46,367857,10.0,0,1,1,1,9.145145893096924
1,1,5858,2,51.7407,Paper_symbotic_39_37_gp_5/symbotic_agents_50_test_18,1,7779,53558,15197,0,0,4,2,1151,3,/media/project0/yimin/lacam_tapf_itacbs_data/Paper_symbotic_39_37_gp_5/symbotic_agents_50_test_18.yaml,h,1.5,0,1,1561,15207,5858,5858,0,1,50,,,lacam_dfs,1,50,,51,319959,1,134,9074,dfs,dfs,18,1230,1151,50,1151,1,lacam_tapf,1,,exp1,1155,17,319959,10.0,0,1,1,1,9.137635469436646
1,1,6331,1,52.5244,Paper_symbotic_39_37_gp_5/symbotic_agents_50_test_19,1,2270,34256,9980,0,0,2,1,1194,3,/media/project0/yimin/lacam_tapf_itacbs_data/Paper_symbotic_39_37_gp_5/symbotic_agents_50_test_19.yaml,h,1.5,0,1,1380,9998,6331,6331,0,1,65,,,lacam_dfs,1,50,,66,341260,0,149,9081,dfs,dfs,19,1360,1194,65,1194,1,lacam_tapf,1,,exp1,1194,19,341260,10.0,0,1,1,1,9.136601448059082
1,1,6021,0,45.4421,Paper_symbotic_39_37_gp_5/symbotic_agents_50_test_11,1,1975,39948,9990,0,0,0,0,1058,3,/media/project0/yimin/lacam_tapf_itacbs_data/Paper_symbotic_39_37_gp_5/symbotic_agents_50_test_11.yaml,h,1.5,0,1,1995,9991,6021,6021,0,1,56,,,lacam_focal_h,1,50,,57,348096,0,86,9073,focal,focal,11,1149,1058,56,1058,1,lacam_tapf,1,,exp1,1058,32,348096,10.0,0,1,1,1,9.142305612564087
1,1,6645,0,53.6106,Paper_symbotic_39_37_gp_5/symbotic_agents_50_test_12,1,2304,41313,11322,0,0,0,0,1120,3,/media/project0/yimin/lacam_tapf_itacbs_data/Paper_symbotic_39_37_gp_5/symbotic_agents_50_test_12.yaml,h,1.5,0,1,2374,11340,6645,6645,0,1,58,,,lacam_dfs,1,50,,59,385730,0,104,9076,dfs,dfs,12,1235,1120,58,1120,1,lacam_tapf,1,,exp1,1120,14,385730,10.0,0,1,1,1,9.142262935638428
1,1,6655,1,46.4881,Paper_symbotic_39_37_gp_5/symbotic_agents_50_test_0,1,0,35512,8945,0,0,2,1,1016,5,/media/project0/yimin/lacam_tapf_itacbs_data/Paper_symbotic_39_37_gp_5/symbotic_agents_50_test_0.yaml,h,1.5,0,1,2291,8946,6655,6655,0,1,45,,,lacam_focal_h,1,50,,46,390342,0,68,9072,focal,focal,0,1139,1016,45,1016,1,lacam_tapf,1,,exp1,1018,16,390342,10.0,0,1,1,1,9.151102781295776
1,1,6253,2,52.1367,Paper_symbotic_39_37_gp_5/symbotic_agents_50_test_18,1,9129,60974,17051,0,0,4,2,1151,3,/media/project0/yimin/lacam_tapf_itacbs_data/Paper_symbotic_39_37_gp_5/symbotic_agents_50_test_18.yaml,h,1.5,0,1,1670,17052,6253,6253,0,1,50,,,lacam_focal_h,1,50,,51,341127,1,134,9072,focal,focal,18,1230,1151,50,1151,1,lacam_tapf,1,,exp1,1155,17,341127,10.0,0,1,1,1,9.138138771057129
1,1,7357,0,53.9181,Paper_symbotic_39_37_gp_5/symbotic_agents_50_test_3,1,3468,40311,12270,0,0,0,0,1024,3,/media/project0/yimin/lacam_tapf_itacbs_data/Paper_symbotic_39_37_gp_5/symbotic_agents_50_test_3.yaml,h,1.5,0,1,1446,12271,7357,7357,0,1,54,,,lacam_focal_h,1,50,,56,379259,1,746,9082,focal,focal,3,1169,1024,54,1024,1,lacam_tapf,1,,exp1,1024,25,379259,10.0,0,1,1,1,9.149068355560303
1,1,6442,1,49.0157,Paper_symbotic_39_37_gp_5/symbotic_agents_60_test_0,1,1548,40450,10174,0,0,2,1,1609,6,/media/project0/yimin/lacam_tapf_itacbs_data/Paper_symbotic_39_37_gp_5/symbotic_agents_60_test_0.yaml,h,1.5,0,1,2185,10175,6442,6442,0,1,84,,,lacam_focal_h,1,60,,133,458114,0,353,9069,focal,focal,0,1800,1609,84,1609,1,lacam_tapf,1,,exp1,1609,120,458114,10.0,0,1,1,1,9.136110782623291
1,1,7012,0,52.9799,Paper_symbotic_39_37_gp_5/symbotic_agents_50_test_3,1,3468,38910,11803,0,0,0,0,1024,2,/media/project0/yimin/lacam_tapf_itacbs_data/Paper_symbotic_39_37_gp_5/symbotic_agents_50_test_3.yaml,h,1.5,0,1,1324,11813,7012,7012,0,1,54,,,lacam_dfs,1,50,,55,359645,1,746,9086,dfs,dfs,3,1169,1024,54,1024,1,lacam_tapf,1,,exp1,1024,25,359645,10.0,0,1,1,1,9.149747371673584
1,1,9141,1,120.215,Paper_symbotic_39_37_gp_5/symbotic_agents_40_test_5,1,0,48459,10266,0,0,4,1,680,1,/media/project0/yimin/lacam_tapf_itacbs_data/Paper_symbotic_39_37_gp_5/symbotic_agents_40_test_5.yaml,h,1.5,0,1,1126,10267,9141,9141,0,1,37,,,lacam_focal_h,1,40,,39,343147,1,8267,9118,focal,focal,5,711,680,37,680,1,lacam_tapf,1,,exp1,680,324,343147,10.0,0,1,1,1,9.20197582244873
1,1,6942,0,46.2352,Paper_symbotic_39_37_gp_5/symbotic_agents_50_test_9,1,4963,48272,14986,0,0,0,0,1024,3,/media/project0/yimin/lacam_tapf_itacbs_data/Paper_symbotic_39_37_gp_5/symbotic_agents_50_test_9.yaml,h,1.5,0,1,3082,14987,6942,6942,0,1,40,,,lacam_focal_h,1,50,,42,432162,0,89,9080,focal,focal,9,1081,1024,40,1024,1,lacam_tapf,1,,exp1,1024,1731,432162,10.0,0,1,1,1,9.1454918384552
1,1,5204,0,49.1037,Paper_symbotic_39_37_gp_5/symbotic_agents_60_test_1,1,14977,75611,22483,0,0,0,0,1466,4,/media/project0/yimin/lacam_tapf_itacbs_data/Paper_symbotic_39_37_gp_5/symbotic_agents_60_test_1.yaml,h,1.5,0,1,2303,22484,5204,5204,0,1,55,,,lacam_focal_h,1,60,,56,396807,1,699,9069,focal,focal,1,1553,1466,55,1466,1,lacam_tapf,1,,exp1,1466,38,396807,10.0,0,1,1,1,9.137020587921143
1,1,7781,2,50.2357,Paper_symbotic_39_37_gp_5/symbotic_agents_50_test_6,1,1074,52327,11392,0,0,4,2,1145,3,/media/project0/yimin/lacam_tapf_itacbs_data/Paper_symbotic_39_37_gp_5/symbotic_agents_50_test_6.yaml,h,1.5,0,1,2538,11393,7781,7781,0,1,60,,,lacam_focal_h,1,50,,64,443086,4,128,9081,focal,focal,6,1273,1145,60,1145,1,lacam_tapf,1,,exp1,1151,832,443086,10.0,0,1,1,1,9.149455547332764
1,1,7712,0,44.6058,Paper_symbotic_39_37_gp_5/symbotic_agents_50_test_9,1,5557,53519,16735,0,0,0,0,1024,3,/media/project0/yimin/lacam_tapf_itacbs_data/Paper_symbotic_39_37_gp_5/symbotic_agents_50_test_9.yaml,h,1.5,0,1,3467,16746,7712,7712,0,1,40,,,lacam_dfs,1,50,,41,480672,0,89,9083,dfs,dfs,9,1081,1024,40,1024,1,lacam_tapf,1,,exp1,1024,1731,480672,10.0,0,1,1,1,9.148020267486572
1,1,5699,0,41.7,Paper_symbotic_39_37_gp_5/symbotic_agents_50_test_16,1,15918,75707,25146,0,0,0,0,1084,3,/media/project0/yimin/lacam_tapf_itacbs_data/Paper_symbotic_39_37_gp_5/symbotic_agents_50_test_16.yaml,h,1.5,0,1,3530,25165,5699,5699,0,1,57,,,lacam_dfs,1,50,,58,394405,0,96,9085,dfs,dfs,16,1142,1084,57,1084,1,lacam_tapf,1,,exp1,1084,16,394405,10.0,0,1,1,1,9.142293453216553
1,1,7365,2,55.898,Paper_symbotic_39_37_gp_5/symbotic_agents_50_test_6,1,1014,49432,10813,0,0,4,2,1145,3,/media/project0/yimin/lacam_tapf_itacbs_data/Paper_symbotic_39_37_gp_5/symbotic_agents_50_test_6.yaml,h,1.5,0,1,2435,10835,7365,7365,0,1,60,,,lacam_dfs,1,50,,61,421288,4,128,9089,dfs,dfs,6,1273,1145,60,1145,1,lacam_tapf,1,,exp1,1151,832,421288,10.0,0,1,1,1,9.150959253311157
1,1,6375,0,55.4143,Paper_symbotic_39_37_gp_5/symbotic_agents_50_test_16,1,10827,90837,19569,0,0,0,0,1084,3,/media/project0/yimin/lacam_tapf_itacbs_data/Paper_symbotic_39_37_gp_5/symbotic_agents_50_test_16.yaml,h,1.5,0,1,2368,19570,6375,6375,0,1,57,,,lacam_focal_h,1,50,,213,366931,0,421,9074,focal,focal,16,1142,1084,57,1084,1,lacam_tapf,1,,exp1,1084,112,366931,10.0,0,1,1,1,9.142453670501709
1,1,5346,2,46.6967,Paper_symbotic_39_37_gp_5/symbotic_agents_50_test_17,1,36549,154374,44343,0,0,4,2,1513,5,/media/project0/yimin/lacam_tapf_itacbs_data/Paper_symbotic_39_37_gp_5/symbotic_agents_50_test_17.yaml,h,1.5,0,1,2449,44366,5346,5346,0,1,102,,,lacam_dfs,1,50,,103,329583,1,235,9069,dfs,dfs,17,1730,1513,102,1513,1,lacam_tapf,1,,exp1,1519,58,329583,10.0,0,1,1,1,9.142691135406494
1,1,8310,2,92.388,Paper_symbotic_39_37_gp_5/symbotic_agents_50_test_7,1,12079,80905,21435,0,0,4,2,1076,3,/media/project0/yimin/lacam_tapf_itacbs_data/Paper_symbotic_39_37_gp_5/symbotic_agents_50_test_7.yaml,h,1.5,0,1,1047,21436,8310,8310,0,1,44,,,lacam_focal_h,1,50,,45,392282,0,8976,9092,focal,focal,7,1195,1076,44,1076,1,lacam_tapf,1,,exp1,1076,9343,392282,10.0,0,1,1,1,9.15230417251587
1,1,9118,2,90.7606,Paper_symbotic_39_37_gp_5/symbotic_agents_50_test_7,1,15720,103600,25974,0,0,4,2,1076,6,/media/project0/yimin/lacam_tapf_itacbs_data/Paper_symbotic_39_37_gp_5/symbotic_agents_50_test_7.yaml,h,1.5,0,1,1137,25987,9118,9118,0,1,44,,,lacam_dfs,1,50,,45,428953,0,9569,9088,dfs,dfs,7,1195,1076,44,1076,1,lacam_tapf,1,,exp1,1076,10241,428953,10.0,0,1,1,1,9.152463436126709
1,1,4982,1,43.5964,Paper_symbotic_39_37_gp_5/symbotic_agents_60_test_3,1,5207,38083,12617,0,0,2,1,1438,7,/media/project0/yimin/lacam_tapf_itacbs_data/Paper_symbotic_39_37_gp_5/symbotic_agents_60_test_3.yaml,h,1.5,0,1,2429,12629,4982,4982,0,1,58,,,lacam_dfs,1,60,,59,413618,1131,198,9054,dfs,dfs,3,1603,1438,58,1438,1,lacam_tapf,1,,exp1,1438,84,413618,10.0,0,1,1,1,9.092658281326294
1,1,4655,1,44.1275,Paper_symbotic_39_37_gp_5/symbotic_agents_60_test_3,1,4883,35641,11803,0,0,2,1,1438,4,/media/project0/yimin/lacam_tapf_itacbs_data/Paper_symbotic_39_37_gp_5/symbotic_agents_60_test_3.yaml,h,1.5,0,1,2266,11804,4655,4655,0,1,58,,,lacam_focal_h,1,60,,61,382306,807,198,9057,focal,focal,3,1603,1438,58,1438,1,lacam_tapf,1,,exp1,1438,84,382306,10.0,0,1,1,1,9.091887474060059
1,1,5089,0,54.4854,Paper_symbotic_39_37_gp_5/symbotic_agents_60_test_2,1,650,30411,6849,0,0,0,0,1273,4,/media/project0/yimin/lacam_tapf_itacbs_data/Paper_symbotic_39_37_gp_5/symbotic_agents_60_test_2.yaml,h,1.5,0,1,1111,6850,5089,5089,0,1,42,,,lacam_focal_h,1,60,,43,333469,0,106,9057,focal,focal,2,1330,1273,42,1273,1,lacam_tapf,1,,exp1,1273,3507,333469,10.0,0,1,1,1,9.111747026443481
1,1,5479,2,48.9711,Paper_symbotic_39_37_gp_5/symbotic_agents_60_test_5,1,7857,51007,15151,0,0,4,2,1433,3,/media/project0/yimin/lacam_tapf_itacbs_data/Paper_symbotic_39_37_gp_5/symbotic_agents_60_test_5.yaml,h,1.5,0,1,1816,15152,5479,5479,0,1,59,,,lacam_focal_h,1,60,,241,383036,2,417,9069,focal,focal,5,1579,1433,59,1433,1,lacam_tapf,1,,exp1,1433,453,383036,10.0,0,1,1,1,9.104785442352295
1,1,4565,0,46.2751,Paper_symbotic_39_37_gp_5/symbotic_agents_60_test_7,1,2916,41874,10084,0,0,0,0,1316,3,/media/project0/yimin/lacam_tapf_itacbs_data/Paper_symbotic_39_37_gp_5/symbotic_agents_60_test_7.yaml,h,1.5,0,1,2604,10085,4565,4565,0,1,54,,,lacam_focal_h,1,60,,3725,378886,0,230,9056,focal,focal,7,1418,1316,54,1316,1,lacam_tapf,1,,exp1,1316,156,378886,10.0,0,1,1,1,9.09071683883667
1,1,5245,0,43.4175,Paper_symbotic_39_37_gp_5/symbotic_agents_60_test_4,1,17450,86890,23898,0,0,0,0,1445,10,/media/project0/yimin/lacam_tapf_itacbs_data/Paper_symbotic_39_37_gp_5/symbotic_agents_60_test_4.yaml,h,1.5,0,1,1204,23899,5245,5245,0,1,103,,,lacam_focal_h,1,60,,5245,503035,4226,903,9068,focal,focal,4,1714,1445,103,1445,1,lacam_tapf,1,,exp1,1445,61,503035,10.0,0,1,1,1,9.112135171890259
1,1,4325,1,47.676,Paper_symbotic_39_37_gp_5/symbotic_agents_60_test_8,1,4368,42791,10529,0,0,3,1,1359,3,/media/project0/yimin/lacam_tapf_itacbs_data/Paper_symbotic_39_37_gp_5/symbotic_agents_60_test_8.yaml,h,1.5,0,1,1837,10530,4325,4325,0,1,50,,,lacam_focal_h,1,60,,52,325999,4,177,9053,focal,focal,8,1490,1359,50,1359,1,lacam_tapf,1,,exp1,1361,54,325999,10.0,0,1,1,1,9.090506792068481
1,1,5298,0,40.5118,Paper_symbotic_39_37_gp_5/symbotic_agents_60_test_7,1,956,33381,8704,0,0,0,0,1316,8,/media/project0/yimin/lacam_tapf_itacbs_data/Paper_symbotic_39_37_gp_5/symbotic_agents_60_test_7.yaml,h,1.5,0,1,2451,8718,5298,5298,0,1,54,,,lacam_dfs,1,60,,55,417960,300,209,9064,dfs,dfs,7,1418,1316,54,1316,1,lacam_tapf,1,,exp1,1316,673,417960,10.0,0,1,1,1,9.102049827575684
1,1,4359,3,38.845,Paper_symbotic_39_37_gp_5/symbotic_agents_60_test_13,1,3846,31814,10587,0,0,6,3,1595,6,/media/project0/yimin/lacam_tapf_itacbs_data/Paper_symbotic_39_37_gp_5/symbotic_agents_60_test_13.yaml,h,1.5,0,1,2383,10588,4359,4359,0,1,87,,,lacam_focal_h,1,60,,4359,353903,0,237,9042,focal,focal,13,1756,1595,87,1595,1,lacam_tapf,1,,exp1,1596,57,353903,10.0,0,1,1,1,9.073508501052856
1,1,4916,2,46.7069,Paper_symbotic_39_37_gp_5/symbotic_agents_60_test_5,1,31436,140094,38823,0,0,4,2,1433,5,/media/project0/yimin/lacam_tapf_itacbs_data/Paper_symbotic_39_37_gp_5/symbotic_agents_60_test_5.yaml,h,1.5,0,1,2472,38837,4916,4916,0,1,59,,,lacam_dfs,1,60,,60,384384,2,198,9071,dfs,dfs,5,1579,1433,59,1433,1,lacam_tapf,1,,exp1,1433,79,384384,10.0,0,1,1,1,9.11874794960022
1,8,5547,0,50.9393,Paper_symbotic_39_37_gp_5/symbotic_agents_60_test_6,1,21828,92456,29938,0,0,0,0,1690,9,/media/project0/yimin/lacam_tapf_itacbs_data/Paper_symbotic_39_37_gp_5/symbotic_agents_60_test_6.yaml,h,1.5,0,1,2564,29954,5547,5547,0,1,72,,,lacam_dfs,1,60,,73,552410,2534,618,9071,dfs,dfs,6,1837,1689,72,1689,1,lacam_tapf,1,,exp1,1689,528,552410,10.0,0,1,1,1,9.11690878868103
1,1,5336,1,55.7526,Paper_symbotic_39_37_gp_5/symbotic_agents_60_test_10,1,10967,86412,18117,0,0,2,1,1269,3,/media/project0/yimin/lacam_tapf_itacbs_data/Paper_symbotic_39_37_gp_5/symbotic_agents_60_test_10.yaml,h,1.5,0,1,1815,18133,5336,5336,0,1,55,,,lacam_dfs,1,60,,56,382527,0,700,9066,dfs,dfs,10,1387,1269,55,1269,1,lacam_tapf,1,,exp1,1271,58,382527,10.0,0,1,1,1,9.095986127853394
1,1,4765,3,44.5993,Paper_symbotic_39_37_gp_5/symbotic_agents_60_test_12,1,0,20930,6521,0,0,7,3,1298,3,/media/project0/yimin/lacam_tapf_itacbs_data/Paper_symbotic_39_37_gp_5/symbotic_agents_60_test_12.yaml,h,1.5,0,1,1757,6522,4765,4765,0,1,61,,,lacam_focal_h,1,60,,1417,348985,0,138,9061,focal,focal,12,1412,1298,61,1298,1,lacam_tapf,1,,exp1,1298,65,348985,10.0,0,1,1,1,9.09071159362793
1,1,4590,1,47.0627,Paper_symbotic_39_37_gp_5/symbotic_agents_60_test_8,1,4368,44781,10927,0,0,3,1,1359,3,/media/project0/yimin/lacam_tapf_itacbs_data/Paper_symbotic_39_37_gp_5/symbotic_agents_60_test_8.yaml,h,1.5,0,1,1970,10936,4590,4590,0,1,50,,,lacam_dfs,1,60,,51,346695,4,177,9065,dfs,dfs,8,1490,1359,50,1359,1,lacam_tapf,1,,exp1,1361,54,346695,10.0,0,1,1,1,9.107916355133057
1,1,5250,3,41.4964,Paper_symbotic_39_37_gp_5/symbotic_agents_60_test_13,1,6195,42919,14283,0,0,6,3,1595,5,/media/project0/yimin/lacam_tapf_itacbs_data/Paper_symbotic_39_37_gp_5/symbotic_agents_60_test_13.yaml,h,1.5,0,1,2839,14301,5250,5250,0,1,87,,,lacam_dfs,1,60,,88,422899,0,258,9064,dfs,dfs,13,1756,1595,87,1595,1,lacam_tapf,1,,exp1,1596,95,422899,10.0,0,1,1,1,9.093847274780273
1,1,4308,2,62.1116,Paper_symbotic_39_37_gp_5/symbotic_agents_60_test_14,1,9245,62813,15242,0,0,4,2,1536,4,/media/project0/yimin/lacam_tapf_itacbs_data/Paper_symbotic_39_37_gp_5/symbotic_agents_60_test_14.yaml,h,1.5,0,1,1690,15243,4308,4308,0,1,67,,,lacam_focal_h,1,60,,4308,317520,270,3976,9054,focal,focal,14,1707,1536,67,1536,1,lacam_tapf,1,,exp1,1545,10384,317520,10.0,0,1,1,1,9.092453718185425
1,1,4743,0,47.4329,Paper_symbotic_39_37_gp_5/symbotic_agents_60_test_11,1,9954,62178,16607,0,0,0,0,1071,4,/media/project0/yimin/lacam_tapf_itacbs_data/Paper_symbotic_39_37_gp_5/symbotic_agents_60_test_11.yaml,h,1.5,0,1,1911,16608,4743,4743,0,1,47,,,lacam_focal_h,1,60,,54,350137,0,71,9069,focal,focal,11,1166,1071,47,1071,1,lacam_tapf,1,,exp1,1071,28,350137,10.0,0,1,1,1,9.107690811157227
1,1,5379,1,55.8412,Paper_symbotic_39_37_gp_5/symbotic_agents_60_test_10,1,11590,89168,18806,0,0,2,1,1269,3,/media/project0/yimin/lacam_tapf_itacbs_data/Paper_symbotic_39_37_gp_5/symbotic_agents_60_test_10.yaml,h,1.5,0,1,1838,18807,5379,5379,0,1,55,,,lacam_focal_h,1,60,,56,385959,0,700,9080,focal,focal,10,1387,1269,55,1269,1,lacam_tapf,1,,exp1,1271,58,385959,10.0,0,1,1,1,9.11551547050476
1,1,5291,0,43.9668,Paper_symbotic_39_37_gp_5/symbotic_agents_60_test_11,1,3765,39034,11122,0,0,0,0,1071,3,/media/project0/yimin/lacam_tapf_itacbs_data/Paper_symbotic_39_37_gp_5/symbotic_agents_60_test_11.yaml,h,1.5,0,1,2067,11134,5291,5291,0,1,47,,,lacam_dfs,1,60,,48,389676,0,71,9074,dfs,dfs,11,1166,1071,47,1071,1,lacam_tapf,1,,exp1,1071,64,389676,10.0,0,1,1,1,9.114374160766602
1,1,4507,3,36.9865,Paper_symbotic_39_37_gp_5/symbotic_agents_60_test_17,1,15,22225,6395,0,0,7,3,1395,4,/media/project0/yimin/lacam_tapf_itacbs_data/Paper_symbotic_39_37_gp_5/symbotic_agents_60_test_17.yaml,h,1.5,0,1,1874,6411,4507,4507,0,1,66,,,lacam_dfs,1,60,,67,338292,0,146,9052,dfs,dfs,17,1507,1395,66,1395,1,lacam_tapf,1,,exp1,1395,67,338292,10.0,0,1,1,1,9.090518951416016
1,1,5292,0,45.4772,Paper_symbotic_39_37_gp_5/symbotic_agents_60_test_15,1,7707,55125,14877,0,0,0,0,1494,5,/media/project0/yimin/lacam_tapf_itacbs_data/Paper_symbotic_39_37_gp_5/symbotic_agents_60_test_15.yaml,h,1.5,0,1,1879,14878,5292,5292,0,1,91,,,lacam_focal_h,1,60,,5292,380158,1,170,9062,focal,focal,15,1610,1494,91,1494,1,lacam_tapf,1,,exp1,1494,75,380158,10.0,0,1,1,1,9.103629350662231
1,21,7726,1,62.1015,Paper_symbotic_39_37_gp_5/symbotic_agents_60_test_9,1,274,35969,10632,0,0,2,1,1386,4,/media/project0/yimin/lacam_tapf_itacbs_data/Paper_symbotic_39_37_gp_5/symbotic_agents_60_test_9.yaml,h,1.5,0,1,2633,10674,7726,7726,0,1,59,,,lacam_dfs,1,60,,60,552448,0,479,9090,dfs,dfs,9,1539,1384,59,1384,1,lacam_tapf,1,,exp1,1387,996,552448,10.0,0,1,1,1,9.131348133087158
1,1,5848,3,41.6231,Paper_symbotic_39_37_gp_5/symbotic_agents_60_test_12,1,47,26505,8097,0,0,7,3,1298,4,/media/project0/yimin/lacam_tapf_itacbs_data/Paper_symbotic_39_37_gp_5/symbotic_agents_60_test_12.yaml,h,1.5,0,1,2203,8116,5848,5848,0,1,61,,,lacam_dfs,1,60,,62,429615,0,138,9082,dfs,dfs,12,1412,1298,61,1298,1,lacam_tapf,1,,exp1,1298,87,429615,10.0,0,1,1,1,9.123024940490723
1,1,5458,0,49.4047,Paper_symbotic_39_37_gp_5/symbotic_agents_60_test_15,1,2,24791,7084,0,0,0,0,1494,5,/media/project0/yimin/lacam_tapf_itacbs_data/Paper_symbotic_39_37_gp_5/symbotic_agents_60_test_15.yaml,h,1.5,0,1,1625,7104,5458,5458,0,1,91,,,lacam_dfs,1,60,,92,379323,1,170,9071,dfs,dfs,15,1610,1494,91,1494,1,lacam_tapf,1,,exp1,1494,57,379323,10.0,0,1,1,1,9.113425493240356
1,1,6429,0,50.4738,Paper_symbotic_39_37_gp_5/symbotic_agents_60_test_4,1,0,30392,7974,0,0,0,0,1445,11,/media/project0/yimin/lacam_tapf_itacbs_data/Paper_symbotic_39_37_gp_5/symbotic_agents_60_test_4.yaml,h,1.5,0,1,1546,7993,6429,6429,0,1,103,,,lacam_dfs,1,60,,104,428788,0,765,9110,dfs,dfs,4,1714,1445,103,1445,1,lacam_tapf,1,,exp1,1445,121,428788,10.0,0,1,1,1,9.166457653045654
1,1,5367,0,38.2908,Paper_symbotic_39_37_gp_5/symbotic_agents_60_test_16,1,7,23822,7724,0,0,0,0,1392,4,/media/project0/yimin/lacam_tapf_itacbs_data/Paper_symbotic_39_37_gp_5/symbotic_agents_60_test_16.yaml,h,1.5,0,1,2351,7742,5367,5367,0,1,63,,,lacam_dfs,1,60,,64,412077,3,151,9069,dfs,dfs,16,1587,1392,63,1392,1,lacam_tapf,1,,exp1,1392,77,412077,10.0,0,1,1,1,9.107055425643921
1,1,4818,0,42.5354,Paper_symbotic_39_37_gp_5/symbotic_agents_60_test_16,1,0,21278,6888,0,0,0,0,1392,4,/media/project0/yimin/lacam_tapf_itacbs_data/Paper_symbotic_39_37_gp_5/symbotic_agents_60_test_16.yaml,h,1.5,0,1,2071,6889,4818,4818,0,1,63,,,lacam_focal_h,1,60,,4818,368948,3,155,9070,focal,focal,16,1587,1392,63,1392,1,lacam_tapf,1,,exp1,1392,292,368948,10.0,0,1,1,1,9.104934692382812
1,1,8582,0,166.791,Paper_symbotic_39_37_gp_5/symbotic_agents_60_test_6,1,183,30002,9643,0,0,0,0,1690,7,/media/project0/yimin/lacam_tapf_itacbs_data/Paper_symbotic_39_37_gp_5/symbotic_agents_60_test_6.yaml,h,1.5,0,1,879,9644,8582,8582,0,1,72,,,lacam_focal_h,1,60,,8581,477838,2,30363,9098,focal,focal,6,1838,1690,72,1690,1,lacam_tapf,1,,exp1,1690,45312,477838,10.0,0,1,1,1,9.152709007263184
1,21,8262,1,67.3988,Paper_symbotic_39_37_gp_5/symbotic_agents_60_test_9,1,274,37922,11283,0,0,2,1,1386,4,/media/project0/yimin/lacam_tapf_itacbs_data/Paper_symbotic_39_37_gp_5/symbotic_agents_60_test_9.yaml,h,1.5,0,1,2748,11284,8262,8262,0,1,59,,,lacam_focal_h,1,60,,75,586300,0,479,9094,focal,focal,9,1539,1384,59,1384,1,lacam_tapf,1,,exp1,1387,996,586300,10.0,0,1,1,1,9.136154651641846
1,1,5170,0,47.734,Paper_symbotic_39_37_gp_5/symbotic_agents_60_test_18,1,0,26338,6714,0,0,0,0,1521,3,/media/project0/yimin/lacam_tapf_itacbs_data/Paper_symbotic_39_37_gp_5/symbotic_agents_60_test_18.yaml,h,1.5,0,1,1545,6715,5170,5170,0,1,77,,,lacam_focal_h,1,60,,5170,359272,2,137,9062,focal,focal,18,1731,1521,77,1521,1,lacam_tapf,1,,exp1,1521,114,359272,10.0,0,1,1,1,9.092152833938599
1,1,5061,3,40.6562,Paper_symbotic_39_37_gp_5/symbotic_agents_60_test_17,1,4008,35211,10993,0,0,7,3,1395,3,/media/project0/yimin/lacam_tapf_itacbs_data/Paper_symbotic_39_37_gp_5/symbotic_agents_60_test_17.yaml,h,1.5,0,1,1925,10994,5061,5061,0,1,66,,,lacam_focal_h,1,60,,5061,367334,0,146,9062,focal,focal,17,1507,1395,66,1395,1,lacam_tapf,1,,exp1,1395,63,367334,10.0,0,1,1,1,9.096873044967651
1,1,4047,2,37.6797,Paper_symbotic_39_37_gp_5/symbotic_agents_70_test_5,1,2853,26763,8677,0,0,4,2,1862,7,/media/project0/yimin/lacam_tapf_itacbs_data/Paper_symbotic_39_37_gp_5/symbotic_agents_70_test_5.yaml,h,1.5,0,1,1778,8678,4047,4047,0,1,85,,,lacam_focal_h,1,70,,4046,462560,2844,301,9047,focal,focal,5,2179,1862,85,1862,1,lacam_tapf,1,,exp1,1862,71,462560,10.0,0,1,1,1,9.074189901351929
1,1,4535,0,50.1888,Paper_symbotic_39_37_gp_5/symbotic_agents_70_test_13,1,2790,27561,8678,0,0,0,0,2026,8,/media/project0/yimin/lacam_tapf_itacbs_data/Paper_symbotic_39_37_gp_5/symbotic_agents_70_test_13.yaml,h,1.5,0,1,1354,8679,4535,4535,0,1,81,,,lacam_focal_h,1,70,,4535,370256,3,1217,9044,focal,focal,13,2341,2026,81,2026,1,lacam_tapf,1,,exp1,2026,95,370256,10.0,0,1,1,1,9.07816743850708
1,1,4413,4,43.2169,Paper_symbotic_39_37_gp_5/symbotic_agents_70_test_2,1,1635,24679,7882,0,0,8,4,1951,7,/media/project0/yimin/lacam_tapf_itacbs_data/Paper_symbotic_39_37_gp_5/symbotic_agents_70_test_2.yaml,h,1.5,0,1,1835,7883,4413,4413,0,1,85,,,lacam_focal_h,1,70,,4413,396597,0,261,9060,focal,focal,2,2152,1951,85,1951,1,lacam_tapf,1,,exp1,1951,109,396597,10.0,0,1,1,1,9.099008798599243
1,1,4702,1,41.0349,Paper_symbotic_39_37_gp_5/symbotic_agents_60_test_19,1,5724,48527,12544,0,0,2,1,1312,4,/media/project0/yimin/lacam_tapf_itacbs_data/Paper_symbotic_39_37_gp_5/symbotic_agents_60_test_19.yaml,h,1.5,0,1,2119,12559,4702,4702,0,1,56,,,lacam_dfs,1,60,,57,361146,0,108,9061,dfs,dfs,19,1536,1312,56,1312,1,lacam_tapf,1,,exp1,1312,22,361146,10.0,0,1,1,1,9.113852739334106
1,1,4854,0,36.4356,Paper_symbotic_39_37_gp_5/symbotic_agents_70_test_0,1,10201,52401,17419,0,0,0,0,1910,7,/media/project0/yimin/lacam_tapf_itacbs_data/Paper_symbotic_39_37_gp_5/symbotic_agents_70_test_0.yaml,h,1.5,0,1,2365,17420,4854,4854,0,1,103,,,lacam_focal_h,1,70,,4854,859121,10201,258,9060,focal,focal,0,2150,1910,103,1910,1,lacam_tapf,1,,exp1,1910,161,859121,10.0,0,1,1,1,9.105608224868774
1,1,4017,2,45.9073,Paper_symbotic_39_37_gp_5/symbotic_agents_70_test_18,1,1420,22820,7598,0,0,4,2,1637,7,/media/project0/yimin/lacam_tapf_itacbs_data/Paper_symbotic_39_37_gp_5/symbotic_agents_70_test_18.yaml,h,1.5,0,1,2162,7616,4017,4017,0,1,58,,,lacam_dfs,1,70,,59,388369,0,516,9051,dfs,dfs,18,1797,1637,58,1637,1,lacam_tapf,1,,exp1,1637,47,388369,10.0,0,1,1,1,9.090828657150269
1,1,4350,0,41.7502,Paper_symbotic_39_37_gp_5/symbotic_agents_70_test_0,1,0,19553,6464,0,0,0,0,1910,8,/media/project0/yimin/lacam_tapf_itacbs_data/Paper_symbotic_39_37_gp_5/symbotic_agents_70_test_0.yaml,h,1.5,0,1,2115,6480,4350,4350,0,1,103,,,lacam_dfs,1,70,,104,408607,0,300,9068,dfs,dfs,0,2150,1910,103,1910,1,lacam_tapf,1,,exp1,1910,141,408607,10.0,0,1,1,1,9.121779918670654
1,1,6031,0,53.0884,Paper_symbotic_39_37_gp_5/symbotic_agents_60_test_18,1,4442,39629,12133,0,0,0,0,1521,3,/media/project0/yimin/lacam_tapf_itacbs_data/Paper_symbotic_39_37_gp_5/symbotic_agents_60_test_18.yaml,h,1.5,0,1,1661,12152,6031,6031,0,1,77,,,lacam_dfs,1,60,,78,414149,195,137,9070,dfs,dfs,18,1731,1521,77,1521,1,lacam_tapf,1,,exp1,1521,65,414149,10.0,0,1,1,1,9.131555795669556
1,1,4013,2,49.1053,Paper_symbotic_39_37_gp_5/symbotic_agents_70_test_15,1,3882,28576,9509,0,0,6,2,1920,7,/media/project0/yimin/lacam_tapf_itacbs_data/Paper_symbotic_39_37_gp_5/symbotic_agents_70_test_15.yaml,h,1.5,0,1,1615,9510,4013,4013,0,1,75,,,lacam_focal_h,1,70,,3069,353440,3,275,9055,focal,focal,15,2156,1920,75,1920,1,lacam_tapf,1,,exp1,1921,53,353440,10.0,0,1,1,1,9.099665641784668
1,1,5164,1,57.9129,Paper_symbotic_39_37_gp_5/symbotic_agents_70_test_3,1,6804,45675,13459,0,0,3,1,1828,8,/media/project0/yimin/lacam_tapf_itacbs_data/Paper_symbotic_39_37_gp_5/symbotic_agents_70_test_3.yaml,h,1.5,0,1,1492,13472,5164,5164,0,1,71,,,lacam_dfs,1,70,,72,424144,0,286,9058,dfs,dfs,3,2199,1828,71,1828,1,lacam_tapf,1,,exp1,1828,47,424144,10.0,0,1,1,1,9.118355751037598
1,1,4575,0,51.2152,Paper_symbotic_39_37_gp_5/symbotic_agents_70_test_4,1,37672,160734,43197,0,0,0,0,1868,6,/media/project0/yimin/lacam_tapf_itacbs_data/Paper_symbotic_39_37_gp_5/symbotic_agents_70_test_4.yaml,h,1.5,0,1,951,43198,4575,4575,0,1,76,,,lacam_focal_h,1,70,,4574,340869,75,371,9049,focal,focal,4,2045,1868,76,1868,1,lacam_tapf,1,,exp1,1868,154,340869,10.0,0,1,1,1,9.116667985916138
1,150,4641,9,46.2468,Paper_symbotic_39_37_gp_5/symbotic_agents_70_test_3,1,10350,56025,17196,0,0,5,2,1828,6,/media/project0/yimin/lacam_tapf_itacbs_data/Paper_symbotic_39_37_gp_5/symbotic_agents_70_test_3.yaml,h,1.5,0,1,2206,17198,4641,4641,0,2,61,,,lacam_focal_h,1,70,,147,428461,0,287,9060,focal,focal,3,2131,1783,61,1783,1,lacam_tapf,1,,exp1,1794,165,428461,10.0,0,1,1,1,9.12099575996399
1,1,4048,2,39.5893,Paper_symbotic_39_37_gp_5/symbotic_agents_70_test_18,1,1449,23078,7684,0,0,4,2,1637,6,/media/project0/yimin/lacam_tapf_itacbs_data/Paper_symbotic_39_37_gp_5/symbotic_agents_70_test_18.yaml,h,1.5,0,1,2188,7685,4048,4048,0,1,58,,,lacam_focal_h,1,70,,59,391903,0,516,9057,focal,focal,18,1797,1637,58,1637,1,lacam_tapf,1,,exp1,1637,47,391903,10.0,0,1,1,1,9.105803489685059
1,1,5004,0,50.7873,Paper_symbotic_39_37_gp_5/symbotic_agents_70_test_13,1,8418,51805,15221,0,0,0,0,2026,7,/media/project0/yimin/lacam_tapf_itacbs_data/Paper_symbotic_39_37_gp_5/symbotic_agents_70_test_13.yaml,h,1.5,0,1,1800,15235,5004,5004,0,1,81,,,lacam_dfs,1,70,,82,430895,3,480,9052,dfs,dfs,13,2341,2026,81,2026,1,lacam_tapf,1,,exp1,2026,63,430895,10.0,0,1,1,1,9.11019515991211
1,1,4738,1,49.0448,Paper_symbotic_39_37_gp_5/symbotic_agents_70_test_12,1,0,20585,6352,0,0,2,1,1626,6,/media/project0/yimin/lacam_tapf_itacbs_data/Paper_symbotic_39_37_gp_5/symbotic_agents_70_test_12.yaml,h,1.5,0,1,1615,6353,4738,4738,0,1,58,,,lacam_focal_h,1,70,,2474,401140,1,181,9057,focal,focal,12,1834,1626,58,1626,1,lacam_tapf,1,,exp1,1626,90,401140,10.0,0,1,1,1,9.110761642456055
1,1,5780,1,46.0366,Paper_symbotic_39_37_gp_5/symbotic_agents_60_test_19,1,5994,57962,14431,0,0,2,1,1312,4,/media/project0/yimin/lacam_tapf_itacbs_data/Paper_symbotic_39_37_gp_5/symbotic_agents_60_test_19.yaml,h,1.5,0,1,2658,14432,5780,5780,0,1,56,,,lacam_focal_h,1,60,,57,445230,0,108,9067,focal,focal,19,1536,1312,56,1312,1,lacam_tapf,1,,exp1,1312,22,445230,10.0,0,1,1,1,9.137185096740723
1,1,5218,1,46.6334,Paper_symbotic_39_37_gp_5/symbotic_agents_70_test_10,1,0,23950,6808,0,0,2,1,1607,8,/media/project0/yimin/lacam_tapf_itacbs_data/Paper_symbotic_39_37_gp_5/symbotic_agents_70_test_10.yaml,h,1.5,0,1,1591,6809,5218,5218,0,1,92,,,lacam_focal_h,1,70,,5217,432846,2,270,9057,focal,focal,10,1874,1607,92,1607,1,lacam_tapf,1,,exp1,1705,49,432846,10.0,0,1,1,1,9.115453958511353
1,1,4428,1,57.936,Paper_symbotic_39_37_gp_5/symbotic_agents_70_test_12,1,9,19240,5889,0,0,2,1,1626,6,/media/project0/yimin/lacam_tapf_itacbs_data/Paper_symbotic_39_37_gp_5/symbotic_agents_70_test_12.yaml,h,1.5,0,1,1453,5903,4428,4428,0,1,58,,,lacam_dfs,1,70,,59,372002,1,186,9060,dfs,dfs,12,1834,1626,58,1626,1,lacam_tapf,1,,exp1,1626,91,372002,10.0,0,1,1,1,9.116584062576294
1,1,4155,1,45.1238,Paper_symbotic_39_37_gp_5/symbotic_agents_80_test_2,1,89,18921,6248,0,0,2,1,2650,12,/media/project0/yimin/lacam_tapf_itacbs_data/Paper_symbotic_39_37_gp_5/symbotic_agents_80_test_2.yaml,h,1.5,0,1,2005,6264,4155,4155,0,1,93,,,lacam_dfs,1,80,,94,454614,179,865,9060,dfs,dfs,2,3229,2650,93,2650,1,lacam_tapf,1,,exp1,2650,319,454614,10.0,0,1,1,1,9.11525821685791
1,1,4491,1,41.3002,Paper_symbotic_39_37_gp_5/symbotic_agents_70_test_17,1,4158,35580,10470,0,0,3,1,2073,8,/media/project0/yimin/lacam_tapf_itacbs_data/Paper_symbotic_39_37_gp_5/symbotic_agents_70_test_17.yaml,h,1.5,0,1,1822,10471,4491,4491,0,1,82,,,lacam_focal_h,1,70,,4491,542660,3195,251,9059,focal,focal,17,2222,2073,82,2073,1,lacam_tapf,1,,exp1,2081,122,542660,10.0,0,1,1,1,9.118699073791504
1,1,5136,2,85.6695,Paper_symbotic_39_37_gp_5/symbotic_agents_70_test_6,1,7062,41650,13811,0,0,4,2,2042,8,/media/project0/yimin/lacam_tapf_itacbs_data/Paper_symbotic_39_37_gp_5/symbotic_agents_70_test_6.yaml,h,1.5,0,1,1614,13812,5136,5136,0,1,105,,,lacam_focal_h,1,70,,5136,423734,0,14605,9062,focal,focal,6,2528,2042,105,2042,1,lacam_tapf,1,,exp1,2050,20965,423734,10.0,0,1,1,1,9.130143880844116
1,1,4534,6,49.5956,Paper_symbotic_39_37_gp_5/symbotic_agents_80_test_1,1,2083,25776,7843,0,0,12,6,2189,8,/media/project0/yimin/lacam_tapf_itacbs_data/Paper_symbotic_39_37_gp_5/symbotic_agents_80_test_1.yaml,h,1.5,0,1,1227,7861,4534,4534,0,1,95,,,lacam_dfs,1,80,,96,426521,1,328,9059,dfs,dfs,1,2527,2189,95,2189,1,lacam_tapf,1,,exp1,2189,89,426521,10.0,0,1,1,1,9.117533206939697
1,4,5361,1,57.9432,Paper_symbotic_39_37_gp_5/symbotic_agents_70_test_10,1,4083,39542,11151,0,0,2,1,1607,9,/media/project0/yimin/lacam_tapf_itacbs_data/Paper_symbotic_39_37_gp_5/symbotic_agents_70_test_10.yaml,h,1.5,0,1,1708,11173,5361,5361,0,1,92,,,lacam_dfs,1,70,,93,449816,2,270,9059,dfs,dfs,10,1873,1606,92,1606,1,lacam_tapf,1,,exp1,1704,49,449816,10.0,0,1,1,1,9.124183654785156
1,1,4937,3,50.1457,Paper_symbotic_39_37_gp_5/symbotic_agents_70_test_9,1,0,30841,6301,0,0,6,3,1871,6,/media/project0/yimin/lacam_tapf_itacbs_data/Paper_symbotic_39_37_gp_5/symbotic_agents_70_test_9.yaml,h,1.5,0,1,1365,6302,4937,4937,0,1,68,,,lacam_focal_h,1,70,,4649,399855,2,195,9063,focal,focal,9,2063,1871,68,1871,1,lacam_tapf,1,,exp1,1881,88,399855,10.0,0,1,1,1,9.12469220161438
1,1,5555,7,58.5675,Paper_symbotic_39_37_gp_5/symbotic_agents_70_test_8,1,0,25554,7060,0,0,15,7,1934,8,/media/project0/yimin/lacam_tapf_itacbs_data/Paper_symbotic_39_37_gp_5/symbotic_agents_70_test_8.yaml,h,1.5,0,1,1506,7061,5555,5555,0,1,102,,,lacam_focal_h,1,70,,5554,449486,8,280,9063,focal,focal,8,2152,1934,102,1934,1,lacam_tapf,1,,exp1,1944,72,449486,10.0,0,1,1,1,9.126401424407959
1,1,3618,1164,50.84,Paper_symbotic_39_37_gp_5/symbotic_agents_80_test_6,1,23532,86853,28938,0,0,6,3,2117,10,/media/project0/yimin/lacam_tapf_itacbs_data/Paper_symbotic_39_37_gp_5/symbotic_agents_80_test_6.yaml,h,1.5,0,1,1789,28939,3618,3618,0,1,108,,,lacam_focal_h,1,80,,3618,387721,9,374,9047,focal,focal,6,2347,2117,108,2117,1,lacam_tapf,1,,exp1,2117,135,387721,10.0,0,1,1,1,9.115552425384521
1,1,4939,1,47.9474,Paper_symbotic_39_37_gp_5/symbotic_agents_70_test_16,1,2496,30188,9302,0,0,2,1,1397,4,/media/project0/yimin/lacam_tapf_itacbs_data/Paper_symbotic_39_37_gp_5/symbotic_agents_70_test_16.yaml,h,1.5,0,1,1868,9303,4939,4939,0,1,58,,,lacam_focal_h,1,70,,60,432470,1,169,9062,focal,focal,16,1526,1397,58,1397,1,lacam_tapf,1,,exp1,1397,30,432470,10.0,0,1,1,1,9.122694492340088
1,1,3783,4,44.1884,Paper_symbotic_39_37_gp_5/symbotic_agents_80_test_8,1,18550,74706,24880,0,0,9,4,2431,9,/media/project0/yimin/lacam_tapf_itacbs_data/Paper_symbotic_39_37_gp_5/symbotic_agents_80_test_8.yaml,h,1.5,0,1,2548,24881,3783,3783,0,1,85,,,lacam_focal_h,1,80,,3783,458619,494,2453,9048,focal,focal,8,2721,2431,85,2431,1,lacam_tapf,1,,exp1,2431,665,458619,10.0,0,1,1,1,9.11330246925354
1,1,5660,4,55.0222,Paper_symbotic_39_37_gp_5/symbotic_agents_70_test_2,1,5508,49761,12920,0,0,8,4,1951,6,/media/project0/yimin/lacam_tapf_itacbs_data/Paper_symbotic_39_37_gp_5/symbotic_agents_70_test_2.yaml,h,1.5,0,1,1753,12940,5660,5660,0,1,85,,,lacam_dfs,1,70,,86,473496,0,246,9074,dfs,dfs,2,2152,1951,85,1951,1,lacam_tapf,1,,exp1,1951,96,473496,10.0,0,1,1,1,9.147883176803589
1,1,4203,2,64.6454,Paper_symbotic_39_37_gp_5/symbotic_agents_80_test_5,1,21891,103231,27773,0,0,4,2,2441,10,/media/project0/yimin/lacam_tapf_itacbs_data/Paper_symbotic_39_37_gp_5/symbotic_agents_80_test_5.yaml,h,1.5,0,1,1680,27791,4203,4203,0,1,112,,,lacam_dfs,1,80,,113,427555,36,385,9046,dfs,dfs,5,2922,2441,112,2441,1,lacam_tapf,1,,exp1,2499,125,427555,10.0,0,1,1,1,9.119524717330933
1,1,4226,0,41.3242,Paper_symbotic_39_37_gp_5/symbotic_agents_70_test_4,1,25234,127313,31193,0,0,0,0,1868,5,/media/project0/yimin/lacam_tapf_itacbs_data/Paper_symbotic_39_37_gp_5/symbotic_agents_70_test_4.yaml,h,1.5,0,1,1734,31200,4226,4226,0,1,76,,,lacam_dfs,1,70,,77,369149,34,663,9058,dfs,dfs,4,2045,1868,76,1868,1,lacam_tapf,1,,exp1,1868,113,369149,10.0,0,1,1,1,9.138710260391235
1,1,4700,2,51.8869,Paper_symbotic_39_37_gp_5/symbotic_agents_80_test_7,1,25,24547,5927,0,0,5,2,1831,7,/media/project0/yimin/lacam_tapf_itacbs_data/Paper_symbotic_39_37_gp_5/symbotic_agents_80_test_7.yaml,h,1.5,0,1,1203,5928,4700,4700,0,1,66,,,lacam_focal_h,1,80,,4700,438664,0,231,9060,focal,focal,7,2153,1831,66,1831,1,lacam_tapf,1,,exp1,1836,106,438664,10.0,0,1,1,1,9.118003129959106
1,1,5270,2,77.6962,Paper_symbotic_39_37_gp_5/symbotic_agents_70_test_14,1,0,23507,6800,0,0,5,2,1606,4,/media/project0/yimin/lacam_tapf_itacbs_data/Paper_symbotic_39_37_gp_5/symbotic_agents_70_test_14.yaml,h,1.5,0,1,1531,6813,5270,5270,0,1,45,,,lacam_dfs,1,70,,46,434082,0,187,9066,dfs,dfs,14,1750,1606,45,1606,1,lacam_tapf,1,,exp1,1606,24,434082,10.0,0,1,1,1,9.126339673995972
1,1,4426,2,62.6081,Paper_symbotic_39_37_gp_5/symbotic_agents_80_test_5,1,2745,26388,8765,0,0,4,2,2441,10,/media/project0/yimin/lacam_tapf_itacbs_data/Paper_symbotic_39_37_gp_5/symbotic_agents_80_test_5.yaml,h,1.5,0,1,1595,8766,4426,4426,0,1,112,,,lacam_focal_h,1,80,,4426,438923,0,384,9061,focal,focal,5,2922,2441,112,2441,1,lacam_tapf,1,,exp1,2499,157,438923,10.0,0,1,1,1,9.119221687316895
1,1,4482,2,67.9372,Paper_symbotic_39_37_gp_5/symbotic_agents_70_test_6,1,13756,74009,19744,0,0,4,2,2042,9,/media/project0/yimin/lacam_tapf_itacbs_data/Paper_symbotic_39_37_gp_5/symbotic_agents_70_test_6.yaml,h,1.5,0,1,1507,19766,4482,4482,0,1,105,,,lacam_dfs,1,70,,106,377004,0,605,9063,dfs,dfs,6,2528,2042,105,2042,1,lacam_tapf,1,,exp1,2050,128,377004,10.0,0,1,1,1,9.13620400428772
1,147,4981,4,46.1176,Paper_symbotic_39_37_gp_5/symbotic_agents_70_test_11,1,9925,53195,17462,0,0,4,2,1936,5,/media/project0/yimin/lacam_tapf_itacbs_data/Paper_symbotic_39_37_gp_5/symbotic_agents_70_test_11.yaml,h,1.5,0,1,2557,17540,4981,4981,0,2,92,,,lacam_dfs,1,70,,93,478827,10,382,9061,dfs,dfs,11,2299,1932,92,1932,1,lacam_tapf,1,,exp1,2016,294,478827,10.0,0,1,1,1,9.128272771835327
1,1,5043,1618,51.0865,Paper_symbotic_39_37_gp_5/symbotic_agents_80_test_6,1,3768,32256,10648,0,0,6,3,2117,8,/media/project0/yimin/lacam_tapf_itacbs_data/Paper_symbotic_39_37_gp_5/symbotic_agents_80_test_6.yaml,h,1.5,0,1,1838,10667,5043,5043,0,1,108,,,lacam_dfs,1,80,,109,505240,9,1113,9060,dfs,dfs,6,2347,2117,108,2117,1,lacam_tapf,1,,exp1,2117,152,505240,10.0,0,1,1,1,9.120205879211426
1,1,5104,27,51.3675,Paper_symbotic_39_37_gp_5/symbotic_agents_70_test_1,1,11455,83970,18130,0,0,78,27,2227,13,/media/project0/yimin/lacam_tapf_itacbs_data/Paper_symbotic_39_37_gp_5/symbotic_agents_70_test_1.yaml,h,1.5,0,1,1572,18144,5104,5104,0,1,142,,,lacam_dfs,1,70,,143,548435,2196,458,9069,dfs,dfs,1,2777,2227,142,2227,1,lacam_tapf,1,,exp1,2232,138,548435,10.0,0,1,1,1,9.151720762252808
1,1,5657,2,61.2326,Paper_symbotic_39_37_gp_5/symbotic_agents_70_test_5,1,5638,40450,12577,0,0,4,2,1862,7,/media/project0/yimin/lacam_tapf_itacbs_data/Paper_symbotic_39_37_gp_5/symbotic_agents_70_test_5.yaml,h,1.5,0,1,1283,12585,5657,5657,0,1,85,,,lacam_dfs,1,70,,86,547407,3318,4762,9070,dfs,dfs,5,2179,1862,85,1862,1,lacam_tapf,1,,exp1,1862,60,547407,10.0,0,1,1,1,9.141368865966797
1,1,4894,1,49.9404,Paper_symbotic_39_37_gp_5/symbotic_agents_70_test_17,1,9978,73169,17273,0,0,3,1,2073,7,/media/project0/yimin/lacam_tapf_itacbs_data/Paper_symbotic_39_37_gp_5/symbotic_agents_70_test_17.yaml,h,1.5,0,1,2402,17294,4894,4894,0,1,82,,,lacam_dfs,1,70,,83,612906,3149,251,9060,dfs,dfs,17,2222,2073,82,2073,1,lacam_tapf,1,,exp1,2081,103,612906,10.0,0,1,1,1,9.126772165298462
1,1,5592,2,88.4579,Paper_symbotic_39_37_gp_5/symbotic_agents_70_test_14,1,0,24719,7204,0,0,5,2,1606,5,/media/project0/yimin/lacam_tapf_itacbs_data/Paper_symbotic_39_37_gp_5/symbotic_agents_70_test_14.yaml,h,1.5,0,1,1613,7205,5592,5592,0,1,45,,,lacam_focal_h,1,70,,46,459534,0,187,9066,focal,focal,14,1750,1606,45,1606,1,lacam_tapf,1,,exp1,1606,24,459534,10.0,0,1,1,1,9.129119396209717
1,26,5062,0,50.5558,Paper_symbotic_39_37_gp_5/symbotic_agents_80_test_4,1,1644,33683,8486,0,0,0,0,1870,6,/media/project0/yimin/lacam_tapf_itacbs_data/Paper_symbotic_39_37_gp_5/symbotic_agents_80_test_4.yaml,h,1.5,0,1,1781,8487,5062,5062,0,1,59,,,lacam_focal_h,1,80,,77,503376,0,2253,9061,focal,focal,4,2062,1868,59,1868,1,lacam_tapf,1,,exp1,1868,206,503376,10.0,0,1,1,1,9.123496055603027
1,1,5561,2,47.024,Paper_symbotic_39_37_gp_5/symbotic_agents_70_test_15,1,727,27421,8320,0,0,6,2,1920,7,/media/project0/yimin/lacam_tapf_itacbs_data/Paper_symbotic_39_37_gp_5/symbotic_agents_70_test_15.yaml,h,1.5,0,1,2033,8336,5561,5561,0,1,75,,,lacam_dfs,1,70,,76,479327,3,275,9068,dfs,dfs,15,2156,1920,75,1920,1,lacam_tapf,1,,exp1,1921,53,479327,10.0,0,1,1,1,9.12953233718872
1,1,5406,5,96.778,Paper_symbotic_39_37_gp_5/symbotic_agents_80_test_0,1,1458,23839,7641,0,0,10,5,2646,9,/media/project0/yimin/lacam_tapf_itacbs_data/Paper_symbotic_39_37_gp_5/symbotic_agents_80_test_0.yaml,h,1.5,0,1,778,7642,5406,5406,0,1,94,,,lacam_focal_h,1,80,,5406,454192,4,1193,9064,focal,focal,0,3006,2646,94,2646,1,lacam_tapf,1,,exp1,2676,6243,454192,10.0,0,1,1,1,9.126198768615723
1,1,5259,3,50.5295,Paper_symbotic_39_37_gp_5/symbotic_agents_70_test_9,1,3,32856,6709,0,0,6,3,1871,6,/media/project0/yimin/lacam_tapf_itacbs_data/Paper_symbotic_39_37_gp_5/symbotic_agents_70_test_9.yaml,h,1.5,0,1,1448,6718,5259,5259,0,1,68,,,lacam_dfs,1,70,,69,425454,2,195,9072,dfs,dfs,9,2063,1871,68,1871,1,lacam_tapf,1,,exp1,1881,88,425454,10.0,0,1,1,1,9.133307695388794
1,1,5866,1,49.678,Paper_symbotic_39_37_gp_5/symbotic_agents_70_test_16,1,3684,37463,11727,0,0,2,1,1397,6,/media/project0/yimin/lacam_tapf_itacbs_data/Paper_symbotic_39_37_gp_5/symbotic_agents_70_test_16.yaml,h,1.5,0,1,2178,11750,5866,5866,0,1,58,,,lacam_dfs,1,70,,59,510401,1,169,9064,dfs,dfs,16,1526,1397,58,1397,1,lacam_tapf,1,,exp1,1397,30,510401,10.0,0,1,1,1,9.129528045654297
1,26,5328,0,49.1924,Paper_symbotic_39_37_gp_5/symbotic_agents_80_test_4,1,1721,34985,8920,0,0,0,0,1870,7,/media/project0/yimin/lacam_tapf_itacbs_data/Paper_symbotic_39_37_gp_5/symbotic_agents_80_test_4.yaml,h,1.5,0,1,1872,8978,5328,5328,0,1,59,,,lacam_dfs,1,80,,60,529080,0,2253,9059,dfs,dfs,4,2062,1868,59,1868,1,lacam_tapf,1,,exp1,1868,206,529080,10.0,0,1,1,1,9.124619722366333
1,11,5224,7,52.5974,Paper_symbotic_39_37_gp_5/symbotic_agents_70_test_19,1,5,30814,6587,0,0,16,7,2057,17,/media/project0/yimin/lacam_tapf_itacbs_data/Paper_symbotic_39_37_gp_5/symbotic_agents_70_test_19.yaml,h,1.5,0,1,1359,6588,5224,5224,0,1,71,,,lacam_focal_h,1,70,,4850,423998,4,732,9065,focal,focal,19,2002,1773,71,1773,1,lacam_tapf,1,,exp1,1793,96,423998,10.0,0,1,1,1,9.124733686447144
1,1,3873,1,46.0135,Paper_symbotic_39_37_gp_5/symbotic_agents_70_test_11,1,32749,128931,38571,0,0,2,1,1936,7,/media/project0/yimin/lacam_tapf_itacbs_data/Paper_symbotic_39_37_gp_5/symbotic_agents_70_test_11.yaml,h,1.5,0,1,1950,38572,3873,3873,0,1,92,,,lacam_focal_h,1,70,,3873,360557,1,800,9051,focal,focal,11,2303,1936,92,1936,1,lacam_tapf,1,,exp1,1936,1259,360557,10.0,0,1,1,1,9.131754398345947
1,1,4808,27,47.9101,Paper_symbotic_39_37_gp_5/symbotic_agents_70_test_1,1,8147,49272,14561,0,0,78,27,2227,11,/media/project0/yimin/lacam_tapf_itacbs_data/Paper_symbotic_39_37_gp_5/symbotic_agents_70_test_1.yaml,h,1.5,0,1,1607,14562,4808,4808,0,1,142,,,lacam_focal_h,1,70,,4808,403397,1,442,9079,focal,focal,1,2777,2227,142,2227,1,lacam_tapf,1,,exp1,2232,98,403397,10.0,0,1,1,1,9.153053045272827
1,1,5764,7,47.4349,Paper_symbotic_39_37_gp_5/symbotic_agents_70_test_19,1,7,35065,7273,0,0,16,7,2057,12,/media/project0/yimin/lacam_tapf_itacbs_data/Paper_symbotic_39_37_gp_5/symbotic_agents_70_test_19.yaml,h,1.5,0,1,1503,7279,5764,5764,0,1,157,,,lacam_dfs,1,70,,158,468961,4,1092,9070,dfs,dfs,19,2618,2057,157,2057,1,lacam_tapf,1,,exp1,2077,100,468961,10.0,0,1,1,1,9.127729654312134
1,1,4666,6,60.2276,Paper_symbotic_39_37_gp_5/symbotic_agents_80_test_1,1,8595,48700,14571,0,0,12,6,2189,9,/media/project0/yimin/lacam_tapf_itacbs_data/Paper_symbotic_39_37_gp_5/symbotic_agents_80_test_1.yaml,h,1.5,0,1,1311,14572,4666,4666,0,1,95,,,lacam_focal_h,1,80,,4666,438751,1,327,9067,focal,focal,1,2527,2189,95,2189,1,lacam_tapf,1,,exp1,2189,90,438751,10.0,0,1,1,1,9.12755012512207
1,1,5932,1187,61.3081,Paper_symbotic_39_37_gp_5/symbotic_agents_70_test_7,1,5952,58599,14936,0,0,6,3,2095,6,/media/project0/yimin/lacam_tapf_itacbs_data/Paper_symbotic_39_37_gp_5/symbotic_agents_70_test_7.yaml,h,1.5,0,1,3053,14937,5932,5932,0,1,72,,,lacam_focal_h,1,70,,5932,592041,1532,5538,9066,focal,focal,7,2393,2095,72,2095,1,lacam_tapf,1,,exp1,2095,7679,592041,10.0,0,1,1,1,9.136281967163086
1,10,7978,2,66.8746,Paper_symbotic_39_37_gp_5/symbotic_agents_60_test_14,1,37286,185996,47590,0,0,4,2,1536,4,/media/project0/yimin/lacam_tapf_itacbs_data/Paper_symbotic_39_37_gp_5/symbotic_agents_60_test_14.yaml,h,1.5,0,1,2327,47616,7978,7978,0,1,67,,,lacam_dfs,1,60,,68,563697,2605,2991,9101,dfs,dfs,14,1697,1535,67,1535,1,lacam_tapf,1,,exp1,1544,3429,563697,10.0,0,1,1,1,9.196895599365234
1,1,6075,7,60.7603,Paper_symbotic_39_37_gp_5/symbotic_agents_70_test_8,1,4233,43568,12045,0,0,15,7,1934,9,/media/project0/yimin/lacam_tapf_itacbs_data/Paper_symbotic_39_37_gp_5/symbotic_agents_70_test_8.yaml,h,1.5,0,1,1738,12063,6075,6075,0,1,102,,,lacam_dfs,1,70,,103,497624,8,280,9065,dfs,dfs,8,2152,1934,102,1934,1,lacam_tapf,1,,exp1,1944,72,497624,10.0,0,1,1,1,9.135826349258423
1,100,5580,400,73.3694,Paper_symbotic_39_37_gp_5/symbotic_agents_70_test_7,1,2477,35259,9623,0,0,8,4,2095,6,/media/project0/yimin/lacam_tapf_itacbs_data/Paper_symbotic_39_37_gp_5/symbotic_agents_70_test_7.yaml,h,1.5,0,1,1567,9816,5580,5580,0,4,63,,,lacam_dfs,1,70,,73,452818,2,1078,9080,dfs,dfs,7,2375,2077,63,2077,1,lacam_tapf,1,,exp1,2079,6946,452818,10.0,0,1,1,1,9.139568090438843
1,1,5014,2,49.4388,Paper_symbotic_39_37_gp_5/symbotic_agents_80_test_7,1,5424,57870,12087,0,0,5,2,1831,7,/media/project0/yimin/lacam_tapf_itacbs_data/Paper_symbotic_39_37_gp_5/symbotic_agents_80_test_7.yaml,h,1.5,0,1,1650,12108,5014,5014,0,1,66,,,lacam_dfs,1,80,,67,491336,0,219,9061,dfs,dfs,7,2153,1831,66,1831,1,lacam_tapf,1,,exp1,1836,57,491336,10.0,0,1,1,1,9.124414920806885
1,1,4322,5,53.9998,Paper_symbotic_39_37_gp_5/symbotic_agents_80_test_0,1,23356,98619,29448,0,0,10,5,2646,10,/media/project0/yimin/lacam_tapf_itacbs_data/Paper_symbotic_39_37_gp_5/symbotic_agents_80_test_0.yaml,h,1.5,0,1,1771,29467,4322,4322,0,1,94,,,lacam_dfs,1,80,,95,444942,4,921,9058,dfs,dfs,0,3006,2646,94,2646,1,lacam_tapf,1,,exp1,2676,156,444942,10.0,0,1,1,1,9.128925561904907
1,1,4997,4,53.3766,Paper_symbotic_39_37_gp_5/symbotic_agents_80_test_8,1,9873,53213,17008,0,0,9,4,2431,10,/media/project0/yimin/lacam_tapf_itacbs_data/Paper_symbotic_39_37_gp_5/symbotic_agents_80_test_8.yaml,h,1.5,0,1,2139,17019,4997,4997,0,1,85,,,lacam_dfs,1,80,,86,517004,39,947,9068,dfs,dfs,8,2721,2431,85,2431,1,lacam_tapf,1,,exp1,2431,765,517004,10.0,0,1,1,1,9.123351812362671
1,1,7073,144,209.608,Paper_symbotic_39_37_gp_5/symbotic_agents_80_test_2,1,1730,32409,10763,0,0,2,1,2650,9,/media/project0/yimin/lacam_tapf_itacbs_data/Paper_symbotic_39_37_gp_5/symbotic_agents_80_test_2.yaml,h,1.5,0,1,1961,10764,7073,7073,0,1,93,,,lacam_focal_h,1,80,,7073,652700,5,55601,9070,focal,focal,2,3229,2650,93,2650,1,lacam_tapf,1,,exp1,2650,27927,652700,10.0,0,1,1,1,9.12953233718872
1,1,4434,909,52.7794,Paper_symbotic_39_37_gp_5/symbotic_agents_80_test_3,1,69649,279242,76446,0,0,14,6,2820,10,/media/project0/yimin/lacam_tapf_itacbs_data/Paper_symbotic_39_37_gp_5/symbotic_agents_80_test_3.yaml,h,1.5,0,1,2364,76463,4434,4434,0,1,91,,,lacam_dfs,1,80,,92,517686,533,639,9056,dfs,dfs,3,3207,2820,91,2820,1,lacam_tapf,1,,exp1,2866,164,517686,10.0,0,1,1,1,9.131988525390625
1,1,10257,6,259.174,Paper_symbotic_39_37_gp_5/symbotic_agents_80_test_3,1,0,33255,10851,0,0,14,6,2820,10,/media/project0/yimin/lacam_tapf_itacbs_data/Paper_symbotic_39_37_gp_5/symbotic_agents_80_test_3.yaml,h,1.5,0,1,595,10852,10257,10257,0,1,91,,,lacam_focal_h,1,80,,10257,772755,4,50478,9082,focal,focal,3,3207,2820,91,2820,1,lacam_tapf,1,,exp1,2866,37528,772755,10.0,0,1,1,1,9.131520748138428
1,1,4921,3,54.4147,Paper_symbotic_39_37_gp_5/symbotic_agents_80_test_9,1,0,18884,6034,0,0,8,3,2019,8,/media/project0/yimin/lacam_tapf_itacbs_data/Paper_symbotic_39_37_gp_5/symbotic_agents_80_test_9.yaml,h,1.5,0,1,1114,6035,4921,4921,0,1,93,,,lacam_focal_h,1,80,,4921,449350,0,1478,9066,focal,focal,9,2325,2019,93,2019,1,lacam_tapf,1,,exp1,2021,84,449350,10.0,0,1,1,1,9.113449096679688
1,1,4202,5,57.5781,Paper_symbotic_39_37_gp_5/symbotic_agents_80_test_11,1,1343,24411,6856,0,0,10,5,2077,6,/media/project0/yimin/lacam_tapf_itacbs_data/Paper_symbotic_39_37_gp_5/symbotic_agents_80_test_11.yaml,h,1.5,0,1,1312,6872,4202,4202,0,1,65,,,lacam_dfs,1,80,,66,407211,1,353,9053,dfs,dfs,11,2472,2077,65,2077,1,lacam_tapf,1,,exp1,2098,31,407211,10.0,0,1,1,1,9.089855909347534
1,1,4217,5,54.0905,Paper_symbotic_39_37_gp_5/symbotic_agents_80_test_11,1,1386,24648,6935,0,0,10,5,2077,7,/media/project0/yimin/lacam_tapf_itacbs_data/Paper_symbotic_39_37_gp_5/symbotic_agents_80_test_11.yaml,h,1.5,0,1,1333,6936,4217,4217,0,1,65,,,lacam_focal_h,1,80,,66,409839,1,353,9056,focal,focal,11,2472,2077,65,2077,1,lacam_tapf,1,,exp1,2098,31,409839,10.0,0,1,1,1,9.101737976074219
1,1,3983,1,45.5389,Paper_symbotic_39_37_gp_5/symbotic_agents_80_test_15,1,1455,22188,7378,0,0,4,1,2245,7,/media/project0/yimin/lacam_tapf_itacbs_data/Paper_symbotic_39_37_gp_5/symbotic_agents_80_test_15.yaml,h,1.5,0,1,1941,7379,3983,3983,0,1,72,,,lacam_focal_h,1,80,,3983,431601,3,324,9057,focal,focal,15,2490,2245,72,2245,1,lacam_tapf,1,,exp1,2245,138,431601,10.0,0,1,1,1,9.088606119155884
1,18,6025,4,61.1864,Paper_symbotic_39_37_gp_5/symbotic_agents_80_test_10,1,2224,33104,9459,0,0,14,4,2106,6,/media/project0/yimin/lacam_tapf_itacbs_data/Paper_symbotic_39_37_gp_5/symbotic_agents_80_test_10.yaml,h,1.5,0,1,1211,9495,6025,6025,0,1,77,,,lacam_dfs,1,80,,78,531950,1,1032,9080,dfs,dfs,10,2247,2104,77,2104,1,lacam_tapf,1,,exp1,2125,155,531950,10.0,0,1,1,1,9.12700629234314
1,1,4725,1,49.0825,Paper_symbotic_39_37_gp_5/symbotic_agents_80_test_12,1,281,25387,6898,0,0,3,1,1720,8,/media/project0/yimin/lacam_tapf_itacbs_data/Paper_symbotic_39_37_gp_5/symbotic_agents_80_test_12.yaml,h,1.5,0,1,1893,6899,4725,4725,0,1,61,,,lacam_focal_h,1,80,,72,486533,0,212,9069,focal,focal,12,1933,1720,61,1720,1,lacam_tapf,1,,exp1,1720,368,486533,10.0,0,1,1,1,9.117961406707764
1,1,3333,4,52.353,Paper_symbotic_39_37_gp_5/symbotic_agents_80_test_14,1,25125,123997,30724,0,0,8,4,2021,8,/media/project0/yimin/lacam_tapf_itacbs_data/Paper_symbotic_39_37_gp_5/symbotic_agents_80_test_14.yaml,h,1.5,0,1,2267,30725,3333,3333,0,1,54,,,lacam_focal_h,1,80,,3333,407134,3,1755,9051,focal,focal,14,2232,2021,54,2021,1,lacam_tapf,1,,exp1,2021,1433,407134,10.0,0,1,1,1,9.110048532485962
1,1,6571,3,85.8333,Paper_symbotic_39_37_gp_5/symbotic_agents_80_test_9,1,4127,57744,11600,0,0,8,3,2019,7,/media/project0/yimin/lacam_tapf_itacbs_data/Paper_symbotic_39_37_gp_5/symbotic_agents_80_test_9.yaml,h,1.5,0,1,903,11619,6571,6571,0,1,93,,,lacam_dfs,1,80,,94,555688,0,1600,9086,dfs,dfs,9,2325,2019,93,2019,1,lacam_tapf,1,,exp1,2021,111,555688,10.0,0,1,1,1,9.156183242797852
1,1,5044,4,68.0666,Paper_symbotic_39_37_gp_5/symbotic_agents_80_test_13,1,16515,102858,22775,0,0,8,4,2148,7,/media/project0/yimin/lacam_tapf_itacbs_data/Paper_symbotic_39_37_gp_5/symbotic_agents_80_test_13.yaml,h,1.5,0,1,1217,22776,5044,5044,0,1,70,,,lacam_focal_h,1,80,,71,454589,3,1040,9067,focal,focal,13,2339,2148,70,2148,1,lacam_tapf,1,,exp1,2148,5310,454589,10.0,0,1,1,1,9.119138717651367
1,1,6197,4,101.032,Paper_symbotic_39_37_gp_5/symbotic_agents_80_test_10,1,0,32153,7006,0,0,14,4,2106,10,/media/project0/yimin/lacam_tapf_itacbs_data/Paper_symbotic_39_37_gp_5/symbotic_agents_80_test_10.yaml,h,1.5,0,1,810,7007,6197,6197,0,1,77,,,lacam_focal_h,1,80,,6197,507536,1,364,9083,focal,focal,10,2305,2106,77,2106,1,lacam_tapf,1,,exp1,2127,13926,507536,10.0,0,1,1,1,9.136967897415161
1,1,3525,4,39.9993,Paper_symbotic_39_37_gp_5/symbotic_agents_80_test_18,1,103,16159,5290,0,0,12,4,1939,6,/media/project0/yimin/lacam_tapf_itacbs_data/Paper_symbotic_39_37_gp_5/symbotic_agents_80_test_18.yaml,h,1.5,0,1,1663,5291,3525,3525,0,1,69,,,lacam_focal_h,1,80,,3525,380183,1,244,9053,focal,focal,18,2105,1939,69,1939,1,lacam_tapf,1,,exp1,1941,69,380183,10.0,0,1,1,1,9.09005618095398
1,1,4549,1,49.015,Paper_symbotic_39_37_gp_5/symbotic_agents_80_test_12,1,272,24649,6652,0,0,3,1,1720,8,/media/project0/yimin/lacam_tapf_itacbs_data/Paper_symbotic_39_37_gp_5/symbotic_agents_80_test_12.yaml,h,1.5,0,1,1832,6669,4549,4549,0,1,61,,,lacam_dfs,1,80,,62,469469,0,212,9088,dfs,dfs,12,1933,1720,61,1720,1,lacam_tapf,1,,exp1,1720,368,469469,10.0,0,1,1,1,9.13231873512268
1,1,4494,0,58.0048,Paper_symbotic_39_37_gp_5/symbotic_agents_80_test_16,1,19966,79666,26205,0,0,0,0,2395,7,/media/project0/yimin/lacam_tapf_itacbs_data/Paper_symbotic_39_37_gp_5/symbotic_agents_80_test_16.yaml,h,1.5,0,1,1746,26220,4494,4494,0,1,84,,,lacam_dfs,1,80,,85,453730,2,388,9062,dfs,dfs,16,2718,2395,84,2395,1,lacam_tapf,1,,exp1,2395,125,453730,10.0,0,1,1,1,9.11606764793396
1,1,4119,1,56.684,Paper_symbotic_39_37_gp_5/symbotic_agents_80_test_15,1,13752,62136,19375,0,0,4,1,2245,12,/media/project0/yimin/lacam_tapf_itacbs_data/Paper_symbotic_39_37_gp_5/symbotic_agents_80_test_15.yaml,h,1.5,0,1,1505,19392,4119,4119,0,1,72,,,lacam_dfs,1,80,,73,411606,3,306,9072,dfs,dfs,15,2490,2245,72,2245,1,lacam_tapf,1,,exp1,2245,92,411606,10.0,0,1,1,1,9.122414588928223
1,1,3868,4,59.3953,Paper_symbotic_39_37_gp_5/symbotic_agents_90_test_0,1,3290,27091,8903,0,0,8,4,2207,5,/media/project0/yimin/lacam_tapf_itacbs_data/Paper_symbotic_39_37_gp_5/symbotic_agents_90_test_0.yaml,h,1.5,0,1,1746,8916,3868,3868,0,1,64,,,lacam_dfs,1,90,,65,467697,2,2325,9057,dfs,dfs,0,2757,2207,64,2207,1,lacam_tapf,1,,exp1,2214,92,467697,10.0,0,1,1,1,9.093050479888916
1,1,3986,6,55.0671,Paper_symbotic_39_37_gp_5/symbotic_agents_90_test_1,1,14895,65837,20463,0,0,14,6,2584,9,/media/project0/yimin/lacam_tapf_itacbs_data/Paper_symbotic_39_37_gp_5/symbotic_agents_90_test_1.yaml,h,1.5,0,1,1583,20464,3986,3986,0,1,112,,,lacam_focal_h,1,90,,3986,458691,2,517,9054,focal,focal,1,2995,2584,112,2584,1,lacam_tapf,1,,exp1,2663,811,458691,10.0,0,1,1,1,9.089470624923706
1,1,4608,4,50.749,Paper_symbotic_39_37_gp_5/symbotic_agents_80_test_18,1,1348,23856,7506,0,0,12,4,1939,6,/media/project0/yimin/lacam_tapf_itacbs_data/Paper_symbotic_39_37_gp_5/symbotic_agents_80_test_18.yaml,h,1.5,0,1,1551,7521,4608,4608,0,1,69,,,lacam_dfs,1,80,,70,461104,891,259,9064,dfs,dfs,18,2105,1939,69,1939,1,lacam_tapf,1,,exp1,1941,79,461104,10.0,0,1,1,1,9.107463359832764
1,1,5007,4,68.9845,Paper_symbotic_39_37_gp_5/symbotic_agents_80_test_13,1,16515,102628,22729,0,0,8,4,2148,7,/media/project0/yimin/lacam_tapf_itacbs_data/Paper_symbotic_39_37_gp_5/symbotic_agents_80_test_13.yaml,h,1.5,0,1,1208,22750,5007,5007,0,1,70,,,lacam_dfs,1,80,,71,451323,3,1040,9080,dfs,dfs,13,2339,2148,70,2148,1,lacam_tapf,1,,exp1,2148,5310,451323,10.0,0,1,1,1,9.138957977294922
1,1,4642,4,37.7641,Paper_symbotic_39_37_gp_5/symbotic_agents_80_test_17,1,0,24750,6308,0,0,10,4,1947,9,/media/project0/yimin/lacam_tapf_itacbs_data/Paper_symbotic_39_37_gp_5/symbotic_agents_80_test_17.yaml,h,1.5,0,1,1667,6309,4642,4642,0,1,91,,,lacam_focal_h,1,80,,4642,464267,0,302,9069,focal,focal,17,2216,1947,91,1947,1,lacam_tapf,1,,exp1,1948,64,464267,10.0,0,1,1,1,9.110899448394775
1,1,5248,4,59.9609,Paper_symbotic_39_37_gp_5/symbotic_agents_80_test_14,1,20274,97694,27226,0,0,8,4,2021,5,/media/project0/yimin/lacam_tapf_itacbs_data/Paper_symbotic_39_37_gp_5/symbotic_agents_80_test_14.yaml,h,1.5,0,1,1705,27235,5248,5248,0,1,54,,,lacam_dfs,1,80,,55,504727,3,487,9078,dfs,dfs,14,2232,2021,54,2021,1,lacam_tapf,1,,exp1,2021,89,504727,10.0,0,1,1,1,9.13838529586792
1,1,3969,3,54.915,Paper_symbotic_39_37_gp_5/symbotic_agents_80_test_19,1,4722,32777,10902,0,0,6,3,2537,9,/media/project0/yimin/lacam_tapf_itacbs_data/Paper_symbotic_39_37_gp_5/symbotic_agents_80_test_19.yaml,h,1.5,0,1,2212,10903,3969,3969,0,1,124,,,lacam_focal_h,1,80,,3969,450840,2,1099,9063,focal,focal,19,3329,2537,124,2537,1,lacam_tapf,1,,exp1,2546,159,450840,10.0,0,1,1,1,9.100933313369751
1,1,3979,2,52.737,Paper_symbotic_39_37_gp_5/symbotic_agents_90_test_4,1,26139,105688,31915,0,0,5,2,2425,8,/media/project0/yimin/lacam_tapf_itacbs_data/Paper_symbotic_39_37_gp_5/symbotic_agents_90_test_4.yaml,h,1.5,0,1,1798,31928,3979,3979,0,1,89,,,lacam_dfs,1,90,,90,488060,149,590,9061,dfs,dfs,4,2908,2425,89,2425,1,lacam_tapf,1,,exp1,2425,82,488060,10.0,0,1,1,1,9.094672918319702
1,1,3973,6,52.6065,Paper_symbotic_39_37_gp_5/symbotic_agents_90_test_1,1,5682,34288,11149,0,0,14,6,2584,11,/media/project0/yimin/lacam_tapf_itacbs_data/Paper_symbotic_39_37_gp_5/symbotic_agents_90_test_1.yaml,h,1.5,0,1,1495,11167,3973,3973,0,1,112,,,lacam_dfs,1,90,,113,458714,2,389,9063,dfs,dfs,1,2995,2584,112,2584,1,lacam_tapf,1,,exp1,2663,142,458714,10.0,0,1,1,1,9.10791802406311
1,1,4806,4,65.9109,Paper_symbotic_39_37_gp_5/symbotic_agents_80_test_17,1,7698,64506,13962,0,0,10,4,1947,11,/media/project0/yimin/lacam_tapf_itacbs_data/Paper_symbotic_39_37_gp_5/symbotic_agents_80_test_17.yaml,h,1.5,0,1,1459,13978,4806,4806,0,1,91,,,lacam_dfs,1,80,,92,460694,0,303,9077,dfs,dfs,17,2216,1947,91,1947,1,lacam_tapf,1,,exp1,1948,64,460694,10.0,0,1,1,1,9.131524324417114
1,1,3058,2,37.047,Paper_symbotic_39_37_gp_5/symbotic_agents_90_test_4,1,14314,65570,18910,0,0,5,2,2425,7,/media/project0/yimin/lacam_tapf_itacbs_data/Paper_symbotic_39_37_gp_5/symbotic_agents_90_test_4.yaml,h,1.5,0,1,1539,18911,3058,3058,0,1,89,,,lacam_focal_h,1,90,,3058,562451,3023,671,9055,focal,focal,4,2908,2425,89,2425,1,lacam_tapf,1,,exp1,2425,278,562451,10.0,0,1,1,1,9.101347208023071
1,1,4696,3,54.4387,Paper_symbotic_39_37_gp_5/symbotic_agents_80_test_19,1,39617,173306,46222,0,0,6,3,2537,11,/media/project0/yimin/lacam_tapf_itacbs_data/Paper_symbotic_39_37_gp_5/symbotic_agents_80_test_19.yaml,h,1.5,0,1,1910,46241,4696,4696,0,1,124,,,lacam_dfs,1,80,,125,479742,2,454,9065,dfs,dfs,19,3329,2537,124,2537,1,lacam_tapf,1,,exp1,2546,136,479742,10.0,0,1,1,1,9.11884331703186
1,1,3982,4,55.3371,Paper_symbotic_39_37_gp_5/symbotic_agents_90_test_5,1,3327,27346,8980,0,0,10,4,2417,10,/media/project0/yimin/lacam_tapf_itacbs_data/Paper_symbotic_39_37_gp_5/symbotic_agents_90_test_5.yaml,h,1.5,0,1,1672,8999,3982,3982,0,1,108,,,lacam_dfs,1,90,,109,529828,805,474,9058,dfs,dfs,5,2948,2417,108,2417,1,lacam_tapf,1,,exp1,2426,189,529828,10.0,0,1,1,1,9.094847440719604
1,1,4318,8,73.3988,Paper_symbotic_39_37_gp_5/symbotic_agents_90_test_2,1,35698,201104,41552,0,0,16,8,2805,7,/media/project0/yimin/lacam_tapf_itacbs_data/Paper_symbotic_39_37_gp_5/symbotic_agents_90_test_2.yaml,h,1.5,0,1,1537,41568,4318,4318,0,1,69,,,lacam_dfs,1,90,,70,478951,6,2487,9065,dfs,dfs,2,3165,2805,69,2805,1,lacam_tapf,1,,exp1,2806,143,478951,10.0,0,1,1,1,9.117451667785645
1,1,4743,7,62.598,Paper_symbotic_39_37_gp_5/symbotic_agents_90_test_3,1,20170,94169,26270,0,0,17,7,2879,9,/media/project0/yimin/lacam_tapf_itacbs_data/Paper_symbotic_39_37_gp_5/symbotic_agents_90_test_3.yaml,h,1.5,0,1,1358,26282,4743,4743,0,1,88,,,lacam_dfs,1,90,,89,500467,3,875,9075,dfs,dfs,3,3374,2879,88,2879,1,lacam_tapf,1,,exp1,2882,197,500467,10.0,0,1,1,1,9.118667364120483
1,1,5612,4,101.172,Paper_symbotic_39_37_gp_5/symbotic_agents_90_test_0,1,1260,23650,7725,0,0,8,4,2207,8,/media/project0/yimin/lacam_tapf_itacbs_data/Paper_symbotic_39_37_gp_5/symbotic_agents_90_test_0.yaml,h,1.5,0,1,854,7726,5612,5612,0,1,64,,,lacam_focal_h,1,90,,2265,542634,2,3401,9082,focal,focal,0,2757,2207,64,2207,1,lacam_tapf,1,,exp1,2214,19238,542634,10.0,0,1,1,1,9.12642240524292
1,1,7291,0,194.901,Paper_symbotic_39_37_gp_5/symbotic_agents_80_test_16,1,0,28957,9135,0,0,0,0,2395,9,/media/project0/yimin/lacam_tapf_itacbs_data/Paper_symbotic_39_37_gp_5/symbotic_agents_80_test_16.yaml,h,1.5,0,1,1845,9136,7291,7291,0,1,84,,,lacam_focal_h,1,80,,7291,652239,0,40786,9089,focal,focal,16,2718,2395,84,2395,1,lacam_tapf,1,,exp1,2395,36329,652239,10.0,0,1,1,1,9.153703689575195
1,1,4031,4,56.4627,Paper_symbotic_39_37_gp_5/symbotic_agents_90_test_5,1,2418,24570,8142,0,0,10,4,2417,9,/media/project0/yimin/lacam_tapf_itacbs_data/Paper_symbotic_39_37_gp_5/symbotic_agents_90_test_5.yaml,h,1.5,0,1,1694,8143,4031,4031,0,1,108,,,lacam_focal_h,1,90,,4031,477543,6,388,9064,focal,focal,5,2948,2417,108,2417,1,lacam_tapf,1,,exp1,2426,89,477543,10.0,0,1,1,1,9.106231451034546
1,1,3955,4,47.9179,Paper_symbotic_39_37_gp_5/symbotic_agents_90_test_10,1,0,20991,5650,0,0,9,4,2106,8,/media/project0/yimin/lacam_tapf_itacbs_data/Paper_symbotic_39_37_gp_5/symbotic_agents_90_test_10.yaml,h,1.5,0,1,1696,5651,3955,3955,0,1,61,,,lacam_focal_h,1,90,,72,471708,1,271,9046,focal,focal,10,2421,2106,61,2106,1,lacam_tapf,1,,exp1,2116,67,471708,10.0,0,1,1,1,9.077604293823242
1,1,4152,5,65.8358,Paper_symbotic_39_37_gp_5/symbotic_agents_90_test_6,1,2153,27923,7495,0,0,10,5,2766,11,/media/project0/yimin/lacam_tapf_itacbs_data/Paper_symbotic_39_37_gp_5/symbotic_agents_90_test_6.yaml,h,1.5,0,1,1191,7510,4152,4152,0,1,74,,,lacam_dfs,1,90,,75,450460,9,758,9066,dfs,dfs,6,3066,2766,74,2766,1,lacam_tapf,1,,exp1,2766,153,450460,10.0,0,1,1,1,9.10588026046753
1,1,3832,4,57.4884,Paper_symbotic_39_37_gp_5/symbotic_agents_90_test_7,1,17559,72986,24172,0,0,9,4,2483,14,/media/project0/yimin/lacam_tapf_itacbs_data/Paper_symbotic_39_37_gp_5/symbotic_agents_90_test_7.yaml,h,1.5,0,1,2782,24188,3832,3832,0,1,98,,,lacam_dfs,1,90,,99,859683,7554,520,9057,dfs,dfs,7,2922,2483,98,2483,1,lacam_tapf,1,,exp1,2506,288,859683,10.0,0,1,1,1,9.096457242965698
1,1,2627,4,39.0241,Paper_symbotic_39_37_gp_5/symbotic_agents_100_test_3,1,31749,111142,37029,0,0,9,4,2723,14,/media/project0/yimin/lacam_tapf_itacbs_data/Paper_symbotic_39_37_gp_5/symbotic_agents_100_test_3.yaml,h,1.5,0,1,2654,37030,2627,2627,0,1,113,,,lacam_focal_h,1,100,,2627,485755,2,814,9033,focal,focal,3,3153,2723,113,2723,1,lacam_tapf,1,,exp1,2740,178,485755,10.0,0,1,1,1,9.062650442123413
1,1,3857,5,47.9759,Paper_symbotic_39_37_gp_5/symbotic_agents_90_test_11,1,4754,33938,10528,0,0,13,5,2440,9,/media/project0/yimin/lacam_tapf_itacbs_data/Paper_symbotic_39_37_gp_5/symbotic_agents_90_test_11.yaml,h,1.5,0,1,1918,10539,3857,3857,0,1,63,,,lacam_dfs,1,90,,64,574219,1701,2100,9050,dfs,dfs,11,2780,2440,63,2440,1,lacam_tapf,1,,exp1,2447,774,574219,10.0,0,1,1,1,9.087801933288574
1,1,3924,2,56.0157,Paper_symbotic_39_37_gp_5/symbotic_agents_90_test_19,1,28659,109611,34331,0,0,4,2,2401,9,/media/project0/yimin/lacam_tapf_itacbs_data/Paper_symbotic_39_37_gp_5/symbotic_agents_90_test_19.yaml,h,1.5,0,1,1749,34332,3924,3924,0,1,79,,,lacam_focal_h,1,90,,3924,463764,79,460,9047,focal,focal,19,2641,2401,79,2401,1,lacam_tapf,1,,exp1,2411,113,463764,10.0,0,1,1,1,9.074214458465576
1,1,4848,604,89.5779,Paper_symbotic_39_37_gp_5/symbotic_agents_90_test_8,1,3732,39754,9905,0,0,6,3,2297,6,/media/project0/yimin/lacam_tapf_itacbs_data/Paper_symbotic_39_37_gp_5/symbotic_agents_90_test_8.yaml,h,1.5,0,1,1326,9906,4848,4848,0,1,61,,,lacam_focal_h,1,90,,62,515250,0,7669,9069,focal,focal,8,2655,2297,61,2297,1,lacam_tapf,1,,exp1,2311,64,515250,10.0,0,1,1,1,9.10089921951294
1,1,3743,4,66.0521,Paper_symbotic_39_37_gp_5/symbotic_agents_100_test_3,1,1797,21566,6922,0,0,9,4,2723,15,/media/project0/yimin/lacam_tapf_itacbs_data/Paper_symbotic_39_37_gp_5/symbotic_agents_100_test_3.yaml,h,1.5,0,1,1383,6941,3743,3743,0,1,113,,,lacam_dfs,1,100,,114,480811,2,510,9049,dfs,dfs,3,3153,2723,113,2723,1,lacam_tapf,1,,exp1,2740,153,480811,10.0,0,1,1,1,9.078011512756348
1,1,3173,773,49.321,Paper_symbotic_39_37_gp_5/symbotic_agents_100_test_13,1,2222,21520,6804,0,0,12,5,2831,13,/media/project0/yimin/lacam_tapf_itacbs_data/Paper_symbotic_39_37_gp_5/symbotic_agents_100_test_13.yaml,h,1.5,0,1,1410,6805,3173,3173,0,1,113,,,lacam_focal_h,1,100,,3173,427380,4,525,9046,focal,focal,13,3209,2831,113,2831,1,lacam_tapf,1,,exp1,2831,112,427380,10.0,0,1,1,1,9.078058958053589
1,1,3904,3,56.1549,Paper_symbotic_39_37_gp_5/symbotic_agents_100_test_1,1,6354,36017,11532,0,0,10,3,2633,8,/media/project0/yimin/lacam_tapf_itacbs_data/Paper_symbotic_39_37_gp_5/symbotic_agents_100_test_1.yaml,h,1.5,0,1,1275,11533,3904,3904,0,1,80,,,lacam_focal_h,1,100,,3904,481791,0,482,9054,focal,focal,1,3005,2633,80,2633,1,lacam_tapf,1,,exp1,2633,239,481791,10.0,0,1,1,1,9.09006118774414
1,1,4078,6,48.8465,Paper_symbotic_39_37_gp_5/symbotic_agents_90_test_15,1,8277,44663,14068,0,0,14,6,3130,12,/media/project0/yimin/lacam_tapf_itacbs_data/Paper_symbotic_39_37_gp_5/symbotic_agents_90_test_15.yaml,h,1.5,0,1,1714,14086,4078,4078,0,1,106,,,lacam_dfs,1,90,,107,484747,110,607,9055,dfs,dfs,15,3670,3130,106,3130,1,lacam_tapf,1,,exp1,3148,169,484747,10.0,0,1,1,1,9.10083794593811
1,1,4943,4,47.6624,Paper_symbotic_39_37_gp_5/symbotic_agents_90_test_10,1,7,26255,6964,0,0,9,4,2106,6,/media/project0/yimin/lacam_tapf_itacbs_data/Paper_symbotic_39_37_gp_5/symbotic_agents_90_test_10.yaml,h,1.5,0,1,2015,6974,4943,4943,0,1,61,,,lacam_dfs,1,90,,62,579178,1,271,9070,dfs,dfs,10,2421,2106,61,2106,1,lacam_tapf,1,,exp1,2116,115,579178,10.0,0,1,1,1,9.118479251861572
1,1,4470,956,86.9314,Paper_symbotic_39_37_gp_5/symbotic_agents_90_test_17,1,8748,45670,15201,0,0,6,3,2890,12,/media/project0/yimin/lacam_tapf_itacbs_data/Paper_symbotic_39_37_gp_5/symbotic_agents_90_test_17.yaml,h,1.5,0,1,1984,15202,4470,4470,0,1,107,,,lacam_focal_h,1,90,,4470,529244,8,10722,9056,focal,focal,17,3257,2890,107,2890,1,lacam_tapf,1,,exp1,2900,8980,529244,10.0,0,1,1,1,9.099959373474121
1,14,3741,4,56.9268,Paper_symbotic_39_37_gp_5/symbotic_agents_100_test_4,1,3363,26970,8607,0,0,9,4,2991,14,/media/project0/yimin/lacam_tapf_itacbs_data/Paper_symbotic_39_37_gp_5/symbotic_agents_100_test_4.yaml,h,1.5,0,1,1504,8637,3741,3741,0,1,109,,,lacam_dfs,1,100,,110,492543,3,599,9054,dfs,dfs,4,3851,2989,109,2989,1,lacam_tapf,1,,exp1,2992,125,492543,10.0,0,1,1,1,9.096375942230225
1,1,4426,5,52.4604,Paper_symbotic_39_37_gp_5/symbotic_agents_90_test_12,1,7857,42693,13892,0,0,11,5,2287,9,/media/project0/yimin/lacam_tapf_itacbs_data/Paper_symbotic_39_37_gp_5/symbotic_agents_90_test_12.yaml,h,1.5,0,1,1610,13912,4426,4426,0,1,78,,,lacam_dfs,1,90,,79,502377,2,1203,9066,dfs,dfs,12,2769,2287,78,2287,1,lacam_tapf,1,,exp1,2295,43,502377,10.0,0,1,1,1,9.114672183990479
1,1,4088,2,54.8291,Paper_symbotic_39_37_gp_5/symbotic_agents_90_test_18,1,2412,32329,8219,0,0,4,2,2342,11,/media/project0/yimin/lacam_tapf_itacbs_data/Paper_symbotic_39_37_gp_5/symbotic_agents_90_test_18.yaml,h,1.5,0,1,1720,8220,4088,4088,0,1,108,,,lacam_focal_h,1,90,,4088,481303,0,316,9054,focal,focal,18,2745,2342,108,2342,1,lacam_tapf,1,,exp1,2342,120,481303,10.0,0,1,1,1,9.10009765625
1,1,3452,841,52.8247,Paper_symbotic_39_37_gp_5/symbotic_agents_100_test_13,1,6185,34249,11131,0,0,12,5,2831,13,/media/project0/yimin/lacam_tapf_itacbs_data/Paper_symbotic_39_37_gp_5/symbotic_agents_100_test_13.yaml,h,1.5,0,1,1495,11150,3452,3452,0,1,113,,,lacam_dfs,1,100,,114,463366,4,515,9049,dfs,dfs,13,3209,2831,113,2831,1,lacam_tapf,1,,exp1,2831,100,463366,10.0,0,1,1,1,9.09507942199707
1,1,4328,5,56.9368,Paper_symbotic_39_37_gp_5/symbotic_agents_90_test_13,1,4380,33995,10384,0,0,11,5,2366,10,/media/project0/yimin/lacam_tapf_itacbs_data/Paper_symbotic_39_37_gp_5/symbotic_agents_90_test_13.yaml,h,1.5,0,1,1677,10402,4328,4328,0,1,92,,,lacam_dfs,1,90,,93,502520,3,352,9058,dfs,dfs,13,2732,2366,92,2366,1,lacam_tapf,1,,exp1,2387,111,502520,10.0,0,1,1,1,9.11400055885315
1,1,3632,6,161.586,Paper_symbotic_39_37_gp_5/symbotic_agents_100_test_7,1,0,14764,4886,0,0,12,6,3487,16,/media/project0/yimin/lacam_tapf_itacbs_data/Paper_symbotic_39_37_gp_5/symbotic_agents_100_test_7.yaml,h,1.5,0,1,1255,4887,3632,3632,0,1,135,,,lacam_focal_h,1,100,,3632,447843,5,5354,9059,focal,focal,7,4206,3487,135,3487,1,lacam_tapf,1,,exp1,3489,19224,447843,10.0,0,1,1,1,9.106690883636475
1,1,3909,3,44.0687,Paper_symbotic_39_37_gp_5/symbotic_agents_100_test_14,1,8771,44210,14475,0,0,6,3,2698,8,/media/project0/yimin/lacam_tapf_itacbs_data/Paper_symbotic_39_37_gp_5/symbotic_agents_100_test_14.yaml,h,1.5,0,1,1796,14476,3909,3909,0,1,86,,,lacam_focal_h,1,100,,3909,668042,1906,543,9052,focal,focal,14,3033,2698,86,2698,1,lacam_tapf,1,,exp1,2698,314,668042,10.0,0,1,1,1,9.102128744125366
1,1,4298,2,54.2316,Paper_symbotic_39_37_gp_5/symbotic_agents_90_test_14,1,6923,43272,12700,0,0,4,2,2138,9,/media/project0/yimin/lacam_tapf_itacbs_data/Paper_symbotic_39_37_gp_5/symbotic_agents_90_test_14.yaml,h,1.5,0,1,1480,12701,4298,4298,0,1,78,,,lacam_focal_h,1,90,,4298,478234,1,520,9061,focal,focal,14,2422,2138,78,2138,1,lacam_tapf,1,,exp1,2138,327,478234,10.0,0,1,1,1,9.120638608932495
1,1,4506,5,70.0463,Paper_symbotic_39_37_gp_5/symbotic_agents_90_test_11,1,879,23082,6686,0,0,13,5,2440,10,/media/project0/yimin/lacam_tapf_itacbs_data/Paper_symbotic_39_37_gp_5/symbotic_agents_90_test_11.yaml,h,1.5,0,1,1302,6687,4506,4506,0,1,63,,,lacam_focal_h,1,90,,4506,484684,3,986,9071,focal,focal,11,2780,2440,63,2440,1,lacam_tapf,1,,exp1,2447,5853,484684,10.0,0,1,1,1,9.13218092918396
1,1,4810,5,96.7307,Paper_symbotic_39_37_gp_5/symbotic_agents_100_test_2,1,0,19676,6230,0,0,13,5,3132,14,/media/project0/yimin/lacam_tapf_itacbs_data/Paper_symbotic_39_37_gp_5/symbotic_agents_100_test_2.yaml,h,1.5,0,1,1421,6231,4810,4810,0,1,119,,,lacam_focal_h,1,100,,4809,583649,0,9930,9059,focal,focal,2,3770,3132,119,3132,1,lacam_tapf,1,,exp1,3132,10895,583649,10.0,0,1,1,1,9.11515760421753
1,1,3660,2,52.494,Paper_symbotic_39_37_gp_5/symbotic_agents_90_test_14,1,22189,103486,27675,0,0,4,2,2138,9,/media/project0/yimin/lacam_tapf_itacbs_data/Paper_symbotic_39_37_gp_5/symbotic_agents_90_test_14.yaml,h,1.5,0,1,1827,27694,3660,3660,0,1,78,,,lacam_dfs,1,90,,79,454874,1,411,9058,dfs,dfs,14,2422,2138,78,2138,1,lacam_tapf,1,,exp1,2138,104,454874,10.0,0,1,1,1,9.121486186981201
1,1,5120,2,54.6453,Paper_symbotic_39_37_gp_5/symbotic_agents_90_test_9,1,2085,34391,9057,0,0,4,2,2008,6,/media/project0/yimin/lacam_tapf_itacbs_data/Paper_symbotic_39_37_gp_5/symbotic_agents_90_test_9.yaml,h,1.5,0,1,1853,9074,5120,5120,0,1,66,,,lacam_dfs,1,90,,67,578412,2,285,9077,dfs,dfs,9,2250,2008,66,2008,1,lacam_tapf,1,,exp1,2008,355,578412,10.0,0,1,1,1,9.14639139175415
1,1,3539,3,43.8531,Paper_symbotic_39_37_gp_5/symbotic_agents_100_test_14,1,15944,65012,21622,0,0,6,3,2698,12,/media/project0/yimin/lacam_tapf_itacbs_data/Paper_symbotic_39_37_gp_5/symbotic_agents_100_test_14.yaml,h,1.5,0,1,2140,21634,3539,3539,0,1,86,,,lacam_dfs,1,100,,87,527717,2,413,9053,dfs,dfs,14,3033,2698,86,2698,1,lacam_tapf,1,,exp1,2698,126,527717,10.0,0,1,1,1,9.11225938796997
1,1,4130,6,53.1242,Paper_symbotic_39_37_gp_5/symbotic_agents_100_test_10,1,2739,32670,8515,0,0,15,6,2578,11,/media/project0/yimin/lacam_tapf_itacbs_data/Paper_symbotic_39_37_gp_5/symbotic_agents_100_test_10.yaml,h,1.5,0,1,1647,8516,4130,4130,0,1,81,,,lacam_focal_h,1,100,,4130,536448,3,458,9061,focal,focal,10,2790,2578,81,2578,1,lacam_tapf,1,,exp1,2578,117,536448,10.0,0,1,1,1,9.115978479385376
1,1,4420,5,55.3499,Paper_symbotic_39_37_gp_5/symbotic_agents_100_test_11,1,2751,34111,8916,0,0,11,5,3468,17,/media/project0/yimin/lacam_tapf_itacbs_data/Paper_symbotic_39_37_gp_5/symbotic_agents_100_test_11.yaml,h,1.5,0,1,1746,8932,4420,4420,0,1,144,,,lacam_dfs,1,100,,145,660537,2274,1110,9060,dfs,dfs,11,4118,3468,144,3468,1,lacam_tapf,1,,exp1,3468,278,660537,10.0,0,1,1,1,9.117398500442505
1,1,4173,8,60.5274,Paper_symbotic_39_37_gp_5/symbotic_agents_100_test_8,1,14988,74133,20700,0,0,17,8,3166,14,/media/project0/yimin/lacam_tapf_itacbs_data/Paper_symbotic_39_37_gp_5/symbotic_agents_100_test_8.yaml,h,1.5,0,1,1540,20718,4173,4173,0,1,98,,,lacam_dfs,1,100,,99,531475,2,504,9054,dfs,dfs,8,3647,3166,98,3166,1,lacam_tapf,1,,exp1,3209,150,531475,10.0,0,1,1,1,9.119511365890503
1,1,4747,596,77.0759,Paper_symbotic_39_37_gp_5/symbotic_agents_90_test_8,1,3504,37944,9543,0,0,6,3,2297,5,/media/project0/yimin/lacam_tapf_itacbs_data/Paper_symbotic_39_37_gp_5/symbotic_agents_90_test_8.yaml,h,1.5,0,1,1293,9559,4747,4747,0,1,61,,,lacam_dfs,1,90,,62,504262,0,7535,9087,dfs,dfs,8,2655,2297,61,2297,1,lacam_tapf,1,,exp1,2311,64,504262,10.0,0,1,1,1,9.154375553131104
1,1,4393,6,56.4457,Paper_symbotic_39_37_gp_5/symbotic_agents_100_test_10,1,0,23396,5972,0,0,15,6,2578,11,/media/project0/yimin/lacam_tapf_itacbs_data/Paper_symbotic_39_37_gp_5/symbotic_agents_100_test_10.yaml,h,1.5,0,1,1580,5990,4393,4393,0,1,81,,,lacam_dfs,1,100,,82,557738,3,458,9063,dfs,dfs,10,2790,2578,81,2578,1,lacam_tapf,1,,exp1,2578,102,557738,10.0,0,1,1,1,9.119662523269653
1,1,5239,5,60.5466,Paper_symbotic_39_37_gp_5/symbotic_agents_90_test_13,1,1863,30755,10241,0,0,11,5,2366,8,/media/project0/yimin/lacam_tapf_itacbs_data/Paper_symbotic_39_37_gp_5/symbotic_agents_90_test_13.yaml,h,1.5,0,1,3140,10242,5239,5239,0,1,92,,,lacam_focal_h,1,90,,5239,697322,583,5745,9065,focal,focal,13,2732,2366,92,2366,1,lacam_tapf,1,,exp1,2387,17817,697322,10.0,0,1,1,1,9.13204550743103
1,1,5217,4,64.8856,Paper_symbotic_39_37_gp_5/symbotic_agents_90_test_16,1,2619,39477,9942,0,0,8,4,2307,8,/media/project0/yimin/lacam_tapf_itacbs_data/Paper_symbotic_39_37_gp_5/symbotic_agents_90_test_16.yaml,h,1.5,0,1,2107,9943,5217,5217,0,1,63,,,lacam_focal_h,1,90,,1643,609276,1,4102,9067,focal,focal,16,2513,2307,63,2307,1,lacam_tapf,1,,exp1,2308,3929,609276,10.0,0,1,1,1,9.129737615585327
1,16,4927,978,58.0174,Paper_symbotic_39_37_gp_5/symbotic_agents_90_test_16,1,57,27455,6419,0,0,8,4,2307,8,/media/project0/yimin/lacam_tapf_itacbs_data/Paper_symbotic_39_37_gp_5/symbotic_agents_90_test_16.yaml,h,1.5,0,1,1436,6451,4927,4927,0,1,63,,,lacam_dfs,1,90,,64,529429,1,407,9070,dfs,dfs,16,2493,2305,63,2305,1,lacam_tapf,1,,exp1,2306,240,529429,10.0,0,1,1,1,9.13075876235962
1,1,5187,2,45.0305,Paper_symbotic_39_37_gp_5/symbotic_agents_90_test_19,1,6326,43068,13890,0,0,4,2,2401,9,/media/project0/yimin/lacam_tapf_itacbs_data/Paper_symbotic_39_37_gp_5/symbotic_agents_90_test_19.yaml,h,1.5,0,1,2378,13909,5187,5187,0,1,79,,,lacam_dfs,1,90,,80,857573,2926,779,9066,dfs,dfs,19,2641,2401,79,2401,1,lacam_tapf,1,,exp1,2411,724,857573,10.0,0,1,1,1,9.127043008804321
1,1,4682,4,66.4131,Paper_symbotic_39_37_gp_5/symbotic_agents_100_test_12,1,2438,27488,8963,0,0,8,4,2963,13,/media/project0/yimin/lacam_tapf_itacbs_data/Paper_symbotic_39_37_gp_5/symbotic_agents_100_test_12.yaml,h,1.5,0,1,1844,8981,4682,4682,0,1,85,,,lacam_dfs,1,100,,86,607788,6,787,9064,dfs,dfs,12,3425,2963,85,2963,1,lacam_tapf,1,,exp1,3022,395,607788,10.0,0,1,1,1,9.122819662094116
1,1,6555,1195,130.298,Paper_symbotic_39_37_gp_5/symbotic_agents_90_test_7,1,5817,39229,13060,0,0,9,4,2483,9,/media/project0/yimin/lacam_tapf_itacbs_data/Paper_symbotic_39_37_gp_5/symbotic_agents_90_test_7.yaml,h,1.5,0,1,689,13061,6555,6555,0,1,98,,,lacam_focal_h,1,90,,6555,590641,1,25272,9084,focal,focal,7,2922,2483,98,2483,1,lacam_tapf,1,,exp1,2506,16856,590641,10.0,0,1,1,1,9.15958547592163
1,1,3780,2,51.9574,Paper_symbotic_39_37_gp_5/symbotic_agents_100_test_5,1,7179,38654,12462,0,0,7,2,2906,10,/media/project0/yimin/lacam_tapf_itacbs_data/Paper_symbotic_39_37_gp_5/symbotic_agents_100_test_5.yaml,h,1.5,0,1,1504,12476,3780,3780,0,1,82,,,lacam_dfs,1,100,,83,493545,3,457,9072,dfs,dfs,5,3395,2906,82,2906,1,lacam_tapf,1,,exp1,2913,130,493545,10.0,0,1,1,1,9.127015829086304
1,1,4440,3,66.4109,Paper_symbotic_39_37_gp_5/symbotic_agents_100_test_1,1,9126,51107,14786,0,0,10,3,2633,11,/media/project0/yimin/lacam_tapf_itacbs_data/Paper_symbotic_39_37_gp_5/symbotic_agents_100_test_1.yaml,h,1.5,0,1,1221,14799,4440,4440,0,1,80,,,lacam_dfs,1,100,,81,528949,0,418,9070,dfs,dfs,1,3005,2633,80,2633,1,lacam_tapf,1,,exp1,2633,95,528949,10.0,0,1,1,1,9.130280494689941
1,1,4419,6,63.3439,Paper_symbotic_39_37_gp_5/symbotic_agents_100_test_7,1,12447,70257,18470,0,0,12,6,3487,16,/media/project0/yimin/lacam_tapf_itacbs_data/Paper_symbotic_39_37_gp_5/symbotic_agents_100_test_7.yaml,h,1.5,0,1,1605,18487,4419,4419,0,1,135,,,lacam_dfs,1,100,,136,559923,5,607,9066,dfs,dfs,7,4206,3487,135,3487,1,lacam_tapf,1,,exp1,3489,220,559923,10.0,0,1,1,1,9.130103826522827
1,1,4195,1,61.7114,Paper_symbotic_39_37_gp_5/symbotic_agents_100_test_15,1,8874,70786,14261,0,0,2,1,3013,11,/media/project0/yimin/lacam_tapf_itacbs_data/Paper_symbotic_39_37_gp_5/symbotic_agents_100_test_15.yaml,h,1.5,0,1,1193,14278,4195,4195,0,1,82,,,lacam_dfs,1,100,,83,503892,5,689,9062,dfs,dfs,15,3406,3013,82,3013,1,lacam_tapf,1,,exp1,3013,203,503892,10.0,0,1,1,1,9.124233722686768
1,1,5100,3,63.0124,Paper_symbotic_39_37_gp_5/symbotic_agents_90_test_17,1,10599,58723,17045,0,0,6,3,2890,12,/media/project0/yimin/lacam_tapf_itacbs_data/Paper_symbotic_39_37_gp_5/symbotic_agents_90_test_17.yaml,h,1.5,0,1,1347,17053,5100,5100,0,1,107,,,lacam_dfs,1,90,,108,536364,14,556,9074,dfs,dfs,17,3257,2890,107,2890,1,lacam_tapf,1,,exp1,2900,125,536364,10.0,0,1,1,1,9.138556957244873
1,1,5646,2,51.1471,Paper_symbotic_39_37_gp_5/symbotic_agents_90_test_9,1,2085,36362,9714,0,0,4,2,2008,8,/media/project0/yimin/lacam_tapf_itacbs_data/Paper_symbotic_39_37_gp_5/symbotic_agents_90_test_9.yaml,h,1.5,0,1,1984,9715,5646,5646,0,1,66,,,lacam_focal_h,1,90,,78,632286,2,285,9083,focal,focal,9,2250,2008,66,2008,1,lacam_tapf,1,,exp1,2008,355,632286,10.0,0,1,1,1,9.160291194915771
1,1,4135,3,52.647,Paper_symbotic_39_37_gp_5/symbotic_agents_100_test_6,1,31550,123380,37143,0,0,6,3,3473,10,/media/project0/yimin/lacam_tapf_itacbs_data/Paper_symbotic_39_37_gp_5/symbotic_agents_100_test_6.yaml,h,1.5,0,1,1459,37159,4135,4135,0,1,105,,,lacam_dfs,1,100,,106,518229,8,775,9062,dfs,dfs,6,4150,3473,105,3473,1,lacam_tapf,1,,exp1,3488,153,518229,10.0,0,1,1,1,9.132400512695312
1,1,4670,2,71.8337,Paper_symbotic_39_37_gp_5/symbotic_agents_90_test_18,1,14521,68474,20564,0,0,4,2,2342,12,/media/project0/yimin/lacam_tapf_itacbs_data/Paper_symbotic_39_37_gp_5/symbotic_agents_90_test_18.yaml,h,1.5,0,1,1374,20582,4670,4670,0,1,108,,,lacam_dfs,1,90,,109,500298,0,318,9077,dfs,dfs,18,2745,2342,108,2342,1,lacam_tapf,1,,exp1,2342,108,500298,10.0,0,1,1,1,9.137954950332642
1,1,4532,1,61.165,Paper_symbotic_39_37_gp_5/symbotic_agents_100_test_0,1,19623,99290,25855,0,0,2,1,3354,11,/media/project0/yimin/lacam_tapf_itacbs_data/Paper_symbotic_39_37_gp_5/symbotic_agents_100_test_0.yaml,h,1.5,0,1,1701,25871,4532,4532,0,1,131,,,lacam_dfs,1,100,,132,856628,3398,953,9067,dfs,dfs,0,3982,3354,131,3354,1,lacam_tapf,1,,exp1,3354,532,856628,10.0,0,1,1,1,9.13729739189148
1,1,5544,4,109.498,Paper_symbotic_39_37_gp_5/symbotic_agents_100_test_12,1,0,19088,6292,0,0,8,4,2963,12,/media/project0/yimin/lacam_tapf_itacbs_data/Paper_symbotic_39_37_gp_5/symbotic_agents_100_test_12.yaml,h,1.5,0,1,749,6293,5544,5544,0,1,85,,,lacam_focal_h,1,100,,5544,587285,6,11612,9065,focal,focal,12,3425,2963,85,2963,1,lacam_tapf,1,,exp1,3022,99,587285,10.0,0,1,1,1,9.130220651626587
1,1,6824,4,286.436,Paper_symbotic_39_37_gp_5/symbotic_agents_100_test_9,1,1140,26195,8468,0,0,13,4,3695,14,/media/project0/yimin/lacam_tapf_itacbs_data/Paper_symbotic_39_37_gp_5/symbotic_agents_100_test_9.yaml,h,1.5,0,1,505,8469,6824,6824,0,1,100,,,lacam_focal_h,1,100,,6824,656239,9,40650,9077,focal,focal,9,4471,3695,100,3695,1,lacam_tapf,1,,exp1,3699,43593,656239,10.0,0,1,1,1,9.135927200317383
1,1,6706,3,272.308,Paper_symbotic_39_37_gp_5/symbotic_agents_100_test_6,1,3901,35888,11894,0,0,6,3,3473,14,/media/project0/yimin/lacam_tapf_itacbs_data/Paper_symbotic_39_37_gp_5/symbotic_agents_100_test_6.yaml,h,1.5,0,1,1288,11895,6706,6706,0,1,105,,,lacam_focal_h,1,100,,6706,743583,6462,64207,9078,focal,focal,6,4150,3473,105,3473,1,lacam_tapf,1,,exp1,3488,41658,743583,10.0,0,1,1,1,9.138370275497437
1,1,7277,5,171.423,Paper_symbotic_39_37_gp_5/symbotic_agents_90_test_12,1,310,33033,8130,0,0,11,5,2287,10,/media/project0/yimin/lacam_tapf_itacbs_data/Paper_symbotic_39_37_gp_5/symbotic_agents_90_test_12.yaml,h,1.5,0,1,544,8131,7277,7277,0,1,78,,,lacam_focal_h,1,90,,7277,658713,2,19947,9090,focal,focal,12,2769,2287,78,2287,1,lacam_tapf,1,,exp1,2295,43,658713,10.0,0,1,1,1,9.154713869094849
1,1,7833,3795,317.821,Paper_symbotic_39_37_gp_5/symbotic_agents_90_test_15,1,2115,34607,10385,0,0,14,6,3130,12,/media/project0/yimin/lacam_tapf_itacbs_data/Paper_symbotic_39_37_gp_5/symbotic_agents_90_test_15.yaml,h,1.5,0,1,438,10386,7833,7833,0,1,106,,,lacam_focal_h,1,90,,7832,701246,1418,41605,9081,focal,focal,15,3670,3130,106,3130,1,lacam_tapf,1,,exp1,3148,37041,701246,10.0,0,1,1,1,9.146707773208618
1,1,4063,4,55.9215,Paper_symbotic_39_37_gp_5/symbotic_agents_100_test_9,1,57379,200963,62938,0,0,13,4,3695,13,/media/project0/yimin/lacam_tapf_itacbs_data/Paper_symbotic_39_37_gp_5/symbotic_agents_100_test_9.yaml,h,1.5,0,1,1497,62952,4063,4063,0,1,100,,,lacam_dfs,1,100,,101,514549,13,876,9067,dfs,dfs,9,4471,3695,100,3695,1,lacam_tapf,1,,exp1,3699,225,514549,10.0,0,1,1,1,9.13960862159729
1,1,8288,2,149.112,Paper_symbotic_39_37_gp_5/symbotic_agents_100_test_5,1,0,28712,9104,0,0,7,2,2906,11,/media/project0/yimin/lacam_tapf_itacbs_data/Paper_symbotic_39_37_gp_5/symbotic_agents_100_test_5.yaml,h,1.5,0,1,817,9105,8288,8288,0,1,82,,,lacam_focal_h,1,100,,8288,847907,3,18034,9082,focal,focal,5,3395,2906,82,2906,1,lacam_tapf,1,,exp1,2913,15904,847907,10.0,0,1,1,1,9.141807556152344
1,1,7107,2108,337.258,Paper_symbotic_39_37_gp_5/symbotic_agents_100_test_8,1,0,30509,7544,0,0,17,8,3166,14,/media/project0/yimin/lacam_tapf_itacbs_data/Paper_symbotic_39_37_gp_5/symbotic_agents_100_test_8.yaml,h,1.5,0,1,438,7545,7107,7107,0,1,98,,,lacam_focal_h,1,100,,7107,690059,2,44136,9080,focal,focal,8,3647,3166,98,3166,1,lacam_tapf,1,,exp1,3209,22488,690059,10.0,0,1,1,1,9.140962839126587
1,1,7972,258,167.164,Paper_symbotic_39_37_gp_5/symbotic_agents_100_test_11,1,0,35439,8764,0,0,11,5,3468,13,/media/project0/yimin/lacam_tapf_itacbs_data/Paper_symbotic_39_37_gp_5/symbotic_agents_100_test_11.yaml,h,1.5,0,1,793,8765,7972,7972,0,1,144,,,lacam_focal_h,1,100,,7971,813648,74,25780,9081,focal,focal,11,4118,3468,144,3468,1,lacam_tapf,1,,exp1,3468,35652,813648,10.0,0,1,1,1,9.139796018600464
1,1,5139,5,76.5532,Paper_symbotic_39_37_gp_5/symbotic_agents_100_test_2,1,38938,185431,45168,0,0,13,5,3132,16,/media/project0/yimin/lacam_tapf_itacbs_data/Paper_symbotic_39_37_gp_5/symbotic_agents_100_test_2.yaml,h,1.5,0,1,1092,45185,5139,5139,0,1,119,,,lacam_dfs,1,100,,120,690951,2511,4972,9071,dfs,dfs,2,3770,3132,119,3132,1,lacam_tapf,1,,exp1,3132,186,690951,10.0,0,1,1,1,9.146639347076416
1,1,11184,8,283.509,Paper_symbotic_39_37_gp_5/symbotic_agents_90_test_2,1,0,35137,11456,0,0,16,8,2805,7,/media/project0/yimin/lacam_tapf_itacbs_data/Paper_symbotic_39_37_gp_5/symbotic_agents_90_test_2.yaml,h,1.5,0,1,273,11457,11184,11184,0,1,69,,,lacam_focal_h,1,90,,11184,919473,6,44546,9145,focal,focal,2,3165,2805,69,2805,1,lacam_tapf,1,,exp1,2806,53799,919473,10.0,0,1,1,1,9.216973543167114
1,1,9406,4,198.763,Paper_symbotic_39_37_gp_5/symbotic_agents_100_test_4,1,1689,37825,12521,0,0,9,4,2991,14,/media/project0/yimin/lacam_tapf_itacbs_data/Paper_symbotic_39_37_gp_5/symbotic_agents_100_test_4.yaml,h,1.5,0,1,1427,12522,9406,9406,0,1,109,,,lacam_focal_h,1,100,,9406,1001711,2101,38588,9088,focal,focal,4,3853,2991,109,2991,1,lacam_tapf,1,,exp1,2994,30228,1001711,10.0,0,1,1,1,9.144707918167114
1,1,12646,759,473.956,Paper_symbotic_39_37_gp_5/symbotic_agents_90_test_6,1,0,41257,12873,0,0,10,5,2766,8,/media/project0/yimin/lacam_tapf_itacbs_data/Paper_symbotic_39_37_gp_5/symbotic_agents_90_test_6.yaml,h,1.5,0,1,228,12874,12646,12646,0,1,74,,,lacam_focal_h,1,90,,12646,1007223,9,48365,9126,focal,focal,6,3066,2766,74,2766,1,lacam_tapf,1,,exp1,2766,89746,1007223,10.0,0,1,1,1,9.19385027885437
1,1,12821,1247,528.624,Paper_symbotic_39_37_gp_5/symbotic_agents_100_test_0,1,5772,64601,18771,0,0,2,1,3354,16,/media/project0/yimin/lacam_tapf_itacbs_data/Paper_symbotic_39_37_gp_5/symbotic_agents_100_test_0.yaml,h,1.5,0,1,179,18772,12821,12821,0,1,131,,,lacam_focal_h,1,100,,12821,1171353,2199,93972,9109,focal,focal,0,3982,3354,131,3354,1,lacam_tapf,1,,exp1,3354,78673,1171353,10.0,0,1,1,1,9.152453422546387
1,1,16000,7,508.62,Paper_symbotic_39_37_gp_5/symbotic_agents_90_test_3,1,4855,101179,20901,0,0,17,7,2879,7,/media/project0/yimin/lacam_tapf_itacbs_data/Paper_symbotic_39_37_gp_5/symbotic_agents_90_test_3.yaml,h,1.5,0,1,47,20902,16000,16000,0,1,88,,,lacam_focal_h,1,90,,16000,1323049,1687,112522,9160,focal,focal,3,3374,2879,88,2879,1,lacam_tapf,1,,exp1,2882,34087,1323049,10.0,0,1,1,1,9.219552278518677
1,3,3731,5,56.1904,Paper_symbotic_39_37_gp_5/symbotic_agents_100_test_16,1,3033,25871,8568,0,0,10,5,3624,19,/media/project0/yimin/lacam_tapf_itacbs_data/Paper_symbotic_39_37_gp_5/symbotic_agents_100_test_16.yaml,h,1.5,0,1,1805,8589,3731,3731,0,2,116,,,lacam_dfs,1,100,,117,519726,2,825,9059,dfs,dfs,16,4311,3622,116,3622,1,lacam_tapf,1,,exp1,3636,326,519726,10.0,0,1,1,1,9.120256185531616
1,1,3679,5,49.0895,Paper_symbotic_39_37_gp_5/symbotic_agents_100_test_18,1,5908,40862,11387,0,0,13,5,2914,13,/media/project0/yimin/lacam_tapf_itacbs_data/Paper_symbotic_39_37_gp_5/symbotic_agents_100_test_18.yaml,h,1.5,0,1,1801,11409,3679,3679,0,1,111,,,lacam_dfs,1,100,,112,661052,2147,493,9056,dfs,dfs,18,3404,2914,111,2914,1,lacam_tapf,1,,exp1,2933,148,661052,10.0,0,1,1,1,9.102488040924072
1,1,3761,4,150.322,Paper_symbotic_39_37_gp_5/symbotic_agents_100_test_16,1,13659,59210,19687,0,0,8,4,3624,21,/media/project0/yimin/lacam_tapf_itacbs_data/Paper_symbotic_39_37_gp_5/symbotic_agents_100_test_16.yaml,h,1.5,0,1,2268,19688,3761,3761,0,1,116,,,lacam_focal_h,1,100,,3761,636983,7411,64704,9066,focal,focal,16,4313,3624,116,3624,1,lacam_tapf,1,,exp1,3629,47922,636983,10.0,0,1,1,1,9.127057075500488
1,1,4017,5,50.8619,Paper_symbotic_39_37_gp_5/symbotic_agents_100_test_17,1,325,21924,5972,0,0,13,5,3463,13,/media/project0/yimin/lacam_tapf_itacbs_data/Paper_symbotic_39_37_gp_5/symbotic_agents_100_test_17.yaml,h,1.5,0,1,1631,5976,4017,4017,0,1,133,,,lacam_dfs,1,100,,134,528825,4,1118,9065,dfs,dfs,17,3969,3463,133,3463,1,lacam_tapf,1,,exp1,3478,229,528825,10.0,0,1,1,1,9.118432998657227
1,1,4568,5,120.743,Paper_symbotic_39_37_gp_5/symbotic_agents_100_test_18,1,2623,24477,8121,0,0,13,5,2914,16,/media/project0/yimin/lacam_tapf_itacbs_data/Paper_symbotic_39_37_gp_5/symbotic_agents_100_test_18.yaml,h,1.5,0,1,931,8122,4568,4568,0,1,111,,,lacam_focal_h,1,100,,4568,534325,3628,19481,9070,focal,focal,18,3404,2914,111,2914,1,lacam_tapf,1,,exp1,2933,28956,534325,10.0,0,1,1,1,9.11808180809021
1,1,4127,2,72.6473,Paper_symbotic_39_37_gp_5/symbotic_agents_110_test_2,1,622,18237,5999,0,0,4,2,3437,16,/media/project0/yimin/lacam_tapf_itacbs_data/Paper_symbotic_39_37_gp_5/symbotic_agents_110_test_2.yaml,h,1.5,0,1,1251,6019,4127,4127,0,1,108,,,lacam_dfs,1,110,,109,562842,618,2535,9064,dfs,dfs,2,3978,3437,108,3437,1,lacam_tapf,1,,exp1,3437,320,562842,10.0,0,1,1,1,9.106607675552368
1,1,3792,497,123.966,Paper_symbotic_39_37_gp_5/symbotic_agents_100_test_17,1,807,18573,6153,0,0,13,5,3463,17,/media/project0/yimin/lacam_tapf_itacbs_data/Paper_symbotic_39_37_gp_5/symbotic_agents_100_test_17.yaml,h,1.5,0,1,1555,6154,3792,3792,0,1,133,,,lacam_focal_h,1,100,,3791,495887,4,26728,9064,focal,focal,17,3969,3463,133,3463,1,lacam_tapf,1,,exp1,3478,11595,495887,10.0,0,1,1,1,9.127549171447754
1,1,3874,5,78.2389,Paper_symbotic_39_37_gp_5/symbotic_agents_100_test_19,1,15447,75243,20962,0,0,10,5,3254,20,/media/project0/yimin/lacam_tapf_itacbs_data/Paper_symbotic_39_37_gp_5/symbotic_agents_100_test_19.yaml,h,1.5,0,1,1642,20980,3874,3874,0,1,81,,,lacam_dfs,1,100,,82,511987,8,805,9060,dfs,dfs,19,3797,3254,81,3254,1,lacam_tapf,1,,exp1,3276,109,511987,10.0,0,1,1,1,9.118659257888794
1,1,4119,6,64.2998,Paper_symbotic_39_37_gp_5/symbotic_agents_110_test_3,1,7314,38932,12955,0,0,20,6,3285,12,/media/project0/yimin/lacam_tapf_itacbs_data/Paper_symbotic_39_37_gp_5/symbotic_agents_110_test_3.yaml,h,1.5,0,1,1523,12960,4119,4119,0,1,72,,,lacam_dfs,1,110,,73,725063,1838,3125,9063,dfs,dfs,3,3801,3285,72,3285,1,lacam_tapf,1,,exp1,3285,149,725063,10.0,0,1,1,1,9.11258840560913
1,1,5171,5,72.7805,Paper_symbotic_39_37_gp_5/symbotic_agents_110_test_1,1,978,23448,7162,0,0,10,5,3225,11,/media/project0/yimin/lacam_tapf_itacbs_data/Paper_symbotic_39_37_gp_5/symbotic_agents_110_test_1.yaml,h,1.5,0,1,1014,7172,5171,5171,0,1,75,,,lacam_dfs,1,110,,76,644967,1,1855,9072,dfs,dfs,1,3821,3225,75,3225,1,lacam_tapf,1,,exp1,3238,148,644967,10.0,0,1,1,1,9.120055198669434
1,1,4212,6,75.2878,Paper_symbotic_39_37_gp_5/symbotic_agents_110_test_0,1,8536,42717,13962,0,0,16,6,3537,18,/media/project0/yimin/lacam_tapf_itacbs_data/Paper_symbotic_39_37_gp_5/symbotic_agents_110_test_0.yaml,h,1.5,0,1,1215,13978,4212,4212,0,1,126,,,lacam_dfs,1,110,,127,560940,33,1174,9065,dfs,dfs,0,4324,3537,126,3537,1,lacam_tapf,1,,exp1,3541,141,560940,10.0,0,1,1,1,9.125560283660889
1,1,4562,3,168.349,Paper_symbotic_39_37_gp_5/symbotic_agents_110_test_4,1,1269,20141,6671,0,0,6,3,3287,12,/media/project0/yimin/lacam_tapf_itacbs_data/Paper_symbotic_39_37_gp_5/symbotic_agents_110_test_4.yaml,h,1.5,0,1,841,6672,4562,4562,0,1,79,,,lacam_focal_h,1,110,,4562,554461,10,12906,9066,focal,focal,4,3770,3287,79,3287,1,lacam_tapf,1,,exp1,3324,5474,554461,10.0,0,1,1,1,9.11190938949585
1,1,3874,8,51.8771,Paper_symbotic_39_37_gp_5/symbotic_agents_110_test_6,1,2830,30574,8087,0,0,20,8,3023,14,/media/project0/yimin/lacam_tapf_itacbs_data/Paper_symbotic_39_37_gp_5/symbotic_agents_110_test_6.yaml,h,1.5,0,1,1384,8105,3874,3874,0,1,71,,,lacam_dfs,1,110,,72,570448,584,963,9063,dfs,dfs,6,3446,3023,71,3023,1,lacam_tapf,1,,exp1,3024,107,570448,10.0,0,1,1,1,9.106228113174438
1,1,3747,17,70.0323,Paper_symbotic_39_37_gp_5/symbotic_agents_110_test_7,1,8829,52572,14036,0,0,12,5,2721,8,/media/project0/yimin/lacam_tapf_itacbs_data/Paper_symbotic_39_37_gp_5/symbotic_agents_110_test_7.yaml,h,1.5,0,1,1461,14037,3747,3747,0,1,69,,,lacam_focal_h,1,110,,3747,534388,25,4087,9054,focal,focal,7,3097,2721,69,2721,1,lacam_tapf,1,,exp1,2740,5289,534388,10.0,0,1,1,1,9.098400354385376
1,1,3389,6,55.635,Paper_symbotic_39_37_gp_5/symbotic_agents_110_test_10,1,0,15066,4921,0,0,13,6,2895,9,/media/project0/yimin/lacam_tapf_itacbs_data/Paper_symbotic_39_37_gp_5/symbotic_agents_110_test_10.yaml,h,1.5,0,1,1533,4922,3389,3389,0,1,75,,,lacam_focal_h,1,110,,3389,508814,2,499,9049,focal,focal,10,3248,2895,75,2895,1,lacam_tapf,1,,exp1,2895,142,508814,10.0,0,1,1,1,9.089771747589111
1,1,3949,13,49.2843,Paper_symbotic_39_37_gp_5/symbotic_agents_110_test_5,1,9613,54623,15487,0,0,26,13,3884,18,/media/project0/yimin/lacam_tapf_itacbs_data/Paper_symbotic_39_37_gp_5/symbotic_agents_110_test_5.yaml,h,1.5,0,1,1926,15505,3949,3949,0,1,134,,,lacam_dfs,1,110,,135,604848,6,763,9076,dfs,dfs,5,4468,3884,134,3884,1,lacam_tapf,1,,exp1,3913,233,604848,10.0,0,1,1,1,9.122559309005737
1,1,4467,3,79.4037,Paper_symbotic_39_37_gp_5/symbotic_agents_110_test_4,1,28436,104021,34412,0,0,6,3,3287,26,/media/project0/yimin/lacam_tapf_itacbs_data/Paper_symbotic_39_37_gp_5/symbotic_agents_110_test_4.yaml,h,1.5,0,1,1510,34429,4467,4467,0,1,79,,,lacam_dfs,1,110,,80,674064,3565,1048,9062,dfs,dfs,4,3770,3287,79,3287,1,lacam_tapf,1,,exp1,3324,663,674064,10.0,0,1,1,1,9.127665996551514
1,1,4631,5,100.769,Paper_symbotic_39_37_gp_5/symbotic_agents_110_test_8,1,654,24189,6071,0,0,8,3,3018,11,/media/project0/yimin/lacam_tapf_itacbs_data/Paper_symbotic_39_37_gp_5/symbotic_agents_110_test_8.yaml,h,1.5,0,1,787,6072,4631,4631,0,1,83,,,lacam_focal_h,1,110,,4631,557554,0,5714,9065,focal,focal,8,3498,3018,83,3018,1,lacam_tapf,1,,exp1,3034,9805,557554,10.0,0,1,1,1,9.104229211807251
1,1,3684,5,57.4596,Paper_symbotic_39_37_gp_5/symbotic_agents_110_test_9,1,9524,50617,14772,0,0,15,5,3538,14,/media/project0/yimin/lacam_tapf_itacbs_data/Paper_symbotic_39_37_gp_5/symbotic_agents_110_test_9.yaml,h,1.5,0,1,1565,14787,3684,3684,0,1,107,,,lacam_dfs,1,110,,108,540053,52,1102,9060,dfs,dfs,9,4351,3538,107,3538,1,lacam_tapf,1,,exp1,3544,193,540053,10.0,0,1,1,1,9.103880167007446
1,1,3846,3,62.95,Paper_symbotic_39_37_gp_5/symbotic_agents_110_test_8,1,6485,43145,11572,0,0,8,3,3018,12,/media/project0/yimin/lacam_tapf_itacbs_data/Paper_symbotic_39_37_gp_5/symbotic_agents_110_test_8.yaml,h,1.5,0,1,1242,11583,3846,3846,0,1,83,,,lacam_dfs,1,110,,84,526882,0,523,9061,dfs,dfs,8,3498,3018,83,3018,1,lacam_tapf,1,,exp1,3034,98,526882,10.0,0,1,1,1,9.10884404182434
1,1,3193,6,49.9482,Paper_symbotic_39_37_gp_5/symbotic_agents_110_test_13,1,22477,90151,27032,0,0,17,6,3601,16,/media/project0/yimin/lacam_tapf_itacbs_data/Paper_symbotic_39_37_gp_5/symbotic_agents_110_test_13.yaml,h,1.5,0,1,1363,27044,3193,3193,0,1,102,,,lacam_dfs,1,110,,103,467897,21,858,9047,dfs,dfs,13,4207,3601,102,3601,1,lacam_tapf,1,,exp1,3628,170,467897,10.0,0,1,1,1,9.088236570358276
1,13,3574,6,61.1,Paper_symbotic_39_37_gp_5/symbotic_agents_110_test_10,1,16697,67478,21719,0,0,13,6,2895,11,/media/project0/yimin/lacam_tapf_itacbs_data/Paper_symbotic_39_37_gp_5/symbotic_agents_110_test_10.yaml,h,1.5,0,1,1449,21745,3574,3574,0,1,75,,,lacam_dfs,1,110,,76,576883,1219,569,9056,dfs,dfs,10,3246,2893,75,2893,1,lacam_tapf,1,,exp1,2893,205,576883,10.0,0,1,1,1,9.102932929992676
1,1,4843,6,211.751,Paper_symbotic_39_37_gp_5/symbotic_agents_110_test_11,1,0,18922,5746,0,0,13,6,3554,10,/media/project0/yimin/lacam_tapf_itacbs_data/Paper_symbotic_39_37_gp_5/symbotic_agents_110_test_11.yaml,h,1.5,0,1,904,5747,4843,4843,0,1,86,,,lacam_focal_h,1,110,,4842,577817,14,13864,9067,focal,focal,11,3957,3554,86,3554,1,lacam_tapf,1,,exp1,3555,17150,577817,10.0,0,1,1,1,9.104202032089233
1,1,4219,6,58.0373,Paper_symbotic_39_37_gp_5/symbotic_agents_110_test_11,1,9617,55087,15428,0,0,13,6,3554,14,/media/project0/yimin/lacam_tapf_itacbs_data/Paper_symbotic_39_37_gp_5/symbotic_agents_110_test_11.yaml,h,1.5,0,1,1593,15444,4219,4219,0,1,86,,,lacam_dfs,1,110,,87,597010,261,994,9063,dfs,dfs,11,3957,3554,86,3554,1,lacam_tapf,1,,exp1,3555,167,597010,10.0,0,1,1,1,9.106248140335083
1,1,3750,5,50.9009,Paper_symbotic_39_37_gp_5/symbotic_agents_110_test_12,1,0,19677,5484,0,0,10,5,4310,18,/media/project0/yimin/lacam_tapf_itacbs_data/Paper_symbotic_39_37_gp_5/symbotic_agents_110_test_12.yaml,h,1.5,0,1,1735,5488,3750,3750,0,1,139,,,lacam_dfs,1,110,,140,569043,9,932,9066,dfs,dfs,12,5324,4310,139,4310,1,lacam_tapf,1,,exp1,4331,305,569043,10.0,0,1,1,1,9.109043598175049
1,1,8089,1,283.643,Paper_symbotic_39_37_gp_5/symbotic_agents_100_test_15,1,0,26505,8527,0,0,2,1,3013,11,/media/project0/yimin/lacam_tapf_itacbs_data/Paper_symbotic_39_37_gp_5/symbotic_agents_100_test_15.yaml,h,1.5,0,1,439,8528,8089,8089,0,1,82,,,lacam_focal_h,1,100,,8089,782214,5,25852,9139,focal,focal,15,3406,3013,82,3013,1,lacam_tapf,1,,exp1,3013,33983,782214,10.0,0,1,1,1,9.21010971069336
1,1,4965,5,66.4342,Paper_symbotic_39_37_gp_5/symbotic_agents_110_test_7,1,4074,41715,10703,0,0,12,5,2721,10,/media/project0/yimin/lacam_tapf_itacbs_data/Paper_symbotic_39_37_gp_5/symbotic_agents_110_test_7.yaml,h,1.5,0,1,1665,10719,4965,4965,0,1,69,,,lacam_dfs,1,110,,70,834412,2912,678,9085,dfs,dfs,7,3097,2721,69,2721,1,lacam_tapf,1,,exp1,2740,751,834412,10.0,0,1,1,1,9.133338689804077
1,1,5544,6,219.745,Paper_symbotic_39_37_gp_5/symbotic_agents_110_test_13,1,3153,40766,9282,0,0,17,6,3601,12,/media/project0/yimin/lacam_tapf_itacbs_data/Paper_symbotic_39_37_gp_5/symbotic_agents_110_test_13.yaml,h,1.5,0,1,586,9283,5544,5544,0,1,102,,,lacam_focal_h,1,110,,5544,679085,6089,35859,9073,focal,focal,13,4207,3601,102,3601,1,lacam_tapf,1,,exp1,3628,58751,679085,10.0,0,1,1,1,9.108773708343506
1,1,3403,3,41.2994,Paper_symbotic_39_37_gp_5/symbotic_agents_110_test_17,1,0,15204,5002,0,0,6,3,2800,9,/media/project0/yimin/lacam_tapf_itacbs_data/Paper_symbotic_39_37_gp_5/symbotic_agents_110_test_17.yaml,h,1.5,0,1,1600,5003,3403,3403,0,1,81,,,lacam_focal_h,1,110,,3403,519315,1,474,9053,focal,focal,17,3268,2800,81,2800,1,lacam_tapf,1,,exp1,2801,128,519315,10.0,0,1,1,1,9.086814165115356
1,1,3496,3,52.0583,Paper_symbotic_39_37_gp_5/symbotic_agents_110_test_15,1,12285,59211,17477,0,0,6,3,3655,11,/media/project0/yimin/lacam_tapf_itacbs_data/Paper_symbotic_39_37_gp_5/symbotic_agents_110_test_15.yaml,h,1.5,0,1,1697,17491,3496,3496,0,1,107,,,lacam_dfs,1,110,,108,535180,18,757,9065,dfs,dfs,15,4191,3655,107,3655,1,lacam_tapf,1,,exp1,3685,216,535180,10.0,0,1,1,1,9.105406284332275
1,1,3748,3,54.7936,Paper_symbotic_39_37_gp_5/symbotic_agents_110_test_17,1,8093,50658,13418,0,0,6,3,2800,10,/media/project0/yimin/lacam_tapf_itacbs_data/Paper_symbotic_39_37_gp_5/symbotic_agents_110_test_17.yaml,h,1.5,0,1,1578,13434,3748,3748,0,1,81,,,lacam_dfs,1,110,,82,551457,4,446,9054,dfs,dfs,17,3268,2800,81,2800,1,lacam_tapf,1,,exp1,2801,83,551457,10.0,0,1,1,1,9.093722820281982
1,1,3414,4,72.1174,Paper_symbotic_39_37_gp_5/symbotic_agents_110_test_19,1,2683,23775,7877,0,0,8,4,3207,14,/media/project0/yimin/lacam_tapf_itacbs_data/Paper_symbotic_39_37_gp_5/symbotic_agents_110_test_19.yaml,h,1.5,0,1,1781,7878,3414,3414,0,1,97,,,lacam_focal_h,1,110,,3414,541699,2425,11225,9044,focal,focal,19,4062,3207,97,3207,1,lacam_tapf,1,,exp1,3214,3034,541699,10.0,0,1,1,1,9.089200735092163
1,1,7495,2675,301.248,Paper_symbotic_39_37_gp_5/symbotic_agents_100_test_19,1,0,30287,8130,0,0,10,5,3254,13,/media/project0/yimin/lacam_tapf_itacbs_data/Paper_symbotic_39_37_gp_5/symbotic_agents_100_test_19.yaml,h,1.5,0,1,636,8131,7495,7495,0,1,81,,,lacam_focal_h,1,100,,7495,745549,8,61634,9134,focal,focal,19,3797,3254,81,3254,1,lacam_tapf,1,,exp1,3276,24378,745549,10.0,0,1,1,1,9.186393022537231
1,1,2949,4,67.6041,Paper_symbotic_39_37_gp_5/symbotic_agents_120_test_2,1,1144,16510,5434,0,0,8,4,3585,19,/media/project0/yimin/lacam_tapf_itacbs_data/Paper_symbotic_39_37_gp_5/symbotic_agents_120_test_2.yaml,h,1.5,0,1,1342,5435,2949,2949,0,1,133,,,lacam_focal_h,1,120,,2949,488013,13,1400,9044,focal,focal,2,4298,3585,133,3585,1,lacam_tapf,1,,exp1,3585,8456,488013,10.0,0,1,1,1,9.078413724899292
1,1,4336,5,55.1154,Paper_symbotic_39_37_gp_5/symbotic_agents_110_test_16,1,14726,80011,20739,0,0,12,5,3604,17,/media/project0/yimin/lacam_tapf_itacbs_data/Paper_symbotic_39_37_gp_5/symbotic_agents_110_test_16.yaml,h,1.5,0,1,1678,20758,4336,4336,0,1,165,,,lacam_dfs,1,110,,166,618192,13,780,9064,dfs,dfs,16,4375,3604,165,3604,1,lacam_tapf,1,,exp1,3649,242,618192,10.0,0,1,1,1,9.108685970306396
1,1,4207,888,184.672,Paper_symbotic_39_37_gp_5/symbotic_agents_110_test_12,1,165,24736,5408,0,0,10,5,4310,17,/media/project0/yimin/lacam_tapf_itacbs_data/Paper_symbotic_39_37_gp_5/symbotic_agents_110_test_12.yaml,h,1.5,0,1,1037,5409,4207,4207,0,1,139,,,lacam_focal_h,1,110,,4207,529812,2219,32661,9093,focal,focal,12,5324,4310,139,4310,1,lacam_tapf,1,,exp1,4331,21825,529812,10.0,0,1,1,1,9.135913372039795
1,1,9110,5,488.319,Paper_symbotic_39_37_gp_5/symbotic_agents_110_test_1,1,0,33060,9416,0,0,10,5,3225,15,/media/project0/yimin/lacam_tapf_itacbs_data/Paper_symbotic_39_37_gp_5/symbotic_agents_110_test_1.yaml,h,1.5,0,1,307,9417,9110,9110,0,1,75,,,lacam_focal_h,1,110,,9109,949341,1,79025,9128,focal,focal,1,3821,3225,75,3225,1,lacam_tapf,1,,exp1,3238,28171,949341,10.0,0,1,1,1,9.19051456451416
1,1,4033,1,67.3503,Paper_symbotic_39_37_gp_5/symbotic_agents_110_test_14,1,90107,431772,96103,0,0,2,1,3295,10,/media/project0/yimin/lacam_tapf_itacbs_data/Paper_symbotic_39_37_gp_5/symbotic_agents_110_test_14.yaml,h,1.5,0,1,1964,96114,4033,4033,0,1,86,,,lacam_dfs,1,110,,87,612271,173,1526,9063,dfs,dfs,14,3895,3295,86,3295,1,lacam_tapf,1,,exp1,3297,751,612271,10.0,0,1,1,1,9.133849620819092
1,1,8983,6,304.691,Paper_symbotic_39_37_gp_5/symbotic_agents_110_test_0,1,4299,47256,13549,0,0,16,6,3537,15,/media/project0/yimin/lacam_tapf_itacbs_data/Paper_symbotic_39_37_gp_5/symbotic_agents_110_test_0.yaml,h,1.5,0,1,268,13550,8983,8983,0,1,126,,,lacam_focal_h,1,110,,8983,943082,12,37083,9144,focal,focal,0,4324,3537,126,3537,1,lacam_tapf,1,,exp1,3541,27228,943082,10.0,0,1,1,1,9.199333190917969
1,1,4603,4,58.6854,Paper_symbotic_39_37_gp_5/symbotic_agents_110_test_19,1,10664,53401,17372,0,0,8,4,3207,12,/media/project0/yimin/lacam_tapf_itacbs_data/Paper_symbotic_39_37_gp_5/symbotic_agents_110_test_19.yaml,h,1.5,0,1,2106,17386,4603,4603,0,1,97,,,lacam_dfs,1,110,,98,809978,1803,1082,9072,dfs,dfs,19,4062,3207,97,3207,1,lacam_tapf,1,,exp1,3214,865,809978,10.0,0,1,1,1,9.112667560577393
1,1,3825,4,60.7895,Paper_symbotic_39_37_gp_5/symbotic_agents_120_test_2,1,3,15989,5065,0,0,8,4,3585,20,/media/project0/yimin/lacam_tapf_itacbs_data/Paper_symbotic_39_37_gp_5/symbotic_agents_120_test_2.yaml,h,1.5,0,1,1238,5072,3825,3825,0,1,133,,,lacam_dfs,1,120,,134,577190,13,668,9061,dfs,dfs,2,4298,3585,133,3585,1,lacam_tapf,1,,exp1,3585,184,577190,10.0,0,1,1,1,9.102033376693726
1,1,3623,9,62.0039,Paper_symbotic_39_37_gp_5/symbotic_agents_120_test_13,1,3873,31114,8676,0,0,21,9,3760,18,/media/project0/yimin/lacam_tapf_itacbs_data/Paper_symbotic_39_37_gp_5/symbotic_agents_120_test_13.yaml,h,1.5,0,1,1181,8687,3623,3623,0,1,104,,,lacam_dfs,1,120,,105,546332,15,1431,9044,dfs,dfs,13,4686,3760,104,3760,1,lacam_tapf,1,,exp1,3802,136,546332,10.0,0,1,1,1,9.08455514907837
1,1,3813,4,66.4031,Paper_symbotic_39_37_gp_5/symbotic_agents_120_test_3,1,2388,23288,7725,0,0,11,4,3447,12,/media/project0/yimin/lacam_tapf_itacbs_data/Paper_symbotic_39_37_gp_5/symbotic_agents_120_test_3.yaml,h,1.5,0,1,1525,7741,3813,3813,0,1,78,,,lacam_dfs,1,120,,79,606758,5,653,9063,dfs,dfs,3,3932,3447,78,3447,1,lacam_tapf,1,,exp1,3453,206,606758,10.0,0,1,1,1,9.106892824172974
1,1,3850,2,55.4833,Paper_symbotic_39_37_gp_5/symbotic_agents_120_test_14,1,7627,41977,13332,0,0,4,2,3547,17,/media/project0/yimin/lacam_tapf_itacbs_data/Paper_symbotic_39_37_gp_5/symbotic_agents_120_test_14.yaml,h,1.5,0,1,1856,13351,3850,3850,0,1,104,,,lacam_dfs,1,120,,105,649760,12,1020,9046,dfs,dfs,14,4038,3547,104,3547,1,lacam_tapf,1,,exp1,3553,383,649760,10.0,0,1,1,1,9.091477155685425
1,2,3044,5,46.1067,Paper_symbotic_39_37_gp_5/symbotic_agents_120_test_17,1,1479,23481,6364,0,0,10,5,4649,23,/media/project0/yimin/lacam_tapf_itacbs_data/Paper_symbotic_39_37_gp_5/symbotic_agents_120_test_17.yaml,h,1.5,0,1,1842,6374,3044,3044,0,1,162,,,lacam_dfs,1,120,,163,630063,1479,1061,9046,dfs,dfs,17,5790,4648,162,4648,1,lacam_tapf,1,,exp1,4649,314,630063,10.0,0,1,1,1,9.08677887916565
1,1,3949,4,70.4883,Paper_symbotic_39_37_gp_5/symbotic_agents_120_test_0,1,20792,124157,26162,0,0,8,4,3635,17,/media/project0/yimin/lacam_tapf_itacbs_data/Paper_symbotic_39_37_gp_5/symbotic_agents_120_test_0.yaml,h,1.5,0,1,1422,26179,3949,3949,0,1,106,,,lacam_dfs,1,120,,107,604541,1,1348,9068,dfs,dfs,0,4559,3635,106,3635,1,lacam_tapf,1,,exp1,3714,189,604541,10.0,0,1,1,1,9.128092288970947
1,1,3650,7,63.4946,Paper_symbotic_39_37_gp_5/symbotic_agents_120_test_5,1,18753,84561,23851,0,0,22,7,3923,18,/media/project0/yimin/lacam_tapf_itacbs_data/Paper_symbotic_39_37_gp_5/symbotic_agents_120_test_5.yaml,h,1.5,0,1,1449,23871,3650,3650,0,1,99,,,lacam_dfs,1,120,,100,1064023,5730,1014,9056,dfs,dfs,5,4560,3923,99,3923,1,lacam_tapf,1,,exp1,3923,366,1064023,10.0,0,1,1,1,9.111052751541138
1,1,3793,8,66.6187,Paper_symbotic_39_37_gp_5/symbotic_agents_120_test_9,1,6945,41431,12110,0,0,23,8,3932,14,/media/project0/yimin/lacam_tapf_itacbs_data/Paper_symbotic_39_37_gp_5/symbotic_agents_120_test_9.yaml,h,1.5,0,1,1373,12129,3793,3793,0,1,106,,,lacam_dfs,1,120,,107,585569,13,875,9057,dfs,dfs,9,4524,3932,106,3932,1,lacam_tapf,1,,exp1,3932,235,585569,10.0,0,1,1,1,9.105830907821655
1,1,4040,1,58.1533,Paper_symbotic_39_37_gp_5/symbotic_agents_120_test_6,1,8824,50512,14585,0,0,2,1,3780,17,/media/project0/yimin/lacam_tapf_itacbs_data/Paper_symbotic_39_37_gp_5/symbotic_agents_120_test_6.yaml,h,1.5,0,1,1722,14602,4040,4040,0,1,109,,,lacam_dfs,1,120,,110,651355,10,849,9055,dfs,dfs,6,4419,3780,109,3780,1,lacam_tapf,1,,exp1,3780,183,651355,10.0,0,1,1,1,9.111828327178955
1,1,4678,1,265.378,Paper_symbotic_39_37_gp_5/symbotic_agents_120_test_6,1,0,27513,5702,0,0,2,1,3780,17,/media/project0/yimin/lacam_tapf_itacbs_data/Paper_symbotic_39_37_gp_5/symbotic_agents_120_test_6.yaml,h,1.5,0,1,1025,5703,4678,4678,0,1,109,,,lacam_focal_h,1,120,,4678,630121,8,35001,9058,focal,focal,6,4419,3780,109,3780,1,lacam_tapf,1,,exp1,3780,22555,630121,10.0,0,1,1,1,9.112138748168945
1,1,3382,0,62.6859,Paper_symbotic_39_37_gp_5/symbotic_agents_120_test_12,1,9432,43710,14441,0,0,0,0,4340,21,/media/project0/yimin/lacam_tapf_itacbs_data/Paper_symbotic_39_37_gp_5/symbotic_agents_120_test_12.yaml,h,1.5,0,1,1628,14458,3382,3382,0,1,132,,,lacam_dfs,1,120,,133,566766,12,979,9055,dfs,dfs,12,5302,4340,132,4340,1,lacam_tapf,1,,exp1,4340,240,566766,10.0,0,1,1,1,9.10496711730957
1,1,3467,8,62.9031,Paper_symbotic_39_37_gp_5/symbotic_agents_120_test_10,1,12867,54521,17941,0,0,16,8,3459,14,/media/project0/yimin/lacam_tapf_itacbs_data/Paper_symbotic_39_37_gp_5/symbotic_agents_120_test_10.yaml,h,1.5,0,1,1608,17942,3467,3467,0,1,70,,,lacam_focal_h,1,120,,75,764882,2253,1140,9060,focal,focal,10,4088,3459,70,3459,1,lacam_tapf,1,,exp1,3480,414,764882,10.0,0,1,1,1,9.112180233001709
1,1,3631,1,76.1834,Paper_symbotic_39_37_gp_5/symbotic_agents_130_test_0,1,5724,33261,10651,0,0,2,1,4042,21,/media/project0/yimin/lacam_tapf_itacbs_data/Paper_symbotic_39_37_gp_5/symbotic_agents_130_test_0.yaml,h,1.5,0,1,1297,10671,3631,3631,0,1,116,,,lacam_dfs,1,130,,117,613473,8,855,9046,dfs,dfs,0,4725,4042,116,4042,1,lacam_tapf,1,,exp1,4042,202,613473,10.0,0,1,1,1,9.096611976623535
1,1,4638,6,67.5732,Paper_symbotic_39_37_gp_5/symbotic_agents_110_test_18,1,15722,79484,21611,0,0,12,6,3129,11,/media/project0/yimin/lacam_tapf_itacbs_data/Paper_symbotic_39_37_gp_5/symbotic_agents_110_test_18.yaml,h,1.5,0,1,1252,21630,4638,4638,0,1,97,,,lacam_dfs,1,110,,98,607809,34,700,9077,dfs,dfs,18,3795,3129,97,3129,1,lacam_tapf,1,,exp1,3141,161,607809,10.0,0,1,1,1,9.145356893539429
1,1,3557,6,63.3572,Paper_symbotic_39_37_gp_5/symbotic_agents_120_test_19,1,0,14762,4881,0,0,13,6,3762,18,/media/project0/yimin/lacam_tapf_itacbs_data/Paper_symbotic_39_37_gp_5/symbotic_agents_120_test_19.yaml,h,1.5,0,1,1325,4887,3557,3557,0,1,115,,,lacam_dfs,1,120,,116,556713,13,721,9053,dfs,dfs,19,4690,3762,115,3762,1,lacam_tapf,1,,exp1,3774,150,556713,10.0,0,1,1,1,9.097376585006714
1,1,3670,7,62.1375,Paper_symbotic_39_37_gp_5/symbotic_agents_120_test_11,1,10070,47418,15454,0,0,19,7,4264,18,/media/project0/yimin/lacam_tapf_itacbs_data/Paper_symbotic_39_37_gp_5/symbotic_agents_120_test_11.yaml,h,1.5,0,1,1715,15464,3670,3670,0,1,115,,,lacam_dfs,1,120,,116,645324,1583,1145,9055,dfs,dfs,11,5216,4264,115,4264,1,lacam_tapf,1,,exp1,4320,625,645324,10.0,0,1,1,1,9.111400127410889
1,1,3769,3,80.5017,Paper_symbotic_39_37_gp_5/symbotic_agents_120_test_7,1,31520,120399,37009,0,0,7,3,3806,16,/media/project0/yimin/lacam_tapf_itacbs_data/Paper_symbotic_39_37_gp_5/symbotic_agents_120_test_7.yaml,h,1.5,0,1,1721,37023,3769,3769,0,1,94,,,lacam_dfs,1,120,,95,717947,2237,1144,9057,dfs,dfs,7,4386,3806,94,3806,1,lacam_tapf,1,,exp1,3807,224,717947,10.0,0,1,1,1,9.121366500854492
1,1,4771,193,78.1574,Paper_symbotic_39_37_gp_5/symbotic_agents_120_test_1,1,5252,33600,10980,0,0,18,9,4811,26,/media/project0/yimin/lacam_tapf_itacbs_data/Paper_symbotic_39_37_gp_5/symbotic_agents_120_test_1.yaml,h,1.5,0,1,958,10998,4771,4771,0,1,199,,,lacam_dfs,1,120,,200,675392,218,3535,9074,dfs,dfs,1,6696,4811,199,4811,1,lacam_tapf,1,,exp1,4928,362,675392,10.0,0,1,1,1,9.137141466140747
1,1,4254,3,77.9016,Paper_symbotic_39_37_gp_5/symbotic_agents_120_test_15,1,437,22808,5916,0,0,9,3,3505,13,/media/project0/yimin/lacam_tapf_itacbs_data/Paper_symbotic_39_37_gp_5/symbotic_agents_120_test_15.yaml,h,1.5,0,1,1226,5925,4254,4254,0,1,75,,,lacam_dfs,1,120,,76,646376,436,672,9062,dfs,dfs,15,3972,3505,75,3505,1,lacam_tapf,1,,exp1,3505,188,646376,10.0,0,1,1,1,9.11038327217102
1,1,4399,4303,310.061,Paper_symbotic_39_37_gp_5/symbotic_agents_120_test_13,1,0,20709,5430,0,0,21,9,3760,17,/media/project0/yimin/lacam_tapf_itacbs_data/Paper_symbotic_39_37_gp_5/symbotic_agents_120_test_13.yaml,h,1.5,0,1,1032,5431,4399,4399,0,1,104,,,lacam_focal_h,1,120,,4399,592221,15,39447,9061,focal,focal,13,4686,3760,104,3760,1,lacam_tapf,1,,exp1,3802,26866,592221,10.0,0,1,1,1,9.115561723709106
1,1,3572,8,59.8582,Paper_symbotic_39_37_gp_5/symbotic_agents_120_test_10,1,13776,57839,19047,0,0,16,8,3459,14,/media/project0/yimin/lacam_tapf_itacbs_data/Paper_symbotic_39_37_gp_5/symbotic_agents_120_test_10.yaml,h,1.5,0,1,1700,19061,3572,3572,0,1,70,,,lacam_dfs,1,120,,71,796352,2352,1140,9062,dfs,dfs,10,4088,3459,70,3459,1,lacam_tapf,1,,exp1,3480,414,796352,10.0,0,1,1,1,9.121971130371094
1,1,4217,6,66.0624,Paper_symbotic_39_37_gp_5/symbotic_agents_120_test_8,1,13028,63366,18513,0,0,15,6,4094,29,/media/project0/yimin/lacam_tapf_itacbs_data/Paper_symbotic_39_37_gp_5/symbotic_agents_120_test_8.yaml,h,1.5,0,1,1269,18528,4217,4217,0,1,193,,,lacam_dfs,1,120,,194,621978,6,879,9060,dfs,dfs,8,4920,4094,193,4094,1,lacam_tapf,1,,exp1,4103,270,621978,10.0,0,1,1,1,9.125733375549316
1,1,6853,1,279.399,Paper_symbotic_39_37_gp_5/symbotic_agents_110_test_14,1,0,26870,7493,0,0,2,1,3295,12,/media/project0/yimin/lacam_tapf_itacbs_data/Paper_symbotic_39_37_gp_5/symbotic_agents_110_test_14.yaml,h,1.5,0,1,641,7494,6853,6853,0,1,86,,,lacam_focal_h,1,110,,6853,767502,4,52530,9110,focal,focal,14,3895,3295,86,3295,1,lacam_tapf,1,,exp1,3297,42523,767502,10.0,0,1,1,1,9.17823314666748
1,1,8546,5,290.061,Paper_symbotic_39_37_gp_5/symbotic_agents_110_test_9,1,0,28855,8940,0,0,15,5,3538,13,/media/project0/yimin/lacam_tapf_itacbs_data/Paper_symbotic_39_37_gp_5/symbotic_agents_110_test_9.yaml,h,1.5,0,1,395,8941,8546,8546,0,1,107,,,lacam_focal_h,1,110,,8546,914701,3723,50079,9132,focal,focal,9,4351,3538,107,3538,1,lacam_tapf,1,,exp1,3544,26692,914701,10.0,0,1,1,1,9.204133033752441
1,1,4073,5,67.118,Paper_symbotic_39_37_gp_5/symbotic_agents_120_test_4,1,31150,164967,36457,0,0,16,5,3653,17,/media/project0/yimin/lacam_tapf_itacbs_data/Paper_symbotic_39_37_gp_5/symbotic_agents_120_test_4.yaml,h,1.5,0,1,1235,36472,4073,4073,0,1,109,,,lacam_dfs,1,120,,110,937148,3474,771,9064,dfs,dfs,4,4591,3653,109,3653,1,lacam_tapf,1,,exp1,3654,294,937148,10.0,0,1,1,1,9.140846014022827
1,1,8723,2,260.934,Paper_symbotic_39_37_gp_5/symbotic_agents_110_test_2,1,4371,54943,13462,0,0,4,2,3437,21,/media/project0/yimin/lacam_tapf_itacbs_data/Paper_symbotic_39_37_gp_5/symbotic_agents_110_test_2.yaml,h,1.5,0,1,369,13463,8723,8723,0,1,108,,,lacam_focal_h,1,110,,8723,997147,8987,28208,9147,focal,focal,2,3978,3437,108,3437,1,lacam_tapf,1,,exp1,3437,23814,997147,10.0,0,1,1,1,9.245584487915039
1,1,5093,9,232.265,Paper_symbotic_39_37_gp_5/symbotic_agents_130_test_1,1,0,17527,5819,0,0,22,9,4957,26,/media/project0/yimin/lacam_tapf_itacbs_data/Paper_symbotic_39_37_gp_5/symbotic_agents_130_test_1.yaml,h,1.5,0,1,727,5820,5093,5093,0,1,138,,,lacam_focal_h,1,130,,5093,708805,20,22390,9062,focal,focal,1,6226,4957,138,4957,1,lacam_tapf,1,,exp1,5090,17925,708805,10.0,0,1,1,1,9.11252498626709
1,1,3938,1,72.3116,Paper_symbotic_39_37_gp_5/symbotic_agents_120_test_16,1,39308,148610,44519,0,0,3,1,3702,18,/media/project0/yimin/lacam_tapf_itacbs_data/Paper_symbotic_39_37_gp_5/symbotic_agents_120_test_16.yaml,h,1.5,0,1,1274,44530,3938,3938,0,1,96,,,lacam_dfs,1,120,,97,595466,95,757,9056,dfs,dfs,16,4195,3702,96,3702,1,lacam_tapf,1,,exp1,3706,252,595466,10.0,0,1,1,1,9.124289989471436
1,1,7085,1464,259.994,Paper_symbotic_39_37_gp_5/symbotic_agents_120_test_0,1,0,27990,7570,0,0,8,4,3635,17,/media/project0/yimin/lacam_tapf_itacbs_data/Paper_symbotic_39_37_gp_5/symbotic_agents_120_test_0.yaml,h,1.5,0,1,486,7571,7085,7085,0,1,106,,,lacam_focal_h,1,120,,7085,853296,1,36610,9090,focal,focal,0,4559,3635,106,3635,1,lacam_tapf,1,,exp1,3714,44193,853296,10.0,0,1,1,1,9.157314538955688
1,1,6355,4,351.557,Paper_symbotic_39_37_gp_5/symbotic_agents_120_test_3,1,742,23204,7562,0,0,11,4,3447,14,/media/project0/yimin/lacam_tapf_itacbs_data/Paper_symbotic_39_37_gp_5/symbotic_agents_120_test_3.yaml,h,1.5,0,1,466,7563,6355,6355,0,1,78,,,lacam_focal_h,1,120,,6355,729636,5,51286,9090,focal,focal,3,3932,3447,78,3447,1,lacam_tapf,1,,exp1,3453,60884,729636,10.0,0,1,1,1,9.14986538887024
1,1,6847,6,257.802,Paper_symbotic_39_37_gp_5/symbotic_agents_110_test_18,1,1728,28283,9356,0,0,12,6,3129,14,/media/project0/yimin/lacam_tapf_itacbs_data/Paper_symbotic_39_37_gp_5/symbotic_agents_110_test_18.yaml,h,1.5,0,1,782,9357,6847,6847,0,1,97,,,lacam_focal_h,1,110,,6847,853186,1735,24286,9108,focal,focal,18,3795,3129,97,3129,1,lacam_tapf,1,,exp1,3141,27038,853186,10.0,0,1,1,1,9.170947551727295
1,1,6129,2,176.844,Paper_symbotic_39_37_gp_5/symbotic_agents_120_test_14,1,5935,39425,13110,0,0,4,2,3547,16,/media/project0/yimin/lacam_tapf_itacbs_data/Paper_symbotic_39_37_gp_5/symbotic_agents_120_test_14.yaml,h,1.5,0,1,1047,13111,6129,6129,0,1,104,,,lacam_focal_h,1,120,,6129,873764,11456,55991,9072,focal,focal,14,4038,3547,104,3547,1,lacam_tapf,1,,exp1,3553,18932,873764,10.0,0,1,1,1,9.130650520324707
1,1,9819,8,357.777,Paper_symbotic_39_37_gp_5/symbotic_agents_110_test_6,1,0,34636,10143,0,0,20,8,3023,10,/media/project0/yimin/lacam_tapf_itacbs_data/Paper_symbotic_39_37_gp_5/symbotic_agents_110_test_6.yaml,h,1.5,0,1,325,10144,9819,9819,0,1,71,,,lacam_focal_h,1,110,,9819,1042158,5,40704,9153,focal,focal,6,3446,3023,71,3023,1,lacam_tapf,1,,exp1,3024,10151,1042158,10.0,0,1,1,1,9.234479665756226
1,1,4510,8,79.1842,Paper_symbotic_39_37_gp_5/symbotic_agents_120_test_18,1,23381,144171,29054,0,0,17,8,4983,22,/media/project0/yimin/lacam_tapf_itacbs_data/Paper_symbotic_39_37_gp_5/symbotic_agents_120_test_18.yaml,h,1.5,0,1,1164,29072,4510,4510,0,1,145,,,lacam_dfs,1,120,,146,651234,377,2596,9060,dfs,dfs,18,6245,4983,145,4983,1,lacam_tapf,1,,exp1,5009,274,651234,10.0,0,1,1,1,9.125685691833496
1,1,8398,0,434.031,Paper_symbotic_39_37_gp_5/symbotic_agents_120_test_12,1,2520,36105,11207,0,0,0,0,4340,21,/media/project0/yimin/lacam_tapf_itacbs_data/Paper_symbotic_39_37_gp_5/symbotic_agents_120_test_12.yaml,h,1.5,0,1,290,11208,8398,8398,0,1,132,,,lacam_focal_h,1,120,,8397,972490,12,82156,9082,focal,focal,12,5302,4340,132,4340,1,lacam_tapf,1,,exp1,4340,51570,972490,10.0,0,1,1,1,9.140007257461548
1,1,5435,9,122.051,Paper_symbotic_39_37_gp_5/symbotic_agents_130_test_1,1,10500,75362,16979,0,0,22,9,4957,28,/media/project0/yimin/lacam_tapf_itacbs_data/Paper_symbotic_39_37_gp_5/symbotic_agents_130_test_1.yaml,h,1.5,0,1,1045,16998,5435,5435,0,1,138,,,lacam_dfs,1,130,,139,797016,27,7089,9072,dfs,dfs,1,6226,4957,138,4957,1,lacam_tapf,1,,exp1,5090,5767,797016,10.0,0,1,1,1,9.125571489334106
1,1,11563,13,588.624,Paper_symbotic_39_37_gp_5/symbotic_agents_110_test_5,1,0,41632,11790,0,0,26,13,3884,22,/media/project0/yimin/lacam_tapf_itacbs_data/Paper_symbotic_39_37_gp_5/symbotic_agents_110_test_5.yaml,h,1.5,0,1,228,11791,11563,11563,0,1,134,,,lacam_focal_h,1,110,,11562,1197489,6,91516,9164,focal,focal,5,4468,3884,134,3884,1,lacam_tapf,1,,exp1,3913,58513,1197489,10.0,0,1,1,1,9.253241539001465
1,1,9359,6,403.055,Paper_symbotic_39_37_gp_5/symbotic_agents_120_test_8,1,0,29868,9935,0,0,15,6,4094,24,/media/project0/yimin/lacam_tapf_itacbs_data/Paper_symbotic_39_37_gp_5/symbotic_agents_120_test_8.yaml,h,1.5,0,1,577,9936,9359,9359,0,1,193,,,lacam_focal_h,1,120,,9359,1108696,2,59778,9097,focal,focal,8,4920,4094,193,4094,1,lacam_tapf,1,,exp1,4103,23325,1108696,10.0,0,1,1,1,9.153667688369751
1,1,8615,2843,465.498,Paper_symbotic_39_37_gp_5/symbotic_agents_110_test_16,1,0,41177,9020,0,0,12,5,3604,15,/media/project0/yimin/lacam_tapf_itacbs_data/Paper_symbotic_39_37_gp_5/symbotic_agents_110_test_16.yaml,h,1.5,0,1,406,9021,8615,8615,0,1,165,,,lacam_focal_h,1,110,,8615,892383,11,72606,9131,focal,focal,16,4375,3604,165,3604,1,lacam_tapf,1,,exp1,3649,53336,892383,10.0,0,1,1,1,9.186144590377808
1,1,9801,2969,493.651,Paper_symbotic_39_37_gp_5/symbotic_agents_120_test_17,1,2211,43195,12234,0,0,10,5,4649,23,/media/project0/yimin/lacam_tapf_itacbs_data/Paper_symbotic_39_37_gp_5/symbotic_agents_120_test_17.yaml,h,1.5,0,1,223,12235,9801,9801,0,1,162,,,lacam_focal_h,1,120,,9801,1122104,7,95012,9096,focal,focal,17,5791,4649,162,4649,1,lacam_tapf,1,,exp1,4650,29881,1122104,10.0,0,1,1,1,9.143248558044434
1,1,9546,1,549.664,Paper_symbotic_39_37_gp_5/symbotic_agents_120_test_16,1,0,29876,9843,0,0,3,1,3702,16,/media/project0/yimin/lacam_tapf_itacbs_data/Paper_symbotic_39_37_gp_5/symbotic_agents_120_test_16.yaml,h,1.5,0,1,298,9844,9546,9546,0,1,96,,,lacam_focal_h,1,120,,9546,1058535,7,79721,9097,focal,focal,16,4195,3702,96,3702,1,lacam_tapf,1,,exp1,3706,84198,1058535,10.0,0,1,1,1,9.146109819412231
1,1,13693,3,696.302,Paper_symbotic_39_37_gp_5/symbotic_agents_110_test_15,1,0,43035,13805,0,0,6,3,3655,16,/media/project0/yimin/lacam_tapf_itacbs_data/Paper_symbotic_39_37_gp_5/symbotic_agents_110_test_15.yaml,h,1.5,0,1,113,13806,13693,13693,0,1,107,,,lacam_focal_h,1,110,,13692,1396562,18,64422,9137,focal,focal,15,4191,3655,107,3655,1,lacam_tapf,1,,exp1,3685,55885,1396562,10.0,0,1,1,1,9.20431900024414
1,1,15111,6,657.219,Paper_symbotic_39_37_gp_5/symbotic_agents_110_test_3,1,5364,70319,20488,0,0,20,6,3285,12,/media/project0/yimin/lacam_tapf_itacbs_data/Paper_symbotic_39_37_gp_5/symbotic_agents_110_test_3.yaml,h,1.5,0,1,14,20489,15111,15111,0,1,72,,,lacam_focal_h,1,110,,15111,1644509,21463,240860,9192,focal,focal,3,3801,3285,72,3285,1,lacam_tapf,1,,exp1,3285,111677,1644509,10.0,0,1,1,1,9.272936582565308
1,1,11148,9,585.176,Paper_symbotic_39_37_gp_5/symbotic_agents_120_test_1,1,4274,47696,15554,0,0,18,9,4811,29,/media/project0/yimin/lacam_tapf_itacbs_data/Paper_symbotic_39_37_gp_5/symbotic_agents_120_test_1.yaml,h,1.5,0,1,133,15555,11148,11148,0,1,199,,,lacam_focal_h,1,120,,11147,1410076,11039,111221,9121,focal,focal,1,6696,4811,199,4811,1,lacam_tapf,1,,exp1,4928,48957,1410076,10.0,0,1,1,1,9.178967237472534
1,1,11183,5281,663.384,Paper_symbotic_39_37_gp_5/symbotic_agents_120_test_18,1,15499,82583,26716,0,0,17,8,4983,22,/media/project0/yimin/lacam_tapf_itacbs_data/Paper_symbotic_39_37_gp_5/symbotic_agents_120_test_18.yaml,h,1.5,0,1,35,26717,11183,11183,0,1,145,,,lacam_focal_h,1,120,,11183,1483164,28613,172065,9097,focal,focal,18,6245,4983,145,4983,1,lacam_tapf,1,,exp1,5009,90042,1483164,10.0,0,1,1,1,9.149753332138062
1,1,11807,8,427.005,Paper_symbotic_39_37_gp_5/symbotic_agents_120_test_9,1,2122,59761,14143,0,0,23,8,3932,15,/media/project0/yimin/lacam_tapf_itacbs_data/Paper_symbotic_39_37_gp_5/symbotic_agents_120_test_9.yaml,h,1.5,0,1,215,14144,11807,11807,0,1,106,,,lacam_focal_h,1,120,,11807,1386378,15321,95939,9126,focal,focal,9,4524,3932,106,3932,1,lacam_tapf,1,,exp1,3932,56158,1386378,10.0,0,1,1,1,9.1786048412323
1,1,13706,1381,644.93,Paper_symbotic_39_37_gp_5/symbotic_agents_120_test_4,1,7032,72128,20757,0,0,16,5,3653,18,/media/project0/yimin/lacam_tapf_itacbs_data/Paper_symbotic_39_37_gp_5/symbotic_agents_120_test_4.yaml,h,1.5,0,1,20,20758,13706,13706,0,1,109,,,lacam_focal_h,1,120,,13705,1642918,12117,132001,9136,focal,focal,4,4591,3653,109,3653,1,lacam_tapf,1,,exp1,3654,75418,1642918,10.0,0,1,1,1,9.190423250198364
1,1,14691,6,590.895,Paper_symbotic_39_37_gp_5/symbotic_agents_120_test_19,1,4893,69533,20275,0,0,13,6,3762,18,/media/project0/yimin/lacam_tapf_itacbs_data/Paper_symbotic_39_37_gp_5/symbotic_agents_120_test_19.yaml,h,1.5,0,1,692,20276,14691,14691,0,1,115,,,lacam_focal_h,1,120,,14691,1711103,19970,91088,9118,focal,focal,19,4690,3762,115,3762,1,lacam_tapf,1,,exp1,3774,121698,1711103,10.0,0,1,1,1,9.167149066925049
1,1,14215,3,1059.9,Paper_symbotic_39_37_gp_5/symbotic_agents_120_test_7,1,0,49455,14280,0,0,7,3,3806,16,/media/project0/yimin/lacam_tapf_itacbs_data/Paper_symbotic_39_37_gp_5/symbotic_agents_120_test_7.yaml,h,1.5,0,1,66,14281,14215,14215,0,1,94,,,lacam_focal_h,1,120,,14214,1568530,7,183162,9142,focal,focal,7,4386,3806,94,3806,1,lacam_tapf,1,,exp1,3807,127898,1568530,10.0,0,1,1,1,9.189420700073242
1,1,17251,6270,915.894,Paper_symbotic_39_37_gp_5/symbotic_agents_120_test_11,1,0,73523,17266,0,0,19,7,4264,16,/media/project0/yimin/lacam_tapf_itacbs_data/Paper_symbotic_39_37_gp_5/symbotic_agents_120_test_11.yaml,h,1.5,0,1,16,17267,17251,17251,0,1,115,,,lacam_focal_h,1,120,,17250,1883767,663,127479,9129,focal,focal,11,5216,4264,115,4264,1,lacam_tapf,1,,exp1,4320,112052,1883767,10.0,0,1,1,1,9.180770874023438
1,1,16158,1,1051.53,Paper_symbotic_39_37_gp_5/symbotic_agents_130_test_0,1,0,51580,16184,0,0,2,1,4042,15,/media/project0/yimin/lacam_tapf_itacbs_data/Paper_symbotic_39_37_gp_5/symbotic_agents_130_test_0.yaml,h,1.5,0,1,27,16185,16158,16158,0,1,116,,,lacam_focal_h,1,130,,16157,1904348,8,129324,9120,focal,focal,0,4725,4042,116,4042,1,lacam_tapf,1,,exp1,4042,112678,1904348,10.0,0,1,1,1,9.167722463607788
1,1,16546,13833,973.616,Paper_symbotic_39_37_gp_5/symbotic_agents_120_test_5,1,0,57873,16568,0,0,22,7,3923,17,/media/project0/yimin/lacam_tapf_itacbs_data/Paper_symbotic_39_37_gp_5/symbotic_agents_120_test_5.yaml,h,1.5,0,1,23,16569,16546,16546,0,1,99,,,lacam_focal_h,1,120,,16545,1793556,13,203871,9139,focal,focal,5,4560,3923,99,3923,1,lacam_tapf,1,,exp1,3923,106154,1793556,10.0,0,1,1,1,9.193245887756348
1,1,14706,3337,947.432,Paper_symbotic_39_37_gp_5/symbotic_agents_120_test_15,1,0,52502,14767,0,0,9,3,3505,14,/media/project0/yimin/lacam_tapf_itacbs_data/Paper_symbotic_39_37_gp_5/symbotic_agents_120_test_15.yaml,h,1.5,0,1,62,14768,14706,14706,0,1,75,,,lacam_focal_h,1,120,,14706,1607402,3,133681,9135,focal,focal,15,3972,3505,75,3505,1,lacam_tapf,1,,exp1,3505,73625,1607402,10.0,0,1,1,1,9.175841331481934
1,1,4145,27,83.9491,Paper_symbotic_39_37_gp_5/symbotic_agents_130_test_2,1,6827,37224,12372,0,0,78,27,5501,64,/media/project0/yimin/lacam_tapf_itacbs_data/Paper_symbotic_39_37_gp_5/symbotic_agents_130_test_2.yaml,h,1.5,0,1,1401,12392,4145,4145,0,1,308,,,lacam_dfs,1,130,,309,718202,407,1401,9063,dfs,dfs,2,7643,5501,308,5501,1,lacam_tapf,1,,exp1,5558,467,718202,10.0,0,1,1,1,9.110090494155884
1,8,4575,7,79.8936,Paper_symbotic_39_37_gp_5/symbotic_agents_130_test_7,1,2592,29563,9056,0,0,17,7,3811,14,/media/project0/yimin/lacam_tapf_itacbs_data/Paper_symbotic_39_37_gp_5/symbotic_agents_130_test_7.yaml,h,1.5,0,1,1890,9076,4575,4575,0,1,77,,,lacam_dfs,1,130,,78,795740,5,2983,9050,dfs,dfs,7,4533,3810,77,3810,1,lacam_tapf,1,,exp1,3843,685,795740,10.0,0,1,1,1,9.09154748916626
1,1,4958,8,88.3081,Paper_symbotic_39_37_gp_5/symbotic_agents_130_test_3,1,5327,38763,11433,0,0,17,8,4413,29,/media/project0/yimin/lacam_tapf_itacbs_data/Paper_symbotic_39_37_gp_5/symbotic_agents_130_test_3.yaml,h,1.5,0,1,1149,11447,4958,4958,0,1,146,,,lacam_dfs,1,130,,147,754215,14,1072,9078,dfs,dfs,3,5389,4413,146,4413,1,lacam_tapf,1,,exp1,4419,255,754215,10.0,0,1,1,1,9.142305850982666
1,1,3417,7,67.2899,Paper_symbotic_39_37_gp_5/symbotic_agents_130_test_8,1,12609,54028,17655,0,0,19,7,4748,23,/media/project0/yimin/lacam_tapf_itacbs_data/Paper_symbotic_39_37_gp_5/symbotic_agents_130_test_8.yaml,h,1.5,0,1,1630,17670,3417,3417,0,1,164,,,lacam_dfs,1,130,,165,621626,6,1097,9055,dfs,dfs,8,5683,4748,164,4748,1,lacam_tapf,1,,exp1,4756,277,621626,10.0,0,1,1,1,9.108989238739014
1,1,4741,4,250.321,Paper_symbotic_39_37_gp_5/symbotic_agents_130_test_4,1,225,25717,6177,0,0,8,4,4167,27,/media/project0/yimin/lacam_tapf_itacbs_data/Paper_symbotic_39_37_gp_5/symbotic_agents_130_test_4.yaml,h,1.5,0,1,1212,6178,4741,4741,0,1,126,,,lacam_focal_h,1,130,,4741,749319,240,27090,9070,focal,focal,4,5199,4167,126,4167,1,lacam_tapf,1,,exp1,4168,6216,749319,10.0,0,1,1,1,9.123667478561401
1,1,3673,10,66.7879,Paper_symbotic_39_37_gp_5/symbotic_agents_130_test_9,1,22516,100071,27585,0,0,27,10,3899,14,/media/project0/yimin/lacam_tapf_itacbs_data/Paper_symbotic_39_37_gp_5/symbotic_agents_130_test_9.yaml,h,1.5,0,1,1397,27603,3673,3673,0,1,94,,,lacam_dfs,1,130,,95,622240,18,868,9060,dfs,dfs,9,4823,3899,94,3899,1,lacam_tapf,1,,exp1,3912,100,622240,10.0,0,1,1,1,9.10757565498352
1,1,3861,6,83.4326,Paper_symbotic_39_37_gp_5/symbotic_agents_130_test_13,1,7745,41665,13079,0,0,12,6,4065,16,/media/project0/yimin/lacam_tapf_itacbs_data/Paper_symbotic_39_37_gp_5/symbotic_agents_130_test_13.yaml,h,1.5,0,1,1474,13094,3861,3861,0,1,101,,,lacam_dfs,1,130,,102,685534,2249,2459,9043,dfs,dfs,13,4833,4065,101,4065,1,lacam_tapf,1,,exp1,4081,266,685534,10.0,0,1,1,1,9.09361982345581
1,1,4450,618,98.6763,Paper_symbotic_39_37_gp_5/symbotic_agents_130_test_5,1,33952,159604,39758,0,0,19,8,6095,29,/media/project0/yimin/lacam_tapf_itacbs_data/Paper_symbotic_39_37_gp_5/symbotic_agents_130_test_5.yaml,h,1.5,0,1,1357,39775,4450,4450,0,1,223,,,lacam_dfs,1,130,,224,713962,30,1982,9070,dfs,dfs,5,8093,6095,223,6095,1,lacam_tapf,1,,exp1,6209,352,713962,10.0,0,1,1,1,9.135016918182373
1,1,3909,6,79.1498,Paper_symbotic_39_37_gp_5/symbotic_agents_130_test_6,1,17131,69966,22262,0,0,12,6,4826,32,/media/project0/yimin/lacam_tapf_itacbs_data/Paper_symbotic_39_37_gp_5/symbotic_agents_130_test_6.yaml,h,1.5,0,1,1223,22281,3909,3909,0,1,155,,,lacam_dfs,1,130,,156,632578,14,1199,9065,dfs,dfs,6,6116,4826,155,4826,1,lacam_tapf,1,,exp1,4827,275,632578,10.0,0,1,1,1,9.130018472671509
1,1,3599,8,85.5621,Paper_symbotic_39_37_gp_5/symbotic_agents_130_test_12,1,46275,158817,51546,0,0,18,8,4650,37,/media/project0/yimin/lacam_tapf_itacbs_data/Paper_symbotic_39_37_gp_5/symbotic_agents_130_test_12.yaml,h,1.5,0,1,1673,51562,3599,3599,0,1,120,,,lacam_dfs,1,130,,121,748625,3567,1223,9051,dfs,dfs,12,5573,4650,120,4650,1,lacam_tapf,1,,exp1,4662,527,748625,10.0,0,1,1,1,9.112714529037476
1,1,3579,7,72.0884,Paper_symbotic_39_37_gp_5/symbotic_agents_130_test_15,1,10299,47976,15553,0,0,15,7,4438,20,/media/project0/yimin/lacam_tapf_itacbs_data/Paper_symbotic_39_37_gp_5/symbotic_agents_130_test_15.yaml,h,1.5,0,1,1676,15570,3579,3579,0,1,101,,,lacam_dfs,1,130,,102,646259,18,2752,9045,dfs,dfs,15,5050,4438,101,4438,1,lacam_tapf,1,,exp1,4448,274,646259,10.0,0,1,1,1,9.093800067901611
1,78,5913,196,109.025,Paper_symbotic_39_37_gp_5/symbotic_agents_130_test_4,1,52276,256967,59815,0,0,10,5,4167,27,/media/project0/yimin/lacam_tapf_itacbs_data/Paper_symbotic_39_37_gp_5/symbotic_agents_130_test_4.yaml,h,1.5,0,1,1627,59868,5913,5913,0,2,126,,,lacam_dfs,1,130,,127,928301,14,1311,9077,dfs,dfs,4,5190,4165,126,4165,1,lacam_tapf,1,,exp1,4310,165,928301,10.0,0,1,1,1,9.150606393814087
1,1,5048,12,79.5026,Paper_symbotic_39_37_gp_5/symbotic_agents_130_test_10,1,4020,35373,10291,0,0,24,12,4704,29,/media/project0/yimin/lacam_tapf_itacbs_data/Paper_symbotic_39_37_gp_5/symbotic_agents_130_test_10.yaml,h,1.5,0,1,1224,10310,5048,5048,0,1,201,,,lacam_dfs,1,130,,202,775189,18,1975,9068,dfs,dfs,10,5851,4704,201,4704,1,lacam_tapf,1,,exp1,4726,354,775189,10.0,0,1,1,1,9.120179176330566
1,15,4935,5,95.4131,Paper_symbotic_39_37_gp_5/symbotic_agents_130_test_11,1,5999,51085,12099,0,0,12,5,4618,25,/media/project0/yimin/lacam_tapf_itacbs_data/Paper_symbotic_39_37_gp_5/symbotic_agents_130_test_11.yaml,h,1.5,0,1,1166,12129,4935,4935,0,1,152,,,lacam_dfs,1,130,,153,761502,519,1081,9088,dfs,dfs,11,6026,4616,152,4616,1,lacam_tapf,1,,exp1,4626,316,761502,10.0,0,1,1,1,9.127324342727661
1,1,4337,10,63.8657,Paper_symbotic_39_37_gp_5/symbotic_agents_130_test_17,1,10608,55502,16457,0,0,27,10,4460,17,/media/project0/yimin/lacam_tapf_itacbs_data/Paper_symbotic_39_37_gp_5/symbotic_agents_130_test_17.yaml,h,1.5,0,1,1513,16467,4337,4337,0,1,102,,,lacam_dfs,1,130,,103,720445,11,1615,9058,dfs,dfs,17,5501,4460,102,4460,1,lacam_tapf,1,,exp1,4535,285,720445,10.0,0,1,1,1,9.09721326828003
1,1,4172,4,69.1517,Paper_symbotic_39_37_gp_5/symbotic_agents_130_test_19,1,475,26159,6002,0,0,9,4,4219,17,/media/project0/yimin/lacam_tapf_itacbs_data/Paper_symbotic_39_37_gp_5/symbotic_agents_130_test_19.yaml,h,1.5,0,1,1356,6007,4172,4172,0,1,94,,,lacam_dfs,1,130,,95,717718,483,896,9051,dfs,dfs,19,4942,4219,94,4219,1,lacam_tapf,1,,exp1,4219,223,717718,10.0,0,1,1,1,9.089491128921509
1,1,4596,7,321.596,Paper_symbotic_39_37_gp_5/symbotic_agents_130_test_16,1,900,19418,6348,0,0,16,7,4283,15,/media/project0/yimin/lacam_tapf_itacbs_data/Paper_symbotic_39_37_gp_5/symbotic_agents_130_test_16.yaml,h,1.5,0,1,853,6349,4596,4596,0,1,106,,,lacam_focal_h,1,130,,4596,647649,15,54638,9061,focal,focal,16,5098,4283,106,4283,1,lacam_tapf,1,,exp1,4283,37670,647649,10.0,0,1,1,1,9.110125064849854
1,1,6074,10,363.404,Paper_symbotic_39_37_gp_5/symbotic_agents_130_test_9,1,0,31007,6726,0,0,27,10,3899,18,/media/project0/yimin/lacam_tapf_itacbs_data/Paper_symbotic_39_37_gp_5/symbotic_agents_130_test_9.yaml,h,1.5,0,1,653,6727,6074,6074,0,1,94,,,lacam_focal_h,1,130,,6074,817518,133,42446,9099,focal,focal,9,4823,3899,94,3899,1,lacam_tapf,1,,exp1,3912,19996,817518,10.0,0,1,1,1,9.149188756942749
1,1,5709,12,393.185,Paper_symbotic_39_37_gp_5/symbotic_agents_130_test_10,1,1461,25271,7857,0,0,24,12,4704,36,/media/project0/yimin/lacam_tapf_itacbs_data/Paper_symbotic_39_37_gp_5/symbotic_agents_130_test_10.yaml,h,1.5,0,1,688,7858,5709,5709,0,1,201,,,lacam_focal_h,1,130,,5708,808658,2952,48529,9088,focal,focal,10,5851,4704,201,4704,1,lacam_tapf,1,,exp1,4726,56878,808658,10.0,0,1,1,1,9.15275502204895
1,4,3670,5,89.4366,Paper_symbotic_39_37_gp_5/symbotic_agents_140_test_1,1,1123,19420,6246,0,0,15,5,7775,59,/media/project0/yimin/lacam_tapf_itacbs_data/Paper_symbotic_39_37_gp_5/symbotic_agents_140_test_1.yaml,h,1.5,0,1,1454,6255,3670,3670,0,1,335,,,lacam_dfs,1,140,,336,688508,270,5517,9051,dfs,dfs,1,9427,7774,335,7774,1,lacam_tapf,1,,exp1,7774,1038,688508,10.0,0,1,1,1,9.095300912857056
1,1,3927,4,69.9804,Paper_symbotic_39_37_gp_5/symbotic_agents_140_test_0,1,1834,24996,7011,0,0,11,4,4251,14,/media/project0/yimin/lacam_tapf_itacbs_data/Paper_symbotic_39_37_gp_5/symbotic_agents_140_test_0.yaml,h,1.5,0,1,1251,7025,3927,3927,0,1,82,,,lacam_dfs,1,140,,83,694468,19,1619,9059,dfs,dfs,0,4967,4251,82,4251,1,lacam_tapf,1,,exp1,4251,135,694468,10.0,0,1,1,1,9.101984977722168
1,1,3647,7,61.9456,Paper_symbotic_39_37_gp_5/symbotic_agents_130_test_16,1,9269,43481,14291,0,0,16,7,4283,17,/media/project0/yimin/lacam_tapf_itacbs_data/Paper_symbotic_39_37_gp_5/symbotic_agents_130_test_16.yaml,h,1.5,0,1,1376,14298,3647,3647,0,1,106,,,lacam_dfs,1,130,,107,620937,15,876,9073,dfs,dfs,16,5098,4283,106,4283,1,lacam_tapf,1,,exp1,4283,276,620937,10.0,0,1,1,1,9.12419867515564
1,1,3817,3,69.8637,Paper_symbotic_39_37_gp_5/symbotic_agents_140_test_6,1,2977,25219,8135,0,0,6,3,4577,16,/media/project0/yimin/lacam_tapf_itacbs_data/Paper_symbotic_39_37_gp_5/symbotic_agents_140_test_6.yaml,h,1.5,0,1,1342,8153,3817,3817,0,1,97,,,lacam_dfs,1,140,,98,690431,230,2132,9046,dfs,dfs,6,5646,4577,97,4577,1,lacam_tapf,1,,exp1,4577,225,690431,10.0,0,1,1,1,9.087432622909546
1,1,4363,11,93.3284,Paper_symbotic_39_37_gp_5/symbotic_agents_140_test_2,1,4101,37516,9655,0,0,27,11,5602,36,/media/project0/yimin/lacam_tapf_itacbs_data/Paper_symbotic_39_37_gp_5/symbotic_agents_140_test_2.yaml,h,1.5,0,1,1192,9664,4363,4363,0,1,221,,,lacam_dfs,1,140,,222,742719,17,1475,9067,dfs,dfs,2,7212,5602,221,5602,1,lacam_tapf,1,,exp1,5733,358,742719,10.0,0,1,1,1,9.110425472259521
1,1,5098,4,83.0508,Paper_symbotic_39_37_gp_5/symbotic_agents_130_test_14,1,25093,111699,31384,0,0,9,4,4418,19,/media/project0/yimin/lacam_tapf_itacbs_data/Paper_symbotic_39_37_gp_5/symbotic_agents_130_test_14.yaml,h,1.5,0,1,1194,31396,5098,5098,0,1,132,,,lacam_dfs,1,130,,133,772124,9,964,9093,dfs,dfs,14,5288,4418,132,4418,1,lacam_tapf,1,,exp1,4427,299,772124,10.0,0,1,1,1,9.158711194992065
1,1,4880,13,100.851,Paper_symbotic_39_37_gp_5/symbotic_agents_140_test_3,1,6837,44578,12801,0,0,31,13,5572,26,/media/project0/yimin/lacam_tapf_itacbs_data/Paper_symbotic_39_37_gp_5/symbotic_agents_140_test_3.yaml,h,1.5,0,1,1085,12814,4880,4880,0,1,154,,,lacam_dfs,1,140,,155,796711,19,1508,9068,dfs,dfs,3,7351,5572,154,5572,1,lacam_tapf,1,,exp1,5694,315,796711,10.0,0,1,1,1,9.107815504074097
1,1,7784,6,203.68,Paper_symbotic_39_37_gp_5/symbotic_agents_130_test_13,1,3290,41675,12980,0,0,12,6,4065,18,/media/project0/yimin/lacam_tapf_itacbs_data/Paper_symbotic_39_37_gp_5/symbotic_agents_130_test_13.yaml,h,1.5,0,1,1907,12981,7784,7784,0,1,101,,,lacam_focal_h,1,130,,7784,1212241,2886,26756,9108,focal,focal,13,4833,4065,101,4065,1,lacam_tapf,1,,exp1,4081,21245,1212241,10.0,0,1,1,1,9.16592788696289
1,1,4023,4,101.989,Paper_symbotic_39_37_gp_5/symbotic_agents_140_test_5,1,13621,68645,18976,0,0,8,4,5214,27,/media/project0/yimin/lacam_tapf_itacbs_data/Paper_symbotic_39_37_gp_5/symbotic_agents_140_test_5.yaml,h,1.5,0,1,1333,18992,4023,4023,0,1,124,,,lacam_dfs,1,140,,125,838547,2418,1335,9058,dfs,dfs,5,6155,5214,124,5214,1,lacam_tapf,1,,exp1,5214,495,838547,10.0,0,1,1,1,9.103691577911377
1,1,4245,4,92.7586,Paper_symbotic_39_37_gp_5/symbotic_agents_130_test_18,1,118593,491801,124828,0,0,9,4,5537,26,/media/project0/yimin/lacam_tapf_itacbs_data/Paper_symbotic_39_37_gp_5/symbotic_agents_130_test_18.yaml,h,1.5,0,1,1991,124844,4245,4245,0,1,151,,,lacam_dfs,1,130,,152,756900,24,2428,9074,dfs,dfs,18,6461,5537,151,5537,1,lacam_tapf,1,,exp1,5537,1244,756900,10.0,0,1,1,1,9.149181365966797
1,1,3874,6,82.9294,Paper_symbotic_39_37_gp_5/symbotic_agents_140_test_9,1,1,17416,4960,0,0,14,6,5137,26,/media/project0/yimin/lacam_tapf_itacbs_data/Paper_symbotic_39_37_gp_5/symbotic_agents_140_test_9.yaml,h,1.5,0,1,1086,4967,3874,3874,0,1,142,,,lacam_dfs,1,140,,143,663990,5,1140,9060,dfs,dfs,9,6285,5137,142,5137,1,lacam_tapf,1,,exp1,5161,342,663990,10.0,0,1,1,1,9.099172830581665
1,1,5857,4,295.293,Paper_symbotic_39_37_gp_5/symbotic_agents_130_test_19,1,0,24198,6437,0,0,9,4,4219,26,/media/project0/yimin/lacam_tapf_itacbs_data/Paper_symbotic_39_37_gp_5/symbotic_agents_130_test_19.yaml,h,1.5,0,1,581,6438,5857,5857,0,1,94,,,lacam_focal_h,1,130,,5857,773373,10,30319,9091,focal,focal,19,4942,4219,94,4219,1,lacam_tapf,1,,exp1,4219,39553,773373,10.0,0,1,1,1,9.147238969802856
1,1,3519,14,76.1026,Paper_symbotic_39_37_gp_5/symbotic_agents_140_test_16,1,2913,24833,7592,0,0,42,14,5820,32,/media/project0/yimin/lacam_tapf_itacbs_data/Paper_symbotic_39_37_gp_5/symbotic_agents_140_test_16.yaml,h,1.5,0,1,1161,7599,3519,3519,0,1,173,,,lacam_dfs,1,140,,174,629207,16,1367,9047,dfs,dfs,16,7197,5820,173,5820,1,lacam_tapf,1,,exp1,5855,456,629207,10.0,0,1,1,1,9.083900213241577
1,1,3633,10,80.7138,Paper_symbotic_39_37_gp_5/symbotic_agents_140_test_10,1,23585,96913,28580,0,0,23,10,6152,37,/media/project0/yimin/lacam_tapf_itacbs_data/Paper_symbotic_39_37_gp_5/symbotic_agents_140_test_10.yaml,h,1.5,0,1,1363,28590,3633,3633,0,1,246,,,lacam_dfs,1,140,,247,663593,27,1658,9062,dfs,dfs,10,7149,6152,246,6152,1,lacam_tapf,1,,exp1,6160,436,663593,10.0,0,1,1,1,9.105743885040283
1,13,4623,8,89.2849,Paper_symbotic_39_37_gp_5/symbotic_agents_140_test_7,1,24727,137795,30597,0,0,15,7,5365,26,/media/project0/yimin/lacam_tapf_itacbs_data/Paper_symbotic_39_37_gp_5/symbotic_agents_140_test_7.yaml,h,1.5,0,1,1248,30638,4623,4623,0,2,176,,,lacam_dfs,1,140,,178,781458,36,1608,9068,dfs,dfs,7,6867,5363,176,5363,1,lacam_tapf,1,,exp1,5431,483,781458,10.0,0,1,1,1,9.121348857879639
1,1,3517,8,78.3336,Paper_symbotic_39_37_gp_5/symbotic_agents_140_test_12,1,14339,77477,19320,0,0,18,8,5005,25,/media/project0/yimin/lacam_tapf_itacbs_data/Paper_symbotic_39_37_gp_5/symbotic_agents_140_test_12.yaml,h,1.5,0,1,1465,19331,3517,3517,0,1,119,,,lacam_dfs,1,140,,120,661892,29,1302,9062,dfs,dfs,12,5719,5005,119,5005,1,lacam_tapf,1,,exp1,5008,270,661892,10.0,0,1,1,1,9.111690759658813
1,1,4032,8,91.9196,Paper_symbotic_39_37_gp_5/symbotic_agents_140_test_11,1,60237,286530,65903,0,0,18,8,4941,22,/media/project0/yimin/lacam_tapf_itacbs_data/Paper_symbotic_39_37_gp_5/symbotic_agents_140_test_11.yaml,h,1.5,0,1,1635,65920,4032,4032,0,1,105,,,lacam_dfs,1,140,,106,746360,218,3452,9053,dfs,dfs,11,5942,4941,105,4941,1,lacam_tapf,1,,exp1,5016,275,746360,10.0,0,1,1,1,9.116430521011353
1,1,3775,23,81.1584,Paper_symbotic_39_37_gp_5/symbotic_agents_140_test_14,1,4321,33603,9416,0,0,50,23,6099,44,/media/project0/yimin/lacam_tapf_itacbs_data/Paper_symbotic_39_37_gp_5/symbotic_agents_140_test_14.yaml,h,1.5,0,1,1321,9434,3775,3775,0,1,256,,,lacam_dfs,1,140,,257,682381,32,1610,9061,dfs,dfs,14,8103,6099,256,6099,1,lacam_tapf,1,,exp1,6128,377,682381,10.0,0,1,1,1,9.111052751541138
1,1,5455,3,109.868,Paper_symbotic_39_37_gp_5/symbotic_agents_140_test_13,1,7282,60881,14516,0,0,7,3,5134,16,/media/project0/yimin/lacam_tapf_itacbs_data/Paper_symbotic_39_37_gp_5/symbotic_agents_140_test_13.yaml,h,1.5,0,1,1780,14534,5455,5455,0,1,102,,,lacam_dfs,1,140,,103,963541,507,3960,9067,dfs,dfs,13,6157,5134,102,5134,1,lacam_tapf,1,,exp1,5134,3368,963541,10.0,0,1,1,1,9.11980652809143
1,1,3912,10,91.3735,Paper_symbotic_39_37_gp_5/symbotic_agents_150_test_1,1,2772,23830,7903,0,0,22,10,5912,32,/media/project0/yimin/lacam_tapf_itacbs_data/Paper_symbotic_39_37_gp_5/symbotic_agents_150_test_1.yaml,h,1.5,0,1,1220,7913,3912,3912,0,1,141,,,lacam_dfs,1,150,,142,904332,1966,2504,9045,dfs,dfs,1,7232,5912,141,5912,1,lacam_tapf,1,,exp1,5983,400,904332,10.0,0,1,1,1,9.090515613555908
1,1,3615,10,64.2653,Paper_symbotic_39_37_gp_5/symbotic_agents_140_test_18,1,12650,77875,17924,0,0,29,10,4502,19,/media/project0/yimin/lacam_tapf_itacbs_data/Paper_symbotic_39_37_gp_5/symbotic_agents_140_test_18.yaml,h,1.5,0,1,1660,17939,3615,3615,0,1,112,,,lacam_dfs,1,140,,113,702535,9,941,9059,dfs,dfs,18,5379,4502,112,4502,1,lacam_tapf,1,,exp1,4545,239,702535,10.0,0,1,1,1,9.10836148262024
1,1,4333,17,102.898,Paper_symbotic_39_37_gp_5/symbotic_agents_150_test_0,1,1862,21691,7159,0,0,42,17,6906,40,/media/project0/yimin/lacam_tapf_itacbs_data/Paper_symbotic_39_37_gp_5/symbotic_agents_150_test_0.yaml,h,1.5,0,1,965,7164,4333,4333,0,1,199,,,lacam_dfs,1,150,,200,763837,42,3305,9048,dfs,dfs,0,9108,6906,199,6906,1,lacam_tapf,1,,exp1,7041,451,763837,10.0,0,1,1,1,9.099616527557373
1,1,6067,13,101.434,Paper_symbotic_39_37_gp_5/symbotic_agents_140_test_8,1,0,29592,6925,0,0,27,12,6261,31,/media/project0/yimin/lacam_tapf_itacbs_data/Paper_symbotic_39_37_gp_5/symbotic_agents_140_test_8.yaml,h,1.5,0,1,859,6931,6067,6067,0,1,148,,,lacam_dfs,1,140,,149,927808,10,2356,9079,dfs,dfs,8,7844,6261,148,6261,1,lacam_tapf,1,,exp1,6456,469,927808,10.0,0,1,1,1,9.135670185089111
1,1,3808,4,74.5922,Paper_symbotic_39_37_gp_5/symbotic_agents_140_test_15,1,24321,130851,29920,0,0,8,4,4297,21,/media/project0/yimin/lacam_tapf_itacbs_data/Paper_symbotic_39_37_gp_5/symbotic_agents_140_test_15.yaml,h,1.5,0,1,1792,29936,3808,3808,0,1,111,,,lacam_dfs,1,140,,112,741690,9,996,9058,dfs,dfs,15,5316,4297,111,4297,1,lacam_tapf,1,,exp1,4297,217,741690,10.0,0,1,1,1,9.115633726119995
1,1,4064,8,110.573,Paper_symbotic_39_37_gp_5/symbotic_agents_140_test_19,1,6676,36069,11988,0,0,22,8,5284,28,/media/project0/yimin/lacam_tapf_itacbs_data/Paper_symbotic_39_37_gp_5/symbotic_agents_140_test_19.yaml,h,1.5,0,1,1249,12003,4064,4064,0,1,105,,,lacam_dfs,1,140,,106,707871,1055,10279,9063,dfs,dfs,19,6362,5284,105,5284,1,lacam_tapf,1,,exp1,5329,318,707871,10.0,0,1,1,1,9.106451988220215
1,1,6414,5,706.736,Paper_symbotic_39_37_gp_5/symbotic_agents_140_test_1,1,2,28991,6919,0,0,15,5,7775,53,/media/project0/yimin/lacam_tapf_itacbs_data/Paper_symbotic_39_37_gp_5/symbotic_agents_140_test_1.yaml,h,1.5,0,1,504,6920,6414,6414,0,1,335,,,lacam_focal_h,1,140,,6414,888830,270,125175,9107,focal,focal,1,9428,7775,335,7775,1,lacam_tapf,1,,exp1,7775,40439,888830,10.0,0,1,1,1,9.170523881912231
1,1,3953,12,74.6844,Paper_symbotic_39_37_gp_5/symbotic_agents_150_test_3,1,3026,32518,8220,0,0,29,12,6491,47,/media/project0/yimin/lacam_tapf_itacbs_data/Paper_symbotic_39_37_gp_5/symbotic_agents_150_test_3.yaml,h,1.5,0,1,1242,8226,3953,3953,0,1,240,,,lacam_dfs,1,150,,241,746918,46,1836,9049,dfs,dfs,3,7994,6491,240,6491,1,lacam_tapf,1,,exp1,6538,471,746918,10.0,0,1,1,1,9.096969604492188
1,1,9726,7,612.689,Paper_symbotic_39_37_gp_5/symbotic_agents_130_test_15,1,0,30138,10024,0,0,15,7,4438,18,/media/project0/yimin/lacam_tapf_itacbs_data/Paper_symbotic_39_37_gp_5/symbotic_agents_130_test_15.yaml,h,1.5,0,1,299,10025,9726,9726,0,1,101,,,lacam_focal_h,1,130,,9726,1166600,1042,81415,9144,focal,focal,15,5050,4438,101,4438,1,lacam_tapf,1,,exp1,4448,75192,1166600,10.0,0,1,1,1,9.216663837432861
1,1,5197,4,427.668,Paper_symbotic_39_37_gp_5/symbotic_agents_140_test_15,1,2070,23898,7952,0,0,8,4,4297,22,/media/project0/yimin/lacam_tapf_itacbs_data/Paper_symbotic_39_37_gp_5/symbotic_agents_140_test_15.yaml,h,1.5,0,1,686,7953,5197,5197,0,1,111,,,lacam_focal_h,1,140,,5197,776673,3138,64679,9068,focal,focal,15,5316,4297,111,4297,1,lacam_tapf,1,,exp1,4297,24924,776673,10.0,0,1,1,1,9.138310432434082
1,1,3684,4,81.0594,Paper_symbotic_39_37_gp_5/symbotic_agents_150_test_4,1,14511,61619,19518,0,0,9,4,4962,27,/media/project0/yimin/lacam_tapf_itacbs_data/Paper_symbotic_39_37_gp_5/symbotic_agents_150_test_4.yaml,h,1.5,0,1,1324,19532,3684,3684,0,1,117,,,lacam_dfs,1,150,,118,716577,26,2014,9048,dfs,dfs,4,5914,4962,117,4962,1,lacam_tapf,1,,exp1,4966,299,716577,10.0,0,1,1,1,9.11208963394165
1,1,4179,9,98.8185,Paper_symbotic_39_37_gp_5/symbotic_agents_150_test_5,1,4219,30710,9422,0,0,24,9,5710,27,/media/project0/yimin/lacam_tapf_itacbs_data/Paper_symbotic_39_37_gp_5/symbotic_agents_150_test_5.yaml,h,1.5,0,1,1025,9436,4179,4179,0,1,113,,,lacam_dfs,1,150,,114,747175,23,1861,9044,dfs,dfs,5,6904,5710,113,5710,1,lacam_tapf,1,,exp1,5713,355,747175,10.0,0,1,1,1,9.099283933639526
1,1,12341,27,1161.86,Paper_symbotic_39_37_gp_5/symbotic_agents_130_test_2,1,19,50607,12500,0,0,78,27,5501,78,/media/project0/yimin/lacam_tapf_itacbs_data/Paper_symbotic_39_37_gp_5/symbotic_agents_130_test_2.yaml,h,1.5,0,1,141,12501,12341,12341,0,1,308,,,lacam_focal_h,1,130,,12340,1485308,81,151697,9191,focal,focal,2,7643,5501,308,5501,1,lacam_tapf,1,,exp1,5558,124722,1485308,10.0,0,1,1,1,9.308459520339966
1,1,5906,7,81.4869,Paper_symbotic_39_37_gp_5/symbotic_agents_140_test_4,1,36915,160477,45933,0,0,19,7,5276,16,/media/project0/yimin/lacam_tapf_itacbs_data/Paper_symbotic_39_37_gp_5/symbotic_agents_140_test_4.yaml,h,1.5,0,1,3113,45948,5906,5906,0,1,109,,,lacam_dfs,1,140,,110,1280111,8559,4152,9103,dfs,dfs,4,6319,5276,109,5276,1,lacam_tapf,1,,exp1,5286,2719,1280111,10.0,0,1,1,1,9.183768033981323
1,1,4461,8,92.6386,Paper_symbotic_39_37_gp_5/symbotic_agents_150_test_6,1,3,23395,5693,0,0,20,8,5639,26,/media/project0/yimin/lacam_tapf_itacbs_data/Paper_symbotic_39_37_gp_5/symbotic_agents_150_test_6.yaml,h,1.5,0,1,1230,5702,4461,4461,0,1,146,,,lacam_dfs,1,150,,147,817376,38,2382,9048,dfs,dfs,6,6909,5639,146,5639,1,lacam_tapf,1,,exp1,5679,358,817376,10.0,0,1,1,1,9.101641416549683
1,1,5372,10,394.291,Paper_symbotic_39_37_gp_5/symbotic_agents_140_test_18,1,0,19502,6051,0,0,29,10,4502,22,/media/project0/yimin/lacam_tapf_itacbs_data/Paper_symbotic_39_37_gp_5/symbotic_agents_140_test_18.yaml,h,1.5,0,1,680,6052,5372,5372,0,1,112,,,lacam_focal_h,1,140,,5372,796096,9,49426,9084,focal,focal,18,5379,4502,112,4502,1,lacam_tapf,1,,exp1,4545,46109,796096,10.0,0,1,1,1,9.147093772888184
1,1,10408,7,819.463,Paper_symbotic_39_37_gp_5/symbotic_agents_130_test_8,1,5040,59776,15569,0,0,19,7,4748,26,/media/project0/yimin/lacam_tapf_itacbs_data/Paper_symbotic_39_37_gp_5/symbotic_agents_130_test_8.yaml,h,1.5,0,1,122,15570,10408,10408,0,1,164,,,lacam_focal_h,1,130,,10408,1500272,20166,119555,9183,focal,focal,8,5683,4748,164,4748,1,lacam_tapf,1,,exp1,4756,123782,1500272,10.0,0,1,1,1,9.293907403945923
1,1,7265,6,721.005,Paper_symbotic_39_37_gp_5/symbotic_agents_140_test_7,1,0,28606,7601,0,0,13,6,5365,39,/media/project0/yimin/lacam_tapf_itacbs_data/Paper_symbotic_39_37_gp_5/symbotic_agents_140_test_7.yaml,h,1.5,0,1,337,7602,7265,7265,0,1,176,,,lacam_focal_h,1,140,,7265,996838,13,113077,9104,focal,focal,7,6869,5365,176,5365,1,lacam_tapf,1,,exp1,5365,37442,996838,10.0,0,1,1,1,9.194206714630127
1,1,15362,8,823.967,Paper_symbotic_39_37_gp_5/symbotic_agents_130_test_3,1,0,53111,15413,0,0,17,8,4413,26,/media/project0/yimin/lacam_tapf_itacbs_data/Paper_symbotic_39_37_gp_5/symbotic_agents_130_test_3.yaml,h,1.5,0,1,52,15414,15362,15362,0,1,146,,,lacam_focal_h,1,130,,15361,1832335,14,136267,9197,focal,focal,3,5389,4413,146,4413,1,lacam_tapf,1,,exp1,4419,107223,1832335,10.0,0,1,1,1,9.337002515792847
1,17,5468,10,102.208,Paper_symbotic_39_37_gp_5/symbotic_agents_150_test_8,1,0,22692,6851,0,0,24,10,4817,22,/media/project0/yimin/lacam_tapf_itacbs_data/Paper_symbotic_39_37_gp_5/symbotic_agents_150_test_8.yaml,h,1.5,0,1,1384,6886,5468,5468,0,1,96,,,lacam_dfs,1,150,,97,990311,21,3486,9059,dfs,dfs,8,5441,4815,96,4815,1,lacam_tapf,1,,exp1,4827,936,990311,10.0,0,1,1,1,9.130460739135742
1,1,13096,6,1237.68,Paper_symbotic_39_37_gp_5/symbotic_agents_130_test_6,1,0,56312,13216,0,0,12,6,4826,28,/media/project0/yimin/lacam_tapf_itacbs_data/Paper_symbotic_39_37_gp_5/symbotic_agents_130_test_6.yaml,h,1.5,0,1,121,13217,13096,13096,0,1,155,,,lacam_focal_h,1,130,,13095,1591532,14,210766,9184,focal,focal,6,6116,4826,155,4826,1,lacam_tapf,1,,exp1,4827,52513,1591532,10.0,0,1,1,1,9.317148447036743
1,6,4701,4,101.347,Paper_symbotic_39_37_gp_5/symbotic_agents_150_test_2,1,49179,261610,54969,0,0,11,4,5230,23,/media/project0/yimin/lacam_tapf_itacbs_data/Paper_symbotic_39_37_gp_5/symbotic_agents_150_test_2.yaml,h,1.5,0,1,1090,54983,4701,4701,0,1,93,,,lacam_dfs,1,150,,94,820587,33,7162,9062,dfs,dfs,2,6310,5229,93,5229,1,lacam_tapf,1,,exp1,5229,275,820587,10.0,0,1,1,1,9.165092706680298
1,1,6443,9,128.419,Paper_symbotic_39_37_gp_5/symbotic_agents_140_test_17,1,44761,173202,51978,0,0,19,9,5203,23,/media/project0/yimin/lacam_tapf_itacbs_data/Paper_symbotic_39_37_gp_5/symbotic_agents_140_test_17.yaml,h,1.5,0,1,775,51996,6443,6443,0,1,115,,,lacam_dfs,1,140,,116,955859,8,2162,9086,dfs,dfs,17,6290,5203,115,5203,1,lacam_tapf,1,,exp1,5329,323,955859,10.0,0,1,1,1,9.18535852432251
1,1,8220,7,797.398,Paper_symbotic_39_37_gp_5/symbotic_agents_140_test_4,1,7320,62070,15763,0,0,19,7,5276,23,/media/project0/yimin/lacam_tapf_itacbs_data/Paper_symbotic_39_37_gp_5/symbotic_agents_140_test_4.yaml,h,1.5,0,1,224,15764,8220,8220,0,1,109,,,lacam_focal_h,1,140,,8220,1438269,22048,188973,9112,focal,focal,4,6319,5276,109,5276,1,lacam_tapf,1,,exp1,5286,176913,1438269,10.0,0,1,1,1,9.228791952133179
1,1,8550,2110,723.388,Paper_symbotic_39_37_gp_5/symbotic_agents_140_test_14,1,1941,34289,10838,0,0,50,23,6099,37,/media/project0/yimin/lacam_tapf_itacbs_data/Paper_symbotic_39_37_gp_5/symbotic_agents_140_test_14.yaml,h,1.5,0,1,348,10839,8550,8550,0,1,256,,,lacam_focal_h,1,140,,8550,1185691,15560,134043,9105,focal,focal,14,8103,6099,256,6099,1,lacam_tapf,1,,exp1,6128,59771,1185691,10.0,0,1,1,1,9.197043180465698
1,1,12097,4,762.315,Paper_symbotic_39_37_gp_5/symbotic_agents_130_test_14,1,5158,53292,17495,0,0,9,4,4418,25,/media/project0/yimin/lacam_tapf_itacbs_data/Paper_symbotic_39_37_gp_5/symbotic_agents_130_test_14.yaml,h,1.5,0,1,241,17496,12097,12097,0,1,132,,,lacam_focal_h,1,130,,12097,1451414,3087,68966,9167,focal,focal,14,5288,4418,132,4418,1,lacam_tapf,1,,exp1,4427,115025,1451414,10.0,0,1,1,1,9.296097040176392
1,1,11569,4,810.945,Paper_symbotic_39_37_gp_5/symbotic_agents_140_test_0,1,0,38355,11747,0,0,11,4,4251,17,/media/project0/yimin/lacam_tapf_itacbs_data/Paper_symbotic_39_37_gp_5/symbotic_agents_140_test_0.yaml,h,1.5,0,1,179,11748,11569,11569,0,1,82,,,lacam_focal_h,1,140,,11568,1512461,19,119935,9146,focal,focal,0,4967,4251,82,4251,1,lacam_tapf,1,,exp1,4251,70125,1512461,10.0,0,1,1,1,9.267597198486328
1,1,8847,3514,946.445,Paper_symbotic_39_37_gp_5/symbotic_agents_140_test_12,1,1874,44518,10927,0,0,18,8,5005,21,/media/project0/yimin/lacam_tapf_itacbs_data/Paper_symbotic_39_37_gp_5/symbotic_agents_140_test_12.yaml,h,1.5,0,1,207,10928,8847,8847,0,1,119,,,lacam_focal_h,1,140,,8847,1321168,10837,132595,9127,focal,focal,12,5719,5005,119,5005,1,lacam_tapf,1,,exp1,5008,74051,1321168,10.0,0,1,1,1,9.226074695587158
1,1,9818,8,963.239,Paper_symbotic_39_37_gp_5/symbotic_agents_140_test_11,1,3980,61978,13931,0,0,18,8,4941,17,/media/project0/yimin/lacam_tapf_itacbs_data/Paper_symbotic_39_37_gp_5/symbotic_agents_140_test_11.yaml,h,1.5,0,1,134,13932,9818,9818,0,1,105,,,lacam_focal_h,1,140,,9817,1425000,7971,108171,9116,focal,focal,11,5942,4941,105,4941,1,lacam_tapf,1,,exp1,5016,106903,1425000,10.0,0,1,1,1,9.2279953956604
1,1,4832,7,120.392,Paper_symbotic_39_37_gp_5/symbotic_agents_150_test_7,1,53653,224468,59427,0,0,16,7,6419,49,/media/project0/yimin/lacam_tapf_itacbs_data/Paper_symbotic_39_37_gp_5/symbotic_agents_150_test_7.yaml,h,1.5,0,1,943,59443,4832,4832,0,1,244,,,lacam_dfs,1,150,,245,824100,103,1725,9058,dfs,dfs,7,8408,6419,244,6419,1,lacam_tapf,1,,exp1,6428,464,824100,10.0,0,1,1,1,9.164765357971191
1,1,7412,10,676.606,Paper_symbotic_39_37_gp_5/symbotic_agents_140_test_10,1,42998,248733,50452,0,0,23,10,6152,37,/media/project0/yimin/lacam_tapf_itacbs_data/Paper_symbotic_39_37_gp_5/symbotic_agents_140_test_10.yaml,h,1.5,0,1,43,50453,7412,7412,0,1,246,,,lacam_focal_h,1,140,,7411,1992251,38600,192425,9103,focal,focal,10,7149,6152,246,6152,1,lacam_tapf,1,,exp1,6160,187716,1992251,10.0,0,1,1,1,9.237235307693481
1,1,7786,8,1035.45,Paper_symbotic_39_37_gp_5/symbotic_agents_150_test_6,1,2,35349,8142,0,0,20,8,5639,30,/media/project0/yimin/lacam_tapf_itacbs_data/Paper_symbotic_39_37_gp_5/symbotic_agents_150_test_6.yaml,h,1.5,0,1,355,8143,7786,7786,0,1,146,,,lacam_focal_h,1,150,,7786,1129938,38,102548,9082,focal,focal,6,6909,5639,146,5639,1,lacam_tapf,1,,exp1,5679,69652,1129938,10.0,0,1,1,1,9.173951625823975
1,1,11046,734,1130.94,Paper_symbotic_39_37_gp_5/symbotic_agents_140_test_9,1,0,42566,11223,0,0,14,6,5137,31,/media/project0/yimin/lacam_tapf_itacbs_data/Paper_symbotic_39_37_gp_5/symbotic_agents_140_test_9.yaml,h,1.5,0,1,178,11224,11046,11046,0,1,142,,,lacam_focal_h,1,140,,11045,1436881,5,181645,9124,focal,focal,9,6285,5137,142,5137,1,lacam_tapf,1,,exp1,5161,110922,1436881,10.0,0,1,1,1,9.246981620788574
1,1,12098,11,1077.09,Paper_symbotic_39_37_gp_5/symbotic_agents_140_test_2,1,5898,65745,18051,0,0,27,11,5602,39,/media/project0/yimin/lacam_tapf_itacbs_data/Paper_symbotic_39_37_gp_5/symbotic_agents_140_test_2.yaml,h,1.5,0,1,56,18052,12098,12098,0,1,221,,,lacam_focal_h,1,140,,12097,1865903,5915,225339,9138,focal,focal,2,7212,5602,221,5602,1,lacam_tapf,1,,exp1,5733,131094,1865903,10.0,0,1,1,1,9.273765802383423
1,1,14660,5,842.645,Paper_symbotic_39_37_gp_5/symbotic_agents_130_test_11,1,0,53905,14706,0,0,12,5,4618,20,/media/project0/yimin/lacam_tapf_itacbs_data/Paper_symbotic_39_37_gp_5/symbotic_agents_130_test_11.yaml,h,1.5,0,1,47,14707,14660,14660,0,1,152,,,lacam_focal_h,1,130,,14659,1764907,18,126838,9182,focal,focal,11,6029,4618,152,4618,1,lacam_tapf,1,,exp1,4628,58481,1764907,10.0,0,1,1,1,9.341252565383911
1,1,12241,4,915.966,Paper_symbotic_39_37_gp_5/symbotic_agents_130_test_18,1,20462,130773,32715,0,0,9,4,5537,19,/media/project0/yimin/lacam_tapf_itacbs_data/Paper_symbotic_39_37_gp_5/symbotic_agents_130_test_18.yaml,h,1.5,0,1,13,32716,12241,12241,0,1,151,,,lacam_focal_h,1,130,,12241,2046697,29009,313351,9160,focal,focal,18,6461,5537,151,5537,1,lacam_tapf,1,,exp1,5537,215521,2046697,10.0,0,1,1,1,9.298503160476685
1,1,8716,714,1048.03,Paper_symbotic_39_37_gp_5/symbotic_agents_150_test_3,1,12065,83561,20981,0,0,29,12,6491,48,/media/project0/yimin/lacam_tapf_itacbs_data/Paper_symbotic_39_37_gp_5/symbotic_agents_150_test_3.yaml,h,1.5,0,1,201,20982,8716,8716,0,1,240,,,lacam_focal_h,1,150,,8716,1512298,4505,212161,9095,focal,focal,3,7994,6491,240,6491,1,lacam_tapf,1,,exp1,6538,59709,1512298,10.0,0,1,1,1,9.204035758972168
1,1,14664,10,1196.55,Paper_symbotic_39_37_gp_5/symbotic_agents_130_test_17,1,406,73741,15074,0,0,27,10,4460,19,/media/project0/yimin/lacam_tapf_itacbs_data/Paper_symbotic_39_37_gp_5/symbotic_agents_130_test_17.yaml,h,1.5,0,1,5,15075,14664,14664,0,1,102,,,lacam_focal_h,1,130,,14663,1752987,417,146566,9164,focal,focal,17,5501,4460,102,4460,1,lacam_tapf,1,,exp1,4535,122874,1752987,10.0,0,1,1,1,9.30862045288086
1,1,9116,4,810.113,Paper_symbotic_39_37_gp_5/symbotic_agents_150_test_4,1,0,45374,9413,0,0,9,4,4962,24,/media/project0/yimin/lacam_tapf_itacbs_data/Paper_symbotic_39_37_gp_5/symbotic_agents_150_test_4.yaml,h,1.5,0,1,298,9414,9116,9116,0,1,117,,,lacam_focal_h,1,150,,9116,1344042,9311,76093,9093,focal,focal,4,5914,4962,117,4962,1,lacam_tapf,1,,exp1,4966,46812,1344042,10.0,0,1,1,1,9.193804025650024
1,1,15710,2325,1698.42,Paper_symbotic_39_37_gp_5/symbotic_agents_130_test_5,1,0,69703,15721,0,0,19,8,6095,40,/media/project0/yimin/lacam_tapf_itacbs_data/Paper_symbotic_39_37_gp_5/symbotic_agents_130_test_5.yaml,h,1.5,0,1,12,15722,15710,15710,0,1,223,,,lacam_focal_h,1,130,,15709,1889523,46524,286079,9209,focal,focal,5,8093,6095,223,6095,1,lacam_tapf,1,,exp1,6209,77842,1889523,10.0,0,1,1,1,9.377357721328735
1,1,14445,8,1126.99,Paper_symbotic_39_37_gp_5/symbotic_agents_130_test_12,1,1201,56811,15656,0,0,18,8,4650,21,/media/project0/yimin/lacam_tapf_itacbs_data/Paper_symbotic_39_37_gp_5/symbotic_agents_130_test_12.yaml,h,1.5,0,1,11,15657,14445,14445,0,1,120,,,lacam_focal_h,1,130,,14444,1723298,691,122735,9207,focal,focal,12,5573,4650,120,4650,1,lacam_tapf,1,,exp1,4662,92641,1723298,10.0,0,1,1,1,9.347866296768188
1,1,15127,7,1125.21,Paper_symbotic_39_37_gp_5/symbotic_agents_130_test_7,1,0,48705,15171,0,0,17,7,3811,17,/media/project0/yimin/lacam_tapf_itacbs_data/Paper_symbotic_39_37_gp_5/symbotic_agents_130_test_7.yaml,h,1.5,0,1,45,15172,15127,15127,0,1,77,,,lacam_focal_h,1,130,,15126,1804455,2290,135335,9233,focal,focal,7,4539,3811,77,3811,1,lacam_tapf,1,,exp1,3844,79663,1804455,10.0,0,1,1,1,9.37356448173523
1,1,11830,2577,1450.9,Paper_symbotic_39_37_gp_5/symbotic_agents_140_test_13,1,7440,89913,19287,0,0,7,3,5134,21,/media/project0/yimin/lacam_tapf_itacbs_data/Paper_symbotic_39_37_gp_5/symbotic_agents_140_test_13.yaml,h,1.5,0,1,18,19288,11830,11830,0,1,102,,,lacam_focal_h,1,140,,11829,1724028,10493,249243,9133,focal,focal,13,6157,5134,102,5134,1,lacam_tapf,1,,exp1,5134,64213,1724028,10.0,0,1,1,1,9.253544569015503
1,1,13325,13,1028.17,Paper_symbotic_39_37_gp_5/symbotic_agents_140_test_3,1,9891,100499,23219,0,0,31,13,5572,23,/media/project0/yimin/lacam_tapf_itacbs_data/Paper_symbotic_39_37_gp_5/symbotic_agents_140_test_3.yaml,h,1.5,0,1,4,23220,13325,13325,0,1,154,,,lacam_focal_h,1,140,,13325,1982703,25226,308024,9155,focal,focal,3,7351,5572,154,5572,1,lacam_tapf,1,,exp1,5694,97956,1982703,10.0,0,1,1,1,9.284641742706299
1,1,13324,5,1259.34,Paper_symbotic_39_37_gp_5/symbotic_agents_140_test_6,1,0,57025,13367,0,0,6,3,4577,20,/media/project0/yimin/lacam_tapf_itacbs_data/Paper_symbotic_39_37_gp_5/symbotic_agents_140_test_6.yaml,h,1.5,0,1,44,13368,13324,13324,0,1,97,,,lacam_focal_h,1,140,,13323,1780157,24,151132,9160,focal,focal,6,5646,4577,97,4577,1,lacam_tapf,1,,exp1,4577,40035,1780157,10.0,0,1,1,1,9.279226064682007
1,1,13363,1455,1484.77,Paper_symbotic_39_37_gp_5/symbotic_agents_140_test_17,1,0,49287,13421,0,0,19,9,5203,23,/media/project0/yimin/lacam_tapf_itacbs_data/Paper_symbotic_39_37_gp_5/symbotic_agents_140_test_17.yaml,h,1.5,0,1,59,13422,13363,13363,0,1,115,,,lacam_focal_h,1,140,,13362,1759120,8,226604,9136,focal,focal,17,6290,5203,115,5203,1,lacam_tapf,1,,exp1,5329,84153,1759120,10.0,0,1,1,1,9.246808052062988
1,1,13235,8,1425.01,Paper_symbotic_39_37_gp_5/symbotic_agents_140_test_19,1,6927,87666,20170,0,0,22,8,5284,19,/media/project0/yimin/lacam_tapf_itacbs_data/Paper_symbotic_39_37_gp_5/symbotic_agents_140_test_19.yaml,h,1.5,0,1,9,20171,13235,13235,0,1,105,,,lacam_focal_h,1,140,,13234,2159341,26402,218798,9126,focal,focal,19,6362,5284,105,5284,1,lacam_tapf,1,,exp1,5329,137354,2159341,10.0,0,1,1,1,9.23930311203003
1,1,14987,12,1511.32,Paper_symbotic_39_37_gp_5/symbotic_agents_140_test_8,1,789,60915,15776,0,0,27,12,6261,25,/media/project0/yimin/lacam_tapf_itacbs_data/Paper_symbotic_39_37_gp_5/symbotic_agents_140_test_8.yaml,h,1.5,0,1,1,15777,14987,14987,0,1,148,,,lacam_focal_h,1,140,,14986,1940823,1302,259683,9156,focal,focal,8,7844,6261,148,6261,1,lacam_tapf,1,,exp1,6456,156746,1940823,10.0,0,1,1,1,9.274414300918579
1,1,12141,2412,1569.05,Paper_symbotic_39_37_gp_5/symbotic_agents_140_test_16,1,0,57868,12161,0,0,42,14,5820,31,/media/project0/yimin/lacam_tapf_itacbs_data/Paper_symbotic_39_37_gp_5/symbotic_agents_140_test_16.yaml,h,1.5,0,1,21,12162,12141,12141,0,1,173,,,lacam_focal_h,1,140,,12141,1613649,16,232336,9153,focal,focal,16,7197,5820,173,5820,1,lacam_tapf,1,,exp1,5855,84330,1613649,10.0,0,1,1,1,9.249147176742554
1,1,12263,9753,1623.51,Paper_symbotic_39_37_gp_5/symbotic_agents_150_test_0,1,3111,76592,15407,0,0,42,17,6906,38,/media/project0/yimin/lacam_tapf_itacbs_data/Paper_symbotic_39_37_gp_5/symbotic_agents_150_test_0.yaml,h,1.5,0,1,34,15408,12263,12263,0,1,199,,,lacam_focal_h,1,150,,12262,1906513,25230,314639,9131,focal,focal,0,9108,6906,199,6906,1,lacam_tapf,1,,exp1,7041,85440,1906513,10.0,0,1,1,1,9.238825559616089
1,1,12294,9,1859.61,Paper_symbotic_39_37_gp_5/symbotic_agents_150_test_5,1,5358,86999,17655,0,0,24,9,5710,29,/media/project0/yimin/lacam_tapf_itacbs_data/Paper_symbotic_39_37_gp_5/symbotic_agents_150_test_5.yaml,h,1.5,0,1,4,17656,12294,12294,0,1,113,,,lacam_focal_h,1,150,,12294,1954996,10045,302837,9100,focal,focal,5,6904,5710,113,5710,1,lacam_tapf,1,,exp1,5713,204711,1954996,10.0,0,1,1,1,9.205653190612793
1,1,13447,7,1433.05,Paper_symbotic_39_37_gp_5/symbotic_agents_150_test_7,1,1144,64606,14606,0,0,16,7,6419,45,/media/project0/yimin/lacam_tapf_itacbs_data/Paper_symbotic_39_37_gp_5/symbotic_agents_150_test_7.yaml,h,1.5,0,1,16,14607,13447,13447,0,1,244,,,lacam_focal_h,1,150,,13446,1888518,32,128764,9097,focal,focal,7,8408,6419,244,6419,1,lacam_tapf,1,,exp1,6428,93261,1888518,10.0,0,1,1,1,9.203658103942871
1,1,14423,7773,1964.85,Paper_symbotic_39_37_gp_5/symbotic_agents_150_test_1,1,0,68757,14422,0,0,22,10,5912,30,/media/project0/yimin/lacam_tapf_itacbs_data/Paper_symbotic_39_37_gp_5/symbotic_agents_150_test_1.yaml,h,1.5,0,1,0,14423,14423,14423,0,1,141,,,lacam_focal_h,1,150,,14422,2039420,14309,278641,9123,focal,focal,1,7232,5912,141,5912,1,lacam_tapf,1,,exp1,5983,100306,2039420,10.0,0,1,1,1,9.232580661773682
1,1,14252,6187,1698.35,Paper_symbotic_39_37_gp_5/symbotic_agents_150_test_2,1,5670,97966,19921,0,0,11,4,5230,24,/media/project0/yimin/lacam_tapf_itacbs_data/Paper_symbotic_39_37_gp_5/symbotic_agents_150_test_2.yaml,h,1.5,0,1,0,19922,14252,14252,0,1,93,,,lacam_focal_h,1,150,,14251,1969544,33,233847,9124,focal,focal,2,6311,5230,93,5230,1,lacam_tapf,1,,exp1,5230,104026,1969544,10.0,0,1,1,1,9.232522010803223
1,1,15038,4,1411.33,Paper_symbotic_39_37_gp_5/symbotic_agents_140_test_5,1,0,53169,15044,0,0,8,4,5214,20,/media/project0/yimin/lacam_tapf_itacbs_data/Paper_symbotic_39_37_gp_5/symbotic_agents_140_test_5.yaml,h,1.5,0,1,7,15045,15038,15038,0,1,124,,,lacam_focal_h,1,140,,15037,1942915,9,190941,9168,focal,focal,5,6155,5214,124,5214,1,lacam_tapf,1,,exp1,5214,104721,1942915,10.0,0,1,1,1,9.288643836975098
1,1,4599,8,93.4712,Paper_symbotic_39_37_gp_5/symbotic_agents_150_test_9,1,16595,72181,22215,0,0,18,8,5625,39,/media/project0/yimin/lacam_tapf_itacbs_data/Paper_symbotic_39_37_gp_5/symbotic_agents_150_test_9.yaml,h,1.5,0,1,1022,22228,4599,4599,0,1,139,,,lacam_dfs,1,150,,140,954098,1317,1927,9088,dfs,dfs,9,6695,5625,139,5625,1,lacam_tapf,1,,exp1,5625,398,954098,10.0,0,1,1,1,9.153800010681152
1,15,3521,8,79.2515,Paper_symbotic_39_37_gp_5/symbotic_agents_150_test_11,1,2899,25669,7884,0,0,25,8,5476,36,/media/project0/yimin/lacam_tapf_itacbs_data/Paper_symbotic_39_37_gp_5/symbotic_agents_150_test_11.yaml,h,1.5,0,1,1465,7920,3521,3521,0,1,153,,,lacam_dfs,1,150,,154,715844,27,1348,9066,dfs,dfs,11,7368,5474,153,5474,1,lacam_tapf,1,,exp1,5484,349,715844,10.0,0,1,1,1,9.12605357170105
1,1,4333,14,78.9169,Paper_symbotic_39_37_gp_5/symbotic_agents_150_test_14,1,12405,65948,17924,0,0,33,14,5791,30,/media/project0/yimin/lacam_tapf_itacbs_data/Paper_symbotic_39_37_gp_5/symbotic_agents_150_test_14.yaml,h,1.5,0,1,1187,17937,4333,4333,0,1,184,,,lacam_dfs,1,150,,185,793795,11,1638,9076,dfs,dfs,14,7139,5791,184,5791,1,lacam_tapf,1,,exp1,5811,394,793795,10.0,0,1,1,1,9.134360313415527
1,1,3815,9,89.2289,Paper_symbotic_39_37_gp_5/symbotic_agents_150_test_10,1,182329,614895,187739,0,0,18,9,6943,49,/media/project0/yimin/lacam_tapf_itacbs_data/Paper_symbotic_39_37_gp_5/symbotic_agents_150_test_10.yaml,h,1.5,0,1,1596,187749,3815,3815,0,1,278,,,lacam_dfs,1,150,,279,1122065,3267,2194,9079,dfs,dfs,10,9591,6943,278,6943,1,lacam_tapf,1,,exp1,6951,1123,1122065,10.0,0,1,1,1,9.167243719100952
1,1,3217,15,74.1489,Paper_symbotic_39_37_gp_5/symbotic_agents_150_test_16,1,616,16231,5301,0,0,39,15,6794,57,/media/project0/yimin/lacam_tapf_itacbs_data/Paper_symbotic_39_37_gp_5/symbotic_agents_150_test_16.yaml,h,1.5,0,1,1469,5305,3217,3217,0,1,239,,,lacam_dfs,1,150,,240,719177,654,2981,9064,dfs,dfs,16,8760,6794,239,6794,1,lacam_tapf,1,,exp1,6807,537,719177,10.0,0,1,1,1,9.125892400741577
1,13,4289,15,91.1303,Paper_symbotic_39_37_gp_5/symbotic_agents_150_test_12,1,15803,76135,21391,0,0,35,15,6080,35,/media/project0/yimin/lacam_tapf_itacbs_data/Paper_symbotic_39_37_gp_5/symbotic_agents_150_test_12.yaml,h,1.5,0,1,1300,21420,4289,4289,0,2,180,,,lacam_dfs,1,150,,181,800354,703,2289,9083,dfs,dfs,12,7521,6076,180,6076,1,lacam_tapf,1,,exp1,6157,444,800354,10.0,0,1,1,1,9.15462851524353
1,1,4339,8,68.6363,Paper_symbotic_39_37_gp_5/symbotic_agents_150_test_15,1,11593,61202,17268,0,0,20,8,4930,26,/media/project0/yimin/lacam_tapf_itacbs_data/Paper_symbotic_39_37_gp_5/symbotic_agents_150_test_15.yaml,h,1.5,0,1,1337,17285,4339,4339,0,1,133,,,lacam_dfs,1,150,,134,862005,1312,1209,9087,dfs,dfs,15,5990,4930,133,4930,1,lacam_tapf,1,,exp1,4939,279,862005,10.0,0,1,1,1,9.143791437149048
1,1,5219,9,105.673,Paper_symbotic_39_37_gp_5/symbotic_agents_150_test_13,1,93559,325977,99971,0,0,21,9,7395,40,/media/project0/yimin/lacam_tapf_itacbs_data/Paper_symbotic_39_37_gp_5/symbotic_agents_150_test_13.yaml,h,1.5,0,1,1194,99985,5219,5219,0,1,193,,,lacam_dfs,1,150,,194,908417,33,2862,9085,dfs,dfs,13,9389,7395,193,7395,1,lacam_tapf,1,,exp1,7449,559,908417,10.0,0,1,1,1,9.162514925003052
1,1,5209,4,107.541,Paper_symbotic_39_37_gp_5/symbotic_agents_150_test_18,1,9996,64649,16294,0,0,9,4,7134,49,/media/project0/yimin/lacam_tapf_itacbs_data/Paper_symbotic_39_37_gp_5/symbotic_agents_150_test_18.yaml,h,1.5,0,1,1090,16301,5209,5209,0,1,281,,,lacam_dfs,1,150,,282,903793,56,1956,9083,dfs,dfs,18,9435,7134,281,7134,1,lacam_tapf,1,,exp1,7168,612,903793,10.0,0,1,1,1,9.128511667251587
1,1,10395,10,782.54,Paper_symbotic_39_37_gp_5/symbotic_agents_150_test_8,1,1512,43197,12087,0,0,24,10,4817,31,/media/project0/yimin/lacam_tapf_itacbs_data/Paper_symbotic_39_37_gp_5/symbotic_agents_150_test_8.yaml,h,1.5,0,1,181,12088,10395,10395,0,1,96,,,lacam_focal_h,1,150,,10394,1476262,21,55850,9160,focal,focal,8,5443,4817,96,4817,1,lacam_tapf,1,,exp1,4829,52634,1476262,10.0,0,1,1,1,9.236457586288452
1,1,3271,8,82.0266,Paper_symbotic_39_37_gp_5/symbotic_agents_160_test_2,1,16884,65538,21714,0,0,18,8,7502,30,/media/project0/yimin/lacam_tapf_itacbs_data/Paper_symbotic_39_37_gp_5/symbotic_agents_160_test_2.yaml,h,1.5,0,1,1560,21733,3271,3271,0,1,157,,,lacam_dfs,1,160,,158,739897,21,1954,9057,dfs,dfs,2,9505,7502,157,7502,1,lacam_tapf,1,,exp1,7512,550,739897,10.0,0,1,1,1,9.108359098434448
1,1,3528,10,89.0435,Paper_symbotic_39_37_gp_5/symbotic_agents_160_test_5,1,19199,75259,24136,0,0,26,10,6919,28,/media/project0/yimin/lacam_tapf_itacbs_data/Paper_symbotic_39_37_gp_5/symbotic_agents_160_test_5.yaml,h,1.5,0,1,1410,24140,3528,3528,0,1,122,,,lacam_dfs,1,160,,123,754250,56,1960,9050,dfs,dfs,5,8387,6919,122,6919,1,lacam_tapf,1,,exp1,6934,468,754250,10.0,0,1,1,1,9.092563390731812
1,1,5001,13,99.3793,Paper_symbotic_39_37_gp_5/symbotic_agents_150_test_17,1,10435,67683,16993,0,0,36,13,7720,50,/media/project0/yimin/lacam_tapf_itacbs_data/Paper_symbotic_39_37_gp_5/symbotic_agents_150_test_17.yaml,h,1.5,0,1,1558,17004,5001,5001,0,1,241,,,lacam_dfs,1,150,,242,937566,27,2781,9083,dfs,dfs,17,10121,7720,241,7720,1,lacam_tapf,1,,exp1,7721,634,937566,10.0,0,1,1,1,9.155077934265137
1,1,3206,9,67.758,Paper_symbotic_39_37_gp_5/symbotic_agents_160_test_8,1,6006,41997,10847,0,0,20,9,6238,29,/media/project0/yimin/lacam_tapf_itacbs_data/Paper_symbotic_39_37_gp_5/symbotic_agents_160_test_8.yaml,h,1.5,0,1,1636,10864,3206,3206,0,1,115,,,lacam_dfs,1,160,,116,742372,33,2353,9044,dfs,dfs,8,7662,6238,115,6238,1,lacam_tapf,1,,exp1,6249,351,742372,10.0,0,1,1,1,9.082869529724121
1,1,4572,9,99.5545,Paper_symbotic_39_37_gp_5/symbotic_agents_160_test_1,1,13964,63667,19556,0,0,26,9,6262,35,/media/project0/yimin/lacam_tapf_itacbs_data/Paper_symbotic_39_37_gp_5/symbotic_agents_160_test_1.yaml,h,1.5,0,1,1021,19574,4572,4572,0,1,162,,,lacam_dfs,1,160,,163,858306,52,3170,9074,dfs,dfs,1,7900,6262,162,6262,1,lacam_tapf,1,,exp1,6262,358,858306,10.0,0,1,1,1,9.130793333053589
1,1,5153,11,139.733,Paper_symbotic_39_37_gp_5/symbotic_agents_160_test_0,1,19782,77185,25712,0,0,24,11,6222,21,/media/project0/yimin/lacam_tapf_itacbs_data/Paper_symbotic_39_37_gp_5/symbotic_agents_160_test_0.yaml,h,1.5,0,1,778,25731,5153,5153,0,1,105,,,lacam_dfs,1,160,,106,899655,29,9636,9078,dfs,dfs,0,7528,6222,105,6222,1,lacam_tapf,1,,exp1,6328,6185,899655,10.0,0,1,1,1,9.130911350250244
1,1,3937,5,81.3177,Paper_symbotic_39_37_gp_5/symbotic_agents_160_test_6,1,36213,133212,41533,0,0,14,5,6282,30,/media/project0/yimin/lacam_tapf_itacbs_data/Paper_symbotic_39_37_gp_5/symbotic_agents_160_test_6.yaml,h,1.5,0,1,1384,41544,3937,3937,0,1,142,,,lacam_dfs,1,160,,143,830505,199,1636,9056,dfs,dfs,6,7087,6282,142,6282,1,lacam_tapf,1,,exp1,6283,327,830505,10.0,0,1,1,1,9.104736566543579
1,11,3562,13,97.3058,Paper_symbotic_39_37_gp_5/symbotic_agents_150_test_19,1,158029,501741,163092,0,0,30,13,6268,21,/media/project0/yimin/lacam_tapf_itacbs_data/Paper_symbotic_39_37_gp_5/symbotic_agents_150_test_19.yaml,h,1.5,0,1,1502,163115,3562,3562,0,1,112,,,lacam_dfs,1,150,,113,714135,210,10498,9081,dfs,dfs,19,7853,6266,112,6266,1,lacam_tapf,1,,exp1,6272,436,714135,10.0,0,1,1,1,9.164004802703857
1,1,9710,3214,1119.19,Paper_symbotic_39_37_gp_5/symbotic_agents_150_test_12,1,0,38016,9906,0,0,33,14,6080,37,/media/project0/yimin/lacam_tapf_itacbs_data/Paper_symbotic_39_37_gp_5/symbotic_agents_150_test_12.yaml,h,1.5,0,1,197,9907,9710,9710,0,1,180,,,lacam_focal_h,1,150,,9709,1402448,39,136710,9147,focal,focal,12,7527,6080,180,6080,1,lacam_tapf,1,,exp1,6147,41113,1402448,10.0,0,1,1,1,9.215433359146118
1,1,4655,9,75.4344,Paper_symbotic_39_37_gp_5/symbotic_agents_160_test_7,1,10596,54528,16639,0,0,20,9,6249,28,/media/project0/yimin/lacam_tapf_itacbs_data/Paper_symbotic_39_37_gp_5/symbotic_agents_160_test_7.yaml,h,1.5,0,1,1389,16654,4655,4655,0,1,121,,,lacam_dfs,1,160,,122,926897,35,1664,9072,dfs,dfs,7,7611,6249,121,6249,1,lacam_tapf,1,,exp1,6249,386,926897,10.0,0,1,1,1,9.11344861984253
1,1,12401,2399,1678.01,Paper_symbotic_39_37_gp_5/symbotic_agents_150_test_11,1,0,55753,12414,0,0,25,8,5476,35,/media/project0/yimin/lacam_tapf_itacbs_data/Paper_symbotic_39_37_gp_5/symbotic_agents_150_test_11.yaml,h,1.5,0,1,14,12415,12401,12401,0,1,153,,,lacam_focal_h,1,150,,12400,1729519,5442,203159,9166,focal,focal,11,7374,5476,153,5476,1,lacam_tapf,1,,exp1,5486,69425,1729519,10.0,0,1,1,1,9.233567237854004
1,1,13023,9,1522.35,Paper_symbotic_39_37_gp_5/symbotic_agents_150_test_10,1,5082,57897,18180,0,0,18,9,6943,46,/media/project0/yimin/lacam_tapf_itacbs_data/Paper_symbotic_39_37_gp_5/symbotic_agents_150_test_10.yaml,h,1.5,0,1,76,18181,13023,13023,0,1,278,,,lacam_focal_h,1,150,,13022,1973626,4615,358637,9171,focal,focal,10,9591,6943,278,6943,1,lacam_tapf,1,,exp1,6951,143019,1973626,10.0,0,1,1,1,9.252157926559448
1,1,5136,19,121.849,Paper_symbotic_39_37_gp_5/symbotic_agents_160_test_4,1,20065,95437,26802,0,0,45,19,7023,49,/media/project0/yimin/lacam_tapf_itacbs_data/Paper_symbotic_39_37_gp_5/symbotic_agents_160_test_4.yaml,h,1.5,0,1,1602,26818,5136,5136,0,1,213,,,lacam_dfs,1,160,,214,1086566,539,3256,9086,dfs,dfs,4,9471,7023,213,7023,1,lacam_tapf,1,,exp1,7116,556,1086566,10.0,0,1,1,1,9.153164386749268
1,1,5264,9,99.6077,Paper_symbotic_39_37_gp_5/symbotic_agents_160_test_11,1,6358,46229,12568,0,0,20,9,7513,34,/media/project0/yimin/lacam_tapf_itacbs_data/Paper_symbotic_39_37_gp_5/symbotic_agents_160_test_11.yaml,h,1.5,0,1,947,12580,5264,5264,0,1,178,,,lacam_dfs,1,160,,179,958116,157,1997,9084,dfs,dfs,11,9122,7513,178,7513,1,lacam_tapf,1,,exp1,7545,512,958116,10.0,0,1,1,1,9.128434658050537
1,1,3738,17,94.8628,Paper_symbotic_39_37_gp_5/symbotic_agents_160_test_10,1,61248,226576,66705,0,0,48,17,6780,29,/media/project0/yimin/lacam_tapf_itacbs_data/Paper_symbotic_39_37_gp_5/symbotic_agents_160_test_10.yaml,h,1.5,0,1,1720,66720,3738,3738,0,1,147,,,lacam_dfs,1,160,,148,866011,1751,1882,9072,dfs,dfs,10,8550,6780,147,6780,1,lacam_tapf,1,,exp1,6815,407,866011,10.0,0,1,1,1,9.137046337127686
1,1,5589,9,137.766,Paper_symbotic_39_37_gp_5/symbotic_agents_160_test_3,1,42727,241965,49310,0,0,22,9,7512,32,/media/project0/yimin/lacam_tapf_itacbs_data/Paper_symbotic_39_37_gp_5/symbotic_agents_160_test_3.yaml,h,1.5,0,1,995,49328,5589,5589,0,1,145,,,lacam_dfs,1,160,,146,998581,24,6400,9113,dfs,dfs,3,9467,7512,145,7512,1,lacam_tapf,1,,exp1,7587,547,998581,10.0,0,1,1,1,9.184041976928711
1,1,4228,4,88.8099,Paper_symbotic_39_37_gp_5/symbotic_agents_160_test_12,1,1,18638,5466,0,0,10,4,7262,45,/media/project0/yimin/lacam_tapf_itacbs_data/Paper_symbotic_39_37_gp_5/symbotic_agents_160_test_12.yaml,h,1.5,0,1,1238,5471,4228,4228,0,1,191,,,lacam_dfs,1,160,,192,841929,53,3476,9065,dfs,dfs,12,9143,7262,191,7262,1,lacam_tapf,1,,exp1,7262,464,841929,10.0,0,1,1,1,9.12746810913086
1,1,5476,8,113.917,Paper_symbotic_39_37_gp_5/symbotic_agents_160_test_9,1,12273,60410,18837,0,0,22,8,5455,33,/media/project0/yimin/lacam_tapf_itacbs_data/Paper_symbotic_39_37_gp_5/symbotic_agents_160_test_9.yaml,h,1.5,0,1,1089,18855,5476,5476,0,1,140,,,lacam_dfs,1,160,,141,1144264,1587,5500,9096,dfs,dfs,9,6681,5455,140,5455,1,lacam_tapf,1,,exp1,5456,369,1144264,10.0,0,1,1,1,9.15377426147461
1,1,3690,6,76.7902,Paper_symbotic_39_37_gp_5/symbotic_agents_160_test_15,1,7759,47263,12825,0,0,17,6,8728,49,/media/project0/yimin/lacam_tapf_itacbs_data/Paper_symbotic_39_37_gp_5/symbotic_agents_160_test_15.yaml,h,1.5,0,1,1377,12831,3690,3690,0,1,337,,,lacam_dfs,1,160,,338,839881,2271,2445,9066,dfs,dfs,15,11457,8728,337,8728,1,lacam_tapf,1,,exp1,8749,745,839881,10.0,0,1,1,1,9.120113372802734
1,1,4036,20,96.6959,Paper_symbotic_39_37_gp_5/symbotic_agents_160_test_14,1,48683,173372,53948,0,0,47,20,9434,76,/media/project0/yimin/lacam_tapf_itacbs_data/Paper_symbotic_39_37_gp_5/symbotic_agents_160_test_14.yaml,h,1.5,0,1,1230,53960,4036,4036,0,1,415,,,lacam_dfs,1,160,,416,878266,2100,2968,9059,dfs,dfs,14,14050,9434,415,9434,1,lacam_tapf,1,,exp1,9603,707,878266,10.0,0,1,1,1,9.125011920928955
1,1,9415,4,1155.51,Paper_symbotic_39_37_gp_5/symbotic_agents_150_test_18,1,1010,50695,10627,0,0,9,4,7134,50,/media/project0/yimin/lacam_tapf_itacbs_data/Paper_symbotic_39_37_gp_5/symbotic_agents_150_test_18.yaml,h,1.5,0,1,203,10628,9415,9415,0,1,281,,,lacam_focal_h,1,150,,9414,1359797,56,123302,9151,focal,focal,18,9435,7134,281,7134,1,lacam_tapf,1,,exp1,7168,65884,1359797,10.0,0,1,1,1,9.248534679412842
1,1,3183,8,85.2363,Paper_symbotic_39_37_gp_5/symbotic_agents_170_test_0,1,8059,38550,12749,0,0,18,8,7768,40,/media/project0/yimin/lacam_tapf_itacbs_data/Paper_symbotic_39_37_gp_5/symbotic_agents_170_test_0.yaml,h,1.5,0,1,1508,12768,3183,3183,0,1,173,,,lacam_dfs,1,170,,174,764866,42,2237,9041,dfs,dfs,0,9866,7768,173,7768,1,lacam_tapf,1,,exp1,7768,417,764866,10.0,0,1,1,1,9.10029149055481
1,1,3127,9,77.4736,Paper_symbotic_39_37_gp_5/symbotic_agents_160_test_17,1,25834,135600,30554,0,0,21,9,5557,27,/media/project0/yimin/lacam_tapf_itacbs_data/Paper_symbotic_39_37_gp_5/symbotic_agents_160_test_17.yaml,h,1.5,0,1,1594,30572,3127,3127,0,1,113,,,lacam_dfs,1,160,,114,735059,170,4565,9057,dfs,dfs,17,6585,5557,113,5557,1,lacam_tapf,1,,exp1,5565,302,735059,10.0,0,1,1,1,9.126219987869263
1,1,11779,766,1365.8,Paper_symbotic_39_37_gp_5/symbotic_agents_150_test_17,1,2325,70119,14129,0,0,36,13,7720,43,/media/project0/yimin/lacam_tapf_itacbs_data/Paper_symbotic_39_37_gp_5/symbotic_agents_150_test_17.yaml,h,1.5,0,1,26,14130,11779,11779,0,1,241,,,lacam_focal_h,1,150,,11778,1767476,5408,258695,9168,focal,focal,17,10121,7720,241,7720,1,lacam_tapf,1,,exp1,7721,134873,1767476,10.0,0,1,1,1,9.267919063568115
1,1,3729,9,73.4034,Paper_symbotic_39_37_gp_5/symbotic_agents_160_test_18,1,10368,48200,15730,0,0,21,9,7499,38,/media/project0/yimin/lacam_tapf_itacbs_data/Paper_symbotic_39_37_gp_5/symbotic_agents_160_test_18.yaml,h,1.5,0,1,1634,15747,3729,3729,0,1,236,,,lacam_dfs,1,160,,237,823160,38,2086,9062,dfs,dfs,18,9729,7499,236,7499,1,lacam_tapf,1,,exp1,7542,626,823160,10.0,0,1,1,1,9.122906923294067
1,1,12366,11,1780.49,Paper_symbotic_39_37_gp_5/symbotic_agents_160_test_0,1,2918,56208,15285,0,0,24,11,6222,21,/media/project0/yimin/lacam_tapf_itacbs_data/Paper_symbotic_39_37_gp_5/symbotic_agents_160_test_0.yaml,h,1.5,0,1,2,15286,12366,12366,0,1,105,,,lacam_focal_h,1,160,,12365,2064027,11703,325510,9154,focal,focal,0,7528,6222,105,6222,1,lacam_tapf,1,,exp1,6328,134088,2064027,10.0,0,1,1,1,9.247864961624146
1,1,3562,10,78.8812,Paper_symbotic_39_37_gp_5/symbotic_agents_170_test_2,1,1,15978,5220,0,0,25,10,10796,63,/media/project0/yimin/lacam_tapf_itacbs_data/Paper_symbotic_39_37_gp_5/symbotic_agents_170_test_2.yaml,h,1.5,0,1,1658,5227,3562,3562,0,1,308,,,lacam_dfs,1,170,,309,852701,56,3373,9036,dfs,dfs,2,14539,10796,308,10796,1,lacam_tapf,1,,exp1,10809,949,852701,10.0,0,1,1,1,9.099267959594727
1,1,4977,8,93.024,Paper_symbotic_39_37_gp_5/symbotic_agents_160_test_19,1,10829,59129,17100,0,0,20,8,6006,26,/media/project0/yimin/lacam_tapf_itacbs_data/Paper_symbotic_39_37_gp_5/symbotic_agents_160_test_19.yaml,h,1.5,0,1,1295,17116,4977,4977,0,1,118,,,lacam_dfs,1,160,,119,963133,21,2079,9057,dfs,dfs,19,6994,6006,118,6006,1,lacam_tapf,1,,exp1,6010,400,963133,10.0,0,1,1,1,9.12921667098999
1,1,12324,9,1950.54,Paper_symbotic_39_37_gp_5/symbotic_agents_150_test_13,1,1968,71053,14292,0,0,21,9,7395,38,/media/project0/yimin/lacam_tapf_itacbs_data/Paper_symbotic_39_37_gp_5/symbotic_agents_150_test_13.yaml,h,1.5,0,1,1,14293,12324,12324,0,1,193,,,lacam_focal_h,1,150,,12323,1736117,26,386839,9195,focal,focal,13,9389,7395,193,7395,1,lacam_tapf,1,,exp1,7449,85476,1736117,10.0,0,1,1,1,9.322055101394653
1,1,12584,8,1631.41,Paper_symbotic_39_37_gp_5/symbotic_agents_150_test_9,1,0,52699,12606,0,0,18,8,5625,36,/media/project0/yimin/lacam_tapf_itacbs_data/Paper_symbotic_39_37_gp_5/symbotic_agents_150_test_9.yaml,h,1.5,0,1,23,12607,12584,12584,0,1,139,,,lacam_focal_h,1,150,,12583,1742971,21,209419,9212,focal,focal,9,6695,5625,139,5625,1,lacam_tapf,1,,exp1,5625,103151,1742971,10.0,0,1,1,1,9.336544036865234
1,1,7039,9,121.765,Paper_symbotic_39_37_gp_5/symbotic_agents_160_test_13,1,17835,95402,27817,0,0,22,9,5841,22,/media/project0/yimin/lacam_tapf_itacbs_data/Paper_symbotic_39_37_gp_5/symbotic_agents_160_test_13.yaml,h,1.5,0,1,2944,27829,7039,7039,0,1,109,,,lacam_dfs,1,160,,110,1668475,2297,4928,9095,dfs,dfs,13,6965,5841,109,5841,1,lacam_tapf,1,,exp1,5913,4187,1668475,10.0,0,1,1,1,9.185444355010986
1,1,12359,3240,1790.62,Paper_symbotic_39_37_gp_5/symbotic_agents_150_test_14,1,0,60578,12378,0,0,33,14,5791,31,/media/project0/yimin/lacam_tapf_itacbs_data/Paper_symbotic_39_37_gp_5/symbotic_agents_150_test_14.yaml,h,1.5,0,1,20,12379,12359,12359,0,1,184,,,lacam_focal_h,1,150,,12358,1690356,11,183892,9212,focal,focal,14,7139,5791,184,5791,1,lacam_tapf,1,,exp1,5811,97850,1690356,10.0,0,1,1,1,9.325547933578491
1,1,13625,15,1366.54,Paper_symbotic_39_37_gp_5/symbotic_agents_150_test_16,1,5,50751,13715,0,0,39,15,6794,45,/media/project0/yimin/lacam_tapf_itacbs_data/Paper_symbotic_39_37_gp_5/symbotic_agents_150_test_16.yaml,h,1.5,0,1,86,13716,13625,13625,0,1,239,,,lacam_focal_h,1,150,,13624,1942468,45,217577,9164,focal,focal,16,8760,6794,239,6794,1,lacam_tapf,1,,exp1,6807,134582,1942468,10.0,0,1,1,1,9.301907777786255
1,10,5070,12,105.095,Paper_symbotic_39_37_gp_5/symbotic_agents_160_test_16,1,27300,110922,33316,0,0,27,12,7784,40,/media/project0/yimin/lacam_tapf_itacbs_data/Paper_symbotic_39_37_gp_5/symbotic_agents_160_test_16.yaml,h,1.5,0,1,947,33335,5070,5070,0,1,190,,,lacam_dfs,1,160,,191,1290229,6582,6148,9083,dfs,dfs,16,9687,7780,190,7780,1,lacam_tapf,1,,exp1,7833,520,1290229,10.0,0,1,1,1,9.176155805587769
1,1,3480,157,83.0871,Paper_symbotic_39_37_gp_5/symbotic_agents_170_test_5,1,24685,130091,29353,0,0,20,6,6000,29,/media/project0/yimin/lacam_tapf_itacbs_data/Paper_symbotic_39_37_gp_5/symbotic_agents_170_test_5.yaml,h,1.5,0,1,1189,29370,3480,3480,0,1,109,,,lacam_dfs,1,170,,110,775632,397,1874,9039,dfs,dfs,5,7165,6000,109,6000,1,lacam_tapf,1,,exp1,6026,283,775632,10.0,0,1,1,1,9.123532772064209
1,1,3346,10,95.5746,Paper_symbotic_39_37_gp_5/symbotic_agents_170_test_9,1,5859,38701,10816,0,0,24,10,7108,34,/media/project0/yimin/lacam_tapf_itacbs_data/Paper_symbotic_39_37_gp_5/symbotic_agents_170_test_9.yaml,h,1.5,0,1,1612,10834,3346,3346,0,1,130,,,lacam_dfs,1,170,,131,981578,2176,4479,9038,dfs,dfs,9,9397,7108,130,7108,1,lacam_tapf,1,,exp1,7154,665,981578,10.0,0,1,1,1,9.10520052909851
1,1,10275,19,1442.28,Paper_symbotic_39_37_gp_5/symbotic_agents_160_test_4,1,12740,99293,23016,0,0,45,19,7023,38,/media/project0/yimin/lacam_tapf_itacbs_data/Paper_symbotic_39_37_gp_5/symbotic_agents_160_test_4.yaml,h,1.5,0,1,2,23017,10275,10275,0,1,213,,,lacam_focal_h,1,160,,10274,2221086,47382,420071,9144,focal,focal,4,9471,7023,213,7023,1,lacam_tapf,1,,exp1,7116,206858,2221086,10.0,0,1,1,1,9.269288539886475
1,1,4043,7,88.3975,Paper_symbotic_39_37_gp_5/symbotic_agents_170_test_12,1,4054,42968,9647,0,0,18,7,7506,28,/media/project0/yimin/lacam_tapf_itacbs_data/Paper_symbotic_39_37_gp_5/symbotic_agents_170_test_12.yaml,h,1.5,0,1,1551,9663,4043,4043,0,1,167,,,lacam_dfs,1,170,,168,1104651,2079,2424,9036,dfs,dfs,12,9154,7506,167,7506,1,lacam_tapf,1,,exp1,7545,680,1104651,10.0,0,1,1,1,9.10378885269165
1,1,3572,20,81.9838,Paper_symbotic_39_37_gp_5/symbotic_agents_170_test_14,1,10196,49050,15241,0,0,54,20,9886,55,/media/project0/yimin/lacam_tapf_itacbs_data/Paper_symbotic_39_37_gp_5/symbotic_agents_170_test_14.yaml,h,1.5,0,1,1474,15247,3572,3572,0,1,265,,,lacam_dfs,1,170,,266,1175051,3220,2676,9033,dfs,dfs,14,12369,9886,265,9886,1,lacam_tapf,1,,exp1,9958,919,1175051,10.0,0,1,1,1,9.10268521308899
1,1,11631,8,1839.64,Paper_symbotic_39_37_gp_5/symbotic_agents_160_test_2,1,72,58306,11716,0,0,18,8,7502,25,/media/project0/yimin/lacam_tapf_itacbs_data/Paper_symbotic_39_37_gp_5/symbotic_agents_160_test_2.yaml,h,1.5,0,1,14,11717,11631,11631,0,1,157,,,lacam_focal_h,1,160,,11630,1758312,93,278768,9159,focal,focal,2,9505,7502,157,7502,1,lacam_tapf,1,,exp1,7512,58341,1758312,10.0,0,1,1,1,9.29930067062378
1,1,12388,1014,1694.48,Paper_symbotic_39_37_gp_5/symbotic_agents_150_test_19,1,4290,83268,16688,0,0,30,13,6268,23,/media/project0/yimin/lacam_tapf_itacbs_data/Paper_symbotic_39_37_gp_5/symbotic_agents_150_test_19.yaml,h,1.5,0,1,11,16689,12388,12388,0,1,112,,,lacam_focal_h,1,150,,12387,1955624,4008,479197,9179,focal,focal,19,7856,6268,112,6268,1,lacam_tapf,1,,exp1,6274,92752,1955624,10.0,0,1,1,1,9.320881605148315
1,1,10486,10,2170.81,Paper_symbotic_39_37_gp_5/symbotic_agents_160_test_5,1,464,39373,10952,0,0,26,10,6919,26,/media/project0/yimin/lacam_tapf_itacbs_data/Paper_symbotic_39_37_gp_5/symbotic_agents_160_test_5.yaml,h,1.5,0,1,3,10953,10486,10486,0,1,122,,,lacam_focal_h,1,160,,10485,1561623,10396,346080,9142,focal,focal,5,8387,6919,122,6919,1,lacam_tapf,1,,exp1,6934,83372,1561623,10.0,0,1,1,1,9.282726526260376
1,1,3901,26,93.3523,Paper_symbotic_39_37_gp_5/symbotic_agents_170_test_13,1,18807,74749,24059,0,0,62,26,11461,66,/media/project0/yimin/lacam_tapf_itacbs_data/Paper_symbotic_39_37_gp_5/symbotic_agents_170_test_13.yaml,h,1.5,0,1,1352,24072,3901,3901,0,1,396,,,lacam_dfs,1,170,,397,857630,76,3771,9043,dfs,dfs,13,15894,11461,396,11461,1,lacam_tapf,1,,exp1,11821,1118,857630,10.0,0,1,1,1,9.12625527381897
1,1,4621,10,101.822,Paper_symbotic_39_37_gp_5/symbotic_agents_170_test_6,1,22979,101551,28831,0,0,29,10,7381,28,/media/project0/yimin/lacam_tapf_itacbs_data/Paper_symbotic_39_37_gp_5/symbotic_agents_170_test_6.yaml,h,1.5,0,1,1232,28842,4621,4621,0,1,117,,,lacam_dfs,1,170,,118,951897,55,2940,9056,dfs,dfs,6,9327,7381,117,7381,1,lacam_tapf,1,,exp1,7406,385,951897,10.0,0,1,1,1,9.147929430007935
1,1,3213,9,89.6504,Paper_symbotic_39_37_gp_5/symbotic_agents_170_test_4,1,67702,227755,72546,0,0,25,9,6725,47,/media/project0/yimin/lacam_tapf_itacbs_data/Paper_symbotic_39_37_gp_5/symbotic_agents_170_test_4.yaml,h,1.5,0,1,1632,72559,3213,3213,0,1,181,,,lacam_dfs,1,170,,182,784974,56,2043,9033,dfs,dfs,4,8437,6725,181,6725,1,lacam_tapf,1,,exp1,6747,626,784974,10.0,0,1,1,1,9.15347409248352
1,1,4755,9,126.8,Paper_symbotic_39_37_gp_5/symbotic_agents_170_test_1,1,17158,104552,23146,0,0,22,9,7621,39,/media/project0/yimin/lacam_tapf_itacbs_data/Paper_symbotic_39_37_gp_5/symbotic_agents_170_test_1.yaml,h,1.5,0,1,1234,23165,4755,4755,0,1,150,,,lacam_dfs,1,170,,151,1089106,1524,3831,9067,dfs,dfs,1,9614,7621,150,7621,1,lacam_tapf,1,,exp1,7700,642,1089106,10.0,0,1,1,1,9.174520254135132
1,1,3809,9,95.4905,Paper_symbotic_39_37_gp_5/symbotic_agents_170_test_8,1,29728,124411,34724,0,0,28,9,8354,50,/media/project0/yimin/lacam_tapf_itacbs_data/Paper_symbotic_39_37_gp_5/symbotic_agents_170_test_8.yaml,h,1.5,0,1,1188,34734,3809,3809,0,1,194,,,lacam_dfs,1,170,,195,811831,28,3730,9049,dfs,dfs,8,11807,8354,194,8354,1,lacam_tapf,1,,exp1,8396,626,811831,10.0,0,1,1,1,9.14882779121399
1,1,3460,14,102.748,Paper_symbotic_39_37_gp_5/symbotic_agents_170_test_3,1,52440,230959,57082,0,0,37,14,7216,41,/media/project0/yimin/lacam_tapf_itacbs_data/Paper_symbotic_39_37_gp_5/symbotic_agents_170_test_3.yaml,h,1.5,0,1,1183,57101,3460,3460,0,1,170,,,lacam_dfs,1,170,,171,754729,365,6003,9052,dfs,dfs,3,9174,7216,170,7216,1,lacam_tapf,1,,exp1,7226,487,754729,10.0,0,1,1,1,9.171768426895142
1,1,11556,9,1737.55,Paper_symbotic_39_37_gp_5/symbotic_agents_160_test_3,1,476,59371,12042,0,0,22,9,7512,30,/media/project0/yimin/lacam_tapf_itacbs_data/Paper_symbotic_39_37_gp_5/symbotic_agents_160_test_3.yaml,h,1.5,0,1,11,12043,11556,11556,0,1,145,,,lacam_focal_h,1,160,,11555,1754518,35,186736,9166,focal,focal,3,9467,7512,145,7512,1,lacam_tapf,1,,exp1,7587,61369,1754518,10.0,0,1,1,1,9.314037799835205
1,1,4142,9,103.464,Paper_symbotic_39_37_gp_5/symbotic_agents_170_test_7,1,38718,202165,44037,0,0,25,9,8610,60,/media/project0/yimin/lacam_tapf_itacbs_data/Paper_symbotic_39_37_gp_5/symbotic_agents_170_test_7.yaml,h,1.5,0,1,1178,44051,4142,4142,0,1,307,,,lacam_dfs,1,170,,308,986472,1030,4747,9048,dfs,dfs,7,11012,8610,307,8610,1,lacam_tapf,1,,exp1,8649,733,986472,10.0,0,1,1,1,9.173712253570557
1,1,3848,8,93.5352,Paper_symbotic_39_37_gp_5/symbotic_agents_170_test_10,1,51298,193944,56513,0,0,22,8,8636,52,/media/project0/yimin/lacam_tapf_itacbs_data/Paper_symbotic_39_37_gp_5/symbotic_agents_170_test_10.yaml,h,1.5,0,1,1368,56526,3848,3848,0,1,235,,,lacam_dfs,1,170,,236,848190,45,2549,9046,dfs,dfs,10,10625,8636,235,8636,1,lacam_tapf,1,,exp1,8691,679,848190,10.0,0,1,1,1,9.163012504577637
1,1,13552,2083,1568.27,Paper_symbotic_39_37_gp_5/symbotic_agents_160_test_1,1,0,55922,13551,0,0,26,9,6262,27,/media/project0/yimin/lacam_tapf_itacbs_data/Paper_symbotic_39_37_gp_5/symbotic_agents_160_test_1.yaml,h,1.5,0,1,0,13552,13552,13552,0,1,162,,,lacam_focal_h,1,160,,13551,1975838,761,256846,9183,focal,focal,1,7900,6262,162,6262,1,lacam_tapf,1,,exp1,6262,167802,1975838,10.0,0,1,1,1,9.351083517074585
1,1,10770,9,1762.27,Paper_symbotic_39_37_gp_5/symbotic_agents_160_test_8,1,4310,62719,15080,0,0,20,9,6238,26,/media/project0/yimin/lacam_tapf_itacbs_data/Paper_symbotic_39_37_gp_5/symbotic_agents_160_test_8.yaml,h,1.5,0,1,1,15081,10770,10770,0,1,115,,,lacam_focal_h,1,160,,10770,1996429,6805,437626,9154,focal,focal,8,7662,6238,115,6238,1,lacam_tapf,1,,exp1,6249,120071,1996429,10.0,0,1,1,1,9.306835174560547
1,1,14404,8,1271.41,Paper_symbotic_39_37_gp_5/symbotic_agents_150_test_15,1,0,69792,14433,0,0,20,8,4930,35,/media/project0/yimin/lacam_tapf_itacbs_data/Paper_symbotic_39_37_gp_5/symbotic_agents_150_test_15.yaml,h,1.5,0,1,30,14434,14404,14404,0,1,133,,,lacam_focal_h,1,150,,14403,1993978,26,210832,9209,focal,focal,15,5990,4930,133,4930,1,lacam_tapf,1,,exp1,4939,102948,1993978,10.0,0,1,1,1,9.406913757324219
1,1,11605,9,1786.19,Paper_symbotic_39_37_gp_5/symbotic_agents_160_test_11,1,5547,54799,17153,0,0,20,9,7513,36,/media/project0/yimin/lacam_tapf_itacbs_data/Paper_symbotic_39_37_gp_5/symbotic_agents_160_test_11.yaml,h,1.5,0,1,2,17154,11605,11605,0,1,178,,,lacam_focal_h,1,160,,11604,1713615,21,320050,9148,focal,focal,11,9122,7513,178,7513,1,lacam_tapf,1,,exp1,7545,86980,1713615,10.0,0,1,1,1,9.302745342254639
1,1,12827,8,1689.7,Paper_symbotic_39_37_gp_5/symbotic_agents_160_test_9,1,1860,58414,14686,0,0,22,8,5455,27,/media/project0/yimin/lacam_tapf_itacbs_data/Paper_symbotic_39_37_gp_5/symbotic_agents_160_test_9.yaml,h,1.5,0,1,0,14687,12827,12827,0,1,140,,,lacam_focal_h,1,160,,12826,1973474,1041,215430,9161,focal,focal,9,6681,5455,140,5455,1,lacam_tapf,1,,exp1,5456,120123,1973474,10.0,0,1,1,1,9.3221275806427
1,1,12336,9,1532.99,Paper_symbotic_39_37_gp_5/symbotic_agents_160_test_7,1,0,38124,12343,0,0,20,9,6249,36,/media/project0/yimin/lacam_tapf_itacbs_data/Paper_symbotic_39_37_gp_5/symbotic_agents_160_test_7.yaml,h,1.5,0,1,8,12344,12336,12336,0,1,121,,,lacam_focal_h,1,160,,12335,1883461,33,249360,9171,focal,focal,7,7611,6249,121,6249,1,lacam_tapf,1,,exp1,6249,24830,1883461,10.0,0,1,1,1,9.331088304519653
1,1,12141,17,2073.25,Paper_symbotic_39_37_gp_5/symbotic_agents_160_test_10,1,0,40143,12140,0,0,48,17,6780,34,/media/project0/yimin/lacam_tapf_itacbs_data/Paper_symbotic_39_37_gp_5/symbotic_agents_160_test_10.yaml,h,1.5,0,1,0,12141,12141,12141,0,1,147,,,lacam_focal_h,1,160,,12140,1843596,29,321251,9163,focal,focal,10,8550,6780,147,6780,1,lacam_tapf,1,,exp1,6815,60372,1843596,10.0,0,1,1,1,9.321911573410034
1,1,8458,4103,1961.16,Paper_symbotic_39_37_gp_5/symbotic_agents_170_test_14,1,4020,56962,12491,0,0,54,20,9886,58,/media/project0/yimin/lacam_tapf_itacbs_data/Paper_symbotic_39_37_gp_5/symbotic_agents_170_test_14.yaml,h,1.5,0,1,14,12492,8458,8458,0,1,265,,,lacam_focal_h,1,170,,8457,1639383,8081,328384,9064,focal,focal,14,12369,9886,265,9886,1,lacam_tapf,1,,exp1,9958,107191,1639383,10.0,0,1,1,1,9.185120582580566
1,1,4030,7,89.0307,Paper_symbotic_39_37_gp_5/symbotic_agents_170_test_11,1,104878,365663,110272,0,0,22,7,9714,79,/media/project0/yimin/lacam_tapf_itacbs_data/Paper_symbotic_39_37_gp_5/symbotic_agents_170_test_11.yaml,h,1.5,0,1,1365,110284,4030,4030,0,1,426,,,lacam_dfs,1,170,,427,875730,74,2793,9044,dfs,dfs,11,12787,9714,426,9714,1,lacam_tapf,1,,exp1,9798,821,875730,10.0,0,1,1,1,9.190854549407959
1,1,11931,4,1885.98,Paper_symbotic_39_37_gp_5/symbotic_agents_160_test_12,1,1820,44366,13759,0,0,10,4,7262,49,/media/project0/yimin/lacam_tapf_itacbs_data/Paper_symbotic_39_37_gp_5/symbotic_agents_160_test_12.yaml,h,1.5,0,1,9,13760,11931,11931,0,1,191,,,lacam_focal_h,1,160,,11930,1922236,85129,293776,9137,focal,focal,12,9143,7262,191,7262,1,lacam_tapf,1,,exp1,7262,102727,1922236,10.0,0,1,1,1,9.302047967910767
1,1,11166,233,2107.22,Paper_symbotic_39_37_gp_5/symbotic_agents_160_test_13,1,0,55561,11165,0,0,22,9,5841,27,/media/project0/yimin/lacam_tapf_itacbs_data/Paper_symbotic_39_37_gp_5/symbotic_agents_160_test_13.yaml,h,1.5,0,1,0,11166,11166,11166,0,1,109,,,lacam_focal_h,1,160,,11165,1702683,5661,394268,9150,focal,focal,13,6965,5841,109,5841,1,lacam_tapf,1,,exp1,5913,55569,1702683,10.0,0,1,1,1,9.300274133682251
1,1,8575,14,1766.43,Paper_symbotic_39_37_gp_5/symbotic_agents_170_test_3,1,11480,75076,20055,0,0,37,14,7216,39,/media/project0/yimin/lacam_tapf_itacbs_data/Paper_symbotic_39_37_gp_5/symbotic_agents_170_test_3.yaml,h,1.5,0,1,1,20056,8575,8575,0,1,170,,,lacam_focal_h,1,170,,8575,2245545,27141,610898,9096,focal,focal,3,9174,7216,170,7216,1,lacam_tapf,1,,exp1,7226,67347,2245545,10.0,0,1,1,1,9.220327615737915
1,1,9642,9,1552.36,Paper_symbotic_39_37_gp_5/symbotic_agents_170_test_7,1,8284,81557,17926,0,0,25,9,8610,64,/media/project0/yimin/lacam_tapf_itacbs_data/Paper_symbotic_39_37_gp_5/symbotic_agents_170_test_7.yaml,h,1.5,0,1,1,17927,9642,9642,0,1,307,,,lacam_focal_h,1,170,,9641,2268878,17489,428442,9067,focal,focal,7,11012,8610,307,8610,1,lacam_tapf,1,,exp1,8649,148572,2268878,10.0,0,1,1,1,9.207579135894775
1,1,13447,5,1754.5,Paper_symbotic_39_37_gp_5/symbotic_agents_160_test_6,1,0,45159,13448,0,0,14,5,6282,25,/media/project0/yimin/lacam_tapf_itacbs_data/Paper_symbotic_39_37_gp_5/symbotic_agents_160_test_6.yaml,h,1.5,0,1,2,13449,13447,13447,0,1,142,,,lacam_focal_h,1,160,,13446,2024847,26630,278322,9180,focal,focal,6,7087,6282,142,6282,1,lacam_tapf,1,,exp1,6283,80163,2024847,10.0,0,1,1,1,9.34114122390747
1,1,10787,9,1618.66,Paper_symbotic_39_37_gp_5/symbotic_agents_160_test_17,1,7352,88667,18146,0,0,21,9,5557,22,/media/project0/yimin/lacam_tapf_itacbs_data/Paper_symbotic_39_37_gp_5/symbotic_agents_160_test_17.yaml,h,1.5,0,1,8,18147,10787,10787,0,1,113,,,lacam_focal_h,1,160,,10786,1805197,14699,229559,9119,focal,focal,17,6585,5557,113,5557,1,lacam_tapf,1,,exp1,5565,129613,1805197,10.0,0,1,1,1,9.263643980026245
1,1,10718,8,1170.99,Paper_symbotic_39_37_gp_5/symbotic_agents_160_test_19,1,5286,63836,16059,0,0,20,8,6006,19,/media/project0/yimin/lacam_tapf_itacbs_data/Paper_symbotic_39_37_gp_5/symbotic_agents_160_test_19.yaml,h,1.5,0,1,56,16060,10718,10718,0,1,118,,,lacam_focal_h,1,160,,10717,1872415,5343,159871,9114,focal,focal,19,6994,6006,118,6006,1,lacam_tapf,1,,exp1,6010,143677,1872415,10.0,0,1,1,1,9.253368854522705
1,1,9280,224,1480.62,Paper_symbotic_39_37_gp_5/symbotic_agents_170_test_9,1,10198,84683,19478,0,0,24,10,7108,34,/media/project0/yimin/lacam_tapf_itacbs_data/Paper_symbotic_39_37_gp_5/symbotic_agents_170_test_9.yaml,h,1.5,0,1,1,19479,9280,9280,0,1,130,,,lacam_focal_h,1,170,,9279,1648260,45529,315282,9065,focal,focal,9,9397,7108,130,7108,1,lacam_tapf,1,,exp1,7154,111824,1648260,10.0,0,1,1,1,9.198064088821411
1,1,9460,5802,1678.03,Paper_symbotic_39_37_gp_5/symbotic_agents_170_test_13,1,3889,61577,13357,0,0,62,26,11461,77,/media/project0/yimin/lacam_tapf_itacbs_data/Paper_symbotic_39_37_gp_5/symbotic_agents_170_test_13.yaml,h,1.5,0,1,9,13358,9460,9460,0,1,396,,,lacam_focal_h,1,170,,9460,1669015,32163,341055,9073,focal,focal,13,15894,11461,396,11461,1,lacam_tapf,1,,exp1,11821,124095,1669015,10.0,0,1,1,1,9.198933362960815
1,1,10104,393,1428.82,Paper_symbotic_39_37_gp_5/symbotic_agents_170_test_4,1,12008,96531,22124,0,0,25,9,6725,42,/media/project0/yimin/lacam_tapf_itacbs_data/Paper_symbotic_39_37_gp_5/symbotic_agents_170_test_4.yaml,h,1.5,0,1,13,22125,10104,10104,0,1,181,,,lacam_focal_h,1,170,,10104,2200124,27739,373197,9086,focal,focal,4,8437,6725,181,6725,1,lacam_tapf,1,,exp1,6747,129076,2200124,10.0,0,1,1,1,9.225337266921997
1,1,11638,9,1888.73,Paper_symbotic_39_37_gp_5/symbotic_agents_160_test_18,1,2837,64087,14475,0,0,21,9,7499,43,/media/project0/yimin/lacam_tapf_itacbs_data/Paper_symbotic_39_37_gp_5/symbotic_agents_160_test_18.yaml,h,1.5,0,1,1,14476,11638,11638,0,1,236,,,lacam_focal_h,1,160,,11637,1775665,1480,340073,9127,focal,focal,18,9729,7499,236,7499,1,lacam_tapf,1,,exp1,7542,150993,1775665,10.0,0,1,1,1,9.267460107803345
1,1,10296,7,1926.13,Paper_symbotic_39_37_gp_5/symbotic_agents_170_test_12,1,1717,58216,12012,0,0,18,7,7506,44,/media/project0/yimin/lacam_tapf_itacbs_data/Paper_symbotic_39_37_gp_5/symbotic_agents_170_test_12.yaml,h,1.5,0,1,0,12013,10296,10296,0,1,167,,,lacam_focal_h,1,170,,10295,1773258,12450,331719,9075,focal,focal,12,9154,7506,167,7506,1,lacam_tapf,1,,exp1,7545,96214,1773258,10.0,0,1,1,1,9.203090906143188
1,1,10056,7,1726.7,Paper_symbotic_39_37_gp_5/symbotic_agents_170_test_11,1,4748,73609,14872,0,0,22,7,9714,86,/media/project0/yimin/lacam_tapf_itacbs_data/Paper_symbotic_39_37_gp_5/symbotic_agents_170_test_11.yaml,h,1.5,0,1,69,14873,10056,10056,0,1,426,,,lacam_focal_h,1,170,,10055,1967255,30769,338307,9071,focal,focal,11,12787,9714,426,9714,1,lacam_tapf,1,,exp1,9798,56197,1967255,10.0,0,1,1,1,9.204254865646362
1,1,12983,6,1565.33,Paper_symbotic_39_37_gp_5/symbotic_agents_160_test_15,1,2052,56839,15034,0,0,17,6,8728,55,/media/project0/yimin/lacam_tapf_itacbs_data/Paper_symbotic_39_37_gp_5/symbotic_agents_160_test_15.yaml,h,1.5,0,1,0,15035,12983,12983,0,1,337,,,lacam_focal_h,1,160,,12982,1910966,33,283405,9141,focal,focal,15,11457,8728,337,8728,1,lacam_tapf,1,,exp1,8749,101905,1910966,10.0,0,1,1,1,9.28864574432373
1,1,10710,1224,1902.57,Paper_symbotic_39_37_gp_5/symbotic_agents_170_test_2,1,7384,82135,18126,0,0,25,10,10796,46,/media/project0/yimin/lacam_tapf_itacbs_data/Paper_symbotic_39_37_gp_5/symbotic_agents_170_test_2.yaml,h,1.5,0,1,33,18127,10710,10710,0,1,308,,,lacam_focal_h,1,170,,10709,2211188,16479,586731,9107,focal,focal,2,14539,10796,308,10796,1,lacam_tapf,1,,exp1,10809,50800,2211188,10.0,0,1,1,1,9.237433910369873
1,1,11999,8,2178.5,Paper_symbotic_39_37_gp_5/symbotic_agents_170_test_0,1,390,45369,12388,0,0,18,8,7768,44,/media/project0/yimin/lacam_tapf_itacbs_data/Paper_symbotic_39_37_gp_5/symbotic_agents_170_test_0.yaml,h,1.5,0,1,0,12389,11999,11999,0,1,173,,,lacam_focal_h,1,170,,11998,1983574,478,359154,9111,focal,focal,0,9866,7768,173,7768,1,lacam_tapf,1,,exp1,7768,36672,1983574,10.0,0,1,1,1,9.248826742172241
1,1,11396,11,2018.61,Paper_symbotic_39_37_gp_5/symbotic_agents_170_test_8,1,3436,72473,14831,0,0,28,9,8354,47,/media/project0/yimin/lacam_tapf_itacbs_data/Paper_symbotic_39_37_gp_5/symbotic_agents_170_test_8.yaml,h,1.5,0,1,0,14832,11396,11396,0,1,194,,,lacam_focal_h,1,170,,11395,2105876,12490,400847,9088,focal,focal,8,11807,8354,194,8354,1,lacam_tapf,1,,exp1,8396,61169,2105876,10.0,0,1,1,1,9.215590476989746
1,1,11802,8,1887.32,Paper_symbotic_39_37_gp_5/symbotic_agents_170_test_10,1,1771,44037,13574,0,0,22,8,8636,56,/media/project0/yimin/lacam_tapf_itacbs_data/Paper_symbotic_39_37_gp_5/symbotic_agents_170_test_10.yaml,h,1.5,0,1,2,13575,11802,11802,0,1,235,,,lacam_focal_h,1,170,,11801,1954033,1399,263717,9077,focal,focal,10,10625,8636,235,8636,1,lacam_tapf,1,,exp1,8691,72932,1954033,10.0,0,1,1,1,9.209136247634888
1,1,13173,12976,1796.49,Paper_symbotic_39_37_gp_5/symbotic_agents_160_test_16,1,0,64066,13182,0,0,27,12,7784,29,/media/project0/yimin/lacam_tapf_itacbs_data/Paper_symbotic_39_37_gp_5/symbotic_agents_160_test_16.yaml,h,1.5,0,1,10,13183,13173,13173,0,1,190,,,lacam_focal_h,1,160,,13172,1953934,58,352556,9137,focal,focal,16,9845,7784,190,7784,1,lacam_tapf,1,,exp1,7837,143283,1953934,10.0,0,1,1,1,9.282787799835205
1,1,11761,3326,1846.18,Paper_symbotic_39_37_gp_5/symbotic_agents_170_test_1,1,3500,62669,15263,0,0,22,9,7621,43,/media/project0/yimin/lacam_tapf_itacbs_data/Paper_symbotic_39_37_gp_5/symbotic_agents_170_test_1.yaml,h,1.5,0,1,3,15264,11761,11761,0,1,150,,,lacam_focal_h,1,170,,11760,1862555,28,268620,9116,focal,focal,1,9614,7621,150,7621,1,lacam_tapf,1,,exp1,7700,85080,1862555,10.0,0,1,1,1,9.247102737426758
1,1,12863,20,1494.37,Paper_symbotic_39_37_gp_5/symbotic_agents_160_test_14,1,2554,68929,15580,0,0,47,20,9434,92,/media/project0/yimin/lacam_tapf_itacbs_data/Paper_symbotic_39_37_gp_5/symbotic_agents_160_test_14.yaml,h,1.5,0,1,164,15581,12863,12863,0,1,415,,,lacam_focal_h,1,160,,12862,1961765,132,201632,9169,focal,focal,14,14050,9434,415,9434,1,lacam_tapf,1,,exp1,9603,93370,1961765,10.0,0,1,1,1,9.310661792755127
1,1,12745,6,2053.05,Paper_symbotic_39_37_gp_5/symbotic_agents_170_test_5,1,0,63538,12773,0,0,20,6,6000,23,/media/project0/yimin/lacam_tapf_itacbs_data/Paper_symbotic_39_37_gp_5/symbotic_agents_170_test_5.yaml,h,1.5,0,1,29,12774,12745,12745,0,1,109,,,lacam_focal_h,1,170,,12745,2085045,25360,431239,9106,focal,focal,5,7165,6000,109,6000,1,lacam_tapf,1,,exp1,6026,38275,2085045,10.0,0,1,1,1,9.229263305664062
1,1,11775,2299,2144.06,Paper_symbotic_39_37_gp_5/symbotic_agents_170_test_6,1,20,49163,11795,0,0,29,10,7381,36,/media/project0/yimin/lacam_tapf_itacbs_data/Paper_symbotic_39_37_gp_5/symbotic_agents_170_test_6.yaml,h,1.5,0,1,1,11796,11775,11775,0,1,117,,,lacam_focal_h,1,170,,11774,1870713,55,308977,9107,focal,focal,6,9327,7381,117,7381,1,lacam_tapf,1,,exp1,7406,82123,1870713,10.0,0,1,1,1,9.226388454437256
1,1,3256,9,82.865,Paper_symbotic_39_37_gp_5/symbotic_agents_170_test_16,1,18272,72121,23256,0,0,20,9,6526,32,/media/project0/yimin/lacam_tapf_itacbs_data/Paper_symbotic_39_37_gp_5/symbotic_agents_170_test_16.yaml,h,1.5,0,1,1729,23269,3256,3256,0,1,132,,,lacam_dfs,1,170,,133,1371428,5090,1924,9061,dfs,dfs,16,7704,6526,132,6526,1,lacam_tapf,1,,exp1,6581,524,1371428,10.0,0,1,1,1,9.109840154647827
1,1,3720,10,98.2707,Paper_symbotic_39_37_gp_5/symbotic_agents_170_test_18,1,114817,364879,120117,0,0,27,10,7832,41,/media/project0/yimin/lacam_tapf_itacbs_data/Paper_symbotic_39_37_gp_5/symbotic_agents_170_test_18.yaml,h,1.5,0,1,1581,120136,3720,3720,0,1,212,,,lacam_dfs,1,170,,213,857382,141,5468,9060,dfs,dfs,18,10018,7832,212,7832,1,lacam_tapf,1,,exp1,7835,680,857382,10.0,0,1,1,1,9.117060422897339
1,1,5127,265,109.763,Paper_symbotic_39_37_gp_5/symbotic_agents_170_test_15,1,12866,78596,19454,0,0,548,265,10633,148,/media/project0/yimin/lacam_tapf_itacbs_data/Paper_symbotic_39_37_gp_5/symbotic_agents_170_test_15.yaml,h,1.5,0,1,1462,19469,5127,5127,0,1,497,,,lacam_dfs,1,170,,498,1095675,1652,6437,9090,dfs,dfs,15,16965,10633,497,10633,1,lacam_tapf,1,,exp1,10658,1316,1095675,10.0,0,1,1,1,9.17987847328186
1,1,3787,13,105.877,Paper_symbotic_39_37_gp_5/symbotic_agents_170_test_17,1,74415,320984,79261,0,0,30,13,6910,35,/media/project0/yimin/lacam_tapf_itacbs_data/Paper_symbotic_39_37_gp_5/symbotic_agents_170_test_17.yaml,h,1.5,0,1,1060,79274,3787,3787,0,1,137,,,lacam_dfs,1,170,,138,784122,19,3738,9074,dfs,dfs,17,8984,6910,137,6910,1,lacam_tapf,1,,exp1,6994,388,784122,10.0,0,1,1,1,9.158920764923096
1,1,4331,28,90.113,Paper_symbotic_39_37_gp_5/symbotic_agents_170_test_19,1,7188,57409,13106,0,0,69,28,9298,62,/media/project0/yimin/lacam_tapf_itacbs_data/Paper_symbotic_39_37_gp_5/symbotic_agents_170_test_19.yaml,h,1.5,0,1,1588,13119,4331,4331,0,1,272,,,lacam_dfs,1,170,,273,968050,64,2945,9071,dfs,dfs,19,12734,9298,272,9298,1,lacam_tapf,1,,exp1,9318,729,968050,10.0,0,1,1,1,9.138763427734375
1,1,4500,88,101.07,Paper_symbotic_39_37_gp_5/symbotic_agents_180_test_1,1,4290,30510,9804,0,0,188,88,11655,86,/media/project0/yimin/lacam_tapf_itacbs_data/Paper_symbotic_39_37_gp_5/symbotic_agents_180_test_1.yaml,h,1.5,0,1,1015,9812,4500,4500,0,1,386,,,lacam_dfs,1,180,,387,958978,716,6088,9074,dfs,dfs,1,15990,11655,386,11655,1,lacam_tapf,1,,exp1,11662,973,958978,10.0,0,1,1,1,9.137897729873657
1,1,3252,8,75.5729,Paper_symbotic_39_37_gp_5/symbotic_agents_180_test_7,1,1642,22289,6283,0,0,25,8,7352,35,/media/project0/yimin/lacam_tapf_itacbs_data/Paper_symbotic_39_37_gp_5/symbotic_agents_180_test_7.yaml,h,1.5,0,1,1390,6292,3252,3252,0,1,183,,,lacam_dfs,1,180,,184,812350,503,2127,9051,dfs,dfs,7,8640,7352,183,7352,1,lacam_tapf,1,,exp1,7357,458,812350,10.0,0,1,1,1,9.095927715301514
1,1,3571,13,125.028,Paper_symbotic_39_37_gp_5/symbotic_agents_180_test_5,1,51220,192452,55952,0,0,37,13,8519,60,/media/project0/yimin/lacam_tapf_itacbs_data/Paper_symbotic_39_37_gp_5/symbotic_agents_180_test_5.yaml,h,1.5,0,1,1162,55969,3571,3571,0,1,139,,,lacam_dfs,1,180,,140,926915,938,4864,9063,dfs,dfs,5,10994,8519,139,8519,1,lacam_tapf,1,,exp1,8535,472,926915,10.0,0,1,1,1,9.133043050765991
1,1,4631,10,101.826,Paper_symbotic_39_37_gp_5/symbotic_agents_180_test_2,1,10627,74551,16307,0,0,29,10,8745,49,/media/project0/yimin/lacam_tapf_itacbs_data/Paper_symbotic_39_37_gp_5/symbotic_agents_180_test_2.yaml,h,1.5,0,1,1050,16314,4631,4631,0,1,208,,,lacam_dfs,1,180,,209,984441,39,2461,9102,dfs,dfs,2,10343,8745,208,8745,1,lacam_tapf,1,,exp1,8747,714,984441,10.0,0,1,1,1,9.1705961227417
1,1,3529,395,113.093,Paper_symbotic_39_37_gp_5/symbotic_agents_180_test_3,1,7028,55511,11521,0,0,798,395,13079,104,/media/project0/yimin/lacam_tapf_itacbs_data/Paper_symbotic_39_37_gp_5/symbotic_agents_180_test_3.yaml,h,1.5,0,1,965,11539,3529,3529,0,1,481,,,lacam_dfs,1,180,,482,783229,96,5355,9068,dfs,dfs,3,19910,13079,481,13079,1,lacam_tapf,1,,exp1,13112,1340,783229,10.0,0,1,1,1,9.16093397140503
1,1,5507,30,147.451,Paper_symbotic_39_37_gp_5/symbotic_agents_180_test_4,1,238,23394,6545,0,0,69,30,11482,70,/media/project0/yimin/lacam_tapf_itacbs_data/Paper_symbotic_39_37_gp_5/symbotic_agents_180_test_4.yaml,h,1.5,0,1,801,6549,5507,5507,0,1,292,,,lacam_dfs,1,180,,293,1096987,92,3535,9095,dfs,dfs,4,16035,11482,292,11482,1,lacam_tapf,1,,exp1,11575,814,1096987,10.0,0,1,1,1,9.156037330627441
1,1,5663,257,116.838,Paper_symbotic_39_37_gp_5/symbotic_agents_180_test_0,1,27737,147812,35598,0,0,538,257,14516,292,/media/project0/yimin/lacam_tapf_itacbs_data/Paper_symbotic_39_37_gp_5/symbotic_agents_180_test_0.yaml,h,1.5,0,1,2199,35612,5663,5663,0,1,657,,,lacam_dfs,1,180,,658,1390716,2457,14313,9111,dfs,dfs,0,28117,14516,657,14516,1,lacam_tapf,1,,exp1,15087,3227,1390716,10.0,0,1,1,1,9.192736864089966
1,1,3732,9,100.444,Paper_symbotic_39_37_gp_5/symbotic_agents_180_test_9,1,1259,23979,6304,0,0,20,9,8861,62,/media/project0/yimin/lacam_tapf_itacbs_data/Paper_symbotic_39_37_gp_5/symbotic_agents_180_test_9.yaml,h,1.5,0,1,1314,6312,3732,3732,0,1,257,,,lacam_dfs,1,180,,258,1001970,1284,2463,9055,dfs,dfs,9,11686,8861,257,8861,1,lacam_tapf,1,,exp1,8880,620,1001970,10.0,0,1,1,1,9.10880708694458
1,1,4384,22,87.2481,Paper_symbotic_39_37_gp_5/symbotic_agents_180_test_6,1,3904,39751,9707,0,0,71,22,8992,35,/media/project0/yimin/lacam_tapf_itacbs_data/Paper_symbotic_39_37_gp_5/symbotic_agents_180_test_6.yaml,h,1.5,0,1,1420,9721,4384,4384,0,1,187,,,lacam_dfs,1,180,,188,1051248,1255,2794,9085,dfs,dfs,6,11426,8992,187,8992,1,lacam_tapf,1,,exp1,9029,715,1051248,10.0,0,1,1,1,9.147106170654297
1,1,3588,14,113.283,Paper_symbotic_39_37_gp_5/symbotic_agents_180_test_10,1,28299,100615,33087,0,0,41,14,9935,52,/media/project0/yimin/lacam_tapf_itacbs_data/Paper_symbotic_39_37_gp_5/symbotic_agents_180_test_10.yaml,h,1.5,0,1,1201,33099,3588,3588,0,1,184,,,lacam_dfs,1,180,,185,826958,91,6047,9052,dfs,dfs,10,12486,9935,184,9935,1,lacam_tapf,1,,exp1,10019,704,826958,10.0,0,1,1,1,9.118356466293335
1,1,4433,523,95.7958,Paper_symbotic_39_37_gp_5/symbotic_agents_180_test_8,1,526,20782,6326,0,0,1575,523,15446,140,/media/project0/yimin/lacam_tapf_itacbs_data/Paper_symbotic_39_37_gp_5/symbotic_agents_180_test_8.yaml,h,1.5,0,1,1368,6334,4433,4433,0,1,746,,,lacam_dfs,1,180,,747,1014513,113,5019,9068,dfs,dfs,8,27332,15446,746,15446,1,lacam_tapf,1,,exp1,16182,2307,1014513,10.0,0,1,1,1,9.144572019577026
1,1,11003,13,1624.29,Paper_symbotic_39_37_gp_5/symbotic_agents_170_test_17,1,10134,86350,21137,0,0,30,13,6910,45,/media/project0/yimin/lacam_tapf_itacbs_data/Paper_symbotic_39_37_gp_5/symbotic_agents_170_test_17.yaml,h,1.5,0,1,1,21138,11003,11003,0,1,137,,,lacam_focal_h,1,170,,11002,2296424,67696,514808,9164,focal,focal,17,8984,6910,137,6910,1,lacam_tapf,1,,exp1,6994,109723,2296424,10.0,0,1,1,1,9.260097026824951
1,1,8756,683,1996.56,Paper_symbotic_39_37_gp_5/symbotic_agents_180_test_5,1,20558,141136,29313,0,0,37,13,8519,37,/media/project0/yimin/lacam_tapf_itacbs_data/Paper_symbotic_39_37_gp_5/symbotic_agents_180_test_5.yaml,h,1.5,0,1,0,29314,8756,8756,0,1,139,,,lacam_focal_h,1,180,,8755,2406540,50354,753385,9106,focal,focal,5,10994,8519,139,8519,1,lacam_tapf,1,,exp1,8535,116025,2406540,10.0,0,1,1,1,9.181001663208008
1,1,11453,10,1557.12,Paper_symbotic_39_37_gp_5/symbotic_agents_170_test_18,1,10755,78096,22207,0,0,27,10,7832,43,/media/project0/yimin/lacam_tapf_itacbs_data/Paper_symbotic_39_37_gp_5/symbotic_agents_170_test_18.yaml,h,1.5,0,1,0,22208,11453,11453,0,1,212,,,lacam_focal_h,1,170,,11453,2666130,14046,576187,9165,focal,focal,18,10018,7832,212,7832,1,lacam_tapf,1,,exp1,7835,89737,2666130,10.0,0,1,1,1,9.257521629333496
1,1,11149,88,2133.08,Paper_symbotic_39_37_gp_5/symbotic_agents_180_test_1,1,7031,78428,18191,0,0,188,88,11655,77,/media/project0/yimin/lacam_tapf_itacbs_data/Paper_symbotic_39_37_gp_5/symbotic_agents_180_test_1.yaml,h,1.5,0,1,12,18192,11149,11149,0,1,386,,,lacam_focal_h,1,180,,11149,2125323,25511,502854,9152,focal,focal,1,15990,11655,386,11655,1,lacam_tapf,1,,exp1,11662,37115,2125323,10.0,0,1,1,1,9.228410243988037
1,1,12782,265,2457.39,Paper_symbotic_39_37_gp_5/symbotic_agents_170_test_16,1,1726,50379,14507,0,0,20,9,6526,39,/media/project0/yimin/lacam_tapf_itacbs_data/Paper_symbotic_39_37_gp_5/symbotic_agents_170_test_16.yaml,h,1.5,0,1,0,14508,12782,12782,0,1,132,,,lacam_focal_h,1,170,,12781,2077155,3572,551164,9186,focal,focal,16,7704,6526,132,6526,1,lacam_tapf,1,,exp1,6581,76277,2077155,10.0,0,1,1,1,9.277939796447754
1,1,3291,24,89.7117,Paper_symbotic_39_37_gp_5/symbotic_agents_180_test_14,1,645,22805,5324,0,0,64,24,8122,71,/media/project0/yimin/lacam_tapf_itacbs_data/Paper_symbotic_39_37_gp_5/symbotic_agents_180_test_14.yaml,h,1.5,0,1,1389,5344,3291,3291,0,1,273,,,lacam_dfs,1,180,,274,918601,657,2429,9052,dfs,dfs,14,11368,8122,273,8122,1,lacam_tapf,1,,exp1,8232,587,918601,10.0,0,1,1,1,9.105410814285278
1,1,4542,13,104.42,Paper_symbotic_39_37_gp_5/symbotic_agents_180_test_15,1,3537,33866,9068,0,0,43,13,8541,47,/media/project0/yimin/lacam_tapf_itacbs_data/Paper_symbotic_39_37_gp_5/symbotic_agents_180_test_15.yaml,h,1.5,0,1,990,9076,4542,4542,0,1,201,,,lacam_dfs,1,180,,202,961044,34,2754,9048,dfs,dfs,15,11333,8541,201,8541,1,lacam_tapf,1,,exp1,8549,588,961044,10.0,0,1,1,1,9.101688385009766
1,1,12334,265,2311.48,Paper_symbotic_39_37_gp_5/symbotic_agents_170_test_15,1,405,53756,13053,0,0,548,265,10633,159,/media/project0/yimin/lacam_tapf_itacbs_data/Paper_symbotic_39_37_gp_5/symbotic_agents_170_test_15.yaml,h,1.5,0,1,315,13054,12334,12334,0,1,497,,,lacam_focal_h,1,170,,12333,2005150,4775,309450,9205,focal,focal,15,16965,10633,497,10633,1,lacam_tapf,1,,exp1,10658,112925,2005150,10.0,0,1,1,1,9.316144466400146
1,1,10223,1511,1744.81,Paper_symbotic_39_37_gp_5/symbotic_agents_180_test_2,1,12022,96272,22244,0,0,29,10,8745,51,/media/project0/yimin/lacam_tapf_itacbs_data/Paper_symbotic_39_37_gp_5/symbotic_agents_180_test_2.yaml,h,1.5,0,1,0,22245,10223,10223,0,1,208,,,lacam_focal_h,1,180,,10223,2234397,43840,470593,9145,focal,focal,2,10343,8745,208,8745,1,lacam_tapf,1,,exp1,8747,111990,2234397,10.0,0,1,1,1,9.23723816871643
1,1,3609,15,93.7669,Paper_symbotic_39_37_gp_5/symbotic_agents_180_test_16,1,13163,55098,18312,0,0,47,15,6515,25,/media/project0/yimin/lacam_tapf_itacbs_data/Paper_symbotic_39_37_gp_5/symbotic_agents_180_test_16.yaml,h,1.5,0,1,1541,18331,3609,3609,0,1,116,,,lacam_dfs,1,180,,117,891575,40,1717,9059,dfs,dfs,16,7887,6515,116,6515,1,lacam_tapf,1,,exp1,6525,346,891575,10.0,0,1,1,1,9.107628345489502
1,1,5042,12,128.685,Paper_symbotic_39_37_gp_5/symbotic_agents_180_test_13,1,13000,74792,19365,0,0,26,12,10349,62,/media/project0/yimin/lacam_tapf_itacbs_data/Paper_symbotic_39_37_gp_5/symbotic_agents_180_test_13.yaml,h,1.5,0,1,1324,19374,5042,5042,0,1,249,,,lacam_dfs,1,180,,250,1101078,30,3089,9064,dfs,dfs,13,13273,10349,249,10349,1,lacam_tapf,1,,exp1,10425,756,1101078,10.0,0,1,1,1,9.125232696533203
1,1,3342,19,99.7725,Paper_symbotic_39_37_gp_5/symbotic_agents_180_test_11,1,56277,184337,60777,0,0,45,19,9121,50,/media/project0/yimin/lacam_tapf_itacbs_data/Paper_symbotic_39_37_gp_5/symbotic_agents_180_test_11.yaml,h,1.5,0,1,1159,60789,3342,3342,0,1,198,,,lacam_dfs,1,180,,199,772824,42,2755,9064,dfs,dfs,11,11783,9121,198,9121,1,lacam_tapf,1,,exp1,9153,663,772824,10.0,0,1,1,1,9.134532928466797
1,1,12174,28,2658.85,Paper_symbotic_39_37_gp_5/symbotic_agents_170_test_19,1,1281,65539,13463,0,0,69,28,9298,67,/media/project0/yimin/lacam_tapf_itacbs_data/Paper_symbotic_39_37_gp_5/symbotic_agents_170_test_19.yaml,h,1.5,0,1,9,13464,12174,12174,0,1,272,,,lacam_focal_h,1,170,,12173,1965862,64,411402,9178,focal,focal,19,12734,9298,272,9298,1,lacam_tapf,1,,exp1,9318,60234,1965862,10.0,0,1,1,1,9.273382425308228
1,1,10317,9902,1926.07,Paper_symbotic_39_37_gp_5/symbotic_agents_180_test_0,1,6875,76371,18265,0,0,538,257,14516,284,/media/project0/yimin/lacam_tapf_itacbs_data/Paper_symbotic_39_37_gp_5/symbotic_agents_180_test_0.yaml,h,1.5,0,1,1074,18266,10317,10317,0,1,657,,,lacam_focal_h,1,180,,10316,2334265,30167,382593,9171,focal,focal,0,28117,14516,657,14516,1,lacam_tapf,1,,exp1,15087,98730,2334265,10.0,0,1,1,1,9.261468887329102
1,1,6035,16,145.755,Paper_symbotic_39_37_gp_5/symbotic_agents_180_test_12,1,11241,79409,18541,0,0,47,16,7397,25,/media/project0/yimin/lacam_tapf_itacbs_data/Paper_symbotic_39_37_gp_5/symbotic_agents_180_test_12.yaml,h,1.5,0,1,1266,18550,6035,6035,0,1,110,,,lacam_dfs,1,180,,111,1259802,47,7504,9091,dfs,dfs,12,9141,7397,110,7397,1,lacam_tapf,1,,exp1,7451,5623,1259802,10.0,0,1,1,1,9.142303943634033
1,1,12944,395,2076.66,Paper_symbotic_39_37_gp_5/symbotic_agents_180_test_3,1,5,49571,12968,0,0,798,395,13079,106,/media/project0/yimin/lacam_tapf_itacbs_data/Paper_symbotic_39_37_gp_5/symbotic_agents_180_test_3.yaml,h,1.5,0,1,20,12969,12944,12944,0,1,481,,,lacam_focal_h,1,180,,12943,2160222,12558,358534,9173,focal,focal,3,19910,13079,481,13079,1,lacam_tapf,1,,exp1,13112,163344,2160222,10.0,0,1,1,1,9.264596700668335
1,6,4752,16,109.359,Paper_symbotic_39_37_gp_5/symbotic_agents_180_test_18,1,1038,23292,6982,0,0,38,16,15086,108,/media/project0/yimin/lacam_tapf_itacbs_data/Paper_symbotic_39_37_gp_5/symbotic_agents_180_test_18.yaml,h,1.5,0,1,1193,6994,4752,4752,0,1,478,,,lacam_dfs,1,180,,479,1035832,1127,5288,9065,dfs,dfs,18,23103,15084,478,15084,1,lacam_tapf,1,,exp1,15154,1209,1035832,10.0,0,1,1,1,9.118942737579346
1,1,10655,4484,2184.95,Paper_symbotic_39_37_gp_5/symbotic_agents_180_test_6,1,7789,79275,18443,0,0,71,22,8992,48,/media/project0/yimin/lacam_tapf_itacbs_data/Paper_symbotic_39_37_gp_5/symbotic_agents_180_test_6.yaml,h,1.5,0,1,0,18444,10655,10655,0,1,187,,,lacam_focal_h,1,180,,10654,2093611,42662,517446,9159,focal,focal,6,11426,8992,187,8992,1,lacam_tapf,1,,exp1,9029,181907,2093611,10.0,0,1,1,1,9.22521448135376
1,1,4509,14,96.8202,Paper_symbotic_39_37_gp_5/symbotic_agents_180_test_19,1,6600,51259,12464,0,0,35,14,7739,28,/media/project0/yimin/lacam_tapf_itacbs_data/Paper_symbotic_39_37_gp_5/symbotic_agents_180_test_19.yaml,h,1.5,0,1,1356,12473,4509,4509,0,1,123,,,lacam_dfs,1,180,,124,1036868,525,2353,9071,dfs,dfs,19,9441,7739,123,7739,1,lacam_tapf,1,,exp1,7746,525,1036868,10.0,0,1,1,1,9.126840114593506
1,1,3862,28,105.956,Paper_symbotic_39_37_gp_5/symbotic_agents_190_test_0,1,19545,99453,24828,0,0,66,28,14710,83,/media/project0/yimin/lacam_tapf_itacbs_data/Paper_symbotic_39_37_gp_5/symbotic_agents_190_test_0.yaml,h,1.5,0,1,1422,24838,3862,3862,0,1,366,,,lacam_dfs,1,190,,367,1139576,1079,5328,9047,dfs,dfs,0,19273,14710,366,14710,1,lacam_tapf,1,,exp1,14817,1210,1139576,10.0,0,1,1,1,9.107840061187744
1,1,13147,4600,2021.34,Paper_symbotic_39_37_gp_5/symbotic_agents_180_test_4,1,0,43227,13146,0,0,69,30,11482,60,/media/project0/yimin/lacam_tapf_itacbs_data/Paper_symbotic_39_37_gp_5/symbotic_agents_180_test_4.yaml,h,1.5,0,1,0,13147,13147,13147,0,1,292,,,lacam_focal_h,1,180,,13146,2228261,25800,397662,9201,focal,focal,4,16035,11482,292,11482,1,lacam_tapf,1,,exp1,11575,77938,2228261,10.0,0,1,1,1,9.281514167785645
1,1,4008,16,100.979,Paper_symbotic_39_37_gp_5/symbotic_agents_190_test_1,1,1868,22999,7185,0,0,44,16,10141,87,/media/project0/yimin/lacam_tapf_itacbs_data/Paper_symbotic_39_37_gp_5/symbotic_agents_190_test_1.yaml,h,1.5,0,1,1310,7191,4008,4008,0,1,363,,,lacam_dfs,1,190,,364,976177,146,5041,9063,dfs,dfs,1,15999,10141,363,10141,1,lacam_tapf,1,,exp1,10191,665,976177,10.0,0,1,1,1,9.12479543685913
1,1,3859,14,104.07,Paper_symbotic_39_37_gp_5/symbotic_agents_190_test_2,1,11899,58180,17128,0,0,32,14,9368,65,/media/project0/yimin/lacam_tapf_itacbs_data/Paper_symbotic_39_37_gp_5/symbotic_agents_190_test_2.yaml,h,1.5,0,1,1371,17143,3859,3859,0,1,300,,,lacam_dfs,1,190,,301,957305,51,2733,9064,dfs,dfs,2,11917,9368,300,9368,1,lacam_tapf,1,,exp1,9465,827,957305,10.0,0,1,1,1,9.126627206802368
1,1,4892,15,111.363,Paper_symbotic_39_37_gp_5/symbotic_agents_180_test_17,1,19,22801,6433,0,0,38,15,8538,90,/media/project0/yimin/lacam_tapf_itacbs_data/Paper_symbotic_39_37_gp_5/symbotic_agents_180_test_17.yaml,h,1.5,0,1,1523,6439,4892,4892,0,1,342,,,lacam_dfs,1,180,,343,1118323,51,2454,9071,dfs,dfs,17,10897,8538,342,8538,1,lacam_tapf,1,,exp1,8670,732,1118323,10.0,0,1,1,1,9.155956983566284
1,1,3975,21,116.101,Paper_symbotic_39_37_gp_5/symbotic_agents_190_test_4,1,33264,185668,38442,0,0,66,21,9386,35,/media/project0/yimin/lacam_tapf_itacbs_data/Paper_symbotic_39_37_gp_5/symbotic_agents_190_test_4.yaml,h,1.5,0,1,1204,38452,3975,3975,0,1,138,,,lacam_dfs,1,190,,139,947264,113,4988,9048,dfs,dfs,4,12278,9386,138,9386,1,lacam_tapf,1,,exp1,9429,661,947264,10.0,0,1,1,1,9.11691689491272
1,1,11194,6534,2208.28,Paper_symbotic_39_37_gp_5/symbotic_agents_180_test_10,1,3364,62407,14563,0,0,41,14,9935,39,/media/project0/yimin/lacam_tapf_itacbs_data/Paper_symbotic_39_37_gp_5/symbotic_agents_180_test_10.yaml,h,1.5,0,1,6,14564,11194,11194,0,1,184,,,lacam_focal_h,1,180,,11193,2222613,29446,468931,9129,focal,focal,10,12486,9935,184,9935,1,lacam_tapf,1,,exp1,10019,68879,2222613,10.0,0,1,1,1,9.215355396270752
1,1,3932,273,109.661,Paper_symbotic_39_37_gp_5/symbotic_agents_190_test_3,1,26249,112816,31335,0,0,45,13,14738,74,/media/project0/yimin/lacam_tapf_itacbs_data/Paper_symbotic_39_37_gp_5/symbotic_agents_190_test_3.yaml,h,1.5,0,1,1155,31342,3932,3932,0,1,302,,,lacam_dfs,1,190,,303,936474,174,6837,9060,dfs,dfs,3,19311,14738,302,14738,1,lacam_tapf,1,,exp1,14788,1258,936474,10.0,0,1,1,1,9.127851247787476
1,1,10832,10737,2390.95,Paper_symbotic_39_37_gp_5/symbotic_agents_180_test_12,1,6249,57467,17080,0,0,47,16,7397,33,/media/project0/yimin/lacam_tapf_itacbs_data/Paper_symbotic_39_37_gp_5/symbotic_agents_180_test_12.yaml,h,1.5,0,1,0,17081,10832,10832,0,1,110,,,lacam_focal_h,1,180,,10831,2284228,6041,686741,9129,focal,focal,12,9141,7397,110,7397,1,lacam_tapf,1,,exp1,7451,54441,2284228,10.0,0,1,1,1,9.210548877716064
1,1,11363,9,2147.02,Paper_symbotic_39_37_gp_5/symbotic_agents_180_test_9,1,2346,56128,13784,0,0,20,9,8861,62,/media/project0/yimin/lacam_tapf_itacbs_data/Paper_symbotic_39_37_gp_5/symbotic_agents_180_test_9.yaml,h,1.5,0,1,76,13785,11363,11363,0,1,257,,,lacam_focal_h,1,180,,11362,1945118,31,169208,9162,focal,focal,9,11686,8861,257,8861,1,lacam_tapf,1,,exp1,8880,111676,1945118,10.0,0,1,1,1,9.258639812469482
1,1,2924,14,89.4897,Paper_symbotic_39_37_gp_5/symbotic_agents_190_test_13,1,9576,53920,13860,0,0,50,14,8661,47,/media/project0/yimin/lacam_tapf_itacbs_data/Paper_symbotic_39_37_gp_5/symbotic_agents_190_test_13.yaml,h,1.5,0,1,1361,13875,2924,2924,0,1,199,,,lacam_dfs,1,190,,200,784805,67,2582,9033,dfs,dfs,13,10623,8661,199,8661,1,lacam_tapf,1,,exp1,8678,665,784805,10.0,0,1,1,1,9.08613109588623
1,1,3840,13,157.001,Paper_symbotic_39_37_gp_5/symbotic_agents_190_test_6,1,28429,126679,33457,0,0,32,13,9317,42,/media/project0/yimin/lacam_tapf_itacbs_data/Paper_symbotic_39_37_gp_5/symbotic_agents_190_test_6.yaml,h,1.5,0,1,1189,33467,3840,3840,0,1,128,,,lacam_dfs,1,190,,129,923271,4635,9975,9048,dfs,dfs,6,11736,9317,128,9317,1,lacam_tapf,1,,exp1,9420,561,923271,10.0,0,1,1,1,9.117205619812012
1,1,3594,17,98.505,Paper_symbotic_39_37_gp_5/symbotic_agents_190_test_12,1,3528,27855,8470,0,0,48,17,9154,49,/media/project0/yimin/lacam_tapf_itacbs_data/Paper_symbotic_39_37_gp_5/symbotic_agents_190_test_12.yaml,h,1.5,0,1,1349,8478,3594,3594,0,1,178,,,lacam_dfs,1,190,,179,907974,88,2869,9035,dfs,dfs,12,11135,9154,178,9154,1,lacam_tapf,1,,exp1,9219,689,907974,10.0,0,1,1,1,9.091079711914062
1,1,11161,19,1716.18,Paper_symbotic_39_37_gp_5/symbotic_agents_180_test_11,1,10210,69002,21370,0,0,45,19,9121,44,/media/project0/yimin/lacam_tapf_itacbs_data/Paper_symbotic_39_37_gp_5/symbotic_agents_180_test_11.yaml,h,1.5,0,1,0,21371,11161,11161,0,1,198,,,lacam_focal_h,1,180,,11161,2385712,52562,507805,9132,focal,focal,11,11783,9121,198,9121,1,lacam_tapf,1,,exp1,9153,116171,2385712,10.0,0,1,1,1,9.230074167251587
1,1,3161,9,99.9289,Paper_symbotic_39_37_gp_5/symbotic_agents_190_test_9,1,18549,70856,23436,0,0,24,9,8830,46,/media/project0/yimin/lacam_tapf_itacbs_data/Paper_symbotic_39_37_gp_5/symbotic_agents_190_test_9.yaml,h,1.5,0,1,1727,23449,3161,3161,0,1,155,,,lacam_dfs,1,190,,156,897178,1754,4220,9039,dfs,dfs,9,10958,8830,155,8830,1,lacam_tapf,1,,exp1,8847,713,897178,10.0,0,1,1,1,9.097488641738892
1,1,3904,10,90.3156,Paper_symbotic_39_37_gp_5/symbotic_agents_190_test_7,1,18329,71141,23486,0,0,35,10,10002,48,/media/project0/yimin/lacam_tapf_itacbs_data/Paper_symbotic_39_37_gp_5/symbotic_agents_190_test_7.yaml,h,1.5,0,1,1254,23495,3904,3904,0,1,243,,,lacam_dfs,1,190,,244,942848,88,4588,9052,dfs,dfs,7,12712,10002,243,10002,1,lacam_tapf,1,,exp1,10074,947,942848,10.0,0,1,1,1,9.116344690322876
1,1,3422,11,125.87,Paper_symbotic_39_37_gp_5/symbotic_agents_190_test_15,1,21348,77574,25837,0,0,41,11,9698,45,/media/project0/yimin/lacam_tapf_itacbs_data/Paper_symbotic_39_37_gp_5/symbotic_agents_190_test_15.yaml,h,1.5,0,1,1068,25847,3422,3422,0,1,152,,,lacam_dfs,1,190,,153,817632,366,12340,9036,dfs,dfs,15,12021,9698,152,9698,1,lacam_tapf,1,,exp1,9727,4983,817632,10.0,0,1,1,1,9.094148397445679
1,1,4008,15,113.144,Paper_symbotic_39_37_gp_5/symbotic_agents_190_test_10,1,5166,31147,10242,0,0,36,15,12318,84,/media/project0/yimin/lacam_tapf_itacbs_data/Paper_symbotic_39_37_gp_5/symbotic_agents_190_test_10.yaml,h,1.5,0,1,1069,10255,4008,4008,0,1,385,,,lacam_dfs,1,190,,386,933781,71,3914,9044,dfs,dfs,10,15836,12318,385,12318,1,lacam_tapf,1,,exp1,12398,1131,933781,10.0,0,1,1,1,9.109161615371704
1,1,13461,8,2407.62,Paper_symbotic_39_37_gp_5/symbotic_agents_180_test_7,1,0,45117,13463,0,0,25,8,7352,39,/media/project0/yimin/lacam_tapf_itacbs_data/Paper_symbotic_39_37_gp_5/symbotic_agents_180_test_7.yaml,h,1.5,0,1,3,13464,13461,13461,0,1,183,,,lacam_focal_h,1,180,,13460,2290739,30,353898,9169,focal,focal,7,8640,7352,183,7352,1,lacam_tapf,1,,exp1,7357,53570,2290739,10.0,0,1,1,1,9.290940999984741
1,1,7414,3809,1820.32,Paper_symbotic_39_37_gp_5/symbotic_agents_190_test_0,1,9138,70669,16552,0,0,66,28,14710,83,/media/project0/yimin/lacam_tapf_itacbs_data/Paper_symbotic_39_37_gp_5/symbotic_agents_190_test_0.yaml,h,1.5,0,1,1,16553,7414,7414,0,1,366,,,lacam_focal_h,1,190,,7414,2169944,48898,632654,9087,focal,focal,0,19273,14710,366,14710,1,lacam_tapf,1,,exp1,14817,65726,2169944,10.0,0,1,1,1,9.180068731307983
1,1,3908,37,96.2865,Paper_symbotic_39_37_gp_5/symbotic_agents_190_test_8,1,1822,22265,6917,0,0,83,37,10117,73,/media/project0/yimin/lacam_tapf_itacbs_data/Paper_symbotic_39_37_gp_5/symbotic_agents_190_test_8.yaml,h,1.5,0,1,1188,6938,3908,3908,0,1,277,,,lacam_dfs,1,190,,278,971194,321,3676,9059,dfs,dfs,8,13197,10117,277,10117,1,lacam_tapf,1,,exp1,10210,688,971194,10.0,0,1,1,1,9.124356746673584
1,1,4061,34,114.387,Paper_symbotic_39_37_gp_5/symbotic_agents_200_test_1,1,809,27477,6158,0,0,72,34,17514,118,/media/project0/yimin/lacam_tapf_itacbs_data/Paper_symbotic_39_37_gp_5/symbotic_agents_200_test_1.yaml,h,1.5,0,1,1289,6169,4061,4061,0,1,445,,,lacam_dfs,1,200,,446,1036481,273,6944,9032,dfs,dfs,1,24389,17514,445,17514,1,lacam_tapf,1,,exp1,17670,1632,1036481,10.0,0,1,1,1,9.105322360992432
1,1,3557,14,96.3113,Paper_symbotic_39_37_gp_5/symbotic_agents_200_test_0,1,15351,66038,20339,0,0,36,14,11902,67,/media/project0/yimin/lacam_tapf_itacbs_data/Paper_symbotic_39_37_gp_5/symbotic_agents_200_test_0.yaml,h,1.5,0,1,1432,20352,3557,3557,0,1,248,,,lacam_dfs,1,200,,249,965374,494,4576,9038,dfs,dfs,0,15051,11902,248,11902,1,lacam_tapf,1,,exp1,11907,925,965374,10.0,0,1,1,1,9.107021808624268
1,1,11226,10976,1774.62,Paper_symbotic_39_37_gp_5/symbotic_agents_180_test_14,1,5427,69605,16709,0,0,64,24,8122,67,/media/project0/yimin/lacam_tapf_itacbs_data/Paper_symbotic_39_37_gp_5/symbotic_agents_180_test_14.yaml,h,1.5,0,1,57,16710,11226,11226,0,1,273,,,lacam_focal_h,1,180,,11225,2316978,49127,379789,9137,focal,focal,14,11368,8122,273,8122,1,lacam_tapf,1,,exp1,8232,180907,2316978,10.0,0,1,1,1,9.245799779891968
1,1,10019,13,1866.01,Paper_symbotic_39_37_gp_5/symbotic_agents_180_test_15,1,3545,57736,13577,0,0,43,13,8541,36,/media/project0/yimin/lacam_tapf_itacbs_data/Paper_symbotic_39_37_gp_5/symbotic_agents_180_test_15.yaml,h,1.5,0,1,14,13578,10019,10019,0,1,201,,,lacam_focal_h,1,180,,10019,1958572,6226,352357,9137,focal,focal,15,11333,8541,201,8541,1,lacam_tapf,1,,exp1,8549,134578,1958572,10.0,0,1,1,1,9.245142936706543
1,1,4839,19,91.9639,Paper_symbotic_39_37_gp_5/symbotic_agents_190_test_19,1,2823,35573,8699,0,0,54,19,8155,37,/media/project0/yimin/lacam_tapf_itacbs_data/Paper_symbotic_39_37_gp_5/symbotic_agents_190_test_19.yaml,h,1.5,0,1,1038,8706,4839,4839,0,1,197,,,lacam_dfs,1,190,,198,1398745,2872,2885,9057,dfs,dfs,19,10172,8155,197,8155,1,lacam_tapf,1,,exp1,8187,512,1398745,10.0,0,1,1,1,9.12324047088623
1,1,5351,169,110.735,Paper_symbotic_39_37_gp_5/symbotic_agents_190_test_18,1,7557,47558,13923,0,0,359,169,10631,45,/media/project0/yimin/lacam_tapf_itacbs_data/Paper_symbotic_39_37_gp_5/symbotic_agents_190_test_18.yaml,h,1.5,0,1,1016,13933,5351,5351,0,1,252,,,lacam_dfs,1,190,,253,1168681,56,5667,9053,dfs,dfs,18,13843,10631,252,10631,1,lacam_tapf,1,,exp1,10916,950,1168681,10.0,0,1,1,1,9.128320932388306
1,1,4862,13,109.372,Paper_symbotic_39_37_gp_5/symbotic_agents_190_test_17,1,11213,84514,17364,0,0,32,13,10163,67,/media/project0/yimin/lacam_tapf_itacbs_data/Paper_symbotic_39_37_gp_5/symbotic_agents_190_test_17.yaml,h,1.5,0,1,1290,17377,4862,4862,0,1,276,,,lacam_dfs,1,190,,277,1300546,2917,3657,9050,dfs,dfs,17,13779,10163,276,10163,1,lacam_tapf,1,,exp1,10204,1055,1300546,10.0,0,1,1,1,9.132014751434326
1,1,3209,22,88.792,Paper_symbotic_39_37_gp_5/symbotic_agents_190_test_16,1,56228,184071,60939,0,0,55,22,8100,46,/media/project0/yimin/lacam_tapf_itacbs_data/Paper_symbotic_39_37_gp_5/symbotic_agents_190_test_16.yaml,h,1.5,0,1,1503,60956,3209,3209,0,1,165,,,lacam_dfs,1,190,,166,1053754,1454,2774,9051,dfs,dfs,16,10327,8100,165,8100,1,lacam_tapf,1,,exp1,8178,609,1053754,10.0,0,1,1,1,9.13399887084961
1,1,12044,11820,1676.24,Paper_symbotic_39_37_gp_5/symbotic_agents_180_test_8,1,1114,44086,13286,0,0,1575,523,15446,156,/media/project0/yimin/lacam_tapf_itacbs_data/Paper_symbotic_39_37_gp_5/symbotic_agents_180_test_8.yaml,h,1.5,0,1,129,13287,12044,12044,0,1,746,,,lacam_focal_h,1,180,,12043,2042142,11438,225599,9174,focal,focal,8,27332,15446,746,15446,1,lacam_tapf,1,,exp1,16182,126877,2042142,10.0,0,1,1,1,9.324136734008789
1,1,3493,11,103.843,Paper_symbotic_39_37_gp_5/symbotic_agents_190_test_5,1,125982,492219,130646,0,0,28,11,9117,62,/media/project0/yimin/lacam_tapf_itacbs_data/Paper_symbotic_39_37_gp_5/symbotic_agents_190_test_5.yaml,h,1.5,0,1,1172,130663,3493,3493,0,1,234,,,lacam_dfs,1,190,,235,849878,89,3495,9051,dfs,dfs,5,12292,9117,234,9117,1,lacam_tapf,1,,exp1,9202,618,849878,10.0,0,1,1,1,9.190210819244385
1,1,5097,16,121.935,Paper_symbotic_39_37_gp_5/symbotic_agents_190_test_14,1,31456,130276,37673,0,0,34,16,9527,42,/media/project0/yimin/lacam_tapf_itacbs_data/Paper_symbotic_39_37_gp_5/symbotic_agents_190_test_14.yaml,h,1.5,0,1,1121,37688,5097,5097,0,1,215,,,lacam_dfs,1,190,,216,1135261,76,2845,9057,dfs,dfs,14,12240,9527,215,9527,1,lacam_tapf,1,,exp1,9675,718,1135261,10.0,0,1,1,1,9.150537729263306
1,1,12108,5902,2599.12,Paper_symbotic_39_37_gp_5/symbotic_agents_180_test_18,1,1624,62914,13827,0,0,38,16,15086,100,/media/project0/yimin/lacam_tapf_itacbs_data/Paper_symbotic_39_37_gp_5/symbotic_agents_180_test_18.yaml,h,1.5,0,1,96,13828,12108,12108,0,1,478,,,lacam_focal_h,1,180,,12107,2230854,14379,389317,9120,focal,focal,18,23105,15086,478,15086,1,lacam_tapf,1,,exp1,15156,131732,2230854,10.0,0,1,1,1,9.255806684494019
1,1,9932,16,2079.41,Paper_symbotic_39_37_gp_5/symbotic_agents_190_test_1,1,12820,86658,22855,0,0,44,16,10141,79,/media/project0/yimin/lacam_tapf_itacbs_data/Paper_symbotic_39_37_gp_5/symbotic_agents_190_test_1.yaml,h,1.5,0,1,104,22856,9932,9932,0,1,363,,,lacam_focal_h,1,190,,9932,2500334,65438,593493,9105,focal,focal,1,15999,10141,363,10141,1,lacam_tapf,1,,exp1,10191,47372,2500334,10.0,0,1,1,1,9.232480764389038
1,1,8247,11,1967.12,Paper_symbotic_39_37_gp_5/symbotic_agents_190_test_5,1,4664,55536,12914,0,0,28,11,9117,59,/media/project0/yimin/lacam_tapf_itacbs_data/Paper_symbotic_39_37_gp_5/symbotic_agents_190_test_5.yaml,h,1.5,0,1,4,12915,8247,8247,0,1,234,,,lacam_focal_h,1,190,,8246,1912318,59444,552453,9083,focal,focal,5,12292,9117,234,9117,1,lacam_tapf,1,,exp1,9202,72162,1912318,10.0,0,1,1,1,9.19806718826294
1,1,8101,3412,2260.63,Paper_symbotic_39_37_gp_5/symbotic_agents_190_test_8,1,6284,44571,14419,0,0,83,37,10117,83,/media/project0/yimin/lacam_tapf_itacbs_data/Paper_symbotic_39_37_gp_5/symbotic_agents_190_test_8.yaml,h,1.5,0,1,35,14420,8101,8101,0,1,277,,,lacam_focal_h,1,190,,8100,2140012,39362,579852,9069,focal,focal,8,13197,10117,277,10117,1,lacam_tapf,1,,exp1,10210,63543,2140012,10.0,0,1,1,1,9.177772998809814
1,1,4947,20,138.639,Paper_symbotic_39_37_gp_5/symbotic_agents_190_test_11,1,35039,198180,41127,0,0,56,20,10197,71,/media/project0/yimin/lacam_tapf_itacbs_data/Paper_symbotic_39_37_gp_5/symbotic_agents_190_test_11.yaml,h,1.5,0,1,1142,41135,4947,4947,0,1,288,,,lacam_dfs,1,190,,289,1106469,45,3423,9066,dfs,dfs,11,14658,10197,288,10197,1,lacam_tapf,1,,exp1,10364,802,1106469,10.0,0,1,1,1,9.171751976013184
1,1,11133,12,2023.6,Paper_symbotic_39_37_gp_5/symbotic_agents_180_test_13,1,10278,94260,21413,0,0,26,12,10349,61,/media/project0/yimin/lacam_tapf_itacbs_data/Paper_symbotic_39_37_gp_5/symbotic_agents_180_test_13.yaml,h,1.5,0,1,3,21414,11133,11133,0,1,249,,,lacam_focal_h,1,180,,11133,2355337,7952,497192,9157,focal,focal,13,13273,10349,249,10349,1,lacam_tapf,1,,exp1,10425,95268,2355337,10.0,0,1,1,1,9.29712724685669
1,1,9790,13,2076.72,Paper_symbotic_39_37_gp_5/symbotic_agents_190_test_3,1,10772,64746,20561,0,0,45,13,14738,74,/media/project0/yimin/lacam_tapf_itacbs_data/Paper_symbotic_39_37_gp_5/symbotic_agents_190_test_3.yaml,h,1.5,0,1,0,20562,9790,9790,0,1,302,,,lacam_focal_h,1,190,,9790,2594321,88711,834628,9107,focal,focal,3,19311,14738,302,14738,1,lacam_tapf,1,,exp1,14788,144084,2594321,10.0,0,1,1,1,9.225317239761353
1,1,7545,15,1592.8,Paper_symbotic_39_37_gp_5/symbotic_agents_190_test_10,1,18998,124997,26545,0,0,36,15,12318,84,/media/project0/yimin/lacam_tapf_itacbs_data/Paper_symbotic_39_37_gp_5/symbotic_agents_190_test_10.yaml,h,1.5,0,1,3,26546,7545,7545,0,1,385,,,lacam_focal_h,1,190,,7544,2987838,57183,675326,9068,focal,focal,10,15836,12318,385,12318,1,lacam_tapf,1,,exp1,12398,225704,2987838,10.0,0,1,1,1,9.181620121002197
1,1,8749,8046,2305.62,Paper_symbotic_39_37_gp_5/symbotic_agents_190_test_12,1,6348,61066,15097,0,0,48,17,9154,48,/media/project0/yimin/lacam_tapf_itacbs_data/Paper_symbotic_39_37_gp_5/symbotic_agents_190_test_12.yaml,h,1.5,0,1,1,15098,8749,8749,0,1,178,,,lacam_focal_h,1,190,,8748,2257317,21664,585778,9076,focal,focal,12,11135,9154,178,9154,1,lacam_tapf,1,,exp1,9219,75215,2257317,10.0,0,1,1,1,9.179325103759766
1,1,13908,15,2128.45,Paper_symbotic_39_37_gp_5/symbotic_agents_180_test_16,1,0,58850,13909,0,0,47,15,6515,26,/media/project0/yimin/lacam_tapf_itacbs_data/Paper_symbotic_39_37_gp_5/symbotic_agents_180_test_16.yaml,h,1.5,0,1,2,13910,13908,13908,0,1,116,,,lacam_focal_h,1,180,,13907,2381599,43,251621,9147,focal,focal,16,7887,6515,116,6515,1,lacam_tapf,1,,exp1,6525,41771,2381599,10.0,0,1,1,1,9.284604787826538
1,1,11543,1245,2149.17,Paper_symbotic_39_37_gp_5/symbotic_agents_180_test_17,1,1624,64182,13358,0,0,38,15,8538,82,/media/project0/yimin/lacam_tapf_itacbs_data/Paper_symbotic_39_37_gp_5/symbotic_agents_180_test_17.yaml,h,1.5,0,1,192,13359,11543,11543,0,1,342,,,lacam_focal_h,1,180,,11542,2016693,638,255515,9154,focal,focal,17,10897,8538,342,8538,1,lacam_tapf,1,,exp1,8670,46010,2016693,10.0,0,1,1,1,9.281662225723267
1,1,10216,13,2840.17,Paper_symbotic_39_37_gp_5/symbotic_agents_190_test_6,1,3236,66600,13452,0,0,32,13,9317,43,/media/project0/yimin/lacam_tapf_itacbs_data/Paper_symbotic_39_37_gp_5/symbotic_agents_190_test_6.yaml,h,1.5,0,1,1,13453,10216,10216,0,1,128,,,lacam_focal_h,1,190,,10215,2065966,12317,616353,9086,focal,focal,6,11736,9317,128,9317,1,lacam_tapf,1,,exp1,9420,75057,2065966,10.0,0,1,1,1,9.206495523452759
1,1,9227,2277,1980.72,Paper_symbotic_39_37_gp_5/symbotic_agents_190_test_16,1,10755,63294,19982,0,0,55,22,8100,46,/media/project0/yimin/lacam_tapf_itacbs_data/Paper_symbotic_39_37_gp_5/symbotic_agents_190_test_16.yaml,h,1.5,0,1,1,19983,9227,9227,0,1,165,,,lacam_focal_h,1,190,,9226,2827496,82275,883388,9078,focal,focal,16,10327,8100,165,8100,1,lacam_tapf,1,,exp1,8178,99388,2827496,10.0,0,1,1,1,9.179662704467773
1,1,9327,9141,1742.34,Paper_symbotic_39_37_gp_5/symbotic_agents_190_test_13,1,14116,116253,23442,0,0,50,14,8661,50,/media/project0/yimin/lacam_tapf_itacbs_data/Paper_symbotic_39_37_gp_5/symbotic_agents_190_test_13.yaml,h,1.5,0,1,0,23443,9327,9327,0,1,199,,,lacam_focal_h,1,190,,9326,2621745,28668,611689,9076,focal,focal,13,10623,8661,199,8661,1,lacam_tapf,1,,exp1,8678,161041,2621745,10.0,0,1,1,1,9.188409566879272
1,1,12693,2013,2433.43,Paper_symbotic_39_37_gp_5/symbotic_agents_180_test_19,1,0,55442,12696,0,0,35,14,7739,33,/media/project0/yimin/lacam_tapf_itacbs_data/Paper_symbotic_39_37_gp_5/symbotic_agents_180_test_19.yaml,h,1.5,0,1,4,12697,12693,12693,0,1,123,,,lacam_focal_h,1,180,,12692,2184624,27,456567,9137,focal,focal,19,9441,7739,123,7739,1,lacam_tapf,1,,exp1,7746,38188,2184624,10.0,0,1,1,1,9.263132810592651
1,1,9520,13,2483.31,Paper_symbotic_39_37_gp_5/symbotic_agents_190_test_17,1,123,40234,9650,0,0,32,13,10163,68,/media/project0/yimin/lacam_tapf_itacbs_data/Paper_symbotic_39_37_gp_5/symbotic_agents_190_test_17.yaml,h,1.5,0,1,8,9651,9520,9520,0,1,276,,,lacam_focal_h,1,190,,9519,1735919,6373,463732,9081,focal,focal,17,13779,10163,276,10163,1,lacam_tapf,1,,exp1,10204,75734,1735919,10.0,0,1,1,1,9.179915189743042
1,1,11264,5558,2837.99,Paper_symbotic_39_37_gp_5/symbotic_agents_190_test_7,1,0,39299,11269,0,0,35,10,10002,52,/media/project0/yimin/lacam_tapf_itacbs_data/Paper_symbotic_39_37_gp_5/symbotic_agents_190_test_7.yaml,h,1.5,0,1,6,11270,11264,11264,0,1,243,,,lacam_focal_h,1,190,,11263,2051488,13809,523949,9089,focal,focal,7,12712,10002,243,10002,1,lacam_tapf,1,,exp1,10074,89111,2051488,10.0,0,1,1,1,9.20219111442566
1,1,10890,269,1782.14,Paper_symbotic_39_37_gp_5/symbotic_agents_190_test_2,1,8428,76780,19323,0,0,32,14,9368,65,/media/project0/yimin/lacam_tapf_itacbs_data/Paper_symbotic_39_37_gp_5/symbotic_agents_190_test_2.yaml,h,1.5,0,1,6,19324,10890,10890,0,1,300,,,lacam_focal_h,1,190,,10889,2316841,5693,385807,9140,focal,focal,2,11917,9368,300,9368,1,lacam_tapf,1,,exp1,9465,212374,2316841,10.0,0,1,1,1,9.254241466522217
1,1,11185,3973,2908.75,Paper_symbotic_39_37_gp_5/symbotic_agents_190_test_19,1,2184,48320,13377,0,0,54,19,8155,42,/media/project0/yimin/lacam_tapf_itacbs_data/Paper_symbotic_39_37_gp_5/symbotic_agents_190_test_19.yaml,h,1.5,0,1,9,13378,11185,11185,0,1,197,,,lacam_focal_h,1,190,,11184,2000635,51,435003,9080,focal,focal,19,10172,8155,197,8155,1,lacam_tapf,1,,exp1,8187,96613,2000635,10.0,0,1,1,1,9.181203603744507
1,1,11302,9,2624.62,Paper_symbotic_39_37_gp_5/symbotic_agents_190_test_9,1,1025,61297,12326,0,0,24,9,8830,46,/media/project0/yimin/lacam_tapf_itacbs_data/Paper_symbotic_39_37_gp_5/symbotic_agents_190_test_9.yaml,h,1.5,0,1,0,12327,11302,11302,0,1,155,,,lacam_focal_h,1,190,,11301,2024101,52,327936,9093,focal,focal,9,10958,8830,155,8830,1,lacam_tapf,1,,exp1,8847,78735,2024101,10.0,0,1,1,1,9.199306011199951
1,1,11445,234,2727.82,Paper_symbotic_39_37_gp_5/symbotic_agents_190_test_4,1,0,54973,11445,0,0,66,21,9386,45,/media/project0/yimin/lacam_tapf_itacbs_data/Paper_symbotic_39_37_gp_5/symbotic_agents_190_test_4.yaml,h,1.5,0,1,1,11446,11445,11445,0,1,138,,,lacam_focal_h,1,190,,11444,2086037,26570,482346,9120,focal,focal,4,12278,9386,138,9386,1,lacam_tapf,1,,exp1,9429,57196,2086037,10.0,0,1,1,1,9.232759237289429
1,1,11523,3708,2274.75,Paper_symbotic_39_37_gp_5/symbotic_agents_190_test_15,1,4441,66311,15965,0,0,41,11,9698,47,/media/project0/yimin/lacam_tapf_itacbs_data/Paper_symbotic_39_37_gp_5/symbotic_agents_190_test_15.yaml,h,1.5,0,1,2,15966,11523,11523,0,1,152,,,lacam_focal_h,1,190,,11522,2394961,28992,555619,9090,focal,focal,15,12021,9698,152,9698,1,lacam_tapf,1,,exp1,9727,141143,2394961,10.0,0,1,1,1,9.187105894088745
1,1,11689,2952,2105.01,Paper_symbotic_39_37_gp_5/symbotic_agents_190_test_14,1,1937,66238,13625,0,0,34,16,9527,57,/media/project0/yimin/lacam_tapf_itacbs_data/Paper_symbotic_39_37_gp_5/symbotic_agents_190_test_14.yaml,h,1.5,0,1,0,13626,11689,11689,0,1,215,,,lacam_focal_h,1,190,,11688,2245030,6420,427812,9086,focal,focal,14,12240,9527,215,9527,1,lacam_tapf,1,,exp1,9675,90878,2245030,10.0,0,1,1,1,9.190451622009277
1,1,11682,20,2612.01,Paper_symbotic_39_37_gp_5/symbotic_agents_190_test_11,1,0,46146,11687,0,0,56,20,10197,70,/media/project0/yimin/lacam_tapf_itacbs_data/Paper_symbotic_39_37_gp_5/symbotic_agents_190_test_11.yaml,h,1.5,0,1,6,11688,11682,11682,0,1,288,,,lacam_focal_h,1,190,,11681,2098183,27,366827,9101,focal,focal,11,14658,10197,288,10197,1,lacam_tapf,1,,exp1,10364,76158,2098183,10.0,0,1,1,1,9.198079824447632
1,1,12596,2849,2480.84,Paper_symbotic_39_37_gp_5/symbotic_agents_190_test_18,1,1,46374,12600,0,0,359,169,10631,66,/media/project0/yimin/lacam_tapf_itacbs_data/Paper_symbotic_39_37_gp_5/symbotic_agents_190_test_18.yaml,h,1.5,0,1,4,12601,12596,12596,0,1,252,,,lacam_focal_h,1,190,,12595,2264956,14289,436373,9094,focal,focal,18,13843,10631,252,10631,1,lacam_tapf,1,,exp1,10916,51089,2264956,10.0,0,1,1,1,9.18503999710083
1,1,11358,7585,2595.19,Paper_symbotic_39_37_gp_5/symbotic_agents_200_test_0,1,0,47246,11357,0,0,36,14,11902,68,/media/project0/yimin/lacam_tapf_itacbs_data/Paper_symbotic_39_37_gp_5/symbotic_agents_200_test_0.yaml,h,1.5,0,1,0,11358,11358,11358,0,1,248,,,lacam_focal_h,1,200,,11357,2153913,137,439852,9090,focal,focal,0,15051,11902,248,11902,1,lacam_tapf,1,,exp1,11907,112027,2153913,10.0,0,1,1,1,9.18372368812561
1,1,7209,19,112.317,Paper_symbotic_39_37_gp_5/symbotic_agents_200_test_2,1,55800,215669,64924,0,0,68,19,12905,112,/media/project0/yimin/lacam_tapf_itacbs_data/Paper_symbotic_39_37_gp_5/symbotic_agents_200_test_2.yaml,h,1.5,0,1,1916,64937,7209,7209,0,1,355,,,lacam_dfs,1,200,,356,2073449,5438,6366,9041,dfs,dfs,2,16798,12905,355,12905,1,lacam_tapf,1,,exp1,13175,1228,2073449,10.0,0,1,1,1,9.10914421081543
1,1,7928,51,136.172,Paper_symbotic_39_37_gp_5/symbotic_agents_200_test_3,1,17069,131950,26471,0,0,36,13,9453,62,/media/project0/yimin/lacam_tapf_itacbs_data/Paper_symbotic_39_37_gp_5/symbotic_agents_200_test_3.yaml,h,1.5,0,1,1475,26478,7928,7928,0,1,238,,,lacam_dfs,1,200,,239,1835015,187,5084,9040,dfs,dfs,3,12903,9453,238,9453,1,lacam_tapf,1,,exp1,9471,606,1835015,10.0,0,1,1,1,9.094505786895752
1,1,16202,34,1873.22,Paper_symbotic_39_37_gp_5/symbotic_agents_200_test_1,1,10967,114971,27341,0,0,72,34,17514,147,/media/project0/yimin/lacam_tapf_itacbs_data/Paper_symbotic_39_37_gp_5/symbotic_agents_200_test_1.yaml,h,1.5,0,1,173,27342,16202,16202,0,1,445,,,lacam_focal_h,1,200,,16202,3531219,63193,808186,9085,focal,focal,1,24389,17514,445,17514,1,lacam_tapf,1,,exp1,17670,194554,3531219,10.0,0,1,1,1,9.158187627792358
1,1,5554,21,105.766,Paper_symbotic_39_37_gp_5/symbotic_agents_200_test_4,1,59362,265377,67229,0,0,53,21,11561,88,/media/project0/yimin/lacam_tapf_itacbs_data/Paper_symbotic_39_37_gp_5/symbotic_agents_200_test_4.yaml,h,1.5,0,1,2314,67242,5554,5554,0,1,305,,,lacam_dfs,1,200,,306,1679778,3027,8984,9030,dfs,dfs,4,15442,11561,305,11561,1,lacam_tapf,1,,exp1,11591,1043,1679778,10.0,0,1,1,1,9.102763891220093
1,1,5591,24,91.1892,Paper_symbotic_39_37_gp_5/symbotic_agents_200_test_5,1,45291,178568,52929,0,0,63,24,11444,60,/media/project0/yimin/lacam_tapf_itacbs_data/Paper_symbotic_39_37_gp_5/symbotic_agents_200_test_5.yaml,h,1.5,0,1,2048,52944,5591,5591,0,1,223,,,lacam_dfs,1,200,,224,1548108,793,7582,9030,dfs,dfs,5,15683,11444,223,11444,1,lacam_tapf,1,,exp1,11585,850,1548108,10.0,0,1,1,1,9.086867332458496
1,1,20863,7010,2717.96,Paper_symbotic_39_37_gp_5/symbotic_agents_200_test_2,1,0,90649,20862,0,0,68,19,12905,78,/media/project0/yimin/lacam_tapf_itacbs_data/Paper_symbotic_39_37_gp_5/symbotic_agents_200_test_2.yaml,h,1.5,0,1,0,20863,20863,20863,0,1,355,,,lacam_focal_h,1,200,,20862,3956406,60233,965141,9105,focal,focal,2,16798,12905,355,12905,1,lacam_tapf,1,,exp1,13175,185754,3956406,10.0,0,1,1,1,9.168110609054565
1,1,7083,16,105.523,Paper_symbotic_39_37_gp_5/symbotic_agents_200_test_6,1,1,36594,9016,0,0,43,16,11751,85,/media/project0/yimin/lacam_tapf_itacbs_data/Paper_symbotic_39_37_gp_5/symbotic_agents_200_test_6.yaml,h,1.5,0,1,1933,9028,7083,7083,0,1,281,,,lacam_dfs,1,200,,282,1741173,56,3531,9041,dfs,dfs,6,14946,11751,281,11751,1,lacam_tapf,1,,exp1,11808,1117,1741173,10.0,0,1,1,1,9.099082231521606
1,1,7371,19,115.179,Paper_symbotic_39_37_gp_5/symbotic_agents_200_test_7,1,9418,71002,18644,0,0,61,19,10742,78,/media/project0/yimin/lacam_tapf_itacbs_data/Paper_symbotic_39_37_gp_5/symbotic_agents_200_test_7.yaml,h,1.5,0,1,1856,18653,7371,7371,0,1,256,,,lacam_dfs,1,200,,257,1940985,3752,8988,9034,dfs,dfs,7,13640,10742,256,10742,1,lacam_tapf,1,,exp1,10783,828,1940985,10.0,0,1,1,1,9.098569869995117
1,1,7170,113,119.876,Paper_symbotic_39_37_gp_5/symbotic_agents_200_test_8,1,17724,97506,26586,0,0,40,16,11591,63,/media/project0/yimin/lacam_tapf_itacbs_data/Paper_symbotic_39_37_gp_5/symbotic_agents_200_test_8.yaml,h,1.5,0,1,1693,26603,7170,7170,0,1,205,,,lacam_dfs,1,200,,206,1707307,119,7622,9039,dfs,dfs,8,15131,11591,205,11591,1,lacam_tapf,1,,exp1,11696,977,1707307,10.0,0,1,1,1,9.095186948776245
1,1,19145,13,2442.54,Paper_symbotic_39_37_gp_5/symbotic_agents_200_test_3,1,8275,95363,27428,0,0,36,13,9453,79,/media/project0/yimin/lacam_tapf_itacbs_data/Paper_symbotic_39_37_gp_5/symbotic_agents_200_test_3.yaml,h,1.5,0,1,9,27429,19145,19145,0,1,238,,,lacam_focal_h,1,200,,19144,4238330,79831,926627,9093,focal,focal,3,12903,9453,238,9453,1,lacam_tapf,1,,exp1,9471,290312,4238330,10.0,0,1,1,1,9.171467542648315
1,1,13777,13577,2147.43,Paper_symbotic_39_37_gp_5/symbotic_agents_200_test_5,1,21762,121628,35538,0,0,63,24,11444,70,/media/project0/yimin/lacam_tapf_itacbs_data/Paper_symbotic_39_37_gp_5/symbotic_agents_200_test_5.yaml,h,1.5,0,1,0,35539,13777,13777,0,1,223,,,lacam_focal_h,1,200,,13777,5153825,37333,1466024,9059,focal,focal,5,15683,11444,223,11444,1,lacam_tapf,1,,exp1,11585,379049,5153825,10.0,0,1,1,1,9.122404336929321
1,1,6766,15,92.0952,Paper_symbotic_39_37_gp_5/symbotic_agents_200_test_10,1,25551,109771,34383,0,0,52,15,13025,77,/media/project0/yimin/lacam_tapf_itacbs_data/Paper_symbotic_39_37_gp_5/symbotic_agents_200_test_10.yaml,h,1.5,0,1,2067,34398,6766,6766,0,1,323,,,lacam_dfs,1,200,,324,2104175,2449,4552,9035,dfs,dfs,10,15926,13025,323,13025,1,lacam_tapf,1,,exp1,13033,1293,2104175,10.0,0,1,1,1,9.08089280128479
1,1,5920,14,103.511,Paper_symbotic_39_37_gp_5/symbotic_agents_200_test_11,1,8665,50386,16573,0,0,38,14,9828,57,/media/project0/yimin/lacam_tapf_itacbs_data/Paper_symbotic_39_37_gp_5/symbotic_agents_200_test_11.yaml,h,1.5,0,1,1989,16587,5920,5920,0,1,173,,,lacam_dfs,1,200,,174,1692293,2181,3081,9033,dfs,dfs,11,12137,9828,173,9828,1,lacam_tapf,1,,exp1,9888,606,1692293,10.0,0,1,1,1,9.075598001480103
1,1,3850,17,77.4049,Paper_symbotic_39_37_gp_5/symbotic_agents_200_test_13,1,17484,75024,24364,0,0,51,17,9797,47,/media/project0/yimin/lacam_tapf_itacbs_data/Paper_symbotic_39_37_gp_5/symbotic_agents_200_test_13.yaml,h,1.5,0,1,3031,24375,3850,3850,0,1,136,,,lacam_dfs,1,200,,137,1327053,3160,11078,9019,dfs,dfs,13,12805,9797,136,9797,1,lacam_tapf,1,,exp1,9990,610,1327053,10.0,0,1,1,1,9.074402332305908
1,1,19172,2397,2795.17,Paper_symbotic_39_37_gp_5/symbotic_agents_200_test_4,1,4951,104444,24124,0,0,53,21,11561,77,/media/project0/yimin/lacam_tapf_itacbs_data/Paper_symbotic_39_37_gp_5/symbotic_agents_200_test_4.yaml,h,1.5,0,1,2,24125,19172,19172,0,1,305,,,lacam_focal_h,1,200,,19171,3628916,37957,1000442,9094,focal,focal,4,15442,11561,305,11561,1,lacam_tapf,1,,exp1,11591,177377,3628916,10.0,0,1,1,1,9.162841081619263
1,1,18079,14236,2681.08,Paper_symbotic_39_37_gp_5/symbotic_agents_200_test_6,1,7323,102328,25442,0,0,43,16,11751,70,/media/project0/yimin/lacam_tapf_itacbs_data/Paper_symbotic_39_37_gp_5/symbotic_agents_200_test_6.yaml,h,1.5,0,1,41,25443,18079,18079,0,1,281,,,lacam_focal_h,1,200,,18078,3949227,55552,1225755,9089,focal,focal,6,14946,11751,281,11751,1,lacam_tapf,1,,exp1,11808,158283,3949227,10.0,0,1,1,1,9.145851135253906
1,1,6196,20,84.1994,Paper_symbotic_39_37_gp_5/symbotic_agents_200_test_16,1,3811,44599,12787,0,0,48,20,9457,54,/media/project0/yimin/lacam_tapf_itacbs_data/Paper_symbotic_39_37_gp_5/symbotic_agents_200_test_16.yaml,h,1.5,0,1,2781,12794,6196,6196,0,1,182,,,lacam_dfs,1,200,,183,1735135,75,2902,9027,dfs,dfs,16,11613,9457,182,9457,1,lacam_tapf,1,,exp1,9475,635,1735135,10.0,0,1,1,1,9.072710514068604
1,1,8350,586,125.675,Paper_symbotic_39_37_gp_5/symbotic_agents_200_test_9,1,57474,283774,67934,0,0,1190,586,21465,169,/media/project0/yimin/lacam_tapf_itacbs_data/Paper_symbotic_39_37_gp_5/symbotic_agents_200_test_9.yaml,h,1.5,0,1,2111,67947,8350,8350,0,1,842,,,lacam_dfs,1,200,,843,2106570,5265,11334,9047,dfs,dfs,9,41331,21465,842,21465,1,lacam_tapf,1,,exp1,22882,2099,2106570,10.0,0,1,1,1,9.118677139282227
1,1,10913,4162,1449.72,Paper_symbotic_39_37_gp_5/symbotic_agents_200_test_14,1,41836,202537,52748,0,0,53,21,11584,51,/media/project0/yimin/lacam_tapf_itacbs_data/Paper_symbotic_39_37_gp_5/symbotic_agents_200_test_14.yaml,h,1.5,0,1,0,52749,10913,10913,0,1,197,,,lacam_focal_h,1,200,,10912,6368649,110961,1798037,9045,focal,focal,14,14372,11584,197,11584,1,lacam_tapf,1,,exp1,11782,360492,6368649,10.0,0,1,1,1,9.101025581359863
1,1,14474,7009,2169.69,Paper_symbotic_39_37_gp_5/symbotic_agents_200_test_10,1,23543,137112,38016,0,0,52,15,13025,80,/media/project0/yimin/lacam_tapf_itacbs_data/Paper_symbotic_39_37_gp_5/symbotic_agents_200_test_10.yaml,h,1.5,0,1,0,38017,14474,14474,0,1,323,,,lacam_focal_h,1,200,,14474,4616407,42459,1315336,9060,focal,focal,10,15926,13025,323,13025,1,lacam_tapf,1,,exp1,13033,118045,4616407,10.0,0,1,1,1,9.124648094177246
1,1,5610,16,81.0625,Paper_symbotic_39_37_gp_5/symbotic_agents_200_test_17,1,4264,37282,12139,0,0,40,16,13714,94,/media/project0/yimin/lacam_tapf_itacbs_data/Paper_symbotic_39_37_gp_5/symbotic_agents_200_test_17.yaml,h,1.5,0,1,2266,12145,5610,5610,0,1,310,,,lacam_dfs,1,200,,311,1527392,142,4774,9022,dfs,dfs,17,18434,13714,310,13714,1,lacam_tapf,1,,exp1,13812,1109,1527392,10.0,0,1,1,1,9.075468063354492
1,1,5389,11,82.6721,Paper_symbotic_39_37_gp_5/symbotic_agents_200_test_19,1,49803,179237,57538,0,0,37,11,8798,30,/media/project0/yimin/lacam_tapf_itacbs_data/Paper_symbotic_39_37_gp_5/symbotic_agents_200_test_19.yaml,h,1.5,0,1,2347,57554,5389,5389,0,1,149,,,lacam_dfs,1,200,,150,1500482,599,2854,9019,dfs,dfs,19,10973,8798,149,8798,1,lacam_tapf,1,,exp1,8855,535,1500482,10.0,0,1,1,1,9.0632643699646
1,1,7091,20,154.367,Paper_symbotic_39_37_gp_5/symbotic_agents_200_test_12,1,92899,424394,101924,0,0,53,20,12155,53,/media/project0/yimin/lacam_tapf_itacbs_data/Paper_symbotic_39_37_gp_5/symbotic_agents_200_test_12.yaml,h,1.5,0,1,1935,101940,7091,7091,0,1,208,,,lacam_dfs,1,200,,209,1730048,223,10965,9060,dfs,dfs,12,16881,12155,208,12155,1,lacam_tapf,1,,exp1,12288,8439,1730048,10.0,0,1,1,1,9.128101348876953
1,1,15838,2596,2286.24,Paper_symbotic_39_37_gp_5/symbotic_agents_200_test_8,1,13645,106618,29482,0,0,40,16,11591,60,/media/project0/yimin/lacam_tapf_itacbs_data/Paper_symbotic_39_37_gp_5/symbotic_agents_200_test_8.yaml,h,1.5,0,1,0,29483,15838,15838,0,1,205,,,lacam_focal_h,1,200,,15837,4691015,88356,1187243,9077,focal,focal,8,15131,11591,205,11591,1,lacam_tapf,1,,exp1,11696,176639,4691015,10.0,0,1,1,1,9.151198863983154
1,1,7277,61,95.4585,Paper_symbotic_39_37_gp_5/symbotic_agents_200_test_15,1,254839,892283,264270,0,0,142,61,10256,60,/media/project0/yimin/lacam_tapf_itacbs_data/Paper_symbotic_39_37_gp_5/symbotic_agents_200_test_15.yaml,h,1.5,0,1,2155,264283,7277,7277,0,1,215,,,lacam_dfs,1,200,,216,1802950,80,3557,9040,dfs,dfs,15,12809,10256,215,10256,1,lacam_tapf,1,,exp1,10391,662,1802950,10.0,0,1,1,1,9.129189729690552
1,1,19913,9830,3070.84,Paper_symbotic_39_37_gp_5/symbotic_agents_200_test_7,1,28,98751,19972,0,0,61,19,10742,94,/media/project0/yimin/lacam_tapf_itacbs_data/Paper_symbotic_39_37_gp_5/symbotic_agents_200_test_7.yaml,h,1.5,0,1,32,19973,19913,19913,0,1,256,,,lacam_focal_h,1,200,,19912,3781499,45287,894113,9095,focal,focal,7,13640,10742,256,10742,1,lacam_tapf,1,,exp1,10783,177602,3781499,10.0,0,1,1,1,9.192169666290283
1,1,18291,18127,2793.78,Paper_symbotic_39_37_gp_5/symbotic_agents_200_test_11,1,5920,103900,24210,0,0,38,14,9828,51,/media/project0/yimin/lacam_tapf_itacbs_data/Paper_symbotic_39_37_gp_5/symbotic_agents_200_test_11.yaml,h,1.5,0,1,0,24211,18291,18291,0,1,173,,,lacam_focal_h,1,200,,18290,3961128,26427,931849,9076,focal,focal,11,12137,9828,173,9828,1,lacam_tapf,1,,exp1,9888,154059,3961128,10.0,0,1,1,1,9.150296449661255
1,1,7272,380,120.634,Paper_symbotic_39_37_gp_5/symbotic_agents_200_test_18,1,12859,77851,23540,0,0,784,380,16979,293,/media/project0/yimin/lacam_tapf_itacbs_data/Paper_symbotic_39_37_gp_5/symbotic_agents_200_test_18.yaml,h,1.5,0,1,3410,23561,7272,7272,0,1,929,,,lacam_dfs,1,200,,930,2079090,836,7125,9029,dfs,dfs,18,24227,16979,929,16979,1,lacam_tapf,1,,exp1,17191,2395,2079090,10.0,0,1,1,1,9.099460124969482
1,1,18971,5511,2573.97,Paper_symbotic_39_37_gp_5/symbotic_agents_200_test_12,1,8219,132972,27189,0,0,53,20,12155,50,/media/project0/yimin/lacam_tapf_itacbs_data/Paper_symbotic_39_37_gp_5/symbotic_agents_200_test_12.yaml,h,1.5,0,1,0,27190,18971,18971,0,1,208,,,lacam_focal_h,1,200,,18970,4058812,33062,1144370,9080,focal,focal,12,16881,12155,208,12155,1,lacam_tapf,1,,exp1,12288,153089,4058812,10.0,0,1,1,1,9.148338079452515
1,1,5392,21,83.8559,Paper_symbotic_39_37_gp_5/symbotic_agents_200_test_14,1,345379,1722301,353565,0,0,53,21,11584,58,/media/project0/yimin/lacam_tapf_itacbs_data/Paper_symbotic_39_37_gp_5/symbotic_agents_200_test_14.yaml,h,1.5,0,1,2795,353582,5392,5392,0,1,197,,,lacam_dfs,1,200,,198,1563790,324,5175,9041,dfs,dfs,14,14372,11584,197,11584,1,lacam_tapf,1,,exp1,11782,931,1563790,10.0,0,1,1,1,9.14483380317688
1,1,14575,14420,1876.94,Paper_symbotic_39_37_gp_5/symbotic_agents_200_test_15,1,24875,122699,39491,0,0,142,61,10256,54,/media/project0/yimin/lacam_tapf_itacbs_data/Paper_symbotic_39_37_gp_5/symbotic_agents_200_test_15.yaml,h,1.5,0,1,42,39492,14575,14575,0,1,215,,,lacam_focal_h,1,200,,14575,4875575,212247,1130153,9063,focal,focal,15,12809,10256,215,10256,1,lacam_tapf,1,,exp1,10391,185037,4875575,10.0,0,1,1,1,9.135703802108765
1,1,19635,1480,2766.88,Paper_symbotic_39_37_gp_5/symbotic_agents_200_test_13,1,4302,113414,23936,0,0,51,17,9797,50,/media/project0/yimin/lacam_tapf_itacbs_data/Paper_symbotic_39_37_gp_5/symbotic_agents_200_test_13.yaml,h,1.5,0,1,0,23937,19635,19635,0,1,136,,,lacam_focal_h,1,200,,19634,4245493,58605,1095798,9080,focal,focal,13,12805,9797,136,9797,1,lacam_tapf,1,,exp1,9990,206206,4245493,10.0,0,1,1,1,9.155657291412354
1,1,16080,6659,2574.92,Paper_symbotic_39_37_gp_5/symbotic_agents_200_test_17,1,14216,109585,30401,0,0,40,16,13714,86,/media/project0/yimin/lacam_tapf_itacbs_data/Paper_symbotic_39_37_gp_5/symbotic_agents_200_test_17.yaml,h,1.5,0,1,106,30402,16080,16080,0,1,310,,,lacam_focal_h,1,200,,16080,4216715,37823,1414442,9054,focal,focal,17,18434,13714,310,13714,1,lacam_tapf,1,,exp1,13812,173014,4216715,10.0,0,1,1,1,9.115702629089355
1,1,16006,799,2211.22,Paper_symbotic_39_37_gp_5/symbotic_agents_200_test_16,1,14253,121123,30270,0,0,48,20,9457,43,/media/project0/yimin/lacam_tapf_itacbs_data/Paper_symbotic_39_37_gp_5/symbotic_agents_200_test_16.yaml,h,1.5,0,1,12,30271,16006,16006,0,1,182,,,lacam_focal_h,1,200,,16005,5143727,58915,1385552,9065,focal,focal,16,11613,9457,182,9457,1,lacam_tapf,1,,exp1,9475,189759,5143727,10.0,0,1,1,1,9.138943433761597
1,1,17695,10241,2522.84,Paper_symbotic_39_37_gp_5/symbotic_agents_200_test_9,1,8588,117652,26449,0,0,1190,586,21465,176,/media/project0/yimin/lacam_tapf_itacbs_data/Paper_symbotic_39_37_gp_5/symbotic_agents_200_test_9.yaml,h,1.5,0,1,167,26450,17695,17695,0,1,842,,,lacam_focal_h,1,200,,17694,4167506,255436,1356983,9093,focal,focal,9,41331,21465,842,21465,1,lacam_tapf,1,,exp1,22882,99381,4167506,10.0,0,1,1,1,9.185352563858032
1,1,13747,13197,2993.77,Paper_symbotic_39_37_gp_5/symbotic_agents_200_test_18,1,8046,81446,23207,0,0,784,380,16979,344,/media/project0/yimin/lacam_tapf_itacbs_data/Paper_symbotic_39_37_gp_5/symbotic_agents_200_test_18.yaml,h,1.5,0,1,1415,23208,13747,13747,0,1,929,,,lacam_focal_h,1,200,,13746,3561497,134837,1317371,9048,focal,focal,18,24227,16979,929,16979,1,lacam_tapf,1,,exp1,17191,131781,3561497,10.0,0,1,1,1,9.121786832809448
1,1,20144,21,3017.62,Paper_symbotic_39_37_gp_5/symbotic_agents_200_test_19,1,1188,82892,21331,0,0,37,11,8798,36,/media/project0/yimin/lacam_tapf_itacbs_data/Paper_symbotic_39_37_gp_5/symbotic_agents_200_test_19.yaml,h,1.5,0,1,0,21332,20144,20144,0,1,149,,,lacam_focal_h,1,200,,20143,3906398,20068,874768,9058,focal,focal,19,10973,8798,149,8798,1,lacam_tapf,1,,exp1,8855,40523,3906398,10.0,0,1,1,1,9.10071873664856
