case_agents,case_test,collision_free,exit_code,first_error,instance_file,itacbs_TA_runtime_ms,itacbs_firstconflict_runtime_ms,itacbs_lowLevelExpanded,itacbs_lowlevel_search_time_ms,itacbs_newnode_runtime_ms,itacbs_numTaskAssignmentChanged,itacbs_numTaskAssignments,itacbs_total_lowlevel_node,makespan,map_file,num_agents,num_unique_tasks,potential_goals_avg,potential_goals_max,potential_goals_min,runtime_ms,seed,soc,solved,solver,stderr,timed_out,valid_solution,wall_time_s
10,0,1,0,,build/fixtures/symbotic_itacbs_normalized/Paper_symbotic_39_37_gp_5/symbotic_agents_10_test_0.yaml,0.012884999999999999,0.15782000000000002,1409,4.16921,0.000591,0,1,1,48,symbotic.map,10,10,5.0,5,5,4.389620000000001,0,177,1,itacbs,,0,1,0.02021622657775879
10,9,1,0,,build/fixtures/symbotic_itacbs_normalized/Paper_symbotic_39_37_gp_5/symbotic_agents_10_test_9.yaml,0.013215,0.09148300000000001,1242,3.3589,0.000591,0,1,1,27,symbotic.map,10,10,5.0,5,5,3.50974,9,154,1,itacbs,,0,1,0.01306915283203125
10,11,1,0,,build/fixtures/symbotic_itacbs_normalized/Paper_symbotic_39_37_gp_5/symbotic_agents_10_test_11.yaml,0.008265,0.06483299999999999,1289,2.41645,0.00047999999999999996,0,1,1,31,symbotic.map,10,10,5.0,5,5,2.6055200000000003,11,135,1,itacbs,,0,1,0.012660980224609375
10,12,1,0,,build/fixtures/symbotic_itacbs_normalized/Paper_symbotic_39_37_gp_5/symbotic_agents_10_test_12.yaml,0.013936,0.20549,2179,3.8752,0.012455,0,6,7,28,symbotic.map,10,10,5.0,5,5,4.199579999999999,12,135,1,itacbs,,0,1,0.013274908065795898
10,8,1,0,,build/fixtures/symbotic_itacbs_normalized/Paper_symbotic_39_37_gp_5/symbotic_agents_10_test_8.yaml,0.016430999999999998,0.14072800000000002,1419,4.16278,0.0006810000000000001,0,1,1,40,symbotic.map,10,10,5.0,5,5,4.368259999999999,8,195,1,itacbs,,0,1,0.01514291763305664
10,2,1,0,,build/fixtures/symbotic_itacbs_normalized/Paper_symbotic_39_37_gp_5/symbotic_agents_10_test_2.yaml,0.010419,0.080333,1458,2.6809,0.00558,0,3,3,25,symbotic.map,10,10,5.0,5,5,2.8673100000000002,2,166,1,itacbs,,0,1,0.011996746063232422
10,16,1,0,,build/fixtures/symbotic_itacbs_normalized/Paper_symbotic_39_37_gp_5/symbotic_agents_10_test_16.yaml,0.009047,0.134826,1685,3.39788,0.004701,0,1,3,39,symbotic.map,10,10,5.0,5,5,3.60013,16,205,1,itacbs,,0,1,0.012925148010253906
10,17,1,0,,build/fixtures/symbotic_itacbs_normalized/Paper_symbotic_39_37_gp_5/symbotic_agents_10_test_17.yaml,0.012443,0.11393700000000001,1327,3.36594,0.00037,0,1,1,37,symbotic.map,10,10,5.0,5,5,3.52943,17,157,1,itacbs,,0,1,0.01559591293334961
10,6,1,0,,build/fixtures/symbotic_itacbs_normalized/Paper_symbotic_39_37_gp_5/symbotic_agents_10_test_6.yaml,0.011402,0.101282,1668,3.2311900000000002,0.004638000000000001,2,3,3,26,symbotic.map,10,10,5.0,5,5,3.4203900000000003,6,167,1,itacbs,,0,1,0.014897584915161133
10,4,1,0,,build/fixtures/symbotic_itacbs_normalized/Paper_symbotic_39_37_gp_5/symbotic_agents_10_test_4.yaml,0.020579,0.191806,1833,4.683129999999999,0.015920999999999998,1,5,5,28,symbotic.map,10,10,5.0,5,5,5.0256,4,168,1,itacbs,,0,1,0.016058683395385742
10,1,1,0,,build/fixtures/symbotic_itacbs_normalized/Paper_symbotic_39_37_gp_5/symbotic_agents_10_test_1.yaml,0.008476,0.054883999999999995,1106,1.9588100000000002,0.000321,0,1,1,27,symbotic.map,10,10,5.0,5,5,2.05267,1,152,1,itacbs,,0,1,0.011621236801147461
10,15,1,0,,build/fixtures/symbotic_itacbs_normalized/Paper_symbotic_39_37_gp_5/symbotic_agents_10_test_15.yaml,0.015569999999999999,0.22619,1910,3.59166,0.017744000000000003,2,3,7,38,symbotic.map,10,10,5.0,5,5,3.96352,15,248,1,itacbs,,0,1,0.015372514724731445
10,18,1,0,,build/fixtures/symbotic_itacbs_normalized/Paper_symbotic_39_37_gp_5/symbotic_agents_10_test_18.yaml,0.083868,0.471064,5058,8.28695,0.0983,14,59,59,33,symbotic.map,10,10,5.0,5,5,9.31709,18,166,1,itacbs,,0,1,0.019236326217651367
10,14,1,0,,build/fixtures/symbotic_itacbs_normalized/Paper_symbotic_39_37_gp_5/symbotic_agents_10_test_14.yaml,0.012944,0.10929799999999999,1419,3.58386,0.00041,0,1,1,34,symbotic.map,10,10,5.0,5,5,3.74717,14,179,1,itacbs,,0,1,0.015307188034057617
10,13,1,0,,build/fixtures/symbotic_itacbs_normalized/Paper_symbotic_39_37_gp_5/symbotic_agents_10_test_13.yaml,0.009899,0.088869,1391,3.5054600000000002,0.000381,0,1,1,30,symbotic.map,10,10,5.0,5,5,3.64438,13,195,1,itacbs,,0,1,0.01439523696899414
10,3,1,0,,build/fixtures/symbotic_itacbs_normalized/Paper_symbotic_39_37_gp_5/symbotic_agents_10_test_3.yaml,0.011692,0.11204199999999999,1514,3.3352999999999997,0.000671,0,1,1,46,symbotic.map,10,10,5.0,5,5,3.4965,3,196,1,itacbs,,0,1,0.01445770263671875
10,5,1,0,,build/fixtures/symbotic_itacbs_normalized/Paper_symbotic_39_37_gp_5/symbotic_agents_10_test_5.yaml,0.04235,0.46377799999999997,3956,6.92611,0.036548000000000004,4,18,19,32,symbotic.map,10,10,5.0,5,5,7.712949999999999,5,184,1,itacbs,,0,1,0.018912792205810547
10,10,1,0,,build/fixtures/symbotic_itacbs_normalized/Paper_symbotic_39_37_gp_5/symbotic_agents_10_test_10.yaml,0.011412,0.13658,2123,2.6963500000000002,0.0043479999999999994,1,3,3,38,symbotic.map,10,10,5.0,5,5,2.91042,10,197,1,itacbs,,0,1,0.011116504669189453
10,19,1,0,,build/fixtures/symbotic_itacbs_normalized/Paper_symbotic_39_37_gp_5/symbotic_agents_10_test_19.yaml,0.06623699999999999,0.76875,11394,16.1354,0.052028,15,30,31,37,symbotic.map,10,10,5.0,5,5,17.3829,19,217,1,itacbs,,0,1,0.028533935546875
10,7,1,0,,build/fixtures/symbotic_itacbs_normalized/Paper_symbotic_39_37_gp_5/symbotic_agents_10_test_7.yaml,0.153996,2.66658,20716,28.966700000000003,0.176538,19,92,103,46,symbotic.map,10,10,5.0,5,5,33.0379,7,218,1,itacbs,,0,1,0.04218935966491699
20,5,1,0,,build/fixtures/symbotic_itacbs_normalized/Paper_symbotic_39_37_gp_5/symbotic_agents_20_test_5.yaml,0.20006000000000002,3.42485,9760,17.415300000000002,0.544943,0,67,85,33,symbotic.map,20,20,5.0,5,5,22.3689,5,254,1,itacbs,,0,1,0.03407454490661621
20,14,1,0,,build/fixtures/symbotic_itacbs_normalized/Paper_symbotic_39_37_gp_5/symbotic_agents_20_test_14.yaml,0.310979,6.96626,17123,24.8527,0.63468,34,119,135,31,symbotic.map,20,20,5.0,5,5,34.0289,14,380,1,itacbs,,0,1,0.04661059379577637
20,0,1,0,,build/fixtures/symbotic_itacbs_normalized/Paper_symbotic_39_37_gp_5/symbotic_agents_20_test_0.yaml,0.324528,4.19878,15694,25.7348,0.872665,3,149,151,35,symbotic.map,20,20,5.0,5,5,32.31379999999999,0,350,1,itacbs,,0,1,0.04433441162109375
20,17,1,0,,build/fixtures/symbotic_itacbs_normalized/Paper_symbotic_39_37_gp_5/symbotic_agents_20_test_17.yaml,0.669154,22.8719,43128,65.79899999999999,2.24508,43,339,461,31,symbotic.map,20,20,5.0,5,5,96.21589999999999,17,363,1,itacbs,,0,1,0.11010408401489258
20,15,1,0,,build/fixtures/symbotic_itacbs_normalized/Paper_symbotic_39_37_gp_5/symbotic_agents_20_test_15.yaml,0.877775,26.284399999999998,58626,78.1635,2.4871,59,412,529,38,symbotic.map,20,20,5.0,5,5,113.247,15,364,1,itacbs,,0,1,0.12827706336975098
20,2,1,0,,build/fixtures/symbotic_itacbs_normalized/Paper_symbotic_39_37_gp_5/symbotic_agents_20_test_2.yaml,1.15009,35.7712,119850,144.05499999999998,2.8016400000000004,49,473,547,33,symbotic.map,20,20,5.0,5,5,190.525,2,355,1,itacbs,,0,1,0.2051544189453125
20,12,1,0,,build/fixtures/symbotic_itacbs_normalized/Paper_symbotic_39_37_gp_5/symbotic_agents_20_test_12.yaml,2.31322,64.59280000000001,84791,126.90499999999999,6.01559,369,1031,1073,42,symbotic.map,20,20,5.0,5,5,211.824,12,444,1,itacbs,,0,1,0.22784090042114258
30,15,1,0,,build/fixtures/symbotic_itacbs_normalized/Paper_symbotic_39_37_gp_5/symbotic_agents_30_test_15.yaml,0.417142,24.2787,25477,37.9491,1.5343399999999998,30,96,151,37,symbotic.map,30,30,5.0,5,5,66.43939999999999,15,581,1,itacbs,,0,1,0.0829782485961914
20,4,1,0,,build/fixtures/symbotic_itacbs_normalized/Paper_symbotic_39_37_gp_5/symbotic_agents_20_test_4.yaml,2.90598,97.9292,313048,424.27500000000003,8.174330000000001,270,1201,1583,41,symbotic.map,20,20,5.0,5,5,556.827,4,374,1,itacbs,,0,1,0.5775940418243408
30,17,1,0,,build/fixtures/symbotic_itacbs_normalized/Paper_symbotic_39_37_gp_5/symbotic_agents_30_test_17.yaml,5.17419,82.1853,139842,230.1,24.8046,6,1920,2183,51,symbotic.map,30,30,5.0,5,5,374.493,17,511,1,itacbs,,0,1,0.3986833095550537
30,7,1,0,,build/fixtures/symbotic_itacbs_normalized/Paper_symbotic_39_37_gp_5/symbotic_agents_30_test_7.yaml,14.4993,383.077,393574,646.9639999999999,66.5811,653,4450,5171,32,symbotic.map,30,30,5.0,5,5,1195.33,7,499,1,itacbs,,0,1,1.2260971069335938
30,9,1,0,,build/fixtures/symbotic_itacbs_normalized/Paper_symbotic_39_37_gp_5/symbotic_agents_30_test_9.yaml,12.75,416.14099999999996,417263,637.813,71.9219,522,4544,5691,50,symbotic.map,30,30,5.0,5,5,1235.58,9,486,1,itacbs,,0,1,1.2652523517608643
30,13,1,0,,build/fixtures/symbotic_itacbs_normalized/Paper_symbotic_39_37_gp_5/symbotic_agents_30_test_13.yaml,39.3661,1567.8799999999999,1343886,1826.01,460.673,3407,12053,15585,30,symbotic.map,30,30,5.0,5,5,4071.5399999999995,13,460,1,itacbs,,0,1,4.129164934158325
20,11,1,0,,build/fixtures/symbotic_itacbs_normalized/Paper_symbotic_39_37_gp_5/symbotic_agents_20_test_11.yaml,35.6869,553.554,2616701,6372.51,2091.11,836,19418,30567,33,symbotic.map,20,20,5.0,5,5,9355.15,11,307,1,itacbs,,0,1,9.410604238510132
20,3,0,124,,build/fixtures/symbotic_itacbs_normalized/Paper_symbotic_39_37_gp_5/symbotic_agents_20_test_3.yaml,,,,,,,,,,symbotic.map,20,20,5.0,5,5,,3,,0,itacbs,"Command '['third_party/ITA-CBS2/build/ITACBS_remake', '-i', 'build/fixtures/symbotic_itacbs_normalized/Paper_symbotic_39_37_gp_5/symbotic_agents_20_test_3.yaml', '-o', 'build/results/symbotic_exp1_exp2_itacbs_10s_adaptive/rows_itacbs_outputs/Paper_symbotic_39_37_gp_5_symbotic_agents_20_test_3.out.yaml']' timed out after 10.0 seconds",1,0,10.357914447784424
20,10,0,124,,build/fixtures/symbotic_itacbs_normalized/Paper_symbotic_39_37_gp_5/symbotic_agents_20_test_10.yaml,,,,,,,,,,symbotic.map,20,20,5.0,5,5,,10,,0,itacbs,"Command '['third_party/ITA-CBS2/build/ITACBS_remake', '-i', 'build/fixtures/symbotic_itacbs_normalized/Paper_symbotic_39_37_gp_5/symbotic_agents_20_test_10.yaml', '-o', 'build/results/symbotic_exp1_exp2_itacbs_10s_adaptive/rows_itacbs_outputs/Paper_symbotic_39_37_gp_5_symbotic_agents_20_test_10.out.yaml']' timed out after 10.0 seconds",1,0,10.558674335479736
20,1,0,124,,build/fixtures/symbotic_itacbs_normalized/Paper_symbotic_39_37_gp_5/symbotic_agents_20_test_1.yaml,,,,,,,,,,symbotic.map,20,20,5.0,5,5,,1,,0,itacbs,"Command '['third_party/ITA-CBS2/build/ITACBS_remake', '-i', 'build/fixtures/symbotic_itacbs_normalized/Paper_symbotic_39_37_gp_5/symbotic_agents_20_test_1.yaml', '-o', 'build/results/symbotic_exp1_exp2_itacbs_10s_adaptive/rows_itacbs_outputs/Paper_symbotic_39_37_gp_5_symbotic_agents_20_test_1.out.yaml']' timed out after 10.0 seconds",1,0,10.658585786819458
20,19,0,124,,build/fixtures/symbotic_itacbs_normalized/Paper_symbotic_39_37_gp_5/symbotic_agents_20_test_19.yaml,,,,,,,,,,symbotic.map,20,20,5.0,5,5,,19,,0,itacbs,"Command '['third_party/ITA-CBS2/build/ITACBS_remake', '-i', 'build/fixtures/symbotic_itacbs_normalized/Paper_symbotic_39_37_gp_5/symbotic_agents_20_test_19.yaml', '-o', 'build/results/symbotic_exp1_exp2_itacbs_10s_adaptive/rows_itacbs_outputs/Paper_symbotic_39_37_gp_5_symbotic_agents_20_test_19.out.yaml']' timed out after 10.0 seconds",1,0,10.66038179397583
20,16,0,124,,build/fixtures/symbotic_itacbs_normalized/Paper_symbotic_39_37_gp_5/symbotic_agents_20_test_16.yaml,,,,,,,,,,symbotic.map,20,20,5.0,5,5,,16,,0,itacbs,"Command '['third_party/ITA-CBS2/build/ITACBS_remake', '-i', 'build/fixtures/symbotic_itacbs_normalized/Paper_symbotic_39_37_gp_5/symbotic_agents_20_test_16.yaml', '-o', 'build/results/symbotic_exp1_exp2_itacbs_10s_adaptive/rows_itacbs_outputs/Paper_symbotic_39_37_gp_5_symbotic_agents_20_test_16.out.yaml']' timed out after 10.0 seconds",1,0,10.778467178344727
20,13,0,124,,build/fixtures/symbotic_itacbs_normalized/Paper_symbotic_39_37_gp_5/symbotic_agents_20_test_13.yaml,,,,,,,,,,symbotic.map,20,20,5.0,5,5,,13,,0,itacbs,"Command '['third_party/ITA-CBS2/build/ITACBS_remake', '-i', 'build/fixtures/symbotic_itacbs_normalized/Paper_symbotic_39_37_gp_5/symbotic_agents_20_test_13.yaml', '-o', 'build/results/symbotic_exp1_exp2_itacbs_10s_adaptive/rows_itacbs_outputs/Paper_symbotic_39_37_gp_5_symbotic_agents_20_test_13.out.yaml']' timed out after 10.0 seconds",1,0,10.79296875
20,8,0,124,,build/fixtures/symbotic_itacbs_normalized/Paper_symbotic_39_37_gp_5/symbotic_agents_20_test_8.yaml,,,,,,,,,,symbotic.map,20,20,5.0,5,5,,8,,0,itacbs,"Command '['third_party/ITA-CBS2/build/ITACBS_remake', '-i', 'build/fixtures/symbotic_itacbs_normalized/Paper_symbotic_39_37_gp_5/symbotic_agents_20_test_8.yaml', '-o', 'build/results/symbotic_exp1_exp2_itacbs_10s_adaptive/rows_itacbs_outputs/Paper_symbotic_39_37_gp_5_symbotic_agents_20_test_8.out.yaml']' timed out after 10.0 seconds",1,0,10.796857833862305
20,18,0,124,,build/fixtures/symbotic_itacbs_normalized/Paper_symbotic_39_37_gp_5/symbotic_agents_20_test_18.yaml,,,,,,,,,,symbotic.map,20,20,5.0,5,5,,18,,0,itacbs,"Command '['third_party/ITA-CBS2/build/ITACBS_remake', '-i', 'build/fixtures/symbotic_itacbs_normalized/Paper_symbotic_39_37_gp_5/symbotic_agents_20_test_18.yaml', '-o', 'build/results/symbotic_exp1_exp2_itacbs_10s_adaptive/rows_itacbs_outputs/Paper_symbotic_39_37_gp_5_symbotic_agents_20_test_18.out.yaml']' timed out after 10.0 seconds",1,0,10.896905899047852
30,8,0,124,,build/fixtures/symbotic_itacbs_normalized/Paper_symbotic_39_37_gp_5/symbotic_agents_30_test_8.yaml,,,,,,,,,,symbotic.map,30,30,5.0,5,5,,8,,0,itacbs,"Command '['third_party/ITA-CBS2/build/ITACBS_remake', '-i', 'build/fixtures/symbotic_itacbs_normalized/Paper_symbotic_39_37_gp_5/symbotic_agents_30_test_8.yaml', '-o', 'build/results/symbotic_exp1_exp2_itacbs_10s_adaptive/rows_itacbs_outputs/Paper_symbotic_39_37_gp_5_symbotic_agents_30_test_8.out.yaml']' timed out after 10.0 seconds",1,0,10.880681991577148
20,6,0,124,,build/fixtures/symbotic_itacbs_normalized/Paper_symbotic_39_37_gp_5/symbotic_agents_20_test_6.yaml,,,,,,,,,,symbotic.map,20,20,5.0,5,5,,6,,0,itacbs,"Command '['third_party/ITA-CBS2/build/ITACBS_remake', '-i', 'build/fixtures/symbotic_itacbs_normalized/Paper_symbotic_39_37_gp_5/symbotic_agents_20_test_6.yaml', '-o', 'build/results/symbotic_exp1_exp2_itacbs_10s_adaptive/rows_itacbs_outputs/Paper_symbotic_39_37_gp_5_symbotic_agents_20_test_6.out.yaml']' timed out after 10.0 seconds",1,0,10.937899351119995
40,12,0,124,,build/fixtures/symbotic_itacbs_normalized/Paper_symbotic_39_37_gp_5/symbotic_agents_40_test_12.yaml,,,,,,,,,,symbotic.map,40,40,5.0,5,5,,12,,0,itacbs,"Command '['third_party/ITA-CBS2/build/ITACBS_remake', '-i', 'build/fixtures/symbotic_itacbs_normalized/Paper_symbotic_39_37_gp_5/symbotic_agents_40_test_12.yaml', '-o', 'build/results/symbotic_exp1_exp2_itacbs_10s_adaptive/rows_itacbs_outputs/Paper_symbotic_39_37_gp_5_symbotic_agents_40_test_12.out.yaml']' timed out after 10.0 seconds",1,0,10.911460161209106
30,1,0,124,,build/fixtures/symbotic_itacbs_normalized/Paper_symbotic_39_37_gp_5/symbotic_agents_30_test_1.yaml,,,,,,,,,,symbotic.map,30,30,5.0,5,5,,1,,0,itacbs,"Command '['third_party/ITA-CBS2/build/ITACBS_remake', '-i', 'build/fixtures/symbotic_itacbs_normalized/Paper_symbotic_39_37_gp_5/symbotic_agents_30_test_1.yaml', '-o', 'build/results/symbotic_exp1_exp2_itacbs_10s_adaptive/rows_itacbs_outputs/Paper_symbotic_39_37_gp_5_symbotic_agents_30_test_1.out.yaml']' timed out after 10.0 seconds",1,0,10.986323118209839
30,14,0,124,,build/fixtures/symbotic_itacbs_normalized/Paper_symbotic_39_37_gp_5/symbotic_agents_30_test_14.yaml,,,,,,,,,,symbotic.map,30,30,5.0,5,5,,14,,0,itacbs,"Command '['third_party/ITA-CBS2/build/ITACBS_remake', '-i', 'build/fixtures/symbotic_itacbs_normalized/Paper_symbotic_39_37_gp_5/symbotic_agents_30_test_14.yaml', '-o', 'build/results/symbotic_exp1_exp2_itacbs_10s_adaptive/rows_itacbs_outputs/Paper_symbotic_39_37_gp_5_symbotic_agents_30_test_14.out.yaml']' timed out after 10.0 seconds",1,0,11.127085208892822
20,7,0,124,,build/fixtures/symbotic_itacbs_normalized/Paper_symbotic_39_37_gp_5/symbotic_agents_20_test_7.yaml,,,,,,,,,,symbotic.map,20,20,5.0,5,5,,7,,0,itacbs,"Command '['third_party/ITA-CBS2/build/ITACBS_remake', '-i', 'build/fixtures/symbotic_itacbs_normalized/Paper_symbotic_39_37_gp_5/symbotic_agents_20_test_7.yaml', '-o', 'build/results/symbotic_exp1_exp2_itacbs_10s_adaptive/rows_itacbs_outputs/Paper_symbotic_39_37_gp_5_symbotic_agents_20_test_7.out.yaml']' timed out after 10.0 seconds",1,0,11.197117567062378
30,5,0,124,,build/fixtures/symbotic_itacbs_normalized/Paper_symbotic_39_37_gp_5/symbotic_agents_30_test_5.yaml,,,,,,,,,,symbotic.map,30,30,5.0,5,5,,5,,0,itacbs,"Command '['third_party/ITA-CBS2/build/ITACBS_remake', '-i', 'build/fixtures/symbotic_itacbs_normalized/Paper_symbotic_39_37_gp_5/symbotic_agents_30_test_5.yaml', '-o', 'build/results/symbotic_exp1_exp2_itacbs_10s_adaptive/rows_itacbs_outputs/Paper_symbotic_39_37_gp_5_symbotic_agents_30_test_5.out.yaml']' timed out after 10.0 seconds",1,0,11.190161943435669
30,2,0,124,,build/fixtures/symbotic_itacbs_normalized/Paper_symbotic_39_37_gp_5/symbotic_agents_30_test_2.yaml,,,,,,,,,,symbotic.map,30,30,5.0,5,5,,2,,0,itacbs,"Command '['third_party/ITA-CBS2/build/ITACBS_remake', '-i', 'build/fixtures/symbotic_itacbs_normalized/Paper_symbotic_39_37_gp_5/symbotic_agents_30_test_2.yaml', '-o', 'build/results/symbotic_exp1_exp2_itacbs_10s_adaptive/rows_itacbs_outputs/Paper_symbotic_39_37_gp_5_symbotic_agents_30_test_2.out.yaml']' timed out after 10.0 seconds",1,0,11.286571264266968
30,4,0,124,,build/fixtures/symbotic_itacbs_normalized/Paper_symbotic_39_37_gp_5/symbotic_agents_30_test_4.yaml,,,,,,,,,,symbotic.map,30,30,5.0,5,5,,4,,0,itacbs,"Command '['third_party/ITA-CBS2/build/ITACBS_remake', '-i', 'build/fixtures/symbotic_itacbs_normalized/Paper_symbotic_39_37_gp_5/symbotic_agents_30_test_4.yaml', '-o', 'build/results/symbotic_exp1_exp2_itacbs_10s_adaptive/rows_itacbs_outputs/Paper_symbotic_39_37_gp_5_symbotic_agents_30_test_4.out.yaml']' timed out after 10.0 seconds",1,0,11.294567823410034
30,18,0,124,,build/fixtures/symbotic_itacbs_normalized/Paper_symbotic_39_37_gp_5/symbotic_agents_30_test_18.yaml,,,,,,,,,,symbotic.map,30,30,5.0,5,5,,18,,0,itacbs,"Command '['third_party/ITA-CBS2/build/ITACBS_remake', '-i', 'build/fixtures/symbotic_itacbs_normalized/Paper_symbotic_39_37_gp_5/symbotic_agents_30_test_18.yaml', '-o', 'build/results/symbotic_exp1_exp2_itacbs_10s_adaptive/rows_itacbs_outputs/Paper_symbotic_39_37_gp_5_symbotic_agents_30_test_18.out.yaml']' timed out after 10.0 seconds",1,0,11.340321779251099
30,10,0,124,,build/fixtures/symbotic_itacbs_normalized/Paper_symbotic_39_37_gp_5/symbotic_agents_30_test_10.yaml,,,,,,,,,,symbotic.map,30,30,5.0,5,5,,10,,0,itacbs,"Command '['third_party/ITA-CBS2/build/ITACBS_remake', '-i', 'build/fixtures/symbotic_itacbs_normalized/Paper_symbotic_39_37_gp_5/symbotic_agents_30_test_10.yaml', '-o', 'build/results/symbotic_exp1_exp2_itacbs_10s_adaptive/rows_itacbs_outputs/Paper_symbotic_39_37_gp_5_symbotic_agents_30_test_10.out.yaml']' timed out after 10.0 seconds",1,0,11.397827863693237
30,0,0,124,,build/fixtures/symbotic_itacbs_normalized/Paper_symbotic_39_37_gp_5/symbotic_agents_30_test_0.yaml,,,,,,,,,,symbotic.map,30,30,5.0,5,5,,0,,0,itacbs,"Command '['third_party/ITA-CBS2/build/ITACBS_remake', '-i', 'build/fixtures/symbotic_itacbs_normalized/Paper_symbotic_39_37_gp_5/symbotic_agents_30_test_0.yaml', '-o', 'build/results/symbotic_exp1_exp2_itacbs_10s_adaptive/rows_itacbs_outputs/Paper_symbotic_39_37_gp_5_symbotic_agents_30_test_0.out.yaml']' timed out after 10.0 seconds",1,0,11.420223951339722
20,9,0,124,,build/fixtures/symbotic_itacbs_normalized/Paper_symbotic_39_37_gp_5/symbotic_agents_20_test_9.yaml,,,,,,,,,,symbotic.map,20,20,5.0,5,5,,9,,0,itacbs,"Command '['third_party/ITA-CBS2/build/ITACBS_remake', '-i', 'build/fixtures/symbotic_itacbs_normalized/Paper_symbotic_39_37_gp_5/symbotic_agents_20_test_9.yaml', '-o', 'build/results/symbotic_exp1_exp2_itacbs_10s_adaptive/rows_itacbs_outputs/Paper_symbotic_39_37_gp_5_symbotic_agents_20_test_9.out.yaml']' timed out after 10.0 seconds",1,0,11.444445610046387
40,17,0,124,,build/fixtures/symbotic_itacbs_normalized/Paper_symbotic_39_37_gp_5/symbotic_agents_40_test_17.yaml,,,,,,,,,,symbotic.map,40,40,5.0,5,5,,17,,0,itacbs,"Command '['third_party/ITA-CBS2/build/ITACBS_remake', '-i', 'build/fixtures/symbotic_itacbs_normalized/Paper_symbotic_39_37_gp_5/symbotic_agents_40_test_17.yaml', '-o', 'build/results/symbotic_exp1_exp2_itacbs_10s_adaptive/rows_itacbs_outputs/Paper_symbotic_39_37_gp_5_symbotic_agents_40_test_17.out.yaml']' timed out after 10.0 seconds",1,0,11.408519983291626
30,6,0,124,,build/fixtures/symbotic_itacbs_normalized/Paper_symbotic_39_37_gp_5/symbotic_agents_30_test_6.yaml,,,,,,,,,,symbotic.map,30,30,5.0,5,5,,6,,0,itacbs,"Command '['third_party/ITA-CBS2/build/ITACBS_remake', '-i', 'build/fixtures/symbotic_itacbs_normalized/Paper_symbotic_39_37_gp_5/symbotic_agents_30_test_6.yaml', '-o', 'build/results/symbotic_exp1_exp2_itacbs_10s_adaptive/rows_itacbs_outputs/Paper_symbotic_39_37_gp_5_symbotic_agents_30_test_6.out.yaml']' timed out after 10.0 seconds",1,0,11.504338502883911
30,19,0,124,,build/fixtures/symbotic_itacbs_normalized/Paper_symbotic_39_37_gp_5/symbotic_agents_30_test_19.yaml,,,,,,,,,,symbotic.map,30,30,5.0,5,5,,19,,0,itacbs,"Command '['third_party/ITA-CBS2/build/ITACBS_remake', '-i', 'build/fixtures/symbotic_itacbs_normalized/Paper_symbotic_39_37_gp_5/symbotic_agents_30_test_19.yaml', '-o', 'build/results/symbotic_exp1_exp2_itacbs_10s_adaptive/rows_itacbs_outputs/Paper_symbotic_39_37_gp_5_symbotic_agents_30_test_19.out.yaml']' timed out after 10.0 seconds",1,0,11.506709098815918
30,16,0,124,,build/fixtures/symbotic_itacbs_normalized/Paper_symbotic_39_37_gp_5/symbotic_agents_30_test_16.yaml,,,,,,,,,,symbotic.map,30,30,5.0,5,5,,16,,0,itacbs,"Command '['third_party/ITA-CBS2/build/ITACBS_remake', '-i', 'build/fixtures/symbotic_itacbs_normalized/Paper_symbotic_39_37_gp_5/symbotic_agents_30_test_16.yaml', '-o', 'build/results/symbotic_exp1_exp2_itacbs_10s_adaptive/rows_itacbs_outputs/Paper_symbotic_39_37_gp_5_symbotic_agents_30_test_16.out.yaml']' timed out after 10.0 seconds",1,0,11.50883936882019
40,6,0,124,,build/fixtures/symbotic_itacbs_normalized/Paper_symbotic_39_37_gp_5/symbotic_agents_40_test_6.yaml,,,,,,,,,,symbotic.map,40,40,5.0,5,5,,6,,0,itacbs,"Command '['third_party/ITA-CBS2/build/ITACBS_remake', '-i', 'build/fixtures/symbotic_itacbs_normalized/Paper_symbotic_39_37_gp_5/symbotic_agents_40_test_6.yaml', '-o', 'build/results/symbotic_exp1_exp2_itacbs_10s_adaptive/rows_itacbs_outputs/Paper_symbotic_39_37_gp_5_symbotic_agents_40_test_6.out.yaml']' timed out after 10.0 seconds",1,0,11.507893323898315
30,12,0,124,,build/fixtures/symbotic_itacbs_normalized/Paper_symbotic_39_37_gp_5/symbotic_agents_30_test_12.yaml,,,,,,,,,,symbotic.map,30,30,5.0,5,5,,12,,0,itacbs,"Command '['third_party/ITA-CBS2/build/ITACBS_remake', '-i', 'build/fixtures/symbotic_itacbs_normalized/Paper_symbotic_39_37_gp_5/symbotic_agents_30_test_12.yaml', '-o', 'build/results/symbotic_exp1_exp2_itacbs_10s_adaptive/rows_itacbs_outputs/Paper_symbotic_39_37_gp_5_symbotic_agents_30_test_12.out.yaml']' timed out after 10.0 seconds",1,0,11.602790355682373
30,11,0,124,,build/fixtures/symbotic_itacbs_normalized/Paper_symbotic_39_37_gp_5/symbotic_agents_30_test_11.yaml,,,,,,,,,,symbotic.map,30,30,5.0,5,5,,11,,0,itacbs,"Command '['third_party/ITA-CBS2/build/ITACBS_remake', '-i', 'build/fixtures/symbotic_itacbs_normalized/Paper_symbotic_39_37_gp_5/symbotic_agents_30_test_11.yaml', '-o', 'build/results/symbotic_exp1_exp2_itacbs_10s_adaptive/rows_itacbs_outputs/Paper_symbotic_39_37_gp_5_symbotic_agents_30_test_11.out.yaml']' timed out after 10.0 seconds",1,0,11.615071773529053
40,1,0,124,,build/fixtures/symbotic_itacbs_normalized/Paper_symbotic_39_37_gp_5/symbotic_agents_40_test_1.yaml,,,,,,,,,,symbotic.map,40,40,5.0,5,5,,1,,0,itacbs,"Command '['third_party/ITA-CBS2/build/ITACBS_remake', '-i', 'build/fixtures/symbotic_itacbs_normalized/Paper_symbotic_39_37_gp_5/symbotic_agents_40_test_1.yaml', '-o', 'build/results/symbotic_exp1_exp2_itacbs_10s_adaptive/rows_itacbs_outputs/Paper_symbotic_39_37_gp_5_symbotic_agents_40_test_1.out.yaml']' timed out after 10.0 seconds",1,0,11.631276845932007
40,7,0,124,,build/fixtures/symbotic_itacbs_normalized/Paper_symbotic_39_37_gp_5/symbotic_agents_40_test_7.yaml,,,,,,,,,,symbotic.map,40,40,5.0,5,5,,7,,0,itacbs,"Command '['third_party/ITA-CBS2/build/ITACBS_remake', '-i', 'build/fixtures/symbotic_itacbs_normalized/Paper_symbotic_39_37_gp_5/symbotic_agents_40_test_7.yaml', '-o', 'build/results/symbotic_exp1_exp2_itacbs_10s_adaptive/rows_itacbs_outputs/Paper_symbotic_39_37_gp_5_symbotic_agents_40_test_7.out.yaml']' timed out after 10.0 seconds",1,0,11.659578323364258
40,0,0,124,,build/fixtures/symbotic_itacbs_normalized/Paper_symbotic_39_37_gp_5/symbotic_agents_40_test_0.yaml,,,,,,,,,,symbotic.map,40,40,5.0,5,5,,0,,0,itacbs,"Command '['third_party/ITA-CBS2/build/ITACBS_remake', '-i', 'build/fixtures/symbotic_itacbs_normalized/Paper_symbotic_39_37_gp_5/symbotic_agents_40_test_0.yaml', '-o', 'build/results/symbotic_exp1_exp2_itacbs_10s_adaptive/rows_itacbs_outputs/Paper_symbotic_39_37_gp_5_symbotic_agents_40_test_0.out.yaml']' timed out after 10.0 seconds",1,0,11.691046237945557
40,9,0,124,,build/fixtures/symbotic_itacbs_normalized/Paper_symbotic_39_37_gp_5/symbotic_agents_40_test_9.yaml,,,,,,,,,,symbotic.map,40,40,5.0,5,5,,9,,0,itacbs,"Command '['third_party/ITA-CBS2/build/ITACBS_remake', '-i', 'build/fixtures/symbotic_itacbs_normalized/Paper_symbotic_39_37_gp_5/symbotic_agents_40_test_9.yaml', '-o', 'build/results/symbotic_exp1_exp2_itacbs_10s_adaptive/rows_itacbs_outputs/Paper_symbotic_39_37_gp_5_symbotic_agents_40_test_9.out.yaml']' timed out after 10.0 seconds",1,0,11.686084508895874
50,17,0,124,,build/fixtures/symbotic_itacbs_normalized/Paper_symbotic_39_37_gp_5/symbotic_agents_50_test_17.yaml,,,,,,,,,,symbotic.map,50,50,5.0,5,5,,17,,0,itacbs,"Command '['third_party/ITA-CBS2/build/ITACBS_remake', '-i', 'build/fixtures/symbotic_itacbs_normalized/Paper_symbotic_39_37_gp_5/symbotic_agents_50_test_17.yaml', '-o', 'build/results/symbotic_exp1_exp2_itacbs_10s_adaptive/rows_itacbs_outputs/Paper_symbotic_39_37_gp_5_symbotic_agents_50_test_17.out.yaml']' timed out after 10.0 seconds",1,0,11.677287817001343
40,5,0,124,,build/fixtures/symbotic_itacbs_normalized/Paper_symbotic_39_37_gp_5/symbotic_agents_40_test_5.yaml,,,,,,,,,,symbotic.map,40,40,5.0,5,5,,5,,0,itacbs,"Command '['third_party/ITA-CBS2/build/ITACBS_remake', '-i', 'build/fixtures/symbotic_itacbs_normalized/Paper_symbotic_39_37_gp_5/symbotic_agents_40_test_5.yaml', '-o', 'build/results/symbotic_exp1_exp2_itacbs_10s_adaptive/rows_itacbs_outputs/Paper_symbotic_39_37_gp_5_symbotic_agents_40_test_5.out.yaml']' timed out after 10.0 seconds",1,0,11.70191478729248
30,3,0,124,,build/fixtures/symbotic_itacbs_normalized/Paper_symbotic_39_37_gp_5/symbotic_agents_30_test_3.yaml,,,,,,,,,,symbotic.map,30,30,5.0,5,5,,3,,0,itacbs,"Command '['third_party/ITA-CBS2/build/ITACBS_remake', '-i', 'build/fixtures/symbotic_itacbs_normalized/Paper_symbotic_39_37_gp_5/symbotic_agents_30_test_3.yaml', '-o', 'build/results/symbotic_exp1_exp2_itacbs_10s_adaptive/rows_itacbs_outputs/Paper_symbotic_39_37_gp_5_symbotic_agents_30_test_3.out.yaml']' timed out after 10.0 seconds",1,0,11.77172064781189
40,8,0,124,,build/fixtures/symbotic_itacbs_normalized/Paper_symbotic_39_37_gp_5/symbotic_agents_40_test_8.yaml,,,,,,,,,,symbotic.map,40,40,5.0,5,5,,8,,0,itacbs,"Command '['third_party/ITA-CBS2/build/ITACBS_remake', '-i', 'build/fixtures/symbotic_itacbs_normalized/Paper_symbotic_39_37_gp_5/symbotic_agents_40_test_8.yaml', '-o', 'build/results/symbotic_exp1_exp2_itacbs_10s_adaptive/rows_itacbs_outputs/Paper_symbotic_39_37_gp_5_symbotic_agents_40_test_8.out.yaml']' timed out after 10.0 seconds",1,0,11.75070834159851
40,10,0,124,,build/fixtures/symbotic_itacbs_normalized/Paper_symbotic_39_37_gp_5/symbotic_agents_40_test_10.yaml,,,,,,,,,,symbotic.map,40,40,5.0,5,5,,10,,0,itacbs,"Command '['third_party/ITA-CBS2/build/ITACBS_remake', '-i', 'build/fixtures/symbotic_itacbs_normalized/Paper_symbotic_39_37_gp_5/symbotic_agents_40_test_10.yaml', '-o', 'build/results/symbotic_exp1_exp2_itacbs_10s_adaptive/rows_itacbs_outputs/Paper_symbotic_39_37_gp_5_symbotic_agents_40_test_10.out.yaml']' timed out after 10.0 seconds",1,0,11.774044513702393
40,13,0,124,,build/fixtures/symbotic_itacbs_normalized/Paper_symbotic_39_37_gp_5/symbotic_agents_40_test_13.yaml,,,,,,,,,,symbotic.map,40,40,5.0,5,5,,13,,0,itacbs,"Command '['third_party/ITA-CBS2/build/ITACBS_remake', '-i', 'build/fixtures/symbotic_itacbs_normalized/Paper_symbotic_39_37_gp_5/symbotic_agents_40_test_13.yaml', '-o', 'build/results/symbotic_exp1_exp2_itacbs_10s_adaptive/rows_itacbs_outputs/Paper_symbotic_39_37_gp_5_symbotic_agents_40_test_13.out.yaml']' timed out after 10.0 seconds",1,0,11.78641390800476
40,19,0,124,,build/fixtures/symbotic_itacbs_normalized/Paper_symbotic_39_37_gp_5/symbotic_agents_40_test_19.yaml,,,,,,,,,,symbotic.map,40,40,5.0,5,5,,19,,0,itacbs,"Command '['third_party/ITA-CBS2/build/ITACBS_remake', '-i', 'build/fixtures/symbotic_itacbs_normalized/Paper_symbotic_39_37_gp_5/symbotic_agents_40_test_19.yaml', '-o', 'build/results/symbotic_exp1_exp2_itacbs_10s_adaptive/rows_itacbs_outputs/Paper_symbotic_39_37_gp_5_symbotic_agents_40_test_19.out.yaml']' timed out after 10.0 seconds",1,0,11.837297916412354
40,11,0,124,,build/fixtures/symbotic_itacbs_normalized/Paper_symbotic_39_37_gp_5/symbotic_agents_40_test_11.yaml,,,,,,,,,,symbotic.map,40,40,5.0,5,5,,11,,0,itacbs,"Command '['third_party/ITA-CBS2/build/ITACBS_remake', '-i', 'build/fixtures/symbotic_itacbs_normalized/Paper_symbotic_39_37_gp_5/symbotic_agents_40_test_11.yaml', '-o', 'build/results/symbotic_exp1_exp2_itacbs_10s_adaptive/rows_itacbs_outputs/Paper_symbotic_39_37_gp_5_symbotic_agents_40_test_11.out.yaml']' timed out after 10.0 seconds",1,0,11.862415075302124
50,7,0,124,,build/fixtures/symbotic_itacbs_normalized/Paper_symbotic_39_37_gp_5/symbotic_agents_50_test_7.yaml,,,,,,,,,,symbotic.map,50,50,5.0,5,5,,7,,0,itacbs,"Command '['third_party/ITA-CBS2/build/ITACBS_remake', '-i', 'build/fixtures/symbotic_itacbs_normalized/Paper_symbotic_39_37_gp_5/symbotic_agents_50_test_7.yaml', '-o', 'build/results/symbotic_exp1_exp2_itacbs_10s_adaptive/rows_itacbs_outputs/Paper_symbotic_39_37_gp_5_symbotic_agents_50_test_7.out.yaml']' timed out after 10.0 seconds",1,0,11.868766069412231
40,18,0,124,,build/fixtures/symbotic_itacbs_normalized/Paper_symbotic_39_37_gp_5/symbotic_agents_40_test_18.yaml,,,,,,,,,,symbotic.map,40,40,5.0,5,5,,18,,0,itacbs,"Command '['third_party/ITA-CBS2/build/ITACBS_remake', '-i', 'build/fixtures/symbotic_itacbs_normalized/Paper_symbotic_39_37_gp_5/symbotic_agents_40_test_18.yaml', '-o', 'build/results/symbotic_exp1_exp2_itacbs_10s_adaptive/rows_itacbs_outputs/Paper_symbotic_39_37_gp_5_symbotic_agents_40_test_18.out.yaml']' timed out after 10.0 seconds",1,0,11.905606269836426
40,15,0,124,,build/fixtures/symbotic_itacbs_normalized/Paper_symbotic_39_37_gp_5/symbotic_agents_40_test_15.yaml,,,,,,,,,,symbotic.map,40,40,5.0,5,5,,15,,0,itacbs,"Command '['third_party/ITA-CBS2/build/ITACBS_remake', '-i', 'build/fixtures/symbotic_itacbs_normalized/Paper_symbotic_39_37_gp_5/symbotic_agents_40_test_15.yaml', '-o', 'build/results/symbotic_exp1_exp2_itacbs_10s_adaptive/rows_itacbs_outputs/Paper_symbotic_39_37_gp_5_symbotic_agents_40_test_15.out.yaml']' timed out after 10.0 seconds",1,0,11.907174110412598
40,3,0,124,,build/fixtures/symbotic_itacbs_normalized/Paper_symbotic_39_37_gp_5/symbotic_agents_40_test_3.yaml,,,,,,,,,,symbotic.map,40,40,5.0,5,5,,3,,0,itacbs,"Command '['third_party/ITA-CBS2/build/ITACBS_remake', '-i', 'build/fixtures/symbotic_itacbs_normalized/Paper_symbotic_39_37_gp_5/symbotic_agents_40_test_3.yaml', '-o', 'build/results/symbotic_exp1_exp2_itacbs_10s_adaptive/rows_itacbs_outputs/Paper_symbotic_39_37_gp_5_symbotic_agents_40_test_3.out.yaml']' timed out after 10.0 seconds",1,0,11.917776584625244
40,14,0,124,,build/fixtures/symbotic_itacbs_normalized/Paper_symbotic_39_37_gp_5/symbotic_agents_40_test_14.yaml,,,,,,,,,,symbotic.map,40,40,5.0,5,5,,14,,0,itacbs,"Command '['third_party/ITA-CBS2/build/ITACBS_remake', '-i', 'build/fixtures/symbotic_itacbs_normalized/Paper_symbotic_39_37_gp_5/symbotic_agents_40_test_14.yaml', '-o', 'build/results/symbotic_exp1_exp2_itacbs_10s_adaptive/rows_itacbs_outputs/Paper_symbotic_39_37_gp_5_symbotic_agents_40_test_14.out.yaml']' timed out after 10.0 seconds",1,0,12.004165887832642
50,18,0,124,,build/fixtures/symbotic_itacbs_normalized/Paper_symbotic_39_37_gp_5/symbotic_agents_50_test_18.yaml,,,,,,,,,,symbotic.map,50,50,5.0,5,5,,18,,0,itacbs,"Command '['third_party/ITA-CBS2/build/ITACBS_remake', '-i', 'build/fixtures/symbotic_itacbs_normalized/Paper_symbotic_39_37_gp_5/symbotic_agents_50_test_18.yaml', '-o', 'build/results/symbotic_exp1_exp2_itacbs_10s_adaptive/rows_itacbs_outputs/Paper_symbotic_39_37_gp_5_symbotic_agents_50_test_18.out.yaml']' timed out after 10.0 seconds",1,0,11.995335817337036
50,14,0,124,,build/fixtures/symbotic_itacbs_normalized/Paper_symbotic_39_37_gp_5/symbotic_agents_50_test_14.yaml,,,,,,,,,,symbotic.map,50,50,5.0,5,5,,14,,0,itacbs,"Command '['third_party/ITA-CBS2/build/ITACBS_remake', '-i', 'build/fixtures/symbotic_itacbs_normalized/Paper_symbotic_39_37_gp_5/symbotic_agents_50_test_14.yaml', '-o', 'build/results/symbotic_exp1_exp2_itacbs_10s_adaptive/rows_itacbs_outputs/Paper_symbotic_39_37_gp_5_symbotic_agents_50_test_14.out.yaml']' timed out after 10.0 seconds",1,0,12.017490148544312
50,0,0,124,,build/fixtures/symbotic_itacbs_normalized/Paper_symbotic_39_37_gp_5/symbotic_agents_50_test_0.yaml,,,,,,,,,,symbotic.map,50,50,5.0,5,5,,0,,0,itacbs,"Command '['third_party/ITA-CBS2/build/ITACBS_remake', '-i', 'build/fixtures/symbotic_itacbs_normalized/Paper_symbotic_39_37_gp_5/symbotic_agents_50_test_0.yaml', '-o', 'build/results/symbotic_exp1_exp2_itacbs_10s_adaptive/rows_itacbs_outputs/Paper_symbotic_39_37_gp_5_symbotic_agents_50_test_0.out.yaml']' timed out after 10.0 seconds",1,0,12.05398678779602
50,1,0,124,,build/fixtures/symbotic_itacbs_normalized/Paper_symbotic_39_37_gp_5/symbotic_agents_50_test_1.yaml,,,,,,,,,,symbotic.map,50,50,5.0,5,5,,1,,0,itacbs,"Command '['third_party/ITA-CBS2/build/ITACBS_remake', '-i', 'build/fixtures/symbotic_itacbs_normalized/Paper_symbotic_39_37_gp_5/symbotic_agents_50_test_1.yaml', '-o', 'build/results/symbotic_exp1_exp2_itacbs_10s_adaptive/rows_itacbs_outputs/Paper_symbotic_39_37_gp_5_symbotic_agents_50_test_1.out.yaml']' timed out after 10.0 seconds",1,0,12.078740358352661
50,19,0,124,,build/fixtures/symbotic_itacbs_normalized/Paper_symbotic_39_37_gp_5/symbotic_agents_50_test_19.yaml,,,,,,,,,,symbotic.map,50,50,5.0,5,5,,19,,0,itacbs,"Command '['third_party/ITA-CBS2/build/ITACBS_remake', '-i', 'build/fixtures/symbotic_itacbs_normalized/Paper_symbotic_39_37_gp_5/symbotic_agents_50_test_19.yaml', '-o', 'build/results/symbotic_exp1_exp2_itacbs_10s_adaptive/rows_itacbs_outputs/Paper_symbotic_39_37_gp_5_symbotic_agents_50_test_19.out.yaml']' timed out after 10.0 seconds",1,0,12.110666513442993
50,16,0,124,,build/fixtures/symbotic_itacbs_normalized/Paper_symbotic_39_37_gp_5/symbotic_agents_50_test_16.yaml,,,,,,,,,,symbotic.map,50,50,5.0,5,5,,16,,0,itacbs,"Command '['third_party/ITA-CBS2/build/ITACBS_remake', '-i', 'build/fixtures/symbotic_itacbs_normalized/Paper_symbotic_39_37_gp_5/symbotic_agents_50_test_16.yaml', '-o', 'build/results/symbotic_exp1_exp2_itacbs_10s_adaptive/rows_itacbs_outputs/Paper_symbotic_39_37_gp_5_symbotic_agents_50_test_16.out.yaml']' timed out after 10.0 seconds",1,0,12.124907732009888
50,11,0,124,,build/fixtures/symbotic_itacbs_normalized/Paper_symbotic_39_37_gp_5/symbotic_agents_50_test_11.yaml,,,,,,,,,,symbotic.map,50,50,5.0,5,5,,11,,0,itacbs,"Command '['third_party/ITA-CBS2/build/ITACBS_remake', '-i', 'build/fixtures/symbotic_itacbs_normalized/Paper_symbotic_39_37_gp_5/symbotic_agents_50_test_11.yaml', '-o', 'build/results/symbotic_exp1_exp2_itacbs_10s_adaptive/rows_itacbs_outputs/Paper_symbotic_39_37_gp_5_symbotic_agents_50_test_11.out.yaml']' timed out after 10.0 seconds",1,0,12.133533716201782
40,2,0,124,,build/fixtures/symbotic_itacbs_normalized/Paper_symbotic_39_37_gp_5/symbotic_agents_40_test_2.yaml,,,,,,,,,,symbotic.map,40,40,5.0,5,5,,2,,0,itacbs,"Command '['third_party/ITA-CBS2/build/ITACBS_remake', '-i', 'build/fixtures/symbotic_itacbs_normalized/Paper_symbotic_39_37_gp_5/symbotic_agents_40_test_2.yaml', '-o', 'build/results/symbotic_exp1_exp2_itacbs_10s_adaptive/rows_itacbs_outputs/Paper_symbotic_39_37_gp_5_symbotic_agents_40_test_2.out.yaml']' timed out after 10.0 seconds",1,0,12.171509504318237
50,15,0,124,,build/fixtures/symbotic_itacbs_normalized/Paper_symbotic_39_37_gp_5/symbotic_agents_50_test_15.yaml,,,,,,,,,,symbotic.map,50,50,5.0,5,5,,15,,0,itacbs,"Command '['third_party/ITA-CBS2/build/ITACBS_remake', '-i', 'build/fixtures/symbotic_itacbs_normalized/Paper_symbotic_39_37_gp_5/symbotic_agents_50_test_15.yaml', '-o', 'build/results/symbotic_exp1_exp2_itacbs_10s_adaptive/rows_itacbs_outputs/Paper_symbotic_39_37_gp_5_symbotic_agents_50_test_15.out.yaml']' timed out after 10.0 seconds",1,0,12.154128313064575
50,9,0,124,,build/fixtures/symbotic_itacbs_normalized/Paper_symbotic_39_37_gp_5/symbotic_agents_50_test_9.yaml,,,,,,,,,,symbotic.map,50,50,5.0,5,5,,9,,0,itacbs,"Command '['third_party/ITA-CBS2/build/ITACBS_remake', '-i', 'build/fixtures/symbotic_itacbs_normalized/Paper_symbotic_39_37_gp_5/symbotic_agents_50_test_9.yaml', '-o', 'build/results/symbotic_exp1_exp2_itacbs_10s_adaptive/rows_itacbs_outputs/Paper_symbotic_39_37_gp_5_symbotic_agents_50_test_9.out.yaml']' timed out after 10.0 seconds",1,0,12.160603523254395
50,12,0,124,,build/fixtures/symbotic_itacbs_normalized/Paper_symbotic_39_37_gp_5/symbotic_agents_50_test_12.yaml,,,,,,,,,,symbotic.map,50,50,5.0,5,5,,12,,0,itacbs,"Command '['third_party/ITA-CBS2/build/ITACBS_remake', '-i', 'build/fixtures/symbotic_itacbs_normalized/Paper_symbotic_39_37_gp_5/symbotic_agents_50_test_12.yaml', '-o', 'build/results/symbotic_exp1_exp2_itacbs_10s_adaptive/rows_itacbs_outputs/Paper_symbotic_39_37_gp_5_symbotic_agents_50_test_12.out.yaml']' timed out after 10.0 seconds",1,0,12.164985179901123
50,10,0,124,,build/fixtures/symbotic_itacbs_normalized/Paper_symbotic_39_37_gp_5/symbotic_agents_50_test_10.yaml,,,,,,,,,,symbotic.map,50,50,5.0,5,5,,10,,0,itacbs,"Command '['third_party/ITA-CBS2/build/ITACBS_remake', '-i', 'build/fixtures/symbotic_itacbs_normalized/Paper_symbotic_39_37_gp_5/symbotic_agents_50_test_10.yaml', '-o', 'build/results/symbotic_exp1_exp2_itacbs_10s_adaptive/rows_itacbs_outputs/Paper_symbotic_39_37_gp_5_symbotic_agents_50_test_10.out.yaml']' timed out after 10.0 seconds",1,0,12.199862718582153
60,15,0,124,,build/fixtures/symbotic_itacbs_normalized/Paper_symbotic_39_37_gp_5/symbotic_agents_60_test_15.yaml,,,,,,,,,,symbotic.map,60,60,5.0,5,5,,15,,0,itacbs,"Command '['third_party/ITA-CBS2/build/ITACBS_remake', '-i', 'build/fixtures/symbotic_itacbs_normalized/Paper_symbotic_39_37_gp_5/symbotic_agents_60_test_15.yaml', '-o', 'build/results/symbotic_exp1_exp2_itacbs_10s_adaptive/rows_itacbs_outputs/Paper_symbotic_39_37_gp_5_symbotic_agents_60_test_15.out.yaml']' timed out after 10.0 seconds",1,0,12.046623706817627
50,4,0,124,,build/fixtures/symbotic_itacbs_normalized/Paper_symbotic_39_37_gp_5/symbotic_agents_50_test_4.yaml,,,,,,,,,,symbotic.map,50,50,5.0,5,5,,4,,0,itacbs,"Command '['third_party/ITA-CBS2/build/ITACBS_remake', '-i', 'build/fixtures/symbotic_itacbs_normalized/Paper_symbotic_39_37_gp_5/symbotic_agents_50_test_4.yaml', '-o', 'build/results/symbotic_exp1_exp2_itacbs_10s_adaptive/rows_itacbs_outputs/Paper_symbotic_39_37_gp_5_symbotic_agents_50_test_4.out.yaml']' timed out after 10.0 seconds",1,0,12.260802507400513
50,3,0,124,,build/fixtures/symbotic_itacbs_normalized/Paper_symbotic_39_37_gp_5/symbotic_agents_50_test_3.yaml,,,,,,,,,,symbotic.map,50,50,5.0,5,5,,3,,0,itacbs,"Command '['third_party/ITA-CBS2/build/ITACBS_remake', '-i', 'build/fixtures/symbotic_itacbs_normalized/Paper_symbotic_39_37_gp_5/symbotic_agents_50_test_3.yaml', '-o', 'build/results/symbotic_exp1_exp2_itacbs_10s_adaptive/rows_itacbs_outputs/Paper_symbotic_39_37_gp_5_symbotic_agents_50_test_3.out.yaml']' timed out after 10.0 seconds",1,0,12.32600712776184
60,3,0,124,,build/fixtures/symbotic_itacbs_normalized/Paper_symbotic_39_37_gp_5/symbotic_agents_60_test_3.yaml,,,,,,,,,,symbotic.map,60,60,5.0,5,5,,3,,0,itacbs,"Command '['third_party/ITA-CBS2/build/ITACBS_remake', '-i', 'build/fixtures/symbotic_itacbs_normalized/Paper_symbotic_39_37_gp_5/symbotic_agents_60_test_3.yaml', '-o', 'build/results/symbotic_exp1_exp2_itacbs_10s_adaptive/rows_itacbs_outputs/Paper_symbotic_39_37_gp_5_symbotic_agents_60_test_3.out.yaml']' timed out after 10.0 seconds",1,0,12.360090255737305
40,16,0,124,,build/fixtures/symbotic_itacbs_normalized/Paper_symbotic_39_37_gp_5/symbotic_agents_40_test_16.yaml,,,,,,,,,,symbotic.map,40,40,5.0,5,5,,16,,0,itacbs,"Command '['third_party/ITA-CBS2/build/ITACBS_remake', '-i', 'build/fixtures/symbotic_itacbs_normalized/Paper_symbotic_39_37_gp_5/symbotic_agents_40_test_16.yaml', '-o', 'build/results/symbotic_exp1_exp2_itacbs_10s_adaptive/rows_itacbs_outputs/Paper_symbotic_39_37_gp_5_symbotic_agents_40_test_16.out.yaml']' timed out after 10.0 seconds",1,0,12.400988578796387
60,2,0,124,,build/fixtures/symbotic_itacbs_normalized/Paper_symbotic_39_37_gp_5/symbotic_agents_60_test_2.yaml,,,,,,,,,,symbotic.map,60,60,5.0,5,5,,2,,0,itacbs,"Command '['third_party/ITA-CBS2/build/ITACBS_remake', '-i', 'build/fixtures/symbotic_itacbs_normalized/Paper_symbotic_39_37_gp_5/symbotic_agents_60_test_2.yaml', '-o', 'build/results/symbotic_exp1_exp2_itacbs_10s_adaptive/rows_itacbs_outputs/Paper_symbotic_39_37_gp_5_symbotic_agents_60_test_2.out.yaml']' timed out after 10.0 seconds",1,0,12.382875919342041
50,6,0,124,,build/fixtures/symbotic_itacbs_normalized/Paper_symbotic_39_37_gp_5/symbotic_agents_50_test_6.yaml,,,,,,,,,,symbotic.map,50,50,5.0,5,5,,6,,0,itacbs,"Command '['third_party/ITA-CBS2/build/ITACBS_remake', '-i', 'build/fixtures/symbotic_itacbs_normalized/Paper_symbotic_39_37_gp_5/symbotic_agents_50_test_6.yaml', '-o', 'build/results/symbotic_exp1_exp2_itacbs_10s_adaptive/rows_itacbs_outputs/Paper_symbotic_39_37_gp_5_symbotic_agents_50_test_6.out.yaml']' timed out after 10.0 seconds",1,0,12.452096223831177
60,19,0,124,,build/fixtures/symbotic_itacbs_normalized/Paper_symbotic_39_37_gp_5/symbotic_agents_60_test_19.yaml,,,,,,,,,,symbotic.map,60,60,5.0,5,5,,19,,0,itacbs,"Command '['third_party/ITA-CBS2/build/ITACBS_remake', '-i', 'build/fixtures/symbotic_itacbs_normalized/Paper_symbotic_39_37_gp_5/symbotic_agents_60_test_19.yaml', '-o', 'build/results/symbotic_exp1_exp2_itacbs_10s_adaptive/rows_itacbs_outputs/Paper_symbotic_39_37_gp_5_symbotic_agents_60_test_19.out.yaml']' timed out after 10.0 seconds",1,0,12.221275568008423
50,2,0,124,,build/fixtures/symbotic_itacbs_normalized/Paper_symbotic_39_37_gp_5/symbotic_agents_50_test_2.yaml,,,,,,,,,,symbotic.map,50,50,5.0,5,5,,2,,0,itacbs,"Command '['third_party/ITA-CBS2/build/ITACBS_remake', '-i', 'build/fixtures/symbotic_itacbs_normalized/Paper_symbotic_39_37_gp_5/symbotic_agents_50_test_2.yaml', '-o', 'build/results/symbotic_exp1_exp2_itacbs_10s_adaptive/rows_itacbs_outputs/Paper_symbotic_39_37_gp_5_symbotic_agents_50_test_2.out.yaml']' timed out after 10.0 seconds",1,0,12.456454277038574
60,0,0,124,,build/fixtures/symbotic_itacbs_normalized/Paper_symbotic_39_37_gp_5/symbotic_agents_60_test_0.yaml,,,,,,,,,,symbotic.map,60,60,5.0,5,5,,0,,0,itacbs,"Command '['third_party/ITA-CBS2/build/ITACBS_remake', '-i', 'build/fixtures/symbotic_itacbs_normalized/Paper_symbotic_39_37_gp_5/symbotic_agents_60_test_0.yaml', '-o', 'build/results/symbotic_exp1_exp2_itacbs_10s_adaptive/rows_itacbs_outputs/Paper_symbotic_39_37_gp_5_symbotic_agents_60_test_0.out.yaml']' timed out after 10.0 seconds",1,0,12.456376552581787
60,11,0,124,,build/fixtures/symbotic_itacbs_normalized/Paper_symbotic_39_37_gp_5/symbotic_agents_60_test_11.yaml,,,,,,,,,,symbotic.map,60,60,5.0,5,5,,11,,0,itacbs,"Command '['third_party/ITA-CBS2/build/ITACBS_remake', '-i', 'build/fixtures/symbotic_itacbs_normalized/Paper_symbotic_39_37_gp_5/symbotic_agents_60_test_11.yaml', '-o', 'build/results/symbotic_exp1_exp2_itacbs_10s_adaptive/rows_itacbs_outputs/Paper_symbotic_39_37_gp_5_symbotic_agents_60_test_11.out.yaml']' timed out after 10.0 seconds",1,0,12.449111461639404
60,4,0,124,,build/fixtures/symbotic_itacbs_normalized/Paper_symbotic_39_37_gp_5/symbotic_agents_60_test_4.yaml,,,,,,,,,,symbotic.map,60,60,5.0,5,5,,4,,0,itacbs,"Command '['third_party/ITA-CBS2/build/ITACBS_remake', '-i', 'build/fixtures/symbotic_itacbs_normalized/Paper_symbotic_39_37_gp_5/symbotic_agents_60_test_4.yaml', '-o', 'build/results/symbotic_exp1_exp2_itacbs_10s_adaptive/rows_itacbs_outputs/Paper_symbotic_39_37_gp_5_symbotic_agents_60_test_4.out.yaml']' timed out after 10.0 seconds",1,0,12.44615387916565
60,10,0,124,,build/fixtures/symbotic_itacbs_normalized/Paper_symbotic_39_37_gp_5/symbotic_agents_60_test_10.yaml,,,,,,,,,,symbotic.map,60,60,5.0,5,5,,10,,0,itacbs,"Command '['third_party/ITA-CBS2/build/ITACBS_remake', '-i', 'build/fixtures/symbotic_itacbs_normalized/Paper_symbotic_39_37_gp_5/symbotic_agents_60_test_10.yaml', '-o', 'build/results/symbotic_exp1_exp2_itacbs_10s_adaptive/rows_itacbs_outputs/Paper_symbotic_39_37_gp_5_symbotic_agents_60_test_10.out.yaml']' timed out after 10.0 seconds",1,0,12.483199834823608
60,6,0,124,,build/fixtures/symbotic_itacbs_normalized/Paper_symbotic_39_37_gp_5/symbotic_agents_60_test_6.yaml,,,,,,,,,,symbotic.map,60,60,5.0,5,5,,6,,0,itacbs,"Command '['third_party/ITA-CBS2/build/ITACBS_remake', '-i', 'build/fixtures/symbotic_itacbs_normalized/Paper_symbotic_39_37_gp_5/symbotic_agents_60_test_6.yaml', '-o', 'build/results/symbotic_exp1_exp2_itacbs_10s_adaptive/rows_itacbs_outputs/Paper_symbotic_39_37_gp_5_symbotic_agents_60_test_6.out.yaml']' timed out after 10.0 seconds",1,0,12.496984720230103
50,8,0,124,,build/fixtures/symbotic_itacbs_normalized/Paper_symbotic_39_37_gp_5/symbotic_agents_50_test_8.yaml,,,,,,,,,,symbotic.map,50,50,5.0,5,5,,8,,0,itacbs,"Command '['third_party/ITA-CBS2/build/ITACBS_remake', '-i', 'build/fixtures/symbotic_itacbs_normalized/Paper_symbotic_39_37_gp_5/symbotic_agents_50_test_8.yaml', '-o', 'build/results/symbotic_exp1_exp2_itacbs_10s_adaptive/rows_itacbs_outputs/Paper_symbotic_39_37_gp_5_symbotic_agents_50_test_8.out.yaml']' timed out after 10.0 seconds",1,0,12.557580947875977
70,2,0,124,,build/fixtures/symbotic_itacbs_normalized/Paper_symbotic_39_37_gp_5/symbotic_agents_70_test_2.yaml,,,,,,,,,,symbotic.map,70,70,5.0,5,5,,2,,0,itacbs,"Command '['third_party/ITA-CBS2/build/ITACBS_remake', '-i', 'build/fixtures/symbotic_itacbs_normalized/Paper_symbotic_39_37_gp_5/symbotic_agents_70_test_2.yaml', '-o', 'build/results/symbotic_exp1_exp2_itacbs_10s_adaptive/rows_itacbs_outputs/Paper_symbotic_39_37_gp_5_symbotic_agents_70_test_2.out.yaml']' timed out after 10.0 seconds",1,0,12.269564390182495
70,8,0,124,,build/fixtures/symbotic_itacbs_normalized/Paper_symbotic_39_37_gp_5/symbotic_agents_70_test_8.yaml,,,,,,,,,,symbotic.map,70,70,5.0,5,5,,8,,0,itacbs,"Command '['third_party/ITA-CBS2/build/ITACBS_remake', '-i', 'build/fixtures/symbotic_itacbs_normalized/Paper_symbotic_39_37_gp_5/symbotic_agents_70_test_8.yaml', '-o', 'build/results/symbotic_exp1_exp2_itacbs_10s_adaptive/rows_itacbs_outputs/Paper_symbotic_39_37_gp_5_symbotic_agents_70_test_8.out.yaml']' timed out after 10.0 seconds",1,0,12.288581609725952
60,16,0,124,,build/fixtures/symbotic_itacbs_normalized/Paper_symbotic_39_37_gp_5/symbotic_agents_60_test_16.yaml,,,,,,,,,,symbotic.map,60,60,5.0,5,5,,16,,0,itacbs,"Command '['third_party/ITA-CBS2/build/ITACBS_remake', '-i', 'build/fixtures/symbotic_itacbs_normalized/Paper_symbotic_39_37_gp_5/symbotic_agents_60_test_16.yaml', '-o', 'build/results/symbotic_exp1_exp2_itacbs_10s_adaptive/rows_itacbs_outputs/Paper_symbotic_39_37_gp_5_symbotic_agents_60_test_16.out.yaml']' timed out after 10.0 seconds",1,0,12.450107097625732
60,17,0,124,,build/fixtures/symbotic_itacbs_normalized/Paper_symbotic_39_37_gp_5/symbotic_agents_60_test_17.yaml,,,,,,,,,,symbotic.map,60,60,5.0,5,5,,17,,0,itacbs,"Command '['third_party/ITA-CBS2/build/ITACBS_remake', '-i', 'build/fixtures/symbotic_itacbs_normalized/Paper_symbotic_39_37_gp_5/symbotic_agents_60_test_17.yaml', '-o', 'build/results/symbotic_exp1_exp2_itacbs_10s_adaptive/rows_itacbs_outputs/Paper_symbotic_39_37_gp_5_symbotic_agents_60_test_17.out.yaml']' timed out after 10.0 seconds",1,0,12.439420938491821
60,8,0,124,,build/fixtures/symbotic_itacbs_normalized/Paper_symbotic_39_37_gp_5/symbotic_agents_60_test_8.yaml,,,,,,,,,,symbotic.map,60,60,5.0,5,5,,8,,0,itacbs,"Command '['third_party/ITA-CBS2/build/ITACBS_remake', '-i', 'build/fixtures/symbotic_itacbs_normalized/Paper_symbotic_39_37_gp_5/symbotic_agents_60_test_8.yaml', '-o', 'build/results/symbotic_exp1_exp2_itacbs_10s_adaptive/rows_itacbs_outputs/Paper_symbotic_39_37_gp_5_symbotic_agents_60_test_8.out.yaml']' timed out after 10.0 seconds",1,0,12.6606924533844
60,13,0,124,,build/fixtures/symbotic_itacbs_normalized/Paper_symbotic_39_37_gp_5/symbotic_agents_60_test_13.yaml,,,,,,,,,,symbotic.map,60,60,5.0,5,5,,13,,0,itacbs,"Command '['third_party/ITA-CBS2/build/ITACBS_remake', '-i', 'build/fixtures/symbotic_itacbs_normalized/Paper_symbotic_39_37_gp_5/symbotic_agents_60_test_13.yaml', '-o', 'build/results/symbotic_exp1_exp2_itacbs_10s_adaptive/rows_itacbs_outputs/Paper_symbotic_39_37_gp_5_symbotic_agents_60_test_13.out.yaml']' timed out after 10.0 seconds",1,0,12.676609992980957
70,14,0,124,,build/fixtures/symbotic_itacbs_normalized/Paper_symbotic_39_37_gp_5/symbotic_agents_70_test_14.yaml,,,,,,,,,,symbotic.map,70,70,5.0,5,5,,14,,0,itacbs,"Command '['third_party/ITA-CBS2/build/ITACBS_remake', '-i', 'build/fixtures/symbotic_itacbs_normalized/Paper_symbotic_39_37_gp_5/symbotic_agents_70_test_14.yaml', '-o', 'build/results/symbotic_exp1_exp2_itacbs_10s_adaptive/rows_itacbs_outputs/Paper_symbotic_39_37_gp_5_symbotic_agents_70_test_14.out.yaml']' timed out after 10.0 seconds",1,0,12.287354230880737
60,18,0,124,,build/fixtures/symbotic_itacbs_normalized/Paper_symbotic_39_37_gp_5/symbotic_agents_60_test_18.yaml,,,,,,,,,,symbotic.map,60,60,5.0,5,5,,18,,0,itacbs,"Command '['third_party/ITA-CBS2/build/ITACBS_remake', '-i', 'build/fixtures/symbotic_itacbs_normalized/Paper_symbotic_39_37_gp_5/symbotic_agents_60_test_18.yaml', '-o', 'build/results/symbotic_exp1_exp2_itacbs_10s_adaptive/rows_itacbs_outputs/Paper_symbotic_39_37_gp_5_symbotic_agents_60_test_18.out.yaml']' timed out after 10.0 seconds",1,0,12.448698997497559
70,9,0,124,,build/fixtures/symbotic_itacbs_normalized/Paper_symbotic_39_37_gp_5/symbotic_agents_70_test_9.yaml,,,,,,,,,,symbotic.map,70,70,5.0,5,5,,9,,0,itacbs,"Command '['third_party/ITA-CBS2/build/ITACBS_remake', '-i', 'build/fixtures/symbotic_itacbs_normalized/Paper_symbotic_39_37_gp_5/symbotic_agents_70_test_9.yaml', '-o', 'build/results/symbotic_exp1_exp2_itacbs_10s_adaptive/rows_itacbs_outputs/Paper_symbotic_39_37_gp_5_symbotic_agents_70_test_9.out.yaml']' timed out after 10.0 seconds",1,0,12.388733148574829
60,9,0,124,,build/fixtures/symbotic_itacbs_normalized/Paper_symbotic_39_37_gp_5/symbotic_agents_60_test_9.yaml,,,,,,,,,,symbotic.map,60,60,5.0,5,5,,9,,0,itacbs,"Command '['third_party/ITA-CBS2/build/ITACBS_remake', '-i', 'build/fixtures/symbotic_itacbs_normalized/Paper_symbotic_39_37_gp_5/symbotic_agents_60_test_9.yaml', '-o', 'build/results/symbotic_exp1_exp2_itacbs_10s_adaptive/rows_itacbs_outputs/Paper_symbotic_39_37_gp_5_symbotic_agents_60_test_9.out.yaml']' timed out after 10.0 seconds",1,0,12.69327449798584
70,11,0,124,,build/fixtures/symbotic_itacbs_normalized/Paper_symbotic_39_37_gp_5/symbotic_agents_70_test_11.yaml,,,,,,,,,,symbotic.map,70,70,5.0,5,5,,11,,0,itacbs,"Command '['third_party/ITA-CBS2/build/ITACBS_remake', '-i', 'build/fixtures/symbotic_itacbs_normalized/Paper_symbotic_39_37_gp_5/symbotic_agents_70_test_11.yaml', '-o', 'build/results/symbotic_exp1_exp2_itacbs_10s_adaptive/rows_itacbs_outputs/Paper_symbotic_39_37_gp_5_symbotic_agents_70_test_11.out.yaml']' timed out after 10.0 seconds",1,0,12.377973318099976
50,5,0,124,,build/fixtures/symbotic_itacbs_normalized/Paper_symbotic_39_37_gp_5/symbotic_agents_50_test_5.yaml,,,,,,,,,,symbotic.map,50,50,5.0,5,5,,5,,0,itacbs,"Command '['third_party/ITA-CBS2/build/ITACBS_remake', '-i', 'build/fixtures/symbotic_itacbs_normalized/Paper_symbotic_39_37_gp_5/symbotic_agents_50_test_5.yaml', '-o', 'build/results/symbotic_exp1_exp2_itacbs_10s_adaptive/rows_itacbs_outputs/Paper_symbotic_39_37_gp_5_symbotic_agents_50_test_5.out.yaml']' timed out after 10.0 seconds",1,0,12.74264931678772
40,4,0,124,,build/fixtures/symbotic_itacbs_normalized/Paper_symbotic_39_37_gp_5/symbotic_agents_40_test_4.yaml,,,,,,,,,,symbotic.map,40,40,5.0,5,5,,4,,0,itacbs,"Command '['third_party/ITA-CBS2/build/ITACBS_remake', '-i', 'build/fixtures/symbotic_itacbs_normalized/Paper_symbotic_39_37_gp_5/symbotic_agents_40_test_4.yaml', '-o', 'build/results/symbotic_exp1_exp2_itacbs_10s_adaptive/rows_itacbs_outputs/Paper_symbotic_39_37_gp_5_symbotic_agents_40_test_4.out.yaml']' timed out after 10.0 seconds",1,0,12.757798194885254
60,12,0,124,,build/fixtures/symbotic_itacbs_normalized/Paper_symbotic_39_37_gp_5/symbotic_agents_60_test_12.yaml,,,,,,,,,,symbotic.map,60,60,5.0,5,5,,12,,0,itacbs,"Command '['third_party/ITA-CBS2/build/ITACBS_remake', '-i', 'build/fixtures/symbotic_itacbs_normalized/Paper_symbotic_39_37_gp_5/symbotic_agents_60_test_12.yaml', '-o', 'build/results/symbotic_exp1_exp2_itacbs_10s_adaptive/rows_itacbs_outputs/Paper_symbotic_39_37_gp_5_symbotic_agents_60_test_12.out.yaml']' timed out after 10.0 seconds",1,0,12.736957550048828
60,7,0,124,,build/fixtures/symbotic_itacbs_normalized/Paper_symbotic_39_37_gp_5/symbotic_agents_60_test_7.yaml,,,,,,,,,,symbotic.map,60,60,5.0,5,5,,7,,0,itacbs,"Command '['third_party/ITA-CBS2/build/ITACBS_remake', '-i', 'build/fixtures/symbotic_itacbs_normalized/Paper_symbotic_39_37_gp_5/symbotic_agents_60_test_7.yaml', '-o', 'build/results/symbotic_exp1_exp2_itacbs_10s_adaptive/rows_itacbs_outputs/Paper_symbotic_39_37_gp_5_symbotic_agents_60_test_7.out.yaml']' timed out after 10.0 seconds",1,0,12.781882047653198
60,14,0,124,,build/fixtures/symbotic_itacbs_normalized/Paper_symbotic_39_37_gp_5/symbotic_agents_60_test_14.yaml,,,,,,,,,,symbotic.map,60,60,5.0,5,5,,14,,0,itacbs,"Command '['third_party/ITA-CBS2/build/ITACBS_remake', '-i', 'build/fixtures/symbotic_itacbs_normalized/Paper_symbotic_39_37_gp_5/symbotic_agents_60_test_14.yaml', '-o', 'build/results/symbotic_exp1_exp2_itacbs_10s_adaptive/rows_itacbs_outputs/Paper_symbotic_39_37_gp_5_symbotic_agents_60_test_14.out.yaml']' timed out after 10.0 seconds",1,0,12.788973093032837
70,15,0,124,,build/fixtures/symbotic_itacbs_normalized/Paper_symbotic_39_37_gp_5/symbotic_agents_70_test_15.yaml,,,,,,,,,,symbotic.map,70,70,5.0,5,5,,15,,0,itacbs,"Command '['third_party/ITA-CBS2/build/ITACBS_remake', '-i', 'build/fixtures/symbotic_itacbs_normalized/Paper_symbotic_39_37_gp_5/symbotic_agents_70_test_15.yaml', '-o', 'build/results/symbotic_exp1_exp2_itacbs_10s_adaptive/rows_itacbs_outputs/Paper_symbotic_39_37_gp_5_symbotic_agents_70_test_15.out.yaml']' timed out after 10.0 seconds",1,0,12.390375137329102
70,12,0,124,,build/fixtures/symbotic_itacbs_normalized/Paper_symbotic_39_37_gp_5/symbotic_agents_70_test_12.yaml,,,,,,,,,,symbotic.map,70,70,5.0,5,5,,12,,0,itacbs,"Command '['third_party/ITA-CBS2/build/ITACBS_remake', '-i', 'build/fixtures/symbotic_itacbs_normalized/Paper_symbotic_39_37_gp_5/symbotic_agents_70_test_12.yaml', '-o', 'build/results/symbotic_exp1_exp2_itacbs_10s_adaptive/rows_itacbs_outputs/Paper_symbotic_39_37_gp_5_symbotic_agents_70_test_12.out.yaml']' timed out after 10.0 seconds",1,0,12.525761842727661
60,5,0,124,,build/fixtures/symbotic_itacbs_normalized/Paper_symbotic_39_37_gp_5/symbotic_agents_60_test_5.yaml,,,,,,,,,,symbotic.map,60,60,5.0,5,5,,5,,0,itacbs,"Command '['third_party/ITA-CBS2/build/ITACBS_remake', '-i', 'build/fixtures/symbotic_itacbs_normalized/Paper_symbotic_39_37_gp_5/symbotic_agents_60_test_5.yaml', '-o', 'build/results/symbotic_exp1_exp2_itacbs_10s_adaptive/rows_itacbs_outputs/Paper_symbotic_39_37_gp_5_symbotic_agents_60_test_5.out.yaml']' timed out after 10.0 seconds",1,0,12.857184886932373
70,3,0,124,,build/fixtures/symbotic_itacbs_normalized/Paper_symbotic_39_37_gp_5/symbotic_agents_70_test_3.yaml,,,,,,,,,,symbotic.map,70,70,5.0,5,5,,3,,0,itacbs,"Command '['third_party/ITA-CBS2/build/ITACBS_remake', '-i', 'build/fixtures/symbotic_itacbs_normalized/Paper_symbotic_39_37_gp_5/symbotic_agents_70_test_3.yaml', '-o', 'build/results/symbotic_exp1_exp2_itacbs_10s_adaptive/rows_itacbs_outputs/Paper_symbotic_39_37_gp_5_symbotic_agents_70_test_3.out.yaml']' timed out after 10.0 seconds",1,0,12.607513427734375
70,13,0,124,,build/fixtures/symbotic_itacbs_normalized/Paper_symbotic_39_37_gp_5/symbotic_agents_70_test_13.yaml,,,,,,,,,,symbotic.map,70,70,5.0,5,5,,13,,0,itacbs,"Command '['third_party/ITA-CBS2/build/ITACBS_remake', '-i', 'build/fixtures/symbotic_itacbs_normalized/Paper_symbotic_39_37_gp_5/symbotic_agents_70_test_13.yaml', '-o', 'build/results/symbotic_exp1_exp2_itacbs_10s_adaptive/rows_itacbs_outputs/Paper_symbotic_39_37_gp_5_symbotic_agents_70_test_13.out.yaml']' timed out after 10.0 seconds",1,0,12.528959035873413
70,18,0,124,,build/fixtures/symbotic_itacbs_normalized/Paper_symbotic_39_37_gp_5/symbotic_agents_70_test_18.yaml,,,,,,,,,,symbotic.map,70,70,5.0,5,5,,18,,0,itacbs,"Command '['third_party/ITA-CBS2/build/ITACBS_remake', '-i', 'build/fixtures/symbotic_itacbs_normalized/Paper_symbotic_39_37_gp_5/symbotic_agents_70_test_18.yaml', '-o', 'build/results/symbotic_exp1_exp2_itacbs_10s_adaptive/rows_itacbs_outputs/Paper_symbotic_39_37_gp_5_symbotic_agents_70_test_18.out.yaml']' timed out after 10.0 seconds",1,0,12.198146104812622
70,1,0,124,,build/fixtures/symbotic_itacbs_normalized/Paper_symbotic_39_37_gp_5/symbotic_agents_70_test_1.yaml,,,,,,,,,,symbotic.map,70,70,5.0,5,5,,1,,0,itacbs,"Command '['third_party/ITA-CBS2/build/ITACBS_remake', '-i', 'build/fixtures/symbotic_itacbs_normalized/Paper_symbotic_39_37_gp_5/symbotic_agents_70_test_1.yaml', '-o', 'build/results/symbotic_exp1_exp2_itacbs_10s_adaptive/rows_itacbs_outputs/Paper_symbotic_39_37_gp_5_symbotic_agents_70_test_1.out.yaml']' timed out after 10.0 seconds",1,0,12.65822458267212
70,0,0,124,,build/fixtures/symbotic_itacbs_normalized/Paper_symbotic_39_37_gp_5/symbotic_agents_70_test_0.yaml,,,,,,,,,,symbotic.map,70,70,5.0,5,5,,0,,0,itacbs,"Command '['third_party/ITA-CBS2/build/ITACBS_remake', '-i', 'build/fixtures/symbotic_itacbs_normalized/Paper_symbotic_39_37_gp_5/symbotic_agents_70_test_0.yaml', '-o', 'build/results/symbotic_exp1_exp2_itacbs_10s_adaptive/rows_itacbs_outputs/Paper_symbotic_39_37_gp_5_symbotic_agents_70_test_0.out.yaml']' timed out after 10.0 seconds",1,0,12.632062435150146
70,5,0,124,,build/fixtures/symbotic_itacbs_normalized/Paper_symbotic_39_37_gp_5/symbotic_agents_70_test_5.yaml,,,,,,,,,,symbotic.map,70,70,5.0,5,5,,5,,0,itacbs,"Command '['third_party/ITA-CBS2/build/ITACBS_remake', '-i', 'build/fixtures/symbotic_itacbs_normalized/Paper_symbotic_39_37_gp_5/symbotic_agents_70_test_5.yaml', '-o', 'build/results/symbotic_exp1_exp2_itacbs_10s_adaptive/rows_itacbs_outputs/Paper_symbotic_39_37_gp_5_symbotic_agents_70_test_5.out.yaml']' timed out after 10.0 seconds",1,0,12.605134010314941
70,16,0,124,,build/fixtures/symbotic_itacbs_normalized/Paper_symbotic_39_37_gp_5/symbotic_agents_70_test_16.yaml,,,,,,,,,,symbotic.map,70,70,5.0,5,5,,16,,0,itacbs,"Command '['third_party/ITA-CBS2/build/ITACBS_remake', '-i', 'build/fixtures/symbotic_itacbs_normalized/Paper_symbotic_39_37_gp_5/symbotic_agents_70_test_16.yaml', '-o', 'build/results/symbotic_exp1_exp2_itacbs_10s_adaptive/rows_itacbs_outputs/Paper_symbotic_39_37_gp_5_symbotic_agents_70_test_16.out.yaml']' timed out after 10.0 seconds",1,0,12.23931360244751
50,13,0,124,,build/fixtures/symbotic_itacbs_normalized/Paper_symbotic_39_37_gp_5/symbotic_agents_50_test_13.yaml,,,,,,,,,,symbotic.map,50,50,5.0,5,5,,13,,0,itacbs,"Command '['third_party/ITA-CBS2/build/ITACBS_remake', '-i', 'build/fixtures/symbotic_itacbs_normalized/Paper_symbotic_39_37_gp_5/symbotic_agents_50_test_13.yaml', '-o', 'build/results/symbotic_exp1_exp2_itacbs_10s_adaptive/rows_itacbs_outputs/Paper_symbotic_39_37_gp_5_symbotic_agents_50_test_13.out.yaml']' timed out after 10.0 seconds",1,0,12.933881759643555
70,7,0,124,,build/fixtures/symbotic_itacbs_normalized/Paper_symbotic_39_37_gp_5/symbotic_agents_70_test_7.yaml,,,,,,,,,,symbotic.map,70,70,5.0,5,5,,7,,0,itacbs,"Command '['third_party/ITA-CBS2/build/ITACBS_remake', '-i', 'build/fixtures/symbotic_itacbs_normalized/Paper_symbotic_39_37_gp_5/symbotic_agents_70_test_7.yaml', '-o', 'build/results/symbotic_exp1_exp2_itacbs_10s_adaptive/rows_itacbs_outputs/Paper_symbotic_39_37_gp_5_symbotic_agents_70_test_7.out.yaml']' timed out after 10.0 seconds",1,0,12.676438570022583
70,4,0,124,,build/fixtures/symbotic_itacbs_normalized/Paper_symbotic_39_37_gp_5/symbotic_agents_70_test_4.yaml,,,,,,,,,,symbotic.map,70,70,5.0,5,5,,4,,0,itacbs,"Command '['third_party/ITA-CBS2/build/ITACBS_remake', '-i', 'build/fixtures/symbotic_itacbs_normalized/Paper_symbotic_39_37_gp_5/symbotic_agents_70_test_4.yaml', '-o', 'build/results/symbotic_exp1_exp2_itacbs_10s_adaptive/rows_itacbs_outputs/Paper_symbotic_39_37_gp_5_symbotic_agents_70_test_4.out.yaml']' timed out after 10.0 seconds",1,0,12.734843015670776
60,1,0,124,,build/fixtures/symbotic_itacbs_normalized/Paper_symbotic_39_37_gp_5/symbotic_agents_60_test_1.yaml,,,,,,,,,,symbotic.map,60,60,5.0,5,5,,1,,0,itacbs,"Command '['third_party/ITA-CBS2/build/ITACBS_remake', '-i', 'build/fixtures/symbotic_itacbs_normalized/Paper_symbotic_39_37_gp_5/symbotic_agents_60_test_1.yaml', '-o', 'build/results/symbotic_exp1_exp2_itacbs_10s_adaptive/rows_itacbs_outputs/Paper_symbotic_39_37_gp_5_symbotic_agents_60_test_1.out.yaml']' timed out after 10.0 seconds",1,0,12.999226808547974
70,6,0,124,,build/fixtures/symbotic_itacbs_normalized/Paper_symbotic_39_37_gp_5/symbotic_agents_70_test_6.yaml,,,,,,,,,,symbotic.map,70,70,5.0,5,5,,6,,0,itacbs,"Command '['third_party/ITA-CBS2/build/ITACBS_remake', '-i', 'build/fixtures/symbotic_itacbs_normalized/Paper_symbotic_39_37_gp_5/symbotic_agents_70_test_6.yaml', '-o', 'build/results/symbotic_exp1_exp2_itacbs_10s_adaptive/rows_itacbs_outputs/Paper_symbotic_39_37_gp_5_symbotic_agents_70_test_6.out.yaml']' timed out after 10.0 seconds",1,0,12.831302404403687
70,10,0,124,,build/fixtures/symbotic_itacbs_normalized/Paper_symbotic_39_37_gp_5/symbotic_agents_70_test_10.yaml,,,,,,,,,,symbotic.map,70,70,5.0,5,5,,10,,0,itacbs,"Command '['third_party/ITA-CBS2/build/ITACBS_remake', '-i', 'build/fixtures/symbotic_itacbs_normalized/Paper_symbotic_39_37_gp_5/symbotic_agents_70_test_10.yaml', '-o', 'build/results/symbotic_exp1_exp2_itacbs_10s_adaptive/rows_itacbs_outputs/Paper_symbotic_39_37_gp_5_symbotic_agents_70_test_10.out.yaml']' timed out after 10.0 seconds",1,0,12.767205476760864
70,17,0,124,,build/fixtures/symbotic_itacbs_normalized/Paper_symbotic_39_37_gp_5/symbotic_agents_70_test_17.yaml,,,,,,,,,,symbotic.map,70,70,5.0,5,5,,17,,0,itacbs,"Command '['third_party/ITA-CBS2/build/ITACBS_remake', '-i', 'build/fixtures/symbotic_itacbs_normalized/Paper_symbotic_39_37_gp_5/symbotic_agents_70_test_17.yaml', '-o', 'build/results/symbotic_exp1_exp2_itacbs_10s_adaptive/rows_itacbs_outputs/Paper_symbotic_39_37_gp_5_symbotic_agents_70_test_17.out.yaml']' timed out after 10.0 seconds",1,0,12.489329099655151
80,3,0,124,,build/fixtures/symbotic_itacbs_normalized/Paper_symbotic_39_37_gp_5/symbotic_agents_80_test_3.yaml,,,,,,,,,,symbotic.map,80,80,5.0,5,5,,3,,0,itacbs,"Command '['third_party/ITA-CBS2/build/ITACBS_remake', '-i', 'build/fixtures/symbotic_itacbs_normalized/Paper_symbotic_39_37_gp_5/symbotic_agents_80_test_3.yaml', '-o', 'build/results/symbotic_exp1_exp2_itacbs_10s_adaptive/rows_itacbs_outputs/Paper_symbotic_39_37_gp_5_symbotic_agents_80_test_3.out.yaml']' timed out after 10.0 seconds",1,0,11.991250276565552
70,19,0,124,,build/fixtures/symbotic_itacbs_normalized/Paper_symbotic_39_37_gp_5/symbotic_agents_70_test_19.yaml,,,,,,,,,,symbotic.map,70,70,5.0,5,5,,19,,0,itacbs,"Command '['third_party/ITA-CBS2/build/ITACBS_remake', '-i', 'build/fixtures/symbotic_itacbs_normalized/Paper_symbotic_39_37_gp_5/symbotic_agents_70_test_19.yaml', '-o', 'build/results/symbotic_exp1_exp2_itacbs_10s_adaptive/rows_itacbs_outputs/Paper_symbotic_39_37_gp_5_symbotic_agents_70_test_19.out.yaml']' timed out after 10.0 seconds",1,0,12.520290613174438
80,0,0,124,,build/fixtures/symbotic_itacbs_normalized/Paper_symbotic_39_37_gp_5/symbotic_agents_80_test_0.yaml,,,,,,,,,,symbotic.map,80,80,5.0,5,5,,0,,0,itacbs,"Command '['third_party/ITA-CBS2/build/ITACBS_remake', '-i', 'build/fixtures/symbotic_itacbs_normalized/Paper_symbotic_39_37_gp_5/symbotic_agents_80_test_0.yaml', '-o', 'build/results/symbotic_exp1_exp2_itacbs_10s_adaptive/rows_itacbs_outputs/Paper_symbotic_39_37_gp_5_symbotic_agents_80_test_0.out.yaml']' timed out after 10.0 seconds",1,0,12.455865859985352
80,1,0,124,,build/fixtures/symbotic_itacbs_normalized/Paper_symbotic_39_37_gp_5/symbotic_agents_80_test_1.yaml,,,,,,,,,,symbotic.map,80,80,5.0,5,5,,1,,0,itacbs,"Command '['third_party/ITA-CBS2/build/ITACBS_remake', '-i', 'build/fixtures/symbotic_itacbs_normalized/Paper_symbotic_39_37_gp_5/symbotic_agents_80_test_1.yaml', '-o', 'build/results/symbotic_exp1_exp2_itacbs_10s_adaptive/rows_itacbs_outputs/Paper_symbotic_39_37_gp_5_symbotic_agents_80_test_1.out.yaml']' timed out after 10.0 seconds",1,0,12.338185787200928
80,2,0,124,,build/fixtures/symbotic_itacbs_normalized/Paper_symbotic_39_37_gp_5/symbotic_agents_80_test_2.yaml,,,,,,,,,,symbotic.map,80,80,5.0,5,5,,2,,0,itacbs,"Command '['third_party/ITA-CBS2/build/ITACBS_remake', '-i', 'build/fixtures/symbotic_itacbs_normalized/Paper_symbotic_39_37_gp_5/symbotic_agents_80_test_2.yaml', '-o', 'build/results/symbotic_exp1_exp2_itacbs_10s_adaptive/rows_itacbs_outputs/Paper_symbotic_39_37_gp_5_symbotic_agents_80_test_2.out.yaml']' timed out after 10.0 seconds",1,0,12.270205020904541
80,4,0,124,,build/fixtures/symbotic_itacbs_normalized/Paper_symbotic_39_37_gp_5/symbotic_agents_80_test_4.yaml,,,,,,,,,,symbotic.map,80,80,5.0,5,5,,4,,0,itacbs,"Command '['third_party/ITA-CBS2/build/ITACBS_remake', '-i', 'build/fixtures/symbotic_itacbs_normalized/Paper_symbotic_39_37_gp_5/symbotic_agents_80_test_4.yaml', '-o', 'build/results/symbotic_exp1_exp2_itacbs_10s_adaptive/rows_itacbs_outputs/Paper_symbotic_39_37_gp_5_symbotic_agents_80_test_4.out.yaml']' timed out after 10.0 seconds",1,0,12.05880093574524
80,5,0,124,,build/fixtures/symbotic_itacbs_normalized/Paper_symbotic_39_37_gp_5/symbotic_agents_80_test_5.yaml,,,,,,,,,,symbotic.map,80,80,5.0,5,5,,5,,0,itacbs,"Command '['third_party/ITA-CBS2/build/ITACBS_remake', '-i', 'build/fixtures/symbotic_itacbs_normalized/Paper_symbotic_39_37_gp_5/symbotic_agents_80_test_5.yaml', '-o', 'build/results/symbotic_exp1_exp2_itacbs_10s_adaptive/rows_itacbs_outputs/Paper_symbotic_39_37_gp_5_symbotic_agents_80_test_5.out.yaml']' timed out after 10.0 seconds",1,0,11.489753484725952
80,6,0,124,,build/fixtures/symbotic_itacbs_normalized/Paper_symbotic_39_37_gp_5/symbotic_agents_80_test_6.yaml,,,,,,,,,,symbotic.map,80,80,5.0,5,5,,6,,0,itacbs,"Command '['third_party/ITA-CBS2/build/ITACBS_remake', '-i', 'build/fixtures/symbotic_itacbs_normalized/Paper_symbotic_39_37_gp_5/symbotic_agents_80_test_6.yaml', '-o', 'build/results/symbotic_exp1_exp2_itacbs_10s_adaptive/rows_itacbs_outputs/Paper_symbotic_39_37_gp_5_symbotic_agents_80_test_6.out.yaml']' timed out after 10.0 seconds",1,0,11.47512936592102
80,7,0,124,,build/fixtures/symbotic_itacbs_normalized/Paper_symbotic_39_37_gp_5/symbotic_agents_80_test_7.yaml,,,,,,,,,,symbotic.map,80,80,5.0,5,5,,7,,0,itacbs,"Command '['third_party/ITA-CBS2/build/ITACBS_remake', '-i', 'build/fixtures/symbotic_itacbs_normalized/Paper_symbotic_39_37_gp_5/symbotic_agents_80_test_7.yaml', '-o', 'build/results/symbotic_exp1_exp2_itacbs_10s_adaptive/rows_itacbs_outputs/Paper_symbotic_39_37_gp_5_symbotic_agents_80_test_7.out.yaml']' timed out after 10.0 seconds",1,0,10.652221918106079
80,8,0,124,,build/fixtures/symbotic_itacbs_normalized/Paper_symbotic_39_37_gp_5/symbotic_agents_80_test_8.yaml,,,,,,,,,,symbotic.map,80,80,5.0,5,5,,8,,0,itacbs,"Command '['third_party/ITA-CBS2/build/ITACBS_remake', '-i', 'build/fixtures/symbotic_itacbs_normalized/Paper_symbotic_39_37_gp_5/symbotic_agents_80_test_8.yaml', '-o', 'build/results/symbotic_exp1_exp2_itacbs_10s_adaptive/rows_itacbs_outputs/Paper_symbotic_39_37_gp_5_symbotic_agents_80_test_8.out.yaml']' timed out after 10.0 seconds",1,0,10.175951719284058
80,9,0,124,,build/fixtures/symbotic_itacbs_normalized/Paper_symbotic_39_37_gp_5/symbotic_agents_80_test_9.yaml,,,,,,,,,,symbotic.map,80,80,5.0,5,5,,9,,0,itacbs,"Command '['third_party/ITA-CBS2/build/ITACBS_remake', '-i', 'build/fixtures/symbotic_itacbs_normalized/Paper_symbotic_39_37_gp_5/symbotic_agents_80_test_9.yaml', '-o', 'build/results/symbotic_exp1_exp2_itacbs_10s_adaptive/rows_itacbs_outputs/Paper_symbotic_39_37_gp_5_symbotic_agents_80_test_9.out.yaml']' timed out after 10.0 seconds",1,0,10.197772026062012
80,10,0,124,,build/fixtures/symbotic_itacbs_normalized/Paper_symbotic_39_37_gp_5/symbotic_agents_80_test_10.yaml,,,,,,,,,,symbotic.map,80,80,5.0,5,5,,10,,0,itacbs,"Command '['third_party/ITA-CBS2/build/ITACBS_remake', '-i', 'build/fixtures/symbotic_itacbs_normalized/Paper_symbotic_39_37_gp_5/symbotic_agents_80_test_10.yaml', '-o', 'build/results/symbotic_exp1_exp2_itacbs_10s_adaptive/rows_itacbs_outputs/Paper_symbotic_39_37_gp_5_symbotic_agents_80_test_10.out.yaml']' timed out after 10.0 seconds",1,0,10.28255009651184
80,11,0,124,,build/fixtures/symbotic_itacbs_normalized/Paper_symbotic_39_37_gp_5/symbotic_agents_80_test_11.yaml,,,,,,,,,,symbotic.map,80,80,5.0,5,5,,11,,0,itacbs,"Command '['third_party/ITA-CBS2/build/ITACBS_remake', '-i', 'build/fixtures/symbotic_itacbs_normalized/Paper_symbotic_39_37_gp_5/symbotic_agents_80_test_11.yaml', '-o', 'build/results/symbotic_exp1_exp2_itacbs_10s_adaptive/rows_itacbs_outputs/Paper_symbotic_39_37_gp_5_symbotic_agents_80_test_11.out.yaml']' timed out after 10.0 seconds",1,0,10.358152151107788
80,13,0,124,,build/fixtures/symbotic_itacbs_normalized/Paper_symbotic_39_37_gp_5/symbotic_agents_80_test_13.yaml,,,,,,,,,,symbotic.map,80,80,5.0,5,5,,13,,0,itacbs,"Command '['third_party/ITA-CBS2/build/ITACBS_remake', '-i', 'build/fixtures/symbotic_itacbs_normalized/Paper_symbotic_39_37_gp_5/symbotic_agents_80_test_13.yaml', '-o', 'build/results/symbotic_exp1_exp2_itacbs_10s_adaptive/rows_itacbs_outputs/Paper_symbotic_39_37_gp_5_symbotic_agents_80_test_13.out.yaml']' timed out after 10.0 seconds",1,0,10.778745889663696
80,16,0,124,,build/fixtures/symbotic_itacbs_normalized/Paper_symbotic_39_37_gp_5/symbotic_agents_80_test_16.yaml,,,,,,,,,,symbotic.map,80,80,5.0,5,5,,16,,0,itacbs,"Command '['third_party/ITA-CBS2/build/ITACBS_remake', '-i', 'build/fixtures/symbotic_itacbs_normalized/Paper_symbotic_39_37_gp_5/symbotic_agents_80_test_16.yaml', '-o', 'build/results/symbotic_exp1_exp2_itacbs_10s_adaptive/rows_itacbs_outputs/Paper_symbotic_39_37_gp_5_symbotic_agents_80_test_16.out.yaml']' timed out after 10.0 seconds",1,0,10.812736749649048
80,14,0,124,,build/fixtures/symbotic_itacbs_normalized/Paper_symbotic_39_37_gp_5/symbotic_agents_80_test_14.yaml,,,,,,,,,,symbotic.map,80,80,5.0,5,5,,14,,0,itacbs,"Command '['third_party/ITA-CBS2/build/ITACBS_remake', '-i', 'build/fixtures/symbotic_itacbs_normalized/Paper_symbotic_39_37_gp_5/symbotic_agents_80_test_14.yaml', '-o', 'build/results/symbotic_exp1_exp2_itacbs_10s_adaptive/rows_itacbs_outputs/Paper_symbotic_39_37_gp_5_symbotic_agents_80_test_14.out.yaml']' timed out after 10.0 seconds",1,0,11.054466485977173
80,12,0,124,,build/fixtures/symbotic_itacbs_normalized/Paper_symbotic_39_37_gp_5/symbotic_agents_80_test_12.yaml,,,,,,,,,,symbotic.map,80,80,5.0,5,5,,12,,0,itacbs,"Command '['third_party/ITA-CBS2/build/ITACBS_remake', '-i', 'build/fixtures/symbotic_itacbs_normalized/Paper_symbotic_39_37_gp_5/symbotic_agents_80_test_12.yaml', '-o', 'build/results/symbotic_exp1_exp2_itacbs_10s_adaptive/rows_itacbs_outputs/Paper_symbotic_39_37_gp_5_symbotic_agents_80_test_12.out.yaml']' timed out after 10.0 seconds",1,0,11.208534002304077
80,15,0,124,,build/fixtures/symbotic_itacbs_normalized/Paper_symbotic_39_37_gp_5/symbotic_agents_80_test_15.yaml,,,,,,,,,,symbotic.map,80,80,5.0,5,5,,15,,0,itacbs,"Command '['third_party/ITA-CBS2/build/ITACBS_remake', '-i', 'build/fixtures/symbotic_itacbs_normalized/Paper_symbotic_39_37_gp_5/symbotic_agents_80_test_15.yaml', '-o', 'build/results/symbotic_exp1_exp2_itacbs_10s_adaptive/rows_itacbs_outputs/Paper_symbotic_39_37_gp_5_symbotic_agents_80_test_15.out.yaml']' timed out after 10.0 seconds",1,0,11.159255504608154
80,18,0,124,,build/fixtures/symbotic_itacbs_normalized/Paper_symbotic_39_37_gp_5/symbotic_agents_80_test_18.yaml,,,,,,,,,,symbotic.map,80,80,5.0,5,5,,18,,0,itacbs,"Command '['third_party/ITA-CBS2/build/ITACBS_remake', '-i', 'build/fixtures/symbotic_itacbs_normalized/Paper_symbotic_39_37_gp_5/symbotic_agents_80_test_18.yaml', '-o', 'build/results/symbotic_exp1_exp2_itacbs_10s_adaptive/rows_itacbs_outputs/Paper_symbotic_39_37_gp_5_symbotic_agents_80_test_18.out.yaml']' timed out after 10.0 seconds",1,0,11.020278215408325
80,17,0,124,,build/fixtures/symbotic_itacbs_normalized/Paper_symbotic_39_37_gp_5/symbotic_agents_80_test_17.yaml,,,,,,,,,,symbotic.map,80,80,5.0,5,5,,17,,0,itacbs,"Command '['third_party/ITA-CBS2/build/ITACBS_remake', '-i', 'build/fixtures/symbotic_itacbs_normalized/Paper_symbotic_39_37_gp_5/symbotic_agents_80_test_17.yaml', '-o', 'build/results/symbotic_exp1_exp2_itacbs_10s_adaptive/rows_itacbs_outputs/Paper_symbotic_39_37_gp_5_symbotic_agents_80_test_17.out.yaml']' timed out after 10.0 seconds",1,0,11.088533401489258
80,19,0,124,,build/fixtures/symbotic_itacbs_normalized/Paper_symbotic_39_37_gp_5/symbotic_agents_80_test_19.yaml,,,,,,,,,,symbotic.map,80,80,5.0,5,5,,19,,0,itacbs,"Command '['third_party/ITA-CBS2/build/ITACBS_remake', '-i', 'build/fixtures/symbotic_itacbs_normalized/Paper_symbotic_39_37_gp_5/symbotic_agents_80_test_19.yaml', '-o', 'build/results/symbotic_exp1_exp2_itacbs_10s_adaptive/rows_itacbs_outputs/Paper_symbotic_39_37_gp_5_symbotic_agents_80_test_19.out.yaml']' timed out after 10.0 seconds",1,0,11.225428819656372
90,0,0,124,,build/fixtures/symbotic_itacbs_normalized/Paper_symbotic_39_37_gp_5/symbotic_agents_90_test_0.yaml,,,,,,,,,,symbotic.map,90,90,5.0,5,5,,0,,0,itacbs,"Command '['third_party/ITA-CBS2/build/ITACBS_remake', '-i', 'build/fixtures/symbotic_itacbs_normalized/Paper_symbotic_39_37_gp_5/symbotic_agents_90_test_0.yaml', '-o', 'build/results/symbotic_exp1_exp2_itacbs_10s_adaptive/rows_itacbs_outputs/Paper_symbotic_39_37_gp_5_symbotic_agents_90_test_0.out.yaml']' timed out after 10.0 seconds",1,0,11.46945858001709
90,2,0,124,,build/fixtures/symbotic_itacbs_normalized/Paper_symbotic_39_37_gp_5/symbotic_agents_90_test_2.yaml,,,,,,,,,,symbotic.map,90,90,5.0,5,5,,2,,0,itacbs,"Command '['third_party/ITA-CBS2/build/ITACBS_remake', '-i', 'build/fixtures/symbotic_itacbs_normalized/Paper_symbotic_39_37_gp_5/symbotic_agents_90_test_2.yaml', '-o', 'build/results/symbotic_exp1_exp2_itacbs_10s_adaptive/rows_itacbs_outputs/Paper_symbotic_39_37_gp_5_symbotic_agents_90_test_2.out.yaml']' timed out after 10.0 seconds",1,0,11.571226835250854
90,3,0,124,,build/fixtures/symbotic_itacbs_normalized/Paper_symbotic_39_37_gp_5/symbotic_agents_90_test_3.yaml,,,,,,,,,,symbotic.map,90,90,5.0,5,5,,3,,0,itacbs,"Command '['third_party/ITA-CBS2/build/ITACBS_remake', '-i', 'build/fixtures/symbotic_itacbs_normalized/Paper_symbotic_39_37_gp_5/symbotic_agents_90_test_3.yaml', '-o', 'build/results/symbotic_exp1_exp2_itacbs_10s_adaptive/rows_itacbs_outputs/Paper_symbotic_39_37_gp_5_symbotic_agents_90_test_3.out.yaml']' timed out after 10.0 seconds",1,0,11.665019512176514
90,1,0,124,,build/fixtures/symbotic_itacbs_normalized/Paper_symbotic_39_37_gp_5/symbotic_agents_90_test_1.yaml,,,,,,,,,,symbotic.map,90,90,5.0,5,5,,1,,0,itacbs,"Command '['third_party/ITA-CBS2/build/ITACBS_remake', '-i', 'build/fixtures/symbotic_itacbs_normalized/Paper_symbotic_39_37_gp_5/symbotic_agents_90_test_1.yaml', '-o', 'build/results/symbotic_exp1_exp2_itacbs_10s_adaptive/rows_itacbs_outputs/Paper_symbotic_39_37_gp_5_symbotic_agents_90_test_1.out.yaml']' timed out after 10.0 seconds",1,0,11.805005311965942
90,10,0,124,,build/fixtures/symbotic_itacbs_normalized/Paper_symbotic_39_37_gp_5/symbotic_agents_90_test_10.yaml,,,,,,,,,,symbotic.map,90,90,5.0,5,5,,10,,0,itacbs,"Command '['third_party/ITA-CBS2/build/ITACBS_remake', '-i', 'build/fixtures/symbotic_itacbs_normalized/Paper_symbotic_39_37_gp_5/symbotic_agents_90_test_10.yaml', '-o', 'build/results/symbotic_exp1_exp2_itacbs_10s_adaptive/rows_itacbs_outputs/Paper_symbotic_39_37_gp_5_symbotic_agents_90_test_10.out.yaml']' timed out after 10.0 seconds",1,0,11.868117570877075
90,9,0,124,,build/fixtures/symbotic_itacbs_normalized/Paper_symbotic_39_37_gp_5/symbotic_agents_90_test_9.yaml,,,,,,,,,,symbotic.map,90,90,5.0,5,5,,9,,0,itacbs,"Command '['third_party/ITA-CBS2/build/ITACBS_remake', '-i', 'build/fixtures/symbotic_itacbs_normalized/Paper_symbotic_39_37_gp_5/symbotic_agents_90_test_9.yaml', '-o', 'build/results/symbotic_exp1_exp2_itacbs_10s_adaptive/rows_itacbs_outputs/Paper_symbotic_39_37_gp_5_symbotic_agents_90_test_9.out.yaml']' timed out after 10.0 seconds",1,0,11.865538120269775
90,5,0,124,,build/fixtures/symbotic_itacbs_normalized/Paper_symbotic_39_37_gp_5/symbotic_agents_90_test_5.yaml,,,,,,,,,,symbotic.map,90,90,5.0,5,5,,5,,0,itacbs,"Command '['third_party/ITA-CBS2/build/ITACBS_remake', '-i', 'build/fixtures/symbotic_itacbs_normalized/Paper_symbotic_39_37_gp_5/symbotic_agents_90_test_5.yaml', '-o', 'build/results/symbotic_exp1_exp2_itacbs_10s_adaptive/rows_itacbs_outputs/Paper_symbotic_39_37_gp_5_symbotic_agents_90_test_5.out.yaml']' timed out after 10.0 seconds",1,0,12.07473111152649
90,7,0,124,,build/fixtures/symbotic_itacbs_normalized/Paper_symbotic_39_37_gp_5/symbotic_agents_90_test_7.yaml,,,,,,,,,,symbotic.map,90,90,5.0,5,5,,7,,0,itacbs,"Command '['third_party/ITA-CBS2/build/ITACBS_remake', '-i', 'build/fixtures/symbotic_itacbs_normalized/Paper_symbotic_39_37_gp_5/symbotic_agents_90_test_7.yaml', '-o', 'build/results/symbotic_exp1_exp2_itacbs_10s_adaptive/rows_itacbs_outputs/Paper_symbotic_39_37_gp_5_symbotic_agents_90_test_7.out.yaml']' timed out after 10.0 seconds",1,0,11.954177141189575
90,12,0,124,,build/fixtures/symbotic_itacbs_normalized/Paper_symbotic_39_37_gp_5/symbotic_agents_90_test_12.yaml,,,,,,,,,,symbotic.map,90,90,5.0,5,5,,12,,0,itacbs,"Command '['third_party/ITA-CBS2/build/ITACBS_remake', '-i', 'build/fixtures/symbotic_itacbs_normalized/Paper_symbotic_39_37_gp_5/symbotic_agents_90_test_12.yaml', '-o', 'build/results/symbotic_exp1_exp2_itacbs_10s_adaptive/rows_itacbs_outputs/Paper_symbotic_39_37_gp_5_symbotic_agents_90_test_12.out.yaml']' timed out after 10.0 seconds",1,0,12.140593528747559
90,11,0,124,,build/fixtures/symbotic_itacbs_normalized/Paper_symbotic_39_37_gp_5/symbotic_agents_90_test_11.yaml,,,,,,,,,,symbotic.map,90,90,5.0,5,5,,11,,0,itacbs,"Command '['third_party/ITA-CBS2/build/ITACBS_remake', '-i', 'build/fixtures/symbotic_itacbs_normalized/Paper_symbotic_39_37_gp_5/symbotic_agents_90_test_11.yaml', '-o', 'build/results/symbotic_exp1_exp2_itacbs_10s_adaptive/rows_itacbs_outputs/Paper_symbotic_39_37_gp_5_symbotic_agents_90_test_11.out.yaml']' timed out after 10.0 seconds",1,0,12.15800142288208
90,6,0,124,,build/fixtures/symbotic_itacbs_normalized/Paper_symbotic_39_37_gp_5/symbotic_agents_90_test_6.yaml,,,,,,,,,,symbotic.map,90,90,5.0,5,5,,6,,0,itacbs,"Command '['third_party/ITA-CBS2/build/ITACBS_remake', '-i', 'build/fixtures/symbotic_itacbs_normalized/Paper_symbotic_39_37_gp_5/symbotic_agents_90_test_6.yaml', '-o', 'build/results/symbotic_exp1_exp2_itacbs_10s_adaptive/rows_itacbs_outputs/Paper_symbotic_39_37_gp_5_symbotic_agents_90_test_6.out.yaml']' timed out after 10.0 seconds",1,0,12.25575041770935
90,8,0,124,,build/fixtures/symbotic_itacbs_normalized/Paper_symbotic_39_37_gp_5/symbotic_agents_90_test_8.yaml,,,,,,,,,,symbotic.map,90,90,5.0,5,5,,8,,0,itacbs,"Command '['third_party/ITA-CBS2/build/ITACBS_remake', '-i', 'build/fixtures/symbotic_itacbs_normalized/Paper_symbotic_39_37_gp_5/symbotic_agents_90_test_8.yaml', '-o', 'build/results/symbotic_exp1_exp2_itacbs_10s_adaptive/rows_itacbs_outputs/Paper_symbotic_39_37_gp_5_symbotic_agents_90_test_8.out.yaml']' timed out after 10.0 seconds",1,0,12.323281526565552
90,16,0,124,,build/fixtures/symbotic_itacbs_normalized/Paper_symbotic_39_37_gp_5/symbotic_agents_90_test_16.yaml,,,,,,,,,,symbotic.map,90,90,5.0,5,5,,16,,0,itacbs,"Command '['third_party/ITA-CBS2/build/ITACBS_remake', '-i', 'build/fixtures/symbotic_itacbs_normalized/Paper_symbotic_39_37_gp_5/symbotic_agents_90_test_16.yaml', '-o', 'build/results/symbotic_exp1_exp2_itacbs_10s_adaptive/rows_itacbs_outputs/Paper_symbotic_39_37_gp_5_symbotic_agents_90_test_16.out.yaml']' timed out after 10.0 seconds",1,0,12.117126703262329
90,4,0,124,,build/fixtures/symbotic_itacbs_normalized/Paper_symbotic_39_37_gp_5/symbotic_agents_90_test_4.yaml,,,,,,,,,,symbotic.map,90,90,5.0,5,5,,4,,0,itacbs,"Command '['third_party/ITA-CBS2/build/ITACBS_remake', '-i', 'build/fixtures/symbotic_itacbs_normalized/Paper_symbotic_39_37_gp_5/symbotic_agents_90_test_4.yaml', '-o', 'build/results/symbotic_exp1_exp2_itacbs_10s_adaptive/rows_itacbs_outputs/Paper_symbotic_39_37_gp_5_symbotic_agents_90_test_4.out.yaml']' timed out after 10.0 seconds",1,0,12.543694972991943
90,13,0,124,,build/fixtures/symbotic_itacbs_normalized/Paper_symbotic_39_37_gp_5/symbotic_agents_90_test_13.yaml,,,,,,,,,,symbotic.map,90,90,5.0,5,5,,13,,0,itacbs,"Command '['third_party/ITA-CBS2/build/ITACBS_remake', '-i', 'build/fixtures/symbotic_itacbs_normalized/Paper_symbotic_39_37_gp_5/symbotic_agents_90_test_13.yaml', '-o', 'build/results/symbotic_exp1_exp2_itacbs_10s_adaptive/rows_itacbs_outputs/Paper_symbotic_39_37_gp_5_symbotic_agents_90_test_13.out.yaml']' timed out after 10.0 seconds",1,0,12.49074935913086
90,14,0,124,,build/fixtures/symbotic_itacbs_normalized/Paper_symbotic_39_37_gp_5/symbotic_agents_90_test_14.yaml,,,,,,,,,,symbotic.map,90,90,5.0,5,5,,14,,0,itacbs,"Command '['third_party/ITA-CBS2/build/ITACBS_remake', '-i', 'build/fixtures/symbotic_itacbs_normalized/Paper_symbotic_39_37_gp_5/symbotic_agents_90_test_14.yaml', '-o', 'build/results/symbotic_exp1_exp2_itacbs_10s_adaptive/rows_itacbs_outputs/Paper_symbotic_39_37_gp_5_symbotic_agents_90_test_14.out.yaml']' timed out after 10.0 seconds",1,0,12.484416484832764
90,18,0,124,,build/fixtures/symbotic_itacbs_normalized/Paper_symbotic_39_37_gp_5/symbotic_agents_90_test_18.yaml,,,,,,,,,,symbotic.map,90,90,5.0,5,5,,18,,0,itacbs,"Command '['third_party/ITA-CBS2/build/ITACBS_remake', '-i', 'build/fixtures/symbotic_itacbs_normalized/Paper_symbotic_39_37_gp_5/symbotic_agents_90_test_18.yaml', '-o', 'build/results/symbotic_exp1_exp2_itacbs_10s_adaptive/rows_itacbs_outputs/Paper_symbotic_39_37_gp_5_symbotic_agents_90_test_18.out.yaml']' timed out after 10.0 seconds",1,0,12.436318635940552
90,15,0,124,,build/fixtures/symbotic_itacbs_normalized/Paper_symbotic_39_37_gp_5/symbotic_agents_90_test_15.yaml,,,,,,,,,,symbotic.map,90,90,5.0,5,5,,15,,0,itacbs,"Command '['third_party/ITA-CBS2/build/ITACBS_remake', '-i', 'build/fixtures/symbotic_itacbs_normalized/Paper_symbotic_39_37_gp_5/symbotic_agents_90_test_15.yaml', '-o', 'build/results/symbotic_exp1_exp2_itacbs_10s_adaptive/rows_itacbs_outputs/Paper_symbotic_39_37_gp_5_symbotic_agents_90_test_15.out.yaml']' timed out after 10.0 seconds",1,0,12.540343284606934
90,17,0,124,,build/fixtures/symbotic_itacbs_normalized/Paper_symbotic_39_37_gp_5/symbotic_agents_90_test_17.yaml,,,,,,,,,,symbotic.map,90,90,5.0,5,5,,17,,0,itacbs,"Command '['third_party/ITA-CBS2/build/ITACBS_remake', '-i', 'build/fixtures/symbotic_itacbs_normalized/Paper_symbotic_39_37_gp_5/symbotic_agents_90_test_17.yaml', '-o', 'build/results/symbotic_exp1_exp2_itacbs_10s_adaptive/rows_itacbs_outputs/Paper_symbotic_39_37_gp_5_symbotic_agents_90_test_17.out.yaml']' timed out after 10.0 seconds",1,0,12.672317028045654
90,19,0,124,,build/fixtures/symbotic_itacbs_normalized/Paper_symbotic_39_37_gp_5/symbotic_agents_90_test_19.yaml,,,,,,,,,,symbotic.map,90,90,5.0,5,5,,19,,0,itacbs,"Command '['third_party/ITA-CBS2/build/ITACBS_remake', '-i', 'build/fixtures/symbotic_itacbs_normalized/Paper_symbotic_39_37_gp_5/symbotic_agents_90_test_19.yaml', '-o', 'build/results/symbotic_exp1_exp2_itacbs_10s_adaptive/rows_itacbs_outputs/Paper_symbotic_39_37_gp_5_symbotic_agents_90_test_19.out.yaml']' timed out after 10.0 seconds",1,0,12.65179705619812
100,3,0,124,,build/fixtures/symbotic_itacbs_normalized/Paper_symbotic_39_37_gp_5/symbotic_agents_100_test_3.yaml,,,,,,,,,,symbotic.map,100,100,5.0,5,5,,3,,0,itacbs,"Command '['third_party/ITA-CBS2/build/ITACBS_remake', '-i', 'build/fixtures/symbotic_itacbs_normalized/Paper_symbotic_39_37_gp_5/symbotic_agents_100_test_3.yaml', '-o', 'build/results/symbotic_exp1_exp2_itacbs_10s_adaptive/rows_itacbs_outputs/Paper_symbotic_39_37_gp_5_symbotic_agents_100_test_3.out.yaml']' timed out after 10.0 seconds",1,0,12.664623022079468
100,0,0,124,,build/fixtures/symbotic_itacbs_normalized/Paper_symbotic_39_37_gp_5/symbotic_agents_100_test_0.yaml,,,,,,,,,,symbotic.map,100,100,5.0,5,5,,0,,0,itacbs,"Command '['third_party/ITA-CBS2/build/ITACBS_remake', '-i', 'build/fixtures/symbotic_itacbs_normalized/Paper_symbotic_39_37_gp_5/symbotic_agents_100_test_0.yaml', '-o', 'build/results/symbotic_exp1_exp2_itacbs_10s_adaptive/rows_itacbs_outputs/Paper_symbotic_39_37_gp_5_symbotic_agents_100_test_0.out.yaml']' timed out after 10.0 seconds",1,0,12.78882360458374
100,2,0,124,,build/fixtures/symbotic_itacbs_normalized/Paper_symbotic_39_37_gp_5/symbotic_agents_100_test_2.yaml,,,,,,,,,,symbotic.map,100,100,5.0,5,5,,2,,0,itacbs,"Command '['third_party/ITA-CBS2/build/ITACBS_remake', '-i', 'build/fixtures/symbotic_itacbs_normalized/Paper_symbotic_39_37_gp_5/symbotic_agents_100_test_2.yaml', '-o', 'build/results/symbotic_exp1_exp2_itacbs_10s_adaptive/rows_itacbs_outputs/Paper_symbotic_39_37_gp_5_symbotic_agents_100_test_2.out.yaml']' timed out after 10.0 seconds",1,0,12.918048858642578
100,4,0,124,,build/fixtures/symbotic_itacbs_normalized/Paper_symbotic_39_37_gp_5/symbotic_agents_100_test_4.yaml,,,,,,,,,,symbotic.map,100,100,5.0,5,5,,4,,0,itacbs,"Command '['third_party/ITA-CBS2/build/ITACBS_remake', '-i', 'build/fixtures/symbotic_itacbs_normalized/Paper_symbotic_39_37_gp_5/symbotic_agents_100_test_4.yaml', '-o', 'build/results/symbotic_exp1_exp2_itacbs_10s_adaptive/rows_itacbs_outputs/Paper_symbotic_39_37_gp_5_symbotic_agents_100_test_4.out.yaml']' timed out after 10.0 seconds",1,0,12.98554015159607
100,7,0,124,,build/fixtures/symbotic_itacbs_normalized/Paper_symbotic_39_37_gp_5/symbotic_agents_100_test_7.yaml,,,,,,,,,,symbotic.map,100,100,5.0,5,5,,7,,0,itacbs,"Command '['third_party/ITA-CBS2/build/ITACBS_remake', '-i', 'build/fixtures/symbotic_itacbs_normalized/Paper_symbotic_39_37_gp_5/symbotic_agents_100_test_7.yaml', '-o', 'build/results/symbotic_exp1_exp2_itacbs_10s_adaptive/rows_itacbs_outputs/Paper_symbotic_39_37_gp_5_symbotic_agents_100_test_7.out.yaml']' timed out after 10.0 seconds",1,0,12.929375171661377
100,10,0,124,,build/fixtures/symbotic_itacbs_normalized/Paper_symbotic_39_37_gp_5/symbotic_agents_100_test_10.yaml,,,,,,,,,,symbotic.map,100,100,5.0,5,5,,10,,0,itacbs,"Command '['third_party/ITA-CBS2/build/ITACBS_remake', '-i', 'build/fixtures/symbotic_itacbs_normalized/Paper_symbotic_39_37_gp_5/symbotic_agents_100_test_10.yaml', '-o', 'build/results/symbotic_exp1_exp2_itacbs_10s_adaptive/rows_itacbs_outputs/Paper_symbotic_39_37_gp_5_symbotic_agents_100_test_10.out.yaml']' timed out after 10.0 seconds",1,0,12.926230669021606
100,1,0,124,,build/fixtures/symbotic_itacbs_normalized/Paper_symbotic_39_37_gp_5/symbotic_agents_100_test_1.yaml,,,,,,,,,,symbotic.map,100,100,5.0,5,5,,1,,0,itacbs,"Command '['third_party/ITA-CBS2/build/ITACBS_remake', '-i', 'build/fixtures/symbotic_itacbs_normalized/Paper_symbotic_39_37_gp_5/symbotic_agents_100_test_1.yaml', '-o', 'build/results/symbotic_exp1_exp2_itacbs_10s_adaptive/rows_itacbs_outputs/Paper_symbotic_39_37_gp_5_symbotic_agents_100_test_1.out.yaml']' timed out after 10.0 seconds",1,0,13.188962697982788
100,6,0,124,,build/fixtures/symbotic_itacbs_normalized/Paper_symbotic_39_37_gp_5/symbotic_agents_100_test_6.yaml,,,,,,,,,,symbotic.map,100,100,5.0,5,5,,6,,0,itacbs,"Command '['third_party/ITA-CBS2/build/ITACBS_remake', '-i', 'build/fixtures/symbotic_itacbs_normalized/Paper_symbotic_39_37_gp_5/symbotic_agents_100_test_6.yaml', '-o', 'build/results/symbotic_exp1_exp2_itacbs_10s_adaptive/rows_itacbs_outputs/Paper_symbotic_39_37_gp_5_symbotic_agents_100_test_6.out.yaml']' timed out after 10.0 seconds",1,0,13.090792894363403
100,13,0,124,,build/fixtures/symbotic_itacbs_normalized/Paper_symbotic_39_37_gp_5/symbotic_agents_100_test_13.yaml,,,,,,,,,,symbotic.map,100,100,5.0,5,5,,13,,0,itacbs,"Command '['third_party/ITA-CBS2/build/ITACBS_remake', '-i', 'build/fixtures/symbotic_itacbs_normalized/Paper_symbotic_39_37_gp_5/symbotic_agents_100_test_13.yaml', '-o', 'build/results/symbotic_exp1_exp2_itacbs_10s_adaptive/rows_itacbs_outputs/Paper_symbotic_39_37_gp_5_symbotic_agents_100_test_13.out.yaml']' timed out after 10.0 seconds",1,0,12.892507553100586
100,8,0,124,,build/fixtures/symbotic_itacbs_normalized/Paper_symbotic_39_37_gp_5/symbotic_agents_100_test_8.yaml,,,,,,,,,,symbotic.map,100,100,5.0,5,5,,8,,0,itacbs,"Command '['third_party/ITA-CBS2/build/ITACBS_remake', '-i', 'build/fixtures/symbotic_itacbs_normalized/Paper_symbotic_39_37_gp_5/symbotic_agents_100_test_8.yaml', '-o', 'build/results/symbotic_exp1_exp2_itacbs_10s_adaptive/rows_itacbs_outputs/Paper_symbotic_39_37_gp_5_symbotic_agents_100_test_8.out.yaml']' timed out after 10.0 seconds",1,0,13.094385147094727
100,11,0,124,,build/fixtures/symbotic_itacbs_normalized/Paper_symbotic_39_37_gp_5/symbotic_agents_100_test_11.yaml,,,,,,,,,,symbotic.map,100,100,5.0,5,5,,11,,0,itacbs,"Command '['third_party/ITA-CBS2/build/ITACBS_remake', '-i', 'build/fixtures/symbotic_itacbs_normalized/Paper_symbotic_39_37_gp_5/symbotic_agents_100_test_11.yaml', '-o', 'build/results/symbotic_exp1_exp2_itacbs_10s_adaptive/rows_itacbs_outputs/Paper_symbotic_39_37_gp_5_symbotic_agents_100_test_11.out.yaml']' timed out after 10.0 seconds",1,0,13.065828323364258
100,12,0,124,,build/fixtures/symbotic_itacbs_normalized/Paper_symbotic_39_37_gp_5/symbotic_agents_100_test_12.yaml,,,,,,,,,,symbotic.map,100,100,5.0,5,5,,12,,0,itacbs,"Command '['third_party/ITA-CBS2/build/ITACBS_remake', '-i', 'build/fixtures/symbotic_itacbs_normalized/Paper_symbotic_39_37_gp_5/symbotic_agents_100_test_12.yaml', '-o', 'build/results/symbotic_exp1_exp2_itacbs_10s_adaptive/rows_itacbs_outputs/Paper_symbotic_39_37_gp_5_symbotic_agents_100_test_12.out.yaml']' timed out after 10.0 seconds",1,0,12.988336086273193
100,5,0,124,,build/fixtures/symbotic_itacbs_normalized/Paper_symbotic_39_37_gp_5/symbotic_agents_100_test_5.yaml,,,,,,,,,,symbotic.map,100,100,5.0,5,5,,5,,0,itacbs,"Command '['third_party/ITA-CBS2/build/ITACBS_remake', '-i', 'build/fixtures/symbotic_itacbs_normalized/Paper_symbotic_39_37_gp_5/symbotic_agents_100_test_5.yaml', '-o', 'build/results/symbotic_exp1_exp2_itacbs_10s_adaptive/rows_itacbs_outputs/Paper_symbotic_39_37_gp_5_symbotic_agents_100_test_5.out.yaml']' timed out after 10.0 seconds",1,0,13.315769910812378
100,15,0,124,,build/fixtures/symbotic_itacbs_normalized/Paper_symbotic_39_37_gp_5/symbotic_agents_100_test_15.yaml,,,,,,,,,,symbotic.map,100,100,5.0,5,5,,15,,0,itacbs,"Command '['third_party/ITA-CBS2/build/ITACBS_remake', '-i', 'build/fixtures/symbotic_itacbs_normalized/Paper_symbotic_39_37_gp_5/symbotic_agents_100_test_15.yaml', '-o', 'build/results/symbotic_exp1_exp2_itacbs_10s_adaptive/rows_itacbs_outputs/Paper_symbotic_39_37_gp_5_symbotic_agents_100_test_15.out.yaml']' timed out after 10.0 seconds",1,0,13.085161209106445
100,16,0,124,,build/fixtures/symbotic_itacbs_normalized/Paper_symbotic_39_37_gp_5/symbotic_agents_100_test_16.yaml,,,,,,,,,,symbotic.map,100,100,5.0,5,5,,16,,0,itacbs,"Command '['third_party/ITA-CBS2/build/ITACBS_remake', '-i', 'build/fixtures/symbotic_itacbs_normalized/Paper_symbotic_39_37_gp_5/symbotic_agents_100_test_16.yaml', '-o', 'build/results/symbotic_exp1_exp2_itacbs_10s_adaptive/rows_itacbs_outputs/Paper_symbotic_39_37_gp_5_symbotic_agents_100_test_16.out.yaml']' timed out after 10.0 seconds",1,0,13.060806274414062
100,14,0,124,,build/fixtures/symbotic_itacbs_normalized/Paper_symbotic_39_37_gp_5/symbotic_agents_100_test_14.yaml,,,,,,,,,,symbotic.map,100,100,5.0,5,5,,14,,0,itacbs,"Command '['third_party/ITA-CBS2/build/ITACBS_remake', '-i', 'build/fixtures/symbotic_itacbs_normalized/Paper_symbotic_39_37_gp_5/symbotic_agents_100_test_14.yaml', '-o', 'build/results/symbotic_exp1_exp2_itacbs_10s_adaptive/rows_itacbs_outputs/Paper_symbotic_39_37_gp_5_symbotic_agents_100_test_14.out.yaml']' timed out after 10.0 seconds",1,0,13.135555982589722
100,9,0,124,,build/fixtures/symbotic_itacbs_normalized/Paper_symbotic_39_37_gp_5/symbotic_agents_100_test_9.yaml,,,,,,,,,,symbotic.map,100,100,5.0,5,5,,9,,0,itacbs,"Command '['third_party/ITA-CBS2/build/ITACBS_remake', '-i', 'build/fixtures/symbotic_itacbs_normalized/Paper_symbotic_39_37_gp_5/symbotic_agents_100_test_9.yaml', '-o', 'build/results/symbotic_exp1_exp2_itacbs_10s_adaptive/rows_itacbs_outputs/Paper_symbotic_39_37_gp_5_symbotic_agents_100_test_9.out.yaml']' timed out after 10.0 seconds",1,0,13.39949917793274
110,5,0,124,,build/fixtures/symbotic_itacbs_normalized/Paper_symbotic_39_37_gp_5/symbotic_agents_110_test_5.yaml,,,,,,,,,,symbotic.map,110,110,5.0,5,5,,5,,0,itacbs,"Command '['third_party/ITA-CBS2/build/ITACBS_remake', '-i', 'build/fixtures/symbotic_itacbs_normalized/Paper_symbotic_39_37_gp_5/symbotic_agents_110_test_5.yaml', '-o', 'build/results/symbotic_exp1_exp2_itacbs_10s_adaptive/rows_itacbs_outputs/Paper_symbotic_39_37_gp_5_symbotic_agents_110_test_5.out.yaml']' timed out after 10.0 seconds",1,0,13.049752235412598
110,0,0,124,,build/fixtures/symbotic_itacbs_normalized/Paper_symbotic_39_37_gp_5/symbotic_agents_110_test_0.yaml,,,,,,,,,,symbotic.map,110,110,5.0,5,5,,0,,0,itacbs,"Command '['third_party/ITA-CBS2/build/ITACBS_remake', '-i', 'build/fixtures/symbotic_itacbs_normalized/Paper_symbotic_39_37_gp_5/symbotic_agents_110_test_0.yaml', '-o', 'build/results/symbotic_exp1_exp2_itacbs_10s_adaptive/rows_itacbs_outputs/Paper_symbotic_39_37_gp_5_symbotic_agents_110_test_0.out.yaml']' timed out after 10.0 seconds",1,0,13.14725661277771
110,1,0,124,,build/fixtures/symbotic_itacbs_normalized/Paper_symbotic_39_37_gp_5/symbotic_agents_110_test_1.yaml,,,,,,,,,,symbotic.map,110,110,5.0,5,5,,1,,0,itacbs,"Command '['third_party/ITA-CBS2/build/ITACBS_remake', '-i', 'build/fixtures/symbotic_itacbs_normalized/Paper_symbotic_39_37_gp_5/symbotic_agents_110_test_1.yaml', '-o', 'build/results/symbotic_exp1_exp2_itacbs_10s_adaptive/rows_itacbs_outputs/Paper_symbotic_39_37_gp_5_symbotic_agents_110_test_1.out.yaml']' timed out after 10.0 seconds",1,0,13.150579690933228
100,17,0,124,,build/fixtures/symbotic_itacbs_normalized/Paper_symbotic_39_37_gp_5/symbotic_agents_100_test_17.yaml,,,,,,,,,,symbotic.map,100,100,5.0,5,5,,17,,0,itacbs,"Command '['third_party/ITA-CBS2/build/ITACBS_remake', '-i', 'build/fixtures/symbotic_itacbs_normalized/Paper_symbotic_39_37_gp_5/symbotic_agents_100_test_17.yaml', '-o', 'build/results/symbotic_exp1_exp2_itacbs_10s_adaptive/rows_itacbs_outputs/Paper_symbotic_39_37_gp_5_symbotic_agents_100_test_17.out.yaml']' timed out after 10.0 seconds",1,0,13.263065099716187
110,2,0,124,,build/fixtures/symbotic_itacbs_normalized/Paper_symbotic_39_37_gp_5/symbotic_agents_110_test_2.yaml,,,,,,,,,,symbotic.map,110,110,5.0,5,5,,2,,0,itacbs,"Command '['third_party/ITA-CBS2/build/ITACBS_remake', '-i', 'build/fixtures/symbotic_itacbs_normalized/Paper_symbotic_39_37_gp_5/symbotic_agents_110_test_2.yaml', '-o', 'build/results/symbotic_exp1_exp2_itacbs_10s_adaptive/rows_itacbs_outputs/Paper_symbotic_39_37_gp_5_symbotic_agents_110_test_2.out.yaml']' timed out after 10.0 seconds",1,0,13.152959823608398
100,19,0,124,,build/fixtures/symbotic_itacbs_normalized/Paper_symbotic_39_37_gp_5/symbotic_agents_100_test_19.yaml,,,,,,,,,,symbotic.map,100,100,5.0,5,5,,19,,0,itacbs,"Command '['third_party/ITA-CBS2/build/ITACBS_remake', '-i', 'build/fixtures/symbotic_itacbs_normalized/Paper_symbotic_39_37_gp_5/symbotic_agents_100_test_19.yaml', '-o', 'build/results/symbotic_exp1_exp2_itacbs_10s_adaptive/rows_itacbs_outputs/Paper_symbotic_39_37_gp_5_symbotic_agents_100_test_19.out.yaml']' timed out after 10.0 seconds",1,0,13.271739482879639
110,12,0,124,,build/fixtures/symbotic_itacbs_normalized/Paper_symbotic_39_37_gp_5/symbotic_agents_110_test_12.yaml,,,,,,,,,,symbotic.map,110,110,5.0,5,5,,12,,0,itacbs,"Command '['third_party/ITA-CBS2/build/ITACBS_remake', '-i', 'build/fixtures/symbotic_itacbs_normalized/Paper_symbotic_39_37_gp_5/symbotic_agents_110_test_12.yaml', '-o', 'build/results/symbotic_exp1_exp2_itacbs_10s_adaptive/rows_itacbs_outputs/Paper_symbotic_39_37_gp_5_symbotic_agents_110_test_12.out.yaml']' timed out after 10.0 seconds",1,0,12.970046758651733
110,10,0,124,,build/fixtures/symbotic_itacbs_normalized/Paper_symbotic_39_37_gp_5/symbotic_agents_110_test_10.yaml,,,,,,,,,,symbotic.map,110,110,5.0,5,5,,10,,0,itacbs,"Command '['third_party/ITA-CBS2/build/ITACBS_remake', '-i', 'build/fixtures/symbotic_itacbs_normalized/Paper_symbotic_39_37_gp_5/symbotic_agents_110_test_10.yaml', '-o', 'build/results/symbotic_exp1_exp2_itacbs_10s_adaptive/rows_itacbs_outputs/Paper_symbotic_39_37_gp_5_symbotic_agents_110_test_10.out.yaml']' timed out after 10.0 seconds",1,0,13.04242491722107
110,6,0,124,,build/fixtures/symbotic_itacbs_normalized/Paper_symbotic_39_37_gp_5/symbotic_agents_110_test_6.yaml,,,,,,,,,,symbotic.map,110,110,5.0,5,5,,6,,0,itacbs,"Command '['third_party/ITA-CBS2/build/ITACBS_remake', '-i', 'build/fixtures/symbotic_itacbs_normalized/Paper_symbotic_39_37_gp_5/symbotic_agents_110_test_6.yaml', '-o', 'build/results/symbotic_exp1_exp2_itacbs_10s_adaptive/rows_itacbs_outputs/Paper_symbotic_39_37_gp_5_symbotic_agents_110_test_6.out.yaml']' timed out after 10.0 seconds",1,0,13.20983624458313
110,9,0,124,,build/fixtures/symbotic_itacbs_normalized/Paper_symbotic_39_37_gp_5/symbotic_agents_110_test_9.yaml,,,,,,,,,,symbotic.map,110,110,5.0,5,5,,9,,0,itacbs,"Command '['third_party/ITA-CBS2/build/ITACBS_remake', '-i', 'build/fixtures/symbotic_itacbs_normalized/Paper_symbotic_39_37_gp_5/symbotic_agents_110_test_9.yaml', '-o', 'build/results/symbotic_exp1_exp2_itacbs_10s_adaptive/rows_itacbs_outputs/Paper_symbotic_39_37_gp_5_symbotic_agents_110_test_9.out.yaml']' timed out after 10.0 seconds",1,0,13.132726430892944
100,18,0,124,,build/fixtures/symbotic_itacbs_normalized/Paper_symbotic_39_37_gp_5/symbotic_agents_100_test_18.yaml,,,,,,,,,,symbotic.map,100,100,5.0,5,5,,18,,0,itacbs,"Command '['third_party/ITA-CBS2/build/ITACBS_remake', '-i', 'build/fixtures/symbotic_itacbs_normalized/Paper_symbotic_39_37_gp_5/symbotic_agents_100_test_18.yaml', '-o', 'build/results/symbotic_exp1_exp2_itacbs_10s_adaptive/rows_itacbs_outputs/Paper_symbotic_39_37_gp_5_symbotic_agents_100_test_18.out.yaml']' timed out after 10.0 seconds",1,0,13.352952003479004
110,4,0,124,,build/fixtures/symbotic_itacbs_normalized/Paper_symbotic_39_37_gp_5/symbotic_agents_110_test_4.yaml,,,,,,,,,,symbotic.map,110,110,5.0,5,5,,4,,0,itacbs,"Command '['third_party/ITA-CBS2/build/ITACBS_remake', '-i', 'build/fixtures/symbotic_itacbs_normalized/Paper_symbotic_39_37_gp_5/symbotic_agents_110_test_4.yaml', '-o', 'build/results/symbotic_exp1_exp2_itacbs_10s_adaptive/rows_itacbs_outputs/Paper_symbotic_39_37_gp_5_symbotic_agents_110_test_4.out.yaml']' timed out after 10.0 seconds",1,0,13.25222635269165
110,16,0,124,,build/fixtures/symbotic_itacbs_normalized/Paper_symbotic_39_37_gp_5/symbotic_agents_110_test_16.yaml,,,,,,,,,,symbotic.map,110,110,5.0,5,5,,16,,0,itacbs,"Command '['third_party/ITA-CBS2/build/ITACBS_remake', '-i', 'build/fixtures/symbotic_itacbs_normalized/Paper_symbotic_39_37_gp_5/symbotic_agents_110_test_16.yaml', '-o', 'build/results/symbotic_exp1_exp2_itacbs_10s_adaptive/rows_itacbs_outputs/Paper_symbotic_39_37_gp_5_symbotic_agents_110_test_16.out.yaml']' timed out after 10.0 seconds",1,0,13.19379997253418
110,7,0,124,,build/fixtures/symbotic_itacbs_normalized/Paper_symbotic_39_37_gp_5/symbotic_agents_110_test_7.yaml,,,,,,,,,,symbotic.map,110,110,5.0,5,5,,7,,0,itacbs,"Command '['third_party/ITA-CBS2/build/ITACBS_remake', '-i', 'build/fixtures/symbotic_itacbs_normalized/Paper_symbotic_39_37_gp_5/symbotic_agents_110_test_7.yaml', '-o', 'build/results/symbotic_exp1_exp2_itacbs_10s_adaptive/rows_itacbs_outputs/Paper_symbotic_39_37_gp_5_symbotic_agents_110_test_7.out.yaml']' timed out after 10.0 seconds",1,0,13.406291723251343
110,11,0,124,,build/fixtures/symbotic_itacbs_normalized/Paper_symbotic_39_37_gp_5/symbotic_agents_110_test_11.yaml,,,,,,,,,,symbotic.map,110,110,5.0,5,5,,11,,0,itacbs,"Command '['third_party/ITA-CBS2/build/ITACBS_remake', '-i', 'build/fixtures/symbotic_itacbs_normalized/Paper_symbotic_39_37_gp_5/symbotic_agents_110_test_11.yaml', '-o', 'build/results/symbotic_exp1_exp2_itacbs_10s_adaptive/rows_itacbs_outputs/Paper_symbotic_39_37_gp_5_symbotic_agents_110_test_11.out.yaml']' timed out after 10.0 seconds",1,0,13.265515804290771
110,13,0,124,,build/fixtures/symbotic_itacbs_normalized/Paper_symbotic_39_37_gp_5/symbotic_agents_110_test_13.yaml,,,,,,,,,,symbotic.map,110,110,5.0,5,5,,13,,0,itacbs,"Command '['third_party/ITA-CBS2/build/ITACBS_remake', '-i', 'build/fixtures/symbotic_itacbs_normalized/Paper_symbotic_39_37_gp_5/symbotic_agents_110_test_13.yaml', '-o', 'build/results/symbotic_exp1_exp2_itacbs_10s_adaptive/rows_itacbs_outputs/Paper_symbotic_39_37_gp_5_symbotic_agents_110_test_13.out.yaml']' timed out after 10.0 seconds",1,0,13.269660234451294
110,8,0,124,,build/fixtures/symbotic_itacbs_normalized/Paper_symbotic_39_37_gp_5/symbotic_agents_110_test_8.yaml,,,,,,,,,,symbotic.map,110,110,5.0,5,5,,8,,0,itacbs,"Command '['third_party/ITA-CBS2/build/ITACBS_remake', '-i', 'build/fixtures/symbotic_itacbs_normalized/Paper_symbotic_39_37_gp_5/symbotic_agents_110_test_8.yaml', '-o', 'build/results/symbotic_exp1_exp2_itacbs_10s_adaptive/rows_itacbs_outputs/Paper_symbotic_39_37_gp_5_symbotic_agents_110_test_8.out.yaml']' timed out after 10.0 seconds",1,0,13.389645099639893
110,17,0,124,,build/fixtures/symbotic_itacbs_normalized/Paper_symbotic_39_37_gp_5/symbotic_agents_110_test_17.yaml,,,,,,,,,,symbotic.map,110,110,5.0,5,5,,17,,0,itacbs,"Command '['third_party/ITA-CBS2/build/ITACBS_remake', '-i', 'build/fixtures/symbotic_itacbs_normalized/Paper_symbotic_39_37_gp_5/symbotic_agents_110_test_17.yaml', '-o', 'build/results/symbotic_exp1_exp2_itacbs_10s_adaptive/rows_itacbs_outputs/Paper_symbotic_39_37_gp_5_symbotic_agents_110_test_17.out.yaml']' timed out after 10.0 seconds",1,0,13.0657377243042
110,14,0,124,,build/fixtures/symbotic_itacbs_normalized/Paper_symbotic_39_37_gp_5/symbotic_agents_110_test_14.yaml,,,,,,,,,,symbotic.map,110,110,5.0,5,5,,14,,0,itacbs,"Command '['third_party/ITA-CBS2/build/ITACBS_remake', '-i', 'build/fixtures/symbotic_itacbs_normalized/Paper_symbotic_39_37_gp_5/symbotic_agents_110_test_14.yaml', '-o', 'build/results/symbotic_exp1_exp2_itacbs_10s_adaptive/rows_itacbs_outputs/Paper_symbotic_39_37_gp_5_symbotic_agents_110_test_14.out.yaml']' timed out after 10.0 seconds",1,0,13.309412479400635
120,3,0,124,,build/fixtures/symbotic_itacbs_normalized/Paper_symbotic_39_37_gp_5/symbotic_agents_120_test_3.yaml,,,,,,,,,,symbotic.map,120,120,5.0,5,5,,3,,0,itacbs,"Command '['third_party/ITA-CBS2/build/ITACBS_remake', '-i', 'build/fixtures/symbotic_itacbs_normalized/Paper_symbotic_39_37_gp_5/symbotic_agents_120_test_3.yaml', '-o', 'build/results/symbotic_exp1_exp2_itacbs_10s_adaptive/rows_itacbs_outputs/Paper_symbotic_39_37_gp_5_symbotic_agents_120_test_3.out.yaml']' timed out after 10.0 seconds",1,0,13.123481035232544
120,9,0,124,,build/fixtures/symbotic_itacbs_normalized/Paper_symbotic_39_37_gp_5/symbotic_agents_120_test_9.yaml,,,,,,,,,,symbotic.map,120,120,5.0,5,5,,9,,0,itacbs,"Command '['third_party/ITA-CBS2/build/ITACBS_remake', '-i', 'build/fixtures/symbotic_itacbs_normalized/Paper_symbotic_39_37_gp_5/symbotic_agents_120_test_9.yaml', '-o', 'build/results/symbotic_exp1_exp2_itacbs_10s_adaptive/rows_itacbs_outputs/Paper_symbotic_39_37_gp_5_symbotic_agents_120_test_9.out.yaml']' timed out after 10.0 seconds",1,0,13.043883562088013
110,3,0,124,,build/fixtures/symbotic_itacbs_normalized/Paper_symbotic_39_37_gp_5/symbotic_agents_110_test_3.yaml,,,,,,,,,,symbotic.map,110,110,5.0,5,5,,3,,0,itacbs,"Command '['third_party/ITA-CBS2/build/ITACBS_remake', '-i', 'build/fixtures/symbotic_itacbs_normalized/Paper_symbotic_39_37_gp_5/symbotic_agents_110_test_3.yaml', '-o', 'build/results/symbotic_exp1_exp2_itacbs_10s_adaptive/rows_itacbs_outputs/Paper_symbotic_39_37_gp_5_symbotic_agents_110_test_3.out.yaml']' timed out after 10.0 seconds",1,0,13.651111364364624
110,18,0,124,,build/fixtures/symbotic_itacbs_normalized/Paper_symbotic_39_37_gp_5/symbotic_agents_110_test_18.yaml,,,,,,,,,,symbotic.map,110,110,5.0,5,5,,18,,0,itacbs,"Command '['third_party/ITA-CBS2/build/ITACBS_remake', '-i', 'build/fixtures/symbotic_itacbs_normalized/Paper_symbotic_39_37_gp_5/symbotic_agents_110_test_18.yaml', '-o', 'build/results/symbotic_exp1_exp2_itacbs_10s_adaptive/rows_itacbs_outputs/Paper_symbotic_39_37_gp_5_symbotic_agents_110_test_18.out.yaml']' timed out after 10.0 seconds",1,0,13.15052604675293
120,0,0,124,,build/fixtures/symbotic_itacbs_normalized/Paper_symbotic_39_37_gp_5/symbotic_agents_120_test_0.yaml,,,,,,,,,,symbotic.map,120,120,5.0,5,5,,0,,0,itacbs,"Command '['third_party/ITA-CBS2/build/ITACBS_remake', '-i', 'build/fixtures/symbotic_itacbs_normalized/Paper_symbotic_39_37_gp_5/symbotic_agents_120_test_0.yaml', '-o', 'build/results/symbotic_exp1_exp2_itacbs_10s_adaptive/rows_itacbs_outputs/Paper_symbotic_39_37_gp_5_symbotic_agents_120_test_0.out.yaml']' timed out after 10.0 seconds",1,0,13.302725315093994
110,15,0,124,,build/fixtures/symbotic_itacbs_normalized/Paper_symbotic_39_37_gp_5/symbotic_agents_110_test_15.yaml,,,,,,,,,,symbotic.map,110,110,5.0,5,5,,15,,0,itacbs,"Command '['third_party/ITA-CBS2/build/ITACBS_remake', '-i', 'build/fixtures/symbotic_itacbs_normalized/Paper_symbotic_39_37_gp_5/symbotic_agents_110_test_15.yaml', '-o', 'build/results/symbotic_exp1_exp2_itacbs_10s_adaptive/rows_itacbs_outputs/Paper_symbotic_39_37_gp_5_symbotic_agents_110_test_15.out.yaml']' timed out after 10.0 seconds",1,0,13.166552782058716
120,10,0,124,,build/fixtures/symbotic_itacbs_normalized/Paper_symbotic_39_37_gp_5/symbotic_agents_120_test_10.yaml,,,,,,,,,,symbotic.map,120,120,5.0,5,5,,10,,0,itacbs,"Command '['third_party/ITA-CBS2/build/ITACBS_remake', '-i', 'build/fixtures/symbotic_itacbs_normalized/Paper_symbotic_39_37_gp_5/symbotic_agents_120_test_10.yaml', '-o', 'build/results/symbotic_exp1_exp2_itacbs_10s_adaptive/rows_itacbs_outputs/Paper_symbotic_39_37_gp_5_symbotic_agents_120_test_10.out.yaml']' timed out after 10.0 seconds",1,0,13.046724081039429
130,13,0,124,,build/fixtures/symbotic_itacbs_normalized/Paper_symbotic_39_37_gp_5/symbotic_agents_130_test_13.yaml,,,,,,,,,,symbotic.map,130,130,5.0,5,5,,13,,0,itacbs,"Command '['third_party/ITA-CBS2/build/ITACBS_remake', '-i', 'build/fixtures/symbotic_itacbs_normalized/Paper_symbotic_39_37_gp_5/symbotic_agents_130_test_13.yaml', '-o', 'build/results/symbotic_exp1_exp2_itacbs_10s_adaptive/rows_itacbs_outputs/Paper_symbotic_39_37_gp_5_symbotic_agents_130_test_13.out.yaml']' timed out after 10.0 seconds",1,0,12.710585594177246
120,17,0,124,,build/fixtures/symbotic_itacbs_normalized/Paper_symbotic_39_37_gp_5/symbotic_agents_120_test_17.yaml,,,,,,,,,,symbotic.map,120,120,5.0,5,5,,17,,0,itacbs,"Command '['third_party/ITA-CBS2/build/ITACBS_remake', '-i', 'build/fixtures/symbotic_itacbs_normalized/Paper_symbotic_39_37_gp_5/symbotic_agents_120_test_17.yaml', '-o', 'build/results/symbotic_exp1_exp2_itacbs_10s_adaptive/rows_itacbs_outputs/Paper_symbotic_39_37_gp_5_symbotic_agents_120_test_17.out.yaml']' timed out after 10.0 seconds",1,0,13.056294441223145
120,4,0,124,,build/fixtures/symbotic_itacbs_normalized/Paper_symbotic_39_37_gp_5/symbotic_agents_120_test_4.yaml,,,,,,,,,,symbotic.map,120,120,5.0,5,5,,4,,0,itacbs,"Command '['third_party/ITA-CBS2/build/ITACBS_remake', '-i', 'build/fixtures/symbotic_itacbs_normalized/Paper_symbotic_39_37_gp_5/symbotic_agents_120_test_4.yaml', '-o', 'build/results/symbotic_exp1_exp2_itacbs_10s_adaptive/rows_itacbs_outputs/Paper_symbotic_39_37_gp_5_symbotic_agents_120_test_4.out.yaml']' timed out after 10.0 seconds",1,0,13.22412919998169
110,19,0,124,,build/fixtures/symbotic_itacbs_normalized/Paper_symbotic_39_37_gp_5/symbotic_agents_110_test_19.yaml,,,,,,,,,,symbotic.map,110,110,5.0,5,5,,19,,0,itacbs,"Command '['third_party/ITA-CBS2/build/ITACBS_remake', '-i', 'build/fixtures/symbotic_itacbs_normalized/Paper_symbotic_39_37_gp_5/symbotic_agents_110_test_19.yaml', '-o', 'build/results/symbotic_exp1_exp2_itacbs_10s_adaptive/rows_itacbs_outputs/Paper_symbotic_39_37_gp_5_symbotic_agents_110_test_19.out.yaml']' timed out after 10.0 seconds",1,0,13.40169358253479
120,15,0,124,,build/fixtures/symbotic_itacbs_normalized/Paper_symbotic_39_37_gp_5/symbotic_agents_120_test_15.yaml,,,,,,,,,,symbotic.map,120,120,5.0,5,5,,15,,0,itacbs,"Command '['third_party/ITA-CBS2/build/ITACBS_remake', '-i', 'build/fixtures/symbotic_itacbs_normalized/Paper_symbotic_39_37_gp_5/symbotic_agents_120_test_15.yaml', '-o', 'build/results/symbotic_exp1_exp2_itacbs_10s_adaptive/rows_itacbs_outputs/Paper_symbotic_39_37_gp_5_symbotic_agents_120_test_15.out.yaml']' timed out after 10.0 seconds",1,0,13.1022789478302
120,19,0,124,,build/fixtures/symbotic_itacbs_normalized/Paper_symbotic_39_37_gp_5/symbotic_agents_120_test_19.yaml,,,,,,,,,,symbotic.map,120,120,5.0,5,5,,19,,0,itacbs,"Command '['third_party/ITA-CBS2/build/ITACBS_remake', '-i', 'build/fixtures/symbotic_itacbs_normalized/Paper_symbotic_39_37_gp_5/symbotic_agents_120_test_19.yaml', '-o', 'build/results/symbotic_exp1_exp2_itacbs_10s_adaptive/rows_itacbs_outputs/Paper_symbotic_39_37_gp_5_symbotic_agents_120_test_19.out.yaml']' timed out after 10.0 seconds",1,0,13.041865348815918
120,5,0,124,,build/fixtures/symbotic_itacbs_normalized/Paper_symbotic_39_37_gp_5/symbotic_agents_120_test_5.yaml,,,,,,,,,,symbotic.map,120,120,5.0,5,5,,5,,0,itacbs,"Command '['third_party/ITA-CBS2/build/ITACBS_remake', '-i', 'build/fixtures/symbotic_itacbs_normalized/Paper_symbotic_39_37_gp_5/symbotic_agents_120_test_5.yaml', '-o', 'build/results/symbotic_exp1_exp2_itacbs_10s_adaptive/rows_itacbs_outputs/Paper_symbotic_39_37_gp_5_symbotic_agents_120_test_5.out.yaml']' timed out after 10.0 seconds",1,0,13.237040519714355
120,2,0,124,,build/fixtures/symbotic_itacbs_normalized/Paper_symbotic_39_37_gp_5/symbotic_agents_120_test_2.yaml,,,,,,,,,,symbotic.map,120,120,5.0,5,5,,2,,0,itacbs,"Command '['third_party/ITA-CBS2/build/ITACBS_remake', '-i', 'build/fixtures/symbotic_itacbs_normalized/Paper_symbotic_39_37_gp_5/symbotic_agents_120_test_2.yaml', '-o', 'build/results/symbotic_exp1_exp2_itacbs_10s_adaptive/rows_itacbs_outputs/Paper_symbotic_39_37_gp_5_symbotic_agents_120_test_2.out.yaml']' timed out after 10.0 seconds",1,0,13.340600490570068
120,13,0,124,,build/fixtures/symbotic_itacbs_normalized/Paper_symbotic_39_37_gp_5/symbotic_agents_120_test_13.yaml,,,,,,,,,,symbotic.map,120,120,5.0,5,5,,13,,0,itacbs,"Command '['third_party/ITA-CBS2/build/ITACBS_remake', '-i', 'build/fixtures/symbotic_itacbs_normalized/Paper_symbotic_39_37_gp_5/symbotic_agents_120_test_13.yaml', '-o', 'build/results/symbotic_exp1_exp2_itacbs_10s_adaptive/rows_itacbs_outputs/Paper_symbotic_39_37_gp_5_symbotic_agents_120_test_13.out.yaml']' timed out after 10.0 seconds",1,0,13.208106994628906
130,10,0,124,,build/fixtures/symbotic_itacbs_normalized/Paper_symbotic_39_37_gp_5/symbotic_agents_130_test_10.yaml,,,,,,,,,,symbotic.map,130,130,5.0,5,5,,10,,0,itacbs,"Command '['third_party/ITA-CBS2/build/ITACBS_remake', '-i', 'build/fixtures/symbotic_itacbs_normalized/Paper_symbotic_39_37_gp_5/symbotic_agents_130_test_10.yaml', '-o', 'build/results/symbotic_exp1_exp2_itacbs_10s_adaptive/rows_itacbs_outputs/Paper_symbotic_39_37_gp_5_symbotic_agents_130_test_10.out.yaml']' timed out after 10.0 seconds",1,0,12.916713237762451
120,8,0,124,,build/fixtures/symbotic_itacbs_normalized/Paper_symbotic_39_37_gp_5/symbotic_agents_120_test_8.yaml,,,,,,,,,,symbotic.map,120,120,5.0,5,5,,8,,0,itacbs,"Command '['third_party/ITA-CBS2/build/ITACBS_remake', '-i', 'build/fixtures/symbotic_itacbs_normalized/Paper_symbotic_39_37_gp_5/symbotic_agents_120_test_8.yaml', '-o', 'build/results/symbotic_exp1_exp2_itacbs_10s_adaptive/rows_itacbs_outputs/Paper_symbotic_39_37_gp_5_symbotic_agents_120_test_8.out.yaml']' timed out after 10.0 seconds",1,0,13.224520921707153
120,16,0,124,,build/fixtures/symbotic_itacbs_normalized/Paper_symbotic_39_37_gp_5/symbotic_agents_120_test_16.yaml,,,,,,,,,,symbotic.map,120,120,5.0,5,5,,16,,0,itacbs,"Command '['third_party/ITA-CBS2/build/ITACBS_remake', '-i', 'build/fixtures/symbotic_itacbs_normalized/Paper_symbotic_39_37_gp_5/symbotic_agents_120_test_16.yaml', '-o', 'build/results/symbotic_exp1_exp2_itacbs_10s_adaptive/rows_itacbs_outputs/Paper_symbotic_39_37_gp_5_symbotic_agents_120_test_16.out.yaml']' timed out after 10.0 seconds",1,0,12.94646406173706
130,4,0,124,,build/fixtures/symbotic_itacbs_normalized/Paper_symbotic_39_37_gp_5/symbotic_agents_130_test_4.yaml,,,,,,,,,,symbotic.map,130,130,5.0,5,5,,4,,0,itacbs,"Command '['third_party/ITA-CBS2/build/ITACBS_remake', '-i', 'build/fixtures/symbotic_itacbs_normalized/Paper_symbotic_39_37_gp_5/symbotic_agents_130_test_4.yaml', '-o', 'build/results/symbotic_exp1_exp2_itacbs_10s_adaptive/rows_itacbs_outputs/Paper_symbotic_39_37_gp_5_symbotic_agents_130_test_4.out.yaml']' timed out after 10.0 seconds",1,0,13.0275559425354
120,6,0,124,,build/fixtures/symbotic_itacbs_normalized/Paper_symbotic_39_37_gp_5/symbotic_agents_120_test_6.yaml,,,,,,,,,,symbotic.map,120,120,5.0,5,5,,6,,0,itacbs,"Command '['third_party/ITA-CBS2/build/ITACBS_remake', '-i', 'build/fixtures/symbotic_itacbs_normalized/Paper_symbotic_39_37_gp_5/symbotic_agents_120_test_6.yaml', '-o', 'build/results/symbotic_exp1_exp2_itacbs_10s_adaptive/rows_itacbs_outputs/Paper_symbotic_39_37_gp_5_symbotic_agents_120_test_6.out.yaml']' timed out after 10.0 seconds",1,0,13.28811502456665
120,18,0,124,,build/fixtures/symbotic_itacbs_normalized/Paper_symbotic_39_37_gp_5/symbotic_agents_120_test_18.yaml,,,,,,,,,,symbotic.map,120,120,5.0,5,5,,18,,0,itacbs,"Command '['third_party/ITA-CBS2/build/ITACBS_remake', '-i', 'build/fixtures/symbotic_itacbs_normalized/Paper_symbotic_39_37_gp_5/symbotic_agents_120_test_18.yaml', '-o', 'build/results/symbotic_exp1_exp2_itacbs_10s_adaptive/rows_itacbs_outputs/Paper_symbotic_39_37_gp_5_symbotic_agents_120_test_18.out.yaml']' timed out after 10.0 seconds",1,0,13.118052005767822
120,7,0,124,,build/fixtures/symbotic_itacbs_normalized/Paper_symbotic_39_37_gp_5/symbotic_agents_120_test_7.yaml,,,,,,,,,,symbotic.map,120,120,5.0,5,5,,7,,0,itacbs,"Command '['third_party/ITA-CBS2/build/ITACBS_remake', '-i', 'build/fixtures/symbotic_itacbs_normalized/Paper_symbotic_39_37_gp_5/symbotic_agents_120_test_7.yaml', '-o', 'build/results/symbotic_exp1_exp2_itacbs_10s_adaptive/rows_itacbs_outputs/Paper_symbotic_39_37_gp_5_symbotic_agents_120_test_7.out.yaml']' timed out after 10.0 seconds",1,0,13.241312026977539
130,2,0,124,,build/fixtures/symbotic_itacbs_normalized/Paper_symbotic_39_37_gp_5/symbotic_agents_130_test_2.yaml,,,,,,,,,,symbotic.map,130,130,5.0,5,5,,2,,0,itacbs,"Command '['third_party/ITA-CBS2/build/ITACBS_remake', '-i', 'build/fixtures/symbotic_itacbs_normalized/Paper_symbotic_39_37_gp_5/symbotic_agents_130_test_2.yaml', '-o', 'build/results/symbotic_exp1_exp2_itacbs_10s_adaptive/rows_itacbs_outputs/Paper_symbotic_39_37_gp_5_symbotic_agents_130_test_2.out.yaml']' timed out after 10.0 seconds",1,0,13.045145988464355
120,1,0,124,,build/fixtures/symbotic_itacbs_normalized/Paper_symbotic_39_37_gp_5/symbotic_agents_120_test_1.yaml,,,,,,,,,,symbotic.map,120,120,5.0,5,5,,1,,0,itacbs,"Command '['third_party/ITA-CBS2/build/ITACBS_remake', '-i', 'build/fixtures/symbotic_itacbs_normalized/Paper_symbotic_39_37_gp_5/symbotic_agents_120_test_1.yaml', '-o', 'build/results/symbotic_exp1_exp2_itacbs_10s_adaptive/rows_itacbs_outputs/Paper_symbotic_39_37_gp_5_symbotic_agents_120_test_1.out.yaml']' timed out after 10.0 seconds",1,0,13.345869779586792
130,3,0,124,,build/fixtures/symbotic_itacbs_normalized/Paper_symbotic_39_37_gp_5/symbotic_agents_130_test_3.yaml,,,,,,,,,,symbotic.map,130,130,5.0,5,5,,3,,0,itacbs,"Command '['third_party/ITA-CBS2/build/ITACBS_remake', '-i', 'build/fixtures/symbotic_itacbs_normalized/Paper_symbotic_39_37_gp_5/symbotic_agents_130_test_3.yaml', '-o', 'build/results/symbotic_exp1_exp2_itacbs_10s_adaptive/rows_itacbs_outputs/Paper_symbotic_39_37_gp_5_symbotic_agents_130_test_3.out.yaml']' timed out after 10.0 seconds",1,0,13.082750797271729
130,1,0,124,,build/fixtures/symbotic_itacbs_normalized/Paper_symbotic_39_37_gp_5/symbotic_agents_130_test_1.yaml,,,,,,,,,,symbotic.map,130,130,5.0,5,5,,1,,0,itacbs,"Command '['third_party/ITA-CBS2/build/ITACBS_remake', '-i', 'build/fixtures/symbotic_itacbs_normalized/Paper_symbotic_39_37_gp_5/symbotic_agents_130_test_1.yaml', '-o', 'build/results/symbotic_exp1_exp2_itacbs_10s_adaptive/rows_itacbs_outputs/Paper_symbotic_39_37_gp_5_symbotic_agents_130_test_1.out.yaml']' timed out after 10.0 seconds",1,0,13.143816232681274
130,6,0,124,,build/fixtures/symbotic_itacbs_normalized/Paper_symbotic_39_37_gp_5/symbotic_agents_130_test_6.yaml,,,,,,,,,,symbotic.map,130,130,5.0,5,5,,6,,0,itacbs,"Command '['third_party/ITA-CBS2/build/ITACBS_remake', '-i', 'build/fixtures/symbotic_itacbs_normalized/Paper_symbotic_39_37_gp_5/symbotic_agents_130_test_6.yaml', '-o', 'build/results/symbotic_exp1_exp2_itacbs_10s_adaptive/rows_itacbs_outputs/Paper_symbotic_39_37_gp_5_symbotic_agents_130_test_6.out.yaml']' timed out after 10.0 seconds",1,0,13.097232818603516
130,11,0,124,,build/fixtures/symbotic_itacbs_normalized/Paper_symbotic_39_37_gp_5/symbotic_agents_130_test_11.yaml,,,,,,,,,,symbotic.map,130,130,5.0,5,5,,11,,0,itacbs,"Command '['third_party/ITA-CBS2/build/ITACBS_remake', '-i', 'build/fixtures/symbotic_itacbs_normalized/Paper_symbotic_39_37_gp_5/symbotic_agents_130_test_11.yaml', '-o', 'build/results/symbotic_exp1_exp2_itacbs_10s_adaptive/rows_itacbs_outputs/Paper_symbotic_39_37_gp_5_symbotic_agents_130_test_11.out.yaml']' timed out after 10.0 seconds",1,0,12.869954347610474
120,11,0,124,,build/fixtures/symbotic_itacbs_normalized/Paper_symbotic_39_37_gp_5/symbotic_agents_120_test_11.yaml,,,,,,,,,,symbotic.map,120,120,5.0,5,5,,11,,0,itacbs,"Command '['third_party/ITA-CBS2/build/ITACBS_remake', '-i', 'build/fixtures/symbotic_itacbs_normalized/Paper_symbotic_39_37_gp_5/symbotic_agents_120_test_11.yaml', '-o', 'build/results/symbotic_exp1_exp2_itacbs_10s_adaptive/rows_itacbs_outputs/Paper_symbotic_39_37_gp_5_symbotic_agents_120_test_11.out.yaml']' timed out after 10.0 seconds",1,0,13.305554628372192
120,14,0,124,,build/fixtures/symbotic_itacbs_normalized/Paper_symbotic_39_37_gp_5/symbotic_agents_120_test_14.yaml,,,,,,,,,,symbotic.map,120,120,5.0,5,5,,14,,0,itacbs,"Command '['third_party/ITA-CBS2/build/ITACBS_remake', '-i', 'build/fixtures/symbotic_itacbs_normalized/Paper_symbotic_39_37_gp_5/symbotic_agents_120_test_14.yaml', '-o', 'build/results/symbotic_exp1_exp2_itacbs_10s_adaptive/rows_itacbs_outputs/Paper_symbotic_39_37_gp_5_symbotic_agents_120_test_14.out.yaml']' timed out after 10.0 seconds",1,0,13.17968225479126
130,9,0,124,,build/fixtures/symbotic_itacbs_normalized/Paper_symbotic_39_37_gp_5/symbotic_agents_130_test_9.yaml,,,,,,,,,,symbotic.map,130,130,5.0,5,5,,9,,0,itacbs,"Command '['third_party/ITA-CBS2/build/ITACBS_remake', '-i', 'build/fixtures/symbotic_itacbs_normalized/Paper_symbotic_39_37_gp_5/symbotic_agents_130_test_9.yaml', '-o', 'build/results/symbotic_exp1_exp2_itacbs_10s_adaptive/rows_itacbs_outputs/Paper_symbotic_39_37_gp_5_symbotic_agents_130_test_9.out.yaml']' timed out after 10.0 seconds",1,0,13.020795106887817
130,5,0,124,,build/fixtures/symbotic_itacbs_normalized/Paper_symbotic_39_37_gp_5/symbotic_agents_130_test_5.yaml,,,,,,,,,,symbotic.map,130,130,5.0,5,5,,5,,0,itacbs,"Command '['third_party/ITA-CBS2/build/ITACBS_remake', '-i', 'build/fixtures/symbotic_itacbs_normalized/Paper_symbotic_39_37_gp_5/symbotic_agents_130_test_5.yaml', '-o', 'build/results/symbotic_exp1_exp2_itacbs_10s_adaptive/rows_itacbs_outputs/Paper_symbotic_39_37_gp_5_symbotic_agents_130_test_5.out.yaml']' timed out after 10.0 seconds",1,0,13.131101369857788
130,8,0,124,,build/fixtures/symbotic_itacbs_normalized/Paper_symbotic_39_37_gp_5/symbotic_agents_130_test_8.yaml,,,,,,,,,,symbotic.map,130,130,5.0,5,5,,8,,0,itacbs,"Command '['third_party/ITA-CBS2/build/ITACBS_remake', '-i', 'build/fixtures/symbotic_itacbs_normalized/Paper_symbotic_39_37_gp_5/symbotic_agents_130_test_8.yaml', '-o', 'build/results/symbotic_exp1_exp2_itacbs_10s_adaptive/rows_itacbs_outputs/Paper_symbotic_39_37_gp_5_symbotic_agents_130_test_8.out.yaml']' timed out after 10.0 seconds",1,0,13.032471895217896
120,12,0,124,,build/fixtures/symbotic_itacbs_normalized/Paper_symbotic_39_37_gp_5/symbotic_agents_120_test_12.yaml,,,,,,,,,,symbotic.map,120,120,5.0,5,5,,12,,0,itacbs,"Command '['third_party/ITA-CBS2/build/ITACBS_remake', '-i', 'build/fixtures/symbotic_itacbs_normalized/Paper_symbotic_39_37_gp_5/symbotic_agents_120_test_12.yaml', '-o', 'build/results/symbotic_exp1_exp2_itacbs_10s_adaptive/rows_itacbs_outputs/Paper_symbotic_39_37_gp_5_symbotic_agents_120_test_12.out.yaml']' timed out after 10.0 seconds",1,0,13.348838567733765
130,12,0,124,,build/fixtures/symbotic_itacbs_normalized/Paper_symbotic_39_37_gp_5/symbotic_agents_130_test_12.yaml,,,,,,,,,,symbotic.map,130,130,5.0,5,5,,12,,0,itacbs,"Command '['third_party/ITA-CBS2/build/ITACBS_remake', '-i', 'build/fixtures/symbotic_itacbs_normalized/Paper_symbotic_39_37_gp_5/symbotic_agents_130_test_12.yaml', '-o', 'build/results/symbotic_exp1_exp2_itacbs_10s_adaptive/rows_itacbs_outputs/Paper_symbotic_39_37_gp_5_symbotic_agents_130_test_12.out.yaml']' timed out after 10.0 seconds",1,0,12.918639898300171
130,0,0,124,,build/fixtures/symbotic_itacbs_normalized/Paper_symbotic_39_37_gp_5/symbotic_agents_130_test_0.yaml,,,,,,,,,,symbotic.map,130,130,5.0,5,5,,0,,0,itacbs,"Command '['third_party/ITA-CBS2/build/ITACBS_remake', '-i', 'build/fixtures/symbotic_itacbs_normalized/Paper_symbotic_39_37_gp_5/symbotic_agents_130_test_0.yaml', '-o', 'build/results/symbotic_exp1_exp2_itacbs_10s_adaptive/rows_itacbs_outputs/Paper_symbotic_39_37_gp_5_symbotic_agents_130_test_0.out.yaml']' timed out after 10.0 seconds",1,0,13.208333492279053
130,7,0,124,,build/fixtures/symbotic_itacbs_normalized/Paper_symbotic_39_37_gp_5/symbotic_agents_130_test_7.yaml,,,,,,,,,,symbotic.map,130,130,5.0,5,5,,7,,0,itacbs,"Command '['third_party/ITA-CBS2/build/ITACBS_remake', '-i', 'build/fixtures/symbotic_itacbs_normalized/Paper_symbotic_39_37_gp_5/symbotic_agents_130_test_7.yaml', '-o', 'build/results/symbotic_exp1_exp2_itacbs_10s_adaptive/rows_itacbs_outputs/Paper_symbotic_39_37_gp_5_symbotic_agents_130_test_7.out.yaml']' timed out after 10.0 seconds",1,0,13.150368452072144
130,18,0,124,,build/fixtures/symbotic_itacbs_normalized/Paper_symbotic_39_37_gp_5/symbotic_agents_130_test_18.yaml,,,,,,,,,,symbotic.map,130,130,5.0,5,5,,18,,0,itacbs,"Command '['third_party/ITA-CBS2/build/ITACBS_remake', '-i', 'build/fixtures/symbotic_itacbs_normalized/Paper_symbotic_39_37_gp_5/symbotic_agents_130_test_18.yaml', '-o', 'build/results/symbotic_exp1_exp2_itacbs_10s_adaptive/rows_itacbs_outputs/Paper_symbotic_39_37_gp_5_symbotic_agents_130_test_18.out.yaml']' timed out after 10.0 seconds",1,0,12.795403003692627
130,15,0,124,,build/fixtures/symbotic_itacbs_normalized/Paper_symbotic_39_37_gp_5/symbotic_agents_130_test_15.yaml,,,,,,,,,,symbotic.map,130,130,5.0,5,5,,15,,0,itacbs,"Command '['third_party/ITA-CBS2/build/ITACBS_remake', '-i', 'build/fixtures/symbotic_itacbs_normalized/Paper_symbotic_39_37_gp_5/symbotic_agents_130_test_15.yaml', '-o', 'build/results/symbotic_exp1_exp2_itacbs_10s_adaptive/rows_itacbs_outputs/Paper_symbotic_39_37_gp_5_symbotic_agents_130_test_15.out.yaml']' timed out after 10.0 seconds",1,0,12.88057804107666
130,19,0,124,,build/fixtures/symbotic_itacbs_normalized/Paper_symbotic_39_37_gp_5/symbotic_agents_130_test_19.yaml,,,,,,,,,,symbotic.map,130,130,5.0,5,5,,19,,0,itacbs,"Command '['third_party/ITA-CBS2/build/ITACBS_remake', '-i', 'build/fixtures/symbotic_itacbs_normalized/Paper_symbotic_39_37_gp_5/symbotic_agents_130_test_19.yaml', '-o', 'build/results/symbotic_exp1_exp2_itacbs_10s_adaptive/rows_itacbs_outputs/Paper_symbotic_39_37_gp_5_symbotic_agents_130_test_19.out.yaml']' timed out after 10.0 seconds",1,0,12.776115894317627
130,14,0,124,,build/fixtures/symbotic_itacbs_normalized/Paper_symbotic_39_37_gp_5/symbotic_agents_130_test_14.yaml,,,,,,,,,,symbotic.map,130,130,5.0,5,5,,14,,0,itacbs,"Command '['third_party/ITA-CBS2/build/ITACBS_remake', '-i', 'build/fixtures/symbotic_itacbs_normalized/Paper_symbotic_39_37_gp_5/symbotic_agents_130_test_14.yaml', '-o', 'build/results/symbotic_exp1_exp2_itacbs_10s_adaptive/rows_itacbs_outputs/Paper_symbotic_39_37_gp_5_symbotic_agents_130_test_14.out.yaml']' timed out after 10.0 seconds",1,0,12.954123258590698
130,17,0,124,,build/fixtures/symbotic_itacbs_normalized/Paper_symbotic_39_37_gp_5/symbotic_agents_130_test_17.yaml,,,,,,,,,,symbotic.map,130,130,5.0,5,5,,17,,0,itacbs,"Command '['third_party/ITA-CBS2/build/ITACBS_remake', '-i', 'build/fixtures/symbotic_itacbs_normalized/Paper_symbotic_39_37_gp_5/symbotic_agents_130_test_17.yaml', '-o', 'build/results/symbotic_exp1_exp2_itacbs_10s_adaptive/rows_itacbs_outputs/Paper_symbotic_39_37_gp_5_symbotic_agents_130_test_17.out.yaml']' timed out after 10.0 seconds",1,0,12.804983139038086
130,16,0,124,,build/fixtures/symbotic_itacbs_normalized/Paper_symbotic_39_37_gp_5/symbotic_agents_130_test_16.yaml,,,,,,,,,,symbotic.map,130,130,5.0,5,5,,16,,0,itacbs,"Command '['third_party/ITA-CBS2/build/ITACBS_remake', '-i', 'build/fixtures/symbotic_itacbs_normalized/Paper_symbotic_39_37_gp_5/symbotic_agents_130_test_16.yaml', '-o', 'build/results/symbotic_exp1_exp2_itacbs_10s_adaptive/rows_itacbs_outputs/Paper_symbotic_39_37_gp_5_symbotic_agents_130_test_16.out.yaml']' timed out after 10.0 seconds",1,0,12.888005018234253
140,1,0,124,,build/fixtures/symbotic_itacbs_normalized/Paper_symbotic_39_37_gp_5/symbotic_agents_140_test_1.yaml,,,,,,,,,,symbotic.map,140,140,5.0,5,5,,1,,0,itacbs,"Command '['third_party/ITA-CBS2/build/ITACBS_remake', '-i', 'build/fixtures/symbotic_itacbs_normalized/Paper_symbotic_39_37_gp_5/symbotic_agents_140_test_1.yaml', '-o', 'build/results/symbotic_exp1_exp2_itacbs_10s_adaptive/rows_itacbs_outputs/Paper_symbotic_39_37_gp_5_symbotic_agents_140_test_1.out.yaml']' timed out after 10.0 seconds",1,0,12.579524040222168
140,0,0,124,,build/fixtures/symbotic_itacbs_normalized/Paper_symbotic_39_37_gp_5/symbotic_agents_140_test_0.yaml,,,,,,,,,,symbotic.map,140,140,5.0,5,5,,0,,0,itacbs,"Command '['third_party/ITA-CBS2/build/ITACBS_remake', '-i', 'build/fixtures/symbotic_itacbs_normalized/Paper_symbotic_39_37_gp_5/symbotic_agents_140_test_0.yaml', '-o', 'build/results/symbotic_exp1_exp2_itacbs_10s_adaptive/rows_itacbs_outputs/Paper_symbotic_39_37_gp_5_symbotic_agents_140_test_0.out.yaml']' timed out after 10.0 seconds",1,0,12.643637418746948
140,2,0,124,,build/fixtures/symbotic_itacbs_normalized/Paper_symbotic_39_37_gp_5/symbotic_agents_140_test_2.yaml,,,,,,,,,,symbotic.map,140,140,5.0,5,5,,2,,0,itacbs,"Command '['third_party/ITA-CBS2/build/ITACBS_remake', '-i', 'build/fixtures/symbotic_itacbs_normalized/Paper_symbotic_39_37_gp_5/symbotic_agents_140_test_2.yaml', '-o', 'build/results/symbotic_exp1_exp2_itacbs_10s_adaptive/rows_itacbs_outputs/Paper_symbotic_39_37_gp_5_symbotic_agents_140_test_2.out.yaml']' timed out after 10.0 seconds",1,0,11.371668815612793
140,3,0,124,,build/fixtures/symbotic_itacbs_normalized/Paper_symbotic_39_37_gp_5/symbotic_agents_140_test_3.yaml,,,,,,,,,,symbotic.map,140,140,5.0,5,5,,3,,0,itacbs,"Command '['third_party/ITA-CBS2/build/ITACBS_remake', '-i', 'build/fixtures/symbotic_itacbs_normalized/Paper_symbotic_39_37_gp_5/symbotic_agents_140_test_3.yaml', '-o', 'build/results/symbotic_exp1_exp2_itacbs_10s_adaptive/rows_itacbs_outputs/Paper_symbotic_39_37_gp_5_symbotic_agents_140_test_3.out.yaml']' timed out after 10.0 seconds",1,0,10.824983596801758
140,4,0,124,,build/fixtures/symbotic_itacbs_normalized/Paper_symbotic_39_37_gp_5/symbotic_agents_140_test_4.yaml,,,,,,,,,,symbotic.map,140,140,5.0,5,5,,4,,0,itacbs,"Command '['third_party/ITA-CBS2/build/ITACBS_remake', '-i', 'build/fixtures/symbotic_itacbs_normalized/Paper_symbotic_39_37_gp_5/symbotic_agents_140_test_4.yaml', '-o', 'build/results/symbotic_exp1_exp2_itacbs_10s_adaptive/rows_itacbs_outputs/Paper_symbotic_39_37_gp_5_symbotic_agents_140_test_4.out.yaml']' timed out after 10.0 seconds",1,0,11.029257535934448
140,5,0,124,,build/fixtures/symbotic_itacbs_normalized/Paper_symbotic_39_37_gp_5/symbotic_agents_140_test_5.yaml,,,,,,,,,,symbotic.map,140,140,5.0,5,5,,5,,0,itacbs,"Command '['third_party/ITA-CBS2/build/ITACBS_remake', '-i', 'build/fixtures/symbotic_itacbs_normalized/Paper_symbotic_39_37_gp_5/symbotic_agents_140_test_5.yaml', '-o', 'build/results/symbotic_exp1_exp2_itacbs_10s_adaptive/rows_itacbs_outputs/Paper_symbotic_39_37_gp_5_symbotic_agents_140_test_5.out.yaml']' timed out after 10.0 seconds",1,0,10.963903665542603
140,6,0,124,,build/fixtures/symbotic_itacbs_normalized/Paper_symbotic_39_37_gp_5/symbotic_agents_140_test_6.yaml,,,,,,,,,,symbotic.map,140,140,5.0,5,5,,6,,0,itacbs,"Command '['third_party/ITA-CBS2/build/ITACBS_remake', '-i', 'build/fixtures/symbotic_itacbs_normalized/Paper_symbotic_39_37_gp_5/symbotic_agents_140_test_6.yaml', '-o', 'build/results/symbotic_exp1_exp2_itacbs_10s_adaptive/rows_itacbs_outputs/Paper_symbotic_39_37_gp_5_symbotic_agents_140_test_6.out.yaml']' timed out after 10.0 seconds",1,0,11.015287160873413
140,8,0,124,,build/fixtures/symbotic_itacbs_normalized/Paper_symbotic_39_37_gp_5/symbotic_agents_140_test_8.yaml,,,,,,,,,,symbotic.map,140,140,5.0,5,5,,8,,0,itacbs,"Command '['third_party/ITA-CBS2/build/ITACBS_remake', '-i', 'build/fixtures/symbotic_itacbs_normalized/Paper_symbotic_39_37_gp_5/symbotic_agents_140_test_8.yaml', '-o', 'build/results/symbotic_exp1_exp2_itacbs_10s_adaptive/rows_itacbs_outputs/Paper_symbotic_39_37_gp_5_symbotic_agents_140_test_8.out.yaml']' timed out after 10.0 seconds",1,0,10.758855104446411
140,7,0,124,,build/fixtures/symbotic_itacbs_normalized/Paper_symbotic_39_37_gp_5/symbotic_agents_140_test_7.yaml,,,,,,,,,,symbotic.map,140,140,5.0,5,5,,7,,0,itacbs,"Command '['third_party/ITA-CBS2/build/ITACBS_remake', '-i', 'build/fixtures/symbotic_itacbs_normalized/Paper_symbotic_39_37_gp_5/symbotic_agents_140_test_7.yaml', '-o', 'build/results/symbotic_exp1_exp2_itacbs_10s_adaptive/rows_itacbs_outputs/Paper_symbotic_39_37_gp_5_symbotic_agents_140_test_7.out.yaml']' timed out after 10.0 seconds",1,0,10.869694948196411
140,9,0,124,,build/fixtures/symbotic_itacbs_normalized/Paper_symbotic_39_37_gp_5/symbotic_agents_140_test_9.yaml,,,,,,,,,,symbotic.map,140,140,5.0,5,5,,9,,0,itacbs,"Command '['third_party/ITA-CBS2/build/ITACBS_remake', '-i', 'build/fixtures/symbotic_itacbs_normalized/Paper_symbotic_39_37_gp_5/symbotic_agents_140_test_9.yaml', '-o', 'build/results/symbotic_exp1_exp2_itacbs_10s_adaptive/rows_itacbs_outputs/Paper_symbotic_39_37_gp_5_symbotic_agents_140_test_9.out.yaml']' timed out after 10.0 seconds",1,0,10.787867069244385
140,10,0,124,,build/fixtures/symbotic_itacbs_normalized/Paper_symbotic_39_37_gp_5/symbotic_agents_140_test_10.yaml,,,,,,,,,,symbotic.map,140,140,5.0,5,5,,10,,0,itacbs,"Command '['third_party/ITA-CBS2/build/ITACBS_remake', '-i', 'build/fixtures/symbotic_itacbs_normalized/Paper_symbotic_39_37_gp_5/symbotic_agents_140_test_10.yaml', '-o', 'build/results/symbotic_exp1_exp2_itacbs_10s_adaptive/rows_itacbs_outputs/Paper_symbotic_39_37_gp_5_symbotic_agents_140_test_10.out.yaml']' timed out after 10.0 seconds",1,0,10.77222990989685
140,11,0,124,,build/fixtures/symbotic_itacbs_normalized/Paper_symbotic_39_37_gp_5/symbotic_agents_140_test_11.yaml,,,,,,,,,,symbotic.map,140,140,5.0,5,5,,11,,0,itacbs,"Command '['third_party/ITA-CBS2/build/ITACBS_remake', '-i', 'build/fixtures/symbotic_itacbs_normalized/Paper_symbotic_39_37_gp_5/symbotic_agents_140_test_11.yaml', '-o', 'build/results/symbotic_exp1_exp2_itacbs_10s_adaptive/rows_itacbs_outputs/Paper_symbotic_39_37_gp_5_symbotic_agents_140_test_11.out.yaml']' timed out after 10.0 seconds",1,0,10.702232837677002
140,13,0,124,,build/fixtures/symbotic_itacbs_normalized/Paper_symbotic_39_37_gp_5/symbotic_agents_140_test_13.yaml,,,,,,,,,,symbotic.map,140,140,5.0,5,5,,13,,0,itacbs,"Command '['third_party/ITA-CBS2/build/ITACBS_remake', '-i', 'build/fixtures/symbotic_itacbs_normalized/Paper_symbotic_39_37_gp_5/symbotic_agents_140_test_13.yaml', '-o', 'build/results/symbotic_exp1_exp2_itacbs_10s_adaptive/rows_itacbs_outputs/Paper_symbotic_39_37_gp_5_symbotic_agents_140_test_13.out.yaml']' timed out after 10.0 seconds",1,0,10.674158096313477
140,14,0,124,,build/fixtures/symbotic_itacbs_normalized/Paper_symbotic_39_37_gp_5/symbotic_agents_140_test_14.yaml,,,,,,,,,,symbotic.map,140,140,5.0,5,5,,14,,0,itacbs,"Command '['third_party/ITA-CBS2/build/ITACBS_remake', '-i', 'build/fixtures/symbotic_itacbs_normalized/Paper_symbotic_39_37_gp_5/symbotic_agents_140_test_14.yaml', '-o', 'build/results/symbotic_exp1_exp2_itacbs_10s_adaptive/rows_itacbs_outputs/Paper_symbotic_39_37_gp_5_symbotic_agents_140_test_14.out.yaml']' timed out after 10.0 seconds",1,0,10.626271963119507
140,12,0,124,,build/fixtures/symbotic_itacbs_normalized/Paper_symbotic_39_37_gp_5/symbotic_agents_140_test_12.yaml,,,,,,,,,,symbotic.map,140,140,5.0,5,5,,12,,0,itacbs,"Command '['third_party/ITA-CBS2/build/ITACBS_remake', '-i', 'build/fixtures/symbotic_itacbs_normalized/Paper_symbotic_39_37_gp_5/symbotic_agents_140_test_12.yaml', '-o', 'build/results/symbotic_exp1_exp2_itacbs_10s_adaptive/rows_itacbs_outputs/Paper_symbotic_39_37_gp_5_symbotic_agents_140_test_12.out.yaml']' timed out after 10.0 seconds",1,0,10.578261613845825
140,15,0,124,,build/fixtures/symbotic_itacbs_normalized/Paper_symbotic_39_37_gp_5/symbotic_agents_140_test_15.yaml,,,,,,,,,,symbotic.map,140,140,5.0,5,5,,15,,0,itacbs,"Command '['third_party/ITA-CBS2/build/ITACBS_remake', '-i', 'build/fixtures/symbotic_itacbs_normalized/Paper_symbotic_39_37_gp_5/symbotic_agents_140_test_15.yaml', '-o', 'build/results/symbotic_exp1_exp2_itacbs_10s_adaptive/rows_itacbs_outputs/Paper_symbotic_39_37_gp_5_symbotic_agents_140_test_15.out.yaml']' timed out after 10.0 seconds",1,0,10.392284631729126
140,17,0,124,,build/fixtures/symbotic_itacbs_normalized/Paper_symbotic_39_37_gp_5/symbotic_agents_140_test_17.yaml,,,,,,,,,,symbotic.map,140,140,5.0,5,5,,17,,0,itacbs,"Command '['third_party/ITA-CBS2/build/ITACBS_remake', '-i', 'build/fixtures/symbotic_itacbs_normalized/Paper_symbotic_39_37_gp_5/symbotic_agents_140_test_17.yaml', '-o', 'build/results/symbotic_exp1_exp2_itacbs_10s_adaptive/rows_itacbs_outputs/Paper_symbotic_39_37_gp_5_symbotic_agents_140_test_17.out.yaml']' timed out after 10.0 seconds",1,0,10.50875210762024
140,16,0,124,,build/fixtures/symbotic_itacbs_normalized/Paper_symbotic_39_37_gp_5/symbotic_agents_140_test_16.yaml,,,,,,,,,,symbotic.map,140,140,5.0,5,5,,16,,0,itacbs,"Command '['third_party/ITA-CBS2/build/ITACBS_remake', '-i', 'build/fixtures/symbotic_itacbs_normalized/Paper_symbotic_39_37_gp_5/symbotic_agents_140_test_16.yaml', '-o', 'build/results/symbotic_exp1_exp2_itacbs_10s_adaptive/rows_itacbs_outputs/Paper_symbotic_39_37_gp_5_symbotic_agents_140_test_16.out.yaml']' timed out after 10.0 seconds",1,0,10.505370855331421
140,18,0,124,,build/fixtures/symbotic_itacbs_normalized/Paper_symbotic_39_37_gp_5/symbotic_agents_140_test_18.yaml,,,,,,,,,,symbotic.map,140,140,5.0,5,5,,18,,0,itacbs,"Command '['third_party/ITA-CBS2/build/ITACBS_remake', '-i', 'build/fixtures/symbotic_itacbs_normalized/Paper_symbotic_39_37_gp_5/symbotic_agents_140_test_18.yaml', '-o', 'build/results/symbotic_exp1_exp2_itacbs_10s_adaptive/rows_itacbs_outputs/Paper_symbotic_39_37_gp_5_symbotic_agents_140_test_18.out.yaml']' timed out after 10.0 seconds",1,0,10.643979787826538
150,0,0,124,,build/fixtures/symbotic_itacbs_normalized/Paper_symbotic_39_37_gp_5/symbotic_agents_150_test_0.yaml,,,,,,,,,,symbotic.map,150,150,5.0,5,5,,0,,0,itacbs,"Command '['third_party/ITA-CBS2/build/ITACBS_remake', '-i', 'build/fixtures/symbotic_itacbs_normalized/Paper_symbotic_39_37_gp_5/symbotic_agents_150_test_0.yaml', '-o', 'build/results/symbotic_exp1_exp2_itacbs_10s_adaptive/rows_itacbs_outputs/Paper_symbotic_39_37_gp_5_symbotic_agents_150_test_0.out.yaml']' timed out after 10.0 seconds",1,0,10.872575998306274
150,2,0,124,,build/fixtures/symbotic_itacbs_normalized/Paper_symbotic_39_37_gp_5/symbotic_agents_150_test_2.yaml,,,,,,,,,,symbotic.map,150,150,5.0,5,5,,2,,0,itacbs,"Command '['third_party/ITA-CBS2/build/ITACBS_remake', '-i', 'build/fixtures/symbotic_itacbs_normalized/Paper_symbotic_39_37_gp_5/symbotic_agents_150_test_2.yaml', '-o', 'build/results/symbotic_exp1_exp2_itacbs_10s_adaptive/rows_itacbs_outputs/Paper_symbotic_39_37_gp_5_symbotic_agents_150_test_2.out.yaml']' timed out after 10.0 seconds",1,0,10.877003192901611
150,1,0,124,,build/fixtures/symbotic_itacbs_normalized/Paper_symbotic_39_37_gp_5/symbotic_agents_150_test_1.yaml,,,,,,,,,,symbotic.map,150,150,5.0,5,5,,1,,0,itacbs,"Command '['third_party/ITA-CBS2/build/ITACBS_remake', '-i', 'build/fixtures/symbotic_itacbs_normalized/Paper_symbotic_39_37_gp_5/symbotic_agents_150_test_1.yaml', '-o', 'build/results/symbotic_exp1_exp2_itacbs_10s_adaptive/rows_itacbs_outputs/Paper_symbotic_39_37_gp_5_symbotic_agents_150_test_1.out.yaml']' timed out after 10.0 seconds",1,0,11.00059986114502
140,19,0,124,,build/fixtures/symbotic_itacbs_normalized/Paper_symbotic_39_37_gp_5/symbotic_agents_140_test_19.yaml,,,,,,,,,,symbotic.map,140,140,5.0,5,5,,19,,0,itacbs,"Command '['third_party/ITA-CBS2/build/ITACBS_remake', '-i', 'build/fixtures/symbotic_itacbs_normalized/Paper_symbotic_39_37_gp_5/symbotic_agents_140_test_19.yaml', '-o', 'build/results/symbotic_exp1_exp2_itacbs_10s_adaptive/rows_itacbs_outputs/Paper_symbotic_39_37_gp_5_symbotic_agents_140_test_19.out.yaml']' timed out after 10.0 seconds",1,0,11.016022205352783
150,3,0,124,,build/fixtures/symbotic_itacbs_normalized/Paper_symbotic_39_37_gp_5/symbotic_agents_150_test_3.yaml,,,,,,,,,,symbotic.map,150,150,5.0,5,5,,3,,0,itacbs,"Command '['third_party/ITA-CBS2/build/ITACBS_remake', '-i', 'build/fixtures/symbotic_itacbs_normalized/Paper_symbotic_39_37_gp_5/symbotic_agents_150_test_3.yaml', '-o', 'build/results/symbotic_exp1_exp2_itacbs_10s_adaptive/rows_itacbs_outputs/Paper_symbotic_39_37_gp_5_symbotic_agents_150_test_3.out.yaml']' timed out after 10.0 seconds",1,0,11.465166568756104
150,4,0,124,,build/fixtures/symbotic_itacbs_normalized/Paper_symbotic_39_37_gp_5/symbotic_agents_150_test_4.yaml,,,,,,,,,,symbotic.map,150,150,5.0,5,5,,4,,0,itacbs,"Command '['third_party/ITA-CBS2/build/ITACBS_remake', '-i', 'build/fixtures/symbotic_itacbs_normalized/Paper_symbotic_39_37_gp_5/symbotic_agents_150_test_4.yaml', '-o', 'build/results/symbotic_exp1_exp2_itacbs_10s_adaptive/rows_itacbs_outputs/Paper_symbotic_39_37_gp_5_symbotic_agents_150_test_4.out.yaml']' timed out after 10.0 seconds",1,0,11.47025728225708
150,6,0,124,,build/fixtures/symbotic_itacbs_normalized/Paper_symbotic_39_37_gp_5/symbotic_agents_150_test_6.yaml,,,,,,,,,,symbotic.map,150,150,5.0,5,5,,6,,0,itacbs,"Command '['third_party/ITA-CBS2/build/ITACBS_remake', '-i', 'build/fixtures/symbotic_itacbs_normalized/Paper_symbotic_39_37_gp_5/symbotic_agents_150_test_6.yaml', '-o', 'build/results/symbotic_exp1_exp2_itacbs_10s_adaptive/rows_itacbs_outputs/Paper_symbotic_39_37_gp_5_symbotic_agents_150_test_6.out.yaml']' timed out after 10.0 seconds",1,0,11.418057918548584
150,7,0,124,,build/fixtures/symbotic_itacbs_normalized/Paper_symbotic_39_37_gp_5/symbotic_agents_150_test_7.yaml,,,,,,,,,,symbotic.map,150,150,5.0,5,5,,7,,0,itacbs,"Command '['third_party/ITA-CBS2/build/ITACBS_remake', '-i', 'build/fixtures/symbotic_itacbs_normalized/Paper_symbotic_39_37_gp_5/symbotic_agents_150_test_7.yaml', '-o', 'build/results/symbotic_exp1_exp2_itacbs_10s_adaptive/rows_itacbs_outputs/Paper_symbotic_39_37_gp_5_symbotic_agents_150_test_7.out.yaml']' timed out after 10.0 seconds",1,0,11.435143232345581
150,5,0,124,,build/fixtures/symbotic_itacbs_normalized/Paper_symbotic_39_37_gp_5/symbotic_agents_150_test_5.yaml,,,,,,,,,,symbotic.map,150,150,5.0,5,5,,5,,0,itacbs,"Command '['third_party/ITA-CBS2/build/ITACBS_remake', '-i', 'build/fixtures/symbotic_itacbs_normalized/Paper_symbotic_39_37_gp_5/symbotic_agents_150_test_5.yaml', '-o', 'build/results/symbotic_exp1_exp2_itacbs_10s_adaptive/rows_itacbs_outputs/Paper_symbotic_39_37_gp_5_symbotic_agents_150_test_5.out.yaml']' timed out after 10.0 seconds",1,0,11.588517189025879
150,8,0,124,,build/fixtures/symbotic_itacbs_normalized/Paper_symbotic_39_37_gp_5/symbotic_agents_150_test_8.yaml,,,,,,,,,,symbotic.map,150,150,5.0,5,5,,8,,0,itacbs,"Command '['third_party/ITA-CBS2/build/ITACBS_remake', '-i', 'build/fixtures/symbotic_itacbs_normalized/Paper_symbotic_39_37_gp_5/symbotic_agents_150_test_8.yaml', '-o', 'build/results/symbotic_exp1_exp2_itacbs_10s_adaptive/rows_itacbs_outputs/Paper_symbotic_39_37_gp_5_symbotic_agents_150_test_8.out.yaml']' timed out after 10.0 seconds",1,0,11.470003843307495
15,0,1,0,,build/fixtures/symbotic_itacbs_normalized/paper_symbotic_39_37_ratio_000/symbotic_agents_15_test_0.yaml,0.56274,0.081175,7410,14.283900000000001,1.13951,1,4,5,15,symbotic.map,15,219,16.0,16,16,16.491100000000003,0,115,1,itacbs,,0,1,0.07343316078186035
15,1,1,0,,build/fixtures/symbotic_itacbs_normalized/paper_symbotic_39_37_ratio_000/symbotic_agents_15_test_1.yaml,0.827959,0.50508,10808,88.1152,2.96516,9,18,19,21,symbotic.map,15,210,16.0,16,16,93.2744,1,122,1,itacbs,,0,1,0.13120412826538086
15,3,1,0,,build/fixtures/symbotic_itacbs_normalized/paper_symbotic_39_37_ratio_000/symbotic_agents_15_test_3.yaml,0.370927,0.43159,16007,25.064,8.53074,1,45,45,17,symbotic.map,15,207,16.0,16,16,35.4534,3,111,1,itacbs,,0,1,0.0828239917755127
15,2,1,0,,build/fixtures/symbotic_itacbs_normalized/paper_symbotic_39_37_ratio_000/symbotic_agents_15_test_2.yaml,0.841568,0.043863000000000006,7305,11.666400000000001,0.000301,0,1,1,12,symbotic.map,15,217,16.0,16,16,13.9651,2,95,1,itacbs,,0,1,0.05770254135131836
15,4,1,0,,build/fixtures/symbotic_itacbs_normalized/paper_symbotic_39_37_ratio_000/symbotic_agents_15_test_4.yaml,0.6616369999999999,0.125488,7258,12.1233,1.0305799999999998,1,3,5,17,symbotic.map,15,213,16.0,16,16,15.0738,4,113,1,itacbs,,0,1,0.06245827674865723
150,11,0,124,,build/fixtures/symbotic_itacbs_normalized/Paper_symbotic_39_37_gp_5/symbotic_agents_150_test_11.yaml,,,,,,,,,,symbotic.map,150,150,5.0,5,5,,11,,0,itacbs,"Command '['third_party/ITA-CBS2/build/ITACBS_remake', '-i', 'build/fixtures/symbotic_itacbs_normalized/Paper_symbotic_39_37_gp_5/symbotic_agents_150_test_11.yaml', '-o', 'build/results/symbotic_exp1_exp2_itacbs_10s_adaptive/rows_itacbs_outputs/Paper_symbotic_39_37_gp_5_symbotic_agents_150_test_11.out.yaml']' timed out after 10.0 seconds",1,0,11.672410011291504
150,9,0,124,,build/fixtures/symbotic_itacbs_normalized/Paper_symbotic_39_37_gp_5/symbotic_agents_150_test_9.yaml,,,,,,,,,,symbotic.map,150,150,5.0,5,5,,9,,0,itacbs,"Command '['third_party/ITA-CBS2/build/ITACBS_remake', '-i', 'build/fixtures/symbotic_itacbs_normalized/Paper_symbotic_39_37_gp_5/symbotic_agents_150_test_9.yaml', '-o', 'build/results/symbotic_exp1_exp2_itacbs_10s_adaptive/rows_itacbs_outputs/Paper_symbotic_39_37_gp_5_symbotic_agents_150_test_9.out.yaml']' timed out after 10.0 seconds",1,0,11.787970066070557
15,5,1,0,,build/fixtures/symbotic_itacbs_normalized/paper_symbotic_39_37_ratio_000/symbotic_agents_15_test_5.yaml,0.259932,0.185291,8754,14.5513,1.68953,0,9,9,24,symbotic.map,15,209,16.0,16,16,17.5583,5,147,1,itacbs,,0,1,0.06232261657714844
15,6,1,0,,build/fixtures/symbotic_itacbs_normalized/paper_symbotic_39_37_ratio_000/symbotic_agents_15_test_6.yaml,0.27149500000000004,0.074933,6792,16.9722,0.285201,0,2,3,14,symbotic.map,15,214,16.0,16,16,18.646099999999997,6,104,1,itacbs,,0,1,0.06875824928283691
15,8,1,0,,build/fixtures/symbotic_itacbs_normalized/paper_symbotic_39_37_ratio_000/symbotic_agents_15_test_8.yaml,0.246489,0.058171,7305,11.7125,0.000301,0,1,1,16,symbotic.map,15,207,16.0,16,16,12.897300000000001,8,147,1,itacbs,,0,1,0.07427167892456055
150,12,0,124,,build/fixtures/symbotic_itacbs_normalized/Paper_symbotic_39_37_gp_5/symbotic_agents_150_test_12.yaml,,,,,,,,,,symbotic.map,150,150,5.0,5,5,,12,,0,itacbs,"Command '['third_party/ITA-CBS2/build/ITACBS_remake', '-i', 'build/fixtures/symbotic_itacbs_normalized/Paper_symbotic_39_37_gp_5/symbotic_agents_150_test_12.yaml', '-o', 'build/results/symbotic_exp1_exp2_itacbs_10s_adaptive/rows_itacbs_outputs/Paper_symbotic_39_37_gp_5_symbotic_agents_150_test_12.out.yaml']' timed out after 10.0 seconds",1,0,11.797676801681519
15,7,1,0,,build/fixtures/symbotic_itacbs_normalized/paper_symbotic_39_37_ratio_000/symbotic_agents_15_test_7.yaml,0.815824,2.15643,47499,85.5202,34.149100000000004,22,136,173,20,symbotic.map,15,221,16.0,16,16,128.072,7,146,1,itacbs,,0,1,0.24590730667114258
15,9,1,0,,build/fixtures/symbotic_itacbs_normalized/paper_symbotic_39_37_ratio_000/symbotic_agents_15_test_9.yaml,0.280625,0.24103,9878,16.8171,2.72405,0,15,15,19,symbotic.map,15,204,16.0,16,16,20.9332,9,133,1,itacbs,,0,1,0.06819462776184082
15,10,1,0,,build/fixtures/symbotic_itacbs_normalized/paper_symbotic_39_37_ratio_000/symbotic_agents_15_test_10.yaml,0.265123,0.190991,7211,12.318900000000001,1.11703,0,6,7,25,symbotic.map,15,216,16.0,16,16,14.7589,10,138,1,itacbs,,0,1,0.0640115737915039
15,11,1,0,,build/fixtures/symbotic_itacbs_normalized/paper_symbotic_39_37_ratio_000/symbotic_agents_15_test_11.yaml,0.284781,0.15363200000000002,8751,14.668199999999999,1.57344,1,9,9,15,symbotic.map,15,204,16.0,16,16,17.322,11,132,1,itacbs,,0,1,0.06521081924438477
15,12,1,0,,build/fixtures/symbotic_itacbs_normalized/paper_symbotic_39_37_ratio_000/symbotic_agents_15_test_12.yaml,0.193758,0.108616,6780,9.43132,0.200602,1,2,3,17,symbotic.map,15,209,16.0,16,16,10.332600000000001,12,134,1,itacbs,,0,1,0.05279874801635742
15,13,1,0,,build/fixtures/symbotic_itacbs_normalized/paper_symbotic_39_37_ratio_000/symbotic_agents_15_test_13.yaml,0.256868,0.051849,6608,12.1849,0.000271,0,1,1,15,symbotic.map,15,206,16.0,16,16,13.6034,13,120,1,itacbs,,0,1,0.06553506851196289
15,16,1,0,,build/fixtures/symbotic_itacbs_normalized/paper_symbotic_39_37_ratio_000/symbotic_agents_15_test_16.yaml,0.240126,0.062438,6968,11.588899999999999,0.358651,0,3,3,14,symbotic.map,15,212,16.0,16,16,13.1615,16,120,1,itacbs,,0,1,0.08277344703674316
15,14,1,0,,build/fixtures/symbotic_itacbs_normalized/paper_symbotic_39_37_ratio_000/symbotic_agents_15_test_14.yaml,0.271557,0.172708,7815,12.8212,1.67125,4,6,7,21,symbotic.map,15,213,16.0,16,16,15.5458,14,124,1,itacbs,,0,1,0.06819415092468262
15,15,1,0,,build/fixtures/symbotic_itacbs_normalized/paper_symbotic_39_37_ratio_000/symbotic_agents_15_test_15.yaml,1.33676,0.24916400000000002,9077,15.598700000000001,3.1679,0,12,13,20,symbotic.map,15,208,16.0,16,16,21.087999999999997,15,138,1,itacbs,,0,1,0.09815168380737305
15,19,1,0,,build/fixtures/symbotic_itacbs_normalized/paper_symbotic_39_37_ratio_000/symbotic_agents_15_test_19.yaml,0.513167,1.12733,12004,19.0011,23.4087,3,92,97,14,symbotic.map,15,214,16.0,16,16,46.810900000000004,19,103,1,itacbs,,0,1,0.12976980209350586
15,18,1,0,,build/fixtures/symbotic_itacbs_normalized/paper_symbotic_39_37_ratio_000/symbotic_agents_15_test_18.yaml,0.269442,0.067408,7035,16.8769,0.00023999999999999998,0,1,1,19,symbotic.map,15,213,16.0,16,16,18.0862,18,127,1,itacbs,,0,1,0.11609053611755371
150,10,0,124,,build/fixtures/symbotic_itacbs_normalized/Paper_symbotic_39_37_gp_5/symbotic_agents_150_test_10.yaml,,,,,,,,,,symbotic.map,150,150,5.0,5,5,,10,,0,itacbs,"Command '['third_party/ITA-CBS2/build/ITACBS_remake', '-i', 'build/fixtures/symbotic_itacbs_normalized/Paper_symbotic_39_37_gp_5/symbotic_agents_150_test_10.yaml', '-o', 'build/results/symbotic_exp1_exp2_itacbs_10s_adaptive/rows_itacbs_outputs/Paper_symbotic_39_37_gp_5_symbotic_agents_150_test_10.out.yaml']' timed out after 10.0 seconds",1,0,12.377511501312256
15,17,1,0,,build/fixtures/symbotic_itacbs_normalized/paper_symbotic_39_37_ratio_000/symbotic_agents_15_test_17.yaml,0.33782,0.15242,12633,21.4291,4.6720299999999995,2,22,23,15,symbotic.map,15,209,16.0,16,16,43.4171,17,122,1,itacbs,,0,1,0.15074467658996582
150,15,0,124,,build/fixtures/symbotic_itacbs_normalized/Paper_symbotic_39_37_gp_5/symbotic_agents_150_test_15.yaml,,,,,,,,,,symbotic.map,150,150,5.0,5,5,,15,,0,itacbs,"Command '['third_party/ITA-CBS2/build/ITACBS_remake', '-i', 'build/fixtures/symbotic_itacbs_normalized/Paper_symbotic_39_37_gp_5/symbotic_agents_150_test_15.yaml', '-o', 'build/results/symbotic_exp1_exp2_itacbs_10s_adaptive/rows_itacbs_outputs/Paper_symbotic_39_37_gp_5_symbotic_agents_150_test_15.out.yaml']' timed out after 10.0 seconds",1,0,12.320103883743286
20,0,1,0,,build/fixtures/symbotic_itacbs_normalized/paper_symbotic_39_37_ratio_000/symbotic_agents_20_test_0.yaml,0.554678,0.6711039999999999,16095,35.8844,17.274500000000003,7,34,41,17,symbotic.map,20,258,16.0,16,16,55.893699999999995,0,166,1,itacbs,,0,1,0.14441466331481934
20,1,1,0,,build/fixtures/symbotic_itacbs_normalized/paper_symbotic_39_37_ratio_000/symbotic_agents_20_test_1.yaml,0.7009489999999999,2.96399,25849,42.0394,46.3146,21,80,91,21,symbotic.map,20,266,16.0,16,16,99.23780000000001,1,148,1,itacbs,,0,1,0.19115400314331055
20,2,1,0,,build/fixtures/symbotic_itacbs_normalized/paper_symbotic_39_37_ratio_000/symbotic_agents_20_test_2.yaml,1.1715,3.6511299999999998,44476,67.2403,86.1276,11,201,201,21,symbotic.map,20,286,16.0,16,16,163.311,2,175,1,itacbs,,0,1,0.28664588928222656
20,4,1,0,,build/fixtures/symbotic_itacbs_normalized/paper_symbotic_39_37_ratio_000/symbotic_agents_20_test_4.yaml,1.0517,15.2362,36666,86.7689,109.367,75,161,193,20,symbotic.map,20,264,16.0,16,16,217.518,4,177,1,itacbs,,0,1,0.38671398162841797
150,16,0,124,,build/fixtures/symbotic_itacbs_normalized/Paper_symbotic_39_37_gp_5/symbotic_agents_150_test_16.yaml,,,,,,,,,,symbotic.map,150,150,5.0,5,5,,16,,0,itacbs,"Command '['third_party/ITA-CBS2/build/ITACBS_remake', '-i', 'build/fixtures/symbotic_itacbs_normalized/Paper_symbotic_39_37_gp_5/symbotic_agents_150_test_16.yaml', '-o', 'build/results/symbotic_exp1_exp2_itacbs_10s_adaptive/rows_itacbs_outputs/Paper_symbotic_39_37_gp_5_symbotic_agents_150_test_16.out.yaml']' timed out after 10.0 seconds",1,0,12.627713203430176
150,13,0,124,,build/fixtures/symbotic_itacbs_normalized/Paper_symbotic_39_37_gp_5/symbotic_agents_150_test_13.yaml,,,,,,,,,,symbotic.map,150,150,5.0,5,5,,13,,0,itacbs,"Command '['third_party/ITA-CBS2/build/ITACBS_remake', '-i', 'build/fixtures/symbotic_itacbs_normalized/Paper_symbotic_39_37_gp_5/symbotic_agents_150_test_13.yaml', '-o', 'build/results/symbotic_exp1_exp2_itacbs_10s_adaptive/rows_itacbs_outputs/Paper_symbotic_39_37_gp_5_symbotic_agents_150_test_13.out.yaml']' timed out after 10.0 seconds",1,0,12.665335416793823
20,11,1,0,,build/fixtures/symbotic_itacbs_normalized/paper_symbotic_39_37_ratio_000/symbotic_agents_20_test_11.yaml,0.40165300000000004,0.103767,8921,13.635,0.00019,0,1,1,17,symbotic.map,20,265,16.0,16,16,15.0,11,156,1,itacbs,,0,1,0.09740781784057617
150,17,0,124,,build/fixtures/symbotic_itacbs_normalized/Paper_symbotic_39_37_gp_5/symbotic_agents_150_test_17.yaml,,,,,,,,,,symbotic.map,150,150,5.0,5,5,,17,,0,itacbs,"Command '['third_party/ITA-CBS2/build/ITACBS_remake', '-i', 'build/fixtures/symbotic_itacbs_normalized/Paper_symbotic_39_37_gp_5/symbotic_agents_150_test_17.yaml', '-o', 'build/results/symbotic_exp1_exp2_itacbs_10s_adaptive/rows_itacbs_outputs/Paper_symbotic_39_37_gp_5_symbotic_agents_150_test_17.out.yaml']' timed out after 10.0 seconds",1,0,12.739672183990479
150,14,0,124,,build/fixtures/symbotic_itacbs_normalized/Paper_symbotic_39_37_gp_5/symbotic_agents_150_test_14.yaml,,,,,,,,,,symbotic.map,150,150,5.0,5,5,,14,,0,itacbs,"Command '['third_party/ITA-CBS2/build/ITACBS_remake', '-i', 'build/fixtures/symbotic_itacbs_normalized/Paper_symbotic_39_37_gp_5/symbotic_agents_150_test_14.yaml', '-o', 'build/results/symbotic_exp1_exp2_itacbs_10s_adaptive/rows_itacbs_outputs/Paper_symbotic_39_37_gp_5_symbotic_agents_150_test_14.out.yaml']' timed out after 10.0 seconds",1,0,12.837240934371948
20,3,1,0,,build/fixtures/symbotic_itacbs_normalized/paper_symbotic_39_37_ratio_000/symbotic_agents_20_test_3.yaml,0.707391,2.20533,44669,158.363,45.247299999999996,19,61,71,17,symbotic.map,20,262,16.0,16,16,209.344,3,169,1,itacbs,,0,1,0.411297082901001
20,5,1,0,,build/fixtures/symbotic_itacbs_normalized/paper_symbotic_39_37_ratio_000/symbotic_agents_20_test_5.yaml,6.38988,7.92681,46905,107.859,246.522,3,287,325,18,symbotic.map,20,266,16.0,16,16,377.661,5,192,1,itacbs,,0,1,0.5130341053009033
20,9,1,0,,build/fixtures/symbotic_itacbs_normalized/paper_symbotic_39_37_ratio_000/symbotic_agents_20_test_9.yaml,0.618961,1.0535500000000002,16392,46.6549,50.9249,1,56,57,17,symbotic.map,20,274,16.0,16,16,111.476,9,164,1,itacbs,,0,1,0.23946714401245117
150,18,0,124,,build/fixtures/symbotic_itacbs_normalized/Paper_symbotic_39_37_gp_5/symbotic_agents_150_test_18.yaml,,,,,,,,,,symbotic.map,150,150,5.0,5,5,,18,,0,itacbs,"Command '['third_party/ITA-CBS2/build/ITACBS_remake', '-i', 'build/fixtures/symbotic_itacbs_normalized/Paper_symbotic_39_37_gp_5/symbotic_agents_150_test_18.yaml', '-o', 'build/results/symbotic_exp1_exp2_itacbs_10s_adaptive/rows_itacbs_outputs/Paper_symbotic_39_37_gp_5_symbotic_agents_150_test_18.out.yaml']' timed out after 10.0 seconds",1,0,12.897963523864746
20,8,1,0,,build/fixtures/symbotic_itacbs_normalized/paper_symbotic_39_37_ratio_000/symbotic_agents_20_test_8.yaml,0.323444,0.10009,9204,23.302300000000002,0.00019,0,1,1,16,symbotic.map,20,262,16.0,16,16,38.1338,8,148,1,itacbs,,0,1,0.17725324630737305
20,7,1,0,,build/fixtures/symbotic_itacbs_normalized/paper_symbotic_39_37_ratio_000/symbotic_agents_20_test_7.yaml,0.611854,1.01098,15231,71.517,36.583600000000004,8,37,39,18,symbotic.map,20,273,16.0,16,16,111.336,7,185,1,itacbs,,0,1,0.2947108745574951
20,12,1,0,,build/fixtures/symbotic_itacbs_normalized/paper_symbotic_39_37_ratio_000/symbotic_agents_20_test_12.yaml,1.40135,2.0046600000000003,20650,78.0241,73.8298,12,69,79,22,symbotic.map,20,271,16.0,16,16,158.23499999999999,12,180,1,itacbs,,0,1,0.3312218189239502
20,6,1,0,,build/fixtures/symbotic_itacbs_normalized/paper_symbotic_39_37_ratio_000/symbotic_agents_20_test_6.yaml,1.0713000000000001,0.508575,15503,32.2463,27.8085,3,29,29,25,symbotic.map,20,268,16.0,16,16,73.7573,6,156,1,itacbs,,0,1,0.24498748779296875
20,14,1,0,,build/fixtures/symbotic_itacbs_normalized/paper_symbotic_39_37_ratio_000/symbotic_agents_20_test_14.yaml,0.37395,0.296794,9720,49.8876,8.95633,2,7,7,17,symbotic.map,20,258,16.0,16,16,61.163599999999995,14,177,1,itacbs,,0,1,0.3012557029724121
150,19,0,124,,build/fixtures/symbotic_itacbs_normalized/Paper_symbotic_39_37_gp_5/symbotic_agents_150_test_19.yaml,,,,,,,,,,symbotic.map,150,150,5.0,5,5,,19,,0,itacbs,"Command '['third_party/ITA-CBS2/build/ITACBS_remake', '-i', 'build/fixtures/symbotic_itacbs_normalized/Paper_symbotic_39_37_gp_5/symbotic_agents_150_test_19.yaml', '-o', 'build/results/symbotic_exp1_exp2_itacbs_10s_adaptive/rows_itacbs_outputs/Paper_symbotic_39_37_gp_5_symbotic_agents_150_test_19.out.yaml']' timed out after 10.0 seconds",1,0,13.08838415145874
160,3,0,124,,build/fixtures/symbotic_itacbs_normalized/Paper_symbotic_39_37_gp_5/symbotic_agents_160_test_3.yaml,,,,,,,,,,symbotic.map,160,160,5.0,5,5,,3,,0,itacbs,"Command '['third_party/ITA-CBS2/build/ITACBS_remake', '-i', 'build/fixtures/symbotic_itacbs_normalized/Paper_symbotic_39_37_gp_5/symbotic_agents_160_test_3.yaml', '-o', 'build/results/symbotic_exp1_exp2_itacbs_10s_adaptive/rows_itacbs_outputs/Paper_symbotic_39_37_gp_5_symbotic_agents_160_test_3.out.yaml']' timed out after 10.0 seconds",1,0,13.059016942977905
160,0,0,124,,build/fixtures/symbotic_itacbs_normalized/Paper_symbotic_39_37_gp_5/symbotic_agents_160_test_0.yaml,,,,,,,,,,symbotic.map,160,160,5.0,5,5,,0,,0,itacbs,"Command '['third_party/ITA-CBS2/build/ITACBS_remake', '-i', 'build/fixtures/symbotic_itacbs_normalized/Paper_symbotic_39_37_gp_5/symbotic_agents_160_test_0.yaml', '-o', 'build/results/symbotic_exp1_exp2_itacbs_10s_adaptive/rows_itacbs_outputs/Paper_symbotic_39_37_gp_5_symbotic_agents_160_test_0.out.yaml']' timed out after 10.0 seconds",1,0,13.071106672286987
160,2,0,124,,build/fixtures/symbotic_itacbs_normalized/Paper_symbotic_39_37_gp_5/symbotic_agents_160_test_2.yaml,,,,,,,,,,symbotic.map,160,160,5.0,5,5,,2,,0,itacbs,"Command '['third_party/ITA-CBS2/build/ITACBS_remake', '-i', 'build/fixtures/symbotic_itacbs_normalized/Paper_symbotic_39_37_gp_5/symbotic_agents_160_test_2.yaml', '-o', 'build/results/symbotic_exp1_exp2_itacbs_10s_adaptive/rows_itacbs_outputs/Paper_symbotic_39_37_gp_5_symbotic_agents_160_test_2.out.yaml']' timed out after 10.0 seconds",1,0,13.110697031021118
160,1,0,124,,build/fixtures/symbotic_itacbs_normalized/Paper_symbotic_39_37_gp_5/symbotic_agents_160_test_1.yaml,,,,,,,,,,symbotic.map,160,160,5.0,5,5,,1,,0,itacbs,"Command '['third_party/ITA-CBS2/build/ITACBS_remake', '-i', 'build/fixtures/symbotic_itacbs_normalized/Paper_symbotic_39_37_gp_5/symbotic_agents_160_test_1.yaml', '-o', 'build/results/symbotic_exp1_exp2_itacbs_10s_adaptive/rows_itacbs_outputs/Paper_symbotic_39_37_gp_5_symbotic_agents_160_test_1.out.yaml']' timed out after 10.0 seconds",1,0,13.089839696884155
25,4,1,0,,build/fixtures/symbotic_itacbs_normalized/paper_symbotic_39_37_ratio_000/symbotic_agents_25_test_4.yaml,1.52667,0.341479,12105,18.3128,4.4459599999999995,1,8,9,15,symbotic.map,25,308,16.0,16,16,26.5955,4,189,1,itacbs,,0,1,0.13135313987731934
160,5,0,124,,build/fixtures/symbotic_itacbs_normalized/Paper_symbotic_39_37_gp_5/symbotic_agents_160_test_5.yaml,,,,,,,,,,symbotic.map,160,160,5.0,5,5,,5,,0,itacbs,"Command '['third_party/ITA-CBS2/build/ITACBS_remake', '-i', 'build/fixtures/symbotic_itacbs_normalized/Paper_symbotic_39_37_gp_5/symbotic_agents_160_test_5.yaml', '-o', 'build/results/symbotic_exp1_exp2_itacbs_10s_adaptive/rows_itacbs_outputs/Paper_symbotic_39_37_gp_5_symbotic_agents_160_test_5.out.yaml']' timed out after 10.0 seconds",1,0,13.258977890014648
25,3,1,0,,build/fixtures/symbotic_itacbs_normalized/paper_symbotic_39_37_ratio_000/symbotic_agents_25_test_3.yaml,0.548382,0.491263,11655,18.7122,11.3738,2,5,5,23,symbotic.map,25,325,16.0,16,16,32.981700000000004,3,207,1,itacbs,,0,1,0.16586947441101074
160,7,0,124,,build/fixtures/symbotic_itacbs_normalized/Paper_symbotic_39_37_gp_5/symbotic_agents_160_test_7.yaml,,,,,,,,,,symbotic.map,160,160,5.0,5,5,,7,,0,itacbs,"Command '['third_party/ITA-CBS2/build/ITACBS_remake', '-i', 'build/fixtures/symbotic_itacbs_normalized/Paper_symbotic_39_37_gp_5/symbotic_agents_160_test_7.yaml', '-o', 'build/results/symbotic_exp1_exp2_itacbs_10s_adaptive/rows_itacbs_outputs/Paper_symbotic_39_37_gp_5_symbotic_agents_160_test_7.out.yaml']' timed out after 10.0 seconds",1,0,13.19229245185852
160,4,0,124,,build/fixtures/symbotic_itacbs_normalized/Paper_symbotic_39_37_gp_5/symbotic_agents_160_test_4.yaml,,,,,,,,,,symbotic.map,160,160,5.0,5,5,,4,,0,itacbs,"Command '['third_party/ITA-CBS2/build/ITACBS_remake', '-i', 'build/fixtures/symbotic_itacbs_normalized/Paper_symbotic_39_37_gp_5/symbotic_agents_160_test_4.yaml', '-o', 'build/results/symbotic_exp1_exp2_itacbs_10s_adaptive/rows_itacbs_outputs/Paper_symbotic_39_37_gp_5_symbotic_agents_160_test_4.out.yaml']' timed out after 10.0 seconds",1,0,13.246824979782104
160,6,0,124,,build/fixtures/symbotic_itacbs_normalized/Paper_symbotic_39_37_gp_5/symbotic_agents_160_test_6.yaml,,,,,,,,,,symbotic.map,160,160,5.0,5,5,,6,,0,itacbs,"Command '['third_party/ITA-CBS2/build/ITACBS_remake', '-i', 'build/fixtures/symbotic_itacbs_normalized/Paper_symbotic_39_37_gp_5/symbotic_agents_160_test_6.yaml', '-o', 'build/results/symbotic_exp1_exp2_itacbs_10s_adaptive/rows_itacbs_outputs/Paper_symbotic_39_37_gp_5_symbotic_agents_160_test_6.out.yaml']' timed out after 10.0 seconds",1,0,13.29496955871582
20,13,1,0,,build/fixtures/symbotic_itacbs_normalized/paper_symbotic_39_37_ratio_000/symbotic_agents_20_test_13.yaml,0.41072899999999996,0.23174,9392,25.8138,4.20246,1,7,11,14,symbotic.map,20,270,16.0,16,16,32.0466,13,137,1,itacbs,,0,1,0.1488480567932129
25,10,1,0,,build/fixtures/symbotic_itacbs_normalized/paper_symbotic_39_37_ratio_000/symbotic_agents_25_test_10.yaml,0.692787,1.23275,16782,26.5128,20.2619,8,34,41,20,symbotic.map,25,319,16.0,16,16,50.802600000000005,10,196,1,itacbs,,0,1,0.17075228691101074
160,9,0,124,,build/fixtures/symbotic_itacbs_normalized/Paper_symbotic_39_37_gp_5/symbotic_agents_160_test_9.yaml,,,,,,,,,,symbotic.map,160,160,5.0,5,5,,9,,0,itacbs,"Command '['third_party/ITA-CBS2/build/ITACBS_remake', '-i', 'build/fixtures/symbotic_itacbs_normalized/Paper_symbotic_39_37_gp_5/symbotic_agents_160_test_9.yaml', '-o', 'build/results/symbotic_exp1_exp2_itacbs_10s_adaptive/rows_itacbs_outputs/Paper_symbotic_39_37_gp_5_symbotic_agents_160_test_9.out.yaml']' timed out after 10.0 seconds",1,0,13.365439414978027
160,8,0,124,,build/fixtures/symbotic_itacbs_normalized/Paper_symbotic_39_37_gp_5/symbotic_agents_160_test_8.yaml,,,,,,,,,,symbotic.map,160,160,5.0,5,5,,8,,0,itacbs,"Command '['third_party/ITA-CBS2/build/ITACBS_remake', '-i', 'build/fixtures/symbotic_itacbs_normalized/Paper_symbotic_39_37_gp_5/symbotic_agents_160_test_8.yaml', '-o', 'build/results/symbotic_exp1_exp2_itacbs_10s_adaptive/rows_itacbs_outputs/Paper_symbotic_39_37_gp_5_symbotic_agents_160_test_8.out.yaml']' timed out after 10.0 seconds",1,0,13.373008489608765
160,11,0,124,,build/fixtures/symbotic_itacbs_normalized/Paper_symbotic_39_37_gp_5/symbotic_agents_160_test_11.yaml,,,,,,,,,,symbotic.map,160,160,5.0,5,5,,11,,0,itacbs,"Command '['third_party/ITA-CBS2/build/ITACBS_remake', '-i', 'build/fixtures/symbotic_itacbs_normalized/Paper_symbotic_39_37_gp_5/symbotic_agents_160_test_11.yaml', '-o', 'build/results/symbotic_exp1_exp2_itacbs_10s_adaptive/rows_itacbs_outputs/Paper_symbotic_39_37_gp_5_symbotic_agents_160_test_11.out.yaml']' timed out after 10.0 seconds",1,0,13.33142900466919
160,13,0,124,,build/fixtures/symbotic_itacbs_normalized/Paper_symbotic_39_37_gp_5/symbotic_agents_160_test_13.yaml,,,,,,,,,,symbotic.map,160,160,5.0,5,5,,13,,0,itacbs,"Command '['third_party/ITA-CBS2/build/ITACBS_remake', '-i', 'build/fixtures/symbotic_itacbs_normalized/Paper_symbotic_39_37_gp_5/symbotic_agents_160_test_13.yaml', '-o', 'build/results/symbotic_exp1_exp2_itacbs_10s_adaptive/rows_itacbs_outputs/Paper_symbotic_39_37_gp_5_symbotic_agents_160_test_13.out.yaml']' timed out after 10.0 seconds",1,0,13.35327696800232
25,5,1,0,,build/fixtures/symbotic_itacbs_normalized/paper_symbotic_39_37_ratio_000/symbotic_agents_25_test_5.yaml,20.4611,15.0589,87073,137.336,246.345,16,429,463,13,symbotic.map,25,317,16.0,16,16,431.055,5,187,1,itacbs,,0,1,0.651313066482544
160,10,0,124,,build/fixtures/symbotic_itacbs_normalized/Paper_symbotic_39_37_gp_5/symbotic_agents_160_test_10.yaml,,,,,,,,,,symbotic.map,160,160,5.0,5,5,,10,,0,itacbs,"Command '['third_party/ITA-CBS2/build/ITACBS_remake', '-i', 'build/fixtures/symbotic_itacbs_normalized/Paper_symbotic_39_37_gp_5/symbotic_agents_160_test_10.yaml', '-o', 'build/results/symbotic_exp1_exp2_itacbs_10s_adaptive/rows_itacbs_outputs/Paper_symbotic_39_37_gp_5_symbotic_agents_160_test_10.out.yaml']' timed out after 10.0 seconds",1,0,13.48507833480835
160,17,0,124,,build/fixtures/symbotic_itacbs_normalized/Paper_symbotic_39_37_gp_5/symbotic_agents_160_test_17.yaml,,,,,,,,,,symbotic.map,160,160,5.0,5,5,,17,,0,itacbs,"Command '['third_party/ITA-CBS2/build/ITACBS_remake', '-i', 'build/fixtures/symbotic_itacbs_normalized/Paper_symbotic_39_37_gp_5/symbotic_agents_160_test_17.yaml', '-o', 'build/results/symbotic_exp1_exp2_itacbs_10s_adaptive/rows_itacbs_outputs/Paper_symbotic_39_37_gp_5_symbotic_agents_160_test_17.out.yaml']' timed out after 10.0 seconds",1,0,13.285422563552856
160,14,0,124,,build/fixtures/symbotic_itacbs_normalized/Paper_symbotic_39_37_gp_5/symbotic_agents_160_test_14.yaml,,,,,,,,,,symbotic.map,160,160,5.0,5,5,,14,,0,itacbs,"Command '['third_party/ITA-CBS2/build/ITACBS_remake', '-i', 'build/fixtures/symbotic_itacbs_normalized/Paper_symbotic_39_37_gp_5/symbotic_agents_160_test_14.yaml', '-o', 'build/results/symbotic_exp1_exp2_itacbs_10s_adaptive/rows_itacbs_outputs/Paper_symbotic_39_37_gp_5_symbotic_agents_160_test_14.out.yaml']' timed out after 10.0 seconds",1,0,13.407284498214722
25,13,1,0,,build/fixtures/symbotic_itacbs_normalized/paper_symbotic_39_37_ratio_000/symbotic_agents_25_test_13.yaml,1.6022,1.06667,16713,25.9051,20.651,2,40,43,20,symbotic.map,25,318,16.0,16,16,51.0927,13,216,1,itacbs,,0,1,0.1220555305480957
160,16,0,124,,build/fixtures/symbotic_itacbs_normalized/Paper_symbotic_39_37_gp_5/symbotic_agents_160_test_16.yaml,,,,,,,,,,symbotic.map,160,160,5.0,5,5,,16,,0,itacbs,"Command '['third_party/ITA-CBS2/build/ITACBS_remake', '-i', 'build/fixtures/symbotic_itacbs_normalized/Paper_symbotic_39_37_gp_5/symbotic_agents_160_test_16.yaml', '-o', 'build/results/symbotic_exp1_exp2_itacbs_10s_adaptive/rows_itacbs_outputs/Paper_symbotic_39_37_gp_5_symbotic_agents_160_test_16.out.yaml']' timed out after 10.0 seconds",1,0,13.38380217552185
20,17,1,0,,build/fixtures/symbotic_itacbs_normalized/paper_symbotic_39_37_ratio_000/symbotic_agents_20_test_17.yaml,0.463801,0.097135,9026,111.14200000000001,0.00023999999999999998,0,1,1,15,symbotic.map,20,270,16.0,16,16,112.928,17,155,1,itacbs,,0,1,0.3668947219848633
160,12,0,124,,build/fixtures/symbotic_itacbs_normalized/Paper_symbotic_39_37_gp_5/symbotic_agents_160_test_12.yaml,,,,,,,,,,symbotic.map,160,160,5.0,5,5,,12,,0,itacbs,"Command '['third_party/ITA-CBS2/build/ITACBS_remake', '-i', 'build/fixtures/symbotic_itacbs_normalized/Paper_symbotic_39_37_gp_5/symbotic_agents_160_test_12.yaml', '-o', 'build/results/symbotic_exp1_exp2_itacbs_10s_adaptive/rows_itacbs_outputs/Paper_symbotic_39_37_gp_5_symbotic_agents_160_test_12.out.yaml']' timed out after 10.0 seconds",1,0,13.49746322631836
20,16,1,0,,build/fixtures/symbotic_itacbs_normalized/paper_symbotic_39_37_ratio_000/symbotic_agents_20_test_16.yaml,0.44702000000000003,0.395162,11971,93.0571,21.683,1,25,27,24,symbotic.map,20,267,16.0,16,16,117.55300000000001,16,130,1,itacbs,,0,1,0.3526301383972168
25,9,1,0,,build/fixtures/symbotic_itacbs_normalized/paper_symbotic_39_37_ratio_000/symbotic_agents_25_test_9.yaml,1.76097,7.6698,65543,98.89359999999999,173.915,19,308,325,16,symbotic.map,25,328,16.0,16,16,290.619,9,185,1,itacbs,,0,1,0.4819159507751465
25,16,1,0,,build/fixtures/symbotic_itacbs_normalized/paper_symbotic_39_37_ratio_000/symbotic_agents_25_test_16.yaml,0.5448649999999999,0.577256,14229,21.665899999999997,6.8358799999999995,4,15,15,17,symbotic.map,25,307,16.0,16,16,31.0122,16,206,1,itacbs,,0,1,0.15545940399169922
20,18,1,0,,build/fixtures/symbotic_itacbs_normalized/paper_symbotic_39_37_ratio_000/symbotic_agents_20_test_18.yaml,0.493265,0.228222,10272,44.483000000000004,23.265500000000003,2,9,9,14,symbotic.map,20,269,16.0,16,16,104.64800000000001,18,141,1,itacbs,,0,1,0.30074310302734375
160,15,0,124,,build/fixtures/symbotic_itacbs_normalized/Paper_symbotic_39_37_gp_5/symbotic_agents_160_test_15.yaml,,,,,,,,,,symbotic.map,160,160,5.0,5,5,,15,,0,itacbs,"Command '['third_party/ITA-CBS2/build/ITACBS_remake', '-i', 'build/fixtures/symbotic_itacbs_normalized/Paper_symbotic_39_37_gp_5/symbotic_agents_160_test_15.yaml', '-o', 'build/results/symbotic_exp1_exp2_itacbs_10s_adaptive/rows_itacbs_outputs/Paper_symbotic_39_37_gp_5_symbotic_agents_160_test_15.out.yaml']' timed out after 10.0 seconds",1,0,13.465927124023438
160,19,0,124,,build/fixtures/symbotic_itacbs_normalized/Paper_symbotic_39_37_gp_5/symbotic_agents_160_test_19.yaml,,,,,,,,,,symbotic.map,160,160,5.0,5,5,,19,,0,itacbs,"Command '['third_party/ITA-CBS2/build/ITACBS_remake', '-i', 'build/fixtures/symbotic_itacbs_normalized/Paper_symbotic_39_37_gp_5/symbotic_agents_160_test_19.yaml', '-o', 'build/results/symbotic_exp1_exp2_itacbs_10s_adaptive/rows_itacbs_outputs/Paper_symbotic_39_37_gp_5_symbotic_agents_160_test_19.out.yaml']' timed out after 10.0 seconds",1,0,13.467316389083862
170,1,0,124,,build/fixtures/symbotic_itacbs_normalized/Paper_symbotic_39_37_gp_5/symbotic_agents_170_test_1.yaml,,,,,,,,,,symbotic.map,170,170,5.0,5,5,,1,,0,itacbs,"Command '['third_party/ITA-CBS2/build/ITACBS_remake', '-i', 'build/fixtures/symbotic_itacbs_normalized/Paper_symbotic_39_37_gp_5/symbotic_agents_170_test_1.yaml', '-o', 'build/results/symbotic_exp1_exp2_itacbs_10s_adaptive/rows_itacbs_outputs/Paper_symbotic_39_37_gp_5_symbotic_agents_170_test_1.out.yaml']' timed out after 10.0 seconds",1,0,13.373491764068604
25,18,1,0,,build/fixtures/symbotic_itacbs_normalized/paper_symbotic_39_37_ratio_000/symbotic_agents_25_test_18.yaml,0.62675,0.64747,13933,27.9952,13.6494,4,10,15,21,symbotic.map,25,317,16.0,16,16,44.6646,18,219,1,itacbs,,0,1,0.1573336124420166
160,18,0,124,,build/fixtures/symbotic_itacbs_normalized/Paper_symbotic_39_37_gp_5/symbotic_agents_160_test_18.yaml,,,,,,,,,,symbotic.map,160,160,5.0,5,5,,18,,0,itacbs,"Command '['third_party/ITA-CBS2/build/ITACBS_remake', '-i', 'build/fixtures/symbotic_itacbs_normalized/Paper_symbotic_39_37_gp_5/symbotic_agents_160_test_18.yaml', '-o', 'build/results/symbotic_exp1_exp2_itacbs_10s_adaptive/rows_itacbs_outputs/Paper_symbotic_39_37_gp_5_symbotic_agents_160_test_18.out.yaml']' timed out after 10.0 seconds",1,0,13.492802143096924
170,4,0,124,,build/fixtures/symbotic_itacbs_normalized/Paper_symbotic_39_37_gp_5/symbotic_agents_170_test_4.yaml,,,,,,,,,,symbotic.map,170,170,5.0,5,5,,4,,0,itacbs,"Command '['third_party/ITA-CBS2/build/ITACBS_remake', '-i', 'build/fixtures/symbotic_itacbs_normalized/Paper_symbotic_39_37_gp_5/symbotic_agents_170_test_4.yaml', '-o', 'build/results/symbotic_exp1_exp2_itacbs_10s_adaptive/rows_itacbs_outputs/Paper_symbotic_39_37_gp_5_symbotic_agents_170_test_4.out.yaml']' timed out after 10.0 seconds",1,0,13.454545974731445
170,0,0,124,,build/fixtures/symbotic_itacbs_normalized/Paper_symbotic_39_37_gp_5/symbotic_agents_170_test_0.yaml,,,,,,,,,,symbotic.map,170,170,5.0,5,5,,0,,0,itacbs,"Command '['third_party/ITA-CBS2/build/ITACBS_remake', '-i', 'build/fixtures/symbotic_itacbs_normalized/Paper_symbotic_39_37_gp_5/symbotic_agents_170_test_0.yaml', '-o', 'build/results/symbotic_exp1_exp2_itacbs_10s_adaptive/rows_itacbs_outputs/Paper_symbotic_39_37_gp_5_symbotic_agents_170_test_0.out.yaml']' timed out after 10.0 seconds",1,0,13.656225204467773
20,19,1,0,,build/fixtures/symbotic_itacbs_normalized/paper_symbotic_39_37_ratio_000/symbotic_agents_20_test_19.yaml,1.46025,9.26652,44400,147.224,243.977,26,240,275,18,symbotic.map,20,260,16.0,16,16,447.434,19,196,1,itacbs,,0,1,0.630068302154541
170,9,0,124,,build/fixtures/symbotic_itacbs_normalized/Paper_symbotic_39_37_gp_5/symbotic_agents_170_test_9.yaml,,,,,,,,,,symbotic.map,170,170,5.0,5,5,,9,,0,itacbs,"Command '['third_party/ITA-CBS2/build/ITACBS_remake', '-i', 'build/fixtures/symbotic_itacbs_normalized/Paper_symbotic_39_37_gp_5/symbotic_agents_170_test_9.yaml', '-o', 'build/results/symbotic_exp1_exp2_itacbs_10s_adaptive/rows_itacbs_outputs/Paper_symbotic_39_37_gp_5_symbotic_agents_170_test_9.out.yaml']' timed out after 10.0 seconds",1,0,13.49257516860962
170,13,0,124,,build/fixtures/symbotic_itacbs_normalized/Paper_symbotic_39_37_gp_5/symbotic_agents_170_test_13.yaml,,,,,,,,,,symbotic.map,170,170,5.0,5,5,,13,,0,itacbs,"Command '['third_party/ITA-CBS2/build/ITACBS_remake', '-i', 'build/fixtures/symbotic_itacbs_normalized/Paper_symbotic_39_37_gp_5/symbotic_agents_170_test_13.yaml', '-o', 'build/results/symbotic_exp1_exp2_itacbs_10s_adaptive/rows_itacbs_outputs/Paper_symbotic_39_37_gp_5_symbotic_agents_170_test_13.out.yaml']' timed out after 10.0 seconds",1,0,13.461185216903687
25,17,1,0,,build/fixtures/symbotic_itacbs_normalized/paper_symbotic_39_37_ratio_000/symbotic_agents_25_test_17.yaml,3.84732,25.176000000000002,66104,81.85820000000001,255.977,146,442,501,18,symbotic.map,25,330,16.0,16,16,382.706,17,220,1,itacbs,,0,1,0.5746049880981445
30,10,1,0,,build/fixtures/symbotic_itacbs_normalized/paper_symbotic_39_37_ratio_000/symbotic_agents_30_test_10.yaml,1.69425,0.601372,13660,21.212000000000003,10.8462,2,14,17,13,symbotic.map,30,364,16.0,16,16,36.949799999999996,10,212,1,itacbs,,0,1,0.09961271286010742
170,14,0,124,,build/fixtures/symbotic_itacbs_normalized/Paper_symbotic_39_37_gp_5/symbotic_agents_170_test_14.yaml,,,,,,,,,,symbotic.map,170,170,5.0,5,5,,14,,0,itacbs,"Command '['third_party/ITA-CBS2/build/ITACBS_remake', '-i', 'build/fixtures/symbotic_itacbs_normalized/Paper_symbotic_39_37_gp_5/symbotic_agents_170_test_14.yaml', '-o', 'build/results/symbotic_exp1_exp2_itacbs_10s_adaptive/rows_itacbs_outputs/Paper_symbotic_39_37_gp_5_symbotic_agents_170_test_14.out.yaml']' timed out after 10.0 seconds",1,0,13.461982727050781
170,11,0,124,,build/fixtures/symbotic_itacbs_normalized/Paper_symbotic_39_37_gp_5/symbotic_agents_170_test_11.yaml,,,,,,,,,,symbotic.map,170,170,5.0,5,5,,11,,0,itacbs,"Command '['third_party/ITA-CBS2/build/ITACBS_remake', '-i', 'build/fixtures/symbotic_itacbs_normalized/Paper_symbotic_39_37_gp_5/symbotic_agents_170_test_11.yaml', '-o', 'build/results/symbotic_exp1_exp2_itacbs_10s_adaptive/rows_itacbs_outputs/Paper_symbotic_39_37_gp_5_symbotic_agents_170_test_11.out.yaml']' timed out after 10.0 seconds",1,0,13.506954908370972
30,8,1,0,,build/fixtures/symbotic_itacbs_normalized/paper_symbotic_39_37_ratio_000/symbotic_agents_30_test_8.yaml,0.8223119999999999,0.28787700000000005,14571,22.271,1.1407100000000001,0,3,3,16,symbotic.map,30,369,16.0,16,16,26.9972,8,252,1,itacbs,,0,1,0.09523677825927734
170,8,0,124,,build/fixtures/symbotic_itacbs_normalized/Paper_symbotic_39_37_gp_5/symbotic_agents_170_test_8.yaml,,,,,,,,,,symbotic.map,170,170,5.0,5,5,,8,,0,itacbs,"Command '['third_party/ITA-CBS2/build/ITACBS_remake', '-i', 'build/fixtures/symbotic_itacbs_normalized/Paper_symbotic_39_37_gp_5/symbotic_agents_170_test_8.yaml', '-o', 'build/results/symbotic_exp1_exp2_itacbs_10s_adaptive/rows_itacbs_outputs/Paper_symbotic_39_37_gp_5_symbotic_agents_170_test_8.out.yaml']' timed out after 10.0 seconds",1,0,13.604080200195312
30,11,1,0,,build/fixtures/symbotic_itacbs_normalized/paper_symbotic_39_37_ratio_000/symbotic_agents_30_test_11.yaml,0.977952,1.6521000000000001,21527,35.6261,30.1141,5,43,47,15,symbotic.map,30,368,16.0,16,16,71.28439999999999,11,206,1,itacbs,,0,1,0.14998316764831543
170,15,0,124,,build/fixtures/symbotic_itacbs_normalized/Paper_symbotic_39_37_gp_5/symbotic_agents_170_test_15.yaml,,,,,,,,,,symbotic.map,170,170,5.0,5,5,,15,,0,itacbs,"Command '['third_party/ITA-CBS2/build/ITACBS_remake', '-i', 'build/fixtures/symbotic_itacbs_normalized/Paper_symbotic_39_37_gp_5/symbotic_agents_170_test_15.yaml', '-o', 'build/results/symbotic_exp1_exp2_itacbs_10s_adaptive/rows_itacbs_outputs/Paper_symbotic_39_37_gp_5_symbotic_agents_170_test_15.out.yaml']' timed out after 10.0 seconds",1,0,13.500044107437134
30,5,1,0,,build/fixtures/symbotic_itacbs_normalized/paper_symbotic_39_37_ratio_000/symbotic_agents_30_test_5.yaml,1.266,3.46563,22689,40.0252,51.787,1,75,81,17,symbotic.map,30,369,16.0,16,16,100.5,5,222,1,itacbs,,0,1,0.1916511058807373
170,2,0,124,,build/fixtures/symbotic_itacbs_normalized/Paper_symbotic_39_37_gp_5/symbotic_agents_170_test_2.yaml,,,,,,,,,,symbotic.map,170,170,5.0,5,5,,2,,0,itacbs,"Command '['third_party/ITA-CBS2/build/ITACBS_remake', '-i', 'build/fixtures/symbotic_itacbs_normalized/Paper_symbotic_39_37_gp_5/symbotic_agents_170_test_2.yaml', '-o', 'build/results/symbotic_exp1_exp2_itacbs_10s_adaptive/rows_itacbs_outputs/Paper_symbotic_39_37_gp_5_symbotic_agents_170_test_2.out.yaml']' timed out after 10.0 seconds",1,0,13.522761583328247
25,12,1,0,,build/fixtures/symbotic_itacbs_normalized/paper_symbotic_39_37_ratio_000/symbotic_agents_25_test_12.yaml,0.551237,0.439124,12117,74.813,5.44688,3,10,11,14,symbotic.map,25,325,16.0,16,16,100.29299999999999,12,188,1,itacbs,,0,1,0.4170408248901367
180,3,0,124,,build/fixtures/symbotic_itacbs_normalized/Paper_symbotic_39_37_gp_5/symbotic_agents_180_test_3.yaml,,,,,,,,,,symbotic.map,180,180,5.0,5,5,,3,,0,itacbs,"Command '['third_party/ITA-CBS2/build/ITACBS_remake', '-i', 'build/fixtures/symbotic_itacbs_normalized/Paper_symbotic_39_37_gp_5/symbotic_agents_180_test_3.yaml', '-o', 'build/results/symbotic_exp1_exp2_itacbs_10s_adaptive/rows_itacbs_outputs/Paper_symbotic_39_37_gp_5_symbotic_agents_180_test_3.out.yaml']' timed out after 10.0 seconds",1,0,13.387957334518433
170,7,0,124,,build/fixtures/symbotic_itacbs_normalized/Paper_symbotic_39_37_gp_5/symbotic_agents_170_test_7.yaml,,,,,,,,,,symbotic.map,170,170,5.0,5,5,,7,,0,itacbs,"Command '['third_party/ITA-CBS2/build/ITACBS_remake', '-i', 'build/fixtures/symbotic_itacbs_normalized/Paper_symbotic_39_37_gp_5/symbotic_agents_170_test_7.yaml', '-o', 'build/results/symbotic_exp1_exp2_itacbs_10s_adaptive/rows_itacbs_outputs/Paper_symbotic_39_37_gp_5_symbotic_agents_170_test_7.out.yaml']' timed out after 10.0 seconds",1,0,13.601129055023193
180,4,0,124,,build/fixtures/symbotic_itacbs_normalized/Paper_symbotic_39_37_gp_5/symbotic_agents_180_test_4.yaml,,,,,,,,,,symbotic.map,180,180,5.0,5,5,,4,,0,itacbs,"Command '['third_party/ITA-CBS2/build/ITACBS_remake', '-i', 'build/fixtures/symbotic_itacbs_normalized/Paper_symbotic_39_37_gp_5/symbotic_agents_180_test_4.yaml', '-o', 'build/results/symbotic_exp1_exp2_itacbs_10s_adaptive/rows_itacbs_outputs/Paper_symbotic_39_37_gp_5_symbotic_agents_180_test_4.out.yaml']' timed out after 10.0 seconds",1,0,13.401200294494629
25,1,1,0,,build/fixtures/symbotic_itacbs_normalized/paper_symbotic_39_37_ratio_000/symbotic_agents_25_test_1.yaml,0.509667,0.376064,11633,62.300599999999996,2.50875,2,4,5,17,symbotic.map,25,314,16.0,16,16,95.8303,1,230,1,itacbs,,0,1,0.3339700698852539
170,12,0,124,,build/fixtures/symbotic_itacbs_normalized/Paper_symbotic_39_37_gp_5/symbotic_agents_170_test_12.yaml,,,,,,,,,,symbotic.map,170,170,5.0,5,5,,12,,0,itacbs,"Command '['third_party/ITA-CBS2/build/ITACBS_remake', '-i', 'build/fixtures/symbotic_itacbs_normalized/Paper_symbotic_39_37_gp_5/symbotic_agents_170_test_12.yaml', '-o', 'build/results/symbotic_exp1_exp2_itacbs_10s_adaptive/rows_itacbs_outputs/Paper_symbotic_39_37_gp_5_symbotic_agents_170_test_12.out.yaml']' timed out after 10.0 seconds",1,0,13.527028322219849
170,10,0,124,,build/fixtures/symbotic_itacbs_normalized/Paper_symbotic_39_37_gp_5/symbotic_agents_170_test_10.yaml,,,,,,,,,,symbotic.map,170,170,5.0,5,5,,10,,0,itacbs,"Command '['third_party/ITA-CBS2/build/ITACBS_remake', '-i', 'build/fixtures/symbotic_itacbs_normalized/Paper_symbotic_39_37_gp_5/symbotic_agents_170_test_10.yaml', '-o', 'build/results/symbotic_exp1_exp2_itacbs_10s_adaptive/rows_itacbs_outputs/Paper_symbotic_39_37_gp_5_symbotic_agents_170_test_10.out.yaml']' timed out after 10.0 seconds",1,0,13.633416414260864
170,17,0,124,,build/fixtures/symbotic_itacbs_normalized/Paper_symbotic_39_37_gp_5/symbotic_agents_170_test_17.yaml,,,,,,,,,,symbotic.map,170,170,5.0,5,5,,17,,0,itacbs,"Command '['third_party/ITA-CBS2/build/ITACBS_remake', '-i', 'build/fixtures/symbotic_itacbs_normalized/Paper_symbotic_39_37_gp_5/symbotic_agents_170_test_17.yaml', '-o', 'build/results/symbotic_exp1_exp2_itacbs_10s_adaptive/rows_itacbs_outputs/Paper_symbotic_39_37_gp_5_symbotic_agents_170_test_17.out.yaml']' timed out after 10.0 seconds",1,0,13.504154920578003
170,19,0,124,,build/fixtures/symbotic_itacbs_normalized/Paper_symbotic_39_37_gp_5/symbotic_agents_170_test_19.yaml,,,,,,,,,,symbotic.map,170,170,5.0,5,5,,19,,0,itacbs,"Command '['third_party/ITA-CBS2/build/ITACBS_remake', '-i', 'build/fixtures/symbotic_itacbs_normalized/Paper_symbotic_39_37_gp_5/symbotic_agents_170_test_19.yaml', '-o', 'build/results/symbotic_exp1_exp2_itacbs_10s_adaptive/rows_itacbs_outputs/Paper_symbotic_39_37_gp_5_symbotic_agents_170_test_19.out.yaml']' timed out after 10.0 seconds",1,0,13.478284120559692
180,6,0,124,,build/fixtures/symbotic_itacbs_normalized/Paper_symbotic_39_37_gp_5/symbotic_agents_180_test_6.yaml,,,,,,,,,,symbotic.map,180,180,5.0,5,5,,6,,0,itacbs,"Command '['third_party/ITA-CBS2/build/ITACBS_remake', '-i', 'build/fixtures/symbotic_itacbs_normalized/Paper_symbotic_39_37_gp_5/symbotic_agents_180_test_6.yaml', '-o', 'build/results/symbotic_exp1_exp2_itacbs_10s_adaptive/rows_itacbs_outputs/Paper_symbotic_39_37_gp_5_symbotic_agents_180_test_6.out.yaml']' timed out after 10.0 seconds",1,0,13.418944597244263
180,0,0,124,,build/fixtures/symbotic_itacbs_normalized/Paper_symbotic_39_37_gp_5/symbotic_agents_180_test_0.yaml,,,,,,,,,,symbotic.map,180,180,5.0,5,5,,0,,0,itacbs,"Command '['third_party/ITA-CBS2/build/ITACBS_remake', '-i', 'build/fixtures/symbotic_itacbs_normalized/Paper_symbotic_39_37_gp_5/symbotic_agents_180_test_0.yaml', '-o', 'build/results/symbotic_exp1_exp2_itacbs_10s_adaptive/rows_itacbs_outputs/Paper_symbotic_39_37_gp_5_symbotic_agents_180_test_0.out.yaml']' timed out after 10.0 seconds",1,0,13.443495750427246
170,18,0,124,,build/fixtures/symbotic_itacbs_normalized/Paper_symbotic_39_37_gp_5/symbotic_agents_170_test_18.yaml,,,,,,,,,,symbotic.map,170,170,5.0,5,5,,18,,0,itacbs,"Command '['third_party/ITA-CBS2/build/ITACBS_remake', '-i', 'build/fixtures/symbotic_itacbs_normalized/Paper_symbotic_39_37_gp_5/symbotic_agents_170_test_18.yaml', '-o', 'build/results/symbotic_exp1_exp2_itacbs_10s_adaptive/rows_itacbs_outputs/Paper_symbotic_39_37_gp_5_symbotic_agents_170_test_18.out.yaml']' timed out after 10.0 seconds",1,0,13.521625995635986
180,16,0,124,,build/fixtures/symbotic_itacbs_normalized/Paper_symbotic_39_37_gp_5/symbotic_agents_180_test_16.yaml,,,,,,,,,,symbotic.map,180,180,5.0,5,5,,16,,0,itacbs,"Command '['third_party/ITA-CBS2/build/ITACBS_remake', '-i', 'build/fixtures/symbotic_itacbs_normalized/Paper_symbotic_39_37_gp_5/symbotic_agents_180_test_16.yaml', '-o', 'build/results/symbotic_exp1_exp2_itacbs_10s_adaptive/rows_itacbs_outputs/Paper_symbotic_39_37_gp_5_symbotic_agents_180_test_16.out.yaml']' timed out after 10.0 seconds",1,0,13.361856698989868
180,9,0,124,,build/fixtures/symbotic_itacbs_normalized/Paper_symbotic_39_37_gp_5/symbotic_agents_180_test_9.yaml,,,,,,,,,,symbotic.map,180,180,5.0,5,5,,9,,0,itacbs,"Command '['third_party/ITA-CBS2/build/ITACBS_remake', '-i', 'build/fixtures/symbotic_itacbs_normalized/Paper_symbotic_39_37_gp_5/symbotic_agents_180_test_9.yaml', '-o', 'build/results/symbotic_exp1_exp2_itacbs_10s_adaptive/rows_itacbs_outputs/Paper_symbotic_39_37_gp_5_symbotic_agents_180_test_9.out.yaml']' timed out after 10.0 seconds",1,0,13.468759059906006
170,3,0,124,,build/fixtures/symbotic_itacbs_normalized/Paper_symbotic_39_37_gp_5/symbotic_agents_170_test_3.yaml,,,,,,,,,,symbotic.map,170,170,5.0,5,5,,3,,0,itacbs,"Command '['third_party/ITA-CBS2/build/ITACBS_remake', '-i', 'build/fixtures/symbotic_itacbs_normalized/Paper_symbotic_39_37_gp_5/symbotic_agents_170_test_3.yaml', '-o', 'build/results/symbotic_exp1_exp2_itacbs_10s_adaptive/rows_itacbs_outputs/Paper_symbotic_39_37_gp_5_symbotic_agents_170_test_3.out.yaml']' timed out after 10.0 seconds",1,0,13.799104452133179
180,2,0,124,,build/fixtures/symbotic_itacbs_normalized/Paper_symbotic_39_37_gp_5/symbotic_agents_180_test_2.yaml,,,,,,,,,,symbotic.map,180,180,5.0,5,5,,2,,0,itacbs,"Command '['third_party/ITA-CBS2/build/ITACBS_remake', '-i', 'build/fixtures/symbotic_itacbs_normalized/Paper_symbotic_39_37_gp_5/symbotic_agents_180_test_2.yaml', '-o', 'build/results/symbotic_exp1_exp2_itacbs_10s_adaptive/rows_itacbs_outputs/Paper_symbotic_39_37_gp_5_symbotic_agents_180_test_2.out.yaml']' timed out after 10.0 seconds",1,0,13.474334001541138
180,8,0,124,,build/fixtures/symbotic_itacbs_normalized/Paper_symbotic_39_37_gp_5/symbotic_agents_180_test_8.yaml,,,,,,,,,,symbotic.map,180,180,5.0,5,5,,8,,0,itacbs,"Command '['third_party/ITA-CBS2/build/ITACBS_remake', '-i', 'build/fixtures/symbotic_itacbs_normalized/Paper_symbotic_39_37_gp_5/symbotic_agents_180_test_8.yaml', '-o', 'build/results/symbotic_exp1_exp2_itacbs_10s_adaptive/rows_itacbs_outputs/Paper_symbotic_39_37_gp_5_symbotic_agents_180_test_8.out.yaml']' timed out after 10.0 seconds",1,0,13.441030740737915
170,5,0,124,,build/fixtures/symbotic_itacbs_normalized/Paper_symbotic_39_37_gp_5/symbotic_agents_170_test_5.yaml,,,,,,,,,,symbotic.map,170,170,5.0,5,5,,5,,0,itacbs,"Command '['third_party/ITA-CBS2/build/ITACBS_remake', '-i', 'build/fixtures/symbotic_itacbs_normalized/Paper_symbotic_39_37_gp_5/symbotic_agents_170_test_5.yaml', '-o', 'build/results/symbotic_exp1_exp2_itacbs_10s_adaptive/rows_itacbs_outputs/Paper_symbotic_39_37_gp_5_symbotic_agents_170_test_5.out.yaml']' timed out after 10.0 seconds",1,0,13.498290538787842
180,14,0,124,,build/fixtures/symbotic_itacbs_normalized/Paper_symbotic_39_37_gp_5/symbotic_agents_180_test_14.yaml,,,,,,,,,,symbotic.map,180,180,5.0,5,5,,14,,0,itacbs,"Command '['third_party/ITA-CBS2/build/ITACBS_remake', '-i', 'build/fixtures/symbotic_itacbs_normalized/Paper_symbotic_39_37_gp_5/symbotic_agents_180_test_14.yaml', '-o', 'build/results/symbotic_exp1_exp2_itacbs_10s_adaptive/rows_itacbs_outputs/Paper_symbotic_39_37_gp_5_symbotic_agents_180_test_14.out.yaml']' timed out after 10.0 seconds",1,0,13.369851350784302
180,1,0,124,,build/fixtures/symbotic_itacbs_normalized/Paper_symbotic_39_37_gp_5/symbotic_agents_180_test_1.yaml,,,,,,,,,,symbotic.map,180,180,5.0,5,5,,1,,0,itacbs,"Command '['third_party/ITA-CBS2/build/ITACBS_remake', '-i', 'build/fixtures/symbotic_itacbs_normalized/Paper_symbotic_39_37_gp_5/symbotic_agents_180_test_1.yaml', '-o', 'build/results/symbotic_exp1_exp2_itacbs_10s_adaptive/rows_itacbs_outputs/Paper_symbotic_39_37_gp_5_symbotic_agents_180_test_1.out.yaml']' timed out after 10.0 seconds",1,0,13.40741491317749
180,12,0,124,,build/fixtures/symbotic_itacbs_normalized/Paper_symbotic_39_37_gp_5/symbotic_agents_180_test_12.yaml,,,,,,,,,,symbotic.map,180,180,5.0,5,5,,12,,0,itacbs,"Command '['third_party/ITA-CBS2/build/ITACBS_remake', '-i', 'build/fixtures/symbotic_itacbs_normalized/Paper_symbotic_39_37_gp_5/symbotic_agents_180_test_12.yaml', '-o', 'build/results/symbotic_exp1_exp2_itacbs_10s_adaptive/rows_itacbs_outputs/Paper_symbotic_39_37_gp_5_symbotic_agents_180_test_12.out.yaml']' timed out after 10.0 seconds",1,0,13.356088638305664
190,1,0,124,,build/fixtures/symbotic_itacbs_normalized/Paper_symbotic_39_37_gp_5/symbotic_agents_190_test_1.yaml,,,,,,,,,,symbotic.map,190,190,5.0,5,5,,1,,0,itacbs,"Command '['third_party/ITA-CBS2/build/ITACBS_remake', '-i', 'build/fixtures/symbotic_itacbs_normalized/Paper_symbotic_39_37_gp_5/symbotic_agents_190_test_1.yaml', '-o', 'build/results/symbotic_exp1_exp2_itacbs_10s_adaptive/rows_itacbs_outputs/Paper_symbotic_39_37_gp_5_symbotic_agents_190_test_1.out.yaml']' timed out after 10.0 seconds",1,0,13.33063292503357
180,15,0,124,,build/fixtures/symbotic_itacbs_normalized/Paper_symbotic_39_37_gp_5/symbotic_agents_180_test_15.yaml,,,,,,,,,,symbotic.map,180,180,5.0,5,5,,15,,0,itacbs,"Command '['third_party/ITA-CBS2/build/ITACBS_remake', '-i', 'build/fixtures/symbotic_itacbs_normalized/Paper_symbotic_39_37_gp_5/symbotic_agents_180_test_15.yaml', '-o', 'build/results/symbotic_exp1_exp2_itacbs_10s_adaptive/rows_itacbs_outputs/Paper_symbotic_39_37_gp_5_symbotic_agents_180_test_15.out.yaml']' timed out after 10.0 seconds",1,0,13.400799036026001
180,7,0,124,,build/fixtures/symbotic_itacbs_normalized/Paper_symbotic_39_37_gp_5/symbotic_agents_180_test_7.yaml,,,,,,,,,,symbotic.map,180,180,5.0,5,5,,7,,0,itacbs,"Command '['third_party/ITA-CBS2/build/ITACBS_remake', '-i', 'build/fixtures/symbotic_itacbs_normalized/Paper_symbotic_39_37_gp_5/symbotic_agents_180_test_7.yaml', '-o', 'build/results/symbotic_exp1_exp2_itacbs_10s_adaptive/rows_itacbs_outputs/Paper_symbotic_39_37_gp_5_symbotic_agents_180_test_7.out.yaml']' timed out after 10.0 seconds",1,0,13.513325214385986
180,11,0,124,,build/fixtures/symbotic_itacbs_normalized/Paper_symbotic_39_37_gp_5/symbotic_agents_180_test_11.yaml,,,,,,,,,,symbotic.map,180,180,5.0,5,5,,11,,0,itacbs,"Command '['third_party/ITA-CBS2/build/ITACBS_remake', '-i', 'build/fixtures/symbotic_itacbs_normalized/Paper_symbotic_39_37_gp_5/symbotic_agents_180_test_11.yaml', '-o', 'build/results/symbotic_exp1_exp2_itacbs_10s_adaptive/rows_itacbs_outputs/Paper_symbotic_39_37_gp_5_symbotic_agents_180_test_11.out.yaml']' timed out after 10.0 seconds",1,0,13.468036651611328
180,17,0,124,,build/fixtures/symbotic_itacbs_normalized/Paper_symbotic_39_37_gp_5/symbotic_agents_180_test_17.yaml,,,,,,,,,,symbotic.map,180,180,5.0,5,5,,17,,0,itacbs,"Command '['third_party/ITA-CBS2/build/ITACBS_remake', '-i', 'build/fixtures/symbotic_itacbs_normalized/Paper_symbotic_39_37_gp_5/symbotic_agents_180_test_17.yaml', '-o', 'build/results/symbotic_exp1_exp2_itacbs_10s_adaptive/rows_itacbs_outputs/Paper_symbotic_39_37_gp_5_symbotic_agents_180_test_17.out.yaml']' timed out after 10.0 seconds",1,0,13.44130825996399
180,18,0,124,,build/fixtures/symbotic_itacbs_normalized/Paper_symbotic_39_37_gp_5/symbotic_agents_180_test_18.yaml,,,,,,,,,,symbotic.map,180,180,5.0,5,5,,18,,0,itacbs,"Command '['third_party/ITA-CBS2/build/ITACBS_remake', '-i', 'build/fixtures/symbotic_itacbs_normalized/Paper_symbotic_39_37_gp_5/symbotic_agents_180_test_18.yaml', '-o', 'build/results/symbotic_exp1_exp2_itacbs_10s_adaptive/rows_itacbs_outputs/Paper_symbotic_39_37_gp_5_symbotic_agents_180_test_18.out.yaml']' timed out after 10.0 seconds",1,0,13.436031818389893
180,10,0,124,,build/fixtures/symbotic_itacbs_normalized/Paper_symbotic_39_37_gp_5/symbotic_agents_180_test_10.yaml,,,,,,,,,,symbotic.map,180,180,5.0,5,5,,10,,0,itacbs,"Command '['third_party/ITA-CBS2/build/ITACBS_remake', '-i', 'build/fixtures/symbotic_itacbs_normalized/Paper_symbotic_39_37_gp_5/symbotic_agents_180_test_10.yaml', '-o', 'build/results/symbotic_exp1_exp2_itacbs_10s_adaptive/rows_itacbs_outputs/Paper_symbotic_39_37_gp_5_symbotic_agents_180_test_10.out.yaml']' timed out after 10.0 seconds",1,0,13.473710775375366
190,3,0,124,,build/fixtures/symbotic_itacbs_normalized/Paper_symbotic_39_37_gp_5/symbotic_agents_190_test_3.yaml,,,,,,,,,,symbotic.map,190,190,5.0,5,5,,3,,0,itacbs,"Command '['third_party/ITA-CBS2/build/ITACBS_remake', '-i', 'build/fixtures/symbotic_itacbs_normalized/Paper_symbotic_39_37_gp_5/symbotic_agents_190_test_3.yaml', '-o', 'build/results/symbotic_exp1_exp2_itacbs_10s_adaptive/rows_itacbs_outputs/Paper_symbotic_39_37_gp_5_symbotic_agents_190_test_3.out.yaml']' timed out after 10.0 seconds",1,0,13.351712226867676
190,6,0,124,,build/fixtures/symbotic_itacbs_normalized/Paper_symbotic_39_37_gp_5/symbotic_agents_190_test_6.yaml,,,,,,,,,,symbotic.map,190,190,5.0,5,5,,6,,0,itacbs,"Command '['third_party/ITA-CBS2/build/ITACBS_remake', '-i', 'build/fixtures/symbotic_itacbs_normalized/Paper_symbotic_39_37_gp_5/symbotic_agents_190_test_6.yaml', '-o', 'build/results/symbotic_exp1_exp2_itacbs_10s_adaptive/rows_itacbs_outputs/Paper_symbotic_39_37_gp_5_symbotic_agents_190_test_6.out.yaml']' timed out after 10.0 seconds",1,0,13.305110692977905
180,5,0,124,,build/fixtures/symbotic_itacbs_normalized/Paper_symbotic_39_37_gp_5/symbotic_agents_180_test_5.yaml,,,,,,,,,,symbotic.map,180,180,5.0,5,5,,5,,0,itacbs,"Command '['third_party/ITA-CBS2/build/ITACBS_remake', '-i', 'build/fixtures/symbotic_itacbs_normalized/Paper_symbotic_39_37_gp_5/symbotic_agents_180_test_5.yaml', '-o', 'build/results/symbotic_exp1_exp2_itacbs_10s_adaptive/rows_itacbs_outputs/Paper_symbotic_39_37_gp_5_symbotic_agents_180_test_5.out.yaml']' timed out after 10.0 seconds",1,0,13.396575689315796
25,19,1,0,,build/fixtures/symbotic_itacbs_normalized/paper_symbotic_39_37_ratio_000/symbotic_agents_25_test_19.yaml,4.04481,18.4833,89205,128.129,275.45799999999997,1,559,577,17,symbotic.map,25,320,16.0,16,16,443.375,19,225,1,itacbs,,0,1,0.639622688293457
190,8,0,124,,build/fixtures/symbotic_itacbs_normalized/Paper_symbotic_39_37_gp_5/symbotic_agents_190_test_8.yaml,,,,,,,,,,symbotic.map,190,190,5.0,5,5,,8,,0,itacbs,"Command '['third_party/ITA-CBS2/build/ITACBS_remake', '-i', 'build/fixtures/symbotic_itacbs_normalized/Paper_symbotic_39_37_gp_5/symbotic_agents_190_test_8.yaml', '-o', 'build/results/symbotic_exp1_exp2_itacbs_10s_adaptive/rows_itacbs_outputs/Paper_symbotic_39_37_gp_5_symbotic_agents_190_test_8.out.yaml']' timed out after 10.0 seconds",1,0,13.249358892440796
170,6,0,124,,build/fixtures/symbotic_itacbs_normalized/Paper_symbotic_39_37_gp_5/symbotic_agents_170_test_6.yaml,,,,,,,,,,symbotic.map,170,170,5.0,5,5,,6,,0,itacbs,"Command '['third_party/ITA-CBS2/build/ITACBS_remake', '-i', 'build/fixtures/symbotic_itacbs_normalized/Paper_symbotic_39_37_gp_5/symbotic_agents_170_test_6.yaml', '-o', 'build/results/symbotic_exp1_exp2_itacbs_10s_adaptive/rows_itacbs_outputs/Paper_symbotic_39_37_gp_5_symbotic_agents_170_test_6.out.yaml']' timed out after 10.0 seconds",1,0,13.595240831375122
180,13,0,124,,build/fixtures/symbotic_itacbs_normalized/Paper_symbotic_39_37_gp_5/symbotic_agents_180_test_13.yaml,,,,,,,,,,symbotic.map,180,180,5.0,5,5,,13,,0,itacbs,"Command '['third_party/ITA-CBS2/build/ITACBS_remake', '-i', 'build/fixtures/symbotic_itacbs_normalized/Paper_symbotic_39_37_gp_5/symbotic_agents_180_test_13.yaml', '-o', 'build/results/symbotic_exp1_exp2_itacbs_10s_adaptive/rows_itacbs_outputs/Paper_symbotic_39_37_gp_5_symbotic_agents_180_test_13.out.yaml']' timed out after 10.0 seconds",1,0,13.418667793273926
170,16,0,124,,build/fixtures/symbotic_itacbs_normalized/Paper_symbotic_39_37_gp_5/symbotic_agents_170_test_16.yaml,,,,,,,,,,symbotic.map,170,170,5.0,5,5,,16,,0,itacbs,"Command '['third_party/ITA-CBS2/build/ITACBS_remake', '-i', 'build/fixtures/symbotic_itacbs_normalized/Paper_symbotic_39_37_gp_5/symbotic_agents_170_test_16.yaml', '-o', 'build/results/symbotic_exp1_exp2_itacbs_10s_adaptive/rows_itacbs_outputs/Paper_symbotic_39_37_gp_5_symbotic_agents_170_test_16.out.yaml']' timed out after 10.0 seconds",1,0,13.60850739479065
190,16,0,124,,build/fixtures/symbotic_itacbs_normalized/Paper_symbotic_39_37_gp_5/symbotic_agents_190_test_16.yaml,,,,,,,,,,symbotic.map,190,190,5.0,5,5,,16,,0,itacbs,"Command '['third_party/ITA-CBS2/build/ITACBS_remake', '-i', 'build/fixtures/symbotic_itacbs_normalized/Paper_symbotic_39_37_gp_5/symbotic_agents_190_test_16.yaml', '-o', 'build/results/symbotic_exp1_exp2_itacbs_10s_adaptive/rows_itacbs_outputs/Paper_symbotic_39_37_gp_5_symbotic_agents_190_test_16.out.yaml']' timed out after 10.0 seconds",1,0,13.24221682548523
190,14,0,124,,build/fixtures/symbotic_itacbs_normalized/Paper_symbotic_39_37_gp_5/symbotic_agents_190_test_14.yaml,,,,,,,,,,symbotic.map,190,190,5.0,5,5,,14,,0,itacbs,"Command '['third_party/ITA-CBS2/build/ITACBS_remake', '-i', 'build/fixtures/symbotic_itacbs_normalized/Paper_symbotic_39_37_gp_5/symbotic_agents_190_test_14.yaml', '-o', 'build/results/symbotic_exp1_exp2_itacbs_10s_adaptive/rows_itacbs_outputs/Paper_symbotic_39_37_gp_5_symbotic_agents_190_test_14.out.yaml']' timed out after 10.0 seconds",1,0,13.305387020111084
190,0,0,124,,build/fixtures/symbotic_itacbs_normalized/Paper_symbotic_39_37_gp_5/symbotic_agents_190_test_0.yaml,,,,,,,,,,symbotic.map,190,190,5.0,5,5,,0,,0,itacbs,"Command '['third_party/ITA-CBS2/build/ITACBS_remake', '-i', 'build/fixtures/symbotic_itacbs_normalized/Paper_symbotic_39_37_gp_5/symbotic_agents_190_test_0.yaml', '-o', 'build/results/symbotic_exp1_exp2_itacbs_10s_adaptive/rows_itacbs_outputs/Paper_symbotic_39_37_gp_5_symbotic_agents_190_test_0.out.yaml']' timed out after 10.0 seconds",1,0,13.35036849975586
180,19,0,124,,build/fixtures/symbotic_itacbs_normalized/Paper_symbotic_39_37_gp_5/symbotic_agents_180_test_19.yaml,,,,,,,,,,symbotic.map,180,180,5.0,5,5,,19,,0,itacbs,"Command '['third_party/ITA-CBS2/build/ITACBS_remake', '-i', 'build/fixtures/symbotic_itacbs_normalized/Paper_symbotic_39_37_gp_5/symbotic_agents_180_test_19.yaml', '-o', 'build/results/symbotic_exp1_exp2_itacbs_10s_adaptive/rows_itacbs_outputs/Paper_symbotic_39_37_gp_5_symbotic_agents_180_test_19.out.yaml']' timed out after 10.0 seconds",1,0,13.420575618743896
190,11,0,124,,build/fixtures/symbotic_itacbs_normalized/Paper_symbotic_39_37_gp_5/symbotic_agents_190_test_11.yaml,,,,,,,,,,symbotic.map,190,190,5.0,5,5,,11,,0,itacbs,"Command '['third_party/ITA-CBS2/build/ITACBS_remake', '-i', 'build/fixtures/symbotic_itacbs_normalized/Paper_symbotic_39_37_gp_5/symbotic_agents_190_test_11.yaml', '-o', 'build/results/symbotic_exp1_exp2_itacbs_10s_adaptive/rows_itacbs_outputs/Paper_symbotic_39_37_gp_5_symbotic_agents_190_test_11.out.yaml']' timed out after 10.0 seconds",1,0,13.350145101547241
190,7,0,124,,build/fixtures/symbotic_itacbs_normalized/Paper_symbotic_39_37_gp_5/symbotic_agents_190_test_7.yaml,,,,,,,,,,symbotic.map,190,190,5.0,5,5,,7,,0,itacbs,"Command '['third_party/ITA-CBS2/build/ITACBS_remake', '-i', 'build/fixtures/symbotic_itacbs_normalized/Paper_symbotic_39_37_gp_5/symbotic_agents_190_test_7.yaml', '-o', 'build/results/symbotic_exp1_exp2_itacbs_10s_adaptive/rows_itacbs_outputs/Paper_symbotic_39_37_gp_5_symbotic_agents_190_test_7.out.yaml']' timed out after 10.0 seconds",1,0,13.371135234832764
190,12,0,124,,build/fixtures/symbotic_itacbs_normalized/Paper_symbotic_39_37_gp_5/symbotic_agents_190_test_12.yaml,,,,,,,,,,symbotic.map,190,190,5.0,5,5,,12,,0,itacbs,"Command '['third_party/ITA-CBS2/build/ITACBS_remake', '-i', 'build/fixtures/symbotic_itacbs_normalized/Paper_symbotic_39_37_gp_5/symbotic_agents_190_test_12.yaml', '-o', 'build/results/symbotic_exp1_exp2_itacbs_10s_adaptive/rows_itacbs_outputs/Paper_symbotic_39_37_gp_5_symbotic_agents_190_test_12.out.yaml']' timed out after 10.0 seconds",1,0,13.339096784591675
190,2,0,124,,build/fixtures/symbotic_itacbs_normalized/Paper_symbotic_39_37_gp_5/symbotic_agents_190_test_2.yaml,,,,,,,,,,symbotic.map,190,190,5.0,5,5,,2,,0,itacbs,"Command '['third_party/ITA-CBS2/build/ITACBS_remake', '-i', 'build/fixtures/symbotic_itacbs_normalized/Paper_symbotic_39_37_gp_5/symbotic_agents_190_test_2.yaml', '-o', 'build/results/symbotic_exp1_exp2_itacbs_10s_adaptive/rows_itacbs_outputs/Paper_symbotic_39_37_gp_5_symbotic_agents_190_test_2.out.yaml']' timed out after 10.0 seconds",1,0,13.420427083969116
190,10,0,124,,build/fixtures/symbotic_itacbs_normalized/Paper_symbotic_39_37_gp_5/symbotic_agents_190_test_10.yaml,,,,,,,,,,symbotic.map,190,190,5.0,5,5,,10,,0,itacbs,"Command '['third_party/ITA-CBS2/build/ITACBS_remake', '-i', 'build/fixtures/symbotic_itacbs_normalized/Paper_symbotic_39_37_gp_5/symbotic_agents_190_test_10.yaml', '-o', 'build/results/symbotic_exp1_exp2_itacbs_10s_adaptive/rows_itacbs_outputs/Paper_symbotic_39_37_gp_5_symbotic_agents_190_test_10.out.yaml']' timed out after 10.0 seconds",1,0,13.376651763916016
190,15,0,124,,build/fixtures/symbotic_itacbs_normalized/Paper_symbotic_39_37_gp_5/symbotic_agents_190_test_15.yaml,,,,,,,,,,symbotic.map,190,190,5.0,5,5,,15,,0,itacbs,"Command '['third_party/ITA-CBS2/build/ITACBS_remake', '-i', 'build/fixtures/symbotic_itacbs_normalized/Paper_symbotic_39_37_gp_5/symbotic_agents_190_test_15.yaml', '-o', 'build/results/symbotic_exp1_exp2_itacbs_10s_adaptive/rows_itacbs_outputs/Paper_symbotic_39_37_gp_5_symbotic_agents_190_test_15.out.yaml']' timed out after 10.0 seconds",1,0,13.277580499649048
190,13,0,124,,build/fixtures/symbotic_itacbs_normalized/Paper_symbotic_39_37_gp_5/symbotic_agents_190_test_13.yaml,,,,,,,,,,symbotic.map,190,190,5.0,5,5,,13,,0,itacbs,"Command '['third_party/ITA-CBS2/build/ITACBS_remake', '-i', 'build/fixtures/symbotic_itacbs_normalized/Paper_symbotic_39_37_gp_5/symbotic_agents_190_test_13.yaml', '-o', 'build/results/symbotic_exp1_exp2_itacbs_10s_adaptive/rows_itacbs_outputs/Paper_symbotic_39_37_gp_5_symbotic_agents_190_test_13.out.yaml']' timed out after 10.0 seconds",1,0,13.344942092895508
190,5,0,124,,build/fixtures/symbotic_itacbs_normalized/Paper_symbotic_39_37_gp_5/symbotic_agents_190_test_5.yaml,,,,,,,,,,symbotic.map,190,190,5.0,5,5,,5,,0,itacbs,"Command '['third_party/ITA-CBS2/build/ITACBS_remake', '-i', 'build/fixtures/symbotic_itacbs_normalized/Paper_symbotic_39_37_gp_5/symbotic_agents_190_test_5.yaml', '-o', 'build/results/symbotic_exp1_exp2_itacbs_10s_adaptive/rows_itacbs_outputs/Paper_symbotic_39_37_gp_5_symbotic_agents_190_test_5.out.yaml']' timed out after 10.0 seconds",1,0,13.426541566848755
190,4,0,124,,build/fixtures/symbotic_itacbs_normalized/Paper_symbotic_39_37_gp_5/symbotic_agents_190_test_4.yaml,,,,,,,,,,symbotic.map,190,190,5.0,5,5,,4,,0,itacbs,"Command '['third_party/ITA-CBS2/build/ITACBS_remake', '-i', 'build/fixtures/symbotic_itacbs_normalized/Paper_symbotic_39_37_gp_5/symbotic_agents_190_test_4.yaml', '-o', 'build/results/symbotic_exp1_exp2_itacbs_10s_adaptive/rows_itacbs_outputs/Paper_symbotic_39_37_gp_5_symbotic_agents_190_test_4.out.yaml']' timed out after 10.0 seconds",1,0,13.39757776260376
190,9,0,124,,build/fixtures/symbotic_itacbs_normalized/Paper_symbotic_39_37_gp_5/symbotic_agents_190_test_9.yaml,,,,,,,,,,symbotic.map,190,190,5.0,5,5,,9,,0,itacbs,"Command '['third_party/ITA-CBS2/build/ITACBS_remake', '-i', 'build/fixtures/symbotic_itacbs_normalized/Paper_symbotic_39_37_gp_5/symbotic_agents_190_test_9.yaml', '-o', 'build/results/symbotic_exp1_exp2_itacbs_10s_adaptive/rows_itacbs_outputs/Paper_symbotic_39_37_gp_5_symbotic_agents_190_test_9.out.yaml']' timed out after 10.0 seconds",1,0,13.278095722198486
30,15,1,0,,build/fixtures/symbotic_itacbs_normalized/paper_symbotic_39_37_ratio_000/symbotic_agents_30_test_15.yaml,1.59327,6.67288,26553,39.7331,75.7525,8,102,113,20,symbotic.map,30,368,16.0,16,16,128.63,15,241,1,itacbs,,0,1,0.24756908416748047
30,1,1,0,,build/fixtures/symbotic_itacbs_normalized/paper_symbotic_39_37_ratio_000/symbotic_agents_30_test_1.yaml,2.902,11.820300000000001,62169,100.664,280.54699999999997,81,394,433,17,symbotic.map,30,370,16.0,16,16,411.088,1,202,1,itacbs,,0,1,0.5973398685455322
190,17,0,124,,build/fixtures/symbotic_itacbs_normalized/Paper_symbotic_39_37_gp_5/symbotic_agents_190_test_17.yaml,,,,,,,,,,symbotic.map,190,190,5.0,5,5,,17,,0,itacbs,"Command '['third_party/ITA-CBS2/build/ITACBS_remake', '-i', 'build/fixtures/symbotic_itacbs_normalized/Paper_symbotic_39_37_gp_5/symbotic_agents_190_test_17.yaml', '-o', 'build/results/symbotic_exp1_exp2_itacbs_10s_adaptive/rows_itacbs_outputs/Paper_symbotic_39_37_gp_5_symbotic_agents_190_test_17.out.yaml']' timed out after 10.0 seconds",1,0,12.839550971984863
25,0,1,0,,build/fixtures/symbotic_itacbs_normalized/paper_symbotic_39_37_ratio_000/symbotic_agents_25_test_0.yaml,4.27254,19.1882,98405,496.97400000000005,702.6719999999999,236,536,539,19,symbotic.map,25,312,16.0,16,16,1279.69,0,225,1,itacbs,,0,1,1.6874914169311523
30,4,1,0,,build/fixtures/symbotic_itacbs_normalized/paper_symbotic_39_37_ratio_000/symbotic_agents_30_test_4.yaml,2.82913,11.4215,34202,104.811,310.738,16,340,411,15,symbotic.map,30,364,16.0,16,16,444.44,4,210,1,itacbs,,0,1,0.6412441730499268
25,11,1,0,,build/fixtures/symbotic_itacbs_normalized/paper_symbotic_39_37_ratio_000/symbotic_agents_25_test_11.yaml,6.85694,49.1619,150203,199.836,692.9300000000001,7,1421,1425,21,symbotic.map,25,317,16.0,16,16,986.424,11,227,1,itacbs,,0,1,1.3786633014678955
35,0,1,0,,build/fixtures/symbotic_itacbs_normalized/paper_symbotic_39_37_ratio_000/symbotic_agents_35_test_0.yaml,1.4207,4.85834,24343,44.3637,93.4397,5,63,73,16,symbotic.map,35,408,16.0,16,16,148.921,0,264,1,itacbs,,0,1,0.23305678367614746
25,8,1,0,,build/fixtures/symbotic_itacbs_normalized/paper_symbotic_39_37_ratio_000/symbotic_agents_25_test_8.yaml,11.594999999999999,60.1629,102174,423.474,828.779,92,442,483,23,symbotic.map,25,316,16.0,16,16,1371.66,8,191,1,itacbs,,0,1,1.6018822193145752
35,14,1,0,,build/fixtures/symbotic_itacbs_normalized/paper_symbotic_39_37_ratio_000/symbotic_agents_35_test_14.yaml,1.2439,2.33897,18129,36.509100000000004,20.4623,6,20,23,21,symbotic.map,35,411,16.0,16,16,64.03,14,299,1,itacbs,,0,1,0.13528800010681152
30,13,1,0,,build/fixtures/symbotic_itacbs_normalized/paper_symbotic_39_37_ratio_000/symbotic_agents_30_test_13.yaml,3.4777,16.5506,157083,244.972,395.515,37,546,547,16,symbotic.map,30,370,16.0,16,16,686.409,13,263,1,itacbs,,0,1,0.7841124534606934
35,18,1,0,,build/fixtures/symbotic_itacbs_normalized/paper_symbotic_39_37_ratio_000/symbotic_agents_35_test_18.yaml,3.7584799999999996,8.20575,37683,68.3844,91.86139999999999,26,153,163,18,symbotic.map,35,402,16.0,16,16,183.555,18,278,1,itacbs,,0,1,0.26819610595703125
30,14,1,0,,build/fixtures/symbotic_itacbs_normalized/paper_symbotic_39_37_ratio_000/symbotic_agents_30_test_14.yaml,9.03383,56.9499,148638,213.25900000000001,540.413,281,778,859,20,symbotic.map,30,364,16.0,16,16,871.084,14,283,1,itacbs,,0,1,1.0227172374725342
30,16,1,0,,build/fixtures/symbotic_itacbs_normalized/paper_symbotic_39_37_ratio_000/symbotic_agents_30_test_16.yaml,5.25795,35.5025,145053,208.28,481.105,67,727,735,21,symbotic.map,30,377,16.0,16,16,773.634,16,254,1,itacbs,,0,1,0.9227936267852783
40,17,1,0,,build/fixtures/symbotic_itacbs_normalized/paper_symbotic_39_37_ratio_000/symbotic_agents_40_test_17.yaml,8.30175,18.502000000000002,64023,116.355,322.84499999999997,66,275,323,25,symbotic.map,40,456,16.0,16,16,498.634,17,286,1,itacbs,,0,1,0.6279559135437012
30,18,1,0,,build/fixtures/symbotic_itacbs_normalized/paper_symbotic_39_37_ratio_000/symbotic_agents_30_test_18.yaml,7.45507,55.4918,205180,393.69100000000003,649.065,169,914,1021,19,symbotic.map,30,358,16.0,16,16,1171.88,18,213,1,itacbs,,0,1,1.3589403629302979
40,15,1,0,,build/fixtures/symbotic_itacbs_normalized/paper_symbotic_39_37_ratio_000/symbotic_agents_40_test_15.yaml,4.24191,41.4103,84781,159.736,432.722,37,402,441,18,symbotic.map,40,435,16.0,16,16,685.26,15,323,1,itacbs,,0,1,0.8139660358428955
40,14,1,0,,build/fixtures/symbotic_itacbs_normalized/paper_symbotic_39_37_ratio_000/symbotic_agents_40_test_14.yaml,6.43467,54.1764,116134,220.34400000000002,712.293,80,570,687,23,symbotic.map,40,455,16.0,16,16,1096.26,14,296,1,itacbs,,0,1,1.272498369216919
40,2,1,0,,build/fixtures/symbotic_itacbs_normalized/paper_symbotic_39_37_ratio_000/symbotic_agents_40_test_2.yaml,19.016499999999997,111.36200000000001,194249,365.993,1172.22,440,1059,1207,18,symbotic.map,40,450,16.0,16,16,1807.01,2,334,1,itacbs,,0,1,2.105741262435913
25,6,1,0,,build/fixtures/symbotic_itacbs_normalized/paper_symbotic_39_37_ratio_000/symbotic_agents_25_test_6.yaml,16.1742,95.0685,473496,1045.11,2288.65,564,3068,3429,16,symbotic.map,25,317,16.0,16,16,3671.38,6,199,1,itacbs,,0,1,4.0804033279418945
190,18,0,124,,build/fixtures/symbotic_itacbs_normalized/Paper_symbotic_39_37_gp_5/symbotic_agents_190_test_18.yaml,,,,,,,,,,symbotic.map,190,190,5.0,5,5,,18,,0,itacbs,"Command '['third_party/ITA-CBS2/build/ITACBS_remake', '-i', 'build/fixtures/symbotic_itacbs_normalized/Paper_symbotic_39_37_gp_5/symbotic_agents_190_test_18.yaml', '-o', 'build/results/symbotic_exp1_exp2_itacbs_10s_adaptive/rows_itacbs_outputs/Paper_symbotic_39_37_gp_5_symbotic_agents_190_test_18.out.yaml']' timed out after 10.0 seconds",1,0,11.053224325180054
35,1,1,0,,build/fixtures/symbotic_itacbs_normalized/paper_symbotic_39_37_ratio_000/symbotic_agents_35_test_1.yaml,17.468500000000002,175.662,503371,795.885,1621.21,515,1800,1981,18,symbotic.map,35,404,16.0,16,16,2833.0299999999997,1,280,1,itacbs,,0,1,3.202972173690796
200,0,0,124,,build/fixtures/symbotic_itacbs_normalized/Paper_symbotic_39_37_gp_5/symbotic_agents_200_test_0.yaml,,,,,,,,,,symbotic.map,200,200,5.0,5,5,,0,,0,itacbs,"Command '['third_party/ITA-CBS2/build/ITACBS_remake', '-i', 'build/fixtures/symbotic_itacbs_normalized/Paper_symbotic_39_37_gp_5/symbotic_agents_200_test_0.yaml', '-o', 'build/results/symbotic_exp1_exp2_itacbs_10s_adaptive/rows_itacbs_outputs/Paper_symbotic_39_37_gp_5_symbotic_agents_200_test_0.out.yaml']' timed out after 10.0 seconds",1,0,10.94415020942688
190,19,0,124,,build/fixtures/symbotic_itacbs_normalized/Paper_symbotic_39_37_gp_5/symbotic_agents_190_test_19.yaml,,,,,,,,,,symbotic.map,190,190,5.0,5,5,,19,,0,itacbs,"Command '['third_party/ITA-CBS2/build/ITACBS_remake', '-i', 'build/fixtures/symbotic_itacbs_normalized/Paper_symbotic_39_37_gp_5/symbotic_agents_190_test_19.yaml', '-o', 'build/results/symbotic_exp1_exp2_itacbs_10s_adaptive/rows_itacbs_outputs/Paper_symbotic_39_37_gp_5_symbotic_agents_190_test_19.out.yaml']' timed out after 10.0 seconds",1,0,11.13610553741455
30,17,1,0,,build/fixtures/symbotic_itacbs_normalized/paper_symbotic_39_37_ratio_000/symbotic_agents_30_test_17.yaml,18.8233,121.73100000000001,531324,957.68,2043.4999999999998,2,2935,3147,17,symbotic.map,30,366,16.0,16,16,3359.56,17,214,1,itacbs,,0,1,3.7788913249969482
50,7,1,0,,build/fixtures/symbotic_itacbs_normalized/paper_symbotic_39_37_ratio_000/symbotic_agents_50_test_7.yaml,13.714799999999999,182.155,198647,400.018,1714.89,120,1020,1161,18,symbotic.map,50,537,16.0,16,16,2481.2,7,396,1,itacbs,,0,1,2.852240562438965
30,7,1,0,,build/fixtures/symbotic_itacbs_normalized/paper_symbotic_39_37_ratio_000/symbotic_agents_30_test_7.yaml,19.872700000000002,185.417,638413,958.844,2230.99,263,3010,3457,18,symbotic.map,30,369,16.0,16,16,3606.68,7,234,1,itacbs,,0,1,4.05779242515564
25,15,1,0,,build/fixtures/symbotic_itacbs_normalized/paper_symbotic_39_37_ratio_000/symbotic_agents_25_test_15.yaml,56.166599999999995,294.26099999999997,622119,1013.97,2560.36,514,3955,4219,21,symbotic.map,25,314,16.0,16,16,4150.33,15,205,1,itacbs,,0,1,4.64362645149231
200,1,0,124,,build/fixtures/symbotic_itacbs_normalized/Paper_symbotic_39_37_gp_5/symbotic_agents_200_test_1.yaml,,,,,,,,,,symbotic.map,200,200,5.0,5,5,,1,,0,itacbs,"Command '['third_party/ITA-CBS2/build/ITACBS_remake', '-i', 'build/fixtures/symbotic_itacbs_normalized/Paper_symbotic_39_37_gp_5/symbotic_agents_200_test_1.yaml', '-o', 'build/results/symbotic_exp1_exp2_itacbs_10s_adaptive/rows_itacbs_outputs/Paper_symbotic_39_37_gp_5_symbotic_agents_200_test_1.out.yaml']' timed out after 10.0 seconds",1,0,11.226513147354126
30,3,1,0,,build/fixtures/symbotic_itacbs_normalized/paper_symbotic_39_37_ratio_000/symbotic_agents_30_test_3.yaml,167.554,214.375,965527,1392.28,2151.96,925,3177,3589,17,symbotic.map,30,353,16.0,16,16,4131.400000000001,3,220,1,itacbs,,0,1,4.597162961959839
200,2,0,124,,build/fixtures/symbotic_itacbs_normalized/Paper_symbotic_39_37_gp_5/symbotic_agents_200_test_2.yaml,,,,,,,,,,symbotic.map,200,200,5.0,5,5,,2,,0,itacbs,"Command '['third_party/ITA-CBS2/build/ITACBS_remake', '-i', 'build/fixtures/symbotic_itacbs_normalized/Paper_symbotic_39_37_gp_5/symbotic_agents_200_test_2.yaml', '-o', 'build/results/symbotic_exp1_exp2_itacbs_10s_adaptive/rows_itacbs_outputs/Paper_symbotic_39_37_gp_5_symbotic_agents_200_test_2.out.yaml']' timed out after 10.0 seconds",1,0,11.254862785339355
200,9,0,124,,build/fixtures/symbotic_itacbs_normalized/Paper_symbotic_39_37_gp_5/symbotic_agents_200_test_9.yaml,,,,,,,,,,symbotic.map,200,200,5.0,5,5,,9,,0,itacbs,"Command '['third_party/ITA-CBS2/build/ITACBS_remake', '-i', 'build/fixtures/symbotic_itacbs_normalized/Paper_symbotic_39_37_gp_5/symbotic_agents_200_test_9.yaml', '-o', 'build/results/symbotic_exp1_exp2_itacbs_10s_adaptive/rows_itacbs_outputs/Paper_symbotic_39_37_gp_5_symbotic_agents_200_test_9.out.yaml']' timed out after 10.0 seconds",1,0,11.007674932479858
200,3,0,124,,build/fixtures/symbotic_itacbs_normalized/Paper_symbotic_39_37_gp_5/symbotic_agents_200_test_3.yaml,,,,,,,,,,symbotic.map,200,200,5.0,5,5,,3,,0,itacbs,"Command '['third_party/ITA-CBS2/build/ITACBS_remake', '-i', 'build/fixtures/symbotic_itacbs_normalized/Paper_symbotic_39_37_gp_5/symbotic_agents_200_test_3.yaml', '-o', 'build/results/symbotic_exp1_exp2_itacbs_10s_adaptive/rows_itacbs_outputs/Paper_symbotic_39_37_gp_5_symbotic_agents_200_test_3.out.yaml']' timed out after 10.0 seconds",1,0,11.2752103805542
200,6,0,124,,build/fixtures/symbotic_itacbs_normalized/Paper_symbotic_39_37_gp_5/symbotic_agents_200_test_6.yaml,,,,,,,,,,symbotic.map,200,200,5.0,5,5,,6,,0,itacbs,"Command '['third_party/ITA-CBS2/build/ITACBS_remake', '-i', 'build/fixtures/symbotic_itacbs_normalized/Paper_symbotic_39_37_gp_5/symbotic_agents_200_test_6.yaml', '-o', 'build/results/symbotic_exp1_exp2_itacbs_10s_adaptive/rows_itacbs_outputs/Paper_symbotic_39_37_gp_5_symbotic_agents_200_test_6.out.yaml']' timed out after 10.0 seconds",1,0,11.2949059009552
200,4,0,124,,build/fixtures/symbotic_itacbs_normalized/Paper_symbotic_39_37_gp_5/symbotic_agents_200_test_4.yaml,,,,,,,,,,symbotic.map,200,200,5.0,5,5,,4,,0,itacbs,"Command '['third_party/ITA-CBS2/build/ITACBS_remake', '-i', 'build/fixtures/symbotic_itacbs_normalized/Paper_symbotic_39_37_gp_5/symbotic_agents_200_test_4.yaml', '-o', 'build/results/symbotic_exp1_exp2_itacbs_10s_adaptive/rows_itacbs_outputs/Paper_symbotic_39_37_gp_5_symbotic_agents_200_test_4.out.yaml']' timed out after 10.0 seconds",1,0,11.295090913772583
200,5,0,124,,build/fixtures/symbotic_itacbs_normalized/Paper_symbotic_39_37_gp_5/symbotic_agents_200_test_5.yaml,,,,,,,,,,symbotic.map,200,200,5.0,5,5,,5,,0,itacbs,"Command '['third_party/ITA-CBS2/build/ITACBS_remake', '-i', 'build/fixtures/symbotic_itacbs_normalized/Paper_symbotic_39_37_gp_5/symbotic_agents_200_test_5.yaml', '-o', 'build/results/symbotic_exp1_exp2_itacbs_10s_adaptive/rows_itacbs_outputs/Paper_symbotic_39_37_gp_5_symbotic_agents_200_test_5.out.yaml']' timed out after 10.0 seconds",1,0,11.293288946151733
200,7,0,124,,build/fixtures/symbotic_itacbs_normalized/Paper_symbotic_39_37_gp_5/symbotic_agents_200_test_7.yaml,,,,,,,,,,symbotic.map,200,200,5.0,5,5,,7,,0,itacbs,"Command '['third_party/ITA-CBS2/build/ITACBS_remake', '-i', 'build/fixtures/symbotic_itacbs_normalized/Paper_symbotic_39_37_gp_5/symbotic_agents_200_test_7.yaml', '-o', 'build/results/symbotic_exp1_exp2_itacbs_10s_adaptive/rows_itacbs_outputs/Paper_symbotic_39_37_gp_5_symbotic_agents_200_test_7.out.yaml']' timed out after 10.0 seconds",1,0,11.238946199417114
200,8,0,124,,build/fixtures/symbotic_itacbs_normalized/Paper_symbotic_39_37_gp_5/symbotic_agents_200_test_8.yaml,,,,,,,,,,symbotic.map,200,200,5.0,5,5,,8,,0,itacbs,"Command '['third_party/ITA-CBS2/build/ITACBS_remake', '-i', 'build/fixtures/symbotic_itacbs_normalized/Paper_symbotic_39_37_gp_5/symbotic_agents_200_test_8.yaml', '-o', 'build/results/symbotic_exp1_exp2_itacbs_10s_adaptive/rows_itacbs_outputs/Paper_symbotic_39_37_gp_5_symbotic_agents_200_test_8.out.yaml']' timed out after 10.0 seconds",1,0,11.265336513519287
200,10,0,124,,build/fixtures/symbotic_itacbs_normalized/Paper_symbotic_39_37_gp_5/symbotic_agents_200_test_10.yaml,,,,,,,,,,symbotic.map,200,200,5.0,5,5,,10,,0,itacbs,"Command '['third_party/ITA-CBS2/build/ITACBS_remake', '-i', 'build/fixtures/symbotic_itacbs_normalized/Paper_symbotic_39_37_gp_5/symbotic_agents_200_test_10.yaml', '-o', 'build/results/symbotic_exp1_exp2_itacbs_10s_adaptive/rows_itacbs_outputs/Paper_symbotic_39_37_gp_5_symbotic_agents_200_test_10.out.yaml']' timed out after 10.0 seconds",1,0,11.236541748046875
35,9,1,0,,build/fixtures/symbotic_itacbs_normalized/paper_symbotic_39_37_ratio_000/symbotic_agents_35_test_9.yaml,21.999100000000002,216.78,740490,1281.0,2354.8900000000003,544,2673,2845,21,symbotic.map,35,408,16.0,16,16,4039.1199999999994,9,335,1,itacbs,,0,1,4.570891380310059
200,11,0,124,,build/fixtures/symbotic_itacbs_normalized/Paper_symbotic_39_37_gp_5/symbotic_agents_200_test_11.yaml,,,,,,,,,,symbotic.map,200,200,5.0,5,5,,11,,0,itacbs,"Command '['third_party/ITA-CBS2/build/ITACBS_remake', '-i', 'build/fixtures/symbotic_itacbs_normalized/Paper_symbotic_39_37_gp_5/symbotic_agents_200_test_11.yaml', '-o', 'build/results/symbotic_exp1_exp2_itacbs_10s_adaptive/rows_itacbs_outputs/Paper_symbotic_39_37_gp_5_symbotic_agents_200_test_11.out.yaml']' timed out after 10.0 seconds",1,0,11.257856130599976
200,12,0,124,,build/fixtures/symbotic_itacbs_normalized/Paper_symbotic_39_37_gp_5/symbotic_agents_200_test_12.yaml,,,,,,,,,,symbotic.map,200,200,5.0,5,5,,12,,0,itacbs,"Command '['third_party/ITA-CBS2/build/ITACBS_remake', '-i', 'build/fixtures/symbotic_itacbs_normalized/Paper_symbotic_39_37_gp_5/symbotic_agents_200_test_12.yaml', '-o', 'build/results/symbotic_exp1_exp2_itacbs_10s_adaptive/rows_itacbs_outputs/Paper_symbotic_39_37_gp_5_symbotic_agents_200_test_12.out.yaml']' timed out after 10.0 seconds",1,0,11.192712306976318
200,13,0,124,,build/fixtures/symbotic_itacbs_normalized/Paper_symbotic_39_37_gp_5/symbotic_agents_200_test_13.yaml,,,,,,,,,,symbotic.map,200,200,5.0,5,5,,13,,0,itacbs,"Command '['third_party/ITA-CBS2/build/ITACBS_remake', '-i', 'build/fixtures/symbotic_itacbs_normalized/Paper_symbotic_39_37_gp_5/symbotic_agents_200_test_13.yaml', '-o', 'build/results/symbotic_exp1_exp2_itacbs_10s_adaptive/rows_itacbs_outputs/Paper_symbotic_39_37_gp_5_symbotic_agents_200_test_13.out.yaml']' timed out after 10.0 seconds",1,0,11.210510492324829
35,17,1,0,,build/fixtures/symbotic_itacbs_normalized/paper_symbotic_39_37_ratio_000/symbotic_agents_35_test_17.yaml,19.0078,203.391,971753,1560.94,2710.33,438,2368,3239,21,symbotic.map,35,421,16.0,16,16,4720.33,17,339,1,itacbs,,0,1,5.2444915771484375
200,14,0,124,,build/fixtures/symbotic_itacbs_normalized/Paper_symbotic_39_37_gp_5/symbotic_agents_200_test_14.yaml,,,,,,,,,,symbotic.map,200,200,5.0,5,5,,14,,0,itacbs,"Command '['third_party/ITA-CBS2/build/ITACBS_remake', '-i', 'build/fixtures/symbotic_itacbs_normalized/Paper_symbotic_39_37_gp_5/symbotic_agents_200_test_14.yaml', '-o', 'build/results/symbotic_exp1_exp2_itacbs_10s_adaptive/rows_itacbs_outputs/Paper_symbotic_39_37_gp_5_symbotic_agents_200_test_14.out.yaml']' timed out after 10.0 seconds",1,0,11.001430988311768
200,15,0,124,,build/fixtures/symbotic_itacbs_normalized/Paper_symbotic_39_37_gp_5/symbotic_agents_200_test_15.yaml,,,,,,,,,,symbotic.map,200,200,5.0,5,5,,15,,0,itacbs,"Command '['third_party/ITA-CBS2/build/ITACBS_remake', '-i', 'build/fixtures/symbotic_itacbs_normalized/Paper_symbotic_39_37_gp_5/symbotic_agents_200_test_15.yaml', '-o', 'build/results/symbotic_exp1_exp2_itacbs_10s_adaptive/rows_itacbs_outputs/Paper_symbotic_39_37_gp_5_symbotic_agents_200_test_15.out.yaml']' timed out after 10.0 seconds",1,0,11.00349736213684
200,16,0,124,,build/fixtures/symbotic_itacbs_normalized/Paper_symbotic_39_37_gp_5/symbotic_agents_200_test_16.yaml,,,,,,,,,,symbotic.map,200,200,5.0,5,5,,16,,0,itacbs,"Command '['third_party/ITA-CBS2/build/ITACBS_remake', '-i', 'build/fixtures/symbotic_itacbs_normalized/Paper_symbotic_39_37_gp_5/symbotic_agents_200_test_16.yaml', '-o', 'build/results/symbotic_exp1_exp2_itacbs_10s_adaptive/rows_itacbs_outputs/Paper_symbotic_39_37_gp_5_symbotic_agents_200_test_16.out.yaml']' timed out after 10.0 seconds",1,0,11.108189821243286
20,15,1,0,,build/fixtures/symbotic_itacbs_normalized/paper_symbotic_39_37_ratio_000/symbotic_agents_20_test_15.yaml,31.686600000000002,258.91999999999996,2848805,3947.26,3067.5,123,7286,7291,22,symbotic.map,20,267,16.0,16,16,7707.99,15,171,1,itacbs,,0,1,8.203677415847778
200,17,0,124,,build/fixtures/symbotic_itacbs_normalized/Paper_symbotic_39_37_gp_5/symbotic_agents_200_test_17.yaml,,,,,,,,,,symbotic.map,200,200,5.0,5,5,,17,,0,itacbs,"Command '['third_party/ITA-CBS2/build/ITACBS_remake', '-i', 'build/fixtures/symbotic_itacbs_normalized/Paper_symbotic_39_37_gp_5/symbotic_agents_200_test_17.yaml', '-o', 'build/results/symbotic_exp1_exp2_itacbs_10s_adaptive/rows_itacbs_outputs/Paper_symbotic_39_37_gp_5_symbotic_agents_200_test_17.out.yaml']' timed out after 10.0 seconds",1,0,11.19842529296875
200,18,0,124,,build/fixtures/symbotic_itacbs_normalized/Paper_symbotic_39_37_gp_5/symbotic_agents_200_test_18.yaml,,,,,,,,,,symbotic.map,200,200,5.0,5,5,,18,,0,itacbs,"Command '['third_party/ITA-CBS2/build/ITACBS_remake', '-i', 'build/fixtures/symbotic_itacbs_normalized/Paper_symbotic_39_37_gp_5/symbotic_agents_200_test_18.yaml', '-o', 'build/results/symbotic_exp1_exp2_itacbs_10s_adaptive/rows_itacbs_outputs/Paper_symbotic_39_37_gp_5_symbotic_agents_200_test_18.out.yaml']' timed out after 10.0 seconds",1,0,10.887076139450073
200,19,0,124,,build/fixtures/symbotic_itacbs_normalized/Paper_symbotic_39_37_gp_5/symbotic_agents_200_test_19.yaml,,,,,,,,,,symbotic.map,200,200,5.0,5,5,,19,,0,itacbs,"Command '['third_party/ITA-CBS2/build/ITACBS_remake', '-i', 'build/fixtures/symbotic_itacbs_normalized/Paper_symbotic_39_37_gp_5/symbotic_agents_200_test_19.yaml', '-o', 'build/results/symbotic_exp1_exp2_itacbs_10s_adaptive/rows_itacbs_outputs/Paper_symbotic_39_37_gp_5_symbotic_agents_200_test_19.out.yaml']' timed out after 10.0 seconds",1,0,11.041485071182251
35,7,1,0,,build/fixtures/symbotic_itacbs_normalized/paper_symbotic_39_37_ratio_000/symbotic_agents_35_test_7.yaml,43.0306,410.74699999999996,641501,1127.3999999999999,4391.02,1484,5082,5167,18,symbotic.map,35,423,16.0,16,16,6405.719999999999,7,299,1,itacbs,,0,1,7.0897252559661865
20,10,0,124,,build/fixtures/symbotic_itacbs_normalized/paper_symbotic_39_37_ratio_000/symbotic_agents_20_test_10.yaml,,,,,,,,,,symbotic.map,20,266,16.0,16,16,,10,,0,itacbs,"Command '['third_party/ITA-CBS2/build/ITACBS_remake', '-i', 'build/fixtures/symbotic_itacbs_normalized/paper_symbotic_39_37_ratio_000/symbotic_agents_20_test_10.yaml', '-o', 'build/results/symbotic_exp1_exp2_itacbs_10s_adaptive/rows_itacbs_outputs/paper_symbotic_39_37_ratio_000_symbotic_agents_20_test_10.out.yaml']' timed out after 10.0 seconds",1,0,10.616198539733887
25,2,0,124,,build/fixtures/symbotic_itacbs_normalized/paper_symbotic_39_37_ratio_000/symbotic_agents_25_test_2.yaml,,,,,,,,,,symbotic.map,25,317,16.0,16,16,,2,,0,itacbs,"Command '['third_party/ITA-CBS2/build/ITACBS_remake', '-i', 'build/fixtures/symbotic_itacbs_normalized/paper_symbotic_39_37_ratio_000/symbotic_agents_25_test_2.yaml', '-o', 'build/results/symbotic_exp1_exp2_itacbs_10s_adaptive/rows_itacbs_outputs/paper_symbotic_39_37_ratio_000_symbotic_agents_25_test_2.out.yaml']' timed out after 10.0 seconds",1,0,10.315858125686646
25,7,0,124,,build/fixtures/symbotic_itacbs_normalized/paper_symbotic_39_37_ratio_000/symbotic_agents_25_test_7.yaml,,,,,,,,,,symbotic.map,25,320,16.0,16,16,,7,,0,itacbs,"Command '['third_party/ITA-CBS2/build/ITACBS_remake', '-i', 'build/fixtures/symbotic_itacbs_normalized/paper_symbotic_39_37_ratio_000/symbotic_agents_25_test_7.yaml', '-o', 'build/results/symbotic_exp1_exp2_itacbs_10s_adaptive/rows_itacbs_outputs/paper_symbotic_39_37_ratio_000_symbotic_agents_25_test_7.out.yaml']' timed out after 10.0 seconds",1,0,10.259987115859985
45,3,1,0,,build/fixtures/symbotic_itacbs_normalized/paper_symbotic_39_37_ratio_000/symbotic_agents_45_test_3.yaml,34.1929,396.903,675091,1392.1699999999998,4886.76,650,3199,4119,22,symbotic.map,45,466,16.0,16,16,7750.51,3,361,1,itacbs,,0,1,8.106430292129517
35,19,1,0,,build/fixtures/symbotic_itacbs_normalized/paper_symbotic_39_37_ratio_000/symbotic_agents_35_test_19.yaml,43.0735,425.08099999999996,908075,1663.46,5429.04,400,5434,6303,18,symbotic.map,35,426,16.0,16,16,8177.9,19,299,1,itacbs,,0,1,8.50335168838501
15,0,1,0,,build/fixtures/symbotic_itacbs_normalized/paper_symbotic_39_37_ratio_030/symbotic_agents_15_test_0.yaml,0.114678,0.052069,7095,6.51729,0.000451,0,1,1,14,symbotic.map,15,168,16.0,16,16,6.7652399999999995,0,105,1,itacbs,,0,1,0.02462911605834961
15,1,1,0,,build/fixtures/symbotic_itacbs_normalized/paper_symbotic_39_37_ratio_030/symbotic_agents_15_test_1.yaml,0.369471,0.091914,7347,7.94219,0.12542799999999998,0,2,3,22,symbotic.map,15,162,16.0,16,16,8.65438,1,119,1,itacbs,,0,1,0.032097578048706055
25,14,0,124,,build/fixtures/symbotic_itacbs_normalized/paper_symbotic_39_37_ratio_000/symbotic_agents_25_test_14.yaml,,,,,,,,,,symbotic.map,25,316,16.0,16,16,,14,,0,itacbs,"Command '['third_party/ITA-CBS2/build/ITACBS_remake', '-i', 'build/fixtures/symbotic_itacbs_normalized/paper_symbotic_39_37_ratio_000/symbotic_agents_25_test_14.yaml', '-o', 'build/results/symbotic_exp1_exp2_itacbs_10s_adaptive/rows_itacbs_outputs/paper_symbotic_39_37_ratio_000_symbotic_agents_25_test_14.out.yaml']' timed out after 10.0 seconds",1,0,10.381966590881348
15,2,1,0,,build/fixtures/symbotic_itacbs_normalized/paper_symbotic_39_37_ratio_030/symbotic_agents_15_test_2.yaml,0.185722,0.15623599999999999,7999,16.617900000000002,0.093246,1,4,5,18,symbotic.map,15,167,16.0,16,16,17.5248,2,121,1,itacbs,,0,1,0.04919600486755371
15,3,1,0,,build/fixtures/symbotic_itacbs_normalized/paper_symbotic_39_37_ratio_030/symbotic_agents_15_test_3.yaml,0.666996,0.10016,6854,8.894549999999999,0.256527,0,3,3,19,symbotic.map,15,168,16.0,16,16,10.1409,3,155,1,itacbs,,0,1,0.06781363487243652
15,4,1,0,,build/fixtures/symbotic_itacbs_normalized/paper_symbotic_39_37_ratio_030/symbotic_agents_15_test_4.yaml,0.5519379999999999,0.087035,6567,10.8326,0.00019,0,1,1,23,symbotic.map,15,169,16.0,16,16,12.287899999999999,4,119,1,itacbs,,0,1,0.10413336753845215
15,5,1,0,,build/fixtures/symbotic_itacbs_normalized/paper_symbotic_39_37_ratio_030/symbotic_agents_15_test_5.yaml,0.631279,0.214736,12311,29.5639,4.17819,3,26,29,13,symbotic.map,15,171,16.0,16,16,35.9356,5,69,1,itacbs,,0,1,0.08870339393615723
15,6,1,0,,build/fixtures/symbotic_itacbs_normalized/paper_symbotic_39_37_ratio_030/symbotic_agents_15_test_6.yaml,0.24446500000000002,0.054984,7421,9.49034,0.000211,0,1,1,15,symbotic.map,15,169,16.0,16,16,10.172799999999999,6,99,1,itacbs,,0,1,0.06911897659301758
15,7,1,0,,build/fixtures/symbotic_itacbs_normalized/paper_symbotic_39_37_ratio_030/symbotic_agents_15_test_7.yaml,0.44282,0.049213,6648,9.599210000000001,0.00017999999999999998,0,1,1,14,symbotic.map,15,167,16.0,16,16,10.763399999999999,7,118,1,itacbs,,0,1,0.054949045181274414
15,8,1,0,,build/fixtures/symbotic_itacbs_normalized/paper_symbotic_39_37_ratio_030/symbotic_agents_15_test_8.yaml,0.636339,0.051037,6710,11.6177,0.00035999999999999997,0,1,1,12,symbotic.map,15,167,16.0,16,16,12.9906,8,91,1,itacbs,,0,1,0.0576171875
15,10,1,0,,build/fixtures/symbotic_itacbs_normalized/paper_symbotic_39_37_ratio_030/symbotic_agents_15_test_10.yaml,0.389521,0.42418700000000004,10705,16.1844,2.7185400000000004,0,25,27,19,symbotic.map,15,163,16.0,16,16,20.7314,10,138,1,itacbs,,0,1,0.06230449676513672
15,11,1,0,,build/fixtures/symbotic_itacbs_normalized/paper_symbotic_39_37_ratio_030/symbotic_agents_15_test_11.yaml,0.251928,0.118935,6898,12.7274,7.027839999999999,3,7,7,13,symbotic.map,15,165,16.0,16,16,21.1919,11,104,1,itacbs,,0,1,0.055892229080200195
15,9,1,0,,build/fixtures/symbotic_itacbs_normalized/paper_symbotic_39_37_ratio_030/symbotic_agents_15_test_9.yaml,0.849348,3.34454,30300,55.0172,131.11100000000002,48,151,161,15,symbotic.map,15,172,16.0,16,16,195.332,9,137,1,itacbs,,0,1,0.25621461868286133
15,13,1,0,,build/fixtures/symbotic_itacbs_normalized/paper_symbotic_39_37_ratio_030/symbotic_agents_15_test_13.yaml,0.656327,0.052961,7138,11.9803,0.0006209999999999999,0,1,1,15,symbotic.map,15,170,16.0,16,16,13.0213,13,104,1,itacbs,,0,1,0.04875946044921875
15,14,1,0,,build/fixtures/symbotic_itacbs_normalized/paper_symbotic_39_37_ratio_030/symbotic_agents_15_test_14.yaml,0.6583910000000001,0.316692,11919,27.124100000000002,14.449,0,30,33,14,symbotic.map,15,174,16.0,16,16,43.6294,14,100,1,itacbs,,0,1,0.11728930473327637
15,15,1,0,,build/fixtures/symbotic_itacbs_normalized/paper_symbotic_39_37_ratio_030/symbotic_agents_15_test_15.yaml,0.73171,1.98919,19567,30.7691,26.6142,23,125,147,15,symbotic.map,15,163,16.0,16,16,64.02850000000001,15,104,1,itacbs,,0,1,0.14067864418029785
15,12,1,0,,build/fixtures/symbotic_itacbs_normalized/paper_symbotic_39_37_ratio_030/symbotic_agents_15_test_12.yaml,2.2381599999999997,3.56488,153542,225.892,83.3744,10,435,435,18,symbotic.map,15,166,16.0,16,16,325.62,12,142,1,itacbs,,0,1,0.4236476421356201
30,6,0,124,,build/fixtures/symbotic_itacbs_normalized/paper_symbotic_39_37_ratio_000/symbotic_agents_30_test_6.yaml,,,,,,,,,,symbotic.map,30,370,16.0,16,16,,6,,0,itacbs,"Command '['third_party/ITA-CBS2/build/ITACBS_remake', '-i', 'build/fixtures/symbotic_itacbs_normalized/paper_symbotic_39_37_ratio_000/symbotic_agents_30_test_6.yaml', '-o', 'build/results/symbotic_exp1_exp2_itacbs_10s_adaptive/rows_itacbs_outputs/paper_symbotic_39_37_ratio_000_symbotic_agents_30_test_6.out.yaml']' timed out after 10.0 seconds",1,0,11.317327976226807
30,0,0,124,,build/fixtures/symbotic_itacbs_normalized/paper_symbotic_39_37_ratio_000/symbotic_agents_30_test_0.yaml,,,,,,,,,,symbotic.map,30,378,16.0,16,16,,0,,0,itacbs,"Command '['third_party/ITA-CBS2/build/ITACBS_remake', '-i', 'build/fixtures/symbotic_itacbs_normalized/paper_symbotic_39_37_ratio_000/symbotic_agents_30_test_0.yaml', '-o', 'build/results/symbotic_exp1_exp2_itacbs_10s_adaptive/rows_itacbs_outputs/paper_symbotic_39_37_ratio_000_symbotic_agents_30_test_0.out.yaml']' timed out after 10.0 seconds",1,0,11.571516990661621
15,17,1,0,,build/fixtures/symbotic_itacbs_normalized/paper_symbotic_39_37_ratio_030/symbotic_agents_15_test_17.yaml,0.147251,0.136148,7250,11.0355,0.336169,1,3,3,22,symbotic.map,15,161,16.0,16,16,12.169599999999999,17,129,1,itacbs,,0,1,0.07531070709228516
15,19,1,0,,build/fixtures/symbotic_itacbs_normalized/paper_symbotic_39_37_ratio_030/symbotic_agents_15_test_19.yaml,0.17454,0.11305499999999999,7344,12.1321,0.659332,2,5,5,16,symbotic.map,15,166,16.0,16,16,13.9444,19,90,1,itacbs,,0,1,0.06419181823730469
30,2,0,124,,build/fixtures/symbotic_itacbs_normalized/paper_symbotic_39_37_ratio_000/symbotic_agents_30_test_2.yaml,,,,,,,,,,symbotic.map,30,357,16.0,16,16,,2,,0,itacbs,"Command '['third_party/ITA-CBS2/build/ITACBS_remake', '-i', 'build/fixtures/symbotic_itacbs_normalized/paper_symbotic_39_37_ratio_000/symbotic_agents_30_test_2.yaml', '-o', 'build/results/symbotic_exp1_exp2_itacbs_10s_adaptive/rows_itacbs_outputs/paper_symbotic_39_37_ratio_000_symbotic_agents_30_test_2.out.yaml']' timed out after 10.0 seconds",1,0,11.77338457107544
15,16,1,0,,build/fixtures/symbotic_itacbs_normalized/paper_symbotic_39_37_ratio_030/symbotic_agents_15_test_16.yaml,0.156506,0.149254,8269,44.8881,1.2800699999999998,1,7,7,19,symbotic.map,15,165,16.0,16,16,47.0906,16,143,1,itacbs,,0,1,0.148345947265625
30,9,0,124,,build/fixtures/symbotic_itacbs_normalized/paper_symbotic_39_37_ratio_000/symbotic_agents_30_test_9.yaml,,,,,,,,,,symbotic.map,30,366,16.0,16,16,,9,,0,itacbs,"Command '['third_party/ITA-CBS2/build/ITACBS_remake', '-i', 'build/fixtures/symbotic_itacbs_normalized/paper_symbotic_39_37_ratio_000/symbotic_agents_30_test_9.yaml', '-o', 'build/results/symbotic_exp1_exp2_itacbs_10s_adaptive/rows_itacbs_outputs/paper_symbotic_39_37_ratio_000_symbotic_agents_30_test_9.out.yaml']' timed out after 10.0 seconds",1,0,11.898882627487183
20,1,1,0,,build/fixtures/symbotic_itacbs_normalized/paper_symbotic_39_37_ratio_030/symbotic_agents_20_test_1.yaml,1.85102,0.229446,9624,17.9887,3.23821,1,12,13,16,symbotic.map,20,214,16.0,16,16,24.4588,1,151,1,itacbs,,0,1,0.08257555961608887
20,2,1,0,,build/fixtures/symbotic_itacbs_normalized/paper_symbotic_39_37_ratio_030/symbotic_agents_20_test_2.yaml,0.599379,0.486834,10623,17.2566,2.18559,5,9,9,25,symbotic.map,20,215,16.0,16,16,21.504700000000003,2,178,1,itacbs,,0,1,0.07927894592285156
20,5,1,0,,build/fixtures/symbotic_itacbs_normalized/paper_symbotic_39_37_ratio_030/symbotic_agents_20_test_5.yaml,0.659102,0.090362,8203,13.799199999999999,0.00022,0,1,1,14,symbotic.map,20,220,16.0,16,16,15.4166,5,138,1,itacbs,,0,1,0.09734153747558594
20,3,1,0,,build/fixtures/symbotic_itacbs_normalized/paper_symbotic_39_37_ratio_030/symbotic_agents_20_test_3.yaml,0.747089,0.459433,10418,15.91,2.7037400000000003,3,9,9,21,symbotic.map,20,214,16.0,16,16,21.1942,3,173,1,itacbs,,0,1,0.09724020957946777
20,6,1,0,,build/fixtures/symbotic_itacbs_normalized/paper_symbotic_39_37_ratio_030/symbotic_agents_20_test_6.yaml,0.7394940000000001,0.149573,9597,15.268699999999999,1.30033,0,5,5,19,symbotic.map,20,217,16.0,16,16,18.377299999999998,6,146,1,itacbs,,0,1,0.13051581382751465
20,7,1,0,,build/fixtures/symbotic_itacbs_normalized/paper_symbotic_39_37_ratio_030/symbotic_agents_20_test_7.yaml,0.9970420000000001,0.471568,12122,27.3948,26.5734,2,21,21,16,symbotic.map,20,217,16.0,16,16,56.68,7,147,1,itacbs,,0,1,0.1606922149658203
20,4,1,0,,build/fixtures/symbotic_itacbs_normalized/paper_symbotic_39_37_ratio_030/symbotic_agents_20_test_4.yaml,0.47906,0.14057699999999998,8676,13.986,0.00022,0,1,1,22,symbotic.map,20,210,16.0,16,16,15.448,4,157,1,itacbs,,0,1,0.08169293403625488
15,18,1,0,,build/fixtures/symbotic_itacbs_normalized/paper_symbotic_39_37_ratio_030/symbotic_agents_15_test_18.yaml,3.68651,29.1907,221944,356.517,297.65999999999997,107,1270,1621,18,symbotic.map,15,161,16.0,16,16,723.465,18,130,1,itacbs,,0,1,0.9722464084625244
30,19,0,124,,build/fixtures/symbotic_itacbs_normalized/paper_symbotic_39_37_ratio_000/symbotic_agents_30_test_19.yaml,,,,,,,,,,symbotic.map,30,375,16.0,16,16,,19,,0,itacbs,"Command '['third_party/ITA-CBS2/build/ITACBS_remake', '-i', 'build/fixtures/symbotic_itacbs_normalized/paper_symbotic_39_37_ratio_000/symbotic_agents_30_test_19.yaml', '-o', 'build/results/symbotic_exp1_exp2_itacbs_10s_adaptive/rows_itacbs_outputs/paper_symbotic_39_37_ratio_000_symbotic_agents_30_test_19.out.yaml']' timed out after 10.0 seconds",1,0,12.3915696144104
20,13,1,0,,build/fixtures/symbotic_itacbs_normalized/paper_symbotic_39_37_ratio_030/symbotic_agents_20_test_13.yaml,1.6417599999999999,1.7295399999999999,14321,21.8169,13.136999999999999,2,40,45,22,symbotic.map,20,212,16.0,16,16,40.2846,13,175,1,itacbs,,0,1,0.1391899585723877
20,10,1,0,,build/fixtures/symbotic_itacbs_normalized/paper_symbotic_39_37_ratio_030/symbotic_agents_20_test_10.yaml,0.315729,0.369401,9139,22.9463,1.8899299999999999,4,9,9,17,symbotic.map,20,211,16.0,16,16,26.5906,10,140,1,itacbs,,0,1,0.16180872917175293
30,12,0,124,,build/fixtures/symbotic_itacbs_normalized/paper_symbotic_39_37_ratio_000/symbotic_agents_30_test_12.yaml,,,,,,,,,,symbotic.map,30,373,16.0,16,16,,12,,0,itacbs,"Command '['third_party/ITA-CBS2/build/ITACBS_remake', '-i', 'build/fixtures/symbotic_itacbs_normalized/paper_symbotic_39_37_ratio_000/symbotic_agents_30_test_12.yaml', '-o', 'build/results/symbotic_exp1_exp2_itacbs_10s_adaptive/rows_itacbs_outputs/paper_symbotic_39_37_ratio_000_symbotic_agents_30_test_12.out.yaml']' timed out after 10.0 seconds",1,0,12.841712236404419
20,14,1,0,,build/fixtures/symbotic_itacbs_normalized/paper_symbotic_39_37_ratio_030/symbotic_agents_20_test_14.yaml,0.285352,0.338702,9433,13.945,3.9418300000000004,0,12,13,22,symbotic.map,20,219,16.0,16,16,19.4987,14,191,1,itacbs,,0,1,0.10282540321350098
20,9,1,0,,build/fixtures/symbotic_itacbs_normalized/paper_symbotic_39_37_ratio_030/symbotic_agents_20_test_9.yaml,0.46815700000000005,0.195741,9436,31.465100000000003,1.6015000000000001,2,7,7,16,symbotic.map,20,209,16.0,16,16,45.0272,9,149,1,itacbs,,0,1,0.17035412788391113
20,12,1,0,,build/fixtures/symbotic_itacbs_normalized/paper_symbotic_39_37_ratio_030/symbotic_agents_20_test_12.yaml,1.4362000000000001,0.320459,10364,64.8352,27.0056,2,9,9,15,symbotic.map,20,213,16.0,16,16,94.3673,12,129,1,itacbs,,0,1,0.26052021980285645
20,18,1,0,,build/fixtures/symbotic_itacbs_normalized/paper_symbotic_39_37_ratio_030/symbotic_agents_20_test_18.yaml,0.605822,0.509968,11093,16.3808,2.4982699999999998,6,9,9,20,symbotic.map,20,213,16.0,16,16,20.6991,18,177,1,itacbs,,0,1,0.07370448112487793
20,16,1,0,,build/fixtures/symbotic_itacbs_normalized/paper_symbotic_39_37_ratio_030/symbotic_agents_20_test_16.yaml,0.25676699999999997,0.116,10129,16.057100000000002,1.0829,1,5,5,15,symbotic.map,20,216,16.0,16,16,18.013,16,160,1,itacbs,,0,1,0.07143974304199219
35,8,0,124,,build/fixtures/symbotic_itacbs_normalized/paper_symbotic_39_37_ratio_000/symbotic_agents_35_test_8.yaml,,,,,,,,,,symbotic.map,35,400,16.0,16,16,,8,,0,itacbs,"Command '['third_party/ITA-CBS2/build/ITACBS_remake', '-i', 'build/fixtures/symbotic_itacbs_normalized/paper_symbotic_39_37_ratio_000/symbotic_agents_35_test_8.yaml', '-o', 'build/results/symbotic_exp1_exp2_itacbs_10s_adaptive/rows_itacbs_outputs/paper_symbotic_39_37_ratio_000_symbotic_agents_35_test_8.out.yaml']' timed out after 10.0 seconds",1,0,12.962824583053589
20,19,1,0,,build/fixtures/symbotic_itacbs_normalized/paper_symbotic_39_37_ratio_030/symbotic_agents_20_test_19.yaml,1.1475199999999999,0.49458,13690,20.5841,8.303980000000001,3,22,27,19,symbotic.map,20,219,16.0,16,16,31.834099999999996,19,181,1,itacbs,,0,1,0.09106302261352539
20,15,1,0,,build/fixtures/symbotic_itacbs_normalized/paper_symbotic_39_37_ratio_030/symbotic_agents_20_test_15.yaml,1.5173299999999998,0.766546,13887,62.3839,20.4097,2,31,31,17,symbotic.map,20,220,16.0,16,16,86.55839999999999,15,178,1,itacbs,,0,1,0.24090862274169922
20,17,1,0,,build/fixtures/symbotic_itacbs_normalized/paper_symbotic_39_37_ratio_030/symbotic_agents_20_test_17.yaml,0.8166519999999999,0.235376,9064,35.270999999999994,1.30779,1,5,5,20,symbotic.map,20,209,16.0,16,16,38.2823,17,163,1,itacbs,,0,1,0.1782543659210205
35,3,0,124,,build/fixtures/symbotic_itacbs_normalized/paper_symbotic_39_37_ratio_000/symbotic_agents_35_test_3.yaml,,,,,,,,,,symbotic.map,35,418,16.0,16,16,,3,,0,itacbs,"Command '['third_party/ITA-CBS2/build/ITACBS_remake', '-i', 'build/fixtures/symbotic_itacbs_normalized/paper_symbotic_39_37_ratio_000/symbotic_agents_35_test_3.yaml', '-o', 'build/results/symbotic_exp1_exp2_itacbs_10s_adaptive/rows_itacbs_outputs/paper_symbotic_39_37_ratio_000_symbotic_agents_35_test_3.out.yaml']' timed out after 10.0 seconds",1,0,13.227614402770996
35,2,0,124,,build/fixtures/symbotic_itacbs_normalized/paper_symbotic_39_37_ratio_000/symbotic_agents_35_test_2.yaml,,,,,,,,,,symbotic.map,35,408,16.0,16,16,,2,,0,itacbs,"Command '['third_party/ITA-CBS2/build/ITACBS_remake', '-i', 'build/fixtures/symbotic_itacbs_normalized/paper_symbotic_39_37_ratio_000/symbotic_agents_35_test_2.yaml', '-o', 'build/results/symbotic_exp1_exp2_itacbs_10s_adaptive/rows_itacbs_outputs/paper_symbotic_39_37_ratio_000_symbotic_agents_35_test_2.out.yaml']' timed out after 10.0 seconds",1,0,13.442623376846313
35,15,0,124,,build/fixtures/symbotic_itacbs_normalized/paper_symbotic_39_37_ratio_000/symbotic_agents_35_test_15.yaml,,,,,,,,,,symbotic.map,35,402,16.0,16,16,,15,,0,itacbs,"Command '['third_party/ITA-CBS2/build/ITACBS_remake', '-i', 'build/fixtures/symbotic_itacbs_normalized/paper_symbotic_39_37_ratio_000/symbotic_agents_35_test_15.yaml', '-o', 'build/results/symbotic_exp1_exp2_itacbs_10s_adaptive/rows_itacbs_outputs/paper_symbotic_39_37_ratio_000_symbotic_agents_35_test_15.out.yaml']' timed out after 10.0 seconds",1,0,13.22316312789917
35,10,0,124,,build/fixtures/symbotic_itacbs_normalized/paper_symbotic_39_37_ratio_000/symbotic_agents_35_test_10.yaml,,,,,,,,,,symbotic.map,35,402,16.0,16,16,,10,,0,itacbs,"Command '['third_party/ITA-CBS2/build/ITACBS_remake', '-i', 'build/fixtures/symbotic_itacbs_normalized/paper_symbotic_39_37_ratio_000/symbotic_agents_35_test_10.yaml', '-o', 'build/results/symbotic_exp1_exp2_itacbs_10s_adaptive/rows_itacbs_outputs/paper_symbotic_39_37_ratio_000_symbotic_agents_35_test_10.out.yaml']' timed out after 10.0 seconds",1,0,13.327253818511963
25,1,1,0,,build/fixtures/symbotic_itacbs_normalized/paper_symbotic_39_37_ratio_030/symbotic_agents_25_test_1.yaml,1.6840799999999998,0.5013310000000001,12709,18.2824,4.53603,2,10,11,24,symbotic.map,25,253,16.0,16,16,26.0585,1,216,1,itacbs,,0,1,0.10607004165649414
25,2,1,0,,build/fixtures/symbotic_itacbs_normalized/paper_symbotic_39_37_ratio_030/symbotic_agents_25_test_2.yaml,1.04717,0.240116,11606,17.789099999999998,0.658991,1,2,3,18,symbotic.map,25,255,16.0,16,16,21.0194,2,228,1,itacbs,,0,1,0.11806511878967285
35,4,0,124,,build/fixtures/symbotic_itacbs_normalized/paper_symbotic_39_37_ratio_000/symbotic_agents_35_test_4.yaml,,,,,,,,,,symbotic.map,35,409,16.0,16,16,,4,,0,itacbs,"Command '['third_party/ITA-CBS2/build/ITACBS_remake', '-i', 'build/fixtures/symbotic_itacbs_normalized/paper_symbotic_39_37_ratio_000/symbotic_agents_35_test_4.yaml', '-o', 'build/results/symbotic_exp1_exp2_itacbs_10s_adaptive/rows_itacbs_outputs/paper_symbotic_39_37_ratio_000_symbotic_agents_35_test_4.out.yaml']' timed out after 10.0 seconds",1,0,13.472544193267822
35,16,0,124,,build/fixtures/symbotic_itacbs_normalized/paper_symbotic_39_37_ratio_000/symbotic_agents_35_test_16.yaml,,,,,,,,,,symbotic.map,35,408,16.0,16,16,,16,,0,itacbs,"Command '['third_party/ITA-CBS2/build/ITACBS_remake', '-i', 'build/fixtures/symbotic_itacbs_normalized/paper_symbotic_39_37_ratio_000/symbotic_agents_35_test_16.yaml', '-o', 'build/results/symbotic_exp1_exp2_itacbs_10s_adaptive/rows_itacbs_outputs/paper_symbotic_39_37_ratio_000_symbotic_agents_35_test_16.out.yaml']' timed out after 10.0 seconds",1,0,13.288883209228516
25,3,1,0,,build/fixtures/symbotic_itacbs_normalized/paper_symbotic_39_37_ratio_030/symbotic_agents_25_test_3.yaml,0.39477,0.628793,12339,18.599600000000002,4.2816,4,9,11,24,symbotic.map,25,256,16.0,16,16,25.2647,3,212,1,itacbs,,0,1,0.08823537826538086
35,13,0,124,,build/fixtures/symbotic_itacbs_normalized/paper_symbotic_39_37_ratio_000/symbotic_agents_35_test_13.yaml,,,,,,,,,,symbotic.map,35,410,16.0,16,16,,13,,0,itacbs,"Command '['third_party/ITA-CBS2/build/ITACBS_remake', '-i', 'build/fixtures/symbotic_itacbs_normalized/paper_symbotic_39_37_ratio_000/symbotic_agents_35_test_13.yaml', '-o', 'build/results/symbotic_exp1_exp2_itacbs_10s_adaptive/rows_itacbs_outputs/paper_symbotic_39_37_ratio_000_symbotic_agents_35_test_13.out.yaml']' timed out after 10.0 seconds",1,0,13.446993589401245
35,6,0,124,,build/fixtures/symbotic_itacbs_normalized/paper_symbotic_39_37_ratio_000/symbotic_agents_35_test_6.yaml,,,,,,,,,,symbotic.map,35,397,16.0,16,16,,6,,0,itacbs,"Command '['third_party/ITA-CBS2/build/ITACBS_remake', '-i', 'build/fixtures/symbotic_itacbs_normalized/paper_symbotic_39_37_ratio_000/symbotic_agents_35_test_6.yaml', '-o', 'build/results/symbotic_exp1_exp2_itacbs_10s_adaptive/rows_itacbs_outputs/paper_symbotic_39_37_ratio_000_symbotic_agents_35_test_6.out.yaml']' timed out after 10.0 seconds",1,0,13.561381101608276
35,5,0,124,,build/fixtures/symbotic_itacbs_normalized/paper_symbotic_39_37_ratio_000/symbotic_agents_35_test_5.yaml,,,,,,,,,,symbotic.map,35,386,16.0,16,16,,5,,0,itacbs,"Command '['third_party/ITA-CBS2/build/ITACBS_remake', '-i', 'build/fixtures/symbotic_itacbs_normalized/paper_symbotic_39_37_ratio_000/symbotic_agents_35_test_5.yaml', '-o', 'build/results/symbotic_exp1_exp2_itacbs_10s_adaptive/rows_itacbs_outputs/paper_symbotic_39_37_ratio_000_symbotic_agents_35_test_5.out.yaml']' timed out after 10.0 seconds",1,0,13.501100778579712
40,10,0,124,,build/fixtures/symbotic_itacbs_normalized/paper_symbotic_39_37_ratio_000/symbotic_agents_40_test_10.yaml,,,,,,,,,,symbotic.map,40,459,16.0,16,16,,10,,0,itacbs,"Command '['third_party/ITA-CBS2/build/ITACBS_remake', '-i', 'build/fixtures/symbotic_itacbs_normalized/paper_symbotic_39_37_ratio_000/symbotic_agents_40_test_10.yaml', '-o', 'build/results/symbotic_exp1_exp2_itacbs_10s_adaptive/rows_itacbs_outputs/paper_symbotic_39_37_ratio_000_symbotic_agents_40_test_10.out.yaml']' timed out after 10.0 seconds",1,0,13.341991424560547
35,12,0,124,,build/fixtures/symbotic_itacbs_normalized/paper_symbotic_39_37_ratio_000/symbotic_agents_35_test_12.yaml,,,,,,,,,,symbotic.map,35,406,16.0,16,16,,12,,0,itacbs,"Command '['third_party/ITA-CBS2/build/ITACBS_remake', '-i', 'build/fixtures/symbotic_itacbs_normalized/paper_symbotic_39_37_ratio_000/symbotic_agents_35_test_12.yaml', '-o', 'build/results/symbotic_exp1_exp2_itacbs_10s_adaptive/rows_itacbs_outputs/paper_symbotic_39_37_ratio_000_symbotic_agents_35_test_12.out.yaml']' timed out after 10.0 seconds",1,0,13.540689706802368
40,1,0,124,,build/fixtures/symbotic_itacbs_normalized/paper_symbotic_39_37_ratio_000/symbotic_agents_40_test_1.yaml,,,,,,,,,,symbotic.map,40,457,16.0,16,16,,1,,0,itacbs,"Command '['third_party/ITA-CBS2/build/ITACBS_remake', '-i', 'build/fixtures/symbotic_itacbs_normalized/paper_symbotic_39_37_ratio_000/symbotic_agents_40_test_1.yaml', '-o', 'build/results/symbotic_exp1_exp2_itacbs_10s_adaptive/rows_itacbs_outputs/paper_symbotic_39_37_ratio_000_symbotic_agents_40_test_1.out.yaml']' timed out after 10.0 seconds",1,0,13.511420965194702
40,6,0,124,,build/fixtures/symbotic_itacbs_normalized/paper_symbotic_39_37_ratio_000/symbotic_agents_40_test_6.yaml,,,,,,,,,,symbotic.map,40,440,16.0,16,16,,6,,0,itacbs,"Command '['third_party/ITA-CBS2/build/ITACBS_remake', '-i', 'build/fixtures/symbotic_itacbs_normalized/paper_symbotic_39_37_ratio_000/symbotic_agents_40_test_6.yaml', '-o', 'build/results/symbotic_exp1_exp2_itacbs_10s_adaptive/rows_itacbs_outputs/paper_symbotic_39_37_ratio_000_symbotic_agents_40_test_6.out.yaml']' timed out after 10.0 seconds",1,0,13.479832410812378
40,11,0,124,,build/fixtures/symbotic_itacbs_normalized/paper_symbotic_39_37_ratio_000/symbotic_agents_40_test_11.yaml,,,,,,,,,,symbotic.map,40,445,16.0,16,16,,11,,0,itacbs,"Command '['third_party/ITA-CBS2/build/ITACBS_remake', '-i', 'build/fixtures/symbotic_itacbs_normalized/paper_symbotic_39_37_ratio_000/symbotic_agents_40_test_11.yaml', '-o', 'build/results/symbotic_exp1_exp2_itacbs_10s_adaptive/rows_itacbs_outputs/paper_symbotic_39_37_ratio_000_symbotic_agents_40_test_11.out.yaml']' timed out after 10.0 seconds",1,0,13.464265823364258
40,0,0,124,,build/fixtures/symbotic_itacbs_normalized/paper_symbotic_39_37_ratio_000/symbotic_agents_40_test_0.yaml,,,,,,,,,,symbotic.map,40,447,16.0,16,16,,0,,0,itacbs,"Command '['third_party/ITA-CBS2/build/ITACBS_remake', '-i', 'build/fixtures/symbotic_itacbs_normalized/paper_symbotic_39_37_ratio_000/symbotic_agents_40_test_0.yaml', '-o', 'build/results/symbotic_exp1_exp2_itacbs_10s_adaptive/rows_itacbs_outputs/paper_symbotic_39_37_ratio_000_symbotic_agents_40_test_0.out.yaml']' timed out after 10.0 seconds",1,0,13.457647800445557
40,4,0,124,,build/fixtures/symbotic_itacbs_normalized/paper_symbotic_39_37_ratio_000/symbotic_agents_40_test_4.yaml,,,,,,,,,,symbotic.map,40,462,16.0,16,16,,4,,0,itacbs,"Command '['third_party/ITA-CBS2/build/ITACBS_remake', '-i', 'build/fixtures/symbotic_itacbs_normalized/paper_symbotic_39_37_ratio_000/symbotic_agents_40_test_4.yaml', '-o', 'build/results/symbotic_exp1_exp2_itacbs_10s_adaptive/rows_itacbs_outputs/paper_symbotic_39_37_ratio_000_symbotic_agents_40_test_4.out.yaml']' timed out after 10.0 seconds",1,0,13.538796424865723
45,9,0,124,,build/fixtures/symbotic_itacbs_normalized/paper_symbotic_39_37_ratio_000/symbotic_agents_45_test_9.yaml,,,,,,,,,,symbotic.map,45,497,16.0,16,16,,9,,0,itacbs,"Command '['third_party/ITA-CBS2/build/ITACBS_remake', '-i', 'build/fixtures/symbotic_itacbs_normalized/paper_symbotic_39_37_ratio_000/symbotic_agents_45_test_9.yaml', '-o', 'build/results/symbotic_exp1_exp2_itacbs_10s_adaptive/rows_itacbs_outputs/paper_symbotic_39_37_ratio_000_symbotic_agents_45_test_9.out.yaml']' timed out after 10.0 seconds",1,0,13.363186359405518
40,12,0,124,,build/fixtures/symbotic_itacbs_normalized/paper_symbotic_39_37_ratio_000/symbotic_agents_40_test_12.yaml,,,,,,,,,,symbotic.map,40,455,16.0,16,16,,12,,0,itacbs,"Command '['third_party/ITA-CBS2/build/ITACBS_remake', '-i', 'build/fixtures/symbotic_itacbs_normalized/paper_symbotic_39_37_ratio_000/symbotic_agents_40_test_12.yaml', '-o', 'build/results/symbotic_exp1_exp2_itacbs_10s_adaptive/rows_itacbs_outputs/paper_symbotic_39_37_ratio_000_symbotic_agents_40_test_12.out.yaml']' timed out after 10.0 seconds",1,0,13.566376209259033
45,2,0,124,,build/fixtures/symbotic_itacbs_normalized/paper_symbotic_39_37_ratio_000/symbotic_agents_45_test_2.yaml,,,,,,,,,,symbotic.map,45,488,16.0,16,16,,2,,0,itacbs,"Command '['third_party/ITA-CBS2/build/ITACBS_remake', '-i', 'build/fixtures/symbotic_itacbs_normalized/paper_symbotic_39_37_ratio_000/symbotic_agents_45_test_2.yaml', '-o', 'build/results/symbotic_exp1_exp2_itacbs_10s_adaptive/rows_itacbs_outputs/paper_symbotic_39_37_ratio_000_symbotic_agents_45_test_2.out.yaml']' timed out after 10.0 seconds",1,0,13.491953372955322
45,6,0,124,,build/fixtures/symbotic_itacbs_normalized/paper_symbotic_39_37_ratio_000/symbotic_agents_45_test_6.yaml,,,,,,,,,,symbotic.map,45,470,16.0,16,16,,6,,0,itacbs,"Command '['third_party/ITA-CBS2/build/ITACBS_remake', '-i', 'build/fixtures/symbotic_itacbs_normalized/paper_symbotic_39_37_ratio_000/symbotic_agents_45_test_6.yaml', '-o', 'build/results/symbotic_exp1_exp2_itacbs_10s_adaptive/rows_itacbs_outputs/paper_symbotic_39_37_ratio_000_symbotic_agents_45_test_6.out.yaml']' timed out after 10.0 seconds",1,0,13.491473913192749
35,11,0,124,,build/fixtures/symbotic_itacbs_normalized/paper_symbotic_39_37_ratio_000/symbotic_agents_35_test_11.yaml,,,,,,,,,,symbotic.map,35,414,16.0,16,16,,11,,0,itacbs,"Command '['third_party/ITA-CBS2/build/ITACBS_remake', '-i', 'build/fixtures/symbotic_itacbs_normalized/paper_symbotic_39_37_ratio_000/symbotic_agents_35_test_11.yaml', '-o', 'build/results/symbotic_exp1_exp2_itacbs_10s_adaptive/rows_itacbs_outputs/paper_symbotic_39_37_ratio_000_symbotic_agents_35_test_11.out.yaml']' timed out after 10.0 seconds",1,0,13.689585447311401
45,5,0,124,,build/fixtures/symbotic_itacbs_normalized/paper_symbotic_39_37_ratio_000/symbotic_agents_45_test_5.yaml,,,,,,,,,,symbotic.map,45,483,16.0,16,16,,5,,0,itacbs,"Command '['third_party/ITA-CBS2/build/ITACBS_remake', '-i', 'build/fixtures/symbotic_itacbs_normalized/paper_symbotic_39_37_ratio_000/symbotic_agents_45_test_5.yaml', '-o', 'build/results/symbotic_exp1_exp2_itacbs_10s_adaptive/rows_itacbs_outputs/paper_symbotic_39_37_ratio_000_symbotic_agents_45_test_5.out.yaml']' timed out after 10.0 seconds",1,0,13.529436349868774
45,19,0,124,,build/fixtures/symbotic_itacbs_normalized/paper_symbotic_39_37_ratio_000/symbotic_agents_45_test_19.yaml,,,,,,,,,,symbotic.map,45,490,16.0,16,16,,19,,0,itacbs,"Command '['third_party/ITA-CBS2/build/ITACBS_remake', '-i', 'build/fixtures/symbotic_itacbs_normalized/paper_symbotic_39_37_ratio_000/symbotic_agents_45_test_19.yaml', '-o', 'build/results/symbotic_exp1_exp2_itacbs_10s_adaptive/rows_itacbs_outputs/paper_symbotic_39_37_ratio_000_symbotic_agents_45_test_19.out.yaml']' timed out after 10.0 seconds",1,0,13.46802020072937
40,8,0,124,,build/fixtures/symbotic_itacbs_normalized/paper_symbotic_39_37_ratio_000/symbotic_agents_40_test_8.yaml,,,,,,,,,,symbotic.map,40,457,16.0,16,16,,8,,0,itacbs,"Command '['third_party/ITA-CBS2/build/ITACBS_remake', '-i', 'build/fixtures/symbotic_itacbs_normalized/paper_symbotic_39_37_ratio_000/symbotic_agents_40_test_8.yaml', '-o', 'build/results/symbotic_exp1_exp2_itacbs_10s_adaptive/rows_itacbs_outputs/paper_symbotic_39_37_ratio_000_symbotic_agents_40_test_8.out.yaml']' timed out after 10.0 seconds",1,0,13.651641607284546
25,9,1,0,,build/fixtures/symbotic_itacbs_normalized/paper_symbotic_39_37_ratio_030/symbotic_agents_25_test_9.yaml,0.989247,0.611401,13327,23.022199999999998,6.57784,0,16,17,22,symbotic.map,25,252,16.0,16,16,32.7299,9,185,1,itacbs,,0,1,0.09384751319885254
40,16,0,124,,build/fixtures/symbotic_itacbs_normalized/paper_symbotic_39_37_ratio_000/symbotic_agents_40_test_16.yaml,,,,,,,,,,symbotic.map,40,447,16.0,16,16,,16,,0,itacbs,"Command '['third_party/ITA-CBS2/build/ITACBS_remake', '-i', 'build/fixtures/symbotic_itacbs_normalized/paper_symbotic_39_37_ratio_000/symbotic_agents_40_test_16.yaml', '-o', 'build/results/symbotic_exp1_exp2_itacbs_10s_adaptive/rows_itacbs_outputs/paper_symbotic_39_37_ratio_000_symbotic_agents_40_test_16.out.yaml']' timed out after 10.0 seconds",1,0,13.59846305847168
40,7,0,124,,build/fixtures/symbotic_itacbs_normalized/paper_symbotic_39_37_ratio_000/symbotic_agents_40_test_7.yaml,,,,,,,,,,symbotic.map,40,455,16.0,16,16,,7,,0,itacbs,"Command '['third_party/ITA-CBS2/build/ITACBS_remake', '-i', 'build/fixtures/symbotic_itacbs_normalized/paper_symbotic_39_37_ratio_000/symbotic_agents_40_test_7.yaml', '-o', 'build/results/symbotic_exp1_exp2_itacbs_10s_adaptive/rows_itacbs_outputs/paper_symbotic_39_37_ratio_000_symbotic_agents_40_test_7.out.yaml']' timed out after 10.0 seconds",1,0,13.701071977615356
25,11,1,0,,build/fixtures/symbotic_itacbs_normalized/paper_symbotic_39_37_ratio_030/symbotic_agents_25_test_11.yaml,1.2235,1.0241200000000001,21904,34.457300000000004,17.9272,5,47,47,16,symbotic.map,25,258,16.0,16,16,56.7603,11,209,1,itacbs,,0,1,0.14202451705932617
45,10,0,124,,build/fixtures/symbotic_itacbs_normalized/paper_symbotic_39_37_ratio_000/symbotic_agents_45_test_10.yaml,,,,,,,,,,symbotic.map,45,479,16.0,16,16,,10,,0,itacbs,"Command '['third_party/ITA-CBS2/build/ITACBS_remake', '-i', 'build/fixtures/symbotic_itacbs_normalized/paper_symbotic_39_37_ratio_000/symbotic_agents_45_test_10.yaml', '-o', 'build/results/symbotic_exp1_exp2_itacbs_10s_adaptive/rows_itacbs_outputs/paper_symbotic_39_37_ratio_000_symbotic_agents_45_test_10.out.yaml']' timed out after 10.0 seconds",1,0,13.581387042999268
40,18,0,124,,build/fixtures/symbotic_itacbs_normalized/paper_symbotic_39_37_ratio_000/symbotic_agents_40_test_18.yaml,,,,,,,,,,symbotic.map,40,436,16.0,16,16,,18,,0,itacbs,"Command '['third_party/ITA-CBS2/build/ITACBS_remake', '-i', 'build/fixtures/symbotic_itacbs_normalized/paper_symbotic_39_37_ratio_000/symbotic_agents_40_test_18.yaml', '-o', 'build/results/symbotic_exp1_exp2_itacbs_10s_adaptive/rows_itacbs_outputs/paper_symbotic_39_37_ratio_000_symbotic_agents_40_test_18.out.yaml']' timed out after 10.0 seconds",1,0,13.60912275314331
40,13,0,124,,build/fixtures/symbotic_itacbs_normalized/paper_symbotic_39_37_ratio_000/symbotic_agents_40_test_13.yaml,,,,,,,,,,symbotic.map,40,457,16.0,16,16,,13,,0,itacbs,"Command '['third_party/ITA-CBS2/build/ITACBS_remake', '-i', 'build/fixtures/symbotic_itacbs_normalized/paper_symbotic_39_37_ratio_000/symbotic_agents_40_test_13.yaml', '-o', 'build/results/symbotic_exp1_exp2_itacbs_10s_adaptive/rows_itacbs_outputs/paper_symbotic_39_37_ratio_000_symbotic_agents_40_test_13.out.yaml']' timed out after 10.0 seconds",1,0,13.656287670135498
40,5,0,124,,build/fixtures/symbotic_itacbs_normalized/paper_symbotic_39_37_ratio_000/symbotic_agents_40_test_5.yaml,,,,,,,,,,symbotic.map,40,454,16.0,16,16,,5,,0,itacbs,"Command '['third_party/ITA-CBS2/build/ITACBS_remake', '-i', 'build/fixtures/symbotic_itacbs_normalized/paper_symbotic_39_37_ratio_000/symbotic_agents_40_test_5.yaml', '-o', 'build/results/symbotic_exp1_exp2_itacbs_10s_adaptive/rows_itacbs_outputs/paper_symbotic_39_37_ratio_000_symbotic_agents_40_test_5.out.yaml']' timed out after 10.0 seconds",1,0,13.707670211791992
45,12,0,124,,build/fixtures/symbotic_itacbs_normalized/paper_symbotic_39_37_ratio_000/symbotic_agents_45_test_12.yaml,,,,,,,,,,symbotic.map,45,465,16.0,16,16,,12,,0,itacbs,"Command '['third_party/ITA-CBS2/build/ITACBS_remake', '-i', 'build/fixtures/symbotic_itacbs_normalized/paper_symbotic_39_37_ratio_000/symbotic_agents_45_test_12.yaml', '-o', 'build/results/symbotic_exp1_exp2_itacbs_10s_adaptive/rows_itacbs_outputs/paper_symbotic_39_37_ratio_000_symbotic_agents_45_test_12.out.yaml']' timed out after 10.0 seconds",1,0,13.511582136154175
45,11,0,124,,build/fixtures/symbotic_itacbs_normalized/paper_symbotic_39_37_ratio_000/symbotic_agents_45_test_11.yaml,,,,,,,,,,symbotic.map,45,487,16.0,16,16,,11,,0,itacbs,"Command '['third_party/ITA-CBS2/build/ITACBS_remake', '-i', 'build/fixtures/symbotic_itacbs_normalized/paper_symbotic_39_37_ratio_000/symbotic_agents_45_test_11.yaml', '-o', 'build/results/symbotic_exp1_exp2_itacbs_10s_adaptive/rows_itacbs_outputs/paper_symbotic_39_37_ratio_000_symbotic_agents_45_test_11.out.yaml']' timed out after 10.0 seconds",1,0,13.558926343917847
25,15,1,0,,build/fixtures/symbotic_itacbs_normalized/paper_symbotic_39_37_ratio_030/symbotic_agents_25_test_15.yaml,0.930867,0.187646,11955,18.4923,0.493597,0,3,3,16,symbotic.map,25,258,16.0,16,16,21.1451,15,182,1,itacbs,,0,1,0.078125
40,3,0,124,,build/fixtures/symbotic_itacbs_normalized/paper_symbotic_39_37_ratio_000/symbotic_agents_40_test_3.yaml,,,,,,,,,,symbotic.map,40,457,16.0,16,16,,3,,0,itacbs,"Command '['third_party/ITA-CBS2/build/ITACBS_remake', '-i', 'build/fixtures/symbotic_itacbs_normalized/paper_symbotic_39_37_ratio_000/symbotic_agents_40_test_3.yaml', '-o', 'build/results/symbotic_exp1_exp2_itacbs_10s_adaptive/rows_itacbs_outputs/paper_symbotic_39_37_ratio_000_symbotic_agents_40_test_3.out.yaml']' timed out after 10.0 seconds",1,0,13.780296564102173
45,7,0,124,,build/fixtures/symbotic_itacbs_normalized/paper_symbotic_39_37_ratio_000/symbotic_agents_45_test_7.yaml,,,,,,,,,,symbotic.map,45,489,16.0,16,16,,7,,0,itacbs,"Command '['third_party/ITA-CBS2/build/ITACBS_remake', '-i', 'build/fixtures/symbotic_itacbs_normalized/paper_symbotic_39_37_ratio_000/symbotic_agents_45_test_7.yaml', '-o', 'build/results/symbotic_exp1_exp2_itacbs_10s_adaptive/rows_itacbs_outputs/paper_symbotic_39_37_ratio_000_symbotic_agents_45_test_7.out.yaml']' timed out after 10.0 seconds",1,0,13.67582893371582
45,4,0,124,,build/fixtures/symbotic_itacbs_normalized/paper_symbotic_39_37_ratio_000/symbotic_agents_45_test_4.yaml,,,,,,,,,,symbotic.map,45,496,16.0,16,16,,4,,0,itacbs,"Command '['third_party/ITA-CBS2/build/ITACBS_remake', '-i', 'build/fixtures/symbotic_itacbs_normalized/paper_symbotic_39_37_ratio_000/symbotic_agents_45_test_4.yaml', '-o', 'build/results/symbotic_exp1_exp2_itacbs_10s_adaptive/rows_itacbs_outputs/paper_symbotic_39_37_ratio_000_symbotic_agents_45_test_4.out.yaml']' timed out after 10.0 seconds",1,0,13.683709621429443
50,5,0,124,,build/fixtures/symbotic_itacbs_normalized/paper_symbotic_39_37_ratio_000/symbotic_agents_50_test_5.yaml,,,,,,,,,,symbotic.map,50,518,16.0,16,16,,5,,0,itacbs,"Command '['third_party/ITA-CBS2/build/ITACBS_remake', '-i', 'build/fixtures/symbotic_itacbs_normalized/paper_symbotic_39_37_ratio_000/symbotic_agents_50_test_5.yaml', '-o', 'build/results/symbotic_exp1_exp2_itacbs_10s_adaptive/rows_itacbs_outputs/paper_symbotic_39_37_ratio_000_symbotic_agents_50_test_5.out.yaml']' timed out after 10.0 seconds",1,0,13.577699422836304
45,17,0,124,,build/fixtures/symbotic_itacbs_normalized/paper_symbotic_39_37_ratio_000/symbotic_agents_45_test_17.yaml,,,,,,,,,,symbotic.map,45,486,16.0,16,16,,17,,0,itacbs,"Command '['third_party/ITA-CBS2/build/ITACBS_remake', '-i', 'build/fixtures/symbotic_itacbs_normalized/paper_symbotic_39_37_ratio_000/symbotic_agents_45_test_17.yaml', '-o', 'build/results/symbotic_exp1_exp2_itacbs_10s_adaptive/rows_itacbs_outputs/paper_symbotic_39_37_ratio_000_symbotic_agents_45_test_17.out.yaml']' timed out after 10.0 seconds",1,0,13.621759176254272
45,8,0,124,,build/fixtures/symbotic_itacbs_normalized/paper_symbotic_39_37_ratio_000/symbotic_agents_45_test_8.yaml,,,,,,,,,,symbotic.map,45,471,16.0,16,16,,8,,0,itacbs,"Command '['third_party/ITA-CBS2/build/ITACBS_remake', '-i', 'build/fixtures/symbotic_itacbs_normalized/paper_symbotic_39_37_ratio_000/symbotic_agents_45_test_8.yaml', '-o', 'build/results/symbotic_exp1_exp2_itacbs_10s_adaptive/rows_itacbs_outputs/paper_symbotic_39_37_ratio_000_symbotic_agents_45_test_8.out.yaml']' timed out after 10.0 seconds",1,0,13.673707485198975
50,8,0,124,,build/fixtures/symbotic_itacbs_normalized/paper_symbotic_39_37_ratio_000/symbotic_agents_50_test_8.yaml,,,,,,,,,,symbotic.map,50,518,16.0,16,16,,8,,0,itacbs,"Command '['third_party/ITA-CBS2/build/ITACBS_remake', '-i', 'build/fixtures/symbotic_itacbs_normalized/paper_symbotic_39_37_ratio_000/symbotic_agents_50_test_8.yaml', '-o', 'build/results/symbotic_exp1_exp2_itacbs_10s_adaptive/rows_itacbs_outputs/paper_symbotic_39_37_ratio_000_symbotic_agents_50_test_8.out.yaml']' timed out after 10.0 seconds",1,0,13.445013046264648
25,19,1,0,,build/fixtures/symbotic_itacbs_normalized/paper_symbotic_39_37_ratio_030/symbotic_agents_25_test_19.yaml,0.849322,0.171816,11399,14.003,0.00035,0,1,1,17,symbotic.map,25,253,16.0,16,16,16.0142,19,177,1,itacbs,,0,1,0.06585025787353516
40,9,0,124,,build/fixtures/symbotic_itacbs_normalized/paper_symbotic_39_37_ratio_000/symbotic_agents_40_test_9.yaml,,,,,,,,,,symbotic.map,40,463,16.0,16,16,,9,,0,itacbs,"Command '['third_party/ITA-CBS2/build/ITACBS_remake', '-i', 'build/fixtures/symbotic_itacbs_normalized/paper_symbotic_39_37_ratio_000/symbotic_agents_40_test_9.yaml', '-o', 'build/results/symbotic_exp1_exp2_itacbs_10s_adaptive/rows_itacbs_outputs/paper_symbotic_39_37_ratio_000_symbotic_agents_40_test_9.out.yaml']' timed out after 10.0 seconds",1,0,13.784340143203735
50,11,0,124,,build/fixtures/symbotic_itacbs_normalized/paper_symbotic_39_37_ratio_000/symbotic_agents_50_test_11.yaml,,,,,,,,,,symbotic.map,50,521,16.0,16,16,,11,,0,itacbs,"Command '['third_party/ITA-CBS2/build/ITACBS_remake', '-i', 'build/fixtures/symbotic_itacbs_normalized/paper_symbotic_39_37_ratio_000/symbotic_agents_50_test_11.yaml', '-o', 'build/results/symbotic_exp1_exp2_itacbs_10s_adaptive/rows_itacbs_outputs/paper_symbotic_39_37_ratio_000_symbotic_agents_50_test_11.out.yaml']' timed out after 10.0 seconds",1,0,13.43794322013855
45,0,0,124,,build/fixtures/symbotic_itacbs_normalized/paper_symbotic_39_37_ratio_000/symbotic_agents_45_test_0.yaml,,,,,,,,,,symbotic.map,45,471,16.0,16,16,,0,,0,itacbs,"Command '['third_party/ITA-CBS2/build/ITACBS_remake', '-i', 'build/fixtures/symbotic_itacbs_normalized/paper_symbotic_39_37_ratio_000/symbotic_agents_45_test_0.yaml', '-o', 'build/results/symbotic_exp1_exp2_itacbs_10s_adaptive/rows_itacbs_outputs/paper_symbotic_39_37_ratio_000_symbotic_agents_45_test_0.out.yaml']' timed out after 10.0 seconds",1,0,13.739856004714966
50,10,0,124,,build/fixtures/symbotic_itacbs_normalized/paper_symbotic_39_37_ratio_000/symbotic_agents_50_test_10.yaml,,,,,,,,,,symbotic.map,50,531,16.0,16,16,,10,,0,itacbs,"Command '['third_party/ITA-CBS2/build/ITACBS_remake', '-i', 'build/fixtures/symbotic_itacbs_normalized/paper_symbotic_39_37_ratio_000/symbotic_agents_50_test_10.yaml', '-o', 'build/results/symbotic_exp1_exp2_itacbs_10s_adaptive/rows_itacbs_outputs/paper_symbotic_39_37_ratio_000_symbotic_agents_50_test_10.out.yaml']' timed out after 10.0 seconds",1,0,13.498063564300537
50,1,0,124,,build/fixtures/symbotic_itacbs_normalized/paper_symbotic_39_37_ratio_000/symbotic_agents_50_test_1.yaml,,,,,,,,,,symbotic.map,50,526,16.0,16,16,,1,,0,itacbs,"Command '['third_party/ITA-CBS2/build/ITACBS_remake', '-i', 'build/fixtures/symbotic_itacbs_normalized/paper_symbotic_39_37_ratio_000/symbotic_agents_50_test_1.yaml', '-o', 'build/results/symbotic_exp1_exp2_itacbs_10s_adaptive/rows_itacbs_outputs/paper_symbotic_39_37_ratio_000_symbotic_agents_50_test_1.out.yaml']' timed out after 10.0 seconds",1,0,13.60531497001648
50,3,0,124,,build/fixtures/symbotic_itacbs_normalized/paper_symbotic_39_37_ratio_000/symbotic_agents_50_test_3.yaml,,,,,,,,,,symbotic.map,50,522,16.0,16,16,,3,,0,itacbs,"Command '['third_party/ITA-CBS2/build/ITACBS_remake', '-i', 'build/fixtures/symbotic_itacbs_normalized/paper_symbotic_39_37_ratio_000/symbotic_agents_50_test_3.yaml', '-o', 'build/results/symbotic_exp1_exp2_itacbs_10s_adaptive/rows_itacbs_outputs/paper_symbotic_39_37_ratio_000_symbotic_agents_50_test_3.out.yaml']' timed out after 10.0 seconds",1,0,13.606608152389526
50,15,0,124,,build/fixtures/symbotic_itacbs_normalized/paper_symbotic_39_37_ratio_000/symbotic_agents_50_test_15.yaml,,,,,,,,,,symbotic.map,50,511,16.0,16,16,,15,,0,itacbs,"Command '['third_party/ITA-CBS2/build/ITACBS_remake', '-i', 'build/fixtures/symbotic_itacbs_normalized/paper_symbotic_39_37_ratio_000/symbotic_agents_50_test_15.yaml', '-o', 'build/results/symbotic_exp1_exp2_itacbs_10s_adaptive/rows_itacbs_outputs/paper_symbotic_39_37_ratio_000_symbotic_agents_50_test_15.out.yaml']' timed out after 10.0 seconds",1,0,13.233704328536987
25,17,1,0,,build/fixtures/symbotic_itacbs_normalized/paper_symbotic_39_37_ratio_030/symbotic_agents_25_test_17.yaml,0.43601799999999996,0.718124,13387,20.0126,5.12109,2,15,15,21,symbotic.map,25,256,16.0,16,16,27.660500000000003,17,196,1,itacbs,,0,1,0.10424065589904785
25,5,1,0,,build/fixtures/symbotic_itacbs_normalized/paper_symbotic_39_37_ratio_030/symbotic_agents_25_test_5.yaml,0.866045,0.372738,11432,53.8152,1.97551,2,5,5,20,symbotic.map,25,260,16.0,16,16,58.256,5,199,1,itacbs,,0,1,0.192626953125
25,10,1,0,,build/fixtures/symbotic_itacbs_normalized/paper_symbotic_39_37_ratio_030/symbotic_agents_25_test_10.yaml,2.3361699999999996,8.73637,33384,54.534800000000004,100.631,51,229,237,19,symbotic.map,25,262,16.0,16,16,173.221,10,174,1,itacbs,,0,1,0.29161906242370605
50,0,0,124,,build/fixtures/symbotic_itacbs_normalized/paper_symbotic_39_37_ratio_000/symbotic_agents_50_test_0.yaml,,,,,,,,,,symbotic.map,50,522,16.0,16,16,,0,,0,itacbs,"Command '['third_party/ITA-CBS2/build/ITACBS_remake', '-i', 'build/fixtures/symbotic_itacbs_normalized/paper_symbotic_39_37_ratio_000/symbotic_agents_50_test_0.yaml', '-o', 'build/results/symbotic_exp1_exp2_itacbs_10s_adaptive/rows_itacbs_outputs/paper_symbotic_39_37_ratio_000_symbotic_agents_50_test_0.out.yaml']' timed out after 10.0 seconds",1,0,13.678332567214966
50,4,0,124,,build/fixtures/symbotic_itacbs_normalized/paper_symbotic_39_37_ratio_000/symbotic_agents_50_test_4.yaml,,,,,,,,,,symbotic.map,50,532,16.0,16,16,,4,,0,itacbs,"Command '['third_party/ITA-CBS2/build/ITACBS_remake', '-i', 'build/fixtures/symbotic_itacbs_normalized/paper_symbotic_39_37_ratio_000/symbotic_agents_50_test_4.yaml', '-o', 'build/results/symbotic_exp1_exp2_itacbs_10s_adaptive/rows_itacbs_outputs/paper_symbotic_39_37_ratio_000_symbotic_agents_50_test_4.out.yaml']' timed out after 10.0 seconds",1,0,13.697266340255737
50,6,0,124,,build/fixtures/symbotic_itacbs_normalized/paper_symbotic_39_37_ratio_000/symbotic_agents_50_test_6.yaml,,,,,,,,,,symbotic.map,50,521,16.0,16,16,,6,,0,itacbs,"Command '['third_party/ITA-CBS2/build/ITACBS_remake', '-i', 'build/fixtures/symbotic_itacbs_normalized/paper_symbotic_39_37_ratio_000/symbotic_agents_50_test_6.yaml', '-o', 'build/results/symbotic_exp1_exp2_itacbs_10s_adaptive/rows_itacbs_outputs/paper_symbotic_39_37_ratio_000_symbotic_agents_50_test_6.out.yaml']' timed out after 10.0 seconds",1,0,13.628487348556519
25,16,1,0,,build/fixtures/symbotic_itacbs_normalized/paper_symbotic_39_37_ratio_030/symbotic_agents_25_test_16.yaml,3.03704,2.15349,21896,31.9548,26.3584,15,69,69,17,symbotic.map,25,263,16.0,16,16,66.0052,16,235,1,itacbs,,0,1,0.13447070121765137
50,2,0,124,,build/fixtures/symbotic_itacbs_normalized/paper_symbotic_39_37_ratio_000/symbotic_agents_50_test_2.yaml,,,,,,,,,,symbotic.map,50,525,16.0,16,16,,2,,0,itacbs,"Command '['third_party/ITA-CBS2/build/ITACBS_remake', '-i', 'build/fixtures/symbotic_itacbs_normalized/paper_symbotic_39_37_ratio_000/symbotic_agents_50_test_2.yaml', '-o', 'build/results/symbotic_exp1_exp2_itacbs_10s_adaptive/rows_itacbs_outputs/paper_symbotic_39_37_ratio_000_symbotic_agents_50_test_2.out.yaml']' timed out after 10.0 seconds",1,0,13.636746644973755
50,12,0,124,,build/fixtures/symbotic_itacbs_normalized/paper_symbotic_39_37_ratio_000/symbotic_agents_50_test_12.yaml,,,,,,,,,,symbotic.map,50,515,16.0,16,16,,12,,0,itacbs,"Command '['third_party/ITA-CBS2/build/ITACBS_remake', '-i', 'build/fixtures/symbotic_itacbs_normalized/paper_symbotic_39_37_ratio_000/symbotic_agents_50_test_12.yaml', '-o', 'build/results/symbotic_exp1_exp2_itacbs_10s_adaptive/rows_itacbs_outputs/paper_symbotic_39_37_ratio_000_symbotic_agents_50_test_12.out.yaml']' timed out after 10.0 seconds",1,0,13.343612670898438
45,16,0,124,,build/fixtures/symbotic_itacbs_normalized/paper_symbotic_39_37_ratio_000/symbotic_agents_45_test_16.yaml,,,,,,,,,,symbotic.map,45,492,16.0,16,16,,16,,0,itacbs,"Command '['third_party/ITA-CBS2/build/ITACBS_remake', '-i', 'build/fixtures/symbotic_itacbs_normalized/paper_symbotic_39_37_ratio_000/symbotic_agents_45_test_16.yaml', '-o', 'build/results/symbotic_exp1_exp2_itacbs_10s_adaptive/rows_itacbs_outputs/paper_symbotic_39_37_ratio_000_symbotic_agents_45_test_16.out.yaml']' timed out after 10.0 seconds",1,0,13.6887686252594
50,9,0,124,,build/fixtures/symbotic_itacbs_normalized/paper_symbotic_39_37_ratio_000/symbotic_agents_50_test_9.yaml,,,,,,,,,,symbotic.map,50,503,16.0,16,16,,9,,0,itacbs,"Command '['third_party/ITA-CBS2/build/ITACBS_remake', '-i', 'build/fixtures/symbotic_itacbs_normalized/paper_symbotic_39_37_ratio_000/symbotic_agents_50_test_9.yaml', '-o', 'build/results/symbotic_exp1_exp2_itacbs_10s_adaptive/rows_itacbs_outputs/paper_symbotic_39_37_ratio_000_symbotic_agents_50_test_9.out.yaml']' timed out after 10.0 seconds",1,0,13.590233564376831
45,1,0,124,,build/fixtures/symbotic_itacbs_normalized/paper_symbotic_39_37_ratio_000/symbotic_agents_45_test_1.yaml,,,,,,,,,,symbotic.map,45,486,16.0,16,16,,1,,0,itacbs,"Command '['third_party/ITA-CBS2/build/ITACBS_remake', '-i', 'build/fixtures/symbotic_itacbs_normalized/paper_symbotic_39_37_ratio_000/symbotic_agents_45_test_1.yaml', '-o', 'build/results/symbotic_exp1_exp2_itacbs_10s_adaptive/rows_itacbs_outputs/paper_symbotic_39_37_ratio_000_symbotic_agents_45_test_1.out.yaml']' timed out after 10.0 seconds",1,0,13.786779403686523
50,14,0,124,,build/fixtures/symbotic_itacbs_normalized/paper_symbotic_39_37_ratio_000/symbotic_agents_50_test_14.yaml,,,,,,,,,,symbotic.map,50,514,16.0,16,16,,14,,0,itacbs,"Command '['third_party/ITA-CBS2/build/ITACBS_remake', '-i', 'build/fixtures/symbotic_itacbs_normalized/paper_symbotic_39_37_ratio_000/symbotic_agents_50_test_14.yaml', '-o', 'build/results/symbotic_exp1_exp2_itacbs_10s_adaptive/rows_itacbs_outputs/paper_symbotic_39_37_ratio_000_symbotic_agents_50_test_14.out.yaml']' timed out after 10.0 seconds",1,0,13.317211389541626
45,15,0,124,,build/fixtures/symbotic_itacbs_normalized/paper_symbotic_39_37_ratio_000/symbotic_agents_45_test_15.yaml,,,,,,,,,,symbotic.map,45,476,16.0,16,16,,15,,0,itacbs,"Command '['third_party/ITA-CBS2/build/ITACBS_remake', '-i', 'build/fixtures/symbotic_itacbs_normalized/paper_symbotic_39_37_ratio_000/symbotic_agents_45_test_15.yaml', '-o', 'build/results/symbotic_exp1_exp2_itacbs_10s_adaptive/rows_itacbs_outputs/paper_symbotic_39_37_ratio_000_symbotic_agents_45_test_15.out.yaml']' timed out after 10.0 seconds",1,0,13.772382020950317
45,14,0,124,,build/fixtures/symbotic_itacbs_normalized/paper_symbotic_39_37_ratio_000/symbotic_agents_45_test_14.yaml,,,,,,,,,,symbotic.map,45,499,16.0,16,16,,14,,0,itacbs,"Command '['third_party/ITA-CBS2/build/ITACBS_remake', '-i', 'build/fixtures/symbotic_itacbs_normalized/paper_symbotic_39_37_ratio_000/symbotic_agents_45_test_14.yaml', '-o', 'build/results/symbotic_exp1_exp2_itacbs_10s_adaptive/rows_itacbs_outputs/paper_symbotic_39_37_ratio_000_symbotic_agents_45_test_14.out.yaml']' timed out after 10.0 seconds",1,0,13.813629388809204
40,19,0,124,,build/fixtures/symbotic_itacbs_normalized/paper_symbotic_39_37_ratio_000/symbotic_agents_40_test_19.yaml,,,,,,,,,,symbotic.map,40,448,16.0,16,16,,19,,0,itacbs,"Command '['third_party/ITA-CBS2/build/ITACBS_remake', '-i', 'build/fixtures/symbotic_itacbs_normalized/paper_symbotic_39_37_ratio_000/symbotic_agents_40_test_19.yaml', '-o', 'build/results/symbotic_exp1_exp2_itacbs_10s_adaptive/rows_itacbs_outputs/paper_symbotic_39_37_ratio_000_symbotic_agents_40_test_19.out.yaml']' timed out after 10.0 seconds",1,0,13.844485759735107
45,13,0,124,,build/fixtures/symbotic_itacbs_normalized/paper_symbotic_39_37_ratio_000/symbotic_agents_45_test_13.yaml,,,,,,,,,,symbotic.map,45,492,16.0,16,16,,13,,0,itacbs,"Command '['third_party/ITA-CBS2/build/ITACBS_remake', '-i', 'build/fixtures/symbotic_itacbs_normalized/paper_symbotic_39_37_ratio_000/symbotic_agents_45_test_13.yaml', '-o', 'build/results/symbotic_exp1_exp2_itacbs_10s_adaptive/rows_itacbs_outputs/paper_symbotic_39_37_ratio_000_symbotic_agents_45_test_13.out.yaml']' timed out after 10.0 seconds",1,0,13.87717056274414
50,13,0,124,,build/fixtures/symbotic_itacbs_normalized/paper_symbotic_39_37_ratio_000/symbotic_agents_50_test_13.yaml,,,,,,,,,,symbotic.map,50,521,16.0,16,16,,13,,0,itacbs,"Command '['third_party/ITA-CBS2/build/ITACBS_remake', '-i', 'build/fixtures/symbotic_itacbs_normalized/paper_symbotic_39_37_ratio_000/symbotic_agents_50_test_13.yaml', '-o', 'build/results/symbotic_exp1_exp2_itacbs_10s_adaptive/rows_itacbs_outputs/paper_symbotic_39_37_ratio_000_symbotic_agents_50_test_13.out.yaml']' timed out after 10.0 seconds",1,0,13.45372748374939
50,16,0,124,,build/fixtures/symbotic_itacbs_normalized/paper_symbotic_39_37_ratio_000/symbotic_agents_50_test_16.yaml,,,,,,,,,,symbotic.map,50,515,16.0,16,16,,16,,0,itacbs,"Command '['third_party/ITA-CBS2/build/ITACBS_remake', '-i', 'build/fixtures/symbotic_itacbs_normalized/paper_symbotic_39_37_ratio_000/symbotic_agents_50_test_16.yaml', '-o', 'build/results/symbotic_exp1_exp2_itacbs_10s_adaptive/rows_itacbs_outputs/paper_symbotic_39_37_ratio_000_symbotic_agents_50_test_16.out.yaml']' timed out after 10.0 seconds",1,0,13.260180234909058
25,8,1,0,,build/fixtures/symbotic_itacbs_normalized/paper_symbotic_39_37_ratio_030/symbotic_agents_25_test_8.yaml,0.427121,0.423143,12048,59.1663,2.1614899999999997,2,7,7,24,symbotic.map,25,251,16.0,16,16,87.2027,8,170,1,itacbs,,0,1,0.25067996978759766
50,18,0,124,,build/fixtures/symbotic_itacbs_normalized/paper_symbotic_39_37_ratio_000/symbotic_agents_50_test_18.yaml,,,,,,,,,,symbotic.map,50,506,16.0,16,16,,18,,0,itacbs,"Command '['third_party/ITA-CBS2/build/ITACBS_remake', '-i', 'build/fixtures/symbotic_itacbs_normalized/paper_symbotic_39_37_ratio_000/symbotic_agents_50_test_18.yaml', '-o', 'build/results/symbotic_exp1_exp2_itacbs_10s_adaptive/rows_itacbs_outputs/paper_symbotic_39_37_ratio_000_symbotic_agents_50_test_18.out.yaml']' timed out after 10.0 seconds",1,0,13.113015174865723
45,18,0,124,,build/fixtures/symbotic_itacbs_normalized/paper_symbotic_39_37_ratio_000/symbotic_agents_45_test_18.yaml,,,,,,,,,,symbotic.map,45,500,16.0,16,16,,18,,0,itacbs,"Command '['third_party/ITA-CBS2/build/ITACBS_remake', '-i', 'build/fixtures/symbotic_itacbs_normalized/paper_symbotic_39_37_ratio_000/symbotic_agents_45_test_18.yaml', '-o', 'build/results/symbotic_exp1_exp2_itacbs_10s_adaptive/rows_itacbs_outputs/paper_symbotic_39_37_ratio_000_symbotic_agents_45_test_18.out.yaml']' timed out after 10.0 seconds",1,0,13.886965274810791
25,4,1,0,,build/fixtures/symbotic_itacbs_normalized/paper_symbotic_39_37_ratio_030/symbotic_agents_25_test_4.yaml,3.8417,44.309599999999996,96772,228.805,372.02000000000004,179,464,509,18,symbotic.map,25,255,16.0,16,16,675.9699999999999,4,239,1,itacbs,,0,1,0.8604621887207031
50,17,0,124,,build/fixtures/symbotic_itacbs_normalized/paper_symbotic_39_37_ratio_000/symbotic_agents_50_test_17.yaml,,,,,,,,,,symbotic.map,50,504,16.0,16,16,,17,,0,itacbs,"Command '['third_party/ITA-CBS2/build/ITACBS_remake', '-i', 'build/fixtures/symbotic_itacbs_normalized/paper_symbotic_39_37_ratio_000/symbotic_agents_50_test_17.yaml', '-o', 'build/results/symbotic_exp1_exp2_itacbs_10s_adaptive/rows_itacbs_outputs/paper_symbotic_39_37_ratio_000_symbotic_agents_50_test_17.out.yaml']' timed out after 10.0 seconds",1,0,13.200757503509521
20,8,1,0,,build/fixtures/symbotic_itacbs_normalized/paper_symbotic_39_37_ratio_030/symbotic_agents_20_test_8.yaml,6.0757900000000005,65.65129999999999,197931,570.155,955.0999999999999,209,1575,1737,18,symbotic.map,20,213,16.0,16,16,1675.68,8,162,1,itacbs,,0,1,1.9992785453796387
50,19,0,124,,build/fixtures/symbotic_itacbs_normalized/paper_symbotic_39_37_ratio_000/symbotic_agents_50_test_19.yaml,,,,,,,,,,symbotic.map,50,512,16.0,16,16,,19,,0,itacbs,"Command '['third_party/ITA-CBS2/build/ITACBS_remake', '-i', 'build/fixtures/symbotic_itacbs_normalized/paper_symbotic_39_37_ratio_000/symbotic_agents_50_test_19.yaml', '-o', 'build/results/symbotic_exp1_exp2_itacbs_10s_adaptive/rows_itacbs_outputs/paper_symbotic_39_37_ratio_000_symbotic_agents_50_test_19.out.yaml']' timed out after 10.0 seconds",1,0,12.816380977630615
55,0,0,124,,build/fixtures/symbotic_itacbs_normalized/paper_symbotic_39_37_ratio_000/symbotic_agents_55_test_0.yaml,,,,,,,,,,symbotic.map,55,551,16.0,16,16,,0,,0,itacbs,"Command '['third_party/ITA-CBS2/build/ITACBS_remake', '-i', 'build/fixtures/symbotic_itacbs_normalized/paper_symbotic_39_37_ratio_000/symbotic_agents_55_test_0.yaml', '-o', 'build/results/symbotic_exp1_exp2_itacbs_10s_adaptive/rows_itacbs_outputs/paper_symbotic_39_37_ratio_000_symbotic_agents_55_test_0.out.yaml']' timed out after 10.0 seconds",1,0,12.796396732330322
30,19,1,0,,build/fixtures/symbotic_itacbs_normalized/paper_symbotic_39_37_ratio_030/symbotic_agents_30_test_19.yaml,2.7163500000000003,2.29332,21244,40.3499,40.6269,12,56,65,11,symbotic.map,30,306,16.0,16,16,89.1236,19,165,1,itacbs,,0,1,0.14657258987426758
30,7,1,0,,build/fixtures/symbotic_itacbs_normalized/paper_symbotic_39_37_ratio_030/symbotic_agents_30_test_7.yaml,4.95282,7.49705,47657,79.00930000000001,79.5603,48,148,153,16,symbotic.map,30,298,16.0,16,16,177.331,7,218,1,itacbs,,0,1,0.262908935546875
25,18,1,0,,build/fixtures/symbotic_itacbs_normalized/paper_symbotic_39_37_ratio_030/symbotic_agents_25_test_18.yaml,3.55118,14.6457,113136,161.01299999999998,179.815,3,467,535,19,symbotic.map,25,249,16.0,16,16,372.927,18,232,1,itacbs,,0,1,0.48012876510620117
55,1,0,124,,build/fixtures/symbotic_itacbs_normalized/paper_symbotic_39_37_ratio_000/symbotic_agents_55_test_1.yaml,,,,,,,,,,symbotic.map,55,557,16.0,16,16,,1,,0,itacbs,"Command '['third_party/ITA-CBS2/build/ITACBS_remake', '-i', 'build/fixtures/symbotic_itacbs_normalized/paper_symbotic_39_37_ratio_000/symbotic_agents_55_test_1.yaml', '-o', 'build/results/symbotic_exp1_exp2_itacbs_10s_adaptive/rows_itacbs_outputs/paper_symbotic_39_37_ratio_000_symbotic_agents_55_test_1.out.yaml']' timed out after 10.0 seconds",1,0,12.6002938747406
25,14,1,0,,build/fixtures/symbotic_itacbs_normalized/paper_symbotic_39_37_ratio_030/symbotic_agents_25_test_14.yaml,3.82048,16.5694,105627,192.522,206.54600000000002,10,540,549,18,symbotic.map,25,261,16.0,16,16,436.189,14,230,1,itacbs,,0,1,0.5313477516174316
30,13,1,0,,build/fixtures/symbotic_itacbs_normalized/paper_symbotic_39_37_ratio_030/symbotic_agents_30_test_13.yaml,3.3832799999999996,12.1819,34138,44.5756,96.7721,38,163,173,18,symbotic.map,30,299,16.0,16,16,162.809,13,288,1,itacbs,,0,1,0.2299785614013672
35,9,1,0,,build/fixtures/symbotic_itacbs_normalized/paper_symbotic_39_37_ratio_030/symbotic_agents_35_test_9.yaml,6.0904,1.53561,16991,28.403100000000002,9.61918,4,12,15,21,symbotic.map,35,343,16.0,16,16,48.9298,9,267,1,itacbs,,0,1,0.10855460166931152
55,2,0,124,,build/fixtures/symbotic_itacbs_normalized/paper_symbotic_39_37_ratio_000/symbotic_agents_55_test_2.yaml,,,,,,,,,,symbotic.map,55,557,16.0,16,16,,2,,0,itacbs,"Command '['third_party/ITA-CBS2/build/ITACBS_remake', '-i', 'build/fixtures/symbotic_itacbs_normalized/paper_symbotic_39_37_ratio_000/symbotic_agents_55_test_2.yaml', '-o', 'build/results/symbotic_exp1_exp2_itacbs_10s_adaptive/rows_itacbs_outputs/paper_symbotic_39_37_ratio_000_symbotic_agents_55_test_2.out.yaml']' timed out after 10.0 seconds",1,0,12.330313205718994
25,6,1,0,,build/fixtures/symbotic_itacbs_normalized/paper_symbotic_39_37_ratio_030/symbotic_agents_25_test_6.yaml,17.3447,42.9096,61064,236.899,501.702,19,701,709,20,symbotic.map,25,258,16.0,16,16,820.7189999999999,6,216,1,itacbs,,0,1,0.968482494354248
55,4,0,124,,build/fixtures/symbotic_itacbs_normalized/paper_symbotic_39_37_ratio_000/symbotic_agents_55_test_4.yaml,,,,,,,,,,symbotic.map,55,553,16.0,16,16,,4,,0,itacbs,"Command '['third_party/ITA-CBS2/build/ITACBS_remake', '-i', 'build/fixtures/symbotic_itacbs_normalized/paper_symbotic_39_37_ratio_000/symbotic_agents_55_test_4.yaml', '-o', 'build/results/symbotic_exp1_exp2_itacbs_10s_adaptive/rows_itacbs_outputs/paper_symbotic_39_37_ratio_000_symbotic_agents_55_test_4.out.yaml']' timed out after 10.0 seconds",1,0,11.724056482315063
30,8,1,0,,build/fixtures/symbotic_itacbs_normalized/paper_symbotic_39_37_ratio_030/symbotic_agents_30_test_8.yaml,4.84437,29.6948,60769,89.477,236.15800000000002,29,353,441,23,symbotic.map,30,295,16.0,16,16,376.07800000000003,8,260,1,itacbs,,0,1,0.48218703269958496
55,3,0,124,,build/fixtures/symbotic_itacbs_normalized/paper_symbotic_39_37_ratio_000/symbotic_agents_55_test_3.yaml,,,,,,,,,,symbotic.map,55,536,16.0,16,16,,3,,0,itacbs,"Command '['third_party/ITA-CBS2/build/ITACBS_remake', '-i', 'build/fixtures/symbotic_itacbs_normalized/paper_symbotic_39_37_ratio_000/symbotic_agents_55_test_3.yaml', '-o', 'build/results/symbotic_exp1_exp2_itacbs_10s_adaptive/rows_itacbs_outputs/paper_symbotic_39_37_ratio_000_symbotic_agents_55_test_3.out.yaml']' timed out after 10.0 seconds",1,0,11.786900281906128
55,5,0,124,,build/fixtures/symbotic_itacbs_normalized/paper_symbotic_39_37_ratio_000/symbotic_agents_55_test_5.yaml,,,,,,,,,,symbotic.map,55,526,16.0,16,16,,5,,0,itacbs,"Command '['third_party/ITA-CBS2/build/ITACBS_remake', '-i', 'build/fixtures/symbotic_itacbs_normalized/paper_symbotic_39_37_ratio_000/symbotic_agents_55_test_5.yaml', '-o', 'build/results/symbotic_exp1_exp2_itacbs_10s_adaptive/rows_itacbs_outputs/paper_symbotic_39_37_ratio_000_symbotic_agents_55_test_5.out.yaml']' timed out after 10.0 seconds",1,0,11.762309789657593
35,18,1,0,,build/fixtures/symbotic_itacbs_normalized/paper_symbotic_39_37_ratio_030/symbotic_agents_35_test_18.yaml,4.61539,16.9577,32291,54.173399999999994,93.3474,45,125,137,19,symbotic.map,35,333,16.0,16,16,177.235,18,261,1,itacbs,,0,1,0.2554795742034912
40,13,1,0,,build/fixtures/symbotic_itacbs_normalized/paper_symbotic_39_37_ratio_030/symbotic_agents_40_test_13.yaml,5.49274,7.08185,33070,63.1538,89.2091,13,97,99,19,symbotic.map,40,361,16.0,16,16,172.777,13,344,1,itacbs,,0,1,0.24162769317626953
55,6,0,124,,build/fixtures/symbotic_itacbs_normalized/paper_symbotic_39_37_ratio_000/symbotic_agents_55_test_6.yaml,,,,,,,,,,symbotic.map,55,556,16.0,16,16,,6,,0,itacbs,"Command '['third_party/ITA-CBS2/build/ITACBS_remake', '-i', 'build/fixtures/symbotic_itacbs_normalized/paper_symbotic_39_37_ratio_000/symbotic_agents_55_test_6.yaml', '-o', 'build/results/symbotic_exp1_exp2_itacbs_10s_adaptive/rows_itacbs_outputs/paper_symbotic_39_37_ratio_000_symbotic_agents_55_test_6.out.yaml']' timed out after 10.0 seconds",1,0,11.364451169967651
30,0,1,0,,build/fixtures/symbotic_itacbs_normalized/paper_symbotic_39_37_ratio_030/symbotic_agents_30_test_0.yaml,8.14042,41.8592,125533,234.911,538.027,87,872,1027,18,symbotic.map,30,293,16.0,16,16,861.4110000000001,0,237,1,itacbs,,0,1,1.0573985576629639
55,7,0,124,,build/fixtures/symbotic_itacbs_normalized/paper_symbotic_39_37_ratio_000/symbotic_agents_55_test_7.yaml,,,,,,,,,,symbotic.map,55,526,16.0,16,16,,7,,0,itacbs,"Command '['third_party/ITA-CBS2/build/ITACBS_remake', '-i', 'build/fixtures/symbotic_itacbs_normalized/paper_symbotic_39_37_ratio_000/symbotic_agents_55_test_7.yaml', '-o', 'build/results/symbotic_exp1_exp2_itacbs_10s_adaptive/rows_itacbs_outputs/paper_symbotic_39_37_ratio_000_symbotic_agents_55_test_7.out.yaml']' timed out after 10.0 seconds",1,0,11.315978765487671
55,8,0,124,,build/fixtures/symbotic_itacbs_normalized/paper_symbotic_39_37_ratio_000/symbotic_agents_55_test_8.yaml,,,,,,,,,,symbotic.map,55,554,16.0,16,16,,8,,0,itacbs,"Command '['third_party/ITA-CBS2/build/ITACBS_remake', '-i', 'build/fixtures/symbotic_itacbs_normalized/paper_symbotic_39_37_ratio_000/symbotic_agents_55_test_8.yaml', '-o', 'build/results/symbotic_exp1_exp2_itacbs_10s_adaptive/rows_itacbs_outputs/paper_symbotic_39_37_ratio_000_symbotic_agents_55_test_8.out.yaml']' timed out after 10.0 seconds",1,0,11.232306241989136
30,9,1,0,,build/fixtures/symbotic_itacbs_normalized/paper_symbotic_39_37_ratio_030/symbotic_agents_30_test_9.yaml,6.26751,21.2392,129264,235.358,393.825,65,547,745,19,symbotic.map,30,287,16.0,16,16,686.607,9,280,1,itacbs,,0,1,0.8164308071136475
55,10,0,124,,build/fixtures/symbotic_itacbs_normalized/paper_symbotic_39_37_ratio_000/symbotic_agents_55_test_10.yaml,,,,,,,,,,symbotic.map,55,542,16.0,16,16,,10,,0,itacbs,"Command '['third_party/ITA-CBS2/build/ITACBS_remake', '-i', 'build/fixtures/symbotic_itacbs_normalized/paper_symbotic_39_37_ratio_000/symbotic_agents_55_test_10.yaml', '-o', 'build/results/symbotic_exp1_exp2_itacbs_10s_adaptive/rows_itacbs_outputs/paper_symbotic_39_37_ratio_000_symbotic_agents_55_test_10.out.yaml']' timed out after 10.0 seconds",1,0,11.056052923202515
30,2,1,0,,build/fixtures/symbotic_itacbs_normalized/paper_symbotic_39_37_ratio_030/symbotic_agents_30_test_2.yaml,6.03365,42.7069,102142,218.632,430.902,65,525,765,19,symbotic.map,30,297,16.0,16,16,725.844,2,242,1,itacbs,,0,1,0.8534259796142578
55,9,0,124,,build/fixtures/symbotic_itacbs_normalized/paper_symbotic_39_37_ratio_000/symbotic_agents_55_test_9.yaml,,,,,,,,,,symbotic.map,55,537,16.0,16,16,,9,,0,itacbs,"Command '['third_party/ITA-CBS2/build/ITACBS_remake', '-i', 'build/fixtures/symbotic_itacbs_normalized/paper_symbotic_39_37_ratio_000/symbotic_agents_55_test_9.yaml', '-o', 'build/results/symbotic_exp1_exp2_itacbs_10s_adaptive/rows_itacbs_outputs/paper_symbotic_39_37_ratio_000_symbotic_agents_55_test_9.out.yaml']' timed out after 10.0 seconds",1,0,11.316841840744019
35,7,1,0,,build/fixtures/symbotic_itacbs_normalized/paper_symbotic_39_37_ratio_030/symbotic_agents_35_test_7.yaml,7.78984,48.342000000000006,125864,193.107,367.769,171,475,515,21,symbotic.map,35,325,16.0,16,16,641.371,7,305,1,itacbs,,0,1,0.7733504772186279
55,11,0,124,,build/fixtures/symbotic_itacbs_normalized/paper_symbotic_39_37_ratio_000/symbotic_agents_55_test_11.yaml,,,,,,,,,,symbotic.map,55,550,16.0,16,16,,11,,0,itacbs,"Command '['third_party/ITA-CBS2/build/ITACBS_remake', '-i', 'build/fixtures/symbotic_itacbs_normalized/paper_symbotic_39_37_ratio_000/symbotic_agents_55_test_11.yaml', '-o', 'build/results/symbotic_exp1_exp2_itacbs_10s_adaptive/rows_itacbs_outputs/paper_symbotic_39_37_ratio_000_symbotic_agents_55_test_11.out.yaml']' timed out after 10.0 seconds",1,0,11.277932167053223
30,4,1,0,,build/fixtures/symbotic_itacbs_normalized/paper_symbotic_39_37_ratio_030/symbotic_agents_30_test_4.yaml,9.11223,38.503099999999996,148868,265.61600000000004,690.9269999999999,56,1106,1221,18,symbotic.map,30,307,16.0,16,16,1053.71,4,253,1,itacbs,,0,1,1.248887062072754
55,13,0,124,,build/fixtures/symbotic_itacbs_normalized/paper_symbotic_39_37_ratio_000/symbotic_agents_55_test_13.yaml,,,,,,,,,,symbotic.map,55,544,16.0,16,16,,13,,0,itacbs,"Command '['third_party/ITA-CBS2/build/ITACBS_remake', '-i', 'build/fixtures/symbotic_itacbs_normalized/paper_symbotic_39_37_ratio_000/symbotic_agents_55_test_13.yaml', '-o', 'build/results/symbotic_exp1_exp2_itacbs_10s_adaptive/rows_itacbs_outputs/paper_symbotic_39_37_ratio_000_symbotic_agents_55_test_13.out.yaml']' timed out after 10.0 seconds",1,0,11.175107479095459
55,12,0,124,,build/fixtures/symbotic_itacbs_normalized/paper_symbotic_39_37_ratio_000/symbotic_agents_55_test_12.yaml,,,,,,,,,,symbotic.map,55,542,16.0,16,16,,12,,0,itacbs,"Command '['third_party/ITA-CBS2/build/ITACBS_remake', '-i', 'build/fixtures/symbotic_itacbs_normalized/paper_symbotic_39_37_ratio_000/symbotic_agents_55_test_12.yaml', '-o', 'build/results/symbotic_exp1_exp2_itacbs_10s_adaptive/rows_itacbs_outputs/paper_symbotic_39_37_ratio_000_symbotic_agents_55_test_12.out.yaml']' timed out after 10.0 seconds",1,0,11.34342646598816
55,14,0,124,,build/fixtures/symbotic_itacbs_normalized/paper_symbotic_39_37_ratio_000/symbotic_agents_55_test_14.yaml,,,,,,,,,,symbotic.map,55,553,16.0,16,16,,14,,0,itacbs,"Command '['third_party/ITA-CBS2/build/ITACBS_remake', '-i', 'build/fixtures/symbotic_itacbs_normalized/paper_symbotic_39_37_ratio_000/symbotic_agents_55_test_14.yaml', '-o', 'build/results/symbotic_exp1_exp2_itacbs_10s_adaptive/rows_itacbs_outputs/paper_symbotic_39_37_ratio_000_symbotic_agents_55_test_14.out.yaml']' timed out after 10.0 seconds",1,0,11.163705587387085
30,12,1,0,,build/fixtures/symbotic_itacbs_normalized/paper_symbotic_39_37_ratio_030/symbotic_agents_30_test_12.yaml,17.2622,52.6452,162928,274.472,829.437,452,1352,1399,20,symbotic.map,30,303,16.0,16,16,1253.99,12,227,1,itacbs,,0,1,1.4729483127593994
55,15,0,124,,build/fixtures/symbotic_itacbs_normalized/paper_symbotic_39_37_ratio_000/symbotic_agents_55_test_15.yaml,,,,,,,,,,symbotic.map,55,543,16.0,16,16,,15,,0,itacbs,"Command '['third_party/ITA-CBS2/build/ITACBS_remake', '-i', 'build/fixtures/symbotic_itacbs_normalized/paper_symbotic_39_37_ratio_000/symbotic_agents_55_test_15.yaml', '-o', 'build/results/symbotic_exp1_exp2_itacbs_10s_adaptive/rows_itacbs_outputs/paper_symbotic_39_37_ratio_000_symbotic_agents_55_test_15.out.yaml']' timed out after 10.0 seconds",1,0,11.165385961532593
30,18,1,0,,build/fixtures/symbotic_itacbs_normalized/paper_symbotic_39_37_ratio_030/symbotic_agents_30_test_18.yaml,10.3141,73.35379999999999,262738,427.82,846.601,36,1381,1455,17,symbotic.map,30,295,16.0,16,16,1418.08,18,193,1,itacbs,,0,1,1.6029629707336426
55,16,0,124,,build/fixtures/symbotic_itacbs_normalized/paper_symbotic_39_37_ratio_000/symbotic_agents_55_test_16.yaml,,,,,,,,,,symbotic.map,55,536,16.0,16,16,,16,,0,itacbs,"Command '['third_party/ITA-CBS2/build/ITACBS_remake', '-i', 'build/fixtures/symbotic_itacbs_normalized/paper_symbotic_39_37_ratio_000/symbotic_agents_55_test_16.yaml', '-o', 'build/results/symbotic_exp1_exp2_itacbs_10s_adaptive/rows_itacbs_outputs/paper_symbotic_39_37_ratio_000_symbotic_agents_55_test_16.out.yaml']' timed out after 10.0 seconds",1,0,11.177722930908203
55,17,0,124,,build/fixtures/symbotic_itacbs_normalized/paper_symbotic_39_37_ratio_000/symbotic_agents_55_test_17.yaml,,,,,,,,,,symbotic.map,55,545,16.0,16,16,,17,,0,itacbs,"Command '['third_party/ITA-CBS2/build/ITACBS_remake', '-i', 'build/fixtures/symbotic_itacbs_normalized/paper_symbotic_39_37_ratio_000/symbotic_agents_55_test_17.yaml', '-o', 'build/results/symbotic_exp1_exp2_itacbs_10s_adaptive/rows_itacbs_outputs/paper_symbotic_39_37_ratio_000_symbotic_agents_55_test_17.out.yaml']' timed out after 10.0 seconds",1,0,11.17062783241272
55,19,0,124,,build/fixtures/symbotic_itacbs_normalized/paper_symbotic_39_37_ratio_000/symbotic_agents_55_test_19.yaml,,,,,,,,,,symbotic.map,55,541,16.0,16,16,,19,,0,itacbs,"Command '['third_party/ITA-CBS2/build/ITACBS_remake', '-i', 'build/fixtures/symbotic_itacbs_normalized/paper_symbotic_39_37_ratio_000/symbotic_agents_55_test_19.yaml', '-o', 'build/results/symbotic_exp1_exp2_itacbs_10s_adaptive/rows_itacbs_outputs/paper_symbotic_39_37_ratio_000_symbotic_agents_55_test_19.out.yaml']' timed out after 10.0 seconds",1,0,11.18956995010376
55,18,0,124,,build/fixtures/symbotic_itacbs_normalized/paper_symbotic_39_37_ratio_000/symbotic_agents_55_test_18.yaml,,,,,,,,,,symbotic.map,55,529,16.0,16,16,,18,,0,itacbs,"Command '['third_party/ITA-CBS2/build/ITACBS_remake', '-i', 'build/fixtures/symbotic_itacbs_normalized/paper_symbotic_39_37_ratio_000/symbotic_agents_55_test_18.yaml', '-o', 'build/results/symbotic_exp1_exp2_itacbs_10s_adaptive/rows_itacbs_outputs/paper_symbotic_39_37_ratio_000_symbotic_agents_55_test_18.out.yaml']' timed out after 10.0 seconds",1,0,11.235999584197998
60,2,0,124,,build/fixtures/symbotic_itacbs_normalized/paper_symbotic_39_37_ratio_000/symbotic_agents_60_test_2.yaml,,,,,,,,,,symbotic.map,60,572,16.0,16,16,,2,,0,itacbs,"Command '['third_party/ITA-CBS2/build/ITACBS_remake', '-i', 'build/fixtures/symbotic_itacbs_normalized/paper_symbotic_39_37_ratio_000/symbotic_agents_60_test_2.yaml', '-o', 'build/results/symbotic_exp1_exp2_itacbs_10s_adaptive/rows_itacbs_outputs/paper_symbotic_39_37_ratio_000_symbotic_agents_60_test_2.out.yaml']' timed out after 10.0 seconds",1,0,11.1524977684021
60,1,0,124,,build/fixtures/symbotic_itacbs_normalized/paper_symbotic_39_37_ratio_000/symbotic_agents_60_test_1.yaml,,,,,,,,,,symbotic.map,60,578,16.0,16,16,,1,,0,itacbs,"Command '['third_party/ITA-CBS2/build/ITACBS_remake', '-i', 'build/fixtures/symbotic_itacbs_normalized/paper_symbotic_39_37_ratio_000/symbotic_agents_60_test_1.yaml', '-o', 'build/results/symbotic_exp1_exp2_itacbs_10s_adaptive/rows_itacbs_outputs/paper_symbotic_39_37_ratio_000_symbotic_agents_60_test_1.out.yaml']' timed out after 10.0 seconds",1,0,11.282588720321655
60,0,0,124,,build/fixtures/symbotic_itacbs_normalized/paper_symbotic_39_37_ratio_000/symbotic_agents_60_test_0.yaml,,,,,,,,,,symbotic.map,60,563,16.0,16,16,,0,,0,itacbs,"Command '['third_party/ITA-CBS2/build/ITACBS_remake', '-i', 'build/fixtures/symbotic_itacbs_normalized/paper_symbotic_39_37_ratio_000/symbotic_agents_60_test_0.yaml', '-o', 'build/results/symbotic_exp1_exp2_itacbs_10s_adaptive/rows_itacbs_outputs/paper_symbotic_39_37_ratio_000_symbotic_agents_60_test_0.out.yaml']' timed out after 10.0 seconds",1,0,11.219128847122192
30,11,1,0,,build/fixtures/symbotic_itacbs_normalized/paper_symbotic_39_37_ratio_030/symbotic_agents_30_test_11.yaml,13.8029,67.59700000000001,270598,451.317,1164.9499999999998,518,1837,1967,23,symbotic.map,30,306,16.0,16,16,1775.3000000000002,11,260,1,itacbs,,0,1,2.066467523574829
60,3,0,124,,build/fixtures/symbotic_itacbs_normalized/paper_symbotic_39_37_ratio_000/symbotic_agents_60_test_3.yaml,,,,,,,,,,symbotic.map,60,574,16.0,16,16,,3,,0,itacbs,"Command '['third_party/ITA-CBS2/build/ITACBS_remake', '-i', 'build/fixtures/symbotic_itacbs_normalized/paper_symbotic_39_37_ratio_000/symbotic_agents_60_test_3.yaml', '-o', 'build/results/symbotic_exp1_exp2_itacbs_10s_adaptive/rows_itacbs_outputs/paper_symbotic_39_37_ratio_000_symbotic_agents_60_test_3.out.yaml']' timed out after 10.0 seconds",1,0,11.238622188568115
60,4,0,124,,build/fixtures/symbotic_itacbs_normalized/paper_symbotic_39_37_ratio_000/symbotic_agents_60_test_4.yaml,,,,,,,,,,symbotic.map,60,573,16.0,16,16,,4,,0,itacbs,"Command '['third_party/ITA-CBS2/build/ITACBS_remake', '-i', 'build/fixtures/symbotic_itacbs_normalized/paper_symbotic_39_37_ratio_000/symbotic_agents_60_test_4.yaml', '-o', 'build/results/symbotic_exp1_exp2_itacbs_10s_adaptive/rows_itacbs_outputs/paper_symbotic_39_37_ratio_000_symbotic_agents_60_test_4.out.yaml']' timed out after 10.0 seconds",1,0,11.16454291343689
60,5,0,124,,build/fixtures/symbotic_itacbs_normalized/paper_symbotic_39_37_ratio_000/symbotic_agents_60_test_5.yaml,,,,,,,,,,symbotic.map,60,577,16.0,16,16,,5,,0,itacbs,"Command '['third_party/ITA-CBS2/build/ITACBS_remake', '-i', 'build/fixtures/symbotic_itacbs_normalized/paper_symbotic_39_37_ratio_000/symbotic_agents_60_test_5.yaml', '-o', 'build/results/symbotic_exp1_exp2_itacbs_10s_adaptive/rows_itacbs_outputs/paper_symbotic_39_37_ratio_000_symbotic_agents_60_test_5.out.yaml']' timed out after 10.0 seconds",1,0,11.170422077178955
60,6,0,124,,build/fixtures/symbotic_itacbs_normalized/paper_symbotic_39_37_ratio_000/symbotic_agents_60_test_6.yaml,,,,,,,,,,symbotic.map,60,568,16.0,16,16,,6,,0,itacbs,"Command '['third_party/ITA-CBS2/build/ITACBS_remake', '-i', 'build/fixtures/symbotic_itacbs_normalized/paper_symbotic_39_37_ratio_000/symbotic_agents_60_test_6.yaml', '-o', 'build/results/symbotic_exp1_exp2_itacbs_10s_adaptive/rows_itacbs_outputs/paper_symbotic_39_37_ratio_000_symbotic_agents_60_test_6.out.yaml']' timed out after 10.0 seconds",1,0,11.149961709976196
30,17,1,0,,build/fixtures/symbotic_itacbs_normalized/paper_symbotic_39_37_ratio_030/symbotic_agents_30_test_17.yaml,15.3703,88.8878,268468,491.385,1535.61,433,2394,2629,19,symbotic.map,30,300,16.0,16,16,2235.49,17,248,1,itacbs,,0,1,2.5366432666778564
40,6,1,0,,build/fixtures/symbotic_itacbs_normalized/paper_symbotic_39_37_ratio_030/symbotic_agents_40_test_6.yaml,13.418700000000001,151.96499999999997,229973,364.799,1338.3400000000001,199,1272,1365,20,symbotic.map,40,377,16.0,16,16,1942.08,6,339,1,itacbs,,0,1,2.209075450897217
60,7,0,124,,build/fixtures/symbotic_itacbs_normalized/paper_symbotic_39_37_ratio_000/symbotic_agents_60_test_7.yaml,,,,,,,,,,symbotic.map,60,567,16.0,16,16,,7,,0,itacbs,"Command '['third_party/ITA-CBS2/build/ITACBS_remake', '-i', 'build/fixtures/symbotic_itacbs_normalized/paper_symbotic_39_37_ratio_000/symbotic_agents_60_test_7.yaml', '-o', 'build/results/symbotic_exp1_exp2_itacbs_10s_adaptive/rows_itacbs_outputs/paper_symbotic_39_37_ratio_000_symbotic_agents_60_test_7.out.yaml']' timed out after 10.0 seconds",1,0,11.147296667098999
60,9,0,124,,build/fixtures/symbotic_itacbs_normalized/paper_symbotic_39_37_ratio_000/symbotic_agents_60_test_9.yaml,,,,,,,,,,symbotic.map,60,585,16.0,16,16,,9,,0,itacbs,"Command '['third_party/ITA-CBS2/build/ITACBS_remake', '-i', 'build/fixtures/symbotic_itacbs_normalized/paper_symbotic_39_37_ratio_000/symbotic_agents_60_test_9.yaml', '-o', 'build/results/symbotic_exp1_exp2_itacbs_10s_adaptive/rows_itacbs_outputs/paper_symbotic_39_37_ratio_000_symbotic_agents_60_test_9.out.yaml']' timed out after 10.0 seconds",1,0,10.879655838012695
35,3,1,0,,build/fixtures/symbotic_itacbs_normalized/paper_symbotic_39_37_ratio_030/symbotic_agents_35_test_3.yaml,16.4568,106.46600000000001,288221,487.44399999999996,1652.72,422,1925,2185,22,symbotic.map,35,336,16.0,16,16,2370.4100000000003,3,325,1,itacbs,,0,1,2.6927316188812256
60,8,0,124,,build/fixtures/symbotic_itacbs_normalized/paper_symbotic_39_37_ratio_000/symbotic_agents_60_test_8.yaml,,,,,,,,,,symbotic.map,60,575,16.0,16,16,,8,,0,itacbs,"Command '['third_party/ITA-CBS2/build/ITACBS_remake', '-i', 'build/fixtures/symbotic_itacbs_normalized/paper_symbotic_39_37_ratio_000/symbotic_agents_60_test_8.yaml', '-o', 'build/results/symbotic_exp1_exp2_itacbs_10s_adaptive/rows_itacbs_outputs/paper_symbotic_39_37_ratio_000_symbotic_agents_60_test_8.out.yaml']' timed out after 10.0 seconds",1,0,11.094504594802856
35,10,1,0,,build/fixtures/symbotic_itacbs_normalized/paper_symbotic_39_37_ratio_030/symbotic_agents_35_test_10.yaml,18.8177,172.937,242678,444.955,1619.68,435,1924,2199,22,symbotic.map,35,327,16.0,16,16,2362.71,10,314,1,itacbs,,0,1,2.6541953086853027
60,10,0,124,,build/fixtures/symbotic_itacbs_normalized/paper_symbotic_39_37_ratio_000/symbotic_agents_60_test_10.yaml,,,,,,,,,,symbotic.map,60,551,16.0,16,16,,10,,0,itacbs,"Command '['third_party/ITA-CBS2/build/ITACBS_remake', '-i', 'build/fixtures/symbotic_itacbs_normalized/paper_symbotic_39_37_ratio_000/symbotic_agents_60_test_10.yaml', '-o', 'build/results/symbotic_exp1_exp2_itacbs_10s_adaptive/rows_itacbs_outputs/paper_symbotic_39_37_ratio_000_symbotic_agents_60_test_10.out.yaml']' timed out after 10.0 seconds",1,0,11.115277767181396
60,11,0,124,,build/fixtures/symbotic_itacbs_normalized/paper_symbotic_39_37_ratio_000/symbotic_agents_60_test_11.yaml,,,,,,,,,,symbotic.map,60,570,16.0,16,16,,11,,0,itacbs,"Command '['third_party/ITA-CBS2/build/ITACBS_remake', '-i', 'build/fixtures/symbotic_itacbs_normalized/paper_symbotic_39_37_ratio_000/symbotic_agents_60_test_11.yaml', '-o', 'build/results/symbotic_exp1_exp2_itacbs_10s_adaptive/rows_itacbs_outputs/paper_symbotic_39_37_ratio_000_symbotic_agents_60_test_11.out.yaml']' timed out after 10.0 seconds",1,0,11.134669303894043
60,12,0,124,,build/fixtures/symbotic_itacbs_normalized/paper_symbotic_39_37_ratio_000/symbotic_agents_60_test_12.yaml,,,,,,,,,,symbotic.map,60,577,16.0,16,16,,12,,0,itacbs,"Command '['third_party/ITA-CBS2/build/ITACBS_remake', '-i', 'build/fixtures/symbotic_itacbs_normalized/paper_symbotic_39_37_ratio_000/symbotic_agents_60_test_12.yaml', '-o', 'build/results/symbotic_exp1_exp2_itacbs_10s_adaptive/rows_itacbs_outputs/paper_symbotic_39_37_ratio_000_symbotic_agents_60_test_12.out.yaml']' timed out after 10.0 seconds",1,0,11.255286693572998
60,13,0,124,,build/fixtures/symbotic_itacbs_normalized/paper_symbotic_39_37_ratio_000/symbotic_agents_60_test_13.yaml,,,,,,,,,,symbotic.map,60,565,16.0,16,16,,13,,0,itacbs,"Command '['third_party/ITA-CBS2/build/ITACBS_remake', '-i', 'build/fixtures/symbotic_itacbs_normalized/paper_symbotic_39_37_ratio_000/symbotic_agents_60_test_13.yaml', '-o', 'build/results/symbotic_exp1_exp2_itacbs_10s_adaptive/rows_itacbs_outputs/paper_symbotic_39_37_ratio_000_symbotic_agents_60_test_13.out.yaml']' timed out after 10.0 seconds",1,0,11.170403480529785
60,14,0,124,,build/fixtures/symbotic_itacbs_normalized/paper_symbotic_39_37_ratio_000/symbotic_agents_60_test_14.yaml,,,,,,,,,,symbotic.map,60,575,16.0,16,16,,14,,0,itacbs,"Command '['third_party/ITA-CBS2/build/ITACBS_remake', '-i', 'build/fixtures/symbotic_itacbs_normalized/paper_symbotic_39_37_ratio_000/symbotic_agents_60_test_14.yaml', '-o', 'build/results/symbotic_exp1_exp2_itacbs_10s_adaptive/rows_itacbs_outputs/paper_symbotic_39_37_ratio_000_symbotic_agents_60_test_14.out.yaml']' timed out after 10.0 seconds",1,0,11.07464075088501
60,15,0,124,,build/fixtures/symbotic_itacbs_normalized/paper_symbotic_39_37_ratio_000/symbotic_agents_60_test_15.yaml,,,,,,,,,,symbotic.map,60,565,16.0,16,16,,15,,0,itacbs,"Command '['third_party/ITA-CBS2/build/ITACBS_remake', '-i', 'build/fixtures/symbotic_itacbs_normalized/paper_symbotic_39_37_ratio_000/symbotic_agents_60_test_15.yaml', '-o', 'build/results/symbotic_exp1_exp2_itacbs_10s_adaptive/rows_itacbs_outputs/paper_symbotic_39_37_ratio_000_symbotic_agents_60_test_15.out.yaml']' timed out after 10.0 seconds",1,0,11.108168363571167
35,2,1,0,,build/fixtures/symbotic_itacbs_normalized/paper_symbotic_39_37_ratio_030/symbotic_agents_35_test_2.yaml,19.699399999999997,167.002,466096,792.549,2449.05,333,2641,3285,17,symbotic.map,35,340,16.0,16,16,3607.23,2,275,1,itacbs,,0,1,4.034894227981567
45,15,1,0,,build/fixtures/symbotic_itacbs_normalized/paper_symbotic_39_37_ratio_030/symbotic_agents_45_test_15.yaml,16.9771,99.8392,301583,558.083,1920.37,103,1453,1707,20,symbotic.map,45,408,16.0,16,16,2716.35,15,364,1,itacbs,,0,1,3.085397481918335
35,15,1,0,,build/fixtures/symbotic_itacbs_normalized/paper_symbotic_39_37_ratio_030/symbotic_agents_35_test_15.yaml,68.4289,257.004,354423,594.951,2817.87,601,3511,3811,22,symbotic.map,35,338,16.0,16,16,3990.7200000000003,15,268,1,itacbs,,0,1,4.435719013214111
60,16,0,124,,build/fixtures/symbotic_itacbs_normalized/paper_symbotic_39_37_ratio_000/symbotic_agents_60_test_16.yaml,,,,,,,,,,symbotic.map,60,560,16.0,16,16,,16,,0,itacbs,"Command '['third_party/ITA-CBS2/build/ITACBS_remake', '-i', 'build/fixtures/symbotic_itacbs_normalized/paper_symbotic_39_37_ratio_000/symbotic_agents_60_test_16.yaml', '-o', 'build/results/symbotic_exp1_exp2_itacbs_10s_adaptive/rows_itacbs_outputs/paper_symbotic_39_37_ratio_000_symbotic_agents_60_test_16.out.yaml']' timed out after 10.0 seconds",1,0,10.935669422149658
60,17,0,124,,build/fixtures/symbotic_itacbs_normalized/paper_symbotic_39_37_ratio_000/symbotic_agents_60_test_17.yaml,,,,,,,,,,symbotic.map,60,567,16.0,16,16,,17,,0,itacbs,"Command '['third_party/ITA-CBS2/build/ITACBS_remake', '-i', 'build/fixtures/symbotic_itacbs_normalized/paper_symbotic_39_37_ratio_000/symbotic_agents_60_test_17.yaml', '-o', 'build/results/symbotic_exp1_exp2_itacbs_10s_adaptive/rows_itacbs_outputs/paper_symbotic_39_37_ratio_000_symbotic_agents_60_test_17.out.yaml']' timed out after 10.0 seconds",1,0,10.946166038513184
60,19,0,124,,build/fixtures/symbotic_itacbs_normalized/paper_symbotic_39_37_ratio_000/symbotic_agents_60_test_19.yaml,,,,,,,,,,symbotic.map,60,590,16.0,16,16,,19,,0,itacbs,"Command '['third_party/ITA-CBS2/build/ITACBS_remake', '-i', 'build/fixtures/symbotic_itacbs_normalized/paper_symbotic_39_37_ratio_000/symbotic_agents_60_test_19.yaml', '-o', 'build/results/symbotic_exp1_exp2_itacbs_10s_adaptive/rows_itacbs_outputs/paper_symbotic_39_37_ratio_000_symbotic_agents_60_test_19.out.yaml']' timed out after 10.0 seconds",1,0,10.881677389144897
60,18,0,124,,build/fixtures/symbotic_itacbs_normalized/paper_symbotic_39_37_ratio_000/symbotic_agents_60_test_18.yaml,,,,,,,,,,symbotic.map,60,563,16.0,16,16,,18,,0,itacbs,"Command '['third_party/ITA-CBS2/build/ITACBS_remake', '-i', 'build/fixtures/symbotic_itacbs_normalized/paper_symbotic_39_37_ratio_000/symbotic_agents_60_test_18.yaml', '-o', 'build/results/symbotic_exp1_exp2_itacbs_10s_adaptive/rows_itacbs_outputs/paper_symbotic_39_37_ratio_000_symbotic_agents_60_test_18.out.yaml']' timed out after 10.0 seconds",1,0,11.10588026046753
30,1,1,0,,build/fixtures/symbotic_itacbs_normalized/paper_symbotic_39_37_ratio_030/symbotic_agents_30_test_1.yaml,30.7617,500.37100000000004,807264,1192.43,3493.48,1346,5258,6437,23,symbotic.map,30,301,16.0,16,16,5641.02,1,281,1,itacbs,,0,1,6.207568407058716
40,4,1,0,,build/fixtures/symbotic_itacbs_normalized/paper_symbotic_39_37_ratio_030/symbotic_agents_40_test_4.yaml,34.180099999999996,236.319,635310,1068.25,3463.71,463,3636,3919,23,symbotic.map,40,373,16.0,16,16,5133.5,4,374,1,itacbs,,0,1,5.708638906478882
20,0,0,124,,build/fixtures/symbotic_itacbs_normalized/paper_symbotic_39_37_ratio_030/symbotic_agents_20_test_0.yaml,,,,,,,,,,symbotic.map,20,201,16.0,16,16,,0,,0,itacbs,"Command '['third_party/ITA-CBS2/build/ITACBS_remake', '-i', 'build/fixtures/symbotic_itacbs_normalized/paper_symbotic_39_37_ratio_030/symbotic_agents_20_test_0.yaml', '-o', 'build/results/symbotic_exp1_exp2_itacbs_10s_adaptive/rows_itacbs_outputs/paper_symbotic_39_37_ratio_030_symbotic_agents_20_test_0.out.yaml']' timed out after 10.0 seconds",1,0,10.624629020690918
40,8,1,0,,build/fixtures/symbotic_itacbs_normalized/paper_symbotic_39_37_ratio_030/symbotic_agents_40_test_8.yaml,39.2089,441.503,489578,806.312,4392.57,405,4471,4969,24,symbotic.map,40,378,16.0,16,16,6305.98,8,344,1,itacbs,,0,1,6.934577703475952
20,11,0,124,,build/fixtures/symbotic_itacbs_normalized/paper_symbotic_39_37_ratio_030/symbotic_agents_20_test_11.yaml,,,,,,,,,,symbotic.map,20,219,16.0,16,16,,11,,0,itacbs,"Command '['third_party/ITA-CBS2/build/ITACBS_remake', '-i', 'build/fixtures/symbotic_itacbs_normalized/paper_symbotic_39_37_ratio_030/symbotic_agents_20_test_11.yaml', '-o', 'build/results/symbotic_exp1_exp2_itacbs_10s_adaptive/rows_itacbs_outputs/paper_symbotic_39_37_ratio_030_symbotic_agents_20_test_11.out.yaml']' timed out after 10.0 seconds",1,0,10.597023963928223
30,14,1,0,,build/fixtures/symbotic_itacbs_normalized/paper_symbotic_39_37_ratio_030/symbotic_agents_30_test_14.yaml,47.6425,563.418,1130699,1787.79,4212.19,2683,6549,7925,22,symbotic.map,30,305,16.0,16,16,7367.75,14,255,1,itacbs,,0,1,8.002328872680664
25,0,0,124,,build/fixtures/symbotic_itacbs_normalized/paper_symbotic_39_37_ratio_030/symbotic_agents_25_test_0.yaml,,,,,,,,,,symbotic.map,25,254,16.0,16,16,,0,,0,itacbs,"Command '['third_party/ITA-CBS2/build/ITACBS_remake', '-i', 'build/fixtures/symbotic_itacbs_normalized/paper_symbotic_39_37_ratio_030/symbotic_agents_25_test_0.yaml', '-o', 'build/results/symbotic_exp1_exp2_itacbs_10s_adaptive/rows_itacbs_outputs/paper_symbotic_39_37_ratio_030_symbotic_agents_25_test_0.out.yaml']' timed out after 10.0 seconds",1,0,10.296611547470093
45,10,1,0,,build/fixtures/symbotic_itacbs_normalized/paper_symbotic_39_37_ratio_030/symbotic_agents_45_test_10.yaml,38.8991,442.133,773840,1576.68,4598.02,344,3537,4625,20,symbotic.map,45,392,16.0,16,16,7508.67,10,346,1,itacbs,,0,1,8.211577653884888
25,7,0,124,,build/fixtures/symbotic_itacbs_normalized/paper_symbotic_39_37_ratio_030/symbotic_agents_25_test_7.yaml,,,,,,,,,,symbotic.map,25,253,16.0,16,16,,7,,0,itacbs,"Command '['third_party/ITA-CBS2/build/ITACBS_remake', '-i', 'build/fixtures/symbotic_itacbs_normalized/paper_symbotic_39_37_ratio_030/symbotic_agents_25_test_7.yaml', '-o', 'build/results/symbotic_exp1_exp2_itacbs_10s_adaptive/rows_itacbs_outputs/paper_symbotic_39_37_ratio_030_symbotic_agents_25_test_7.out.yaml']' timed out after 10.0 seconds",1,0,10.452006578445435
25,12,0,124,,build/fixtures/symbotic_itacbs_normalized/paper_symbotic_39_37_ratio_030/symbotic_agents_25_test_12.yaml,,,,,,,,,,symbotic.map,25,260,16.0,16,16,,12,,0,itacbs,"Command '['third_party/ITA-CBS2/build/ITACBS_remake', '-i', 'build/fixtures/symbotic_itacbs_normalized/paper_symbotic_39_37_ratio_030/symbotic_agents_25_test_12.yaml', '-o', 'build/results/symbotic_exp1_exp2_itacbs_10s_adaptive/rows_itacbs_outputs/paper_symbotic_39_37_ratio_030_symbotic_agents_25_test_12.out.yaml']' timed out after 10.0 seconds",1,0,10.918056964874268
15,0,1,0,,build/fixtures/symbotic_itacbs_normalized/paper_symbotic_39_37_ratio_060/symbotic_agents_15_test_0.yaml,0.430778,0.098027,7726,14.086500000000001,0.154273,0,1,3,24,symbotic.map,15,104,16.0,16,16,15.949399999999999,0,135,1,itacbs,,0,1,0.057891845703125
15,1,1,0,,build/fixtures/symbotic_itacbs_normalized/paper_symbotic_39_37_ratio_060/symbotic_agents_15_test_1.yaml,0.229165,0.065324,6395,9.66784,0.000211,0,1,1,19,symbotic.map,15,108,16.0,16,16,10.098700000000001,1,110,1,itacbs,,0,1,0.05221199989318848
25,13,0,124,,build/fixtures/symbotic_itacbs_normalized/paper_symbotic_39_37_ratio_030/symbotic_agents_25_test_13.yaml,,,,,,,,,,symbotic.map,25,261,16.0,16,16,,13,,0,itacbs,"Command '['third_party/ITA-CBS2/build/ITACBS_remake', '-i', 'build/fixtures/symbotic_itacbs_normalized/paper_symbotic_39_37_ratio_030/symbotic_agents_25_test_13.yaml', '-o', 'build/results/symbotic_exp1_exp2_itacbs_10s_adaptive/rows_itacbs_outputs/paper_symbotic_39_37_ratio_030_symbotic_agents_25_test_13.out.yaml']' timed out after 10.0 seconds",1,0,11.482679605484009
15,2,1,0,,build/fixtures/symbotic_itacbs_normalized/paper_symbotic_39_37_ratio_060/symbotic_agents_15_test_2.yaml,0.466847,0.10987899999999999,6588,11.8298,0.618244,1,5,5,19,symbotic.map,15,109,16.0,16,16,13.5876,2,114,1,itacbs,,0,1,0.06271839141845703
15,3,1,0,,build/fixtures/symbotic_itacbs_normalized/paper_symbotic_39_37_ratio_060/symbotic_agents_15_test_3.yaml,1.59189,0.408558,8498,15.2965,2.53091,2,16,19,20,symbotic.map,15,109,16.0,16,16,20.607400000000002,3,144,1,itacbs,,0,1,0.06622672080993652
15,4,1,0,,build/fixtures/symbotic_itacbs_normalized/paper_symbotic_39_37_ratio_060/symbotic_agents_15_test_4.yaml,0.305659,0.12210199999999999,7957,12.364,0.729656,1,4,5,16,symbotic.map,15,106,16.0,16,16,13.785,4,142,1,itacbs,,0,1,0.07193303108215332
15,6,1,0,,build/fixtures/symbotic_itacbs_normalized/paper_symbotic_39_37_ratio_060/symbotic_agents_15_test_6.yaml,0.33114899999999997,0.069422,7201,11.1842,0.000191,0,1,1,19,symbotic.map,15,107,16.0,16,16,11.740499999999999,6,131,1,itacbs,,0,1,0.05737709999084473
30,5,0,124,,build/fixtures/symbotic_itacbs_normalized/paper_symbotic_39_37_ratio_030/symbotic_agents_30_test_5.yaml,,,,,,,,,,symbotic.map,30,304,16.0,16,16,,5,,0,itacbs,"Command '['third_party/ITA-CBS2/build/ITACBS_remake', '-i', 'build/fixtures/symbotic_itacbs_normalized/paper_symbotic_39_37_ratio_030/symbotic_agents_30_test_5.yaml', '-o', 'build/results/symbotic_exp1_exp2_itacbs_10s_adaptive/rows_itacbs_outputs/paper_symbotic_39_37_ratio_030_symbotic_agents_30_test_5.out.yaml']' timed out after 10.0 seconds",1,0,11.943615674972534
15,5,1,0,,build/fixtures/symbotic_itacbs_normalized/paper_symbotic_39_37_ratio_060/symbotic_agents_15_test_5.yaml,0.246199,0.178409,7179,19.099999999999998,0.732571,2,6,7,17,symbotic.map,15,109,16.0,16,16,21.1842,5,130,1,itacbs,,0,1,0.11795234680175781
15,7,1,0,,build/fixtures/symbotic_itacbs_normalized/paper_symbotic_39_37_ratio_060/symbotic_agents_15_test_7.yaml,0.41755299999999995,0.229414,7926,12.4052,1.4421,0,12,13,18,symbotic.map,15,108,16.0,16,16,14.7555,7,123,1,itacbs,,0,1,0.05545163154602051
15,9,1,0,,build/fixtures/symbotic_itacbs_normalized/paper_symbotic_39_37_ratio_060/symbotic_agents_15_test_9.yaml,0.47545299999999996,0.538305,14638,26.0512,5.97392,12,70,75,18,symbotic.map,15,110,16.0,16,16,34.384,9,143,1,itacbs,,0,1,0.09245038032531738
30,6,0,124,,build/fixtures/symbotic_itacbs_normalized/paper_symbotic_39_37_ratio_030/symbotic_agents_30_test_6.yaml,,,,,,,,,,symbotic.map,30,295,16.0,16,16,,6,,0,itacbs,"Command '['third_party/ITA-CBS2/build/ITACBS_remake', '-i', 'build/fixtures/symbotic_itacbs_normalized/paper_symbotic_39_37_ratio_030/symbotic_agents_30_test_6.yaml', '-o', 'build/results/symbotic_exp1_exp2_itacbs_10s_adaptive/rows_itacbs_outputs/paper_symbotic_39_37_ratio_030_symbotic_agents_30_test_6.out.yaml']' timed out after 10.0 seconds",1,0,12.464839220046997
15,10,1,0,,build/fixtures/symbotic_itacbs_normalized/paper_symbotic_39_37_ratio_060/symbotic_agents_15_test_10.yaml,0.298536,0.089169,7338,21.078300000000002,0.020188,1,3,3,16,symbotic.map,15,105,16.0,16,16,22.0752,10,120,1,itacbs,,0,1,0.10060358047485352
15,11,1,0,,build/fixtures/symbotic_itacbs_normalized/paper_symbotic_39_37_ratio_060/symbotic_agents_15_test_11.yaml,0.36867,0.06938100000000001,6594,10.3312,0.333223,0,3,3,15,symbotic.map,15,105,16.0,16,16,11.320200000000002,11,117,1,itacbs,,0,1,0.053550004959106445
15,12,1,0,,build/fixtures/symbotic_itacbs_normalized/paper_symbotic_39_37_ratio_060/symbotic_agents_15_test_12.yaml,0.277478,0.09051300000000001,7550,11.4749,0.723284,0,5,5,22,symbotic.map,15,113,16.0,16,16,12.7737,12,133,1,itacbs,,0,1,0.062239646911621094
15,13,1,0,,build/fixtures/symbotic_itacbs_normalized/paper_symbotic_39_37_ratio_060/symbotic_agents_15_test_13.yaml,0.545716,0.123115,9686,15.087299999999999,1.4263800000000002,5,19,19,19,symbotic.map,15,107,16.0,16,16,17.8277,13,113,1,itacbs,,0,1,0.05901312828063965
30,15,0,124,,build/fixtures/symbotic_itacbs_normalized/paper_symbotic_39_37_ratio_030/symbotic_agents_30_test_15.yaml,,,,,,,,,,symbotic.map,30,291,16.0,16,16,,15,,0,itacbs,"Command '['third_party/ITA-CBS2/build/ITACBS_remake', '-i', 'build/fixtures/symbotic_itacbs_normalized/paper_symbotic_39_37_ratio_030/symbotic_agents_30_test_15.yaml', '-o', 'build/results/symbotic_exp1_exp2_itacbs_10s_adaptive/rows_itacbs_outputs/paper_symbotic_39_37_ratio_030_symbotic_agents_30_test_15.out.yaml']' timed out after 10.0 seconds",1,0,12.764485120773315
15,14,1,0,,build/fixtures/symbotic_itacbs_normalized/paper_symbotic_39_37_ratio_060/symbotic_agents_15_test_14.yaml,0.29063,0.5412509999999999,10720,32.6042,11.5992,8,27,29,25,symbotic.map,15,103,16.0,16,16,45.941900000000004,14,135,1,itacbs,,0,1,0.13237571716308594
30,16,0,124,,build/fixtures/symbotic_itacbs_normalized/paper_symbotic_39_37_ratio_030/symbotic_agents_30_test_16.yaml,,,,,,,,,,symbotic.map,30,297,16.0,16,16,,16,,0,itacbs,"Command '['third_party/ITA-CBS2/build/ITACBS_remake', '-i', 'build/fixtures/symbotic_itacbs_normalized/paper_symbotic_39_37_ratio_030/symbotic_agents_30_test_16.yaml', '-o', 'build/results/symbotic_exp1_exp2_itacbs_10s_adaptive/rows_itacbs_outputs/paper_symbotic_39_37_ratio_030_symbotic_agents_30_test_16.out.yaml']' timed out after 10.0 seconds",1,0,12.891164541244507
30,3,0,124,,build/fixtures/symbotic_itacbs_normalized/paper_symbotic_39_37_ratio_030/symbotic_agents_30_test_3.yaml,,,,,,,,,,symbotic.map,30,294,16.0,16,16,,3,,0,itacbs,"Command '['third_party/ITA-CBS2/build/ITACBS_remake', '-i', 'build/fixtures/symbotic_itacbs_normalized/paper_symbotic_39_37_ratio_030/symbotic_agents_30_test_3.yaml', '-o', 'build/results/symbotic_exp1_exp2_itacbs_10s_adaptive/rows_itacbs_outputs/paper_symbotic_39_37_ratio_030_symbotic_agents_30_test_3.out.yaml']' timed out after 10.0 seconds",1,0,13.104651689529419
15,16,1,0,,build/fixtures/symbotic_itacbs_normalized/paper_symbotic_39_37_ratio_060/symbotic_agents_15_test_16.yaml,0.311842,0.056186,6421,9.67779,0.00025,0,1,1,16,symbotic.map,15,105,16.0,16,16,10.1773,16,123,1,itacbs,,0,1,0.05133485794067383
15,17,1,0,,build/fixtures/symbotic_itacbs_normalized/paper_symbotic_39_37_ratio_060/symbotic_agents_15_test_17.yaml,0.319747,0.05278,6961,10.6877,0.00033099999999999997,0,1,1,15,symbotic.map,15,110,16.0,16,16,11.438600000000001,17,90,1,itacbs,,0,1,0.05307722091674805
35,11,0,124,,build/fixtures/symbotic_itacbs_normalized/paper_symbotic_39_37_ratio_030/symbotic_agents_35_test_11.yaml,,,,,,,,,,symbotic.map,35,335,16.0,16,16,,11,,0,itacbs,"Command '['third_party/ITA-CBS2/build/ITACBS_remake', '-i', 'build/fixtures/symbotic_itacbs_normalized/paper_symbotic_39_37_ratio_030/symbotic_agents_35_test_11.yaml', '-o', 'build/results/symbotic_exp1_exp2_itacbs_10s_adaptive/rows_itacbs_outputs/paper_symbotic_39_37_ratio_030_symbotic_agents_35_test_11.out.yaml']' timed out after 10.0 seconds",1,0,12.87398099899292
30,10,0,124,,build/fixtures/symbotic_itacbs_normalized/paper_symbotic_39_37_ratio_030/symbotic_agents_30_test_10.yaml,,,,,,,,,,symbotic.map,30,306,16.0,16,16,,10,,0,itacbs,"Command '['third_party/ITA-CBS2/build/ITACBS_remake', '-i', 'build/fixtures/symbotic_itacbs_normalized/paper_symbotic_39_37_ratio_030/symbotic_agents_30_test_10.yaml', '-o', 'build/results/symbotic_exp1_exp2_itacbs_10s_adaptive/rows_itacbs_outputs/paper_symbotic_39_37_ratio_030_symbotic_agents_30_test_10.out.yaml']' timed out after 10.0 seconds",1,0,13.141755104064941
35,8,0,124,,build/fixtures/symbotic_itacbs_normalized/paper_symbotic_39_37_ratio_030/symbotic_agents_35_test_8.yaml,,,,,,,,,,symbotic.map,35,326,16.0,16,16,,8,,0,itacbs,"Command '['third_party/ITA-CBS2/build/ITACBS_remake', '-i', 'build/fixtures/symbotic_itacbs_normalized/paper_symbotic_39_37_ratio_030/symbotic_agents_35_test_8.yaml', '-o', 'build/results/symbotic_exp1_exp2_itacbs_10s_adaptive/rows_itacbs_outputs/paper_symbotic_39_37_ratio_030_symbotic_agents_35_test_8.out.yaml']' timed out after 10.0 seconds",1,0,12.970718622207642
15,18,1,0,,build/fixtures/symbotic_itacbs_normalized/paper_symbotic_39_37_ratio_060/symbotic_agents_15_test_18.yaml,0.260615,0.065955,6573,9.924719999999999,0.00019999999999999998,0,1,1,19,symbotic.map,15,109,16.0,16,16,10.6419,18,123,1,itacbs,,0,1,0.07034182548522949
40,0,0,124,,build/fixtures/symbotic_itacbs_normalized/paper_symbotic_39_37_ratio_030/symbotic_agents_40_test_0.yaml,,,,,,,,,,symbotic.map,40,361,16.0,16,16,,0,,0,itacbs,"Command '['third_party/ITA-CBS2/build/ITACBS_remake', '-i', 'build/fixtures/symbotic_itacbs_normalized/paper_symbotic_39_37_ratio_030/symbotic_agents_40_test_0.yaml', '-o', 'build/results/symbotic_exp1_exp2_itacbs_10s_adaptive/rows_itacbs_outputs/paper_symbotic_39_37_ratio_030_symbotic_agents_40_test_0.out.yaml']' timed out after 10.0 seconds",1,0,12.960774898529053
35,14,0,124,,build/fixtures/symbotic_itacbs_normalized/paper_symbotic_39_37_ratio_030/symbotic_agents_35_test_14.yaml,,,,,,,,,,symbotic.map,35,332,16.0,16,16,,14,,0,itacbs,"Command '['third_party/ITA-CBS2/build/ITACBS_remake', '-i', 'build/fixtures/symbotic_itacbs_normalized/paper_symbotic_39_37_ratio_030/symbotic_agents_35_test_14.yaml', '-o', 'build/results/symbotic_exp1_exp2_itacbs_10s_adaptive/rows_itacbs_outputs/paper_symbotic_39_37_ratio_030_symbotic_agents_35_test_14.out.yaml']' timed out after 10.0 seconds",1,0,12.985750913619995
40,11,0,124,,build/fixtures/symbotic_itacbs_normalized/paper_symbotic_39_37_ratio_030/symbotic_agents_40_test_11.yaml,,,,,,,,,,symbotic.map,40,362,16.0,16,16,,11,,0,itacbs,"Command '['third_party/ITA-CBS2/build/ITACBS_remake', '-i', 'build/fixtures/symbotic_itacbs_normalized/paper_symbotic_39_37_ratio_030/symbotic_agents_40_test_11.yaml', '-o', 'build/results/symbotic_exp1_exp2_itacbs_10s_adaptive/rows_itacbs_outputs/paper_symbotic_39_37_ratio_030_symbotic_agents_40_test_11.out.yaml']' timed out after 10.0 seconds",1,0,12.93649411201477
40,7,0,124,,build/fixtures/symbotic_itacbs_normalized/paper_symbotic_39_37_ratio_030/symbotic_agents_40_test_7.yaml,,,,,,,,,,symbotic.map,40,370,16.0,16,16,,7,,0,itacbs,"Command '['third_party/ITA-CBS2/build/ITACBS_remake', '-i', 'build/fixtures/symbotic_itacbs_normalized/paper_symbotic_39_37_ratio_030/symbotic_agents_40_test_7.yaml', '-o', 'build/results/symbotic_exp1_exp2_itacbs_10s_adaptive/rows_itacbs_outputs/paper_symbotic_39_37_ratio_030_symbotic_agents_40_test_7.out.yaml']' timed out after 10.0 seconds",1,0,12.970784902572632
35,4,0,124,,build/fixtures/symbotic_itacbs_normalized/paper_symbotic_39_37_ratio_030/symbotic_agents_35_test_4.yaml,,,,,,,,,,symbotic.map,35,350,16.0,16,16,,4,,0,itacbs,"Command '['third_party/ITA-CBS2/build/ITACBS_remake', '-i', 'build/fixtures/symbotic_itacbs_normalized/paper_symbotic_39_37_ratio_030/symbotic_agents_35_test_4.yaml', '-o', 'build/results/symbotic_exp1_exp2_itacbs_10s_adaptive/rows_itacbs_outputs/paper_symbotic_39_37_ratio_030_symbotic_agents_35_test_4.out.yaml']' timed out after 10.0 seconds",1,0,13.118817806243896
35,19,0,124,,build/fixtures/symbotic_itacbs_normalized/paper_symbotic_39_37_ratio_030/symbotic_agents_35_test_19.yaml,,,,,,,,,,symbotic.map,35,332,16.0,16,16,,19,,0,itacbs,"Command '['third_party/ITA-CBS2/build/ITACBS_remake', '-i', 'build/fixtures/symbotic_itacbs_normalized/paper_symbotic_39_37_ratio_030/symbotic_agents_35_test_19.yaml', '-o', 'build/results/symbotic_exp1_exp2_itacbs_10s_adaptive/rows_itacbs_outputs/paper_symbotic_39_37_ratio_030_symbotic_agents_35_test_19.out.yaml']' timed out after 10.0 seconds",1,0,13.099273443222046
35,16,0,124,,build/fixtures/symbotic_itacbs_normalized/paper_symbotic_39_37_ratio_030/symbotic_agents_35_test_16.yaml,,,,,,,,,,symbotic.map,35,348,16.0,16,16,,16,,0,itacbs,"Command '['third_party/ITA-CBS2/build/ITACBS_remake', '-i', 'build/fixtures/symbotic_itacbs_normalized/paper_symbotic_39_37_ratio_030/symbotic_agents_35_test_16.yaml', '-o', 'build/results/symbotic_exp1_exp2_itacbs_10s_adaptive/rows_itacbs_outputs/paper_symbotic_39_37_ratio_030_symbotic_agents_35_test_16.out.yaml']' timed out after 10.0 seconds",1,0,13.129423141479492
20,1,1,0,,build/fixtures/symbotic_itacbs_normalized/paper_symbotic_39_37_ratio_060/symbotic_agents_20_test_1.yaml,0.361877,0.092476,8775,13.6411,0.0003,0,1,1,15,symbotic.map,20,139,16.0,16,16,14.9015,1,164,1,itacbs,,0,1,0.07064127922058105
35,12,0,124,,build/fixtures/symbotic_itacbs_normalized/paper_symbotic_39_37_ratio_030/symbotic_agents_35_test_12.yaml,,,,,,,,,,symbotic.map,35,330,16.0,16,16,,12,,0,itacbs,"Command '['third_party/ITA-CBS2/build/ITACBS_remake', '-i', 'build/fixtures/symbotic_itacbs_normalized/paper_symbotic_39_37_ratio_030/symbotic_agents_35_test_12.yaml', '-o', 'build/results/symbotic_exp1_exp2_itacbs_10s_adaptive/rows_itacbs_outputs/paper_symbotic_39_37_ratio_030_symbotic_agents_35_test_12.out.yaml']' timed out after 10.0 seconds",1,0,13.255608558654785
35,13,0,124,,build/fixtures/symbotic_itacbs_normalized/paper_symbotic_39_37_ratio_030/symbotic_agents_35_test_13.yaml,,,,,,,,,,symbotic.map,35,330,16.0,16,16,,13,,0,itacbs,"Command '['third_party/ITA-CBS2/build/ITACBS_remake', '-i', 'build/fixtures/symbotic_itacbs_normalized/paper_symbotic_39_37_ratio_030/symbotic_agents_35_test_13.yaml', '-o', 'build/results/symbotic_exp1_exp2_itacbs_10s_adaptive/rows_itacbs_outputs/paper_symbotic_39_37_ratio_030_symbotic_agents_35_test_13.out.yaml']' timed out after 10.0 seconds",1,0,13.287744760513306
15,19,1,0,,build/fixtures/symbotic_itacbs_normalized/paper_symbotic_39_37_ratio_060/symbotic_agents_15_test_19.yaml,0.28487100000000004,0.082467,7183,11.0519,0.000221,0,1,1,24,symbotic.map,15,109,16.0,16,16,11.8957,19,160,1,itacbs,,0,1,0.05353283882141113
20,3,1,0,,build/fixtures/symbotic_itacbs_normalized/paper_symbotic_39_37_ratio_060/symbotic_agents_20_test_3.yaml,1.3353,0.96489,29108,41.7634,15.1046,9,75,75,22,symbotic.map,20,139,16.0,16,16,61.2048,3,209,1,itacbs,,0,1,0.12181735038757324
20,7,1,0,,build/fixtures/symbotic_itacbs_normalized/paper_symbotic_39_37_ratio_060/symbotic_agents_20_test_7.yaml,0.510339,0.136689,8984,13.2993,0.000511,0,1,1,23,symbotic.map,20,137,16.0,16,16,14.7025,7,196,1,itacbs,,0,1,0.0605161190032959
35,0,0,124,,build/fixtures/symbotic_itacbs_normalized/paper_symbotic_39_37_ratio_030/symbotic_agents_35_test_0.yaml,,,,,,,,,,symbotic.map,35,334,16.0,16,16,,0,,0,itacbs,"Command '['third_party/ITA-CBS2/build/ITACBS_remake', '-i', 'build/fixtures/symbotic_itacbs_normalized/paper_symbotic_39_37_ratio_030/symbotic_agents_35_test_0.yaml', '-o', 'build/results/symbotic_exp1_exp2_itacbs_10s_adaptive/rows_itacbs_outputs/paper_symbotic_39_37_ratio_030_symbotic_agents_35_test_0.out.yaml']' timed out after 10.0 seconds",1,0,13.3083815574646
20,4,1,0,,build/fixtures/symbotic_itacbs_normalized/paper_symbotic_39_37_ratio_060/symbotic_agents_20_test_4.yaml,1.09263,3.1510499999999997,24640,34.3942,18.4777,36,78,105,29,symbotic.map,20,132,16.0,16,16,59.3935,4,235,1,itacbs,,0,1,0.11712002754211426
35,1,0,124,,build/fixtures/symbotic_itacbs_normalized/paper_symbotic_39_37_ratio_030/symbotic_agents_35_test_1.yaml,,,,,,,,,,symbotic.map,35,336,16.0,16,16,,1,,0,itacbs,"Command '['third_party/ITA-CBS2/build/ITACBS_remake', '-i', 'build/fixtures/symbotic_itacbs_normalized/paper_symbotic_39_37_ratio_030/symbotic_agents_35_test_1.yaml', '-o', 'build/results/symbotic_exp1_exp2_itacbs_10s_adaptive/rows_itacbs_outputs/paper_symbotic_39_37_ratio_030_symbotic_agents_35_test_1.out.yaml']' timed out after 10.0 seconds",1,0,13.423558235168457
40,9,0,124,,build/fixtures/symbotic_itacbs_normalized/paper_symbotic_39_37_ratio_030/symbotic_agents_40_test_9.yaml,,,,,,,,,,symbotic.map,40,350,16.0,16,16,,9,,0,itacbs,"Command '['third_party/ITA-CBS2/build/ITACBS_remake', '-i', 'build/fixtures/symbotic_itacbs_normalized/paper_symbotic_39_37_ratio_030/symbotic_agents_40_test_9.yaml', '-o', 'build/results/symbotic_exp1_exp2_itacbs_10s_adaptive/rows_itacbs_outputs/paper_symbotic_39_37_ratio_030_symbotic_agents_40_test_9.out.yaml']' timed out after 10.0 seconds",1,0,13.297011852264404
20,9,1,0,,build/fixtures/symbotic_itacbs_normalized/paper_symbotic_39_37_ratio_060/symbotic_agents_20_test_9.yaml,0.47070199999999995,0.662127,10979,15.1662,1.90013,6,11,11,17,symbotic.map,20,140,16.0,16,16,19.2697,9,176,1,itacbs,,0,1,0.06646203994750977
35,5,0,124,,build/fixtures/symbotic_itacbs_normalized/paper_symbotic_39_37_ratio_030/symbotic_agents_35_test_5.yaml,,,,,,,,,,symbotic.map,35,327,16.0,16,16,,5,,0,itacbs,"Command '['third_party/ITA-CBS2/build/ITACBS_remake', '-i', 'build/fixtures/symbotic_itacbs_normalized/paper_symbotic_39_37_ratio_030/symbotic_agents_35_test_5.yaml', '-o', 'build/results/symbotic_exp1_exp2_itacbs_10s_adaptive/rows_itacbs_outputs/paper_symbotic_39_37_ratio_030_symbotic_agents_35_test_5.out.yaml']' timed out after 10.0 seconds",1,0,13.485398292541504
40,10,0,124,,build/fixtures/symbotic_itacbs_normalized/paper_symbotic_39_37_ratio_030/symbotic_agents_40_test_10.yaml,,,,,,,,,,symbotic.map,40,380,16.0,16,16,,10,,0,itacbs,"Command '['third_party/ITA-CBS2/build/ITACBS_remake', '-i', 'build/fixtures/symbotic_itacbs_normalized/paper_symbotic_39_37_ratio_030/symbotic_agents_40_test_10.yaml', '-o', 'build/results/symbotic_exp1_exp2_itacbs_10s_adaptive/rows_itacbs_outputs/paper_symbotic_39_37_ratio_030_symbotic_agents_40_test_10.out.yaml']' timed out after 10.0 seconds",1,0,13.350436925888062
40,19,0,124,,build/fixtures/symbotic_itacbs_normalized/paper_symbotic_39_37_ratio_030/symbotic_agents_40_test_19.yaml,,,,,,,,,,symbotic.map,40,384,16.0,16,16,,19,,0,itacbs,"Command '['third_party/ITA-CBS2/build/ITACBS_remake', '-i', 'build/fixtures/symbotic_itacbs_normalized/paper_symbotic_39_37_ratio_030/symbotic_agents_40_test_19.yaml', '-o', 'build/results/symbotic_exp1_exp2_itacbs_10s_adaptive/rows_itacbs_outputs/paper_symbotic_39_37_ratio_030_symbotic_agents_40_test_19.out.yaml']' timed out after 10.0 seconds",1,0,13.130125045776367
35,17,0,124,,build/fixtures/symbotic_itacbs_normalized/paper_symbotic_39_37_ratio_030/symbotic_agents_35_test_17.yaml,,,,,,,,,,symbotic.map,35,346,16.0,16,16,,17,,0,itacbs,"Command '['third_party/ITA-CBS2/build/ITACBS_remake', '-i', 'build/fixtures/symbotic_itacbs_normalized/paper_symbotic_39_37_ratio_030/symbotic_agents_35_test_17.yaml', '-o', 'build/results/symbotic_exp1_exp2_itacbs_10s_adaptive/rows_itacbs_outputs/paper_symbotic_39_37_ratio_030_symbotic_agents_35_test_17.out.yaml']' timed out after 10.0 seconds",1,0,13.430402755737305
40,5,0,124,,build/fixtures/symbotic_itacbs_normalized/paper_symbotic_39_37_ratio_030/symbotic_agents_40_test_5.yaml,,,,,,,,,,symbotic.map,40,371,16.0,16,16,,5,,0,itacbs,"Command '['third_party/ITA-CBS2/build/ITACBS_remake', '-i', 'build/fixtures/symbotic_itacbs_normalized/paper_symbotic_39_37_ratio_030/symbotic_agents_40_test_5.yaml', '-o', 'build/results/symbotic_exp1_exp2_itacbs_10s_adaptive/rows_itacbs_outputs/paper_symbotic_39_37_ratio_030_symbotic_agents_40_test_5.out.yaml']' timed out after 10.0 seconds",1,0,13.369869947433472
40,15,0,124,,build/fixtures/symbotic_itacbs_normalized/paper_symbotic_39_37_ratio_030/symbotic_agents_40_test_15.yaml,,,,,,,,,,symbotic.map,40,365,16.0,16,16,,15,,0,itacbs,"Command '['third_party/ITA-CBS2/build/ITACBS_remake', '-i', 'build/fixtures/symbotic_itacbs_normalized/paper_symbotic_39_37_ratio_030/symbotic_agents_40_test_15.yaml', '-o', 'build/results/symbotic_exp1_exp2_itacbs_10s_adaptive/rows_itacbs_outputs/paper_symbotic_39_37_ratio_030_symbotic_agents_40_test_15.out.yaml']' timed out after 10.0 seconds",1,0,13.309287548065186
20,14,1,0,,build/fixtures/symbotic_itacbs_normalized/paper_symbotic_39_37_ratio_060/symbotic_agents_20_test_14.yaml,0.58506,0.303717,8951,13.8294,1.0579999999999998,3,7,7,27,symbotic.map,20,144,16.0,16,16,16.332099999999997,14,160,1,itacbs,,0,1,0.06208181381225586
40,2,0,124,,build/fixtures/symbotic_itacbs_normalized/paper_symbotic_39_37_ratio_030/symbotic_agents_40_test_2.yaml,,,,,,,,,,symbotic.map,40,368,16.0,16,16,,2,,0,itacbs,"Command '['third_party/ITA-CBS2/build/ITACBS_remake', '-i', 'build/fixtures/symbotic_itacbs_normalized/paper_symbotic_39_37_ratio_030/symbotic_agents_40_test_2.yaml', '-o', 'build/results/symbotic_exp1_exp2_itacbs_10s_adaptive/rows_itacbs_outputs/paper_symbotic_39_37_ratio_030_symbotic_agents_40_test_2.out.yaml']' timed out after 10.0 seconds",1,0,13.384317398071289
40,12,0,124,,build/fixtures/symbotic_itacbs_normalized/paper_symbotic_39_37_ratio_030/symbotic_agents_40_test_12.yaml,,,,,,,,,,symbotic.map,40,381,16.0,16,16,,12,,0,itacbs,"Command '['third_party/ITA-CBS2/build/ITACBS_remake', '-i', 'build/fixtures/symbotic_itacbs_normalized/paper_symbotic_39_37_ratio_030/symbotic_agents_40_test_12.yaml', '-o', 'build/results/symbotic_exp1_exp2_itacbs_10s_adaptive/rows_itacbs_outputs/paper_symbotic_39_37_ratio_030_symbotic_agents_40_test_12.out.yaml']' timed out after 10.0 seconds",1,0,13.386975049972534
20,11,1,0,,build/fixtures/symbotic_itacbs_normalized/paper_symbotic_39_37_ratio_060/symbotic_agents_20_test_11.yaml,0.5661149999999999,0.14546599999999998,8595,10.5875,0.00025100000000000003,0,1,1,23,symbotic.map,20,139,16.0,16,16,11.995199999999999,11,185,1,itacbs,,0,1,0.05418682098388672
40,14,0,124,,build/fixtures/symbotic_itacbs_normalized/paper_symbotic_39_37_ratio_030/symbotic_agents_40_test_14.yaml,,,,,,,,,,symbotic.map,40,370,16.0,16,16,,14,,0,itacbs,"Command '['third_party/ITA-CBS2/build/ITACBS_remake', '-i', 'build/fixtures/symbotic_itacbs_normalized/paper_symbotic_39_37_ratio_030/symbotic_agents_40_test_14.yaml', '-o', 'build/results/symbotic_exp1_exp2_itacbs_10s_adaptive/rows_itacbs_outputs/paper_symbotic_39_37_ratio_030_symbotic_agents_40_test_14.out.yaml']' timed out after 10.0 seconds",1,0,13.344847202301025
20,6,1,0,,build/fixtures/symbotic_itacbs_normalized/paper_symbotic_39_37_ratio_060/symbotic_agents_20_test_6.yaml,0.842056,3.80087,18198,33.5802,172.053,1,139,171,18,symbotic.map,20,136,16.0,16,16,214.695,6,181,1,itacbs,,0,1,0.3515479564666748
40,18,0,124,,build/fixtures/symbotic_itacbs_normalized/paper_symbotic_39_37_ratio_030/symbotic_agents_40_test_18.yaml,,,,,,,,,,symbotic.map,40,377,16.0,16,16,,18,,0,itacbs,"Command '['third_party/ITA-CBS2/build/ITACBS_remake', '-i', 'build/fixtures/symbotic_itacbs_normalized/paper_symbotic_39_37_ratio_030/symbotic_agents_40_test_18.yaml', '-o', 'build/results/symbotic_exp1_exp2_itacbs_10s_adaptive/rows_itacbs_outputs/paper_symbotic_39_37_ratio_030_symbotic_agents_40_test_18.out.yaml']' timed out after 10.0 seconds",1,0,13.30620789527893
40,17,0,124,,build/fixtures/symbotic_itacbs_normalized/paper_symbotic_39_37_ratio_030/symbotic_agents_40_test_17.yaml,,,,,,,,,,symbotic.map,40,375,16.0,16,16,,17,,0,itacbs,"Command '['third_party/ITA-CBS2/build/ITACBS_remake', '-i', 'build/fixtures/symbotic_itacbs_normalized/paper_symbotic_39_37_ratio_030/symbotic_agents_40_test_17.yaml', '-o', 'build/results/symbotic_exp1_exp2_itacbs_10s_adaptive/rows_itacbs_outputs/paper_symbotic_39_37_ratio_030_symbotic_agents_40_test_17.out.yaml']' timed out after 10.0 seconds",1,0,13.35391116142273
40,1,0,124,,build/fixtures/symbotic_itacbs_normalized/paper_symbotic_39_37_ratio_030/symbotic_agents_40_test_1.yaml,,,,,,,,,,symbotic.map,40,374,16.0,16,16,,1,,0,itacbs,"Command '['third_party/ITA-CBS2/build/ITACBS_remake', '-i', 'build/fixtures/symbotic_itacbs_normalized/paper_symbotic_39_37_ratio_030/symbotic_agents_40_test_1.yaml', '-o', 'build/results/symbotic_exp1_exp2_itacbs_10s_adaptive/rows_itacbs_outputs/paper_symbotic_39_37_ratio_030_symbotic_agents_40_test_1.out.yaml']' timed out after 10.0 seconds",1,0,13.425549507141113
45,3,0,124,,build/fixtures/symbotic_itacbs_normalized/paper_symbotic_39_37_ratio_030/symbotic_agents_45_test_3.yaml,,,,,,,,,,symbotic.map,45,389,16.0,16,16,,3,,0,itacbs,"Command '['third_party/ITA-CBS2/build/ITACBS_remake', '-i', 'build/fixtures/symbotic_itacbs_normalized/paper_symbotic_39_37_ratio_030/symbotic_agents_45_test_3.yaml', '-o', 'build/results/symbotic_exp1_exp2_itacbs_10s_adaptive/rows_itacbs_outputs/paper_symbotic_39_37_ratio_030_symbotic_agents_45_test_3.out.yaml']' timed out after 10.0 seconds",1,0,13.272460460662842
45,6,0,124,,build/fixtures/symbotic_itacbs_normalized/paper_symbotic_39_37_ratio_030/symbotic_agents_45_test_6.yaml,,,,,,,,,,symbotic.map,45,411,16.0,16,16,,6,,0,itacbs,"Command '['third_party/ITA-CBS2/build/ITACBS_remake', '-i', 'build/fixtures/symbotic_itacbs_normalized/paper_symbotic_39_37_ratio_030/symbotic_agents_45_test_6.yaml', '-o', 'build/results/symbotic_exp1_exp2_itacbs_10s_adaptive/rows_itacbs_outputs/paper_symbotic_39_37_ratio_030_symbotic_agents_45_test_6.out.yaml']' timed out after 10.0 seconds",1,0,13.21453309059143
45,8,0,124,,build/fixtures/symbotic_itacbs_normalized/paper_symbotic_39_37_ratio_030/symbotic_agents_45_test_8.yaml,,,,,,,,,,symbotic.map,45,401,16.0,16,16,,8,,0,itacbs,"Command '['third_party/ITA-CBS2/build/ITACBS_remake', '-i', 'build/fixtures/symbotic_itacbs_normalized/paper_symbotic_39_37_ratio_030/symbotic_agents_45_test_8.yaml', '-o', 'build/results/symbotic_exp1_exp2_itacbs_10s_adaptive/rows_itacbs_outputs/paper_symbotic_39_37_ratio_030_symbotic_agents_45_test_8.out.yaml']' timed out after 10.0 seconds",1,0,13.235151529312134
45,4,0,124,,build/fixtures/symbotic_itacbs_normalized/paper_symbotic_39_37_ratio_030/symbotic_agents_45_test_4.yaml,,,,,,,,,,symbotic.map,45,408,16.0,16,16,,4,,0,itacbs,"Command '['third_party/ITA-CBS2/build/ITACBS_remake', '-i', 'build/fixtures/symbotic_itacbs_normalized/paper_symbotic_39_37_ratio_030/symbotic_agents_45_test_4.yaml', '-o', 'build/results/symbotic_exp1_exp2_itacbs_10s_adaptive/rows_itacbs_outputs/paper_symbotic_39_37_ratio_030_symbotic_agents_45_test_4.out.yaml']' timed out after 10.0 seconds",1,0,13.354537963867188
40,16,0,124,,build/fixtures/symbotic_itacbs_normalized/paper_symbotic_39_37_ratio_030/symbotic_agents_40_test_16.yaml,,,,,,,,,,symbotic.map,40,365,16.0,16,16,,16,,0,itacbs,"Command '['third_party/ITA-CBS2/build/ITACBS_remake', '-i', 'build/fixtures/symbotic_itacbs_normalized/paper_symbotic_39_37_ratio_030/symbotic_agents_40_test_16.yaml', '-o', 'build/results/symbotic_exp1_exp2_itacbs_10s_adaptive/rows_itacbs_outputs/paper_symbotic_39_37_ratio_030_symbotic_agents_40_test_16.out.yaml']' timed out after 10.0 seconds",1,0,13.463935136795044
45,0,0,124,,build/fixtures/symbotic_itacbs_normalized/paper_symbotic_39_37_ratio_030/symbotic_agents_45_test_0.yaml,,,,,,,,,,symbotic.map,45,394,16.0,16,16,,0,,0,itacbs,"Command '['third_party/ITA-CBS2/build/ITACBS_remake', '-i', 'build/fixtures/symbotic_itacbs_normalized/paper_symbotic_39_37_ratio_030/symbotic_agents_45_test_0.yaml', '-o', 'build/results/symbotic_exp1_exp2_itacbs_10s_adaptive/rows_itacbs_outputs/paper_symbotic_39_37_ratio_030_symbotic_agents_45_test_0.out.yaml']' timed out after 10.0 seconds",1,0,13.464422225952148
20,10,1,0,,build/fixtures/symbotic_itacbs_normalized/paper_symbotic_39_37_ratio_060/symbotic_agents_20_test_10.yaml,0.534489,22.7357,22166,251.857,13.8175,22,40,43,26,symbotic.map,20,140,16.0,16,16,290.243,10,170,1,itacbs,,0,1,0.46019816398620605
20,5,1,0,,build/fixtures/symbotic_itacbs_normalized/paper_symbotic_39_37_ratio_060/symbotic_agents_20_test_5.yaml,0.535975,1.9603200000000003,13548,77.32169999999999,7.27874,14,42,43,22,symbotic.map,20,136,16.0,16,16,95.2018,5,172,1,itacbs,,0,1,0.26605653762817383
40,3,0,124,,build/fixtures/symbotic_itacbs_normalized/paper_symbotic_39_37_ratio_030/symbotic_agents_40_test_3.yaml,,,,,,,,,,symbotic.map,40,377,16.0,16,16,,3,,0,itacbs,"Command '['third_party/ITA-CBS2/build/ITACBS_remake', '-i', 'build/fixtures/symbotic_itacbs_normalized/paper_symbotic_39_37_ratio_030/symbotic_agents_40_test_3.yaml', '-o', 'build/results/symbotic_exp1_exp2_itacbs_10s_adaptive/rows_itacbs_outputs/paper_symbotic_39_37_ratio_030_symbotic_agents_40_test_3.out.yaml']' timed out after 10.0 seconds",1,0,13.685558319091797
20,13,1,0,,build/fixtures/symbotic_itacbs_normalized/paper_symbotic_39_37_ratio_060/symbotic_agents_20_test_13.yaml,0.287456,0.105981,9017,15.7797,0.400862,0,3,3,16,symbotic.map,20,140,16.0,16,16,17.0773,13,139,1,itacbs,,0,1,0.0637662410736084
25,6,1,0,,build/fixtures/symbotic_itacbs_normalized/paper_symbotic_39_37_ratio_060/symbotic_agents_25_test_6.yaml,1.35881,1.06402,14303,21.874000000000002,5.51183,13,25,25,17,symbotic.map,25,164,16.0,16,16,31.263399999999997,6,206,1,itacbs,,0,1,0.07734942436218262
25,12,1,0,,build/fixtures/symbotic_itacbs_normalized/paper_symbotic_39_37_ratio_060/symbotic_agents_25_test_12.yaml,0.9363079999999999,0.29492999999999997,11975,17.36,1.0212999999999999,0,5,5,22,symbotic.map,25,166,16.0,16,16,20.173,12,177,1,itacbs,,0,1,0.07904291152954102
45,7,0,124,,build/fixtures/symbotic_itacbs_normalized/paper_symbotic_39_37_ratio_030/symbotic_agents_45_test_7.yaml,,,,,,,,,,symbotic.map,45,412,16.0,16,16,,7,,0,itacbs,"Command '['third_party/ITA-CBS2/build/ITACBS_remake', '-i', 'build/fixtures/symbotic_itacbs_normalized/paper_symbotic_39_37_ratio_030/symbotic_agents_45_test_7.yaml', '-o', 'build/results/symbotic_exp1_exp2_itacbs_10s_adaptive/rows_itacbs_outputs/paper_symbotic_39_37_ratio_030_symbotic_agents_45_test_7.out.yaml']' timed out after 10.0 seconds",1,0,13.4248526096344
20,19,1,0,,build/fixtures/symbotic_itacbs_normalized/paper_symbotic_39_37_ratio_060/symbotic_agents_20_test_19.yaml,2.06822,9.65706,48127,70.037,54.8815,41,277,307,24,symbotic.map,20,144,16.0,16,16,142.38600000000002,19,207,1,itacbs,,0,1,0.23372364044189453
45,1,0,124,,build/fixtures/symbotic_itacbs_normalized/paper_symbotic_39_37_ratio_030/symbotic_agents_45_test_1.yaml,,,,,,,,,,symbotic.map,45,414,16.0,16,16,,1,,0,itacbs,"Command '['third_party/ITA-CBS2/build/ITACBS_remake', '-i', 'build/fixtures/symbotic_itacbs_normalized/paper_symbotic_39_37_ratio_030/symbotic_agents_45_test_1.yaml', '-o', 'build/results/symbotic_exp1_exp2_itacbs_10s_adaptive/rows_itacbs_outputs/paper_symbotic_39_37_ratio_030_symbotic_agents_45_test_1.out.yaml']' timed out after 10.0 seconds",1,0,13.549040794372559
45,9,0,124,,build/fixtures/symbotic_itacbs_normalized/paper_symbotic_39_37_ratio_030/symbotic_agents_45_test_9.yaml,,,,,,,,,,symbotic.map,45,400,16.0,16,16,,9,,0,itacbs,"Command '['third_party/ITA-CBS2/build/ITACBS_remake', '-i', 'build/fixtures/symbotic_itacbs_normalized/paper_symbotic_39_37_ratio_030/symbotic_agents_45_test_9.yaml', '-o', 'build/results/symbotic_exp1_exp2_itacbs_10s_adaptive/rows_itacbs_outputs/paper_symbotic_39_37_ratio_030_symbotic_agents_45_test_9.out.yaml']' timed out after 10.0 seconds",1,0,13.400760650634766
20,15,1,0,,build/fixtures/symbotic_itacbs_normalized/paper_symbotic_39_37_ratio_060/symbotic_agents_20_test_15.yaml,0.5119400000000001,0.28459999999999996,11438,54.9336,14.365400000000001,0,8,11,21,symbotic.map,20,140,16.0,16,16,71.84490000000001,15,184,1,itacbs,,0,1,0.13512516021728516
25,5,1,0,,build/fixtures/symbotic_itacbs_normalized/paper_symbotic_39_37_ratio_060/symbotic_agents_25_test_5.yaml,0.9909840000000001,0.420227,12916,19.0757,2.52107,0,11,13,18,symbotic.map,25,167,16.0,16,16,23.8564,5,198,1,itacbs,,0,1,0.08845925331115723
35,6,0,124,,build/fixtures/symbotic_itacbs_normalized/paper_symbotic_39_37_ratio_030/symbotic_agents_35_test_6.yaml,,,,,,,,,,symbotic.map,35,337,16.0,16,16,,6,,0,itacbs,"Command '['third_party/ITA-CBS2/build/ITACBS_remake', '-i', 'build/fixtures/symbotic_itacbs_normalized/paper_symbotic_39_37_ratio_030/symbotic_agents_35_test_6.yaml', '-o', 'build/results/symbotic_exp1_exp2_itacbs_10s_adaptive/rows_itacbs_outputs/paper_symbotic_39_37_ratio_030_symbotic_agents_35_test_6.out.yaml']' timed out after 10.0 seconds",1,0,13.983243227005005
25,3,1,0,,build/fixtures/symbotic_itacbs_normalized/paper_symbotic_39_37_ratio_060/symbotic_agents_25_test_3.yaml,1.30773,0.584599,13004,20.392500000000002,4.20739,2,10,17,15,symbotic.map,25,174,16.0,16,16,27.5162,3,234,1,itacbs,,0,1,0.07724976539611816
25,9,1,0,,build/fixtures/symbotic_itacbs_normalized/paper_symbotic_39_37_ratio_060/symbotic_agents_25_test_9.yaml,1.50151,0.310068,11700,30.371,1.0681,1,5,5,19,symbotic.map,25,168,16.0,16,16,33.797399999999996,9,185,1,itacbs,,0,1,0.07817721366882324
45,13,0,124,,build/fixtures/symbotic_itacbs_normalized/paper_symbotic_39_37_ratio_030/symbotic_agents_45_test_13.yaml,,,,,,,,,,symbotic.map,45,407,16.0,16,16,,13,,0,itacbs,"Command '['third_party/ITA-CBS2/build/ITACBS_remake', '-i', 'build/fixtures/symbotic_itacbs_normalized/paper_symbotic_39_37_ratio_030/symbotic_agents_45_test_13.yaml', '-o', 'build/results/symbotic_exp1_exp2_itacbs_10s_adaptive/rows_itacbs_outputs/paper_symbotic_39_37_ratio_030_symbotic_agents_45_test_13.out.yaml']' timed out after 10.0 seconds",1,0,13.322325468063354
45,11,0,124,,build/fixtures/symbotic_itacbs_normalized/paper_symbotic_39_37_ratio_030/symbotic_agents_45_test_11.yaml,,,,,,,,,,symbotic.map,45,409,16.0,16,16,,11,,0,itacbs,"Command '['third_party/ITA-CBS2/build/ITACBS_remake', '-i', 'build/fixtures/symbotic_itacbs_normalized/paper_symbotic_39_37_ratio_030/symbotic_agents_45_test_11.yaml', '-o', 'build/results/symbotic_exp1_exp2_itacbs_10s_adaptive/rows_itacbs_outputs/paper_symbotic_39_37_ratio_030_symbotic_agents_45_test_11.out.yaml']' timed out after 10.0 seconds",1,0,13.474780559539795
25,4,1,0,,build/fixtures/symbotic_itacbs_normalized/paper_symbotic_39_37_ratio_060/symbotic_agents_25_test_4.yaml,1.18749,0.359974,12450,17.4162,3.29434,2,12,13,18,symbotic.map,25,173,16.0,16,16,23.345100000000002,4,195,1,itacbs,,0,1,0.06800627708435059
25,16,1,0,,build/fixtures/symbotic_itacbs_normalized/paper_symbotic_39_37_ratio_060/symbotic_agents_25_test_16.yaml,0.645838,0.8031050000000001,17953,27.3815,12.0261,6,52,53,20,symbotic.map,25,169,16.0,16,16,42.1527,16,219,1,itacbs,,0,1,0.09273052215576172
25,11,1,0,,build/fixtures/symbotic_itacbs_normalized/paper_symbotic_39_37_ratio_060/symbotic_agents_25_test_11.yaml,0.6143270000000001,0.193477,11902,19.3568,0.5068320000000001,1,3,3,16,symbotic.map,25,165,16.0,16,16,21.2357,11,205,1,itacbs,,0,1,0.09688711166381836
25,17,1,0,,build/fixtures/symbotic_itacbs_normalized/paper_symbotic_39_37_ratio_060/symbotic_agents_25_test_17.yaml,1.59758,2.185,25199,41.0963,15.049999999999999,8,65,65,21,symbotic.map,25,168,16.0,16,16,61.9825,17,188,1,itacbs,,0,1,0.1260077953338623
20,0,1,0,,build/fixtures/symbotic_itacbs_normalized/paper_symbotic_39_37_ratio_060/symbotic_agents_20_test_0.yaml,1.12538,2.8035400000000004,43099,76.6278,46.6907,51,171,171,22,symbotic.map,20,138,16.0,16,16,131.129,0,171,1,itacbs,,0,1,0.24903392791748047
45,2,0,124,,build/fixtures/symbotic_itacbs_normalized/paper_symbotic_39_37_ratio_030/symbotic_agents_45_test_2.yaml,,,,,,,,,,symbotic.map,45,388,16.0,16,16,,2,,0,itacbs,"Command '['third_party/ITA-CBS2/build/ITACBS_remake', '-i', 'build/fixtures/symbotic_itacbs_normalized/paper_symbotic_39_37_ratio_030/symbotic_agents_45_test_2.yaml', '-o', 'build/results/symbotic_exp1_exp2_itacbs_10s_adaptive/rows_itacbs_outputs/paper_symbotic_39_37_ratio_030_symbotic_agents_45_test_2.out.yaml']' timed out after 10.0 seconds",1,0,13.700539827346802
25,7,1,0,,build/fixtures/symbotic_itacbs_normalized/paper_symbotic_39_37_ratio_060/symbotic_agents_25_test_7.yaml,0.650163,0.39088300000000004,15384,23.1647,2.70351,1,11,15,20,symbotic.map,25,166,16.0,16,16,27.9187,7,214,1,itacbs,,0,1,0.10480380058288574
45,5,0,124,,build/fixtures/symbotic_itacbs_normalized/paper_symbotic_39_37_ratio_030/symbotic_agents_45_test_5.yaml,,,,,,,,,,symbotic.map,45,399,16.0,16,16,,5,,0,itacbs,"Command '['third_party/ITA-CBS2/build/ITACBS_remake', '-i', 'build/fixtures/symbotic_itacbs_normalized/paper_symbotic_39_37_ratio_030/symbotic_agents_45_test_5.yaml', '-o', 'build/results/symbotic_exp1_exp2_itacbs_10s_adaptive/rows_itacbs_outputs/paper_symbotic_39_37_ratio_030_symbotic_agents_45_test_5.out.yaml']' timed out after 10.0 seconds",1,0,13.673429012298584
45,12,0,124,,build/fixtures/symbotic_itacbs_normalized/paper_symbotic_39_37_ratio_030/symbotic_agents_45_test_12.yaml,,,,,,,,,,symbotic.map,45,402,16.0,16,16,,12,,0,itacbs,"Command '['third_party/ITA-CBS2/build/ITACBS_remake', '-i', 'build/fixtures/symbotic_itacbs_normalized/paper_symbotic_39_37_ratio_030/symbotic_agents_45_test_12.yaml', '-o', 'build/results/symbotic_exp1_exp2_itacbs_10s_adaptive/rows_itacbs_outputs/paper_symbotic_39_37_ratio_030_symbotic_agents_45_test_12.out.yaml']' timed out after 10.0 seconds",1,0,13.545029640197754
45,16,0,124,,build/fixtures/symbotic_itacbs_normalized/paper_symbotic_39_37_ratio_030/symbotic_agents_45_test_16.yaml,,,,,,,,,,symbotic.map,45,408,16.0,16,16,,16,,0,itacbs,"Command '['third_party/ITA-CBS2/build/ITACBS_remake', '-i', 'build/fixtures/symbotic_itacbs_normalized/paper_symbotic_39_37_ratio_030/symbotic_agents_45_test_16.yaml', '-o', 'build/results/symbotic_exp1_exp2_itacbs_10s_adaptive/rows_itacbs_outputs/paper_symbotic_39_37_ratio_030_symbotic_agents_45_test_16.out.yaml']' timed out after 10.0 seconds",1,0,13.37969422340393
25,19,1,0,,build/fixtures/symbotic_itacbs_normalized/paper_symbotic_39_37_ratio_060/symbotic_agents_25_test_19.yaml,1.50971,4.47587,39590,66.355,29.7047,31,103,139,20,symbotic.map,25,166,16.0,16,16,105.80199999999999,19,209,1,itacbs,,0,1,0.18134474754333496
25,0,1,0,,build/fixtures/symbotic_itacbs_normalized/paper_symbotic_39_37_ratio_060/symbotic_agents_25_test_0.yaml,3.30547,17.3624,100743,193.25500000000002,120.86,26,443,469,24,symbotic.map,25,164,16.0,16,16,346.329,0,228,1,itacbs,,0,1,0.46256184577941895
15,8,1,0,,build/fixtures/symbotic_itacbs_normalized/paper_symbotic_39_37_ratio_060/symbotic_agents_15_test_8.yaml,5.083469999999999,45.5766,475426,947.159,484.392,532,2254,2541,18,symbotic.map,15,110,16.0,16,16,1557.4699999999998,8,122,1,itacbs,,0,1,1.8113932609558105
45,17,0,124,,build/fixtures/symbotic_itacbs_normalized/paper_symbotic_39_37_ratio_030/symbotic_agents_45_test_17.yaml,,,,,,,,,,symbotic.map,45,402,16.0,16,16,,17,,0,itacbs,"Command '['third_party/ITA-CBS2/build/ITACBS_remake', '-i', 'build/fixtures/symbotic_itacbs_normalized/paper_symbotic_39_37_ratio_030/symbotic_agents_45_test_17.yaml', '-o', 'build/results/symbotic_exp1_exp2_itacbs_10s_adaptive/rows_itacbs_outputs/paper_symbotic_39_37_ratio_030_symbotic_agents_45_test_17.out.yaml']' timed out after 10.0 seconds",1,0,13.456657886505127
45,18,0,124,,build/fixtures/symbotic_itacbs_normalized/paper_symbotic_39_37_ratio_030/symbotic_agents_45_test_18.yaml,,,,,,,,,,symbotic.map,45,409,16.0,16,16,,18,,0,itacbs,"Command '['third_party/ITA-CBS2/build/ITACBS_remake', '-i', 'build/fixtures/symbotic_itacbs_normalized/paper_symbotic_39_37_ratio_030/symbotic_agents_45_test_18.yaml', '-o', 'build/results/symbotic_exp1_exp2_itacbs_10s_adaptive/rows_itacbs_outputs/paper_symbotic_39_37_ratio_030_symbotic_agents_45_test_18.out.yaml']' timed out after 10.0 seconds",1,0,13.417776346206665
30,3,1,0,,build/fixtures/symbotic_itacbs_normalized/paper_symbotic_39_37_ratio_060/symbotic_agents_30_test_3.yaml,1.73784,0.525138,14195,21.1464,1.66887,1,7,7,23,symbotic.map,30,197,16.0,16,16,25.9938,3,265,1,itacbs,,0,1,0.07418584823608398
45,19,0,124,,build/fixtures/symbotic_itacbs_normalized/paper_symbotic_39_37_ratio_030/symbotic_agents_45_test_19.yaml,,,,,,,,,,symbotic.map,45,385,16.0,16,16,,19,,0,itacbs,"Command '['third_party/ITA-CBS2/build/ITACBS_remake', '-i', 'build/fixtures/symbotic_itacbs_normalized/paper_symbotic_39_37_ratio_030/symbotic_agents_45_test_19.yaml', '-o', 'build/results/symbotic_exp1_exp2_itacbs_10s_adaptive/rows_itacbs_outputs/paper_symbotic_39_37_ratio_030_symbotic_agents_45_test_19.out.yaml']' timed out after 10.0 seconds",1,0,13.302174806594849
50,6,0,124,,build/fixtures/symbotic_itacbs_normalized/paper_symbotic_39_37_ratio_030/symbotic_agents_50_test_6.yaml,,,,,,,,,,symbotic.map,50,420,16.0,16,16,,6,,0,itacbs,"Command '['third_party/ITA-CBS2/build/ITACBS_remake', '-i', 'build/fixtures/symbotic_itacbs_normalized/paper_symbotic_39_37_ratio_030/symbotic_agents_50_test_6.yaml', '-o', 'build/results/symbotic_exp1_exp2_itacbs_10s_adaptive/rows_itacbs_outputs/paper_symbotic_39_37_ratio_030_symbotic_agents_50_test_6.out.yaml']' timed out after 10.0 seconds",1,0,13.128451347351074
30,2,1,0,,build/fixtures/symbotic_itacbs_normalized/paper_symbotic_39_37_ratio_060/symbotic_agents_30_test_2.yaml,2.74338,6.95141,45201,58.693599999999996,50.9073,2,167,169,20,symbotic.map,30,197,16.0,16,16,123.276,2,268,1,itacbs,,0,1,0.19286036491394043
30,9,1,0,,build/fixtures/symbotic_itacbs_normalized/paper_symbotic_39_37_ratio_060/symbotic_agents_30_test_9.yaml,1.81492,2.97968,20036,28.7454,12.6588,1,41,43,19,symbotic.map,30,200,16.0,16,16,47.9137,9,244,1,itacbs,,0,1,0.09801697731018066
30,6,1,0,,build/fixtures/symbotic_itacbs_normalized/paper_symbotic_39_37_ratio_060/symbotic_agents_30_test_6.yaml,1.47553,0.7542220000000001,16202,23.652099999999997,2.12722,2,9,9,18,symbotic.map,30,194,16.0,16,16,29.3018,6,286,1,itacbs,,0,1,0.08024358749389648
50,5,0,124,,build/fixtures/symbotic_itacbs_normalized/paper_symbotic_39_37_ratio_030/symbotic_agents_50_test_5.yaml,,,,,,,,,,symbotic.map,50,434,16.0,16,16,,5,,0,itacbs,"Command '['third_party/ITA-CBS2/build/ITACBS_remake', '-i', 'build/fixtures/symbotic_itacbs_normalized/paper_symbotic_39_37_ratio_030/symbotic_agents_50_test_5.yaml', '-o', 'build/results/symbotic_exp1_exp2_itacbs_10s_adaptive/rows_itacbs_outputs/paper_symbotic_39_37_ratio_030_symbotic_agents_50_test_5.out.yaml']' timed out after 10.0 seconds",1,0,13.21264386177063
20,16,1,0,,build/fixtures/symbotic_itacbs_normalized/paper_symbotic_39_37_ratio_060/symbotic_agents_20_test_16.yaml,6.093389999999999,1.24226,17925,89.29429999999999,42.0625,23,41,41,18,symbotic.map,20,138,16.0,16,16,144.43,16,174,1,itacbs,,0,1,0.2556934356689453
45,14,0,124,,build/fixtures/symbotic_itacbs_normalized/paper_symbotic_39_37_ratio_030/symbotic_agents_45_test_14.yaml,,,,,,,,,,symbotic.map,45,402,16.0,16,16,,14,,0,itacbs,"Command '['third_party/ITA-CBS2/build/ITACBS_remake', '-i', 'build/fixtures/symbotic_itacbs_normalized/paper_symbotic_39_37_ratio_030/symbotic_agents_45_test_14.yaml', '-o', 'build/results/symbotic_exp1_exp2_itacbs_10s_adaptive/rows_itacbs_outputs/paper_symbotic_39_37_ratio_030_symbotic_agents_45_test_14.out.yaml']' timed out after 10.0 seconds",1,0,13.67339563369751
50,1,0,124,,build/fixtures/symbotic_itacbs_normalized/paper_symbotic_39_37_ratio_030/symbotic_agents_50_test_1.yaml,,,,,,,,,,symbotic.map,50,430,16.0,16,16,,1,,0,itacbs,"Command '['third_party/ITA-CBS2/build/ITACBS_remake', '-i', 'build/fixtures/symbotic_itacbs_normalized/paper_symbotic_39_37_ratio_030/symbotic_agents_50_test_1.yaml', '-o', 'build/results/symbotic_exp1_exp2_itacbs_10s_adaptive/rows_itacbs_outputs/paper_symbotic_39_37_ratio_030_symbotic_agents_50_test_1.out.yaml']' timed out after 10.0 seconds",1,0,13.268992900848389
30,16,1,0,,build/fixtures/symbotic_itacbs_normalized/paper_symbotic_39_37_ratio_060/symbotic_agents_30_test_16.yaml,2.6207499999999997,3.17019,22923,33.6813,15.1774,26,55,57,24,symbotic.map,30,192,16.0,16,16,56.6826,16,257,1,itacbs,,0,1,0.10816240310668945
50,0,0,124,,build/fixtures/symbotic_itacbs_normalized/paper_symbotic_39_37_ratio_030/symbotic_agents_50_test_0.yaml,,,,,,,,,,symbotic.map,50,435,16.0,16,16,,0,,0,itacbs,"Command '['third_party/ITA-CBS2/build/ITACBS_remake', '-i', 'build/fixtures/symbotic_itacbs_normalized/paper_symbotic_39_37_ratio_030/symbotic_agents_50_test_0.yaml', '-o', 'build/results/symbotic_exp1_exp2_itacbs_10s_adaptive/rows_itacbs_outputs/paper_symbotic_39_37_ratio_030_symbotic_agents_50_test_0.out.yaml']' timed out after 10.0 seconds",1,0,13.511027336120605
50,8,0,124,,build/fixtures/symbotic_itacbs_normalized/paper_symbotic_39_37_ratio_030/symbotic_agents_50_test_8.yaml,,,,,,,,,,symbotic.map,50,440,16.0,16,16,,8,,0,itacbs,"Command '['third_party/ITA-CBS2/build/ITACBS_remake', '-i', 'build/fixtures/symbotic_itacbs_normalized/paper_symbotic_39_37_ratio_030/symbotic_agents_50_test_8.yaml', '-o', 'build/results/symbotic_exp1_exp2_itacbs_10s_adaptive/rows_itacbs_outputs/paper_symbotic_39_37_ratio_030_symbotic_agents_50_test_8.out.yaml']' timed out after 10.0 seconds",1,0,13.210651874542236
50,2,0,124,,build/fixtures/symbotic_itacbs_normalized/paper_symbotic_39_37_ratio_030/symbotic_agents_50_test_2.yaml,,,,,,,,,,symbotic.map,50,413,16.0,16,16,,2,,0,itacbs,"Command '['third_party/ITA-CBS2/build/ITACBS_remake', '-i', 'build/fixtures/symbotic_itacbs_normalized/paper_symbotic_39_37_ratio_030/symbotic_agents_50_test_2.yaml', '-o', 'build/results/symbotic_exp1_exp2_itacbs_10s_adaptive/rows_itacbs_outputs/paper_symbotic_39_37_ratio_030_symbotic_agents_50_test_2.out.yaml']' timed out after 10.0 seconds",1,0,13.28074598312378
30,0,1,0,,build/fixtures/symbotic_itacbs_normalized/paper_symbotic_39_37_ratio_060/symbotic_agents_30_test_0.yaml,1.7943,3.2825200000000003,21537,33.096000000000004,11.5003,3,36,41,19,symbotic.map,30,197,16.0,16,16,50.9415,0,324,1,itacbs,,0,1,0.11754965782165527
50,12,0,124,,build/fixtures/symbotic_itacbs_normalized/paper_symbotic_39_37_ratio_030/symbotic_agents_50_test_12.yaml,,,,,,,,,,symbotic.map,50,437,16.0,16,16,,12,,0,itacbs,"Command '['third_party/ITA-CBS2/build/ITACBS_remake', '-i', 'build/fixtures/symbotic_itacbs_normalized/paper_symbotic_39_37_ratio_030/symbotic_agents_50_test_12.yaml', '-o', 'build/results/symbotic_exp1_exp2_itacbs_10s_adaptive/rows_itacbs_outputs/paper_symbotic_39_37_ratio_030_symbotic_agents_50_test_12.out.yaml']' timed out after 10.0 seconds",1,0,13.02101731300354
20,12,1,0,,build/fixtures/symbotic_itacbs_normalized/paper_symbotic_39_37_ratio_060/symbotic_agents_20_test_12.yaml,0.7322449999999999,24.8799,16917,147.655,11.9073,12,63,67,24,symbotic.map,20,142,16.0,16,16,187.225,12,174,1,itacbs,,0,1,0.4887204170227051
50,9,0,124,,build/fixtures/symbotic_itacbs_normalized/paper_symbotic_39_37_ratio_030/symbotic_agents_50_test_9.yaml,,,,,,,,,,symbotic.map,50,433,16.0,16,16,,9,,0,itacbs,"Command '['third_party/ITA-CBS2/build/ITACBS_remake', '-i', 'build/fixtures/symbotic_itacbs_normalized/paper_symbotic_39_37_ratio_030/symbotic_agents_50_test_9.yaml', '-o', 'build/results/symbotic_exp1_exp2_itacbs_10s_adaptive/rows_itacbs_outputs/paper_symbotic_39_37_ratio_030_symbotic_agents_50_test_9.out.yaml']' timed out after 10.0 seconds",1,0,13.17745065689087
30,15,1,0,,build/fixtures/symbotic_itacbs_normalized/paper_symbotic_39_37_ratio_060/symbotic_agents_30_test_15.yaml,2.22692,7.57505,23390,36.600300000000004,52.9959,2,153,185,23,symbotic.map,30,195,16.0,16,16,128.375,15,275,1,itacbs,,0,1,0.20138883590698242
50,3,0,124,,build/fixtures/symbotic_itacbs_normalized/paper_symbotic_39_37_ratio_030/symbotic_agents_50_test_3.yaml,,,,,,,,,,symbotic.map,50,450,16.0,16,16,,3,,0,itacbs,"Command '['third_party/ITA-CBS2/build/ITACBS_remake', '-i', 'build/fixtures/symbotic_itacbs_normalized/paper_symbotic_39_37_ratio_030/symbotic_agents_50_test_3.yaml', '-o', 'build/results/symbotic_exp1_exp2_itacbs_10s_adaptive/rows_itacbs_outputs/paper_symbotic_39_37_ratio_030_symbotic_agents_50_test_3.out.yaml']' timed out after 10.0 seconds",1,0,13.415801286697388
50,7,0,124,,build/fixtures/symbotic_itacbs_normalized/paper_symbotic_39_37_ratio_030/symbotic_agents_50_test_7.yaml,,,,,,,,,,symbotic.map,50,438,16.0,16,16,,7,,0,itacbs,"Command '['third_party/ITA-CBS2/build/ITACBS_remake', '-i', 'build/fixtures/symbotic_itacbs_normalized/paper_symbotic_39_37_ratio_030/symbotic_agents_50_test_7.yaml', '-o', 'build/results/symbotic_exp1_exp2_itacbs_10s_adaptive/rows_itacbs_outputs/paper_symbotic_39_37_ratio_030_symbotic_agents_50_test_7.out.yaml']' timed out after 10.0 seconds",1,0,13.390526294708252
50,13,0,124,,build/fixtures/symbotic_itacbs_normalized/paper_symbotic_39_37_ratio_030/symbotic_agents_50_test_13.yaml,,,,,,,,,,symbotic.map,50,438,16.0,16,16,,13,,0,itacbs,"Command '['third_party/ITA-CBS2/build/ITACBS_remake', '-i', 'build/fixtures/symbotic_itacbs_normalized/paper_symbotic_39_37_ratio_030/symbotic_agents_50_test_13.yaml', '-o', 'build/results/symbotic_exp1_exp2_itacbs_10s_adaptive/rows_itacbs_outputs/paper_symbotic_39_37_ratio_030_symbotic_agents_50_test_13.out.yaml']' timed out after 10.0 seconds",1,0,13.130863666534424
20,18,1,0,,build/fixtures/symbotic_itacbs_normalized/paper_symbotic_39_37_ratio_060/symbotic_agents_20_test_18.yaml,0.664322,0.282205,10462,42.8189,12.8254,0,13,13,16,symbotic.map,20,132,16.0,16,16,64.3769,18,173,1,itacbs,,0,1,0.18963408470153809
30,5,1,0,,build/fixtures/symbotic_itacbs_normalized/paper_symbotic_39_37_ratio_060/symbotic_agents_30_test_5.yaml,4.1673,11.914,34681,54.7436,71.5818,39,226,247,18,symbotic.map,30,199,16.0,16,16,149.68699999999998,5,272,1,itacbs,,0,1,0.22665691375732422
30,17,1,0,,build/fixtures/symbotic_itacbs_normalized/paper_symbotic_39_37_ratio_060/symbotic_agents_30_test_17.yaml,2.9818599999999997,3.0870200000000003,16296,23.6585,13.6463,15,39,47,24,symbotic.map,30,198,16.0,16,16,45.1359,17,294,1,itacbs,,0,1,0.11277627944946289
50,4,0,124,,build/fixtures/symbotic_itacbs_normalized/paper_symbotic_39_37_ratio_030/symbotic_agents_50_test_4.yaml,,,,,,,,,,symbotic.map,50,425,16.0,16,16,,4,,0,itacbs,"Command '['third_party/ITA-CBS2/build/ITACBS_remake', '-i', 'build/fixtures/symbotic_itacbs_normalized/paper_symbotic_39_37_ratio_030/symbotic_agents_50_test_4.yaml', '-o', 'build/results/symbotic_exp1_exp2_itacbs_10s_adaptive/rows_itacbs_outputs/paper_symbotic_39_37_ratio_030_symbotic_agents_50_test_4.out.yaml']' timed out after 10.0 seconds",1,0,13.520318031311035
50,10,0,124,,build/fixtures/symbotic_itacbs_normalized/paper_symbotic_39_37_ratio_030/symbotic_agents_50_test_10.yaml,,,,,,,,,,symbotic.map,50,438,16.0,16,16,,10,,0,itacbs,"Command '['third_party/ITA-CBS2/build/ITACBS_remake', '-i', 'build/fixtures/symbotic_itacbs_normalized/paper_symbotic_39_37_ratio_030/symbotic_agents_50_test_10.yaml', '-o', 'build/results/symbotic_exp1_exp2_itacbs_10s_adaptive/rows_itacbs_outputs/paper_symbotic_39_37_ratio_030_symbotic_agents_50_test_10.out.yaml']' timed out after 10.0 seconds",1,0,13.325583219528198
50,15,0,124,,build/fixtures/symbotic_itacbs_normalized/paper_symbotic_39_37_ratio_030/symbotic_agents_50_test_15.yaml,,,,,,,,,,symbotic.map,50,437,16.0,16,16,,15,,0,itacbs,"Command '['third_party/ITA-CBS2/build/ITACBS_remake', '-i', 'build/fixtures/symbotic_itacbs_normalized/paper_symbotic_39_37_ratio_030/symbotic_agents_50_test_15.yaml', '-o', 'build/results/symbotic_exp1_exp2_itacbs_10s_adaptive/rows_itacbs_outputs/paper_symbotic_39_37_ratio_030_symbotic_agents_50_test_15.out.yaml']' timed out after 10.0 seconds",1,0,12.987916707992554
50,16,0,124,,build/fixtures/symbotic_itacbs_normalized/paper_symbotic_39_37_ratio_030/symbotic_agents_50_test_16.yaml,,,,,,,,,,symbotic.map,50,428,16.0,16,16,,16,,0,itacbs,"Command '['third_party/ITA-CBS2/build/ITACBS_remake', '-i', 'build/fixtures/symbotic_itacbs_normalized/paper_symbotic_39_37_ratio_030/symbotic_agents_50_test_16.yaml', '-o', 'build/results/symbotic_exp1_exp2_itacbs_10s_adaptive/rows_itacbs_outputs/paper_symbotic_39_37_ratio_030_symbotic_agents_50_test_16.out.yaml']' timed out after 10.0 seconds",1,0,12.97038745880127
50,11,0,124,,build/fixtures/symbotic_itacbs_normalized/paper_symbotic_39_37_ratio_030/symbotic_agents_50_test_11.yaml,,,,,,,,,,symbotic.map,50,436,16.0,16,16,,11,,0,itacbs,"Command '['third_party/ITA-CBS2/build/ITACBS_remake', '-i', 'build/fixtures/symbotic_itacbs_normalized/paper_symbotic_39_37_ratio_030/symbotic_agents_50_test_11.yaml', '-o', 'build/results/symbotic_exp1_exp2_itacbs_10s_adaptive/rows_itacbs_outputs/paper_symbotic_39_37_ratio_030_symbotic_agents_50_test_11.out.yaml']' timed out after 10.0 seconds",1,0,13.309309005737305
25,14,1,0,,build/fixtures/symbotic_itacbs_normalized/paper_symbotic_39_37_ratio_060/symbotic_agents_25_test_14.yaml,2.07095,23.738,31103,124.94800000000001,107.34299999999999,13,105,123,19,symbotic.map,25,163,16.0,16,16,262.376,14,244,1,itacbs,,0,1,0.44126129150390625
20,17,1,0,,build/fixtures/symbotic_itacbs_normalized/paper_symbotic_39_37_ratio_060/symbotic_agents_20_test_17.yaml,2.80562,20.184,99549,339.096,281.523,41,562,581,20,symbotic.map,20,139,16.0,16,16,682.892,17,239,1,itacbs,,0,1,0.8270061016082764
55,0,0,124,,build/fixtures/symbotic_itacbs_normalized/paper_symbotic_39_37_ratio_030/symbotic_agents_55_test_0.yaml,,,,,,,,,,symbotic.map,55,468,16.0,16,16,,0,,0,itacbs,"Command '['third_party/ITA-CBS2/build/ITACBS_remake', '-i', 'build/fixtures/symbotic_itacbs_normalized/paper_symbotic_39_37_ratio_030/symbotic_agents_55_test_0.yaml', '-o', 'build/results/symbotic_exp1_exp2_itacbs_10s_adaptive/rows_itacbs_outputs/paper_symbotic_39_37_ratio_030_symbotic_agents_55_test_0.out.yaml']' timed out after 10.0 seconds",1,0,12.831905126571655
50,14,0,124,,build/fixtures/symbotic_itacbs_normalized/paper_symbotic_39_37_ratio_030/symbotic_agents_50_test_14.yaml,,,,,,,,,,symbotic.map,50,446,16.0,16,16,,14,,0,itacbs,"Command '['third_party/ITA-CBS2/build/ITACBS_remake', '-i', 'build/fixtures/symbotic_itacbs_normalized/paper_symbotic_39_37_ratio_030/symbotic_agents_50_test_14.yaml', '-o', 'build/results/symbotic_exp1_exp2_itacbs_10s_adaptive/rows_itacbs_outputs/paper_symbotic_39_37_ratio_030_symbotic_agents_50_test_14.out.yaml']' timed out after 10.0 seconds",1,0,13.36323070526123
50,18,0,124,,build/fixtures/symbotic_itacbs_normalized/paper_symbotic_39_37_ratio_030/symbotic_agents_50_test_18.yaml,,,,,,,,,,symbotic.map,50,427,16.0,16,16,,18,,0,itacbs,"Command '['third_party/ITA-CBS2/build/ITACBS_remake', '-i', 'build/fixtures/symbotic_itacbs_normalized/paper_symbotic_39_37_ratio_030/symbotic_agents_50_test_18.yaml', '-o', 'build/results/symbotic_exp1_exp2_itacbs_10s_adaptive/rows_itacbs_outputs/paper_symbotic_39_37_ratio_030_symbotic_agents_50_test_18.out.yaml']' timed out after 10.0 seconds",1,0,12.90297555923462
50,19,0,124,,build/fixtures/symbotic_itacbs_normalized/paper_symbotic_39_37_ratio_030/symbotic_agents_50_test_19.yaml,,,,,,,,,,symbotic.map,50,437,16.0,16,16,,19,,0,itacbs,"Command '['third_party/ITA-CBS2/build/ITACBS_remake', '-i', 'build/fixtures/symbotic_itacbs_normalized/paper_symbotic_39_37_ratio_030/symbotic_agents_50_test_19.yaml', '-o', 'build/results/symbotic_exp1_exp2_itacbs_10s_adaptive/rows_itacbs_outputs/paper_symbotic_39_37_ratio_030_symbotic_agents_50_test_19.out.yaml']' timed out after 10.0 seconds",1,0,12.899586915969849
50,17,0,124,,build/fixtures/symbotic_itacbs_normalized/paper_symbotic_39_37_ratio_030/symbotic_agents_50_test_17.yaml,,,,,,,,,,symbotic.map,50,441,16.0,16,16,,17,,0,itacbs,"Command '['third_party/ITA-CBS2/build/ITACBS_remake', '-i', 'build/fixtures/symbotic_itacbs_normalized/paper_symbotic_39_37_ratio_030/symbotic_agents_50_test_17.yaml', '-o', 'build/results/symbotic_exp1_exp2_itacbs_10s_adaptive/rows_itacbs_outputs/paper_symbotic_39_37_ratio_030_symbotic_agents_50_test_17.out.yaml']' timed out after 10.0 seconds",1,0,13.03111982345581
55,2,0,124,,build/fixtures/symbotic_itacbs_normalized/paper_symbotic_39_37_ratio_030/symbotic_agents_55_test_2.yaml,,,,,,,,,,symbotic.map,55,471,16.0,16,16,,2,,0,itacbs,"Command '['third_party/ITA-CBS2/build/ITACBS_remake', '-i', 'build/fixtures/symbotic_itacbs_normalized/paper_symbotic_39_37_ratio_030/symbotic_agents_55_test_2.yaml', '-o', 'build/results/symbotic_exp1_exp2_itacbs_10s_adaptive/rows_itacbs_outputs/paper_symbotic_39_37_ratio_030_symbotic_agents_55_test_2.out.yaml']' timed out after 10.0 seconds",1,0,12.699648380279541
55,3,0,124,,build/fixtures/symbotic_itacbs_normalized/paper_symbotic_39_37_ratio_030/symbotic_agents_55_test_3.yaml,,,,,,,,,,symbotic.map,55,465,16.0,16,16,,3,,0,itacbs,"Command '['third_party/ITA-CBS2/build/ITACBS_remake', '-i', 'build/fixtures/symbotic_itacbs_normalized/paper_symbotic_39_37_ratio_030/symbotic_agents_55_test_3.yaml', '-o', 'build/results/symbotic_exp1_exp2_itacbs_10s_adaptive/rows_itacbs_outputs/paper_symbotic_39_37_ratio_030_symbotic_agents_55_test_3.out.yaml']' timed out after 10.0 seconds",1,0,12.69520354270935
55,5,0,124,,build/fixtures/symbotic_itacbs_normalized/paper_symbotic_39_37_ratio_030/symbotic_agents_55_test_5.yaml,,,,,,,,,,symbotic.map,55,452,16.0,16,16,,5,,0,itacbs,"Command '['third_party/ITA-CBS2/build/ITACBS_remake', '-i', 'build/fixtures/symbotic_itacbs_normalized/paper_symbotic_39_37_ratio_030/symbotic_agents_55_test_5.yaml', '-o', 'build/results/symbotic_exp1_exp2_itacbs_10s_adaptive/rows_itacbs_outputs/paper_symbotic_39_37_ratio_030_symbotic_agents_55_test_5.out.yaml']' timed out after 10.0 seconds",1,0,12.62098741531372
55,1,0,124,,build/fixtures/symbotic_itacbs_normalized/paper_symbotic_39_37_ratio_030/symbotic_agents_55_test_1.yaml,,,,,,,,,,symbotic.map,55,468,16.0,16,16,,1,,0,itacbs,"Command '['third_party/ITA-CBS2/build/ITACBS_remake', '-i', 'build/fixtures/symbotic_itacbs_normalized/paper_symbotic_39_37_ratio_030/symbotic_agents_55_test_1.yaml', '-o', 'build/results/symbotic_exp1_exp2_itacbs_10s_adaptive/rows_itacbs_outputs/paper_symbotic_39_37_ratio_030_symbotic_agents_55_test_1.out.yaml']' timed out after 10.0 seconds",1,0,12.844301700592041
55,4,0,124,,build/fixtures/symbotic_itacbs_normalized/paper_symbotic_39_37_ratio_030/symbotic_agents_55_test_4.yaml,,,,,,,,,,symbotic.map,55,472,16.0,16,16,,4,,0,itacbs,"Command '['third_party/ITA-CBS2/build/ITACBS_remake', '-i', 'build/fixtures/symbotic_itacbs_normalized/paper_symbotic_39_37_ratio_030/symbotic_agents_55_test_4.yaml', '-o', 'build/results/symbotic_exp1_exp2_itacbs_10s_adaptive/rows_itacbs_outputs/paper_symbotic_39_37_ratio_030_symbotic_agents_55_test_4.out.yaml']' timed out after 10.0 seconds",1,0,12.696888446807861
25,8,1,0,,build/fixtures/symbotic_itacbs_normalized/paper_symbotic_39_37_ratio_060/symbotic_agents_25_test_8.yaml,9.43045,145.287,265260,324.29999999999995,360.87399999999997,1016,1737,1767,26,symbotic.map,25,164,16.0,16,16,884.341,8,281,1,itacbs,,0,1,1.0829970836639404
55,6,0,124,,build/fixtures/symbotic_itacbs_normalized/paper_symbotic_39_37_ratio_030/symbotic_agents_55_test_6.yaml,,,,,,,,,,symbotic.map,55,463,16.0,16,16,,6,,0,itacbs,"Command '['third_party/ITA-CBS2/build/ITACBS_remake', '-i', 'build/fixtures/symbotic_itacbs_normalized/paper_symbotic_39_37_ratio_030/symbotic_agents_55_test_6.yaml', '-o', 'build/results/symbotic_exp1_exp2_itacbs_10s_adaptive/rows_itacbs_outputs/paper_symbotic_39_37_ratio_030_symbotic_agents_55_test_6.out.yaml']' timed out after 10.0 seconds",1,0,12.580443859100342
55,7,0,124,,build/fixtures/symbotic_itacbs_normalized/paper_symbotic_39_37_ratio_030/symbotic_agents_55_test_7.yaml,,,,,,,,,,symbotic.map,55,460,16.0,16,16,,7,,0,itacbs,"Command '['third_party/ITA-CBS2/build/ITACBS_remake', '-i', 'build/fixtures/symbotic_itacbs_normalized/paper_symbotic_39_37_ratio_030/symbotic_agents_55_test_7.yaml', '-o', 'build/results/symbotic_exp1_exp2_itacbs_10s_adaptive/rows_itacbs_outputs/paper_symbotic_39_37_ratio_030_symbotic_agents_55_test_7.out.yaml']' timed out after 10.0 seconds",1,0,12.574018955230713
55,8,0,124,,build/fixtures/symbotic_itacbs_normalized/paper_symbotic_39_37_ratio_030/symbotic_agents_55_test_8.yaml,,,,,,,,,,symbotic.map,55,460,16.0,16,16,,8,,0,itacbs,"Command '['third_party/ITA-CBS2/build/ITACBS_remake', '-i', 'build/fixtures/symbotic_itacbs_normalized/paper_symbotic_39_37_ratio_030/symbotic_agents_55_test_8.yaml', '-o', 'build/results/symbotic_exp1_exp2_itacbs_10s_adaptive/rows_itacbs_outputs/paper_symbotic_39_37_ratio_030_symbotic_agents_55_test_8.out.yaml']' timed out after 10.0 seconds",1,0,12.566098928451538
55,11,0,124,,build/fixtures/symbotic_itacbs_normalized/paper_symbotic_39_37_ratio_030/symbotic_agents_55_test_11.yaml,,,,,,,,,,symbotic.map,55,464,16.0,16,16,,11,,0,itacbs,"Command '['third_party/ITA-CBS2/build/ITACBS_remake', '-i', 'build/fixtures/symbotic_itacbs_normalized/paper_symbotic_39_37_ratio_030/symbotic_agents_55_test_11.yaml', '-o', 'build/results/symbotic_exp1_exp2_itacbs_10s_adaptive/rows_itacbs_outputs/paper_symbotic_39_37_ratio_030_symbotic_agents_55_test_11.out.yaml']' timed out after 10.0 seconds",1,0,12.18084716796875
25,15,1,0,,build/fixtures/symbotic_itacbs_normalized/paper_symbotic_39_37_ratio_060/symbotic_agents_25_test_15.yaml,17.4266,124.942,106409,221.31300000000002,435.979,191,746,813,27,symbotic.map,25,175,16.0,16,16,834.814,15,293,1,itacbs,,0,1,1.0222764015197754
40,8,1,0,,build/fixtures/symbotic_itacbs_normalized/paper_symbotic_39_37_ratio_060/symbotic_agents_40_test_8.yaml,5.12124,1.72289,21021,30.2632,9.416789999999999,4,17,19,25,symbotic.map,40,256,16.0,16,16,48.5986,8,383,1,itacbs,,0,1,0.09965753555297852
55,9,0,124,,build/fixtures/symbotic_itacbs_normalized/paper_symbotic_39_37_ratio_030/symbotic_agents_55_test_9.yaml,,,,,,,,,,symbotic.map,55,474,16.0,16,16,,9,,0,itacbs,"Command '['third_party/ITA-CBS2/build/ITACBS_remake', '-i', 'build/fixtures/symbotic_itacbs_normalized/paper_symbotic_39_37_ratio_030/symbotic_agents_55_test_9.yaml', '-o', 'build/results/symbotic_exp1_exp2_itacbs_10s_adaptive/rows_itacbs_outputs/paper_symbotic_39_37_ratio_030_symbotic_agents_55_test_9.out.yaml']' timed out after 10.0 seconds",1,0,12.319987297058105
55,10,0,124,,build/fixtures/symbotic_itacbs_normalized/paper_symbotic_39_37_ratio_030/symbotic_agents_55_test_10.yaml,,,,,,,,,,symbotic.map,55,464,16.0,16,16,,10,,0,itacbs,"Command '['third_party/ITA-CBS2/build/ITACBS_remake', '-i', 'build/fixtures/symbotic_itacbs_normalized/paper_symbotic_39_37_ratio_030/symbotic_agents_55_test_10.yaml', '-o', 'build/results/symbotic_exp1_exp2_itacbs_10s_adaptive/rows_itacbs_outputs/paper_symbotic_39_37_ratio_030_symbotic_agents_55_test_10.out.yaml']' timed out after 10.0 seconds",1,0,12.312791347503662
55,14,0,124,,build/fixtures/symbotic_itacbs_normalized/paper_symbotic_39_37_ratio_030/symbotic_agents_55_test_14.yaml,,,,,,,,,,symbotic.map,55,446,16.0,16,16,,14,,0,itacbs,"Command '['third_party/ITA-CBS2/build/ITACBS_remake', '-i', 'build/fixtures/symbotic_itacbs_normalized/paper_symbotic_39_37_ratio_030/symbotic_agents_55_test_14.yaml', '-o', 'build/results/symbotic_exp1_exp2_itacbs_10s_adaptive/rows_itacbs_outputs/paper_symbotic_39_37_ratio_030_symbotic_agents_55_test_14.out.yaml']' timed out after 10.0 seconds",1,0,12.040309429168701
55,12,0,124,,build/fixtures/symbotic_itacbs_normalized/paper_symbotic_39_37_ratio_030/symbotic_agents_55_test_12.yaml,,,,,,,,,,symbotic.map,55,457,16.0,16,16,,12,,0,itacbs,"Command '['third_party/ITA-CBS2/build/ITACBS_remake', '-i', 'build/fixtures/symbotic_itacbs_normalized/paper_symbotic_39_37_ratio_030/symbotic_agents_55_test_12.yaml', '-o', 'build/results/symbotic_exp1_exp2_itacbs_10s_adaptive/rows_itacbs_outputs/paper_symbotic_39_37_ratio_030_symbotic_agents_55_test_12.out.yaml']' timed out after 10.0 seconds",1,0,12.271669149398804
55,13,0,124,,build/fixtures/symbotic_itacbs_normalized/paper_symbotic_39_37_ratio_030/symbotic_agents_55_test_13.yaml,,,,,,,,,,symbotic.map,55,461,16.0,16,16,,13,,0,itacbs,"Command '['third_party/ITA-CBS2/build/ITACBS_remake', '-i', 'build/fixtures/symbotic_itacbs_normalized/paper_symbotic_39_37_ratio_030/symbotic_agents_55_test_13.yaml', '-o', 'build/results/symbotic_exp1_exp2_itacbs_10s_adaptive/rows_itacbs_outputs/paper_symbotic_39_37_ratio_030_symbotic_agents_55_test_13.out.yaml']' timed out after 10.0 seconds",1,0,12.134776830673218
35,3,1,0,,build/fixtures/symbotic_itacbs_normalized/paper_symbotic_39_37_ratio_060/symbotic_agents_35_test_3.yaml,6.35919,63.2611,143132,194.506,203.89499999999998,165,571,591,27,symbotic.map,35,225,16.0,16,16,485.72700000000003,3,403,1,itacbs,,0,1,0.6209115982055664
55,15,0,124,,build/fixtures/symbotic_itacbs_normalized/paper_symbotic_39_37_ratio_030/symbotic_agents_55_test_15.yaml,,,,,,,,,,symbotic.map,55,469,16.0,16,16,,15,,0,itacbs,"Command '['third_party/ITA-CBS2/build/ITACBS_remake', '-i', 'build/fixtures/symbotic_itacbs_normalized/paper_symbotic_39_37_ratio_030/symbotic_agents_55_test_15.yaml', '-o', 'build/results/symbotic_exp1_exp2_itacbs_10s_adaptive/rows_itacbs_outputs/paper_symbotic_39_37_ratio_030_symbotic_agents_55_test_15.out.yaml']' timed out after 10.0 seconds",1,0,12.0344557762146
55,16,0,124,,build/fixtures/symbotic_itacbs_normalized/paper_symbotic_39_37_ratio_030/symbotic_agents_55_test_16.yaml,,,,,,,,,,symbotic.map,55,450,16.0,16,16,,16,,0,itacbs,"Command '['third_party/ITA-CBS2/build/ITACBS_remake', '-i', 'build/fixtures/symbotic_itacbs_normalized/paper_symbotic_39_37_ratio_030/symbotic_agents_55_test_16.yaml', '-o', 'build/results/symbotic_exp1_exp2_itacbs_10s_adaptive/rows_itacbs_outputs/paper_symbotic_39_37_ratio_030_symbotic_agents_55_test_16.out.yaml']' timed out after 10.0 seconds",1,0,11.992352962493896
55,17,0,124,,build/fixtures/symbotic_itacbs_normalized/paper_symbotic_39_37_ratio_030/symbotic_agents_55_test_17.yaml,,,,,,,,,,symbotic.map,55,456,16.0,16,16,,17,,0,itacbs,"Command '['third_party/ITA-CBS2/build/ITACBS_remake', '-i', 'build/fixtures/symbotic_itacbs_normalized/paper_symbotic_39_37_ratio_030/symbotic_agents_55_test_17.yaml', '-o', 'build/results/symbotic_exp1_exp2_itacbs_10s_adaptive/rows_itacbs_outputs/paper_symbotic_39_37_ratio_030_symbotic_agents_55_test_17.out.yaml']' timed out after 10.0 seconds",1,0,11.972654104232788
35,5,1,0,,build/fixtures/symbotic_itacbs_normalized/paper_symbotic_39_37_ratio_060/symbotic_agents_35_test_5.yaml,5.65362,53.8296,121855,188.903,315.887,37,615,869,18,symbotic.map,35,226,16.0,16,16,590.183,5,303,1,itacbs,,0,1,0.7591309547424316
55,18,0,124,,build/fixtures/symbotic_itacbs_normalized/paper_symbotic_39_37_ratio_030/symbotic_agents_55_test_18.yaml,,,,,,,,,,symbotic.map,55,458,16.0,16,16,,18,,0,itacbs,"Command '['third_party/ITA-CBS2/build/ITACBS_remake', '-i', 'build/fixtures/symbotic_itacbs_normalized/paper_symbotic_39_37_ratio_030/symbotic_agents_55_test_18.yaml', '-o', 'build/results/symbotic_exp1_exp2_itacbs_10s_adaptive/rows_itacbs_outputs/paper_symbotic_39_37_ratio_030_symbotic_agents_55_test_18.out.yaml']' timed out after 10.0 seconds",1,0,11.715999603271484
55,19,0,124,,build/fixtures/symbotic_itacbs_normalized/paper_symbotic_39_37_ratio_030/symbotic_agents_55_test_19.yaml,,,,,,,,,,symbotic.map,55,457,16.0,16,16,,19,,0,itacbs,"Command '['third_party/ITA-CBS2/build/ITACBS_remake', '-i', 'build/fixtures/symbotic_itacbs_normalized/paper_symbotic_39_37_ratio_030/symbotic_agents_55_test_19.yaml', '-o', 'build/results/symbotic_exp1_exp2_itacbs_10s_adaptive/rows_itacbs_outputs/paper_symbotic_39_37_ratio_030_symbotic_agents_55_test_19.out.yaml']' timed out after 10.0 seconds",1,0,11.660834074020386
60,0,0,124,,build/fixtures/symbotic_itacbs_normalized/paper_symbotic_39_37_ratio_030/symbotic_agents_60_test_0.yaml,,,,,,,,,,symbotic.map,60,486,16.0,16,16,,0,,0,itacbs,"Command '['third_party/ITA-CBS2/build/ITACBS_remake', '-i', 'build/fixtures/symbotic_itacbs_normalized/paper_symbotic_39_37_ratio_030/symbotic_agents_60_test_0.yaml', '-o', 'build/results/symbotic_exp1_exp2_itacbs_10s_adaptive/rows_itacbs_outputs/paper_symbotic_39_37_ratio_030_symbotic_agents_60_test_0.out.yaml']' timed out after 10.0 seconds",1,0,11.700152158737183
60,1,0,124,,build/fixtures/symbotic_itacbs_normalized/paper_symbotic_39_37_ratio_030/symbotic_agents_60_test_1.yaml,,,,,,,,,,symbotic.map,60,482,16.0,16,16,,1,,0,itacbs,"Command '['third_party/ITA-CBS2/build/ITACBS_remake', '-i', 'build/fixtures/symbotic_itacbs_normalized/paper_symbotic_39_37_ratio_030/symbotic_agents_60_test_1.yaml', '-o', 'build/results/symbotic_exp1_exp2_itacbs_10s_adaptive/rows_itacbs_outputs/paper_symbotic_39_37_ratio_030_symbotic_agents_60_test_1.out.yaml']' timed out after 10.0 seconds",1,0,11.652551889419556
20,8,1,0,,build/fixtures/symbotic_itacbs_normalized/paper_symbotic_39_37_ratio_060/symbotic_agents_20_test_8.yaml,5.73022,25.5252,786231,1384.96,573.7370000000001,22,2040,2963,17,symbotic.map,20,140,16.0,16,16,2055.31,8,214,1,itacbs,,0,1,2.295682668685913
60,3,0,124,,build/fixtures/symbotic_itacbs_normalized/paper_symbotic_39_37_ratio_030/symbotic_agents_60_test_3.yaml,,,,,,,,,,symbotic.map,60,482,16.0,16,16,,3,,0,itacbs,"Command '['third_party/ITA-CBS2/build/ITACBS_remake', '-i', 'build/fixtures/symbotic_itacbs_normalized/paper_symbotic_39_37_ratio_030/symbotic_agents_60_test_3.yaml', '-o', 'build/results/symbotic_exp1_exp2_itacbs_10s_adaptive/rows_itacbs_outputs/paper_symbotic_39_37_ratio_030_symbotic_agents_60_test_3.out.yaml']' timed out after 10.0 seconds",1,0,11.264432191848755
60,2,0,124,,build/fixtures/symbotic_itacbs_normalized/paper_symbotic_39_37_ratio_030/symbotic_agents_60_test_2.yaml,,,,,,,,,,symbotic.map,60,499,16.0,16,16,,2,,0,itacbs,"Command '['third_party/ITA-CBS2/build/ITACBS_remake', '-i', 'build/fixtures/symbotic_itacbs_normalized/paper_symbotic_39_37_ratio_030/symbotic_agents_60_test_2.yaml', '-o', 'build/results/symbotic_exp1_exp2_itacbs_10s_adaptive/rows_itacbs_outputs/paper_symbotic_39_37_ratio_030_symbotic_agents_60_test_2.out.yaml']' timed out after 10.0 seconds",1,0,11.417438745498657
35,2,1,0,,build/fixtures/symbotic_itacbs_normalized/paper_symbotic_39_37_ratio_060/symbotic_agents_35_test_2.yaml,22.341,44.811099999999996,131172,231.599,322.412,150,524,595,17,symbotic.map,35,219,16.0,16,16,643.076,2,294,1,itacbs,,0,1,0.7401444911956787
60,5,0,124,,build/fixtures/symbotic_itacbs_normalized/paper_symbotic_39_37_ratio_030/symbotic_agents_60_test_5.yaml,,,,,,,,,,symbotic.map,60,491,16.0,16,16,,5,,0,itacbs,"Command '['third_party/ITA-CBS2/build/ITACBS_remake', '-i', 'build/fixtures/symbotic_itacbs_normalized/paper_symbotic_39_37_ratio_030/symbotic_agents_60_test_5.yaml', '-o', 'build/results/symbotic_exp1_exp2_itacbs_10s_adaptive/rows_itacbs_outputs/paper_symbotic_39_37_ratio_030_symbotic_agents_60_test_5.out.yaml']' timed out after 10.0 seconds",1,0,11.27848505973816
60,4,0,124,,build/fixtures/symbotic_itacbs_normalized/paper_symbotic_39_37_ratio_030/symbotic_agents_60_test_4.yaml,,,,,,,,,,symbotic.map,60,474,16.0,16,16,,4,,0,itacbs,"Command '['third_party/ITA-CBS2/build/ITACBS_remake', '-i', 'build/fixtures/symbotic_itacbs_normalized/paper_symbotic_39_37_ratio_030/symbotic_agents_60_test_4.yaml', '-o', 'build/results/symbotic_exp1_exp2_itacbs_10s_adaptive/rows_itacbs_outputs/paper_symbotic_39_37_ratio_030_symbotic_agents_60_test_4.out.yaml']' timed out after 10.0 seconds",1,0,11.35301160812378
35,18,1,0,,build/fixtures/symbotic_itacbs_normalized/paper_symbotic_39_37_ratio_060/symbotic_agents_35_test_18.yaml,10.4939,111.476,242169,410.052,564.211,362,1089,1197,21,symbotic.map,35,220,16.0,16,16,1139.14,18,353,1,itacbs,,0,1,1.280557632446289
60,7,0,124,,build/fixtures/symbotic_itacbs_normalized/paper_symbotic_39_37_ratio_030/symbotic_agents_60_test_7.yaml,,,,,,,,,,symbotic.map,60,484,16.0,16,16,,7,,0,itacbs,"Command '['third_party/ITA-CBS2/build/ITACBS_remake', '-i', 'build/fixtures/symbotic_itacbs_normalized/paper_symbotic_39_37_ratio_030/symbotic_agents_60_test_7.yaml', '-o', 'build/results/symbotic_exp1_exp2_itacbs_10s_adaptive/rows_itacbs_outputs/paper_symbotic_39_37_ratio_030_symbotic_agents_60_test_7.out.yaml']' timed out after 10.0 seconds",1,0,11.099843263626099
60,6,0,124,,build/fixtures/symbotic_itacbs_normalized/paper_symbotic_39_37_ratio_030/symbotic_agents_60_test_6.yaml,,,,,,,,,,symbotic.map,60,490,16.0,16,16,,6,,0,itacbs,"Command '['third_party/ITA-CBS2/build/ITACBS_remake', '-i', 'build/fixtures/symbotic_itacbs_normalized/paper_symbotic_39_37_ratio_030/symbotic_agents_60_test_6.yaml', '-o', 'build/results/symbotic_exp1_exp2_itacbs_10s_adaptive/rows_itacbs_outputs/paper_symbotic_39_37_ratio_030_symbotic_agents_60_test_6.out.yaml']' timed out after 10.0 seconds",1,0,11.170182704925537
60,8,0,124,,build/fixtures/symbotic_itacbs_normalized/paper_symbotic_39_37_ratio_030/symbotic_agents_60_test_8.yaml,,,,,,,,,,symbotic.map,60,495,16.0,16,16,,8,,0,itacbs,"Command '['third_party/ITA-CBS2/build/ITACBS_remake', '-i', 'build/fixtures/symbotic_itacbs_normalized/paper_symbotic_39_37_ratio_030/symbotic_agents_60_test_8.yaml', '-o', 'build/results/symbotic_exp1_exp2_itacbs_10s_adaptive/rows_itacbs_outputs/paper_symbotic_39_37_ratio_030_symbotic_agents_60_test_8.out.yaml']' timed out after 10.0 seconds",1,0,11.084386825561523
60,9,0,124,,build/fixtures/symbotic_itacbs_normalized/paper_symbotic_39_37_ratio_030/symbotic_agents_60_test_9.yaml,,,,,,,,,,symbotic.map,60,482,16.0,16,16,,9,,0,itacbs,"Command '['third_party/ITA-CBS2/build/ITACBS_remake', '-i', 'build/fixtures/symbotic_itacbs_normalized/paper_symbotic_39_37_ratio_030/symbotic_agents_60_test_9.yaml', '-o', 'build/results/symbotic_exp1_exp2_itacbs_10s_adaptive/rows_itacbs_outputs/paper_symbotic_39_37_ratio_030_symbotic_agents_60_test_9.out.yaml']' timed out after 10.0 seconds",1,0,10.97889232635498
30,1,1,0,,build/fixtures/symbotic_itacbs_normalized/paper_symbotic_39_37_ratio_060/symbotic_agents_30_test_1.yaml,18.8649,139.883,498530,798.868,1266.29,153,3181,3775,24,symbotic.map,30,187,16.0,16,16,2382.1,1,281,1,itacbs,,0,1,2.6429550647735596
60,10,0,124,,build/fixtures/symbotic_itacbs_normalized/paper_symbotic_39_37_ratio_030/symbotic_agents_60_test_10.yaml,,,,,,,,,,symbotic.map,60,491,16.0,16,16,,10,,0,itacbs,"Command '['third_party/ITA-CBS2/build/ITACBS_remake', '-i', 'build/fixtures/symbotic_itacbs_normalized/paper_symbotic_39_37_ratio_030/symbotic_agents_60_test_10.yaml', '-o', 'build/results/symbotic_exp1_exp2_itacbs_10s_adaptive/rows_itacbs_outputs/paper_symbotic_39_37_ratio_030_symbotic_agents_60_test_10.out.yaml']' timed out after 10.0 seconds",1,0,10.981650590896606
35,11,1,0,,build/fixtures/symbotic_itacbs_normalized/paper_symbotic_39_37_ratio_060/symbotic_agents_35_test_11.yaml,13.7053,198.74800000000002,392009,618.3570000000001,1112.08,35,2223,2455,20,symbotic.map,35,220,16.0,16,16,2071.44,11,374,1,itacbs,,0,1,2.2841570377349854
25,1,1,0,,build/fixtures/symbotic_itacbs_normalized/paper_symbotic_39_37_ratio_060/symbotic_agents_25_test_1.yaml,24.220200000000002,189.306,724750,1027.08,1424.69,149,5579,5595,25,symbotic.map,25,173,16.0,16,16,2895.3,1,262,1,itacbs,,0,1,3.1662492752075195
35,12,1,0,,build/fixtures/symbotic_itacbs_normalized/paper_symbotic_39_37_ratio_060/symbotic_agents_35_test_12.yaml,17.7664,121.449,512144,904.849,1190.5,350,2554,2827,22,symbotic.map,35,217,16.0,16,16,2376.96,12,351,1,itacbs,,0,1,2.612563133239746
60,11,0,124,,build/fixtures/symbotic_itacbs_normalized/paper_symbotic_39_37_ratio_030/symbotic_agents_60_test_11.yaml,,,,,,,,,,symbotic.map,60,488,16.0,16,16,,11,,0,itacbs,"Command '['third_party/ITA-CBS2/build/ITACBS_remake', '-i', 'build/fixtures/symbotic_itacbs_normalized/paper_symbotic_39_37_ratio_030/symbotic_agents_60_test_11.yaml', '-o', 'build/results/symbotic_exp1_exp2_itacbs_10s_adaptive/rows_itacbs_outputs/paper_symbotic_39_37_ratio_030_symbotic_agents_60_test_11.out.yaml']' timed out after 10.0 seconds",1,0,10.849201917648315
30,18,1,0,,build/fixtures/symbotic_itacbs_normalized/paper_symbotic_39_37_ratio_060/symbotic_agents_30_test_18.yaml,109.76700000000001,280.083,593796,917.5060000000001,1228.33,1424,3832,3853,23,symbotic.map,30,191,16.0,16,16,2699.19,18,299,1,itacbs,,0,1,2.9331908226013184
60,12,0,124,,build/fixtures/symbotic_itacbs_normalized/paper_symbotic_39_37_ratio_030/symbotic_agents_60_test_12.yaml,,,,,,,,,,symbotic.map,60,489,16.0,16,16,,12,,0,itacbs,"Command '['third_party/ITA-CBS2/build/ITACBS_remake', '-i', 'build/fixtures/symbotic_itacbs_normalized/paper_symbotic_39_37_ratio_030/symbotic_agents_60_test_12.yaml', '-o', 'build/results/symbotic_exp1_exp2_itacbs_10s_adaptive/rows_itacbs_outputs/paper_symbotic_39_37_ratio_030_symbotic_agents_60_test_12.out.yaml']' timed out after 10.0 seconds",1,0,10.935572624206543
60,13,0,124,,build/fixtures/symbotic_itacbs_normalized/paper_symbotic_39_37_ratio_030/symbotic_agents_60_test_13.yaml,,,,,,,,,,symbotic.map,60,493,16.0,16,16,,13,,0,itacbs,"Command '['third_party/ITA-CBS2/build/ITACBS_remake', '-i', 'build/fixtures/symbotic_itacbs_normalized/paper_symbotic_39_37_ratio_030/symbotic_agents_60_test_13.yaml', '-o', 'build/results/symbotic_exp1_exp2_itacbs_10s_adaptive/rows_itacbs_outputs/paper_symbotic_39_37_ratio_030_symbotic_agents_60_test_13.out.yaml']' timed out after 10.0 seconds",1,0,10.895846843719482
60,14,0,124,,build/fixtures/symbotic_itacbs_normalized/paper_symbotic_39_37_ratio_030/symbotic_agents_60_test_14.yaml,,,,,,,,,,symbotic.map,60,496,16.0,16,16,,14,,0,itacbs,"Command '['third_party/ITA-CBS2/build/ITACBS_remake', '-i', 'build/fixtures/symbotic_itacbs_normalized/paper_symbotic_39_37_ratio_030/symbotic_agents_60_test_14.yaml', '-o', 'build/results/symbotic_exp1_exp2_itacbs_10s_adaptive/rows_itacbs_outputs/paper_symbotic_39_37_ratio_030_symbotic_agents_60_test_14.out.yaml']' timed out after 10.0 seconds",1,0,10.898473262786865
15,15,1,0,,build/fixtures/symbotic_itacbs_normalized/paper_symbotic_39_37_ratio_060/symbotic_agents_15_test_15.yaml,55.858,164.244,2252758,4178.759999999999,1378.51,1853,10004,10949,22,symbotic.map,15,106,16.0,16,16,6277.009999999999,15,117,1,itacbs,,0,1,6.575866222381592
45,4,1,0,,build/fixtures/symbotic_itacbs_normalized/paper_symbotic_39_37_ratio_060/symbotic_agents_45_test_4.yaml,26.5612,238.059,638961,1119.9399999999998,1796.43,428,2814,2923,24,symbotic.map,45,267,16.0,16,16,3431.04,4,426,1,itacbs,,0,1,3.7523436546325684
60,15,0,124,,build/fixtures/symbotic_itacbs_normalized/paper_symbotic_39_37_ratio_030/symbotic_agents_60_test_15.yaml,,,,,,,,,,symbotic.map,60,474,16.0,16,16,,15,,0,itacbs,"Command '['third_party/ITA-CBS2/build/ITACBS_remake', '-i', 'build/fixtures/symbotic_itacbs_normalized/paper_symbotic_39_37_ratio_030/symbotic_agents_60_test_15.yaml', '-o', 'build/results/symbotic_exp1_exp2_itacbs_10s_adaptive/rows_itacbs_outputs/paper_symbotic_39_37_ratio_030_symbotic_agents_60_test_15.out.yaml']' timed out after 10.0 seconds",1,0,10.927223920822144
60,16,0,124,,build/fixtures/symbotic_itacbs_normalized/paper_symbotic_39_37_ratio_030/symbotic_agents_60_test_16.yaml,,,,,,,,,,symbotic.map,60,479,16.0,16,16,,16,,0,itacbs,"Command '['third_party/ITA-CBS2/build/ITACBS_remake', '-i', 'build/fixtures/symbotic_itacbs_normalized/paper_symbotic_39_37_ratio_030/symbotic_agents_60_test_16.yaml', '-o', 'build/results/symbotic_exp1_exp2_itacbs_10s_adaptive/rows_itacbs_outputs/paper_symbotic_39_37_ratio_030_symbotic_agents_60_test_16.out.yaml']' timed out after 10.0 seconds",1,0,10.896438837051392
35,7,1,0,,build/fixtures/symbotic_itacbs_normalized/paper_symbotic_39_37_ratio_060/symbotic_agents_35_test_7.yaml,35.1398,491.253,1042937,1612.46,2234.99,2078,5323,5571,21,symbotic.map,35,226,16.0,16,16,4689.7,7,371,1,itacbs,,0,1,5.078197717666626
60,17,0,124,,build/fixtures/symbotic_itacbs_normalized/paper_symbotic_39_37_ratio_030/symbotic_agents_60_test_17.yaml,,,,,,,,,,symbotic.map,60,497,16.0,16,16,,17,,0,itacbs,"Command '['third_party/ITA-CBS2/build/ITACBS_remake', '-i', 'build/fixtures/symbotic_itacbs_normalized/paper_symbotic_39_37_ratio_030/symbotic_agents_60_test_17.yaml', '-o', 'build/results/symbotic_exp1_exp2_itacbs_10s_adaptive/rows_itacbs_outputs/paper_symbotic_39_37_ratio_030_symbotic_agents_60_test_17.out.yaml']' timed out after 10.0 seconds",1,0,10.791156530380249
60,18,0,124,,build/fixtures/symbotic_itacbs_normalized/paper_symbotic_39_37_ratio_030/symbotic_agents_60_test_18.yaml,,,,,,,,,,symbotic.map,60,485,16.0,16,16,,18,,0,itacbs,"Command '['third_party/ITA-CBS2/build/ITACBS_remake', '-i', 'build/fixtures/symbotic_itacbs_normalized/paper_symbotic_39_37_ratio_030/symbotic_agents_60_test_18.yaml', '-o', 'build/results/symbotic_exp1_exp2_itacbs_10s_adaptive/rows_itacbs_outputs/paper_symbotic_39_37_ratio_030_symbotic_agents_60_test_18.out.yaml']' timed out after 10.0 seconds",1,0,10.870048522949219
60,19,0,124,,build/fixtures/symbotic_itacbs_normalized/paper_symbotic_39_37_ratio_030/symbotic_agents_60_test_19.yaml,,,,,,,,,,symbotic.map,60,489,16.0,16,16,,19,,0,itacbs,"Command '['third_party/ITA-CBS2/build/ITACBS_remake', '-i', 'build/fixtures/symbotic_itacbs_normalized/paper_symbotic_39_37_ratio_030/symbotic_agents_60_test_19.yaml', '-o', 'build/results/symbotic_exp1_exp2_itacbs_10s_adaptive/rows_itacbs_outputs/paper_symbotic_39_37_ratio_030_symbotic_agents_60_test_19.out.yaml']' timed out after 10.0 seconds",1,0,10.89321780204773
25,10,1,0,,build/fixtures/symbotic_itacbs_normalized/paper_symbotic_39_37_ratio_060/symbotic_agents_25_test_10.yaml,54.116,462.28200000000004,2584273,4000.23,2667.09,2053,11908,13193,19,symbotic.map,25,166,16.0,16,16,8258.279999999999,10,238,1,itacbs,,0,1,8.756044149398804
20,2,0,124,,build/fixtures/symbotic_itacbs_normalized/paper_symbotic_39_37_ratio_060/symbotic_agents_20_test_2.yaml,,,,,,,,,,symbotic.map,20,137,16.0,16,16,,2,,0,itacbs,"Command '['third_party/ITA-CBS2/build/ITACBS_remake', '-i', 'build/fixtures/symbotic_itacbs_normalized/paper_symbotic_39_37_ratio_060/symbotic_agents_20_test_2.yaml', '-o', 'build/results/symbotic_exp1_exp2_itacbs_10s_adaptive/rows_itacbs_outputs/paper_symbotic_39_37_ratio_060_symbotic_agents_20_test_2.out.yaml']' timed out after 10.0 seconds",1,0,10.347885370254517
25,18,1,0,,build/fixtures/symbotic_itacbs_normalized/paper_symbotic_39_37_ratio_060/symbotic_agents_25_test_18.yaml,93.1694,524.473,2725946,4838.83,3077.9700000000003,2592,12419,15509,19,symbotic.map,25,170,16.0,16,16,9128.439999999999,18,254,1,itacbs,,0,1,9.307008981704712
25,2,0,124,,build/fixtures/symbotic_itacbs_normalized/paper_symbotic_39_37_ratio_060/symbotic_agents_25_test_2.yaml,,,,,,,,,,symbotic.map,25,164,16.0,16,16,,2,,0,itacbs,"Command '['third_party/ITA-CBS2/build/ITACBS_remake', '-i', 'build/fixtures/symbotic_itacbs_normalized/paper_symbotic_39_37_ratio_060/symbotic_agents_25_test_2.yaml', '-o', 'build/results/symbotic_exp1_exp2_itacbs_10s_adaptive/rows_itacbs_outputs/paper_symbotic_39_37_ratio_060_symbotic_agents_25_test_2.out.yaml']' timed out after 10.0 seconds",1,0,10.400728464126587
25,13,0,124,,build/fixtures/symbotic_itacbs_normalized/paper_symbotic_39_37_ratio_060/symbotic_agents_25_test_13.yaml,,,,,,,,,,symbotic.map,25,172,16.0,16,16,,13,,0,itacbs,"Command '['third_party/ITA-CBS2/build/ITACBS_remake', '-i', 'build/fixtures/symbotic_itacbs_normalized/paper_symbotic_39_37_ratio_060/symbotic_agents_25_test_13.yaml', '-o', 'build/results/symbotic_exp1_exp2_itacbs_10s_adaptive/rows_itacbs_outputs/paper_symbotic_39_37_ratio_060_symbotic_agents_25_test_13.out.yaml']' timed out after 10.0 seconds",1,0,10.445811748504639
30,4,0,124,,build/fixtures/symbotic_itacbs_normalized/paper_symbotic_39_37_ratio_060/symbotic_agents_30_test_4.yaml,,,,,,,,,,symbotic.map,30,197,16.0,16,16,,4,,0,itacbs,"Command '['third_party/ITA-CBS2/build/ITACBS_remake', '-i', 'build/fixtures/symbotic_itacbs_normalized/paper_symbotic_39_37_ratio_060/symbotic_agents_30_test_4.yaml', '-o', 'build/results/symbotic_exp1_exp2_itacbs_10s_adaptive/rows_itacbs_outputs/paper_symbotic_39_37_ratio_060_symbotic_agents_30_test_4.out.yaml']' timed out after 10.0 seconds",1,0,11.421108484268188
30,12,0,124,,build/fixtures/symbotic_itacbs_normalized/paper_symbotic_39_37_ratio_060/symbotic_agents_30_test_12.yaml,,,,,,,,,,symbotic.map,30,188,16.0,16,16,,12,,0,itacbs,"Command '['third_party/ITA-CBS2/build/ITACBS_remake', '-i', 'build/fixtures/symbotic_itacbs_normalized/paper_symbotic_39_37_ratio_060/symbotic_agents_30_test_12.yaml', '-o', 'build/results/symbotic_exp1_exp2_itacbs_10s_adaptive/rows_itacbs_outputs/paper_symbotic_39_37_ratio_060_symbotic_agents_30_test_12.out.yaml']' timed out after 10.0 seconds",1,0,12.158391237258911
30,7,0,124,,build/fixtures/symbotic_itacbs_normalized/paper_symbotic_39_37_ratio_060/symbotic_agents_30_test_7.yaml,,,,,,,,,,symbotic.map,30,194,16.0,16,16,,7,,0,itacbs,"Command '['third_party/ITA-CBS2/build/ITACBS_remake', '-i', 'build/fixtures/symbotic_itacbs_normalized/paper_symbotic_39_37_ratio_060/symbotic_agents_30_test_7.yaml', '-o', 'build/results/symbotic_exp1_exp2_itacbs_10s_adaptive/rows_itacbs_outputs/paper_symbotic_39_37_ratio_060_symbotic_agents_30_test_7.out.yaml']' timed out after 10.0 seconds",1,0,12.54493260383606
30,13,0,124,,build/fixtures/symbotic_itacbs_normalized/paper_symbotic_39_37_ratio_060/symbotic_agents_30_test_13.yaml,,,,,,,,,,symbotic.map,30,192,16.0,16,16,,13,,0,itacbs,"Command '['third_party/ITA-CBS2/build/ITACBS_remake', '-i', 'build/fixtures/symbotic_itacbs_normalized/paper_symbotic_39_37_ratio_060/symbotic_agents_30_test_13.yaml', '-o', 'build/results/symbotic_exp1_exp2_itacbs_10s_adaptive/rows_itacbs_outputs/paper_symbotic_39_37_ratio_060_symbotic_agents_30_test_13.out.yaml']' timed out after 10.0 seconds",1,0,12.650534629821777
30,8,0,124,,build/fixtures/symbotic_itacbs_normalized/paper_symbotic_39_37_ratio_060/symbotic_agents_30_test_8.yaml,,,,,,,,,,symbotic.map,30,204,16.0,16,16,,8,,0,itacbs,"Command '['third_party/ITA-CBS2/build/ITACBS_remake', '-i', 'build/fixtures/symbotic_itacbs_normalized/paper_symbotic_39_37_ratio_060/symbotic_agents_30_test_8.yaml', '-o', 'build/results/symbotic_exp1_exp2_itacbs_10s_adaptive/rows_itacbs_outputs/paper_symbotic_39_37_ratio_060_symbotic_agents_30_test_8.out.yaml']' timed out after 10.0 seconds",1,0,12.704561710357666
30,10,0,124,,build/fixtures/symbotic_itacbs_normalized/paper_symbotic_39_37_ratio_060/symbotic_agents_30_test_10.yaml,,,,,,,,,,symbotic.map,30,202,16.0,16,16,,10,,0,itacbs,"Command '['third_party/ITA-CBS2/build/ITACBS_remake', '-i', 'build/fixtures/symbotic_itacbs_normalized/paper_symbotic_39_37_ratio_060/symbotic_agents_30_test_10.yaml', '-o', 'build/results/symbotic_exp1_exp2_itacbs_10s_adaptive/rows_itacbs_outputs/paper_symbotic_39_37_ratio_060_symbotic_agents_30_test_10.out.yaml']' timed out after 10.0 seconds",1,0,12.691879272460938
35,0,0,124,,build/fixtures/symbotic_itacbs_normalized/paper_symbotic_39_37_ratio_060/symbotic_agents_35_test_0.yaml,,,,,,,,,,symbotic.map,35,225,16.0,16,16,,0,,0,itacbs,"Command '['third_party/ITA-CBS2/build/ITACBS_remake', '-i', 'build/fixtures/symbotic_itacbs_normalized/paper_symbotic_39_37_ratio_060/symbotic_agents_35_test_0.yaml', '-o', 'build/results/symbotic_exp1_exp2_itacbs_10s_adaptive/rows_itacbs_outputs/paper_symbotic_39_37_ratio_060_symbotic_agents_35_test_0.out.yaml']' timed out after 10.0 seconds",1,0,12.601590633392334
35,9,0,124,,build/fixtures/symbotic_itacbs_normalized/paper_symbotic_39_37_ratio_060/symbotic_agents_35_test_9.yaml,,,,,,,,,,symbotic.map,35,218,16.0,16,16,,9,,0,itacbs,"Command '['third_party/ITA-CBS2/build/ITACBS_remake', '-i', 'build/fixtures/symbotic_itacbs_normalized/paper_symbotic_39_37_ratio_060/symbotic_agents_35_test_9.yaml', '-o', 'build/results/symbotic_exp1_exp2_itacbs_10s_adaptive/rows_itacbs_outputs/paper_symbotic_39_37_ratio_060_symbotic_agents_35_test_9.out.yaml']' timed out after 10.0 seconds",1,0,12.538053274154663
35,6,0,124,,build/fixtures/symbotic_itacbs_normalized/paper_symbotic_39_37_ratio_060/symbotic_agents_35_test_6.yaml,,,,,,,,,,symbotic.map,35,227,16.0,16,16,,6,,0,itacbs,"Command '['third_party/ITA-CBS2/build/ITACBS_remake', '-i', 'build/fixtures/symbotic_itacbs_normalized/paper_symbotic_39_37_ratio_060/symbotic_agents_35_test_6.yaml', '-o', 'build/results/symbotic_exp1_exp2_itacbs_10s_adaptive/rows_itacbs_outputs/paper_symbotic_39_37_ratio_060_symbotic_agents_35_test_6.out.yaml']' timed out after 10.0 seconds",1,0,12.628598928451538
30,14,0,124,,build/fixtures/symbotic_itacbs_normalized/paper_symbotic_39_37_ratio_060/symbotic_agents_30_test_14.yaml,,,,,,,,,,symbotic.map,30,188,16.0,16,16,,14,,0,itacbs,"Command '['third_party/ITA-CBS2/build/ITACBS_remake', '-i', 'build/fixtures/symbotic_itacbs_normalized/paper_symbotic_39_37_ratio_060/symbotic_agents_30_test_14.yaml', '-o', 'build/results/symbotic_exp1_exp2_itacbs_10s_adaptive/rows_itacbs_outputs/paper_symbotic_39_37_ratio_060_symbotic_agents_30_test_14.out.yaml']' timed out after 10.0 seconds",1,0,12.702305793762207
30,11,0,124,,build/fixtures/symbotic_itacbs_normalized/paper_symbotic_39_37_ratio_060/symbotic_agents_30_test_11.yaml,,,,,,,,,,symbotic.map,30,189,16.0,16,16,,11,,0,itacbs,"Command '['third_party/ITA-CBS2/build/ITACBS_remake', '-i', 'build/fixtures/symbotic_itacbs_normalized/paper_symbotic_39_37_ratio_060/symbotic_agents_30_test_11.yaml', '-o', 'build/results/symbotic_exp1_exp2_itacbs_10s_adaptive/rows_itacbs_outputs/paper_symbotic_39_37_ratio_060_symbotic_agents_30_test_11.out.yaml']' timed out after 10.0 seconds",1,0,12.94023847579956
15,2,1,0,,build/fixtures/symbotic_itacbs_normalized/paper_symbotic_39_37_ratio_100/symbotic_agents_15_test_2.yaml,0.040587000000000005,0.072147,6823,9.71257,0.00025100000000000003,0,1,1,21,symbotic.map,15,30,16.0,16,16,9.90366,2,154,1,itacbs,,0,1,0.04642677307128906
35,4,0,124,,build/fixtures/symbotic_itacbs_normalized/paper_symbotic_39_37_ratio_060/symbotic_agents_35_test_4.yaml,,,,,,,,,,symbotic.map,35,221,16.0,16,16,,4,,0,itacbs,"Command '['third_party/ITA-CBS2/build/ITACBS_remake', '-i', 'build/fixtures/symbotic_itacbs_normalized/paper_symbotic_39_37_ratio_060/symbotic_agents_35_test_4.yaml', '-o', 'build/results/symbotic_exp1_exp2_itacbs_10s_adaptive/rows_itacbs_outputs/paper_symbotic_39_37_ratio_060_symbotic_agents_35_test_4.out.yaml']' timed out after 10.0 seconds",1,0,12.928616285324097
35,13,0,124,,build/fixtures/symbotic_itacbs_normalized/paper_symbotic_39_37_ratio_060/symbotic_agents_35_test_13.yaml,,,,,,,,,,symbotic.map,35,215,16.0,16,16,,13,,0,itacbs,"Command '['third_party/ITA-CBS2/build/ITACBS_remake', '-i', 'build/fixtures/symbotic_itacbs_normalized/paper_symbotic_39_37_ratio_060/symbotic_agents_35_test_13.yaml', '-o', 'build/results/symbotic_exp1_exp2_itacbs_10s_adaptive/rows_itacbs_outputs/paper_symbotic_39_37_ratio_060_symbotic_agents_35_test_13.out.yaml']' timed out after 10.0 seconds",1,0,12.874465227127075
15,5,1,0,,build/fixtures/symbotic_itacbs_normalized/paper_symbotic_39_37_ratio_100/symbotic_agents_15_test_5.yaml,0.037431,0.089529,6093,18.9355,0.008705999999999998,1,3,3,17,symbotic.map,15,30,16.0,16,16,19.1637,5,117,1,itacbs,,0,1,0.06146383285522461
15,1,1,0,,build/fixtures/symbotic_itacbs_normalized/paper_symbotic_39_37_ratio_100/symbotic_agents_15_test_1.yaml,0.042722,0.12591999999999998,6140,8.476370000000001,0.016511,2,5,5,27,symbotic.map,15,29,16.0,16,16,8.86929,1,148,1,itacbs,,0,1,0.04624223709106445
15,0,1,0,,build/fixtures/symbotic_itacbs_normalized/paper_symbotic_39_37_ratio_100/symbotic_agents_15_test_0.yaml,0.041458999999999996,0.081635,7384,11.8652,0.00019999999999999998,0,1,1,24,symbotic.map,15,30,16.0,16,16,12.0991,0,164,1,itacbs,,0,1,0.0477752685546875
35,14,0,124,,build/fixtures/symbotic_itacbs_normalized/paper_symbotic_39_37_ratio_060/symbotic_agents_35_test_14.yaml,,,,,,,,,,symbotic.map,35,221,16.0,16,16,,14,,0,itacbs,"Command '['third_party/ITA-CBS2/build/ITACBS_remake', '-i', 'build/fixtures/symbotic_itacbs_normalized/paper_symbotic_39_37_ratio_060/symbotic_agents_35_test_14.yaml', '-o', 'build/results/symbotic_exp1_exp2_itacbs_10s_adaptive/rows_itacbs_outputs/paper_symbotic_39_37_ratio_060_symbotic_agents_35_test_14.out.yaml']' timed out after 10.0 seconds",1,0,12.979578256607056
35,1,0,124,,build/fixtures/symbotic_itacbs_normalized/paper_symbotic_39_37_ratio_060/symbotic_agents_35_test_1.yaml,,,,,,,,,,symbotic.map,35,219,16.0,16,16,,1,,0,itacbs,"Command '['third_party/ITA-CBS2/build/ITACBS_remake', '-i', 'build/fixtures/symbotic_itacbs_normalized/paper_symbotic_39_37_ratio_060/symbotic_agents_35_test_1.yaml', '-o', 'build/results/symbotic_exp1_exp2_itacbs_10s_adaptive/rows_itacbs_outputs/paper_symbotic_39_37_ratio_060_symbotic_agents_35_test_1.out.yaml']' timed out after 10.0 seconds",1,0,13.238659620285034
15,8,1,0,,build/fixtures/symbotic_itacbs_normalized/paper_symbotic_39_37_ratio_100/symbotic_agents_15_test_8.yaml,0.041999999999999996,0.058681000000000004,6640,9.06995,0.000191,0,1,1,17,symbotic.map,15,30,16.0,16,16,9.21109,8,133,1,itacbs,,0,1,0.04288053512573242
35,15,0,124,,build/fixtures/symbotic_itacbs_normalized/paper_symbotic_39_37_ratio_060/symbotic_agents_35_test_15.yaml,,,,,,,,,,symbotic.map,35,220,16.0,16,16,,15,,0,itacbs,"Command '['third_party/ITA-CBS2/build/ITACBS_remake', '-i', 'build/fixtures/symbotic_itacbs_normalized/paper_symbotic_39_37_ratio_060/symbotic_agents_35_test_15.yaml', '-o', 'build/results/symbotic_exp1_exp2_itacbs_10s_adaptive/rows_itacbs_outputs/paper_symbotic_39_37_ratio_060_symbotic_agents_35_test_15.out.yaml']' timed out after 10.0 seconds",1,0,13.051977157592773
35,8,0,124,,build/fixtures/symbotic_itacbs_normalized/paper_symbotic_39_37_ratio_060/symbotic_agents_35_test_8.yaml,,,,,,,,,,symbotic.map,35,222,16.0,16,16,,8,,0,itacbs,"Command '['third_party/ITA-CBS2/build/ITACBS_remake', '-i', 'build/fixtures/symbotic_itacbs_normalized/paper_symbotic_39_37_ratio_060/symbotic_agents_35_test_8.yaml', '-o', 'build/results/symbotic_exp1_exp2_itacbs_10s_adaptive/rows_itacbs_outputs/paper_symbotic_39_37_ratio_060_symbotic_agents_35_test_8.out.yaml']' timed out after 10.0 seconds",1,0,13.218552350997925
15,7,1,0,,build/fixtures/symbotic_itacbs_normalized/paper_symbotic_39_37_ratio_100/symbotic_agents_15_test_7.yaml,0.045454999999999995,0.209226,7670,18.543899999999997,0.020189,4,7,7,19,symbotic.map,15,29,16.0,16,16,28.0057,7,149,1,itacbs,,0,1,0.11150527000427246
30,19,0,124,,build/fixtures/symbotic_itacbs_normalized/paper_symbotic_39_37_ratio_060/symbotic_agents_30_test_19.yaml,,,,,,,,,,symbotic.map,30,200,16.0,16,16,,19,,0,itacbs,"Command '['third_party/ITA-CBS2/build/ITACBS_remake', '-i', 'build/fixtures/symbotic_itacbs_normalized/paper_symbotic_39_37_ratio_060/symbotic_agents_30_test_19.yaml', '-o', 'build/results/symbotic_exp1_exp2_itacbs_10s_adaptive/rows_itacbs_outputs/paper_symbotic_39_37_ratio_060_symbotic_agents_30_test_19.out.yaml']' timed out after 10.0 seconds",1,0,13.264592170715332
15,3,1,0,,build/fixtures/symbotic_itacbs_normalized/paper_symbotic_39_37_ratio_100/symbotic_agents_15_test_3.yaml,0.037551,0.10319600000000001,6610,9.036560000000001,0.00016,0,1,1,29,symbotic.map,15,30,16.0,16,16,29.4897,3,152,1,itacbs,,0,1,0.1431565284729004
35,10,0,124,,build/fixtures/symbotic_itacbs_normalized/paper_symbotic_39_37_ratio_060/symbotic_agents_35_test_10.yaml,,,,,,,,,,symbotic.map,35,218,16.0,16,16,,10,,0,itacbs,"Command '['third_party/ITA-CBS2/build/ITACBS_remake', '-i', 'build/fixtures/symbotic_itacbs_normalized/paper_symbotic_39_37_ratio_060/symbotic_agents_35_test_10.yaml', '-o', 'build/results/symbotic_exp1_exp2_itacbs_10s_adaptive/rows_itacbs_outputs/paper_symbotic_39_37_ratio_060_symbotic_agents_35_test_10.out.yaml']' timed out after 10.0 seconds",1,0,13.23195767402649
15,10,1,0,,build/fixtures/symbotic_itacbs_normalized/paper_symbotic_39_37_ratio_100/symbotic_agents_15_test_10.yaml,0.06338,0.113816,7085,18.807000000000002,0.020468,3,5,5,16,symbotic.map,15,30,16.0,16,16,19.1704,10,133,1,itacbs,,0,1,0.09879422187805176
35,19,0,124,,build/fixtures/symbotic_itacbs_normalized/paper_symbotic_39_37_ratio_060/symbotic_agents_35_test_19.yaml,,,,,,,,,,symbotic.map,35,216,16.0,16,16,,19,,0,itacbs,"Command '['third_party/ITA-CBS2/build/ITACBS_remake', '-i', 'build/fixtures/symbotic_itacbs_normalized/paper_symbotic_39_37_ratio_060/symbotic_agents_35_test_19.yaml', '-o', 'build/results/symbotic_exp1_exp2_itacbs_10s_adaptive/rows_itacbs_outputs/paper_symbotic_39_37_ratio_060_symbotic_agents_35_test_19.out.yaml']' timed out after 10.0 seconds",1,0,13.143773555755615
15,9,1,0,,build/fixtures/symbotic_itacbs_normalized/paper_symbotic_39_37_ratio_100/symbotic_agents_15_test_9.yaml,0.045587,0.09607199999999999,6916,9.707189999999999,0.008746,1,3,3,19,symbotic.map,15,30,16.0,16,16,9.93158,9,148,1,itacbs,,0,1,0.07384157180786133
15,6,1,0,,build/fixtures/symbotic_itacbs_normalized/paper_symbotic_39_37_ratio_100/symbotic_agents_15_test_6.yaml,0.026289,0.077517,6580,17.3867,0.009538000000000001,0,3,3,16,symbotic.map,15,30,16.0,16,16,17.6128,6,134,1,itacbs,,0,1,0.10158610343933105
15,4,1,0,,build/fixtures/symbotic_itacbs_normalized/paper_symbotic_39_37_ratio_100/symbotic_agents_15_test_4.yaml,0.042331,0.079942,6256,15.367199999999999,0.00025,0,1,1,22,symbotic.map,15,30,16.0,16,16,15.553600000000001,4,188,1,itacbs,,0,1,0.08400130271911621
40,3,0,124,,build/fixtures/symbotic_itacbs_normalized/paper_symbotic_39_37_ratio_060/symbotic_agents_40_test_3.yaml,,,,,,,,,,symbotic.map,40,242,16.0,16,16,,3,,0,itacbs,"Command '['third_party/ITA-CBS2/build/ITACBS_remake', '-i', 'build/fixtures/symbotic_itacbs_normalized/paper_symbotic_39_37_ratio_060/symbotic_agents_40_test_3.yaml', '-o', 'build/results/symbotic_exp1_exp2_itacbs_10s_adaptive/rows_itacbs_outputs/paper_symbotic_39_37_ratio_060_symbotic_agents_40_test_3.out.yaml']' timed out after 10.0 seconds",1,0,13.136005401611328
35,17,0,124,,build/fixtures/symbotic_itacbs_normalized/paper_symbotic_39_37_ratio_060/symbotic_agents_35_test_17.yaml,,,,,,,,,,symbotic.map,35,223,16.0,16,16,,17,,0,itacbs,"Command '['third_party/ITA-CBS2/build/ITACBS_remake', '-i', 'build/fixtures/symbotic_itacbs_normalized/paper_symbotic_39_37_ratio_060/symbotic_agents_35_test_17.yaml', '-o', 'build/results/symbotic_exp1_exp2_itacbs_10s_adaptive/rows_itacbs_outputs/paper_symbotic_39_37_ratio_060_symbotic_agents_35_test_17.out.yaml']' timed out after 10.0 seconds",1,0,13.237451076507568
15,13,1,0,,build/fixtures/symbotic_itacbs_normalized/paper_symbotic_39_37_ratio_100/symbotic_agents_15_test_13.yaml,0.032271,0.076214,7308,8.87893,0.00015,0,1,1,21,symbotic.map,15,30,16.0,16,16,9.04111,13,171,1,itacbs,,0,1,0.04104876518249512
40,2,0,124,,build/fixtures/symbotic_itacbs_normalized/paper_symbotic_39_37_ratio_060/symbotic_agents_40_test_2.yaml,,,,,,,,,,symbotic.map,40,249,16.0,16,16,,2,,0,itacbs,"Command '['third_party/ITA-CBS2/build/ITACBS_remake', '-i', 'build/fixtures/symbotic_itacbs_normalized/paper_symbotic_39_37_ratio_060/symbotic_agents_40_test_2.yaml', '-o', 'build/results/symbotic_exp1_exp2_itacbs_10s_adaptive/rows_itacbs_outputs/paper_symbotic_39_37_ratio_060_symbotic_agents_40_test_2.out.yaml']' timed out after 10.0 seconds",1,0,13.176127910614014
15,14,1,0,,build/fixtures/symbotic_itacbs_normalized/paper_symbotic_39_37_ratio_100/symbotic_agents_15_test_14.yaml,0.018605,0.073339,6125,7.2336800000000006,0.00023,0,1,1,20,symbotic.map,15,30,16.0,16,16,7.37498,14,166,1,itacbs,,0,1,0.06050252914428711
40,12,0,124,,build/fixtures/symbotic_itacbs_normalized/paper_symbotic_39_37_ratio_060/symbotic_agents_40_test_12.yaml,,,,,,,,,,symbotic.map,40,252,16.0,16,16,,12,,0,itacbs,"Command '['third_party/ITA-CBS2/build/ITACBS_remake', '-i', 'build/fixtures/symbotic_itacbs_normalized/paper_symbotic_39_37_ratio_060/symbotic_agents_40_test_12.yaml', '-o', 'build/results/symbotic_exp1_exp2_itacbs_10s_adaptive/rows_itacbs_outputs/paper_symbotic_39_37_ratio_060_symbotic_agents_40_test_12.out.yaml']' timed out after 10.0 seconds",1,0,13.119295358657837
15,17,1,0,,build/fixtures/symbotic_itacbs_normalized/paper_symbotic_39_37_ratio_100/symbotic_agents_15_test_17.yaml,0.046087,0.10449800000000001,7615,13.6794,0.01049,0,3,3,25,symbotic.map,15,30,16.0,16,16,14.004000000000001,17,166,1,itacbs,,0,1,0.05025124549865723
15,16,1,0,,build/fixtures/symbotic_itacbs_normalized/paper_symbotic_39_37_ratio_100/symbotic_agents_15_test_16.yaml,0.035157,0.11789400000000001,7033,9.594520000000001,0.315018,1,3,3,21,symbotic.map,15,30,16.0,16,16,10.1682,16,165,1,itacbs,,0,1,0.0670163631439209
20,0,1,0,,build/fixtures/symbotic_itacbs_normalized/paper_symbotic_39_37_ratio_100/symbotic_agents_20_test_0.yaml,0.056587,0.14673799999999998,8959,12.0246,0.000261,0,1,1,24,symbotic.map,20,35,16.0,16,16,12.281600000000001,0,176,1,itacbs,,0,1,0.054590702056884766
40,1,0,124,,build/fixtures/symbotic_itacbs_normalized/paper_symbotic_39_37_ratio_060/symbotic_agents_40_test_1.yaml,,,,,,,,,,symbotic.map,40,244,16.0,16,16,,1,,0,itacbs,"Command '['third_party/ITA-CBS2/build/ITACBS_remake', '-i', 'build/fixtures/symbotic_itacbs_normalized/paper_symbotic_39_37_ratio_060/symbotic_agents_40_test_1.yaml', '-o', 'build/results/symbotic_exp1_exp2_itacbs_10s_adaptive/rows_itacbs_outputs/paper_symbotic_39_37_ratio_060_symbotic_agents_40_test_1.out.yaml']' timed out after 10.0 seconds",1,0,13.410502910614014
20,1,1,0,,build/fixtures/symbotic_itacbs_normalized/paper_symbotic_39_37_ratio_100/symbotic_agents_20_test_1.yaml,0.092284,0.405951,10932,26.2966,0.6337349999999999,5,13,13,21,symbotic.map,20,35,16.0,16,16,27.712799999999998,1,205,1,itacbs,,0,1,0.09891510009765625
15,11,1,0,,build/fixtures/symbotic_itacbs_normalized/paper_symbotic_39_37_ratio_100/symbotic_agents_15_test_11.yaml,0.09834499999999999,0.40151,10890,15.654399999999999,9.4871,12,25,25,23,symbotic.map,15,30,16.0,16,16,40.0238,11,143,1,itacbs,,0,1,0.17225337028503418
40,0,0,124,,build/fixtures/symbotic_itacbs_normalized/paper_symbotic_39_37_ratio_060/symbotic_agents_40_test_0.yaml,,,,,,,,,,symbotic.map,40,243,16.0,16,16,,0,,0,itacbs,"Command '['third_party/ITA-CBS2/build/ITACBS_remake', '-i', 'build/fixtures/symbotic_itacbs_normalized/paper_symbotic_39_37_ratio_060/symbotic_agents_40_test_0.yaml', '-o', 'build/results/symbotic_exp1_exp2_itacbs_10s_adaptive/rows_itacbs_outputs/paper_symbotic_39_37_ratio_060_symbotic_agents_40_test_0.out.yaml']' timed out after 10.0 seconds",1,0,13.516802310943604
40,7,0,124,,build/fixtures/symbotic_itacbs_normalized/paper_symbotic_39_37_ratio_060/symbotic_agents_40_test_7.yaml,,,,,,,,,,symbotic.map,40,245,16.0,16,16,,7,,0,itacbs,"Command '['third_party/ITA-CBS2/build/ITACBS_remake', '-i', 'build/fixtures/symbotic_itacbs_normalized/paper_symbotic_39_37_ratio_060/symbotic_agents_40_test_7.yaml', '-o', 'build/results/symbotic_exp1_exp2_itacbs_10s_adaptive/rows_itacbs_outputs/paper_symbotic_39_37_ratio_060_symbotic_agents_40_test_7.out.yaml']' timed out after 10.0 seconds",1,0,13.397535800933838
40,6,0,124,,build/fixtures/symbotic_itacbs_normalized/paper_symbotic_39_37_ratio_060/symbotic_agents_40_test_6.yaml,,,,,,,,,,symbotic.map,40,255,16.0,16,16,,6,,0,itacbs,"Command '['third_party/ITA-CBS2/build/ITACBS_remake', '-i', 'build/fixtures/symbotic_itacbs_normalized/paper_symbotic_39_37_ratio_060/symbotic_agents_40_test_6.yaml', '-o', 'build/results/symbotic_exp1_exp2_itacbs_10s_adaptive/rows_itacbs_outputs/paper_symbotic_39_37_ratio_060_symbotic_agents_40_test_6.out.yaml']' timed out after 10.0 seconds",1,0,13.512347221374512
20,5,1,0,,build/fixtures/symbotic_itacbs_normalized/paper_symbotic_39_37_ratio_100/symbotic_agents_20_test_5.yaml,0.274396,3.5840400000000003,47857,62.8966,6.698919999999999,8,117,149,25,symbotic.map,20,35,16.0,16,16,75.2638,5,209,1,itacbs,,0,1,0.1201634407043457
20,3,1,0,,build/fixtures/symbotic_itacbs_normalized/paper_symbotic_39_37_ratio_100/symbotic_agents_20_test_3.yaml,0.055175,0.151487,9345,45.0901,0.00021,0,1,1,24,symbotic.map,20,35,16.0,16,16,45.3948,3,218,1,itacbs,,0,1,0.1822810173034668
40,13,0,124,,build/fixtures/symbotic_itacbs_normalized/paper_symbotic_39_37_ratio_060/symbotic_agents_40_test_13.yaml,,,,,,,,,,symbotic.map,40,245,16.0,16,16,,13,,0,itacbs,"Command '['third_party/ITA-CBS2/build/ITACBS_remake', '-i', 'build/fixtures/symbotic_itacbs_normalized/paper_symbotic_39_37_ratio_060/symbotic_agents_40_test_13.yaml', '-o', 'build/results/symbotic_exp1_exp2_itacbs_10s_adaptive/rows_itacbs_outputs/paper_symbotic_39_37_ratio_060_symbotic_agents_40_test_13.out.yaml']' timed out after 10.0 seconds",1,0,13.317383289337158
40,4,0,124,,build/fixtures/symbotic_itacbs_normalized/paper_symbotic_39_37_ratio_060/symbotic_agents_40_test_4.yaml,,,,,,,,,,symbotic.map,40,253,16.0,16,16,,4,,0,itacbs,"Command '['third_party/ITA-CBS2/build/ITACBS_remake', '-i', 'build/fixtures/symbotic_itacbs_normalized/paper_symbotic_39_37_ratio_060/symbotic_agents_40_test_4.yaml', '-o', 'build/results/symbotic_exp1_exp2_itacbs_10s_adaptive/rows_itacbs_outputs/paper_symbotic_39_37_ratio_060_symbotic_agents_40_test_4.out.yaml']' timed out after 10.0 seconds",1,0,13.54270315170288
35,16,0,124,,build/fixtures/symbotic_itacbs_normalized/paper_symbotic_39_37_ratio_060/symbotic_agents_35_test_16.yaml,,,,,,,,,,symbotic.map,35,222,16.0,16,16,,16,,0,itacbs,"Command '['third_party/ITA-CBS2/build/ITACBS_remake', '-i', 'build/fixtures/symbotic_itacbs_normalized/paper_symbotic_39_37_ratio_060/symbotic_agents_35_test_16.yaml', '-o', 'build/results/symbotic_exp1_exp2_itacbs_10s_adaptive/rows_itacbs_outputs/paper_symbotic_39_37_ratio_060_symbotic_agents_35_test_16.out.yaml']' timed out after 10.0 seconds",1,0,13.69060206413269
40,17,0,124,,build/fixtures/symbotic_itacbs_normalized/paper_symbotic_39_37_ratio_060/symbotic_agents_40_test_17.yaml,,,,,,,,,,symbotic.map,40,250,16.0,16,16,,17,,0,itacbs,"Command '['third_party/ITA-CBS2/build/ITACBS_remake', '-i', 'build/fixtures/symbotic_itacbs_normalized/paper_symbotic_39_37_ratio_060/symbotic_agents_40_test_17.yaml', '-o', 'build/results/symbotic_exp1_exp2_itacbs_10s_adaptive/rows_itacbs_outputs/paper_symbotic_39_37_ratio_060_symbotic_agents_40_test_17.out.yaml']' timed out after 10.0 seconds",1,0,13.360477209091187
40,19,0,124,,build/fixtures/symbotic_itacbs_normalized/paper_symbotic_39_37_ratio_060/symbotic_agents_40_test_19.yaml,,,,,,,,,,symbotic.map,40,251,16.0,16,16,,19,,0,itacbs,"Command '['third_party/ITA-CBS2/build/ITACBS_remake', '-i', 'build/fixtures/symbotic_itacbs_normalized/paper_symbotic_39_37_ratio_060/symbotic_agents_40_test_19.yaml', '-o', 'build/results/symbotic_exp1_exp2_itacbs_10s_adaptive/rows_itacbs_outputs/paper_symbotic_39_37_ratio_060_symbotic_agents_40_test_19.out.yaml']' timed out after 10.0 seconds",1,0,13.406588315963745
20,10,1,0,,build/fixtures/symbotic_itacbs_normalized/paper_symbotic_39_37_ratio_100/symbotic_agents_20_test_10.yaml,0.24726,4.45121,23791,27.7936,5.97535,1,101,125,36,symbotic.map,20,34,16.0,16,16,39.8752,10,251,1,itacbs,,0,1,0.07841706275939941
40,9,0,124,,build/fixtures/symbotic_itacbs_normalized/paper_symbotic_39_37_ratio_060/symbotic_agents_40_test_9.yaml,,,,,,,,,,symbotic.map,40,238,16.0,16,16,,9,,0,itacbs,"Command '['third_party/ITA-CBS2/build/ITACBS_remake', '-i', 'build/fixtures/symbotic_itacbs_normalized/paper_symbotic_39_37_ratio_060/symbotic_agents_40_test_9.yaml', '-o', 'build/results/symbotic_exp1_exp2_itacbs_10s_adaptive/rows_itacbs_outputs/paper_symbotic_39_37_ratio_060_symbotic_agents_40_test_9.out.yaml']' timed out after 10.0 seconds",1,0,13.410712480545044
20,4,1,0,,build/fixtures/symbotic_itacbs_normalized/paper_symbotic_39_37_ratio_100/symbotic_agents_20_test_4.yaml,0.106044,0.413785,10319,32.308099999999996,0.634624,1,11,11,27,symbotic.map,20,35,16.0,16,16,33.7667,4,201,1,itacbs,,0,1,0.10987377166748047
15,15,1,0,,build/fixtures/symbotic_itacbs_normalized/paper_symbotic_39_37_ratio_100/symbotic_agents_15_test_15.yaml,0.057433,0.371948,9888,13.0083,0.7473789999999999,5,13,13,27,symbotic.map,15,30,16.0,16,16,14.5246,15,185,1,itacbs,,0,1,0.06207132339477539
20,6,1,0,,build/fixtures/symbotic_itacbs_normalized/paper_symbotic_39_37_ratio_100/symbotic_agents_20_test_6.yaml,0.21313500000000002,3.32096,41709,44.6106,1.72007,28,62,63,28,symbotic.map,20,34,16.0,16,16,50.9688,6,261,1,itacbs,,0,1,0.10426878929138184
40,10,0,124,,build/fixtures/symbotic_itacbs_normalized/paper_symbotic_39_37_ratio_060/symbotic_agents_40_test_10.yaml,,,,,,,,,,symbotic.map,40,251,16.0,16,16,,10,,0,itacbs,"Command '['third_party/ITA-CBS2/build/ITACBS_remake', '-i', 'build/fixtures/symbotic_itacbs_normalized/paper_symbotic_39_37_ratio_060/symbotic_agents_40_test_10.yaml', '-o', 'build/results/symbotic_exp1_exp2_itacbs_10s_adaptive/rows_itacbs_outputs/paper_symbotic_39_37_ratio_060_symbotic_agents_40_test_10.out.yaml']' timed out after 10.0 seconds",1,0,13.646049976348877
45,0,0,124,,build/fixtures/symbotic_itacbs_normalized/paper_symbotic_39_37_ratio_060/symbotic_agents_45_test_0.yaml,,,,,,,,,,symbotic.map,45,275,16.0,16,16,,0,,0,itacbs,"Command '['third_party/ITA-CBS2/build/ITACBS_remake', '-i', 'build/fixtures/symbotic_itacbs_normalized/paper_symbotic_39_37_ratio_060/symbotic_agents_45_test_0.yaml', '-o', 'build/results/symbotic_exp1_exp2_itacbs_10s_adaptive/rows_itacbs_outputs/paper_symbotic_39_37_ratio_060_symbotic_agents_45_test_0.out.yaml']' timed out after 10.0 seconds",1,0,13.299365282058716
20,13,1,0,,build/fixtures/symbotic_itacbs_normalized/paper_symbotic_39_37_ratio_100/symbotic_agents_20_test_13.yaml,0.097556,0.37281800000000004,11149,15.0265,0.327439,1,7,7,30,symbotic.map,20,35,16.0,16,16,16.2621,13,287,1,itacbs,,0,1,0.08242535591125488
20,11,1,0,,build/fixtures/symbotic_itacbs_normalized/paper_symbotic_39_37_ratio_100/symbotic_agents_20_test_11.yaml,0.104938,0.391575,10864,18.407300000000003,0.354773,2,7,9,24,symbotic.map,20,35,16.0,16,16,19.8182,11,221,1,itacbs,,0,1,0.05788135528564453
20,15,1,0,,build/fixtures/symbotic_itacbs_normalized/paper_symbotic_39_37_ratio_100/symbotic_agents_20_test_15.yaml,0.110076,0.406492,11851,16.2601,1.95068,5,27,29,18,symbotic.map,20,35,16.0,16,16,19.5285,15,176,1,itacbs,,0,1,0.055938005447387695
40,18,0,124,,build/fixtures/symbotic_itacbs_normalized/paper_symbotic_39_37_ratio_060/symbotic_agents_40_test_18.yaml,,,,,,,,,,symbotic.map,40,253,16.0,16,16,,18,,0,itacbs,"Command '['third_party/ITA-CBS2/build/ITACBS_remake', '-i', 'build/fixtures/symbotic_itacbs_normalized/paper_symbotic_39_37_ratio_060/symbotic_agents_40_test_18.yaml', '-o', 'build/results/symbotic_exp1_exp2_itacbs_10s_adaptive/rows_itacbs_outputs/paper_symbotic_39_37_ratio_060_symbotic_agents_40_test_18.out.yaml']' timed out after 10.0 seconds",1,0,13.523794412612915
45,3,0,124,,build/fixtures/symbotic_itacbs_normalized/paper_symbotic_39_37_ratio_060/symbotic_agents_45_test_3.yaml,,,,,,,,,,symbotic.map,45,279,16.0,16,16,,3,,0,itacbs,"Command '['third_party/ITA-CBS2/build/ITACBS_remake', '-i', 'build/fixtures/symbotic_itacbs_normalized/paper_symbotic_39_37_ratio_060/symbotic_agents_45_test_3.yaml', '-o', 'build/results/symbotic_exp1_exp2_itacbs_10s_adaptive/rows_itacbs_outputs/paper_symbotic_39_37_ratio_060_symbotic_agents_45_test_3.out.yaml']' timed out after 10.0 seconds",1,0,13.419772624969482
15,18,1,0,,build/fixtures/symbotic_itacbs_normalized/paper_symbotic_39_37_ratio_100/symbotic_agents_15_test_18.yaml,0.039866,0.095171,6258,8.998280000000001,0.009317,1,3,3,18,symbotic.map,15,30,16.0,16,16,19.1742,18,141,1,itacbs,,0,1,0.11623072624206543
45,7,0,124,,build/fixtures/symbotic_itacbs_normalized/paper_symbotic_39_37_ratio_060/symbotic_agents_45_test_7.yaml,,,,,,,,,,symbotic.map,45,257,16.0,16,16,,7,,0,itacbs,"Command '['third_party/ITA-CBS2/build/ITACBS_remake', '-i', 'build/fixtures/symbotic_itacbs_normalized/paper_symbotic_39_37_ratio_060/symbotic_agents_45_test_7.yaml', '-o', 'build/results/symbotic_exp1_exp2_itacbs_10s_adaptive/rows_itacbs_outputs/paper_symbotic_39_37_ratio_060_symbotic_agents_45_test_7.out.yaml']' timed out after 10.0 seconds",1,0,13.379866361618042
40,5,0,124,,build/fixtures/symbotic_itacbs_normalized/paper_symbotic_39_37_ratio_060/symbotic_agents_40_test_5.yaml,,,,,,,,,,symbotic.map,40,248,16.0,16,16,,5,,0,itacbs,"Command '['third_party/ITA-CBS2/build/ITACBS_remake', '-i', 'build/fixtures/symbotic_itacbs_normalized/paper_symbotic_39_37_ratio_060/symbotic_agents_40_test_5.yaml', '-o', 'build/results/symbotic_exp1_exp2_itacbs_10s_adaptive/rows_itacbs_outputs/paper_symbotic_39_37_ratio_060_symbotic_agents_40_test_5.out.yaml']' timed out after 10.0 seconds",1,0,13.63296627998352
40,16,0,124,,build/fixtures/symbotic_itacbs_normalized/paper_symbotic_39_37_ratio_060/symbotic_agents_40_test_16.yaml,,,,,,,,,,symbotic.map,40,249,16.0,16,16,,16,,0,itacbs,"Command '['third_party/ITA-CBS2/build/ITACBS_remake', '-i', 'build/fixtures/symbotic_itacbs_normalized/paper_symbotic_39_37_ratio_060/symbotic_agents_40_test_16.yaml', '-o', 'build/results/symbotic_exp1_exp2_itacbs_10s_adaptive/rows_itacbs_outputs/paper_symbotic_39_37_ratio_060_symbotic_agents_40_test_16.out.yaml']' timed out after 10.0 seconds",1,0,13.71021819114685
20,16,1,0,,build/fixtures/symbotic_itacbs_normalized/paper_symbotic_39_37_ratio_100/symbotic_agents_20_test_16.yaml,0.07086500000000001,0.402375,10872,14.8795,0.28506099999999995,1,5,7,26,symbotic.map,20,35,16.0,16,16,15.789299999999999,16,241,1,itacbs,,0,1,0.10233855247497559
40,11,0,124,,build/fixtures/symbotic_itacbs_normalized/paper_symbotic_39_37_ratio_060/symbotic_agents_40_test_11.yaml,,,,,,,,,,symbotic.map,40,250,16.0,16,16,,11,,0,itacbs,"Command '['third_party/ITA-CBS2/build/ITACBS_remake', '-i', 'build/fixtures/symbotic_itacbs_normalized/paper_symbotic_39_37_ratio_060/symbotic_agents_40_test_11.yaml', '-o', 'build/results/symbotic_exp1_exp2_itacbs_10s_adaptive/rows_itacbs_outputs/paper_symbotic_39_37_ratio_060_symbotic_agents_40_test_11.out.yaml']' timed out after 10.0 seconds",1,0,13.600941896438599
20,7,1,0,,build/fixtures/symbotic_itacbs_normalized/paper_symbotic_39_37_ratio_100/symbotic_agents_20_test_7.yaml,0.13351300000000002,0.388368,12269,85.0699,0.965203,3,13,13,23,symbotic.map,20,35,16.0,16,16,86.92790000000001,7,236,1,itacbs,,0,1,0.22426605224609375
15,19,1,0,,build/fixtures/symbotic_itacbs_normalized/paper_symbotic_39_37_ratio_100/symbotic_agents_15_test_19.yaml,0.04182,0.070935,6800,26.4736,0.000271,0,1,1,19,symbotic.map,15,30,16.0,16,16,26.6856,19,148,1,itacbs,,0,1,0.1551189422607422
15,12,1,0,,build/fixtures/symbotic_itacbs_normalized/paper_symbotic_39_37_ratio_100/symbotic_agents_15_test_12.yaml,0.054095000000000004,0.096634,8359,24.875999999999998,0.325528,1,11,11,21,symbotic.map,15,30,16.0,16,16,25.526,12,142,1,itacbs,,0,1,0.17124414443969727
40,15,0,124,,build/fixtures/symbotic_itacbs_normalized/paper_symbotic_39_37_ratio_060/symbotic_agents_40_test_15.yaml,,,,,,,,,,symbotic.map,40,253,16.0,16,16,,15,,0,itacbs,"Command '['third_party/ITA-CBS2/build/ITACBS_remake', '-i', 'build/fixtures/symbotic_itacbs_normalized/paper_symbotic_39_37_ratio_060/symbotic_agents_40_test_15.yaml', '-o', 'build/results/symbotic_exp1_exp2_itacbs_10s_adaptive/rows_itacbs_outputs/paper_symbotic_39_37_ratio_060_symbotic_agents_40_test_15.out.yaml']' timed out after 10.0 seconds",1,0,13.670206785202026
20,17,1,0,,build/fixtures/symbotic_itacbs_normalized/paper_symbotic_39_37_ratio_100/symbotic_agents_20_test_17.yaml,0.164401,1.97709,15256,23.279799999999998,0.121837,6,29,29,31,symbotic.map,20,34,16.0,16,16,26.229499999999998,17,234,1,itacbs,,0,1,0.08080506324768066
20,14,1,0,,build/fixtures/symbotic_itacbs_normalized/paper_symbotic_39_37_ratio_100/symbotic_agents_20_test_14.yaml,0.234272,2.82007,33607,53.550399999999996,3.33366,3,93,105,35,symbotic.map,20,35,16.0,16,16,61.6528,14,243,1,itacbs,,0,1,0.10412192344665527
20,18,1,0,,build/fixtures/symbotic_itacbs_normalized/paper_symbotic_39_37_ratio_100/symbotic_agents_20_test_18.yaml,0.117773,0.597915,11078,19.227899999999998,0.6031740000000001,2,7,7,41,symbotic.map,20,35,16.0,16,16,20.7595,18,306,1,itacbs,,0,1,0.07743453979492188
40,14,0,124,,build/fixtures/symbotic_itacbs_normalized/paper_symbotic_39_37_ratio_060/symbotic_agents_40_test_14.yaml,,,,,,,,,,symbotic.map,40,242,16.0,16,16,,14,,0,itacbs,"Command '['third_party/ITA-CBS2/build/ITACBS_remake', '-i', 'build/fixtures/symbotic_itacbs_normalized/paper_symbotic_39_37_ratio_060/symbotic_agents_40_test_14.yaml', '-o', 'build/results/symbotic_exp1_exp2_itacbs_10s_adaptive/rows_itacbs_outputs/paper_symbotic_39_37_ratio_060_symbotic_agents_40_test_14.out.yaml']' timed out after 10.0 seconds",1,0,13.564469814300537
45,9,0,124,,build/fixtures/symbotic_itacbs_normalized/paper_symbotic_39_37_ratio_060/symbotic_agents_45_test_9.yaml,,,,,,,,,,symbotic.map,45,264,16.0,16,16,,9,,0,itacbs,"Command '['third_party/ITA-CBS2/build/ITACBS_remake', '-i', 'build/fixtures/symbotic_itacbs_normalized/paper_symbotic_39_37_ratio_060/symbotic_agents_45_test_9.yaml', '-o', 'build/results/symbotic_exp1_exp2_itacbs_10s_adaptive/rows_itacbs_outputs/paper_symbotic_39_37_ratio_060_symbotic_agents_45_test_9.out.yaml']' timed out after 10.0 seconds",1,0,13.526780843734741
45,5,0,124,,build/fixtures/symbotic_itacbs_normalized/paper_symbotic_39_37_ratio_060/symbotic_agents_45_test_5.yaml,,,,,,,,,,symbotic.map,45,276,16.0,16,16,,5,,0,itacbs,"Command '['third_party/ITA-CBS2/build/ITACBS_remake', '-i', 'build/fixtures/symbotic_itacbs_normalized/paper_symbotic_39_37_ratio_060/symbotic_agents_45_test_5.yaml', '-o', 'build/results/symbotic_exp1_exp2_itacbs_10s_adaptive/rows_itacbs_outputs/paper_symbotic_39_37_ratio_060_symbotic_agents_45_test_5.out.yaml']' timed out after 10.0 seconds",1,0,13.562421083450317
45,11,0,124,,build/fixtures/symbotic_itacbs_normalized/paper_symbotic_39_37_ratio_060/symbotic_agents_45_test_11.yaml,,,,,,,,,,symbotic.map,45,267,16.0,16,16,,11,,0,itacbs,"Command '['third_party/ITA-CBS2/build/ITACBS_remake', '-i', 'build/fixtures/symbotic_itacbs_normalized/paper_symbotic_39_37_ratio_060/symbotic_agents_45_test_11.yaml', '-o', 'build/results/symbotic_exp1_exp2_itacbs_10s_adaptive/rows_itacbs_outputs/paper_symbotic_39_37_ratio_060_symbotic_agents_45_test_11.out.yaml']' timed out after 10.0 seconds",1,0,13.549251556396484
45,2,0,124,,build/fixtures/symbotic_itacbs_normalized/paper_symbotic_39_37_ratio_060/symbotic_agents_45_test_2.yaml,,,,,,,,,,symbotic.map,45,273,16.0,16,16,,2,,0,itacbs,"Command '['third_party/ITA-CBS2/build/ITACBS_remake', '-i', 'build/fixtures/symbotic_itacbs_normalized/paper_symbotic_39_37_ratio_060/symbotic_agents_45_test_2.yaml', '-o', 'build/results/symbotic_exp1_exp2_itacbs_10s_adaptive/rows_itacbs_outputs/paper_symbotic_39_37_ratio_060_symbotic_agents_45_test_2.out.yaml']' timed out after 10.0 seconds",1,0,13.756803750991821
45,1,0,124,,build/fixtures/symbotic_itacbs_normalized/paper_symbotic_39_37_ratio_060/symbotic_agents_45_test_1.yaml,,,,,,,,,,symbotic.map,45,268,16.0,16,16,,1,,0,itacbs,"Command '['third_party/ITA-CBS2/build/ITACBS_remake', '-i', 'build/fixtures/symbotic_itacbs_normalized/paper_symbotic_39_37_ratio_060/symbotic_agents_45_test_1.yaml', '-o', 'build/results/symbotic_exp1_exp2_itacbs_10s_adaptive/rows_itacbs_outputs/paper_symbotic_39_37_ratio_060_symbotic_agents_45_test_1.out.yaml']' timed out after 10.0 seconds",1,0,13.804977416992188
50,1,0,124,,build/fixtures/symbotic_itacbs_normalized/paper_symbotic_39_37_ratio_060/symbotic_agents_50_test_1.yaml,,,,,,,,,,symbotic.map,50,288,16.0,16,16,,1,,0,itacbs,"Command '['third_party/ITA-CBS2/build/ITACBS_remake', '-i', 'build/fixtures/symbotic_itacbs_normalized/paper_symbotic_39_37_ratio_060/symbotic_agents_50_test_1.yaml', '-o', 'build/results/symbotic_exp1_exp2_itacbs_10s_adaptive/rows_itacbs_outputs/paper_symbotic_39_37_ratio_060_symbotic_agents_50_test_1.out.yaml']' timed out after 10.0 seconds",1,0,13.406529426574707
20,2,1,0,,build/fixtures/symbotic_itacbs_normalized/paper_symbotic_39_37_ratio_100/symbotic_agents_20_test_2.yaml,0.120229,0.17404,9892,42.0517,0.302736,1,3,3,21,symbotic.map,20,35,16.0,16,16,74.45490000000001,2,190,1,itacbs,,0,1,0.23000478744506836
45,6,0,124,,build/fixtures/symbotic_itacbs_normalized/paper_symbotic_39_37_ratio_060/symbotic_agents_45_test_6.yaml,,,,,,,,,,symbotic.map,45,273,16.0,16,16,,6,,0,itacbs,"Command '['third_party/ITA-CBS2/build/ITACBS_remake', '-i', 'build/fixtures/symbotic_itacbs_normalized/paper_symbotic_39_37_ratio_060/symbotic_agents_45_test_6.yaml', '-o', 'build/results/symbotic_exp1_exp2_itacbs_10s_adaptive/rows_itacbs_outputs/paper_symbotic_39_37_ratio_060_symbotic_agents_45_test_6.out.yaml']' timed out after 10.0 seconds",1,0,13.672237873077393
45,10,0,124,,build/fixtures/symbotic_itacbs_normalized/paper_symbotic_39_37_ratio_060/symbotic_agents_45_test_10.yaml,,,,,,,,,,symbotic.map,45,276,16.0,16,16,,10,,0,itacbs,"Command '['third_party/ITA-CBS2/build/ITACBS_remake', '-i', 'build/fixtures/symbotic_itacbs_normalized/paper_symbotic_39_37_ratio_060/symbotic_agents_45_test_10.yaml', '-o', 'build/results/symbotic_exp1_exp2_itacbs_10s_adaptive/rows_itacbs_outputs/paper_symbotic_39_37_ratio_060_symbotic_agents_45_test_10.out.yaml']' timed out after 10.0 seconds",1,0,13.676744222640991
45,8,0,124,,build/fixtures/symbotic_itacbs_normalized/paper_symbotic_39_37_ratio_060/symbotic_agents_45_test_8.yaml,,,,,,,,,,symbotic.map,45,267,16.0,16,16,,8,,0,itacbs,"Command '['third_party/ITA-CBS2/build/ITACBS_remake', '-i', 'build/fixtures/symbotic_itacbs_normalized/paper_symbotic_39_37_ratio_060/symbotic_agents_45_test_8.yaml', '-o', 'build/results/symbotic_exp1_exp2_itacbs_10s_adaptive/rows_itacbs_outputs/paper_symbotic_39_37_ratio_060_symbotic_agents_45_test_8.out.yaml']' timed out after 10.0 seconds",1,0,13.72117829322815
45,16,0,124,,build/fixtures/symbotic_itacbs_normalized/paper_symbotic_39_37_ratio_060/symbotic_agents_45_test_16.yaml,,,,,,,,,,symbotic.map,45,279,16.0,16,16,,16,,0,itacbs,"Command '['third_party/ITA-CBS2/build/ITACBS_remake', '-i', 'build/fixtures/symbotic_itacbs_normalized/paper_symbotic_39_37_ratio_060/symbotic_agents_45_test_16.yaml', '-o', 'build/results/symbotic_exp1_exp2_itacbs_10s_adaptive/rows_itacbs_outputs/paper_symbotic_39_37_ratio_060_symbotic_agents_45_test_16.out.yaml']' timed out after 10.0 seconds",1,0,13.57588005065918
25,18,1,0,,build/fixtures/symbotic_itacbs_normalized/paper_symbotic_39_37_ratio_100/symbotic_agents_25_test_18.yaml,0.169342,2.25559,15262,19.247500000000002,0.81978,12,25,25,30,symbotic.map,25,40,16.0,16,16,23.1555,18,270,1,itacbs,,0,1,0.05638837814331055
45,15,0,124,,build/fixtures/symbotic_itacbs_normalized/paper_symbotic_39_37_ratio_060/symbotic_agents_45_test_15.yaml,,,,,,,,,,symbotic.map,45,284,16.0,16,16,,15,,0,itacbs,"Command '['third_party/ITA-CBS2/build/ITACBS_remake', '-i', 'build/fixtures/symbotic_itacbs_normalized/paper_symbotic_39_37_ratio_060/symbotic_agents_45_test_15.yaml', '-o', 'build/results/symbotic_exp1_exp2_itacbs_10s_adaptive/rows_itacbs_outputs/paper_symbotic_39_37_ratio_060_symbotic_agents_45_test_15.out.yaml']' timed out after 10.0 seconds",1,0,13.612135410308838
50,11,0,124,,build/fixtures/symbotic_itacbs_normalized/paper_symbotic_39_37_ratio_060/symbotic_agents_50_test_11.yaml,,,,,,,,,,symbotic.map,50,299,16.0,16,16,,11,,0,itacbs,"Command '['third_party/ITA-CBS2/build/ITACBS_remake', '-i', 'build/fixtures/symbotic_itacbs_normalized/paper_symbotic_39_37_ratio_060/symbotic_agents_50_test_11.yaml', '-o', 'build/results/symbotic_exp1_exp2_itacbs_10s_adaptive/rows_itacbs_outputs/paper_symbotic_39_37_ratio_060_symbotic_agents_50_test_11.out.yaml']' timed out after 10.0 seconds",1,0,13.284353494644165
50,7,0,124,,build/fixtures/symbotic_itacbs_normalized/paper_symbotic_39_37_ratio_060/symbotic_agents_50_test_7.yaml,,,,,,,,,,symbotic.map,50,292,16.0,16,16,,7,,0,itacbs,"Command '['third_party/ITA-CBS2/build/ITACBS_remake', '-i', 'build/fixtures/symbotic_itacbs_normalized/paper_symbotic_39_37_ratio_060/symbotic_agents_50_test_7.yaml', '-o', 'build/results/symbotic_exp1_exp2_itacbs_10s_adaptive/rows_itacbs_outputs/paper_symbotic_39_37_ratio_060_symbotic_agents_50_test_7.out.yaml']' timed out after 10.0 seconds",1,0,13.363651752471924
50,5,0,124,,build/fixtures/symbotic_itacbs_normalized/paper_symbotic_39_37_ratio_060/symbotic_agents_50_test_5.yaml,,,,,,,,,,symbotic.map,50,288,16.0,16,16,,5,,0,itacbs,"Command '['third_party/ITA-CBS2/build/ITACBS_remake', '-i', 'build/fixtures/symbotic_itacbs_normalized/paper_symbotic_39_37_ratio_060/symbotic_agents_50_test_5.yaml', '-o', 'build/results/symbotic_exp1_exp2_itacbs_10s_adaptive/rows_itacbs_outputs/paper_symbotic_39_37_ratio_060_symbotic_agents_50_test_5.out.yaml']' timed out after 10.0 seconds",1,0,13.482145309448242
45,13,0,124,,build/fixtures/symbotic_itacbs_normalized/paper_symbotic_39_37_ratio_060/symbotic_agents_45_test_13.yaml,,,,,,,,,,symbotic.map,45,275,16.0,16,16,,13,,0,itacbs,"Command '['third_party/ITA-CBS2/build/ITACBS_remake', '-i', 'build/fixtures/symbotic_itacbs_normalized/paper_symbotic_39_37_ratio_060/symbotic_agents_45_test_13.yaml', '-o', 'build/results/symbotic_exp1_exp2_itacbs_10s_adaptive/rows_itacbs_outputs/paper_symbotic_39_37_ratio_060_symbotic_agents_45_test_13.out.yaml']' timed out after 10.0 seconds",1,0,13.755188703536987
20,12,1,0,,build/fixtures/symbotic_itacbs_normalized/paper_symbotic_39_37_ratio_100/symbotic_agents_20_test_12.yaml,0.755179,12.7552,50664,215.0,26.7803,21,201,221,29,symbotic.map,20,35,16.0,16,16,260.474,12,245,1,itacbs,,0,1,0.43995022773742676
45,19,0,124,,build/fixtures/symbotic_itacbs_normalized/paper_symbotic_39_37_ratio_060/symbotic_agents_45_test_19.yaml,,,,,,,,,,symbotic.map,45,272,16.0,16,16,,19,,0,itacbs,"Command '['third_party/ITA-CBS2/build/ITACBS_remake', '-i', 'build/fixtures/symbotic_itacbs_normalized/paper_symbotic_39_37_ratio_060/symbotic_agents_45_test_19.yaml', '-o', 'build/results/symbotic_exp1_exp2_itacbs_10s_adaptive/rows_itacbs_outputs/paper_symbotic_39_37_ratio_060_symbotic_agents_45_test_19.out.yaml']' timed out after 10.0 seconds",1,0,13.629945039749146
45,12,0,124,,build/fixtures/symbotic_itacbs_normalized/paper_symbotic_39_37_ratio_060/symbotic_agents_45_test_12.yaml,,,,,,,,,,symbotic.map,45,276,16.0,16,16,,12,,0,itacbs,"Command '['third_party/ITA-CBS2/build/ITACBS_remake', '-i', 'build/fixtures/symbotic_itacbs_normalized/paper_symbotic_39_37_ratio_060/symbotic_agents_45_test_12.yaml', '-o', 'build/results/symbotic_exp1_exp2_itacbs_10s_adaptive/rows_itacbs_outputs/paper_symbotic_39_37_ratio_060_symbotic_agents_45_test_12.out.yaml']' timed out after 10.0 seconds",1,0,13.784678220748901
45,17,0,124,,build/fixtures/symbotic_itacbs_normalized/paper_symbotic_39_37_ratio_060/symbotic_agents_45_test_17.yaml,,,,,,,,,,symbotic.map,45,263,16.0,16,16,,17,,0,itacbs,"Command '['third_party/ITA-CBS2/build/ITACBS_remake', '-i', 'build/fixtures/symbotic_itacbs_normalized/paper_symbotic_39_37_ratio_060/symbotic_agents_45_test_17.yaml', '-o', 'build/results/symbotic_exp1_exp2_itacbs_10s_adaptive/rows_itacbs_outputs/paper_symbotic_39_37_ratio_060_symbotic_agents_45_test_17.out.yaml']' timed out after 10.0 seconds",1,0,13.70780062675476
50,6,0,124,,build/fixtures/symbotic_itacbs_normalized/paper_symbotic_39_37_ratio_060/symbotic_agents_50_test_6.yaml,,,,,,,,,,symbotic.map,50,289,16.0,16,16,,6,,0,itacbs,"Command '['third_party/ITA-CBS2/build/ITACBS_remake', '-i', 'build/fixtures/symbotic_itacbs_normalized/paper_symbotic_39_37_ratio_060/symbotic_agents_50_test_6.yaml', '-o', 'build/results/symbotic_exp1_exp2_itacbs_10s_adaptive/rows_itacbs_outputs/paper_symbotic_39_37_ratio_060_symbotic_agents_50_test_6.out.yaml']' timed out after 10.0 seconds",1,0,13.552286624908447
25,17,1,0,,build/fixtures/symbotic_itacbs_normalized/paper_symbotic_39_37_ratio_100/symbotic_agents_25_test_17.yaml,0.24196800000000002,1.2750400000000002,16217,26.814700000000002,2.66558,6,39,43,26,symbotic.map,25,40,16.0,16,16,31.9321,17,311,1,itacbs,,0,1,0.08247637748718262
50,3,0,124,,build/fixtures/symbotic_itacbs_normalized/paper_symbotic_39_37_ratio_060/symbotic_agents_50_test_3.yaml,,,,,,,,,,symbotic.map,50,293,16.0,16,16,,3,,0,itacbs,"Command '['third_party/ITA-CBS2/build/ITACBS_remake', '-i', 'build/fixtures/symbotic_itacbs_normalized/paper_symbotic_39_37_ratio_060/symbotic_agents_50_test_3.yaml', '-o', 'build/results/symbotic_exp1_exp2_itacbs_10s_adaptive/rows_itacbs_outputs/paper_symbotic_39_37_ratio_060_symbotic_agents_50_test_3.out.yaml']' timed out after 10.0 seconds",1,0,13.636101722717285
25,5,1,0,,build/fixtures/symbotic_itacbs_normalized/paper_symbotic_39_37_ratio_100/symbotic_agents_25_test_5.yaml,1.04129,17.898600000000002,78278,104.83000000000001,13.921299999999999,57,244,263,32,symbotic.map,25,39,16.0,16,16,142.84199999999998,5,350,1,itacbs,,0,1,0.21278882026672363
45,14,0,124,,build/fixtures/symbotic_itacbs_normalized/paper_symbotic_39_37_ratio_060/symbotic_agents_45_test_14.yaml,,,,,,,,,,symbotic.map,45,274,16.0,16,16,,14,,0,itacbs,"Command '['third_party/ITA-CBS2/build/ITACBS_remake', '-i', 'build/fixtures/symbotic_itacbs_normalized/paper_symbotic_39_37_ratio_060/symbotic_agents_45_test_14.yaml', '-o', 'build/results/symbotic_exp1_exp2_itacbs_10s_adaptive/rows_itacbs_outputs/paper_symbotic_39_37_ratio_060_symbotic_agents_45_test_14.out.yaml']' timed out after 10.0 seconds",1,0,13.869066953659058
50,17,0,124,,build/fixtures/symbotic_itacbs_normalized/paper_symbotic_39_37_ratio_060/symbotic_agents_50_test_17.yaml,,,,,,,,,,symbotic.map,50,300,16.0,16,16,,17,,0,itacbs,"Command '['third_party/ITA-CBS2/build/ITACBS_remake', '-i', 'build/fixtures/symbotic_itacbs_normalized/paper_symbotic_39_37_ratio_060/symbotic_agents_50_test_17.yaml', '-o', 'build/results/symbotic_exp1_exp2_itacbs_10s_adaptive/rows_itacbs_outputs/paper_symbotic_39_37_ratio_060_symbotic_agents_50_test_17.out.yaml']' timed out after 10.0 seconds",1,0,13.359133958816528
50,18,0,124,,build/fixtures/symbotic_itacbs_normalized/paper_symbotic_39_37_ratio_060/symbotic_agents_50_test_18.yaml,,,,,,,,,,symbotic.map,50,293,16.0,16,16,,18,,0,itacbs,"Command '['third_party/ITA-CBS2/build/ITACBS_remake', '-i', 'build/fixtures/symbotic_itacbs_normalized/paper_symbotic_39_37_ratio_060/symbotic_agents_50_test_18.yaml', '-o', 'build/results/symbotic_exp1_exp2_itacbs_10s_adaptive/rows_itacbs_outputs/paper_symbotic_39_37_ratio_060_symbotic_agents_50_test_18.out.yaml']' timed out after 10.0 seconds",1,0,13.293157815933228
25,16,1,0,,build/fixtures/symbotic_itacbs_normalized/paper_symbotic_39_37_ratio_100/symbotic_agents_25_test_16.yaml,0.26345799999999997,2.2701000000000002,25715,37.6117,5.42345,0,50,55,38,symbotic.map,25,40,16.0,16,16,46.8034,16,335,1,itacbs,,0,1,0.08567404747009277
20,8,1,0,,build/fixtures/symbotic_itacbs_normalized/paper_symbotic_39_37_ratio_100/symbotic_agents_20_test_8.yaml,0.125026,0.6587109999999999,11458,69.9011,1.2973100000000002,4,16,17,26,symbotic.map,20,35,16.0,16,16,72.34880000000001,8,278,1,itacbs,,0,1,0.23095130920410156
50,8,0,124,,build/fixtures/symbotic_itacbs_normalized/paper_symbotic_39_37_ratio_060/symbotic_agents_50_test_8.yaml,,,,,,,,,,symbotic.map,50,281,16.0,16,16,,8,,0,itacbs,"Command '['third_party/ITA-CBS2/build/ITACBS_remake', '-i', 'build/fixtures/symbotic_itacbs_normalized/paper_symbotic_39_37_ratio_060/symbotic_agents_50_test_8.yaml', '-o', 'build/results/symbotic_exp1_exp2_itacbs_10s_adaptive/rows_itacbs_outputs/paper_symbotic_39_37_ratio_060_symbotic_agents_50_test_8.out.yaml']' timed out after 10.0 seconds",1,0,13.550265789031982
45,18,0,124,,build/fixtures/symbotic_itacbs_normalized/paper_symbotic_39_37_ratio_060/symbotic_agents_45_test_18.yaml,,,,,,,,,,symbotic.map,45,278,16.0,16,16,,18,,0,itacbs,"Command '['third_party/ITA-CBS2/build/ITACBS_remake', '-i', 'build/fixtures/symbotic_itacbs_normalized/paper_symbotic_39_37_ratio_060/symbotic_agents_45_test_18.yaml', '-o', 'build/results/symbotic_exp1_exp2_itacbs_10s_adaptive/rows_itacbs_outputs/paper_symbotic_39_37_ratio_060_symbotic_agents_45_test_18.out.yaml']' timed out after 10.0 seconds",1,0,13.807400941848755
50,12,0,124,,build/fixtures/symbotic_itacbs_normalized/paper_symbotic_39_37_ratio_060/symbotic_agents_50_test_12.yaml,,,,,,,,,,symbotic.map,50,300,16.0,16,16,,12,,0,itacbs,"Command '['third_party/ITA-CBS2/build/ITACBS_remake', '-i', 'build/fixtures/symbotic_itacbs_normalized/paper_symbotic_39_37_ratio_060/symbotic_agents_50_test_12.yaml', '-o', 'build/results/symbotic_exp1_exp2_itacbs_10s_adaptive/rows_itacbs_outputs/paper_symbotic_39_37_ratio_060_symbotic_agents_50_test_12.out.yaml']' timed out after 10.0 seconds",1,0,13.521151781082153
50,2,0,124,,build/fixtures/symbotic_itacbs_normalized/paper_symbotic_39_37_ratio_060/symbotic_agents_50_test_2.yaml,,,,,,,,,,symbotic.map,50,294,16.0,16,16,,2,,0,itacbs,"Command '['third_party/ITA-CBS2/build/ITACBS_remake', '-i', 'build/fixtures/symbotic_itacbs_normalized/paper_symbotic_39_37_ratio_060/symbotic_agents_50_test_2.yaml', '-o', 'build/results/symbotic_exp1_exp2_itacbs_10s_adaptive/rows_itacbs_outputs/paper_symbotic_39_37_ratio_060_symbotic_agents_50_test_2.out.yaml']' timed out after 10.0 seconds",1,0,13.731882333755493
50,4,0,124,,build/fixtures/symbotic_itacbs_normalized/paper_symbotic_39_37_ratio_060/symbotic_agents_50_test_4.yaml,,,,,,,,,,symbotic.map,50,294,16.0,16,16,,4,,0,itacbs,"Command '['third_party/ITA-CBS2/build/ITACBS_remake', '-i', 'build/fixtures/symbotic_itacbs_normalized/paper_symbotic_39_37_ratio_060/symbotic_agents_50_test_4.yaml', '-o', 'build/results/symbotic_exp1_exp2_itacbs_10s_adaptive/rows_itacbs_outputs/paper_symbotic_39_37_ratio_060_symbotic_agents_50_test_4.out.yaml']' timed out after 10.0 seconds",1,0,13.686043739318848
50,9,0,124,,build/fixtures/symbotic_itacbs_normalized/paper_symbotic_39_37_ratio_060/symbotic_agents_50_test_9.yaml,,,,,,,,,,symbotic.map,50,294,16.0,16,16,,9,,0,itacbs,"Command '['third_party/ITA-CBS2/build/ITACBS_remake', '-i', 'build/fixtures/symbotic_itacbs_normalized/paper_symbotic_39_37_ratio_060/symbotic_agents_50_test_9.yaml', '-o', 'build/results/symbotic_exp1_exp2_itacbs_10s_adaptive/rows_itacbs_outputs/paper_symbotic_39_37_ratio_060_symbotic_agents_50_test_9.out.yaml']' timed out after 10.0 seconds",1,0,13.560741186141968
30,4,1,0,,build/fixtures/symbotic_itacbs_normalized/paper_symbotic_39_37_ratio_100/symbotic_agents_30_test_4.yaml,0.220581,2.82017,21271,27.270300000000002,4.55002,1,33,43,30,symbotic.map,30,44,16.0,16,16,35.6434,4,393,1,itacbs,,0,1,0.07242774963378906
50,0,0,124,,build/fixtures/symbotic_itacbs_normalized/paper_symbotic_39_37_ratio_060/symbotic_agents_50_test_0.yaml,,,,,,,,,,symbotic.map,50,296,16.0,16,16,,0,,0,itacbs,"Command '['third_party/ITA-CBS2/build/ITACBS_remake', '-i', 'build/fixtures/symbotic_itacbs_normalized/paper_symbotic_39_37_ratio_060/symbotic_agents_50_test_0.yaml', '-o', 'build/results/symbotic_exp1_exp2_itacbs_10s_adaptive/rows_itacbs_outputs/paper_symbotic_39_37_ratio_060_symbotic_agents_50_test_0.out.yaml']' timed out after 10.0 seconds",1,0,13.764637470245361
50,16,0,124,,build/fixtures/symbotic_itacbs_normalized/paper_symbotic_39_37_ratio_060/symbotic_agents_50_test_16.yaml,,,,,,,,,,symbotic.map,50,292,16.0,16,16,,16,,0,itacbs,"Command '['third_party/ITA-CBS2/build/ITACBS_remake', '-i', 'build/fixtures/symbotic_itacbs_normalized/paper_symbotic_39_37_ratio_060/symbotic_agents_50_test_16.yaml', '-o', 'build/results/symbotic_exp1_exp2_itacbs_10s_adaptive/rows_itacbs_outputs/paper_symbotic_39_37_ratio_060_symbotic_agents_50_test_16.out.yaml']' timed out after 10.0 seconds",1,0,13.485859632492065
25,12,1,0,,build/fixtures/symbotic_itacbs_normalized/paper_symbotic_39_37_ratio_100/symbotic_agents_25_test_12.yaml,1.24613,23.885099999999998,82679,108.256,22.0993,125,367,387,36,symbotic.map,25,40,16.0,16,16,164.006,12,340,1,itacbs,,0,1,0.24230146408081055
55,1,0,124,,build/fixtures/symbotic_itacbs_normalized/paper_symbotic_39_37_ratio_060/symbotic_agents_55_test_1.yaml,,,,,,,,,,symbotic.map,55,315,16.0,16,16,,1,,0,itacbs,"Command '['third_party/ITA-CBS2/build/ITACBS_remake', '-i', 'build/fixtures/symbotic_itacbs_normalized/paper_symbotic_39_37_ratio_060/symbotic_agents_55_test_1.yaml', '-o', 'build/results/symbotic_exp1_exp2_itacbs_10s_adaptive/rows_itacbs_outputs/paper_symbotic_39_37_ratio_060_symbotic_agents_55_test_1.out.yaml']' timed out after 10.0 seconds",1,0,13.1344313621521
50,15,0,124,,build/fixtures/symbotic_itacbs_normalized/paper_symbotic_39_37_ratio_060/symbotic_agents_50_test_15.yaml,,,,,,,,,,symbotic.map,50,307,16.0,16,16,,15,,0,itacbs,"Command '['third_party/ITA-CBS2/build/ITACBS_remake', '-i', 'build/fixtures/symbotic_itacbs_normalized/paper_symbotic_39_37_ratio_060/symbotic_agents_50_test_15.yaml', '-o', 'build/results/symbotic_exp1_exp2_itacbs_10s_adaptive/rows_itacbs_outputs/paper_symbotic_39_37_ratio_060_symbotic_agents_50_test_15.out.yaml']' timed out after 10.0 seconds",1,0,13.52367091178894
50,19,0,124,,build/fixtures/symbotic_itacbs_normalized/paper_symbotic_39_37_ratio_060/symbotic_agents_50_test_19.yaml,,,,,,,,,,symbotic.map,50,295,16.0,16,16,,19,,0,itacbs,"Command '['third_party/ITA-CBS2/build/ITACBS_remake', '-i', 'build/fixtures/symbotic_itacbs_normalized/paper_symbotic_39_37_ratio_060/symbotic_agents_50_test_19.yaml', '-o', 'build/results/symbotic_exp1_exp2_itacbs_10s_adaptive/rows_itacbs_outputs/paper_symbotic_39_37_ratio_060_symbotic_agents_50_test_19.out.yaml']' timed out after 10.0 seconds",1,0,13.227242946624756
50,13,0,124,,build/fixtures/symbotic_itacbs_normalized/paper_symbotic_39_37_ratio_060/symbotic_agents_50_test_13.yaml,,,,,,,,,,symbotic.map,50,298,16.0,16,16,,13,,0,itacbs,"Command '['third_party/ITA-CBS2/build/ITACBS_remake', '-i', 'build/fixtures/symbotic_itacbs_normalized/paper_symbotic_39_37_ratio_060/symbotic_agents_50_test_13.yaml', '-o', 'build/results/symbotic_exp1_exp2_itacbs_10s_adaptive/rows_itacbs_outputs/paper_symbotic_39_37_ratio_060_symbotic_agents_50_test_13.out.yaml']' timed out after 10.0 seconds",1,0,13.603142023086548
50,14,0,124,,build/fixtures/symbotic_itacbs_normalized/paper_symbotic_39_37_ratio_060/symbotic_agents_50_test_14.yaml,,,,,,,,,,symbotic.map,50,299,16.0,16,16,,14,,0,itacbs,"Command '['third_party/ITA-CBS2/build/ITACBS_remake', '-i', 'build/fixtures/symbotic_itacbs_normalized/paper_symbotic_39_37_ratio_060/symbotic_agents_50_test_14.yaml', '-o', 'build/results/symbotic_exp1_exp2_itacbs_10s_adaptive/rows_itacbs_outputs/paper_symbotic_39_37_ratio_060_symbotic_agents_50_test_14.out.yaml']' timed out after 10.0 seconds",1,0,13.601606607437134
55,0,0,124,,build/fixtures/symbotic_itacbs_normalized/paper_symbotic_39_37_ratio_060/symbotic_agents_55_test_0.yaml,,,,,,,,,,symbotic.map,55,309,16.0,16,16,,0,,0,itacbs,"Command '['third_party/ITA-CBS2/build/ITACBS_remake', '-i', 'build/fixtures/symbotic_itacbs_normalized/paper_symbotic_39_37_ratio_060/symbotic_agents_55_test_0.yaml', '-o', 'build/results/symbotic_exp1_exp2_itacbs_10s_adaptive/rows_itacbs_outputs/paper_symbotic_39_37_ratio_060_symbotic_agents_55_test_0.out.yaml']' timed out after 10.0 seconds",1,0,13.289010524749756
55,2,0,124,,build/fixtures/symbotic_itacbs_normalized/paper_symbotic_39_37_ratio_060/symbotic_agents_55_test_2.yaml,,,,,,,,,,symbotic.map,55,309,16.0,16,16,,2,,0,itacbs,"Command '['third_party/ITA-CBS2/build/ITACBS_remake', '-i', 'build/fixtures/symbotic_itacbs_normalized/paper_symbotic_39_37_ratio_060/symbotic_agents_55_test_2.yaml', '-o', 'build/results/symbotic_exp1_exp2_itacbs_10s_adaptive/rows_itacbs_outputs/paper_symbotic_39_37_ratio_060_symbotic_agents_55_test_2.out.yaml']' timed out after 10.0 seconds",1,0,13.176015377044678
20,19,1,0,,build/fixtures/symbotic_itacbs_normalized/paper_symbotic_39_37_ratio_100/symbotic_agents_20_test_19.yaml,4.50793,85.7706,363667,378.32500000000005,68.9015,397,1856,1885,30,symbotic.map,20,35,16.0,16,16,568.408,19,234,1,itacbs,,0,1,0.6351242065429688
25,19,1,0,,build/fixtures/symbotic_itacbs_normalized/paper_symbotic_39_37_ratio_100/symbotic_agents_25_test_19.yaml,0.20194399999999998,0.7438889999999999,18471,59.757400000000004,2.08627,3,26,27,34,symbotic.map,25,40,16.0,16,16,63.455600000000004,19,362,1,itacbs,,0,1,0.13714075088500977
50,10,0,124,,build/fixtures/symbotic_itacbs_normalized/paper_symbotic_39_37_ratio_060/symbotic_agents_50_test_10.yaml,,,,,,,,,,symbotic.map,50,293,16.0,16,16,,10,,0,itacbs,"Command '['third_party/ITA-CBS2/build/ITACBS_remake', '-i', 'build/fixtures/symbotic_itacbs_normalized/paper_symbotic_39_37_ratio_060/symbotic_agents_50_test_10.yaml', '-o', 'build/results/symbotic_exp1_exp2_itacbs_10s_adaptive/rows_itacbs_outputs/paper_symbotic_39_37_ratio_060_symbotic_agents_50_test_10.out.yaml']' timed out after 10.0 seconds",1,0,13.675685167312622
55,4,0,124,,build/fixtures/symbotic_itacbs_normalized/paper_symbotic_39_37_ratio_060/symbotic_agents_55_test_4.yaml,,,,,,,,,,symbotic.map,55,312,16.0,16,16,,4,,0,itacbs,"Command '['third_party/ITA-CBS2/build/ITACBS_remake', '-i', 'build/fixtures/symbotic_itacbs_normalized/paper_symbotic_39_37_ratio_060/symbotic_agents_55_test_4.yaml', '-o', 'build/results/symbotic_exp1_exp2_itacbs_10s_adaptive/rows_itacbs_outputs/paper_symbotic_39_37_ratio_060_symbotic_agents_55_test_4.out.yaml']' timed out after 10.0 seconds",1,0,13.18978238105774
55,6,0,124,,build/fixtures/symbotic_itacbs_normalized/paper_symbotic_39_37_ratio_060/symbotic_agents_55_test_6.yaml,,,,,,,,,,symbotic.map,55,309,16.0,16,16,,6,,0,itacbs,"Command '['third_party/ITA-CBS2/build/ITACBS_remake', '-i', 'build/fixtures/symbotic_itacbs_normalized/paper_symbotic_39_37_ratio_060/symbotic_agents_55_test_6.yaml', '-o', 'build/results/symbotic_exp1_exp2_itacbs_10s_adaptive/rows_itacbs_outputs/paper_symbotic_39_37_ratio_060_symbotic_agents_55_test_6.out.yaml']' timed out after 10.0 seconds",1,0,13.08930778503418
55,3,0,124,,build/fixtures/symbotic_itacbs_normalized/paper_symbotic_39_37_ratio_060/symbotic_agents_55_test_3.yaml,,,,,,,,,,symbotic.map,55,322,16.0,16,16,,3,,0,itacbs,"Command '['third_party/ITA-CBS2/build/ITACBS_remake', '-i', 'build/fixtures/symbotic_itacbs_normalized/paper_symbotic_39_37_ratio_060/symbotic_agents_55_test_3.yaml', '-o', 'build/results/symbotic_exp1_exp2_itacbs_10s_adaptive/rows_itacbs_outputs/paper_symbotic_39_37_ratio_060_symbotic_agents_55_test_3.out.yaml']' timed out after 10.0 seconds",1,0,13.241857528686523
25,8,1,0,,build/fixtures/symbotic_itacbs_normalized/paper_symbotic_39_37_ratio_100/symbotic_agents_25_test_8.yaml,0.670962,12.3658,53147,156.448,13.411,40,190,235,27,symbotic.map,25,40,16.0,16,16,189.953,8,301,1,itacbs,,0,1,0.2507286071777344
55,8,0,124,,build/fixtures/symbotic_itacbs_normalized/paper_symbotic_39_37_ratio_060/symbotic_agents_55_test_8.yaml,,,,,,,,,,symbotic.map,55,312,16.0,16,16,,8,,0,itacbs,"Command '['third_party/ITA-CBS2/build/ITACBS_remake', '-i', 'build/fixtures/symbotic_itacbs_normalized/paper_symbotic_39_37_ratio_060/symbotic_agents_55_test_8.yaml', '-o', 'build/results/symbotic_exp1_exp2_itacbs_10s_adaptive/rows_itacbs_outputs/paper_symbotic_39_37_ratio_060_symbotic_agents_55_test_8.out.yaml']' timed out after 10.0 seconds",1,0,12.779640197753906
55,9,0,124,,build/fixtures/symbotic_itacbs_normalized/paper_symbotic_39_37_ratio_060/symbotic_agents_55_test_9.yaml,,,,,,,,,,symbotic.map,55,321,16.0,16,16,,9,,0,itacbs,"Command '['third_party/ITA-CBS2/build/ITACBS_remake', '-i', 'build/fixtures/symbotic_itacbs_normalized/paper_symbotic_39_37_ratio_060/symbotic_agents_55_test_9.yaml', '-o', 'build/results/symbotic_exp1_exp2_itacbs_10s_adaptive/rows_itacbs_outputs/paper_symbotic_39_37_ratio_060_symbotic_agents_55_test_9.out.yaml']' timed out after 10.0 seconds",1,0,12.718924283981323
55,5,0,124,,build/fixtures/symbotic_itacbs_normalized/paper_symbotic_39_37_ratio_060/symbotic_agents_55_test_5.yaml,,,,,,,,,,symbotic.map,55,321,16.0,16,16,,5,,0,itacbs,"Command '['third_party/ITA-CBS2/build/ITACBS_remake', '-i', 'build/fixtures/symbotic_itacbs_normalized/paper_symbotic_39_37_ratio_060/symbotic_agents_55_test_5.yaml', '-o', 'build/results/symbotic_exp1_exp2_itacbs_10s_adaptive/rows_itacbs_outputs/paper_symbotic_39_37_ratio_060_symbotic_agents_55_test_5.out.yaml']' timed out after 10.0 seconds",1,0,13.168218851089478
55,10,0,124,,build/fixtures/symbotic_itacbs_normalized/paper_symbotic_39_37_ratio_060/symbotic_agents_55_test_10.yaml,,,,,,,,,,symbotic.map,55,316,16.0,16,16,,10,,0,itacbs,"Command '['third_party/ITA-CBS2/build/ITACBS_remake', '-i', 'build/fixtures/symbotic_itacbs_normalized/paper_symbotic_39_37_ratio_060/symbotic_agents_55_test_10.yaml', '-o', 'build/results/symbotic_exp1_exp2_itacbs_10s_adaptive/rows_itacbs_outputs/paper_symbotic_39_37_ratio_060_symbotic_agents_55_test_10.out.yaml']' timed out after 10.0 seconds",1,0,12.60788345336914
30,15,1,0,,build/fixtures/symbotic_itacbs_normalized/paper_symbotic_39_37_ratio_100/symbotic_agents_30_test_15.yaml,0.305752,3.3975,18309,28.077,2.28356,8,30,35,32,symbotic.map,30,45,16.0,16,16,34.9219,15,412,1,itacbs,,0,1,0.0704202651977539
30,5,1,0,,build/fixtures/symbotic_itacbs_normalized/paper_symbotic_39_37_ratio_100/symbotic_agents_30_test_5.yaml,0.983535,29.9001,63077,89.0834,23.317500000000003,69,296,345,40,symbotic.map,30,45,16.0,16,16,149.702,5,455,1,itacbs,,0,1,0.23674464225769043
30,0,1,0,,build/fixtures/symbotic_itacbs_normalized/paper_symbotic_39_37_ratio_100/symbotic_agents_30_test_0.yaml,0.950918,13.056099999999999,73785,94.2179,19.3105,26,259,261,38,symbotic.map,30,44,16.0,16,16,132.515,0,441,1,itacbs,,0,1,0.17879462242126465
55,13,0,124,,build/fixtures/symbotic_itacbs_normalized/paper_symbotic_39_37_ratio_060/symbotic_agents_55_test_13.yaml,,,,,,,,,,symbotic.map,55,317,16.0,16,16,,13,,0,itacbs,"Command '['third_party/ITA-CBS2/build/ITACBS_remake', '-i', 'build/fixtures/symbotic_itacbs_normalized/paper_symbotic_39_37_ratio_060/symbotic_agents_55_test_13.yaml', '-o', 'build/results/symbotic_exp1_exp2_itacbs_10s_adaptive/rows_itacbs_outputs/paper_symbotic_39_37_ratio_060_symbotic_agents_55_test_13.out.yaml']' timed out after 10.0 seconds",1,0,12.056869268417358
55,7,0,124,,build/fixtures/symbotic_itacbs_normalized/paper_symbotic_39_37_ratio_060/symbotic_agents_55_test_7.yaml,,,,,,,,,,symbotic.map,55,316,16.0,16,16,,7,,0,itacbs,"Command '['third_party/ITA-CBS2/build/ITACBS_remake', '-i', 'build/fixtures/symbotic_itacbs_normalized/paper_symbotic_39_37_ratio_060/symbotic_agents_55_test_7.yaml', '-o', 'build/results/symbotic_exp1_exp2_itacbs_10s_adaptive/rows_itacbs_outputs/paper_symbotic_39_37_ratio_060_symbotic_agents_55_test_7.out.yaml']' timed out after 10.0 seconds",1,0,12.988943099975586
55,11,0,124,,build/fixtures/symbotic_itacbs_normalized/paper_symbotic_39_37_ratio_060/symbotic_agents_55_test_11.yaml,,,,,,,,,,symbotic.map,55,318,16.0,16,16,,11,,0,itacbs,"Command '['third_party/ITA-CBS2/build/ITACBS_remake', '-i', 'build/fixtures/symbotic_itacbs_normalized/paper_symbotic_39_37_ratio_060/symbotic_agents_55_test_11.yaml', '-o', 'build/results/symbotic_exp1_exp2_itacbs_10s_adaptive/rows_itacbs_outputs/paper_symbotic_39_37_ratio_060_symbotic_agents_55_test_11.out.yaml']' timed out after 10.0 seconds",1,0,12.24912714958191
55,15,0,124,,build/fixtures/symbotic_itacbs_normalized/paper_symbotic_39_37_ratio_060/symbotic_agents_55_test_15.yaml,,,,,,,,,,symbotic.map,55,325,16.0,16,16,,15,,0,itacbs,"Command '['third_party/ITA-CBS2/build/ITACBS_remake', '-i', 'build/fixtures/symbotic_itacbs_normalized/paper_symbotic_39_37_ratio_060/symbotic_agents_55_test_15.yaml', '-o', 'build/results/symbotic_exp1_exp2_itacbs_10s_adaptive/rows_itacbs_outputs/paper_symbotic_39_37_ratio_060_symbotic_agents_55_test_15.out.yaml']' timed out after 10.0 seconds",1,0,12.071485042572021
55,14,0,124,,build/fixtures/symbotic_itacbs_normalized/paper_symbotic_39_37_ratio_060/symbotic_agents_55_test_14.yaml,,,,,,,,,,symbotic.map,55,319,16.0,16,16,,14,,0,itacbs,"Command '['third_party/ITA-CBS2/build/ITACBS_remake', '-i', 'build/fixtures/symbotic_itacbs_normalized/paper_symbotic_39_37_ratio_060/symbotic_agents_55_test_14.yaml', '-o', 'build/results/symbotic_exp1_exp2_itacbs_10s_adaptive/rows_itacbs_outputs/paper_symbotic_39_37_ratio_060_symbotic_agents_55_test_14.out.yaml']' timed out after 10.0 seconds",1,0,12.097058534622192
55,18,0,124,,build/fixtures/symbotic_itacbs_normalized/paper_symbotic_39_37_ratio_060/symbotic_agents_55_test_18.yaml,,,,,,,,,,symbotic.map,55,308,16.0,16,16,,18,,0,itacbs,"Command '['third_party/ITA-CBS2/build/ITACBS_remake', '-i', 'build/fixtures/symbotic_itacbs_normalized/paper_symbotic_39_37_ratio_060/symbotic_agents_55_test_18.yaml', '-o', 'build/results/symbotic_exp1_exp2_itacbs_10s_adaptive/rows_itacbs_outputs/paper_symbotic_39_37_ratio_060_symbotic_agents_55_test_18.out.yaml']' timed out after 10.0 seconds",1,0,11.744906663894653
55,12,0,124,,build/fixtures/symbotic_itacbs_normalized/paper_symbotic_39_37_ratio_060/symbotic_agents_55_test_12.yaml,,,,,,,,,,symbotic.map,55,323,16.0,16,16,,12,,0,itacbs,"Command '['third_party/ITA-CBS2/build/ITACBS_remake', '-i', 'build/fixtures/symbotic_itacbs_normalized/paper_symbotic_39_37_ratio_060/symbotic_agents_55_test_12.yaml', '-o', 'build/results/symbotic_exp1_exp2_itacbs_10s_adaptive/rows_itacbs_outputs/paper_symbotic_39_37_ratio_060_symbotic_agents_55_test_12.out.yaml']' timed out after 10.0 seconds",1,0,12.212290525436401
55,17,0,124,,build/fixtures/symbotic_itacbs_normalized/paper_symbotic_39_37_ratio_060/symbotic_agents_55_test_17.yaml,,,,,,,,,,symbotic.map,55,325,16.0,16,16,,17,,0,itacbs,"Command '['third_party/ITA-CBS2/build/ITACBS_remake', '-i', 'build/fixtures/symbotic_itacbs_normalized/paper_symbotic_39_37_ratio_060/symbotic_agents_55_test_17.yaml', '-o', 'build/results/symbotic_exp1_exp2_itacbs_10s_adaptive/rows_itacbs_outputs/paper_symbotic_39_37_ratio_060_symbotic_agents_55_test_17.out.yaml']' timed out after 10.0 seconds",1,0,11.780936002731323
55,16,0,124,,build/fixtures/symbotic_itacbs_normalized/paper_symbotic_39_37_ratio_060/symbotic_agents_55_test_16.yaml,,,,,,,,,,symbotic.map,55,326,16.0,16,16,,16,,0,itacbs,"Command '['third_party/ITA-CBS2/build/ITACBS_remake', '-i', 'build/fixtures/symbotic_itacbs_normalized/paper_symbotic_39_37_ratio_060/symbotic_agents_55_test_16.yaml', '-o', 'build/results/symbotic_exp1_exp2_itacbs_10s_adaptive/rows_itacbs_outputs/paper_symbotic_39_37_ratio_060_symbotic_agents_55_test_16.out.yaml']' timed out after 10.0 seconds",1,0,11.824138402938843
25,6,1,0,,build/fixtures/symbotic_itacbs_normalized/paper_symbotic_39_37_ratio_100/symbotic_agents_25_test_6.yaml,29.3696,90.604,89298,268.837,25.653599999999997,111,354,389,25,symbotic.map,25,40,16.0,16,16,422.67199999999997,6,319,1,itacbs,,0,1,0.6100950241088867
55,19,0,124,,build/fixtures/symbotic_itacbs_normalized/paper_symbotic_39_37_ratio_060/symbotic_agents_55_test_19.yaml,,,,,,,,,,symbotic.map,55,319,16.0,16,16,,19,,0,itacbs,"Command '['third_party/ITA-CBS2/build/ITACBS_remake', '-i', 'build/fixtures/symbotic_itacbs_normalized/paper_symbotic_39_37_ratio_060/symbotic_agents_55_test_19.yaml', '-o', 'build/results/symbotic_exp1_exp2_itacbs_10s_adaptive/rows_itacbs_outputs/paper_symbotic_39_37_ratio_060_symbotic_agents_55_test_19.out.yaml']' timed out after 10.0 seconds",1,0,11.536581754684448
30,19,1,0,,build/fixtures/symbotic_itacbs_normalized/paper_symbotic_39_37_ratio_100/symbotic_agents_30_test_19.yaml,0.6386369999999999,19.1705,31881,37.7424,13.1775,55,173,183,28,symbotic.map,30,45,16.0,16,16,74.2577,19,419,1,itacbs,,0,1,0.10316133499145508
25,3,1,0,,build/fixtures/symbotic_itacbs_normalized/paper_symbotic_39_37_ratio_100/symbotic_agents_25_test_3.yaml,5.11666,118.806,338956,492.65,94.5522,470,1629,1829,48,symbotic.map,25,40,16.0,16,16,750.173,3,380,1,itacbs,,0,1,0.8348996639251709
25,0,1,0,,build/fixtures/symbotic_itacbs_normalized/paper_symbotic_39_37_ratio_100/symbotic_agents_25_test_0.yaml,6.28456,124.24300000000001,502561,676.6999999999999,125.397,663,2164,2483,22,symbotic.map,25,40,16.0,16,16,977.624,0,294,1,itacbs,,0,1,1.0986113548278809
60,0,0,124,,build/fixtures/symbotic_itacbs_normalized/paper_symbotic_39_37_ratio_060/symbotic_agents_60_test_0.yaml,,,,,,,,,,symbotic.map,60,336,16.0,16,16,,0,,0,itacbs,"Command '['third_party/ITA-CBS2/build/ITACBS_remake', '-i', 'build/fixtures/symbotic_itacbs_normalized/paper_symbotic_39_37_ratio_060/symbotic_agents_60_test_0.yaml', '-o', 'build/results/symbotic_exp1_exp2_itacbs_10s_adaptive/rows_itacbs_outputs/paper_symbotic_39_37_ratio_060_symbotic_agents_60_test_0.out.yaml']' timed out after 10.0 seconds",1,0,10.697471618652344
25,13,1,0,,build/fixtures/symbotic_itacbs_normalized/paper_symbotic_39_37_ratio_100/symbotic_agents_25_test_13.yaml,5.14381,75.74409999999999,438796,624.2220000000001,112.209,565,1992,2267,29,symbotic.map,25,40,16.0,16,16,860.103,13,300,1,itacbs,,0,1,0.9686181545257568
60,1,0,124,,build/fixtures/symbotic_itacbs_normalized/paper_symbotic_39_37_ratio_060/symbotic_agents_60_test_1.yaml,,,,,,,,,,symbotic.map,60,342,16.0,16,16,,1,,0,itacbs,"Command '['third_party/ITA-CBS2/build/ITACBS_remake', '-i', 'build/fixtures/symbotic_itacbs_normalized/paper_symbotic_39_37_ratio_060/symbotic_agents_60_test_1.yaml', '-o', 'build/results/symbotic_exp1_exp2_itacbs_10s_adaptive/rows_itacbs_outputs/paper_symbotic_39_37_ratio_060_symbotic_agents_60_test_1.out.yaml']' timed out after 10.0 seconds",1,0,10.592293500900269
25,4,1,0,,build/fixtures/symbotic_itacbs_normalized/paper_symbotic_39_37_ratio_100/symbotic_agents_25_test_4.yaml,11.5389,152.575,194259,569.962,79.17490000000001,494,708,731,29,symbotic.map,25,40,16.0,16,16,841.5749999999999,4,374,1,itacbs,,0,1,0.937391996383667
60,3,0,124,,build/fixtures/symbotic_itacbs_normalized/paper_symbotic_39_37_ratio_060/symbotic_agents_60_test_3.yaml,,,,,,,,,,symbotic.map,60,341,16.0,16,16,,3,,0,itacbs,"Command '['third_party/ITA-CBS2/build/ITACBS_remake', '-i', 'build/fixtures/symbotic_itacbs_normalized/paper_symbotic_39_37_ratio_060/symbotic_agents_60_test_3.yaml', '-o', 'build/results/symbotic_exp1_exp2_itacbs_10s_adaptive/rows_itacbs_outputs/paper_symbotic_39_37_ratio_060_symbotic_agents_60_test_3.out.yaml']' timed out after 10.0 seconds",1,0,10.352799654006958
60,2,0,124,,build/fixtures/symbotic_itacbs_normalized/paper_symbotic_39_37_ratio_060/symbotic_agents_60_test_2.yaml,,,,,,,,,,symbotic.map,60,340,16.0,16,16,,2,,0,itacbs,"Command '['third_party/ITA-CBS2/build/ITACBS_remake', '-i', 'build/fixtures/symbotic_itacbs_normalized/paper_symbotic_39_37_ratio_060/symbotic_agents_60_test_2.yaml', '-o', 'build/results/symbotic_exp1_exp2_itacbs_10s_adaptive/rows_itacbs_outputs/paper_symbotic_39_37_ratio_060_symbotic_agents_60_test_2.out.yaml']' timed out after 10.0 seconds",1,0,10.390597105026245
30,2,1,0,,build/fixtures/symbotic_itacbs_normalized/paper_symbotic_39_37_ratio_100/symbotic_agents_30_test_2.yaml,3.8436,101.256,215033,330.663,96.8177,24,1083,1405,30,symbotic.map,30,45,16.0,16,16,560.6370000000001,2,407,1,itacbs,,0,1,0.6335535049438477
60,4,0,124,,build/fixtures/symbotic_itacbs_normalized/paper_symbotic_39_37_ratio_060/symbotic_agents_60_test_4.yaml,,,,,,,,,,symbotic.map,60,330,16.0,16,16,,4,,0,itacbs,"Command '['third_party/ITA-CBS2/build/ITACBS_remake', '-i', 'build/fixtures/symbotic_itacbs_normalized/paper_symbotic_39_37_ratio_060/symbotic_agents_60_test_4.yaml', '-o', 'build/results/symbotic_exp1_exp2_itacbs_10s_adaptive/rows_itacbs_outputs/paper_symbotic_39_37_ratio_060_symbotic_agents_60_test_4.out.yaml']' timed out after 10.0 seconds",1,0,10.336275339126587
60,5,0,124,,build/fixtures/symbotic_itacbs_normalized/paper_symbotic_39_37_ratio_060/symbotic_agents_60_test_5.yaml,,,,,,,,,,symbotic.map,60,348,16.0,16,16,,5,,0,itacbs,"Command '['third_party/ITA-CBS2/build/ITACBS_remake', '-i', 'build/fixtures/symbotic_itacbs_normalized/paper_symbotic_39_37_ratio_060/symbotic_agents_60_test_5.yaml', '-o', 'build/results/symbotic_exp1_exp2_itacbs_10s_adaptive/rows_itacbs_outputs/paper_symbotic_39_37_ratio_060_symbotic_agents_60_test_5.out.yaml']' timed out after 10.0 seconds",1,0,10.321501731872559
30,11,1,0,,build/fixtures/symbotic_itacbs_normalized/paper_symbotic_39_37_ratio_100/symbotic_agents_30_test_11.yaml,8.018,264.779,507876,725.011,149.71300000000002,369,2274,2775,36,symbotic.map,30,44,16.0,16,16,1223.62,11,475,1,itacbs,,0,1,1.2876324653625488
60,6,0,124,,build/fixtures/symbotic_itacbs_normalized/paper_symbotic_39_37_ratio_060/symbotic_agents_60_test_6.yaml,,,,,,,,,,symbotic.map,60,337,16.0,16,16,,6,,0,itacbs,"Command '['third_party/ITA-CBS2/build/ITACBS_remake', '-i', 'build/fixtures/symbotic_itacbs_normalized/paper_symbotic_39_37_ratio_060/symbotic_agents_60_test_6.yaml', '-o', 'build/results/symbotic_exp1_exp2_itacbs_10s_adaptive/rows_itacbs_outputs/paper_symbotic_39_37_ratio_060_symbotic_agents_60_test_6.out.yaml']' timed out after 10.0 seconds",1,0,10.310959815979004
20,9,1,0,,build/fixtures/symbotic_itacbs_normalized/paper_symbotic_39_37_ratio_100/symbotic_agents_20_test_9.yaml,8.236149999999999,168.97,1479762,1984.6,115.19200000000001,705,2982,2989,32,symbotic.map,20,35,16.0,16,16,2399.14,9,214,1,itacbs,,0,1,2.575632333755493
60,7,0,124,,build/fixtures/symbotic_itacbs_normalized/paper_symbotic_39_37_ratio_060/symbotic_agents_60_test_7.yaml,,,,,,,,,,symbotic.map,60,350,16.0,16,16,,7,,0,itacbs,"Command '['third_party/ITA-CBS2/build/ITACBS_remake', '-i', 'build/fixtures/symbotic_itacbs_normalized/paper_symbotic_39_37_ratio_060/symbotic_agents_60_test_7.yaml', '-o', 'build/results/symbotic_exp1_exp2_itacbs_10s_adaptive/rows_itacbs_outputs/paper_symbotic_39_37_ratio_060_symbotic_agents_60_test_7.out.yaml']' timed out after 10.0 seconds",1,0,10.327373504638672
60,8,0,124,,build/fixtures/symbotic_itacbs_normalized/paper_symbotic_39_37_ratio_060/symbotic_agents_60_test_8.yaml,,,,,,,,,,symbotic.map,60,339,16.0,16,16,,8,,0,itacbs,"Command '['third_party/ITA-CBS2/build/ITACBS_remake', '-i', 'build/fixtures/symbotic_itacbs_normalized/paper_symbotic_39_37_ratio_060/symbotic_agents_60_test_8.yaml', '-o', 'build/results/symbotic_exp1_exp2_itacbs_10s_adaptive/rows_itacbs_outputs/paper_symbotic_39_37_ratio_060_symbotic_agents_60_test_8.out.yaml']' timed out after 10.0 seconds",1,0,10.340497493743896
60,9,0,124,,build/fixtures/symbotic_itacbs_normalized/paper_symbotic_39_37_ratio_060/symbotic_agents_60_test_9.yaml,,,,,,,,,,symbotic.map,60,343,16.0,16,16,,9,,0,itacbs,"Command '['third_party/ITA-CBS2/build/ITACBS_remake', '-i', 'build/fixtures/symbotic_itacbs_normalized/paper_symbotic_39_37_ratio_060/symbotic_agents_60_test_9.yaml', '-o', 'build/results/symbotic_exp1_exp2_itacbs_10s_adaptive/rows_itacbs_outputs/paper_symbotic_39_37_ratio_060_symbotic_agents_60_test_9.out.yaml']' timed out after 10.0 seconds",1,0,10.302314758300781
60,10,0,124,,build/fixtures/symbotic_itacbs_normalized/paper_symbotic_39_37_ratio_060/symbotic_agents_60_test_10.yaml,,,,,,,,,,symbotic.map,60,341,16.0,16,16,,10,,0,itacbs,"Command '['third_party/ITA-CBS2/build/ITACBS_remake', '-i', 'build/fixtures/symbotic_itacbs_normalized/paper_symbotic_39_37_ratio_060/symbotic_agents_60_test_10.yaml', '-o', 'build/results/symbotic_exp1_exp2_itacbs_10s_adaptive/rows_itacbs_outputs/paper_symbotic_39_37_ratio_060_symbotic_agents_60_test_10.out.yaml']' timed out after 10.0 seconds",1,0,10.331380844116211
60,12,0,124,,build/fixtures/symbotic_itacbs_normalized/paper_symbotic_39_37_ratio_060/symbotic_agents_60_test_12.yaml,,,,,,,,,,symbotic.map,60,336,16.0,16,16,,12,,0,itacbs,"Command '['third_party/ITA-CBS2/build/ITACBS_remake', '-i', 'build/fixtures/symbotic_itacbs_normalized/paper_symbotic_39_37_ratio_060/symbotic_agents_60_test_12.yaml', '-o', 'build/results/symbotic_exp1_exp2_itacbs_10s_adaptive/rows_itacbs_outputs/paper_symbotic_39_37_ratio_060_symbotic_agents_60_test_12.out.yaml']' timed out after 10.0 seconds",1,0,10.357268571853638
60,11,0,124,,build/fixtures/symbotic_itacbs_normalized/paper_symbotic_39_37_ratio_060/symbotic_agents_60_test_11.yaml,,,,,,,,,,symbotic.map,60,334,16.0,16,16,,11,,0,itacbs,"Command '['third_party/ITA-CBS2/build/ITACBS_remake', '-i', 'build/fixtures/symbotic_itacbs_normalized/paper_symbotic_39_37_ratio_060/symbotic_agents_60_test_11.yaml', '-o', 'build/results/symbotic_exp1_exp2_itacbs_10s_adaptive/rows_itacbs_outputs/paper_symbotic_39_37_ratio_060_symbotic_agents_60_test_11.out.yaml']' timed out after 10.0 seconds",1,0,10.396140098571777
60,13,0,124,,build/fixtures/symbotic_itacbs_normalized/paper_symbotic_39_37_ratio_060/symbotic_agents_60_test_13.yaml,,,,,,,,,,symbotic.map,60,339,16.0,16,16,,13,,0,itacbs,"Command '['third_party/ITA-CBS2/build/ITACBS_remake', '-i', 'build/fixtures/symbotic_itacbs_normalized/paper_symbotic_39_37_ratio_060/symbotic_agents_60_test_13.yaml', '-o', 'build/results/symbotic_exp1_exp2_itacbs_10s_adaptive/rows_itacbs_outputs/paper_symbotic_39_37_ratio_060_symbotic_agents_60_test_13.out.yaml']' timed out after 10.0 seconds",1,0,10.440043210983276
60,14,0,124,,build/fixtures/symbotic_itacbs_normalized/paper_symbotic_39_37_ratio_060/symbotic_agents_60_test_14.yaml,,,,,,,,,,symbotic.map,60,335,16.0,16,16,,14,,0,itacbs,"Command '['third_party/ITA-CBS2/build/ITACBS_remake', '-i', 'build/fixtures/symbotic_itacbs_normalized/paper_symbotic_39_37_ratio_060/symbotic_agents_60_test_14.yaml', '-o', 'build/results/symbotic_exp1_exp2_itacbs_10s_adaptive/rows_itacbs_outputs/paper_symbotic_39_37_ratio_060_symbotic_agents_60_test_14.out.yaml']' timed out after 10.0 seconds",1,0,10.428514242172241
35,8,1,0,,build/fixtures/symbotic_itacbs_normalized/paper_symbotic_39_37_ratio_100/symbotic_agents_35_test_8.yaml,50.7622,1561.89,1661606,2576.87,435.324,2887,12265,14397,26,symbotic.map,35,49,16.0,16,16,5020.43,8,469,1,itacbs,,0,1,5.105173110961914
30,3,1,0,,build/fixtures/symbotic_itacbs_normalized/paper_symbotic_39_37_ratio_100/symbotic_agents_30_test_3.yaml,46.7895,926.75,2901055,4110.0599999999995,291.86899999999997,2960,10782,11993,34,symbotic.map,30,45,16.0,16,16,5739.57,3,419,1,itacbs,,0,1,5.82440185546875
60,15,0,124,,build/fixtures/symbotic_itacbs_normalized/paper_symbotic_39_37_ratio_060/symbotic_agents_60_test_15.yaml,,,,,,,,,,symbotic.map,60,343,16.0,16,16,,15,,0,itacbs,"Command '['third_party/ITA-CBS2/build/ITACBS_remake', '-i', 'build/fixtures/symbotic_itacbs_normalized/paper_symbotic_39_37_ratio_060/symbotic_agents_60_test_15.yaml', '-o', 'build/results/symbotic_exp1_exp2_itacbs_10s_adaptive/rows_itacbs_outputs/paper_symbotic_39_37_ratio_060_symbotic_agents_60_test_15.out.yaml']' timed out after 10.0 seconds",1,0,10.377283573150635
25,11,1,0,,build/fixtures/symbotic_itacbs_normalized/paper_symbotic_39_37_ratio_100/symbotic_agents_25_test_11.yaml,65.245,1540.84,4420015,4759.070000000001,443.076,5864,22218,22965,31,symbotic.map,25,40,16.0,16,16,7409.150000000001,11,315,1,itacbs,,0,1,7.512908935546875
60,16,0,124,,build/fixtures/symbotic_itacbs_normalized/paper_symbotic_39_37_ratio_060/symbotic_agents_60_test_16.yaml,,,,,,,,,,symbotic.map,60,347,16.0,16,16,,16,,0,itacbs,"Command '['third_party/ITA-CBS2/build/ITACBS_remake', '-i', 'build/fixtures/symbotic_itacbs_normalized/paper_symbotic_39_37_ratio_060/symbotic_agents_60_test_16.yaml', '-o', 'build/results/symbotic_exp1_exp2_itacbs_10s_adaptive/rows_itacbs_outputs/paper_symbotic_39_37_ratio_060_symbotic_agents_60_test_16.out.yaml']' timed out after 10.0 seconds",1,0,10.406669855117798
60,19,0,124,,build/fixtures/symbotic_itacbs_normalized/paper_symbotic_39_37_ratio_060/symbotic_agents_60_test_19.yaml,,,,,,,,,,symbotic.map,60,335,16.0,16,16,,19,,0,itacbs,"Command '['third_party/ITA-CBS2/build/ITACBS_remake', '-i', 'build/fixtures/symbotic_itacbs_normalized/paper_symbotic_39_37_ratio_060/symbotic_agents_60_test_19.yaml', '-o', 'build/results/symbotic_exp1_exp2_itacbs_10s_adaptive/rows_itacbs_outputs/paper_symbotic_39_37_ratio_060_symbotic_agents_60_test_19.out.yaml']' timed out after 10.0 seconds",1,0,10.473931074142456
60,18,0,124,,build/fixtures/symbotic_itacbs_normalized/paper_symbotic_39_37_ratio_060/symbotic_agents_60_test_18.yaml,,,,,,,,,,symbotic.map,60,349,16.0,16,16,,18,,0,itacbs,"Command '['third_party/ITA-CBS2/build/ITACBS_remake', '-i', 'build/fixtures/symbotic_itacbs_normalized/paper_symbotic_39_37_ratio_060/symbotic_agents_60_test_18.yaml', '-o', 'build/results/symbotic_exp1_exp2_itacbs_10s_adaptive/rows_itacbs_outputs/paper_symbotic_39_37_ratio_060_symbotic_agents_60_test_18.out.yaml']' timed out after 10.0 seconds",1,0,10.525097608566284
60,17,0,124,,build/fixtures/symbotic_itacbs_normalized/paper_symbotic_39_37_ratio_060/symbotic_agents_60_test_17.yaml,,,,,,,,,,symbotic.map,60,344,16.0,16,16,,17,,0,itacbs,"Command '['third_party/ITA-CBS2/build/ITACBS_remake', '-i', 'build/fixtures/symbotic_itacbs_normalized/paper_symbotic_39_37_ratio_060/symbotic_agents_60_test_17.yaml', '-o', 'build/results/symbotic_exp1_exp2_itacbs_10s_adaptive/rows_itacbs_outputs/paper_symbotic_39_37_ratio_060_symbotic_agents_60_test_17.out.yaml']' timed out after 10.0 seconds",1,0,10.54612922668457
25,1,0,124,,build/fixtures/symbotic_itacbs_normalized/paper_symbotic_39_37_ratio_100/symbotic_agents_25_test_1.yaml,,,,,,,,,,symbotic.map,25,40,16.0,16,16,,1,,0,itacbs,"Command '['third_party/ITA-CBS2/build/ITACBS_remake', '-i', 'build/fixtures/symbotic_itacbs_normalized/paper_symbotic_39_37_ratio_100/symbotic_agents_25_test_1.yaml', '-o', 'build/results/symbotic_exp1_exp2_itacbs_10s_adaptive/rows_itacbs_outputs/paper_symbotic_39_37_ratio_100_symbotic_agents_25_test_1.out.yaml']' timed out after 10.0 seconds",1,0,10.12423300743103
25,2,0,124,,build/fixtures/symbotic_itacbs_normalized/paper_symbotic_39_37_ratio_100/symbotic_agents_25_test_2.yaml,,,,,,,,,,symbotic.map,25,40,16.0,16,16,,2,,0,itacbs,"Command '['third_party/ITA-CBS2/build/ITACBS_remake', '-i', 'build/fixtures/symbotic_itacbs_normalized/paper_symbotic_39_37_ratio_100/symbotic_agents_25_test_2.yaml', '-o', 'build/results/symbotic_exp1_exp2_itacbs_10s_adaptive/rows_itacbs_outputs/paper_symbotic_39_37_ratio_100_symbotic_agents_25_test_2.out.yaml']' timed out after 10.0 seconds",1,0,10.098134994506836
25,9,0,124,,build/fixtures/symbotic_itacbs_normalized/paper_symbotic_39_37_ratio_100/symbotic_agents_25_test_9.yaml,,,,,,,,,,symbotic.map,25,39,16.0,16,16,,9,,0,itacbs,"Command '['third_party/ITA-CBS2/build/ITACBS_remake', '-i', 'build/fixtures/symbotic_itacbs_normalized/paper_symbotic_39_37_ratio_100/symbotic_agents_25_test_9.yaml', '-o', 'build/results/symbotic_exp1_exp2_itacbs_10s_adaptive/rows_itacbs_outputs/paper_symbotic_39_37_ratio_100_symbotic_agents_25_test_9.out.yaml']' timed out after 10.0 seconds",1,0,10.154269695281982
25,10,0,124,,build/fixtures/symbotic_itacbs_normalized/paper_symbotic_39_37_ratio_100/symbotic_agents_25_test_10.yaml,,,,,,,,,,symbotic.map,25,40,16.0,16,16,,10,,0,itacbs,"Command '['third_party/ITA-CBS2/build/ITACBS_remake', '-i', 'build/fixtures/symbotic_itacbs_normalized/paper_symbotic_39_37_ratio_100/symbotic_agents_25_test_10.yaml', '-o', 'build/results/symbotic_exp1_exp2_itacbs_10s_adaptive/rows_itacbs_outputs/paper_symbotic_39_37_ratio_100_symbotic_agents_25_test_10.out.yaml']' timed out after 10.0 seconds",1,0,10.159797668457031
25,15,0,124,,build/fixtures/symbotic_itacbs_normalized/paper_symbotic_39_37_ratio_100/symbotic_agents_25_test_15.yaml,,,,,,,,,,symbotic.map,25,39,16.0,16,16,,15,,0,itacbs,"Command '['third_party/ITA-CBS2/build/ITACBS_remake', '-i', 'build/fixtures/symbotic_itacbs_normalized/paper_symbotic_39_37_ratio_100/symbotic_agents_25_test_15.yaml', '-o', 'build/results/symbotic_exp1_exp2_itacbs_10s_adaptive/rows_itacbs_outputs/paper_symbotic_39_37_ratio_100_symbotic_agents_25_test_15.out.yaml']' timed out after 10.0 seconds",1,0,10.129382371902466
25,14,0,124,,build/fixtures/symbotic_itacbs_normalized/paper_symbotic_39_37_ratio_100/symbotic_agents_25_test_14.yaml,,,,,,,,,,symbotic.map,25,40,16.0,16,16,,14,,0,itacbs,"Command '['third_party/ITA-CBS2/build/ITACBS_remake', '-i', 'build/fixtures/symbotic_itacbs_normalized/paper_symbotic_39_37_ratio_100/symbotic_agents_25_test_14.yaml', '-o', 'build/results/symbotic_exp1_exp2_itacbs_10s_adaptive/rows_itacbs_outputs/paper_symbotic_39_37_ratio_100_symbotic_agents_25_test_14.out.yaml']' timed out after 10.0 seconds",1,0,10.081923961639404
30,1,0,124,,build/fixtures/symbotic_itacbs_normalized/paper_symbotic_39_37_ratio_100/symbotic_agents_30_test_1.yaml,,,,,,,,,,symbotic.map,30,45,16.0,16,16,,1,,0,itacbs,"Command '['third_party/ITA-CBS2/build/ITACBS_remake', '-i', 'build/fixtures/symbotic_itacbs_normalized/paper_symbotic_39_37_ratio_100/symbotic_agents_30_test_1.yaml', '-o', 'build/results/symbotic_exp1_exp2_itacbs_10s_adaptive/rows_itacbs_outputs/paper_symbotic_39_37_ratio_100_symbotic_agents_30_test_1.out.yaml']' timed out after 10.0 seconds",1,0,10.08554482460022
30,9,0,124,,build/fixtures/symbotic_itacbs_normalized/paper_symbotic_39_37_ratio_100/symbotic_agents_30_test_9.yaml,,,,,,,,,,symbotic.map,30,45,16.0,16,16,,9,,0,itacbs,"Command '['third_party/ITA-CBS2/build/ITACBS_remake', '-i', 'build/fixtures/symbotic_itacbs_normalized/paper_symbotic_39_37_ratio_100/symbotic_agents_30_test_9.yaml', '-o', 'build/results/symbotic_exp1_exp2_itacbs_10s_adaptive/rows_itacbs_outputs/paper_symbotic_39_37_ratio_100_symbotic_agents_30_test_9.out.yaml']' timed out after 10.0 seconds",1,0,10.120261907577515
25,7,1,0,,build/fixtures/symbotic_itacbs_normalized/paper_symbotic_39_37_ratio_100/symbotic_agents_25_test_7.yaml,103.541,1602.5,4532454,6768.39,508.767,8036,26481,28507,27,symbotic.map,25,40,16.0,16,16,9760.39,7,317,1,itacbs,,0,1,9.859708309173584
30,13,0,124,,build/fixtures/symbotic_itacbs_normalized/paper_symbotic_39_37_ratio_100/symbotic_agents_30_test_13.yaml,,,,,,,,,,symbotic.map,30,45,16.0,16,16,,13,,0,itacbs,"Command '['third_party/ITA-CBS2/build/ITACBS_remake', '-i', 'build/fixtures/symbotic_itacbs_normalized/paper_symbotic_39_37_ratio_100/symbotic_agents_30_test_13.yaml', '-o', 'build/results/symbotic_exp1_exp2_itacbs_10s_adaptive/rows_itacbs_outputs/paper_symbotic_39_37_ratio_100_symbotic_agents_30_test_13.out.yaml']' timed out after 10.0 seconds",1,0,10.154923439025879
30,12,0,124,,build/fixtures/symbotic_itacbs_normalized/paper_symbotic_39_37_ratio_100/symbotic_agents_30_test_12.yaml,,,,,,,,,,symbotic.map,30,45,16.0,16,16,,12,,0,itacbs,"Command '['third_party/ITA-CBS2/build/ITACBS_remake', '-i', 'build/fixtures/symbotic_itacbs_normalized/paper_symbotic_39_37_ratio_100/symbotic_agents_30_test_12.yaml', '-o', 'build/results/symbotic_exp1_exp2_itacbs_10s_adaptive/rows_itacbs_outputs/paper_symbotic_39_37_ratio_100_symbotic_agents_30_test_12.out.yaml']' timed out after 10.0 seconds",1,0,10.191243171691895
30,10,0,124,,build/fixtures/symbotic_itacbs_normalized/paper_symbotic_39_37_ratio_100/symbotic_agents_30_test_10.yaml,,,,,,,,,,symbotic.map,30,44,16.0,16,16,,10,,0,itacbs,"Command '['third_party/ITA-CBS2/build/ITACBS_remake', '-i', 'build/fixtures/symbotic_itacbs_normalized/paper_symbotic_39_37_ratio_100/symbotic_agents_30_test_10.yaml', '-o', 'build/results/symbotic_exp1_exp2_itacbs_10s_adaptive/rows_itacbs_outputs/paper_symbotic_39_37_ratio_100_symbotic_agents_30_test_10.out.yaml']' timed out after 10.0 seconds",1,0,10.196614265441895
35,4,1,0,,build/fixtures/symbotic_itacbs_normalized/paper_symbotic_39_37_ratio_100/symbotic_agents_35_test_4.yaml,85.70909999999999,2968.71,3462402,4648.83,549.009,4240,16950,19281,35,symbotic.map,35,49,16.0,16,16,8829.050000000001,4,590,1,itacbs,,0,1,8.922713994979858
30,8,0,124,,build/fixtures/symbotic_itacbs_normalized/paper_symbotic_39_37_ratio_100/symbotic_agents_30_test_8.yaml,,,,,,,,,,symbotic.map,30,45,16.0,16,16,,8,,0,itacbs,"Command '['third_party/ITA-CBS2/build/ITACBS_remake', '-i', 'build/fixtures/symbotic_itacbs_normalized/paper_symbotic_39_37_ratio_100/symbotic_agents_30_test_8.yaml', '-o', 'build/results/symbotic_exp1_exp2_itacbs_10s_adaptive/rows_itacbs_outputs/paper_symbotic_39_37_ratio_100_symbotic_agents_30_test_8.out.yaml']' timed out after 10.0 seconds",1,0,10.272455930709839
30,16,0,124,,build/fixtures/symbotic_itacbs_normalized/paper_symbotic_39_37_ratio_100/symbotic_agents_30_test_16.yaml,,,,,,,,,,symbotic.map,30,42,16.0,16,16,,16,,0,itacbs,"Command '['third_party/ITA-CBS2/build/ITACBS_remake', '-i', 'build/fixtures/symbotic_itacbs_normalized/paper_symbotic_39_37_ratio_100/symbotic_agents_30_test_16.yaml', '-o', 'build/results/symbotic_exp1_exp2_itacbs_10s_adaptive/rows_itacbs_outputs/paper_symbotic_39_37_ratio_100_symbotic_agents_30_test_16.out.yaml']' timed out after 10.0 seconds",1,0,10.29406476020813
30,14,0,124,,build/fixtures/symbotic_itacbs_normalized/paper_symbotic_39_37_ratio_100/symbotic_agents_30_test_14.yaml,,,,,,,,,,symbotic.map,30,45,16.0,16,16,,14,,0,itacbs,"Command '['third_party/ITA-CBS2/build/ITACBS_remake', '-i', 'build/fixtures/symbotic_itacbs_normalized/paper_symbotic_39_37_ratio_100/symbotic_agents_30_test_14.yaml', '-o', 'build/results/symbotic_exp1_exp2_itacbs_10s_adaptive/rows_itacbs_outputs/paper_symbotic_39_37_ratio_100_symbotic_agents_30_test_14.out.yaml']' timed out after 10.0 seconds",1,0,10.346132278442383
30,7,0,124,,build/fixtures/symbotic_itacbs_normalized/paper_symbotic_39_37_ratio_100/symbotic_agents_30_test_7.yaml,,,,,,,,,,symbotic.map,30,45,16.0,16,16,,7,,0,itacbs,"Command '['third_party/ITA-CBS2/build/ITACBS_remake', '-i', 'build/fixtures/symbotic_itacbs_normalized/paper_symbotic_39_37_ratio_100/symbotic_agents_30_test_7.yaml', '-o', 'build/results/symbotic_exp1_exp2_itacbs_10s_adaptive/rows_itacbs_outputs/paper_symbotic_39_37_ratio_100_symbotic_agents_30_test_7.out.yaml']' timed out after 10.0 seconds",1,0,10.367066621780396
30,18,0,124,,build/fixtures/symbotic_itacbs_normalized/paper_symbotic_39_37_ratio_100/symbotic_agents_30_test_18.yaml,,,,,,,,,,symbotic.map,30,43,16.0,16,16,,18,,0,itacbs,"Command '['third_party/ITA-CBS2/build/ITACBS_remake', '-i', 'build/fixtures/symbotic_itacbs_normalized/paper_symbotic_39_37_ratio_100/symbotic_agents_30_test_18.yaml', '-o', 'build/results/symbotic_exp1_exp2_itacbs_10s_adaptive/rows_itacbs_outputs/paper_symbotic_39_37_ratio_100_symbotic_agents_30_test_18.out.yaml']' timed out after 10.0 seconds",1,0,10.309536457061768
30,17,0,124,,build/fixtures/symbotic_itacbs_normalized/paper_symbotic_39_37_ratio_100/symbotic_agents_30_test_17.yaml,,,,,,,,,,symbotic.map,30,45,16.0,16,16,,17,,0,itacbs,"Command '['third_party/ITA-CBS2/build/ITACBS_remake', '-i', 'build/fixtures/symbotic_itacbs_normalized/paper_symbotic_39_37_ratio_100/symbotic_agents_30_test_17.yaml', '-o', 'build/results/symbotic_exp1_exp2_itacbs_10s_adaptive/rows_itacbs_outputs/paper_symbotic_39_37_ratio_100_symbotic_agents_30_test_17.out.yaml']' timed out after 10.0 seconds",1,0,10.369622707366943
30,6,0,124,,build/fixtures/symbotic_itacbs_normalized/paper_symbotic_39_37_ratio_100/symbotic_agents_30_test_6.yaml,,,,,,,,,,symbotic.map,30,43,16.0,16,16,,6,,0,itacbs,"Command '['third_party/ITA-CBS2/build/ITACBS_remake', '-i', 'build/fixtures/symbotic_itacbs_normalized/paper_symbotic_39_37_ratio_100/symbotic_agents_30_test_6.yaml', '-o', 'build/results/symbotic_exp1_exp2_itacbs_10s_adaptive/rows_itacbs_outputs/paper_symbotic_39_37_ratio_100_symbotic_agents_30_test_6.out.yaml']' timed out after 10.0 seconds",1,0,10.360321044921875
35,1,0,124,,build/fixtures/symbotic_itacbs_normalized/paper_symbotic_39_37_ratio_100/symbotic_agents_35_test_1.yaml,,,,,,,,,,symbotic.map,35,50,16.0,16,16,,1,,0,itacbs,"Command '['third_party/ITA-CBS2/build/ITACBS_remake', '-i', 'build/fixtures/symbotic_itacbs_normalized/paper_symbotic_39_37_ratio_100/symbotic_agents_35_test_1.yaml', '-o', 'build/results/symbotic_exp1_exp2_itacbs_10s_adaptive/rows_itacbs_outputs/paper_symbotic_39_37_ratio_100_symbotic_agents_35_test_1.out.yaml']' timed out after 10.0 seconds",1,0,10.412388324737549
35,5,0,124,,build/fixtures/symbotic_itacbs_normalized/paper_symbotic_39_37_ratio_100/symbotic_agents_35_test_5.yaml,,,,,,,,,,symbotic.map,35,48,16.0,16,16,,5,,0,itacbs,"Command '['third_party/ITA-CBS2/build/ITACBS_remake', '-i', 'build/fixtures/symbotic_itacbs_normalized/paper_symbotic_39_37_ratio_100/symbotic_agents_35_test_5.yaml', '-o', 'build/results/symbotic_exp1_exp2_itacbs_10s_adaptive/rows_itacbs_outputs/paper_symbotic_39_37_ratio_100_symbotic_agents_35_test_5.out.yaml']' timed out after 10.0 seconds",1,0,10.386548042297363
35,3,0,124,,build/fixtures/symbotic_itacbs_normalized/paper_symbotic_39_37_ratio_100/symbotic_agents_35_test_3.yaml,,,,,,,,,,symbotic.map,35,47,16.0,16,16,,3,,0,itacbs,"Command '['third_party/ITA-CBS2/build/ITACBS_remake', '-i', 'build/fixtures/symbotic_itacbs_normalized/paper_symbotic_39_37_ratio_100/symbotic_agents_35_test_3.yaml', '-o', 'build/results/symbotic_exp1_exp2_itacbs_10s_adaptive/rows_itacbs_outputs/paper_symbotic_39_37_ratio_100_symbotic_agents_35_test_3.out.yaml']' timed out after 10.0 seconds",1,0,10.460373163223267
35,0,0,124,,build/fixtures/symbotic_itacbs_normalized/paper_symbotic_39_37_ratio_100/symbotic_agents_35_test_0.yaml,,,,,,,,,,symbotic.map,35,50,16.0,16,16,,0,,0,itacbs,"Command '['third_party/ITA-CBS2/build/ITACBS_remake', '-i', 'build/fixtures/symbotic_itacbs_normalized/paper_symbotic_39_37_ratio_100/symbotic_agents_35_test_0.yaml', '-o', 'build/results/symbotic_exp1_exp2_itacbs_10s_adaptive/rows_itacbs_outputs/paper_symbotic_39_37_ratio_100_symbotic_agents_35_test_0.out.yaml']' timed out after 10.0 seconds",1,0,10.55869722366333
35,6,0,124,,build/fixtures/symbotic_itacbs_normalized/paper_symbotic_39_37_ratio_100/symbotic_agents_35_test_6.yaml,,,,,,,,,,symbotic.map,35,49,16.0,16,16,,6,,0,itacbs,"Command '['third_party/ITA-CBS2/build/ITACBS_remake', '-i', 'build/fixtures/symbotic_itacbs_normalized/paper_symbotic_39_37_ratio_100/symbotic_agents_35_test_6.yaml', '-o', 'build/results/symbotic_exp1_exp2_itacbs_10s_adaptive/rows_itacbs_outputs/paper_symbotic_39_37_ratio_100_symbotic_agents_35_test_6.out.yaml']' timed out after 10.0 seconds",1,0,10.761421203613281
35,2,0,124,,build/fixtures/symbotic_itacbs_normalized/paper_symbotic_39_37_ratio_100/symbotic_agents_35_test_2.yaml,,,,,,,,,,symbotic.map,35,48,16.0,16,16,,2,,0,itacbs,"Command '['third_party/ITA-CBS2/build/ITACBS_remake', '-i', 'build/fixtures/symbotic_itacbs_normalized/paper_symbotic_39_37_ratio_100/symbotic_agents_35_test_2.yaml', '-o', 'build/results/symbotic_exp1_exp2_itacbs_10s_adaptive/rows_itacbs_outputs/paper_symbotic_39_37_ratio_100_symbotic_agents_35_test_2.out.yaml']' timed out after 10.0 seconds",1,0,10.880751132965088
35,7,0,124,,build/fixtures/symbotic_itacbs_normalized/paper_symbotic_39_37_ratio_100/symbotic_agents_35_test_7.yaml,,,,,,,,,,symbotic.map,35,50,16.0,16,16,,7,,0,itacbs,"Command '['third_party/ITA-CBS2/build/ITACBS_remake', '-i', 'build/fixtures/symbotic_itacbs_normalized/paper_symbotic_39_37_ratio_100/symbotic_agents_35_test_7.yaml', '-o', 'build/results/symbotic_exp1_exp2_itacbs_10s_adaptive/rows_itacbs_outputs/paper_symbotic_39_37_ratio_100_symbotic_agents_35_test_7.out.yaml']' timed out after 10.0 seconds",1,0,10.711179971694946
35,17,0,124,,build/fixtures/symbotic_itacbs_normalized/paper_symbotic_39_37_ratio_100/symbotic_agents_35_test_17.yaml,,,,,,,,,,symbotic.map,35,50,16.0,16,16,,17,,0,itacbs,"Command '['third_party/ITA-CBS2/build/ITACBS_remake', '-i', 'build/fixtures/symbotic_itacbs_normalized/paper_symbotic_39_37_ratio_100/symbotic_agents_35_test_17.yaml', '-o', 'build/results/symbotic_exp1_exp2_itacbs_10s_adaptive/rows_itacbs_outputs/paper_symbotic_39_37_ratio_100_symbotic_agents_35_test_17.out.yaml']' timed out after 10.0 seconds",1,0,10.695702075958252
35,13,0,124,,build/fixtures/symbotic_itacbs_normalized/paper_symbotic_39_37_ratio_100/symbotic_agents_35_test_13.yaml,,,,,,,,,,symbotic.map,35,50,16.0,16,16,,13,,0,itacbs,"Command '['third_party/ITA-CBS2/build/ITACBS_remake', '-i', 'build/fixtures/symbotic_itacbs_normalized/paper_symbotic_39_37_ratio_100/symbotic_agents_35_test_13.yaml', '-o', 'build/results/symbotic_exp1_exp2_itacbs_10s_adaptive/rows_itacbs_outputs/paper_symbotic_39_37_ratio_100_symbotic_agents_35_test_13.out.yaml']' timed out after 10.0 seconds",1,0,10.819185256958008
35,15,0,124,,build/fixtures/symbotic_itacbs_normalized/paper_symbotic_39_37_ratio_100/symbotic_agents_35_test_15.yaml,,,,,,,,,,symbotic.map,35,49,16.0,16,16,,15,,0,itacbs,"Command '['third_party/ITA-CBS2/build/ITACBS_remake', '-i', 'build/fixtures/symbotic_itacbs_normalized/paper_symbotic_39_37_ratio_100/symbotic_agents_35_test_15.yaml', '-o', 'build/results/symbotic_exp1_exp2_itacbs_10s_adaptive/rows_itacbs_outputs/paper_symbotic_39_37_ratio_100_symbotic_agents_35_test_15.out.yaml']' timed out after 10.0 seconds",1,0,10.95002007484436
35,10,0,124,,build/fixtures/symbotic_itacbs_normalized/paper_symbotic_39_37_ratio_100/symbotic_agents_35_test_10.yaml,,,,,,,,,,symbotic.map,35,50,16.0,16,16,,10,,0,itacbs,"Command '['third_party/ITA-CBS2/build/ITACBS_remake', '-i', 'build/fixtures/symbotic_itacbs_normalized/paper_symbotic_39_37_ratio_100/symbotic_agents_35_test_10.yaml', '-o', 'build/results/symbotic_exp1_exp2_itacbs_10s_adaptive/rows_itacbs_outputs/paper_symbotic_39_37_ratio_100_symbotic_agents_35_test_10.out.yaml']' timed out after 10.0 seconds",1,0,11.076332092285156
35,12,0,124,,build/fixtures/symbotic_itacbs_normalized/paper_symbotic_39_37_ratio_100/symbotic_agents_35_test_12.yaml,,,,,,,,,,symbotic.map,35,49,16.0,16,16,,12,,0,itacbs,"Command '['third_party/ITA-CBS2/build/ITACBS_remake', '-i', 'build/fixtures/symbotic_itacbs_normalized/paper_symbotic_39_37_ratio_100/symbotic_agents_35_test_12.yaml', '-o', 'build/results/symbotic_exp1_exp2_itacbs_10s_adaptive/rows_itacbs_outputs/paper_symbotic_39_37_ratio_100_symbotic_agents_35_test_12.out.yaml']' timed out after 10.0 seconds",1,0,10.939136743545532
35,14,0,124,,build/fixtures/symbotic_itacbs_normalized/paper_symbotic_39_37_ratio_100/symbotic_agents_35_test_14.yaml,,,,,,,,,,symbotic.map,35,48,16.0,16,16,,14,,0,itacbs,"Command '['third_party/ITA-CBS2/build/ITACBS_remake', '-i', 'build/fixtures/symbotic_itacbs_normalized/paper_symbotic_39_37_ratio_100/symbotic_agents_35_test_14.yaml', '-o', 'build/results/symbotic_exp1_exp2_itacbs_10s_adaptive/rows_itacbs_outputs/paper_symbotic_39_37_ratio_100_symbotic_agents_35_test_14.out.yaml']' timed out after 10.0 seconds",1,0,11.116043329238892
35,11,0,124,,build/fixtures/symbotic_itacbs_normalized/paper_symbotic_39_37_ratio_100/symbotic_agents_35_test_11.yaml,,,,,,,,,,symbotic.map,35,50,16.0,16,16,,11,,0,itacbs,"Command '['third_party/ITA-CBS2/build/ITACBS_remake', '-i', 'build/fixtures/symbotic_itacbs_normalized/paper_symbotic_39_37_ratio_100/symbotic_agents_35_test_11.yaml', '-o', 'build/results/symbotic_exp1_exp2_itacbs_10s_adaptive/rows_itacbs_outputs/paper_symbotic_39_37_ratio_100_symbotic_agents_35_test_11.out.yaml']' timed out after 10.0 seconds",1,0,11.03935694694519
40,3,0,124,,build/fixtures/symbotic_itacbs_normalized/paper_symbotic_39_37_ratio_100/symbotic_agents_40_test_3.yaml,,,,,,,,,,symbotic.map,40,55,16.0,16,16,,3,,0,itacbs,"Command '['third_party/ITA-CBS2/build/ITACBS_remake', '-i', 'build/fixtures/symbotic_itacbs_normalized/paper_symbotic_39_37_ratio_100/symbotic_agents_40_test_3.yaml', '-o', 'build/results/symbotic_exp1_exp2_itacbs_10s_adaptive/rows_itacbs_outputs/paper_symbotic_39_37_ratio_100_symbotic_agents_40_test_3.out.yaml']' timed out after 10.0 seconds",1,0,11.080233812332153
40,10,0,124,,build/fixtures/symbotic_itacbs_normalized/paper_symbotic_39_37_ratio_100/symbotic_agents_40_test_10.yaml,,,,,,,,,,symbotic.map,40,55,16.0,16,16,,10,,0,itacbs,"Command '['third_party/ITA-CBS2/build/ITACBS_remake', '-i', 'build/fixtures/symbotic_itacbs_normalized/paper_symbotic_39_37_ratio_100/symbotic_agents_40_test_10.yaml', '-o', 'build/results/symbotic_exp1_exp2_itacbs_10s_adaptive/rows_itacbs_outputs/paper_symbotic_39_37_ratio_100_symbotic_agents_40_test_10.out.yaml']' timed out after 10.0 seconds",1,0,11.106380224227905
40,5,0,124,,build/fixtures/symbotic_itacbs_normalized/paper_symbotic_39_37_ratio_100/symbotic_agents_40_test_5.yaml,,,,,,,,,,symbotic.map,40,54,16.0,16,16,,5,,0,itacbs,"Command '['third_party/ITA-CBS2/build/ITACBS_remake', '-i', 'build/fixtures/symbotic_itacbs_normalized/paper_symbotic_39_37_ratio_100/symbotic_agents_40_test_5.yaml', '-o', 'build/results/symbotic_exp1_exp2_itacbs_10s_adaptive/rows_itacbs_outputs/paper_symbotic_39_37_ratio_100_symbotic_agents_40_test_5.out.yaml']' timed out after 10.0 seconds",1,0,11.150765657424927
35,9,0,124,,build/fixtures/symbotic_itacbs_normalized/paper_symbotic_39_37_ratio_100/symbotic_agents_35_test_9.yaml,,,,,,,,,,symbotic.map,35,50,16.0,16,16,,9,,0,itacbs,"Command '['third_party/ITA-CBS2/build/ITACBS_remake', '-i', 'build/fixtures/symbotic_itacbs_normalized/paper_symbotic_39_37_ratio_100/symbotic_agents_35_test_9.yaml', '-o', 'build/results/symbotic_exp1_exp2_itacbs_10s_adaptive/rows_itacbs_outputs/paper_symbotic_39_37_ratio_100_symbotic_agents_35_test_9.out.yaml']' timed out after 10.0 seconds",1,0,11.283091306686401
40,2,0,124,,build/fixtures/symbotic_itacbs_normalized/paper_symbotic_39_37_ratio_100/symbotic_agents_40_test_2.yaml,,,,,,,,,,symbotic.map,40,53,16.0,16,16,,2,,0,itacbs,"Command '['third_party/ITA-CBS2/build/ITACBS_remake', '-i', 'build/fixtures/symbotic_itacbs_normalized/paper_symbotic_39_37_ratio_100/symbotic_agents_40_test_2.yaml', '-o', 'build/results/symbotic_exp1_exp2_itacbs_10s_adaptive/rows_itacbs_outputs/paper_symbotic_39_37_ratio_100_symbotic_agents_40_test_2.out.yaml']' timed out after 10.0 seconds",1,0,11.263055562973022
40,0,0,124,,build/fixtures/symbotic_itacbs_normalized/paper_symbotic_39_37_ratio_100/symbotic_agents_40_test_0.yaml,,,,,,,,,,symbotic.map,40,55,16.0,16,16,,0,,0,itacbs,"Command '['third_party/ITA-CBS2/build/ITACBS_remake', '-i', 'build/fixtures/symbotic_itacbs_normalized/paper_symbotic_39_37_ratio_100/symbotic_agents_40_test_0.yaml', '-o', 'build/results/symbotic_exp1_exp2_itacbs_10s_adaptive/rows_itacbs_outputs/paper_symbotic_39_37_ratio_100_symbotic_agents_40_test_0.out.yaml']' timed out after 10.0 seconds",1,0,11.293108940124512
35,16,0,124,,build/fixtures/symbotic_itacbs_normalized/paper_symbotic_39_37_ratio_100/symbotic_agents_35_test_16.yaml,,,,,,,,,,symbotic.map,35,50,16.0,16,16,,16,,0,itacbs,"Command '['third_party/ITA-CBS2/build/ITACBS_remake', '-i', 'build/fixtures/symbotic_itacbs_normalized/paper_symbotic_39_37_ratio_100/symbotic_agents_35_test_16.yaml', '-o', 'build/results/symbotic_exp1_exp2_itacbs_10s_adaptive/rows_itacbs_outputs/paper_symbotic_39_37_ratio_100_symbotic_agents_35_test_16.out.yaml']' timed out after 10.0 seconds",1,0,11.432689905166626
40,4,0,124,,build/fixtures/symbotic_itacbs_normalized/paper_symbotic_39_37_ratio_100/symbotic_agents_40_test_4.yaml,,,,,,,,,,symbotic.map,40,54,16.0,16,16,,4,,0,itacbs,"Command '['third_party/ITA-CBS2/build/ITACBS_remake', '-i', 'build/fixtures/symbotic_itacbs_normalized/paper_symbotic_39_37_ratio_100/symbotic_agents_40_test_4.yaml', '-o', 'build/results/symbotic_exp1_exp2_itacbs_10s_adaptive/rows_itacbs_outputs/paper_symbotic_39_37_ratio_100_symbotic_agents_40_test_4.out.yaml']' timed out after 10.0 seconds",1,0,11.19578766822815
40,16,0,124,,build/fixtures/symbotic_itacbs_normalized/paper_symbotic_39_37_ratio_100/symbotic_agents_40_test_16.yaml,,,,,,,,,,symbotic.map,40,52,16.0,16,16,,16,,0,itacbs,"Command '['third_party/ITA-CBS2/build/ITACBS_remake', '-i', 'build/fixtures/symbotic_itacbs_normalized/paper_symbotic_39_37_ratio_100/symbotic_agents_40_test_16.yaml', '-o', 'build/results/symbotic_exp1_exp2_itacbs_10s_adaptive/rows_itacbs_outputs/paper_symbotic_39_37_ratio_100_symbotic_agents_40_test_16.out.yaml']' timed out after 10.0 seconds",1,0,11.308024644851685
40,13,0,124,,build/fixtures/symbotic_itacbs_normalized/paper_symbotic_39_37_ratio_100/symbotic_agents_40_test_13.yaml,,,,,,,,,,symbotic.map,40,55,16.0,16,16,,13,,0,itacbs,"Command '['third_party/ITA-CBS2/build/ITACBS_remake', '-i', 'build/fixtures/symbotic_itacbs_normalized/paper_symbotic_39_37_ratio_100/symbotic_agents_40_test_13.yaml', '-o', 'build/results/symbotic_exp1_exp2_itacbs_10s_adaptive/rows_itacbs_outputs/paper_symbotic_39_37_ratio_100_symbotic_agents_40_test_13.out.yaml']' timed out after 10.0 seconds",1,0,11.328765153884888
40,6,0,124,,build/fixtures/symbotic_itacbs_normalized/paper_symbotic_39_37_ratio_100/symbotic_agents_40_test_6.yaml,,,,,,,,,,symbotic.map,40,52,16.0,16,16,,6,,0,itacbs,"Command '['third_party/ITA-CBS2/build/ITACBS_remake', '-i', 'build/fixtures/symbotic_itacbs_normalized/paper_symbotic_39_37_ratio_100/symbotic_agents_40_test_6.yaml', '-o', 'build/results/symbotic_exp1_exp2_itacbs_10s_adaptive/rows_itacbs_outputs/paper_symbotic_39_37_ratio_100_symbotic_agents_40_test_6.out.yaml']' timed out after 10.0 seconds",1,0,11.38300085067749
35,19,0,124,,build/fixtures/symbotic_itacbs_normalized/paper_symbotic_39_37_ratio_100/symbotic_agents_35_test_19.yaml,,,,,,,,,,symbotic.map,35,48,16.0,16,16,,19,,0,itacbs,"Command '['third_party/ITA-CBS2/build/ITACBS_remake', '-i', 'build/fixtures/symbotic_itacbs_normalized/paper_symbotic_39_37_ratio_100/symbotic_agents_35_test_19.yaml', '-o', 'build/results/symbotic_exp1_exp2_itacbs_10s_adaptive/rows_itacbs_outputs/paper_symbotic_39_37_ratio_100_symbotic_agents_35_test_19.out.yaml']' timed out after 10.0 seconds",1,0,11.45869755744934
40,7,0,124,,build/fixtures/symbotic_itacbs_normalized/paper_symbotic_39_37_ratio_100/symbotic_agents_40_test_7.yaml,,,,,,,,,,symbotic.map,40,55,16.0,16,16,,7,,0,itacbs,"Command '['third_party/ITA-CBS2/build/ITACBS_remake', '-i', 'build/fixtures/symbotic_itacbs_normalized/paper_symbotic_39_37_ratio_100/symbotic_agents_40_test_7.yaml', '-o', 'build/results/symbotic_exp1_exp2_itacbs_10s_adaptive/rows_itacbs_outputs/paper_symbotic_39_37_ratio_100_symbotic_agents_40_test_7.out.yaml']' timed out after 10.0 seconds",1,0,11.392877578735352
40,15,0,124,,build/fixtures/symbotic_itacbs_normalized/paper_symbotic_39_37_ratio_100/symbotic_agents_40_test_15.yaml,,,,,,,,,,symbotic.map,40,55,16.0,16,16,,15,,0,itacbs,"Command '['third_party/ITA-CBS2/build/ITACBS_remake', '-i', 'build/fixtures/symbotic_itacbs_normalized/paper_symbotic_39_37_ratio_100/symbotic_agents_40_test_15.yaml', '-o', 'build/results/symbotic_exp1_exp2_itacbs_10s_adaptive/rows_itacbs_outputs/paper_symbotic_39_37_ratio_100_symbotic_agents_40_test_15.out.yaml']' timed out after 10.0 seconds",1,0,11.420852184295654
40,9,0,124,,build/fixtures/symbotic_itacbs_normalized/paper_symbotic_39_37_ratio_100/symbotic_agents_40_test_9.yaml,,,,,,,,,,symbotic.map,40,55,16.0,16,16,,9,,0,itacbs,"Command '['third_party/ITA-CBS2/build/ITACBS_remake', '-i', 'build/fixtures/symbotic_itacbs_normalized/paper_symbotic_39_37_ratio_100/symbotic_agents_40_test_9.yaml', '-o', 'build/results/symbotic_exp1_exp2_itacbs_10s_adaptive/rows_itacbs_outputs/paper_symbotic_39_37_ratio_100_symbotic_agents_40_test_9.out.yaml']' timed out after 10.0 seconds",1,0,11.319155931472778
40,12,0,124,,build/fixtures/symbotic_itacbs_normalized/paper_symbotic_39_37_ratio_100/symbotic_agents_40_test_12.yaml,,,,,,,,,,symbotic.map,40,54,16.0,16,16,,12,,0,itacbs,"Command '['third_party/ITA-CBS2/build/ITACBS_remake', '-i', 'build/fixtures/symbotic_itacbs_normalized/paper_symbotic_39_37_ratio_100/symbotic_agents_40_test_12.yaml', '-o', 'build/results/symbotic_exp1_exp2_itacbs_10s_adaptive/rows_itacbs_outputs/paper_symbotic_39_37_ratio_100_symbotic_agents_40_test_12.out.yaml']' timed out after 10.0 seconds",1,0,11.361455917358398
40,1,0,124,,build/fixtures/symbotic_itacbs_normalized/paper_symbotic_39_37_ratio_100/symbotic_agents_40_test_1.yaml,,,,,,,,,,symbotic.map,40,54,16.0,16,16,,1,,0,itacbs,"Command '['third_party/ITA-CBS2/build/ITACBS_remake', '-i', 'build/fixtures/symbotic_itacbs_normalized/paper_symbotic_39_37_ratio_100/symbotic_agents_40_test_1.yaml', '-o', 'build/results/symbotic_exp1_exp2_itacbs_10s_adaptive/rows_itacbs_outputs/paper_symbotic_39_37_ratio_100_symbotic_agents_40_test_1.out.yaml']' timed out after 10.0 seconds",1,0,11.488605737686157
40,11,0,124,,build/fixtures/symbotic_itacbs_normalized/paper_symbotic_39_37_ratio_100/symbotic_agents_40_test_11.yaml,,,,,,,,,,symbotic.map,40,53,16.0,16,16,,11,,0,itacbs,"Command '['third_party/ITA-CBS2/build/ITACBS_remake', '-i', 'build/fixtures/symbotic_itacbs_normalized/paper_symbotic_39_37_ratio_100/symbotic_agents_40_test_11.yaml', '-o', 'build/results/symbotic_exp1_exp2_itacbs_10s_adaptive/rows_itacbs_outputs/paper_symbotic_39_37_ratio_100_symbotic_agents_40_test_11.out.yaml']' timed out after 10.0 seconds",1,0,11.491891145706177
40,14,0,124,,build/fixtures/symbotic_itacbs_normalized/paper_symbotic_39_37_ratio_100/symbotic_agents_40_test_14.yaml,,,,,,,,,,symbotic.map,40,54,16.0,16,16,,14,,0,itacbs,"Command '['third_party/ITA-CBS2/build/ITACBS_remake', '-i', 'build/fixtures/symbotic_itacbs_normalized/paper_symbotic_39_37_ratio_100/symbotic_agents_40_test_14.yaml', '-o', 'build/results/symbotic_exp1_exp2_itacbs_10s_adaptive/rows_itacbs_outputs/paper_symbotic_39_37_ratio_100_symbotic_agents_40_test_14.out.yaml']' timed out after 10.0 seconds",1,0,11.42914342880249
40,17,0,124,,build/fixtures/symbotic_itacbs_normalized/paper_symbotic_39_37_ratio_100/symbotic_agents_40_test_17.yaml,,,,,,,,,,symbotic.map,40,54,16.0,16,16,,17,,0,itacbs,"Command '['third_party/ITA-CBS2/build/ITACBS_remake', '-i', 'build/fixtures/symbotic_itacbs_normalized/paper_symbotic_39_37_ratio_100/symbotic_agents_40_test_17.yaml', '-o', 'build/results/symbotic_exp1_exp2_itacbs_10s_adaptive/rows_itacbs_outputs/paper_symbotic_39_37_ratio_100_symbotic_agents_40_test_17.out.yaml']' timed out after 10.0 seconds",1,0,11.511922359466553
40,8,0,124,,build/fixtures/symbotic_itacbs_normalized/paper_symbotic_39_37_ratio_100/symbotic_agents_40_test_8.yaml,,,,,,,,,,symbotic.map,40,54,16.0,16,16,,8,,0,itacbs,"Command '['third_party/ITA-CBS2/build/ITACBS_remake', '-i', 'build/fixtures/symbotic_itacbs_normalized/paper_symbotic_39_37_ratio_100/symbotic_agents_40_test_8.yaml', '-o', 'build/results/symbotic_exp1_exp2_itacbs_10s_adaptive/rows_itacbs_outputs/paper_symbotic_39_37_ratio_100_symbotic_agents_40_test_8.out.yaml']' timed out after 10.0 seconds",1,0,11.489217758178711
40,19,0,124,,build/fixtures/symbotic_itacbs_normalized/paper_symbotic_39_37_ratio_100/symbotic_agents_40_test_19.yaml,,,,,,,,,,symbotic.map,40,54,16.0,16,16,,19,,0,itacbs,"Command '['third_party/ITA-CBS2/build/ITACBS_remake', '-i', 'build/fixtures/symbotic_itacbs_normalized/paper_symbotic_39_37_ratio_100/symbotic_agents_40_test_19.yaml', '-o', 'build/results/symbotic_exp1_exp2_itacbs_10s_adaptive/rows_itacbs_outputs/paper_symbotic_39_37_ratio_100_symbotic_agents_40_test_19.out.yaml']' timed out after 10.0 seconds",1,0,11.481899738311768
45,2,0,124,,build/fixtures/symbotic_itacbs_normalized/paper_symbotic_39_37_ratio_100/symbotic_agents_45_test_2.yaml,,,,,,,,,,symbotic.map,45,58,16.0,16,16,,2,,0,itacbs,"Command '['third_party/ITA-CBS2/build/ITACBS_remake', '-i', 'build/fixtures/symbotic_itacbs_normalized/paper_symbotic_39_37_ratio_100/symbotic_agents_45_test_2.yaml', '-o', 'build/results/symbotic_exp1_exp2_itacbs_10s_adaptive/rows_itacbs_outputs/paper_symbotic_39_37_ratio_100_symbotic_agents_45_test_2.out.yaml']' timed out after 10.0 seconds",1,0,11.551151990890503
40,18,0,124,,build/fixtures/symbotic_itacbs_normalized/paper_symbotic_39_37_ratio_100/symbotic_agents_40_test_18.yaml,,,,,,,,,,symbotic.map,40,53,16.0,16,16,,18,,0,itacbs,"Command '['third_party/ITA-CBS2/build/ITACBS_remake', '-i', 'build/fixtures/symbotic_itacbs_normalized/paper_symbotic_39_37_ratio_100/symbotic_agents_40_test_18.yaml', '-o', 'build/results/symbotic_exp1_exp2_itacbs_10s_adaptive/rows_itacbs_outputs/paper_symbotic_39_37_ratio_100_symbotic_agents_40_test_18.out.yaml']' timed out after 10.0 seconds",1,0,11.636394262313843
45,12,0,124,,build/fixtures/symbotic_itacbs_normalized/paper_symbotic_39_37_ratio_100/symbotic_agents_45_test_12.yaml,,,,,,,,,,symbotic.map,45,59,16.0,16,16,,12,,0,itacbs,"Command '['third_party/ITA-CBS2/build/ITACBS_remake', '-i', 'build/fixtures/symbotic_itacbs_normalized/paper_symbotic_39_37_ratio_100/symbotic_agents_45_test_12.yaml', '-o', 'build/results/symbotic_exp1_exp2_itacbs_10s_adaptive/rows_itacbs_outputs/paper_symbotic_39_37_ratio_100_symbotic_agents_45_test_12.out.yaml']' timed out after 10.0 seconds",1,0,11.408087253570557
45,1,0,124,,build/fixtures/symbotic_itacbs_normalized/paper_symbotic_39_37_ratio_100/symbotic_agents_45_test_1.yaml,,,,,,,,,,symbotic.map,45,58,16.0,16,16,,1,,0,itacbs,"Command '['third_party/ITA-CBS2/build/ITACBS_remake', '-i', 'build/fixtures/symbotic_itacbs_normalized/paper_symbotic_39_37_ratio_100/symbotic_agents_45_test_1.yaml', '-o', 'build/results/symbotic_exp1_exp2_itacbs_10s_adaptive/rows_itacbs_outputs/paper_symbotic_39_37_ratio_100_symbotic_agents_45_test_1.out.yaml']' timed out after 10.0 seconds",1,0,11.62622857093811
45,0,0,124,,build/fixtures/symbotic_itacbs_normalized/paper_symbotic_39_37_ratio_100/symbotic_agents_45_test_0.yaml,,,,,,,,,,symbotic.map,45,59,16.0,16,16,,0,,0,itacbs,"Command '['third_party/ITA-CBS2/build/ITACBS_remake', '-i', 'build/fixtures/symbotic_itacbs_normalized/paper_symbotic_39_37_ratio_100/symbotic_agents_45_test_0.yaml', '-o', 'build/results/symbotic_exp1_exp2_itacbs_10s_adaptive/rows_itacbs_outputs/paper_symbotic_39_37_ratio_100_symbotic_agents_45_test_0.out.yaml']' timed out after 10.0 seconds",1,0,11.639849424362183
45,14,0,124,,build/fixtures/symbotic_itacbs_normalized/paper_symbotic_39_37_ratio_100/symbotic_agents_45_test_14.yaml,,,,,,,,,,symbotic.map,45,60,16.0,16,16,,14,,0,itacbs,"Command '['third_party/ITA-CBS2/build/ITACBS_remake', '-i', 'build/fixtures/symbotic_itacbs_normalized/paper_symbotic_39_37_ratio_100/symbotic_agents_45_test_14.yaml', '-o', 'build/results/symbotic_exp1_exp2_itacbs_10s_adaptive/rows_itacbs_outputs/paper_symbotic_39_37_ratio_100_symbotic_agents_45_test_14.out.yaml']' timed out after 10.0 seconds",1,0,11.3986976146698
45,3,0,124,,build/fixtures/symbotic_itacbs_normalized/paper_symbotic_39_37_ratio_100/symbotic_agents_45_test_3.yaml,,,,,,,,,,symbotic.map,45,53,16.0,16,16,,3,,0,itacbs,"Command '['third_party/ITA-CBS2/build/ITACBS_remake', '-i', 'build/fixtures/symbotic_itacbs_normalized/paper_symbotic_39_37_ratio_100/symbotic_agents_45_test_3.yaml', '-o', 'build/results/symbotic_exp1_exp2_itacbs_10s_adaptive/rows_itacbs_outputs/paper_symbotic_39_37_ratio_100_symbotic_agents_45_test_3.out.yaml']' timed out after 10.0 seconds",1,0,11.65245008468628
45,16,0,124,,build/fixtures/symbotic_itacbs_normalized/paper_symbotic_39_37_ratio_100/symbotic_agents_45_test_16.yaml,,,,,,,,,,symbotic.map,45,60,16.0,16,16,,16,,0,itacbs,"Command '['third_party/ITA-CBS2/build/ITACBS_remake', '-i', 'build/fixtures/symbotic_itacbs_normalized/paper_symbotic_39_37_ratio_100/symbotic_agents_45_test_16.yaml', '-o', 'build/results/symbotic_exp1_exp2_itacbs_10s_adaptive/rows_itacbs_outputs/paper_symbotic_39_37_ratio_100_symbotic_agents_45_test_16.out.yaml']' timed out after 10.0 seconds",1,0,11.37505578994751
45,9,0,124,,build/fixtures/symbotic_itacbs_normalized/paper_symbotic_39_37_ratio_100/symbotic_agents_45_test_9.yaml,,,,,,,,,,symbotic.map,45,60,16.0,16,16,,9,,0,itacbs,"Command '['third_party/ITA-CBS2/build/ITACBS_remake', '-i', 'build/fixtures/symbotic_itacbs_normalized/paper_symbotic_39_37_ratio_100/symbotic_agents_45_test_9.yaml', '-o', 'build/results/symbotic_exp1_exp2_itacbs_10s_adaptive/rows_itacbs_outputs/paper_symbotic_39_37_ratio_100_symbotic_agents_45_test_9.out.yaml']' timed out after 10.0 seconds",1,0,11.506189823150635
45,4,0,124,,build/fixtures/symbotic_itacbs_normalized/paper_symbotic_39_37_ratio_100/symbotic_agents_45_test_4.yaml,,,,,,,,,,symbotic.map,45,59,16.0,16,16,,4,,0,itacbs,"Command '['third_party/ITA-CBS2/build/ITACBS_remake', '-i', 'build/fixtures/symbotic_itacbs_normalized/paper_symbotic_39_37_ratio_100/symbotic_agents_45_test_4.yaml', '-o', 'build/results/symbotic_exp1_exp2_itacbs_10s_adaptive/rows_itacbs_outputs/paper_symbotic_39_37_ratio_100_symbotic_agents_45_test_4.out.yaml']' timed out after 10.0 seconds",1,0,11.534812688827515
45,5,0,124,,build/fixtures/symbotic_itacbs_normalized/paper_symbotic_39_37_ratio_100/symbotic_agents_45_test_5.yaml,,,,,,,,,,symbotic.map,45,59,16.0,16,16,,5,,0,itacbs,"Command '['third_party/ITA-CBS2/build/ITACBS_remake', '-i', 'build/fixtures/symbotic_itacbs_normalized/paper_symbotic_39_37_ratio_100/symbotic_agents_45_test_5.yaml', '-o', 'build/results/symbotic_exp1_exp2_itacbs_10s_adaptive/rows_itacbs_outputs/paper_symbotic_39_37_ratio_100_symbotic_agents_45_test_5.out.yaml']' timed out after 10.0 seconds",1,0,11.633795261383057
45,15,0,124,,build/fixtures/symbotic_itacbs_normalized/paper_symbotic_39_37_ratio_100/symbotic_agents_45_test_15.yaml,,,,,,,,,,symbotic.map,45,59,16.0,16,16,,15,,0,itacbs,"Command '['third_party/ITA-CBS2/build/ITACBS_remake', '-i', 'build/fixtures/symbotic_itacbs_normalized/paper_symbotic_39_37_ratio_100/symbotic_agents_45_test_15.yaml', '-o', 'build/results/symbotic_exp1_exp2_itacbs_10s_adaptive/rows_itacbs_outputs/paper_symbotic_39_37_ratio_100_symbotic_agents_45_test_15.out.yaml']' timed out after 10.0 seconds",1,0,11.499770402908325
45,8,0,124,,build/fixtures/symbotic_itacbs_normalized/paper_symbotic_39_37_ratio_100/symbotic_agents_45_test_8.yaml,,,,,,,,,,symbotic.map,45,58,16.0,16,16,,8,,0,itacbs,"Command '['third_party/ITA-CBS2/build/ITACBS_remake', '-i', 'build/fixtures/symbotic_itacbs_normalized/paper_symbotic_39_37_ratio_100/symbotic_agents_45_test_8.yaml', '-o', 'build/results/symbotic_exp1_exp2_itacbs_10s_adaptive/rows_itacbs_outputs/paper_symbotic_39_37_ratio_100_symbotic_agents_45_test_8.out.yaml']' timed out after 10.0 seconds",1,0,11.536759614944458
45,19,0,124,,build/fixtures/symbotic_itacbs_normalized/paper_symbotic_39_37_ratio_100/symbotic_agents_45_test_19.yaml,,,,,,,,,,symbotic.map,45,58,16.0,16,16,,19,,0,itacbs,"Command '['third_party/ITA-CBS2/build/ITACBS_remake', '-i', 'build/fixtures/symbotic_itacbs_normalized/paper_symbotic_39_37_ratio_100/symbotic_agents_45_test_19.yaml', '-o', 'build/results/symbotic_exp1_exp2_itacbs_10s_adaptive/rows_itacbs_outputs/paper_symbotic_39_37_ratio_100_symbotic_agents_45_test_19.out.yaml']' timed out after 10.0 seconds",1,0,11.406991243362427
45,18,0,124,,build/fixtures/symbotic_itacbs_normalized/paper_symbotic_39_37_ratio_100/symbotic_agents_45_test_18.yaml,,,,,,,,,,symbotic.map,45,57,16.0,16,16,,18,,0,itacbs,"Command '['third_party/ITA-CBS2/build/ITACBS_remake', '-i', 'build/fixtures/symbotic_itacbs_normalized/paper_symbotic_39_37_ratio_100/symbotic_agents_45_test_18.yaml', '-o', 'build/results/symbotic_exp1_exp2_itacbs_10s_adaptive/rows_itacbs_outputs/paper_symbotic_39_37_ratio_100_symbotic_agents_45_test_18.out.yaml']' timed out after 10.0 seconds",1,0,11.418776273727417
45,7,0,124,,build/fixtures/symbotic_itacbs_normalized/paper_symbotic_39_37_ratio_100/symbotic_agents_45_test_7.yaml,,,,,,,,,,symbotic.map,45,59,16.0,16,16,,7,,0,itacbs,"Command '['third_party/ITA-CBS2/build/ITACBS_remake', '-i', 'build/fixtures/symbotic_itacbs_normalized/paper_symbotic_39_37_ratio_100/symbotic_agents_45_test_7.yaml', '-o', 'build/results/symbotic_exp1_exp2_itacbs_10s_adaptive/rows_itacbs_outputs/paper_symbotic_39_37_ratio_100_symbotic_agents_45_test_7.out.yaml']' timed out after 10.0 seconds",1,0,11.592707395553589
50,0,0,124,,build/fixtures/symbotic_itacbs_normalized/paper_symbotic_39_37_ratio_100/symbotic_agents_50_test_0.yaml,,,,,,,,,,symbotic.map,50,63,16.0,16,16,,0,,0,itacbs,"Command '['third_party/ITA-CBS2/build/ITACBS_remake', '-i', 'build/fixtures/symbotic_itacbs_normalized/paper_symbotic_39_37_ratio_100/symbotic_agents_50_test_0.yaml', '-o', 'build/results/symbotic_exp1_exp2_itacbs_10s_adaptive/rows_itacbs_outputs/paper_symbotic_39_37_ratio_100_symbotic_agents_50_test_0.out.yaml']' timed out after 10.0 seconds",1,0,11.412123918533325
45,17,0,124,,build/fixtures/symbotic_itacbs_normalized/paper_symbotic_39_37_ratio_100/symbotic_agents_45_test_17.yaml,,,,,,,,,,symbotic.map,45,58,16.0,16,16,,17,,0,itacbs,"Command '['third_party/ITA-CBS2/build/ITACBS_remake', '-i', 'build/fixtures/symbotic_itacbs_normalized/paper_symbotic_39_37_ratio_100/symbotic_agents_45_test_17.yaml', '-o', 'build/results/symbotic_exp1_exp2_itacbs_10s_adaptive/rows_itacbs_outputs/paper_symbotic_39_37_ratio_100_symbotic_agents_45_test_17.out.yaml']' timed out after 10.0 seconds",1,0,11.461250305175781
35,18,0,124,,build/fixtures/symbotic_itacbs_normalized/paper_symbotic_39_37_ratio_100/symbotic_agents_35_test_18.yaml,,,,,,,,,,symbotic.map,35,49,16.0,16,16,,18,,0,itacbs,"Command '['third_party/ITA-CBS2/build/ITACBS_remake', '-i', 'build/fixtures/symbotic_itacbs_normalized/paper_symbotic_39_37_ratio_100/symbotic_agents_35_test_18.yaml', '-o', 'build/results/symbotic_exp1_exp2_itacbs_10s_adaptive/rows_itacbs_outputs/paper_symbotic_39_37_ratio_100_symbotic_agents_35_test_18.out.yaml']' timed out after 10.0 seconds",1,0,11.984980821609497
50,5,0,124,,build/fixtures/symbotic_itacbs_normalized/paper_symbotic_39_37_ratio_100/symbotic_agents_50_test_5.yaml,,,,,,,,,,symbotic.map,50,61,16.0,16,16,,5,,0,itacbs,"Command '['third_party/ITA-CBS2/build/ITACBS_remake', '-i', 'build/fixtures/symbotic_itacbs_normalized/paper_symbotic_39_37_ratio_100/symbotic_agents_50_test_5.yaml', '-o', 'build/results/symbotic_exp1_exp2_itacbs_10s_adaptive/rows_itacbs_outputs/paper_symbotic_39_37_ratio_100_symbotic_agents_50_test_5.out.yaml']' timed out after 10.0 seconds",1,0,11.393933296203613
50,1,0,124,,build/fixtures/symbotic_itacbs_normalized/paper_symbotic_39_37_ratio_100/symbotic_agents_50_test_1.yaml,,,,,,,,,,symbotic.map,50,63,16.0,16,16,,1,,0,itacbs,"Command '['third_party/ITA-CBS2/build/ITACBS_remake', '-i', 'build/fixtures/symbotic_itacbs_normalized/paper_symbotic_39_37_ratio_100/symbotic_agents_50_test_1.yaml', '-o', 'build/results/symbotic_exp1_exp2_itacbs_10s_adaptive/rows_itacbs_outputs/paper_symbotic_39_37_ratio_100_symbotic_agents_50_test_1.out.yaml']' timed out after 10.0 seconds",1,0,11.462589979171753
45,13,0,124,,build/fixtures/symbotic_itacbs_normalized/paper_symbotic_39_37_ratio_100/symbotic_agents_45_test_13.yaml,,,,,,,,,,symbotic.map,45,57,16.0,16,16,,13,,0,itacbs,"Command '['third_party/ITA-CBS2/build/ITACBS_remake', '-i', 'build/fixtures/symbotic_itacbs_normalized/paper_symbotic_39_37_ratio_100/symbotic_agents_45_test_13.yaml', '-o', 'build/results/symbotic_exp1_exp2_itacbs_10s_adaptive/rows_itacbs_outputs/paper_symbotic_39_37_ratio_100_symbotic_agents_45_test_13.out.yaml']' timed out after 10.0 seconds",1,0,11.613001585006714
45,11,0,124,,build/fixtures/symbotic_itacbs_normalized/paper_symbotic_39_37_ratio_100/symbotic_agents_45_test_11.yaml,,,,,,,,,,symbotic.map,45,58,16.0,16,16,,11,,0,itacbs,"Command '['third_party/ITA-CBS2/build/ITACBS_remake', '-i', 'build/fixtures/symbotic_itacbs_normalized/paper_symbotic_39_37_ratio_100/symbotic_agents_45_test_11.yaml', '-o', 'build/results/symbotic_exp1_exp2_itacbs_10s_adaptive/rows_itacbs_outputs/paper_symbotic_39_37_ratio_100_symbotic_agents_45_test_11.out.yaml']' timed out after 10.0 seconds",1,0,11.647009134292603
45,6,0,124,,build/fixtures/symbotic_itacbs_normalized/paper_symbotic_39_37_ratio_100/symbotic_agents_45_test_6.yaml,,,,,,,,,,symbotic.map,45,59,16.0,16,16,,6,,0,itacbs,"Command '['third_party/ITA-CBS2/build/ITACBS_remake', '-i', 'build/fixtures/symbotic_itacbs_normalized/paper_symbotic_39_37_ratio_100/symbotic_agents_45_test_6.yaml', '-o', 'build/results/symbotic_exp1_exp2_itacbs_10s_adaptive/rows_itacbs_outputs/paper_symbotic_39_37_ratio_100_symbotic_agents_45_test_6.out.yaml']' timed out after 10.0 seconds",1,0,11.70973539352417
50,7,0,124,,build/fixtures/symbotic_itacbs_normalized/paper_symbotic_39_37_ratio_100/symbotic_agents_50_test_7.yaml,,,,,,,,,,symbotic.map,50,61,16.0,16,16,,7,,0,itacbs,"Command '['third_party/ITA-CBS2/build/ITACBS_remake', '-i', 'build/fixtures/symbotic_itacbs_normalized/paper_symbotic_39_37_ratio_100/symbotic_agents_50_test_7.yaml', '-o', 'build/results/symbotic_exp1_exp2_itacbs_10s_adaptive/rows_itacbs_outputs/paper_symbotic_39_37_ratio_100_symbotic_agents_50_test_7.out.yaml']' timed out after 10.0 seconds",1,0,11.34484577178955
50,12,0,124,,build/fixtures/symbotic_itacbs_normalized/paper_symbotic_39_37_ratio_100/symbotic_agents_50_test_12.yaml,,,,,,,,,,symbotic.map,50,64,16.0,16,16,,12,,0,itacbs,"Command '['third_party/ITA-CBS2/build/ITACBS_remake', '-i', 'build/fixtures/symbotic_itacbs_normalized/paper_symbotic_39_37_ratio_100/symbotic_agents_50_test_12.yaml', '-o', 'build/results/symbotic_exp1_exp2_itacbs_10s_adaptive/rows_itacbs_outputs/paper_symbotic_39_37_ratio_100_symbotic_agents_50_test_12.out.yaml']' timed out after 10.0 seconds",1,0,11.231593608856201
50,8,0,124,,build/fixtures/symbotic_itacbs_normalized/paper_symbotic_39_37_ratio_100/symbotic_agents_50_test_8.yaml,,,,,,,,,,symbotic.map,50,63,16.0,16,16,,8,,0,itacbs,"Command '['third_party/ITA-CBS2/build/ITACBS_remake', '-i', 'build/fixtures/symbotic_itacbs_normalized/paper_symbotic_39_37_ratio_100/symbotic_agents_50_test_8.yaml', '-o', 'build/results/symbotic_exp1_exp2_itacbs_10s_adaptive/rows_itacbs_outputs/paper_symbotic_39_37_ratio_100_symbotic_agents_50_test_8.out.yaml']' timed out after 10.0 seconds",1,0,11.383719682693481
50,6,0,124,,build/fixtures/symbotic_itacbs_normalized/paper_symbotic_39_37_ratio_100/symbotic_agents_50_test_6.yaml,,,,,,,,,,symbotic.map,50,65,16.0,16,16,,6,,0,itacbs,"Command '['third_party/ITA-CBS2/build/ITACBS_remake', '-i', 'build/fixtures/symbotic_itacbs_normalized/paper_symbotic_39_37_ratio_100/symbotic_agents_50_test_6.yaml', '-o', 'build/results/symbotic_exp1_exp2_itacbs_10s_adaptive/rows_itacbs_outputs/paper_symbotic_39_37_ratio_100_symbotic_agents_50_test_6.out.yaml']' timed out after 10.0 seconds",1,0,11.388566255569458
50,9,0,124,,build/fixtures/symbotic_itacbs_normalized/paper_symbotic_39_37_ratio_100/symbotic_agents_50_test_9.yaml,,,,,,,,,,symbotic.map,50,63,16.0,16,16,,9,,0,itacbs,"Command '['third_party/ITA-CBS2/build/ITACBS_remake', '-i', 'build/fixtures/symbotic_itacbs_normalized/paper_symbotic_39_37_ratio_100/symbotic_agents_50_test_9.yaml', '-o', 'build/results/symbotic_exp1_exp2_itacbs_10s_adaptive/rows_itacbs_outputs/paper_symbotic_39_37_ratio_100_symbotic_agents_50_test_9.out.yaml']' timed out after 10.0 seconds",1,0,11.330716371536255
45,10,0,124,,build/fixtures/symbotic_itacbs_normalized/paper_symbotic_39_37_ratio_100/symbotic_agents_45_test_10.yaml,,,,,,,,,,symbotic.map,45,58,16.0,16,16,,10,,0,itacbs,"Command '['third_party/ITA-CBS2/build/ITACBS_remake', '-i', 'build/fixtures/symbotic_itacbs_normalized/paper_symbotic_39_37_ratio_100/symbotic_agents_45_test_10.yaml', '-o', 'build/results/symbotic_exp1_exp2_itacbs_10s_adaptive/rows_itacbs_outputs/paper_symbotic_39_37_ratio_100_symbotic_agents_45_test_10.out.yaml']' timed out after 10.0 seconds",1,0,11.761656284332275
50,10,0,124,,build/fixtures/symbotic_itacbs_normalized/paper_symbotic_39_37_ratio_100/symbotic_agents_50_test_10.yaml,,,,,,,,,,symbotic.map,50,65,16.0,16,16,,10,,0,itacbs,"Command '['third_party/ITA-CBS2/build/ITACBS_remake', '-i', 'build/fixtures/symbotic_itacbs_normalized/paper_symbotic_39_37_ratio_100/symbotic_agents_50_test_10.yaml', '-o', 'build/results/symbotic_exp1_exp2_itacbs_10s_adaptive/rows_itacbs_outputs/paper_symbotic_39_37_ratio_100_symbotic_agents_50_test_10.out.yaml']' timed out after 10.0 seconds",1,0,11.308284521102905
50,4,0,124,,build/fixtures/symbotic_itacbs_normalized/paper_symbotic_39_37_ratio_100/symbotic_agents_50_test_4.yaml,,,,,,,,,,symbotic.map,50,64,16.0,16,16,,4,,0,itacbs,"Command '['third_party/ITA-CBS2/build/ITACBS_remake', '-i', 'build/fixtures/symbotic_itacbs_normalized/paper_symbotic_39_37_ratio_100/symbotic_agents_50_test_4.yaml', '-o', 'build/results/symbotic_exp1_exp2_itacbs_10s_adaptive/rows_itacbs_outputs/paper_symbotic_39_37_ratio_100_symbotic_agents_50_test_4.out.yaml']' timed out after 10.0 seconds",1,0,11.493520021438599
50,2,0,124,,build/fixtures/symbotic_itacbs_normalized/paper_symbotic_39_37_ratio_100/symbotic_agents_50_test_2.yaml,,,,,,,,,,symbotic.map,50,64,16.0,16,16,,2,,0,itacbs,"Command '['third_party/ITA-CBS2/build/ITACBS_remake', '-i', 'build/fixtures/symbotic_itacbs_normalized/paper_symbotic_39_37_ratio_100/symbotic_agents_50_test_2.yaml', '-o', 'build/results/symbotic_exp1_exp2_itacbs_10s_adaptive/rows_itacbs_outputs/paper_symbotic_39_37_ratio_100_symbotic_agents_50_test_2.out.yaml']' timed out after 10.0 seconds",1,0,11.552006959915161
50,3,0,124,,build/fixtures/symbotic_itacbs_normalized/paper_symbotic_39_37_ratio_100/symbotic_agents_50_test_3.yaml,,,,,,,,,,symbotic.map,50,63,16.0,16,16,,3,,0,itacbs,"Command '['third_party/ITA-CBS2/build/ITACBS_remake', '-i', 'build/fixtures/symbotic_itacbs_normalized/paper_symbotic_39_37_ratio_100/symbotic_agents_50_test_3.yaml', '-o', 'build/results/symbotic_exp1_exp2_itacbs_10s_adaptive/rows_itacbs_outputs/paper_symbotic_39_37_ratio_100_symbotic_agents_50_test_3.out.yaml']' timed out after 10.0 seconds",1,0,11.523999452590942
50,16,0,124,,build/fixtures/symbotic_itacbs_normalized/paper_symbotic_39_37_ratio_100/symbotic_agents_50_test_16.yaml,,,,,,,,,,symbotic.map,50,63,16.0,16,16,,16,,0,itacbs,"Command '['third_party/ITA-CBS2/build/ITACBS_remake', '-i', 'build/fixtures/symbotic_itacbs_normalized/paper_symbotic_39_37_ratio_100/symbotic_agents_50_test_16.yaml', '-o', 'build/results/symbotic_exp1_exp2_itacbs_10s_adaptive/rows_itacbs_outputs/paper_symbotic_39_37_ratio_100_symbotic_agents_50_test_16.out.yaml']' timed out after 10.0 seconds",1,0,10.839879512786865
50,14,0,124,,build/fixtures/symbotic_itacbs_normalized/paper_symbotic_39_37_ratio_100/symbotic_agents_50_test_14.yaml,,,,,,,,,,symbotic.map,50,65,16.0,16,16,,14,,0,itacbs,"Command '['third_party/ITA-CBS2/build/ITACBS_remake', '-i', 'build/fixtures/symbotic_itacbs_normalized/paper_symbotic_39_37_ratio_100/symbotic_agents_50_test_14.yaml', '-o', 'build/results/symbotic_exp1_exp2_itacbs_10s_adaptive/rows_itacbs_outputs/paper_symbotic_39_37_ratio_100_symbotic_agents_50_test_14.out.yaml']' timed out after 10.0 seconds",1,0,11.097615242004395
50,11,0,124,,build/fixtures/symbotic_itacbs_normalized/paper_symbotic_39_37_ratio_100/symbotic_agents_50_test_11.yaml,,,,,,,,,,symbotic.map,50,64,16.0,16,16,,11,,0,itacbs,"Command '['third_party/ITA-CBS2/build/ITACBS_remake', '-i', 'build/fixtures/symbotic_itacbs_normalized/paper_symbotic_39_37_ratio_100/symbotic_agents_50_test_11.yaml', '-o', 'build/results/symbotic_exp1_exp2_itacbs_10s_adaptive/rows_itacbs_outputs/paper_symbotic_39_37_ratio_100_symbotic_agents_50_test_11.out.yaml']' timed out after 10.0 seconds",1,0,11.328813076019287
50,17,0,124,,build/fixtures/symbotic_itacbs_normalized/paper_symbotic_39_37_ratio_100/symbotic_agents_50_test_17.yaml,,,,,,,,,,symbotic.map,50,62,16.0,16,16,,17,,0,itacbs,"Command '['third_party/ITA-CBS2/build/ITACBS_remake', '-i', 'build/fixtures/symbotic_itacbs_normalized/paper_symbotic_39_37_ratio_100/symbotic_agents_50_test_17.yaml', '-o', 'build/results/symbotic_exp1_exp2_itacbs_10s_adaptive/rows_itacbs_outputs/paper_symbotic_39_37_ratio_100_symbotic_agents_50_test_17.out.yaml']' timed out after 10.0 seconds",1,0,10.782110452651978
50,13,0,124,,build/fixtures/symbotic_itacbs_normalized/paper_symbotic_39_37_ratio_100/symbotic_agents_50_test_13.yaml,,,,,,,,,,symbotic.map,50,62,16.0,16,16,,13,,0,itacbs,"Command '['third_party/ITA-CBS2/build/ITACBS_remake', '-i', 'build/fixtures/symbotic_itacbs_normalized/paper_symbotic_39_37_ratio_100/symbotic_agents_50_test_13.yaml', '-o', 'build/results/symbotic_exp1_exp2_itacbs_10s_adaptive/rows_itacbs_outputs/paper_symbotic_39_37_ratio_100_symbotic_agents_50_test_13.out.yaml']' timed out after 10.0 seconds",1,0,11.119580745697021
50,15,0,124,,build/fixtures/symbotic_itacbs_normalized/paper_symbotic_39_37_ratio_100/symbotic_agents_50_test_15.yaml,,,,,,,,,,symbotic.map,50,63,16.0,16,16,,15,,0,itacbs,"Command '['third_party/ITA-CBS2/build/ITACBS_remake', '-i', 'build/fixtures/symbotic_itacbs_normalized/paper_symbotic_39_37_ratio_100/symbotic_agents_50_test_15.yaml', '-o', 'build/results/symbotic_exp1_exp2_itacbs_10s_adaptive/rows_itacbs_outputs/paper_symbotic_39_37_ratio_100_symbotic_agents_50_test_15.out.yaml']' timed out after 10.0 seconds",1,0,11.050220012664795
50,18,0,124,,build/fixtures/symbotic_itacbs_normalized/paper_symbotic_39_37_ratio_100/symbotic_agents_50_test_18.yaml,,,,,,,,,,symbotic.map,50,63,16.0,16,16,,18,,0,itacbs,"Command '['third_party/ITA-CBS2/build/ITACBS_remake', '-i', 'build/fixtures/symbotic_itacbs_normalized/paper_symbotic_39_37_ratio_100/symbotic_agents_50_test_18.yaml', '-o', 'build/results/symbotic_exp1_exp2_itacbs_10s_adaptive/rows_itacbs_outputs/paper_symbotic_39_37_ratio_100_symbotic_agents_50_test_18.out.yaml']' timed out after 10.0 seconds",1,0,10.59327507019043
50,19,0,124,,build/fixtures/symbotic_itacbs_normalized/paper_symbotic_39_37_ratio_100/symbotic_agents_50_test_19.yaml,,,,,,,,,,symbotic.map,50,62,16.0,16,16,,19,,0,itacbs,"Command '['third_party/ITA-CBS2/build/ITACBS_remake', '-i', 'build/fixtures/symbotic_itacbs_normalized/paper_symbotic_39_37_ratio_100/symbotic_agents_50_test_19.yaml', '-o', 'build/results/symbotic_exp1_exp2_itacbs_10s_adaptive/rows_itacbs_outputs/paper_symbotic_39_37_ratio_100_symbotic_agents_50_test_19.out.yaml']' timed out after 10.0 seconds",1,0,10.479963779449463
55,0,0,124,,build/fixtures/symbotic_itacbs_normalized/paper_symbotic_39_37_ratio_100/symbotic_agents_55_test_0.yaml,,,,,,,,,,symbotic.map,55,68,16.0,16,16,,0,,0,itacbs,"Command '['third_party/ITA-CBS2/build/ITACBS_remake', '-i', 'build/fixtures/symbotic_itacbs_normalized/paper_symbotic_39_37_ratio_100/symbotic_agents_55_test_0.yaml', '-o', 'build/results/symbotic_exp1_exp2_itacbs_10s_adaptive/rows_itacbs_outputs/paper_symbotic_39_37_ratio_100_symbotic_agents_55_test_0.out.yaml']' timed out after 10.0 seconds",1,0,10.414796352386475
55,1,0,124,,build/fixtures/symbotic_itacbs_normalized/paper_symbotic_39_37_ratio_100/symbotic_agents_55_test_1.yaml,,,,,,,,,,symbotic.map,55,69,16.0,16,16,,1,,0,itacbs,"Command '['third_party/ITA-CBS2/build/ITACBS_remake', '-i', 'build/fixtures/symbotic_itacbs_normalized/paper_symbotic_39_37_ratio_100/symbotic_agents_55_test_1.yaml', '-o', 'build/results/symbotic_exp1_exp2_itacbs_10s_adaptive/rows_itacbs_outputs/paper_symbotic_39_37_ratio_100_symbotic_agents_55_test_1.out.yaml']' timed out after 10.0 seconds",1,0,10.407952308654785
55,2,0,124,,build/fixtures/symbotic_itacbs_normalized/paper_symbotic_39_37_ratio_100/symbotic_agents_55_test_2.yaml,,,,,,,,,,symbotic.map,55,66,16.0,16,16,,2,,0,itacbs,"Command '['third_party/ITA-CBS2/build/ITACBS_remake', '-i', 'build/fixtures/symbotic_itacbs_normalized/paper_symbotic_39_37_ratio_100/symbotic_agents_55_test_2.yaml', '-o', 'build/results/symbotic_exp1_exp2_itacbs_10s_adaptive/rows_itacbs_outputs/paper_symbotic_39_37_ratio_100_symbotic_agents_55_test_2.out.yaml']' timed out after 10.0 seconds",1,0,10.215768575668335
55,3,0,124,,build/fixtures/symbotic_itacbs_normalized/paper_symbotic_39_37_ratio_100/symbotic_agents_55_test_3.yaml,,,,,,,,,,symbotic.map,55,66,16.0,16,16,,3,,0,itacbs,"Command '['third_party/ITA-CBS2/build/ITACBS_remake', '-i', 'build/fixtures/symbotic_itacbs_normalized/paper_symbotic_39_37_ratio_100/symbotic_agents_55_test_3.yaml', '-o', 'build/results/symbotic_exp1_exp2_itacbs_10s_adaptive/rows_itacbs_outputs/paper_symbotic_39_37_ratio_100_symbotic_agents_55_test_3.out.yaml']' timed out after 10.0 seconds",1,0,10.106013536453247
55,4,0,124,,build/fixtures/symbotic_itacbs_normalized/paper_symbotic_39_37_ratio_100/symbotic_agents_55_test_4.yaml,,,,,,,,,,symbotic.map,55,68,16.0,16,16,,4,,0,itacbs,"Command '['third_party/ITA-CBS2/build/ITACBS_remake', '-i', 'build/fixtures/symbotic_itacbs_normalized/paper_symbotic_39_37_ratio_100/symbotic_agents_55_test_4.yaml', '-o', 'build/results/symbotic_exp1_exp2_itacbs_10s_adaptive/rows_itacbs_outputs/paper_symbotic_39_37_ratio_100_symbotic_agents_55_test_4.out.yaml']' timed out after 10.0 seconds",1,0,10.10174036026001
55,5,0,124,,build/fixtures/symbotic_itacbs_normalized/paper_symbotic_39_37_ratio_100/symbotic_agents_55_test_5.yaml,,,,,,,,,,symbotic.map,55,69,16.0,16,16,,5,,0,itacbs,"Command '['third_party/ITA-CBS2/build/ITACBS_remake', '-i', 'build/fixtures/symbotic_itacbs_normalized/paper_symbotic_39_37_ratio_100/symbotic_agents_55_test_5.yaml', '-o', 'build/results/symbotic_exp1_exp2_itacbs_10s_adaptive/rows_itacbs_outputs/paper_symbotic_39_37_ratio_100_symbotic_agents_55_test_5.out.yaml']' timed out after 10.0 seconds",1,0,10.098877668380737
55,6,0,124,,build/fixtures/symbotic_itacbs_normalized/paper_symbotic_39_37_ratio_100/symbotic_agents_55_test_6.yaml,,,,,,,,,,symbotic.map,55,68,16.0,16,16,,6,,0,itacbs,"Command '['third_party/ITA-CBS2/build/ITACBS_remake', '-i', 'build/fixtures/symbotic_itacbs_normalized/paper_symbotic_39_37_ratio_100/symbotic_agents_55_test_6.yaml', '-o', 'build/results/symbotic_exp1_exp2_itacbs_10s_adaptive/rows_itacbs_outputs/paper_symbotic_39_37_ratio_100_symbotic_agents_55_test_6.out.yaml']' timed out after 10.0 seconds",1,0,10.122986555099487
55,7,0,124,,build/fixtures/symbotic_itacbs_normalized/paper_symbotic_39_37_ratio_100/symbotic_agents_55_test_7.yaml,,,,,,,,,,symbotic.map,55,68,16.0,16,16,,7,,0,itacbs,"Command '['third_party/ITA-CBS2/build/ITACBS_remake', '-i', 'build/fixtures/symbotic_itacbs_normalized/paper_symbotic_39_37_ratio_100/symbotic_agents_55_test_7.yaml', '-o', 'build/results/symbotic_exp1_exp2_itacbs_10s_adaptive/rows_itacbs_outputs/paper_symbotic_39_37_ratio_100_symbotic_agents_55_test_7.out.yaml']' timed out after 10.0 seconds",1,0,10.119459867477417
55,8,0,124,,build/fixtures/symbotic_itacbs_normalized/paper_symbotic_39_37_ratio_100/symbotic_agents_55_test_8.yaml,,,,,,,,,,symbotic.map,55,66,16.0,16,16,,8,,0,itacbs,"Command '['third_party/ITA-CBS2/build/ITACBS_remake', '-i', 'build/fixtures/symbotic_itacbs_normalized/paper_symbotic_39_37_ratio_100/symbotic_agents_55_test_8.yaml', '-o', 'build/results/symbotic_exp1_exp2_itacbs_10s_adaptive/rows_itacbs_outputs/paper_symbotic_39_37_ratio_100_symbotic_agents_55_test_8.out.yaml']' timed out after 10.0 seconds",1,0,10.130532026290894
55,9,0,124,,build/fixtures/symbotic_itacbs_normalized/paper_symbotic_39_37_ratio_100/symbotic_agents_55_test_9.yaml,,,,,,,,,,symbotic.map,55,68,16.0,16,16,,9,,0,itacbs,"Command '['third_party/ITA-CBS2/build/ITACBS_remake', '-i', 'build/fixtures/symbotic_itacbs_normalized/paper_symbotic_39_37_ratio_100/symbotic_agents_55_test_9.yaml', '-o', 'build/results/symbotic_exp1_exp2_itacbs_10s_adaptive/rows_itacbs_outputs/paper_symbotic_39_37_ratio_100_symbotic_agents_55_test_9.out.yaml']' timed out after 10.0 seconds",1,0,10.105581283569336
55,10,0,124,,build/fixtures/symbotic_itacbs_normalized/paper_symbotic_39_37_ratio_100/symbotic_agents_55_test_10.yaml,,,,,,,,,,symbotic.map,55,66,16.0,16,16,,10,,0,itacbs,"Command '['third_party/ITA-CBS2/build/ITACBS_remake', '-i', 'build/fixtures/symbotic_itacbs_normalized/paper_symbotic_39_37_ratio_100/symbotic_agents_55_test_10.yaml', '-o', 'build/results/symbotic_exp1_exp2_itacbs_10s_adaptive/rows_itacbs_outputs/paper_symbotic_39_37_ratio_100_symbotic_agents_55_test_10.out.yaml']' timed out after 10.0 seconds",1,0,10.116990327835083
55,11,0,124,,build/fixtures/symbotic_itacbs_normalized/paper_symbotic_39_37_ratio_100/symbotic_agents_55_test_11.yaml,,,,,,,,,,symbotic.map,55,68,16.0,16,16,,11,,0,itacbs,"Command '['third_party/ITA-CBS2/build/ITACBS_remake', '-i', 'build/fixtures/symbotic_itacbs_normalized/paper_symbotic_39_37_ratio_100/symbotic_agents_55_test_11.yaml', '-o', 'build/results/symbotic_exp1_exp2_itacbs_10s_adaptive/rows_itacbs_outputs/paper_symbotic_39_37_ratio_100_symbotic_agents_55_test_11.out.yaml']' timed out after 10.0 seconds",1,0,10.1003999710083
55,12,0,124,,build/fixtures/symbotic_itacbs_normalized/paper_symbotic_39_37_ratio_100/symbotic_agents_55_test_12.yaml,,,,,,,,,,symbotic.map,55,69,16.0,16,16,,12,,0,itacbs,"Command '['third_party/ITA-CBS2/build/ITACBS_remake', '-i', 'build/fixtures/symbotic_itacbs_normalized/paper_symbotic_39_37_ratio_100/symbotic_agents_55_test_12.yaml', '-o', 'build/results/symbotic_exp1_exp2_itacbs_10s_adaptive/rows_itacbs_outputs/paper_symbotic_39_37_ratio_100_symbotic_agents_55_test_12.out.yaml']' timed out after 10.0 seconds",1,0,10.12490200996399
55,13,0,124,,build/fixtures/symbotic_itacbs_normalized/paper_symbotic_39_37_ratio_100/symbotic_agents_55_test_13.yaml,,,,,,,,,,symbotic.map,55,69,16.0,16,16,,13,,0,itacbs,"Command '['third_party/ITA-CBS2/build/ITACBS_remake', '-i', 'build/fixtures/symbotic_itacbs_normalized/paper_symbotic_39_37_ratio_100/symbotic_agents_55_test_13.yaml', '-o', 'build/results/symbotic_exp1_exp2_itacbs_10s_adaptive/rows_itacbs_outputs/paper_symbotic_39_37_ratio_100_symbotic_agents_55_test_13.out.yaml']' timed out after 10.0 seconds",1,0,10.122054100036621
55,14,0,124,,build/fixtures/symbotic_itacbs_normalized/paper_symbotic_39_37_ratio_100/symbotic_agents_55_test_14.yaml,,,,,,,,,,symbotic.map,55,67,16.0,16,16,,14,,0,itacbs,"Command '['third_party/ITA-CBS2/build/ITACBS_remake', '-i', 'build/fixtures/symbotic_itacbs_normalized/paper_symbotic_39_37_ratio_100/symbotic_agents_55_test_14.yaml', '-o', 'build/results/symbotic_exp1_exp2_itacbs_10s_adaptive/rows_itacbs_outputs/paper_symbotic_39_37_ratio_100_symbotic_agents_55_test_14.out.yaml']' timed out after 10.0 seconds",1,0,10.152258396148682
55,15,0,124,,build/fixtures/symbotic_itacbs_normalized/paper_symbotic_39_37_ratio_100/symbotic_agents_55_test_15.yaml,,,,,,,,,,symbotic.map,55,68,16.0,16,16,,15,,0,itacbs,"Command '['third_party/ITA-CBS2/build/ITACBS_remake', '-i', 'build/fixtures/symbotic_itacbs_normalized/paper_symbotic_39_37_ratio_100/symbotic_agents_55_test_15.yaml', '-o', 'build/results/symbotic_exp1_exp2_itacbs_10s_adaptive/rows_itacbs_outputs/paper_symbotic_39_37_ratio_100_symbotic_agents_55_test_15.out.yaml']' timed out after 10.0 seconds",1,0,10.12319040298462
55,16,0,124,,build/fixtures/symbotic_itacbs_normalized/paper_symbotic_39_37_ratio_100/symbotic_agents_55_test_16.yaml,,,,,,,,,,symbotic.map,55,70,16.0,16,16,,16,,0,itacbs,"Command '['third_party/ITA-CBS2/build/ITACBS_remake', '-i', 'build/fixtures/symbotic_itacbs_normalized/paper_symbotic_39_37_ratio_100/symbotic_agents_55_test_16.yaml', '-o', 'build/results/symbotic_exp1_exp2_itacbs_10s_adaptive/rows_itacbs_outputs/paper_symbotic_39_37_ratio_100_symbotic_agents_55_test_16.out.yaml']' timed out after 10.0 seconds",1,0,10.13001537322998
55,18,0,124,,build/fixtures/symbotic_itacbs_normalized/paper_symbotic_39_37_ratio_100/symbotic_agents_55_test_18.yaml,,,,,,,,,,symbotic.map,55,69,16.0,16,16,,18,,0,itacbs,"Command '['third_party/ITA-CBS2/build/ITACBS_remake', '-i', 'build/fixtures/symbotic_itacbs_normalized/paper_symbotic_39_37_ratio_100/symbotic_agents_55_test_18.yaml', '-o', 'build/results/symbotic_exp1_exp2_itacbs_10s_adaptive/rows_itacbs_outputs/paper_symbotic_39_37_ratio_100_symbotic_agents_55_test_18.out.yaml']' timed out after 10.0 seconds",1,0,10.1297287940979
55,17,0,124,,build/fixtures/symbotic_itacbs_normalized/paper_symbotic_39_37_ratio_100/symbotic_agents_55_test_17.yaml,,,,,,,,,,symbotic.map,55,70,16.0,16,16,,17,,0,itacbs,"Command '['third_party/ITA-CBS2/build/ITACBS_remake', '-i', 'build/fixtures/symbotic_itacbs_normalized/paper_symbotic_39_37_ratio_100/symbotic_agents_55_test_17.yaml', '-o', 'build/results/symbotic_exp1_exp2_itacbs_10s_adaptive/rows_itacbs_outputs/paper_symbotic_39_37_ratio_100_symbotic_agents_55_test_17.out.yaml']' timed out after 10.0 seconds",1,0,10.142766237258911
55,19,0,124,,build/fixtures/symbotic_itacbs_normalized/paper_symbotic_39_37_ratio_100/symbotic_agents_55_test_19.yaml,,,,,,,,,,symbotic.map,55,68,16.0,16,16,,19,,0,itacbs,"Command '['third_party/ITA-CBS2/build/ITACBS_remake', '-i', 'build/fixtures/symbotic_itacbs_normalized/paper_symbotic_39_37_ratio_100/symbotic_agents_55_test_19.yaml', '-o', 'build/results/symbotic_exp1_exp2_itacbs_10s_adaptive/rows_itacbs_outputs/paper_symbotic_39_37_ratio_100_symbotic_agents_55_test_19.out.yaml']' timed out after 10.0 seconds",1,0,10.172934293746948
60,0,0,124,,build/fixtures/symbotic_itacbs_normalized/paper_symbotic_39_37_ratio_100/symbotic_agents_60_test_0.yaml,,,,,,,,,,symbotic.map,60,72,16.0,16,16,,0,,0,itacbs,"Command '['third_party/ITA-CBS2/build/ITACBS_remake', '-i', 'build/fixtures/symbotic_itacbs_normalized/paper_symbotic_39_37_ratio_100/symbotic_agents_60_test_0.yaml', '-o', 'build/results/symbotic_exp1_exp2_itacbs_10s_adaptive/rows_itacbs_outputs/paper_symbotic_39_37_ratio_100_symbotic_agents_60_test_0.out.yaml']' timed out after 10.0 seconds",1,0,10.168788194656372
60,1,0,124,,build/fixtures/symbotic_itacbs_normalized/paper_symbotic_39_37_ratio_100/symbotic_agents_60_test_1.yaml,,,,,,,,,,symbotic.map,60,75,16.0,16,16,,1,,0,itacbs,"Command '['third_party/ITA-CBS2/build/ITACBS_remake', '-i', 'build/fixtures/symbotic_itacbs_normalized/paper_symbotic_39_37_ratio_100/symbotic_agents_60_test_1.yaml', '-o', 'build/results/symbotic_exp1_exp2_itacbs_10s_adaptive/rows_itacbs_outputs/paper_symbotic_39_37_ratio_100_symbotic_agents_60_test_1.out.yaml']' timed out after 10.0 seconds",1,0,10.178937435150146
60,2,0,124,,build/fixtures/symbotic_itacbs_normalized/paper_symbotic_39_37_ratio_100/symbotic_agents_60_test_2.yaml,,,,,,,,,,symbotic.map,60,72,16.0,16,16,,2,,0,itacbs,"Command '['third_party/ITA-CBS2/build/ITACBS_remake', '-i', 'build/fixtures/symbotic_itacbs_normalized/paper_symbotic_39_37_ratio_100/symbotic_agents_60_test_2.yaml', '-o', 'build/results/symbotic_exp1_exp2_itacbs_10s_adaptive/rows_itacbs_outputs/paper_symbotic_39_37_ratio_100_symbotic_agents_60_test_2.out.yaml']' timed out after 10.0 seconds",1,0,10.15854001045227
60,3,0,124,,build/fixtures/symbotic_itacbs_normalized/paper_symbotic_39_37_ratio_100/symbotic_agents_60_test_3.yaml,,,,,,,,,,symbotic.map,60,73,16.0,16,16,,3,,0,itacbs,"Command '['third_party/ITA-CBS2/build/ITACBS_remake', '-i', 'build/fixtures/symbotic_itacbs_normalized/paper_symbotic_39_37_ratio_100/symbotic_agents_60_test_3.yaml', '-o', 'build/results/symbotic_exp1_exp2_itacbs_10s_adaptive/rows_itacbs_outputs/paper_symbotic_39_37_ratio_100_symbotic_agents_60_test_3.out.yaml']' timed out after 10.0 seconds",1,0,10.136940479278564
60,4,0,124,,build/fixtures/symbotic_itacbs_normalized/paper_symbotic_39_37_ratio_100/symbotic_agents_60_test_4.yaml,,,,,,,,,,symbotic.map,60,75,16.0,16,16,,4,,0,itacbs,"Command '['third_party/ITA-CBS2/build/ITACBS_remake', '-i', 'build/fixtures/symbotic_itacbs_normalized/paper_symbotic_39_37_ratio_100/symbotic_agents_60_test_4.yaml', '-o', 'build/results/symbotic_exp1_exp2_itacbs_10s_adaptive/rows_itacbs_outputs/paper_symbotic_39_37_ratio_100_symbotic_agents_60_test_4.out.yaml']' timed out after 10.0 seconds",1,0,10.14259147644043
60,5,0,124,,build/fixtures/symbotic_itacbs_normalized/paper_symbotic_39_37_ratio_100/symbotic_agents_60_test_5.yaml,,,,,,,,,,symbotic.map,60,69,16.0,16,16,,5,,0,itacbs,"Command '['third_party/ITA-CBS2/build/ITACBS_remake', '-i', 'build/fixtures/symbotic_itacbs_normalized/paper_symbotic_39_37_ratio_100/symbotic_agents_60_test_5.yaml', '-o', 'build/results/symbotic_exp1_exp2_itacbs_10s_adaptive/rows_itacbs_outputs/paper_symbotic_39_37_ratio_100_symbotic_agents_60_test_5.out.yaml']' timed out after 10.0 seconds",1,0,10.136458158493042
60,6,0,124,,build/fixtures/symbotic_itacbs_normalized/paper_symbotic_39_37_ratio_100/symbotic_agents_60_test_6.yaml,,,,,,,,,,symbotic.map,60,75,16.0,16,16,,6,,0,itacbs,"Command '['third_party/ITA-CBS2/build/ITACBS_remake', '-i', 'build/fixtures/symbotic_itacbs_normalized/paper_symbotic_39_37_ratio_100/symbotic_agents_60_test_6.yaml', '-o', 'build/results/symbotic_exp1_exp2_itacbs_10s_adaptive/rows_itacbs_outputs/paper_symbotic_39_37_ratio_100_symbotic_agents_60_test_6.out.yaml']' timed out after 10.0 seconds",1,0,10.161661624908447
60,7,0,124,,build/fixtures/symbotic_itacbs_normalized/paper_symbotic_39_37_ratio_100/symbotic_agents_60_test_7.yaml,,,,,,,,,,symbotic.map,60,71,16.0,16,16,,7,,0,itacbs,"Command '['third_party/ITA-CBS2/build/ITACBS_remake', '-i', 'build/fixtures/symbotic_itacbs_normalized/paper_symbotic_39_37_ratio_100/symbotic_agents_60_test_7.yaml', '-o', 'build/results/symbotic_exp1_exp2_itacbs_10s_adaptive/rows_itacbs_outputs/paper_symbotic_39_37_ratio_100_symbotic_agents_60_test_7.out.yaml']' timed out after 10.0 seconds",1,0,10.158880233764648
60,8,0,124,,build/fixtures/symbotic_itacbs_normalized/paper_symbotic_39_37_ratio_100/symbotic_agents_60_test_8.yaml,,,,,,,,,,symbotic.map,60,72,16.0,16,16,,8,,0,itacbs,"Command '['third_party/ITA-CBS2/build/ITACBS_remake', '-i', 'build/fixtures/symbotic_itacbs_normalized/paper_symbotic_39_37_ratio_100/symbotic_agents_60_test_8.yaml', '-o', 'build/results/symbotic_exp1_exp2_itacbs_10s_adaptive/rows_itacbs_outputs/paper_symbotic_39_37_ratio_100_symbotic_agents_60_test_8.out.yaml']' timed out after 10.0 seconds",1,0,10.152547836303711
60,9,0,124,,build/fixtures/symbotic_itacbs_normalized/paper_symbotic_39_37_ratio_100/symbotic_agents_60_test_9.yaml,,,,,,,,,,symbotic.map,60,75,16.0,16,16,,9,,0,itacbs,"Command '['third_party/ITA-CBS2/build/ITACBS_remake', '-i', 'build/fixtures/symbotic_itacbs_normalized/paper_symbotic_39_37_ratio_100/symbotic_agents_60_test_9.yaml', '-o', 'build/results/symbotic_exp1_exp2_itacbs_10s_adaptive/rows_itacbs_outputs/paper_symbotic_39_37_ratio_100_symbotic_agents_60_test_9.out.yaml']' timed out after 10.0 seconds",1,0,10.163426160812378
60,10,0,124,,build/fixtures/symbotic_itacbs_normalized/paper_symbotic_39_37_ratio_100/symbotic_agents_60_test_10.yaml,,,,,,,,,,symbotic.map,60,70,16.0,16,16,,10,,0,itacbs,"Command '['third_party/ITA-CBS2/build/ITACBS_remake', '-i', 'build/fixtures/symbotic_itacbs_normalized/paper_symbotic_39_37_ratio_100/symbotic_agents_60_test_10.yaml', '-o', 'build/results/symbotic_exp1_exp2_itacbs_10s_adaptive/rows_itacbs_outputs/paper_symbotic_39_37_ratio_100_symbotic_agents_60_test_10.out.yaml']' timed out after 10.0 seconds",1,0,10.194502830505371
60,11,0,124,,build/fixtures/symbotic_itacbs_normalized/paper_symbotic_39_37_ratio_100/symbotic_agents_60_test_11.yaml,,,,,,,,,,symbotic.map,60,73,16.0,16,16,,11,,0,itacbs,"Command '['third_party/ITA-CBS2/build/ITACBS_remake', '-i', 'build/fixtures/symbotic_itacbs_normalized/paper_symbotic_39_37_ratio_100/symbotic_agents_60_test_11.yaml', '-o', 'build/results/symbotic_exp1_exp2_itacbs_10s_adaptive/rows_itacbs_outputs/paper_symbotic_39_37_ratio_100_symbotic_agents_60_test_11.out.yaml']' timed out after 10.0 seconds",1,0,10.218441247940063
60,14,0,124,,build/fixtures/symbotic_itacbs_normalized/paper_symbotic_39_37_ratio_100/symbotic_agents_60_test_14.yaml,,,,,,,,,,symbotic.map,60,72,16.0,16,16,,14,,0,itacbs,"Command '['third_party/ITA-CBS2/build/ITACBS_remake', '-i', 'build/fixtures/symbotic_itacbs_normalized/paper_symbotic_39_37_ratio_100/symbotic_agents_60_test_14.yaml', '-o', 'build/results/symbotic_exp1_exp2_itacbs_10s_adaptive/rows_itacbs_outputs/paper_symbotic_39_37_ratio_100_symbotic_agents_60_test_14.out.yaml']' timed out after 10.0 seconds",1,0,10.221000671386719
60,12,0,124,,build/fixtures/symbotic_itacbs_normalized/paper_symbotic_39_37_ratio_100/symbotic_agents_60_test_12.yaml,,,,,,,,,,symbotic.map,60,73,16.0,16,16,,12,,0,itacbs,"Command '['third_party/ITA-CBS2/build/ITACBS_remake', '-i', 'build/fixtures/symbotic_itacbs_normalized/paper_symbotic_39_37_ratio_100/symbotic_agents_60_test_12.yaml', '-o', 'build/results/symbotic_exp1_exp2_itacbs_10s_adaptive/rows_itacbs_outputs/paper_symbotic_39_37_ratio_100_symbotic_agents_60_test_12.out.yaml']' timed out after 10.0 seconds",1,0,10.254168033599854
60,13,0,124,,build/fixtures/symbotic_itacbs_normalized/paper_symbotic_39_37_ratio_100/symbotic_agents_60_test_13.yaml,,,,,,,,,,symbotic.map,60,74,16.0,16,16,,13,,0,itacbs,"Command '['third_party/ITA-CBS2/build/ITACBS_remake', '-i', 'build/fixtures/symbotic_itacbs_normalized/paper_symbotic_39_37_ratio_100/symbotic_agents_60_test_13.yaml', '-o', 'build/results/symbotic_exp1_exp2_itacbs_10s_adaptive/rows_itacbs_outputs/paper_symbotic_39_37_ratio_100_symbotic_agents_60_test_13.out.yaml']' timed out after 10.0 seconds",1,0,10.239234209060669
60,16,0,124,,build/fixtures/symbotic_itacbs_normalized/paper_symbotic_39_37_ratio_100/symbotic_agents_60_test_16.yaml,,,,,,,,,,symbotic.map,60,74,16.0,16,16,,16,,0,itacbs,"Command '['third_party/ITA-CBS2/build/ITACBS_remake', '-i', 'build/fixtures/symbotic_itacbs_normalized/paper_symbotic_39_37_ratio_100/symbotic_agents_60_test_16.yaml', '-o', 'build/results/symbotic_exp1_exp2_itacbs_10s_adaptive/rows_itacbs_outputs/paper_symbotic_39_37_ratio_100_symbotic_agents_60_test_16.out.yaml']' timed out after 10.0 seconds",1,0,10.216331005096436
60,15,0,124,,build/fixtures/symbotic_itacbs_normalized/paper_symbotic_39_37_ratio_100/symbotic_agents_60_test_15.yaml,,,,,,,,,,symbotic.map,60,72,16.0,16,16,,15,,0,itacbs,"Command '['third_party/ITA-CBS2/build/ITACBS_remake', '-i', 'build/fixtures/symbotic_itacbs_normalized/paper_symbotic_39_37_ratio_100/symbotic_agents_60_test_15.yaml', '-o', 'build/results/symbotic_exp1_exp2_itacbs_10s_adaptive/rows_itacbs_outputs/paper_symbotic_39_37_ratio_100_symbotic_agents_60_test_15.out.yaml']' timed out after 10.0 seconds",1,0,10.20901608467102
60,17,0,124,,build/fixtures/symbotic_itacbs_normalized/paper_symbotic_39_37_ratio_100/symbotic_agents_60_test_17.yaml,,,,,,,,,,symbotic.map,60,75,16.0,16,16,,17,,0,itacbs,"Command '['third_party/ITA-CBS2/build/ITACBS_remake', '-i', 'build/fixtures/symbotic_itacbs_normalized/paper_symbotic_39_37_ratio_100/symbotic_agents_60_test_17.yaml', '-o', 'build/results/symbotic_exp1_exp2_itacbs_10s_adaptive/rows_itacbs_outputs/paper_symbotic_39_37_ratio_100_symbotic_agents_60_test_17.out.yaml']' timed out after 10.0 seconds",1,0,10.203876256942749
60,18,0,124,,build/fixtures/symbotic_itacbs_normalized/paper_symbotic_39_37_ratio_100/symbotic_agents_60_test_18.yaml,,,,,,,,,,symbotic.map,60,72,16.0,16,16,,18,,0,itacbs,"Command '['third_party/ITA-CBS2/build/ITACBS_remake', '-i', 'build/fixtures/symbotic_itacbs_normalized/paper_symbotic_39_37_ratio_100/symbotic_agents_60_test_18.yaml', '-o', 'build/results/symbotic_exp1_exp2_itacbs_10s_adaptive/rows_itacbs_outputs/paper_symbotic_39_37_ratio_100_symbotic_agents_60_test_18.out.yaml']' timed out after 10.0 seconds",1,0,10.173012256622314
60,19,0,124,,build/fixtures/symbotic_itacbs_normalized/paper_symbotic_39_37_ratio_100/symbotic_agents_60_test_19.yaml,,,,,,,,,,symbotic.map,60,71,16.0,16,16,,19,,0,itacbs,"Command '['third_party/ITA-CBS2/build/ITACBS_remake', '-i', 'build/fixtures/symbotic_itacbs_normalized/paper_symbotic_39_37_ratio_100/symbotic_agents_60_test_19.yaml', '-o', 'build/results/symbotic_exp1_exp2_itacbs_10s_adaptive/rows_itacbs_outputs/paper_symbotic_39_37_ratio_100_symbotic_agents_60_test_19.out.yaml']' timed out after 10.0 seconds",1,0,10.16558837890625
